HIERARCHY
ROOT Hips
{
	OFFSET 0.000000 0.000000 0.000000
	CHANNELS 6 Xposition Yposition Zposition Zrotation Yrotation Xrotation 
	JOINT Spine1
	{
		OFFSET -0.013727 5.003763 -0.053727
		CHANNELS 3 Zrotation Yrotation Xrotation
		JOINT Spine2
		{
			OFFSET -0.000000 7.125302 -0.029825
			CHANNELS 3 Zrotation Yrotation Xrotation
			JOINT Chest
			{
				OFFSET -0.000001 7.550064 -0.815971
				CHANNELS 3 Zrotation Yrotation Xrotation
				JOINT Neck1
				{
					OFFSET -0.181677 26.311296 -0.553348
					CHANNELS 3 Zrotation Yrotation Xrotation
					JOINT Neck2
					{
						OFFSET -0.000002 7.709399 2.302585
						CHANNELS 3 Zrotation Yrotation Xrotation
						JOINT Head
						{
							OFFSET -0.000005 6.128912 1.953709
							CHANNELS 3 Zrotation Yrotation Xrotation
							JOINT HeadEnd
							{
								OFFSET 0.003598 16.065403 -1.835380
								CHANNELS 3 Zrotation Yrotation Xrotation
								End Site
								{
									OFFSET 0.000000 0.000000 0.000000
								}
							}
							JOINT Jaw
							{
								OFFSET 0.002637 0.475592 3.094940
								CHANNELS 3 Zrotation Yrotation Xrotation
								End Site
								{
									OFFSET 0.000000 0.000000 0.000000
								}
							}
							JOINT LeftEye
							{
								OFFSET 3.206381 5.380209 7.586883
								CHANNELS 3 Zrotation Yrotation Xrotation
								End Site
								{
									OFFSET 0.000000 0.000000 0.000000
								}
							}
							JOINT RightEye
							{
								OFFSET -3.222440 5.361867 7.558232
								CHANNELS 3 Zrotation Yrotation Xrotation
								End Site
								{
									OFFSET 0.000000 0.000000 0.000000
								}
							}
						}
					}
				}
				JOINT LeftShoulder
				{
					OFFSET 1.621652 23.237165 5.113413
					CHANNELS 3 Zrotation Yrotation Xrotation
					JOINT LeftArm
					{
						OFFSET 14.919845 -0.000000 -5.502325
						CHANNELS 3 Zrotation Yrotation Xrotation
						JOINT LeftForeArm
						{
							OFFSET 28.739309 0.000003 -0.002587
							CHANNELS 3 Zrotation Yrotation Xrotation
							JOINT LeftHand
							{
								OFFSET 27.093977 -0.000003 0.002610
								CHANNELS 3 Zrotation Yrotation Xrotation
								JOINT LeftHandThumb1
								{
									OFFSET 2.276480 -1.392046 3.191413
									CHANNELS 3 Zrotation Yrotation Xrotation
									JOINT LeftHandThumb2
									{
										OFFSET 4.012840 -1.828126 1.641655
										CHANNELS 3 Zrotation Yrotation Xrotation
										JOINT LeftHandThumb3
										{
											OFFSET 2.798516 0.000001 -0.000003
											CHANNELS 3 Zrotation Yrotation Xrotation
											JOINT LeftHandThumbEnd
											{
												OFFSET 3.180791 -0.000001 0.000003
												CHANNELS 3 Zrotation Yrotation Xrotation
												End Site
												{
													OFFSET 0.000000 0.000000 0.000000
												}
											}
										}
									}
								}
								JOINT LeftHandIndex1
								{
									OFFSET 3.247553 -0.531999 2.296169
									CHANNELS 3 Zrotation Yrotation Xrotation
									JOINT LeftHandIndex2
									{
										OFFSET 6.364579 0.012062 0.178600
										CHANNELS 3 Zrotation Yrotation Xrotation
										JOINT LeftHandIndex3
										{
											OFFSET 3.662366 0.000001 0.000000
											CHANNELS 3 Zrotation Yrotation Xrotation
											JOINT LeftHandIndex4
											{
												OFFSET 2.329243 0.000003 0.000003
												CHANNELS 3 Zrotation Yrotation Xrotation
												JOINT LeftHandIndexEnd
												{
													OFFSET 2.759619 -0.180540 -0.113024
													CHANNELS 3 Zrotation Yrotation Xrotation
													End Site
													{
														OFFSET 0.000000 0.000000 0.000000
													}
												}
											}
										}
									}
								}
								JOINT LeftHandMiddle1
								{
									OFFSET 3.163498 0.240982 1.000332
									CHANNELS 3 Zrotation Yrotation Xrotation
									JOINT LeftHandMiddle2
									{
										OFFSET 6.190778 -0.259276 -1.002549
										CHANNELS 3 Zrotation Yrotation Xrotation
										JOINT LeftHandMiddle3
										{
											OFFSET 4.356522 -0.000006 0.000001
											CHANNELS 3 Zrotation Yrotation Xrotation
											JOINT LeftHandMiddle4
											{
												OFFSET 2.996875 -0.000007 0.000000
												CHANNELS 3 Zrotation Yrotation Xrotation
												JOINT LeftHandMiddleEnd
												{
													OFFSET 2.304294 -0.294571 -0.031740
													CHANNELS 3 Zrotation Yrotation Xrotation
													End Site
													{
														OFFSET 0.000000 0.000000 0.000000
													}
												}
											}
										}
									}
								}
								JOINT LeftHandRing1
								{
									OFFSET 2.882642 -0.053650 -0.322543
									CHANNELS 3 Zrotation Yrotation Xrotation
									JOINT LeftHandRing2
									{
										OFFSET 5.854543 -0.486203 -1.373842
										CHANNELS 3 Zrotation Yrotation Xrotation
										JOINT LeftHandRing3
										{
											OFFSET 4.350580 0.000000 0.000003
											CHANNELS 3 Zrotation Yrotation Xrotation
											JOINT LeftHandRing4
											{
												OFFSET 2.651324 0.000007 0.000003
												CHANNELS 3 Zrotation Yrotation Xrotation
												JOINT LeftHandRingEnd
												{
													OFFSET 1.936111 0.077686 -0.000070
													CHANNELS 3 Zrotation Yrotation Xrotation
													End Site
													{
														OFFSET 0.000000 0.000000 0.000000
													}
												}
											}
										}
									}
								}
								JOINT LeftHandPinky1
								{
									OFFSET 2.865499 -0.310004 -1.600378
									CHANNELS 3 Zrotation Yrotation Xrotation
									JOINT LeftHandPinky2
									{
										OFFSET 5.087853 -1.331141 -1.771231
										CHANNELS 3 Zrotation Yrotation Xrotation
										JOINT LeftHandPinky3
										{
											OFFSET 3.070974 0.000002 0.000000
											CHANNELS 3 Zrotation Yrotation Xrotation
											JOINT LeftHandPinky4
											{
												OFFSET 1.549667 0.000000 0.000001
												CHANNELS 3 Zrotation Yrotation Xrotation
												JOINT LeftHandPinkyEnd
												{
													OFFSET 1.944894 -0.157803 0.057219
													CHANNELS 3 Zrotation Yrotation Xrotation
													End Site
													{
														OFFSET 0.000000 0.000000 0.000000
													}
												}
											}
										}
									}
								}
							}
						}
					}
				}
				JOINT RightShoulder
				{
					OFFSET -1.380118 23.180309 5.214158
					CHANNELS 3 Zrotation Yrotation Xrotation
					JOINT RightArm
					{
						OFFSET -15.037197 0.000011 -5.545603
						CHANNELS 3 Zrotation Yrotation Xrotation
						JOINT RightForeArm
						{
							OFFSET -28.736639 0.000003 -0.002597
							CHANNELS 3 Zrotation Yrotation Xrotation
							JOINT RightHand
							{
								OFFSET -27.133617 -0.000000 0.002613
								CHANNELS 3 Zrotation Yrotation Xrotation
								JOINT RightHandThumb1
								{
									OFFSET -2.274036 -1.383990 3.163127
									CHANNELS 3 Zrotation Yrotation Xrotation
									JOINT RightHandThumb2
									{
										OFFSET -4.011429 -1.827468 1.640914
										CHANNELS 3 Zrotation Yrotation Xrotation
										JOINT RightHandThumb3
										{
											OFFSET -2.794934 -0.000004 -0.000003
											CHANNELS 3 Zrotation Yrotation Xrotation
											JOINT RightHandThumbEnd
											{
												OFFSET -3.183856 0.000003 0.000001
												CHANNELS 3 Zrotation Yrotation Xrotation
												End Site
												{
													OFFSET 0.000000 0.000000 0.000000
												}
											}
										}
									}
								}
								JOINT RightHandIndex1
								{
									OFFSET -3.253270 -0.520059 2.282866
									CHANNELS 3 Zrotation Yrotation Xrotation
									JOINT RightHandIndex2
									{
										OFFSET -6.341918 0.012472 0.178265
										CHANNELS 3 Zrotation Yrotation Xrotation
										JOINT RightHandIndex3
										{
											OFFSET -3.654875 -0.000009 -0.000001
											CHANNELS 3 Zrotation Yrotation Xrotation
											JOINT RightHandIndex4
											{
												OFFSET -2.327586 -0.000000 -0.000001
												CHANNELS 3 Zrotation Yrotation Xrotation
												JOINT RightHandIndexEnd
												{
													OFFSET -2.761788 -0.180657 -0.113079
													CHANNELS 3 Zrotation Yrotation Xrotation
													End Site
													{
														OFFSET 0.000000 0.000000 0.000000
													}
												}
											}
										}
									}
								}
								JOINT RightHandMiddle1
								{
									OFFSET -3.168106 0.246593 1.001030
									CHANNELS 3 Zrotation Yrotation Xrotation
									JOINT RightHandMiddle2
									{
										OFFSET -6.180830 -0.258836 -1.000896
										CHANNELS 3 Zrotation Yrotation Xrotation
										JOINT RightHandMiddle3
										{
											OFFSET -4.348906 -0.000000 -0.000000
											CHANNELS 3 Zrotation Yrotation Xrotation
											JOINT RightHandMiddle4
											{
												OFFSET -3.000243 -0.000004 -0.000002
												CHANNELS 3 Zrotation Yrotation Xrotation
												JOINT RightHandMiddleEnd
												{
													OFFSET -2.302518 -0.294371 -0.031706
													CHANNELS 3 Zrotation Yrotation Xrotation
													End Site
													{
														OFFSET 0.000000 0.000000 0.000000
													}
												}
											}
										}
									}
								}
								JOINT RightHandRing1
								{
									OFFSET -2.885693 -0.067953 -0.308858
									CHANNELS 3 Zrotation Yrotation Xrotation
									JOINT RightHandRing2
									{
										OFFSET -5.854196 -0.486132 -1.373732
										CHANNELS 3 Zrotation Yrotation Xrotation
										JOINT RightHandRing3
										{
											OFFSET -4.338814 -0.000004 -0.000000
											CHANNELS 3 Zrotation Yrotation Xrotation
											JOINT RightHandRing4
											{
												OFFSET -2.654906 -0.000004 0.000004
												CHANNELS 3 Zrotation Yrotation Xrotation
												JOINT RightHandRingEnd
												{
													OFFSET -1.933570 0.077524 -0.000052
													CHANNELS 3 Zrotation Yrotation Xrotation
													End Site
													{
														OFFSET 0.000000 0.000000 0.000000
													}
												}
											}
										}
									}
								}
								JOINT RightHandPinky1
								{
									OFFSET -2.866429 -0.342798 -1.584145
									CHANNELS 3 Zrotation Yrotation Xrotation
									JOINT RightHandPinky2
									{
										OFFSET -5.091370 -1.332054 -1.772384
										CHANNELS 3 Zrotation Yrotation Xrotation
										JOINT RightHandPinky3
										{
											OFFSET -3.062666 -0.000007 0.000000
											CHANNELS 3 Zrotation Yrotation Xrotation
											JOINT RightHandPinky4
											{
												OFFSET -1.546527 0.000005 -0.000003
												CHANNELS 3 Zrotation Yrotation Xrotation
												JOINT RightHandPinkyEnd
												{
													OFFSET -1.945122 -0.157721 0.057212
													CHANNELS 3 Zrotation Yrotation Xrotation
													End Site
													{
														OFFSET 0.000000 0.000000 0.000000
													}
												}
											}
										}
									}
								}
							}
						}
					}
				}
			}
		}
	}
	JOINT LeftLeg
	{
		OFFSET 10.043214 -8.434526 2.595654
		CHANNELS 3 Zrotation Yrotation Xrotation
		JOINT LeftShin
		{
			OFFSET -0.000001 -43.221752 -0.802913
			CHANNELS 3 Zrotation Yrotation Xrotation
			JOINT LeftFoot
			{
				OFFSET 0.000001 -42.155094 -3.481522
				CHANNELS 3 Zrotation Yrotation Xrotation
				JOINT LeftToeBase
				{
					OFFSET -0.000000 -5.059474 13.231529
					CHANNELS 3 Zrotation Yrotation Xrotation
					JOINT LeftToeEnd
					{
						OFFSET -0.009607 -1.647615 6.513017
						CHANNELS 3 Zrotation Yrotation Xrotation
						End Site
						{
							OFFSET 0.000000 0.000000 0.000000
						}
					}
				}
			}
		}
	}
	JOINT RightLeg
	{
		OFFSET -10.047277 -8.295259 2.620317
		CHANNELS 3 Zrotation Yrotation Xrotation
		JOINT RightShin
		{
			OFFSET 0.000001 -43.362213 -0.805557
			CHANNELS 3 Zrotation Yrotation Xrotation
			JOINT RightFoot
			{
				OFFSET 0.000002 -42.117393 -3.478398
				CHANNELS 3 Zrotation Yrotation Xrotation
				JOINT RightToeBase
				{
					OFFSET -0.000001 -5.079609 13.284196
					CHANNELS 3 Zrotation Yrotation Xrotation
					JOINT RightToeEnd
					{
						OFFSET 0.009532 -1.634383 6.460591
						CHANNELS 3 Zrotation Yrotation Xrotation
						End Site
						{
							OFFSET 0.000000 0.000000 0.000000
						}
					}
				}
			}
		}
	}
}
MOTION
Frames: 90
Frame Time: 0.033333
2.660671 93.802513 0.731581 -0.495422 0.536921 -0.172912 -2.390202 -0.782387 0.136012 -0.801788 -3.879446 -4.596721 1.381988 -5.781014 13.398618 15.490305 -4.620210 9.595170 -1.385854 -2.420710 -3.693982 1.781279 -4.296590 -9.984257 0.000077 -0.000022 0.000006 0.005560 -0.108825 0.012641 0.787360 -3.822684 -10.601785 -0.786870 3.620964 -10.586387 6.721668 -21.204891 7.247984 -44.565632 -56.297279 -19.993160 -177.368576 -60.456223 179.009155 9.256215 -0.616278 -5.245211 -5.882101 9.861278 0.702590 -10.936858 -0.360575 7.156196 0.000002 8.774814 -0.000002 -15.935379 18.212545 5.931715 -1.844031 2.498503 -2.507276 -10.163589 4.678940 4.621105 -20.975994 -0.000005 0.000004 -21.226254 2.451692 -3.593993 -0.000000 -0.000005 0.000000 -1.362680 2.240797 -0.746322 -21.334887 0.584908 3.008320 -13.821197 -0.000003 0.000001 -23.887131 -0.249078 -0.839482 -59.191174 2.545133 -1.540457 -0.294025 1.679687 0.833255 -14.218190 0.093213 1.300580 -34.212002 -0.287565 0.967169 -20.033176 0.964535 1.212842 -0.000000 0.000001 0.000000 -3.440384 0.788233 0.501655 -15.928167 -3.167308 2.999703 -6.338815 -0.000001 0.000001 -18.123411 3.648177 -4.905662 -0.000005 -0.000000 -0.000002 -0.926961 14.215439 4.022066 24.281355 36.832848 -38.408745 -179.637497 47.324612 -179.715210 -15.627502 -7.298667 24.566319 2.243540 -5.255032 -3.180155 14.282875 -0.826596 6.952495 -0.000002 -12.690591 0.000002 15.657852 -17.387098 2.615237 1.665664 -1.955921 -2.878296 4.727795 -4.170584 4.993917 11.020511 0.000003 -0.000001 12.109034 -3.735712 -2.866780 0.000003 -0.000001 0.000002 1.291986 -1.928547 -1.498089 14.800114 0.567466 3.865602 14.242551 -1.341735 -6.660648 19.631937 0.143925 -0.648245 50.016056 -0.886183 -6.186836 0.353030 -1.511149 -0.031940 20.222769 3.684307 2.316627 18.787245 0.000004 -0.000001 10.751610 -0.479870 1.397904 -0.000000 0.000001 0.000001 3.273803 0.305946 -0.580109 21.486790 11.830364 2.266129 8.162915 0.000001 -0.000001 18.399054 -3.798983 -4.940569 0.000003 -0.000000 0.000000 20.599903 7.544427 6.833350 -0.152818 -1.553455 13.487837 -20.907059 -8.934963 -12.391240 1.670939 -1.946248 -3.194108 0.000000 -0.000000 0.000002 -18.610481 -2.145665 -19.881632 0.468428 1.204891 22.227543 21.278057 13.471882 -0.096623 -1.408104 1.093018 -2.291726 0.000000 -0.000000 -0.000001 
2.697249 93.854370 0.562596 -0.417613 0.264194 0.075645 -2.278517 -0.817464 0.303653 -0.734658 -3.795921 -4.550982 1.392036 -5.659938 13.363791 15.316909 -4.450867 9.413347 -1.380915 -2.426342 -3.664016 1.666429 -4.035244 -9.905950 0.000077 -0.000022 0.000006 0.022063 -0.133888 0.023912 0.796831 -3.862505 -10.604356 -0.768545 3.611657 -10.586253 6.704298 -21.146421 7.213452 -44.878273 -56.014763 -19.779057 -177.324768 -60.588131 178.769165 9.110793 -0.611292 -6.346442 -5.882103 9.861277 0.702590 -10.936860 -0.360574 7.156197 -0.000001 8.774813 -0.000002 -15.923301 18.277533 5.907821 -1.844031 2.498502 -2.507275 -10.163590 4.678939 4.621101 -20.975996 -0.000003 0.000004 -21.226255 2.451692 -3.593992 0.000000 -0.000006 -0.000001 -1.362682 2.240795 -0.746323 -21.334892 0.584909 3.008321 -13.821197 -0.000003 0.000002 -23.887133 -0.249079 -0.839480 -59.300766 2.415042 -1.603181 -0.294024 1.679685 0.833256 -14.218195 0.093215 1.300579 -34.212002 -0.287562 0.967168 -20.033180 0.964535 1.212842 0.000000 -0.000001 0.000000 -3.440385 0.788232 0.501655 -15.928171 -3.167305 2.999703 -6.338816 0.000000 0.000000 -18.123415 3.648176 -4.905661 -0.000005 -0.000000 -0.000003 -1.129384 14.372765 3.972724 24.265223 37.016327 -38.822929 -179.716064 47.296638 -179.697342 -15.957683 -7.203928 24.219837 2.243540 -5.255032 -3.180155 14.282878 -0.826592 6.952495 -0.000002 -12.690587 -0.000001 15.640219 -17.409304 2.751518 1.665666 -1.955920 -2.878297 4.727792 -4.170582 4.993920 11.020513 0.000003 0.000000 12.109028 -3.735709 -2.866779 0.000002 -0.000001 -0.000000 1.291984 -1.928548 -1.498086 14.800114 0.567468 3.865605 14.242554 -1.341735 -6.660647 19.631941 0.143927 -0.648243 49.853394 -0.957209 -6.083138 0.353028 -1.511148 -0.031941 20.222771 3.684307 2.316629 18.787245 0.000007 -0.000001 10.751610 -0.479867 1.397904 -0.000000 0.000001 -0.000000 3.273805 0.305947 -0.580109 21.486795 11.830364 2.266133 8.162917 0.000003 -0.000002 18.399054 -3.798976 -4.940566 0.000003 0.000001 -0.000000 20.391972 7.645216 6.348774 -0.158433 -1.540142 13.965732 -20.684292 -8.675678 -12.410068 1.664655 -1.955187 -3.233635 0.000000 -0.000000 0.000002 -18.622358 -2.645366 -20.183054 0.470976 1.174759 21.834198 21.638048 13.645215 0.583411 -1.411069 1.027588 -2.468039 0.000000 0.000000 -0.000001 
2.798455 93.902100 0.239646 -0.299365 0.147310 0.479583 -2.146237 -0.838831 0.450085 -0.677086 -3.771900 -4.512297 1.408589 -5.580427 13.315436 15.157104 -4.195564 9.151801 -1.387446 -2.448584 -3.625467 1.580905 -3.906021 -9.854849 0.000076 -0.000022 0.000006 0.027132 -0.134663 0.036874 0.797652 -3.871232 -10.592111 -0.750712 3.599848 -10.578143 6.598343 -21.105257 7.155321 -45.090668 -55.661598 -19.648375 -177.116882 -60.677715 178.500153 8.881571 -0.668473 -7.142900 -5.882102 9.861279 0.702590 -10.936858 -0.360574 7.156198 -0.000001 8.774815 -0.000002 -15.907032 18.266914 5.907938 -1.844031 2.498502 -2.507277 -10.163589 4.678939 4.621105 -20.975992 -0.000002 0.000005 -21.226254 2.451693 -3.593993 0.000000 -0.000006 -0.000001 -1.362680 2.240797 -0.746322 -21.334887 0.584909 3.008322 -13.821197 -0.000002 0.000002 -23.887131 -0.249077 -0.839480 -59.480869 2.371574 -1.662281 -0.294024 1.679687 0.833255 -14.218194 0.093214 1.300579 -34.212006 -0.287563 0.967170 -20.033180 0.964535 1.212843 0.000000 0.000002 0.000000 -3.440386 0.788233 0.501655 -15.928167 -3.167306 2.999704 -6.338817 -0.000001 0.000001 -18.123415 3.648176 -4.905661 -0.000004 -0.000001 -0.000003 -1.395905 14.450196 3.885878 24.390532 37.310997 -39.021870 -179.758713 47.294731 -179.707123 -16.363764 -6.994252 24.348684 2.243541 -5.255032 -3.180155 14.282873 -0.826595 6.952495 -0.000001 -12.690590 0.000000 15.633163 -17.367830 2.798828 1.665663 -1.955919 -2.878297 4.727793 -4.170582 4.993918 11.020510 0.000003 0.000000 12.109031 -3.735710 -2.866779 0.000002 -0.000001 -0.000000 1.291985 -1.928548 -1.498089 14.800113 0.567468 3.865603 14.242554 -1.341733 -6.660648 19.631939 0.143923 -0.648243 49.805367 -0.982966 -6.066931 0.353029 -1.511150 -0.031940 20.222767 3.684305 2.316628 18.787245 0.000005 -0.000000 10.751612 -0.479867 1.397903 -0.000000 -0.000000 -0.000000 3.273804 0.305948 -0.580112 21.486792 11.830361 2.266131 8.162915 0.000002 -0.000002 18.399054 -3.798978 -4.940566 0.000003 0.000001 -0.000000 20.060711 7.913951 5.240563 -0.188073 -1.531493 15.037688 -20.419321 -8.563519 -12.679983 1.666996 -1.974704 -3.222102 0.000000 -0.000000 0.000002 -18.722733 -3.312472 -20.619478 0.508944 1.181687 21.311508 22.069252 13.759308 1.433716 -1.408905 0.988451 -2.604795 0.000000 0.000000 -0.000001 
2.721142 93.912895 -0.032848 -0.094296 0.162712 1.049391 -1.985381 -0.867820 0.646387 -0.614859 -3.746675 -4.449155 1.417108 -5.549524 13.239389 15.004850 -3.944163 8.737057 -1.444598 -2.461387 -3.622332 1.524214 -3.903650 -9.787889 0.000076 -0.000022 0.000006 0.025309 -0.103914 0.045398 0.786381 -3.832171 -10.578511 -0.750235 3.635162 -10.571732 6.455055 -21.069681 7.076190 -45.063816 -55.336357 -19.761820 -176.624878 -60.740063 178.001038 8.673328 -0.668879 -7.764771 -5.882099 9.861279 0.702589 -10.936854 -0.360576 7.156197 0.000001 8.774816 -0.000002 -15.837763 18.233831 5.894775 -1.844031 2.498502 -2.507276 -10.163589 4.678940 4.621104 -20.975994 -0.000005 0.000003 -21.226250 2.451692 -3.593992 0.000000 -0.000006 -0.000002 -1.362682 2.240797 -0.746322 -21.334887 0.584906 3.008321 -13.821195 -0.000004 0.000000 -23.887125 -0.249081 -0.839478 -59.498356 2.379797 -1.718767 -0.294025 1.679686 0.833255 -14.218192 0.093213 1.300578 -34.211998 -0.287564 0.967173 -20.033176 0.964536 1.212842 0.000000 0.000001 0.000000 -3.440384 0.788233 0.501657 -15.928169 -3.167308 2.999704 -6.338816 -0.000001 0.000001 -18.123411 3.648178 -4.905661 -0.000004 -0.000001 -0.000003 -1.799174 14.485473 3.703950 24.587078 37.722267 -39.250885 -179.800278 47.307762 -179.753830 -16.765318 -6.778918 24.199673 2.243540 -5.255033 -3.180153 14.282877 -0.826595 6.952495 -0.000002 -12.690591 -0.000002 15.661545 -17.344427 2.832093 1.665664 -1.955920 -2.878296 4.727793 -4.170584 4.993918 11.020510 0.000003 -0.000001 12.109032 -3.735712 -2.866780 0.000001 -0.000001 -0.000000 1.291984 -1.928547 -1.498088 14.800111 0.567467 3.865602 14.242551 -1.341734 -6.660650 19.631939 0.143927 -0.648243 49.751308 -0.994983 -6.060913 0.353028 -1.511150 -0.031938 20.222773 3.684309 2.316627 18.787245 0.000005 -0.000001 10.751610 -0.479865 1.397904 0.000001 -0.000000 0.000000 3.273804 0.305946 -0.580110 21.486794 11.830365 2.266131 8.162916 0.000003 -0.000001 18.399050 -3.798978 -4.940568 0.000003 0.000002 0.000000 19.865471 8.227239 4.200401 -0.196074 -1.524799 15.561557 -20.490303 -8.534995 -12.519459 1.671565 -1.987155 -3.186906 0.000000 -0.000000 0.000002 -18.785160 -4.079826 -21.432051 0.540936 1.224457 21.369677 22.358578 13.906297 1.858577 -1.409024 0.977567 -2.657172 0.000000 0.000000 -0.000001 
2.595540 93.916107 -0.368034 0.251087 0.327621 1.836090 -1.804071 -0.883704 0.952986 -0.533598 -3.718367 -4.316432 1.419618 -5.578703 13.113612 14.867746 -3.687604 8.071968 -1.478659 -2.532819 -3.629649 1.453393 -3.908455 -9.838016 0.000077 -0.000023 0.000005 0.019648 -0.086882 0.055187 0.777890 -3.812853 -10.559090 -0.748111 3.656008 -10.558261 6.360100 -21.057648 7.010439 -44.632519 -55.275223 -20.303902 -176.144882 -60.714237 177.494003 8.490712 -0.576081 -8.084920 -5.882101 9.861279 0.702589 -10.936858 -0.360574 7.156199 -0.000000 8.774813 -0.000003 -15.734784 18.161848 5.873722 -1.844031 2.498504 -2.507275 -10.163589 4.678939 4.621103 -20.975994 -0.000003 0.000001 -21.226254 2.451695 -3.593993 0.000000 -0.000006 -0.000002 -1.362679 2.240796 -0.746320 -21.334887 0.584911 3.008321 -13.821197 -0.000001 0.000003 -23.887129 -0.249075 -0.839483 -59.509876 2.430389 -1.852718 -0.294024 1.679686 0.833252 -14.218195 0.093217 1.300578 -34.212002 -0.287561 0.967171 -20.033180 0.964535 1.212842 0.000000 0.000001 0.000000 -3.440386 0.788232 0.501655 -15.928165 -3.167306 2.999706 -6.338817 -0.000001 0.000000 -18.123411 3.648178 -4.905661 -0.000004 0.000000 -0.000002 -2.377532 14.509800 3.360558 24.792681 38.149422 -39.693974 -179.699371 47.131496 -179.659317 -17.111692 -6.743349 23.770485 2.243540 -5.255032 -3.180156 14.282878 -0.826592 6.952496 -0.000003 -12.690592 -0.000001 15.744096 -17.321377 2.837307 1.665665 -1.955920 -2.878296 4.727793 -4.170582 4.993920 11.020513 0.000003 -0.000001 12.109031 -3.735709 -2.866779 0.000000 -0.000001 0.000000 1.291984 -1.928547 -1.498089 14.800114 0.567469 3.865604 14.242554 -1.341732 -6.660648 19.631937 0.143927 -0.648242 49.706947 -1.039221 -6.134146 0.353028 -1.511151 -0.031940 20.222771 3.684308 2.316627 18.787245 0.000006 0.000001 10.751611 -0.479866 1.397904 0.000000 0.000001 0.000000 3.273803 0.305947 -0.580111 21.486794 11.830364 2.266130 8.162915 0.000002 -0.000001 18.399050 -3.798978 -4.940567 0.000003 0.000001 -0.000000 19.504465 8.640552 2.648021 -0.207932 -1.528667 16.371962 -20.655428 -8.697274 -12.308259 1.684849 -2.006958 -3.183266 -0.000000 0.000000 0.000002 -18.972694 -4.863037 -22.584406 0.572376 1.274668 21.698969 22.609730 13.908259 2.162057 -1.407403 0.997900 -2.615254 -0.000000 -0.000000 -0.000001 
2.522493 93.888290 -1.024774 0.743161 0.631629 2.805858 -1.584234 -0.940847 1.465759 -0.428916 -3.657713 -4.107535 1.413876 -5.678811 12.913828 14.765944 -3.418910 7.066535 -1.515545 -2.570710 -3.640096 1.394878 -4.021749 -10.038877 0.000077 -0.000021 0.000006 0.022416 -0.060062 0.054930 0.782515 -3.777170 -10.534470 -0.746758 3.683359 -10.533376 6.457862 -21.142096 6.642665 -44.018120 -55.217983 -20.816971 -176.412125 -60.528336 177.427765 8.209196 -0.413143 -7.656637 -5.882100 9.861278 0.702590 -10.936860 -0.360576 7.156198 0.000001 8.774813 -0.000002 -15.800986 18.094030 5.866512 -1.844032 2.498502 -2.507278 -10.163589 4.678939 4.621104 -20.975994 -0.000005 0.000002 -21.226254 2.451690 -3.593993 0.000000 -0.000006 -0.000002 -1.362681 2.240796 -0.746323 -21.334887 0.584907 3.008321 -13.821195 -0.000004 0.000003 -23.887133 -0.249080 -0.839480 -59.564190 2.500768 -1.847030 -0.294024 1.679687 0.833255 -14.218190 0.093214 1.300581 -34.211998 -0.287565 0.967169 -20.033175 0.964535 1.212842 0.000000 0.000002 -0.000000 -3.440386 0.788233 0.501654 -15.928167 -3.167308 2.999702 -6.338818 -0.000002 0.000002 -18.123415 3.648175 -4.905661 -0.000005 0.000001 -0.000003 -3.154469 14.622987 2.814142 25.031069 38.476727 -40.447784 -179.611649 46.774006 -179.450897 -17.462931 -6.755244 23.469946 2.243539 -5.255033 -3.180154 14.282877 -0.826596 6.952495 0.000001 -12.690586 -0.000001 15.765510 -17.347536 2.866703 1.665665 -1.955921 -2.878295 4.727795 -4.170584 4.993920 11.020511 0.000002 -0.000003 12.109033 -3.735711 -2.866779 0.000001 -0.000001 0.000001 1.291984 -1.928548 -1.498089 14.800109 0.567465 3.865602 14.242554 -1.341739 -6.660650 19.631939 0.143925 -0.648247 49.634487 -1.220643 -6.165855 0.353028 -1.511150 -0.031942 20.222767 3.684303 2.316626 18.787243 0.000002 -0.000003 10.751608 -0.479870 1.397902 0.000000 0.000002 -0.000000 3.273804 0.305947 -0.580113 21.486788 11.830359 2.266129 8.162917 0.000003 -0.000001 18.399052 -3.798980 -4.940570 0.000002 0.000002 -0.000001 18.832657 9.064569 0.174517 -0.222784 -1.491245 18.239067 -20.744467 -9.116480 -12.306672 1.729311 -2.066093 -3.152064 -0.000000 0.000000 0.000002 -19.337961 -5.657462 -24.087914 0.597610 1.390378 22.039379 22.900169 13.672985 2.639791 -1.400679 0.991872 -2.287956 -0.000000 0.000000 -0.000001 
2.495012 93.792984 -1.905809 1.547794 0.992115 4.113213 -1.371104 -1.020659 2.169713 -0.334344 -3.616073 -3.785611 1.367235 -5.733651 12.638262 14.709160 -3.174153 5.603793 -1.560690 -2.582380 -3.687451 1.332810 -4.082985 -10.420059 0.000077 -0.000022 0.000006 0.026780 -0.052885 0.036064 0.799896 -3.781189 -10.577931 -0.757105 3.677067 -10.567767 6.787522 -21.265198 6.226968 -42.823025 -55.440170 -22.522865 -176.127182 -60.123257 177.022354 7.819156 -0.254959 -7.252491 -5.882102 9.861276 0.702589 -10.936859 -0.360574 7.156195 0.000001 8.774812 -0.000002 -15.736233 17.971336 5.900225 -1.844030 2.498502 -2.507275 -10.163592 4.678941 4.621105 -20.975994 -0.000003 0.000001 -21.226254 2.451693 -3.593994 0.000000 -0.000006 -0.000002 -1.362681 2.240797 -0.746321 -21.334894 0.584908 3.008321 -13.821197 -0.000003 0.000000 -23.887129 -0.249078 -0.839481 -59.522869 2.535684 -1.881359 -0.294025 1.679686 0.833257 -14.218194 0.093214 1.300578 -34.212013 -0.287563 0.967168 -20.033180 0.964536 1.212841 0.000001 0.000001 0.000001 -3.440383 0.788232 0.501657 -15.928167 -3.167305 2.999704 -6.338820 -0.000001 0.000000 -18.123415 3.648177 -4.905661 -0.000004 -0.000000 -0.000003 -4.042485 14.684945 2.151016 25.340664 38.825241 -41.839165 -179.748749 46.252037 -179.410355 -17.976660 -6.900084 22.615671 2.243540 -5.255032 -3.180157 14.282877 -0.826593 6.952497 -0.000003 -12.690593 0.000000 15.933208 -17.373535 2.781895 1.665663 -1.955921 -2.878296 4.727794 -4.170583 4.993919 11.020512 0.000004 -0.000003 12.109031 -3.735707 -2.866779 0.000002 0.000000 0.000000 1.291984 -1.928547 -1.498089 14.800113 0.567469 3.865603 14.242553 -1.341734 -6.660649 19.631935 0.143926 -0.648244 49.608406 -1.273704 -6.245650 0.353028 -1.511149 -0.031941 20.222767 3.684307 2.316626 18.787245 0.000006 -0.000001 10.751610 -0.479868 1.397903 0.000000 0.000001 0.000000 3.273804 0.305948 -0.580110 21.486788 11.830363 2.266127 8.162916 0.000002 0.000000 18.399054 -3.798980 -4.940567 0.000002 0.000001 -0.000001 17.778582 9.633118 -3.732018 -0.256259 -1.480165 21.930622 -21.102900 -10.344779 -11.834026 1.744728 -2.058579 -3.473874 0.000000 -0.000000 0.000002 -20.080236 -6.464613 -26.140743 0.618406 1.448971 22.557180 23.406675 13.230757 3.121752 -1.405514 0.995139 -1.976988 0.000000 0.000000 -0.000001 
2.600013 93.586777 -3.140464 2.725550 1.294979 5.626496 -1.213839 -1.044070 3.141061 -0.230008 -3.687937 -3.378434 1.238873 -5.599231 12.412498 14.713182 -2.919174 3.514745 -1.608109 -2.669221 -3.683684 1.251743 -4.357618 -10.789002 0.000077 -0.000024 0.000006 0.025484 -0.048765 0.005492 0.818050 -3.776564 -10.662698 -0.777633 3.697417 -10.653857 7.441968 -21.541119 5.580082 -41.281143 -55.792904 -24.666252 -176.383148 -59.486141 176.855957 7.367280 -0.060340 -6.057069 -5.882102 9.861278 0.702588 -10.936856 -0.360576 7.156197 -0.000000 8.774813 -0.000001 -15.613233 17.803923 5.974144 -1.844031 2.498503 -2.507275 -10.163587 4.678939 4.621105 -20.975990 -0.000005 0.000001 -21.226246 2.451691 -3.593992 0.000000 -0.000006 -0.000002 -1.362681 2.240797 -0.746322 -21.334887 0.584907 3.008322 -13.821194 -0.000005 0.000003 -23.887125 -0.249079 -0.839480 -59.669262 2.538262 -1.827355 -0.294025 1.679686 0.833253 -14.218190 0.093212 1.300581 -34.211998 -0.287566 0.967168 -20.033173 0.964533 1.212841 0.000000 -0.000001 0.000001 -3.440385 0.788233 0.501656 -15.928165 -3.167307 2.999703 -6.338815 -0.000001 0.000001 -18.123413 3.648175 -4.905661 -0.000004 -0.000000 -0.000003 -4.808387 14.634410 1.834014 25.532839 39.078094 -43.797741 -179.966614 45.576649 -179.478485 -18.908918 -7.076989 21.683308 2.243539 -5.255031 -3.180156 14.282875 -0.826593 6.952495 -0.000004 -12.690588 0.000000 15.883580 -17.392921 2.834412 1.665666 -1.955920 -2.878296 4.727793 -4.170582 4.993918 11.020510 0.000004 0.000000 12.109031 -3.735708 -2.866779 0.000001 -0.000002 -0.000000 1.291985 -1.928547 -1.498090 14.800113 0.567468 3.865604 14.242554 -1.341732 -6.660651 19.631939 0.143927 -0.648242 49.411736 -1.452310 -6.260507 0.353028 -1.511150 -0.031939 20.222769 3.684307 2.316629 18.787245 0.000006 0.000001 10.751610 -0.479868 1.397905 -0.000000 0.000000 0.000000 3.273804 0.305947 -0.580110 21.486790 11.830360 2.266132 8.162918 0.000003 -0.000001 18.399054 -3.798977 -4.940568 0.000003 -0.000001 -0.000000 16.414297 9.879487 -8.828380 -0.371183 -1.471244 27.389263 -22.269178 -12.865820 -10.519158 1.765450 -2.043158 -4.169437 -0.000000 -0.000000 0.000002 -21.261442 -7.417722 -28.610630 0.620574 1.537200 23.015566 24.215015 12.614220 3.788771 -1.401839 1.012515 -1.633970 0.000000 0.000000 -0.000001 
2.902958 93.193199 -4.583422 4.026663 0.953899 7.165194 -1.184275 -1.028090 4.059474 -0.201607 -3.609208 -2.891299 1.101897 -5.474802 12.454303 14.915707 -2.571239 1.453747 -1.782528 -2.652676 -3.730268 1.284063 -4.757694 -10.948542 0.000077 -0.000022 0.000006 0.018325 -0.014130 -0.034662 0.831927 -3.762552 -10.736811 -0.806116 3.737100 -10.724665 8.229697 -21.917507 4.723548 -39.386372 -55.719654 -27.155630 -176.777405 -58.670391 176.816406 6.978356 0.138295 -3.809296 -5.882099 9.861280 0.702591 -10.936858 -0.360577 7.156196 0.000001 8.774814 -0.000001 -15.649559 17.838924 6.055480 -1.844030 2.498502 -2.507277 -10.163589 4.678940 4.621103 -20.975994 -0.000004 0.000002 -21.226255 2.451694 -3.593994 0.000000 -0.000006 -0.000002 -1.362680 2.240798 -0.746324 -21.334894 0.584907 3.008322 -13.821197 -0.000003 0.000002 -23.887131 -0.249079 -0.839479 -59.910038 2.654509 -1.829161 -0.294023 1.679688 0.833254 -14.218195 0.093215 1.300579 -34.212002 -0.287562 0.967171 -20.033182 0.964536 1.212843 0.000000 0.000000 0.000000 -3.440385 0.788232 0.501655 -15.928169 -3.167309 2.999703 -6.338817 -0.000002 -0.000001 -18.123413 3.648177 -4.905661 -0.000004 -0.000000 -0.000003 -4.931900 14.657035 1.770029 25.642313 39.284477 -45.335026 179.852341 45.289684 -179.604126 -20.314932 -7.497270 21.165419 2.243540 -5.255032 -3.180157 14.282877 -0.826592 6.952499 -0.000002 -12.690585 -0.000001 16.050705 -17.521532 2.842359 1.665664 -1.955919 -2.878296 4.727794 -4.170583 4.993921 11.020512 0.000003 0.000001 12.109032 -3.735708 -2.866778 0.000001 0.000000 -0.000001 1.291984 -1.928547 -1.498089 14.800111 0.567469 3.865605 14.242553 -1.341736 -6.660647 19.631941 0.143926 -0.648241 49.719734 -1.444070 -6.281888 0.353028 -1.511149 -0.031941 20.222769 3.684306 2.316629 18.787245 0.000005 0.000002 10.751612 -0.479866 1.397906 0.000000 0.000001 -0.000000 3.273803 0.305948 -0.580109 21.486794 11.830363 2.266132 8.162917 0.000003 0.000000 18.399054 -3.798977 -4.940566 0.000003 0.000000 -0.000001 15.260501 9.095974 -14.190622 -0.525916 -1.534782 34.362011 -23.632833 -15.892590 -9.041748 1.766252 -2.027457 -4.436297 -0.000000 0.000000 0.000002 -22.593363 -8.218145 -31.514040 0.660212 1.627227 23.435717 25.116951 11.996669 4.515198 -1.417138 0.975634 -1.459816 0.000000 0.000000 -0.000001 
3.548676 92.567574 -6.065904 5.161760 -0.211538 8.497645 -1.343218 -1.015082 4.816175 -0.243759 -3.523322 -2.441196 1.050879 -5.247686 12.794766 15.131489 -2.195960 -0.047491 -1.949083 -2.623367 -3.751688 1.413247 -5.040939 -10.837681 0.000077 -0.000020 0.000006 0.035293 -0.003694 -0.047943 0.835443 -3.748470 -10.762463 -0.787552 3.738305 -10.751835 8.848898 -22.096636 3.980432 -37.314541 -55.365250 -29.326147 -177.497849 -57.920902 177.304047 6.628051 0.369948 -0.934255 -5.882100 9.861278 0.702590 -10.936860 -0.360574 7.156197 0.000000 8.774814 -0.000002 -15.722661 17.824450 6.135593 -1.844030 2.498502 -2.507276 -10.163589 4.678939 4.621104 -20.975992 -0.000002 0.000005 -21.226248 2.451694 -3.593995 0.000000 -0.000006 -0.000000 -1.362679 2.240795 -0.746323 -21.334887 0.584908 3.008322 -13.821194 -0.000002 0.000004 -23.887129 -0.249078 -0.839480 -60.193626 2.718977 -1.842968 -0.294025 1.679686 0.833254 -14.218192 0.093213 1.300579 -34.211998 -0.287562 0.967171 -20.033178 0.964536 1.212842 0.000001 -0.000000 0.000001 -3.440387 0.788234 0.501654 -15.928169 -3.167306 2.999705 -6.338817 -0.000001 0.000002 -18.123411 3.648178 -4.905662 -0.000003 -0.000000 -0.000002 -4.245263 14.749316 2.189333 25.882256 39.525822 -45.582752 179.742538 45.806625 -179.867676 -22.582144 -8.428222 20.783445 2.243539 -5.255031 -3.180155 14.282877 -0.826592 6.952495 -0.000003 -12.690588 -0.000001 16.249422 -17.786884 2.835830 1.665665 -1.955920 -2.878296 4.727793 -4.170582 4.993917 11.020513 0.000003 0.000000 12.109035 -3.735709 -2.866779 0.000001 -0.000001 0.000001 1.291985 -1.928548 -1.498088 14.800114 0.567469 3.865603 14.242554 -1.341736 -6.660646 19.631939 0.143926 -0.648242 50.207851 -1.383088 -6.322666 0.353027 -1.511149 -0.031940 20.222769 3.684305 2.316626 18.787247 0.000005 0.000001 10.751611 -0.479866 1.397904 0.000000 0.000001 -0.000000 3.273803 0.305947 -0.580110 21.486790 11.830360 2.266132 8.162917 0.000003 -0.000001 18.399052 -3.798977 -4.940567 0.000002 -0.000001 -0.000001 14.780778 7.099887 -18.427336 -0.625745 -1.702643 42.501083 -21.627951 -15.637222 -8.732098 1.766703 -1.957065 -4.492643 -0.000000 0.000000 0.000003 -23.839769 -9.161908 -34.760124 0.725287 1.752185 23.904615 26.164677 11.645680 6.008562 -1.430795 0.957389 -1.314760 -0.000000 -0.000000 -0.000001 
4.534824 91.652641 -7.471855 5.837084 -2.100250 9.477481 -1.633048 -1.057169 5.394068 -0.349735 -3.368823 -2.081266 1.087467 -5.079075 13.380025 15.163706 -1.774437 -0.770063 -1.960836 -2.587181 -3.748977 1.590294 -5.013956 -10.495825 0.000077 -0.000022 0.000007 0.052550 -0.014257 -0.049522 0.833917 -3.746861 -10.752594 -0.748021 3.717625 -10.745428 9.285564 -22.005314 3.711659 -35.718884 -54.802803 -30.647160 -178.227112 -57.274445 177.961136 6.208502 0.707809 2.194925 -5.882102 9.861278 0.702590 -10.936858 -0.360575 7.156198 0.000001 8.774812 -0.000002 -15.767546 17.833998 6.223996 -1.844032 2.498503 -2.507275 -10.163591 4.678938 4.621105 -20.975994 -0.000003 0.000003 -21.226255 2.451692 -3.593995 0.000000 -0.000006 -0.000000 -1.362681 2.240796 -0.746323 -21.334887 0.584908 3.008322 -13.821197 -0.000003 0.000003 -23.887129 -0.249077 -0.839479 -60.446297 2.725977 -1.809096 -0.294025 1.679687 0.833255 -14.218190 0.093214 1.300581 -34.212002 -0.287562 0.967170 -20.033178 0.964535 1.212842 -0.000000 0.000000 0.000000 -3.440383 0.788233 0.501655 -15.928165 -3.167306 2.999704 -6.338819 0.000000 0.000001 -18.123413 3.648176 -4.905660 -0.000004 0.000000 -0.000003 -2.915443 14.852280 3.095257 27.349466 39.978401 -43.682728 179.709137 47.144440 179.848297 -25.633287 -9.689544 20.136377 2.243539 -5.255033 -3.180154 14.282877 -0.826593 6.952496 0.000001 -12.690593 -0.000001 16.374577 -17.974390 2.828157 1.665664 -1.955919 -2.878296 4.727795 -4.170585 4.993918 11.020509 0.000003 -0.000001 12.109032 -3.735711 -2.866779 -0.000001 -0.000000 -0.000001 1.291986 -1.928548 -1.498089 14.800111 0.567466 3.865602 14.242553 -1.341736 -6.660646 19.631939 0.143925 -0.648244 50.632526 -1.367747 -6.329885 0.353029 -1.511150 -0.031941 20.222769 3.684305 2.316629 18.787249 0.000003 0.000001 10.751610 -0.479868 1.397903 0.000000 0.000001 0.000001 3.273805 0.305946 -0.580109 21.486795 11.830363 2.266134 8.162916 0.000003 -0.000001 18.399057 -3.798981 -4.940568 0.000002 -0.000001 -0.000001 15.348531 4.800112 -20.685263 -0.719943 -1.926627 51.028107 -16.005247 -10.402166 -9.735294 1.761705 -1.926870 -4.639917 0.000000 0.000000 0.000002 -24.379751 -10.444734 -38.455250 0.830250 1.843292 25.003172 27.013151 11.984590 8.033359 -1.433652 0.949356 -1.177886 -0.000000 -0.000000 -0.000001 
5.810023 90.430717 -8.809067 5.868641 -3.976435 9.991901 -1.892903 -1.078863 5.809026 -0.486427 -3.253059 -1.804935 1.182879 -5.120052 14.090073 15.011768 -1.435765 -0.754655 -1.885628 -2.481266 -3.777451 1.893009 -4.889208 -10.136031 0.000077 -0.000023 0.000006 0.054441 0.014442 -0.054361 0.812876 -3.708666 -10.731320 -0.724917 3.734035 -10.728084 9.543170 -21.813387 3.856585 -35.388687 -54.515465 -30.216619 -178.686768 -57.102295 178.384354 5.837399 1.154836 5.154758 -5.882104 9.861280 0.702587 -10.936859 -0.360575 7.156196 0.000001 8.774811 -0.000001 -15.696414 17.845161 6.273204 -1.844030 2.498502 -2.507275 -10.163590 4.678939 4.621104 -20.975996 -0.000002 0.000001 -21.226254 2.451693 -3.593995 0.000000 -0.000006 -0.000002 -1.362681 2.240796 -0.746322 -21.334887 0.584908 3.008321 -13.821197 -0.000002 0.000002 -23.887131 -0.249078 -0.839483 -60.623875 2.703756 -1.775383 -0.294024 1.679687 0.833255 -14.218194 0.093215 1.300579 -34.211998 -0.287564 0.967169 -20.033176 0.964535 1.212840 0.000000 0.000001 -0.000001 -3.440384 0.788231 0.501655 -15.928165 -3.167307 2.999704 -6.338818 -0.000001 0.000000 -18.123411 3.648176 -4.905662 -0.000004 -0.000000 -0.000003 -1.273771 14.746451 4.323423 30.590158 40.520615 -39.844063 179.823578 49.102646 179.709549 -28.953222 -10.550003 18.610804 2.243538 -5.255031 -3.180155 14.282878 -0.826592 6.952499 -0.000005 -12.690586 -0.000000 16.373611 -17.954468 2.796689 1.665666 -1.955922 -2.878296 4.727794 -4.170582 4.993919 11.020510 0.000004 0.000000 12.109029 -3.735708 -2.866780 0.000001 -0.000001 -0.000000 1.291984 -1.928549 -1.498088 14.800114 0.567467 3.865607 14.242554 -1.341735 -6.660648 19.631939 0.143927 -0.648241 50.775494 -1.299230 -6.271063 0.353028 -1.511148 -0.031941 20.222769 3.684308 2.316629 18.787245 0.000006 0.000001 10.751610 -0.479866 1.397905 -0.000000 0.000003 -0.000001 3.273805 0.305948 -0.580111 21.486794 11.830360 2.266132 8.162917 0.000003 0.000001 18.399054 -3.798976 -4.940566 0.000003 0.000000 -0.000001 17.012165 3.250288 -20.301561 -0.861937 -2.295222 57.354645 -10.207603 -2.967988 -9.867631 1.791212 -2.034035 -4.641788 0.000000 0.000000 0.000001 -24.029041 -12.117569 -42.046734 0.917997 1.905198 26.553026 27.818617 12.843154 10.360697 -1.422062 0.881271 -1.006415 -0.000000 -0.000000 -0.000001 
7.278390 89.028641 -10.069970 5.383459 -5.167096 10.183757 -2.062370 -1.079449 6.139364 -0.597894 -3.321069 -1.700713 1.261310 -5.287499 14.786691 14.806792 -1.280752 -0.338643 -1.703348 -2.427044 -3.816860 2.325705 -4.923840 -9.807706 0.000077 -0.000024 0.000008 0.044623 0.044706 -0.048228 0.779465 -3.645774 -10.644058 -0.703831 3.742597 -10.653997 9.589373 -21.758219 4.323665 -37.062496 -54.785858 -27.551991 -178.682907 -57.519505 178.463684 5.470589 1.556639 8.104975 -5.882101 9.861277 0.702590 -10.936858 -0.360576 7.156199 -0.000000 8.774814 -0.000002 -15.647986 17.850245 6.218031 -1.844030 2.498503 -2.507277 -10.163588 4.678938 4.621101 -20.975996 -0.000003 0.000005 -21.226255 2.451695 -3.593992 0.000000 -0.000006 -0.000001 -1.362677 2.240797 -0.746322 -21.334890 0.584908 3.008323 -13.821195 -0.000002 0.000004 -23.887133 -0.249077 -0.839480 -60.752651 2.618406 -1.733000 -0.294027 1.679687 0.833255 -14.218190 0.093215 1.300579 -34.212006 -0.287561 0.967172 -20.033178 0.964536 1.212844 0.000001 0.000000 -0.000001 -3.440387 0.788234 0.501656 -15.928169 -3.167306 2.999704 -6.338819 -0.000001 0.000002 -18.123415 3.648176 -4.905660 -0.000004 -0.000000 -0.000001 0.434371 14.438503 5.577661 35.560905 40.580750 -34.818321 -179.859390 50.693283 179.711746 -32.209820 -10.633542 15.688139 2.243539 -5.255035 -3.180155 14.282873 -0.826595 6.952496 -0.000001 -12.690590 -0.000002 16.212397 -17.766459 2.765593 1.665663 -1.955919 -2.878296 4.727792 -4.170580 4.993919 11.020510 0.000003 -0.000000 12.109031 -3.735710 -2.866779 -0.000000 0.000002 -0.000001 1.291983 -1.928547 -1.498088 14.800113 0.567469 3.865606 14.242553 -1.341736 -6.660648 19.631939 0.143923 -0.648241 50.732285 -1.120848 -6.122489 0.353029 -1.511151 -0.031942 20.222765 3.684306 2.316630 18.787245 0.000003 0.000002 10.751611 -0.479867 1.397907 0.000000 -0.000003 -0.000001 3.273805 0.305947 -0.580109 21.486794 11.830362 2.266132 8.162916 0.000000 -0.000001 18.399055 -3.798976 -4.940565 0.000002 0.000001 -0.000002 19.367662 2.492912 -18.027489 -0.925447 -2.752729 60.243687 -5.868542 3.229312 -8.215493 1.919530 -2.155330 -4.812746 -0.000001 0.000000 0.000003 -23.220125 -13.967058 -45.010296 1.039488 1.899248 28.176146 28.716375 13.823799 12.624056 -1.409627 0.798060 -0.763398 -0.000000 -0.000000 -0.000001 
8.897491 87.563232 -11.254928 4.611461 -5.532036 10.265847 -2.166372 -1.041538 6.317301 -0.667801 -3.574581 -1.712891 1.347693 -5.565483 15.341128 14.765459 -1.287677 0.174070 -1.558603 -2.497482 -3.827967 2.865053 -5.155949 -9.540156 0.000077 -0.000021 0.000006 0.031026 0.070843 -0.069088 0.742862 -3.594194 -10.546362 -0.695569 3.751833 -10.556521 9.367299 -21.827520 5.000016 -41.020710 -55.468128 -22.751444 -178.391296 -58.332428 178.448181 5.205337 2.019430 10.994872 -5.882104 9.861279 0.702588 -10.936862 -0.360577 7.156198 0.000001 8.774813 -0.000002 -15.678701 17.866491 6.124517 -1.844030 2.498503 -2.507277 -10.163592 4.678940 4.621105 -20.975996 -0.000004 0.000002 -21.226254 2.451693 -3.593993 -0.000000 -0.000006 0.000001 -1.362681 2.240797 -0.746322 -21.334892 0.584908 3.008321 -13.821197 -0.000003 0.000003 -23.887131 -0.249078 -0.839479 -60.956272 2.546596 -1.629131 -0.294024 1.679687 0.833255 -14.218194 0.093214 1.300581 -34.212006 -0.287563 0.967171 -20.033184 0.964535 1.212843 0.000001 0.000001 0.000001 -3.440385 0.788233 0.501655 -15.928167 -3.167307 2.999704 -6.338818 -0.000001 0.000001 -18.123417 3.648177 -4.905660 -0.000004 -0.000000 -0.000002 1.964371 13.935768 6.753450 41.733425 39.875080 -29.698145 -179.391144 51.292522 -179.999359 -35.526085 -10.131250 10.924976 2.243540 -5.255032 -3.180154 14.282879 -0.826594 6.952497 -0.000003 -12.690590 -0.000001 15.963985 -17.599831 2.807547 1.665665 -1.955920 -2.878295 4.727795 -4.170584 4.993918 11.020514 0.000001 -0.000000 12.109033 -3.735712 -2.866778 -0.000000 0.000000 0.000000 1.291984 -1.928546 -1.498088 14.800117 0.567466 3.865603 14.242554 -1.341735 -6.660646 19.631939 0.143925 -0.648243 50.524281 -0.915691 -5.953817 0.353030 -1.511150 -0.031941 20.222773 3.684305 2.316630 18.787249 0.000004 0.000000 10.751611 -0.479865 1.397905 -0.000000 -0.000002 -0.000001 3.273805 0.305947 -0.580110 21.486795 11.830363 2.266134 8.162917 0.000002 0.000000 18.399055 -3.798978 -4.940566 0.000002 -0.000001 -0.000000 21.886391 2.188869 -14.847318 -0.828244 -3.191420 59.962978 -2.719562 8.098866 -5.748706 2.059521 -2.212867 -5.076800 -0.000001 0.000000 0.000002 -22.459755 -15.754416 -47.162872 1.163560 1.868437 29.442707 29.788647 14.339186 14.546925 -1.398700 0.743354 -0.532167 0.000000 0.000000 -0.000001 
10.847645 86.067719 -12.540060 3.720260 -5.119041 10.355474 -2.243476 -1.080102 6.373935 -0.715932 -3.915927 -1.764709 1.446676 -5.926785 15.799755 15.177656 -1.482651 0.602721 -1.495380 -2.739610 -3.862707 3.366409 -5.460665 -9.370302 0.000077 -0.000021 0.000007 0.034151 0.061867 -0.100015 0.736230 -3.578831 -10.466943 -0.680805 3.718044 -10.493756 9.004916 -21.901360 5.773198 -46.754921 -56.321712 -16.827393 -177.858505 -58.982471 178.168411 5.128822 2.356233 13.588964 -5.882102 9.861277 0.702590 -10.936860 -0.360575 7.156197 0.000002 8.774811 0.000001 -15.769062 17.900570 6.020241 -1.844031 2.498503 -2.507275 -10.163592 4.678941 4.621103 -20.975996 -0.000005 0.000003 -21.226255 2.451693 -3.593991 0.000000 -0.000006 0.000001 -1.362680 2.240797 -0.746322 -21.334890 0.584907 3.008320 -13.821198 -0.000005 0.000001 -23.887136 -0.249080 -0.839481 -61.319763 2.504734 -1.481540 -0.294024 1.679686 0.833256 -14.218194 0.093213 1.300579 -34.212006 -0.287567 0.967168 -20.033180 0.964534 1.212842 0.000001 0.000000 0.000000 -3.440386 0.788232 0.501656 -15.928171 -3.167306 2.999701 -6.338817 -0.000001 0.000001 -18.123413 3.648173 -4.905663 -0.000005 0.000000 -0.000002 3.138966 13.249518 7.780791 48.431934 38.155277 -25.508175 -179.137604 50.449951 -179.695450 -39.015450 -9.613431 4.674211 2.243538 -5.255030 -3.180155 14.282878 -0.826593 6.952497 -0.000003 -12.690586 -0.000000 15.796792 -17.431362 2.780991 1.665665 -1.955921 -2.878295 4.727794 -4.170584 4.993918 11.020512 0.000004 -0.000000 12.109032 -3.735708 -2.866778 0.000000 -0.000000 0.000000 1.291983 -1.928546 -1.498088 14.800114 0.567467 3.865604 14.242553 -1.341735 -6.660648 19.631937 0.143927 -0.648244 50.216816 -0.731435 -5.759911 0.353028 -1.511150 -0.031941 20.222767 3.684305 2.316628 18.787247 0.000004 0.000000 10.751610 -0.479868 1.397905 -0.000001 -0.000001 -0.000001 3.273804 0.305947 -0.580111 21.486792 11.830363 2.266131 8.162917 0.000002 -0.000000 18.399054 -3.798978 -4.940567 0.000001 -0.000001 -0.000001 24.148802 1.844608 -11.697177 -0.636651 -3.573891 57.510593 -0.982976 11.361045 -3.465758 2.148971 -2.198771 -5.295784 0.000002 -0.000000 0.000001 -22.156231 -17.430923 -48.340099 1.259051 1.872455 29.638365 31.195009 13.925584 16.331614 -1.400620 0.732908 -0.344493 0.000000 -0.000000 -0.000001 
13.289089 84.569855 -14.081909 2.821862 -4.034982 10.414302 -2.325471 -1.243906 6.354505 -0.772817 -4.209408 -1.831971 1.535643 -6.392120 16.128740 16.441475 -2.009474 1.157762 -1.557822 -3.037093 -3.887904 3.906482 -5.806796 -9.453954 0.000077 -0.000021 0.000006 0.028462 0.042563 -0.125735 0.733456 -3.579056 -10.421287 -0.697117 3.676611 -10.462894 8.816847 -21.971903 6.697484 -52.920589 -57.036976 -11.105031 -177.273972 -58.917141 177.750290 5.136050 2.245608 15.585616 -5.882101 9.861276 0.702590 -10.936862 -0.360573 7.156195 0.000000 8.774812 0.000000 -15.916751 17.911369 5.895395 -1.844030 2.498502 -2.507275 -10.163591 4.678940 4.621105 -20.976000 -0.000002 0.000002 -21.226257 2.451692 -3.593994 0.000000 -0.000006 0.000001 -1.362682 2.240795 -0.746322 -21.334890 0.584909 3.008320 -13.821197 -0.000003 0.000001 -23.887136 -0.249080 -0.839482 -61.648834 2.490541 -1.373212 -0.294027 1.679685 0.833256 -14.218192 0.093214 1.300579 -34.212006 -0.287566 0.967169 -20.033180 0.964534 1.212841 0.000000 0.000002 0.000000 -3.440386 0.788231 0.501653 -15.928167 -3.167306 2.999703 -6.338820 -0.000001 0.000001 -18.123415 3.648175 -4.905660 -0.000004 -0.000000 -0.000001 3.997428 12.377193 8.663603 54.114002 35.173370 -22.919243 -179.146301 48.429070 -179.501266 -41.943871 -9.661493 -1.068628 2.243541 -5.255032 -3.180156 14.282875 -0.826592 6.952498 -0.000003 -12.690591 -0.000001 15.826096 -17.262148 2.711982 1.665665 -1.955922 -2.878296 4.727794 -4.170582 4.993918 11.020511 0.000003 0.000001 12.109033 -3.735709 -2.866779 -0.000000 0.000001 -0.000000 1.291984 -1.928547 -1.498087 14.800116 0.567469 3.865608 14.242553 -1.341734 -6.660646 19.631937 0.143927 -0.648240 50.069138 -0.659866 -5.599323 0.353028 -1.511150 -0.031940 20.222769 3.684307 2.316630 18.787245 0.000007 0.000002 10.751611 -0.479872 1.397905 0.000000 -0.000000 0.000000 3.273802 0.305946 -0.580109 21.486792 11.830363 2.266134 8.162917 -0.000001 0.000001 18.399054 -3.798982 -4.940566 0.000004 -0.000001 -0.000001 25.925268 1.165115 -9.025953 -0.465203 -3.846329 53.693043 -1.758002 11.573101 -2.526232 2.145528 -2.170889 -5.637773 0.000002 0.000001 0.000001 -22.610754 -18.941626 -48.246033 1.321771 1.952589 28.091557 33.016079 12.283773 18.354200 -1.412856 0.761976 -0.265551 0.000000 0.000000 -0.000001 
16.148911 83.148964 -15.962376 1.868143 -2.473505 10.389244 -2.433799 -1.513728 6.222019 -0.853147 -4.419538 -1.779797 1.685113 -6.963575 16.335676 18.593685 -3.011494 2.127038 -1.681459 -3.204215 -3.895935 4.466290 -6.087039 -9.565429 0.000078 -0.000022 0.000006 0.024473 0.010881 -0.123660 0.743570 -3.611576 -10.420551 -0.714058 3.648036 -10.465168 9.107116 -22.022926 7.610420 -58.099216 -57.572132 -6.366264 -177.387787 -58.327641 177.712585 4.999722 2.000157 16.951159 -5.882101 9.861277 0.702588 -10.936858 -0.360578 7.156198 0.000004 8.774811 -0.000001 -16.054455 17.906054 5.860215 -1.844030 2.498502 -2.507275 -10.163589 4.678938 4.621104 -20.975990 -0.000007 0.000004 -21.226250 2.451690 -3.593992 0.000000 -0.000006 -0.000001 -1.362680 2.240795 -0.746322 -21.334887 0.584903 3.008320 -13.821193 -0.000005 0.000003 -23.887125 -0.249081 -0.839476 -61.864796 2.487734 -1.379554 -0.294023 1.679684 0.833256 -14.218190 0.093213 1.300578 -34.212002 -0.287569 0.967175 -20.033176 0.964532 1.212845 0.000000 -0.000000 0.000001 -3.440384 0.788231 0.501654 -15.928167 -3.167307 2.999701 -6.338817 -0.000001 0.000002 -18.123411 3.648173 -4.905658 -0.000004 0.000000 -0.000002 4.804819 11.313826 9.350524 57.748035 31.425262 -21.485319 -178.792587 46.492920 -179.046631 -42.775715 -10.279479 -4.251399 2.243539 -5.255030 -3.180156 14.282877 -0.826594 6.952496 -0.000002 -12.690590 0.000001 16.018045 -17.165815 2.742833 1.665664 -1.955920 -2.878296 4.727795 -4.170580 4.993919 11.020512 0.000004 -0.000001 12.109032 -3.735707 -2.866781 0.000000 0.000000 0.000000 1.291985 -1.928548 -1.498086 14.800111 0.567465 3.865603 14.242553 -1.341734 -6.660649 19.631939 0.143926 -0.648245 50.243076 -0.681082 -5.487144 0.353028 -1.511149 -0.031941 20.222769 3.684305 2.316626 18.787247 0.000003 -0.000002 10.751610 -0.479864 1.397903 0.000000 -0.000000 0.000000 3.273802 0.305947 -0.580110 21.486790 11.830361 2.266128 8.162916 0.000001 -0.000002 18.399054 -3.798974 -4.940570 0.000003 -0.000002 -0.000000 27.290894 0.079541 -6.846093 -0.445422 -4.031765 49.180111 -7.043845 8.293370 -4.805780 2.016231 -2.123236 -7.815287 0.000000 0.000001 0.000002 -23.741411 -20.137564 -46.749519 1.309830 2.133787 24.472387 34.964573 9.113805 21.217003 -1.412938 0.789985 -0.141722 -0.000000 -0.000000 -0.000001 
19.342871 81.715378 -18.131523 0.610078 -0.407768 10.324064 -2.614098 -1.684482 6.163620 -0.834063 -4.895680 -1.877975 1.907249 -7.385034 16.492865 21.761084 -4.909774 3.931169 -1.752701 -3.245297 -3.893757 5.143006 -6.387235 -9.396969 0.000077 -0.000020 0.000006 0.050204 -0.002343 -0.124123 0.752300 -3.657813 -10.529021 -0.673294 3.663486 -10.555066 9.777686 -22.094791 8.270572 -62.196899 -57.848461 -1.816009 -178.105164 -57.911163 178.143768 4.859314 2.216221 17.564495 -5.882100 9.861278 0.702590 -10.936859 -0.360576 7.156197 0.000002 8.774814 -0.000002 -16.186937 17.747231 5.897804 -1.844033 2.498502 -2.507276 -10.163589 4.678938 4.621103 -20.975994 -0.000005 0.000004 -21.226255 2.451692 -3.593993 0.000000 -0.000006 -0.000001 -1.362683 2.240798 -0.746325 -21.334887 0.584907 3.008320 -13.821194 -0.000004 0.000001 -23.887131 -0.249078 -0.839480 -62.017334 2.537060 -1.553983 -0.294023 1.679686 0.833253 -14.218194 0.093214 1.300580 -34.212002 -0.287565 0.967170 -20.033178 0.964534 1.212845 0.000001 0.000001 0.000001 -3.440386 0.788233 0.501653 -15.928165 -3.167307 2.999702 -6.338818 -0.000001 0.000001 -18.123413 3.648175 -4.905660 -0.000004 0.000000 -0.000001 6.002193 9.849567 10.375710 59.126419 27.290316 -21.061815 -178.267563 45.617596 -178.510788 -41.637691 -11.144189 -5.352706 2.243539 -5.255032 -3.180153 14.282875 -0.826595 6.952496 -0.000004 -12.690588 0.000001 16.030539 -17.366108 2.902042 1.665665 -1.955919 -2.878297 4.727795 -4.170585 4.993919 11.020510 0.000003 0.000000 12.109030 -3.735712 -2.866778 -0.000000 -0.000000 -0.000000 1.291986 -1.928548 -1.498089 14.800116 0.567471 3.865605 14.242553 -1.341734 -6.660647 19.631937 0.143926 -0.648241 50.635612 -0.916341 -5.665361 0.353028 -1.511150 -0.031940 20.222769 3.684307 2.316629 18.787245 0.000003 0.000001 10.751610 -0.479868 1.397903 -0.000000 0.000001 0.000000 3.273804 0.305947 -0.580110 21.486790 11.830365 2.266133 8.162916 -0.000000 0.000000 18.399054 -3.798980 -4.940566 0.000004 -0.000001 -0.000000 28.670963 -0.942774 -5.527915 -0.501563 -3.987507 45.424908 -16.581072 3.196353 -11.511657 1.982214 -2.083346 -12.404877 0.000000 0.000001 0.000003 -25.428993 -20.817944 -43.764336 1.235321 2.507104 18.785194 36.578983 4.138988 24.901695 -1.419769 0.856837 0.006592 -0.000000 0.000000 -0.000001 
22.608284 80.615059 -20.522224 -0.614833 2.087666 10.150655 -3.140567 -1.719676 6.283226 -0.745996 -5.522599 -1.839419 1.977540 -7.807658 16.470261 26.185825 -7.789181 6.171829 -1.912552 -3.080930 -3.971792 5.958692 -6.934745 -8.841910 0.000078 -0.000025 0.000006 0.068831 -0.008143 -0.097674 0.757823 -3.680188 -10.581092 -0.642309 3.690684 -10.586539 10.422580 -22.448071 9.460059 -64.103409 -58.211903 1.879708 -179.466476 -57.978714 179.050674 4.604112 2.400308 17.293661 -5.882104 9.861279 0.702590 -10.936858 -0.360575 7.156200 0.000000 8.774813 -0.000001 -16.129248 17.735773 5.886571 -1.844033 2.498503 -2.507277 -10.163589 4.678940 4.621106 -20.975992 -0.000002 0.000003 -21.226254 2.451694 -3.593993 0.000000 -0.000006 -0.000003 -1.362679 2.240797 -0.746324 -21.334894 0.584911 3.008321 -13.821197 -0.000001 0.000003 -23.887131 -0.249075 -0.839483 -61.710789 2.521229 -1.842973 -0.294025 1.679687 0.833254 -14.218192 0.093216 1.300580 -34.212006 -0.287561 0.967170 -20.033180 0.964535 1.212839 -0.000000 0.000001 0.000002 -3.440386 0.788233 0.501653 -15.928169 -3.167306 2.999703 -6.338818 -0.000001 0.000000 -18.123415 3.648178 -4.905663 -0.000004 0.000000 -0.000003 8.007584 8.023542 11.336036 59.240284 22.826389 -21.404610 -178.338425 45.559238 -178.648926 -39.319378 -11.783473 -4.293430 2.243538 -5.255033 -3.180155 14.282877 -0.826594 6.952496 -0.000002 -12.690593 0.000001 16.157190 -17.484898 3.055788 1.665664 -1.955919 -2.878296 4.727794 -4.170584 4.993919 11.020511 0.000003 -0.000000 12.109029 -3.735712 -2.866779 0.000000 -0.000001 -0.000001 1.291984 -1.928548 -1.498087 14.800113 0.567466 3.865604 14.242554 -1.341738 -6.660650 19.631939 0.143925 -0.648244 51.533657 -1.150714 -5.867935 0.353029 -1.511151 -0.031940 20.222769 3.684306 2.316629 18.787245 0.000004 0.000001 10.751610 -0.479869 1.397904 0.000000 -0.000000 0.000001 3.273804 0.305946 -0.580111 21.486790 11.830364 2.266133 8.162915 0.000001 0.000000 18.399050 -3.798981 -4.940567 0.000004 0.000001 -0.000001 29.956614 -0.741732 -6.292707 -0.583199 -3.763118 44.212711 -23.546850 -1.046937 -18.993755 1.921133 -2.156080 -11.101881 -0.000001 -0.000001 0.000003 -27.879692 -20.329466 -39.876751 0.959756 2.927842 11.950456 36.690262 -2.254185 29.469334 -1.466730 0.944023 -0.656894 0.000000 -0.000000 -0.000001 
25.724115 80.116508 -23.184258 -1.842755 4.711740 9.929325 -3.786450 -1.426226 6.747525 -0.679976 -6.216310 -1.789594 2.118824 -8.278023 16.740959 30.763771 -10.982105 7.880341 -1.900158 -3.075992 -3.976646 6.749522 -7.146086 -7.592958 0.000076 -0.000020 0.000005 0.122845 -0.065780 -0.081246 0.780399 -3.773824 -10.660025 -0.559009 3.646628 -10.671763 10.714598 -22.997215 10.574576 -64.189247 -58.174023 4.144627 179.601562 -58.202320 179.389511 4.121305 3.248196 16.766468 -5.882098 9.861278 0.702589 -10.936858 -0.360574 7.156196 0.000001 8.774815 0.000001 -16.123362 17.676098 5.769365 -1.844030 2.498501 -2.507276 -10.163589 4.678940 4.621101 -20.975998 -0.000003 0.000002 -21.226255 2.451692 -3.593992 0.000000 -0.000006 -0.000002 -1.362680 2.240796 -0.746322 -21.334892 0.584908 3.008319 -13.821194 -0.000004 0.000001 -23.887133 -0.249080 -0.839481 -61.094727 2.478701 -1.882204 -0.294025 1.679685 0.833255 -14.218190 0.093215 1.300577 -34.212006 -0.287567 0.967169 -20.033180 0.964532 1.212840 0.000000 -0.000001 0.000000 -3.440384 0.788231 0.501654 -15.928167 -3.167305 2.999701 -6.338814 -0.000001 0.000002 -18.123411 3.648175 -4.905663 -0.000004 0.000001 -0.000001 10.270864 6.173305 12.379066 59.001705 19.046856 -22.279720 -179.024338 45.604595 -179.237106 -37.073330 -12.004431 -2.721027 2.243537 -5.255032 -3.180155 14.282877 -0.826591 6.952494 -0.000002 -12.690588 -0.000002 16.329603 -17.576971 2.928836 1.665663 -1.955921 -2.878296 4.727794 -4.170581 4.993917 11.020512 0.000003 -0.000001 12.109030 -3.735708 -2.866780 -0.000001 -0.000000 -0.000001 1.291984 -1.928548 -1.498088 14.800114 0.567471 3.865602 14.242554 -1.341734 -6.660649 19.631941 0.143926 -0.648242 51.807255 -1.094753 -6.145724 0.353030 -1.511150 -0.031941 20.222771 3.684306 2.316628 18.787247 0.000004 -0.000001 10.751611 -0.479867 1.397904 -0.000000 0.000000 0.000000 3.273808 0.305947 -0.580111 21.486792 11.830363 2.266132 8.162918 0.000003 -0.000001 18.399054 -3.798975 -4.940567 0.000003 0.000000 -0.000001 31.155455 0.222448 -9.170261 -0.793338 -3.349840 45.799126 -27.005543 -4.784985 -23.785175 1.838362 -2.133773 -7.823842 -0.000000 0.000000 0.000001 -30.180344 -19.127195 -36.654613 0.655615 3.396658 6.759504 34.104279 -7.617134 33.432133 -1.515479 1.041432 -1.373340 0.000000 0.000000 -0.000001 
28.522778 80.231476 -25.905064 -3.292151 6.371202 9.867339 -4.147406 -1.134502 7.150702 -0.715624 -6.383699 -1.535841 2.145939 -8.495193 17.219721 34.592045 -13.576915 9.084222 -1.655468 -3.062124 -3.981863 7.282287 -6.927511 -6.087224 0.000077 -0.000022 0.000005 0.188616 -0.128088 -0.080600 0.816418 -3.849943 -10.779875 -0.477340 3.633615 -10.805365 10.778179 -23.336275 11.020733 -63.686600 -56.786919 5.088006 179.757156 -57.662491 179.001877 3.436733 4.512708 16.026676 -5.882102 9.861280 0.702589 -10.936860 -0.360573 7.156194 0.000000 8.774815 -0.000002 -16.324059 17.724222 5.494731 -1.844031 2.498502 -2.507275 -10.163591 4.678940 4.621103 -20.975996 -0.000003 0.000003 -21.226255 2.451694 -3.593994 0.000001 -0.000006 -0.000000 -1.362682 2.240797 -0.746322 -21.334892 0.584910 3.008321 -13.821198 -0.000001 0.000001 -23.887131 -0.249079 -0.839482 -60.680122 2.490824 -1.873499 -0.294024 1.679687 0.833255 -14.218194 0.093215 1.300579 -34.212006 -0.287562 0.967168 -20.033180 0.964538 1.212839 0.000000 0.000000 -0.000002 -3.440387 0.788232 0.501654 -15.928169 -3.167305 2.999703 -6.338817 0.000001 -0.000001 -18.123415 3.648176 -4.905663 -0.000005 -0.000000 -0.000001 11.855583 4.840698 13.176379 59.524139 15.665499 -22.443581 -179.431808 45.280884 -179.742142 -35.406040 -11.758184 -1.490246 2.243541 -5.255032 -3.180157 14.282875 -0.826592 6.952497 -0.000003 -12.690591 -0.000000 16.547649 -17.607725 2.694118 1.665664 -1.955919 -2.878296 4.727793 -4.170580 4.993920 11.020513 0.000005 -0.000000 12.109031 -3.735707 -2.866780 0.000000 -0.000000 -0.000001 1.291985 -1.928547 -1.498088 14.800114 0.567469 3.865604 14.242554 -1.341735 -6.660648 19.631939 0.143927 -0.648241 51.974014 -1.004303 -6.277601 0.353030 -1.511148 -0.031941 20.222773 3.684308 2.316630 18.787247 0.000006 0.000000 10.751612 -0.479868 1.397904 0.000000 0.000000 0.000001 3.273804 0.305947 -0.580109 21.486792 11.830363 2.266132 8.162918 0.000002 0.000001 18.399048 -3.798977 -4.940564 0.000003 0.000000 -0.000001 32.053638 1.957179 -12.979893 -0.937657 -3.057363 48.963669 -28.259371 -7.774862 -26.834152 1.792482 -2.083550 -5.920001 0.000000 0.000000 0.000002 -30.229343 -18.850147 -36.358856 0.576635 3.524981 5.785947 29.479132 -9.292124 34.885338 -1.558474 0.944938 -0.879788 -0.000000 -0.000000 -0.000001 
30.897293 80.587395 -28.512558 -5.024899 7.292668 10.167895 -4.107074 -0.927146 7.668615 -0.761812 -6.089779 -1.297923 2.221908 -8.432490 17.639631 37.278126 -15.327019 9.785020 -1.285683 -3.039071 -4.021381 7.594590 -6.574296 -4.729234 0.000076 -0.000023 0.000006 0.198243 -0.142432 -0.100599 0.816411 -3.912893 -10.943683 -0.460963 3.653628 -10.986070 10.578823 -23.348309 11.352270 -63.076214 -54.905140 5.441645 -179.886871 -56.270683 178.729095 2.269313 5.921668 16.287430 -5.882101 9.861279 0.702590 -10.936861 -0.360576 7.156196 0.000001 8.774813 0.000000 -16.526825 17.750906 5.376225 -1.844032 2.498502 -2.507276 -10.163590 4.678940 4.621105 -20.975996 -0.000002 0.000002 -21.226254 2.451693 -3.593993 0.000000 -0.000006 -0.000002 -1.362679 2.240796 -0.746322 -21.334892 0.584909 3.008320 -13.821197 -0.000001 0.000000 -23.887133 -0.249079 -0.839481 -60.382782 2.557170 -1.887936 -0.294023 1.679686 0.833255 -14.218194 0.093215 1.300579 -34.212006 -0.287563 0.967169 -20.033180 0.964536 1.212839 0.000001 0.000001 0.000000 -3.440385 0.788233 0.501653 -15.928169 -3.167305 2.999702 -6.338818 -0.000000 0.000000 -18.123413 3.648178 -4.905660 -0.000004 -0.000000 -0.000002 12.628888 3.950202 13.788375 60.583508 12.184062 -21.693184 -179.605972 44.599640 179.962906 -34.061844 -10.649291 -1.266151 2.243538 -5.255031 -3.180153 14.282877 -0.826594 6.952497 -0.000001 -12.690588 0.000000 16.512171 -17.658670 2.541592 1.665665 -1.955918 -2.878296 4.727791 -4.170584 4.993918 11.020513 0.000003 -0.000002 12.109031 -3.735709 -2.866778 0.000000 0.000000 -0.000000 1.291984 -1.928549 -1.498088 14.800114 0.567467 3.865603 14.242554 -1.341735 -6.660647 19.631937 0.143924 -0.648242 51.681881 -0.971411 -6.432470 0.353028 -1.511149 -0.031941 20.222773 3.684305 2.316629 18.787247 0.000004 -0.000001 10.751610 -0.479868 1.397905 0.000000 0.000000 0.000002 3.273803 0.305947 -0.580108 21.486790 11.830360 2.266133 8.162916 0.000002 -0.000001 18.399052 -3.798981 -4.940567 0.000003 0.000000 -0.000002 32.612213 3.982897 -17.704762 -1.007107 -2.799797 53.307018 -27.665926 -9.362682 -29.485826 1.750101 -2.037871 -4.666073 0.000000 -0.000000 0.000002 -25.815262 -21.305130 -40.020706 0.752165 3.070668 11.231473 27.404806 -5.582040 28.364130 -1.538653 0.866650 -0.403048 0.000000 0.000000 -0.000001 
32.818760 80.914940 -30.982605 -6.676088 8.061078 10.958708 -3.825109 -0.879126 8.312907 -0.839805 -5.480646 -1.053457 2.309410 -8.316875 17.850298 39.042820 -16.044682 9.931494 -0.985090 -2.842981 -4.118037 7.643217 -6.274328 -4.050238 0.000075 -0.000020 0.000007 0.186242 -0.134280 -0.119821 0.827135 -3.947102 -11.074952 -0.478458 3.673263 -11.124234 10.563352 -23.014540 11.254860 -62.758041 -52.808563 5.796031 -179.921387 -54.641529 178.931091 1.152090 7.014314 17.730524 -5.882102 9.861278 0.702590 -10.936858 -0.360575 7.156196 -0.000001 8.774813 -0.000002 -16.606024 17.789070 5.506691 -1.844031 2.498502 -2.507276 -10.163591 4.678941 4.621103 -20.975996 -0.000004 0.000002 -21.226254 2.451691 -3.593995 0.000000 -0.000006 -0.000001 -1.362682 2.240798 -0.746325 -21.334892 0.584907 3.008320 -13.821195 -0.000003 0.000001 -23.887129 -0.249080 -0.839482 -60.429386 2.599978 -1.920132 -0.294024 1.679685 0.833256 -14.218194 0.093214 1.300579 -34.212002 -0.287565 0.967171 -20.033180 0.964534 1.212842 0.000000 0.000000 0.000000 -3.440385 0.788231 0.501658 -15.928169 -3.167307 2.999705 -6.338816 -0.000001 0.000000 -18.123413 3.648176 -4.905661 -0.000004 0.000001 -0.000000 12.813492 3.337171 14.344959 61.840603 8.834056 -20.242611 -179.605423 43.921459 179.823273 -33.054363 -9.106394 -1.886508 2.243538 -5.255033 -3.180154 14.282877 -0.826593 6.952495 -0.000001 -12.690592 -0.000001 16.291647 -17.731777 2.513680 1.665666 -1.955920 -2.878296 4.727793 -4.170583 4.993918 11.020512 0.000003 -0.000000 12.109032 -3.735711 -2.866777 0.000000 0.000000 -0.000001 1.291983 -1.928548 -1.498087 14.800111 0.567467 3.865604 14.242553 -1.341736 -6.660645 19.631937 0.143924 -0.648241 51.185188 -0.900324 -6.540647 0.353028 -1.511150 -0.031941 20.222771 3.684305 2.316631 18.787247 0.000003 0.000001 10.751610 -0.479868 1.397906 -0.000000 -0.000000 0.000000 3.273806 0.305948 -0.580109 21.486790 11.830363 2.266133 8.162917 0.000001 0.000000 18.399052 -3.798980 -4.940565 0.000003 -0.000000 -0.000001 33.006371 5.621091 -22.405628 -0.965067 -2.644871 56.858135 -26.644156 -9.845842 -31.238838 1.713014 -2.034702 -3.824416 -0.000000 0.000000 0.000002 -18.616604 -24.647308 -46.518715 1.201173 2.440059 21.954605 30.399858 1.155070 19.317781 -1.486377 0.845908 -0.904168 -0.000000 -0.000000 -0.000001 
34.276600 81.178406 -33.409676 -7.929800 9.444436 12.267289 -3.551533 -0.862085 9.063349 -0.912767 -4.945151 -0.839952 2.473783 -8.225690 17.894913 40.441582 -15.937832 9.643025 -0.798640 -2.684740 -4.200255 7.684586 -6.112622 -4.082196 0.000074 -0.000021 0.000008 0.130610 -0.095122 -0.151809 0.797744 -3.932839 -11.146642 -0.556877 3.749200 -11.171762 11.125767 -22.583374 10.741198 -62.749954 -50.922127 6.483121 179.495102 -53.466530 179.566254 0.321737 8.306274 20.121578 -5.882102 9.861275 0.702590 -10.936858 -0.360575 7.156195 -0.000000 8.774812 -0.000001 -16.701765 17.809904 5.645482 -1.844028 2.498501 -2.507275 -10.163588 4.678937 4.621102 -20.975994 -0.000004 0.000003 -21.226254 2.451691 -3.593993 0.000001 -0.000006 -0.000000 -1.362678 2.240795 -0.746323 -21.334887 0.584906 3.008321 -13.821195 -0.000004 0.000001 -23.887129 -0.249081 -0.839478 -60.666012 2.586821 -1.981833 -0.294024 1.679684 0.833254 -14.218192 0.093212 1.300580 -34.211998 -0.287566 0.967169 -20.033176 0.964534 1.212841 0.000000 0.000000 -0.000001 -3.440387 0.788232 0.501655 -15.928164 -3.167307 2.999703 -6.338817 -0.000001 0.000000 -18.123411 3.648175 -4.905660 -0.000004 -0.000000 -0.000001 12.978414 2.912439 14.950988 62.988747 5.991466 -18.443678 -179.898636 43.664696 179.531647 -32.551418 -7.224600 -3.166002 2.243540 -5.255031 -3.180154 14.282877 -0.826593 6.952497 -0.000002 -12.690588 0.000001 15.976918 -17.676241 2.562246 1.665666 -1.955920 -2.878297 4.727795 -4.170583 4.993918 11.020514 0.000003 -0.000002 12.109035 -3.735710 -2.866779 0.000000 0.000000 -0.000001 1.291983 -1.928547 -1.498088 14.800111 0.567468 3.865602 14.242553 -1.341734 -6.660647 19.631939 0.143926 -0.648243 50.736240 -0.842700 -6.540531 0.353030 -1.511149 -0.031941 20.222771 3.684306 2.316628 18.787245 0.000005 -0.000000 10.751610 -0.479867 1.397903 -0.000001 -0.000000 -0.000001 3.273803 0.305948 -0.580109 21.486792 11.830362 2.266131 8.162916 0.000001 -0.000000 18.399052 -3.798979 -4.940567 0.000003 -0.000000 -0.000002 33.165390 6.612576 -27.741795 -0.850192 -2.429504 59.673542 -25.788174 -9.744394 -32.394211 1.682540 -2.097854 -3.021943 0.000000 0.000000 0.000002 -11.570760 -26.443933 -53.434776 1.482008 1.937708 34.548706 34.499077 9.295638 12.532448 -1.432696 0.855808 -1.736344 0.000000 -0.000000 -0.000001 
35.197258 81.502960 -35.728157 -8.463851 11.641519 14.068255 -3.343497 -0.888297 9.809964 -1.018488 -4.599116 -0.570314 2.764318 -8.103737 17.816639 41.507751 -14.958230 8.874618 -0.720753 -2.811353 -4.213953 7.789426 -6.042388 -4.496079 0.000075 -0.000022 0.000007 0.089751 -0.058831 -0.140679 0.757862 -3.911898 -11.136997 -0.599493 3.791342 -11.151236 12.121161 -22.190224 9.963456 -62.626507 -49.842056 7.433929 178.300125 -53.072956 -179.345673 -0.087109 9.665312 22.835993 -5.882098 9.861278 0.702589 -10.936856 -0.360576 7.156199 0.000001 8.774813 -0.000003 -16.685516 17.971241 5.828088 -1.844031 2.498502 -2.507275 -10.163589 4.678940 4.621104 -20.975992 -0.000003 0.000002 -21.226248 2.451692 -3.593992 0.000001 -0.000006 -0.000002 -1.362681 2.240794 -0.746322 -21.334887 0.584907 3.008323 -13.821192 -0.000004 0.000002 -23.887123 -0.249078 -0.839480 -60.749111 2.583656 -1.977780 -0.294025 1.679685 0.833256 -14.218189 0.093215 1.300582 -34.211998 -0.287565 0.967170 -20.033176 0.964536 1.212845 0.000001 0.000001 0.000001 -3.440384 0.788232 0.501654 -15.928167 -3.167307 2.999707 -6.338815 -0.000002 0.000001 -18.123411 3.648174 -4.905658 -0.000004 0.000000 -0.000003 13.395755 2.831610 15.269322 63.750244 4.051445 -16.481428 179.523071 43.956398 179.220581 -32.365791 -5.110581 -4.128685 2.243540 -5.255033 -3.180155 14.282875 -0.826595 6.952495 -0.000001 -12.690590 0.000002 15.695820 -17.480412 2.570321 1.665664 -1.955920 -2.878295 4.727792 -4.170584 4.993918 11.020512 0.000002 -0.000002 12.109032 -3.735711 -2.866779 -0.000000 0.000000 -0.000001 1.291984 -1.928548 -1.498088 14.800111 0.567466 3.865602 14.242553 -1.341736 -6.660649 19.631933 0.143925 -0.648245 50.313969 -0.752564 -6.502807 0.353026 -1.511149 -0.031939 20.222763 3.684304 2.316627 18.787243 0.000004 -0.000001 10.751610 -0.479868 1.397904 0.000001 0.000000 0.000001 3.273804 0.305946 -0.580110 21.486788 11.830360 2.266130 8.162916 0.000001 -0.000000 18.399052 -3.798980 -4.940569 0.000002 -0.000000 -0.000001 32.864002 7.302730 -33.588974 -0.732863 -2.202595 61.331264 -25.207708 -9.434316 -32.581440 1.650326 -2.165084 -2.238446 -0.000000 0.000000 0.000001 -6.684221 -26.313133 -58.950840 1.505238 1.627239 45.376873 36.221455 16.624220 8.543514 -1.388345 0.832486 -2.316696 0.000000 -0.000000 -0.000001 
35.736584 82.037842 -37.950974 -8.064898 14.249035 16.433229 -3.203856 -0.993953 10.382396 -1.126964 -4.329779 -0.130746 3.087333 -7.831140 17.584906 41.792648 -13.141513 7.720148 -0.676545 -3.204517 -4.167243 7.918604 -6.098666 -4.776091 0.000077 -0.000022 0.000006 0.048148 -0.046592 -0.134926 0.719721 -3.911653 -11.176424 -0.655264 3.828642 -11.168012 13.293241 -21.759048 9.114945 -62.388195 -49.800129 8.138656 177.244766 -53.271217 -178.381088 0.163220 10.845899 25.774635 -5.882102 9.861279 0.702591 -10.936858 -0.360574 7.156197 -0.000002 8.774816 -0.000004 -16.635025 18.237072 5.949398 -1.844032 2.498502 -2.507275 -10.163590 4.678941 4.621104 -20.975994 -0.000005 0.000002 -21.226255 2.451693 -3.593992 0.000000 -0.000006 -0.000002 -1.362680 2.240795 -0.746321 -21.334890 0.584910 3.008321 -13.821197 -0.000003 0.000004 -23.887129 -0.249078 -0.839482 -60.819225 2.668450 -2.095719 -0.294024 1.679685 0.833254 -14.218194 0.093215 1.300579 -34.212006 -0.287564 0.967171 -20.033180 0.964535 1.212843 0.000001 0.000000 -0.000001 -3.440386 0.788233 0.501655 -15.928171 -3.167305 2.999704 -6.338817 -0.000002 0.000001 -18.123415 3.648177 -4.905663 -0.000004 -0.000000 -0.000002 13.776976 3.199122 15.062289 63.729740 3.732980 -14.354773 178.995880 44.811211 178.872818 -32.039280 -2.819691 -4.097804 2.243541 -5.255032 -3.180154 14.282877 -0.826594 6.952495 -0.000002 -12.690590 -0.000000 15.498228 -17.403004 2.582992 1.665667 -1.955920 -2.878296 4.727795 -4.170583 4.993918 11.020514 0.000004 -0.000003 12.109034 -3.735709 -2.866780 0.000001 0.000000 -0.000001 1.291983 -1.928547 -1.498087 14.800111 0.567468 3.865601 14.242553 -1.341733 -6.660648 19.631939 0.143927 -0.648244 50.082439 -0.676826 -6.533370 0.353028 -1.511149 -0.031940 20.222769 3.684308 2.316626 18.787247 0.000006 -0.000002 10.751611 -0.479867 1.397902 0.000002 0.000000 0.000000 3.273805 0.305947 -0.580111 21.486794 11.830364 2.266127 8.162919 0.000002 -0.000002 18.399057 -3.798977 -4.940570 0.000002 -0.000000 -0.000002 31.692383 7.944339 -39.681240 -0.626604 -1.923420 61.855202 -24.679438 -9.742897 -31.381664 1.602687 -2.120497 -1.751812 0.000000 0.000000 0.000002 -4.986730 -24.576082 -62.102200 1.334909 1.445707 51.553356 34.313541 20.324905 5.821228 -1.428118 0.787810 -2.849525 0.000000 0.000000 -0.000001 
35.920547 82.603737 -39.975430 -6.703618 16.921619 19.208015 -3.160015 -1.147676 10.767428 -1.164740 -4.138083 0.319781 3.230468 -7.437210 17.247965 40.959976 -11.198124 6.639008 -0.646009 -3.483992 -4.111165 7.944967 -6.258072 -4.864420 0.000078 -0.000023 0.000006 -0.011417 0.017648 -0.132548 0.691857 -3.871039 -11.181664 -0.729335 3.902315 -11.152393 14.260392 -21.469723 8.336413 -62.292477 -50.498829 8.294977 176.597580 -53.979919 -177.573410 0.763271 11.814044 28.068428 -5.882100 9.861280 0.702589 -10.936861 -0.360575 7.156199 -0.000001 8.774813 -0.000000 -16.430384 18.474731 6.078480 -1.844032 2.498504 -2.507277 -10.163587 4.678942 4.621103 -20.975996 -0.000003 0.000001 -21.226254 2.451695 -3.593996 0.000000 -0.000007 -0.000000 -1.362680 2.240798 -0.746323 -21.334896 0.584910 3.008319 -13.821197 -0.000002 0.000000 -23.887131 -0.249078 -0.839483 -60.414658 2.807814 -2.061903 -0.294023 1.679685 0.833257 -14.218195 0.093218 1.300578 -34.212006 -0.287563 0.967167 -20.033182 0.964535 1.212840 0.000000 -0.000000 -0.000002 -3.440385 0.788235 0.501655 -15.928169 -3.167306 2.999705 -6.338815 -0.000001 0.000000 -18.123413 3.648177 -4.905663 -0.000004 0.000000 -0.000003 13.664887 4.279160 14.554808 63.248291 4.912218 -13.329177 178.095139 45.945660 178.397324 -31.255388 -1.071472 -3.432380 2.243541 -5.255033 -3.180155 14.282875 -0.826593 6.952497 -0.000003 -12.690591 0.000000 15.207254 -17.400375 2.769375 1.665664 -1.955919 -2.878298 4.727793 -4.170584 4.993918 11.020512 0.000004 -0.000002 12.109030 -3.735711 -2.866778 -0.000000 -0.000001 -0.000001 1.291983 -1.928547 -1.498087 14.800113 0.567468 3.865603 14.242553 -1.341733 -6.660647 19.631939 0.143925 -0.648242 49.640003 -0.630211 -6.516639 0.353028 -1.511149 -0.031940 20.222769 3.684307 2.316629 18.787245 0.000005 -0.000000 10.751610 -0.479868 1.397905 0.000001 0.000001 0.000001 3.273804 0.305947 -0.580110 21.486792 11.830363 2.266132 8.162916 0.000001 0.000001 18.399052 -3.798978 -4.940566 0.000003 0.000000 -0.000002 29.525322 8.735808 -45.521141 -0.641063 -1.706468 61.383827 -23.986301 -10.234182 -29.387140 1.587620 -2.100264 -1.449494 0.000000 0.000000 0.000002 -7.142478 -21.759598 -62.619671 1.143210 1.488101 51.616600 29.489073 17.815311 0.604031 -1.465495 0.837040 -3.033869 0.000000 -0.000001 -0.000001 
35.795696 83.213905 -41.653019 -4.832344 19.144176 22.215494 -2.957474 -1.204800 11.084703 -1.161648 -3.807917 0.741479 3.262592 -6.950886 16.933741 38.547119 -9.167083 5.447367 -0.447016 -3.680440 -4.053917 7.776996 -6.354316 -4.395392 0.000078 -0.000022 0.000007 -0.063019 0.036507 -0.150563 0.675828 -3.833269 -11.199783 -0.812328 3.904012 -11.151269 14.796193 -21.281775 7.473523 -62.621166 -51.739143 8.154437 176.347961 -54.695045 -177.342712 2.066891 12.285090 30.009422 -5.882098 9.861277 0.702589 -10.936856 -0.360573 7.156198 -0.000001 8.774811 -0.000000 -16.087666 18.348906 5.977602 -1.844031 2.498501 -2.507275 -10.163588 4.678938 4.621104 -20.975992 -0.000005 0.000000 -21.226248 2.451692 -3.593994 0.000001 -0.000006 -0.000000 -1.362677 2.240797 -0.746322 -21.334892 0.584907 3.008320 -13.821194 -0.000003 0.000001 -23.887125 -0.249080 -0.839482 -60.003407 2.869911 -1.913799 -0.294024 1.679685 0.833256 -14.218190 0.093215 1.300578 -34.211998 -0.287566 0.967171 -20.033176 0.964534 1.212842 -0.000001 0.000001 -0.000001 -3.440385 0.788232 0.501655 -15.928169 -3.167307 2.999705 -6.338815 -0.000002 0.000001 -18.123411 3.648174 -4.905661 -0.000004 0.000000 -0.000003 12.697020 6.145937 13.600286 62.004078 7.750935 -13.713753 177.802429 47.092525 178.120819 -30.193710 0.389557 -1.867692 2.243540 -5.255031 -3.180155 14.282875 -0.826593 6.952495 -0.000002 -12.690590 0.000001 14.989511 -17.485155 2.812843 1.665665 -1.955920 -2.878295 4.727794 -4.170582 4.993918 11.020513 0.000002 -0.000003 12.109031 -3.735708 -2.866779 0.000001 -0.000000 -0.000001 1.291984 -1.928548 -1.498088 14.800113 0.567468 3.865604 14.242554 -1.341734 -6.660647 19.631939 0.143925 -0.648243 49.424191 -0.618067 -6.656378 0.353028 -1.511149 -0.031941 20.222769 3.684305 2.316627 18.787249 0.000005 -0.000002 10.751610 -0.479868 1.397903 -0.000001 -0.000000 0.000001 3.273804 0.305947 -0.580110 21.486794 11.830362 2.266129 8.162915 0.000001 -0.000002 18.399052 -3.798979 -4.940567 0.000001 0.000000 -0.000001 26.586075 10.035743 -50.411880 -0.788345 -1.640806 59.738014 -23.378777 -11.147670 -27.072815 1.595839 -2.047296 -1.268016 0.000000 -0.000000 0.000002 -11.652936 -18.569563 -61.905804 1.013544 1.605986 47.489571 27.037457 11.500883 -3.639452 -1.437678 1.003042 -2.124502 0.000000 -0.000001 -0.000001 
35.746387 83.738098 -43.232346 -3.250739 20.430155 24.887955 -2.620271 -1.211989 11.429656 -1.085172 -3.364560 1.076608 3.237453 -6.219729 16.882647 35.485096 -7.418953 4.544021 -0.558695 -3.434587 -3.935183 7.490357 -6.329948 -3.831400 0.000076 -0.000021 0.000006 -0.118958 0.088600 -0.144296 0.657579 -3.757165 -11.064030 -0.901077 3.917364 -11.023654 14.716856 -21.094942 6.741929 -62.728180 -53.515820 7.269877 176.523956 -55.282177 -177.192917 3.495209 11.884602 30.501686 -5.882101 9.861276 0.702589 -10.936857 -0.360576 7.156196 0.000002 8.774813 -0.000001 -15.754602 18.167315 6.026049 -1.844031 2.498503 -2.507277 -10.163589 4.678939 4.621103 -20.975994 -0.000003 0.000003 -21.226250 2.451692 -3.593994 -0.000000 -0.000006 -0.000002 -1.362682 2.240797 -0.746324 -21.334887 0.584907 3.008320 -13.821197 -0.000004 0.000003 -23.887131 -0.249080 -0.839483 -59.752403 2.845218 -1.753242 -0.294025 1.679686 0.833255 -14.218194 0.093213 1.300579 -34.212002 -0.287566 0.967174 -20.033176 0.964534 1.212843 -0.000000 0.000001 -0.000001 -3.440387 0.788232 0.501656 -15.928167 -3.167307 2.999701 -6.338817 -0.000002 0.000002 -18.123411 3.648174 -4.905662 -0.000005 0.000000 -0.000003 11.361436 8.600857 12.562303 59.305790 11.634362 -16.015554 178.490234 47.866882 178.772903 -29.875303 1.011942 -0.613903 2.243540 -5.255032 -3.180155 14.282878 -0.826594 6.952497 -0.000002 -12.690591 0.000000 14.851392 -17.495739 2.890408 1.665665 -1.955920 -2.878296 4.727793 -4.170583 4.993917 11.020512 0.000003 -0.000002 12.109034 -3.735709 -2.866780 0.000000 -0.000001 -0.000001 1.291985 -1.928547 -1.498088 14.800111 0.567468 3.865603 14.242553 -1.341735 -6.660649 19.631939 0.143925 -0.648244 49.421257 -0.639486 -6.639101 0.353029 -1.511149 -0.031940 20.222771 3.684306 2.316628 18.787245 0.000005 -0.000003 10.751612 -0.479868 1.397903 -0.000001 0.000000 -0.000001 3.273804 0.305947 -0.580110 21.486792 11.830361 2.266130 8.162917 0.000002 0.000001 18.399052 -3.798979 -4.940567 0.000001 0.000001 -0.000002 23.734888 11.119409 -54.259922 -0.841497 -1.553740 58.074104 -22.899275 -11.669530 -25.168421 1.594700 -1.944389 -0.921760 0.000000 -0.000000 0.000002 -14.921678 -17.151262 -62.492382 0.808189 1.687184 44.726833 27.254427 7.839815 -3.573201 -1.406911 1.077695 -1.891550 -0.000000 -0.000001 -0.000001 
35.589664 84.132362 -44.516830 -1.983412 21.151588 27.033327 -2.328563 -1.214189 11.736424 -0.998587 -2.989448 1.366777 3.199203 -5.483793 17.058174 32.495815 -6.078245 4.023582 -0.700496 -3.126022 -3.833147 6.969557 -6.066978 -3.312294 0.000076 -0.000023 0.000008 -0.106689 0.074569 -0.143793 0.678599 -3.731352 -10.932874 -0.914081 3.866517 -10.867829 14.407667 -21.009863 6.026595 -62.745796 -55.025490 5.896557 177.078949 -55.727009 -177.432892 5.042526 10.830348 30.362898 -5.882100 9.861277 0.702589 -10.936859 -0.360577 7.156198 0.000001 8.774812 -0.000002 -15.696900 18.043541 6.003301 -1.844029 2.498503 -2.507277 -10.163589 4.678937 4.621102 -20.975994 -0.000006 0.000002 -21.226254 2.451688 -3.593991 -0.000000 -0.000006 0.000000 -1.362677 2.240797 -0.746323 -21.334888 0.584904 3.008319 -13.821197 -0.000006 0.000002 -23.887131 -0.249083 -0.839479 -59.734100 2.826570 -1.666194 -0.294025 1.679685 0.833256 -14.218192 0.093212 1.300579 -34.212002 -0.287570 0.967172 -20.033176 0.964532 1.212844 -0.000000 0.000000 0.000001 -3.440385 0.788232 0.501653 -15.928164 -3.167309 2.999702 -6.338817 -0.000002 -0.000002 -18.123413 3.648175 -4.905661 -0.000005 0.000000 0.000000 10.008139 11.155346 11.570564 55.675663 15.735525 -20.001715 179.393661 48.758537 179.544357 -29.998924 1.004085 1.147801 2.243540 -5.255032 -3.180154 14.282877 -0.826593 6.952495 -0.000002 -12.690588 -0.000001 14.957159 -17.473427 2.880437 1.665665 -1.955920 -2.878297 4.727794 -4.170583 4.993918 11.020511 0.000003 -0.000002 12.109033 -3.735710 -2.866779 0.000000 -0.000001 -0.000000 1.291984 -1.928547 -1.498088 14.800114 0.567468 3.865602 14.242556 -1.341735 -6.660649 19.631939 0.143925 -0.648243 49.387859 -0.634069 -6.628860 0.353028 -1.511149 -0.031940 20.222769 3.684304 2.316627 18.787245 0.000005 -0.000003 10.751610 -0.479868 1.397903 -0.000002 -0.000000 -0.000001 3.273804 0.305947 -0.580110 21.486794 11.830361 2.266132 8.162918 0.000001 -0.000001 18.399052 -3.798978 -4.940567 0.000003 0.000001 -0.000001 21.388691 11.936654 -57.128368 -0.808484 -1.459252 56.632866 -22.637054 -11.859043 -23.379507 1.598356 -1.853967 -0.764475 -0.000000 0.000000 0.000002 -16.984459 -16.864479 -63.162914 0.780940 1.710277 42.426205 27.614014 5.780976 -2.808572 -1.397807 1.142631 -1.906714 -0.000000 -0.000001 -0.000001 
35.362644 84.453690 -45.490349 -0.917112 21.748915 28.731886 -2.053979 -1.185496 12.050712 -0.921682 -2.718051 1.606593 3.170357 -4.880577 17.227678 29.939756 -5.120387 3.753510 -0.882645 -2.914419 -3.769160 6.388138 -5.879835 -2.788966 0.000077 -0.000022 0.000006 -0.080171 0.051671 -0.136309 0.717560 -3.723051 -10.803224 -0.889198 3.804571 -10.757469 14.062366 -21.012247 5.463110 -62.560104 -56.262863 4.268743 177.765030 -56.152985 -177.824600 6.344046 9.656800 29.835966 -5.882100 9.861278 0.702589 -10.936858 -0.360576 7.156196 -0.000000 8.774813 -0.000001 -15.696930 17.896734 5.941000 -1.844032 2.498502 -2.507275 -10.163589 4.678940 4.621102 -20.975994 -0.000004 0.000002 -21.226250 2.451692 -3.593994 0.000001 -0.000006 -0.000001 -1.362681 2.240797 -0.746323 -21.334887 0.584909 3.008319 -13.821195 -0.000004 0.000003 -23.887129 -0.249080 -0.839482 -59.729740 2.789647 -1.602085 -0.294024 1.679687 0.833254 -14.218194 0.093214 1.300578 -34.211998 -0.287566 0.967169 -20.033178 0.964534 1.212842 -0.000000 0.000000 0.000001 -3.440385 0.788232 0.501655 -15.928167 -3.167307 2.999703 -6.338815 -0.000002 -0.000001 -18.123413 3.648174 -4.905662 -0.000003 0.000000 -0.000003 8.785816 13.248542 10.738880 51.980511 19.308546 -24.370457 -179.741425 49.624184 -179.827057 -30.401957 0.868654 2.966886 2.243540 -5.255033 -3.180156 14.282877 -0.826593 6.952495 -0.000002 -12.690588 -0.000001 15.073098 -17.385818 2.816108 1.665665 -1.955920 -2.878297 4.727794 -4.170583 4.993917 11.020512 0.000002 -0.000002 12.109033 -3.735709 -2.866781 -0.000000 0.000000 -0.000000 1.291984 -1.928547 -1.498090 14.800114 0.567467 3.865602 14.242554 -1.341734 -6.660649 19.631937 0.143925 -0.648247 49.358856 -0.668048 -6.585888 0.353029 -1.511149 -0.031940 20.222771 3.684306 2.316625 18.787245 0.000005 -0.000003 10.751608 -0.479867 1.397902 -0.000001 0.000000 0.000001 3.273805 0.305947 -0.580109 21.486792 11.830362 2.266129 8.162918 0.000002 -0.000001 18.399054 -3.798977 -4.940570 0.000002 0.000001 -0.000001 19.522060 12.527843 -59.386490 -0.781979 -1.326611 55.532269 -22.458202 -12.054991 -21.378428 1.602897 -1.772673 -0.735569 -0.000000 0.000001 0.000002 -18.216778 -17.251650 -63.715675 0.782049 1.705269 40.625641 27.870161 4.672006 -1.919059 -1.390020 1.180220 -1.956193 -0.000000 -0.000000 -0.000001 
35.044571 84.719185 -46.187649 -0.065154 22.370754 29.979359 -1.783516 -1.098905 12.333252 -0.848104 -2.513081 1.769612 3.185591 -4.497156 17.372271 27.863661 -4.452859 3.478991 -1.067455 -2.932979 -3.713043 5.884221 -5.853872 -2.268125 0.000078 -0.000022 0.000008 -0.047031 0.029134 -0.122137 0.758941 -3.723409 -10.699836 -0.863276 3.764052 -10.642538 13.707678 -21.051987 5.125171 -62.050873 -57.188534 2.544906 178.317856 -56.583313 -178.230026 7.383235 8.661346 29.201735 -5.882102 9.861279 0.702590 -10.936857 -0.360574 7.156196 -0.000001 8.774811 -0.000000 -15.645818 17.739685 5.947891 -1.844030 2.498502 -2.507275 -10.163589 4.678939 4.621105 -20.975994 -0.000003 0.000002 -21.226255 2.451692 -3.593992 0.000001 -0.000006 -0.000001 -1.362681 2.240796 -0.746323 -21.334894 0.584909 3.008319 -13.821194 -0.000003 0.000003 -23.887131 -0.249079 -0.839481 -59.615505 2.786629 -1.554002 -0.294025 1.679685 0.833256 -14.218194 0.093214 1.300579 -34.212006 -0.287564 0.967169 -20.033176 0.964535 1.212840 -0.000000 -0.000000 0.000001 -3.440385 0.788231 0.501655 -15.928165 -3.167306 2.999704 -6.338817 -0.000001 0.000002 -18.123413 3.648175 -4.905660 -0.000006 -0.000000 -0.000002 7.688394 14.750748 10.039513 48.879150 21.999052 -28.040148 -178.889145 50.254288 -179.287048 -30.651176 0.852702 4.562210 2.243539 -5.255032 -3.180153 14.282877 -0.826593 6.952496 -0.000003 -12.690591 0.000001 15.127673 -17.300629 2.778434 1.665665 -1.955920 -2.878295 4.727794 -4.170583 4.993917 11.020511 0.000003 -0.000001 12.109031 -3.735710 -2.866778 0.000000 -0.000000 -0.000001 1.291984 -1.928548 -1.498088 14.800114 0.567469 3.865602 14.242554 -1.341734 -6.660650 19.631939 0.143926 -0.648242 49.342609 -0.698140 -6.517794 0.353029 -1.511150 -0.031939 20.222771 3.684309 2.316629 18.787245 0.000006 -0.000000 10.751610 -0.479868 1.397904 -0.000000 -0.000000 0.000002 3.273804 0.305947 -0.580110 21.486794 11.830366 2.266130 8.162917 0.000002 0.000001 18.399054 -3.798978 -4.940567 0.000003 0.000001 -0.000001 18.070589 13.011389 -60.979031 -0.763871 -1.221076 54.391693 -22.216253 -12.364402 -19.615540 1.606961 -1.737901 -0.797045 -0.000000 0.000000 0.000002 -18.725386 -18.005241 -64.148750 0.766801 1.703441 39.387440 28.014099 4.032749 -1.116339 -1.386386 1.167856 -1.965744 -0.000000 -0.000001 -0.000001 
34.714874 84.928688 -46.705070 0.592816 22.960142 30.790266 -1.514112 -1.012414 12.515628 -0.785957 -2.338130 1.899584 3.204196 -4.288617 17.478317 26.237925 -4.027713 3.129747 -1.206438 -3.116059 -3.655571 5.548661 -5.980810 -1.933056 0.000077 -0.000022 0.000003 -0.026538 0.024800 -0.120525 0.770134 -3.714756 -10.630740 -0.846471 3.746459 -10.578103 13.364135 -20.995243 4.897793 -61.494408 -57.830299 1.097797 178.722382 -56.950989 -178.581421 8.190989 7.849521 28.651323 -5.882100 9.861279 0.702589 -10.936863 -0.360574 7.156198 0.000001 8.774815 -0.000001 -15.601599 17.642746 5.970654 -1.844031 2.498503 -2.507276 -10.163589 4.678939 4.621103 -20.975994 -0.000005 0.000002 -21.226250 2.451693 -3.593995 0.000000 -0.000007 -0.000001 -1.362679 2.240796 -0.746323 -21.334887 0.584906 3.008321 -13.821195 -0.000002 0.000002 -23.887133 -0.249079 -0.839480 -59.586056 2.810336 -1.497259 -0.294025 1.679686 0.833256 -14.218192 0.093213 1.300578 -34.211998 -0.287566 0.967169 -20.033180 0.964533 1.212842 0.000000 -0.000000 -0.000000 -3.440386 0.788233 0.501655 -15.928171 -3.167305 2.999704 -6.338818 -0.000002 0.000001 -18.123411 3.648177 -4.905664 -0.000004 -0.000000 -0.000002 6.708790 15.716766 9.419032 46.694130 23.924358 -30.773760 -178.334747 50.651012 -178.902557 -30.627934 0.819889 5.907016 2.243539 -5.255032 -3.180155 14.282877 -0.826593 6.952497 -0.000003 -12.690588 0.000001 15.209613 -17.285482 2.772260 1.665664 -1.955920 -2.878297 4.727793 -4.170583 4.993917 11.020511 0.000003 -0.000001 12.109034 -3.735709 -2.866781 0.000001 -0.000000 0.000000 1.291985 -1.928548 -1.498087 14.800111 0.567468 3.865605 14.242553 -1.341735 -6.660647 19.631937 0.143926 -0.648243 49.365673 -0.758285 -6.459185 0.353028 -1.511149 -0.031939 20.222769 3.684306 2.316630 18.787245 0.000005 0.000002 10.751610 -0.479867 1.397905 0.000000 0.000002 0.000001 3.273804 0.305947 -0.580110 21.486794 11.830365 2.266133 8.162917 0.000001 0.000001 18.399054 -3.798980 -4.940567 0.000005 0.000000 -0.000002 16.968819 13.378655 -62.024323 -0.770840 -1.157138 53.366940 -21.929928 -12.701234 -18.152706 1.612480 -1.727618 -0.926862 0.000000 -0.000000 0.000002 -18.732613 -18.919619 -64.443321 0.742062 1.732506 38.557541 28.121376 3.719682 -0.382006 -1.388083 1.133771 -1.928071 0.000000 0.000000 -0.000001 
34.421307 85.028549 -47.064430 1.112935 23.388485 31.259148 -1.284269 -0.907026 12.639996 -0.701385 -2.206632 1.992032 3.162214 -4.092624 17.529886 24.888763 -3.792733 2.738287 -1.311266 -3.348076 -3.629730 5.302045 -6.154445 -1.761931 0.000077 -0.000023 0.000006 -0.008312 0.015669 -0.113708 0.789959 -3.720728 -10.611392 -0.831407 3.742088 -10.566627 13.079582 -20.901806 4.659272 -61.001591 -58.266689 -0.050765 178.906967 -57.298592 -178.725113 8.786685 7.127379 28.327951 -5.882103 9.861280 0.702589 -10.936858 -0.360574 7.156196 -0.000000 8.774815 -0.000001 -15.614835 17.549099 5.976414 -1.844032 2.498503 -2.507277 -10.163589 4.678942 4.621104 -20.975994 -0.000003 0.000000 -21.226255 2.451693 -3.593997 -0.000001 -0.000006 -0.000000 -1.362680 2.240797 -0.746323 -21.334892 0.584909 3.008317 -13.821197 -0.000001 0.000000 -23.887131 -0.249077 -0.839483 -59.553871 2.805552 -1.474092 -0.294025 1.679686 0.833255 -14.218194 0.093214 1.300578 -34.212002 -0.287562 0.967168 -20.033180 0.964535 1.212840 0.000000 -0.000001 0.000000 -3.440385 0.788234 0.501655 -15.928169 -3.167305 2.999703 -6.338816 0.000000 0.000002 -18.123415 3.648178 -4.905662 -0.000003 -0.000000 -0.000001 5.865000 16.312754 8.908387 45.103088 25.296211 -32.798779 -178.054626 50.955322 -178.698944 -30.442719 0.767790 7.118320 2.243540 -5.255032 -3.180155 14.282877 -0.826593 6.952496 -0.000001 -12.690588 -0.000001 15.298885 -17.290630 2.724999 1.665665 -1.955920 -2.878297 4.727794 -4.170584 4.993918 11.020512 0.000002 -0.000001 12.109032 -3.735709 -2.866779 -0.000001 -0.000000 -0.000002 1.291984 -1.928547 -1.498089 14.800113 0.567469 3.865603 14.242551 -1.341735 -6.660649 19.631941 0.143926 -0.648243 49.342297 -0.798416 -6.404726 0.353029 -1.511149 -0.031939 20.222767 3.684305 2.316626 18.787245 0.000006 0.000000 10.751612 -0.479868 1.397904 0.000001 0.000000 0.000000 3.273805 0.305947 -0.580109 21.486792 11.830361 2.266131 8.162916 0.000002 0.000001 18.399054 -3.798980 -4.940568 0.000005 0.000001 -0.000002 16.156059 13.608697 -62.664482 -0.762771 -1.145593 52.674793 -21.639452 -12.992458 -17.143799 1.613783 -1.746269 -1.048634 -0.000000 -0.000001 0.000002 -18.463537 -19.888676 -64.768478 0.730670 1.747031 38.236065 28.142355 3.784393 0.235871 -1.391312 1.104272 -1.864049 -0.000000 -0.000001 -0.000001 
34.165195 85.031776 -47.306812 1.524829 23.631205 31.372908 -1.118275 -0.793613 12.756450 -0.626609 -2.105418 2.027817 3.091938 -3.903289 17.498989 23.800673 -3.679852 2.382190 -1.411333 -3.573704 -3.605465 5.173349 -6.388020 -1.780729 0.000077 -0.000023 0.000005 0.002155 0.020581 -0.111532 0.813594 -3.722485 -10.585757 -0.828106 3.741033 -10.549784 12.856185 -20.720417 4.395033 -60.715305 -58.607754 -0.902789 179.124176 -57.621563 -178.802750 9.256069 6.491584 28.020828 -5.882102 9.861279 0.702590 -10.936857 -0.360575 7.156196 -0.000000 8.774814 -0.000001 -15.661964 17.472466 5.966917 -1.844031 2.498504 -2.507276 -10.163589 4.678941 4.621104 -20.975994 -0.000003 0.000003 -21.226255 2.451692 -3.593996 0.000001 -0.000006 -0.000001 -1.362682 2.240797 -0.746323 -21.334887 0.584909 3.008319 -13.821197 -0.000002 0.000002 -23.887129 -0.249078 -0.839482 -59.593426 2.805080 -1.429860 -0.294026 1.679686 0.833255 -14.218194 0.093216 1.300581 -34.212002 -0.287562 0.967169 -20.033178 0.964535 1.212841 0.000000 0.000000 0.000000 -3.440386 0.788233 0.501655 -15.928169 -3.167305 2.999703 -6.338815 -0.000001 0.000002 -18.123415 3.648176 -4.905663 -0.000004 -0.000000 -0.000002 5.149711 16.644281 8.489538 43.968273 26.326918 -34.317600 -178.107437 51.114956 -178.671188 -30.218201 0.709948 8.016167 2.243539 -5.255033 -3.180156 14.282877 -0.826592 6.952496 -0.000003 -12.690593 0.000002 15.359870 -17.369724 2.704999 1.665665 -1.955919 -2.878297 4.727794 -4.170584 4.993920 11.020511 0.000003 0.000002 12.109030 -3.735710 -2.866779 -0.000002 -0.000000 -0.000000 1.291984 -1.928547 -1.498089 14.800111 0.567467 3.865605 14.242554 -1.341734 -6.660646 19.631937 0.143927 -0.648241 49.327602 -0.840659 -6.368782 0.353029 -1.511150 -0.031940 20.222769 3.684308 2.316630 18.787245 0.000005 0.000002 10.751611 -0.479869 1.397905 0.000001 0.000001 -0.000001 3.273804 0.305946 -0.580110 21.486797 11.830369 2.266133 8.162917 0.000003 0.000001 18.399050 -3.798981 -4.940565 0.000003 0.000000 0.000000 15.669145 13.682323 -62.889606 -0.737116 -1.103761 52.316952 -21.457024 -13.233409 -16.535452 1.607848 -1.745719 -1.100411 -0.000000 -0.000001 0.000002 -18.041838 -20.846418 -65.080513 0.734456 1.731122 38.350124 28.006546 4.248200 0.759608 -1.395904 1.097624 -1.790498 0.000000 -0.000001 -0.000001 
34.013851 84.958252 -47.477123 1.853806 23.726381 31.185419 -0.983725 -0.746600 12.792964 -0.581222 -1.968477 2.037840 3.019313 -3.774130 17.438383 22.907894 -3.723156 2.116176 -1.469842 -3.729910 -3.601823 5.151364 -6.594634 -1.937690 0.000077 -0.000022 0.000005 0.015484 0.013976 -0.118027 0.822512 -3.733247 -10.595050 -0.813833 3.748242 -10.567854 12.629683 -20.469563 4.211841 -60.586235 -58.910309 -1.473614 179.331818 -57.877106 -178.836960 9.627169 5.979380 27.818411 -5.882099 9.861278 0.702591 -10.936858 -0.360575 7.156196 0.000001 8.774813 -0.000002 -15.756078 17.451015 5.892756 -1.844031 2.498504 -2.507277 -10.163589 4.678939 4.621104 -20.975994 -0.000007 0.000002 -21.226254 2.451689 -3.593994 0.000000 -0.000005 -0.000001 -1.362680 2.240796 -0.746323 -21.334887 0.584906 3.008319 -13.821194 -0.000004 0.000003 -23.887129 -0.249081 -0.839480 -59.620110 2.806046 -1.426079 -0.294024 1.679686 0.833256 -14.218192 0.093213 1.300578 -34.212006 -0.287568 0.967170 -20.033176 0.964532 1.212843 -0.000000 0.000001 -0.000001 -3.440384 0.788231 0.501655 -15.928167 -3.167310 2.999704 -6.338818 -0.000002 0.000001 -18.123411 3.648172 -4.905659 -0.000004 -0.000001 -0.000001 4.600940 16.761978 8.205713 43.169971 27.091585 -35.337616 -178.178345 51.084736 -178.641922 -30.003407 0.728954 8.451109 2.243540 -5.255032 -3.180155 14.282878 -0.826593 6.952495 -0.000003 -12.690590 -0.000001 15.428226 -17.450485 2.696533 1.665666 -1.955919 -2.878297 4.727793 -4.170582 4.993918 11.020513 0.000004 -0.000001 12.109035 -3.735706 -2.866780 0.000001 0.000001 -0.000001 1.291985 -1.928547 -1.498088 14.800117 0.567469 3.865601 14.242554 -1.341734 -6.660650 19.631935 0.143927 -0.648245 49.328945 -0.838186 -6.363750 0.353028 -1.511148 -0.031941 20.222769 3.684308 2.316626 18.787249 0.000007 -0.000002 10.751611 -0.479868 1.397904 0.000001 0.000001 -0.000002 3.273805 0.305947 -0.580111 21.486794 11.830362 2.266128 8.162918 0.000003 -0.000003 18.399055 -3.798974 -4.940567 0.000004 0.000002 -0.000001 15.313630 13.698075 -62.836018 -0.746916 -1.111448 52.324085 -21.283714 -13.501644 -16.292044 1.605172 -1.758879 -1.098514 0.000000 -0.000000 0.000002 -17.606318 -21.779058 -65.273445 0.754429 1.703299 38.700039 27.826609 4.921894 1.217925 -1.397700 1.091637 -1.649157 -0.000000 -0.000000 -0.000001 
33.970379 84.866722 -47.530571 2.123499 23.711134 30.776171 -0.881672 -0.716291 12.781347 -0.548269 -1.854751 1.990835 2.971541 -3.698210 17.383421 22.152733 -3.780658 1.930964 -1.533448 -3.875021 -3.594362 5.274078 -6.790796 -2.216135 0.000078 -0.000023 0.000006 0.022260 0.011328 -0.112613 0.824000 -3.732474 -10.602655 -0.803415 3.745035 -10.542557 12.347987 -20.156620 4.167606 -60.543449 -59.281723 -1.877669 179.821365 -58.080463 -179.177734 9.975513 5.543845 27.759722 -5.882102 9.861279 0.702588 -10.936861 -0.360576 7.156198 -0.000000 8.774813 -0.000002 -15.837708 17.429529 5.821840 -1.844031 2.498502 -2.507275 -10.163590 4.678937 4.621102 -20.975994 -0.000004 0.000005 -21.226255 2.451691 -3.593992 0.000000 -0.000006 -0.000001 -1.362679 2.240795 -0.746322 -21.334888 0.584908 3.008321 -13.821195 -0.000002 0.000002 -23.887133 -0.249078 -0.839479 -59.598328 2.787263 -1.428790 -0.294026 1.679685 0.833255 -14.218195 0.093212 1.300580 -34.212013 -0.287565 0.967171 -20.033178 0.964535 1.212844 0.000000 0.000001 0.000000 -3.440387 0.788231 0.501656 -15.928167 -3.167307 2.999705 -6.338814 -0.000001 0.000002 -18.123415 3.648175 -4.905661 -0.000004 -0.000000 -0.000001 4.125099 16.736164 8.026100 42.660446 27.735788 -35.942039 -178.271530 50.858780 -178.657135 -29.863253 0.836933 8.409398 2.243540 -5.255033 -3.180154 14.282878 -0.826595 6.952497 -0.000001 -12.690588 -0.000000 15.489135 -17.446255 2.677857 1.665665 -1.955919 -2.878296 4.727795 -4.170585 4.993917 11.020513 0.000002 0.000000 12.109032 -3.735711 -2.866781 0.000001 0.000001 -0.000001 1.291985 -1.928550 -1.498087 14.800114 0.567465 3.865602 14.242554 -1.341736 -6.660646 19.631941 0.143925 -0.648242 49.396542 -0.812581 -6.317035 0.353029 -1.511150 -0.031940 20.222771 3.684306 2.316630 18.787249 0.000004 0.000002 10.751611 -0.479868 1.397905 0.000001 0.000002 0.000000 3.273804 0.305947 -0.580109 21.486792 11.830361 2.266131 8.162916 0.000001 -0.000001 18.399055 -3.798981 -4.940569 0.000004 0.000000 -0.000003 15.077997 13.651814 -62.474869 -0.728113 -1.094387 52.517693 -21.158566 -13.877341 -16.301903 1.602970 -1.752911 -1.102399 -0.000000 0.000000 0.000002 -17.255316 -22.601000 -65.257683 0.751638 1.663543 39.154198 27.637791 5.754666 1.564630 -1.395594 1.097810 -1.521538 0.000000 -0.000002 -0.000001 
34.094246 84.785988 -47.601887 2.369052 23.552549 30.248297 -0.819823 -0.661649 12.701295 -0.494689 -1.768735 1.912043 2.871849 -3.656941 17.284777 21.509850 -3.804001 1.816970 -1.616950 -3.999164 -3.572613 5.485780 -7.009553 -2.618751 0.000077 -0.000023 0.000006 0.014903 0.017600 -0.118768 0.813645 -3.728999 -10.594705 -0.803152 3.753488 -10.530193 12.061028 -19.814743 4.160475 -60.576862 -59.679375 -2.001877 -179.689407 -58.195408 -179.543442 10.266685 5.215789 27.907946 -5.882100 9.861277 0.702589 -10.936857 -0.360574 7.156197 0.000002 8.774812 0.000001 -15.913059 17.419678 5.807275 -1.844031 2.498502 -2.507275 -10.163587 4.678937 4.621104 -20.975992 -0.000006 0.000001 -21.226250 2.451690 -3.593995 0.000000 -0.000006 0.000000 -1.362680 2.240795 -0.746323 -21.334887 0.584908 3.008321 -13.821190 -0.000002 0.000002 -23.887121 -0.249081 -0.839484 -59.580078 2.770761 -1.400483 -0.294024 1.679686 0.833254 -14.218190 0.093214 1.300578 -34.211998 -0.287565 0.967168 -20.033173 0.964536 1.212842 0.000000 0.000001 0.000001 -3.440384 0.788234 0.501654 -15.928165 -3.167307 2.999702 -6.338816 -0.000002 0.000002 -18.123411 3.648174 -4.905663 -0.000004 -0.000000 -0.000001 3.752494 16.636560 7.913153 42.321106 28.280020 -36.150059 -178.260803 50.457283 -178.662079 -29.914423 1.085855 8.024957 2.243540 -5.255033 -3.180154 14.282877 -0.826595 6.952495 -0.000001 -12.690591 0.000000 15.498163 -17.399347 2.674263 1.665665 -1.955920 -2.878296 4.727794 -4.170585 4.993918 11.020510 0.000003 -0.000001 12.109035 -3.735711 -2.866779 0.000002 0.000001 -0.000001 1.291984 -1.928547 -1.498089 14.800111 0.567468 3.865603 14.242553 -1.341735 -6.660648 19.631939 0.143924 -0.648244 49.457577 -0.723513 -6.270815 0.353029 -1.511148 -0.031939 20.222767 3.684305 2.316628 18.787245 0.000003 -0.000000 10.751613 -0.479868 1.397903 0.000001 -0.000001 0.000002 3.273804 0.305946 -0.580110 21.486788 11.830361 2.266129 8.162916 0.000001 -0.000001 18.399054 -3.798981 -4.940567 0.000003 0.000002 0.000000 14.783826 13.572628 -61.991020 -0.723906 -1.080459 52.893909 -20.952677 -14.282032 -16.512001 1.601980 -1.760480 -1.088602 -0.000000 0.000000 0.000002 -17.075079 -23.348608 -64.995361 0.758087 1.637651 39.340050 27.575998 6.561106 2.023262 -1.394333 1.086623 -1.376037 -0.000000 -0.000001 -0.000001 
34.329414 84.744713 -47.641487 2.575558 23.262846 29.585913 -0.776148 -0.634160 12.542264 -0.469850 -1.678190 1.798404 2.773412 -3.633559 17.180767 20.922909 -3.832193 1.786543 -1.686774 -4.098577 -3.577212 5.763998 -7.164147 -3.176824 0.000077 -0.000023 0.000006 0.003951 0.025003 -0.099752 0.793372 -3.718554 -10.577362 -0.803263 3.769833 -10.521538 11.810291 -19.443806 4.152049 -60.692047 -60.074947 -1.899641 -179.404312 -58.255268 -179.836395 10.478111 4.902305 28.242678 -5.882101 9.861278 0.702588 -10.936858 -0.360576 7.156195 0.000002 8.774813 -0.000002 -15.998981 17.398283 5.772626 -1.844031 2.498502 -2.507277 -10.163589 4.678938 4.621101 -20.975994 -0.000004 0.000001 -21.226254 2.451690 -3.593994 0.000001 -0.000007 0.000001 -1.362680 2.240795 -0.746324 -21.334887 0.584907 3.008317 -13.821192 -0.000002 0.000001 -23.887123 -0.249081 -0.839482 -59.631325 2.738424 -1.390144 -0.294025 1.679686 0.833254 -14.218192 0.093213 1.300579 -34.212002 -0.287565 0.967169 -20.033176 0.964533 1.212840 0.000000 0.000000 0.000001 -3.440385 0.788233 0.501654 -15.928165 -3.167308 2.999703 -6.338816 -0.000001 0.000000 -18.123415 3.648174 -4.905665 -0.000003 -0.000000 -0.000003 3.493909 16.457806 7.862964 42.149448 28.877317 -36.065147 -178.290497 50.124920 -178.669632 -30.044371 1.457013 7.385859 2.243540 -5.255032 -3.180154 14.282877 -0.826595 6.952494 -0.000001 -12.690591 0.000003 15.526122 -17.355543 2.688424 1.665665 -1.955920 -2.878297 4.727794 -4.170583 4.993918 11.020513 0.000004 -0.000002 12.109033 -3.735710 -2.866780 -0.000000 0.000001 -0.000002 1.291984 -1.928548 -1.498087 14.800109 0.567466 3.865602 14.242554 -1.341735 -6.660648 19.631939 0.143924 -0.648244 49.503376 -0.717713 -6.219598 0.353029 -1.511149 -0.031939 20.222771 3.684305 2.316627 18.787247 0.000004 -0.000000 10.751610 -0.479869 1.397903 -0.000000 -0.000001 0.000002 3.273805 0.305947 -0.580110 21.486790 11.830361 2.266130 8.162917 -0.000001 -0.000001 18.399050 -3.798980 -4.940570 0.000003 0.000001 -0.000001 14.508424 13.443105 -61.272530 -0.716996 -1.075370 53.304020 -20.698437 -14.701324 -16.883146 1.598780 -1.759984 -1.065926 0.000000 -0.000000 0.000002 -17.043062 -23.952457 -64.470573 0.760796 1.616973 39.302925 27.579224 7.250527 2.526314 -1.389423 1.087521 -1.266686 -0.000000 -0.000000 -0.000001 
34.651161 84.767487 -47.617104 2.746718 22.829332 28.874920 -0.761425 -0.630828 12.338003 -0.454813 -1.603701 1.643151 2.653331 -3.615096 17.079905 20.369118 -3.796434 1.805115 -1.743897 -4.173155 -3.568347 6.101273 -7.293312 -3.800125 0.000077 -0.000023 0.000005 -0.008001 0.039617 -0.110832 0.765117 -3.703341 -10.575776 -0.809783 3.778607 -10.513101 11.597942 -19.074511 4.179216 -60.791248 -60.525108 -1.690031 -179.434204 -58.238117 -179.920334 10.660069 4.561825 28.591003 -5.882100 9.861276 0.702589 -10.936859 -0.360576 7.156199 0.000001 8.774811 -0.000003 -16.132210 17.426540 5.759526 -1.844031 2.498501 -2.507277 -10.163590 4.678938 4.621104 -20.976000 -0.000005 0.000004 -21.226255 2.451694 -3.593991 0.000000 -0.000006 -0.000001 -1.362680 2.240794 -0.746322 -21.334888 0.584908 3.008322 -13.821197 -0.000002 0.000004 -23.887125 -0.249077 -0.839479 -59.796719 2.725997 -1.429503 -0.294025 1.679685 0.833254 -14.218194 0.093214 1.300581 -34.212002 -0.287565 0.967172 -20.033178 0.964535 1.212844 -0.000000 0.000002 -0.000000 -3.440385 0.788234 0.501654 -15.928167 -3.167305 2.999705 -6.338816 0.000000 0.000001 -18.123415 3.648176 -4.905661 -0.000003 -0.000000 -0.000003 3.318365 16.232994 7.876299 42.064949 29.564541 -35.840939 -178.404846 49.806797 -178.782486 -30.244490 1.849271 6.906490 2.243540 -5.255032 -3.180155 14.282877 -0.826593 6.952497 -0.000002 -12.690590 -0.000000 15.505221 -17.268042 2.658742 1.665664 -1.955920 -2.878298 4.727793 -4.170583 4.993918 11.020512 0.000004 -0.000001 12.109032 -3.735708 -2.866778 0.000001 0.000000 0.000000 1.291984 -1.928547 -1.498087 14.800111 0.567469 3.865604 14.242553 -1.341734 -6.660646 19.631939 0.143926 -0.648242 49.537411 -0.704119 -6.209667 0.353028 -1.511148 -0.031940 20.222769 3.684305 2.316629 18.787247 0.000004 0.000001 10.751610 -0.479869 1.397905 0.000000 0.000002 0.000000 3.273804 0.305948 -0.580111 21.486795 11.830361 2.266132 8.162916 -0.000000 0.000000 18.399050 -3.798978 -4.940566 0.000003 0.000000 -0.000002 14.238050 13.336029 -60.335026 -0.718019 -1.050832 53.633251 -20.453224 -15.114260 -17.338585 1.597843 -1.761964 -1.024862 -0.000000 0.000000 0.000002 -17.085388 -24.437332 -63.767052 0.785596 1.616818 39.017029 27.585165 7.836491 3.075125 -1.387152 1.063955 -1.179993 -0.000000 -0.000000 -0.000001 
35.026806 84.870132 -47.577469 2.875382 22.296942 28.069197 -0.771906 -0.609649 12.049663 -0.429504 -1.571507 1.493065 2.500568 -3.608409 16.960112 19.882872 -3.773337 1.900914 -1.821242 -4.203935 -3.552384 6.434031 -7.385299 -4.489169 0.000077 -0.000023 0.000008 -0.028220 0.056946 -0.087610 0.734890 -3.678791 -10.575108 -0.817332 3.798667 -10.491118 11.418409 -18.789503 4.195424 -60.949135 -60.841068 -1.571558 -179.560516 -58.295059 -179.940521 10.834357 4.181674 28.807308 -5.882102 9.861278 0.702588 -10.936856 -0.360575 7.156193 0.000002 8.774812 -0.000001 -16.270088 17.452318 5.731201 -1.844032 2.498503 -2.507274 -10.163589 4.678941 4.621104 -20.975992 -0.000004 0.000000 -21.226250 2.451692 -3.593994 -0.000001 -0.000006 0.000000 -1.362680 2.240795 -0.746323 -21.334887 0.584907 3.008317 -13.821193 -0.000002 0.000003 -23.887129 -0.249080 -0.839483 -59.966614 2.728782 -1.503083 -0.294024 1.679686 0.833255 -14.218190 0.093214 1.300579 -34.211998 -0.287566 0.967168 -20.033176 0.964533 1.212843 0.000000 0.000001 0.000002 -3.440386 0.788232 0.501654 -15.928169 -3.167305 2.999702 -6.338817 -0.000001 0.000001 -18.123413 3.648176 -4.905661 -0.000004 0.000001 -0.000003 3.182946 15.964279 7.921007 42.150131 30.300200 -35.385799 -178.634888 49.585278 -178.988419 -30.508520 2.191064 6.742475 2.243540 -5.255033 -3.180155 14.282877 -0.826594 6.952493 0.000000 -12.690588 0.000000 15.436197 -17.212536 2.656396 1.665665 -1.955920 -2.878296 4.727794 -4.170583 4.993918 11.020513 0.000004 -0.000001 12.109033 -3.735711 -2.866781 0.000002 0.000002 -0.000000 1.291985 -1.928548 -1.498088 14.800113 0.567466 3.865602 14.242551 -1.341737 -6.660650 19.631941 0.143925 -0.648246 49.474762 -0.701960 -6.185874 0.353029 -1.511151 -0.031939 20.222767 3.684304 2.316627 18.787247 0.000004 -0.000002 10.751612 -0.479868 1.397904 0.000001 0.000000 0.000000 3.273804 0.305946 -0.580110 21.486788 11.830362 2.266131 8.162916 0.000000 -0.000001 18.399052 -3.798980 -4.940568 0.000004 -0.000001 -0.000001 13.968530 13.240380 -59.167465 -0.691908 -1.022370 53.815315 -20.224396 -15.480736 -17.788410 1.599280 -1.757190 -0.990928 0.000000 -0.000001 0.000002 -17.252623 -24.718761 -62.790909 0.787805 1.619814 38.407806 27.613298 8.300779 3.692683 -1.384377 1.048200 -1.187460 -0.000000 -0.000001 -0.000001 
35.398788 85.009598 -47.423870 2.969029 21.658092 27.118237 -0.794212 -0.621658 11.751993 -0.432708 -1.575631 1.290319 2.322042 -3.643121 16.889189 19.467211 -3.713835 2.022289 -1.849382 -4.243497 -3.549455 6.713240 -7.394819 -5.284082 0.000077 -0.000023 0.000007 -0.044433 0.069079 -0.067930 0.702839 -3.663698 -10.554041 -0.818053 3.807093 -10.476318 11.276456 -18.575371 4.226831 -60.895348 -61.125004 -1.920414 -179.738708 -58.370590 -179.965607 11.131387 3.733027 28.762857 -5.882100 9.861278 0.702590 -10.936857 -0.360575 7.156195 0.000001 8.774814 -0.000001 -16.439890 17.490707 5.726575 -1.844031 2.498503 -2.507276 -10.163589 4.678940 4.621104 -20.975994 -0.000004 0.000000 -21.226254 2.451692 -3.593996 0.000000 -0.000006 0.000000 -1.362680 2.240796 -0.746323 -21.334887 0.584907 3.008320 -13.821197 -0.000004 0.000001 -23.887125 -0.249079 -0.839479 -60.184849 2.760769 -1.536807 -0.294024 1.679685 0.833254 -14.218195 0.093216 1.300580 -34.212002 -0.287562 0.967168 -20.033182 0.964534 1.212840 0.000000 0.000001 0.000000 -3.440386 0.788231 0.501655 -15.928165 -3.167307 2.999703 -6.338815 -0.000001 0.000001 -18.123415 3.648174 -4.905662 -0.000004 0.000001 -0.000002 3.015246 15.650801 7.920796 42.322960 31.126404 -34.815781 -178.920319 49.410400 -179.227951 -30.769390 2.473971 6.868916 2.243539 -5.255033 -3.180156 14.282877 -0.826591 6.952497 -0.000002 -12.690586 0.000001 15.462854 -17.251022 2.595879 1.665665 -1.955920 -2.878298 4.727792 -4.170584 4.993918 11.020513 0.000005 0.000000 12.109033 -3.735707 -2.866780 0.000000 0.000002 0.000000 1.291984 -1.928550 -1.498088 14.800117 0.567470 3.865605 14.242554 -1.341734 -6.660650 19.631939 0.143927 -0.648242 49.456070 -0.703729 -6.203835 0.353028 -1.511150 -0.031940 20.222769 3.684305 2.316627 18.787247 0.000007 0.000001 10.751610 -0.479866 1.397905 0.000003 -0.000001 0.000001 3.273805 0.305947 -0.580109 21.486792 11.830362 2.266133 8.162915 0.000001 -0.000001 18.399052 -3.798976 -4.940567 0.000003 0.000000 -0.000001 13.825857 13.122164 -57.649654 -0.687399 -0.994391 53.876354 -20.011147 -15.715721 -18.344843 1.601808 -1.747230 -0.910781 0.000000 -0.000001 0.000002 -17.537849 -24.777864 -61.627747 0.789947 1.608027 37.830048 27.543352 8.708741 4.171916 -1.381515 1.049011 -1.194446 -0.000000 -0.000000 -0.000001 
35.761921 85.154816 -47.175629 2.984435 20.911102 25.989058 -0.849329 -0.643835 11.451726 -0.417758 -1.614277 1.087508 2.076969 -3.711035 16.737717 19.164541 -3.674178 2.213444 -1.886246 -4.276635 -3.574370 6.979147 -7.392131 -6.167464 0.000077 -0.000023 0.000007 -0.052573 0.089990 -0.085996 0.692120 -3.640189 -10.587174 -0.815547 3.821469 -10.477812 11.130553 -18.481083 4.300123 -60.635902 -61.288704 -2.625831 -179.968826 -58.454906 -179.939560 11.576411 3.155428 28.412424 -5.882099 9.861278 0.702589 -10.936857 -0.360575 7.156196 0.000001 8.774813 -0.000001 -16.553970 17.522272 5.722006 -1.844031 2.498503 -2.507277 -10.163589 4.678941 4.621104 -20.975992 -0.000004 0.000002 -21.226255 2.451690 -3.593997 -0.000001 -0.000005 -0.000003 -1.362679 2.240799 -0.746324 -21.334887 0.584908 3.008317 -13.821197 -0.000003 -0.000000 -23.887129 -0.249081 -0.839479 -60.370270 2.774290 -1.541935 -0.294024 1.679686 0.833255 -14.218190 0.093213 1.300577 -34.211998 -0.287565 0.967169 -20.033175 0.964533 1.212842 0.000000 0.000001 0.000000 -3.440385 0.788232 0.501655 -15.928165 -3.167305 2.999702 -6.338815 -0.000001 0.000001 -18.123413 3.648175 -4.905662 -0.000005 -0.000000 -0.000002 2.836624 15.270741 7.926941 42.594456 31.927397 -34.100765 -179.263626 49.121265 -179.486557 -31.075939 2.666005 7.394879 2.243541 -5.255034 -3.180156 14.282877 -0.826594 6.952496 -0.000001 -12.690592 0.000002 15.537968 -17.312159 2.542016 1.665665 -1.955921 -2.878297 4.727794 -4.170586 4.993918 11.020511 0.000004 -0.000001 12.109032 -3.735709 -2.866780 0.000001 0.000002 0.000000 1.291984 -1.928548 -1.498088 14.800109 0.567470 3.865602 14.242554 -1.341733 -6.660649 19.631939 0.143927 -0.648245 49.453316 -0.703527 -6.205344 0.353029 -1.511149 -0.031939 20.222769 3.684305 2.316627 18.787245 0.000005 -0.000002 10.751610 -0.479866 1.397903 0.000002 -0.000002 -0.000000 3.273804 0.305947 -0.580110 21.486790 11.830363 2.266128 8.162917 0.000002 -0.000000 18.399052 -3.798980 -4.940569 0.000004 0.000001 -0.000001 13.855348 12.969891 -55.815826 -0.675762 -0.973233 53.899960 -19.798403 -15.847604 -19.044214 1.599249 -1.742962 -0.837050 0.000000 -0.000001 0.000002 -17.905979 -24.572515 -60.316154 0.785282 1.594714 37.352638 27.372356 9.055245 4.482333 -1.382418 1.040948 -1.141756 -0.000000 -0.000000 -0.000001 
36.012226 85.307716 -46.776573 2.898831 20.101254 24.636389 -0.920198 -0.691906 11.144284 -0.450243 -1.694377 0.857535 1.804904 -3.845281 16.570976 18.989504 -3.633603 2.355371 -1.863613 -4.370121 -3.582734 7.182352 -7.379865 -7.164574 0.000076 -0.000022 0.000007 -0.046655 0.094099 -0.074889 0.688492 -3.633567 -10.597953 -0.799901 3.823290 -10.485556 10.957707 -18.544239 4.449250 -60.267624 -61.325745 -3.579610 179.865967 -58.590916 -179.941025 12.149467 2.441853 27.690584 -5.882099 9.861280 0.702588 -10.936858 -0.360575 7.156197 0.000002 8.774813 0.000001 -16.630922 17.537703 5.743068 -1.844031 2.498501 -2.507276 -10.163589 4.678940 4.621102 -20.975994 -0.000005 0.000000 -21.226254 2.451691 -3.593996 0.000000 -0.000006 -0.000002 -1.362680 2.240798 -0.746324 -21.334890 0.584908 3.008318 -13.821195 -0.000004 0.000001 -23.887133 -0.249082 -0.839483 -60.442970 2.781914 -1.561721 -0.294024 1.679685 0.833256 -14.218194 0.093215 1.300579 -34.212006 -0.287567 0.967167 -20.033180 0.964535 1.212839 -0.000000 -0.000000 -0.000001 -3.440386 0.788232 0.501655 -15.928169 -3.167308 2.999704 -6.338817 0.000000 0.000002 -18.123413 3.648175 -4.905662 -0.000003 0.000001 -0.000001 2.674272 14.791756 7.895533 42.942596 32.690884 -33.445728 -179.739365 48.731087 -179.821762 -31.357311 2.763671 8.301278 2.243540 -5.255032 -3.180155 14.282877 -0.826595 6.952495 -0.000003 -12.690588 0.000002 15.693999 -17.388878 2.453741 1.665665 -1.955921 -2.878296 4.727794 -4.170583 4.993918 11.020513 0.000006 -0.000001 12.109034 -3.735708 -2.866778 0.000002 0.000001 0.000000 1.291984 -1.928546 -1.498088 14.800114 0.567467 3.865602 14.242554 -1.341733 -6.660646 19.631939 0.143926 -0.648244 49.507278 -0.727633 -6.206870 0.353029 -1.511150 -0.031939 20.222771 3.684308 2.316627 18.787245 0.000007 -0.000000 10.751611 -0.479868 1.397904 0.000003 0.000002 0.000000 3.273804 0.305947 -0.580111 21.486790 11.830360 2.266129 8.162918 0.000001 -0.000001 18.399052 -3.798977 -4.940566 0.000003 0.000000 -0.000001 14.171064 12.768431 -53.555962 -0.647773 -0.967451 53.759960 -19.700830 -15.897604 -19.810837 1.600519 -1.753403 -0.770983 0.000000 -0.000000 0.000002 -18.244040 -24.112860 -58.915993 0.785870 1.551973 37.193832 27.021000 9.444733 4.519144 -1.385683 1.033576 -1.021141 -0.000000 -0.000000 -0.000001 
36.203159 85.466316 -46.256676 2.714547 19.287275 23.092726 -1.032991 -0.744009 10.820485 -0.484065 -1.857422 0.644458 1.495740 -4.069041 16.388996 18.985388 -3.617586 2.459223 -1.863839 -4.459940 -3.580774 7.377606 -7.382514 -8.227253 0.000076 -0.000023 0.000009 -0.035551 0.086100 -0.063985 0.697021 -3.638144 -10.593454 -0.785350 3.816196 -10.492455 10.727616 -18.764957 4.697277 -59.741592 -61.190823 -4.593460 179.639191 -58.770020 -179.893585 12.849482 1.664519 26.660948 -5.882100 9.861277 0.702589 -10.936858 -0.360574 7.156197 -0.000001 8.774814 -0.000001 -16.599390 17.551987 5.832303 -1.844031 2.498500 -2.507276 -10.163589 4.678942 4.621103 -20.975992 -0.000004 0.000003 -21.226248 2.451690 -3.593995 0.000000 -0.000007 -0.000001 -1.362680 2.240795 -0.746323 -21.334887 0.584909 3.008319 -13.821192 -0.000001 0.000000 -23.887123 -0.249078 -0.839480 -60.451782 2.754001 -1.512797 -0.294024 1.679687 0.833255 -14.218190 0.093215 1.300578 -34.212006 -0.287563 0.967170 -20.033176 0.964534 1.212841 -0.000000 0.000000 0.000001 -3.440385 0.788231 0.501655 -15.928165 -3.167305 2.999704 -6.338815 0.000000 0.000003 -18.123415 3.648175 -4.905663 -0.000003 -0.000000 -0.000003 2.558363 14.209620 7.852813 43.252998 33.288311 -32.833691 179.902069 48.178288 179.897873 -31.598700 2.689143 9.543247 2.243540 -5.255032 -3.180155 14.282875 -0.826592 6.952497 -0.000002 -12.690593 0.000002 15.870501 -17.463175 2.398318 1.665665 -1.955921 -2.878297 4.727793 -4.170584 4.993919 11.020512 0.000002 -0.000002 12.109033 -3.735709 -2.866780 -0.000001 0.000001 -0.000000 1.291984 -1.928548 -1.498088 14.800111 0.567467 3.865603 14.242553 -1.341736 -6.660649 19.631937 0.143926 -0.648244 49.614395 -0.736709 -6.143821 0.353029 -1.511149 -0.031940 20.222765 3.684306 2.316627 18.787247 0.000004 0.000000 10.751610 -0.479868 1.397903 0.000003 0.000002 0.000000 3.273805 0.305944 -0.580110 21.486788 11.830361 2.266130 8.162916 0.000002 0.000001 18.399050 -3.798981 -4.940568 0.000004 -0.000001 -0.000000 14.733928 12.466362 -50.961460 -0.606385 -0.948784 53.501308 -19.644276 -15.892847 -20.643887 1.598120 -1.771335 -0.742190 0.000000 -0.000000 0.000002 -18.524725 -23.500759 -57.386078 0.774822 1.480251 37.245335 26.662098 9.907018 4.375955 -1.391399 1.020241 -0.881980 0.000000 0.000000 -0.000001 
36.322693 85.653099 -45.655807 2.418505 18.475634 21.361738 -1.166827 -0.800329 10.517449 -0.549031 -2.078688 0.424783 1.141231 -4.352689 16.214106 19.164846 -3.693760 2.530550 -1.860528 -4.538328 -3.601713 7.522533 -7.363578 -9.193278 0.000077 -0.000023 0.000008 -0.022456 0.074021 -0.043608 0.701330 -3.649932 -10.595359 -0.766674 3.808626 -10.507215 10.392241 -19.141056 5.026108 -59.189739 -60.834232 -5.379773 179.503174 -58.994534 -179.848877 13.528062 1.090981 25.637400 -5.882100 9.861276 0.702589 -10.936858 -0.360576 7.156195 0.000000 8.774811 -0.000002 -16.502121 17.551834 5.933033 -1.844032 2.498501 -2.507275 -10.163588 4.678937 4.621103 -20.975994 -0.000005 -0.000000 -21.226246 2.451690 -3.593997 0.000000 -0.000008 0.000000 -1.362681 2.240796 -0.746323 -21.334887 0.584909 3.008319 -13.821192 -0.000001 0.000001 -23.887123 -0.249078 -0.839481 -60.347702 2.700662 -1.443930 -0.294024 1.679686 0.833255 -14.218190 0.093213 1.300578 -34.211998 -0.287565 0.967166 -20.033178 0.964536 1.212838 0.000000 0.000001 0.000000 -3.440384 0.788235 0.501653 -15.928164 -3.167306 2.999702 -6.338814 0.000000 0.000001 -18.123411 3.648178 -4.905662 -0.000005 -0.000002 -0.000002 2.573645 13.518250 7.820294 43.599182 33.605404 -32.201527 179.666153 47.665504 179.735550 -31.660723 2.474070 11.130052 2.243540 -5.255034 -3.180155 14.282878 -0.826596 6.952496 -0.000000 -12.690593 -0.000003 16.064665 -17.588337 2.373085 1.665665 -1.955919 -2.878296 4.727795 -4.170586 4.993918 11.020513 0.000004 -0.000001 12.109034 -3.735711 -2.866781 -0.000002 -0.000000 -0.000001 1.291985 -1.928549 -1.498088 14.800114 0.567466 3.865602 14.242553 -1.341737 -6.660648 19.631939 0.143924 -0.648243 49.695042 -0.779832 -6.128364 0.353028 -1.511149 -0.031940 20.222767 3.684306 2.316628 18.787245 0.000005 0.000000 10.751610 -0.479869 1.397904 0.000002 0.000002 0.000002 3.273804 0.305948 -0.580110 21.486790 11.830364 2.266131 8.162915 0.000004 -0.000001 18.399054 -3.798979 -4.940570 0.000003 0.000000 0.000000 15.486814 12.132489 -48.052185 -0.576449 -0.956584 53.053093 -19.615602 -15.837704 -21.457569 1.597654 -1.788478 -0.786416 -0.000000 -0.000000 0.000002 -18.697290 -22.737589 -55.692562 0.761114 1.418308 37.373131 26.309504 10.354916 4.116479 -1.396788 0.970811 -0.772117 0.000000 0.000000 -0.000001 
36.334305 85.836830 -45.029415 2.073060 17.710651 19.565506 -1.325590 -0.869286 10.226589 -0.628116 -2.302243 0.216699 0.773022 -4.702032 16.052752 19.415831 -3.812024 2.625072 -1.858734 -4.639376 -3.614057 7.621270 -7.345269 -9.997191 0.000076 -0.000023 0.000007 -0.011008 0.063316 -0.053868 0.713941 -3.664458 -10.582767 -0.747582 3.798661 -10.511987 10.026607 -19.566177 5.387143 -58.873920 -60.330196 -5.507391 179.221741 -59.257702 -179.599304 13.933708 0.815500 24.988129 -5.882100 9.861278 0.702591 -10.936860 -0.360574 7.156197 0.000000 8.774812 -0.000002 -16.393894 17.546112 6.035349 -1.844030 2.498501 -2.507275 -10.163589 4.678939 4.621104 -20.975996 -0.000003 0.000003 -21.226248 2.451694 -3.593992 0.000001 -0.000006 -0.000000 -1.362681 2.240793 -0.746322 -21.334892 0.584910 3.008320 -13.821197 -0.000002 0.000002 -23.887131 -0.249078 -0.839482 -60.217915 2.647030 -1.392945 -0.294024 1.679685 0.833256 -14.218192 0.093211 1.300579 -34.212006 -0.287564 0.967172 -20.033178 0.964535 1.212841 0.000000 0.000000 0.000000 -3.440386 0.788233 0.501655 -15.928167 -3.167310 2.999704 -6.338815 -0.000002 0.000001 -18.123411 3.648177 -4.905660 -0.000004 -0.000001 -0.000003 2.686383 12.766971 7.789203 43.850399 33.504921 -31.540163 179.499847 47.230637 179.668930 -31.555376 1.960253 12.775206 2.243540 -5.255033 -3.180155 14.282877 -0.826593 6.952494 -0.000002 -12.690593 -0.000000 16.197710 -17.670143 2.415606 1.665664 -1.955918 -2.878296 4.727793 -4.170584 4.993920 11.020512 0.000003 -0.000001 12.109034 -3.735712 -2.866779 -0.000001 -0.000001 -0.000001 1.291984 -1.928546 -1.498086 14.800111 0.567466 3.865602 14.242553 -1.341736 -6.660647 19.631939 0.143925 -0.648245 49.736252 -0.833023 -6.053159 0.353029 -1.511149 -0.031939 20.222767 3.684308 2.316627 18.787245 0.000005 -0.000001 10.751612 -0.479866 1.397903 0.000001 0.000001 0.000000 3.273803 0.305948 -0.580111 21.486790 11.830361 2.266130 8.162916 0.000003 -0.000000 18.399054 -3.798982 -4.940568 0.000004 0.000001 -0.000001 16.337730 11.794110 -45.035679 -0.542196 -0.991026 52.447559 -19.679213 -15.803341 -22.152216 1.598079 -1.822777 -0.921295 0.000000 0.000000 0.000002 -18.749279 -21.929913 -54.004669 0.773666 1.388957 37.645794 25.949417 10.781904 3.748016 -1.399598 0.961571 -0.740241 0.000000 0.000000 -0.000001 
36.316509 86.033409 -44.377571 1.714356 16.964169 17.776609 -1.499210 -0.944847 9.950184 -0.691225 -2.552606 0.004716 0.395674 -5.044532 15.890771 19.613150 -3.940450 2.761294 -1.880097 -4.746589 -3.623551 7.682668 -7.371655 -10.660607 0.000077 -0.000024 0.000006 -0.003487 0.053236 -0.041640 0.713970 -3.658673 -10.568132 -0.733857 3.778176 -10.497731 9.640422 -19.960207 5.765051 -58.863354 -59.822323 -5.150381 178.998993 -59.657539 -179.358948 14.115954 0.814267 24.543423 -5.882101 9.861279 0.702590 -10.936858 -0.360574 7.156196 0.000000 8.774815 -0.000002 -16.340843 17.610979 6.118214 -1.844030 2.498503 -2.507277 -10.163589 4.678938 4.621105 -20.975994 -0.000005 0.000001 -21.226250 2.451692 -3.593994 -0.000001 -0.000005 0.000000 -1.362681 2.240795 -0.746323 -21.334887 0.584906 3.008320 -13.821197 -0.000002 0.000002 -23.887131 -0.249079 -0.839483 -60.240147 2.596866 -1.381448 -0.294025 1.679686 0.833256 -14.218190 0.093214 1.300578 -34.212002 -0.287566 0.967169 -20.033176 0.964534 1.212842 0.000000 -0.000000 0.000002 -3.440386 0.788231 0.501656 -15.928167 -3.167307 2.999703 -6.338817 -0.000001 -0.000001 -18.123411 3.648176 -4.905663 -0.000004 -0.000000 -0.000001 2.818119 11.966776 7.789867 43.930405 33.083664 -30.702774 179.468338 46.898342 179.683670 -31.309641 1.231571 14.300483 2.243540 -5.255034 -3.180155 14.282878 -0.826594 6.952498 -0.000001 -12.690591 -0.000000 16.257410 -17.697590 2.457251 1.665664 -1.955919 -2.878296 4.727796 -4.170582 4.993921 11.020512 0.000003 -0.000001 12.109034 -3.735710 -2.866779 -0.000001 0.000001 0.000002 1.291983 -1.928545 -1.498088 14.800113 0.567465 3.865604 14.242554 -1.341736 -6.660647 19.631939 0.143924 -0.648243 49.777805 -0.883843 -5.990865 0.353029 -1.511150 -0.031940 20.222769 3.684305 2.316630 18.787245 0.000004 0.000001 10.751612 -0.479870 1.397904 0.000001 0.000001 0.000000 3.273804 0.305946 -0.580109 21.486792 11.830363 2.266134 8.162916 0.000002 -0.000000 18.399054 -3.798980 -4.940567 0.000004 0.000000 -0.000001 17.189604 11.473360 -41.963886 -0.509949 -1.024799 51.699066 -19.787123 -15.784559 -22.746534 1.597676 -1.844948 -1.129426 -0.000000 -0.000000 0.000002 -18.712900 -21.162451 -52.294888 0.775237 1.357646 37.896072 25.612581 11.295128 3.390825 -1.401720 0.934851 -0.765794 0.000000 0.000000 -0.000001 
36.291122 86.203773 -43.687248 1.354076 16.190723 16.074738 -1.675189 -0.992522 9.652333 -0.751330 -2.792510 -0.189644 0.051210 -5.374944 15.746072 19.710983 -4.028640 2.832939 -1.957764 -4.845434 -3.636287 7.704610 -7.468142 -11.191204 0.000077 -0.000024 0.000006 -0.001883 0.048779 -0.034113 0.714701 -3.659803 -10.544329 -0.735462 3.772976 -10.487479 9.228319 -20.287989 6.122349 -59.191296 -59.414078 -4.328033 178.819077 -60.128017 -179.104919 14.106941 1.013125 24.133091 -5.882101 9.861277 0.702590 -10.936861 -0.360574 7.156197 0.000002 8.774815 -0.000001 -16.299343 17.728029 6.199267 -1.844031 2.498501 -2.507275 -10.163590 4.678938 4.621105 -20.975998 -0.000008 0.000004 -21.226254 2.451691 -3.593992 0.000000 -0.000005 -0.000003 -1.362681 2.240799 -0.746323 -21.334894 0.584907 3.008320 -13.821198 -0.000002 0.000003 -23.887135 -0.249080 -0.839478 -60.361809 2.571831 -1.380505 -0.294024 1.679686 0.833255 -14.218195 0.093214 1.300580 -34.212006 -0.287565 0.967173 -20.033182 0.964533 1.212842 0.000000 0.000000 0.000000 -3.440386 0.788232 0.501655 -15.928167 -3.167306 2.999703 -6.338818 -0.000002 -0.000001 -18.123413 3.648175 -4.905661 -0.000003 -0.000000 -0.000001 2.918797 11.220516 7.801010 43.672005 32.493603 -29.975336 179.379257 46.715866 179.606323 -30.984175 0.467427 15.595428 2.243540 -5.255034 -3.180156 14.282877 -0.826593 6.952498 -0.000003 -12.690587 -0.000000 16.308617 -17.733818 2.499822 1.665665 -1.955920 -2.878297 4.727794 -4.170582 4.993917 11.020511 0.000004 -0.000002 12.109031 -3.735711 -2.866779 -0.000001 -0.000001 0.000001 1.291984 -1.928545 -1.498087 14.800111 0.567468 3.865604 14.242551 -1.341733 -6.660650 19.631937 0.143926 -0.648243 49.877674 -0.960643 -5.956190 0.353028 -1.511151 -0.031940 20.222767 3.684307 2.316628 18.787243 0.000005 -0.000001 10.751610 -0.479868 1.397903 0.000001 0.000002 -0.000000 3.273804 0.305948 -0.580109 21.486790 11.830364 2.266130 8.162916 -0.000000 0.000000 18.399054 -3.798981 -4.940568 0.000004 -0.000001 -0.000001 18.002058 11.265934 -38.942619 -0.506552 -1.079709 50.920078 -19.872503 -15.781561 -23.383724 1.600197 -1.873863 -1.308587 0.000000 -0.000000 0.000002 -18.622248 -20.422886 -50.697739 0.797001 1.339379 38.225628 25.253910 11.870479 2.977122 -1.405173 0.927380 -0.862748 -0.000000 -0.000001 -0.000001 
36.260727 86.356178 -43.038139 1.039924 15.427916 14.512000 -1.832222 -1.024905 9.341261 -0.809892 -3.006766 -0.394192 -0.274899 -5.709706 15.606778 19.704294 -4.057947 2.872920 -2.056772 -4.912117 -3.648404 7.679590 -7.652528 -11.649535 0.000077 -0.000023 0.000007 -0.007985 0.064773 -0.038307 0.704756 -3.636050 -10.541664 -0.734243 3.778798 -10.488931 8.791982 -20.551783 6.492692 -59.678139 -59.228420 -3.389799 178.869568 -60.695755 -179.094574 14.065724 1.232013 23.819616 -5.882102 9.861278 0.702590 -10.936860 -0.360572 7.156196 0.000000 8.774813 -0.000001 -16.273684 17.822165 6.261493 -1.844031 2.498505 -2.507275 -10.163589 4.678941 4.621104 -20.975996 -0.000003 0.000000 -21.226255 2.451692 -3.593996 0.000002 -0.000006 -0.000000 -1.362681 2.240796 -0.746323 -21.334890 0.584908 3.008321 -13.821197 -0.000002 0.000002 -23.887133 -0.249078 -0.839479 -60.527767 2.510582 -1.400201 -0.294024 1.679684 0.833255 -14.218194 0.093213 1.300579 -34.212002 -0.287563 0.967168 -20.033180 0.964533 1.212840 -0.000000 -0.000000 0.000001 -3.440385 0.788230 0.501656 -15.928169 -3.167305 2.999703 -6.338817 0.000000 0.000000 -18.123415 3.648177 -4.905663 -0.000006 0.000001 -0.000002 2.935332 10.591286 7.798223 43.130257 31.877831 -29.252394 179.367462 46.522747 179.510834 -30.586319 -0.292910 16.820137 2.243540 -5.255033 -3.180155 14.282877 -0.826594 6.952495 -0.000001 -12.690588 -0.000002 16.345633 -17.760242 2.537786 1.665663 -1.955919 -2.878297 4.727793 -4.170582 4.993918 11.020510 0.000003 0.000001 12.109033 -3.735707 -2.866777 -0.000001 0.000001 -0.000000 1.291984 -1.928547 -1.498089 14.800113 0.567468 3.865605 14.242553 -1.341734 -6.660650 19.631937 0.143922 -0.648242 50.022739 -1.027205 -5.962565 0.353028 -1.511148 -0.031942 20.222769 3.684304 2.316631 18.787245 0.000003 0.000000 10.751610 -0.479868 1.397903 -0.000000 0.000003 -0.000000 3.273804 0.305947 -0.580110 21.486794 11.830360 2.266135 8.162915 0.000001 -0.000001 18.399052 -3.798976 -4.940566 0.000003 -0.000001 -0.000001 18.725479 11.078705 -36.093552 -0.503713 -1.128400 50.121136 -20.006334 -15.789122 -23.802294 1.599588 -1.889973 -1.440541 -0.000000 -0.000000 0.000002 -18.518217 -19.759417 -49.229641 0.810430 1.316553 38.521580 24.987553 12.524542 2.637903 -1.406624 0.914753 -0.968048 -0.000000 -0.000000 -0.000001 
36.249985 86.474113 -42.437370 0.772095 14.676432 13.090787 -1.951464 -1.076123 8.991998 -0.870040 -3.180678 -0.578497 -0.557042 -5.995481 15.500646 19.588202 -4.044324 2.857284 -2.134441 -4.969018 -3.652186 7.562800 -7.843191 -12.094193 0.000077 -0.000024 0.000007 -0.005299 0.069890 -0.031045 0.706000 -3.638895 -10.541384 -0.732935 3.777125 -10.491249 8.342232 -20.763617 6.829358 -60.235641 -59.191612 -2.480805 179.066086 -61.246574 -179.259796 13.955971 1.447004 23.546028 -5.882101 9.861279 0.702588 -10.936857 -0.360575 7.156195 0.000002 8.774812 -0.000002 -16.281116 17.871931 6.272445 -1.844031 2.498503 -2.507275 -10.163589 4.678939 4.621101 -20.975994 -0.000006 0.000001 -21.226250 2.451691 -3.593993 0.000001 -0.000006 -0.000000 -1.362680 2.240798 -0.746323 -21.334892 0.584906 3.008318 -13.821197 -0.000005 0.000001 -23.887131 -0.249081 -0.839482 -60.680496 2.462051 -1.413767 -0.294023 1.679688 0.833254 -14.218190 0.093214 1.300577 -34.211998 -0.287568 0.967167 -20.033175 0.964533 1.212841 -0.000000 -0.000000 0.000002 -3.440385 0.788233 0.501654 -15.928165 -3.167307 2.999703 -6.338815 -0.000003 0.000001 -18.123411 3.648175 -4.905662 -0.000005 -0.000000 -0.000002 2.910871 10.106032 7.798523 42.416759 31.454161 -28.584740 179.351898 46.338963 179.446045 -30.184029 -1.004199 17.866655 2.243539 -5.255033 -3.180153 14.282877 -0.826596 6.952495 -0.000001 -12.690586 -0.000001 16.444386 -17.796116 2.580198 1.665665 -1.955921 -2.878295 4.727795 -4.170584 4.993917 11.020510 0.000002 -0.000001 12.109032 -3.735709 -2.866779 -0.000001 0.000002 -0.000000 1.291985 -1.928547 -1.498085 14.800113 0.567470 3.865604 14.242554 -1.341732 -6.660648 19.631939 0.143926 -0.648242 50.211166 -1.097400 -5.998234 0.353028 -1.511149 -0.031939 20.222769 3.684306 2.316629 18.787245 0.000004 -0.000000 10.751610 -0.479869 1.397904 0.000001 0.000002 -0.000002 3.273805 0.305947 -0.580110 21.486790 11.830359 2.266131 8.162916 0.000003 -0.000001 18.399052 -3.798978 -4.940567 0.000004 -0.000001 -0.000001 19.345997 10.940558 -33.483776 -0.505692 -1.184837 49.435490 -20.154638 -15.844837 -24.193262 1.601112 -1.900399 -1.534869 -0.000000 0.000000 0.000002 -18.475094 -19.097034 -47.891865 0.849557 1.306934 38.809818 24.827692 13.119368 2.315458 -1.406211 0.910055 -1.079452 -0.000000 -0.000000 -0.000001 
36.345501 86.584137 -41.912117 0.528203 13.870481 11.767267 -2.038080 -1.104871 8.619793 -0.917569 -3.322103 -0.761165 -0.778092 -6.230481 15.431684 19.348106 -3.972736 2.795688 -2.192606 -5.034661 -3.640477 7.367710 -8.029479 -12.567030 0.000078 -0.000023 0.000004 -0.007270 0.070296 -0.030085 0.698548 -3.625728 -10.541013 -0.733443 3.782191 -10.499203 7.902392 -20.920818 7.113492 -60.706013 -59.236759 -1.703814 179.148346 -61.842907 -179.351562 13.792072 1.576823 23.179546 -5.882102 9.861272 0.702591 -10.936858 -0.360576 7.156198 0.000002 8.774811 -0.000002 -16.233068 17.898788 6.312079 -1.844031 2.498499 -2.507275 -10.163591 4.678941 4.621104 -20.975998 -0.000006 0.000004 -21.226255 2.451692 -3.593989 0.000001 -0.000006 -0.000002 -1.362681 2.240794 -0.746322 -21.334894 0.584908 3.008321 -13.821197 -0.000004 0.000003 -23.887135 -0.249078 -0.839480 -60.747158 2.436098 -1.421970 -0.294024 1.679687 0.833255 -14.218194 0.093213 1.300580 -34.212006 -0.287564 0.967175 -20.033180 0.964534 1.212844 -0.000001 -0.000001 0.000001 -3.440385 0.788230 0.501656 -15.928173 -3.167307 2.999704 -6.338818 0.000000 0.000001 -18.123415 3.648174 -4.905659 -0.000005 -0.000001 -0.000002 2.844757 9.769349 7.774840 41.669933 31.244692 -27.892303 179.508026 46.211792 179.418152 -29.694609 -1.569386 18.851051 2.243539 -5.255032 -3.180156 14.282877 -0.826593 6.952494 -0.000003 -12.690592 0.000000 16.414391 -17.769043 2.673998 1.665664 -1.955917 -2.878296 4.727793 -4.170583 4.993919 11.020511 0.000004 -0.000003 12.109031 -3.735712 -2.866780 -0.000000 -0.000001 0.000001 1.291985 -1.928550 -1.498087 14.800111 0.567468 3.865602 14.242554 -1.341737 -6.660650 19.631939 0.143927 -0.648245 50.377518 -1.125554 -6.029465 0.353030 -1.511150 -0.031938 20.222767 3.684306 2.316628 18.787245 0.000006 -0.000002 10.751610 -0.479867 1.397903 0.000000 0.000003 0.000001 3.273805 0.305947 -0.580110 21.486792 11.830365 2.266130 8.162917 0.000003 0.000000 18.399048 -3.798976 -4.940567 0.000004 0.000001 -0.000001 19.835192 10.862257 -31.071554 -0.510275 -1.231180 48.922226 -20.213324 -15.870598 -24.492058 1.602461 -1.914092 -1.608634 0.000000 -0.000000 0.000002 -18.488604 -18.427805 -46.574043 0.875988 1.316917 38.861729 24.780016 13.679145 2.163366 -1.406363 0.895158 -1.186562 -0.000000 -0.000000 -0.000001 
36.418163 86.705170 -41.402279 0.303040 13.044732 10.533335 -2.096592 -1.115705 8.232275 -0.936419 -3.469804 -0.954432 -0.941717 -6.385649 15.342012 19.068703 -3.851465 2.738235 -2.269781 -5.083621 -3.628953 7.103837 -8.205957 -13.133706 0.000077 -0.000022 0.000006 -0.005179 0.070020 -0.012390 0.696987 -3.623260 -10.523684 -0.726833 3.773932 -10.483941 7.477465 -20.990211 7.367413 -60.912422 -59.322742 -1.190707 179.198334 -62.393028 -179.407257 13.599881 1.665718 22.711918 -5.882102 9.861279 0.702590 -10.936858 -0.360575 7.156198 0.000000 8.774813 -0.000003 -16.203012 17.947386 6.325492 -1.844030 2.498503 -2.507276 -10.163590 4.678940 4.621106 -20.975998 -0.000005 0.000003 -21.226255 2.451693 -3.593993 0.000000 -0.000006 -0.000002 -1.362681 2.240799 -0.746323 -21.334890 0.584906 3.008322 -13.821195 -0.000004 0.000004 -23.887133 -0.249077 -0.839483 -60.814785 2.409793 -1.427019 -0.294024 1.679688 0.833255 -14.218194 0.093214 1.300578 -34.212006 -0.287566 0.967169 -20.033180 0.964534 1.212840 0.000000 0.000000 -0.000001 -3.440386 0.788234 0.501656 -15.928169 -3.167308 2.999704 -6.338815 -0.000001 -0.000001 -18.123415 3.648175 -4.905660 -0.000006 -0.000000 -0.000001 2.753337 9.605536 7.744932 41.011261 31.302738 -27.263063 179.647171 46.165260 179.416092 -29.249586 -2.050020 19.707100 2.243539 -5.255033 -3.180155 14.282871 -0.826592 6.952492 -0.000001 -12.690592 -0.000000 16.401711 -17.774529 2.733255 1.665665 -1.955920 -2.878297 4.727791 -4.170581 4.993918 11.020511 0.000003 -0.000001 12.109031 -3.735708 -2.866781 -0.000001 -0.000000 -0.000000 1.291984 -1.928549 -1.498087 14.800109 0.567469 3.865601 14.242553 -1.341734 -6.660649 19.631939 0.143928 -0.648244 50.529270 -1.168993 -6.046444 0.353030 -1.511152 -0.031941 20.222765 3.684308 2.316626 18.787245 0.000005 -0.000004 10.751610 -0.479868 1.397903 0.000001 0.000003 0.000000 3.273804 0.305947 -0.580109 21.486788 11.830363 2.266129 8.162916 0.000002 -0.000002 18.399052 -3.798977 -4.940571 0.000003 0.000000 -0.000002 20.303022 10.820578 -28.716835 -0.515512 -1.262285 48.323872 -20.334475 -15.902280 -24.862745 1.604587 -1.915452 -1.645143 0.000000 0.000000 0.000002 -18.496374 -17.690699 -45.328365 0.896490 1.325129 38.859821 24.747143 14.207320 2.005743 -1.406793 0.897628 -1.312784 -0.000000 -0.000000 -0.000001 
36.642361 86.845085 -40.941135 0.076605 12.216811 9.386953 -2.125699 -1.121211 7.812783 -0.945993 -3.588896 -1.163538 -1.014539 -6.477306 15.254567 18.760134 -3.705851 2.662275 -2.340673 -5.137080 -3.628582 6.762716 -8.337705 -13.717828 0.000077 -0.000022 0.000005 -0.004461 0.063554 0.000452 0.700419 -3.634150 -10.533010 -0.721206 3.762695 -10.500281 7.109344 -21.003716 7.517821 -60.682812 -59.377426 -1.015221 179.140579 -62.884811 -179.378250 13.420997 1.654832 22.032387 -5.882099 9.861279 0.702590 -10.936858 -0.360576 7.156198 0.000002 8.774815 0.000000 -16.198282 17.985252 6.334128 -1.844032 2.498502 -2.507277 -10.163585 4.678937 4.621106 -20.975992 -0.000004 0.000003 -21.226250 2.451693 -3.593995 0.000000 -0.000006 0.000000 -1.362680 2.240795 -0.746323 -21.334888 0.584908 3.008320 -13.821197 -0.000006 0.000002 -23.887129 -0.249079 -0.839478 -60.864235 2.385439 -1.441139 -0.294025 1.679685 0.833256 -14.218194 0.093216 1.300579 -34.211998 -0.287567 0.967167 -20.033175 0.964533 1.212842 -0.000000 -0.000000 0.000001 -3.440384 0.788232 0.501655 -15.928164 -3.167306 2.999702 -6.338815 -0.000001 0.000000 -18.123411 3.648174 -4.905661 -0.000005 -0.000000 -0.000002 2.648137 9.561915 7.685586 40.505211 31.594284 -26.713163 179.779724 46.186977 179.424118 -28.932119 -2.399076 20.350170 2.243540 -5.255034 -3.180155 14.282875 -0.826592 6.952496 -0.000003 -12.690591 -0.000001 16.327063 -17.740547 2.829839 1.665665 -1.955921 -2.878297 4.727793 -4.170584 4.993917 11.020512 0.000002 -0.000000 12.109030 -3.735709 -2.866779 0.000001 0.000001 -0.000001 1.291984 -1.928545 -1.498089 14.800111 0.567467 3.865603 14.242551 -1.341733 -6.660650 19.631939 0.143928 -0.648243 50.629639 -1.188213 -6.031086 0.353029 -1.511151 -0.031942 20.222769 3.684306 2.316631 18.787243 0.000006 0.000000 10.751610 -0.479866 1.397906 0.000000 0.000002 0.000001 3.273804 0.305947 -0.580109 21.486790 11.830360 2.266132 8.162916 0.000003 -0.000000 18.399050 -3.798978 -4.940565 0.000004 0.000001 -0.000001 20.629240 10.820899 -26.493769 -0.527110 -1.312047 47.767426 -20.319382 -15.855367 -25.133808 1.611262 -1.923196 -1.722199 -0.000000 0.000000 0.000002 -18.584970 -16.941645 -43.990963 0.917712 1.343032 38.517929 24.829142 14.607073 2.009766 -1.407692 0.907409 -1.455262 0.000000 0.000000 -0.000001 
36.872581 87.036598 -40.500439 -0.163293 11.399050 8.294705 -2.138861 -1.122396 7.374412 -0.946748 -3.662990 -1.381003 -0.979755 -6.530525 15.145761 18.448128 -3.577246 2.565074 -2.387155 -5.178141 -3.597547 6.374637 -8.465845 -14.321517 0.000077 -0.000022 0.000005 0.001874 0.063586 0.006432 0.702805 -3.618704 -10.512127 -0.711515 3.767974 -10.483427 6.819571 -20.983103 7.589076 -60.022007 -59.439194 -1.251951 178.981705 -63.337387 -179.271011 13.224889 1.582856 21.012938 -5.882102 9.861278 0.702589 -10.936858 -0.360577 7.156199 0.000002 8.774810 -0.000001 -16.204552 18.026047 6.305789 -1.844032 2.498503 -2.507277 -10.163589 4.678938 4.621105 -20.975994 -0.000004 0.000001 -21.226250 2.451692 -3.593991 0.000000 -0.000006 -0.000002 -1.362680 2.240797 -0.746323 -21.334892 0.584907 3.008320 -13.821194 -0.000002 0.000001 -23.887125 -0.249080 -0.839483 -60.970459 2.327950 -1.447838 -0.294025 1.679684 0.833256 -14.218194 0.093214 1.300578 -34.211998 -0.287565 0.967166 -20.033175 0.964534 1.212842 0.000000 -0.000000 0.000000 -3.440385 0.788233 0.501656 -15.928169 -3.167308 2.999704 -6.338816 -0.000000 -0.000001 -18.123411 3.648175 -4.905663 -0.000006 0.000000 -0.000003 2.579317 9.594187 7.582770 40.097218 32.064133 -26.282795 179.838562 46.234177 179.454956 -28.669687 -2.739882 20.798668 2.243540 -5.255031 -3.180154 14.282873 -0.826593 6.952494 -0.000003 -12.690588 0.000000 16.274782 -17.713779 2.904099 1.665665 -1.955920 -2.878296 4.727793 -4.170581 4.993919 11.020510 0.000003 -0.000001 12.109033 -3.735709 -2.866778 0.000001 0.000000 -0.000001 1.291984 -1.928548 -1.498090 14.800113 0.567471 3.865605 14.242553 -1.341734 -6.660650 19.631939 0.143929 -0.648245 50.626209 -1.187537 -6.034881 0.353029 -1.511148 -0.031940 20.222769 3.684307 2.316628 18.787245 0.000007 -0.000001 10.751611 -0.479870 1.397903 0.000001 0.000002 0.000000 3.273805 0.305947 -0.580109 21.486790 11.830360 2.266130 8.162916 0.000001 -0.000000 18.399052 -3.798979 -4.940568 0.000003 0.000001 -0.000000 20.900625 10.856449 -24.220953 -0.538146 -1.340872 47.035145 -20.271114 -15.776612 -25.580185 1.616187 -1.937225 -1.744890 -0.000000 -0.000000 0.000002 -18.667271 -16.089977 -42.584839 0.936425 1.358667 37.940559 24.887547 14.843658 2.059407 -1.407253 0.920289 -1.625458 -0.000000 -0.000000 -0.000001 
37.132912 87.277985 -40.088825 -0.407107 10.706834 7.286528 -2.151121 -1.117766 6.959441 -0.940777 -3.742405 -1.600881 -0.847382 -6.575574 14.994254 18.221621 -3.497168 2.516034 -2.397905 -5.205482 -3.570247 5.973571 -8.584742 -14.874244 0.000077 -0.000023 0.000006 0.002816 0.063279 0.016406 0.703023 -3.629669 -10.508885 -0.704558 3.761326 -10.484549 6.615798 -20.988541 7.598485 -58.989773 -59.503361 -1.893399 178.870392 -63.763897 -179.188354 13.025041 1.433445 19.670822 -5.882100 9.861278 0.702588 -10.936855 -0.360574 7.156196 -0.000000 8.774813 -0.000001 -16.288813 18.073902 6.262388 -1.844031 2.498502 -2.507275 -10.163589 4.678940 4.621101 -20.975992 -0.000002 0.000001 -21.226255 2.451691 -3.593996 0.000000 -0.000006 -0.000000 -1.362680 2.240795 -0.746323 -21.334887 0.584909 3.008319 -13.821194 -0.000002 0.000000 -23.887125 -0.249080 -0.839483 -61.058540 2.268958 -1.478539 -0.294026 1.679687 0.833255 -14.218194 0.093216 1.300578 -34.211998 -0.287564 0.967167 -20.033176 0.964534 1.212839 0.000000 0.000000 0.000001 -3.440386 0.788233 0.501655 -15.928165 -3.167305 2.999702 -6.338818 -0.000002 0.000001 -18.123411 3.648178 -4.905665 -0.000004 -0.000000 -0.000003 2.589807 9.657211 7.493387 39.803371 32.645077 -25.969599 179.823776 46.207989 179.470978 -28.527403 -3.067904 21.134068 2.243539 -5.255032 -3.180155 14.282877 -0.826594 6.952497 -0.000002 -12.690591 -0.000001 16.235596 -17.697752 2.975044 1.665665 -1.955922 -2.878297 4.727795 -4.170584 4.993917 11.020510 0.000002 -0.000000 12.109034 -3.735709 -2.866780 -0.000000 -0.000001 0.000001 1.291985 -1.928547 -1.498086 14.800111 0.567467 3.865604 14.242553 -1.341738 -6.660650 19.631937 0.143925 -0.648246 50.591152 -1.177460 -6.016279 0.353028 -1.511152 -0.031941 20.222771 3.684304 2.316629 18.787245 0.000006 -0.000002 10.751610 -0.479869 1.397904 0.000000 0.000002 0.000001 3.273804 0.305946 -0.580110 21.486790 11.830360 2.266130 8.162917 0.000001 -0.000000 18.399054 -3.798982 -4.940568 0.000003 0.000003 -0.000000 21.227451 10.942594 -22.143877 -0.522577 -1.371908 46.133160 -20.353346 -15.702646 -25.494038 1.618070 -1.945981 -1.741613 0.000000 0.000000 0.000002 -18.773272 -15.174783 -41.072895 0.905405 1.363635 37.098595 24.949705 14.916759 2.135994 -1.408984 0.920191 -1.752314 -0.000000 -0.000001 -0.000001 
37.472698 87.581924 -39.669357 -0.624549 10.190885 6.362326 -2.187671 -1.139070 6.532939 -0.937312 -3.797542 -1.816516 -0.671445 -6.654141 14.783186 18.089428 -3.515029 2.537343 -2.381362 -5.230236 -3.566432 5.567431 -8.697168 -15.254135 0.000077 -0.000023 0.000006 0.006680 0.069470 0.018487 0.704804 -3.617456 -10.517693 -0.703717 3.771448 -10.495252 6.485109 -21.042105 7.584991 -57.692924 -59.514080 -2.885191 178.846268 -64.152443 -179.204041 12.874803 1.149735 18.098566 -5.882100 9.861279 0.702589 -10.936858 -0.360576 7.156199 -0.000001 8.774813 -0.000001 -16.361410 18.122818 6.174353 -1.844030 2.498503 -2.507276 -10.163591 4.678941 4.621105 -20.975994 -0.000003 0.000005 -21.226254 2.451694 -3.593993 -0.000000 -0.000005 -0.000002 -1.362679 2.240797 -0.746323 -21.334890 0.584909 3.008322 -13.821195 -0.000002 0.000004 -23.887125 -0.249075 -0.839480 -61.053349 2.224555 -1.557520 -0.294026 1.679688 0.833255 -14.218192 0.093217 1.300580 -34.212006 -0.287559 0.967171 -20.033176 0.964537 1.212840 -0.000000 -0.000000 0.000000 -3.440383 0.788233 0.501656 -15.928165 -3.167305 2.999705 -6.338818 0.000001 -0.000000 -18.123413 3.648178 -4.905661 -0.000003 0.000000 -0.000001 2.713537 9.628585 7.427214 39.680309 33.310596 -25.696810 179.797424 46.119869 179.515350 -28.504272 -3.383620 21.342512 2.243539 -5.255032 -3.180156 14.282877 -0.826592 6.952495 -0.000001 -12.690591 0.000001 16.196814 -17.687437 3.007360 1.665664 -1.955920 -2.878296 4.727792 -4.170583 4.993917 11.020510 0.000002 0.000001 12.109030 -3.735710 -2.866779 -0.000000 0.000000 0.000001 1.291984 -1.928545 -1.498088 14.800111 0.567468 3.865604 14.242553 -1.341738 -6.660649 19.631939 0.143926 -0.648243 50.541355 -1.194234 -6.057769 0.353029 -1.511148 -0.031941 20.222767 3.684306 2.316628 18.787245 0.000003 0.000000 10.751610 -0.479870 1.397904 0.000001 0.000001 0.000001 3.273805 0.305945 -0.580109 21.486790 11.830361 2.266131 8.162916 0.000000 -0.000000 18.399052 -3.798980 -4.940567 0.000003 0.000003 -0.000000 21.432234 11.132659 -20.112074 -0.523785 -1.394757 45.091042 -20.325739 -15.760839 -25.458353 1.618758 -1.938580 -1.732206 0.000000 -0.000000 0.000002 -18.977894 -14.280571 -39.356270 0.880698 1.365129 35.922703 25.005089 14.849771 2.234846 -1.407955 0.927986 -1.858564 -0.000000 -0.000000 -0.000001 
37.812263 87.979965 -39.283474 -0.797904 9.881958 5.519475 -2.248766 -1.156897 6.063601 -0.944230 -3.895123 -2.031929 -0.497379 -6.781377 14.528819 18.112370 -3.593314 2.553943 -2.386200 -5.259823 -3.563872 5.188080 -8.839772 -15.469553 0.000077 -0.000022 0.000006 0.012480 0.062986 0.018798 0.715358 -3.633048 -10.526282 -0.708061 3.762040 -10.501336 6.346936 -21.187778 7.581004 -56.394089 -59.484379 -3.979067 178.905518 -64.569542 -179.310684 12.831388 0.709424 16.518267 -5.882102 9.861281 0.702588 -10.936858 -0.360574 7.156196 0.000001 8.774816 -0.000002 -16.395607 18.179331 6.074297 -1.844031 2.498503 -2.507276 -10.163589 4.678940 4.621102 -20.975996 -0.000004 -0.000000 -21.226254 2.451691 -3.593996 0.000000 -0.000006 -0.000001 -1.362679 2.240799 -0.746323 -21.334892 0.584909 3.008318 -13.821197 -0.000004 -0.000001 -23.887129 -0.249080 -0.839483 -60.958179 2.215760 -1.645049 -0.294024 1.679687 0.833255 -14.218190 0.093215 1.300576 -34.211998 -0.287567 0.967164 -20.033178 0.964532 1.212839 0.000000 0.000000 -0.000001 -3.440384 0.788234 0.501654 -15.928165 -3.167307 2.999701 -6.338817 0.000000 0.000001 -18.123413 3.648176 -4.905664 -0.000004 0.000000 -0.000002 2.922398 9.545641 7.308888 39.776875 33.930122 -25.519009 179.661606 45.955666 179.481537 -28.678204 -3.699320 21.696205 2.243540 -5.255033 -3.180154 14.282875 -0.826592 6.952495 -0.000002 -12.690593 -0.000001 16.233767 -17.660133 2.988984 1.665665 -1.955918 -2.878298 4.727792 -4.170583 4.993918 11.020509 0.000004 -0.000000 12.109031 -3.735708 -2.866781 0.000000 0.000000 0.000000 1.291984 -1.928548 -1.498091 14.800113 0.567470 3.865603 14.242554 -1.341734 -6.660649 19.631939 0.143926 -0.648246 50.498161 -1.176114 -6.110880 0.353028 -1.511148 -0.031941 20.222769 3.684306 2.316624 18.787245 0.000003 -0.000002 10.751610 -0.479866 1.397903 0.000001 0.000001 0.000000 3.273804 0.305946 -0.580108 21.486790 11.830363 2.266129 8.162915 0.000001 -0.000001 18.399052 -3.798979 -4.940567 0.000003 -0.000001 -0.000000 21.585558 11.391804 -18.164206 -0.529832 -1.414523 43.773643 -20.348932 -15.917818 -25.107347 1.618882 -1.929161 -1.743548 0.000000 0.000000 0.000002 -19.238670 -13.389259 -37.427620 0.847633 1.373410 34.343281 25.079227 14.563257 2.410580 -1.407408 0.944188 -1.955275 0.000000 0.000000 -0.000001 
38.153522 88.425362 -38.899250 -0.965849 9.684617 4.735268 -2.322148 -1.178141 5.554384 -0.951883 -4.000392 -2.243517 -0.340465 -6.943756 14.198585 18.251652 -3.754335 2.609024 -2.416831 -5.278818 -3.565451 4.810816 -8.947651 -15.493279 0.000077 -0.000022 0.000006 0.017390 0.044300 0.020006 0.722987 -3.648635 -10.536823 -0.709121 3.746014 -10.512196 6.145022 -21.354683 7.561436 -55.257423 -59.314342 -5.167378 179.192947 -65.007851 -179.620651 12.935303 0.123838 15.173822 -5.882100 9.861278 0.702590 -10.936859 -0.360577 7.156196 0.000002 8.774812 0.000000 -16.359253 18.166693 6.020548 -1.844031 2.498502 -2.507277 -10.163592 4.678938 4.621105 -20.975994 -0.000006 0.000004 -21.226255 2.451691 -3.593994 0.000000 -0.000006 -0.000002 -1.362682 2.240796 -0.746323 -21.334890 0.584907 3.008321 -13.821198 -0.000004 0.000003 -23.887133 -0.249081 -0.839480 -60.802471 2.214262 -1.668304 -0.294024 1.679687 0.833255 -14.218195 0.093214 1.300580 -34.212002 -0.287567 0.967170 -20.033178 0.964534 1.212842 0.000000 0.000000 0.000000 -3.440386 0.788231 0.501656 -15.928169 -3.167308 2.999703 -6.338815 -0.000001 0.000001 -18.123413 3.648175 -4.905659 -0.000004 -0.000000 -0.000003 3.176453 9.419441 7.189059 40.193192 34.459267 -25.490936 179.449219 45.796394 179.414749 -28.959532 -4.068340 22.279850 2.243539 -5.255031 -3.180155 14.282875 -0.826594 6.952497 -0.000001 -12.690591 0.000002 16.229120 -17.587021 2.939082 1.665664 -1.955920 -2.878298 4.727793 -4.170584 4.993919 11.020510 0.000005 -0.000001 12.109030 -3.735708 -2.866780 -0.000000 -0.000003 0.000000 1.291985 -1.928549 -1.498086 14.800109 0.567469 3.865602 14.242551 -1.341733 -6.660653 19.631937 0.143926 -0.648245 50.336292 -1.181187 -6.157236 0.353029 -1.511149 -0.031942 20.222767 3.684306 2.316625 18.787245 0.000004 -0.000001 10.751609 -0.479867 1.397904 0.000000 -0.000000 0.000001 3.273805 0.305946 -0.580109 21.486790 11.830364 2.266127 8.162917 0.000004 -0.000001 18.399052 -3.798980 -4.940568 0.000002 0.000001 -0.000001 21.735197 11.707355 -16.246687 -0.514400 -1.431849 42.262169 -20.398283 -16.089714 -24.596498 1.621793 -1.926425 -1.815880 -0.000000 -0.000000 0.000002 -19.488951 -12.497333 -35.378910 0.804519 1.392171 32.498775 25.114950 14.091281 2.624554 -1.408786 0.952396 -2.054806 -0.000000 -0.000000 -0.000001 
38.488861 88.875015 -38.500629 -1.140949 9.549385 4.032241 -2.397523 -1.196929 5.025352 -0.965058 -4.106053 -2.449528 -0.213723 -7.131964 13.803624 18.456020 -3.942824 2.729489 -2.447756 -5.332179 -3.567151 4.467409 -9.018937 -15.275591 0.000077 -0.000023 0.000006 0.017898 0.025493 0.014147 0.734325 -3.665427 -10.555774 -0.711059 3.725422 -10.524689 5.820127 -21.520489 7.610010 -54.631554 -59.058540 -6.055431 179.747620 -65.373055 179.842484 13.250106 -0.590632 14.449360 -5.882101 9.861278 0.702590 -10.936860 -0.360576 7.156198 -0.000000 8.774813 -0.000001 -16.358997 18.102970 5.972711 -1.844031 2.498501 -2.507275 -10.163590 4.678938 4.621104 -20.976002 -0.000001 0.000002 -21.226254 2.451695 -3.593995 0.000001 -0.000006 -0.000001 -1.362680 2.240795 -0.746323 -21.334887 0.584910 3.008319 -13.821197 -0.000001 0.000004 -23.887133 -0.249076 -0.839482 -60.661495 2.210675 -1.678810 -0.294023 1.679686 0.833255 -14.218190 0.093215 1.300579 -34.212002 -0.287562 0.967170 -20.033180 0.964536 1.212843 0.000000 0.000000 -0.000001 -3.440385 0.788232 0.501656 -15.928167 -3.167305 2.999704 -6.338817 -0.000002 0.000002 -18.123413 3.648178 -4.905663 -0.000003 0.000001 -0.000003 3.484373 9.245445 7.059311 40.925831 34.847507 -25.509687 179.076477 45.731121 179.260376 -29.375864 -4.436544 23.147840 2.243540 -5.255034 -3.180154 14.282875 -0.826594 6.952496 0.000001 -12.690592 -0.000001 16.215624 -17.590193 2.918010 1.665666 -1.955920 -2.878296 4.727793 -4.170585 4.993918 11.020508 0.000003 -0.000000 12.109030 -3.735711 -2.866779 -0.000000 -0.000001 0.000001 1.291984 -1.928548 -1.498086 14.800113 0.567467 3.865602 14.242553 -1.341736 -6.660649 19.631935 0.143927 -0.648245 50.174763 -1.236284 -6.220747 0.353030 -1.511151 -0.031941 20.222765 3.684305 2.316626 18.787247 0.000003 -0.000001 10.751609 -0.479869 1.397903 0.000000 0.000001 -0.000001 3.273805 0.305946 -0.580111 21.486790 11.830363 2.266131 8.162916 0.000001 -0.000001 18.399054 -3.798980 -4.940567 0.000002 0.000000 -0.000001 21.913797 12.039489 -14.399978 -0.505620 -1.439065 40.675587 -20.365892 -16.260002 -24.098324 1.624949 -1.923981 -1.952176 -0.000000 0.000000 0.000002 -19.686453 -11.671679 -33.338459 0.755989 1.408825 30.543774 25.127018 13.478194 2.870001 -1.408607 0.952847 -2.125848 0.000000 0.000000 -0.000001 
38.846523 89.286507 -38.112713 -1.330477 9.449848 3.425833 -2.484255 -1.216532 4.485110 -0.959412 -4.243085 -2.643075 -0.112548 -7.272003 13.360606 18.658384 -4.170050 2.940976 -2.452222 -5.397573 -3.568998 4.168617 -9.060842 -14.852048 0.000077 -0.000022 0.000006 0.016970 0.012592 0.012403 0.735664 -3.673685 -10.581186 -0.716001 3.719997 -10.549172 5.415802 -21.648932 7.673906 -54.541931 -58.744179 -6.503208 -179.698532 -65.682167 179.314316 13.606785 -1.329636 14.232439 -5.882101 9.861279 0.702589 -10.936858 -0.360576 7.156196 -0.000000 8.774813 -0.000001 -16.340034 18.069487 5.953866 -1.844033 2.498502 -2.507276 -10.163587 4.678940 4.621104 -20.975992 -0.000004 0.000002 -21.226250 2.451692 -3.593995 0.000000 -0.000006 -0.000002 -1.362680 2.240798 -0.746323 -21.334887 0.584908 3.008319 -13.821197 -0.000003 0.000002 -23.887129 -0.249079 -0.839483 -60.551842 2.219176 -1.689381 -0.294024 1.679686 0.833256 -14.218192 0.093213 1.300578 -34.211998 -0.287564 0.967168 -20.033178 0.964534 1.212842 -0.000000 0.000000 0.000001 -3.440386 0.788232 0.501655 -15.928167 -3.167307 2.999703 -6.338816 -0.000001 0.000002 -18.123411 3.648177 -4.905664 -0.000003 0.000001 -0.000003 3.814868 9.016487 6.973707 41.801605 35.082336 -25.487982 178.738739 45.761368 179.110291 -29.871893 -4.798129 24.281677 2.243539 -5.255032 -3.180154 14.282875 -0.826595 6.952493 -0.000003 -12.690592 -0.000000 16.137342 -17.580408 2.907964 1.665664 -1.955920 -2.878295 4.727794 -4.170585 4.993918 11.020510 0.000002 -0.000002 12.109033 -3.735711 -2.866780 0.000000 -0.000001 -0.000001 1.291986 -1.928548 -1.498089 14.800111 0.567466 3.865603 14.242553 -1.341736 -6.660651 19.631937 0.143927 -0.648246 50.021267 -1.286949 -6.274601 0.353029 -1.511149 -0.031941 20.222767 3.684305 2.316625 18.787245 0.000004 -0.000002 10.751610 -0.479870 1.397903 -0.000000 0.000002 -0.000000 3.273804 0.305947 -0.580112 21.486788 11.830362 2.266126 8.162916 0.000001 -0.000002 18.399050 -3.798980 -4.940570 0.000003 0.000001 -0.000001 22.096218 12.401194 -12.779606 -0.486566 -1.463861 39.308723 -20.250406 -16.384153 -23.486923 1.629772 -1.925917 -2.116447 -0.000000 0.000000 0.000002 -19.840752 -11.013723 -31.393251 0.735695 1.407471 28.558388 25.145838 12.870650 3.198736 -1.408925 0.942433 -2.162807 -0.000000 -0.000000 -0.000001 
39.231178 89.580704 -37.757057 -1.517044 9.358153 2.859748 -2.564250 -1.227229 3.974443 -0.964383 -4.335123 -2.820036 -0.028510 -7.405120 12.919001 18.842800 -4.419240 3.233799 -2.449453 -5.448996 -3.579609 3.909296 -9.087022 -14.322350 0.000077 -0.000020 0.000006 0.018870 0.012541 0.012277 0.738684 -3.704216 -10.608407 -0.714669 3.717449 -10.570889 4.983213 -21.711378 7.749104 -54.880424 -58.341103 -6.589974 -179.069839 -65.834778 178.791000 13.930952 -1.963881 14.346839 -5.882100 9.861279 0.702590 -10.936860 -0.360576 7.156199 0.000001 8.774815 -0.000000 -16.324009 18.053652 5.941267 -1.844030 2.498503 -2.507277 -10.163590 4.678940 4.621104 -20.975996 -0.000005 0.000004 -21.226254 2.451692 -3.593991 0.000001 -0.000006 -0.000000 -1.362679 2.240796 -0.746323 -21.334894 0.584908 3.008321 -13.821198 -0.000003 0.000003 -23.887131 -0.249078 -0.839478 -60.520935 2.242469 -1.720576 -0.294024 1.679685 0.833255 -14.218192 0.093214 1.300580 -34.212002 -0.287563 0.967171 -20.033182 0.964536 1.212843 0.000000 0.000000 0.000002 -3.440385 0.788230 0.501655 -15.928169 -3.167306 2.999705 -6.338818 -0.000001 0.000003 -18.123413 3.648177 -4.905659 -0.000004 0.000001 -0.000003 4.094894 8.766300 6.926731 42.731812 35.144745 -25.312746 178.483292 45.769230 178.961105 -30.289576 -5.145120 25.451462 2.243540 -5.255033 -3.180155 14.282877 -0.826594 6.952495 -0.000002 -12.690588 -0.000001 16.087431 -17.583941 2.858935 1.665664 -1.955921 -2.878296 4.727793 -4.170583 4.993918 11.020511 0.000003 -0.000001 12.109032 -3.735710 -2.866778 0.000000 0.000000 -0.000001 1.291983 -1.928548 -1.498086 14.800117 0.567467 3.865603 14.242554 -1.341736 -6.660649 19.631939 0.143925 -0.648245 49.898224 -1.320192 -6.361929 0.353029 -1.511148 -0.031941 20.222769 3.684304 2.316628 18.787245 0.000007 -0.000001 10.751610 -0.479869 1.397903 -0.000000 0.000001 -0.000000 3.273805 0.305947 -0.580110 21.486790 11.830364 2.266128 8.162916 0.000002 -0.000002 18.399052 -3.798977 -4.940569 0.000002 -0.000002 -0.000001 22.284269 12.766572 -11.390454 -0.468537 -1.479445 38.312881 -20.066051 -16.537609 -23.162395 1.637412 -1.935916 -2.268516 -0.000000 0.000001 0.000002 -19.960594 -10.578934 -29.685110 0.700722 1.406455 26.873039 25.292212 12.444055 3.549688 -1.409090 0.928277 -2.236622 -0.000000 -0.000001 -0.000001 
39.654362 89.765854 -37.414856 -1.698528 9.195707 2.285283 -2.624063 -1.187027 3.509542 -0.974723 -4.442403 -2.991537 0.027820 -7.468908 12.561688 18.977121 -4.669110 3.590311 -2.451478 -5.435009 -3.573741 3.717456 -9.099881 -13.761282 0.000076 -0.000021 0.000006 0.019793 0.018299 0.018173 0.733939 -3.687295 -10.623855 -0.718752 3.735604 -10.580745 4.505619 -21.682941 7.841641 -55.496323 -57.936775 -6.287003 -178.609070 -65.836578 178.435745 14.096522 -2.394156 14.677623 -5.882102 9.861279 0.702589 -10.936861 -0.360575 7.156198 0.000001 8.774815 -0.000001 -16.309759 18.017448 5.942936 -1.844031 2.498501 -2.507276 -10.163593 4.678940 4.621105 -20.975998 -0.000003 0.000005 -21.226257 2.451695 -3.593992 0.000001 -0.000006 -0.000000 -1.362680 2.240796 -0.746323 -21.334888 0.584909 3.008320 -13.821197 -0.000003 0.000004 -23.887131 -0.249078 -0.839479 -60.509716 2.258686 -1.727395 -0.294024 1.679688 0.833254 -14.218192 0.093214 1.300579 -34.212006 -0.287563 0.967171 -20.033182 0.964536 1.212841 -0.000000 -0.000000 0.000000 -3.440385 0.788234 0.501655 -15.928171 -3.167306 2.999705 -6.338820 -0.000001 0.000002 -18.123417 3.648176 -4.905662 -0.000003 0.000000 -0.000003 4.296227 8.544122 6.937403 43.547070 35.102886 -25.009325 178.355545 45.747551 178.903900 -30.494480 -5.440212 26.494219 2.243538 -5.255033 -3.180155 14.282879 -0.826591 6.952495 -0.000001 -12.690588 -0.000003 16.040834 -17.573563 2.825058 1.665665 -1.955920 -2.878297 4.727795 -4.170582 4.993917 11.020513 0.000003 0.000001 12.109034 -3.735709 -2.866776 0.000000 0.000000 -0.000000 1.291985 -1.928547 -1.498087 14.800111 0.567468 3.865603 14.242554 -1.341734 -6.660648 19.631939 0.143925 -0.648242 49.806427 -1.305514 -6.414456 0.353028 -1.511150 -0.031939 20.222773 3.684308 2.316631 18.787249 0.000004 -0.000000 10.751613 -0.479868 1.397904 0.000001 0.000002 0.000000 3.273804 0.305947 -0.580109 21.486792 11.830361 2.266133 8.162919 0.000002 0.000000 18.399054 -3.798977 -4.940567 0.000001 -0.000001 -0.000001 22.483915 13.111089 -10.167274 -0.453806 -1.478938 37.779507 -19.805500 -16.745907 -23.013515 1.639105 -1.945523 -2.419252 -0.000000 0.000000 0.000002 -20.065266 -10.356400 -28.183428 0.684127 1.406901 25.495989 25.540102 12.297606 3.933095 -1.410063 0.930242 -2.344898 -0.000000 -0.000000 -0.000001 
40.057762 89.770622 -37.138672 -1.858553 8.974995 1.692423 -2.657226 -1.169360 3.113874 -0.987575 -4.482311 -3.121294 0.071810 -7.482584 12.286968 19.027063 -4.885965 3.964139 -2.440044 -5.433125 -3.566363 3.596030 -9.078406 -13.177593 0.000077 -0.000023 0.000006 0.013404 0.017435 0.022753 0.731991 -3.704486 -10.636840 -0.720748 3.731884 -10.590519 4.048790 -21.587780 7.915342 -56.078575 -57.501747 -5.883224 -178.370087 -65.736534 178.310684 14.034048 -2.707203 15.116430 -5.882102 9.861278 0.702590 -10.936859 -0.360575 7.156196 0.000002 8.774813 -0.000001 -16.294748 18.040758 5.942435 -1.844031 2.498502 -2.507275 -10.163589 4.678939 4.621103 -20.975994 -0.000004 0.000003 -21.226255 2.451692 -3.593994 0.000001 -0.000007 -0.000000 -1.362681 2.240796 -0.746322 -21.334894 0.584907 3.008320 -13.821197 -0.000002 0.000001 -23.887131 -0.249079 -0.839479 -60.503124 2.278260 -1.737564 -0.294025 1.679684 0.833256 -14.218190 0.093214 1.300578 -34.211998 -0.287565 0.967170 -20.033178 0.964535 1.212842 -0.000000 0.000000 0.000001 -3.440385 0.788233 0.501654 -15.928167 -3.167307 2.999703 -6.338818 -0.000001 0.000002 -18.123411 3.648175 -4.905661 -0.000003 -0.000000 -0.000001 4.352082 8.352562 6.960263 44.206516 34.962677 -24.593771 178.379913 45.648190 178.941101 -30.395405 -5.635637 27.240549 2.243540 -5.255033 -3.180155 14.282875 -0.826594 6.952498 -0.000002 -12.690586 -0.000001 16.015802 -17.510271 2.775765 1.665664 -1.955920 -2.878295 4.727794 -4.170582 4.993918 11.020509 0.000003 0.000001 12.109030 -3.735709 -2.866779 -0.000001 0.000000 0.000000 1.291984 -1.928547 -1.498088 14.800113 0.567468 3.865602 14.242553 -1.341735 -6.660648 19.631941 0.143925 -0.648240 49.758381 -1.260085 -6.439028 0.353028 -1.511150 -0.031937 20.222769 3.684306 2.316630 18.787245 0.000006 0.000001 10.751612 -0.479869 1.397905 -0.000000 0.000002 0.000000 3.273804 0.305946 -0.580111 21.486788 11.830361 2.266131 8.162916 0.000003 0.000000 18.399048 -3.798979 -4.940566 0.000002 -0.000001 -0.000000 22.706871 13.463856 -9.206359 -0.458382 -1.510291 37.837032 -19.490507 -17.044189 -23.209587 1.642641 -1.939282 -2.559385 -0.000000 0.000000 0.000002 -20.164085 -10.345901 -27.143705 0.693122 1.413358 24.883171 25.850475 12.449988 4.174658 -1.407973 0.923550 -2.414184 -0.000000 -0.000002 -0.000001 
40.514645 89.608871 -37.027813 -1.986938 8.658214 1.048175 -2.666916 -1.120597 2.823236 -0.989612 -4.482234 -3.232428 0.098256 -7.459566 12.138549 19.044180 -5.059924 4.358471 -2.450981 -5.382742 -3.558022 3.540302 -9.097016 -12.697044 0.000077 -0.000022 0.000006 0.013546 0.023396 0.029424 0.734560 -3.701673 -10.649910 -0.723211 3.756336 -10.604195 3.617445 -21.358622 8.010928 -56.657864 -57.119663 -5.412800 -178.167114 -65.512398 178.226746 13.837024 -2.887695 15.687866 -5.882100 9.861279 0.702590 -10.936858 -0.360575 7.156196 -0.000000 8.774817 -0.000002 -16.342165 18.031080 5.931151 -1.844029 2.498503 -2.507276 -10.163589 4.678940 4.621103 -20.975996 -0.000004 0.000003 -21.226254 2.451692 -3.593994 0.000001 -0.000006 -0.000000 -1.362679 2.240796 -0.746323 -21.334892 0.584907 3.008321 -13.821197 -0.000004 0.000002 -23.887133 -0.249078 -0.839481 -60.486950 2.285938 -1.739475 -0.294024 1.679686 0.833256 -14.218194 0.093215 1.300579 -34.212006 -0.287565 0.967169 -20.033180 0.964535 1.212842 -0.000000 -0.000000 0.000000 -3.440385 0.788232 0.501655 -15.928167 -3.167307 2.999704 -6.338819 -0.000001 0.000001 -18.123415 3.648175 -4.905661 -0.000004 -0.000000 -0.000003 4.275172 8.241436 7.018326 44.673706 34.827965 -24.070164 178.654480 45.420052 179.158417 -29.957439 -5.758211 27.944677 2.243538 -5.255032 -3.180155 14.282877 -0.826592 6.952496 -0.000003 -12.690591 -0.000000 16.015867 -17.468723 2.773899 1.665665 -1.955920 -2.878296 4.727794 -4.170583 4.993919 11.020509 0.000005 -0.000001 12.109028 -3.735708 -2.866781 0.000000 0.000000 0.000001 1.291986 -1.928549 -1.498087 14.800111 0.567469 3.865603 14.242553 -1.341735 -6.660648 19.631939 0.143927 -0.648242 49.716427 -1.212066 -6.442096 0.353028 -1.511150 -0.031939 20.222767 3.684308 2.316627 18.787245 0.000006 0.000001 10.751610 -0.479867 1.397904 0.000000 0.000003 -0.000001 3.273804 0.305947 -0.580109 21.486790 11.830366 2.266134 8.162915 0.000001 -0.000001 18.399054 -3.798979 -4.940566 0.000002 -0.000001 -0.000001 22.881548 13.791510 -8.571728 -0.471559 -1.510668 38.613102 -19.038353 -17.411104 -23.770658 1.648590 -1.941698 -2.673110 -0.000000 -0.000000 0.000002 -20.324440 -10.470621 -26.456408 0.714248 1.432702 24.746180 26.305964 12.922478 4.460071 -1.412827 0.921858 -2.451150 -0.000000 -0.000000 -0.000001 
40.976669 89.285316 -36.961414 -2.079507 8.259740 0.392229 -2.647143 -1.028821 2.632263 -0.979255 -4.468523 -3.316134 0.121766 -7.381507 12.110432 19.005638 -5.180806 4.756699 -2.461435 -5.382558 -3.545894 3.526681 -9.067245 -12.383079 0.000077 -0.000023 0.000006 0.009812 0.010269 0.033881 0.740108 -3.736185 -10.672948 -0.730712 3.758227 -10.625768 3.238741 -21.071548 8.119985 -56.881508 -56.870815 -5.195752 -178.148392 -65.280937 178.224548 13.536023 -3.029706 16.357634 -5.882101 9.861280 0.702590 -10.936858 -0.360574 7.156199 -0.000000 8.774814 -0.000001 -16.327406 17.977167 5.907396 -1.844030 2.498502 -2.507276 -10.163590 4.678939 4.621105 -20.975994 -0.000002 0.000004 -21.226248 2.451694 -3.593992 -0.000000 -0.000006 0.000002 -1.362681 2.240796 -0.746322 -21.334887 0.584908 3.008322 -13.821194 -0.000003 0.000003 -23.887129 -0.249076 -0.839480 -60.428211 2.288279 -1.741998 -0.294023 1.679687 0.833255 -14.218192 0.093215 1.300580 -34.211998 -0.287561 0.967171 -20.033178 0.964536 1.212840 -0.000000 -0.000000 0.000002 -3.440384 0.788233 0.501656 -15.928167 -3.167306 2.999705 -6.338820 -0.000001 0.000003 -18.123415 3.648178 -4.905660 -0.000004 0.000000 -0.000002 4.075035 8.186219 7.094807 45.036839 34.713646 -23.584192 178.961609 45.137962 179.336609 -29.321301 -5.814326 28.429667 2.243541 -5.255033 -3.180153 14.282879 -0.826597 6.952496 0.000000 -12.690590 0.000000 15.992644 -17.402473 2.792810 1.665665 -1.955919 -2.878294 4.727795 -4.170583 4.993919 11.020513 0.000002 -0.000001 12.109035 -3.735713 -2.866779 -0.000001 -0.000001 0.000000 1.291984 -1.928549 -1.498085 14.800114 0.567467 3.865602 14.242554 -1.341736 -6.660648 19.631939 0.143924 -0.648243 49.699509 -1.172711 -6.452379 0.353029 -1.511150 -0.031941 20.222771 3.684303 2.316626 18.787249 0.000005 -0.000002 10.751610 -0.479868 1.397903 0.000000 0.000002 0.000000 3.273804 0.305947 -0.580112 21.486790 11.830359 2.266130 8.162917 0.000001 -0.000003 18.399059 -3.798980 -4.940569 0.000002 -0.000002 -0.000001 23.047543 14.132884 -8.122163 -0.485123 -1.516113 39.875515 -18.510469 -17.792355 -24.664623 1.651752 -1.933679 -2.707066 -0.000000 0.000000 0.000002 -20.536724 -10.676278 -26.196495 0.753970 1.446989 25.320896 26.758617 13.698559 4.567327 -1.414764 0.909563 -2.443403 -0.000000 -0.000001 -0.000001 
41.392872 88.859764 -36.944271 -2.117081 7.823310 -0.256999 -2.616005 -0.959190 2.534821 -0.951808 -4.381527 -3.368617 0.152385 -7.273437 12.193564 18.909470 -5.274134 5.072486 -2.476541 -5.342218 -3.547276 3.546340 -9.059210 -12.253874 0.000077 -0.000023 0.000006 0.005271 0.028577 0.039891 0.738639 -3.730481 -10.675071 -0.741131 3.773895 -10.632718 2.903776 -20.709965 8.237565 -56.972458 -56.745472 -5.046997 -178.174759 -64.950668 178.313263 13.165406 -3.117275 17.060843 -5.882100 9.861277 0.702591 -10.936858 -0.360575 7.156198 0.000001 8.774813 -0.000001 -16.284939 17.903875 5.881718 -1.844032 2.498503 -2.507275 -10.163589 4.678939 4.621104 -20.975994 -0.000004 0.000003 -21.226250 2.451692 -3.593993 -0.000000 -0.000006 0.000001 -1.362680 2.240797 -0.746323 -21.334887 0.584907 3.008320 -13.821197 -0.000003 0.000002 -23.887129 -0.249080 -0.839481 -60.348537 2.282741 -1.775230 -0.294025 1.679686 0.833256 -14.218194 0.093214 1.300580 -34.212002 -0.287565 0.967170 -20.033180 0.964535 1.212843 0.000000 0.000000 -0.000000 -3.440386 0.788233 0.501655 -15.928167 -3.167307 2.999704 -6.338815 -0.000002 0.000002 -18.123415 3.648177 -4.905661 -0.000004 0.000000 -0.000003 3.807077 8.198646 7.156065 45.404324 34.548115 -23.059807 179.202774 44.772118 179.488953 -28.568058 -5.860480 28.688208 2.243540 -5.255033 -3.180156 14.282878 -0.826597 6.952496 -0.000002 -12.690592 -0.000000 15.947533 -17.416218 2.864961 1.665666 -1.955921 -2.878295 4.727795 -4.170584 4.993917 11.020513 0.000003 -0.000001 12.109032 -3.735709 -2.866781 -0.000001 -0.000000 -0.000000 1.291984 -1.928548 -1.498088 14.800113 0.567465 3.865601 14.242551 -1.341735 -6.660648 19.631939 0.143924 -0.648246 49.650932 -1.180183 -6.465174 0.353027 -1.511149 -0.031939 20.222767 3.684307 2.316626 18.787245 0.000004 -0.000001 10.751610 -0.479869 1.397904 0.000001 0.000001 -0.000000 3.273804 0.305947 -0.580111 21.486788 11.830363 2.266131 8.162916 -0.000000 0.000001 18.399052 -3.798982 -4.940569 0.000001 -0.000002 -0.000000 23.204597 14.439274 -7.812749 -0.523720 -1.520133 41.422226 -17.942196 -18.146498 -25.682081 1.648682 -1.931103 -2.683408 -0.000000 0.000000 0.000002 -20.800983 -10.856649 -26.258570 0.800941 1.456718 26.397736 27.127243 14.645467 4.509166 -1.416012 0.909105 -2.412354 -0.000000 -0.000000 -0.000001 
41.734222 88.354149 -36.920761 -2.098019 7.343307 -0.868307 -2.574574 -0.880734 2.501749 -0.915118 -4.284554 -3.413019 0.178828 -7.146132 12.383162 18.788233 -5.295566 5.321259 -2.477142 -5.364370 -3.551215 3.609266 -9.076788 -12.303765 0.000077 -0.000023 0.000005 -0.000698 0.028090 0.039570 0.732858 -3.720619 -10.684681 -0.744474 3.783486 -10.640148 2.657276 -20.333469 8.371087 -56.574196 -56.746307 -5.378960 -178.215302 -64.631233 178.334991 12.708640 -3.111884 17.779675 -5.882101 9.861279 0.702589 -10.936860 -0.360575 7.156196 0.000002 8.774813 -0.000002 -16.208775 17.861792 5.897087 -1.844031 2.498502 -2.507275 -10.163591 4.678940 4.621103 -20.975994 -0.000004 0.000001 -21.226255 2.451692 -3.593994 0.000000 -0.000006 0.000001 -1.362681 2.240796 -0.746323 -21.334887 0.584908 3.008319 -13.821198 -0.000003 0.000002 -23.887131 -0.249078 -0.839480 -60.269463 2.284689 -1.808795 -0.294024 1.679686 0.833255 -14.218194 0.093214 1.300579 -34.212002 -0.287564 0.967169 -20.033178 0.964534 1.212841 0.000000 0.000000 -0.000001 -3.440386 0.788232 0.501655 -15.928173 -3.167306 2.999704 -6.338820 -0.000001 0.000001 -18.123415 3.648176 -4.905662 -0.000005 -0.000000 -0.000001 3.543963 8.258257 7.273344 45.739029 34.424519 -22.540337 179.391266 44.373932 179.620529 -27.821848 -5.897822 28.985075 2.243540 -5.255033 -3.180157 14.282877 -0.826594 6.952496 -0.000001 -12.690591 0.000000 15.950045 -17.398283 2.926293 1.665664 -1.955920 -2.878295 4.727793 -4.170582 4.993919 11.020511 0.000003 -0.000001 12.109033 -3.735712 -2.866777 0.000000 0.000000 0.000000 1.291983 -1.928547 -1.498090 14.800114 0.567466 3.865603 14.242553 -1.341733 -6.660652 19.631939 0.143924 -0.648242 49.658047 -1.170083 -6.467227 0.353029 -1.511149 -0.031941 20.222767 3.684306 2.316629 18.787247 0.000004 0.000001 10.751611 -0.479867 1.397905 0.000001 0.000003 -0.000000 3.273803 0.305947 -0.580109 21.486792 11.830361 2.266135 8.162917 0.000001 0.000000 18.399052 -3.798980 -4.940566 0.000002 -0.000001 -0.000000 23.332304 14.652963 -7.516280 -0.548625 -1.508977 42.969196 -17.444288 -18.453657 -26.861307 1.646368 -1.918758 -2.596317 -0.000000 0.000000 0.000002 -21.095287 -10.956223 -26.631420 0.849154 1.463051 27.952688 27.357910 15.714533 4.226303 -1.419993 0.914136 -2.390641 0.000000 0.000000 -0.000001 
42.034264 87.885536 -36.939289 -2.014168 6.916553 -1.401668 -2.548893 -0.816024 2.498449 -0.873995 -4.224418 -3.450140 0.219992 -6.966193 12.642606 18.598400 -5.274873 5.479141 -2.459417 -5.417251 -3.553321 3.696594 -9.133968 -12.460947 0.000077 -0.000023 0.000006 0.005325 0.028156 0.043808 0.730393 -3.715209 -10.677800 -0.735120 3.782377 -10.641101 2.512615 -19.978216 8.441754 -55.915245 -56.772560 -5.988210 -178.337875 -64.329109 178.463654 12.194834 -2.963682 18.480515 -5.882100 9.861279 0.702590 -10.936857 -0.360575 7.156198 0.000001 8.774811 -0.000001 -16.200699 17.880213 5.932240 -1.844031 2.498503 -2.507276 -10.163588 4.678939 4.621105 -20.975994 -0.000004 0.000002 -21.226246 2.451692 -3.593992 -0.000000 -0.000006 0.000001 -1.362680 2.240797 -0.746323 -21.334887 0.584907 3.008321 -13.821194 -0.000003 0.000002 -23.887129 -0.249078 -0.839480 -60.318516 2.278395 -1.811404 -0.294024 1.679685 0.833255 -14.218189 0.093215 1.300580 -34.211998 -0.287563 0.967170 -20.033175 0.964536 1.212842 0.000000 0.000000 -0.000000 -3.440384 0.788232 0.501655 -15.928165 -3.167305 2.999704 -6.338814 -0.000001 0.000001 -18.123411 3.648176 -4.905662 -0.000003 -0.000000 -0.000001 3.351223 8.316327 7.440110 46.034866 34.283314 -21.952190 179.407593 44.039387 179.724823 -27.106544 -5.998957 29.356039 2.243540 -5.255033 -3.180155 14.282875 -0.826594 6.952493 -0.000000 -12.690590 0.000002 15.916058 -17.423658 3.020480 1.665664 -1.955920 -2.878298 4.727795 -4.170585 4.993918 11.020512 0.000003 -0.000002 12.109035 -3.735712 -2.866780 0.000000 0.000000 0.000000 1.291984 -1.928548 -1.498088 14.800111 0.567466 3.865602 14.242550 -1.341734 -6.660651 19.631937 0.143926 -0.648245 49.623962 -1.169815 -6.409110 0.353029 -1.511150 -0.031940 20.222767 3.684304 2.316625 18.787245 0.000004 -0.000002 10.751610 -0.479870 1.397903 0.000000 0.000002 0.000000 3.273803 0.305947 -0.580112 21.486788 11.830360 2.266129 8.162916 -0.000001 -0.000002 18.399054 -3.798982 -4.940569 0.000001 -0.000002 -0.000000 23.352268 14.758001 -7.324228 -0.575637 -1.495921 44.435589 -17.010662 -18.662085 -27.823330 1.644609 -1.901973 -2.428700 -0.000000 -0.000000 0.000002 -21.452856 -10.942121 -26.999208 0.904608 1.478098 29.336775 27.489492 16.632036 3.937304 -1.417336 0.921099 -2.418409 0.000000 -0.000001 -0.000001 
42.316784 87.521019 -36.988556 -1.872589 6.543647 -1.753093 -2.538279 -0.780957 2.476129 -0.838805 -4.125549 -3.493471 0.257058 -6.797053 12.899760 18.370958 -5.245206 5.577949 -2.405782 -5.428661 -3.547457 3.795084 -9.229473 -12.679174 0.000077 -0.000023 0.000006 0.007745 0.015134 0.043351 0.725394 -3.733926 -10.670950 -0.724874 3.777425 -10.641622 2.502223 -19.610205 8.440125 -55.166164 -56.813675 -6.749195 -178.528458 -64.068932 178.615997 11.662489 -2.763959 19.121473 -5.882103 9.861279 0.702590 -10.936859 -0.360575 7.156196 -0.000000 8.774813 -0.000001 -16.271360 17.915655 5.982563 -1.844031 2.498502 -2.507275 -10.163590 4.678940 4.621103 -20.975994 -0.000002 0.000002 -21.226255 2.451695 -3.593993 -0.000000 -0.000006 0.000002 -1.362681 2.240796 -0.746322 -21.334892 0.584910 3.008320 -13.821198 -0.000001 0.000002 -23.887133 -0.249076 -0.839482 -60.496395 2.269099 -1.786041 -0.294025 1.679687 0.833255 -14.218195 0.093216 1.300579 -34.212006 -0.287560 0.967169 -20.033180 0.964536 1.212840 0.000000 0.000000 -0.000000 -3.440387 0.788233 0.501655 -15.928167 -3.167305 2.999703 -6.338818 -0.000001 0.000001 -18.123415 3.648178 -4.905662 -0.000004 -0.000000 -0.000001 3.215011 8.414199 7.594022 46.228313 34.058071 -21.295568 179.317215 43.806503 179.794785 -26.538168 -6.186182 29.822977 2.243539 -5.255032 -3.180155 14.282878 -0.826593 6.952497 -0.000003 -12.690587 -0.000000 15.918831 -17.414312 3.063159 1.665665 -1.955920 -2.878295 4.727796 -4.170584 4.993915 11.020513 0.000005 -0.000001 12.109031 -3.735708 -2.866777 0.000000 0.000000 0.000001 1.291985 -1.928548 -1.498086 14.800114 0.567471 3.865603 14.242551 -1.341733 -6.660648 19.631939 0.143927 -0.648240 49.678299 -1.150691 -6.345590 0.353028 -1.511148 -0.031940 20.222767 3.684308 2.316627 18.787247 0.000008 -0.000000 10.751612 -0.479866 1.397904 0.000001 0.000002 0.000000 3.273806 0.305947 -0.580110 21.486790 11.830362 2.266129 8.162916 0.000001 0.000000 18.399054 -3.798978 -4.940567 0.000003 -0.000001 -0.000000 23.180073 14.760216 -7.243599 -0.603655 -1.499237 45.582417 -16.637173 -18.716700 -28.745546 1.638335 -1.888884 -2.254074 -0.000000 0.000000 0.000002 -21.850630 -10.783177 -27.316402 0.932964 1.475861 30.275072 27.639841 17.253504 3.756885 -1.415205 0.949466 -2.516427 -0.000000 -0.000000 -0.000001 
42.503033 87.332710 -37.084919 -1.689733 6.254318 -1.882670 -2.556120 -0.753471 2.420899 -0.804469 -4.048357 -3.551085 0.281789 -6.646169 13.072687 18.104656 -5.219702 5.642939 -2.364480 -5.394807 -3.535947 3.891883 -9.374549 -12.868917 0.000077 -0.000021 0.000006 0.021106 0.040492 0.045846 0.731202 -3.696565 -10.644979 -0.704735 3.781965 -10.630812 2.545572 -19.278000 8.455606 -54.268364 -56.828182 -7.782554 -178.598923 -63.922985 178.738083 11.208549 -2.577053 19.529493 -5.882100 9.861279 0.702589 -10.936858 -0.360575 7.156197 0.000001 8.774813 -0.000002 -16.389946 17.998360 6.026799 -1.844031 2.498503 -2.507276 -10.163589 4.678939 4.621103 -20.975998 -0.000003 0.000003 -21.226257 2.451693 -3.593993 0.000000 -0.000006 -0.000000 -1.362680 2.240797 -0.746323 -21.334887 0.584909 3.008320 -13.821198 -0.000002 0.000001 -23.887131 -0.249077 -0.839482 -60.675243 2.290009 -1.780685 -0.294024 1.679686 0.833255 -14.218194 0.093215 1.300579 -34.212002 -0.287563 0.967168 -20.033178 0.964535 1.212841 0.000000 0.000000 0.000000 -3.440385 0.788233 0.501655 -15.928171 -3.167306 2.999704 -6.338817 -0.000001 0.000001 -18.123413 3.648177 -4.905662 -0.000004 -0.000000 -0.000001 3.096314 8.580339 7.699274 46.331894 33.786022 -20.619144 179.173874 43.697495 179.827194 -25.999649 -6.411178 30.117512 2.243540 -5.255033 -3.180157 14.282879 -0.826593 6.952500 -0.000003 -12.690592 -0.000001 15.910110 -17.461203 3.100878 1.665665 -1.955921 -2.878297 4.727795 -4.170584 4.993919 11.020513 0.000004 -0.000001 12.109035 -3.735711 -2.866779 -0.000002 0.000000 0.000001 1.291985 -1.928548 -1.498090 14.800114 0.567468 3.865603 14.242554 -1.341735 -6.660647 19.631941 0.143925 -0.648242 49.715527 -1.174916 -6.262815 0.353029 -1.511150 -0.031939 20.222769 3.684306 2.316629 18.787249 0.000004 0.000001 10.751612 -0.479869 1.397904 -0.000000 0.000002 0.000000 3.273804 0.305946 -0.580108 21.486795 11.830363 2.266134 8.162917 0.000002 -0.000001 18.399055 -3.798980 -4.940567 0.000002 -0.000002 -0.000000 22.855957 14.669330 -7.307047 -0.604419 -1.501321 46.285236 -16.398447 -18.589209 -29.176426 1.635641 -1.865149 -2.116230 0.000000 -0.000001 0.000002 -22.185951 -10.532572 -27.561983 0.931795 1.482479 30.643253 27.886280 17.508558 3.771465 -1.418007 0.984093 -2.647437 0.000000 0.000000 -0.000001 
42.558605 87.329086 -37.145309 -1.531345 6.149660 -1.791046 -2.553579 -0.777005 2.330434 -0.794562 -3.956069 -3.584985 0.315702 -6.557457 13.042483 17.860155 -5.212230 5.668155 -2.344458 -5.349854 -3.525111 3.991031 -9.513509 -12.992318 0.000077 -0.000022 0.000006 0.020933 0.041253 0.040415 0.731163 -3.689273 -10.624365 -0.704009 3.779427 -10.610664 2.562743 -19.059441 8.478227 -53.402809 -56.787506 -8.914970 -178.265671 -63.887428 178.524338 10.930747 -2.501341 19.621098 -5.882102 9.861278 0.702590 -10.936858 -0.360575 7.156196 0.000001 8.774814 -0.000001 -16.534206 18.031384 6.023677 -1.844031 2.498502 -2.507276 -10.163589 4.678940 4.621104 -20.975996 -0.000003 0.000001 -21.226250 2.451692 -3.593996 0.000000 -0.000006 0.000001 -1.362680 2.240797 -0.746323 -21.334888 0.584909 3.008320 -13.821194 -0.000003 0.000001 -23.887133 -0.249078 -0.839483 -60.709137 2.300262 -1.731452 -0.294024 1.679686 0.833255 -14.218192 0.093215 1.300579 -34.211998 -0.287563 0.967168 -20.033176 0.964535 1.212841 -0.000000 0.000000 0.000000 -3.440384 0.788233 0.501655 -15.928165 -3.167306 2.999703 -6.338815 -0.000001 0.000001 -18.123413 3.648177 -4.905662 -0.000004 -0.000000 -0.000002 2.926189 8.747959 7.763332 46.240971 33.573116 -20.154095 179.051804 43.658672 179.850449 -25.529442 -6.603848 30.126057 2.243541 -5.255034 -3.180156 14.282875 -0.826593 6.952494 -0.000003 -12.690591 -0.000000 15.940555 -17.508818 3.087263 1.665664 -1.955921 -2.878297 4.727793 -4.170582 4.993917 11.020512 0.000004 0.000000 12.109033 -3.735711 -2.866781 0.000000 0.000000 0.000001 1.291983 -1.928548 -1.498089 14.800111 0.567468 3.865606 14.242554 -1.341736 -6.660652 19.631939 0.143926 -0.648244 49.817974 -1.152498 -6.212793 0.353028 -1.511148 -0.031941 20.222769 3.684304 2.316629 18.787247 0.000006 -0.000001 10.751610 -0.479867 1.397903 0.000000 0.000002 0.000000 3.273805 0.305947 -0.580109 21.486794 11.830361 2.266132 8.162916 0.000001 -0.000003 18.399054 -3.798979 -4.940569 0.000003 -0.000002 -0.000001 22.500988 14.466114 -7.418620 -0.595138 -1.504707 46.332985 -16.318748 -18.367889 -29.355400 1.636831 -1.845876 -2.075239 0.000000 -0.000000 0.000002 -22.389818 -10.329559 -27.688562 0.929785 1.489112 30.561192 28.112463 17.435978 3.856004 -1.418865 1.016266 -2.762518 0.000000 -0.000001 -0.000001 
42.472858 87.468704 -37.131653 -1.414480 6.213506 -1.521375 -2.533469 -0.797923 2.224278 -0.795774 -3.901306 -3.620563 0.327160 -6.536727 12.865494 17.660538 -5.166279 5.650641 -2.341687 -5.281946 -3.516229 4.058302 -9.622319 -13.048837 0.000077 -0.000022 0.000006 0.021738 0.047554 0.038764 0.736464 -3.668442 -10.614852 -0.702707 3.774764 -10.610147 2.539980 -18.902927 8.414950 -52.753811 -56.786469 -9.750992 -177.907150 -64.024246 178.268661 10.807060 -2.607160 19.296858 -5.882100 9.861278 0.702590 -10.936858 -0.360576 7.156198 0.000002 8.774815 -0.000000 -16.574678 18.035795 6.044077 -1.844031 2.498502 -2.507276 -10.163589 4.678940 4.621104 -20.975994 -0.000003 0.000003 -21.226250 2.451693 -3.593995 -0.000000 -0.000006 0.000003 -1.362681 2.240796 -0.746322 -21.334887 0.584908 3.008319 -13.821197 -0.000003 0.000002 -23.887125 -0.249078 -0.839481 -60.646324 2.291950 -1.687433 -0.294025 1.679686 0.833255 -14.218190 0.093215 1.300579 -34.211998 -0.287563 0.967169 -20.033176 0.964535 1.212840 0.000000 0.000000 0.000000 -3.440385 0.788233 0.501655 -15.928165 -3.167306 2.999704 -6.338817 -0.000001 0.000001 -18.123411 3.648176 -4.905662 -0.000004 -0.000000 -0.000002 2.717607 8.928287 7.782538 45.781261 33.550522 -20.181044 179.068130 43.721973 179.858414 -25.164480 -6.746936 29.930494 2.243540 -5.255033 -3.180155 14.282877 -0.826594 6.952494 -0.000001 -12.690590 0.000002 15.948269 -17.524498 3.088738 1.665666 -1.955920 -2.878296 4.727793 -4.170585 4.993922 11.020513 0.000002 0.000001 12.109033 -3.735711 -2.866779 -0.000001 0.000000 0.000001 1.291985 -1.928549 -1.498089 14.800111 0.567467 3.865604 14.242551 -1.341735 -6.660649 19.631937 0.143924 -0.648244 49.788895 -1.153514 -6.219113 0.353028 -1.511149 -0.031942 20.222767 3.684305 2.316627 18.787245 0.000005 -0.000002 10.751609 -0.479869 1.397903 -0.000000 0.000003 -0.000000 3.273804 0.305947 -0.580110 21.486788 11.830362 2.266127 8.162916 0.000001 -0.000002 18.399052 -3.798978 -4.940569 0.000003 -0.000002 -0.000001 22.209206 14.220453 -7.543650 -0.579410 -1.520590 45.854565 -16.390219 -18.099895 -29.098629 1.639292 -1.855220 -2.125410 -0.000000 0.000000 0.000002 -22.432137 -10.207630 -27.749300 0.918424 1.517514 30.247000 28.262587 17.167582 3.904109 -1.419362 1.029931 -2.848220 -0.000000 -0.000000 -0.000001 
42.248692 87.700531 -37.070984 -1.338858 6.441003 -1.144559 -2.495250 -0.842611 2.095326 -0.798201 -3.830855 -3.665716 0.290435 -6.568001 12.601191 17.548712 -5.060869 5.585151 -2.385427 -5.311266 -3.505433 4.149928 -9.756782 -13.087515 0.000077 -0.000023 0.000006 0.018342 0.059642 0.040743 0.738830 -3.662113 -10.613309 -0.710507 3.779686 -10.606041 2.432534 -18.874430 8.349151 -52.124962 -56.769279 -10.373810 -177.497269 -64.281853 177.856369 10.818810 -2.837432 18.699299 -5.882102 9.861279 0.702590 -10.936859 -0.360575 7.156198 -0.000000 8.774813 -0.000001 -16.545816 17.989449 6.036191 -1.844031 2.498503 -2.507276 -10.163591 4.678940 4.621105 -20.975996 -0.000001 0.000004 -21.226255 2.451695 -3.593992 -0.000001 -0.000006 0.000001 -1.362680 2.240796 -0.746322 -21.334894 0.584910 3.008322 -13.821198 -0.000002 0.000003 -23.887133 -0.249075 -0.839480 -60.453735 2.258975 -1.647160 -0.294025 1.679686 0.833255 -14.218195 0.093216 1.300580 -34.212009 -0.287560 0.967170 -20.033180 0.964537 1.212842 0.000000 0.000000 0.000000 -3.440386 0.788232 0.501655 -15.928171 -3.167305 2.999706 -6.338817 -0.000001 0.000001 -18.123415 3.648178 -4.905661 -0.000004 -0.000000 -0.000002 2.512197 9.016148 7.702025 45.016605 33.701717 -20.601698 179.085449 43.910614 179.896774 -24.938755 -6.852356 29.549088 2.243540 -5.255032 -3.180156 14.282875 -0.826592 6.952496 -0.000002 -12.690590 -0.000001 16.058357 -17.580132 3.061977 1.665666 -1.955921 -2.878298 4.727793 -4.170582 4.993916 11.020512 0.000004 -0.000000 12.109033 -3.735709 -2.866779 -0.000000 -0.000002 0.000000 1.291984 -1.928549 -1.498087 14.800117 0.567469 3.865603 14.242550 -1.341733 -6.660649 19.631939 0.143929 -0.648243 49.806038 -1.214696 -6.252876 0.353027 -1.511147 -0.031941 20.222765 3.684307 2.316627 18.787241 0.000009 0.000001 10.751610 -0.479866 1.397905 0.000000 0.000002 0.000000 3.273804 0.305949 -0.580112 21.486790 11.830362 2.266133 8.162915 0.000001 -0.000002 18.399048 -3.798978 -4.940567 0.000001 -0.000001 -0.000001 21.994526 13.864259 -7.680332 -0.561246 -1.544531 44.982716 -16.537203 -17.800602 -28.831203 1.640233 -1.887689 -2.205690 0.000000 -0.000000 0.000002 -22.347540 -10.171430 -27.774578 0.904726 1.517812 29.858816 28.328583 16.759689 3.898246 -1.419068 1.037928 -2.874616 -0.000000 -0.000001 -0.000001 
41.899567 87.989952 -36.964588 -1.305803 6.775239 -0.751414 -2.456946 -0.853569 1.942459 -0.807741 -3.826371 -3.742704 0.222759 -6.587950 12.336209 17.513786 -4.982036 5.529401 -2.394536 -5.366220 -3.504920 4.216856 -9.930443 -13.050336 0.000077 -0.000023 0.000006 0.017591 0.072105 0.043399 0.734238 -3.644013 -10.616475 -0.709238 3.793189 -10.611133 2.258152 -18.948151 8.292903 -51.620979 -56.817142 -10.600464 -177.438385 -64.644714 177.756287 10.905184 -3.127778 17.940607 -5.882098 9.861276 0.702590 -10.936858 -0.360575 7.156196 0.000002 8.774814 0.000000 -16.452032 17.916624 6.057189 -1.844032 2.498501 -2.507276 -10.163590 4.678939 4.621104 -20.975994 -0.000007 0.000002 -21.226250 2.451690 -3.593992 0.000000 -0.000006 -0.000000 -1.362680 2.240796 -0.746323 -21.334887 0.584906 3.008319 -13.821193 -0.000005 0.000002 -23.887129 -0.249082 -0.839480 -60.299801 2.253356 -1.622617 -0.294023 1.679685 0.833256 -14.218190 0.093213 1.300578 -34.211998 -0.287568 0.967170 -20.033176 0.964533 1.212843 -0.000000 0.000000 0.000000 -3.440385 0.788232 0.501655 -15.928167 -3.167307 2.999703 -6.338817 -0.000001 0.000001 -18.123411 3.648173 -4.905661 -0.000004 -0.000000 -0.000002 2.361499 9.039231 7.501340 43.934769 33.907566 -21.355572 179.226257 44.305271 179.944519 -24.722626 -6.931033 29.131405 2.243538 -5.255032 -3.180155 14.282875 -0.826591 6.952497 -0.000003 -12.690587 -0.000001 16.092798 -17.583193 3.019479 1.665665 -1.955920 -2.878298 4.727795 -4.170582 4.993918 11.020512 0.000005 -0.000000 12.109031 -3.735706 -2.866780 0.000001 -0.000002 0.000001 1.291984 -1.928546 -1.498090 14.800113 0.567471 3.865603 14.242553 -1.341731 -6.660649 19.631937 0.143928 -0.648240 49.853680 -1.292339 -6.245898 0.353027 -1.511150 -0.031940 20.222769 3.684310 2.316630 18.787245 0.000009 0.000002 10.751608 -0.479866 1.397905 0.000000 0.000000 0.000000 3.273803 0.305947 -0.580111 21.486792 11.830367 2.266133 8.162916 0.000002 -0.000001 18.399048 -3.798977 -4.940566 0.000003 -0.000003 -0.000000 21.892584 13.399813 -7.754693 -0.533986 -1.574857 43.844521 -16.780136 -17.460302 -28.278965 1.636308 -1.909580 -2.283773 0.000000 -0.000000 0.000002 -22.140240 -10.206869 -27.755552 0.883416 1.489499 29.492369 28.288973 16.373310 3.835236 -1.413478 1.022391 -2.842179 0.000000 0.000000 -0.000001 
41.564053 88.299004 -36.814499 -1.314985 7.166179 -0.349449 -2.425467 -0.887968 1.741888 -0.815532 -3.816034 -3.830374 0.135557 -6.636391 12.068400 17.525085 -4.953347 5.542354 -2.412353 -5.456297 -3.500914 4.271996 -10.036148 -12.924931 0.000077 -0.000023 0.000006 0.012631 0.071393 0.049895 0.728445 -3.645605 -10.612229 -0.714225 3.803251 -10.609694 2.090515 -19.082245 8.218851 -51.289902 -56.847744 -10.682449 -177.428024 -65.013336 177.679169 11.017895 -3.427303 17.135147 -5.882100 9.861278 0.702590 -10.936857 -0.360574 7.156198 -0.000000 8.774814 -0.000001 -16.328997 17.864706 6.070765 -1.844030 2.498502 -2.507276 -10.163589 4.678938 4.621104 -20.975994 -0.000003 0.000003 -21.226250 2.451693 -3.593993 -0.000000 -0.000006 0.000000 -1.362680 2.240797 -0.746323 -21.334888 0.584908 3.008322 -13.821197 -0.000002 0.000003 -23.887133 -0.249077 -0.839481 -60.182644 2.261017 -1.624290 -0.294025 1.679686 0.833255 -14.218192 0.093214 1.300580 -34.212002 -0.287563 0.967171 -20.033176 0.964535 1.212843 -0.000000 0.000000 0.000000 -3.440387 0.788233 0.501655 -15.928167 -3.167305 2.999704 -6.338817 -0.000001 0.000002 -18.123411 3.648176 -4.905660 -0.000004 -0.000000 -0.000002 2.255925 8.969557 7.222072 42.801243 34.165863 -22.305168 179.288162 44.797428 179.947281 -24.461990 -7.051308 28.743204 2.243539 -5.255033 -3.180155 14.282875 -0.826592 6.952495 -0.000000 -12.690590 0.000001 16.071608 -17.587614 2.944609 1.665664 -1.955919 -2.878296 4.727794 -4.170582 4.993918 11.020513 0.000004 0.000001 12.109033 -3.735709 -2.866780 0.000000 -0.000001 0.000001 1.291986 -1.928548 -1.498086 14.800114 0.567467 3.865606 14.242551 -1.341734 -6.660646 19.631939 0.143927 -0.648242 49.868347 -1.317600 -6.273888 0.353029 -1.511150 -0.031940 20.222767 3.684308 2.316627 18.787245 0.000006 0.000001 10.751611 -0.479866 1.397905 0.000000 0.000001 -0.000000 3.273805 0.305947 -0.580110 21.486795 11.830366 2.266132 8.162916 0.000003 -0.000001 18.399052 -3.798980 -4.940566 0.000003 0.000000 -0.000001 21.851461 12.923673 -7.766802 -0.514194 -1.591500 42.562943 -16.999380 -17.142326 -27.735676 1.635543 -1.928428 -2.391147 0.000000 -0.000000 0.000002 -21.883394 -10.355984 -27.648331 0.867018 1.470579 29.034775 28.215815 15.977739 3.789886 -1.412430 1.026680 -2.814759 -0.000000 -0.000001 -0.000001 
41.151924 88.625854 -36.589344 -1.350874 7.556219 0.029954 -2.404464 -0.932875 1.500988 -0.832491 -3.802144 -3.912511 0.051546 -6.733029 11.797221 17.578880 -4.981865 5.625873 -2.432508 -5.564845 -3.499867 4.286263 -10.059324 -12.709852 0.000077 -0.000024 0.000006 0.013997 0.064591 0.055400 0.732599 -3.648452 -10.604537 -0.711882 3.791169 -10.601907 1.919524 -19.202230 8.112782 -51.223267 -56.801304 -10.553674 -177.437668 -65.270531 177.701172 11.123318 -3.712091 16.320866 -5.882102 9.861278 0.702590 -10.936858 -0.360576 7.156198 0.000001 8.774814 -0.000002 -16.263428 17.851219 6.070107 -1.844031 2.498504 -2.507276 -10.163590 4.678941 4.621104 -20.976000 -0.000003 0.000005 -21.226254 2.451694 -3.593992 -0.000000 -0.000006 0.000001 -1.362681 2.240796 -0.746323 -21.334890 0.584908 3.008322 -13.821198 -0.000003 0.000004 -23.887129 -0.249077 -0.839479 -60.139744 2.287475 -1.628374 -0.294024 1.679686 0.833255 -14.218195 0.093214 1.300580 -34.212013 -0.287562 0.967173 -20.033180 0.964536 1.212843 0.000000 0.000000 0.000000 -3.440386 0.788232 0.501656 -15.928169 -3.167307 2.999706 -6.338818 -0.000001 0.000002 -18.123415 3.648177 -4.905661 -0.000005 -0.000000 -0.000002 2.175427 8.881103 6.943049 41.743614 34.418900 -23.299721 179.307571 45.298729 179.951447 -24.184397 -7.150595 28.494656 2.243537 -5.255032 -3.180153 14.282875 -0.826592 6.952496 0.000001 -12.690593 -0.000001 16.011259 -17.591572 2.895493 1.665665 -1.955920 -2.878299 4.727795 -4.170584 4.993917 11.020512 0.000003 0.000000 12.109031 -3.735709 -2.866779 0.000000 -0.000002 0.000001 1.291984 -1.928548 -1.498087 14.800113 0.567469 3.865606 14.242554 -1.341735 -6.660649 19.631939 0.143926 -0.648243 49.893101 -1.324313 -6.273423 0.353028 -1.511150 -0.031938 20.222771 3.684305 2.316629 18.787245 0.000004 -0.000001 10.751610 -0.479867 1.397904 0.000000 0.000001 0.000000 3.273804 0.305947 -0.580109 21.486790 11.830363 2.266132 8.162916 0.000001 -0.000002 18.399052 -3.798980 -4.940569 0.000003 -0.000002 -0.000001 21.906189 12.435493 -7.601445 -0.470067 -1.626236 41.039429 -17.321692 -16.779875 -27.095621 1.636315 -1.940260 -2.511904 0.000000 -0.000000 0.000002 -21.542309 -10.502018 -27.541159 0.858784 1.457044 28.692886 28.031342 15.643956 3.636703 -1.408292 1.028869 -2.760625 -0.000000 -0.000000 -0.000001 
40.766270 88.963226 -36.368973 -1.408944 7.874685 0.385563 -2.391774 -0.932610 1.237641 -0.853054 -3.863971 -4.018532 -0.034584 -6.795750 11.570162 17.686811 -5.062222 5.773614 -2.452164 -5.622138 -3.509121 4.265034 -10.093913 -12.412148 0.000077 -0.000022 0.000006 0.016195 0.058368 0.058163 0.732084 -3.651686 -10.612780 -0.715731 3.792406 -10.617496 1.780043 -19.336800 7.992508 -51.229736 -56.675575 -10.458304 -177.415680 -65.502296 177.668320 11.244538 -3.972326 15.566762 -5.882102 9.861278 0.702591 -10.936858 -0.360575 7.156197 0.000001 8.774812 -0.000000 -16.194323 17.837376 6.085535 -1.844029 2.498502 -2.507275 -10.163589 4.678939 4.621104 -20.975996 -0.000003 0.000003 -21.226255 2.451694 -3.593994 -0.000000 -0.000006 0.000002 -1.362680 2.240797 -0.746323 -21.334887 0.584910 3.008321 -13.821197 -0.000003 0.000003 -23.887129 -0.249078 -0.839481 -60.094303 2.318313 -1.606624 -0.294026 1.679686 0.833256 -14.218192 0.093214 1.300580 -34.211998 -0.287563 0.967170 -20.033178 0.964536 1.212842 -0.000000 -0.000000 0.000000 -3.440384 0.788232 0.501656 -15.928171 -3.167306 2.999704 -6.338815 -0.000001 0.000001 -18.123415 3.648177 -4.905661 -0.000004 -0.000000 -0.000003 2.179693 8.776929 6.748881 40.784145 34.654152 -24.332834 179.319061 45.667824 179.883820 -23.973276 -7.267630 28.420992 2.243541 -5.255033 -3.180157 14.282877 -0.826594 6.952496 0.000000 -12.690590 -0.000002 15.905674 -17.532673 2.866769 1.665666 -1.955920 -2.878297 4.727793 -4.170583 4.993918 11.020513 0.000003 -0.000001 12.109035 -3.735711 -2.866779 0.000000 -0.000002 0.000000 1.291985 -1.928548 -1.498089 14.800117 0.567466 3.865605 14.242554 -1.341736 -6.660648 19.631937 0.143923 -0.648243 49.889938 -1.308754 -6.246946 0.353030 -1.511150 -0.031940 20.222769 3.684306 2.316629 18.787247 0.000004 -0.000000 10.751610 -0.479871 1.397905 -0.000000 0.000001 -0.000000 3.273804 0.305947 -0.580109 21.486792 11.830364 2.266132 8.162916 0.000002 -0.000001 18.399055 -3.798981 -4.940567 0.000003 -0.000003 -0.000001 21.994373 11.974492 -7.360236 -0.438269 -1.640853 39.488003 -17.627535 -16.377144 -26.406446 1.634489 -1.948022 -2.589638 -0.000000 0.000000 0.000002 -21.172298 -10.616479 -27.384346 0.831950 1.426548 28.210241 27.881556 15.363972 3.593683 -1.409778 1.037459 -2.707512 -0.000000 -0.000001 -0.000001 
40.458740 89.288445 -36.056908 -1.485099 8.184082 0.728989 -2.388360 -0.968137 0.947449 -0.868044 -3.924680 -4.120584 -0.076452 -6.858303 11.339077 17.828344 -5.199869 5.931251 -2.471376 -5.684267 -3.528006 4.199471 -10.065204 -12.027588 0.000077 -0.000022 0.000006 0.011899 0.052474 0.051098 0.733902 -3.664024 -10.611934 -0.721683 3.775745 -10.616046 1.636762 -19.467039 7.917279 -51.283241 -56.537373 -10.337564 -177.453094 -65.625526 177.671585 11.376141 -4.175248 14.930819 -5.882102 9.861281 0.702590 -10.936858 -0.360575 7.156198 0.000000 8.774816 -0.000001 -16.143879 17.823891 6.104891 -1.844032 2.498503 -2.507275 -10.163591 4.678942 4.621104 -20.975998 -0.000002 0.000003 -21.226255 2.451694 -3.593994 -0.000001 -0.000006 0.000000 -1.362680 2.240796 -0.746323 -21.334894 0.584910 3.008321 -13.821197 -0.000002 0.000002 -23.887131 -0.249077 -0.839481 -60.006420 2.353086 -1.579185 -0.294025 1.679686 0.833255 -14.218194 0.093216 1.300580 -34.212009 -0.287561 0.967170 -20.033180 0.964536 1.212841 -0.000000 0.000000 0.000000 -3.440385 0.788233 0.501656 -15.928169 -3.167306 2.999704 -6.338817 -0.000001 0.000001 -18.123413 3.648179 -4.905662 -0.000005 -0.000000 -0.000002 2.274305 8.631282 6.559840 40.051167 34.840725 -25.193636 179.327759 45.892086 179.820404 -23.835573 -7.266960 28.483957 2.243541 -5.255033 -3.180153 14.282877 -0.826594 6.952494 0.000000 -12.690590 0.000000 15.830414 -17.496950 2.826074 1.665667 -1.955921 -2.878294 4.727794 -4.170583 4.993918 11.020513 0.000003 -0.000001 12.109034 -3.735712 -2.866780 -0.000000 -0.000002 0.000000 1.291984 -1.928549 -1.498087 14.800113 0.567467 3.865605 14.242556 -1.341733 -6.660649 19.631941 0.143927 -0.648244 49.913265 -1.278008 -6.200464 0.353030 -1.511150 -0.031941 20.222773 3.684305 2.316627 18.787249 0.000006 -0.000002 10.751610 -0.479867 1.397902 -0.000000 0.000001 -0.000000 3.273804 0.305946 -0.580110 21.486792 11.830364 2.266130 8.162915 0.000002 -0.000002 18.399055 -3.798978 -4.940571 0.000003 -0.000002 -0.000000 22.070242 11.471090 -7.002754 -0.396918 -1.654051 37.885059 -17.905880 -15.923983 -25.805614 1.636009 -1.944670 -2.673843 0.000000 -0.000000 0.000002 -20.843679 -10.698927 -27.140007 0.808331 1.394028 27.700537 27.688463 15.103267 3.474659 -1.410538 1.034718 -2.595800 -0.000000 -0.000000 -0.000001 
40.210094 89.627518 -35.757149 -1.570526 8.443984 1.057451 -2.394338 -1.011578 0.630852 -0.882787 -3.988282 -4.211961 -0.082925 -6.925249 11.104324 18.019789 -5.358629 6.105379 -2.499728 -5.721680 -3.544793 4.099873 -10.015811 -11.602773 0.000077 -0.000024 0.000006 0.012164 0.034319 0.043347 0.740732 -3.689725 -10.630326 -0.726261 3.751774 -10.633343 1.490459 -19.582682 7.852885 -51.406116 -56.405998 -10.164776 -177.449127 -65.680382 177.632385 11.595101 -4.353951 14.370393 -5.882100 9.861278 0.702590 -10.936857 -0.360575 7.156198 0.000001 8.774812 -0.000002 -16.100945 17.820925 6.113660 -1.844030 2.498503 -2.507275 -10.163587 4.678938 4.621105 -20.975994 -0.000003 0.000003 -21.226255 2.451692 -3.593994 -0.000000 -0.000006 0.000001 -1.362681 2.240796 -0.746322 -21.334894 0.584908 3.008321 -13.821198 -0.000003 0.000002 -23.887133 -0.249078 -0.839481 -59.899807 2.387843 -1.569737 -0.294025 1.679686 0.833255 -14.218192 0.093214 1.300579 -34.211998 -0.287563 0.967170 -20.033178 0.964535 1.212842 -0.000000 -0.000000 0.000000 -3.440385 0.788231 0.501655 -15.928169 -3.167306 2.999704 -6.338816 -0.000001 0.000002 -18.123411 3.648175 -4.905661 -0.000004 0.000000 -0.000002 2.500028 8.455003 6.418714 39.511875 34.994720 -25.897066 179.286224 45.958645 179.751602 -23.772421 -7.147838 28.723188 2.243539 -5.255033 -3.180154 14.282877 -0.826591 6.952496 -0.000001 -12.690590 0.000000 15.813453 -17.453596 2.769282 1.665664 -1.955918 -2.878296 4.727793 -4.170582 4.993915 11.020510 0.000003 -0.000001 12.109028 -3.735708 -2.866779 0.000002 0.000000 -0.000000 1.291984 -1.928548 -1.498087 14.800111 0.567467 3.865606 14.242553 -1.341733 -6.660646 19.631939 0.143927 -0.648241 49.880939 -1.277241 -6.193668 0.353028 -1.511150 -0.031939 20.222769 3.684306 2.316628 18.787245 0.000010 0.000001 10.751613 -0.479865 1.397905 -0.000000 0.000001 -0.000000 3.273805 0.305949 -0.580113 21.486792 11.830363 2.266131 8.162915 0.000002 -0.000001 18.399054 -3.798977 -4.940566 0.000003 -0.000002 -0.000000 22.120312 10.966909 -6.640179 -0.358866 -1.677716 36.357464 -18.130676 -15.407033 -25.134724 1.641517 -1.955003 -2.733107 -0.000000 0.000000 0.000002 -20.523199 -10.777976 -26.800400 0.779894 1.368039 26.967464 27.501354 14.752948 3.470277 -1.410931 1.036442 -2.465441 -0.000000 -0.000000 -0.000001 
40.045063 89.960487 -35.489647 -1.654392 8.665913 1.382244 -2.416519 -1.052073 0.310727 -0.887758 -4.056139 -4.309226 -0.040554 -6.981816 10.884370 18.232431 -5.550971 6.309645 -2.503744 -5.741343 -3.567730 4.010703 -10.001902 -11.207978 0.000077 -0.000024 0.000006 0.004582 0.035002 0.033086 0.736724 -3.696850 -10.657909 -0.739680 3.752855 -10.656893 1.397490 -19.650419 7.789606 -51.582951 -56.302521 -10.036591 -177.285095 -65.639679 177.443405 11.868909 -4.530240 13.830540 -5.882101 9.861276 0.702592 -10.936860 -0.360574 7.156196 0.000003 8.774812 0.000001 -16.025064 17.803207 6.146594 -1.844030 2.498501 -2.507276 -10.163591 4.678941 4.621105 -20.975992 -0.000004 0.000002 -21.226254 2.451693 -3.593993 -0.000000 -0.000006 0.000002 -1.362680 2.240795 -0.746322 -21.334896 0.584909 3.008321 -13.821197 -0.000003 0.000003 -23.887129 -0.249078 -0.839480 -59.813412 2.425354 -1.558885 -0.294024 1.679686 0.833255 -14.218194 0.093215 1.300580 -34.212006 -0.287563 0.967170 -20.033178 0.964536 1.212841 -0.000000 -0.000000 0.000000 -3.440387 0.788232 0.501655 -15.928165 -3.167306 2.999703 -6.338819 -0.000001 0.000001 -18.123415 3.648176 -4.905660 -0.000005 0.000000 -0.000002 2.826286 8.269637 6.315788 39.299164 35.086880 -26.325563 179.201187 45.821453 179.666443 -23.775753 -6.901242 29.224445 2.243540 -5.255033 -3.180152 14.282877 -0.826592 6.952496 -0.000002 -12.690590 -0.000001 15.774410 -17.411282 2.742464 1.665666 -1.955920 -2.878298 4.727792 -4.170582 4.993917 11.020511 0.000004 -0.000001 12.109029 -3.735708 -2.866778 0.000002 -0.000001 -0.000000 1.291985 -1.928547 -1.498089 14.800109 0.567469 3.865602 14.242554 -1.341735 -6.660650 19.631941 0.143927 -0.648245 49.768600 -1.279922 -6.194020 0.353028 -1.511149 -0.031941 20.222767 3.684306 2.316625 18.787245 0.000005 -0.000000 10.751611 -0.479866 1.397904 0.000001 0.000001 0.000000 3.273804 0.305948 -0.580110 21.486795 11.830363 2.266130 8.162916 0.000001 -0.000002 18.399055 -3.798978 -4.940567 0.000003 -0.000002 -0.000000 22.129326 10.460593 -6.311648 -0.341713 -1.671534 34.937790 -18.301876 -14.867936 -24.499886 1.644979 -1.961148 -2.753598 0.000000 0.000000 0.000002 -20.242395 -10.851757 -26.390814 0.734628 1.347217 26.029934 27.317091 14.379020 3.577628 -1.409907 1.018784 -2.350218 -0.000000 -0.000000 -0.000001 
40.017307 90.242752 -35.214691 -1.730046 8.855166 1.670454 -2.456558 -1.094070 0.008605 -0.885483 -4.126414 -4.395350 0.054983 -7.003882 10.677467 18.436539 -5.756794 6.530747 -2.498144 -5.761535 -3.572161 3.938035 -9.978373 -10.843958 0.000076 -0.000022 0.000006 -0.001615 0.010176 0.026597 0.742428 -3.726976 -10.676884 -0.748069 3.739835 -10.670679 1.352945 -19.661446 7.698583 -51.825382 -56.266014 -9.769022 -177.220825 -65.520119 177.396942 12.183104 -4.648948 13.432063 -5.882102 9.861278 0.702589 -10.936858 -0.360575 7.156197 0.000002 8.774811 -0.000001 -15.978059 17.781712 6.154877 -1.844031 2.498503 -2.507276 -10.163589 4.678937 4.621103 -20.975998 -0.000005 0.000002 -21.226254 2.451692 -3.593993 0.000000 -0.000006 0.000002 -1.362680 2.240796 -0.746323 -21.334894 0.584908 3.008320 -13.821197 -0.000003 0.000002 -23.887135 -0.249079 -0.839480 -59.765793 2.470700 -1.571411 -0.294023 1.679686 0.833255 -14.218194 0.093213 1.300579 -34.212002 -0.287565 0.967170 -20.033180 0.964534 1.212843 0.000000 0.000000 0.000000 -3.440386 0.788233 0.501655 -15.928169 -3.167307 2.999703 -6.338815 -0.000001 0.000001 -18.123411 3.648175 -4.905661 -0.000005 -0.000000 -0.000002 3.223702 8.111814 6.288841 39.345154 35.108551 -26.400215 179.219421 45.489918 179.669708 -23.849499 -6.537322 29.983191 2.243541 -5.255033 -3.180156 14.282878 -0.826596 6.952496 -0.000002 -12.690590 -0.000002 15.763854 -17.346972 2.715609 1.665664 -1.955920 -2.878294 4.727794 -4.170583 4.993917 11.020510 0.000002 -0.000001 12.109033 -3.735712 -2.866780 0.000000 -0.000002 0.000000 1.291984 -1.928548 -1.498087 14.800111 0.567467 3.865602 14.242551 -1.341736 -6.660647 19.631939 0.143927 -0.648243 49.673405 -1.284045 -6.175708 0.353029 -1.511149 -0.031941 20.222771 3.684305 2.316626 18.787245 0.000004 -0.000001 10.751611 -0.479868 1.397904 0.000001 0.000003 -0.000000 3.273804 0.305946 -0.580110 21.486794 11.830361 2.266130 8.162916 -0.000000 0.000001 18.399054 -3.798981 -4.940568 0.000002 -0.000001 -0.000001 22.045574 9.970622 -5.982471 -0.303634 -1.685333 33.689133 -18.389410 -14.356073 -24.110815 1.649265 -1.971870 -2.763159 -0.000000 0.000001 0.000002 -20.064478 -10.959440 -25.911634 0.694937 1.330602 25.032740 27.164297 14.048635 3.726436 -1.409093 0.983862 -2.265926 -0.000000 -0.000000 -0.000001 
40.162804 90.487686 -35.110680 -1.784336 9.037920 1.915709 -2.514062 -1.155843 -0.248346 -0.888121 -4.132469 -4.463917 0.183746 -7.028072 10.493642 18.628082 -5.985195 6.791722 -2.487001 -5.763224 -3.588153 3.899151 -9.956800 -10.490582 0.000076 -0.000022 0.000006 -0.001271 -0.001899 0.020430 0.745007 -3.719489 -10.698680 -0.756046 3.730446 -10.692252 1.388913 -19.621231 7.597552 -52.058109 -56.276173 -9.472136 -177.223907 -65.344551 177.464691 12.483317 -4.730189 13.212975 -5.882102 9.861276 0.702590 -10.936860 -0.360576 7.156197 0.000003 8.774812 -0.000001 -15.979901 17.783222 6.170648 -1.844031 2.498502 -2.507276 -10.163590 4.678939 4.621105 -20.975996 -0.000005 0.000004 -21.226255 2.451691 -3.593991 -0.000001 -0.000006 0.000001 -1.362681 2.240796 -0.746323 -21.334898 0.584908 3.008322 -13.821200 -0.000003 0.000003 -23.887136 -0.249078 -0.839479 -59.732018 2.489147 -1.578932 -0.294024 1.679686 0.833255 -14.218194 0.093214 1.300580 -34.212013 -0.287565 0.967172 -20.033180 0.964535 1.212843 0.000000 -0.000000 0.000000 -3.440386 0.788232 0.501655 -15.928173 -3.167306 2.999703 -6.338815 -0.000002 0.000002 -18.123415 3.648175 -4.905660 -0.000004 -0.000000 -0.000002 3.674828 7.970976 6.306255 39.663582 35.057404 -26.198301 179.182419 45.031361 179.685669 -24.013138 -6.060730 30.781769 2.243540 -5.255032 -3.180154 14.282875 -0.826592 6.952496 -0.000003 -12.690588 0.000000 15.721181 -17.333307 2.702995 1.665665 -1.955920 -2.878294 4.727796 -4.170582 4.993918 11.020510 0.000005 -0.000000 12.109029 -3.735706 -2.866780 0.000001 -0.000001 -0.000000 1.291985 -1.928548 -1.498088 14.800114 0.567469 3.865604 14.242553 -1.341732 -6.660646 19.631939 0.143927 -0.648241 49.470642 -1.277968 -6.164244 0.353028 -1.511149 -0.031941 20.222769 3.684309 2.316628 18.787241 0.000008 0.000000 10.751612 -0.479866 1.397905 0.000001 0.000002 -0.000000 3.273804 0.305948 -0.580108 21.486792 11.830364 2.266132 8.162916 0.000003 -0.000001 18.399050 -3.798980 -4.940565 0.000002 -0.000003 -0.000001 21.843479 9.536089 -5.951156 -0.297341 -1.676940 32.997860 -18.300621 -13.960240 -23.860886 1.652749 -1.976827 -2.740810 0.000000 0.000000 0.000002 -20.019253 -11.140324 -25.283802 0.662124 1.346440 23.629480 27.163424 13.591043 4.183241 -1.407422 0.953586 -2.237560 0.000000 0.000000 -0.000001 
40.329411 90.637604 -35.070423 -1.837852 9.195460 2.096294 -2.569973 -1.147782 -0.430940 -0.885126 -4.168684 -4.515164 0.330493 -7.015676 10.341846 18.801228 -6.183353 7.036317 -2.446753 -5.790303 -3.569600 3.882895 -9.934965 -10.177561 0.000077 -0.000023 0.000006 -0.004978 -0.008458 0.020804 0.744257 -3.737200 -10.713630 -0.763084 3.734282 -10.697306 1.501421 -19.541401 7.472442 -52.314610 -56.342697 -9.093629 -177.215134 -65.114540 177.548843 12.739403 -4.723018 13.237205 -5.882101 9.861278 0.702589 -10.936861 -0.360574 7.156197 0.000002 8.774813 -0.000001 -15.986569 17.792219 6.192894 -1.844031 2.498503 -2.507276 -10.163589 4.678938 4.621103 -20.975996 -0.000003 0.000003 -21.226255 2.451694 -3.593994 0.000000 -0.000006 0.000002 -1.362682 2.240797 -0.746323 -21.334894 0.584908 3.008321 -13.821197 -0.000003 0.000002 -23.887133 -0.249078 -0.839480 -59.731621 2.501146 -1.549099 -0.294025 1.679685 0.833255 -14.218194 0.093215 1.300579 -34.212006 -0.287564 0.967171 -20.033180 0.964535 1.212842 -0.000000 0.000000 0.000000 -3.440384 0.788232 0.501656 -15.928169 -3.167306 2.999704 -6.338820 -0.000001 0.000001 -18.123415 3.648175 -4.905661 -0.000005 -0.000000 -0.000002 4.127873 7.894123 6.396470 40.122234 34.971558 -25.882170 179.113815 44.490028 179.647400 -24.317019 -5.561423 31.596111 2.243541 -5.255032 -3.180155 14.282875 -0.826594 6.952495 0.000001 -12.690592 -0.000001 15.700376 -17.267591 2.699873 1.665665 -1.955920 -2.878295 4.727794 -4.170584 4.993918 11.020512 0.000003 -0.000001 12.109033 -3.735710 -2.866781 0.000002 -0.000001 -0.000000 1.291984 -1.928548 -1.498088 14.800111 0.567467 3.865602 14.242553 -1.341737 -6.660649 19.631933 0.143924 -0.648245 49.284737 -1.234709 -6.131649 0.353029 -1.511150 -0.031941 20.222767 3.684303 2.316626 18.787245 0.000004 -0.000002 10.751610 -0.479870 1.397902 0.000000 0.000002 -0.000001 3.273803 0.305947 -0.580109 21.486788 11.830360 2.266130 8.162917 0.000001 -0.000001 18.399052 -3.798981 -4.940570 0.000002 -0.000003 -0.000001 21.666288 9.179757 -6.075426 -0.300695 -1.682287 32.742718 -18.181643 -13.727068 -23.785532 1.655886 -1.983523 -2.720795 -0.000000 0.000000 0.000002 -20.014963 -11.304489 -24.798651 0.641357 1.371560 22.528940 27.199703 13.242789 4.567040 -1.408552 0.935704 -2.253559 -0.000000 -0.000000 -0.000001 
40.535778 90.682999 -35.111572 -1.893120 9.378746 2.192354 -2.621319 -1.180434 -0.547846 -0.888861 -4.117270 -4.551872 0.485386 -6.974951 10.256381 18.958685 -6.368776 7.297279 -2.415382 -5.861268 -3.568340 3.884914 -9.905469 -9.889800 0.000077 -0.000022 0.000006 -0.002744 -0.014956 0.023184 0.744533 -3.747073 -10.713356 -0.759551 3.716628 -10.698205 1.673760 -19.418636 7.355592 -52.573555 -56.455170 -8.665098 -177.185867 -64.866798 177.665131 12.964167 -4.677732 13.418352 -5.882102 9.861279 0.702590 -10.936858 -0.360573 7.156197 0.000002 8.774815 -0.000000 -16.019125 17.803097 6.209743 -1.844031 2.498502 -2.507276 -10.163589 4.678940 4.621104 -20.975998 -0.000003 0.000002 -21.226255 2.451693 -3.593992 0.000000 -0.000006 -0.000000 -1.362680 2.240797 -0.746323 -21.334892 0.584909 3.008321 -13.821197 -0.000002 0.000002 -23.887131 -0.249078 -0.839482 -59.671604 2.510625 -1.503197 -0.294025 1.679687 0.833255 -14.218194 0.093215 1.300579 -34.212002 -0.287564 0.967170 -20.033180 0.964535 1.212841 0.000000 0.000000 0.000000 -3.440385 0.788232 0.501655 -15.928169 -3.167306 2.999703 -6.338817 -0.000001 0.000001 -18.123413 3.648176 -4.905662 -0.000004 -0.000000 -0.000002 4.535298 7.861368 6.532549 40.692944 34.812733 -25.460577 179.124985 43.980713 179.689804 -24.652576 -5.022738 32.274185 2.243541 -5.255032 -3.180153 14.282877 -0.826595 6.952495 -0.000003 -12.690587 0.000001 15.707186 -17.245874 2.684975 1.665664 -1.955920 -2.878299 4.727794 -4.170584 4.993918 11.020510 0.000003 -0.000001 12.109033 -3.735709 -2.866779 0.000002 -0.000001 0.000001 1.291984 -1.928548 -1.498087 14.800117 0.567466 3.865604 14.242553 -1.341735 -6.660651 19.631935 0.143925 -0.648244 49.164261 -1.204074 -6.086783 0.353029 -1.511150 -0.031939 20.222769 3.684305 2.316626 18.787245 0.000006 -0.000003 10.751611 -0.479869 1.397903 0.000000 0.000001 0.000000 3.273804 0.305948 -0.580113 21.486790 11.830359 2.266129 8.162914 -0.000001 -0.000000 18.399055 -3.798978 -4.940570 0.000003 -0.000001 -0.000000 21.506504 8.864235 -6.378709 -0.309204 -1.670968 32.941277 -17.997053 -13.682055 -23.962769 1.657963 -1.989207 -2.722705 0.000000 -0.000000 0.000002 -20.060444 -11.563838 -24.435432 0.633247 1.397571 21.757408 27.288351 12.997583 4.899676 -1.410428 0.919670 -2.283759 -0.000000 -0.000000 -0.000001 
40.810349 90.627090 -35.175507 -1.961960 9.579703 2.206123 -2.662253 -1.179567 -0.593036 -0.891651 -4.073981 -4.572574 0.629467 -6.877463 10.237612 19.097593 -6.517922 7.576793 -2.428408 -5.972809 -3.563722 3.974463 -9.940401 -9.630572 0.000076 -0.000021 0.000006 -0.008808 -0.028054 0.022366 0.735285 -3.761938 -10.714776 -0.760460 3.705473 -10.695213 1.886465 -19.267641 7.282162 -52.707569 -56.657246 -8.313852 -177.162064 -64.702133 177.751343 13.188376 -4.642681 13.608703 -5.882100 9.861278 0.702590 -10.936860 -0.360574 7.156197 0.000001 8.774813 -0.000001 -16.055708 17.836926 6.223639 -1.844031 2.498502 -2.507276 -10.163590 4.678939 4.621103 -20.975994 -0.000003 0.000003 -21.226255 2.451692 -3.593992 0.000000 -0.000006 0.000002 -1.362680 2.240796 -0.746322 -21.334887 0.584908 3.008321 -13.821197 -0.000003 0.000002 -23.887131 -0.249078 -0.839480 -59.657272 2.529909 -1.499721 -0.294023 1.679686 0.833255 -14.218192 0.093215 1.300579 -34.212013 -0.287564 0.967171 -20.033180 0.964535 1.212842 -0.000000 0.000000 0.000001 -3.440386 0.788233 0.501655 -15.928169 -3.167306 2.999704 -6.338817 -0.000001 0.000001 -18.123411 3.648175 -4.905661 -0.000005 -0.000000 -0.000002 4.839780 7.886378 6.708181 41.281013 34.653728 -24.943892 179.270432 43.544510 179.772995 -25.112045 -4.473732 32.991478 2.243540 -5.255033 -3.180155 14.282878 -0.826595 6.952495 -0.000002 -12.690591 0.000000 15.709232 -17.234570 2.685485 1.665665 -1.955920 -2.878296 4.727794 -4.170584 4.993919 11.020513 0.000004 0.000002 12.109030 -3.735710 -2.866778 0.000002 -0.000002 0.000002 1.291986 -1.928548 -1.498088 14.800113 0.567469 3.865602 14.242553 -1.341734 -6.660647 19.631939 0.143925 -0.648241 49.063351 -1.166262 -6.059221 0.353027 -1.511149 -0.031939 20.222771 3.684307 2.316632 18.787247 0.000004 0.000002 10.751610 -0.479868 1.397904 -0.000000 0.000002 -0.000000 3.273804 0.305947 -0.580110 21.486794 11.830364 2.266134 8.162916 0.000002 -0.000001 18.399052 -3.798978 -4.940567 0.000002 -0.000002 -0.000000 21.384233 8.636482 -6.845771 -0.337930 -1.660461 33.664944 -17.723314 -13.814440 -24.325502 1.658217 -1.994675 -2.731647 0.000000 0.000000 0.000002 -20.156885 -11.952289 -24.163452 0.640910 1.415643 21.325693 27.477381 12.954836 5.136793 -1.411319 0.906329 -2.376800 -0.000000 -0.000000 -0.000001 
41.022034 90.458000 -35.271801 -2.035947 9.791796 2.113024 -2.691658 -1.158273 -0.570013 -0.900892 -3.993694 -4.570405 0.756305 -6.735699 10.295121 19.197790 -6.645144 7.895147 -2.445695 -6.115867 -3.560966 4.068174 -10.009420 -9.364673 0.000077 -0.000022 0.000006 -0.002457 -0.021460 0.024185 0.734578 -3.761611 -10.694180 -0.752281 3.709342 -10.678636 2.122586 -19.063553 7.237489 -52.815659 -56.869362 -7.952814 -177.029404 -64.529259 177.807327 13.435452 -4.524116 13.760293 -5.882099 9.861278 0.702589 -10.936858 -0.360576 7.156198 -0.000000 8.774814 -0.000002 -16.036789 17.912502 6.263203 -1.844031 2.498503 -2.507276 -10.163589 4.678940 4.621103 -20.975992 -0.000004 0.000002 -21.226250 2.451693 -3.593995 -0.000000 -0.000006 0.000001 -1.362680 2.240796 -0.746323 -21.334885 0.584908 3.008320 -13.821197 -0.000002 0.000002 -23.887125 -0.249078 -0.839481 -59.644268 2.527984 -1.466166 -0.294024 1.679687 0.833255 -14.218189 0.093214 1.300579 -34.211998 -0.287564 0.967171 -20.033175 0.964535 1.212842 -0.000000 -0.000000 0.000000 -3.440386 0.788233 0.501655 -15.928169 -3.167306 2.999704 -6.338818 -0.000001 0.000001 -18.123413 3.648176 -4.905661 -0.000005 -0.000000 -0.000002 4.982468 7.980376 6.859124 41.905361 34.507912 -24.372829 179.561523 43.219563 179.994324 -25.567844 -3.987678 33.737537 2.243540 -5.255032 -3.180155 14.282875 -0.826595 6.952497 -0.000002 -12.690590 0.000000 15.713355 -17.226786 2.710819 1.665663 -1.955919 -2.878298 4.727794 -4.170583 4.993917 11.020510 0.000003 -0.000001 12.109029 -3.735709 -2.866778 0.000003 -0.000001 0.000002 1.291983 -1.928547 -1.498086 14.800111 0.567468 3.865602 14.242554 -1.341734 -6.660649 19.631939 0.143926 -0.648243 48.967548 -1.129021 -6.027053 0.353028 -1.511149 -0.031940 20.222767 3.684305 2.316629 18.787245 0.000006 0.000000 10.751611 -0.479867 1.397903 0.000001 0.000002 0.000000 3.273804 0.305947 -0.580111 21.486788 11.830360 2.266129 8.162913 0.000003 -0.000001 18.399052 -3.798980 -4.940568 0.000002 -0.000001 0.000000 21.354353 8.467787 -7.371572 -0.352927 -1.652851 34.694340 -17.455893 -14.100972 -24.847952 1.656090 -2.005520 -2.727844 0.000000 -0.000000 0.000002 -20.228174 -12.443252 -24.173500 0.649973 1.423195 21.607803 27.664179 13.223838 5.260301 -1.414431 0.902707 -2.490890 -0.000000 -0.000000 -0.000001 
41.258102 90.174072 -35.462971 -2.095179 9.962695 1.888600 -2.718111 -1.081238 -0.483296 -0.928490 -3.927323 -4.569454 0.858142 -6.533652 10.446510 19.262144 -6.753837 8.291813 -2.466765 -6.262323 -3.577683 4.129811 -10.100360 -9.110893 0.000077 -0.000021 0.000006 -0.009571 -0.010394 0.030664 0.719068 -3.755406 -10.665975 -0.741322 3.720392 -10.651703 2.357594 -18.796240 7.230616 -52.746105 -57.070091 -7.786819 -176.702301 -64.470139 177.622284 13.739856 -4.426088 13.822442 -5.882099 9.861279 0.702590 -10.936858 -0.360575 7.156196 0.000001 8.774814 -0.000001 -16.101381 18.057739 6.300413 -1.844031 2.498502 -2.507276 -10.163588 4.678938 4.621103 -20.975994 -0.000004 0.000001 -21.226250 2.451692 -3.593994 -0.000001 -0.000006 0.000001 -1.362682 2.240797 -0.746323 -21.334887 0.584908 3.008319 -13.821197 -0.000003 0.000002 -23.887129 -0.249079 -0.839481 -59.827454 2.561613 -1.441721 -0.294024 1.679687 0.833256 -14.218192 0.093214 1.300578 -34.211998 -0.287566 0.967168 -20.033176 0.964534 1.212842 -0.000000 -0.000000 0.000000 -3.440384 0.788232 0.501655 -15.928164 -3.167306 2.999703 -6.338816 -0.000001 0.000001 -18.123411 3.648175 -4.905662 -0.000004 0.000000 -0.000002 4.913790 8.197789 7.065283 42.406979 34.419823 -23.980503 179.754135 42.980152 -179.833542 -26.108105 -3.661700 34.456348 2.243540 -5.255033 -3.180156 14.282871 -0.826595 6.952497 -0.000003 -12.690593 0.000003 15.782177 -17.286900 2.675170 1.665665 -1.955920 -2.878297 4.727793 -4.170584 4.993920 11.020510 0.000002 0.000000 12.109032 -3.735710 -2.866778 -0.000000 -0.000002 0.000002 1.291984 -1.928548 -1.498088 14.800111 0.567466 3.865603 14.242551 -1.341736 -6.660650 19.631935 0.143929 -0.648244 48.936832 -1.126773 -6.040263 0.353029 -1.511150 -0.031939 20.222763 3.684305 2.316629 18.787243 0.000004 0.000001 10.751609 -0.479871 1.397905 0.000001 0.000002 0.000000 3.273803 0.305947 -0.580109 21.486786 11.830363 2.266132 8.162913 0.000001 -0.000001 18.399050 -3.798980 -4.940564 0.000001 -0.000002 -0.000001 21.339314 8.392135 -7.972766 -0.385774 -1.646174 36.114807 -17.111629 -14.489008 -25.615047 1.655166 -2.022531 -2.701584 0.000000 0.000000 0.000002 -20.393463 -12.886313 -24.340971 0.675473 1.389514 22.319616 27.973782 13.793447 5.297984 -1.415870 0.905492 -2.620838 -0.000000 -0.000000 -0.000001 
41.437626 89.852592 -35.659164 -2.109985 10.064919 1.531157 -2.760485 -1.024557 -0.359432 -0.953814 -3.789186 -4.573591 0.877253 -6.342721 10.698633 19.269394 -6.854846 8.767616 -2.482835 -6.368372 -3.612137 4.161417 -10.173283 -8.876723 0.000077 -0.000022 0.000006 -0.008454 -0.015924 0.023705 0.704535 -3.752759 -10.643864 -0.724784 3.722598 -10.631152 2.547795 -18.371984 7.356158 -52.586121 -57.357590 -7.672073 -176.492126 -64.498787 177.510468 13.929032 -4.369785 13.769580 -5.882101 9.861278 0.702590 -10.936858 -0.360574 7.156197 0.000002 8.774813 -0.000002 -16.140429 18.270220 6.338939 -1.844031 2.498502 -2.507275 -10.163589 4.678939 4.621104 -20.975994 -0.000003 0.000003 -21.226254 2.451694 -3.593992 -0.000000 -0.000006 0.000001 -1.362680 2.240796 -0.746323 -21.334890 0.584907 3.008321 -13.821197 -0.000003 0.000003 -23.887133 -0.249077 -0.839480 -60.038090 2.618704 -1.391161 -0.294025 1.679685 0.833255 -14.218192 0.093215 1.300579 -34.212006 -0.287562 0.967171 -20.033178 0.964536 1.212842 0.000000 -0.000000 0.000000 -3.440384 0.788233 0.501655 -15.928165 -3.167307 2.999704 -6.338818 -0.000001 0.000001 -18.123413 3.648177 -4.905661 -0.000005 -0.000000 -0.000002 4.660136 8.441111 7.355118 42.852375 34.525414 -23.792105 179.745560 42.932308 -179.722488 -26.577209 -3.544703 34.950069 2.243539 -5.255031 -3.180155 14.282877 -0.826593 6.952496 -0.000002 -12.690591 0.000003 15.881968 -17.397129 2.638633 1.665665 -1.955920 -2.878298 4.727793 -4.170582 4.993919 11.020513 0.000002 0.000001 12.109029 -3.735710 -2.866778 0.000002 -0.000002 0.000002 1.291985 -1.928548 -1.498089 14.800111 0.567468 3.865604 14.242553 -1.341735 -6.660649 19.631939 0.143926 -0.648241 48.891640 -1.174326 -6.105086 0.353028 -1.511149 -0.031940 20.222767 3.684306 2.316629 18.787245 0.000006 -0.000001 10.751611 -0.479870 1.397904 0.000001 0.000002 0.000000 3.273804 0.305947 -0.580110 21.486792 11.830363 2.266130 8.162917 0.000001 -0.000001 18.399050 -3.798979 -4.940566 0.000001 -0.000001 -0.000000 21.331484 8.318882 -8.353241 -0.407359 -1.641086 37.427597 -16.745667 -14.783210 -26.429659 1.652803 -2.039116 -2.681423 -0.000000 0.000000 0.000002 -20.609270 -13.198070 -24.552568 0.697339 1.353950 23.325592 28.254698 14.547470 5.194005 -1.413085 0.924869 -2.835690 -0.000000 -0.000000 -0.000001 
41.555309 89.607964 -35.954868 -2.112244 10.103166 1.131010 -2.815758 -0.953374 -0.248550 -0.979210 -3.662302 -4.608123 0.853369 -6.178380 11.013848 19.222223 -7.007506 9.337144 -2.524840 -6.447099 -3.655955 4.261316 -10.140375 -8.744555 0.000077 -0.000022 0.000006 -0.000219 -0.039226 0.017142 0.703495 -3.769159 -10.626483 -0.704565 3.693975 -10.622223 2.588366 -17.932299 7.726025 -52.052212 -57.638065 -8.053058 -176.222443 -64.625443 177.308395 13.987528 -4.447052 13.755588 -5.882101 9.861276 0.702588 -10.936861 -0.360577 7.156197 0.000002 8.774812 -0.000001 -16.335314 18.465939 6.290543 -1.844030 2.498502 -2.507276 -10.163591 4.678938 4.621102 -20.976000 -0.000004 0.000002 -21.226255 2.451692 -3.593993 -0.000000 -0.000006 0.000001 -1.362679 2.240796 -0.746323 -21.334896 0.584907 3.008320 -13.821198 -0.000003 0.000002 -23.887133 -0.249079 -0.839481 -60.179317 2.718531 -1.356021 -0.294024 1.679686 0.833255 -14.218194 0.093213 1.300579 -34.212002 -0.287565 0.967169 -20.033178 0.964533 1.212842 -0.000000 -0.000000 -0.000000 -3.440385 0.788232 0.501655 -15.928167 -3.167306 2.999703 -6.338817 -0.000002 0.000001 -18.123415 3.648175 -4.905662 -0.000005 0.000000 -0.000002 4.369506 8.618632 7.642024 43.181049 34.780579 -23.793484 179.694962 43.153210 -179.709549 -26.801100 -3.452587 34.987152 2.243540 -5.255033 -3.180155 14.282878 -0.826595 6.952497 -0.000001 -12.690590 0.000000 15.910709 -17.523172 2.631786 1.665665 -1.955920 -2.878296 4.727794 -4.170584 4.993917 11.020513 0.000001 0.000000 12.109031 -3.735711 -2.866780 0.000002 -0.000002 -0.000000 1.291984 -1.928548 -1.498087 14.800111 0.567467 3.865602 14.242551 -1.341736 -6.660650 19.631939 0.143924 -0.648244 48.922928 -1.176880 -6.184202 0.353028 -1.511149 -0.031941 20.222769 3.684306 2.316626 18.787245 0.000005 -0.000001 10.751611 -0.479870 1.397905 -0.000000 0.000002 -0.000000 3.273804 0.305946 -0.580109 21.486788 11.830360 2.266130 8.162917 0.000001 -0.000001 18.399054 -3.798981 -4.940569 0.000002 0.000000 -0.000000 21.291582 8.168157 -8.611773 -0.426355 -1.641938 38.457188 -16.411966 -14.801152 -27.181942 1.651807 -2.043905 -2.644505 0.000000 0.000000 0.000002 -20.806171 -13.305796 -24.608179 0.712741 1.318349 23.915508 28.429249 15.063609 5.145866 -1.411111 0.988623 -3.066888 0.000000 0.000000 -0.000001 
