HIERARCHY
ROOT Hips
{
	OFFSET 0.000000 0.000000 0.000000
	CHANNELS 6 Xposition Yposition Zposition Zrotation Yrotation Xrotation 
	JOINT Spine1
	{
		OFFSET -0.013727 5.003763 -0.053727
		CHANNELS 3 Zrotation Yrotation Xrotation
		JOINT Spine2
		{
			OFFSET -0.000000 7.125302 -0.029825
			CHANNELS 3 Zrotation Yrotation Xrotation
			JOINT Chest
			{
				OFFSET -0.000001 7.550062 -0.815971
				CHANNELS 3 Zrotation Yrotation Xrotation
				JOINT Neck1
				{
					OFFSET -0.181677 26.311296 -0.553349
					CHANNELS 3 Zrotation Yrotation Xrotation
					JOINT Neck2
					{
						OFFSET -0.000003 7.709397 2.302586
						CHANNELS 3 Zrotation Yrotation Xrotation
						JOINT Head
						{
							OFFSET -0.000005 6.128914 1.953709
							CHANNELS 3 Zrotation Yrotation Xrotation
							JOINT HeadEnd
							{
								OFFSET 0.003598 16.065401 -1.835379
								CHANNELS 3 Zrotation Yrotation Xrotation
								End Site
								{
									OFFSET 0.000000 0.000000 0.000000
								}
							}
							JOINT Jaw
							{
								OFFSET 0.002637 0.475591 3.094941
								CHANNELS 3 Zrotation Yrotation Xrotation
								End Site
								{
									OFFSET 0.000000 0.000000 0.000000
								}
							}
							JOINT LeftEye
							{
								OFFSET 3.206381 5.380208 7.586883
								CHANNELS 3 Zrotation Yrotation Xrotation
								End Site
								{
									OFFSET 0.000000 0.000000 0.000000
								}
							}
							JOINT RightEye
							{
								OFFSET -3.222440 5.361867 7.558234
								CHANNELS 3 Zrotation Yrotation Xrotation
								End Site
								{
									OFFSET 0.000000 0.000000 0.000000
								}
							}
						}
					}
				}
				JOINT LeftShoulder
				{
					OFFSET 1.621652 23.237164 5.113413
					CHANNELS 3 Zrotation Yrotation Xrotation
					JOINT LeftArm
					{
						OFFSET 14.919845 -0.000000 -5.502326
						CHANNELS 3 Zrotation Yrotation Xrotation
						JOINT LeftForeArm
						{
							OFFSET 28.739313 0.000002 -0.002587
							CHANNELS 3 Zrotation Yrotation Xrotation
							JOINT LeftHand
							{
								OFFSET 27.093979 -0.000002 0.002609
								CHANNELS 3 Zrotation Yrotation Xrotation
								JOINT LeftHandThumb1
								{
									OFFSET 2.276480 -1.392045 3.191413
									CHANNELS 3 Zrotation Yrotation Xrotation
									JOINT LeftHandThumb2
									{
										OFFSET 4.012840 -1.828127 1.641654
										CHANNELS 3 Zrotation Yrotation Xrotation
										JOINT LeftHandThumb3
										{
											OFFSET 2.798516 0.000003 -0.000003
											CHANNELS 3 Zrotation Yrotation Xrotation
											JOINT LeftHandThumbEnd
											{
												OFFSET 3.180791 -0.000001 0.000003
												CHANNELS 3 Zrotation Yrotation Xrotation
												End Site
												{
													OFFSET 0.000000 0.000000 0.000000
												}
											}
										}
									}
								}
								JOINT LeftHandIndex1
								{
									OFFSET 3.247553 -0.531999 2.296168
									CHANNELS 3 Zrotation Yrotation Xrotation
									JOINT LeftHandIndex2
									{
										OFFSET 6.364580 0.012063 0.178600
										CHANNELS 3 Zrotation Yrotation Xrotation
										JOINT LeftHandIndex3
										{
											OFFSET 3.662366 0.000001 0.000000
											CHANNELS 3 Zrotation Yrotation Xrotation
											JOINT LeftHandIndex4
											{
												OFFSET 2.329242 0.000003 0.000004
												CHANNELS 3 Zrotation Yrotation Xrotation
												JOINT LeftHandIndexEnd
												{
													OFFSET 2.759619 -0.180540 -0.113024
													CHANNELS 3 Zrotation Yrotation Xrotation
													End Site
													{
														OFFSET 0.000000 0.000000 0.000000
													}
												}
											}
										}
									}
								}
								JOINT LeftHandMiddle1
								{
									OFFSET 3.163499 0.240982 1.000332
									CHANNELS 3 Zrotation Yrotation Xrotation
									JOINT LeftHandMiddle2
									{
										OFFSET 6.190777 -0.259276 -1.002549
										CHANNELS 3 Zrotation Yrotation Xrotation
										JOINT LeftHandMiddle3
										{
											OFFSET 4.356522 -0.000006 -0.000000
											CHANNELS 3 Zrotation Yrotation Xrotation
											JOINT LeftHandMiddle4
											{
												OFFSET 2.996875 -0.000006 0.000001
												CHANNELS 3 Zrotation Yrotation Xrotation
												JOINT LeftHandMiddleEnd
												{
													OFFSET 2.304294 -0.294571 -0.031740
													CHANNELS 3 Zrotation Yrotation Xrotation
													End Site
													{
														OFFSET 0.000000 0.000000 0.000000
													}
												}
											}
										}
									}
								}
								JOINT LeftHandRing1
								{
									OFFSET 2.882642 -0.053650 -0.322542
									CHANNELS 3 Zrotation Yrotation Xrotation
									JOINT LeftHandRing2
									{
										OFFSET 5.854542 -0.486204 -1.373841
										CHANNELS 3 Zrotation Yrotation Xrotation
										JOINT LeftHandRing3
										{
											OFFSET 4.350580 -0.000000 0.000003
											CHANNELS 3 Zrotation Yrotation Xrotation
											JOINT LeftHandRing4
											{
												OFFSET 2.651325 0.000008 0.000001
												CHANNELS 3 Zrotation Yrotation Xrotation
												JOINT LeftHandRingEnd
												{
													OFFSET 1.936111 0.077684 -0.000070
													CHANNELS 3 Zrotation Yrotation Xrotation
													End Site
													{
														OFFSET 0.000000 0.000000 0.000000
													}
												}
											}
										}
									}
								}
								JOINT LeftHandPinky1
								{
									OFFSET 2.865499 -0.310004 -1.600378
									CHANNELS 3 Zrotation Yrotation Xrotation
									JOINT LeftHandPinky2
									{
										OFFSET 5.087852 -1.331142 -1.771231
										CHANNELS 3 Zrotation Yrotation Xrotation
										JOINT LeftHandPinky3
										{
											OFFSET 3.070975 0.000003 0.000000
											CHANNELS 3 Zrotation Yrotation Xrotation
											JOINT LeftHandPinky4
											{
												OFFSET 1.549668 -0.000000 0.000001
												CHANNELS 3 Zrotation Yrotation Xrotation
												JOINT LeftHandPinkyEnd
												{
													OFFSET 1.944895 -0.157802 0.057219
													CHANNELS 3 Zrotation Yrotation Xrotation
													End Site
													{
														OFFSET 0.000000 0.000000 0.000000
													}
												}
											}
										}
									}
								}
							}
						}
					}
				}
				JOINT RightShoulder
				{
					OFFSET -1.380118 23.180309 5.214158
					CHANNELS 3 Zrotation Yrotation Xrotation
					JOINT RightArm
					{
						OFFSET -15.037197 0.000011 -5.545604
						CHANNELS 3 Zrotation Yrotation Xrotation
						JOINT RightForeArm
						{
							OFFSET -28.736639 0.000003 -0.002597
							CHANNELS 3 Zrotation Yrotation Xrotation
							JOINT RightHand
							{
								OFFSET -27.133619 -0.000001 0.002612
								CHANNELS 3 Zrotation Yrotation Xrotation
								JOINT RightHandThumb1
								{
									OFFSET -2.274037 -1.383991 3.163128
									CHANNELS 3 Zrotation Yrotation Xrotation
									JOINT RightHandThumb2
									{
										OFFSET -4.011429 -1.827468 1.640915
										CHANNELS 3 Zrotation Yrotation Xrotation
										JOINT RightHandThumb3
										{
											OFFSET -2.794934 -0.000005 -0.000004
											CHANNELS 3 Zrotation Yrotation Xrotation
											JOINT RightHandThumbEnd
											{
												OFFSET -3.183855 0.000003 -0.000000
												CHANNELS 3 Zrotation Yrotation Xrotation
												End Site
												{
													OFFSET 0.000000 0.000000 0.000000
												}
											}
										}
									}
								}
								JOINT RightHandIndex1
								{
									OFFSET -3.253270 -0.520059 2.282866
									CHANNELS 3 Zrotation Yrotation Xrotation
									JOINT RightHandIndex2
									{
										OFFSET -6.341918 0.012473 0.178265
										CHANNELS 3 Zrotation Yrotation Xrotation
										JOINT RightHandIndex3
										{
											OFFSET -3.654875 -0.000009 -0.000001
											CHANNELS 3 Zrotation Yrotation Xrotation
											JOINT RightHandIndex4
											{
												OFFSET -2.327587 -0.000000 0.000001
												CHANNELS 3 Zrotation Yrotation Xrotation
												JOINT RightHandIndexEnd
												{
													OFFSET -2.761789 -0.180657 -0.113078
													CHANNELS 3 Zrotation Yrotation Xrotation
													End Site
													{
														OFFSET 0.000000 0.000000 0.000000
													}
												}
											}
										}
									}
								}
								JOINT RightHandMiddle1
								{
									OFFSET -3.168106 0.246593 1.001030
									CHANNELS 3 Zrotation Yrotation Xrotation
									JOINT RightHandMiddle2
									{
										OFFSET -6.180830 -0.258836 -1.000896
										CHANNELS 3 Zrotation Yrotation Xrotation
										JOINT RightHandMiddle3
										{
											OFFSET -4.348906 0.000000 0.000000
											CHANNELS 3 Zrotation Yrotation Xrotation
											JOINT RightHandMiddle4
											{
												OFFSET -3.000242 -0.000004 -0.000002
												CHANNELS 3 Zrotation Yrotation Xrotation
												JOINT RightHandMiddleEnd
												{
													OFFSET -2.302518 -0.294372 -0.031706
													CHANNELS 3 Zrotation Yrotation Xrotation
													End Site
													{
														OFFSET 0.000000 0.000000 0.000000
													}
												}
											}
										}
									}
								}
								JOINT RightHandRing1
								{
									OFFSET -2.885693 -0.067952 -0.308858
									CHANNELS 3 Zrotation Yrotation Xrotation
									JOINT RightHandRing2
									{
										OFFSET -5.854197 -0.486132 -1.373732
										CHANNELS 3 Zrotation Yrotation Xrotation
										JOINT RightHandRing3
										{
											OFFSET -4.338814 -0.000004 -0.000000
											CHANNELS 3 Zrotation Yrotation Xrotation
											JOINT RightHandRing4
											{
												OFFSET -2.654906 -0.000003 0.000003
												CHANNELS 3 Zrotation Yrotation Xrotation
												JOINT RightHandRingEnd
												{
													OFFSET -1.933571 0.077524 -0.000052
													CHANNELS 3 Zrotation Yrotation Xrotation
													End Site
													{
														OFFSET 0.000000 0.000000 0.000000
													}
												}
											}
										}
									}
								}
								JOINT RightHandPinky1
								{
									OFFSET -2.866430 -0.342798 -1.584145
									CHANNELS 3 Zrotation Yrotation Xrotation
									JOINT RightHandPinky2
									{
										OFFSET -5.091369 -1.332054 -1.772385
										CHANNELS 3 Zrotation Yrotation Xrotation
										JOINT RightHandPinky3
										{
											OFFSET -3.062667 -0.000006 0.000001
											CHANNELS 3 Zrotation Yrotation Xrotation
											JOINT RightHandPinky4
											{
												OFFSET -1.546526 0.000005 -0.000002
												CHANNELS 3 Zrotation Yrotation Xrotation
												JOINT RightHandPinkyEnd
												{
													OFFSET -1.945122 -0.157721 0.057211
													CHANNELS 3 Zrotation Yrotation Xrotation
													End Site
													{
														OFFSET 0.000000 0.000000 0.000000
													}
												}
											}
										}
									}
								}
							}
						}
					}
				}
			}
		}
	}
	JOINT LeftLeg
	{
		OFFSET 10.043214 -8.434526 2.595655
		CHANNELS 3 Zrotation Yrotation Xrotation
		JOINT LeftShin
		{
			OFFSET -0.000002 -43.221752 -0.802913
			CHANNELS 3 Zrotation Yrotation Xrotation
			JOINT LeftFoot
			{
				OFFSET 0.000001 -42.155094 -3.481523
				CHANNELS 3 Zrotation Yrotation Xrotation
				JOINT LeftToeBase
				{
					OFFSET 0.000000 -5.059474 13.231529
					CHANNELS 3 Zrotation Yrotation Xrotation
					JOINT LeftToeEnd
					{
						OFFSET -0.009607 -1.647615 6.513017
						CHANNELS 3 Zrotation Yrotation Xrotation
						End Site
						{
							OFFSET 0.000000 0.000000 0.000000
						}
					}
				}
			}
		}
	}
	JOINT RightLeg
	{
		OFFSET -10.047277 -8.295259 2.620317
		CHANNELS 3 Zrotation Yrotation Xrotation
		JOINT RightShin
		{
			OFFSET 0.000000 -43.362213 -0.805555
			CHANNELS 3 Zrotation Yrotation Xrotation
			JOINT RightFoot
			{
				OFFSET 0.000003 -42.117393 -3.478399
				CHANNELS 3 Zrotation Yrotation Xrotation
				JOINT RightToeBase
				{
					OFFSET -0.000001 -5.079609 13.284196
					CHANNELS 3 Zrotation Yrotation Xrotation
					JOINT RightToeEnd
					{
						OFFSET 0.009532 -1.634383 6.460591
						CHANNELS 3 Zrotation Yrotation Xrotation
						End Site
						{
							OFFSET 0.000000 0.000000 0.000000
						}
					}
				}
			}
		}
	}
}
MOTION
Frames: 90
Frame Time: 0.033333
-0.114427 87.591873 -0.176888 0.880894 0.430402 -1.371742 -0.723005 0.060823 7.663037 -0.776528 -0.530117 -1.632660 -0.512474 -2.208558 13.600954 15.958543 -6.117158 14.811847 -3.860177 -11.062639 -3.512253 1.444659 -13.645630 -6.981956 0.000077 -0.000023 0.000005 0.050847 -0.113196 -0.079346 0.746124 -3.837710 -10.663782 -0.669660 3.636512 -10.675918 -3.848345 -5.880965 12.536077 -56.929119 -25.702929 8.562858 -177.758698 -54.223675 178.233307 7.600912 7.815594 41.039177 -5.882101 9.861278 0.702589 -10.936859 -0.360574 7.156196 0.000001 8.774814 0.000000 -16.010532 18.158524 6.034346 -1.844030 2.498503 -2.507277 -10.163589 4.678937 4.621102 -20.975998 -0.000004 0.000001 -21.226255 2.451690 -3.593996 0.000000 -0.000006 -0.000003 -1.362680 2.240795 -0.746322 -21.334892 0.584909 3.008320 -13.821197 -0.000002 0.000003 -23.887133 -0.249079 -0.839482 -59.886166 2.775290 -0.982190 -0.294024 1.679685 0.833254 -14.218194 0.093214 1.300579 -34.212006 -0.287564 0.967169 -20.033180 0.964534 1.212841 0.000001 0.000000 -0.000001 -3.440384 0.788232 0.501654 -15.928169 -3.167305 2.999702 -6.338816 -0.000001 0.000001 -18.123415 3.648177 -4.905662 -0.000003 0.000002 -0.000003 14.661983 12.914529 11.995893 48.730942 8.345101 -51.249680 -8.102907 79.887764 -7.766029 -39.381832 6.256906 7.020691 2.243538 -5.255033 -3.180155 14.282875 -0.826593 6.952494 -0.000001 -12.690590 -0.000002 16.963985 -17.144804 2.156962 1.665666 -1.955920 -2.878295 4.727793 -4.170583 4.993918 11.020509 0.000004 0.000001 12.109032 -3.735710 -2.866780 0.000001 0.000001 0.000000 1.291983 -1.928547 -1.498088 14.800113 0.567469 3.865606 14.242553 -1.341733 -6.660649 19.631937 0.143924 -0.648243 49.517979 -0.300816 -6.578797 0.353029 -1.511148 -0.031941 20.222765 3.684307 2.316629 18.787245 0.000005 0.000001 10.751610 -0.479866 1.397905 0.000001 -0.000001 -0.000000 3.273805 0.305946 -0.580109 21.486788 11.830361 2.266133 8.162916 -0.000000 0.000000 18.399052 -3.798980 -4.940566 0.000003 -0.000001 -0.000001 22.512522 29.250273 -10.235021 -0.356138 -0.899514 47.989590 -23.354422 0.534304 -23.471926 1.662880 -1.810436 -0.745131 0.000000 -0.000001 0.000002 -10.329244 -28.927954 -39.848923 0.288577 0.351758 48.837597 9.776451 -10.674439 -3.454719 -1.412445 0.952895 0.741189 0.000000 0.000001 -0.000001 
-0.305306 87.612686 -0.083231 0.911161 0.349512 -1.298388 -0.727579 0.050275 7.632927 -0.759800 -0.517672 -1.633208 -0.559337 -2.270715 13.661376 16.034073 -6.045847 14.700336 -3.939065 -11.093940 -3.506729 1.356656 -13.576597 -7.013767 0.000077 -0.000022 0.000006 0.043656 -0.083486 -0.069340 0.733078 -3.821702 -10.657283 -0.663894 3.644400 -10.672671 -3.804045 -5.873069 12.477590 -56.905842 -25.683004 8.657786 -178.031662 -54.330067 178.348969 7.379374 7.871867 40.852020 -5.882099 9.861278 0.702590 -10.936856 -0.360575 7.156196 0.000001 8.774814 -0.000001 -16.054623 18.142546 6.006607 -1.844031 2.498503 -2.507275 -10.163588 4.678940 4.621104 -20.975992 -0.000006 0.000001 -21.226255 2.451689 -3.593994 -0.000001 -0.000006 -0.000002 -1.362679 2.240798 -0.746325 -21.334887 0.584907 3.008321 -13.821194 -0.000003 0.000002 -23.887123 -0.249078 -0.839481 -59.949272 2.700475 -0.929324 -0.294024 1.679686 0.833255 -14.218190 0.093214 1.300579 -34.212002 -0.287565 0.967169 -20.033176 0.964536 1.212840 0.000000 0.000001 0.000000 -3.440383 0.788234 0.501655 -15.928164 -3.167306 2.999703 -6.338814 0.000000 0.000002 -18.123413 3.648176 -4.905661 -0.000003 0.000002 -0.000003 14.579350 12.917791 11.973984 48.657513 8.316640 -51.210087 -6.713195 79.730392 -6.387557 -39.745075 6.238113 6.836917 2.243539 -5.255032 -3.180156 14.282878 -0.826594 6.952500 -0.000002 -12.690587 0.000000 16.996519 -17.108784 2.126489 1.665665 -1.955921 -2.878296 4.727796 -4.170581 4.993921 11.020512 0.000002 -0.000002 12.109033 -3.735710 -2.866777 0.000001 0.000000 -0.000001 1.291984 -1.928548 -1.498089 14.800111 0.567467 3.865606 14.242553 -1.341735 -6.660648 19.631939 0.143923 -0.648241 49.529514 -0.278127 -6.581391 0.353028 -1.511149 -0.031940 20.222767 3.684305 2.316628 18.787247 0.000003 -0.000001 10.751611 -0.479868 1.397903 0.000001 -0.000001 -0.000000 3.273804 0.305947 -0.580110 21.486790 11.830358 2.266132 8.162920 0.000002 -0.000000 18.399055 -3.798980 -4.940567 0.000003 -0.000001 -0.000000 22.576742 29.214609 -10.098236 -0.336357 -0.912164 47.704315 -23.421064 0.728006 -23.344189 1.658021 -1.839783 -0.838964 -0.000000 -0.000001 0.000002 -10.184780 -28.751936 -40.001247 0.273515 0.311518 48.992580 9.762551 -10.508642 -3.639143 -1.414200 0.944432 0.674800 -0.000000 0.000001 -0.000001 
-0.440085 87.625191 0.041441 0.942561 0.328070 -1.217877 -0.719700 0.047607 7.583260 -0.757078 -0.551733 -1.629493 -0.577271 -2.340307 13.687672 16.080866 -5.979014 14.653178 -3.975005 -11.095996 -3.515823 1.243594 -13.490868 -7.074388 0.000078 -0.000023 0.000005 0.051400 -0.108657 -0.063958 0.729901 -3.844610 -10.648541 -0.649760 3.639178 -10.669915 -3.758725 -5.898978 12.446860 -56.792377 -25.662861 8.616978 -178.201233 -54.442017 178.373123 7.166761 7.957481 40.625557 -5.882101 9.861278 0.702589 -10.936859 -0.360573 7.156198 0.000001 8.774813 -0.000001 -16.123373 18.116022 5.956282 -1.844030 2.498503 -2.507279 -10.163589 4.678942 4.621106 -20.975994 -0.000005 0.000004 -21.226250 2.451692 -3.593993 -0.000001 -0.000006 -0.000002 -1.362679 2.240796 -0.746323 -21.334888 0.584910 3.008321 -13.821197 -0.000003 0.000002 -23.887131 -0.249079 -0.839481 -60.019253 2.678001 -0.921480 -0.294024 1.679688 0.833255 -14.218190 0.093214 1.300579 -34.212006 -0.287565 0.967172 -20.033176 0.964535 1.212842 0.000001 0.000001 0.000000 -3.440386 0.788232 0.501655 -15.928165 -3.167302 2.999704 -6.338815 0.000001 0.000003 -18.123411 3.648178 -4.905662 -0.000003 0.000002 -0.000003 14.581420 12.900808 11.936719 48.532677 8.157553 -51.150356 -5.354649 79.615616 -4.994613 -40.166470 6.284530 6.866437 2.243539 -5.255032 -3.180154 14.282878 -0.826594 6.952497 -0.000003 -12.690590 0.000001 17.031954 -17.065327 2.107532 1.665666 -1.955919 -2.878296 4.727793 -4.170583 4.993920 11.020513 0.000003 -0.000001 12.109033 -3.735708 -2.866780 0.000001 0.000001 -0.000001 1.291985 -1.928547 -1.498088 14.800117 0.567467 3.865602 14.242554 -1.341733 -6.660649 19.631941 0.143926 -0.648242 49.577122 -0.337387 -6.506906 0.353027 -1.511148 -0.031941 20.222771 3.684305 2.316628 18.787245 0.000003 -0.000001 10.751611 -0.479867 1.397905 0.000000 0.000000 -0.000000 3.273805 0.305948 -0.580110 21.486795 11.830367 2.266128 8.162915 -0.000001 -0.000000 18.399054 -3.798980 -4.940566 0.000002 -0.000001 0.000001 22.642540 29.225733 -9.976450 -0.332094 -0.900407 47.474503 -23.486225 0.750921 -23.236921 1.654118 -1.859766 -0.877693 0.000000 0.000001 0.000002 -10.119061 -28.726862 -40.110722 0.276961 0.294076 49.196327 9.723189 -10.350290 -3.802594 -1.413778 0.953106 0.622146 -0.000000 -0.000000 -0.000001 
-0.592397 87.612686 0.122564 0.971370 0.308235 -1.149769 -0.698512 0.030713 7.551557 -0.766523 -0.575366 -1.608886 -0.560684 -2.444098 13.690042 16.092840 -5.911230 14.572023 -4.002090 -11.080454 -3.521608 1.135341 -13.423294 -7.082168 0.000077 -0.000021 0.000007 0.048861 -0.101611 -0.065288 0.715876 -3.827945 -10.639567 -0.639093 3.647416 -10.665617 -3.665860 -5.942523 12.386725 -56.668716 -25.597721 8.559722 -178.311508 -54.567791 178.439926 7.058558 7.950249 40.314953 -5.882100 9.861279 0.702589 -10.936859 -0.360576 7.156197 0.000001 8.774814 -0.000002 -16.164402 18.099070 5.934946 -1.844029 2.498504 -2.507276 -10.163589 4.678938 4.621104 -20.975994 -0.000005 0.000003 -21.226254 2.451693 -3.593992 -0.000001 -0.000006 -0.000002 -1.362680 2.240795 -0.746324 -21.334896 0.584910 3.008319 -13.821197 -0.000002 0.000003 -23.887133 -0.249080 -0.839480 -60.084099 2.718168 -0.932544 -0.294025 1.679685 0.833255 -14.218194 0.093216 1.300580 -34.212002 -0.287566 0.967169 -20.033178 0.964534 1.212843 0.000000 0.000000 0.000000 -3.440384 0.788231 0.501654 -15.928167 -3.167306 2.999705 -6.338815 -0.000001 0.000003 -18.123413 3.648175 -4.905660 -0.000004 0.000003 -0.000003 14.615346 12.858492 11.857534 48.346882 7.955371 -51.095993 -4.242391 79.525795 -3.899535 -40.468071 6.320713 7.122302 2.243541 -5.255032 -3.180156 14.282875 -0.826593 6.952496 -0.000003 -12.690590 -0.000001 17.056944 -17.017141 2.088013 1.665665 -1.955920 -2.878296 4.727795 -4.170583 4.993917 11.020513 0.000003 -0.000001 12.109034 -3.735709 -2.866778 0.000001 0.000000 -0.000001 1.291984 -1.928548 -1.498089 14.800109 0.567467 3.865603 14.242551 -1.341734 -6.660652 19.631939 0.143926 -0.648244 49.609577 -0.387744 -6.428348 0.353028 -1.511149 -0.031941 20.222767 3.684304 2.316626 18.787249 0.000007 -0.000002 10.751610 -0.479868 1.397903 0.000000 0.000000 -0.000000 3.273804 0.305948 -0.580110 21.486788 11.830363 2.266133 8.162916 0.000001 -0.000001 18.399052 -3.798979 -4.940568 0.000003 0.000000 -0.000001 22.730247 29.300301 -9.910856 -0.340403 -0.918736 47.331272 -23.531374 0.668690 -23.124702 1.650261 -1.861499 -0.888724 -0.000000 0.000000 0.000002 -10.046500 -28.767939 -40.200523 0.284148 0.279913 49.378017 9.691046 -10.207141 -4.078183 -1.413091 0.943866 0.633039 -0.000000 -0.000000 -0.000001 
-0.721483 87.598785 0.254155 0.992982 0.304454 -1.092041 -0.667253 0.012863 7.530424 -0.775259 -0.634635 -1.600240 -0.516164 -2.558076 13.688321 16.058725 -5.865822 14.509095 -4.005090 -11.025405 -3.537593 1.010100 -13.340855 -7.066026 0.000077 -0.000022 0.000006 0.045078 -0.089828 -0.057627 0.704097 -3.817879 -10.627650 -0.633352 3.656100 -10.657144 -3.550826 -5.984061 12.317654 -56.571278 -25.543959 8.527300 -178.416428 -54.743237 178.523315 6.978111 7.868056 39.965607 -5.882098 9.861277 0.702591 -10.936858 -0.360577 7.156197 0.000002 8.774814 -0.000002 -16.158201 18.107132 5.922507 -1.844031 2.498500 -2.507276 -10.163589 4.678938 4.621105 -20.975994 -0.000007 0.000006 -21.226250 2.451691 -3.593990 -0.000001 -0.000006 -0.000001 -1.362681 2.240796 -0.746323 -21.334892 0.584904 3.008321 -13.821197 -0.000003 0.000004 -23.887125 -0.249080 -0.839477 -60.059803 2.730195 -0.964945 -0.294023 1.679683 0.833256 -14.218192 0.093212 1.300578 -34.211998 -0.287569 0.967171 -20.033175 0.964532 1.212844 0.000001 0.000000 -0.000001 -3.440385 0.788230 0.501656 -15.928165 -3.167305 2.999705 -6.338815 0.000001 0.000003 -18.123411 3.648176 -4.905660 -0.000004 0.000003 -0.000003 14.666507 12.827322 11.749600 48.129219 7.688795 -50.983311 -3.798465 79.438560 -3.461982 -40.718464 6.369801 7.590028 2.243540 -5.255032 -3.180155 14.282875 -0.826592 6.952494 -0.000004 -12.690592 0.000001 17.065495 -16.970505 2.083380 1.665664 -1.955920 -2.878297 4.727794 -4.170583 4.993918 11.020512 0.000003 -0.000001 12.109030 -3.735711 -2.866779 0.000001 0.000001 0.000000 1.291984 -1.928546 -1.498087 14.800113 0.567469 3.865601 14.242553 -1.341734 -6.660648 19.631939 0.143926 -0.648241 49.591301 -0.436938 -6.377722 0.353029 -1.511150 -0.031941 20.222767 3.684307 2.316626 18.787247 0.000006 0.000000 10.751611 -0.479867 1.397906 0.000001 -0.000001 -0.000001 3.273804 0.305947 -0.580109 21.486790 11.830364 2.266130 8.162916 0.000002 -0.000000 18.399054 -3.798978 -4.940567 0.000003 0.000001 -0.000000 22.845203 29.354095 -9.786793 -0.345323 -0.909455 47.176029 -23.595890 0.571261 -23.032883 1.650324 -1.859929 -0.907546 0.000000 0.000000 0.000002 -9.968516 -28.865246 -40.294930 0.294019 0.272900 49.578308 9.703912 -10.065801 -4.311569 -1.413551 0.962950 0.660285 -0.000000 0.000002 -0.000001 
-0.859567 87.586624 0.393349 0.993383 0.321448 -1.047303 -0.636496 0.002342 7.527789 -0.776704 -0.713914 -1.608711 -0.442858 -2.674430 13.677727 15.988360 -5.824406 14.417496 -3.993596 -10.957414 -3.532590 0.875019 -13.266689 -7.015771 0.000077 -0.000023 0.000006 0.034298 -0.052930 -0.062387 0.685702 -3.794154 -10.623248 -0.635459 3.676443 -10.650937 -3.438701 -6.043674 12.203208 -56.454124 -25.464895 8.513139 -178.476532 -54.935116 178.580887 6.948631 7.792340 39.537113 -5.882101 9.861278 0.702590 -10.936859 -0.360573 7.156197 0.000001 8.774813 -0.000001 -16.160234 18.059601 5.908939 -1.844032 2.498503 -2.507275 -10.163589 4.678940 4.621102 -20.975996 -0.000002 0.000001 -21.226255 2.451693 -3.593998 0.000000 -0.000006 -0.000001 -1.362680 2.240796 -0.746321 -21.334887 0.584911 3.008318 -13.821197 -0.000002 0.000001 -23.887131 -0.249079 -0.839485 -60.064911 2.738678 -0.954650 -0.294025 1.679688 0.833256 -14.218190 0.093216 1.300578 -34.212002 -0.287561 0.967164 -20.033178 0.964534 1.212838 0.000001 -0.000000 -0.000000 -3.440385 0.788234 0.501655 -15.928165 -3.167305 2.999702 -6.338816 0.000000 0.000002 -18.123413 3.648178 -4.905663 -0.000004 -0.000000 -0.000003 14.775207 12.801136 11.625567 47.865734 7.372058 -50.903603 -3.378607 79.335976 -3.054231 -41.020317 6.409673 8.009856 2.243540 -5.255033 -3.180156 14.282873 -0.826592 6.952496 -0.000004 -12.690588 0.000000 17.019342 -16.963669 2.083100 1.665664 -1.955919 -2.878298 4.727793 -4.170583 4.993917 11.020511 0.000004 -0.000000 12.109033 -3.735711 -2.866782 0.000002 0.000002 -0.000002 1.291984 -1.928548 -1.498088 14.800111 0.567469 3.865604 14.242551 -1.341733 -6.660646 19.631939 0.143927 -0.648240 49.552193 -0.472222 -6.347672 0.353028 -1.511149 -0.031941 20.222771 3.684309 2.316631 18.787247 0.000007 0.000002 10.751610 -0.479867 1.397905 0.000000 0.000000 0.000000 3.273804 0.305947 -0.580109 21.486792 11.830363 2.266131 8.162915 0.000001 0.000001 18.399052 -3.798980 -4.940568 0.000003 0.000000 -0.000000 22.977535 29.400749 -9.656581 -0.342073 -0.936915 47.009903 -23.666372 0.514834 -22.939180 1.650884 -1.879763 -0.920319 -0.000000 0.000001 0.000002 -9.897204 -29.022968 -40.400040 0.305650 0.268214 49.835537 9.769403 -9.840203 -4.418287 -1.415249 0.953702 0.697136 0.000000 0.000001 -0.000001 
-0.953435 87.554184 0.534348 0.972242 0.397515 -1.018303 -0.608552 -0.040845 7.520539 -0.765405 -0.793550 -1.608654 -0.334882 -2.799803 13.640329 15.887284 -5.790416 14.340099 -3.984063 -10.894407 -3.518517 0.703542 -13.149796 -6.951643 0.000078 -0.000024 0.000005 0.035082 -0.076056 -0.066567 0.685407 -3.806833 -10.623063 -0.636359 3.673786 -10.652599 -3.316614 -6.130588 12.090947 -56.350430 -25.424347 8.503831 -178.516281 -55.134876 178.671021 6.928945 7.745915 39.127926 -5.882101 9.861279 0.702588 -10.936858 -0.360575 7.156196 -0.000000 8.774815 -0.000003 -16.165003 18.053078 5.908626 -1.844031 2.498503 -2.507276 -10.163589 4.678941 4.621105 -20.975992 -0.000003 0.000004 -21.226250 2.451697 -3.593996 -0.000001 -0.000006 -0.000002 -1.362678 2.240800 -0.746324 -21.334888 0.584907 3.008321 -13.821192 -0.000000 0.000004 -23.887131 -0.249080 -0.839481 -60.015530 2.749824 -0.942420 -0.294024 1.679687 0.833254 -14.218190 0.093214 1.300578 -34.211998 -0.287560 0.967169 -20.033178 0.964536 1.212841 0.000001 -0.000000 -0.000001 -3.440385 0.788231 0.501654 -15.928167 -3.167305 2.999704 -6.338815 0.000002 0.000002 -18.123413 3.648178 -4.905661 -0.000004 0.000001 -0.000003 14.900069 12.723626 11.510169 47.604713 7.070350 -50.849072 -3.346241 79.237648 -3.039042 -41.379757 6.509450 8.567305 2.243541 -5.255032 -3.180156 14.282877 -0.826592 6.952497 -0.000002 -12.690592 0.000001 16.987778 -16.987917 2.093106 1.665666 -1.955920 -2.878296 4.727794 -4.170584 4.993919 11.020513 0.000004 -0.000001 12.109033 -3.735709 -2.866781 0.000001 0.000002 -0.000002 1.291985 -1.928547 -1.498087 14.800111 0.567469 3.865602 14.242553 -1.341733 -6.660647 19.631939 0.143926 -0.648241 49.488850 -0.497277 -6.346085 0.353027 -1.511151 -0.031941 20.222767 3.684308 2.316626 18.787245 0.000004 0.000001 10.751611 -0.479866 1.397904 0.000000 0.000000 -0.000001 3.273804 0.305947 -0.580111 21.486790 11.830367 2.266131 8.162915 -0.000001 0.000000 18.399050 -3.798981 -4.940565 0.000002 0.000000 -0.000001 23.122488 29.407749 -9.576745 -0.359569 -0.946616 46.951908 -23.721804 0.406771 -22.903263 1.651670 -1.879972 -0.956223 0.000000 0.000000 0.000002 -9.826903 -29.280579 -40.430809 0.311848 0.256990 50.052773 9.831193 -9.609757 -4.667070 -1.415912 0.953126 0.765186 -0.000000 0.000002 -0.000001 
-1.066358 87.518143 0.662014 0.919684 0.560061 -1.011497 -0.578038 -0.079010 7.520712 -0.757798 -0.866018 -1.609127 -0.182724 -2.957030 13.609378 15.775433 -5.737902 14.265582 -3.972422 -10.854714 -3.513943 0.513029 -13.053150 -6.874186 0.000077 -0.000024 0.000006 0.031249 -0.073109 -0.065838 0.678336 -3.803293 -10.620267 -0.634542 3.672821 -10.656200 -3.219406 -6.236044 11.989833 -56.236755 -25.449385 8.470474 -178.506958 -55.402031 178.713623 6.869596 7.622914 38.878399 -5.882102 9.861278 0.702589 -10.936858 -0.360578 7.156197 0.000001 8.774814 -0.000001 -16.153870 18.080486 5.928045 -1.844030 2.498503 -2.507275 -10.163589 4.678937 4.621101 -20.975996 -0.000005 0.000002 -21.226254 2.451689 -3.593994 -0.000001 -0.000006 0.000000 -1.362682 2.240795 -0.746322 -21.334888 0.584907 3.008321 -13.821195 -0.000003 0.000002 -23.887133 -0.249078 -0.839481 -60.025085 2.762770 -0.976507 -0.294024 1.679686 0.833254 -14.218194 0.093212 1.300577 -34.212002 -0.287564 0.967167 -20.033176 0.964536 1.212840 0.000000 0.000000 -0.000001 -3.440386 0.788234 0.501655 -15.928164 -3.167305 2.999702 -6.338816 0.000002 0.000001 -18.123413 3.648176 -4.905664 -0.000004 -0.000000 -0.000004 15.010108 12.622124 11.392205 47.361309 6.736852 -50.842587 -3.386006 79.068810 -3.135156 -41.888542 6.689566 9.218878 2.243540 -5.255032 -3.180156 14.282878 -0.826592 6.952496 -0.000004 -12.690590 0.000001 16.933977 -17.006124 2.100306 1.665665 -1.955920 -2.878296 4.727794 -4.170584 4.993921 11.020513 0.000003 -0.000001 12.109031 -3.735710 -2.866775 -0.000000 0.000003 -0.000002 1.291985 -1.928547 -1.498088 14.800113 0.567468 3.865603 14.242553 -1.341734 -6.660648 19.631937 0.143926 -0.648243 49.493740 -0.514573 -6.324869 0.353029 -1.511149 -0.031941 20.222767 3.684306 2.316630 18.787247 0.000005 0.000003 10.751610 -0.479869 1.397905 0.000000 -0.000002 0.000000 3.273804 0.305946 -0.580110 21.486794 11.830361 2.266130 8.162917 0.000001 -0.000000 18.399054 -3.798979 -4.940566 0.000003 0.000000 -0.000000 23.288023 29.306866 -9.549700 -0.360807 -0.942371 46.918381 -23.743858 0.241641 -22.853687 1.651967 -1.871123 -0.954734 -0.000000 0.000001 0.000002 -9.775187 -29.625750 -40.413284 0.318747 0.250252 50.314922 9.939762 -9.368807 -4.884434 -1.420461 0.949919 0.817918 0.000000 0.000001 -0.000001 
-1.182279 87.479492 0.813174 0.835993 0.870868 -1.005828 -0.554664 -0.118785 7.513940 -0.737191 -0.945896 -1.604884 -0.008878 -3.108679 13.553843 15.662586 -5.714728 14.188867 -3.949260 -10.831230 -3.512429 0.301547 -12.959002 -6.768123 0.000077 -0.000024 0.000005 0.034015 -0.072328 -0.059379 0.682255 -3.804358 -10.617124 -0.630829 3.666968 -10.658103 -3.129091 -6.366133 11.871650 -56.142620 -25.537598 8.456030 -178.422943 -55.674046 178.695969 6.804024 7.494151 38.649544 -5.882101 9.861279 0.702590 -10.936859 -0.360576 7.156196 0.000001 8.774816 -0.000002 -16.106562 18.036598 5.941837 -1.844029 2.498504 -2.507276 -10.163590 4.678938 4.621103 -20.975994 -0.000004 0.000003 -21.226255 2.451691 -3.593995 -0.000001 -0.000006 -0.000002 -1.362681 2.240795 -0.746325 -21.334887 0.584906 3.008319 -13.821197 -0.000003 -0.000000 -23.887133 -0.249080 -0.839483 -59.962704 2.730877 -0.971107 -0.294024 1.679685 0.833256 -14.218192 0.093214 1.300580 -34.212006 -0.287564 0.967169 -20.033180 0.964534 1.212842 0.000000 0.000000 0.000001 -3.440385 0.788236 0.501655 -15.928169 -3.167306 2.999702 -6.338818 0.000001 0.000001 -18.123415 3.648175 -4.905664 -0.000004 -0.000000 -0.000003 15.163912 12.477064 11.305840 47.043365 6.379984 -50.876911 -3.678049 78.865509 -3.492058 -42.547466 6.883692 10.097588 2.243540 -5.255032 -3.180154 14.282878 -0.826592 6.952499 -0.000004 -12.690590 -0.000000 16.850359 -17.011913 2.094415 1.665666 -1.955919 -2.878295 4.727794 -4.170583 4.993918 11.020513 0.000002 0.000000 12.109032 -3.735710 -2.866779 -0.000000 0.000002 -0.000002 1.291983 -1.928547 -1.498088 14.800113 0.567469 3.865602 14.242554 -1.341733 -6.660649 19.631939 0.143925 -0.648242 49.454639 -0.515945 -6.346919 0.353029 -1.511150 -0.031938 20.222773 3.684308 2.316627 18.787249 0.000004 -0.000001 10.751611 -0.479866 1.397904 -0.000001 0.000001 -0.000000 3.273803 0.305946 -0.580111 21.486792 11.830362 2.266131 8.162917 0.000002 -0.000001 18.399052 -3.798977 -4.940568 0.000003 -0.000001 0.000001 23.457777 29.130960 -9.599881 -0.369176 -0.970927 46.908714 -23.742191 0.083030 -22.803755 1.652806 -1.862059 -0.991097 -0.000000 0.000000 0.000002 -9.668760 -30.094761 -40.328320 0.331746 0.245089 50.625248 10.023660 -9.185744 -5.304038 -1.423682 0.970577 0.862166 0.000000 0.000002 -0.000001 
-1.281151 87.458168 0.997271 0.705309 1.383884 -1.009347 -0.523748 -0.181618 7.484816 -0.716445 -0.978983 -1.593729 0.185166 -3.258802 13.495594 15.525540 -5.690496 14.113059 -3.904765 -10.887230 -3.518504 0.075382 -12.887076 -6.628064 0.000077 -0.000023 0.000005 0.032444 -0.066228 -0.058213 0.677355 -3.798760 -10.608981 -0.634570 3.680466 -10.653341 -3.024482 -6.514260 11.732671 -56.092278 -25.674337 8.430436 -178.240356 -55.941074 178.624954 6.712138 7.308145 38.410870 -5.882099 9.861276 0.702590 -10.936858 -0.360575 7.156199 0.000002 8.774814 -0.000000 -16.077524 18.056797 5.932423 -1.844031 2.498502 -2.507277 -10.163589 4.678939 4.621106 -20.975992 -0.000004 0.000003 -21.226250 2.451692 -3.593992 -0.000001 -0.000006 -0.000002 -1.362680 2.240795 -0.746323 -21.334888 0.584909 3.008322 -13.821192 -0.000004 0.000004 -23.887129 -0.249080 -0.839480 -59.854534 2.744128 -1.027991 -0.294025 1.679684 0.833255 -14.218194 0.093213 1.300578 -34.212002 -0.287564 0.967172 -20.033176 0.964534 1.212843 0.000000 -0.000000 0.000000 -3.440386 0.788231 0.501656 -15.928165 -3.167308 2.999704 -6.338814 0.000002 0.000002 -18.123411 3.648177 -4.905661 -0.000004 -0.000001 -0.000002 15.320122 12.287747 11.164786 46.715446 5.941872 -50.939930 -3.913123 78.601524 -3.719258 -43.390911 7.030414 11.037560 2.243537 -5.255033 -3.180158 14.282877 -0.826594 6.952495 -0.000003 -12.690590 0.000000 16.833363 -17.019722 2.102130 1.665665 -1.955920 -2.878297 4.727794 -4.170582 4.993918 11.020513 0.000003 -0.000001 12.109033 -3.735710 -2.866780 0.000001 0.000000 0.000000 1.291985 -1.928548 -1.498088 14.800111 0.567467 3.865602 14.242553 -1.341735 -6.660649 19.631939 0.143926 -0.648244 49.504925 -0.511051 -6.348883 0.353028 -1.511148 -0.031941 20.222769 3.684306 2.316626 18.787247 0.000005 0.000001 10.751614 -0.479865 1.397904 -0.000000 0.000001 0.000000 3.273805 0.305948 -0.580109 21.486792 11.830363 2.266130 8.162915 0.000001 -0.000000 18.399052 -3.798981 -4.940567 0.000005 -0.000001 -0.000000 23.632109 28.797001 -9.723369 -0.374905 -0.980209 46.887276 -23.698503 -0.116606 -22.737679 1.655428 -1.852909 -1.000842 0.000000 -0.000000 0.000002 -9.623718 -30.701630 -40.137299 0.354448 0.258953 50.881130 10.181911 -9.075810 -5.597011 -1.427333 0.969155 0.909281 0.000000 0.000000 -0.000001 
-1.348842 87.444145 1.131192 0.536843 2.138879 -1.042203 -0.492683 -0.175016 7.460841 -0.690350 -1.061271 -1.590545 0.370566 -3.359436 13.433584 15.422843 -5.716713 14.056438 -3.883739 -10.920060 -3.511798 -0.112587 -12.870873 -6.433992 0.000077 -0.000023 0.000006 0.033717 -0.066166 -0.064493 0.678300 -3.791150 -10.618382 -0.630433 3.668868 -10.651675 -2.901395 -6.663106 11.572375 -56.093895 -25.819906 8.414150 -177.956833 -56.171638 178.470352 6.623682 7.118049 38.150177 -5.882102 9.861278 0.702588 -10.936858 -0.360574 7.156196 0.000000 8.774814 -0.000001 -16.034412 17.984468 5.886450 -1.844033 2.498502 -2.507276 -10.163589 4.678940 4.621103 -20.975996 -0.000005 -0.000000 -21.226255 2.451692 -3.593995 0.000000 -0.000005 -0.000003 -1.362682 2.240795 -0.746324 -21.334892 0.584909 3.008315 -13.821197 -0.000004 0.000000 -23.887135 -0.249079 -0.839485 -59.660942 2.713367 -1.019756 -0.294024 1.679687 0.833256 -14.218194 0.093213 1.300577 -34.212002 -0.287564 0.967166 -20.033178 0.964533 1.212837 0.000001 0.000000 0.000001 -3.440386 0.788231 0.501655 -15.928167 -3.167305 2.999703 -6.338816 0.000002 0.000001 -18.123413 3.648175 -4.905661 -0.000003 -0.000001 -0.000003 15.492832 12.124187 11.074737 46.255302 5.434749 -51.150391 -4.000052 78.268639 -3.819999 -44.384914 7.219009 12.021910 2.243539 -5.255029 -3.180155 14.282878 -0.826593 6.952499 -0.000003 -12.690590 0.000001 16.818361 -16.982307 2.127059 1.665665 -1.955920 -2.878297 4.727793 -4.170583 4.993920 11.020510 0.000002 0.000001 12.109031 -3.735709 -2.866779 -0.000001 -0.000001 0.000002 1.291984 -1.928548 -1.498085 14.800111 0.567469 3.865603 14.242553 -1.341733 -6.660647 19.631939 0.143926 -0.648240 49.531521 -0.495375 -6.331897 0.353028 -1.511150 -0.031941 20.222767 3.684307 2.316630 18.787245 0.000005 0.000001 10.751611 -0.479867 1.397903 -0.000000 -0.000000 -0.000001 3.273804 0.305947 -0.580111 21.486792 11.830364 2.266131 8.162918 0.000003 0.000000 18.399055 -3.798980 -4.940566 0.000004 0.000000 0.000000 23.763018 28.326725 -10.035068 -0.379277 -0.994400 46.955853 -23.636612 -0.382237 -22.653051 1.652691 -1.853249 -1.028156 -0.000000 0.000000 0.000002 -9.669094 -31.372976 -39.823040 0.359797 0.243186 51.101601 10.416735 -9.095915 -5.810815 -1.433382 0.945810 0.937010 0.000000 0.000001 -0.000001 
-1.441222 87.442520 1.217165 0.329161 3.173468 -1.127485 -0.460034 -0.169426 7.431051 -0.667599 -1.092133 -1.578016 0.540589 -3.426094 13.361166 15.334793 -5.785945 14.077014 -3.900666 -10.937630 -3.491888 -0.274597 -12.910961 -6.217655 0.000076 -0.000023 0.000006 0.032754 -0.052446 -0.056990 0.677535 -3.786067 -10.615961 -0.623636 3.674514 -10.664989 -2.809489 -6.775711 11.442366 -56.059273 -25.986891 8.491853 -177.799698 -56.408325 178.425644 6.579605 6.829199 37.910061 -5.882102 9.861279 0.702590 -10.936858 -0.360574 7.156196 0.000000 8.774812 -0.000001 -15.997912 17.896528 5.843090 -1.844031 2.498505 -2.507276 -10.163589 4.678938 4.621101 -20.975996 -0.000002 0.000001 -21.226257 2.451692 -3.593996 -0.000001 -0.000006 -0.000001 -1.362680 2.240798 -0.746323 -21.334890 0.584908 3.008319 -13.821195 -0.000002 0.000002 -23.887133 -0.249080 -0.839482 -59.503422 2.676476 -0.999998 -0.294024 1.679687 0.833254 -14.218192 0.093214 1.300577 -34.212006 -0.287565 0.967167 -20.033176 0.964534 1.212840 0.000001 -0.000000 0.000001 -3.440384 0.788231 0.501654 -15.928167 -3.167305 2.999702 -6.338817 -0.000001 0.000002 -18.123415 3.648175 -4.905662 -0.000004 -0.000002 -0.000002 15.604918 12.031000 10.935873 45.699646 4.931846 -51.391483 -4.080124 77.898293 -3.848615 -45.512360 7.312361 12.925730 2.243539 -5.255030 -3.180152 14.282875 -0.826594 6.952498 -0.000003 -12.690588 -0.000001 16.786404 -16.898981 2.160873 1.665666 -1.955920 -2.878295 4.727793 -4.170583 4.993918 11.020509 0.000003 -0.000001 12.109030 -3.735710 -2.866777 0.000000 0.000002 0.000000 1.291984 -1.928546 -1.498089 14.800114 0.567467 3.865606 14.242554 -1.341734 -6.660645 19.631937 0.143925 -0.648241 49.579697 -0.476477 -6.274247 0.353029 -1.511148 -0.031941 20.222771 3.684304 2.316629 18.787247 0.000004 -0.000002 10.751610 -0.479869 1.397904 0.000000 0.000000 -0.000001 3.273804 0.305947 -0.580111 21.486794 11.830363 2.266131 8.162916 -0.000002 -0.000001 18.399052 -3.798979 -4.940567 0.000003 0.000000 -0.000000 23.904436 27.703482 -10.499329 -0.394731 -1.009034 47.050869 -23.579487 -0.706168 -22.481544 1.648909 -1.852209 -1.090679 0.000000 -0.000000 0.000002 -9.752886 -32.170338 -39.343143 0.352098 0.245970 51.259636 10.673879 -9.226048 -6.046896 -1.436877 0.944448 0.968748 0.000000 0.000001 -0.000001 
-1.473439 87.457108 1.268959 0.081384 4.515730 -1.261338 -0.441352 -0.155067 7.404298 -0.652908 -1.074786 -1.568879 0.695605 -3.421891 13.310548 15.280077 -5.895257 14.217863 -3.930114 -10.945022 -3.482680 -0.392310 -12.966088 -5.987427 0.000076 -0.000022 0.000007 0.034242 -0.046752 -0.048545 0.670038 -3.766212 -10.595466 -0.622397 3.677391 -10.641166 -2.757705 -6.804743 11.273490 -55.932503 -26.143141 8.707932 -177.827515 -56.650810 178.456818 6.640566 6.465220 37.812366 -5.882102 9.861278 0.702590 -10.936860 -0.360575 7.156198 0.000001 8.774815 0.000000 -15.962199 17.791546 5.790001 -1.844030 2.498501 -2.507277 -10.163589 4.678938 4.621103 -20.975996 -0.000006 0.000005 -21.226254 2.451692 -3.593992 -0.000001 -0.000006 -0.000002 -1.362681 2.240796 -0.746322 -21.334887 0.584907 3.008323 -13.821197 -0.000004 0.000004 -23.887135 -0.249078 -0.839479 -59.350380 2.632543 -0.994617 -0.294023 1.679687 0.833256 -14.218194 0.093215 1.300581 -34.212002 -0.287565 0.967173 -20.033180 0.964534 1.212842 0.000001 0.000000 -0.000001 -3.440385 0.788232 0.501655 -15.928169 -3.167306 2.999704 -6.338816 0.000000 0.000002 -18.123415 3.648176 -4.905660 -0.000003 -0.000001 -0.000003 15.640118 12.065792 10.810356 44.907932 4.554456 -51.686024 -4.042418 77.505508 -3.761744 -46.789108 7.460351 14.004740 2.243541 -5.255033 -3.180157 14.282875 -0.826595 6.952496 -0.000003 -12.690590 -0.000001 16.730745 -16.782198 2.257365 1.665663 -1.955921 -2.878298 4.727793 -4.170583 4.993918 11.020511 0.000002 -0.000002 12.109032 -3.735711 -2.866781 -0.000001 0.000001 -0.000001 1.291984 -1.928548 -1.498089 14.800109 0.567468 3.865600 14.242551 -1.341736 -6.660648 19.631937 0.143926 -0.648246 49.628960 -0.493606 -6.178393 0.353030 -1.511150 -0.031939 20.222767 3.684307 2.316627 18.787245 0.000005 -0.000002 10.751612 -0.479869 1.397903 0.000001 0.000000 -0.000000 3.273803 0.305947 -0.580110 21.486792 11.830362 2.266134 8.162916 0.000000 -0.000000 18.399050 -3.798981 -4.940568 0.000004 0.000000 -0.000001 23.995070 26.928572 -11.147483 -0.413426 -1.021425 47.226929 -23.453878 -1.144917 -22.283411 1.645584 -1.872851 -1.166099 -0.000000 -0.000001 0.000002 -9.980593 -33.108669 -38.642296 0.353530 0.244874 51.318573 11.037327 -9.498737 -6.228625 -1.439856 0.925608 0.990075 -0.000000 -0.000000 -0.000001 
-1.475651 87.460243 1.270977 -0.213403 6.177978 -1.466022 -0.439432 -0.137605 7.376327 -0.649756 -0.955724 -1.567597 0.827662 -3.338049 13.278553 15.303216 -6.092306 14.507792 -4.009728 -10.965017 -3.456167 -0.447401 -13.092207 -5.700151 0.000077 -0.000022 0.000005 0.022626 -0.023090 -0.042444 0.671833 -3.751944 -10.598809 -0.629870 3.694593 -10.647010 -2.780671 -6.780311 11.195591 -55.649494 -26.385450 9.114003 -178.023468 -56.977654 178.630295 6.738335 6.023744 37.893536 -5.882099 9.861276 0.702589 -10.936858 -0.360577 7.156196 0.000002 8.774814 0.000001 -15.890923 17.727074 5.772006 -1.844030 2.498504 -2.507276 -10.163589 4.678936 4.621101 -20.975994 -0.000006 0.000000 -21.226250 2.451690 -3.593995 -0.000002 -0.000007 -0.000001 -1.362680 2.240795 -0.746323 -21.334888 0.584904 3.008317 -13.821195 -0.000003 0.000001 -23.887129 -0.249082 -0.839479 -59.200401 2.633915 -1.017441 -0.294025 1.679686 0.833255 -14.218194 0.093210 1.300577 -34.211998 -0.287570 0.967169 -20.033175 0.964531 1.212843 0.000001 0.000000 -0.000001 -3.440385 0.788231 0.501655 -15.928167 -3.167306 2.999702 -6.338814 -0.000001 0.000002 -18.123413 3.648173 -4.905661 -0.000004 -0.000000 -0.000004 15.546637 12.264220 10.677648 43.790462 4.406826 -52.024796 -3.135890 77.081741 -2.957340 -48.154861 7.857924 15.912014 2.243539 -5.255032 -3.180155 14.282877 -0.826594 6.952497 -0.000003 -12.690588 -0.000002 16.520359 -16.557039 2.336594 1.665666 -1.955919 -2.878295 4.727794 -4.170581 4.993917 11.020512 0.000005 -0.000000 12.109031 -3.735709 -2.866779 0.000000 0.000001 0.000001 1.291984 -1.928548 -1.498089 14.800111 0.567467 3.865604 14.242553 -1.341734 -6.660650 19.631941 0.143925 -0.648243 49.475597 -0.549937 -6.050824 0.353028 -1.511150 -0.031939 20.222769 3.684306 2.316629 18.787245 0.000004 0.000001 10.751610 -0.479867 1.397907 0.000000 0.000000 0.000000 3.273804 0.305947 -0.580110 21.486790 11.830362 2.266132 8.162916 -0.000001 -0.000000 18.399054 -3.798980 -4.940569 0.000003 -0.000001 -0.000000 24.080452 26.029989 -12.002206 -0.432486 -1.028065 47.545376 -23.310755 -1.754211 -22.040964 1.642017 -1.895916 -1.246646 -0.000000 0.000001 0.000002 -10.321692 -34.215557 -37.723995 0.346705 0.257448 51.305714 11.475062 -9.927193 -6.454587 -1.442966 0.941530 1.043174 -0.000000 0.000002 -0.000001 
-1.444789 87.452705 1.188379 -0.537587 8.084193 -1.743995 -0.450104 -0.047880 7.377050 -0.648417 -0.788269 -1.583704 0.904786 -3.135039 13.296581 15.469190 -6.377916 14.969543 -4.111781 -11.007101 -3.456126 -0.432239 -13.356113 -5.458676 0.000077 -0.000022 0.000005 0.020872 -0.010851 -0.041738 0.671059 -3.721735 -10.600197 -0.647575 3.723005 -10.655300 -2.892677 -6.705975 11.143690 -55.212509 -26.722897 9.741471 -178.541824 -57.322960 179.052216 6.966845 5.460847 38.243195 -5.882102 9.861279 0.702590 -10.936859 -0.360574 7.156196 0.000000 8.774816 -0.000001 -15.815919 17.698727 5.808141 -1.844031 2.498502 -2.507277 -10.163589 4.678941 4.621102 -20.975996 -0.000002 0.000001 -21.226254 2.451694 -3.593994 -0.000001 -0.000006 -0.000002 -1.362679 2.240798 -0.746323 -21.334892 0.584907 3.008322 -13.821197 -0.000003 0.000002 -23.887133 -0.249076 -0.839482 -59.171085 2.670464 -1.006437 -0.294025 1.679685 0.833255 -14.218190 0.093214 1.300577 -34.211998 -0.287565 0.967167 -20.033176 0.964536 1.212842 -0.000000 -0.000000 -0.000001 -3.440384 0.788233 0.501654 -15.928167 -3.167305 2.999703 -6.338817 0.000001 0.000002 -18.123415 3.648179 -4.905665 -0.000004 -0.000000 -0.000003 15.245151 12.728594 10.508354 42.356045 4.596503 -52.196533 -1.448708 76.932037 -1.532723 -49.147701 8.599642 19.407938 2.243539 -5.255032 -3.180155 14.282877 -0.826592 6.952497 -0.000004 -12.690590 0.000002 16.152082 -16.289246 2.401295 1.665665 -1.955919 -2.878295 4.727792 -4.170582 4.993919 11.020512 0.000005 0.000001 12.109029 -3.735708 -2.866778 0.000001 0.000002 0.000001 1.291984 -1.928548 -1.498088 14.800113 0.567469 3.865605 14.242550 -1.341732 -6.660648 19.631935 0.143927 -0.648240 48.961002 -0.589912 -5.973084 0.353028 -1.511149 -0.031941 20.222765 3.684307 2.316627 18.787245 0.000007 0.000001 10.751610 -0.479866 1.397906 0.000002 0.000002 -0.000000 3.273804 0.305947 -0.580109 21.486790 11.830363 2.266130 8.162915 0.000002 -0.000000 18.399052 -3.798980 -4.940563 0.000003 -0.000000 0.000001 24.144485 25.089649 -13.044797 -0.455648 -1.026575 48.004513 -23.141024 -2.472918 -21.740602 1.640838 -1.916771 -1.247744 0.000000 0.000000 0.000002 -10.790097 -35.409958 -36.633541 0.340677 0.273137 51.226475 11.986403 -10.509597 -6.649538 -1.443711 0.959241 1.073995 -0.000000 0.000001 -0.000001 
-1.388209 87.432381 1.041980 -0.900869 10.083007 -2.051775 -0.467641 0.002049 7.402172 -0.657888 -0.496023 -1.590834 0.940291 -2.767977 13.328636 15.768153 -6.670462 15.378015 -4.199614 -11.217928 -3.471052 -0.363688 -13.650284 -5.243704 0.000078 -0.000024 0.000005 0.020365 -0.005736 -0.047949 0.683552 -3.716912 -10.612484 -0.666215 3.729707 -10.665633 -3.052939 -6.635427 11.030014 -54.735340 -27.129362 10.432285 -179.119247 -57.632622 179.505112 7.241220 4.759694 38.591236 -5.882101 9.861279 0.702590 -10.936859 -0.360576 7.156198 0.000001 8.774813 -0.000002 -15.803123 17.732618 5.824636 -1.844031 2.498502 -2.507276 -10.163590 4.678939 4.621104 -20.975998 -0.000004 0.000003 -21.226255 2.451694 -3.593994 0.000000 -0.000006 -0.000002 -1.362679 2.240800 -0.746322 -21.334887 0.584906 3.008320 -13.821197 -0.000002 0.000003 -23.887131 -0.249079 -0.839479 -59.265541 2.685619 -1.084547 -0.294024 1.679686 0.833256 -14.218194 0.093215 1.300579 -34.212002 -0.287565 0.967170 -20.033180 0.964535 1.212843 0.000000 -0.000001 -0.000001 -3.440386 0.788235 0.501656 -15.928169 -3.167307 2.999705 -6.338817 -0.000001 0.000002 -18.123415 3.648176 -4.905662 -0.000003 -0.000001 -0.000003 14.711048 13.453912 10.168344 40.841846 5.234509 -52.001328 0.865178 77.387802 0.500219 -49.198757 9.708648 25.275385 2.243539 -5.255033 -3.180154 14.282875 -0.826592 6.952495 -0.000002 -12.690592 -0.000001 15.753704 -15.962111 2.497894 1.665663 -1.955920 -2.878296 4.727793 -4.170582 4.993918 11.020512 0.000005 -0.000002 12.109031 -3.735711 -2.866782 0.000000 0.000000 -0.000001 1.291984 -1.928547 -1.498088 14.800109 0.567467 3.865605 14.242553 -1.341735 -6.660648 19.631939 0.143927 -0.648241 48.108627 -0.702307 -5.893125 0.353029 -1.511151 -0.031940 20.222767 3.684303 2.316627 18.787245 0.000006 -0.000000 10.751610 -0.479869 1.397904 0.000001 0.000001 -0.000000 3.273803 0.305948 -0.580109 21.486790 11.830362 2.266131 8.162918 0.000002 -0.000000 18.399050 -3.798979 -4.940567 0.000003 0.000000 -0.000001 24.212587 24.212772 -14.216067 -0.493192 -1.027097 48.571762 -22.948765 -3.251296 -21.405754 1.641099 -1.958041 -1.195455 -0.000000 0.000000 0.000002 -11.307285 -36.600113 -35.457851 0.355650 0.292314 51.064083 12.512927 -11.253042 -6.848922 -1.439260 0.977536 1.066665 0.000000 0.000002 -0.000001 
-1.277178 87.388489 0.801017 -1.304963 12.077949 -2.389763 -0.462474 0.104701 7.478918 -0.661735 -0.171540 -1.605580 0.932201 -2.274087 13.371146 16.130293 -6.898152 15.669093 -4.220955 -11.580236 -3.483595 -0.282103 -13.986359 -5.025705 0.000076 -0.000025 0.000005 0.026207 -0.023670 -0.041194 0.716673 -3.748847 -10.656425 -0.675606 3.706969 -10.696850 -3.255813 -6.617503 10.820782 -54.424290 -27.565302 11.049295 -179.487701 -57.860573 179.760635 7.540801 3.883238 38.766415 -5.882100 9.861279 0.702590 -10.936860 -0.360576 7.156197 0.000001 8.774812 -0.000000 -15.874540 17.689344 5.805628 -1.844031 2.498503 -2.507275 -10.163591 4.678939 4.621104 -20.975996 -0.000005 0.000004 -21.226254 2.451692 -3.593992 0.000001 -0.000006 -0.000000 -1.362680 2.240798 -0.746323 -21.334896 0.584906 3.008320 -13.821197 -0.000001 0.000001 -23.887135 -0.249079 -0.839480 -59.449562 2.660650 -1.152701 -0.294023 1.679686 0.833255 -14.218194 0.093214 1.300579 -34.212006 -0.287564 0.967172 -20.033180 0.964533 1.212843 0.000003 -0.000000 0.000001 -3.440386 0.788233 0.501655 -15.928167 -3.167307 2.999705 -6.338816 -0.000002 0.000001 -18.123413 3.648175 -4.905659 -0.000003 -0.000001 -0.000002 13.871432 14.483997 9.620467 39.631504 6.538632 -51.454655 3.735628 78.809570 3.270333 -48.254669 11.130756 33.996384 2.243538 -5.255033 -3.180156 14.282877 -0.826595 6.952494 -0.000002 -12.690591 0.000002 15.472528 -15.557558 2.704560 1.665664 -1.955919 -2.878296 4.727794 -4.170585 4.993918 11.020511 0.000005 -0.000003 12.109029 -3.735709 -2.866778 -0.000001 -0.000001 -0.000002 1.291985 -1.928546 -1.498087 14.800114 0.567468 3.865605 14.242553 -1.341735 -6.660649 19.631939 0.143927 -0.648241 47.021690 -0.806087 -5.723932 0.353030 -1.511150 -0.031938 20.222763 3.684307 2.316627 18.787243 0.000005 0.000001 10.751610 -0.479871 1.397904 0.000001 0.000002 -0.000000 3.273805 0.305944 -0.580108 21.486792 11.830363 2.266130 8.162919 0.000002 0.000001 18.399054 -3.798980 -4.940568 0.000003 0.000001 0.000000 24.286034 23.523966 -15.503760 -0.532570 -1.012142 49.300213 -22.662283 -4.094539 -21.053022 1.639188 -1.980919 -1.156093 -0.000000 -0.000001 0.000002 -11.854687 -37.670933 -34.298183 0.366367 0.311376 50.882412 13.056376 -12.163770 -6.920672 -1.435084 1.027135 1.020504 0.000000 0.000002 -0.000001 
-1.163448 87.348633 0.515521 -1.733417 13.989947 -2.701767 -0.425992 0.240700 7.594897 -0.664019 0.171628 -1.604832 0.895330 -1.677961 13.378978 16.477854 -7.067830 15.766576 -4.200370 -11.999278 -3.491166 -0.170880 -14.389560 -4.863669 0.000077 -0.000022 0.000005 0.039847 -0.038636 -0.064595 0.744872 -3.755632 -10.673070 -0.685754 3.688242 -10.706378 -3.494498 -6.653539 10.531223 -54.414871 -28.065372 11.677485 -179.714417 -57.915596 179.955627 7.795161 3.003512 38.639988 -5.882100 9.861278 0.702587 -10.936859 -0.360574 7.156199 0.000000 8.774814 -0.000001 -15.969846 17.629517 5.723930 -1.844030 2.498502 -2.507274 -10.163589 4.678939 4.621103 -20.975992 -0.000003 0.000001 -21.226248 2.451692 -3.593994 0.000000 -0.000006 0.000000 -1.362680 2.240796 -0.746324 -21.334887 0.584908 3.008320 -13.821197 -0.000001 0.000003 -23.887136 -0.249079 -0.839482 -59.503288 2.579598 -1.241254 -0.294026 1.679687 0.833255 -14.218194 0.093215 1.300581 -34.211998 -0.287560 0.967169 -20.033180 0.964535 1.212839 0.000002 0.000001 0.000001 -3.440385 0.788232 0.501655 -15.928167 -3.167306 2.999704 -6.338816 -0.000001 -0.000000 -18.123411 3.648177 -4.905663 -0.000003 -0.000000 -0.000001 12.676885 15.803616 8.878926 39.087833 8.885655 -50.735489 7.298844 81.329651 7.080987 -46.420364 12.463291 44.451729 2.243539 -5.255031 -3.180155 14.282877 -0.826595 6.952497 -0.000004 -12.690590 0.000001 15.069733 -14.643720 3.197153 1.665666 -1.955918 -2.878297 4.727794 -4.170585 4.993919 11.020513 0.000007 -0.000002 12.109032 -3.735708 -2.866779 -0.000002 -0.000001 0.000000 1.291986 -1.928548 -1.498089 14.800116 0.567471 3.865604 14.242551 -1.341732 -6.660645 19.631937 0.143926 -0.648241 45.175480 -0.961706 -5.357296 0.353028 -1.511150 -0.031939 20.222771 3.684308 2.316629 18.787247 0.000005 0.000002 10.751610 -0.479867 1.397904 0.000000 -0.000001 0.000001 3.273805 0.305950 -0.580109 21.486794 11.830363 2.266132 8.162917 0.000003 -0.000000 18.399054 -3.798979 -4.940566 0.000003 -0.000001 0.000001 24.370764 23.016890 -16.821886 -0.584747 -0.972560 50.023964 -22.279949 -4.925650 -20.650957 1.637874 -1.981385 -1.064129 0.000000 0.000000 0.000002 -12.327316 -38.645588 -33.279186 0.361276 0.344630 50.747475 13.554477 -13.116556 -6.808481 -1.428641 1.055092 0.996163 -0.000000 0.000002 -0.000001 
-0.999496 87.277039 0.167005 -2.182700 15.783069 -3.019697 -0.327295 0.376538 7.760927 -0.676648 0.590911 -1.585404 0.858273 -1.050092 13.365733 16.714840 -7.139385 15.702732 -4.207924 -12.460803 -3.409173 0.108428 -14.881465 -4.866235 0.000076 -0.000021 0.000007 0.045936 -0.058934 -0.063870 0.771584 -3.783574 -10.691042 -0.694117 3.664976 -10.716752 -3.809747 -6.686981 10.314311 -54.682884 -28.795527 12.470628 -179.825836 -57.971455 -179.922409 8.094364 2.269374 38.195850 -5.882099 9.861275 0.702589 -10.936858 -0.360575 7.156198 0.000000 8.774810 -0.000002 -16.024982 17.575672 5.647328 -1.844030 2.498502 -2.507276 -10.163589 4.678939 4.621102 -20.975996 -0.000003 0.000002 -21.226255 2.451692 -3.593992 0.000001 -0.000007 -0.000000 -1.362681 2.240797 -0.746323 -21.334892 0.584908 3.008321 -13.821197 -0.000002 0.000005 -23.887133 -0.249077 -0.839481 -59.421707 2.511348 -1.322176 -0.294025 1.679685 0.833255 -14.218192 0.093215 1.300580 -34.212002 -0.287562 0.967172 -20.033176 0.964536 1.212843 0.000002 0.000001 0.000000 -3.440386 0.788233 0.501657 -15.928167 -3.167306 2.999704 -6.338817 -0.000002 0.000000 -18.123413 3.648175 -4.905660 -0.000003 0.000001 -0.000003 10.959170 17.483536 7.971951 39.563694 12.662821 -49.853458 8.327775 84.432991 8.496973 -43.879597 13.222463 55.205425 2.243539 -5.255033 -3.180155 14.282878 -0.826594 6.952495 -0.000001 -12.690591 0.000002 13.453935 -11.990537 4.291949 1.665663 -1.955920 -2.878298 4.727794 -4.170581 4.993919 11.020513 0.000002 0.000001 12.109035 -3.735708 -2.866779 -0.000001 0.000000 0.000000 1.291983 -1.928547 -1.498087 14.800113 0.567466 3.865603 14.242554 -1.341736 -6.660646 19.631941 0.143925 -0.648242 39.301296 -1.059086 -4.485234 0.353029 -1.511149 -0.031939 20.222771 3.684305 2.316628 18.787247 0.000002 0.000001 10.751612 -0.479869 1.397905 0.000000 0.000000 -0.000000 3.273804 0.305944 -0.580110 21.486790 11.830359 2.266132 8.162918 0.000002 -0.000000 18.399057 -3.798980 -4.940566 0.000003 0.000001 -0.000001 24.400133 22.607180 -18.199516 -0.616128 -0.948599 50.877018 -21.778313 -5.761964 -20.334454 1.636471 -1.951574 -0.943688 -0.000000 0.000000 0.000002 -12.790074 -39.557137 -32.344845 0.402114 0.389499 50.607006 13.947577 -14.050900 -6.608509 -1.424947 1.076401 1.067340 -0.000000 0.000001 -0.000001 
-0.772639 87.238098 -0.194891 -2.638624 17.309549 -3.341257 -0.184489 0.489525 7.981109 -0.688622 1.042479 -1.537977 0.845470 -0.388010 13.305348 16.774443 -7.067138 15.592225 -4.288521 -12.885736 -3.313404 0.366363 -15.364160 -4.913822 0.000077 -0.000023 0.000006 0.047511 -0.071129 -0.076651 0.769490 -3.772036 -10.709059 -0.690480 3.650431 -10.718013 -4.135818 -6.675460 10.098050 -55.390762 -29.588186 13.667559 179.770035 -58.048946 -179.659363 8.464947 1.907639 37.142864 -5.882098 9.861278 0.702591 -10.936858 -0.360575 7.156198 0.000001 8.774815 0.000001 -16.017448 17.565626 5.727787 -1.844031 2.498502 -2.507277 -10.163589 4.678939 4.621104 -20.975994 -0.000006 0.000004 -21.226248 2.451690 -3.593993 0.000000 -0.000006 -0.000000 -1.362679 2.240796 -0.746324 -21.334887 0.584907 3.008321 -13.821195 -0.000002 0.000004 -23.887131 -0.249080 -0.839479 -59.538879 2.418031 -1.269076 -0.294025 1.679686 0.833256 -14.218192 0.093216 1.300578 -34.212006 -0.287566 0.967170 -20.033176 0.964534 1.212842 0.000002 0.000001 0.000001 -3.440384 0.788233 0.501655 -15.928165 -3.167307 2.999702 -6.338814 -0.000001 0.000002 -18.123411 3.648174 -4.905660 -0.000004 0.000002 -0.000002 8.489785 19.577431 6.838685 41.503433 18.601080 -48.436241 -11.463094 87.484482 -11.307114 -39.390553 9.588373 62.910957 2.243538 -5.255033 -3.180156 14.282873 -0.826593 6.952494 -0.000001 -12.690591 0.000001 5.760372 -4.316356 8.699332 1.665665 -1.955919 -2.878296 4.727793 -4.170585 4.993918 11.020511 0.000002 -0.000002 12.109029 -3.735710 -2.866780 -0.000000 0.000001 -0.000000 1.291983 -1.928548 -1.498088 14.800113 0.567469 3.865602 14.242553 -1.341735 -6.660650 19.631939 0.143928 -0.648243 10.319291 -0.880827 -2.756476 0.353028 -1.511151 -0.031940 20.222767 3.684306 2.316626 18.787243 0.000006 -0.000001 10.751610 -0.479868 1.397903 -0.000001 0.000000 0.000000 3.273805 0.305949 -0.580111 21.486788 11.830362 2.266128 8.162917 0.000002 -0.000001 18.399052 -3.798978 -4.940568 0.000003 0.000000 -0.000001 24.398911 22.237238 -19.401772 -0.623144 -0.895567 51.638824 -21.258860 -6.490696 -20.097099 1.632346 -1.908769 -0.675507 0.000000 0.000001 0.000002 -13.211069 -40.240124 -31.445534 0.421601 0.421790 50.321724 14.318686 -14.935249 -6.252748 -1.430300 1.026775 1.266006 -0.000000 -0.000000 -0.000001 
-0.494857 87.211723 -0.521439 -3.038627 18.607807 -3.599845 -0.007562 0.593945 8.229602 -0.658910 1.531295 -1.532433 0.829714 0.285756 13.218693 16.749378 -7.061598 15.470082 -4.368293 -13.171936 -3.265374 0.436759 -15.761873 -4.842502 0.000077 -0.000024 0.000005 0.052607 -0.062778 -0.107035 0.749788 -3.758295 -10.681790 -0.662573 3.630871 -10.713284 -4.385419 -6.627434 9.824626 -56.548874 -30.383490 15.256965 179.422058 -58.296059 -179.729416 8.736724 1.766217 35.543224 -5.882102 9.861279 0.702591 -10.936858 -0.360575 7.156195 0.000000 8.774814 0.000000 -16.181219 17.684525 5.810428 -1.844031 2.498503 -2.507277 -10.163589 4.678940 4.621103 -20.975996 -0.000005 -0.000000 -21.226255 2.451693 -3.593995 0.000001 -0.000007 -0.000000 -1.362681 2.240796 -0.746324 -21.334890 0.584909 3.008318 -13.821195 -0.000002 0.000001 -23.887131 -0.249079 -0.839485 -60.053131 2.422310 -1.205564 -0.294024 1.679686 0.833254 -14.218194 0.093214 1.300577 -34.211998 -0.287564 0.967168 -20.033178 0.964532 1.212841 0.000001 0.000000 0.000002 -3.440386 0.788234 0.501655 -15.928169 -3.167304 2.999703 -6.338817 0.000000 0.000001 -18.123417 3.648176 -4.905666 -0.000004 0.000002 -0.000001 5.469927 21.914648 5.718349 44.096771 25.585310 -47.273880 -84.668869 88.262115 -84.665474 -35.723644 1.959521 -101.539452 2.243539 -5.255032 -3.180155 14.282871 -0.826591 6.952495 -0.000004 -12.690587 0.000001 6.128417 -7.592713 5.405749 1.665664 -1.955920 -2.878296 4.727790 -4.170581 4.993919 11.020510 0.000005 -0.000001 12.109028 -3.735708 -2.866779 0.000001 -0.000000 0.000000 1.291982 -1.928546 -1.498087 14.800114 0.567471 3.865604 14.242553 -1.341734 -6.660648 19.631937 0.143928 -0.648241 33.400490 -0.080955 -4.096560 0.353028 -1.511149 -0.031940 20.222767 3.684309 2.316628 18.787245 0.000007 -0.000001 10.751610 -0.479867 1.397904 0.000000 -0.000000 -0.000000 3.273802 0.305948 -0.580110 21.486790 11.830365 2.266131 8.162917 0.000003 0.000000 18.399052 -3.798977 -4.940565 0.000003 0.000000 -0.000001 24.304667 21.974518 -20.472059 -0.622688 -0.880376 52.329147 -20.737585 -7.170649 -19.952778 1.617663 -1.885064 -0.321400 0.000000 -0.000001 0.000002 -13.615690 -40.740669 -30.631655 0.439709 0.472430 49.951542 14.725349 -15.864919 -5.915172 -1.442551 0.948684 1.461697 -0.000000 0.000002 -0.000001 
-0.218366 87.167572 -0.820891 -3.386973 20.087755 -3.765693 0.204327 0.766056 8.411469 -0.612181 2.010734 -1.537877 0.784653 0.937868 13.146215 16.909878 -7.246053 15.290705 -4.361091 -13.450899 -3.253439 0.495393 -16.127277 -4.703258 0.000077 -0.000023 0.000007 0.065057 -0.080511 -0.110960 0.762336 -3.777090 -10.685707 -0.649389 3.619059 -10.713382 -4.509195 -6.611718 9.633745 -57.711639 -31.110352 16.736126 179.552063 -58.346519 -179.968979 8.634336 1.725139 35.030151 -5.882100 9.861278 0.702589 -10.936858 -0.360577 7.156197 0.000001 8.774814 -0.000000 -16.362061 17.760139 5.757393 -1.844032 2.498502 -2.507275 -10.163589 4.678938 4.621102 -20.975994 -0.000006 0.000002 -21.226254 2.451690 -3.593993 0.000000 -0.000005 0.000000 -1.362681 2.240796 -0.746322 -21.334892 0.584909 3.008319 -13.821197 -0.000001 0.000003 -23.887131 -0.249078 -0.839482 -60.209698 2.501806 -1.321462 -0.294025 1.679686 0.833255 -14.218194 0.093213 1.300579 -34.212006 -0.287565 0.967170 -20.033178 0.964534 1.212841 0.000001 0.000000 0.000002 -3.440385 0.788232 0.501655 -15.928169 -3.167307 2.999701 -6.338817 0.000001 0.000002 -18.123413 3.648176 -4.905662 -0.000003 0.000002 -0.000000 2.951119 23.691233 4.725420 45.203495 30.757730 -47.231274 -113.041924 88.133331 -112.975189 -35.407413 0.090840 -95.640808 2.243541 -5.255033 -3.180155 14.282875 -0.826594 6.952495 -0.000002 -12.690592 0.000000 10.854354 -12.325030 5.003246 1.665663 -1.955921 -2.878297 4.727791 -4.170584 4.993919 11.020510 0.000002 -0.000002 12.109031 -3.735710 -2.866780 0.000002 0.000000 0.000000 1.291985 -1.928548 -1.498088 14.800111 0.567467 3.865602 14.242553 -1.341736 -6.660648 19.631937 0.143924 -0.648244 43.668819 -0.571982 -4.921419 0.353028 -1.511150 -0.031940 20.222767 3.684306 2.316628 18.787243 0.000003 -0.000002 10.751610 -0.479869 1.397904 -0.000000 -0.000000 0.000001 3.273805 0.305947 -0.580111 21.486788 11.830361 2.266131 8.162916 0.000001 0.000001 18.399050 -3.798980 -4.940567 0.000003 0.000000 -0.000002 24.047935 21.477041 -21.731842 -0.633593 -0.869677 53.042465 -20.224916 -7.840807 -19.852856 1.606927 -1.912871 -0.129979 0.000000 -0.000000 0.000002 -14.110964 -41.560730 -29.773518 0.448146 0.487896 49.531448 14.969076 -16.605215 -5.711224 -1.446688 0.930379 1.541297 0.000000 0.000001 -0.000001 
0.098518 87.084290 -1.038939 -3.657630 21.495827 -3.897645 0.383290 0.927769 8.563210 -0.579744 2.471720 -1.531811 0.712614 1.547063 13.094326 17.125181 -7.409431 15.188299 -4.325662 -13.742361 -3.256835 0.498135 -16.434767 -4.449113 0.000077 -0.000022 0.000007 0.085561 -0.108322 -0.114685 0.788951 -3.814843 -10.684984 -0.634029 3.602128 -10.711524 -4.572303 -6.479796 9.505927 -58.579006 -31.653656 17.989275 179.793594 -58.170731 179.802414 8.457512 1.903079 35.005180 -5.882101 9.861277 0.702589 -10.936859 -0.360576 7.156198 0.000002 8.774813 -0.000003 -16.381660 17.817440 5.764380 -1.844031 2.498502 -2.507276 -10.163589 4.678938 4.621102 -20.975996 -0.000006 0.000003 -21.226254 2.451691 -3.593992 -0.000001 -0.000006 -0.000000 -1.362681 2.240797 -0.746323 -21.334892 0.584908 3.008321 -13.821197 -0.000002 0.000003 -23.887133 -0.249078 -0.839480 -60.194893 2.550524 -1.416606 -0.294024 1.679686 0.833254 -14.218194 0.093213 1.300579 -34.212006 -0.287565 0.967172 -20.033180 0.964535 1.212842 0.000003 -0.000000 0.000002 -3.440386 0.788234 0.501658 -15.928167 -3.167306 2.999703 -6.338818 -0.000001 0.000000 -18.123413 3.648173 -4.905661 -0.000005 0.000000 0.000000 0.755629 25.027390 3.876863 45.633377 34.631741 -47.270302 -126.381157 87.935493 -126.086365 -35.370319 -0.761061 -91.215553 2.243539 -5.255032 -3.180155 14.282877 -0.826594 6.952497 -0.000001 -12.690588 0.000001 13.079615 -14.513700 4.374465 1.665664 -1.955919 -2.878296 4.727795 -4.170583 4.993919 11.020513 0.000003 -0.000000 12.109033 -3.735710 -2.866777 0.000002 0.000000 0.000000 1.291985 -1.928547 -1.498088 14.800114 0.567468 3.865604 14.242553 -1.341733 -6.660647 19.631937 0.143926 -0.648242 47.116737 -0.759032 -5.401978 0.353027 -1.511150 -0.031940 20.222767 3.684306 2.316629 18.787245 0.000004 0.000001 10.751610 -0.479869 1.397903 -0.000000 -0.000000 0.000000 3.273804 0.305947 -0.580110 21.486792 11.830362 2.266131 8.162916 0.000001 0.000000 18.399050 -3.798979 -4.940565 0.000003 -0.000000 -0.000001 23.728226 20.887920 -22.905598 -0.629722 -0.839486 53.796387 -19.729097 -8.483081 -19.892614 1.594653 -1.930436 -0.015624 0.000000 -0.000000 0.000002 -14.735699 -42.434395 -28.926680 0.436406 0.494556 49.235859 15.066065 -17.111530 -5.523016 -1.446833 0.894809 1.565029 0.000000 0.000000 -0.000001 
0.410810 86.972656 -1.193603 -3.875448 22.849672 -4.003496 0.514385 1.052299 8.679491 -0.565098 2.908076 -1.519374 0.636485 2.088977 13.055456 17.277905 -7.544869 15.277027 -4.291818 -13.964965 -3.259022 0.507146 -16.673843 -4.127028 0.000077 -0.000023 0.000006 0.088882 -0.119622 -0.119892 0.797996 -3.838970 -10.694475 -0.642603 3.605356 -10.727069 -4.656034 -6.241008 9.458148 -58.992260 -32.030743 18.865965 -179.974335 -57.757332 179.663116 8.323939 2.301741 35.057915 -5.882101 9.861278 0.702591 -10.936860 -0.360574 7.156198 0.000001 8.774813 -0.000002 -16.317644 17.846565 5.797121 -1.844030 2.498503 -2.507274 -10.163589 4.678937 4.621105 -20.975996 -0.000004 0.000005 -21.226254 2.451691 -3.593992 0.000002 -0.000005 -0.000001 -1.362680 2.240796 -0.746323 -21.334887 0.584907 3.008320 -13.821197 -0.000003 0.000003 -23.887133 -0.249076 -0.839479 -60.129436 2.587092 -1.461729 -0.294024 1.679687 0.833255 -14.218194 0.093215 1.300582 -34.211998 -0.287564 0.967172 -20.033178 0.964535 1.212844 0.000001 0.000001 0.000002 -3.440385 0.788231 0.501655 -15.928167 -3.167306 2.999703 -6.338817 -0.000002 0.000003 -18.123413 3.648175 -4.905660 -0.000003 0.000002 -0.000001 -1.132951 25.929190 3.151068 45.720196 37.480087 -47.067616 -135.452103 87.726685 -134.845551 -35.141994 -1.306392 -88.122017 2.243541 -5.255033 -3.180155 14.282877 -0.826594 6.952497 -0.000002 -12.690590 0.000001 14.303428 -15.703404 3.902459 1.665664 -1.955920 -2.878296 4.727793 -4.170584 4.993919 11.020510 0.000003 -0.000000 12.109032 -3.735710 -2.866779 0.000000 0.000000 0.000000 1.291983 -1.928548 -1.498088 14.800113 0.567467 3.865604 14.242554 -1.341735 -6.660648 19.631939 0.143925 -0.648243 48.704018 -0.807203 -5.700933 0.353028 -1.511150 -0.031940 20.222771 3.684305 2.316629 18.787247 0.000004 0.000001 10.751611 -0.479868 1.397903 0.000000 0.000000 0.000000 3.273805 0.305947 -0.580110 21.486792 11.830363 2.266132 8.162916 0.000000 0.000000 18.399050 -3.798980 -4.940567 0.000003 -0.000000 -0.000001 23.397163 20.190714 -24.005116 -0.628722 -0.790213 54.550358 -19.270821 -9.047427 -20.018694 1.590726 -1.939219 -0.022545 0.000000 0.000000 0.000002 -15.434642 -43.250847 -28.097494 0.446605 0.515844 49.059677 15.170184 -17.525316 -5.426650 -1.445873 0.880351 1.566683 0.000000 0.000002 -0.000001 
0.765637 86.848351 -1.320244 -4.052463 24.096163 -4.099213 0.590056 1.172465 8.764381 -0.556011 3.264580 -1.506383 0.554580 2.506959 13.056134 17.294868 -7.644750 15.570847 -4.252394 -13.976156 -3.248836 0.491597 -16.921982 -3.785435 0.000077 -0.000022 0.000006 0.093940 -0.110413 -0.114093 0.811111 -3.848734 -10.706242 -0.641856 3.621678 -10.747386 -4.783325 -5.944090 9.446345 -58.910721 -32.248184 19.433102 179.948212 -57.125587 179.744873 8.239300 2.847674 35.050720 -5.882101 9.861277 0.702592 -10.936858 -0.360575 7.156198 0.000001 8.774813 -0.000001 -16.219576 17.884579 5.860450 -1.844031 2.498503 -2.507274 -10.163589 4.678937 4.621106 -20.975992 -0.000006 0.000003 -21.226254 2.451690 -3.593992 0.000001 -0.000005 -0.000000 -1.362679 2.240795 -0.746321 -21.334887 0.584906 3.008320 -13.821195 -0.000003 0.000001 -23.887125 -0.249082 -0.839480 -60.140667 2.612014 -1.449962 -0.294024 1.679686 0.833257 -14.218190 0.093214 1.300579 -34.211998 -0.287565 0.967171 -20.033178 0.964534 1.212843 0.000001 0.000001 0.000001 -3.440384 0.788233 0.501657 -15.928167 -3.167308 2.999705 -6.338817 -0.000002 -0.000000 -18.123411 3.648175 -4.905662 -0.000004 0.000001 -0.000001 -2.545780 26.454950 2.681535 45.565548 39.289310 -46.402214 -146.332993 87.333168 -145.589020 -34.750347 -1.582500 -85.894951 2.243540 -5.255033 -3.180155 14.282877 -0.826594 6.952496 -0.000002 -12.690591 0.000000 15.098192 -16.377251 3.533713 1.665665 -1.955920 -2.878296 4.727796 -4.170583 4.993918 11.020511 0.000002 -0.000000 12.109035 -3.735710 -2.866779 -0.000000 -0.000000 0.000000 1.291983 -1.928548 -1.498088 14.800114 0.567467 3.865603 14.242551 -1.341735 -6.660648 19.631939 0.143925 -0.648243 49.601688 -0.803311 -5.888849 0.353027 -1.511149 -0.031940 20.222769 3.684305 2.316629 18.787247 0.000003 0.000000 10.751611 -0.479868 1.397904 -0.000000 0.000000 -0.000000 3.273804 0.305947 -0.580110 21.486790 11.830362 2.266130 8.162917 0.000000 -0.000001 18.399054 -3.798980 -4.940568 0.000003 0.000000 -0.000001 23.033787 19.521883 -25.005163 -0.603510 -0.748587 55.314789 -18.838139 -9.598103 -20.219009 1.581709 -1.947384 -0.057892 0.000000 -0.000000 0.000002 -16.210857 -43.904839 -27.285849 0.457222 0.537929 48.954632 15.315698 -17.850590 -5.274005 -1.443553 0.877264 1.566629 -0.000000 0.000002 -0.000001 
1.146658 86.687981 -1.409003 -4.212560 25.217659 -4.153987 0.623768 1.251075 8.815112 -0.559634 3.552972 -1.486844 0.477158 2.898643 13.087203 17.247433 -7.746594 15.977685 -4.268056 -13.898630 -3.262238 0.464807 -17.097017 -3.377955 0.000077 -0.000023 0.000006 0.092497 -0.109961 -0.114071 0.809835 -3.852375 -10.706461 -0.649248 3.636670 -10.758209 -4.941930 -5.605126 9.439412 -58.554962 -32.360737 19.775942 179.817032 -56.402939 179.870529 8.206060 3.454802 34.981770 -5.882098 9.861275 0.702591 -10.936857 -0.360576 7.156199 0.000002 8.774812 -0.000001 -16.154119 17.881786 5.885234 -1.844030 2.498502 -2.507275 -10.163587 4.678937 4.621102 -20.975990 -0.000009 0.000001 -21.226246 2.451686 -3.593991 0.000001 -0.000006 -0.000002 -1.362678 2.240796 -0.746322 -21.334887 0.584904 3.008320 -13.821194 -0.000004 0.000002 -23.887125 -0.249083 -0.839479 -60.195095 2.595101 -1.442279 -0.294024 1.679686 0.833255 -14.218189 0.093213 1.300577 -34.211990 -0.287569 0.967173 -20.033173 0.964530 1.212845 0.000001 0.000001 0.000001 -3.440384 0.788231 0.501654 -15.928164 -3.167310 2.999705 -6.338815 -0.000002 0.000001 -18.123411 3.648172 -4.905660 -0.000005 0.000001 -0.000001 -3.373876 26.644449 2.476472 45.400795 40.325699 -45.279106 -157.222778 86.557693 -156.457886 -34.261303 -1.606830 -84.198013 2.243539 -5.255033 -3.180155 14.282875 -0.826592 6.952495 -0.000002 -12.690591 -0.000002 15.551580 -16.742727 3.267050 1.665665 -1.955920 -2.878297 4.727795 -4.170583 4.993918 11.020510 0.000003 -0.000001 12.109030 -3.735709 -2.866780 0.000001 0.000000 -0.000000 1.291986 -1.928548 -1.498088 14.800111 0.567469 3.865604 14.242553 -1.341734 -6.660650 19.631939 0.143927 -0.648243 50.070244 -0.759162 -5.993438 0.353028 -1.511149 -0.031940 20.222771 3.684307 2.316628 18.787245 0.000005 -0.000000 10.751610 -0.479867 1.397904 0.000000 0.000000 -0.000000 3.273805 0.305947 -0.580110 21.486790 11.830363 2.266132 8.162916 0.000002 -0.000000 18.399050 -3.798978 -4.940568 0.000003 -0.000000 -0.000001 22.690042 18.942722 -25.961014 -0.609826 -0.725431 56.147118 -18.380911 -10.126534 -20.523266 1.580199 -1.947210 -0.118429 0.000000 -0.000001 0.000002 -16.965284 -44.453793 -26.539047 0.477016 0.570217 48.875500 15.468078 -18.122395 -5.247091 -1.444173 0.894945 1.571185 0.000000 0.000000 -0.000001 
1.487796 86.529716 -1.503413 -4.364663 26.149973 -4.176023 0.608526 1.302397 8.852403 -0.568085 3.805443 -1.454849 0.442725 3.200525 13.132879 17.132494 -7.777093 16.398039 -4.291015 -13.778481 -3.233835 0.420796 -17.232336 -3.040119 0.000076 -0.000023 0.000007 0.087563 -0.108016 -0.107278 0.812381 -3.861332 -10.697956 -0.656490 3.648327 -10.766312 -5.097999 -5.286874 9.415495 -58.023808 -32.418602 19.924026 179.593369 -55.694824 -179.948029 8.141973 3.997159 34.887280 -5.882103 9.861279 0.702589 -10.936860 -0.360575 7.156196 0.000000 8.774815 -0.000003 -16.114641 17.907820 5.931171 -1.844031 2.498502 -2.507276 -10.163589 4.678940 4.621102 -20.975994 -0.000003 -0.000000 -21.226255 2.451693 -3.593995 0.000002 -0.000005 0.000001 -1.362682 2.240798 -0.746322 -21.334887 0.584907 3.008320 -13.821197 -0.000002 0.000001 -23.887129 -0.249079 -0.839484 -60.269321 2.563576 -1.432488 -0.294024 1.679686 0.833255 -14.218194 0.093215 1.300577 -34.212002 -0.287564 0.967168 -20.033180 0.964532 1.212842 0.000002 0.000001 0.000001 -3.440386 0.788232 0.501655 -15.928167 -3.167306 2.999701 -6.338817 -0.000001 0.000002 -18.123415 3.648175 -4.905662 -0.000003 0.000002 -0.000001 -3.670038 26.646702 2.526235 45.272747 40.798046 -43.875927 -165.606827 85.447395 -164.899445 -33.867043 -1.497826 -82.796875 2.243541 -5.255032 -3.180155 14.282878 -0.826593 6.952496 -0.000002 -12.690588 0.000001 15.905099 -16.981611 3.100118 1.665663 -1.955919 -2.878297 4.727794 -4.170583 4.993918 11.020513 0.000003 -0.000001 12.109035 -3.735708 -2.866779 0.000000 0.000000 0.000000 1.291984 -1.928547 -1.498088 14.800113 0.567468 3.865602 14.242553 -1.341734 -6.660648 19.631941 0.143926 -0.648244 50.335659 -0.724514 -6.038485 0.353029 -1.511149 -0.031940 20.222773 3.684307 2.316628 18.787249 0.000005 -0.000000 10.751612 -0.479867 1.397904 0.000000 0.000000 -0.000000 3.273803 0.305947 -0.580110 21.486795 11.830362 2.266130 8.162917 0.000001 -0.000001 18.399055 -3.798978 -4.940567 0.000003 -0.000000 -0.000001 22.383081 18.460083 -26.835239 -0.582021 -0.706562 56.922195 -17.968365 -10.574911 -20.819717 1.578007 -1.917996 -0.151854 0.000000 -0.000000 0.000002 -17.563749 -44.852047 -25.953981 0.492533 0.608080 48.794285 15.577929 -18.289133 -5.258434 -1.441679 0.881950 1.565482 -0.000000 0.000001 -0.000001 
1.839050 86.387260 -1.544116 -4.526187 26.894791 -4.167062 0.565446 1.344778 8.871073 -0.585054 3.975212 -1.427993 0.436058 3.448468 13.203182 17.064386 -7.814594 16.711628 -4.330354 -13.661241 -3.243487 0.341628 -17.301159 -2.677249 0.000077 -0.000022 0.000006 0.091093 -0.102677 -0.120425 0.809120 -3.858819 -10.690558 -0.656224 3.657764 -10.761753 -5.202780 -5.009938 9.407835 -57.471317 -32.483055 19.964970 179.387466 -55.152588 -179.788895 8.022042 4.422799 34.879810 -5.882101 9.861278 0.702590 -10.936859 -0.360575 7.156196 0.000001 8.774813 -0.000000 -16.069477 17.927160 5.951344 -1.844031 2.498502 -2.507277 -10.163589 4.678936 4.621105 -20.975994 -0.000005 0.000004 -21.226254 2.451690 -3.593992 0.000003 -0.000005 -0.000000 -1.362680 2.240797 -0.746323 -21.334892 0.584907 3.008322 -13.821197 -0.000003 0.000002 -23.887131 -0.249078 -0.839477 -60.310539 2.560670 -1.408810 -0.294024 1.679686 0.833256 -14.218192 0.093214 1.300579 -34.211998 -0.287565 0.967175 -20.033178 0.964533 1.212844 0.000001 0.000001 0.000001 -3.440384 0.788232 0.501654 -15.928167 -3.167306 2.999704 -6.338817 -0.000001 0.000001 -18.123413 3.648175 -4.905659 -0.000005 0.000001 -0.000000 -3.549616 26.600584 2.780607 45.214108 40.976555 -42.422096 -170.292801 84.208527 -169.657471 -33.722187 -1.229508 -81.699181 2.243544 -5.255032 -3.180155 14.282878 -0.826593 6.952495 -0.000001 -12.690591 -0.000000 16.135853 -17.108881 3.020405 1.665661 -1.955919 -2.878296 4.727793 -4.170582 4.993918 11.020513 0.000003 -0.000001 12.109034 -3.735709 -2.866779 -0.000000 0.000000 -0.000000 1.291987 -1.928547 -1.498088 14.800117 0.567468 3.865602 14.242554 -1.341735 -6.660648 19.631941 0.143926 -0.648243 50.513680 -0.716153 -6.027593 0.353029 -1.511149 -0.031940 20.222771 3.684306 2.316627 18.787251 0.000005 -0.000001 10.751612 -0.479867 1.397903 0.000000 0.000000 0.000000 3.273803 0.305947 -0.580110 21.486797 11.830364 2.266130 8.162919 0.000002 -0.000001 18.399055 -3.798977 -4.940568 0.000003 0.000000 -0.000001 22.144773 18.053778 -27.564939 -0.574624 -0.695079 57.624252 -17.608860 -10.866191 -21.173008 1.580438 -1.907689 -0.188563 0.000000 0.000000 0.000002 -18.060858 -45.186680 -25.438091 0.498813 0.621560 48.673935 15.691402 -18.325083 -5.278231 -1.443238 0.887115 1.534693 0.000000 0.000000 -0.000001 
2.121994 86.275139 -1.585177 -4.701880 27.511320 -4.166757 0.518755 1.382193 8.897081 -0.609131 4.089787 -1.393664 0.455594 3.617576 13.286937 17.073494 -7.885268 16.885788 -4.373770 -13.537976 -3.235610 0.268350 -17.356211 -2.343004 0.000077 -0.000023 0.000005 0.084957 -0.101067 -0.101364 0.807767 -3.852697 -10.667364 -0.657772 3.660624 -10.751129 -5.245642 -4.786991 9.425140 -57.021046 -32.530582 19.948591 179.285965 -54.788982 -179.728180 7.932651 4.695285 34.973385 -5.882101 9.861279 0.702588 -10.936858 -0.360574 7.156198 -0.000000 8.774814 -0.000001 -16.022636 17.958208 5.976402 -1.844032 2.498503 -2.507275 -10.163589 4.678941 4.621104 -20.975996 -0.000004 0.000002 -21.226255 2.451692 -3.593994 0.000003 -0.000005 0.000000 -1.362681 2.240796 -0.746323 -21.334887 0.584909 3.008320 -13.821194 0.000000 0.000002 -23.887129 -0.249079 -0.839482 -60.321072 2.532501 -1.375684 -0.294026 1.679685 0.833255 -14.218192 0.093215 1.300577 -34.212006 -0.287564 0.967168 -20.033176 0.964536 1.212841 0.000001 0.000001 0.000001 -3.440387 0.788231 0.501655 -15.928165 -3.167307 2.999703 -6.338817 -0.000001 0.000002 -18.123413 3.648176 -4.905662 -0.000003 0.000001 0.000000 -3.270109 26.555784 3.048990 45.250519 41.017227 -41.256668 -173.089020 83.075302 -172.528992 -33.841396 -0.954297 -80.859100 2.243540 -5.255032 -3.180155 14.282873 -0.826594 6.952496 -0.000002 -12.690590 0.000000 16.279739 -17.187157 3.004062 1.665664 -1.955920 -2.878296 4.727797 -4.170583 4.993918 11.020509 0.000002 -0.000001 12.109030 -3.735710 -2.866779 0.000000 -0.000000 -0.000000 1.291984 -1.928548 -1.498088 14.800111 0.567467 3.865605 14.242553 -1.341735 -6.660648 19.631939 0.143924 -0.648243 50.620663 -0.673856 -6.020650 0.353029 -1.511149 -0.031940 20.222767 3.684304 2.316629 18.787245 0.000003 0.000000 10.751610 -0.479868 1.397904 0.000000 0.000000 0.000000 3.273804 0.305946 -0.580110 21.486788 11.830360 2.266132 8.162916 0.000001 0.000000 18.399050 -3.798980 -4.940566 0.000003 0.000000 -0.000001 21.988420 17.745811 -28.182119 -0.569261 -0.683875 58.192245 -17.276779 -11.061270 -21.451551 1.578681 -1.897135 -0.190192 0.000000 0.000000 0.000002 -18.406424 -45.524136 -25.036053 0.532927 0.670326 48.573612 15.781887 -18.290436 -5.256170 -1.443850 0.881551 1.502749 -0.000000 -0.000000 -0.000001 
2.401869 86.194908 -1.593007 -4.875057 27.950834 -4.167986 0.468400 1.408061 8.938066 -0.624059 4.127709 -1.366659 0.482789 3.752662 13.349698 17.136539 -7.941915 16.981949 -4.386142 -13.437469 -3.239058 0.210553 -17.393129 -2.070818 0.000077 -0.000023 0.000006 0.088542 -0.102789 -0.108307 0.800963 -3.858654 -10.652922 -0.655188 3.657972 -10.741601 -5.252412 -4.610266 9.460475 -56.608295 -32.529568 19.835142 179.219269 -54.593235 -179.672318 7.812907 4.805028 35.133896 -5.882102 9.861278 0.702590 -10.936860 -0.360575 7.156198 0.000000 8.774812 -0.000003 -15.965030 17.951134 5.965596 -1.844032 2.498502 -2.507274 -10.163591 4.678940 4.621104 -20.975998 -0.000003 0.000002 -21.226255 2.451694 -3.593993 -0.000000 -0.000006 0.000000 -1.362681 2.240795 -0.746322 -21.334890 0.584909 3.008320 -13.821197 -0.000002 0.000003 -23.887133 -0.249076 -0.839480 -60.233017 2.515270 -1.373119 -0.294024 1.679686 0.833256 -14.218194 0.093213 1.300582 -34.212006 -0.287562 0.967173 -20.033180 0.964537 1.212842 0.000000 0.000001 0.000001 -3.440386 0.788232 0.501655 -15.928169 -3.167306 2.999704 -6.338817 -0.000002 0.000002 -18.123415 3.648175 -4.905660 -0.000003 0.000001 -0.000001 -2.959429 26.556797 3.316577 45.390820 41.037621 -40.319283 -174.414062 82.197639 -173.931015 -34.222496 -0.702402 -80.307083 2.243541 -5.255031 -3.180155 14.282877 -0.826594 6.952496 0.000000 -12.690591 0.000000 16.329336 -17.239765 3.018898 1.665666 -1.955920 -2.878296 4.727796 -4.170582 4.993918 11.020511 0.000002 -0.000001 12.109034 -3.735711 -2.866778 0.000000 -0.000000 0.000000 1.291984 -1.928548 -1.498088 14.800114 0.567467 3.865603 14.242554 -1.341735 -6.660646 19.631939 0.143924 -0.648243 50.662640 -0.675457 -6.059049 0.353028 -1.511149 -0.031940 20.222773 3.684304 2.316628 18.787249 0.000003 0.000000 10.751611 -0.479868 1.397904 -0.000000 -0.000000 -0.000000 3.273801 0.305947 -0.580110 21.486790 11.830359 2.266130 8.162916 0.000001 -0.000000 18.399054 -3.798980 -4.940567 0.000003 0.000000 -0.000001 21.870630 17.503733 -28.629713 -0.552179 -0.699130 58.648746 -17.021645 -11.241047 -21.736395 1.580562 -1.858601 -0.188625 0.000000 -0.000000 0.000002 -18.675632 -45.771362 -24.661234 0.561467 0.698098 48.400669 15.837075 -18.201569 -5.207902 -1.445482 0.892421 1.467512 -0.000000 0.000001 -0.000001 
2.619587 86.147926 -1.660499 -5.015473 28.210003 -4.157987 0.414867 1.425750 8.991713 -0.641000 4.167140 -1.342990 0.515486 3.817256 13.395563 17.270155 -8.002892 16.978662 -4.395644 -13.347957 -3.243847 0.169310 -17.397173 -1.835103 0.000077 -0.000022 0.000006 0.099054 -0.116334 -0.118553 0.813965 -3.873345 -10.657863 -0.641176 3.642430 -10.746717 -5.259514 -4.455720 9.465949 -56.179813 -32.470692 19.749105 179.042938 -54.489895 -179.522461 7.694441 4.842875 35.330006 -5.882103 9.861279 0.702590 -10.936859 -0.360574 7.156195 0.000000 8.774815 -0.000001 -15.895923 17.938526 5.992115 -1.844032 2.498504 -2.507277 -10.163590 4.678941 4.621102 -20.975994 -0.000002 0.000001 -21.226255 2.451693 -3.593994 0.000003 -0.000007 -0.000000 -1.362681 2.240796 -0.746321 -21.334896 0.584909 3.008320 -13.821197 -0.000002 0.000001 -23.887131 -0.249079 -0.839484 -60.136868 2.512248 -1.352813 -0.294024 1.679685 0.833254 -14.218194 0.093215 1.300578 -34.212002 -0.287563 0.967168 -20.033182 0.964533 1.212841 0.000001 0.000000 -0.000000 -3.440385 0.788234 0.501653 -15.928167 -3.167306 2.999701 -6.338817 0.000000 0.000002 -18.123415 3.648176 -4.905663 -0.000004 0.000001 -0.000000 -2.682651 26.575125 3.518497 45.574993 41.056034 -39.677643 -175.112808 81.521927 -174.688309 -34.713188 -0.614150 -79.788063 2.243540 -5.255033 -3.180155 14.282877 -0.826593 6.952496 -0.000002 -12.690587 -0.000001 16.341654 -17.221142 3.025166 1.665664 -1.955920 -2.878297 4.727796 -4.170583 4.993918 11.020511 0.000003 -0.000001 12.109032 -3.735709 -2.866781 0.000000 0.000001 0.000001 1.291984 -1.928548 -1.498088 14.800114 0.567469 3.865602 14.242554 -1.341734 -6.660648 19.631939 0.143926 -0.648244 50.616634 -0.672834 -6.057745 0.353028 -1.511150 -0.031940 20.222773 3.684308 2.316628 18.787247 0.000006 -0.000000 10.751611 -0.479867 1.397904 -0.000000 -0.000000 0.000000 3.273804 0.305948 -0.580110 21.486794 11.830365 2.266132 8.162917 0.000002 -0.000001 18.399054 -3.798977 -4.940568 0.000003 0.000000 -0.000001 21.770220 17.350519 -28.981913 -0.555106 -0.703395 58.986084 -16.809980 -11.278670 -22.020092 1.580652 -1.827287 -0.153766 0.000000 -0.000000 0.000002 -18.886692 -45.909081 -24.426121 0.596748 0.734544 48.201302 15.854574 -18.096882 -4.901011 -1.444724 0.876631 1.430860 -0.000000 -0.000000 -0.000001 
2.823893 86.113029 -1.664752 -5.118715 28.319120 -4.158529 0.368042 1.453559 9.052395 -0.660320 4.146065 -1.318673 0.536811 3.863190 13.424657 17.459099 -8.075393 16.871189 -4.424881 -13.277029 -3.232618 0.138286 -17.377186 -1.624242 0.000077 -0.000023 0.000006 0.106261 -0.134690 -0.108966 0.822720 -3.884185 -10.634833 -0.636061 3.622980 -10.729447 -5.226768 -4.366959 9.491441 -55.791164 -32.294224 19.591352 178.885147 -54.377789 -179.370651 7.595697 4.798425 35.478127 -5.882101 9.861278 0.702589 -10.936859 -0.360574 7.156196 0.000001 8.774813 -0.000002 -15.857359 17.906527 6.004161 -1.844031 2.498503 -2.507274 -10.163589 4.678939 4.621104 -20.975994 -0.000006 0.000001 -21.226254 2.451691 -3.593992 0.000001 -0.000006 -0.000001 -1.362680 2.240795 -0.746324 -21.334887 0.584909 3.008320 -13.821197 -0.000002 0.000002 -23.887129 -0.249078 -0.839480 -60.079052 2.499654 -1.349889 -0.294026 1.679686 0.833254 -14.218194 0.093215 1.300580 -34.212006 -0.287562 0.967170 -20.033180 0.964536 1.212839 0.000001 0.000001 0.000000 -3.440385 0.788232 0.501657 -15.928167 -3.167306 2.999704 -6.338817 -0.000001 0.000002 -18.123413 3.648175 -4.905661 -0.000005 0.000001 -0.000000 -2.429556 26.610201 3.702370 45.836010 41.087574 -39.092728 -174.758804 80.982338 -174.395309 -35.374744 -0.574866 -79.087418 2.243539 -5.255033 -3.180155 14.282875 -0.826594 6.952495 -0.000002 -12.690590 0.000001 16.312569 -17.142536 3.051937 1.665666 -1.955920 -2.878296 4.727794 -4.170583 4.993918 11.020510 0.000003 -0.000001 12.109032 -3.735709 -2.866780 0.000000 -0.000000 -0.000000 1.291984 -1.928547 -1.498088 14.800113 0.567467 3.865602 14.242554 -1.341733 -6.660650 19.631939 0.143927 -0.648244 50.564854 -0.655245 -6.044663 0.353027 -1.511149 -0.031940 20.222769 3.684307 2.316628 18.787243 0.000005 -0.000001 10.751610 -0.479868 1.397904 0.000000 0.000000 0.000000 3.273806 0.305946 -0.580111 21.486792 11.830364 2.266130 8.162916 0.000001 -0.000000 18.399050 -3.798980 -4.940567 0.000003 0.000000 -0.000001 21.725960 17.251879 -29.139204 -0.542527 -0.689082 59.237167 -16.643829 -11.337179 -22.213079 1.582457 -1.817172 -0.130606 0.000000 -0.000000 0.000002 -18.947575 -45.922989 -24.254728 0.613876 0.751021 47.974194 15.813711 -18.036026 -4.898133 -1.443429 0.908098 1.394695 -0.000000 -0.000000 -0.000001 
2.973733 86.115540 -1.737581 -5.181310 28.270454 -4.183746 0.326112 1.470249 9.113450 -0.679172 4.118611 -1.296574 0.542063 3.904171 13.449107 17.667372 -8.130947 16.718184 -4.423053 -13.259875 -3.213239 0.132436 -17.329803 -1.445601 0.000077 -0.000023 0.000007 0.118298 -0.140826 -0.111150 0.830208 -3.896408 -10.643384 -0.625028 3.614506 -10.742665 -5.158802 -4.282686 9.478396 -55.425709 -32.069176 19.403570 178.725357 -54.244106 -179.218216 7.525112 4.726878 35.590424 -5.882102 9.861278 0.702590 -10.936859 -0.360575 7.156197 0.000000 8.774815 -0.000003 -15.825284 17.861511 6.039595 -1.844031 2.498503 -2.507276 -10.163590 4.678940 4.621103 -20.975996 -0.000004 0.000002 -21.226255 2.451692 -3.593994 -0.000000 -0.000007 0.000001 -1.362681 2.240797 -0.746323 -21.334892 0.584909 3.008319 -13.821197 -0.000003 0.000001 -23.887131 -0.249079 -0.839484 -60.011658 2.525692 -1.330608 -0.294026 1.679687 0.833255 -14.218194 0.093215 1.300579 -34.212002 -0.287565 0.967169 -20.033180 0.964534 1.212841 0.000000 0.000000 -0.000000 -3.440386 0.788232 0.501655 -15.928167 -3.167307 2.999703 -6.338817 -0.000001 0.000002 -18.123411 3.648177 -4.905663 -0.000004 0.000001 -0.000000 -2.167371 26.625618 3.881297 46.092102 41.140709 -38.631062 -174.225647 80.602333 -173.865112 -36.065609 -0.644386 -78.185326 2.243539 -5.255032 -3.180156 14.282878 -0.826593 6.952495 -0.000002 -12.690587 -0.000000 16.259487 -17.059092 3.094800 1.665667 -1.955920 -2.878297 4.727796 -4.170582 4.993918 11.020513 0.000003 -0.000001 12.109033 -3.735709 -2.866780 -0.000000 0.000000 -0.000000 1.291984 -1.928548 -1.498089 14.800114 0.567469 3.865604 14.242553 -1.341734 -6.660649 19.631941 0.143925 -0.648243 50.480743 -0.640520 -6.042600 0.353030 -1.511149 -0.031940 20.222771 3.684307 2.316628 18.787249 0.000005 -0.000000 10.751612 -0.479867 1.397904 0.000000 -0.000000 -0.000000 3.273805 0.305947 -0.580110 21.486795 11.830361 2.266132 8.162916 0.000002 -0.000000 18.399054 -3.798978 -4.940567 0.000003 -0.000000 -0.000001 21.671198 17.287853 -29.177170 -0.531176 -0.691720 59.365891 -16.527479 -11.356772 -22.285707 1.580701 -1.806769 -0.116605 0.000000 -0.000000 0.000002 -18.966171 -45.880184 -24.160820 0.630958 0.756036 47.753929 15.707561 -17.953779 -4.742721 -1.442018 0.917011 1.345170 -0.000000 0.000001 -0.000001 
3.082781 86.147255 -1.723236 -5.185369 28.088390 -4.253727 0.289290 1.482274 9.164495 -0.708734 4.122334 -1.266198 0.548036 3.889962 13.463422 17.839941 -8.189533 16.552782 -4.461705 -13.190883 -3.224889 0.148002 -17.273615 -1.213725 0.000077 -0.000023 0.000006 0.110944 -0.136778 -0.104460 0.827906 -3.887877 -10.628996 -0.630769 3.619581 -10.731580 -5.089899 -4.206822 9.440077 -55.111759 -31.783266 19.129719 178.681946 -54.109055 -179.164322 7.455807 4.621324 35.694462 -5.882103 9.861280 0.702589 -10.936861 -0.360575 7.156197 0.000000 8.774815 -0.000001 -15.802963 17.795877 6.070993 -1.844030 2.498502 -2.507275 -10.163591 4.678941 4.621105 -20.975996 -0.000002 0.000001 -21.226255 2.451696 -3.593994 0.000002 -0.000006 -0.000000 -1.362680 2.240797 -0.746320 -21.334896 0.584910 3.008319 -13.821197 -0.000000 0.000002 -23.887135 -0.249077 -0.839481 -59.976395 2.532767 -1.326185 -0.294026 1.679686 0.833257 -14.218195 0.093215 1.300578 -34.212006 -0.287561 0.967168 -20.033180 0.964535 1.212839 0.000002 0.000000 -0.000000 -3.440387 0.788232 0.501656 -15.928171 -3.167306 2.999701 -6.338817 -0.000001 0.000001 -18.123415 3.648177 -4.905661 -0.000003 0.000000 -0.000000 -1.897972 26.603809 4.069194 46.449596 41.190296 -38.147049 -173.732666 80.293877 -173.331451 -36.834324 -0.707233 -76.954391 2.243540 -5.255032 -3.180156 14.282878 -0.826593 6.952496 -0.000002 -12.690590 -0.000000 16.258972 -17.035553 3.133722 1.665663 -1.955920 -2.878297 4.727792 -4.170582 4.993918 11.020514 0.000003 -0.000001 12.109035 -3.735708 -2.866779 0.000000 -0.000000 -0.000001 1.291984 -1.928548 -1.498088 14.800117 0.567468 3.865603 14.242554 -1.341734 -6.660649 19.631941 0.143925 -0.648243 50.444901 -0.625971 -6.049591 0.353032 -1.511149 -0.031940 20.222769 3.684305 2.316627 18.787249 0.000005 -0.000001 10.751613 -0.479868 1.397904 0.000000 0.000000 0.000000 3.273805 0.305947 -0.580110 21.486794 11.830361 2.266130 8.162918 0.000001 -0.000001 18.399055 -3.798978 -4.940567 0.000003 0.000000 -0.000001 21.685572 17.412441 -28.937420 -0.535854 -0.699076 59.332607 -16.474518 -11.359897 -22.389174 1.578113 -1.793822 -0.121971 0.000000 -0.000000 0.000002 -19.011812 -45.772625 -24.047865 0.623534 0.756561 47.580231 15.606573 -17.853054 -4.556151 -1.439825 0.927197 1.276671 -0.000000 -0.000000 -0.000001 
3.194667 86.174660 -1.734437 -5.149278 27.765085 -4.382107 0.242713 1.510560 9.214128 -0.716217 4.052818 -1.240247 0.542468 3.914022 13.484345 17.959850 -8.188539 16.414061 -4.472719 -13.127812 -3.258865 0.172511 -17.170259 -0.966327 0.000077 -0.000023 0.000007 0.105531 -0.128983 -0.113247 0.823751 -3.878991 -10.642424 -0.639818 3.630107 -10.749338 -5.006399 -4.147839 9.385544 -54.816376 -31.425329 18.751841 178.713760 -53.978619 -179.167755 7.411032 4.555024 35.608337 -5.882102 9.861278 0.702588 -10.936860 -0.360576 7.156199 0.000000 8.774812 -0.000005 -15.784727 17.747616 6.085026 -1.844030 2.498503 -2.507277 -10.163592 4.678940 4.621105 -20.975998 -0.000001 0.000003 -21.226257 2.451694 -3.593995 -0.000001 -0.000006 0.000001 -1.362681 2.240796 -0.746322 -21.334894 0.584911 3.008322 -13.821197 0.000000 0.000003 -23.887133 -0.249075 -0.839482 -59.940712 2.534797 -1.306345 -0.294025 1.679686 0.833254 -14.218192 0.093214 1.300578 -34.212009 -0.287560 0.967170 -20.033184 0.964537 1.212840 0.000002 0.000000 -0.000000 -3.440385 0.788232 0.501653 -15.928169 -3.167305 2.999707 -6.338818 0.000000 0.000003 -18.123415 3.648178 -4.905661 -0.000004 0.000001 -0.000000 -1.595117 26.521578 4.267918 46.763493 41.231426 -37.641174 -173.753830 80.133125 -173.283905 -37.515934 -0.714185 -75.439789 2.243542 -5.255033 -3.180155 14.282879 -0.826594 6.952495 -0.000004 -12.690590 0.000002 16.269579 -17.023880 3.164019 1.665663 -1.955919 -2.878296 4.727792 -4.170582 4.993917 11.020514 0.000004 -0.000001 12.109035 -3.735709 -2.866779 0.000000 0.000001 0.000001 1.291986 -1.928548 -1.498088 14.800111 0.567469 3.865602 14.242556 -1.341734 -6.660648 19.631941 0.143926 -0.648244 50.424019 -0.605055 -6.063810 0.353029 -1.511149 -0.031940 20.222771 3.684307 2.316626 18.787251 0.000006 -0.000001 10.751612 -0.479867 1.397903 -0.000000 0.000000 0.000000 3.273804 0.305947 -0.580110 21.486794 11.830363 2.266129 8.162917 0.000002 -0.000001 18.399052 -3.798978 -4.940568 0.000003 0.000000 -0.000001 21.709061 17.601612 -28.551641 -0.515477 -0.689061 59.293797 -16.452282 -11.346440 -22.493801 1.576061 -1.792147 -0.129086 0.000000 0.000000 0.000002 -19.102135 -45.630390 -23.886768 0.619486 0.762075 47.401352 15.464870 -17.625134 -4.418256 -1.440547 0.918369 1.230435 -0.000000 0.000002 -0.000001 
3.259038 86.194389 -1.695890 -5.063327 27.351572 -4.544969 0.197874 1.501994 9.226027 -0.733396 4.038351 -1.210433 0.533066 3.869795 13.501975 18.010996 -8.161969 16.262938 -4.476047 -13.044003 -3.245731 0.221809 -17.039968 -0.711715 0.000077 -0.000023 0.000005 0.103015 -0.122905 -0.114251 0.821883 -3.876036 -10.659126 -0.643750 3.638592 -10.761325 -4.969736 -4.085708 9.310112 -54.505753 -31.014221 18.378046 178.706543 -53.880032 -179.076126 7.378304 4.508716 35.425404 -5.882101 9.861278 0.702588 -10.936859 -0.360574 7.156196 0.000001 8.774814 -0.000001 -15.845984 17.718481 6.059860 -1.844030 2.498502 -2.507276 -10.163589 4.678938 4.621103 -20.975996 -0.000006 0.000002 -21.226250 2.451691 -3.593992 -0.000000 -0.000006 0.000001 -1.362681 2.240796 -0.746322 -21.334894 0.584908 3.008319 -13.821195 -0.000003 0.000000 -23.887131 -0.249078 -0.839479 -59.949638 2.522763 -1.316289 -0.294024 1.679686 0.833257 -14.218190 0.093214 1.300577 -34.212002 -0.287564 0.967167 -20.033178 0.964536 1.212840 0.000002 0.000000 -0.000000 -3.440384 0.788231 0.501656 -15.928165 -3.167306 2.999703 -6.338817 0.000000 0.000001 -18.123413 3.648176 -4.905662 -0.000005 0.000001 -0.000000 -1.232831 26.408546 4.477576 47.082951 41.099651 -37.027435 -174.235992 80.130737 -173.714188 -38.025616 -0.663298 -73.605232 2.243541 -5.255033 -3.180155 14.282879 -0.826594 6.952496 -0.000002 -12.690590 -0.000001 16.348070 -17.039951 3.182944 1.665663 -1.955920 -2.878296 4.727793 -4.170582 4.993918 11.020513 0.000002 -0.000001 12.109033 -3.735710 -2.866780 -0.000001 0.000000 0.000000 1.291984 -1.928548 -1.498088 14.800111 0.567468 3.865602 14.242553 -1.341734 -6.660648 19.631939 0.143925 -0.648243 50.511784 -0.591378 -6.063554 0.353027 -1.511149 -0.031940 20.222773 3.684305 2.316628 18.787245 0.000004 -0.000001 10.751611 -0.479868 1.397904 0.000000 0.000000 0.000000 3.273805 0.305947 -0.580110 21.486788 11.830361 2.266132 8.162917 0.000001 -0.000000 18.399052 -3.798980 -4.940568 0.000003 0.000000 -0.000001 21.774895 17.822216 -28.011585 -0.503507 -0.696513 59.199112 -16.453026 -11.291194 -22.606413 1.574237 -1.811942 -0.171637 0.000000 0.000000 0.000002 -19.246067 -45.480858 -23.744410 0.630633 0.771932 47.325756 15.292956 -17.350464 -4.258749 -1.439247 0.918482 1.204277 0.000000 0.000001 -0.000001 
3.275534 86.210785 -1.650523 -4.940169 26.803057 -4.733961 0.147816 1.497540 9.230959 -0.737185 4.031710 -1.187851 0.501863 3.808131 13.523865 18.026730 -8.134117 16.160328 -4.484131 -12.933615 -3.267301 0.292662 -16.925007 -0.464656 0.000077 -0.000023 0.000005 0.102371 -0.117500 -0.107340 0.824843 -3.874489 -10.683640 -0.647073 3.646552 -10.774209 -4.967730 -3.983827 9.293032 -54.208324 -30.666878 17.946831 178.712234 -53.863861 -179.045227 7.316624 4.474463 35.286430 -5.882100 9.861278 0.702591 -10.936858 -0.360575 7.156197 0.000001 8.774813 -0.000002 -15.861295 17.712534 6.052894 -1.844030 2.498501 -2.507276 -10.163589 4.678940 4.621105 -20.975998 -0.000003 0.000003 -21.226254 2.451693 -3.593993 0.000000 -0.000006 -0.000001 -1.362681 2.240796 -0.746323 -21.334894 0.584909 3.008320 -13.821197 -0.000002 0.000002 -23.887133 -0.249077 -0.839481 -59.847595 2.498173 -1.322661 -0.294025 1.679687 0.833256 -14.218194 0.093214 1.300581 -34.212002 -0.287563 0.967171 -20.033180 0.964536 1.212842 -0.000000 0.000001 -0.000001 -3.440387 0.788232 0.501655 -15.928169 -3.167306 2.999706 -6.338817 -0.000001 0.000001 -18.123415 3.648176 -4.905661 -0.000003 0.000001 -0.000000 -0.853298 26.244585 4.697354 47.354141 40.853767 -36.358047 -174.733612 80.213203 -174.231339 -38.463459 -0.493974 -71.307838 2.243541 -5.255033 -3.180154 14.282875 -0.826595 6.952497 0.000000 -12.690592 -0.000000 16.401058 -17.096815 3.179527 1.665667 -1.955920 -2.878296 4.727796 -4.170583 4.993918 11.020512 0.000002 0.000000 12.109031 -3.735712 -2.866778 0.000000 -0.000000 0.000000 1.291984 -1.928548 -1.498087 14.800113 0.567466 3.865604 14.242551 -1.341736 -6.660646 19.631939 0.143923 -0.648242 50.541962 -0.571909 -6.051503 0.353029 -1.511149 -0.031940 20.222769 3.684304 2.316629 18.787245 0.000002 0.000001 10.751610 -0.479869 1.397904 0.000000 -0.000000 0.000000 3.273804 0.305947 -0.580110 21.486788 11.830361 2.266132 8.162916 0.000000 0.000000 18.399054 -3.798983 -4.940567 0.000003 0.000000 -0.000001 21.882627 18.055769 -27.343235 -0.503056 -0.707310 59.056381 -16.531698 -11.144498 -22.717495 1.577080 -1.799683 -0.201959 0.000000 -0.000000 0.000002 -19.361107 -45.246689 -23.683422 0.630497 0.772219 47.331841 15.135191 -17.003248 -4.109596 -1.437789 0.896378 1.185407 0.000000 0.000000 -0.000001 
3.307117 86.212387 -1.575695 -4.793065 26.141327 -4.940573 0.095045 1.498315 9.222034 -0.737023 3.987270 -1.173742 0.447456 3.767005 13.549696 18.016909 -8.081410 16.057856 -4.499522 -12.842243 -3.258631 0.382784 -16.810318 -0.265056 0.000077 -0.000023 0.000006 0.100113 -0.108624 -0.108524 0.826325 -3.865126 -10.697737 -0.652051 3.655210 -10.776126 -5.016689 -3.884312 9.265035 -53.900822 -30.315519 17.536203 178.639252 -53.908932 -178.969147 7.262591 4.462163 35.303642 -5.882102 9.861280 0.702589 -10.936860 -0.360575 7.156197 0.000001 8.774815 -0.000000 -15.864186 17.698435 6.065432 -1.844031 2.498503 -2.507276 -10.163592 4.678939 4.621106 -20.975996 -0.000003 0.000003 -21.226254 2.451693 -3.593992 0.000000 -0.000007 -0.000000 -1.362681 2.240797 -0.746323 -21.334892 0.584909 3.008322 -13.821197 -0.000000 0.000003 -23.887133 -0.249077 -0.839480 -59.856884 2.466804 -1.316401 -0.294026 1.679687 0.833255 -14.218194 0.093215 1.300580 -34.212002 -0.287562 0.967171 -20.033186 0.964534 1.212841 0.000002 -0.000001 -0.000000 -3.440386 0.788234 0.501657 -15.928169 -3.167307 2.999706 -6.338817 -0.000001 0.000001 -18.123413 3.648176 -4.905661 -0.000003 0.000001 -0.000001 -0.424441 26.055786 4.936306 47.574650 40.481266 -35.744564 -175.300674 80.337662 -174.824890 -38.827530 -0.243113 -68.714188 2.243541 -5.255033 -3.180156 14.282875 -0.826595 6.952495 -0.000003 -12.690592 -0.000000 16.410393 -17.178221 3.207518 1.665664 -1.955920 -2.878296 4.727794 -4.170584 4.993918 11.020513 0.000003 -0.000001 12.109032 -3.735712 -2.866780 0.000001 0.000000 0.000000 1.291984 -1.928548 -1.498088 14.800109 0.567466 3.865602 14.242554 -1.341736 -6.660650 19.631939 0.143925 -0.648245 50.567287 -0.560012 -6.054801 0.353030 -1.511149 -0.031940 20.222767 3.684304 2.316627 18.787245 0.000003 -0.000002 10.751610 -0.479868 1.397903 0.000000 -0.000000 -0.000000 3.273806 0.305946 -0.580109 21.486788 11.830360 2.266130 8.162916 0.000001 0.000000 18.399054 -3.798981 -4.940570 0.000003 0.000000 -0.000001 22.022877 18.309771 -26.561481 -0.491429 -0.699280 58.926456 -16.615517 -10.941280 -22.893167 1.579943 -1.807276 -0.199452 0.000000 -0.000001 0.000002 -19.479338 -44.937473 -23.675880 0.643597 0.768451 47.403576 14.949616 -16.591385 -3.956386 -1.437520 0.888267 1.208688 0.000000 0.000001 -0.000001 
3.285994 86.217003 -1.550098 -4.615997 25.371317 -5.149848 0.032526 1.479938 9.217243 -0.739883 3.930296 -1.158634 0.360947 3.713300 13.560646 17.923243 -8.014096 15.965991 -4.512519 -12.733977 -3.259916 0.484009 -16.628626 -0.150689 0.000077 -0.000022 0.000008 0.096186 -0.105505 -0.101383 0.825100 -3.857957 -10.700171 -0.660119 3.655058 -10.782553 -5.065035 -3.767263 9.231226 -53.665897 -29.991608 17.138803 178.479416 -54.030571 -178.845306 7.137747 4.429255 35.475868 -5.882102 9.861279 0.702589 -10.936858 -0.360575 7.156198 -0.000001 8.774814 -0.000001 -15.823565 17.703812 6.123582 -1.844032 2.498503 -2.507277 -10.163590 4.678940 4.621102 -20.975994 -0.000001 0.000000 -21.226254 2.451693 -3.593996 -0.000000 -0.000006 0.000000 -1.362679 2.240798 -0.746324 -21.334890 0.584912 3.008317 -13.821197 -0.000001 0.000001 -23.887131 -0.249077 -0.839484 -59.836403 2.459854 -1.314778 -0.294024 1.679685 0.833257 -14.218194 0.093218 1.300579 -34.212006 -0.287560 0.967164 -20.033180 0.964537 1.212839 0.000000 -0.000001 -0.000001 -3.440385 0.788232 0.501656 -15.928167 -3.167306 2.999703 -6.338817 0.000000 0.000001 -18.123411 3.648178 -4.905664 -0.000004 0.000001 -0.000001 0.024932 25.820040 5.224438 47.744999 39.923885 -35.247166 -175.714005 80.469757 -175.245346 -39.222935 0.039905 -65.747032 2.243542 -5.255032 -3.180155 14.282878 -0.826593 6.952496 -0.000005 -12.690591 0.000002 16.476301 -17.162939 3.185791 1.665664 -1.955919 -2.878297 4.727793 -4.170585 4.993919 11.020513 0.000004 -0.000001 12.109033 -3.735708 -2.866778 0.000002 0.000001 -0.000000 1.291984 -1.928548 -1.498087 14.800111 0.567468 3.865602 14.242554 -1.341734 -6.660648 19.631939 0.143927 -0.648243 50.533653 -0.558393 -6.034586 0.353027 -1.511149 -0.031940 20.222771 3.684308 2.316627 18.787245 0.000006 0.000000 10.751610 -0.479867 1.397904 0.000000 0.000000 0.000000 3.273804 0.305947 -0.580110 21.486794 11.830364 2.266130 8.162916 0.000002 -0.000001 18.399055 -3.798978 -4.940568 0.000003 0.000000 -0.000001 22.170231 18.611521 -25.741442 -0.504511 -0.698231 58.757450 -16.718447 -10.675646 -23.028185 1.583927 -1.816159 -0.153270 -0.000000 0.000001 0.000002 -19.525730 -44.516090 -23.759218 0.658930 0.762445 47.518078 14.776523 -16.211725 -3.880211 -1.436239 0.887845 1.229375 0.000000 0.000000 -0.000001 
3.188586 86.251068 -1.519317 -4.399561 24.524191 -5.308675 -0.062699 1.449180 9.171656 -0.750801 3.848591 -1.137745 0.230905 3.622038 13.521755 17.810932 -7.908742 15.907553 -4.506464 -12.643566 -3.261632 0.606223 -16.416725 -0.151592 0.000077 -0.000023 0.000006 0.089153 -0.107371 -0.101844 0.825201 -3.852278 -10.699780 -0.671217 3.652715 -10.769076 -5.118364 -3.634077 9.220677 -53.561535 -29.665039 16.728512 178.397446 -54.251720 -178.808960 6.980261 4.391638 35.682571 -5.882100 9.861277 0.702591 -10.936857 -0.360575 7.156196 0.000001 8.774814 0.000001 -15.818821 17.670116 6.150505 -1.844031 2.498503 -2.507277 -10.163589 4.678940 4.621103 -20.975992 -0.000004 0.000002 -21.226255 2.451691 -3.593993 -0.000001 -0.000006 0.000000 -1.362679 2.240795 -0.746322 -21.334887 0.584906 3.008320 -13.821193 -0.000002 0.000003 -23.887123 -0.249080 -0.839479 -59.825222 2.436393 -1.283173 -0.294022 1.679685 0.833255 -14.218190 0.093214 1.300580 -34.211998 -0.287565 0.967170 -20.033176 0.964536 1.212843 0.000001 0.000001 -0.000000 -3.440384 0.788231 0.501653 -15.928167 -3.167307 2.999703 -6.338815 0.000000 0.000001 -18.123411 3.648175 -4.905659 -0.000004 0.000001 -0.000001 0.598972 25.504343 5.579489 47.815369 39.015556 -35.043739 -176.357285 80.470795 -175.907578 -39.728817 0.294628 -62.127628 2.243540 -5.255033 -3.180156 14.282875 -0.826593 6.952496 -0.000003 -12.690587 -0.000000 16.500999 -17.089947 3.168319 1.665664 -1.955919 -2.878296 4.727797 -4.170583 4.993918 11.020513 0.000003 -0.000001 12.109032 -3.735710 -2.866779 0.000001 0.000000 0.000000 1.291985 -1.928548 -1.498088 14.800111 0.567469 3.865603 14.242553 -1.341735 -6.660649 19.631937 0.143926 -0.648244 50.395817 -0.579185 -6.015423 0.353028 -1.511149 -0.031940 20.222765 3.684305 2.316627 18.787243 0.000005 -0.000000 10.751609 -0.479868 1.397904 0.000000 -0.000001 0.000000 3.273803 0.305947 -0.580110 21.486788 11.830360 2.266132 8.162916 0.000002 -0.000001 18.399050 -3.798978 -4.940567 0.000003 0.000000 -0.000000 22.320755 18.945406 -24.877855 -0.494753 -0.692447 58.451813 -16.870447 -10.405507 -23.070450 1.588939 -1.805620 -0.078375 -0.000000 0.000000 0.000002 -19.483839 -44.004028 -24.001892 0.676546 0.758779 47.676075 14.628957 -15.843861 -3.643524 -1.437515 0.886680 1.241009 -0.000000 0.000001 -0.000001 
3.069602 86.325226 -1.435724 -4.167691 23.630270 -5.429073 -0.184212 1.421051 9.102803 -0.767095 3.711036 -1.121326 0.068349 3.458914 13.474687 17.658957 -7.736564 15.776647 -4.479214 -12.556415 -3.254537 0.802440 -16.191986 -0.231059 0.000077 -0.000022 0.000005 0.079036 -0.103205 -0.091044 0.816239 -3.844864 -10.705888 -0.682309 3.649184 -10.761614 -5.181915 -3.509864 9.281289 -53.520588 -29.258144 16.246111 178.272903 -54.473469 -178.748123 6.761924 4.245710 35.942181 -5.882101 9.861278 0.702590 -10.936860 -0.360574 7.156197 -0.000000 8.774813 -0.000002 -15.838512 17.631531 6.170294 -1.844030 2.498503 -2.507273 -10.163589 4.678939 4.621105 -20.975996 -0.000002 0.000001 -21.226255 2.451694 -3.593993 0.000000 -0.000006 -0.000000 -1.362682 2.240795 -0.746323 -21.334887 0.584910 3.008318 -13.821197 -0.000001 0.000001 -23.887135 -0.249077 -0.839484 -59.831005 2.398402 -1.246303 -0.294025 1.679686 0.833256 -14.218192 0.093215 1.300580 -34.212002 -0.287563 0.967167 -20.033180 0.964535 1.212839 0.000000 0.000000 0.000000 -3.440385 0.788233 0.501655 -15.928167 -3.167306 2.999703 -6.338817 -0.000001 0.000003 -18.123415 3.648177 -4.905663 -0.000003 0.000001 -0.000001 1.367787 25.088531 6.031029 47.787498 37.542461 -35.134312 -176.450134 80.305962 -176.036880 -40.309910 0.560332 -57.171692 2.243540 -5.255033 -3.180154 14.282877 -0.826595 6.952495 -0.000001 -12.690587 0.000001 16.388775 -16.914818 3.135348 1.665665 -1.955920 -2.878297 4.727792 -4.170582 4.993917 11.020511 0.000004 -0.000000 12.109034 -3.735710 -2.866779 0.000002 0.000000 -0.000000 1.291983 -1.928548 -1.498090 14.800111 0.567466 3.865603 14.242553 -1.341734 -6.660650 19.631935 0.143924 -0.648245 50.075539 -0.604797 -5.995480 0.353028 -1.511149 -0.031940 20.222769 3.684304 2.316628 18.787245 0.000004 -0.000004 10.751610 -0.479868 1.397903 0.000000 0.000001 -0.000001 3.273806 0.305947 -0.580111 21.486792 11.830361 2.266132 8.162916 0.000001 0.000000 18.399054 -3.798981 -4.940570 0.000003 0.000000 -0.000002 22.495359 19.355330 -23.922678 -0.493482 -0.693271 58.000713 -17.105824 -10.132314 -23.044798 1.590337 -1.794359 0.006147 0.000000 0.000001 0.000002 -19.353651 -43.386280 -24.272585 0.688650 0.736684 47.766224 14.501626 -15.565555 -3.652755 -1.439257 0.896018 1.237862 0.000000 0.000002 -0.000001 
2.918994 86.439453 -1.362620 -3.943626 22.778460 -5.519237 -0.332524 1.401888 9.011619 -0.774016 3.511914 -1.106371 -0.115593 3.242901 13.399630 17.507717 -7.619685 15.638250 -4.461336 -12.408303 -3.245990 1.066839 -15.946303 -0.456323 0.000077 -0.000022 0.000006 0.066760 -0.103085 -0.096842 0.806695 -3.836622 -10.710394 -0.696713 3.647699 -10.759213 -5.189531 -3.427666 9.383253 -53.684231 -28.689901 15.805406 178.233658 -54.745846 -178.749695 6.469811 4.105957 36.273731 -5.882100 9.861279 0.702590 -10.936861 -0.360574 7.156198 -0.000000 8.774813 -0.000002 -15.856348 17.615431 6.183921 -1.844030 2.498503 -2.507276 -10.163590 4.678941 4.621105 -20.975996 -0.000002 0.000005 -21.226254 2.451694 -3.593995 0.000001 -0.000006 0.000000 -1.362680 2.240799 -0.746323 -21.334887 0.584909 3.008321 -13.821197 -0.000001 0.000004 -23.887129 -0.249076 -0.839480 -59.785675 2.381240 -1.177817 -0.294026 1.679686 0.833255 -14.218192 0.093215 1.300578 -34.211998 -0.287562 0.967171 -20.033176 0.964535 1.212843 0.000000 0.000001 0.000000 -3.440386 0.788232 0.501654 -15.928167 -3.167305 2.999705 -6.338817 -0.000002 0.000002 -18.123415 3.648176 -4.905660 -0.000003 0.000001 -0.000002 2.430066 24.424189 6.581472 47.802742 35.312717 -35.565788 -176.944839 79.852058 -176.555344 -41.161621 0.911698 -50.154278 2.243540 -5.255033 -3.180156 14.282877 -0.826595 6.952497 -0.000002 -12.690590 0.000001 16.238503 -16.704082 3.033215 1.665665 -1.955920 -2.878296 4.727794 -4.170584 4.993921 11.020513 0.000002 -0.000001 12.109033 -3.735709 -2.866780 -0.000000 0.000002 -0.000002 1.291985 -1.928548 -1.498090 14.800113 0.567468 3.865602 14.242553 -1.341735 -6.660649 19.631941 0.143924 -0.648244 49.686825 -0.638307 -5.988207 0.353029 -1.511149 -0.031938 20.222769 3.684303 2.316629 18.787249 0.000004 -0.000000 10.751612 -0.479870 1.397904 0.000000 -0.000001 -0.000000 3.273806 0.305947 -0.580111 21.486788 11.830360 2.266130 8.162917 0.000001 -0.000002 18.399052 -3.798979 -4.940569 0.000003 0.000002 -0.000002 22.656443 19.787855 -23.006691 -0.489654 -0.710839 57.462803 -17.393461 -9.812336 -22.885313 1.592608 -1.794342 0.058515 0.000000 -0.000000 0.000002 -19.129326 -42.736427 -24.559683 0.681909 0.714995 47.788170 14.347727 -15.458724 -3.589008 -1.444085 0.903217 1.233230 -0.000000 0.000002 -0.000001 
2.712173 86.595604 -1.207400 -3.698952 21.944868 -5.560710 -0.496045 1.326429 8.901880 -0.793331 3.307195 -1.098531 -0.332492 2.905487 13.286224 17.332441 -7.475591 15.476835 -4.443600 -12.239946 -3.258775 1.394563 -15.684094 -0.798063 0.000077 -0.000022 0.000006 0.052540 -0.091241 -0.079812 0.796181 -3.822438 -10.713219 -0.710039 3.656584 -10.749674 -5.093955 -3.334377 9.509305 -54.073139 -27.867926 15.418301 178.246094 -55.020046 -178.767639 6.131535 4.037087 36.723179 -5.882098 9.861278 0.702590 -10.936858 -0.360575 7.156199 0.000002 8.774814 0.000000 -15.849841 17.585588 6.189192 -1.844030 2.498503 -2.507275 -10.163589 4.678939 4.621106 -20.975992 -0.000006 0.000003 -21.226250 2.451692 -3.593991 0.000000 -0.000006 -0.000000 -1.362679 2.240795 -0.746322 -21.334888 0.584906 3.008322 -13.821197 -0.000004 0.000003 -23.887129 -0.249078 -0.839478 -59.710110 2.373069 -1.094804 -0.294026 1.679686 0.833256 -14.218190 0.093214 1.300579 -34.211998 -0.287566 0.967173 -20.033175 0.964533 1.212843 0.000001 0.000001 -0.000000 -3.440384 0.788233 0.501654 -15.928164 -3.167309 2.999705 -6.338814 -0.000001 0.000001 -18.123411 3.648175 -4.905657 -0.000004 0.000001 -0.000002 3.768280 23.484070 7.196899 48.046284 32.222034 -36.334816 -177.518707 79.277740 -177.077774 -42.321728 1.259111 -41.387447 2.243538 -5.255033 -3.180156 14.282878 -0.826593 6.952496 0.000000 -12.690586 0.000000 16.111282 -16.598116 2.805342 1.665666 -1.955920 -2.878295 4.727794 -4.170583 4.993918 11.020512 0.000001 -0.000000 12.109032 -3.735711 -2.866779 0.000002 -0.000000 -0.000001 1.291985 -1.928546 -1.498086 14.800117 0.567467 3.865604 14.242553 -1.341736 -6.660646 19.631939 0.143925 -0.648243 49.524792 -0.645256 -6.002569 0.353029 -1.511148 -0.031940 20.222765 3.684304 2.316629 18.787247 0.000004 -0.000000 10.751610 -0.479868 1.397904 -0.000000 -0.000000 -0.000001 3.273804 0.305947 -0.580108 21.486790 11.830360 2.266134 8.162916 -0.000000 0.000001 18.399054 -3.798980 -4.940567 0.000003 -0.000000 -0.000001 22.861568 20.196907 -22.014343 -0.493151 -0.698174 56.751476 -17.800817 -9.496726 -22.609663 1.594172 -1.815475 0.042700 0.000000 -0.000001 0.000002 -18.863754 -42.061626 -24.819696 0.671343 0.696109 47.767357 14.165451 -15.442145 -3.634577 -1.445145 0.871585 1.219946 0.000000 0.000001 -0.000001 
2.457142 86.753174 -1.030388 -3.419130 21.122448 -5.549606 -0.648918 1.261156 8.795833 -0.819095 3.078497 -1.097047 -0.534220 2.493747 13.145496 17.149639 -7.282020 15.325617 -4.433514 -12.113226 -3.257993 1.752809 -15.472847 -1.301150 0.000077 -0.000022 0.000006 0.044821 -0.080061 -0.088353 0.785642 -3.811491 -10.729844 -0.720259 3.664456 -10.761047 -4.906536 -3.273182 9.596491 -54.633045 -26.763023 15.052056 178.370514 -55.179409 -178.847763 5.807638 4.211622 37.356277 -5.882102 9.861279 0.702590 -10.936860 -0.360575 7.156197 -0.000001 8.774813 -0.000001 -15.841888 17.543766 6.195302 -1.844031 2.498503 -2.507275 -10.163590 4.678941 4.621104 -20.975994 -0.000002 0.000003 -21.226254 2.451694 -3.593995 0.000001 -0.000006 -0.000000 -1.362681 2.240797 -0.746323 -21.334892 0.584911 3.008320 -13.821197 0.000000 0.000002 -23.887131 -0.249076 -0.839482 -59.634045 2.353261 -1.003483 -0.294024 1.679686 0.833256 -14.218192 0.093216 1.300579 -34.211998 -0.287560 0.967167 -20.033178 0.964536 1.212840 0.000001 -0.000001 -0.000001 -3.440385 0.788233 0.501656 -15.928169 -3.167304 2.999703 -6.338818 -0.000002 0.000002 -18.123415 3.648177 -4.905662 -0.000004 0.000001 -0.000001 5.219437 22.282337 7.763906 48.544205 28.382179 -37.528526 -178.776352 78.832634 -178.218552 -43.760105 1.423582 -32.440479 2.243539 -5.255032 -3.180155 14.282875 -0.826595 6.952495 -0.000001 -12.690591 0.000001 16.121254 -16.641010 2.572855 1.665666 -1.955919 -2.878297 4.727794 -4.170583 4.993918 11.020511 0.000003 -0.000001 12.109030 -3.735710 -2.866776 0.000003 -0.000002 -0.000002 1.291985 -1.928548 -1.498088 14.800111 0.567464 3.865602 14.242553 -1.341735 -6.660649 19.631937 0.143926 -0.648243 49.864471 -0.606459 -6.032201 0.353028 -1.511149 -0.031939 20.222767 3.684307 2.316626 18.787245 0.000007 -0.000001 10.751612 -0.479868 1.397903 -0.000000 0.000001 -0.000000 3.273804 0.305947 -0.580111 21.486792 11.830364 2.266129 8.162916 0.000003 0.000000 18.399054 -3.798979 -4.940567 0.000003 0.000001 -0.000001 23.039993 20.628023 -21.037376 -0.502695 -0.709342 55.966476 -18.339050 -9.131484 -22.290655 1.598847 -1.865126 0.001189 0.000000 -0.000001 0.000002 -18.582071 -41.394268 -25.095581 0.652125 0.662600 47.736401 13.990084 -15.455973 -3.919987 -1.441845 0.902534 1.256091 -0.000000 0.000001 -0.000001 
2.156156 86.920921 -0.804334 -3.106236 20.167154 -5.450161 -0.777703 1.195915 8.674902 -0.859501 2.821754 -1.114940 -0.682388 2.070982 12.958641 16.877657 -6.983291 15.096853 -4.442656 -12.028967 -3.253377 2.031214 -15.268726 -1.853501 0.000077 -0.000023 0.000006 0.034510 -0.068865 -0.058209 0.771647 -3.795666 -10.715386 -0.726170 3.676182 -10.740667 -4.746024 -3.211391 9.693228 -55.302734 -25.439140 14.582098 178.662766 -55.227726 -179.004303 5.559165 4.478126 37.917507 -5.882101 9.861278 0.702590 -10.936859 -0.360575 7.156199 0.000001 8.774812 -0.000001 -15.802183 17.506443 6.231452 -1.844031 2.498503 -2.507277 -10.163589 4.678941 4.621104 -20.975994 -0.000003 0.000002 -21.226254 2.451693 -3.593993 0.000000 -0.000006 -0.000000 -1.362681 2.240795 -0.746321 -21.334890 0.584909 3.008322 -13.821197 -0.000002 0.000002 -23.887133 -0.249080 -0.839483 -59.564941 2.374943 -0.944602 -0.294024 1.679686 0.833254 -14.218190 0.093213 1.300581 -34.211998 -0.287564 0.967170 -20.033176 0.964535 1.212842 0.000002 0.000000 -0.000000 -3.440386 0.788233 0.501655 -15.928169 -3.167304 2.999704 -6.338817 0.000000 0.000002 -18.123415 3.648175 -4.905662 -0.000002 0.000000 -0.000001 6.687123 21.011078 8.334657 49.161579 24.207651 -39.093193 179.435944 78.756783 -179.809143 -45.224396 1.163028 -25.314983 2.243540 -5.255031 -3.180155 14.282875 -0.826593 6.952497 -0.000002 -12.690586 -0.000000 16.168804 -16.859806 2.589440 1.665664 -1.955922 -2.878296 4.727794 -4.170583 4.993919 11.020511 0.000003 -0.000001 12.109032 -3.735710 -2.866780 0.000001 -0.000001 -0.000000 1.291984 -1.928550 -1.498088 14.800113 0.567466 3.865604 14.242553 -1.341739 -6.660650 19.631939 0.143926 -0.648243 50.506893 -0.637418 -6.045144 0.353029 -1.511150 -0.031940 20.222769 3.684305 2.316629 18.787245 0.000002 0.000001 10.751610 -0.479870 1.397903 0.000000 0.000002 -0.000001 3.273803 0.305946 -0.580110 21.486790 11.830361 2.266131 8.162917 0.000003 0.000000 18.399052 -3.798977 -4.940570 0.000003 0.000000 0.000000 23.282520 21.150034 -20.045557 -0.507417 -0.729353 55.101860 -18.979818 -8.735936 -21.780397 1.603756 -1.915857 -0.055240 0.000000 0.000001 0.000002 -18.196692 -40.758167 -25.518738 0.636310 0.650133 47.724098 13.832278 -15.284492 -4.061304 -1.438147 0.898429 1.260298 -0.000000 0.000001 -0.000001 
1.804483 87.076752 -0.556880 -2.797951 19.047743 -5.293552 -0.877179 1.070742 8.574569 -0.896759 2.587845 -1.135230 -0.747733 1.596123 12.749200 16.471268 -6.607845 14.822531 -4.433529 -11.929072 -3.261236 2.195266 -15.021053 -2.432621 0.000077 -0.000022 0.000006 0.022975 -0.058842 -0.041059 0.764102 -3.782268 -10.704246 -0.732165 3.682156 -10.694927 -4.577401 -3.129110 9.772459 -55.980331 -23.978573 14.042043 178.983429 -55.087753 -179.165375 5.388060 4.659393 38.461185 -5.882101 9.861278 0.702589 -10.936860 -0.360576 7.156198 0.000001 8.774813 -0.000002 -15.794779 17.471809 6.190122 -1.844031 2.498503 -2.507276 -10.163590 4.678939 4.621106 -20.975994 -0.000003 0.000003 -21.226255 2.451692 -3.593993 0.000002 -0.000006 0.000000 -1.362680 2.240795 -0.746323 -21.334892 0.584908 3.008322 -13.821197 -0.000003 0.000004 -23.887135 -0.249079 -0.839478 -59.517986 2.363442 -0.972217 -0.294024 1.679687 0.833255 -14.218194 0.093214 1.300579 -34.212002 -0.287564 0.967173 -20.033180 0.964535 1.212844 0.000000 0.000001 0.000000 -3.440387 0.788232 0.501656 -15.928167 -3.167307 2.999705 -6.338816 -0.000001 0.000002 -18.123413 3.648176 -4.905658 -0.000003 0.000000 -0.000000 8.039273 19.712448 8.834519 49.814308 20.106962 -40.828617 178.012253 79.217590 178.838669 -46.197319 0.470854 -19.939085 2.243540 -5.255034 -3.180154 14.282875 -0.826593 6.952496 -0.000002 -12.690592 0.000001 16.059309 -17.054405 2.843283 1.665666 -1.955921 -2.878296 4.727794 -4.170584 4.993919 11.020512 0.000004 -0.000001 12.109031 -3.735708 -2.866780 0.000000 0.000000 0.000000 1.291985 -1.928547 -1.498088 14.800109 0.567468 3.865603 14.242551 -1.341734 -6.660650 19.631937 0.143928 -0.648245 51.207817 -0.690065 -6.068859 0.353028 -1.511150 -0.031940 20.222771 3.684307 2.316628 18.787245 0.000006 0.000000 10.751610 -0.479869 1.397904 0.000000 0.000001 0.000000 3.273804 0.305947 -0.580110 21.486788 11.830365 2.266128 8.162916 0.000001 -0.000001 18.399055 -3.798977 -4.940569 0.000003 -0.000001 -0.000001 23.477201 21.742826 -18.948561 -0.492071 -0.752983 54.190182 -19.550287 -8.343924 -21.565590 1.610969 -1.954962 -0.144840 0.000000 0.000001 0.000002 -17.712250 -40.189083 -26.142698 0.626677 0.632552 47.828560 13.700441 -14.904541 -4.237714 -1.434333 0.895502 1.272014 0.000000 0.000000 -0.000001 
1.453801 87.206802 -0.278913 -2.493456 17.685047 -5.113262 -0.938170 0.965442 8.512903 -0.923184 2.274144 -1.165253 -0.731143 1.124505 12.536695 15.956473 -6.133492 14.479754 -4.405155 -11.784157 -3.256876 2.218503 -14.761112 -3.045437 0.000077 -0.000022 0.000004 0.020068 -0.051738 -0.035769 0.756880 -3.775594 -10.673699 -0.733243 3.687032 -10.669089 -4.398448 -3.062528 9.830477 -56.654278 -22.432226 13.326547 179.546021 -54.796333 -179.559753 5.277607 4.752025 38.855354 -5.882099 9.861278 0.702589 -10.936858 -0.360578 7.156197 0.000002 8.774813 -0.000002 -15.800578 17.469412 6.146159 -1.844030 2.498503 -2.507277 -10.163589 4.678938 4.621104 -20.975994 -0.000006 0.000002 -21.226254 2.451690 -3.593992 0.000001 -0.000007 -0.000000 -1.362679 2.240796 -0.746322 -21.334888 0.584904 3.008321 -13.821193 -0.000004 0.000003 -23.887129 -0.249082 -0.839475 -59.530380 2.377983 -1.016533 -0.294024 1.679685 0.833254 -14.218190 0.093214 1.300579 -34.211998 -0.287568 0.967171 -20.033178 0.964532 1.212845 0.000002 0.000001 0.000001 -3.440385 0.788232 0.501655 -15.928167 -3.167307 2.999703 -6.338817 -0.000002 0.000002 -18.123413 3.648172 -4.905659 -0.000003 0.000000 -0.000001 9.224345 18.494392 9.286884 50.370792 16.367594 -42.569031 177.198074 80.343636 178.021790 -46.422314 -0.523230 -15.834271 2.243540 -5.255033 -3.180156 14.282877 -0.826596 6.952496 -0.000003 -12.690588 -0.000000 15.779478 -17.164009 3.120949 1.665665 -1.955920 -2.878298 4.727794 -4.170583 4.993917 11.020511 0.000003 -0.000002 12.109033 -3.735708 -2.866781 0.000000 -0.000001 -0.000000 1.291984 -1.928548 -1.498088 14.800109 0.567468 3.865604 14.242553 -1.341734 -6.660649 19.631937 0.143926 -0.648243 51.479023 -0.674847 -6.158907 0.353027 -1.511150 -0.031940 20.222765 3.684307 2.316628 18.787245 0.000005 0.000001 10.751610 -0.479867 1.397905 0.000000 0.000001 0.000000 3.273805 0.305946 -0.580110 21.486790 11.830360 2.266131 8.162916 0.000001 -0.000000 18.399052 -3.798979 -4.940567 0.000003 0.000000 -0.000000 23.747660 22.367266 -17.797588 -0.511201 -0.774806 53.347027 -20.081642 -7.822678 -21.355078 1.615020 -1.976587 -0.242109 0.000000 -0.000000 0.000002 -17.082918 -39.581600 -26.960966 0.599476 0.590915 48.039696 13.536274 -14.409968 -4.558761 -1.432760 0.913551 1.276322 0.000000 0.000001 -0.000001 
1.060435 87.299911 -0.009962 -2.177267 16.100546 -4.905615 -0.979420 0.860863 8.481598 -0.935097 1.979776 -1.183839 -0.659190 0.648035 12.314748 15.369663 -5.613159 14.047399 -4.334250 -11.694112 -3.244548 2.113769 -14.437237 -3.616935 0.000077 -0.000022 0.000004 0.016079 -0.051606 -0.036066 0.755302 -3.777721 -10.656281 -0.739681 3.685583 -10.636441 -4.185484 -3.015059 9.861292 -57.289795 -20.997667 12.486129 -179.701874 -54.508266 179.855713 5.137587 4.847749 38.955036 -5.882101 9.861278 0.702592 -10.936858 -0.360575 7.156196 0.000000 8.774812 -0.000002 -15.771382 17.535141 6.134914 -1.844030 2.498502 -2.507275 -10.163589 4.678937 4.621102 -20.975992 -0.000003 0.000001 -21.226248 2.451691 -3.593994 0.000000 -0.000006 -0.000000 -1.362679 2.240797 -0.746325 -21.334887 0.584908 3.008319 -13.821192 -0.000002 0.000003 -23.887129 -0.249080 -0.839483 -59.585106 2.395184 -1.070504 -0.294024 1.679686 0.833256 -14.218192 0.093214 1.300578 -34.212002 -0.287565 0.967167 -20.033175 0.964536 1.212840 0.000003 -0.000000 -0.000000 -3.440384 0.788232 0.501653 -15.928167 -3.167305 2.999702 -6.338816 0.000000 0.000000 -18.123411 3.648175 -4.905662 -0.000003 -0.000000 -0.000003 10.178892 17.391729 9.676908 50.739075 13.241370 -44.207455 177.153503 82.238731 177.847412 -45.915310 -1.372142 -12.879124 2.243540 -5.255030 -3.180156 14.282877 -0.826594 6.952497 -0.000003 -12.690590 -0.000000 15.507862 -17.157522 3.274128 1.665665 -1.955920 -2.878296 4.727795 -4.170585 4.993918 11.020511 0.000003 0.000000 12.109033 -3.735709 -2.866778 0.000000 -0.000001 -0.000000 1.291983 -1.928547 -1.498088 14.800114 0.567466 3.865603 14.242553 -1.341733 -6.660647 19.631939 0.143924 -0.648243 51.320732 -0.645902 -6.271257 0.353028 -1.511148 -0.031939 20.222769 3.684305 2.316628 18.787245 0.000005 0.000000 10.751610 -0.479867 1.397903 0.000001 -0.000000 0.000002 3.273805 0.305947 -0.580110 21.486794 11.830363 2.266131 8.162918 -0.000002 -0.000001 18.399054 -3.798980 -4.940567 0.000003 0.000000 0.000000 24.039045 23.051828 -16.575062 -0.500066 -0.817462 52.512451 -20.605591 -7.163156 -21.241970 1.621160 -1.996674 -0.340955 -0.000000 -0.000001 0.000002 -16.353821 -38.947792 -28.007580 0.583061 0.530990 48.403130 13.249622 -13.739183 -4.748774 -1.430953 0.915926 1.263292 0.000000 0.000000 -0.000001 
0.676051 87.364700 0.275749 -1.877715 14.424400 -4.686718 -0.994927 0.755325 8.469197 -0.939841 1.673806 -1.212161 -0.530846 0.251695 12.122524 14.837390 -5.154895 13.631275 -4.291522 -11.584518 -3.241695 1.973805 -14.165270 -4.093859 0.000077 -0.000023 0.000006 0.011139 -0.045080 -0.024661 0.753127 -3.768692 -10.628601 -0.745250 3.686862 -10.602696 -3.954362 -3.043506 9.956251 -57.800488 -19.825111 11.693280 -179.087845 -54.311150 179.306976 5.008372 4.937514 38.881405 -5.882099 9.861276 0.702590 -10.936858 -0.360576 7.156198 0.000002 8.774814 -0.000002 -15.790277 17.616400 6.106546 -1.844031 2.498503 -2.507276 -10.163589 4.678939 4.621105 -20.975992 -0.000007 0.000004 -21.226248 2.451690 -3.593991 0.000000 -0.000006 -0.000001 -1.362680 2.240795 -0.746325 -21.334887 0.584905 3.008322 -13.821194 -0.000006 0.000004 -23.887125 -0.249081 -0.839479 -59.585495 2.424177 -1.096727 -0.294024 1.679687 0.833255 -14.218190 0.093213 1.300580 -34.212006 -0.287569 0.967174 -20.033175 0.964535 1.212847 0.000002 0.000000 0.000000 -3.440384 0.788231 0.501654 -15.928167 -3.167309 2.999706 -6.338816 -0.000002 0.000002 -18.123411 3.648174 -4.905661 -0.000003 0.000002 -0.000003 10.849300 16.458408 9.895079 50.907898 10.860441 -45.639778 176.275177 84.678360 176.792664 -45.057667 -1.963153 -11.012820 2.243541 -5.255033 -3.180155 14.282877 -0.826592 6.952494 -0.000003 -12.690590 0.000000 15.422447 -17.097324 3.270094 1.665666 -1.955920 -2.878297 4.727792 -4.170584 4.993918 11.020513 0.000002 -0.000003 12.109033 -3.735710 -2.866781 0.000000 0.000000 -0.000001 1.291986 -1.928549 -1.498088 14.800111 0.567468 3.865602 14.242553 -1.341735 -6.660648 19.631939 0.143926 -0.648246 50.990849 -0.614860 -6.353160 0.353027 -1.511150 -0.031941 20.222773 3.684304 2.316627 18.787247 0.000006 -0.000002 10.751612 -0.479867 1.397905 0.000001 0.000002 0.000001 3.273803 0.305946 -0.580110 21.486790 11.830361 2.266129 8.162916 0.000000 -0.000002 18.399052 -3.798977 -4.940570 0.000003 0.000001 -0.000003 24.459354 23.664698 -15.299633 -0.495573 -0.862699 51.688236 -21.159395 -6.418326 -20.977913 1.625830 -1.986211 -0.386150 0.000000 -0.000001 0.000002 -15.570648 -38.294407 -29.166258 0.543866 0.495343 48.859577 12.852879 -12.991353 -4.845795 -1.428744 0.912740 1.243607 0.000000 0.000001 -0.000001 
0.289968 87.411026 0.533744 -1.582000 12.656515 -4.456993 -0.986938 0.629850 8.460393 -0.942855 1.381934 -1.237400 -0.365285 -0.122701 11.941648 14.374491 -4.802571 13.263331 -4.234151 -11.445169 -3.244803 1.753690 -13.891244 -4.488142 0.000077 -0.000023 0.000006 0.014004 -0.056902 -0.012248 0.754976 -3.773243 -10.614207 -0.741331 3.677560 -10.599200 -3.714149 -3.100878 10.063230 -58.219715 -18.913488 10.869809 -178.480148 -54.170250 178.739304 4.899650 5.042621 38.617104 -5.882102 9.861280 0.702590 -10.936858 -0.360574 7.156197 0.000000 8.774817 -0.000001 -15.811711 17.708319 6.100492 -1.844031 2.498501 -2.507277 -10.163589 4.678940 4.621105 -20.975996 -0.000003 0.000004 -21.226257 2.451693 -3.593994 0.000002 -0.000006 -0.000000 -1.362680 2.240797 -0.746324 -21.334892 0.584908 3.008320 -13.821197 -0.000002 0.000005 -23.887131 -0.249078 -0.839481 -59.632595 2.445099 -1.077420 -0.294024 1.679686 0.833256 -14.218194 0.093216 1.300581 -34.212006 -0.287564 0.967171 -20.033178 0.964536 1.212841 0.000002 0.000001 0.000002 -3.440386 0.788233 0.501655 -15.928167 -3.167305 2.999704 -6.338817 -0.000001 0.000001 -18.123413 3.648179 -4.905661 -0.000003 0.000001 -0.000001 11.305314 15.720062 10.054499 50.991982 9.171991 -46.768475 172.990753 87.292740 173.264893 -44.070797 -2.209586 -9.898347 2.243539 -5.255032 -3.180155 14.282878 -0.826591 6.952497 -0.000003 -12.690592 -0.000000 15.458426 -16.930914 3.162447 1.665665 -1.955919 -2.878296 4.727794 -4.170583 4.993918 11.020512 0.000003 0.000001 12.109034 -3.735710 -2.866779 -0.000000 0.000000 -0.000000 1.291983 -1.928548 -1.498088 14.800114 0.567469 3.865604 14.242553 -1.341734 -6.660648 19.631939 0.143925 -0.648242 50.587631 -0.570711 -6.372591 0.353028 -1.511149 -0.031939 20.222767 3.684307 2.316629 18.787245 0.000004 -0.000000 10.751611 -0.479867 1.397904 -0.000000 0.000000 0.000000 3.273803 0.305947 -0.580110 21.486795 11.830363 2.266135 8.162919 0.000003 -0.000000 18.399054 -3.798978 -4.940566 0.000003 -0.000001 -0.000000 24.767952 24.252140 -14.027562 -0.483067 -0.903228 50.864426 -21.597353 -5.584233 -20.999210 1.631898 -1.955341 -0.405983 0.000000 0.000000 0.000002 -14.748342 -37.618294 -30.365374 0.534654 0.453569 49.299122 12.356790 -12.233949 -4.994717 -1.426884 0.909916 1.222641 0.000000 0.000001 -0.000001 
-0.116270 87.471855 0.836291 -1.281657 10.835327 -4.200777 -0.962331 0.524024 8.432199 -0.936455 1.065737 -1.266891 -0.178907 -0.465321 11.765990 13.999877 -4.580400 12.931248 -4.154140 -11.265012 -3.256610 1.466795 -13.615396 -4.792353 0.000077 -0.000022 0.000004 0.010497 -0.048678 -0.007111 0.749860 -3.772029 -10.590229 -0.739029 3.679938 -10.582033 -3.481902 -3.208684 10.170895 -58.532848 -18.219540 10.058050 -177.952393 -54.167877 178.206299 4.860175 5.101177 38.209599 -5.882102 9.861279 0.702590 -10.936859 -0.360574 7.156196 0.000000 8.774814 -0.000001 -15.863433 17.797319 6.109598 -1.844030 2.498502 -2.507277 -10.163589 4.678940 4.621102 -20.975994 -0.000002 0.000001 -21.226255 2.451694 -3.593995 0.000000 -0.000005 -0.000000 -1.362680 2.240796 -0.746323 -21.334892 0.584909 3.008319 -13.821197 -0.000001 0.000003 -23.887131 -0.249079 -0.839484 -59.698090 2.502546 -1.044162 -0.294025 1.679685 0.833256 -14.218190 0.093216 1.300578 -34.212006 -0.287562 0.967166 -20.033176 0.964535 1.212841 0.000001 -0.000000 0.000002 -3.440385 0.788234 0.501656 -15.928167 -3.167305 2.999701 -6.338815 -0.000002 0.000001 -18.123415 3.648177 -4.905663 -0.000004 0.000001 -0.000003 11.636379 15.135923 10.136159 50.980183 7.994244 -47.622669 106.033424 89.619987 106.063438 -42.966015 -2.180210 -9.205569 2.243539 -5.255033 -3.180155 14.282873 -0.826593 6.952496 -0.000002 -12.690591 0.000001 15.549763 -16.788607 3.024752 1.665667 -1.955918 -2.878296 4.727791 -4.170583 4.993918 11.020511 0.000003 -0.000001 12.109028 -3.735709 -2.866780 0.000000 -0.000000 -0.000001 1.291984 -1.928548 -1.498088 14.800111 0.567468 3.865604 14.242553 -1.341733 -6.660648 19.631937 0.143927 -0.648243 50.251389 -0.548150 -6.381490 0.353028 -1.511150 -0.031940 20.222773 3.684307 2.316626 18.787245 0.000005 -0.000000 10.751610 -0.479867 1.397904 0.000000 0.000000 -0.000000 3.273805 0.305947 -0.580111 21.486788 11.830363 2.266128 8.162914 0.000002 -0.000000 18.399050 -3.798979 -4.940567 0.000003 -0.000000 -0.000001 25.061424 24.800156 -12.688749 -0.465476 -0.948482 49.949089 -22.049412 -4.725492 -21.044748 1.638162 -1.943661 -0.400943 -0.000000 0.000000 0.000002 -13.789371 -36.863594 -31.595562 0.499058 0.424164 49.742466 11.798148 -11.521950 -5.351448 -1.424186 0.885188 1.211053 0.000000 0.000001 -0.000001 
-0.499195 87.558685 1.132382 -0.971817 8.988081 -3.925420 -0.917343 0.397222 8.389576 -0.920964 0.745808 -1.294508 0.007760 -0.788279 11.607257 13.730649 -4.465775 12.648187 -4.033591 -11.105493 -3.297097 1.139317 -13.313738 -5.013490 0.000077 -0.000023 0.000006 0.021747 -0.062255 -0.011678 0.752716 -3.767046 -10.571376 -0.729382 3.661282 -10.564054 -3.267107 -3.403970 10.303669 -58.706715 -17.750324 9.196153 -177.613297 -54.219887 177.842804 4.837119 5.163413 37.843536 -5.882099 9.861276 0.702592 -10.936858 -0.360575 7.156197 0.000001 8.774813 -0.000000 -15.922010 17.868711 6.101373 -1.844031 2.498503 -2.507276 -10.163589 4.678940 4.621106 -20.975992 -0.000004 0.000005 -21.226246 2.451693 -3.593992 0.000000 -0.000006 0.000000 -1.362680 2.240798 -0.746322 -21.334887 0.584909 3.008322 -13.821197 -0.000001 0.000005 -23.887123 -0.249079 -0.839477 -59.715336 2.554825 -1.018026 -0.294025 1.679685 0.833256 -14.218192 0.093213 1.300581 -34.211998 -0.287563 0.967173 -20.033176 0.964534 1.212843 0.000003 0.000000 0.000000 -3.440386 0.788231 0.501656 -15.928165 -3.167305 2.999707 -6.338815 -0.000002 0.000002 -18.123411 3.648176 -4.905659 -0.000004 0.000002 -0.000001 11.860690 14.678588 10.127528 50.979153 7.195202 -48.180935 9.492070 87.829300 9.358189 -41.705601 -1.928065 -8.486777 2.243538 -5.255033 -3.180156 14.282878 -0.826592 6.952495 -0.000003 -12.690590 -0.000001 15.673477 -16.707121 2.877409 1.665665 -1.955920 -2.878296 4.727796 -4.170583 4.993917 11.020511 0.000003 -0.000001 12.109035 -3.735709 -2.866781 0.000000 -0.000000 -0.000001 1.291985 -1.928548 -1.498088 14.800114 0.567469 3.865602 14.242556 -1.341733 -6.660650 19.631941 0.143928 -0.648244 49.969254 -0.553562 -6.368276 0.353030 -1.511150 -0.031940 20.222771 3.684308 2.316626 18.787247 0.000007 -0.000003 10.751612 -0.479866 1.397902 -0.000000 0.000000 -0.000000 3.273805 0.305946 -0.580111 21.486797 11.830365 2.266129 8.162916 0.000002 -0.000002 18.399054 -3.798977 -4.940569 0.000002 0.000000 -0.000001 25.269505 25.276026 -11.332042 -0.431334 -0.972162 48.956638 -22.453110 -3.840896 -21.070318 1.647184 -1.922792 -0.411911 -0.000000 -0.000001 0.000002 -12.957544 -36.091831 -32.752274 0.480141 0.393692 50.082706 11.306007 -10.780578 -5.474191 -1.422455 0.853686 1.234597 -0.000000 0.000002 -0.000001 
-0.826523 87.628632 1.417928 -0.670677 7.232874 -3.667849 -0.844107 0.280314 8.349840 -0.894645 0.454631 -1.321578 0.176917 -1.124884 11.458978 13.593056 -4.414804 12.420212 -3.935140 -10.995322 -3.306134 0.836630 -13.038277 -5.163891 0.000077 -0.000021 0.000006 0.027641 -0.067849 -0.017820 0.761833 -3.777380 -10.574793 -0.718461 3.653315 -10.572641 -3.102106 -3.633683 10.442963 -58.714920 -17.471367 8.441113 -177.510330 -54.285553 177.723816 4.855092 5.280400 37.463818 -5.882101 9.861279 0.702590 -10.936858 -0.360576 7.156199 0.000000 8.774814 -0.000002 -15.974516 17.934246 6.116558 -1.844030 2.498502 -2.507277 -10.163589 4.678941 4.621104 -20.975992 -0.000004 0.000002 -21.226248 2.451693 -3.593992 0.000001 -0.000005 -0.000000 -1.362680 2.240797 -0.746323 -21.334892 0.584909 3.008321 -13.821197 -0.000002 0.000003 -23.887129 -0.249076 -0.839482 -59.732185 2.615205 -1.000687 -0.294025 1.679687 0.833256 -14.218192 0.093215 1.300578 -34.211998 -0.287563 0.967170 -20.033176 0.964535 1.212842 0.000002 0.000002 0.000000 -3.440385 0.788232 0.501657 -15.928165 -3.167307 2.999702 -6.338817 -0.000001 0.000001 -18.123413 3.648173 -4.905661 -0.000005 0.000003 -0.000002 12.012930 14.341901 10.114453 50.964474 6.702798 -48.505421 5.125315 86.189102 4.879318 -40.534008 -1.608452 -7.717907 2.243541 -5.255031 -3.180155 14.282878 -0.826593 6.952499 -0.000002 -12.690590 0.000002 15.829720 -16.673412 2.749614 1.665665 -1.955921 -2.878297 4.727791 -4.170583 4.993920 11.020514 0.000004 0.000000 12.109032 -3.735710 -2.866779 0.000002 0.000000 -0.000000 1.291984 -1.928547 -1.498087 14.800111 0.567467 3.865604 14.242553 -1.341733 -6.660647 19.631941 0.143926 -0.648242 49.741203 -0.604090 -6.313378 0.353028 -1.511148 -0.031940 20.222769 3.684306 2.316629 18.787245 0.000004 -0.000000 10.751612 -0.479868 1.397904 0.000000 -0.000000 -0.000001 3.273802 0.305947 -0.580110 21.486794 11.830361 2.266132 8.162916 0.000002 0.000001 18.399054 -3.798978 -4.940566 0.000003 0.000000 -0.000001 25.391836 25.685081 -10.052574 -0.402552 -1.014314 48.033474 -22.799778 -2.962317 -21.129963 1.656544 -1.919664 -0.454445 0.000000 0.000000 0.000002 -12.234426 -35.335590 -33.807297 0.459560 0.372447 50.393730 10.919623 -10.077122 -5.594127 -1.422331 0.839636 1.230581 -0.000000 0.000001 -0.000001 
-1.137944 87.681145 1.680218 -0.361129 5.698981 -3.435653 -0.760736 0.153218 8.309449 -0.859683 0.196427 -1.341522 0.309576 -1.469330 11.322960 13.572418 -4.416697 12.229990 -3.864954 -10.939614 -3.336559 0.573246 -12.819143 -5.277224 0.000077 -0.000023 0.000007 0.032760 -0.079220 -0.024024 0.760253 -3.784372 -10.569452 -0.709137 3.635654 -10.573374 -2.952478 -3.864220 10.516539 -58.598846 -17.402849 7.823378 -177.530075 -54.365059 177.761688 4.840405 5.386140 37.077168 -5.882101 9.861278 0.702590 -10.936858 -0.360575 7.156196 0.000000 8.774814 -0.000001 -16.004246 18.022671 6.120240 -1.844031 2.498501 -2.507274 -10.163589 4.678940 4.621104 -20.975996 -0.000005 0.000004 -21.226254 2.451688 -3.593991 0.000000 -0.000006 -0.000000 -1.362681 2.240796 -0.746321 -21.334887 0.584909 3.008320 -13.821193 -0.000004 0.000002 -23.887125 -0.249081 -0.839481 -59.747440 2.689330 -1.013774 -0.294025 1.679686 0.833256 -14.218190 0.093215 1.300579 -34.211998 -0.287565 0.967169 -20.033176 0.964536 1.212842 0.000001 -0.000001 -0.000000 -3.440385 0.788232 0.501654 -15.928165 -3.167306 2.999701 -6.338815 0.000001 0.000001 -18.123413 3.648179 -4.905662 -0.000005 -0.000000 -0.000002 12.116362 14.096398 10.030575 50.913654 6.369701 -48.752930 3.239608 85.097870 3.012426 -39.452766 -1.301787 -6.850114 2.243541 -5.255031 -3.180154 14.282878 -0.826593 6.952495 -0.000003 -12.690587 0.000001 16.016687 -16.709551 2.635609 1.665666 -1.955919 -2.878297 4.727795 -4.170584 4.993918 11.020514 0.000003 -0.000002 12.109034 -3.735708 -2.866779 0.000002 0.000001 -0.000001 1.291985 -1.928547 -1.498089 14.800113 0.567468 3.865602 14.242556 -1.341733 -6.660649 19.631941 0.143928 -0.648244 49.552502 -0.658232 -6.272367 0.353029 -1.511149 -0.031940 20.222773 3.684308 2.316627 18.787249 0.000005 -0.000002 10.751613 -0.479867 1.397902 0.000000 0.000000 -0.000000 3.273805 0.305947 -0.580110 21.486792 11.830365 2.266129 8.162917 0.000001 -0.000002 18.399055 -3.798978 -4.940568 0.000003 0.000000 -0.000001 25.436138 26.000223 -8.930887 -0.406030 -1.065002 47.206165 -23.089207 -2.134667 -21.152575 1.666861 -1.928225 -0.533214 0.000000 0.000001 0.000002 -11.653018 -34.724453 -34.709366 0.444478 0.347829 50.667892 10.569401 -9.391159 -5.788041 -1.420077 0.797877 1.226032 -0.000000 0.000002 -0.000001 
-1.419313 87.687752 1.882134 -0.036547 4.404031 -3.235436 -0.683181 0.038397 8.289078 -0.816548 -0.027849 -1.360967 0.411450 -1.808494 11.197965 13.637641 -4.453209 12.071499 -3.826013 -10.901681 -3.349623 0.344227 -12.666413 -5.347491 0.000077 -0.000022 0.000007 0.037501 -0.084682 -0.030926 0.761660 -3.787274 -10.584911 -0.698785 3.627971 -10.588577 -2.815688 -4.119361 10.550014 -58.346657 -17.598839 7.253172 -177.543686 -54.486118 177.815109 4.775081 5.461125 36.683006 -5.882099 9.861276 0.702592 -10.936858 -0.360575 7.156197 0.000001 8.774814 -0.000001 -16.044521 18.079548 6.066892 -1.844031 2.498503 -2.507277 -10.163589 4.678938 4.621106 -20.975994 -0.000005 0.000005 -21.226255 2.451693 -3.593991 0.000000 -0.000006 -0.000001 -1.362680 2.240796 -0.746325 -21.334892 0.584908 3.008321 -13.821193 -0.000004 0.000004 -23.887129 -0.249079 -0.839480 -59.771542 2.749290 -1.005660 -0.294024 1.679686 0.833252 -14.218190 0.093212 1.300581 -34.211998 -0.287563 0.967173 -20.033175 0.964534 1.212843 0.000003 0.000000 0.000001 -3.440385 0.788232 0.501656 -15.928165 -3.167308 2.999705 -6.338817 -0.000001 0.000003 -18.123413 3.648175 -4.905658 -0.000004 -0.000000 -0.000003 12.172928 13.956758 9.912243 50.749615 6.138781 -49.114601 2.446119 84.451859 2.223094 -38.620922 -0.997803 -5.904166 2.243540 -5.255032 -3.180155 14.282878 -0.826592 6.952494 -0.000003 -12.690588 0.000001 16.159834 -16.779961 2.560720 1.665667 -1.955920 -2.878298 4.727794 -4.170582 4.993917 11.020513 0.000004 -0.000000 12.109030 -3.735708 -2.866779 -0.000001 0.000001 -0.000000 1.291984 -1.928548 -1.498088 14.800114 0.567469 3.865604 14.242554 -1.341733 -6.660649 19.631941 0.143927 -0.648242 49.463223 -0.678013 -6.245069 0.353029 -1.511150 -0.031940 20.222773 3.684308 2.316628 18.787249 0.000006 -0.000002 10.751612 -0.479866 1.397904 0.000000 0.000000 0.000001 3.273805 0.305948 -0.580111 21.486794 11.830365 2.266131 8.162917 0.000003 -0.000001 18.399054 -3.798976 -4.940566 0.000003 0.000000 -0.000001 25.383472 26.232422 -8.046977 -0.385579 -1.089008 46.584393 -23.334951 -1.454605 -21.101431 1.673566 -1.935273 -0.632990 -0.000000 0.000000 0.000002 -11.233591 -34.144501 -35.569176 0.425243 0.328289 51.068356 10.301212 -8.841325 -5.949398 -1.418414 0.794733 1.215060 -0.000000 0.000001 -0.000001 
-1.599620 87.635216 2.050265 0.275134 3.359288 -3.072615 -0.604294 -0.068927 8.278533 -0.775640 -0.223760 -1.371131 0.515353 -2.141879 11.080149 13.771601 -4.508690 11.879763 -3.807886 -10.906160 -3.372962 0.135671 -12.578956 -5.377903 0.000077 -0.000022 0.000007 0.038620 -0.077704 -0.030450 0.751247 -3.787443 -10.592884 -0.688797 3.630054 -10.600934 -2.682681 -4.404724 10.507857 -57.984200 -18.066282 6.758021 -177.518219 -54.652512 177.839966 4.647980 5.479546 36.215221 -5.882100 9.861277 0.702592 -10.936858 -0.360577 7.156197 0.000001 8.774814 -0.000002 -16.056490 18.163548 6.066641 -1.844031 2.498504 -2.507273 -10.163589 4.678938 4.621104 -20.975994 -0.000005 0.000004 -21.226246 2.451693 -3.593992 -0.000001 -0.000007 0.000000 -1.362681 2.240798 -0.746322 -21.334888 0.584907 3.008321 -13.821192 -0.000005 0.000003 -23.887131 -0.249080 -0.839478 -59.819237 2.782303 -0.999351 -0.294024 1.679688 0.833256 -14.218190 0.093212 1.300580 -34.211998 -0.287565 0.967174 -20.033176 0.964535 1.212843 0.000001 0.000000 0.000001 -3.440385 0.788233 0.501654 -15.928167 -3.167308 2.999702 -6.338816 -0.000002 0.000002 -18.123413 3.648172 -4.905658 -0.000004 -0.000000 -0.000003 12.218695 13.880029 9.768144 50.472031 5.993769 -49.587109 0.845598 84.002617 0.641210 -38.009613 -0.702743 -4.931977 2.243540 -5.255034 -3.180154 14.282879 -0.826593 6.952496 -0.000003 -12.690590 -0.000001 16.276245 -16.824968 2.533089 1.665665 -1.955920 -2.878296 4.727796 -4.170583 4.993918 11.020510 0.000002 -0.000001 12.109034 -3.735711 -2.866780 0.000000 0.000000 -0.000001 1.291984 -1.928548 -1.498087 14.800113 0.567470 3.865602 14.242553 -1.341734 -6.660647 19.631939 0.143926 -0.648243 49.429638 -0.678620 -6.224469 0.353029 -1.511149 -0.031940 20.222773 3.684307 2.316628 18.787245 0.000005 -0.000001 10.751612 -0.479868 1.397904 -0.000000 0.000000 -0.000000 3.273805 0.305947 -0.580111 21.486794 11.830363 2.266130 8.162917 0.000002 -0.000001 18.399052 -3.798979 -4.940567 0.000003 0.000000 -0.000003 25.251764 26.446106 -7.391814 -0.379205 -1.136352 46.220409 -23.552288 -0.938798 -21.275835 1.680558 -1.942762 -0.737364 0.000000 0.000001 0.000002 -11.007790 -33.665421 -36.298462 0.421710 0.313208 51.484856 10.128966 -8.323938 -6.171357 -1.416270 0.783422 1.173121 0.000000 0.000001 -0.000001 
-1.687961 87.523521 2.143391 0.561569 2.556041 -2.959434 -0.536801 -0.152737 8.282842 -0.734590 -0.414474 -1.370759 0.619314 -2.443115 10.967251 13.934979 -4.597456 11.713948 -3.799592 -10.905583 -3.385536 -0.041514 -12.580666 -5.412607 0.000077 -0.000023 0.000006 0.033546 -0.071566 -0.032207 0.741784 -3.771782 -10.602422 -0.690790 3.649997 -10.616239 -2.542607 -4.751665 10.470388 -57.553356 -18.785694 6.125410 -177.374832 -54.963844 177.781387 4.495356 5.406500 35.597961 -5.882099 9.861277 0.702591 -10.936859 -0.360577 7.156197 0.000001 8.774810 -0.000002 -16.113445 18.167850 6.003788 -1.844031 2.498503 -2.507275 -10.163589 4.678940 4.621103 -20.975996 -0.000004 0.000004 -21.226255 2.451695 -3.593993 -0.000001 -0.000006 -0.000002 -1.362680 2.240796 -0.746324 -21.334887 0.584907 3.008321 -13.821193 -0.000004 0.000003 -23.887123 -0.249079 -0.839479 -59.897926 2.768414 -1.019536 -0.294024 1.679688 0.833255 -14.218192 0.093214 1.300579 -34.212002 -0.287565 0.967172 -20.033176 0.964533 1.212842 0.000001 -0.000000 -0.000000 -3.440384 0.788233 0.501655 -15.928167 -3.167307 2.999703 -6.338814 0.000001 0.000002 -18.123413 3.648174 -4.905661 -0.000005 -0.000001 -0.000003 12.255476 13.816372 9.650595 50.123875 6.009683 -50.214149 -0.799701 83.654915 -0.976339 -37.701794 -0.396468 -4.036229 2.243539 -5.255033 -3.180155 14.282877 -0.826593 6.952497 -0.000002 -12.690592 0.000002 16.362656 -16.877211 2.532749 1.665663 -1.955920 -2.878296 4.727795 -4.170584 4.993920 11.020512 0.000003 -0.000001 12.109032 -3.735710 -2.866781 0.000000 0.000001 0.000001 1.291983 -1.928547 -1.498088 14.800111 0.567469 3.865604 14.242548 -1.341734 -6.660648 19.631941 0.143927 -0.648241 49.495312 -0.664146 -6.240526 0.353027 -1.511150 -0.031941 20.222771 3.684309 2.316628 18.787245 0.000004 0.000001 10.751611 -0.479868 1.397905 0.000001 0.000000 0.000000 3.273804 0.305947 -0.580110 21.486790 11.830363 2.266132 8.162915 0.000002 -0.000001 18.399050 -3.798980 -4.940566 0.000003 -0.000000 -0.000003 25.097717 26.649282 -6.963930 -0.395420 -1.137022 46.115116 -23.683344 -0.622513 -21.579865 1.683792 -1.940789 -0.813954 0.000000 0.000001 0.000002 -10.932858 -33.246635 -36.958870 0.404637 0.299156 51.964077 10.031685 -7.843903 -6.347958 -1.413993 0.783402 1.156976 0.000000 0.000000 -0.000001 
-1.763366 87.386528 2.178596 0.809432 1.993541 -2.881068 -0.482577 -0.215557 8.289742 -0.706347 -0.592487 -1.370172 0.707708 -2.679962 10.907399 14.150379 -4.721098 11.557302 -3.822778 -10.900414 -3.426909 -0.146476 -12.653254 -5.466651 0.000077 -0.000022 0.000007 0.031181 -0.052873 -0.037581 0.730241 -3.765717 -10.607910 -0.689053 3.671355 -10.630359 -2.424569 -5.129220 10.445833 -57.142208 -19.690226 5.403742 -177.105209 -55.330147 177.639694 4.346913 5.242252 35.066345 -5.882102 9.861278 0.702591 -10.936858 -0.360574 7.156196 0.000001 8.774813 -0.000001 -16.156927 18.174801 5.932190 -1.844031 2.498503 -2.507274 -10.163589 4.678942 4.621104 -20.975996 -0.000003 0.000001 -21.226250 2.451693 -3.593994 0.000000 -0.000006 -0.000002 -1.362680 2.240797 -0.746324 -21.334887 0.584908 3.008318 -13.821197 -0.000002 0.000001 -23.887131 -0.249079 -0.839480 -59.924934 2.763910 -1.060089 -0.294024 1.679687 0.833254 -14.218192 0.093214 1.300579 -34.212002 -0.287562 0.967169 -20.033180 0.964534 1.212842 0.000001 -0.000000 0.000001 -3.440385 0.788231 0.501655 -15.928167 -3.167306 2.999703 -6.338815 0.000001 -0.000000 -18.123411 3.648176 -4.905663 -0.000003 -0.000001 -0.000003 12.301990 13.761780 9.560880 49.744057 6.135767 -51.131428 -1.031258 83.289215 -1.285649 -37.623425 -0.057253 -3.273277 2.243540 -5.255033 -3.180156 14.282878 -0.826591 6.952494 -0.000004 -12.690592 0.000000 16.386881 -16.907797 2.551115 1.665665 -1.955921 -2.878296 4.727793 -4.170583 4.993917 11.020513 0.000004 -0.000001 12.109035 -3.735709 -2.866779 0.000001 0.000001 0.000000 1.291983 -1.928548 -1.498088 14.800114 0.567469 3.865602 14.242554 -1.341734 -6.660648 19.631941 0.143926 -0.648244 49.552032 -0.673325 -6.263289 0.353029 -1.511148 -0.031940 20.222773 3.684306 2.316626 18.787249 0.000005 -0.000002 10.751610 -0.479867 1.397904 -0.000000 -0.000000 0.000001 3.273805 0.305946 -0.580109 21.486794 11.830363 2.266129 8.162920 0.000002 -0.000002 18.399055 -3.798980 -4.940567 0.000004 -0.000000 -0.000002 24.959126 26.869486 -6.754692 -0.398995 -1.160514 46.201653 -23.792137 -0.464530 -21.845076 1.683982 -1.940851 -0.845591 -0.000000 -0.000001 0.000002 -10.930437 -32.891705 -37.529953 0.406155 0.292488 52.460762 9.931966 -7.512918 -6.534399 -1.411698 0.794918 1.160567 -0.000000 0.000002 -0.000001 
-1.781726 87.255409 2.166134 1.002297 1.642175 -2.838460 -0.446331 -0.267402 8.306632 -0.679331 -0.744074 -1.366900 0.759289 -2.877635 10.873444 14.372948 -4.850201 11.426521 -3.844980 -10.931720 -3.440987 -0.246861 -12.719538 -5.556102 0.000077 -0.000022 0.000006 0.031050 -0.066206 -0.042287 0.730624 -3.782324 -10.612903 -0.681440 3.652771 -10.629445 -2.337940 -5.450710 10.437431 -56.859673 -20.647560 4.697379 -176.741058 -55.739460 177.406021 4.255157 5.026152 34.723785 -5.882100 9.861279 0.702590 -10.936858 -0.360575 7.156197 0.000001 8.774816 -0.000001 -16.236967 18.168709 5.841945 -1.844031 2.498502 -2.507275 -10.163588 4.678939 4.621106 -20.975992 -0.000005 0.000004 -21.226250 2.451692 -3.593991 -0.000001 -0.000006 -0.000002 -1.362680 2.240800 -0.746324 -21.334887 0.584909 3.008323 -13.821195 -0.000002 0.000004 -23.887129 -0.249081 -0.839480 -59.905872 2.765403 -1.066774 -0.294023 1.679685 0.833253 -14.218190 0.093215 1.300579 -34.212006 -0.287566 0.967172 -20.033178 0.964538 1.212841 0.000001 0.000000 -0.000001 -3.440385 0.788231 0.501656 -15.928167 -3.167306 2.999704 -6.338817 -0.000001 0.000002 -18.123413 3.648179 -4.905660 -0.000004 0.000001 -0.000003 12.356259 13.713690 9.518898 49.467007 6.346317 -52.092026 -0.605533 82.948341 -0.869265 -37.675377 0.253697 -2.659650 2.243539 -5.255033 -3.180156 14.282878 -0.826593 6.952496 -0.000002 -12.690587 0.000000 16.391041 -16.942451 2.569562 1.665666 -1.955920 -2.878296 4.727795 -4.170582 4.993918 11.020512 0.000003 -0.000001 12.109033 -3.735709 -2.866778 0.000002 0.000000 0.000000 1.291985 -1.928548 -1.498088 14.800107 0.567468 3.865603 14.242554 -1.341736 -6.660649 19.631941 0.143926 -0.648243 49.531677 -0.672963 -6.292787 0.353029 -1.511150 -0.031940 20.222773 3.684307 2.316628 18.787247 0.000005 -0.000001 10.751612 -0.479867 1.397904 0.000002 -0.000000 0.000001 3.273805 0.305947 -0.580110 21.486790 11.830361 2.266132 8.162919 0.000002 -0.000000 18.399052 -3.798980 -4.940568 0.000002 0.000000 -0.000002 24.830153 27.046507 -6.668258 -0.395225 -1.142475 46.338444 -23.863974 -0.419707 -22.092052 1.683196 -1.923961 -0.878490 0.000000 0.000000 0.000002 -10.996236 -32.608318 -37.958241 0.404445 0.289922 52.866581 9.898267 -7.340471 -6.659466 -1.410154 0.804894 1.135306 -0.000000 0.000001 -0.000001 
-1.690673 87.143326 2.125358 1.148037 1.433949 -2.826214 -0.420074 -0.299999 8.318903 -0.660459 -0.859775 -1.355833 0.771943 -3.032307 10.880196 14.594735 -4.972963 11.328519 -3.895207 -10.981213 -3.437489 -0.308511 -12.796872 -5.609043 0.000077 -0.000021 0.000005 0.029167 -0.065682 -0.054817 0.726525 -3.780816 -10.629850 -0.679604 3.656475 -10.647710 -2.267088 -5.715018 10.469105 -56.701416 -21.578056 4.187404 -176.520233 -56.086746 177.262146 4.263785 4.829849 34.670235 -5.882102 9.861281 0.702589 -10.936859 -0.360574 7.156196 -0.000001 8.774815 -0.000002 -16.315840 18.146805 5.765656 -1.844034 2.498503 -2.507275 -10.163589 4.678942 4.621102 -20.975996 -0.000002 0.000001 -21.226254 2.451694 -3.593998 -0.000001 -0.000006 -0.000001 -1.362679 2.240798 -0.746323 -21.334887 0.584911 3.008318 -13.821195 0.000001 0.000001 -23.887129 -0.249076 -0.839484 -59.910461 2.755665 -1.072992 -0.294026 1.679686 0.833256 -14.218192 0.093217 1.300577 -34.211998 -0.287560 0.967164 -20.033178 0.964535 1.212837 0.000001 0.000000 -0.000001 -3.440385 0.788234 0.501656 -15.928167 -3.167306 2.999701 -6.338816 0.000002 0.000000 -18.123413 3.648180 -4.905665 -0.000003 -0.000000 -0.000002 12.416409 13.661405 9.498196 49.343163 6.560913 -52.929066 -0.046177 82.693138 -0.343923 -37.741798 0.565006 -2.078554 2.243538 -5.255032 -3.180155 14.282875 -0.826593 6.952496 -0.000004 -12.690591 0.000001 16.399809 -16.974504 2.586135 1.665665 -1.955919 -2.878296 4.727795 -4.170582 4.993919 11.020510 0.000004 0.000001 12.109028 -3.735710 -2.866778 0.000002 0.000001 0.000001 1.291984 -1.928548 -1.498090 14.800111 0.567467 3.865604 14.242553 -1.341734 -6.660650 19.631935 0.143925 -0.648242 49.550079 -0.687141 -6.290107 0.353030 -1.511149 -0.031939 20.222769 3.684306 2.316628 18.787245 0.000004 -0.000001 10.751612 -0.479867 1.397904 0.000001 0.000000 0.000000 3.273803 0.305947 -0.580110 21.486792 11.830362 2.266132 8.162918 0.000002 0.000000 18.399050 -3.798979 -4.940567 0.000003 0.000000 -0.000001 24.679852 27.235092 -6.704498 -0.398324 -1.142454 46.630936 -23.848667 -0.470152 -22.405222 1.682310 -1.925995 -0.889758 -0.000000 0.000000 0.000002 -11.148709 -32.389385 -38.234844 0.402228 0.299689 53.126427 9.941663 -7.297958 -6.668302 -1.410583 0.816931 1.101395 -0.000000 0.000002 -0.000001 
-1.549577 87.054512 2.040326 1.242575 1.316632 -2.845542 -0.397590 -0.318676 8.340878 -0.643533 -0.954698 -1.352102 0.757858 -3.112929 10.907991 14.762938 -5.056011 11.297869 -3.946805 -11.050946 -3.425359 -0.371813 -12.862490 -5.657041 0.000076 -0.000022 0.000006 0.040013 -0.076206 -0.064695 0.731821 -3.800078 -10.637021 -0.667533 3.639186 -10.645276 -2.220913 -5.933526 10.508022 -56.692474 -22.365520 3.922175 -176.432266 -56.367561 177.195450 4.309364 4.736127 34.769814 -5.882102 9.861279 0.702592 -10.936858 -0.360574 7.156197 0.000000 8.774816 0.000001 -16.329044 18.108923 5.730215 -1.844032 2.498503 -2.507275 -10.163589 4.678940 4.621104 -20.975996 -0.000003 0.000003 -21.226255 2.451692 -3.593992 -0.000001 -0.000006 -0.000002 -1.362682 2.240795 -0.746322 -21.334887 0.584911 3.008321 -13.821197 -0.000000 0.000005 -23.887125 -0.249076 -0.839480 -59.880386 2.770973 -1.057390 -0.294025 1.679684 0.833256 -14.218192 0.093215 1.300578 -34.211998 -0.287562 0.967171 -20.033175 0.964536 1.212843 0.000000 0.000000 -0.000002 -3.440386 0.788234 0.501657 -15.928169 -3.167306 2.999705 -6.338817 0.000000 0.000003 -18.123413 3.648178 -4.905659 -0.000003 -0.000000 -0.000001 12.479356 13.623839 9.526635 49.360764 6.720643 -53.575638 0.345856 82.500237 0.061849 -37.765835 0.866991 -1.516631 2.243539 -5.255033 -3.180155 14.282877 -0.826593 6.952497 -0.000001 -12.690587 0.000001 16.413572 -17.022253 2.606973 1.665666 -1.955919 -2.878295 4.727794 -4.170583 4.993919 11.020512 0.000004 -0.000001 12.109032 -3.735710 -2.866779 0.000002 -0.000000 0.000000 1.291983 -1.928549 -1.498088 14.800114 0.567467 3.865604 14.242553 -1.341734 -6.660648 19.631939 0.143926 -0.648244 49.576946 -0.691820 -6.297536 0.353029 -1.511149 -0.031941 20.222771 3.684305 2.316628 18.787245 0.000004 -0.000001 10.751609 -0.479867 1.397904 0.000000 0.000000 0.000001 3.273806 0.305948 -0.580110 21.486792 11.830363 2.266130 8.162919 0.000001 -0.000001 18.399055 -3.798978 -4.940566 0.000003 -0.000000 -0.000001 24.553844 27.445856 -6.779759 -0.396416 -1.132034 46.925007 -23.833557 -0.587675 -22.662439 1.682534 -1.917473 -0.902298 -0.000000 0.000001 0.000002 -11.327771 -32.205547 -38.378429 0.391555 0.284092 53.227680 9.987710 -7.302856 -6.548538 -1.411593 0.818583 1.071221 0.000000 0.000000 -0.000001 
-1.327548 86.989784 1.898064 1.287483 1.284573 -2.890858 -0.383436 -0.304380 8.347260 -0.632736 -1.015004 -1.351789 0.721640 -3.166857 10.966044 14.885098 -5.107765 11.341436 -3.999084 -11.126215 -3.413898 -0.399444 -12.968701 -5.679139 0.000077 -0.000020 0.000006 0.033432 -0.072360 -0.068652 0.725408 -3.788951 -10.646899 -0.668335 3.643620 -10.650869 -2.171152 -6.073826 10.576159 -56.776859 -23.029192 3.863265 -176.479553 -56.500259 177.237518 4.371350 4.765090 34.955296 -5.882103 9.861274 0.702589 -10.936859 -0.360573 7.156196 -0.000000 8.774812 -0.000000 -16.316933 18.069927 5.730479 -1.844033 2.498504 -2.507274 -10.163591 4.678941 4.621103 -20.975996 -0.000002 0.000001 -21.226255 2.451692 -3.593996 -0.000001 -0.000006 0.000000 -1.362679 2.240795 -0.746324 -21.334892 0.584907 3.008321 -13.821195 -0.000002 0.000002 -23.887133 -0.249078 -0.839481 -59.891796 2.760883 -1.038908 -0.294024 1.679685 0.833255 -14.218194 0.093217 1.300579 -34.212006 -0.287563 0.967167 -20.033180 0.964535 1.212842 0.000000 0.000000 -0.000001 -3.440386 0.788232 0.501655 -15.928169 -3.167307 2.999703 -6.338816 0.000002 0.000001 -18.123415 3.648177 -4.905666 -0.000003 -0.000000 -0.000002 12.549847 13.566412 9.593554 49.479427 6.848052 -53.987843 0.514456 82.309273 0.224076 -37.734108 1.175844 -1.039518 2.243539 -5.255031 -3.180156 14.282875 -0.826592 6.952499 -0.000003 -12.690588 -0.000000 16.410236 -17.081093 2.627054 1.665665 -1.955920 -2.878296 4.727794 -4.170582 4.993918 11.020512 0.000004 -0.000000 12.109030 -3.735709 -2.866779 0.000002 0.000000 -0.000001 1.291983 -1.928548 -1.498088 14.800113 0.567468 3.865606 14.242550 -1.341734 -6.660650 19.631937 0.143926 -0.648242 49.610569 -0.707327 -6.298553 0.353027 -1.511150 -0.031941 20.222767 3.684307 2.316629 18.787245 0.000005 0.000001 10.751610 -0.479868 1.397905 0.000001 0.000000 -0.000000 3.273803 0.305949 -0.580109 21.486788 11.830362 2.266132 8.162917 0.000001 -0.000000 18.399052 -3.798979 -4.940567 0.000003 -0.000000 -0.000001 24.415306 27.667261 -6.935025 -0.395350 -1.119043 47.278545 -23.778767 -0.781205 -22.993193 1.682057 -1.909011 -0.907794 0.000000 -0.000001 0.000002 -11.529036 -32.080212 -38.402210 0.402800 0.285038 53.140629 10.067943 -7.344435 -6.435109 -1.411840 0.840033 1.024374 0.000000 0.000001 -0.000001 
-1.039355 86.975876 1.749097 1.305796 1.321337 -2.967183 -0.394452 -0.289614 8.340284 -0.637072 -1.024237 -1.350319 0.677463 -3.182388 11.029256 14.966928 -5.138833 11.461246 -4.045272 -11.224424 -3.406064 -0.421562 -13.063211 -5.687257 0.000077 -0.000022 0.000007 0.035381 -0.071199 -0.075217 0.723175 -3.783396 -10.661950 -0.667539 3.647692 -10.666046 -2.104933 -6.129663 10.597144 -56.999840 -23.522472 4.010245 -176.501190 -56.529335 177.241791 4.427087 4.896247 35.180695 -5.882101 9.861279 0.702588 -10.936857 -0.360573 7.156196 -0.000000 8.774816 -0.000002 -16.290693 18.057085 5.755382 -1.844031 2.498503 -2.507277 -10.163589 4.678941 4.621100 -20.975994 -0.000003 -0.000001 -21.226254 2.451695 -3.593999 0.000000 -0.000005 -0.000002 -1.362680 2.240800 -0.746322 -21.334888 0.584909 3.008318 -13.821195 -0.000001 0.000001 -23.887129 -0.249079 -0.839485 -59.881317 2.766406 -1.046409 -0.294024 1.679690 0.833256 -14.218190 0.093215 1.300578 -34.211998 -0.287562 0.967166 -20.033175 0.964537 1.212841 0.000000 0.000000 -0.000001 -3.440384 0.788233 0.501654 -15.928167 -3.167307 2.999703 -6.338815 0.000003 0.000001 -18.123413 3.648174 -4.905666 -0.000003 0.000001 -0.000002 12.629990 13.479462 9.722896 49.728466 6.968773 -54.205032 0.869793 82.199577 0.582726 -37.714344 1.432815 -0.673768 2.243540 -5.255030 -3.180155 14.282875 -0.826593 6.952499 -0.000003 -12.690590 0.000001 16.438301 -17.120070 2.636933 1.665665 -1.955920 -2.878297 4.727793 -4.170583 4.993920 11.020510 0.000003 -0.000001 12.109033 -3.735709 -2.866779 0.000003 0.000000 0.000000 1.291983 -1.928547 -1.498088 14.800111 0.567467 3.865606 14.242553 -1.341734 -6.660648 19.631939 0.143926 -0.648243 49.673832 -0.711556 -6.300781 0.353028 -1.511148 -0.031939 20.222769 3.684305 2.316630 18.787245 0.000005 0.000000 10.751608 -0.479869 1.397906 -0.000001 0.000000 -0.000000 3.273804 0.305947 -0.580110 21.486790 11.830362 2.266132 8.162916 0.000002 -0.000001 18.399054 -3.798980 -4.940567 0.000004 0.000000 -0.000000 24.299109 27.916510 -7.090573 -0.408433 -1.088022 47.665329 -23.727308 -1.061124 -23.106161 1.678703 -1.911885 -0.885221 0.000000 -0.000000 0.000002 -11.789578 -31.975748 -38.274876 0.416100 0.295765 52.894875 10.192465 -7.452543 -6.214727 -1.412801 0.841483 0.957032 0.000000 0.000000 -0.000001 
-0.718925 86.973778 1.577587 1.289110 1.350779 -3.056234 -0.420452 -0.230634 8.302672 -0.644551 -1.030638 -1.357995 0.622396 -3.139054 11.123487 15.005102 -5.152920 11.619480 -4.098135 -11.306271 -3.404669 -0.441651 -13.122867 -5.684199 0.000077 -0.000022 0.000006 0.042454 -0.077368 -0.072795 0.726102 -3.795943 -10.660158 -0.662692 3.641925 -10.664182 -2.019759 -6.146115 10.629600 -57.229485 -23.866678 4.241681 -176.597855 -56.438194 177.307022 4.440930 5.068930 35.497002 -5.882099 9.861277 0.702589 -10.936859 -0.360577 7.156195 0.000001 8.774812 -0.000001 -16.286776 18.014286 5.769698 -1.844030 2.498502 -2.507277 -10.163589 4.678939 4.621102 -20.975996 -0.000005 0.000001 -21.226255 2.451692 -3.593994 0.000000 -0.000006 -0.000003 -1.362680 2.240796 -0.746322 -21.334888 0.584906 3.008321 -13.821194 -0.000005 0.000004 -23.887129 -0.249083 -0.839480 -59.935760 2.756073 -1.046177 -0.294025 1.679687 0.833256 -14.218194 0.093213 1.300578 -34.212002 -0.287566 0.967166 -20.033178 0.964532 1.212843 0.000000 0.000001 0.000000 -3.440385 0.788233 0.501655 -15.928167 -3.167308 2.999702 -6.338816 0.000000 0.000001 -18.123413 3.648174 -4.905663 -0.000003 -0.000000 -0.000003 12.740396 13.372420 9.865070 50.100468 7.060121 -54.190319 0.940323 82.179153 0.671110 -37.569878 1.622736 -0.283259 2.243540 -5.255032 -3.180155 14.282875 -0.826593 6.952496 -0.000001 -12.690590 0.000000 16.468897 -17.157225 2.637197 1.665665 -1.955920 -2.878296 4.727795 -4.170583 4.993918 11.020513 0.000003 -0.000002 12.109035 -3.735709 -2.866781 0.000002 0.000000 0.000000 1.291984 -1.928548 -1.498088 14.800114 0.567467 3.865604 14.242554 -1.341735 -6.660649 19.631933 0.143925 -0.648244 49.715908 -0.716282 -6.307155 0.353028 -1.511149 -0.031940 20.222771 3.684306 2.316627 18.787245 0.000004 -0.000001 10.751610 -0.479868 1.397902 0.000001 0.000000 0.000001 3.273804 0.305947 -0.580110 21.486788 11.830361 2.266131 8.162916 0.000002 -0.000001 18.399050 -3.798978 -4.940566 0.000005 0.000000 -0.000001 24.179008 28.169998 -7.232541 -0.404810 -1.067287 48.008709 -23.695274 -1.411795 -23.286488 1.677143 -1.883870 -0.886843 -0.000000 0.000000 0.000002 -12.025955 -31.845974 -38.083641 0.406225 0.301435 52.519165 10.282078 -7.584400 -5.818327 -1.414921 0.865158 0.871161 0.000000 0.000001 -0.000001 
-0.356311 86.990746 1.386832 1.237618 1.399198 -3.180382 -0.460790 -0.176054 8.256467 -0.664044 -0.991006 -1.375372 0.561521 -3.060611 11.236753 15.003515 -5.162164 11.832381 -4.143044 -11.388717 -3.374186 -0.439226 -13.183212 -5.689962 0.000076 -0.000023 0.000007 0.041330 -0.082245 -0.071933 0.726222 -3.789241 -10.670987 -0.664360 3.639055 -10.666808 -1.927042 -6.126348 10.645719 -57.471210 -24.063507 4.545393 -176.710571 -56.210228 177.374100 4.405063 5.296491 35.786758 -5.882102 9.861280 0.702589 -10.936858 -0.360571 7.156196 0.000000 8.774813 0.000000 -16.294548 18.031012 5.803044 -1.844031 2.498503 -2.507276 -10.163589 4.678941 4.621105 -20.975994 -0.000002 -0.000000 -21.226255 2.451693 -3.593996 -0.000001 -0.000005 -0.000001 -1.362681 2.240794 -0.746322 -21.334887 0.584912 3.008319 -13.821197 -0.000001 0.000002 -23.887133 -0.249078 -0.839484 -59.997955 2.784386 -1.075919 -0.294025 1.679684 0.833255 -14.218195 0.093214 1.300578 -34.211998 -0.287563 0.967165 -20.033180 0.964535 1.212839 0.000000 0.000000 -0.000002 -3.440387 0.788235 0.501655 -15.928167 -3.167306 2.999702 -6.338816 0.000002 0.000001 -18.123415 3.648179 -4.905664 -0.000004 -0.000000 -0.000003 12.866673 13.239744 10.057356 50.623714 7.114642 -53.975945 0.951605 82.273376 0.690546 -37.298717 1.820367 0.241213 2.243540 -5.255033 -3.180154 14.282877 -0.826594 6.952497 -0.000002 -12.690590 0.000000 16.527861 -17.226744 2.631651 1.665665 -1.955920 -2.878296 4.727793 -4.170583 4.993920 11.020511 0.000003 -0.000002 12.109035 -3.735708 -2.866779 0.000003 0.000001 0.000000 1.291984 -1.928547 -1.498087 14.800111 0.567468 3.865604 14.242553 -1.341735 -6.660648 19.631939 0.143926 -0.648243 49.816856 -0.687637 -6.340667 0.353028 -1.511149 -0.031938 20.222769 3.684307 2.316628 18.787249 0.000005 0.000000 10.751611 -0.479869 1.397904 0.000001 0.000001 0.000000 3.273806 0.305947 -0.580112 21.486790 11.830362 2.266130 8.162917 0.000001 -0.000001 18.399050 -3.798979 -4.940563 0.000004 0.000000 -0.000002 24.089931 28.421179 -7.388341 -0.394793 -1.033435 48.431431 -23.650249 -1.785177 -23.367838 1.675611 -1.886014 -0.890182 0.000000 -0.000000 0.000002 -12.280132 -31.695539 -37.786716 0.405836 0.312107 52.023129 10.342866 -7.755454 -5.433493 -1.415477 0.856819 0.778001 -0.000000 0.000001 -0.000001 
0.027309 87.011375 1.193917 1.146639 1.454209 -3.333109 -0.506583 -0.101844 8.203407 -0.684466 -0.948681 -1.392990 0.487398 -2.953357 11.344508 15.006333 -5.193378 12.078268 -4.196064 -11.452159 -3.374629 -0.431780 -13.268125 -5.648172 0.000076 -0.000020 0.000005 0.033908 -0.066064 -0.066206 0.726380 -3.778592 -10.661703 -0.669755 3.641684 -10.657273 -1.842547 -6.050842 10.638124 -57.678143 -24.102482 4.929971 -176.813187 -55.913074 177.444992 4.378975 5.578034 35.967537 -5.882102 9.861277 0.702590 -10.936858 -0.360574 7.156198 0.000001 8.774814 -0.000002 -16.361013 18.018812 5.791358 -1.844031 2.498503 -2.507276 -10.163589 4.678939 4.621105 -20.975992 -0.000004 0.000004 -21.226254 2.451691 -3.593992 0.000000 -0.000007 -0.000001 -1.362681 2.240796 -0.746323 -21.334890 0.584907 3.008323 -13.821195 -0.000004 0.000004 -23.887129 -0.249076 -0.839481 -60.106834 2.790299 -1.074709 -0.294024 1.679685 0.833255 -14.218190 0.093216 1.300580 -34.211998 -0.287563 0.967170 -20.033176 0.964535 1.212844 0.000000 -0.000000 -0.000001 -3.440385 0.788229 0.501655 -15.928167 -3.167306 2.999706 -6.338814 0.000001 0.000002 -18.123411 3.648177 -4.905659 -0.000005 -0.000000 -0.000003 13.021607 13.077570 10.238059 51.311653 7.096656 -53.558876 1.221287 82.486542 0.941974 -36.927143 2.029456 0.920855 2.243539 -5.255032 -3.180154 14.282877 -0.826594 6.952495 -0.000003 -12.690590 0.000002 16.609068 -17.296625 2.616507 1.665666 -1.955918 -2.878296 4.727796 -4.170582 4.993921 11.020513 0.000004 -0.000001 12.109031 -3.735710 -2.866778 0.000001 0.000001 0.000000 1.291984 -1.928547 -1.498088 14.800113 0.567468 3.865604 14.242554 -1.341734 -6.660646 19.631941 0.143927 -0.648243 49.909542 -0.661242 -6.375970 0.353028 -1.511149 -0.031939 20.222773 3.684306 2.316629 18.787245 0.000005 0.000000 10.751611 -0.479868 1.397904 0.000002 0.000000 0.000000 3.273804 0.305946 -0.580110 21.486794 11.830364 2.266131 8.162917 0.000000 -0.000000 18.399055 -3.798979 -4.940567 0.000003 0.000000 -0.000001 24.046022 28.645487 -7.495500 -0.399634 -0.986693 48.815098 -23.588900 -2.105347 -23.515205 1.675653 -1.896955 -0.887535 0.000000 0.000000 0.000002 -12.510225 -31.543974 -37.426273 0.405000 0.348847 51.466331 10.398921 -8.002240 -5.036055 -1.417538 0.887969 0.665669 0.000000 0.000000 -0.000001 
0.408811 87.066635 1.049985 1.023082 1.493175 -3.493477 -0.567560 -0.033313 8.138062 -0.704561 -0.862792 -1.414395 0.408313 -2.858830 11.456908 14.965700 -5.204788 12.327777 -4.239946 -11.478672 -3.358808 -0.404485 -13.322374 -5.606161 0.000076 -0.000021 0.000006 0.030826 -0.059741 -0.045928 0.720711 -3.776365 -10.652856 -0.675227 3.642916 -10.653130 -1.796875 -5.972757 10.670050 -57.762688 -23.999857 5.289911 -176.988068 -55.597012 177.592987 4.343418 5.880149 36.032215 -5.882099 9.861278 0.702590 -10.936858 -0.360575 7.156196 0.000000 8.774816 -0.000001 -16.366838 18.008892 5.791388 -1.844031 2.498504 -2.507275 -10.163589 4.678941 4.621105 -20.975994 -0.000005 0.000005 -21.226255 2.451690 -3.593992 0.000000 -0.000006 -0.000001 -1.362680 2.240797 -0.746324 -21.334894 0.584909 3.008321 -13.821197 -0.000003 0.000004 -23.887125 -0.249079 -0.839478 -60.167835 2.766266 -1.089050 -0.294025 1.679684 0.833255 -14.218192 0.093215 1.300579 -34.212002 -0.287564 0.967173 -20.033173 0.964535 1.212844 0.000000 0.000000 -0.000001 -3.440386 0.788233 0.501655 -15.928167 -3.167310 2.999705 -6.338815 0.000001 0.000001 -18.123413 3.648179 -4.905661 -0.000004 -0.000002 -0.000003 13.182575 12.888018 10.420294 52.140263 7.016312 -52.863132 0.979274 82.835426 0.659289 -36.397533 2.261218 1.729954 2.243541 -5.255032 -3.180156 14.282877 -0.826593 6.952495 -0.000003 -12.690588 -0.000000 16.624355 -17.314440 2.626629 1.665666 -1.955919 -2.878296 4.727793 -4.170584 4.993918 11.020514 0.000004 -0.000001 12.109033 -3.735708 -2.866780 0.000002 0.000001 -0.000000 1.291985 -1.928547 -1.498088 14.800111 0.567468 3.865602 14.242553 -1.341733 -6.660650 19.631939 0.143926 -0.648243 49.915333 -0.616651 -6.374654 0.353028 -1.511150 -0.031939 20.222767 3.684309 2.316628 18.787245 0.000005 -0.000001 10.751613 -0.479867 1.397903 0.000000 0.000000 0.000001 3.273804 0.305947 -0.580111 21.486792 11.830363 2.266131 8.162918 0.000002 -0.000001 18.399054 -3.798978 -4.940566 0.000005 0.000000 -0.000001 24.037743 28.846195 -7.529401 -0.392656 -0.969338 49.134705 -23.470125 -2.358157 -23.570074 1.673723 -1.876283 -0.846182 0.000000 0.000001 0.000002 -12.736123 -31.374950 -36.962788 0.414041 0.362118 50.824135 10.442554 -8.201369 -4.629014 -1.418685 0.890175 0.565878 -0.000000 0.000001 -0.000001 
0.736245 87.134430 0.914047 0.878770 1.542182 -3.644070 -0.634546 0.025806 8.058548 -0.732196 -0.754309 -1.436581 0.335191 -2.777848 11.540186 14.920526 -5.218316 12.561057 -4.264813 -11.503201 -3.344702 -0.366537 -13.390635 -5.551337 0.000077 -0.000021 0.000006 0.024258 -0.053276 -0.040228 0.716880 -3.765314 -10.660896 -0.686834 3.668932 -10.658280 -1.802680 -5.892484 10.711246 -57.700191 -23.752573 5.614754 -177.080841 -55.379604 177.649490 4.354470 6.056925 36.094093 -5.882100 9.861279 0.702588 -10.936858 -0.360574 7.156196 0.000000 8.774812 -0.000000 -16.396193 18.020823 5.800719 -1.844031 2.498501 -2.507276 -10.163589 4.678939 4.621103 -20.975992 -0.000002 0.000003 -21.226255 2.451693 -3.593994 0.000000 -0.000004 -0.000002 -1.362680 2.240797 -0.746322 -21.334892 0.584909 3.008320 -13.821194 0.000000 0.000003 -23.887131 -0.249079 -0.839482 -60.256439 2.742624 -1.116586 -0.294026 1.679686 0.833256 -14.218194 0.093215 1.300578 -34.212006 -0.287560 0.967169 -20.033180 0.964536 1.212841 0.000000 0.000000 -0.000001 -3.440385 0.788233 0.501655 -15.928167 -3.167306 2.999702 -6.338817 0.000001 0.000001 -18.123415 3.648178 -4.905663 -0.000003 -0.000002 -0.000003 13.320146 12.669166 10.589207 53.126034 6.909091 -52.038250 0.771547 83.300476 0.430726 -35.819447 2.513710 2.618032 2.243540 -5.255032 -3.180155 14.282877 -0.826594 6.952498 -0.000003 -12.690591 0.000005 16.638933 -17.309010 2.623747 1.665666 -1.955920 -2.878297 4.727794 -4.170583 4.993918 11.020510 0.000003 -0.000001 12.109032 -3.735709 -2.866777 -0.000000 0.000001 -0.000001 1.291983 -1.928548 -1.498088 14.800113 0.567470 3.865603 14.242553 -1.341733 -6.660647 19.631939 0.143926 -0.648243 49.909229 -0.576878 -6.372479 0.353028 -1.511149 -0.031938 20.222773 3.684307 2.316628 18.787251 0.000005 -0.000001 10.751610 -0.479867 1.397904 0.000000 0.000001 0.000001 3.273807 0.305947 -0.580109 21.486792 11.830362 2.266130 8.162918 0.000002 -0.000001 18.399055 -3.798979 -4.940566 0.000003 0.000000 -0.000003 24.077135 29.008509 -7.534229 -0.398386 -0.942434 49.353771 -23.358286 -2.547142 -23.602325 1.672084 -1.885217 -0.805453 0.000000 -0.000001 0.000002 -12.891403 -31.203753 -36.516846 0.407205 0.377676 50.205364 10.483568 -8.402756 -4.223111 -1.417229 0.892324 0.458445 0.000000 0.000000 -0.000001 
1.071513 87.215591 0.832664 0.713748 1.565174 -3.791766 -0.700789 0.095784 7.980534 -0.756584 -0.656246 -1.463817 0.254424 -2.694207 11.646420 14.872494 -5.217546 12.729050 -4.268444 -11.498533 -3.335994 -0.330116 -13.441827 -5.477122 0.000076 -0.000021 0.000005 0.023339 -0.035928 -0.035766 0.716382 -3.759124 -10.664740 -0.689385 3.685198 -10.660872 -1.857512 -5.837800 10.764118 -57.469845 -23.377384 5.786456 -177.173615 -55.217117 177.723251 4.321908 6.269440 36.155712 -5.882099 9.861279 0.702590 -10.936858 -0.360576 7.156198 0.000002 8.774817 -0.000001 -16.421989 18.067211 5.814918 -1.844033 2.498500 -2.507276 -10.163589 4.678938 4.621103 -20.975992 -0.000004 0.000004 -21.226254 2.451691 -3.593992 0.000000 -0.000006 -0.000001 -1.362679 2.240797 -0.746324 -21.334887 0.584906 3.008322 -13.821194 -0.000003 0.000003 -23.887131 -0.249079 -0.839481 -60.312126 2.709652 -1.173637 -0.294024 1.679687 0.833256 -14.218192 0.093210 1.300579 -34.212006 -0.287567 0.967171 -20.033175 0.964535 1.212843 0.000000 -0.000000 -0.000001 -3.440384 0.788231 0.501654 -15.928167 -3.167308 2.999702 -6.338817 0.000001 0.000001 -18.123411 3.648174 -4.905661 -0.000003 -0.000001 -0.000003 13.464334 12.436451 10.710453 54.087769 6.762483 -51.096176 0.472444 83.783844 0.077789 -35.247662 2.786375 3.490152 2.243541 -5.255033 -3.180156 14.282877 -0.826594 6.952496 -0.000002 -12.690592 0.000000 16.655870 -17.316185 2.613196 1.665666 -1.955921 -2.878297 4.727796 -4.170583 4.993918 11.020511 0.000003 -0.000001 12.109033 -3.735710 -2.866780 0.000001 0.000002 -0.000000 1.291986 -1.928548 -1.498088 14.800111 0.567468 3.865604 14.242553 -1.341734 -6.660648 19.631939 0.143926 -0.648244 49.901569 -0.547905 -6.367133 0.353028 -1.511149 -0.031941 20.222769 3.684308 2.316629 18.787245 0.000004 -0.000001 10.751610 -0.479868 1.397905 0.000000 0.000000 0.000002 3.273805 0.305947 -0.580111 21.486794 11.830363 2.266131 8.162916 0.000001 -0.000001 18.399054 -3.798979 -4.940567 0.000003 0.000000 -0.000002 24.147474 29.182735 -7.471668 -0.386445 -0.934990 49.533756 -23.252159 -2.655987 -23.608347 1.667146 -1.895563 -0.746397 0.000000 0.000001 0.000002 -13.037442 -31.033318 -36.007309 0.399396 0.387091 49.530602 10.534639 -8.563383 -3.860710 -1.417427 0.904711 0.365421 -0.000000 0.000002 -0.000001 
1.337239 87.304359 0.753681 0.543265 1.574684 -3.901209 -0.764578 0.143881 7.884841 -0.786767 -0.577212 -1.485030 0.164103 -2.609306 11.715340 14.841112 -5.213132 12.872327 -4.278728 -11.494051 -3.331631 -0.273954 -13.430548 -5.379627 0.000077 -0.000023 0.000005 0.027035 -0.060284 -0.027140 0.720386 -3.765997 -10.669365 -0.679599 3.657315 -10.666625 -1.968635 -5.774333 10.842953 -57.155445 -22.892099 5.872848 -177.148026 -55.202152 177.705765 4.352958 6.441434 36.253036 -5.882102 9.861277 0.702588 -10.936859 -0.360574 7.156196 -0.000001 8.774812 -0.000001 -16.464256 18.083336 5.770569 -1.844031 2.498504 -2.507276 -10.163591 4.678941 4.621103 -20.975996 -0.000001 0.000000 -21.226254 2.451691 -3.593997 0.000000 -0.000006 -0.000001 -1.362681 2.240796 -0.746323 -21.334887 0.584911 3.008319 -13.821197 0.000000 0.000002 -23.887129 -0.249079 -0.839485 -60.305309 2.696220 -1.224404 -0.294027 1.679686 0.833254 -14.218192 0.093217 1.300577 -34.212006 -0.287563 0.967163 -20.033176 0.964536 1.212839 0.000000 0.000000 -0.000001 -3.440386 0.788231 0.501654 -15.928165 -3.167304 2.999702 -6.338816 0.000002 0.000001 -18.123415 3.648176 -4.905664 -0.000003 0.000001 -0.000003 13.618755 12.187042 10.821833 55.046112 6.662837 -50.125458 0.149981 84.309074 -0.261566 -34.742844 3.043896 4.297535 2.243541 -5.255033 -3.180155 14.282877 -0.826594 6.952497 -0.000001 -12.690588 0.000000 16.668747 -17.364986 2.602470 1.665664 -1.955919 -2.878297 4.727794 -4.170583 4.993922 11.020510 0.000001 0.000000 12.109030 -3.735710 -2.866779 -0.000000 0.000003 -0.000000 1.291984 -1.928548 -1.498089 14.800111 0.567466 3.865604 14.242553 -1.341735 -6.660650 19.631939 0.143926 -0.648244 49.885227 -0.539238 -6.400582 0.353028 -1.511150 -0.031941 20.222767 3.684304 2.316629 18.787245 0.000004 0.000000 10.751610 -0.479868 1.397904 -0.000000 0.000000 0.000001 3.273803 0.305946 -0.580110 21.486786 11.830359 2.266130 8.162916 -0.000001 0.000001 18.399054 -3.798982 -4.940566 0.000003 0.000001 -0.000002 24.224724 29.277996 -7.426452 -0.397288 -0.920960 49.633591 -23.128048 -2.687675 -23.603809 1.663636 -1.884053 -0.715524 0.000000 -0.000000 0.000002 -13.079172 -30.874758 -35.530796 0.403075 0.403289 48.928612 10.549862 -8.709155 -3.695709 -1.418209 0.896697 0.257090 -0.000000 0.000001 -0.000001 
1.522496 87.395546 0.684455 0.385807 1.552136 -3.996148 -0.834667 0.186125 7.799392 -0.815785 -0.495922 -1.520211 0.051791 -2.553046 11.784369 14.805474 -5.211806 12.963575 -4.266061 -11.484114 -3.306968 -0.193907 -13.414476 -5.275258 0.000077 -0.000022 0.000006 0.027635 -0.054066 -0.037318 0.717580 -3.769065 -10.664819 -0.683134 3.664415 -10.667616 -2.115022 -5.735858 10.956247 -56.699306 -22.319628 5.806638 -177.188538 -55.269691 177.729370 4.422045 6.561284 36.441608 -5.882102 9.861280 0.702589 -10.936860 -0.360573 7.156195 -0.000000 8.774815 -0.000002 -16.488874 18.108835 5.749165 -1.844030 2.498504 -2.507275 -10.163589 4.678939 4.621102 -20.975996 -0.000003 0.000000 -21.226254 2.451693 -3.593997 -0.000001 -0.000006 -0.000003 -1.362681 2.240796 -0.746322 -21.334892 0.584910 3.008318 -13.821197 -0.000001 0.000002 -23.887133 -0.249080 -0.839484 -60.251034 2.689803 -1.233611 -0.294026 1.679687 0.833256 -14.218194 0.093216 1.300578 -34.211998 -0.287564 0.967167 -20.033180 0.964534 1.212839 0.000000 0.000000 0.000000 -3.440386 0.788232 0.501655 -15.928169 -3.167305 2.999703 -6.338818 -0.000001 0.000001 -18.123415 3.648178 -4.905663 -0.000003 -0.000000 -0.000003 13.770886 11.959904 10.925006 55.950111 6.594680 -49.218853 -0.234765 84.866219 -0.674789 -34.314457 3.277047 4.922675 2.243539 -5.255032 -3.180153 14.282875 -0.826591 6.952497 -0.000003 -12.690590 0.000003 16.693090 -17.383129 2.567003 1.665664 -1.955920 -2.878297 4.727795 -4.170581 4.993919 11.020511 0.000003 -0.000001 12.109033 -3.735709 -2.866779 -0.000000 0.000002 -0.000001 1.291984 -1.928548 -1.498087 14.800111 0.567468 3.865603 14.242554 -1.341734 -6.660648 19.631937 0.143926 -0.648243 49.837215 -0.504352 -6.434758 0.353028 -1.511149 -0.031941 20.222771 3.684306 2.316629 18.787247 0.000005 0.000000 10.751610 -0.479869 1.397903 0.000000 0.000001 0.000003 3.273805 0.305948 -0.580110 21.486792 11.830361 2.266131 8.162917 0.000001 -0.000002 18.399050 -3.798980 -4.940567 0.000003 -0.000000 -0.000002 24.327614 29.360952 -7.366389 -0.386618 -0.911062 49.686890 -23.064928 -2.637861 -23.455614 1.660554 -1.891933 -0.670316 0.000000 0.000001 0.000002 -13.063482 -30.732838 -35.168362 0.415319 0.402218 48.378113 10.526225 -8.818681 -3.423023 -1.417620 0.925096 0.186364 0.000000 0.000000 -0.000001 
1.681569 87.475113 0.641536 0.236096 1.492358 -4.071752 -0.902278 0.209996 7.711809 -0.841816 -0.421573 -1.538767 -0.055021 -2.508567 11.840549 14.776449 -5.221927 13.028862 -4.268376 -11.456184 -3.308197 -0.106810 -13.381636 -5.202627 0.000076 -0.000021 0.000005 0.025545 -0.060736 -0.019635 0.721497 -3.775378 -10.661414 -0.682311 3.656706 -10.667560 -2.317672 -5.699785 11.087953 -56.232594 -21.754469 5.659420 -177.154053 -55.441593 177.691162 4.584177 6.638448 36.664883 -5.882101 9.861279 0.702589 -10.936859 -0.360574 7.156196 0.000001 8.774817 0.000001 -16.462753 18.125193 5.765651 -1.844031 2.498503 -2.507276 -10.163589 4.678941 4.621103 -20.975996 -0.000003 0.000002 -21.226254 2.451692 -3.593996 -0.000001 -0.000007 -0.000002 -1.362681 2.240799 -0.746322 -21.334887 0.584909 3.008319 -13.821197 -0.000003 0.000003 -23.887133 -0.249078 -0.839483 -60.242981 2.688353 -1.226152 -0.294024 1.679687 0.833256 -14.218194 0.093214 1.300577 -34.212006 -0.287563 0.967169 -20.033180 0.964535 1.212840 0.000000 -0.000000 -0.000001 -3.440385 0.788232 0.501655 -15.928167 -3.167307 2.999701 -6.338817 0.000000 0.000000 -18.123411 3.648176 -4.905662 -0.000003 0.000001 -0.000003 13.901750 11.762607 11.050036 56.651287 6.597733 -48.522358 0.243558 85.299095 -0.174159 -33.979515 3.446033 5.349679 2.243540 -5.255033 -3.180156 14.282878 -0.826594 6.952499 -0.000003 -12.690590 0.000001 16.758610 -17.385210 2.498774 1.665663 -1.955919 -2.878297 4.727792 -4.170583 4.993919 11.020510 0.000004 0.000000 12.109031 -3.735708 -2.866779 -0.000000 0.000001 -0.000000 1.291984 -1.928547 -1.498089 14.800111 0.567467 3.865605 14.242551 -1.341736 -6.660648 19.631937 0.143926 -0.648245 49.815395 -0.468224 -6.440620 0.353029 -1.511149 -0.031942 20.222765 3.684305 2.316628 18.787245 0.000004 0.000001 10.751609 -0.479870 1.397905 0.000000 0.000001 0.000002 3.273804 0.305947 -0.580110 21.486788 11.830362 2.266131 8.162918 0.000001 -0.000000 18.399052 -3.798980 -4.940566 0.000004 0.000000 -0.000002 24.439646 29.421417 -7.273033 -0.395263 -0.900936 49.697006 -22.984598 -2.551762 -23.452835 1.660046 -1.892256 -0.627423 -0.000000 0.000000 0.000002 -13.049361 -30.615414 -34.961491 0.403888 0.401658 47.957748 10.535168 -8.885908 -2.874110 -1.418393 0.926818 0.152479 -0.000000 0.000001 -0.000001 
1.742134 87.547234 0.649023 0.104316 1.428189 -4.117249 -0.961857 0.231378 7.625722 -0.864964 -0.370726 -1.561642 -0.157047 -2.455795 11.894105 14.727951 -5.190391 13.028348 -4.252891 -11.466555 -3.296403 -0.019720 -13.332559 -5.116077 0.000077 -0.000024 0.000006 0.024902 -0.060323 -0.018632 0.719645 -3.778355 -10.661516 -0.688184 3.651941 -10.665265 -2.532495 -5.680959 11.215132 -55.769768 -21.217478 5.449257 -177.122070 -55.702305 177.663315 4.827000 6.679970 36.941299 -5.882101 9.861280 0.702591 -10.936858 -0.360575 7.156197 0.000000 8.774811 -0.000001 -16.384199 18.124931 5.817525 -1.844031 2.498503 -2.507275 -10.163589 4.678940 4.621103 -20.975996 -0.000004 -0.000001 -21.226254 2.451691 -3.593997 -0.000001 -0.000006 -0.000002 -1.362679 2.240796 -0.746324 -21.334887 0.584909 3.008318 -13.821191 -0.000002 0.000002 -23.887129 -0.249081 -0.839482 -60.211987 2.671422 -1.183480 -0.294024 1.679686 0.833254 -14.218192 0.093213 1.300580 -34.211998 -0.287562 0.967169 -20.033178 0.964535 1.212841 0.000001 -0.000000 -0.000000 -3.440384 0.788233 0.501655 -15.928165 -3.167306 2.999702 -6.338815 0.000000 0.000001 -18.123411 3.648174 -4.905662 -0.000003 -0.000000 -0.000003 14.007416 11.591228 11.151054 57.225071 6.603590 -47.990295 0.761138 85.643051 0.397608 -33.714691 3.580852 5.634820 2.243540 -5.255032 -3.180154 14.282875 -0.826596 6.952497 -0.000003 -12.690593 0.000003 16.803682 -17.381172 2.471592 1.665664 -1.955920 -2.878296 4.727794 -4.170584 4.993920 11.020511 0.000004 -0.000001 12.109030 -3.735709 -2.866778 0.000000 0.000000 -0.000002 1.291984 -1.928548 -1.498088 14.800114 0.567468 3.865602 14.242551 -1.341735 -6.660648 19.631937 0.143925 -0.648243 49.772285 -0.449432 -6.446315 0.353029 -1.511148 -0.031940 20.222767 3.684305 2.316627 18.787245 0.000003 -0.000001 10.751610 -0.479868 1.397903 -0.000000 0.000000 0.000002 3.273803 0.305947 -0.580111 21.486790 11.830362 2.266129 8.162917 0.000000 -0.000002 18.399052 -3.798980 -4.940570 0.000004 0.000000 -0.000002 24.580545 29.444038 -7.154160 -0.360851 -0.881929 49.631252 -22.955587 -2.453537 -23.400406 1.657447 -1.880442 -0.613854 -0.000000 0.000001 0.000002 -12.969584 -30.486919 -34.765392 0.404042 0.386417 47.685421 10.534206 -8.968546 -2.689926 -1.419948 0.935349 0.184551 -0.000000 0.000002 -0.000001 
1.838606 87.581291 0.674047 0.005294 1.382174 -4.141220 -1.015958 0.253387 7.561645 -0.880590 -0.346628 -1.583627 -0.253861 -2.410632 11.945046 14.684984 -5.150257 12.990840 -4.242720 -11.466199 -3.307086 0.066748 -13.310269 -5.010776 0.000077 -0.000024 0.000005 0.020728 -0.054466 -0.025793 0.722363 -3.768340 -10.674417 -0.693892 3.662639 -10.680933 -2.761551 -5.691344 11.342866 -55.350952 -20.768690 5.221135 -177.075867 -56.030907 177.637589 5.099309 6.624055 37.138474 -5.882100 9.861275 0.702590 -10.936860 -0.360576 7.156196 0.000002 8.774812 -0.000002 -16.308098 18.140530 5.863203 -1.844031 2.498501 -2.507276 -10.163590 4.678940 4.621105 -20.975996 -0.000003 0.000002 -21.226255 2.451692 -3.593994 -0.000002 -0.000005 -0.000003 -1.362680 2.240796 -0.746323 -21.334892 0.584907 3.008321 -13.821195 -0.000004 0.000004 -23.887129 -0.249078 -0.839480 -60.203087 2.652095 -1.153159 -0.294025 1.679686 0.833256 -14.218194 0.093212 1.300580 -34.212002 -0.287566 0.967172 -20.033178 0.964535 1.212843 0.000000 0.000000 0.000000 -3.440386 0.788232 0.501655 -15.928167 -3.167306 2.999704 -6.338815 0.000001 0.000002 -18.123415 3.648174 -4.905659 -0.000004 0.000001 -0.000003 14.085266 11.446037 11.250259 57.551716 6.636285 -47.583397 1.330540 85.836037 0.984543 -33.554619 3.689569 5.828101 2.243540 -5.255031 -3.180153 14.282878 -0.826593 6.952497 -0.000004 -12.690588 0.000001 16.816969 -17.347401 2.437346 1.665664 -1.955920 -2.878296 4.727794 -4.170583 4.993920 11.020513 0.000005 0.000001 12.109029 -3.735710 -2.866777 -0.000002 -0.000000 -0.000001 1.291984 -1.928548 -1.498088 14.800117 0.567468 3.865605 14.242550 -1.341735 -6.660646 19.631939 0.143926 -0.648243 49.715488 -0.427431 -6.460875 0.353028 -1.511149 -0.031938 20.222767 3.684307 2.316628 18.787247 0.000006 0.000003 10.751610 -0.479867 1.397905 -0.000000 0.000001 0.000001 3.273804 0.305948 -0.580110 21.486792 11.830362 2.266131 8.162918 0.000001 -0.000001 18.399054 -3.798980 -4.940566 0.000003 0.000000 -0.000002 24.659706 29.453814 -7.084733 -0.370870 -0.880475 49.646526 -22.911947 -2.333179 -23.425329 1.657260 -1.890129 -0.647137 0.000000 0.000001 0.000002 -12.949562 -30.398808 -34.634007 0.409756 0.384724 47.516109 10.592333 -8.978260 -2.544577 -1.420425 0.912966 0.261889 0.000000 0.000000 -0.000001 
1.820673 87.609634 0.732743 -0.074003 1.347799 -4.131660 -1.055084 0.260687 7.504566 -0.896269 -0.322075 -1.593814 -0.339964 -2.400786 11.968131 14.639224 -5.102562 12.908541 -4.240508 -11.463086 -3.310794 0.137698 -13.296538 -4.943824 0.000077 -0.000022 0.000005 0.017864 -0.055877 -0.026744 0.721366 -3.766348 -10.663532 -0.699498 3.657295 -10.664594 -2.959580 -5.699525 11.422252 -55.065022 -20.423416 5.030788 -177.031006 -56.316307 177.637741 5.358991 6.534223 37.333649 -5.882100 9.861278 0.702590 -10.936858 -0.360575 7.156199 0.000001 8.774815 -0.000001 -16.294889 18.172060 5.881193 -1.844031 2.498503 -2.507276 -10.163589 4.678941 4.621104 -20.975996 -0.000004 0.000004 -21.226254 2.451694 -3.593993 -0.000002 -0.000006 -0.000003 -1.362681 2.240797 -0.746323 -21.334892 0.584910 3.008321 -13.821194 -0.000004 0.000004 -23.887129 -0.249079 -0.839481 -60.236446 2.666121 -1.136904 -0.294025 1.679685 0.833255 -14.218194 0.093214 1.300581 -34.212006 -0.287560 0.967172 -20.033180 0.964537 1.212843 0.000000 -0.000000 0.000001 -3.440386 0.788235 0.501657 -15.928165 -3.167305 2.999705 -6.338817 -0.000001 0.000001 -18.123415 3.648177 -4.905662 -0.000004 -0.000001 -0.000003 14.162016 11.326651 11.305039 57.720703 6.638453 -47.261608 1.856107 85.957115 1.551268 -33.483330 3.726984 5.956636 2.243538 -5.255032 -3.180155 14.282877 -0.826593 6.952495 -0.000003 -12.690590 -0.000000 16.830507 -17.323254 2.400226 1.665664 -1.955920 -2.878297 4.727794 -4.170581 4.993918 11.020512 0.000005 0.000000 12.109031 -3.735708 -2.866779 0.000001 0.000001 -0.000000 1.291984 -1.928546 -1.498088 14.800111 0.567468 3.865606 14.242553 -1.341733 -6.660647 19.631939 0.143927 -0.648243 49.700241 -0.415828 -6.457313 0.353028 -1.511149 -0.031938 20.222771 3.684307 2.316628 18.787245 0.000004 0.000002 10.751610 -0.479868 1.397905 0.000000 0.000001 0.000002 3.273802 0.305947 -0.580112 21.486794 11.830362 2.266131 8.162918 0.000002 -0.000001 18.399048 -3.798979 -4.940565 0.000003 -0.000000 -0.000002 24.768780 29.439665 -7.024182 -0.364312 -0.895628 49.605793 -22.967228 -2.215712 -23.374531 1.659224 -1.877257 -0.701585 0.000000 -0.000000 0.000002 -12.859304 -30.357943 -34.603146 0.405667 0.375916 47.510128 10.601794 -8.972680 -2.507924 -1.421965 0.934172 0.329034 0.000000 0.000001 -0.000001 
1.751409 87.618683 0.816325 -0.124294 1.337732 -4.074529 -1.089758 0.253112 7.444322 -0.913998 -0.302361 -1.605682 -0.408180 -2.416043 11.985058 14.588717 -5.056158 12.820303 -4.225268 -11.444362 -3.318523 0.195398 -13.289515 -4.857890 0.000077 -0.000023 0.000005 0.016322 -0.049860 -0.026793 0.728072 -3.771912 -10.666445 -0.699867 3.662476 -10.670107 -3.110068 -5.719960 11.475298 -54.844898 -20.188606 4.828537 -177.021271 -56.528427 177.649826 5.638630 6.423019 37.401260 -5.882102 9.861278 0.702590 -10.936861 -0.360575 7.156198 -0.000000 8.774814 -0.000002 -16.289185 18.150444 5.903981 -1.844031 2.498501 -2.507275 -10.163591 4.678938 4.621105 -20.975998 -0.000004 0.000001 -21.226254 2.451692 -3.593993 -0.000002 -0.000006 -0.000003 -1.362682 2.240796 -0.746322 -21.334892 0.584905 3.008321 -13.821194 -0.000003 0.000004 -23.887131 -0.249078 -0.839478 -60.275780 2.659197 -1.106391 -0.294025 1.679685 0.833256 -14.218194 0.093217 1.300581 -34.212006 -0.287563 0.967172 -20.033180 0.964537 1.212842 0.000000 -0.000000 -0.000000 -3.440387 0.788233 0.501655 -15.928169 -3.167305 2.999706 -6.338816 0.000000 0.000002 -18.123413 3.648178 -4.905662 -0.000003 -0.000001 -0.000002 14.200227 11.242051 11.290223 57.813519 6.586179 -47.032433 2.210287 86.046600 1.917169 -33.404804 3.768112 6.027684 2.243540 -5.255033 -3.180155 14.282878 -0.826591 6.952495 -0.000004 -12.690591 0.000000 16.806911 -17.298628 2.396497 1.665665 -1.955919 -2.878297 4.727796 -4.170583 4.993918 11.020514 0.000003 -0.000000 12.109034 -3.735707 -2.866780 -0.000001 -0.000000 -0.000001 1.291983 -1.928548 -1.498090 14.800114 0.567469 3.865602 14.242554 -1.341733 -6.660649 19.631945 0.143929 -0.648243 49.671898 -0.440941 -6.467004 0.353030 -1.511149 -0.031941 20.222773 3.684309 2.316627 18.787249 0.000007 -0.000000 10.751610 -0.479867 1.397906 -0.000000 0.000002 0.000001 3.273805 0.305948 -0.580110 21.486801 11.830366 2.266134 8.162919 0.000003 -0.000002 18.399054 -3.798976 -4.940566 0.000003 -0.000000 -0.000002 24.849506 29.394356 -6.995233 -0.364896 -0.906494 49.516090 -23.049891 -2.076350 -23.294931 1.663411 -1.876459 -0.755240 -0.000000 0.000001 0.000002 -12.753752 -30.377695 -34.646435 0.405992 0.358344 47.589748 10.583730 -8.931097 -2.605669 -1.421449 0.924713 0.411931 -0.000000 0.000001 -0.000001 
1.663778 87.629242 0.887170 -0.140947 1.326724 -4.001255 -1.122209 0.268096 7.399652 -0.931223 -0.332989 -1.629395 -0.463294 -2.423127 12.007360 14.554564 -5.030258 12.698586 -4.220534 -11.410614 -3.324987 0.241233 -13.276801 -4.758379 0.000077 -0.000022 0.000005 0.015275 -0.049881 -0.022113 0.721988 -3.756806 -10.654863 -0.704811 3.658384 -10.658671 -3.253277 -5.731526 11.518418 -54.709114 -20.054043 4.654317 -176.936844 -56.729649 177.607437 5.904063 6.355374 37.428520 -5.882100 9.861279 0.702591 -10.936858 -0.360576 7.156196 0.000001 8.774812 -0.000002 -16.269131 18.128281 5.909184 -1.844031 2.498502 -2.507274 -10.163589 4.678939 4.621103 -20.975996 -0.000008 0.000002 -21.226254 2.451689 -3.593992 0.000000 -0.000005 -0.000003 -1.362679 2.240796 -0.746323 -21.334892 0.584905 3.008322 -13.821193 -0.000002 0.000003 -23.887131 -0.249080 -0.839479 -60.244724 2.653288 -1.093888 -0.294025 1.679689 0.833255 -14.218192 0.093212 1.300580 -34.212002 -0.287566 0.967172 -20.033175 0.964534 1.212843 -0.000000 0.000000 -0.000001 -3.440384 0.788231 0.501654 -15.928164 -3.167305 2.999704 -6.338815 -0.000001 0.000003 -18.123411 3.648174 -4.905660 -0.000003 -0.000000 -0.000002 14.275320 11.188587 11.319088 57.786777 6.530916 -46.957077 2.784662 86.106750 2.477064 -33.323963 3.817692 6.065032 2.243541 -5.255032 -3.180155 14.282877 -0.826593 6.952496 -0.000005 -12.690590 0.000001 16.732740 -17.283548 2.404550 1.665664 -1.955920 -2.878297 4.727793 -4.170583 4.993918 11.020515 0.000003 -0.000001 12.109035 -3.735709 -2.866778 0.000000 0.000000 -0.000001 1.291983 -1.928547 -1.498088 14.800113 0.567468 3.865603 14.242553 -1.341734 -6.660648 19.631941 0.143926 -0.648243 49.628143 -0.440034 -6.470730 0.353028 -1.511149 -0.031941 20.222771 3.684306 2.316629 18.787245 0.000006 0.000001 10.751611 -0.479868 1.397905 0.000000 -0.000000 0.000001 3.273804 0.305947 -0.580109 21.486794 11.830360 2.266130 8.162917 0.000001 -0.000001 18.399054 -3.798979 -4.940566 0.000004 0.000000 -0.000002 24.888659 29.358368 -6.979805 -0.357960 -0.911927 49.392090 -23.118670 -1.945685 -23.231888 1.665518 -1.875920 -0.797893 -0.000000 0.000000 0.000002 -12.640390 -30.387161 -34.742165 0.403240 0.373528 47.692589 10.570995 -8.885927 -2.706370 -1.422930 0.932676 0.473883 -0.000000 0.000001 -0.000001 
1.595498 87.649010 0.977507 -0.143524 1.318290 -3.894108 -1.150218 0.247426 7.356147 -0.947212 -0.335664 -1.637564 -0.502315 -2.448951 12.002785 14.520768 -5.019041 12.563403 -4.202034 -11.392949 -3.340123 0.269121 -13.254354 -4.639896 0.000077 -0.000023 0.000006 0.022063 -0.061980 -0.045104 0.731046 -3.768974 -10.661137 -0.702879 3.651960 -10.665311 -3.358999 -5.766342 11.494997 -54.670300 -19.959518 4.516191 -176.848572 -56.891068 177.550293 6.113696 6.299240 37.441757 -5.882101 9.861279 0.702590 -10.936860 -0.360575 7.156196 0.000001 8.774813 -0.000001 -16.256151 18.098989 5.892402 -1.844032 2.498501 -2.507277 -10.163590 4.678938 4.621102 -20.975998 -0.000005 0.000002 -21.226254 2.451694 -3.593993 0.000001 -0.000006 -0.000002 -1.362679 2.240798 -0.746323 -21.334887 0.584908 3.008319 -13.821197 -0.000004 0.000004 -23.887133 -0.249080 -0.839479 -60.227718 2.662449 -1.095338 -0.294024 1.679686 0.833254 -14.218194 0.093214 1.300580 -34.212002 -0.287564 0.967170 -20.033180 0.964535 1.212841 0.000001 -0.000001 -0.000000 -3.440386 0.788231 0.501655 -15.928167 -3.167308 2.999705 -6.338817 -0.000002 0.000001 -18.123413 3.648173 -4.905661 -0.000004 -0.000001 -0.000002 14.349010 11.136341 11.353804 57.748829 6.490330 -46.905499 2.846457 86.156258 2.550059 -33.223560 3.848909 6.122726 2.243539 -5.255032 -3.180155 14.282877 -0.826592 6.952495 -0.000007 -12.690591 -0.000001 16.668524 -17.269045 2.417408 1.665664 -1.955921 -2.878296 4.727795 -4.170582 4.993917 11.020514 0.000005 -0.000001 12.109035 -3.735708 -2.866778 0.000001 0.000001 -0.000000 1.291983 -1.928547 -1.498087 14.800114 0.567470 3.865601 14.242554 -1.341734 -6.660646 19.631939 0.143927 -0.648242 49.611309 -0.479978 -6.454086 0.353028 -1.511149 -0.031941 20.222771 3.684307 2.316628 18.787247 0.000006 0.000001 10.751611 -0.479866 1.397902 0.000000 0.000001 0.000001 3.273806 0.305947 -0.580111 21.486794 11.830362 2.266131 8.162919 0.000002 -0.000001 18.399055 -3.798977 -4.940567 0.000003 0.000000 -0.000002 24.885090 29.349461 -6.979203 -0.370253 -0.943379 49.250950 -23.171188 -1.781896 -23.195795 1.669128 -1.875042 -0.786367 -0.000000 0.000000 0.000002 -12.552813 -30.421787 -34.840942 0.387152 0.355337 47.765026 10.597960 -8.831812 -2.800935 -1.423884 0.932008 0.531059 0.000000 0.000000 -0.000001 
1.445651 87.661621 1.055729 -0.123423 1.312364 -3.786725 -1.169190 0.257351 7.323693 -0.959832 -0.368369 -1.644719 -0.535231 -2.483079 12.016777 14.506339 -4.993315 12.404709 -4.192395 -11.393578 -3.327655 0.306708 -13.235587 -4.522575 0.000077 -0.000022 0.000007 0.020201 -0.068250 -0.035929 0.733394 -3.764435 -10.668734 -0.707004 3.653683 -10.672956 -3.444143 -5.822370 11.486796 -54.649448 -19.940939 4.380956 -176.719009 -57.052341 177.444977 6.289011 6.215609 37.426956 -5.882102 9.861279 0.702590 -10.936859 -0.360573 7.156197 -0.000001 8.774813 -0.000001 -16.213514 18.077499 5.885175 -1.844032 2.498502 -2.507277 -10.163590 4.678942 4.621103 -20.976000 -0.000002 0.000001 -21.226255 2.451695 -3.593995 0.000000 -0.000007 -0.000002 -1.362682 2.240798 -0.746323 -21.334892 0.584911 3.008319 -13.821197 0.000000 0.000003 -23.887131 -0.249077 -0.839483 -60.149574 2.655217 -1.104020 -0.294025 1.679686 0.833255 -14.218194 0.093216 1.300580 -34.212002 -0.287559 0.967167 -20.033178 0.964538 1.212839 0.000000 -0.000000 0.000000 -3.440386 0.788235 0.501655 -15.928169 -3.167304 2.999704 -6.338817 0.000000 0.000002 -18.123415 3.648179 -4.905665 -0.000004 -0.000001 -0.000003 14.425188 11.097985 11.386694 57.683956 6.446577 -46.949951 3.049373 86.188896 2.757953 -33.143185 3.856395 6.225938 2.243540 -5.255033 -3.180157 14.282877 -0.826594 6.952496 -0.000004 -12.690590 0.000000 16.646183 -17.214603 2.420645 1.665665 -1.955919 -2.878296 4.727795 -4.170583 4.993917 11.020512 0.000003 0.000001 12.109034 -3.735708 -2.866780 0.000000 0.000000 -0.000001 1.291985 -1.928548 -1.498088 14.800114 0.567469 3.865605 14.242551 -1.341735 -6.660648 19.631941 0.143926 -0.648243 49.589386 -0.491746 -6.435580 0.353027 -1.511151 -0.031942 20.222769 3.684306 2.316629 18.787245 0.000005 -0.000000 10.751611 -0.479869 1.397903 -0.000000 0.000001 -0.000000 3.273804 0.305948 -0.580111 21.486794 11.830363 2.266132 8.162916 0.000002 -0.000001 18.399054 -3.798978 -4.940570 0.000003 -0.000000 -0.000001 24.887651 29.302855 -6.963510 -0.357636 -0.959899 49.021942 -23.249359 -1.663822 -23.113741 1.671996 -1.874857 -0.762827 0.000000 -0.000000 0.000002 -12.433730 -30.435581 -34.990223 0.380646 0.335685 47.918568 10.596546 -8.764436 -2.977893 -1.424418 0.922714 0.589065 -0.000000 0.000001 -0.000001 
1.323536 87.689537 1.153719 -0.091617 1.298191 -3.670926 -1.187168 0.240559 7.293271 -0.968006 -0.386867 -1.641011 -0.557644 -2.517169 12.019059 14.496735 -4.968102 12.262356 -4.171470 -11.386942 -3.331997 0.320835 -13.218259 -4.406066 0.000076 -0.000021 0.000005 0.025196 -0.073751 -0.047183 0.744421 -3.784439 -10.684046 -0.705272 3.639059 -10.679235 -3.511538 -5.911939 11.481322 -54.676640 -19.971643 4.262275 -176.609482 -57.183266 177.395309 6.458694 6.141378 37.391521 -5.882098 9.861278 0.702592 -10.936858 -0.360578 7.156197 0.000003 8.774812 -0.000001 -16.176018 18.064873 5.898583 -1.844030 2.498501 -2.507276 -10.163587 4.678938 4.621104 -20.975994 -0.000010 0.000004 -21.226248 2.451691 -3.593991 0.000000 -0.000007 -0.000001 -1.362680 2.240797 -0.746320 -21.334887 0.584904 3.008321 -13.821194 -0.000005 0.000004 -23.887125 -0.249082 -0.839476 -60.106064 2.667398 -1.112881 -0.294022 1.679688 0.833255 -14.218192 0.093210 1.300580 -34.211998 -0.287571 0.967177 -20.033175 0.964531 1.212845 0.000002 0.000000 0.000001 -3.440384 0.788231 0.501654 -15.928167 -3.167309 2.999705 -6.338817 -0.000003 0.000003 -18.123407 3.648172 -4.905658 -0.000004 -0.000000 -0.000003 14.510448 11.051928 11.400566 57.567680 6.413459 -46.998898 3.118654 86.245316 2.866797 -33.100746 3.822701 6.280345 2.243540 -5.255033 -3.180156 14.282877 -0.826591 6.952495 -0.000004 -12.690590 0.000000 16.654774 -17.151571 2.390434 1.665666 -1.955920 -2.878296 4.727795 -4.170582 4.993919 11.020512 0.000004 -0.000001 12.109034 -3.735709 -2.866781 -0.000001 -0.000000 -0.000001 1.291984 -1.928547 -1.498088 14.800113 0.567469 3.865600 14.242554 -1.341733 -6.660650 19.631939 0.143928 -0.648244 49.572449 -0.498527 -6.412626 0.353027 -1.511149 -0.031940 20.222771 3.684309 2.316626 18.787245 0.000007 0.000000 10.751614 -0.479866 1.397903 0.000000 0.000001 -0.000000 3.273806 0.305948 -0.580111 21.486797 11.830367 2.266130 8.162917 0.000004 -0.000002 18.399054 -3.798976 -4.940568 0.000003 0.000000 -0.000002 24.861525 29.225916 -6.927233 -0.370715 -0.967819 48.777447 -23.307423 -1.519280 -23.069986 1.676004 -1.874611 -0.736306 -0.000000 0.000000 0.000002 -12.326026 -30.459192 -35.135616 0.363563 0.346495 48.051022 10.611033 -8.725499 -3.096069 -1.424721 0.900376 0.656421 0.000000 0.000001 -0.000001 
1.178906 87.733208 1.264103 -0.047098 1.280258 -3.542310 -1.201013 0.225909 7.268922 -0.977027 -0.422286 -1.643986 -0.582363 -2.552571 12.022131 14.480681 -4.923447 12.134041 -4.146085 -11.382534 -3.326471 0.318905 -13.186012 -4.287165 0.000077 -0.000021 0.000005 0.030341 -0.086665 -0.053585 0.742916 -3.793956 -10.687181 -0.701163 3.639136 -10.684810 -3.554910 -5.990141 11.485806 -54.659660 -20.028111 4.166635 -176.554459 -57.301029 177.344452 6.604953 6.056436 37.295273 -5.882099 9.861277 0.702589 -10.936858 -0.360576 7.156196 0.000001 8.774813 -0.000001 -16.101622 18.048416 5.916045 -1.844030 2.498503 -2.507276 -10.163589 4.678936 4.621104 -20.975996 -0.000007 0.000003 -21.226255 2.451688 -3.593994 0.000000 -0.000006 0.000000 -1.362681 2.240795 -0.746322 -21.334887 0.584906 3.008321 -13.821195 -0.000004 0.000001 -23.887133 -0.249081 -0.839480 -60.038227 2.680746 -1.122449 -0.294024 1.679686 0.833255 -14.218192 0.093214 1.300579 -34.212006 -0.287570 0.967173 -20.033178 0.964534 1.212842 0.000001 -0.000000 -0.000000 -3.440385 0.788233 0.501655 -15.928165 -3.167309 2.999703 -6.338817 -0.000002 0.000003 -18.123413 3.648177 -4.905661 -0.000004 -0.000000 -0.000003 14.570541 11.028756 11.419074 57.478065 6.354841 -47.013233 2.265543 86.320328 2.042688 -33.026928 3.799546 6.373864 2.243541 -5.255031 -3.180154 14.282875 -0.826593 6.952496 -0.000004 -12.690590 0.000001 16.638597 -17.092392 2.356891 1.665664 -1.955920 -2.878296 4.727795 -4.170582 4.993919 11.020511 0.000004 0.000000 12.109035 -3.735708 -2.866779 0.000000 0.000002 0.000000 1.291986 -1.928546 -1.498088 14.800114 0.567467 3.865605 14.242551 -1.341735 -6.660649 19.631939 0.143926 -0.648240 49.525829 -0.500459 -6.395034 0.353028 -1.511150 -0.031941 20.222769 3.684307 2.316628 18.787245 0.000006 0.000002 10.751611 -0.479867 1.397905 0.000000 0.000001 0.000001 3.273802 0.305946 -0.580110 21.486790 11.830363 2.266132 8.162916 0.000001 -0.000000 18.399048 -3.798979 -4.940566 0.000003 0.000000 -0.000001 24.822474 29.134249 -6.863716 -0.378576 -0.973128 48.454483 -23.410019 -1.388743 -22.971155 1.677613 -1.874412 -0.691969 -0.000000 0.000000 0.000002 -12.220673 -30.488466 -35.285442 0.355179 0.341939 48.188396 10.597880 -8.680213 -3.199124 -1.425064 0.910804 0.718044 0.000000 0.000002 -0.000001 
1.067326 87.786026 1.305050 0.006285 1.269651 -3.418424 -1.208755 0.206313 7.247255 -0.985816 -0.450815 -1.636683 -0.601411 -2.573026 12.008682 14.455168 -4.899002 12.022469 -4.119033 -11.342944 -3.316080 0.313699 -13.201158 -4.173059 0.000076 -0.000023 0.000006 0.024318 -0.068489 -0.053580 0.742369 -3.780586 -10.691916 -0.702009 3.648670 -10.684458 -3.595156 -6.054291 11.461950 -54.685635 -20.118549 4.117847 -176.457352 -57.442276 177.259583 6.740894 5.938966 37.115395 -5.882100 9.861280 0.702589 -10.936859 -0.360573 7.156196 -0.000000 8.774814 -0.000002 -16.070686 18.008192 5.915905 -1.844030 2.498503 -2.507276 -10.163589 4.678939 4.621103 -20.975996 -0.000002 0.000002 -21.226254 2.451693 -3.593994 -0.000001 -0.000006 0.000000 -1.362681 2.240795 -0.746323 -21.334887 0.584910 3.008320 -13.821197 -0.000003 0.000004 -23.887133 -0.249077 -0.839481 -60.025925 2.677980 -1.154297 -0.294025 1.679686 0.833257 -14.218192 0.093215 1.300579 -34.212002 -0.287564 0.967169 -20.033182 0.964534 1.212840 0.000001 -0.000000 -0.000001 -3.440385 0.788232 0.501655 -15.928167 -3.167303 2.999703 -6.338816 -0.000001 0.000002 -18.123413 3.648179 -4.905662 -0.000004 -0.000002 -0.000003 14.611197 11.010964 11.415627 57.410660 6.246850 -46.946285 -0.091094 86.393532 -0.289704 -32.957344 3.745786 6.470906 2.243540 -5.255032 -3.180156 14.282875 -0.826591 6.952497 -0.000003 -12.690588 0.000000 16.587118 -17.074060 2.356858 1.665664 -1.955920 -2.878297 4.727792 -4.170582 4.993918 11.020513 0.000004 0.000000 12.109033 -3.735708 -2.866779 -0.000001 0.000001 -0.000000 1.291984 -1.928548 -1.498087 14.800113 0.567470 3.865603 14.242553 -1.341735 -6.660647 19.631939 0.143926 -0.648243 49.415649 -0.493533 -6.407074 0.353030 -1.511149 -0.031941 20.222769 3.684307 2.316628 18.787245 0.000006 0.000001 10.751611 -0.479867 1.397903 -0.000000 -0.000001 0.000001 3.273806 0.305947 -0.580109 21.486790 11.830363 2.266132 8.162916 0.000002 -0.000002 18.399054 -3.798975 -4.940566 0.000003 0.000000 -0.000001 24.717907 29.092459 -6.893859 -0.378025 -1.015282 48.213390 -23.488966 -1.222363 -22.899269 1.680238 -1.875922 -0.655732 0.000000 0.000000 0.000002 -12.130116 -30.535236 -35.453777 0.360431 0.334722 48.268589 10.571789 -8.644767 -3.164587 -1.424782 0.910120 0.744429 0.000000 0.000000 -0.000001 
0.971572 87.832085 1.380609 0.073982 1.245909 -3.297080 -1.215554 0.196328 7.243794 -0.990307 -0.494178 -1.633607 -0.624378 -2.584521 11.986864 14.422557 -4.872088 11.968141 -4.095096 -11.294537 -3.305466 0.308447 -13.180843 -4.053360 0.000077 -0.000021 0.000008 0.032104 -0.086555 -0.052741 0.747638 -3.789506 -10.700056 -0.702494 3.645710 -10.691679 -3.612675 -6.117438 11.423089 -54.675892 -20.186825 4.099083 -176.471603 -57.530388 177.265381 6.862092 5.867771 36.880436 -5.882101 9.861280 0.702590 -10.936860 -0.360576 7.156199 0.000000 8.774813 -0.000001 -16.046034 17.969149 5.943877 -1.844031 2.498502 -2.507275 -10.163589 4.678938 4.621104 -20.975994 -0.000003 0.000003 -21.226248 2.451693 -3.593994 -0.000000 -0.000007 0.000001 -1.362680 2.240795 -0.746321 -21.334894 0.584906 3.008320 -13.821194 -0.000003 0.000003 -23.887129 -0.249080 -0.839480 -59.979309 2.663452 -1.137353 -0.294023 1.679687 0.833255 -14.218190 0.093214 1.300580 -34.211998 -0.287564 0.967171 -20.033178 0.964535 1.212843 0.000000 -0.000001 -0.000000 -3.440384 0.788233 0.501656 -15.928167 -3.167306 2.999704 -6.338816 -0.000002 0.000003 -18.123411 3.648175 -4.905659 -0.000003 -0.000001 -0.000003 14.629100 11.013015 11.410255 57.362404 6.127025 -46.879135 -2.687641 86.501831 -2.866260 -32.842651 3.687257 6.574299 2.243539 -5.255033 -3.180156 14.282873 -0.826593 6.952496 -0.000003 -12.690588 0.000000 16.522369 -17.072670 2.370811 1.665665 -1.955919 -2.878298 4.727792 -4.170583 4.993918 11.020510 0.000004 -0.000001 12.109029 -3.735710 -2.866782 0.000000 0.000001 0.000000 1.291985 -1.928547 -1.498087 14.800113 0.567469 3.865603 14.242554 -1.341734 -6.660649 19.631939 0.143928 -0.648244 49.308231 -0.492885 -6.430357 0.353028 -1.511149 -0.031938 20.222769 3.684307 2.316625 18.787245 0.000005 -0.000002 10.751610 -0.479866 1.397902 0.000000 0.000000 0.000001 3.273803 0.305946 -0.580111 21.486788 11.830361 2.266129 8.162916 0.000001 0.000000 18.399050 -3.798977 -4.940567 0.000003 0.000000 -0.000001 24.634703 29.066805 -6.868142 -0.388018 -1.026105 47.969105 -23.556665 -1.135121 -22.847818 1.682624 -1.874625 -0.634624 0.000000 -0.000001 0.000002 -12.074451 -30.581051 -35.591839 0.370905 0.336240 48.341408 10.549029 -8.591012 -3.195167 -1.424701 0.920599 0.739905 0.000000 0.000002 -0.000001 
0.907345 87.889030 1.415485 0.141135 1.203940 -3.170500 -1.218674 0.156339 7.217608 -0.994258 -0.490372 -1.620495 -0.639279 -2.605483 11.948543 14.379757 -4.839410 11.937397 -4.061377 -11.319869 -3.307140 0.288461 -13.150393 -3.928260 0.000076 -0.000022 0.000006 0.024514 -0.068410 -0.053594 0.742371 -3.776599 -10.693916 -0.705947 3.648633 -10.682321 -3.637136 -6.168366 11.373840 -54.672810 -20.263548 4.043436 -176.398270 -57.664238 177.221222 6.896383 5.770691 36.610050 -5.882100 9.861278 0.702588 -10.936858 -0.360574 7.156196 -0.000000 8.774812 -0.000000 -16.045576 17.943609 5.943942 -1.844029 2.498501 -2.507277 -10.163589 4.678940 4.621104 -20.975992 -0.000004 0.000003 -21.226250 2.451694 -3.593993 -0.000002 -0.000006 -0.000001 -1.362679 2.240798 -0.746323 -21.334888 0.584909 3.008321 -13.821194 -0.000002 0.000002 -23.887131 -0.249079 -0.839481 -59.941444 2.656167 -1.125355 -0.294024 1.679688 0.833256 -14.218192 0.093216 1.300580 -34.211998 -0.287564 0.967169 -20.033178 0.964537 1.212840 0.000001 0.000000 -0.000001 -3.440385 0.788233 0.501655 -15.928165 -3.167305 2.999702 -6.338815 0.000000 0.000002 -18.123413 3.648177 -4.905662 -0.000004 -0.000001 -0.000003 14.665189 11.004169 11.440390 57.308495 6.056238 -46.836227 -5.159937 86.588776 -5.320722 -32.760029 3.604809 6.638277 2.243540 -5.255032 -3.180155 14.282877 -0.826593 6.952499 -0.000004 -12.690590 0.000001 16.451128 -17.073095 2.398536 1.665665 -1.955920 -2.878297 4.727794 -4.170585 4.993919 11.020512 0.000003 0.000000 12.109035 -3.735709 -2.866780 0.000000 0.000000 -0.000000 1.291984 -1.928548 -1.498087 14.800113 0.567469 3.865605 14.242554 -1.341734 -6.660648 19.631939 0.143925 -0.648243 49.230797 -0.490144 -6.428282 0.353027 -1.511150 -0.031940 20.222773 3.684308 2.316628 18.787245 0.000005 -0.000000 10.751611 -0.479866 1.397905 -0.000000 -0.000002 -0.000000 3.273805 0.305947 -0.580110 21.486790 11.830363 2.266131 8.162918 0.000002 0.000001 18.399054 -3.798980 -4.940567 0.000003 0.000000 -0.000001 24.505337 29.072876 -6.884986 -0.382024 -1.046929 47.747341 -23.632717 -0.985511 -22.688810 1.685870 -1.856658 -0.628600 0.000000 -0.000000 0.000002 -12.005928 -30.640650 -35.746311 0.381059 0.343464 48.345493 10.529178 -8.540125 -3.130942 -1.424952 0.908970 0.719763 0.000000 0.000001 -0.000001 
0.835195 87.946678 1.449693 0.206629 1.188789 -3.062792 -1.222844 0.128672 7.193485 -0.991995 -0.501823 -1.617324 -0.644599 -2.617186 11.931373 14.315409 -4.815436 11.878605 -4.036664 -11.299253 -3.296665 0.233901 -13.147010 -3.790857 0.000077 -0.000023 0.000005 0.024597 -0.062376 -0.052755 0.744166 -3.773106 -10.699564 -0.708927 3.653214 -10.684570 -3.646267 -6.201543 11.327802 -54.658669 -20.351202 4.010379 -176.375610 -57.768768 177.207413 6.915720 5.703015 36.342960 -5.882101 9.861279 0.702589 -10.936859 -0.360575 7.156195 -0.000001 8.774813 -0.000002 -16.044916 17.941746 5.970367 -1.844031 2.498503 -2.507275 -10.163590 4.678941 4.621102 -20.975994 -0.000002 0.000000 -21.226255 2.451692 -3.593996 0.000000 -0.000005 -0.000001 -1.362681 2.240797 -0.746322 -21.334887 0.584910 3.008318 -13.821195 -0.000002 0.000001 -23.887133 -0.249076 -0.839486 -59.941921 2.652466 -1.099484 -0.294026 1.679685 0.833255 -14.218194 0.093215 1.300578 -34.211998 -0.287560 0.967168 -20.033175 0.964535 1.212841 0.000001 -0.000000 -0.000001 -3.440385 0.788234 0.501655 -15.928167 -3.167305 2.999703 -6.338817 0.000001 0.000001 -18.123415 3.648179 -4.905666 -0.000005 0.000001 -0.000003 14.707082 10.984500 11.460776 57.242268 5.976261 -46.871571 -6.503781 86.700752 -6.687542 -32.717819 3.563651 6.681812 2.243540 -5.255032 -3.180154 14.282875 -0.826594 6.952496 -0.000005 -12.690591 0.000002 16.374372 -17.106762 2.411766 1.665666 -1.955920 -2.878296 4.727794 -4.170582 4.993920 11.020514 0.000004 0.000001 12.109035 -3.735708 -2.866778 -0.000001 0.000001 -0.000001 1.291983 -1.928549 -1.498088 14.800113 0.567468 3.865605 14.242553 -1.341733 -6.660648 19.631939 0.143924 -0.648244 49.161610 -0.518228 -6.429365 0.353029 -1.511149 -0.031939 20.222767 3.684306 2.316629 18.787245 0.000004 0.000002 10.751610 -0.479868 1.397906 0.000000 0.000000 -0.000000 3.273806 0.305948 -0.580109 21.486790 11.830365 2.266134 8.162916 0.000001 -0.000001 18.399052 -3.798979 -4.940566 0.000003 0.000000 -0.000001 24.399719 29.073259 -6.870664 -0.386918 -1.058786 47.485161 -23.699488 -0.860931 -22.593586 1.688986 -1.855705 -0.632169 0.000000 -0.000000 0.000002 -11.956353 -30.694923 -35.873459 0.379324 0.338414 48.367256 10.520916 -8.456493 -3.060253 -1.425561 0.897521 0.689921 0.000000 0.000001 -0.000001 
0.793413 87.998161 1.515973 0.267177 1.171390 -2.973026 -1.227395 0.097783 7.174367 -0.988788 -0.504152 -1.608173 -0.645817 -2.615339 11.903378 14.275859 -4.792617 11.842319 -4.026716 -11.301862 -3.300467 0.173358 -13.146807 -3.661105 0.000077 -0.000022 0.000006 0.023309 -0.074817 -0.048743 0.739394 -3.782941 -10.699136 -0.708454 3.652164 -10.683628 -3.628539 -6.251544 11.284080 -54.667515 -20.409103 3.942826 -176.350128 -57.855556 177.182922 6.932094 5.665602 36.063545 -5.882098 9.861278 0.702589 -10.936858 -0.360577 7.156198 0.000002 8.774813 -0.000002 -16.018538 17.939934 6.020626 -1.844031 2.498501 -2.507277 -10.163589 4.678938 4.621104 -20.975992 -0.000006 0.000002 -21.226254 2.451690 -3.593994 0.000000 -0.000006 -0.000001 -1.362679 2.240796 -0.746323 -21.334887 0.584906 3.008320 -13.821195 -0.000005 0.000003 -23.887131 -0.249081 -0.839479 -59.942734 2.675795 -1.093835 -0.294023 1.679687 0.833253 -14.218192 0.093213 1.300580 -34.211998 -0.287567 0.967170 -20.033178 0.964533 1.212842 0.000001 -0.000000 -0.000000 -3.440383 0.788232 0.501654 -15.928165 -3.167309 2.999703 -6.338817 -0.000002 0.000002 -18.123411 3.648172 -4.905661 -0.000003 0.000001 -0.000003 14.774714 10.974325 11.536078 57.181065 5.943338 -46.922134 -8.753467 86.814629 -8.873231 -32.660378 3.524310 6.676678 2.243539 -5.255033 -3.180155 14.282873 -0.826594 6.952493 -0.000004 -12.690592 0.000000 16.394325 -17.145622 2.412596 1.665664 -1.955920 -2.878297 4.727792 -4.170583 4.993917 11.020511 0.000003 -0.000001 12.109034 -3.735708 -2.866779 -0.000001 -0.000000 -0.000000 1.291985 -1.928548 -1.498089 14.800114 0.567467 3.865602 14.242551 -1.341736 -6.660651 19.631939 0.143926 -0.648243 49.162067 -0.546653 -6.443646 0.353029 -1.511149 -0.031940 20.222769 3.684304 2.316626 18.787245 0.000004 0.000000 10.751610 -0.479867 1.397904 0.000000 0.000000 0.000000 3.273804 0.305947 -0.580109 21.486788 11.830361 2.266128 8.162916 0.000001 0.000000 18.399052 -3.798981 -4.940569 0.000003 0.000000 0.000000 24.299931 29.043076 -6.839640 -0.384896 -1.067607 47.291412 -23.751610 -0.752317 -22.484465 1.688544 -1.876176 -0.631951 0.000000 -0.000000 0.000002 -11.947774 -30.752676 -35.958332 0.371618 0.329078 48.401596 10.560966 -8.414268 -2.998378 -1.427605 0.907642 0.636419 0.000000 0.000000 -0.000001 
0.721448 88.063400 1.576366 0.320040 1.158543 -2.893832 -1.235785 0.079659 7.151689 -0.987069 -0.516994 -1.604924 -0.630449 -2.624958 11.886573 14.221570 -4.775012 11.833619 -4.012628 -11.291220 -3.309939 0.103320 -13.168965 -3.546162 0.000077 -0.000023 0.000005 0.018621 -0.062988 -0.055286 0.729340 -3.770661 -10.700386 -0.705963 3.655828 -10.691432 -3.601449 -6.293354 11.235835 -54.672424 -20.455290 3.905166 -176.274216 -57.937008 177.111267 6.944678 5.600413 35.706535 -5.882102 9.861279 0.702589 -10.936858 -0.360576 7.156197 -0.000000 8.774811 -0.000001 -16.045973 17.991787 6.052661 -1.844031 2.498503 -2.507276 -10.163589 4.678939 4.621102 -20.975994 -0.000002 0.000001 -21.226254 2.451692 -3.593995 0.000000 -0.000006 -0.000001 -1.362679 2.240796 -0.746325 -21.334892 0.584910 3.008321 -13.821195 -0.000002 0.000002 -23.887129 -0.249077 -0.839481 -59.978161 2.705689 -1.072387 -0.294024 1.679685 0.833255 -14.218192 0.093216 1.300580 -34.211998 -0.287562 0.967169 -20.033176 0.964535 1.212841 0.000000 0.000000 0.000001 -3.440386 0.788231 0.501655 -15.928167 -3.167305 2.999704 -6.338814 0.000000 0.000002 -18.123413 3.648175 -4.905663 -0.000003 0.000002 -0.000003 14.847119 10.960629 11.607140 57.087799 5.901357 -46.971401 -10.636587 86.972107 -10.672901 -32.647236 3.467939 6.658615 2.243540 -5.255032 -3.180155 14.282877 -0.826593 6.952494 -0.000002 -12.690587 0.000003 16.413929 -17.201187 2.413397 1.665663 -1.955919 -2.878297 4.727792 -4.170584 4.993918 11.020512 0.000004 -0.000001 12.109032 -3.735707 -2.866779 -0.000001 0.000002 -0.000000 1.291984 -1.928548 -1.498088 14.800114 0.567468 3.865603 14.242553 -1.341732 -6.660648 19.631939 0.143927 -0.648245 49.138195 -0.605955 -6.457186 0.353028 -1.511150 -0.031940 20.222769 3.684305 2.316628 18.787243 0.000005 0.000001 10.751609 -0.479867 1.397903 0.000001 0.000001 0.000000 3.273804 0.305947 -0.580110 21.486790 11.830360 2.266128 8.162916 0.000001 -0.000001 18.399052 -3.798980 -4.940570 0.000004 0.000000 -0.000002 24.226210 28.998646 -6.780167 -0.355340 -1.053571 47.036423 -23.812860 -0.651298 -22.319462 1.689019 -1.868251 -0.660410 0.000000 -0.000000 0.000002 -11.905751 -30.828785 -36.018402 0.369957 0.329084 48.403332 10.565611 -8.336925 -2.947455 -1.429166 0.887537 0.574896 0.000000 0.000000 -0.000001 
0.646936 88.131538 1.644909 0.362706 1.153294 -2.829589 -1.239786 0.069538 7.140358 -0.990183 -0.548877 -1.622954 -0.593404 -2.632625 11.848658 14.185864 -4.772513 11.847371 -4.027549 -11.283320 -3.326626 -0.010378 -13.159342 -3.430367 0.000076 -0.000022 0.000005 0.017180 -0.070058 -0.068192 0.720937 -3.787809 -10.703675 -0.695381 3.646405 -10.702259 -3.571096 -6.347456 11.198643 -54.670513 -20.468191 3.875767 -176.269150 -57.992783 177.091110 6.970924 5.561354 35.348297 -5.882101 9.861279 0.702589 -10.936858 -0.360576 7.156196 0.000000 8.774812 -0.000002 -16.098061 18.054827 6.072622 -1.844030 2.498502 -2.507278 -10.163589 4.678939 4.621103 -20.975998 -0.000004 0.000001 -21.226255 2.451690 -3.593994 -0.000002 -0.000005 -0.000003 -1.362681 2.240796 -0.746323 -21.334887 0.584907 3.008317 -13.821197 -0.000002 0.000001 -23.887135 -0.249079 -0.839482 -60.113651 2.771973 -1.049717 -0.294025 1.679687 0.833254 -14.218194 0.093214 1.300577 -34.212006 -0.287566 0.967167 -20.033176 0.964532 1.212839 0.000001 0.000000 -0.000001 -3.440384 0.788231 0.501652 -15.928169 -3.167310 2.999703 -6.338815 0.000001 0.000000 -18.123411 3.648175 -4.905663 -0.000004 -0.000001 -0.000002 14.943583 10.962296 11.709647 56.957451 5.873549 -47.014759 -12.970107 87.090202 -12.897494 -32.683868 3.444594 6.548666 2.243540 -5.255033 -3.180157 14.282875 -0.826593 6.952496 -0.000003 -12.690590 -0.000001 16.559286 -17.274048 2.378256 1.665665 -1.955921 -2.878297 4.727792 -4.170583 4.993918 11.020511 0.000003 0.000000 12.109032 -3.735708 -2.866779 -0.000001 0.000000 0.000000 1.291985 -1.928549 -1.498087 14.800113 0.567467 3.865604 14.242554 -1.341734 -6.660648 19.631939 0.143927 -0.648242 49.191788 -0.656711 -6.488244 0.353027 -1.511150 -0.031940 20.222769 3.684307 2.316628 18.787245 0.000003 0.000001 10.751611 -0.479867 1.397905 0.000001 -0.000000 0.000001 3.273805 0.305947 -0.580111 21.486792 11.830364 2.266134 8.162916 0.000001 -0.000002 18.399054 -3.798980 -4.940568 0.000003 0.000000 -0.000002 24.171328 28.950420 -6.699604 -0.350635 -1.073647 46.774166 -23.867510 -0.526864 -22.154270 1.687640 -1.889291 -0.681710 -0.000000 -0.000001 0.000002 -11.878547 -30.908674 -36.044670 0.355128 0.294712 48.408005 10.578149 -8.223269 -2.887577 -1.430078 0.895789 0.496386 0.000000 0.000000 -0.000001 
0.599432 88.195938 1.697074 0.394409 1.144983 -2.769503 -1.231561 0.056830 7.121198 -0.995715 -0.569440 -1.660408 -0.561874 -2.665156 11.827488 14.150597 -4.718781 11.846919 -4.051301 -11.316106 -3.357822 -0.137514 -13.144586 -3.300934 0.000077 -0.000024 0.000006 0.025532 -0.094807 -0.076270 0.725494 -3.816319 -10.710773 -0.679675 3.628587 -10.709173 -3.578823 -6.373937 11.179167 -54.602642 -20.470922 3.811598 -176.246429 -58.073742 177.045197 6.957379 5.525596 35.023304 -5.882099 9.861278 0.702587 -10.936858 -0.360575 7.156197 0.000001 8.774811 -0.000003 -16.162554 18.148525 6.042975 -1.844031 2.498503 -2.507276 -10.163589 4.678937 4.621102 -20.975992 -0.000005 0.000001 -21.226248 2.451691 -3.593994 -0.000002 -0.000006 -0.000001 -1.362680 2.240797 -0.746325 -21.334888 0.584909 3.008320 -13.821197 -0.000003 0.000002 -23.887131 -0.249080 -0.839482 -60.211754 2.828253 -1.064763 -0.294024 1.679685 0.833255 -14.218190 0.093214 1.300579 -34.212006 -0.287565 0.967169 -20.033178 0.964534 1.212843 0.000001 -0.000000 -0.000000 -3.440385 0.788230 0.501653 -15.928165 -3.167307 2.999704 -6.338814 0.000000 0.000002 -18.123411 3.648178 -4.905661 -0.000005 -0.000000 -0.000002 15.022920 10.985471 11.842737 56.865753 5.885682 -47.020210 -16.126081 87.193695 -15.922845 -32.748623 3.406018 6.392982 2.243539 -5.255033 -3.180156 14.282877 -0.826594 6.952495 -0.000003 -12.690588 -0.000001 16.711208 -17.355993 2.339689 1.665666 -1.955920 -2.878295 4.727793 -4.170583 4.993920 11.020514 0.000004 0.000001 12.109030 -3.735710 -2.866779 0.000000 0.000001 0.000000 1.291983 -1.928548 -1.498088 14.800113 0.567469 3.865603 14.242553 -1.341735 -6.660648 19.631939 0.143926 -0.648244 49.259270 -0.702110 -6.541926 0.353028 -1.511149 -0.031939 20.222769 3.684306 2.316627 18.787245 0.000005 0.000002 10.751613 -0.479869 1.397905 0.000000 0.000000 0.000000 3.273803 0.305947 -0.580111 21.486792 11.830361 2.266130 8.162918 0.000002 -0.000001 18.399054 -3.798980 -4.940566 0.000003 0.000000 -0.000002 24.097662 28.907158 -6.623417 -0.333669 -1.094085 46.501083 -23.890003 -0.364057 -22.073080 1.689670 -1.921420 -0.680990 -0.000000 -0.000001 0.000002 -11.840034 -31.031473 -36.046265 0.352129 0.275608 48.337303 10.585553 -8.168636 -2.847638 -1.431217 0.895130 0.443103 0.000000 0.000002 -0.000001 
0.511872 88.299820 1.744320 0.404541 1.110910 -2.711817 -1.198757 0.028827 7.094441 -1.005189 -0.555811 -1.717969 -0.518160 -2.728867 11.806468 14.031259 -4.631554 11.889380 -4.070062 -11.353818 -3.383920 -0.223438 -13.087644 -3.180633 0.000077 -0.000024 0.000006 0.033365 -0.117445 -0.069551 0.722549 -3.832780 -10.698769 -0.670524 3.610427 -10.711417 -3.637890 -6.356263 11.216325 -54.463650 -20.553970 3.738348 -176.354141 -58.227196 177.111420 6.921970 5.472251 34.615303 -5.882099 9.861276 0.702588 -10.936859 -0.360577 7.156196 0.000001 8.774812 -0.000001 -16.219084 18.260220 6.037798 -1.844030 2.498503 -2.507276 -10.163590 4.678937 4.621102 -20.975998 -0.000006 0.000001 -21.226255 2.451688 -3.593993 -0.000001 -0.000006 -0.000002 -1.362681 2.240796 -0.746321 -21.334887 0.584908 3.008319 -13.821195 -0.000004 0.000002 -23.887133 -0.249079 -0.839482 -60.339657 2.912596 -1.043185 -0.294025 1.679685 0.833257 -14.218192 0.093213 1.300577 -34.211998 -0.287565 0.967172 -20.033178 0.964534 1.212842 0.000001 0.000000 0.000001 -3.440385 0.788232 0.501655 -15.928165 -3.167308 2.999703 -6.338815 -0.000001 0.000001 -18.123413 3.648175 -4.905663 -0.000004 0.000003 -0.000003 15.027950 11.029596 11.938927 56.783794 5.866622 -46.890839 -21.170786 87.333466 -20.898569 -32.791336 3.235653 6.104004 2.243538 -5.255031 -3.180156 14.282877 -0.826593 6.952499 -0.000005 -12.690587 -0.000000 16.876623 -17.379141 2.330935 1.665666 -1.955920 -2.878296 4.727792 -4.170582 4.993917 11.020511 0.000004 0.000000 12.109034 -3.735708 -2.866779 -0.000001 0.000000 0.000000 1.291985 -1.928547 -1.498088 14.800113 0.567469 3.865602 14.242554 -1.341733 -6.660650 19.631937 0.143927 -0.648242 49.416203 -0.708099 -6.546650 0.353029 -1.511150 -0.031940 20.222767 3.684307 2.316628 18.787245 0.000006 0.000000 10.751610 -0.479868 1.397905 0.000001 0.000000 0.000000 3.273803 0.305947 -0.580110 21.486790 11.830361 2.266129 8.162916 0.000001 -0.000001 18.399052 -3.798977 -4.940566 0.000003 0.000000 -0.000001 24.051710 28.802280 -6.477862 -0.334630 -1.108333 46.072369 -23.876072 -0.175958 -21.947451 1.687384 -1.944358 -0.661157 0.000000 0.000001 0.000002 -11.739994 -31.124699 -36.004608 0.337055 0.238044 48.171284 10.562986 -8.163960 -2.782354 -1.431836 0.933812 0.434923 0.000000 0.000001 -0.000001 
