HIERARCHY
ROOT Hips
{
	OFFSET 0.000000 0.000000 0.000000
	CHANNELS 6 Xposition Yposition Zposition Zrotation Yrotation Xrotation 
	JOINT Spine1
	{
		OFFSET -0.013727 5.003763 -0.053727
		CHANNELS 3 Zrotation Yrotation Xrotation
		JOINT Spine2
		{
			OFFSET -0.000000 7.125302 -0.029825
			CHANNELS 3 Zrotation Yrotation Xrotation
			JOINT Chest
			{
				OFFSET -0.000001 7.550063 -0.815971
				CHANNELS 3 Zrotation Yrotation Xrotation
				JOINT Neck1
				{
					OFFSET -0.181676 26.311296 -0.553348
					CHANNELS 3 Zrotation Yrotation Xrotation
					JOINT Neck2
					{
						OFFSET -0.000003 7.709399 2.302585
						CHANNELS 3 Zrotation Yrotation Xrotation
						JOINT Head
						{
							OFFSET -0.000005 6.128912 1.953709
							CHANNELS 3 Zrotation Yrotation Xrotation
							JOINT HeadEnd
							{
								OFFSET 0.003598 16.065401 -1.835380
								CHANNELS 3 Zrotation Yrotation Xrotation
								End Site
								{
									OFFSET 0.000000 0.000000 0.000000
								}
							}
							JOINT Jaw
							{
								OFFSET 0.002637 0.475591 3.094941
								CHANNELS 3 Zrotation Yrotation Xrotation
								End Site
								{
									OFFSET 0.000000 0.000000 0.000000
								}
							}
							JOINT LeftEye
							{
								OFFSET 3.206380 5.380208 7.586882
								CHANNELS 3 Zrotation Yrotation Xrotation
								End Site
								{
									OFFSET 0.000000 0.000000 0.000000
								}
							}
							JOINT RightEye
							{
								OFFSET -3.222440 5.361868 7.558232
								CHANNELS 3 Zrotation Yrotation Xrotation
								End Site
								{
									OFFSET 0.000000 0.000000 0.000000
								}
							}
						}
					}
				}
				JOINT LeftShoulder
				{
					OFFSET 1.621652 23.237164 5.113413
					CHANNELS 3 Zrotation Yrotation Xrotation
					JOINT LeftArm
					{
						OFFSET 14.919845 0.000000 -5.502326
						CHANNELS 3 Zrotation Yrotation Xrotation
						JOINT LeftForeArm
						{
							OFFSET 28.739313 0.000003 -0.002588
							CHANNELS 3 Zrotation Yrotation Xrotation
							JOINT LeftHand
							{
								OFFSET 27.093983 -0.000003 0.002610
								CHANNELS 3 Zrotation Yrotation Xrotation
								JOINT LeftHandThumb1
								{
									OFFSET 2.276481 -1.392046 3.191413
									CHANNELS 3 Zrotation Yrotation Xrotation
									JOINT LeftHandThumb2
									{
										OFFSET 4.012840 -1.828126 1.641655
										CHANNELS 3 Zrotation Yrotation Xrotation
										JOINT LeftHandThumb3
										{
											OFFSET 2.798517 0.000001 -0.000003
											CHANNELS 3 Zrotation Yrotation Xrotation
											JOINT LeftHandThumbEnd
											{
												OFFSET 3.180791 -0.000002 0.000003
												CHANNELS 3 Zrotation Yrotation Xrotation
												End Site
												{
													OFFSET 0.000000 0.000000 0.000000
												}
											}
										}
									}
								}
								JOINT LeftHandIndex1
								{
									OFFSET 3.247554 -0.531998 2.296169
									CHANNELS 3 Zrotation Yrotation Xrotation
									JOINT LeftHandIndex2
									{
										OFFSET 6.364580 0.012062 0.178600
										CHANNELS 3 Zrotation Yrotation Xrotation
										JOINT LeftHandIndex3
										{
											OFFSET 3.662366 0.000001 -0.000000
											CHANNELS 3 Zrotation Yrotation Xrotation
											JOINT LeftHandIndex4
											{
												OFFSET 2.329243 0.000003 0.000005
												CHANNELS 3 Zrotation Yrotation Xrotation
												JOINT LeftHandIndexEnd
												{
													OFFSET 2.759619 -0.180539 -0.113024
													CHANNELS 3 Zrotation Yrotation Xrotation
													End Site
													{
														OFFSET 0.000000 0.000000 0.000000
													}
												}
											}
										}
									}
								}
								JOINT LeftHandMiddle1
								{
									OFFSET 3.163499 0.240982 1.000332
									CHANNELS 3 Zrotation Yrotation Xrotation
									JOINT LeftHandMiddle2
									{
										OFFSET 6.190778 -0.259276 -1.002548
										CHANNELS 3 Zrotation Yrotation Xrotation
										JOINT LeftHandMiddle3
										{
											OFFSET 4.356523 -0.000005 0.000000
											CHANNELS 3 Zrotation Yrotation Xrotation
											JOINT LeftHandMiddle4
											{
												OFFSET 2.996875 -0.000007 0.000001
												CHANNELS 3 Zrotation Yrotation Xrotation
												JOINT LeftHandMiddleEnd
												{
													OFFSET 2.304294 -0.294571 -0.031739
													CHANNELS 3 Zrotation Yrotation Xrotation
													End Site
													{
														OFFSET 0.000000 0.000000 0.000000
													}
												}
											}
										}
									}
								}
								JOINT LeftHandRing1
								{
									OFFSET 2.882642 -0.053650 -0.322543
									CHANNELS 3 Zrotation Yrotation Xrotation
									JOINT LeftHandRing2
									{
										OFFSET 5.854543 -0.486203 -1.373841
										CHANNELS 3 Zrotation Yrotation Xrotation
										JOINT LeftHandRing3
										{
											OFFSET 4.350581 0.000001 0.000004
											CHANNELS 3 Zrotation Yrotation Xrotation
											JOINT LeftHandRing4
											{
												OFFSET 2.651324 0.000008 0.000003
												CHANNELS 3 Zrotation Yrotation Xrotation
												JOINT LeftHandRingEnd
												{
													OFFSET 1.936111 0.077685 -0.000070
													CHANNELS 3 Zrotation Yrotation Xrotation
													End Site
													{
														OFFSET 0.000000 0.000000 0.000000
													}
												}
											}
										}
									}
								}
								JOINT LeftHandPinky1
								{
									OFFSET 2.865500 -0.310004 -1.600378
									CHANNELS 3 Zrotation Yrotation Xrotation
									JOINT LeftHandPinky2
									{
										OFFSET 5.087853 -1.331142 -1.771231
										CHANNELS 3 Zrotation Yrotation Xrotation
										JOINT LeftHandPinky3
										{
											OFFSET 3.070976 0.000004 0.000000
											CHANNELS 3 Zrotation Yrotation Xrotation
											JOINT LeftHandPinky4
											{
												OFFSET 1.549667 0.000000 0.000001
												CHANNELS 3 Zrotation Yrotation Xrotation
												JOINT LeftHandPinkyEnd
												{
													OFFSET 1.944894 -0.157802 0.057219
													CHANNELS 3 Zrotation Yrotation Xrotation
													End Site
													{
														OFFSET 0.000000 0.000000 0.000000
													}
												}
											}
										}
									}
								}
							}
						}
					}
				}
				JOINT RightShoulder
				{
					OFFSET -1.380118 23.180307 5.214158
					CHANNELS 3 Zrotation Yrotation Xrotation
					JOINT RightArm
					{
						OFFSET -15.037197 0.000012 -5.545604
						CHANNELS 3 Zrotation Yrotation Xrotation
						JOINT RightForeArm
						{
							OFFSET -28.736639 0.000002 -0.002599
							CHANNELS 3 Zrotation Yrotation Xrotation
							JOINT RightHand
							{
								OFFSET -27.133619 0.000000 0.002613
								CHANNELS 3 Zrotation Yrotation Xrotation
								JOINT RightHandThumb1
								{
									OFFSET -2.274036 -1.383990 3.163127
									CHANNELS 3 Zrotation Yrotation Xrotation
									JOINT RightHandThumb2
									{
										OFFSET -4.011430 -1.827468 1.640915
										CHANNELS 3 Zrotation Yrotation Xrotation
										JOINT RightHandThumb3
										{
											OFFSET -2.794934 -0.000004 -0.000003
											CHANNELS 3 Zrotation Yrotation Xrotation
											JOINT RightHandThumbEnd
											{
												OFFSET -3.183855 0.000003 0.000000
												CHANNELS 3 Zrotation Yrotation Xrotation
												End Site
												{
													OFFSET 0.000000 0.000000 0.000000
												}
											}
										}
									}
								}
								JOINT RightHandIndex1
								{
									OFFSET -3.253269 -0.520060 2.282866
									CHANNELS 3 Zrotation Yrotation Xrotation
									JOINT RightHandIndex2
									{
										OFFSET -6.341918 0.012473 0.178265
										CHANNELS 3 Zrotation Yrotation Xrotation
										JOINT RightHandIndex3
										{
											OFFSET -3.654874 -0.000009 -0.000001
											CHANNELS 3 Zrotation Yrotation Xrotation
											JOINT RightHandIndex4
											{
												OFFSET -2.327587 0.000001 0.000000
												CHANNELS 3 Zrotation Yrotation Xrotation
												JOINT RightHandIndexEnd
												{
													OFFSET -2.761789 -0.180657 -0.113079
													CHANNELS 3 Zrotation Yrotation Xrotation
													End Site
													{
														OFFSET 0.000000 0.000000 0.000000
													}
												}
											}
										}
									}
								}
								JOINT RightHandMiddle1
								{
									OFFSET -3.168105 0.246593 1.001030
									CHANNELS 3 Zrotation Yrotation Xrotation
									JOINT RightHandMiddle2
									{
										OFFSET -6.180830 -0.258836 -1.000896
										CHANNELS 3 Zrotation Yrotation Xrotation
										JOINT RightHandMiddle3
										{
											OFFSET -4.348905 -0.000001 -0.000001
											CHANNELS 3 Zrotation Yrotation Xrotation
											JOINT RightHandMiddle4
											{
												OFFSET -3.000243 -0.000004 -0.000002
												CHANNELS 3 Zrotation Yrotation Xrotation
												JOINT RightHandMiddleEnd
												{
													OFFSET -2.302518 -0.294371 -0.031706
													CHANNELS 3 Zrotation Yrotation Xrotation
													End Site
													{
														OFFSET 0.000000 0.000000 0.000000
													}
												}
											}
										}
									}
								}
								JOINT RightHandRing1
								{
									OFFSET -2.885693 -0.067952 -0.308858
									CHANNELS 3 Zrotation Yrotation Xrotation
									JOINT RightHandRing2
									{
										OFFSET -5.854198 -0.486132 -1.373731
										CHANNELS 3 Zrotation Yrotation Xrotation
										JOINT RightHandRing3
										{
											OFFSET -4.338814 -0.000004 -0.000000
											CHANNELS 3 Zrotation Yrotation Xrotation
											JOINT RightHandRing4
											{
												OFFSET -2.654905 -0.000004 0.000004
												CHANNELS 3 Zrotation Yrotation Xrotation
												JOINT RightHandRingEnd
												{
													OFFSET -1.933570 0.077524 -0.000052
													CHANNELS 3 Zrotation Yrotation Xrotation
													End Site
													{
														OFFSET 0.000000 0.000000 0.000000
													}
												}
											}
										}
									}
								}
								JOINT RightHandPinky1
								{
									OFFSET -2.866429 -0.342798 -1.584145
									CHANNELS 3 Zrotation Yrotation Xrotation
									JOINT RightHandPinky2
									{
										OFFSET -5.091371 -1.332054 -1.772385
										CHANNELS 3 Zrotation Yrotation Xrotation
										JOINT RightHandPinky3
										{
											OFFSET -3.062666 -0.000007 0.000000
											CHANNELS 3 Zrotation Yrotation Xrotation
											JOINT RightHandPinky4
											{
												OFFSET -1.546527 0.000006 -0.000002
												CHANNELS 3 Zrotation Yrotation Xrotation
												JOINT RightHandPinkyEnd
												{
													OFFSET -1.945122 -0.157722 0.057211
													CHANNELS 3 Zrotation Yrotation Xrotation
													End Site
													{
														OFFSET 0.000000 0.000000 0.000000
													}
												}
											}
										}
									}
								}
							}
						}
					}
				}
			}
		}
	}
	JOINT LeftLeg
	{
		OFFSET 10.043214 -8.434526 2.595655
		CHANNELS 3 Zrotation Yrotation Xrotation
		JOINT LeftShin
		{
			OFFSET -0.000001 -43.221752 -0.802913
			CHANNELS 3 Zrotation Yrotation Xrotation
			JOINT LeftFoot
			{
				OFFSET 0.000002 -42.155094 -3.481523
				CHANNELS 3 Zrotation Yrotation Xrotation
				JOINT LeftToeBase
				{
					OFFSET 0.000000 -5.059475 13.231529
					CHANNELS 3 Zrotation Yrotation Xrotation
					JOINT LeftToeEnd
					{
						OFFSET -0.009607 -1.647616 6.513017
						CHANNELS 3 Zrotation Yrotation Xrotation
						End Site
						{
							OFFSET 0.000000 0.000000 0.000000
						}
					}
				}
			}
		}
	}
	JOINT RightLeg
	{
		OFFSET -10.047277 -8.295259 2.620317
		CHANNELS 3 Zrotation Yrotation Xrotation
		JOINT RightShin
		{
			OFFSET 0.000001 -43.362209 -0.805556
			CHANNELS 3 Zrotation Yrotation Xrotation
			JOINT RightFoot
			{
				OFFSET 0.000002 -42.117393 -3.478397
				CHANNELS 3 Zrotation Yrotation Xrotation
				JOINT RightToeBase
				{
					OFFSET -0.000001 -5.079609 13.284196
					CHANNELS 3 Zrotation Yrotation Xrotation
					JOINT RightToeEnd
					{
						OFFSET 0.009532 -1.634384 6.460591
						CHANNELS 3 Zrotation Yrotation Xrotation
						End Site
						{
							OFFSET 0.000000 0.000000 0.000000
						}
					}
				}
			}
		}
	}
}
MOTION
Frames: 150
Frame Time: 0.033333
3.905654 97.369240 1.340291 -0.818698 -0.214611 -0.486522 0.090700 0.639405 2.142491 -0.548544 0.420453 -4.818583 1.447785 -1.691437 14.438428 -6.177202 8.898881 23.449045 1.107209 6.749426 -3.073327 -3.761728 7.699103 17.607800 0.000078 -0.000023 0.000006 0.042724 -0.045467 -0.196283 0.874851 -3.863585 -10.833162 -0.797102 3.767907 -10.808291 23.610514 -18.480085 8.462609 -95.076561 -36.009617 -16.706573 179.695511 -30.572887 179.865143 -2.448401 -16.252083 -10.160044 -5.882101 9.861280 0.702588 -10.936860 -0.360576 7.156197 0.000000 8.774814 -0.000001 -16.703985 17.956194 6.036445 -1.844030 2.498503 -2.507275 -10.163589 4.678938 4.621103 -20.975994 -0.000004 0.000003 -21.226250 2.451692 -3.593994 0.000001 -0.000006 -0.000001 -1.362681 2.240797 -0.746323 -21.334887 0.584906 3.008320 -13.821195 -0.000003 0.000002 -23.887131 -0.249078 -0.839480 -61.738522 2.166337 -1.513521 -0.294024 1.679686 0.833255 -14.218192 0.093214 1.300578 -34.211998 -0.287564 0.967170 -20.033176 0.964534 1.212843 -0.000000 -0.000000 0.000000 -3.440386 0.788232 0.501653 -15.928165 -3.167307 2.999704 -6.338817 -0.000002 0.000001 -18.123415 3.648176 -4.905663 -0.000005 0.000000 -0.000002 -13.305415 25.925140 11.047148 94.586807 47.484608 16.027935 179.891022 38.152748 -179.565506 -7.054997 12.506950 -7.121502 2.243539 -5.255033 -3.180155 14.282878 -0.826592 6.952499 -0.000003 -12.690592 -0.000001 16.924179 -18.762590 3.025425 1.665664 -1.955920 -2.878295 4.727794 -4.170584 4.993920 11.020512 0.000004 -0.000000 12.109030 -3.735709 -2.866777 0.000001 0.000000 -0.000001 1.291984 -1.928548 -1.498085 14.800111 0.567470 3.865602 14.242551 -1.341734 -6.660649 19.631939 0.143928 -0.648242 51.488262 -1.181115 -5.808119 0.353028 -1.511150 -0.031941 20.222773 3.684310 2.316628 18.787245 0.000006 0.000002 10.751610 -0.479866 1.397906 -0.000001 0.000001 -0.000002 3.273804 0.305947 -0.580112 21.486794 11.830368 2.266135 8.162918 0.000003 -0.000001 18.399054 -3.798981 -4.940566 0.000004 -0.000001 -0.000001 9.942456 25.138451 -19.959282 -0.360297 -0.682604 26.952877 -10.545879 -10.824961 1.686570 1.637016 -1.830007 -1.088944 -0.000000 0.000000 0.000002 -12.108064 -10.608800 0.002445 0.068340 0.577799 17.598509 12.455930 5.582898 -10.183762 -1.434757 0.899226 -1.801431 0.000000 0.000000 -0.000001 
3.737964 97.362778 1.319506 -0.794733 -0.495345 -0.546910 0.082593 0.594247 2.192212 -0.511314 0.402505 -4.842495 1.444267 -1.647262 14.506667 -6.227811 8.944719 23.477947 1.074992 6.772033 -3.062536 -3.927511 7.877450 17.614021 0.000077 -0.000023 0.000005 0.062919 -0.041909 -0.181031 0.893771 -3.877065 -10.865152 -0.775188 3.783259 -10.836781 23.657391 -18.475386 8.545200 -94.994682 -35.889061 -16.732597 179.476318 -30.472477 179.977249 -2.483364 -16.352552 -10.348611 -5.882100 9.861279 0.702590 -10.936858 -0.360574 7.156198 -0.000000 8.774816 -0.000002 -16.722198 17.996017 6.067482 -1.844031 2.498502 -2.507277 -10.163589 4.678941 4.621105 -20.975996 -0.000003 0.000004 -21.226250 2.451694 -3.593992 0.000001 -0.000006 0.000001 -1.362681 2.240797 -0.746323 -21.334890 0.584908 3.008322 -13.821195 -0.000003 0.000003 -23.887129 -0.249076 -0.839479 -61.864052 2.074660 -1.519718 -0.294025 1.679686 0.833254 -14.218194 0.093214 1.300581 -34.212002 -0.287562 0.967173 -20.033178 0.964536 1.212844 -0.000000 -0.000000 -0.000000 -3.440385 0.788233 0.501656 -15.928167 -3.167306 2.999706 -6.338817 -0.000001 0.000002 -18.123411 3.648177 -4.905658 -0.000005 0.000000 -0.000002 -13.312826 26.026611 11.200810 94.723381 47.580719 16.107084 179.730988 38.155861 -179.638107 -6.944694 12.625664 -6.913208 2.243539 -5.255032 -3.180154 14.282877 -0.826593 6.952499 -0.000002 -12.690592 -0.000001 16.787535 -18.707750 3.041289 1.665664 -1.955920 -2.878297 4.727794 -4.170583 4.993917 11.020512 0.000003 0.000000 12.109031 -3.735708 -2.866779 0.000001 -0.000000 -0.000000 1.291984 -1.928548 -1.498090 14.800109 0.567468 3.865604 14.242553 -1.341735 -6.660647 19.631937 0.143925 -0.648239 51.381111 -1.197794 -5.777460 0.353029 -1.511149 -0.031941 20.222771 3.684308 2.316631 18.787245 0.000005 0.000003 10.751607 -0.479868 1.397904 0.000001 0.000003 0.000000 3.273804 0.305947 -0.580109 21.486790 11.830363 2.266133 8.162916 0.000003 -0.000001 18.399054 -3.798977 -4.940566 0.000003 -0.000002 -0.000001 10.130087 25.196625 -19.777634 -0.358969 -0.659280 26.905947 -10.697068 -10.513742 1.796267 1.635758 -1.871258 -1.104436 0.000000 0.000001 0.000002 -12.072083 -10.649500 -0.137940 0.063874 0.538486 17.832153 12.375343 5.996910 -10.290776 -1.438416 0.888809 -1.860615 0.000000 0.000000 -0.000001 
3.552945 97.334717 1.310650 -0.786742 -0.678854 -0.604258 0.101350 0.536838 2.215218 -0.499128 0.404268 -4.855505 1.440595 -1.620294 14.548140 -6.275501 8.993787 23.527246 1.093924 6.744983 -3.037947 -4.059464 8.035339 17.514158 0.000077 -0.000023 0.000006 0.073859 -0.067338 -0.187205 0.904594 -3.905681 -10.892256 -0.749433 3.762980 -10.866039 23.659678 -18.474527 8.604643 -94.778664 -35.801220 -16.850985 179.285126 -30.383440 -179.917786 -2.515879 -16.387623 -10.538550 -5.882102 9.861279 0.702590 -10.936858 -0.360574 7.156198 0.000001 8.774813 -0.000001 -16.715353 17.992426 6.111533 -1.844031 2.498503 -2.507274 -10.163589 4.678940 4.621105 -20.975994 -0.000004 0.000004 -21.226254 2.451693 -3.593990 0.000001 -0.000006 -0.000000 -1.362680 2.240796 -0.746321 -21.334885 0.584908 3.008322 -13.821195 -0.000002 0.000003 -23.887125 -0.249076 -0.839479 -61.999352 2.074391 -1.505442 -0.294024 1.679686 0.833255 -14.218192 0.093214 1.300581 -34.211998 -0.287563 0.967173 -20.033176 0.964536 1.212843 -0.000000 -0.000000 0.000000 -3.440384 0.788233 0.501655 -15.928169 -3.167306 2.999705 -6.338817 -0.000001 0.000002 -18.123415 3.648178 -4.905659 -0.000005 0.000001 -0.000001 -13.314686 26.050730 11.272376 94.827744 47.687386 16.158195 179.565659 38.269955 -179.717926 -6.897083 12.805117 -6.865480 2.243540 -5.255033 -3.180156 14.282879 -0.826594 6.952495 -0.000001 -12.690587 -0.000001 16.599865 -18.624123 3.072931 1.665665 -1.955920 -2.878298 4.727795 -4.170583 4.993918 11.020513 0.000003 -0.000001 12.109035 -3.735709 -2.866779 0.000001 -0.000000 -0.000000 1.291984 -1.928548 -1.498089 14.800111 0.567467 3.865602 14.242554 -1.341735 -6.660647 19.631939 0.143922 -0.648243 51.303665 -1.198946 -5.766016 0.353029 -1.511149 -0.031939 20.222771 3.684305 2.316627 18.787245 0.000005 -0.000000 10.751610 -0.479869 1.397903 0.000000 0.000002 0.000000 3.273805 0.305946 -0.580113 21.486790 11.830359 2.266130 8.162916 0.000003 -0.000002 18.399057 -3.798977 -4.940567 0.000004 -0.000002 -0.000001 10.322477 25.279074 -19.636030 -0.356161 -0.641405 26.879332 -10.831296 -10.301867 1.848687 1.634173 -1.880486 -1.066947 0.000000 -0.000000 0.000002 -12.007756 -10.744304 -0.246832 0.063650 0.520208 18.077328 12.255724 6.376580 -10.503744 -1.440993 0.902470 -1.849800 -0.000000 -0.000000 -0.000001 
3.225088 97.273605 1.263414 -0.789407 -0.854902 -0.650020 0.134340 0.515288 2.221767 -0.497539 0.403109 -4.857959 1.442639 -1.649381 14.558162 -6.350633 9.052096 23.587255 1.117051 6.704563 -3.036275 -4.174086 8.163650 17.499619 0.000077 -0.000023 0.000007 0.089629 -0.074734 -0.189065 0.915269 -3.918732 -10.910899 -0.733875 3.756009 -10.856630 23.616467 -18.445816 8.631835 -94.497200 -35.688484 -17.049631 179.204971 -30.319786 -179.857407 -2.496984 -16.403830 -10.638105 -5.882102 9.861279 0.702590 -10.936858 -0.360576 7.156196 0.000001 8.774814 -0.000001 -16.671515 17.949821 6.146722 -1.844031 2.498503 -2.507276 -10.163590 4.678940 4.621103 -20.975998 -0.000003 0.000002 -21.226255 2.451693 -3.593994 -0.000000 -0.000006 0.000000 -1.362680 2.240796 -0.746324 -21.334894 0.584909 3.008320 -13.821197 -0.000003 0.000002 -23.887135 -0.249078 -0.839482 -62.046097 2.068417 -1.490479 -0.294025 1.679686 0.833255 -14.218194 0.093214 1.300578 -34.212002 -0.287564 0.967169 -20.033180 0.964535 1.212841 0.000000 0.000000 -0.000000 -3.440386 0.788233 0.501656 -15.928169 -3.167306 2.999703 -6.338817 -0.000001 0.000001 -18.123413 3.648175 -4.905661 -0.000004 0.000001 -0.000001 -13.367836 26.048183 11.268012 95.002731 47.751728 16.170855 179.381042 38.375740 -179.815704 -6.940231 12.921678 -7.037348 2.243540 -5.255033 -3.180155 14.282878 -0.826594 6.952495 -0.000001 -12.690588 -0.000002 16.522804 -18.589687 3.091655 1.665665 -1.955920 -2.878298 4.727794 -4.170583 4.993920 11.020511 0.000003 0.000000 12.109031 -3.735710 -2.866778 0.000001 -0.000000 -0.000001 1.291984 -1.928547 -1.498086 14.800111 0.567468 3.865604 14.242553 -1.341735 -6.660646 19.631937 0.143927 -0.648241 51.360447 -1.239513 -5.762167 0.353029 -1.511149 -0.031940 20.222769 3.684306 2.316629 18.787245 0.000004 -0.000000 10.751606 -0.479867 1.397903 0.000001 0.000003 -0.000001 3.273804 0.305947 -0.580111 21.486790 11.830362 2.266131 8.162916 0.000003 -0.000001 18.399052 -3.798980 -4.940566 0.000004 -0.000002 -0.000001 10.597869 25.396429 -19.481894 -0.344892 -0.634779 26.733866 -11.054342 -10.200842 1.915091 1.633028 -1.882686 -1.033148 0.000000 -0.000000 0.000002 -11.823675 -10.811511 -0.500970 0.077633 0.513914 18.554062 12.069652 6.679565 -10.977459 -1.444609 0.914865 -1.784948 -0.000000 -0.000000 -0.000001 
2.867735 97.248650 1.244126 -0.797067 -0.993290 -0.695639 0.175231 0.518818 2.216317 -0.499661 0.378565 -4.861245 1.440219 -1.696982 14.576387 -6.433587 9.108237 23.639862 1.123490 6.674473 -3.029793 -4.264816 8.265799 17.525024 0.000077 -0.000023 0.000007 0.090821 -0.073529 -0.149197 0.909168 -3.922631 -10.895993 -0.721463 3.754463 -10.845360 23.489759 -18.420740 8.711716 -94.142815 -35.659096 -17.279589 179.183075 -30.274446 -179.840652 -2.444088 -16.390949 -10.625828 -5.882100 9.861280 0.702590 -10.936861 -0.360574 7.156196 -0.000001 8.774815 -0.000002 -16.620726 17.871414 6.163082 -1.844031 2.498503 -2.507276 -10.163590 4.678940 4.621103 -20.975994 -0.000004 0.000002 -21.226255 2.451693 -3.593994 -0.000000 -0.000006 0.000000 -1.362681 2.240797 -0.746324 -21.334887 0.584907 3.008319 -13.821197 -0.000003 0.000002 -23.887131 -0.249078 -0.839482 -61.961082 2.088442 -1.492324 -0.294024 1.679686 0.833254 -14.218195 0.093214 1.300579 -34.212002 -0.287565 0.967168 -20.033180 0.964534 1.212841 -0.000000 -0.000001 -0.000000 -3.440386 0.788232 0.501655 -15.928167 -3.167306 2.999702 -6.338818 -0.000001 0.000002 -18.123413 3.648178 -4.905662 -0.000005 0.000001 -0.000001 -13.381343 26.032024 11.231681 95.146812 47.832867 16.256756 179.320007 38.497055 -179.851593 -6.970346 12.977826 -7.237258 2.243540 -5.255033 -3.180156 14.282879 -0.826594 6.952493 -0.000001 -12.690591 0.000000 16.468386 -18.548912 3.101793 1.665665 -1.955920 -2.878296 4.727794 -4.170584 4.993920 11.020513 0.000002 -0.000001 12.109035 -3.735713 -2.866777 0.000000 -0.000001 0.000001 1.291984 -1.928547 -1.498088 14.800113 0.567467 3.865605 14.242554 -1.341738 -6.660648 19.631939 0.143923 -0.648243 51.403553 -1.220609 -5.760848 0.353029 -1.511149 -0.031940 20.222773 3.684306 2.316630 18.787249 0.000006 0.000001 10.751613 -0.479867 1.397906 -0.000000 0.000002 -0.000001 3.273804 0.305947 -0.580108 21.486794 11.830364 2.266130 8.162919 0.000003 -0.000001 18.399052 -3.798979 -4.940568 0.000003 -0.000002 -0.000002 10.904866 25.488478 -19.282698 -0.339650 -0.623273 26.523155 -11.307071 -10.118655 2.138480 1.632516 -1.885035 -1.061948 0.000000 -0.000000 0.000002 -11.600888 -10.832054 -0.655756 0.081181 0.491637 18.885847 11.914680 6.878081 -11.329288 -1.446499 0.927772 -1.728921 0.000000 0.000000 -0.000001 
2.493536 97.231705 1.220696 -0.811922 -1.101728 -0.729368 0.233124 0.520736 2.201807 -0.502746 0.356316 -4.873841 1.432741 -1.775031 14.589645 -6.544902 9.178640 23.682737 1.106760 6.660131 -3.041998 -4.306140 8.367438 17.611149 0.000076 -0.000023 0.000007 0.094027 -0.077769 -0.158041 0.902956 -3.914981 -10.895234 -0.723755 3.752404 -10.867249 23.304831 -18.398787 8.805835 -93.839920 -35.688663 -17.533159 179.227356 -30.275946 -179.840561 -2.378962 -16.382364 -10.579075 -5.882102 9.861279 0.702588 -10.936858 -0.360574 7.156196 -0.000000 8.774814 -0.000000 -16.589846 17.809010 6.137622 -1.844031 2.498502 -2.507275 -10.163589 4.678940 4.621104 -20.975992 -0.000003 0.000001 -21.226248 2.451693 -3.593994 -0.000000 -0.000005 -0.000001 -1.362680 2.240796 -0.746324 -21.334887 0.584908 3.008319 -13.821197 -0.000003 0.000002 -23.887131 -0.249080 -0.839482 -61.855930 2.067812 -1.510968 -0.294025 1.679686 0.833256 -14.218190 0.093214 1.300579 -34.211998 -0.287564 0.967170 -20.033175 0.964535 1.212841 -0.000000 -0.000000 -0.000000 -3.440385 0.788233 0.501654 -15.928164 -3.167306 2.999703 -6.338814 -0.000001 0.000002 -18.123411 3.648177 -4.905660 -0.000005 0.000001 -0.000002 -13.377224 26.043297 11.207368 95.282478 47.889030 16.387093 179.326599 38.585754 -179.835709 -7.007742 12.998675 -7.369704 2.243539 -5.255031 -3.180155 14.282875 -0.826593 6.952497 -0.000002 -12.690590 0.000001 16.467516 -18.528919 3.091844 1.665665 -1.955919 -2.878297 4.727794 -4.170583 4.993921 11.020511 0.000003 -0.000001 12.109031 -3.735708 -2.866777 0.000001 -0.000000 -0.000001 1.291984 -1.928548 -1.498089 14.800113 0.567468 3.865601 14.242553 -1.341734 -6.660648 19.631939 0.143927 -0.648244 51.399296 -1.229955 -5.752709 0.353029 -1.511150 -0.031941 20.222771 3.684306 2.316628 18.787245 0.000003 0.000001 10.751610 -0.479868 1.397904 0.000001 0.000003 0.000000 3.273804 0.305947 -0.580111 21.486788 11.830360 2.266130 8.162917 0.000001 0.000000 18.399052 -3.798980 -4.940565 0.000003 -0.000001 -0.000001 11.212131 25.542465 -19.070171 -0.325582 -0.619197 26.229420 -11.571238 -10.044578 2.392534 1.635280 -1.887490 -1.103099 0.000000 -0.000000 0.000002 -11.341405 -10.842366 -0.801136 0.080393 0.497316 19.181952 11.766390 6.970300 -11.668510 -1.450029 0.929865 -1.704492 0.000000 0.000000 -0.000001 
2.070203 97.226410 1.181674 -0.827243 -1.193540 -0.776434 0.303352 0.501322 2.183592 -0.502289 0.330336 -4.873908 1.412274 -1.850216 14.605626 -6.649132 9.246265 23.688807 1.089900 6.669405 -3.043882 -4.333237 8.467537 17.679174 0.000078 -0.000023 0.000008 0.093259 -0.072696 -0.151044 0.897517 -3.914759 -10.904049 -0.726851 3.757003 -10.868851 23.076817 -18.354546 8.939136 -93.537384 -35.766216 -17.667562 179.252029 -30.307463 -179.845642 -2.395687 -16.338196 -10.487264 -5.882100 9.861279 0.702589 -10.936859 -0.360576 7.156199 0.000002 8.774815 -0.000001 -16.601585 17.736015 6.102671 -1.844031 2.498503 -2.507275 -10.163589 4.678940 4.621105 -20.975994 -0.000004 0.000004 -21.226254 2.451693 -3.593992 -0.000000 -0.000006 0.000001 -1.362681 2.240797 -0.746324 -21.334892 0.584907 3.008322 -13.821198 -0.000003 0.000003 -23.887131 -0.249077 -0.839480 -61.767277 2.045041 -1.512123 -0.294025 1.679686 0.833254 -14.218194 0.093213 1.300580 -34.212006 -0.287565 0.967173 -20.033182 0.964535 1.212844 0.000000 0.000000 0.000000 -3.440386 0.788233 0.501656 -15.928167 -3.167308 2.999706 -6.338817 -0.000001 0.000002 -18.123413 3.648177 -4.905661 -0.000005 0.000001 -0.000002 -13.347131 26.024282 11.199606 95.426285 47.979855 16.578831 179.388535 38.656300 -179.782639 -7.050776 13.034673 -7.369359 2.243540 -5.255032 -3.180157 14.282878 -0.826592 6.952497 -0.000002 -12.690590 0.000000 16.470137 -18.544792 3.094048 1.665665 -1.955920 -2.878296 4.727794 -4.170583 4.993920 11.020514 0.000004 0.000000 12.109033 -3.735708 -2.866776 0.000000 -0.000001 -0.000001 1.291984 -1.928547 -1.498087 14.800111 0.567469 3.865601 14.242553 -1.341733 -6.660645 19.631941 0.143929 -0.648242 51.302055 -1.235939 -5.766550 0.353029 -1.511149 -0.031941 20.222773 3.684309 2.316627 18.787247 0.000006 0.000001 10.751611 -0.479867 1.397905 0.000001 0.000002 -0.000001 3.273804 0.305947 -0.580109 21.486794 11.830364 2.266129 8.162917 0.000002 -0.000001 18.399054 -3.798975 -4.940566 0.000003 -0.000001 -0.000002 11.551831 25.553970 -18.791746 -0.315750 -0.627578 25.805109 -11.883550 -9.962004 2.732410 1.637033 -1.873182 -1.126527 0.000000 0.000000 0.000002 -11.045706 -10.867874 -0.956007 0.069957 0.501296 19.519293 11.575250 6.986139 -11.985579 -1.449677 0.915841 -1.655700 -0.000000 0.000000 -0.000001 
1.629555 97.211433 1.143443 -0.833365 -1.291491 -0.833807 0.371605 0.504513 2.181792 -0.504657 0.278762 -4.879838 1.401814 -1.920592 14.640875 -6.745367 9.356268 23.670233 1.063031 6.701841 -3.051468 -4.333208 8.513092 17.797272 0.000076 -0.000023 0.000006 0.088019 -0.075377 -0.149090 0.899808 -3.920594 -10.933793 -0.730881 3.759855 -10.899229 22.795843 -18.287407 9.070624 -93.282501 -35.838837 -17.627090 179.250565 -30.374676 -179.825729 -2.453043 -16.331337 -10.440287 -5.882101 9.861276 0.702590 -10.936859 -0.360574 7.156197 0.000002 8.774812 0.000000 -16.615011 17.700438 6.074443 -1.844031 2.498503 -2.507276 -10.163589 4.678940 4.621104 -20.975994 -0.000004 0.000002 -21.226255 2.451692 -3.593994 -0.000000 -0.000005 0.000001 -1.362680 2.240796 -0.746322 -21.334890 0.584909 3.008320 -13.821194 -0.000003 0.000002 -23.887129 -0.249079 -0.839481 -61.761936 2.011099 -1.511634 -0.294024 1.679686 0.833256 -14.218195 0.093215 1.300577 -34.212006 -0.287564 0.967167 -20.033178 0.964534 1.212841 0.000000 0.000000 0.000000 -3.440386 0.788233 0.501656 -15.928165 -3.167306 2.999703 -6.338819 -0.000000 0.000001 -18.123413 3.648175 -4.905662 -0.000005 0.000001 -0.000002 -13.292562 25.992887 11.234709 95.503128 48.039173 16.805738 179.486588 38.718475 -179.695007 -7.101576 13.111257 -7.222791 2.243540 -5.255033 -3.180156 14.282877 -0.826593 6.952497 -0.000001 -12.690590 -0.000002 16.480288 -18.535959 3.105177 1.665665 -1.955920 -2.878296 4.727793 -4.170584 4.993918 11.020512 0.000003 -0.000001 12.109033 -3.735710 -2.866780 0.000000 -0.000000 -0.000001 1.291984 -1.928548 -1.498089 14.800111 0.567469 3.865602 14.242553 -1.341734 -6.660648 19.631937 0.143928 -0.648244 51.223297 -1.264304 -5.761308 0.353029 -1.511149 -0.031941 20.222769 3.684308 2.316629 18.787247 0.000006 -0.000002 10.751610 -0.479866 1.397903 0.000000 0.000000 -0.000002 3.273804 0.305947 -0.580109 21.486790 11.830365 2.266131 8.162916 0.000002 0.000000 18.399050 -3.798979 -4.940567 0.000002 -0.000002 -0.000001 11.906090 25.548332 -18.488400 -0.322224 -0.649214 25.368185 -12.168680 -9.915290 3.053784 1.641914 -1.878580 -1.146370 0.000000 -0.000000 0.000002 -10.752087 -10.899258 -1.143164 0.053700 0.502015 19.948578 11.343592 7.026478 -12.335819 -1.448473 0.906360 -1.581760 0.000000 0.000000 -0.000001 
1.095242 97.193375 1.056679 -0.833068 -1.329211 -0.911142 0.447463 0.498954 2.189896 -0.504835 0.225206 -4.892520 1.388662 -1.983446 14.699729 -6.868801 9.433888 23.695248 1.053132 6.733858 -3.072215 -4.344351 8.569546 17.868858 0.000077 -0.000024 0.000007 0.077948 -0.064534 -0.158061 0.904230 -3.917992 -10.964908 -0.740106 3.774986 -10.924054 22.489216 -18.245821 9.228668 -93.085976 -35.941204 -17.448793 179.193253 -30.454815 -179.776474 -2.555218 -16.352230 -10.424119 -5.882100 9.861278 0.702590 -10.936860 -0.360574 7.156197 -0.000000 8.774813 -0.000000 -16.623497 17.671759 6.071677 -1.844030 2.498503 -2.507275 -10.163589 4.678938 4.621104 -20.975994 -0.000002 0.000002 -21.226246 2.451692 -3.593994 -0.000001 -0.000006 0.000001 -1.362681 2.240797 -0.746322 -21.334887 0.584908 3.008320 -13.821193 -0.000003 0.000002 -23.887129 -0.249078 -0.839480 -61.764324 2.000028 -1.510701 -0.294024 1.679686 0.833256 -14.218194 0.093214 1.300579 -34.211998 -0.287563 0.967169 -20.033175 0.964535 1.212842 0.000000 -0.000000 -0.000000 -3.440387 0.788233 0.501654 -15.928167 -3.167306 2.999703 -6.338816 -0.000002 0.000002 -18.123411 3.648175 -4.905661 -0.000004 0.000000 -0.000001 -13.233331 25.900618 11.259974 95.636986 48.063896 17.028198 179.475708 38.779099 -179.692276 -7.171791 13.195519 -6.972485 2.243539 -5.255032 -3.180156 14.282878 -0.826594 6.952497 -0.000002 -12.690590 -0.000001 16.473854 -18.515766 3.104809 1.665665 -1.955920 -2.878295 4.727794 -4.170584 4.993918 11.020512 0.000002 -0.000001 12.109033 -3.735711 -2.866779 0.000000 -0.000000 -0.000001 1.291985 -1.928548 -1.498086 14.800113 0.567468 3.865604 14.242553 -1.341733 -6.660650 19.631941 0.143925 -0.648244 51.097439 -1.260969 -5.738420 0.353029 -1.511149 -0.031941 20.222769 3.684304 2.316630 18.787245 0.000005 -0.000001 10.751611 -0.479868 1.397904 0.000000 0.000000 -0.000001 3.273804 0.305947 -0.580109 21.486792 11.830361 2.266132 8.162916 0.000002 0.000002 18.399055 -3.798980 -4.940567 0.000003 -0.000001 -0.000001 12.308095 25.522238 -18.172417 -0.324098 -0.632072 24.845224 -12.484807 -9.872939 3.535285 1.646675 -1.884090 -1.144596 -0.000000 0.000000 0.000002 -10.408548 -10.974546 -1.398294 0.044122 0.490321 20.541656 11.014914 7.067007 -12.742306 -1.447967 0.889869 -1.484936 0.000000 0.000000 -0.000001 
0.572656 97.166946 0.946318 -0.828700 -1.356470 -0.974948 0.540496 0.486413 2.182731 -0.505077 0.186790 -4.905626 1.383814 -2.031230 14.774650 -7.014256 9.496037 23.709551 1.055785 6.769570 -3.081931 -4.370912 8.625813 17.916939 0.000078 -0.000023 0.000006 0.076810 -0.064558 -0.149198 0.893818 -3.906710 -10.987636 -0.743298 3.778329 -10.928990 22.152386 -18.187841 9.367427 -93.005074 -36.028763 -17.223974 179.211319 -30.472376 -179.753418 -2.702104 -16.299231 -10.506364 -5.882101 9.861278 0.702591 -10.936858 -0.360575 7.156198 0.000002 8.774812 -0.000001 -16.679905 17.653290 6.017325 -1.844031 2.498502 -2.507276 -10.163589 4.678940 4.621104 -20.975996 -0.000003 0.000003 -21.226255 2.451694 -3.593993 -0.000000 -0.000006 0.000000 -1.362681 2.240797 -0.746321 -21.334892 0.584909 3.008322 -13.821194 -0.000003 0.000003 -23.887129 -0.249078 -0.839480 -61.732441 1.985542 -1.531203 -0.294024 1.679686 0.833255 -14.218192 0.093215 1.300580 -34.212002 -0.287563 0.967172 -20.033178 0.964536 1.212842 0.000000 -0.000000 -0.000000 -3.440386 0.788233 0.501654 -15.928165 -3.167306 2.999703 -6.338819 -0.000001 0.000002 -18.123415 3.648177 -4.905659 -0.000005 0.000000 -0.000001 -13.151735 25.797159 11.334425 95.666077 48.145409 17.243633 179.470444 38.818424 -179.680832 -7.240721 13.289004 -6.795408 2.243540 -5.255033 -3.180153 14.282875 -0.826593 6.952496 0.000000 -12.690590 -0.000002 16.444687 -18.504171 3.111873 1.665665 -1.955920 -2.878297 4.727795 -4.170584 4.993919 11.020513 0.000003 -0.000001 12.109033 -3.735710 -2.866779 0.000000 0.000000 -0.000002 1.291984 -1.928548 -1.498085 14.800113 0.567467 3.865602 14.242553 -1.341735 -6.660650 19.631939 0.143924 -0.648243 51.029541 -1.262208 -5.737258 0.353029 -1.511149 -0.031941 20.222773 3.684306 2.316629 18.787249 0.000003 -0.000002 10.751614 -0.479868 1.397904 -0.000000 0.000002 -0.000001 3.273804 0.305947 -0.580110 21.486792 11.830365 2.266134 8.162919 0.000002 0.000001 18.399055 -3.798981 -4.940566 0.000003 -0.000002 -0.000002 12.667871 25.512428 -17.911556 -0.326512 -0.658939 24.344498 -12.775094 -9.818681 4.012592 1.650310 -1.899821 -1.145617 -0.000000 0.000000 0.000002 -10.067006 -11.012112 -1.684103 0.040068 0.465289 21.138517 10.675714 7.062377 -13.170284 -1.446941 0.865587 -1.389223 -0.000000 -0.000000 -0.000001 
0.057691 97.148979 0.859644 -0.823824 -1.355429 -1.018301 0.640822 0.466649 2.157718 -0.498458 0.153634 -4.911143 1.385209 -2.076734 14.858479 -7.176891 9.566204 23.718090 1.094241 6.773816 -3.070808 -4.432251 8.693875 17.944229 0.000077 -0.000023 0.000006 0.065838 -0.061611 -0.147380 0.881273 -3.903025 -10.976260 -0.753368 3.772788 -10.929432 21.847458 -18.146984 9.490863 -92.960365 -36.085449 -17.045673 179.273285 -30.436872 -179.753418 -2.913506 -16.233927 -10.623958 -5.882101 9.861279 0.702590 -10.936861 -0.360573 7.156197 0.000001 8.774815 -0.000000 -16.713106 17.679153 5.983348 -1.844031 2.498503 -2.507276 -10.163590 4.678941 4.621104 -20.975996 -0.000003 0.000001 -21.226255 2.451693 -3.593994 -0.000001 -0.000006 0.000000 -1.362680 2.240797 -0.746321 -21.334894 0.584909 3.008321 -13.821197 -0.000002 0.000003 -23.887131 -0.249078 -0.839480 -61.674366 1.995933 -1.552106 -0.294024 1.679686 0.833255 -14.218192 0.093215 1.300579 -34.212002 -0.287563 0.967169 -20.033180 0.964535 1.212842 -0.000000 -0.000000 -0.000000 -3.440385 0.788233 0.501654 -15.928169 -3.167306 2.999703 -6.338817 -0.000001 0.000002 -18.123415 3.648175 -4.905662 -0.000005 0.000001 -0.000002 -13.105199 25.704895 11.398890 95.723793 48.182335 17.521883 179.441452 38.788391 -179.707916 -7.289103 13.366318 -6.604554 2.243540 -5.255032 -3.180154 14.282877 -0.826594 6.952495 -0.000001 -12.690591 -0.000001 16.417082 -18.534044 3.122413 1.665665 -1.955920 -2.878297 4.727794 -4.170584 4.993921 11.020510 0.000002 -0.000002 12.109030 -3.735710 -2.866780 0.000001 0.000000 -0.000001 1.291985 -1.928547 -1.498091 14.800111 0.567467 3.865601 14.242553 -1.341735 -6.660647 19.631939 0.143925 -0.648245 50.985443 -1.284283 -5.783807 0.353029 -1.511149 -0.031940 20.222769 3.684304 2.316626 18.787247 0.000005 -0.000004 10.751611 -0.479870 1.397903 -0.000001 0.000002 -0.000001 3.273804 0.305947 -0.580112 21.486790 11.830360 2.266127 8.162917 0.000001 -0.000001 18.399054 -3.798979 -4.940567 0.000003 -0.000002 -0.000000 13.014666 25.474880 -17.658699 -0.332293 -0.684534 23.827953 -13.040821 -9.736157 4.506763 1.654543 -1.908785 -1.149184 0.000000 -0.000000 0.000002 -9.722713 -11.015631 -1.937317 0.040537 0.436255 21.668915 10.312043 7.023352 -13.560672 -1.448916 0.855197 -1.326658 -0.000000 -0.000000 -0.000001 
-0.423902 97.137711 0.726140 -0.824610 -1.328096 -1.046910 0.750547 0.441756 2.133059 -0.485048 0.146180 -4.898137 1.392189 -2.151332 14.903416 -7.342474 9.652809 23.769497 1.142282 6.765875 -3.082677 -4.519414 8.777891 17.962631 0.000077 -0.000023 0.000007 0.065474 -0.056612 -0.137265 0.885190 -3.892668 -10.969693 -0.757434 3.775739 -10.926240 21.587803 -18.120188 9.584611 -93.054390 -36.094284 -16.869680 179.359863 -30.362314 -179.773636 -3.121922 -16.130911 -10.774327 -5.882100 9.861279 0.702590 -10.936856 -0.360576 7.156198 0.000001 8.774815 -0.000001 -16.757776 17.696280 5.944323 -1.844030 2.498503 -2.507275 -10.163589 4.678940 4.621105 -20.975996 -0.000004 0.000003 -21.226248 2.451691 -3.593992 -0.000001 -0.000006 0.000000 -1.362680 2.240797 -0.746323 -21.334887 0.584907 3.008321 -13.821197 -0.000003 0.000003 -23.887131 -0.249078 -0.839479 -61.662590 2.009983 -1.588901 -0.294024 1.679686 0.833254 -14.218190 0.093213 1.300579 -34.211998 -0.287564 0.967170 -20.033180 0.964535 1.212842 0.000000 0.000000 -0.000000 -3.440386 0.788232 0.501656 -15.928167 -3.167306 2.999707 -6.338817 -0.000001 0.000003 -18.123411 3.648176 -4.905659 -0.000005 0.000001 -0.000002 -13.070849 25.663074 11.464013 95.740845 48.180450 17.817450 179.489731 38.683323 -179.682907 -7.289112 13.418380 -6.388832 2.243540 -5.255032 -3.180154 14.282878 -0.826593 6.952495 -0.000002 -12.690587 -0.000001 16.424965 -18.577986 3.127652 1.665665 -1.955920 -2.878297 4.727793 -4.170582 4.993918 11.020513 0.000004 -0.000001 12.109033 -3.735709 -2.866781 0.000000 -0.000001 -0.000001 1.291984 -1.928547 -1.498088 14.800117 0.567468 3.865602 14.242554 -1.341734 -6.660648 19.631939 0.143928 -0.648244 50.994534 -1.281850 -5.840121 0.353029 -1.511149 -0.031941 20.222771 3.684307 2.316625 18.787245 0.000007 -0.000002 10.751611 -0.479867 1.397903 0.000000 0.000000 0.000000 3.273804 0.305947 -0.580109 21.486794 11.830363 2.266130 8.162916 0.000003 -0.000002 18.399052 -3.798976 -4.940567 0.000004 -0.000002 -0.000000 13.315783 25.422497 -17.455132 -0.335788 -0.705201 23.282284 -13.281640 -9.606933 5.041333 1.657469 -1.907435 -1.170451 -0.000000 0.000000 0.000002 -9.376252 -11.027777 -2.187329 0.039000 0.424688 22.099585 9.991920 6.930820 -13.907329 -1.449074 0.852443 -1.285623 -0.000000 -0.000000 -0.000001 
-0.893359 97.145111 0.592466 -0.820334 -1.306259 -1.055861 0.859909 0.451464 2.117540 -0.466853 0.119020 -4.905025 1.396674 -2.221539 14.962894 -7.497511 9.740726 23.768267 1.167737 6.794664 -3.078347 -4.587474 8.836523 17.927643 0.000077 -0.000024 0.000007 0.065597 -0.049522 -0.148105 0.877929 -3.882281 -10.973411 -0.759284 3.768652 -10.932108 21.326427 -18.068895 9.716411 -93.114944 -36.134453 -16.647926 179.418350 -30.274033 -179.796585 -3.375147 -16.011906 -10.810748 -5.882101 9.861279 0.702591 -10.936861 -0.360575 7.156199 0.000001 8.774813 0.000000 -16.721561 17.692867 5.926327 -1.844030 2.498503 -2.507276 -10.163589 4.678940 4.621104 -20.975998 -0.000004 0.000002 -21.226255 2.451694 -3.593994 -0.000001 -0.000006 -0.000001 -1.362679 2.240796 -0.746322 -21.334885 0.584908 3.008319 -13.821197 -0.000003 0.000002 -23.887131 -0.249078 -0.839482 -61.613037 1.995195 -1.610984 -0.294024 1.679686 0.833255 -14.218192 0.093215 1.300580 -34.212006 -0.287564 0.967170 -20.033180 0.964535 1.212842 -0.000000 0.000000 0.000000 -3.440386 0.788233 0.501656 -15.928164 -3.167307 2.999703 -6.338817 -0.000001 0.000001 -18.123415 3.648176 -4.905662 -0.000006 0.000002 -0.000001 -13.025690 25.629850 11.501432 95.688660 48.177223 18.200081 179.601517 38.544567 -179.626099 -7.279103 13.450571 -6.106552 2.243539 -5.255033 -3.180154 14.282875 -0.826594 6.952497 -0.000001 -12.690590 0.000001 16.419250 -18.605715 3.153750 1.665664 -1.955920 -2.878296 4.727793 -4.170584 4.993920 11.020509 0.000003 -0.000001 12.109028 -3.735712 -2.866778 0.000000 -0.000000 -0.000002 1.291984 -1.928548 -1.498085 14.800109 0.567468 3.865601 14.242551 -1.341735 -6.660649 19.631937 0.143926 -0.648241 50.988007 -1.299894 -5.869878 0.353029 -1.511150 -0.031940 20.222767 3.684305 2.316630 18.787245 0.000004 -0.000000 10.751606 -0.479869 1.397904 -0.000001 -0.000000 -0.000001 3.273804 0.305947 -0.580109 21.486788 11.830364 2.266131 8.162914 0.000002 0.000001 18.399050 -3.798980 -4.940567 0.000003 -0.000001 -0.000001 13.594935 25.317528 -17.254007 -0.333291 -0.722730 22.699688 -13.532302 -9.417813 5.641157 1.658173 -1.902592 -1.196965 -0.000000 0.000000 0.000002 -9.033553 -10.995107 -2.424337 0.038578 0.395570 22.450201 9.673359 6.810910 -14.177523 -1.449950 0.854785 -1.255848 -0.000000 0.000000 -0.000001 
-1.321354 97.160873 0.466078 -0.829005 -1.266118 -1.056490 0.978236 0.448771 2.105844 -0.450405 0.099291 -4.896250 1.419888 -2.297961 14.996251 -7.653196 9.828135 23.761877 1.189648 6.817777 -3.080816 -4.668108 8.925327 17.887186 0.000078 -0.000023 0.000007 0.065687 -0.061632 -0.147417 0.895133 -3.895318 -10.988878 -0.759865 3.764677 -10.952780 21.112707 -18.033558 9.829131 -93.252373 -36.184719 -16.356300 179.450424 -30.162001 -179.812759 -3.647579 -15.917554 -10.852942 -5.882101 9.861278 0.702591 -10.936859 -0.360574 7.156196 0.000001 8.774814 0.000000 -16.732147 17.696833 5.903876 -1.844031 2.498502 -2.507276 -10.163589 4.678940 4.621104 -20.975992 -0.000005 0.000002 -21.226250 2.451691 -3.593992 -0.000000 -0.000006 0.000001 -1.362681 2.240796 -0.746323 -21.334888 0.584908 3.008319 -13.821195 -0.000003 0.000003 -23.887129 -0.249079 -0.839481 -61.562588 2.003213 -1.636893 -0.294024 1.679685 0.833256 -14.218192 0.093215 1.300579 -34.212002 -0.287564 0.967170 -20.033176 0.964534 1.212842 -0.000000 0.000000 0.000000 -3.440386 0.788233 0.501655 -15.928169 -3.167305 2.999703 -6.338817 -0.000002 0.000001 -18.123413 3.648175 -4.905660 -0.000007 0.000001 -0.000000 -13.010951 25.614332 11.561530 95.633812 48.221329 18.467297 179.645523 38.369381 -179.613235 -7.307053 13.417055 -6.029276 2.243541 -5.255033 -3.180156 14.282877 -0.826593 6.952497 -0.000001 -12.690590 -0.000002 16.407866 -18.618023 3.200861 1.665665 -1.955920 -2.878296 4.727794 -4.170582 4.993917 11.020512 0.000003 -0.000001 12.109032 -3.735709 -2.866781 0.000001 -0.000000 -0.000001 1.291985 -1.928548 -1.498088 14.800113 0.567468 3.865603 14.242554 -1.341736 -6.660650 19.631939 0.143928 -0.648245 50.965347 -1.292379 -5.879125 0.353029 -1.511149 -0.031939 20.222769 3.684305 2.316629 18.787249 0.000005 -0.000003 10.751611 -0.479866 1.397903 -0.000001 0.000001 -0.000001 3.273804 0.305947 -0.580111 21.486792 11.830363 2.266130 8.162916 0.000002 0.000000 18.399055 -3.798979 -4.940569 0.000003 -0.000001 0.000001 13.858590 25.185942 -17.059900 -0.336448 -0.732776 22.112156 -13.752596 -9.295797 6.227001 1.661381 -1.910410 -1.226591 0.000000 0.000000 0.000002 -8.699146 -10.991660 -2.599165 0.030640 0.385889 22.667709 9.397531 6.685150 -14.388477 -1.449729 0.844907 -1.203407 -0.000000 -0.000000 -0.000001 
-1.717344 97.184196 0.345822 -0.847176 -1.225128 -1.048722 1.099969 0.448214 2.100189 -0.435670 0.074301 -4.898463 1.460912 -2.360507 15.040950 -7.801804 9.907654 23.731930 1.197749 6.860219 -3.104725 -4.696363 8.957917 17.823811 0.000079 -0.000023 0.000007 0.060158 -0.058115 -0.147446 0.882919 -3.889076 -11.002135 -0.773394 3.769938 -10.949182 20.897339 -17.991648 9.920158 -93.396820 -36.234318 -16.017570 179.474014 -30.038597 -179.827927 -3.891104 -15.803931 -10.859719 -5.882101 9.861277 0.702590 -10.936859 -0.360575 7.156197 0.000000 8.774811 -0.000001 -16.715027 17.699404 5.887649 -1.844030 2.498501 -2.507277 -10.163591 4.678939 4.621103 -20.975998 -0.000004 0.000002 -21.226255 2.451692 -3.593993 -0.000001 -0.000006 0.000000 -1.362680 2.240796 -0.746321 -21.334896 0.584908 3.008318 -13.821198 -0.000004 0.000002 -23.887136 -0.249079 -0.839482 -61.507755 2.001230 -1.650380 -0.294024 1.679686 0.833255 -14.218192 0.093214 1.300578 -34.212006 -0.287564 0.967170 -20.033180 0.964533 1.212842 0.000000 0.000000 0.000000 -3.440386 0.788232 0.501656 -15.928167 -3.167306 2.999702 -6.338815 -0.000002 0.000001 -18.123415 3.648175 -4.905660 -0.000007 0.000001 -0.000002 -13.017526 25.613924 11.578264 95.558586 48.210518 18.671965 179.675644 38.194798 -179.578979 -7.323814 13.364395 -6.065742 2.243539 -5.255033 -3.180154 14.282875 -0.826591 6.952496 -0.000002 -12.690593 -0.000002 16.372173 -18.633337 3.235869 1.665664 -1.955920 -2.878298 4.727793 -4.170583 4.993918 11.020511 0.000004 -0.000002 12.109029 -3.735710 -2.866777 0.000000 -0.000000 -0.000001 1.291984 -1.928548 -1.498088 14.800109 0.567469 3.865602 14.242553 -1.341734 -6.660648 19.631937 0.143929 -0.648243 50.908688 -1.285782 -5.863318 0.353028 -1.511149 -0.031940 20.222769 3.684309 2.316627 18.787245 0.000007 -0.000001 10.751611 -0.479868 1.397904 -0.000000 0.000001 -0.000001 3.273804 0.305947 -0.580109 21.486790 11.830366 2.266133 8.162916 0.000001 -0.000001 18.399050 -3.798977 -4.940567 0.000003 -0.000003 -0.000000 14.101122 25.026043 -16.869406 -0.325359 -0.748012 21.514383 -13.978731 -9.155835 6.800963 1.664094 -1.912368 -1.253974 -0.000000 0.000000 0.000002 -8.383485 -10.999218 -2.742892 0.034102 0.371294 22.811041 9.144127 6.556990 -14.541762 -1.451405 0.845058 -1.151702 -0.000000 -0.000000 -0.000001 
-2.086312 97.205025 0.235184 -0.861133 -1.169208 -1.038062 1.210437 0.414476 2.101920 -0.417034 0.087730 -4.890742 1.512028 -2.440351 15.079676 -7.930179 9.944762 23.705090 1.206243 6.914633 -3.118298 -4.734695 9.002712 17.711817 0.000077 -0.000023 0.000007 0.064648 -0.056565 -0.146331 0.895604 -3.901287 -11.016443 -0.768183 3.769095 -10.965688 20.731276 -17.976679 9.993191 -93.557968 -36.320087 -15.637460 179.457428 -29.912758 -179.819061 -4.182441 -15.705401 -10.821826 -5.882100 9.861278 0.702588 -10.936858 -0.360576 7.156197 0.000002 8.774813 -0.000002 -16.696123 17.692287 5.888019 -1.844030 2.498503 -2.507274 -10.163589 4.678940 4.621106 -20.975994 -0.000004 0.000003 -21.226250 2.451692 -3.593992 0.000000 -0.000006 0.000000 -1.362681 2.240796 -0.746323 -21.334892 0.584907 3.008320 -13.821198 -0.000004 0.000002 -23.887129 -0.249078 -0.839479 -61.470299 2.001381 -1.632978 -0.294024 1.679686 0.833256 -14.218192 0.093214 1.300581 -34.211998 -0.287564 0.967170 -20.033176 0.964535 1.212842 -0.000000 0.000001 -0.000000 -3.440385 0.788232 0.501654 -15.928165 -3.167306 2.999704 -6.338818 -0.000001 0.000001 -18.123413 3.648175 -4.905662 -0.000005 0.000000 -0.000002 -13.058933 25.589907 11.559280 95.482910 48.165394 18.784634 179.677795 38.014729 -179.577332 -7.322433 13.244326 -6.182237 2.243540 -5.255033 -3.180154 14.282877 -0.826593 6.952494 -0.000003 -12.690591 -0.000001 16.384531 -18.615383 3.261014 1.665665 -1.955920 -2.878295 4.727795 -4.170583 4.993917 11.020512 0.000003 0.000000 12.109033 -3.735711 -2.866779 0.000001 -0.000000 -0.000000 1.291984 -1.928548 -1.498087 14.800114 0.567468 3.865602 14.242554 -1.341736 -6.660647 19.631937 0.143926 -0.648243 50.894547 -1.259064 -5.837948 0.353029 -1.511149 -0.031940 20.222769 3.684305 2.316628 18.787247 0.000004 -0.000003 10.751615 -0.479868 1.397904 -0.000000 0.000003 -0.000001 3.273804 0.305946 -0.580110 21.486788 11.830363 2.266128 8.162916 0.000001 0.000000 18.399054 -3.798977 -4.940568 0.000003 0.000000 0.000000 14.325782 24.829655 -16.678373 -0.325786 -0.763163 20.916639 -14.196610 -8.988713 7.331751 1.668648 -1.917248 -1.261701 -0.000000 0.000000 0.000002 -8.086657 -11.026320 -2.856405 0.035099 0.383320 22.901731 8.937437 6.435709 -14.691886 -1.451171 0.845597 -1.094826 -0.000000 -0.000000 -0.000001 
-2.408472 97.225464 0.122917 -0.869772 -1.128651 -1.041779 1.318607 0.429258 2.118259 -0.396614 0.035300 -4.898993 1.566674 -2.474958 15.133142 -8.029505 9.967770 23.647774 1.238741 6.981078 -3.110449 -4.748690 9.014891 17.621788 0.000077 -0.000023 0.000005 0.064387 -0.056550 -0.146452 0.895425 -3.894437 -11.012624 -0.781763 3.764936 -10.973640 20.600508 -17.970060 10.048967 -93.712875 -36.425514 -15.264127 179.433777 -29.817532 -179.824631 -4.449572 -15.581093 -10.649031 -5.882101 9.861279 0.702589 -10.936859 -0.360576 7.156197 0.000001 8.774815 -0.000001 -16.656954 17.661314 5.895522 -1.844030 2.498502 -2.507276 -10.163589 4.678940 4.621104 -20.975994 -0.000004 0.000003 -21.226255 2.451693 -3.593993 0.000000 -0.000006 -0.000001 -1.362679 2.240796 -0.746322 -21.334892 0.584909 3.008320 -13.821198 -0.000003 0.000002 -23.887131 -0.249077 -0.839481 -61.420296 2.018766 -1.605604 -0.294025 1.679687 0.833254 -14.218194 0.093214 1.300580 -34.212002 -0.287564 0.967170 -20.033178 0.964533 1.212842 -0.000000 0.000000 0.000000 -3.440384 0.788232 0.501653 -15.928167 -3.167307 2.999701 -6.338816 -0.000001 0.000001 -18.123415 3.648175 -4.905663 -0.000007 -0.000000 -0.000001 -13.105350 25.574844 11.567596 95.360672 48.149464 18.868004 179.697189 37.873058 -179.582794 -7.333636 13.168825 -6.277070 2.243539 -5.255033 -3.180153 14.282878 -0.826593 6.952495 -0.000003 -12.690591 0.000000 16.433281 -18.622654 3.275627 1.665665 -1.955920 -2.878294 4.727793 -4.170583 4.993919 11.020510 0.000003 0.000000 12.109032 -3.735710 -2.866780 0.000000 -0.000001 -0.000001 1.291984 -1.928548 -1.498086 14.800109 0.567469 3.865603 14.242553 -1.341735 -6.660647 19.631935 0.143927 -0.648243 50.896957 -1.234943 -5.852419 0.353029 -1.511150 -0.031939 20.222769 3.684309 2.316628 18.787247 0.000006 0.000000 10.751610 -0.479867 1.397904 0.000001 0.000003 -0.000001 3.273804 0.305947 -0.580109 21.486792 11.830363 2.266132 8.162916 0.000003 -0.000001 18.399052 -3.798981 -4.940566 0.000004 -0.000001 -0.000000 14.522719 24.632597 -16.501650 -0.315193 -0.759428 20.388578 -14.355607 -8.809233 7.825952 1.671288 -1.918264 -1.276866 0.000000 0.000000 0.000002 -7.833974 -11.039958 -2.948853 0.032391 0.373010 22.969395 8.726551 6.345525 -14.810481 -1.453772 0.859538 -1.077612 -0.000000 -0.000000 -0.000001 
-2.675312 97.248497 0.063348 -0.865791 -1.056505 -1.046736 1.411523 0.416461 2.122519 -0.374297 0.016605 -4.899961 1.631537 -2.516685 15.181281 -8.097021 9.953186 23.621857 1.247342 7.033767 -3.120081 -4.746879 9.007295 17.476494 0.000079 -0.000023 0.000005 0.058536 -0.059263 -0.147697 0.897918 -3.893704 -10.999505 -0.773999 3.771075 -10.966656 20.517309 -18.007280 10.097006 -93.864555 -36.529961 -15.000134 179.452667 -29.747869 -179.851456 -4.634647 -15.439733 -10.396999 -5.882101 9.861279 0.702590 -10.936858 -0.360574 7.156197 0.000002 8.774815 -0.000001 -16.638617 17.671843 5.887489 -1.844031 2.498502 -2.507277 -10.163590 4.678939 4.621103 -20.975998 -0.000003 0.000002 -21.226255 2.451694 -3.593993 -0.000001 -0.000006 0.000001 -1.362680 2.240796 -0.746323 -21.334887 0.584908 3.008322 -13.821198 -0.000003 0.000002 -23.887133 -0.249078 -0.839480 -61.343639 2.005100 -1.585268 -0.294025 1.679686 0.833256 -14.218192 0.093214 1.300579 -34.212002 -0.287564 0.967169 -20.033180 0.964534 1.212842 0.000000 0.000001 0.000000 -3.440385 0.788233 0.501656 -15.928167 -3.167306 2.999705 -6.338815 -0.000002 0.000002 -18.123413 3.648177 -4.905661 -0.000005 -0.000000 -0.000001 -13.166515 25.549610 11.562071 95.242058 48.122929 18.878317 179.750122 37.754314 -179.576508 -7.245919 13.092949 -6.362562 2.243541 -5.255033 -3.180155 14.282878 -0.826594 6.952494 -0.000002 -12.690587 0.000001 16.432377 -18.617727 3.291018 1.665665 -1.955919 -2.878296 4.727794 -4.170583 4.993918 11.020513 0.000003 -0.000001 12.109034 -3.735708 -2.866779 0.000000 -0.000000 -0.000001 1.291985 -1.928548 -1.498088 14.800111 0.567467 3.865602 14.242553 -1.341733 -6.660650 19.631939 0.143924 -0.648244 50.883465 -1.219835 -5.838035 0.353029 -1.511149 -0.031941 20.222771 3.684306 2.316628 18.787247 0.000007 -0.000001 10.751613 -0.479867 1.397903 -0.000000 0.000003 -0.000001 3.273805 0.305947 -0.580111 21.486794 11.830362 2.266130 8.162917 0.000001 -0.000001 18.399055 -3.798978 -4.940570 0.000003 -0.000001 -0.000000 14.668694 24.451473 -16.332201 -0.312268 -0.792241 19.922771 -14.480931 -8.638214 8.236884 1.673966 -1.908807 -1.304393 0.000000 0.000000 0.000002 -7.640303 -11.091657 -2.939963 0.024875 0.378125 22.917265 8.557628 6.241523 -14.908293 -1.453406 0.865191 -1.071135 -0.000000 -0.000000 -0.000001 
-2.894830 97.276772 0.003977 -0.861475 -0.945912 -1.056353 1.495569 0.407150 2.117312 -0.352840 -0.004178 -4.896504 1.704836 -2.552118 15.221629 -8.126720 9.946264 23.639709 1.276729 7.046289 -3.127225 -4.716693 8.974423 17.329906 0.000077 -0.000022 0.000006 0.046833 -0.050319 -0.125089 0.876159 -3.879601 -10.994045 -0.785440 3.775077 -10.940026 20.495909 -18.048550 10.137067 -93.956268 -36.604527 -14.805278 179.441162 -29.690762 -179.859772 -4.729548 -15.307787 -10.129080 -5.882101 9.861279 0.702591 -10.936858 -0.360575 7.156196 0.000002 8.774813 -0.000002 -16.626289 17.666771 5.879204 -1.844031 2.498502 -2.507275 -10.163589 4.678939 4.621104 -20.975992 -0.000005 0.000002 -21.226255 2.451691 -3.593995 0.000000 -0.000005 0.000000 -1.362680 2.240796 -0.746322 -21.334892 0.584907 3.008319 -13.821191 -0.000004 0.000002 -23.887129 -0.249080 -0.839481 -61.311123 1.996342 -1.566787 -0.294025 1.679686 0.833254 -14.218190 0.093213 1.300578 -34.211998 -0.287567 0.967170 -20.033175 0.964533 1.212843 -0.000000 0.000001 -0.000000 -3.440385 0.788232 0.501655 -15.928165 -3.167307 2.999702 -6.338813 -0.000002 0.000001 -18.123413 3.648175 -4.905662 -0.000005 0.000001 -0.000002 -13.225863 25.514854 11.559718 95.194946 48.069664 18.873041 179.787460 37.647789 -179.583298 -7.184145 13.001817 -6.455570 2.243540 -5.255033 -3.180156 14.282875 -0.826594 6.952496 -0.000002 -12.690591 -0.000001 16.416706 -18.634781 3.325020 1.665665 -1.955920 -2.878294 4.727793 -4.170583 4.993917 11.020512 0.000003 -0.000001 12.109033 -3.735710 -2.866781 0.000000 -0.000000 -0.000001 1.291984 -1.928548 -1.498088 14.800114 0.567468 3.865604 14.242553 -1.341734 -6.660649 19.631939 0.143927 -0.648244 50.890038 -1.227303 -5.831675 0.353028 -1.511149 -0.031940 20.222769 3.684307 2.316627 18.787245 0.000006 -0.000002 10.751612 -0.479867 1.397903 0.000000 0.000002 0.000000 3.273804 0.305947 -0.580110 21.486790 11.830363 2.266132 8.162916 0.000003 -0.000002 18.399050 -3.798980 -4.940567 0.000003 -0.000001 -0.000000 14.781592 24.264341 -16.199841 -0.312051 -0.795456 19.513288 -14.564582 -8.540799 8.642138 1.676092 -1.902461 -1.313694 -0.000000 0.000000 0.000002 -7.480767 -11.138973 -2.901205 0.025582 0.381187 22.830240 8.394703 6.116474 -14.963400 -1.452959 0.860071 -1.064152 -0.000000 -0.000000 -0.000001 
-3.024362 97.313889 -0.063754 -0.854330 -0.795674 -1.073141 1.574597 0.402320 2.104121 -0.330897 -0.003792 -4.899930 1.787408 -2.603884 15.257607 -8.117867 9.936972 23.682205 1.289601 7.055745 -3.134995 -4.694756 8.952508 17.301062 0.000078 -0.000023 0.000006 0.045966 -0.053579 -0.143989 0.878256 -3.889252 -11.018626 -0.790233 3.773626 -10.987894 20.531271 -18.125240 10.154339 -94.080605 -36.623539 -14.698886 179.469604 -29.628843 -179.866608 -4.759659 -15.257442 -9.924893 -5.882099 9.861279 0.702590 -10.936858 -0.360576 7.156198 0.000001 8.774816 -0.000002 -16.567478 17.690044 5.906045 -1.844030 2.498503 -2.507277 -10.163589 4.678939 4.621103 -20.975996 -0.000004 0.000004 -21.226250 2.451694 -3.593993 -0.000001 -0.000006 0.000001 -1.362681 2.240797 -0.746323 -21.334887 0.584907 3.008322 -13.821194 -0.000004 0.000004 -23.887129 -0.249078 -0.839480 -61.318531 1.981559 -1.563936 -0.294023 1.679686 0.833255 -14.218190 0.093214 1.300581 -34.211998 -0.287564 0.967174 -20.033180 0.964535 1.212843 -0.000000 0.000000 0.000000 -3.440386 0.788233 0.501654 -15.928165 -3.167309 2.999705 -6.338815 -0.000001 0.000002 -18.123411 3.648177 -4.905662 -0.000007 -0.000000 -0.000001 -13.245254 25.502981 11.548050 95.098785 47.994995 18.809710 179.780380 37.549713 -179.607742 -7.174909 12.928281 -6.612569 2.243539 -5.255033 -3.180156 14.282877 -0.826592 6.952498 -0.000003 -12.690593 -0.000001 16.417301 -18.663437 3.355236 1.665665 -1.955920 -2.878294 4.727794 -4.170583 4.993921 11.020513 0.000004 0.000000 12.109032 -3.735708 -2.866778 0.000000 0.000000 -0.000001 1.291984 -1.928547 -1.498090 14.800114 0.567470 3.865602 14.242554 -1.341735 -6.660648 19.631941 0.143926 -0.648241 50.892590 -1.231044 -5.808607 0.353028 -1.511149 -0.031941 20.222771 3.684308 2.316633 18.787245 0.000007 0.000000 10.751611 -0.479865 1.397903 0.000001 0.000003 -0.000001 3.273804 0.305947 -0.580109 21.486797 11.830367 2.266133 8.162916 0.000002 0.000000 18.399054 -3.798977 -4.940564 0.000003 -0.000001 -0.000000 14.816297 24.084970 -16.164446 -0.308010 -0.801237 19.260248 -14.599711 -8.522063 9.022197 1.677338 -1.904260 -1.309895 -0.000000 0.000000 0.000002 -7.385543 -11.186152 -2.832698 0.018512 0.360995 22.700104 8.286575 6.025533 -14.931819 -1.451754 0.850150 -1.054753 0.000000 0.000000 -0.000001 
-3.173244 97.344841 -0.105880 -0.841996 -0.570081 -1.100108 1.648037 0.390486 2.107276 -0.313497 -0.028438 -4.907351 1.871354 -2.641699 15.290923 -8.077485 9.907669 23.745470 1.312130 7.081168 -3.139594 -4.703849 8.909410 17.254425 0.000077 -0.000023 0.000007 0.051208 -0.052846 -0.145071 0.881163 -3.889612 -11.028200 -0.789133 3.780096 -10.982465 20.605705 -18.186327 10.181976 -94.191437 -36.641079 -14.596923 179.442123 -29.576483 -179.864655 -4.770975 -15.201118 -9.757671 -5.882100 9.861278 0.702589 -10.936858 -0.360575 7.156196 -0.000000 8.774812 -0.000001 -16.490438 17.699196 5.921139 -1.844030 2.498502 -2.507277 -10.163589 4.678940 4.621104 -20.975994 -0.000003 0.000002 -21.226254 2.451693 -3.593994 -0.000000 -0.000006 0.000001 -1.362679 2.240797 -0.746321 -21.334887 0.584910 3.008321 -13.821197 -0.000003 0.000002 -23.887129 -0.249078 -0.839482 -61.184437 1.969077 -1.556479 -0.294024 1.679686 0.833255 -14.218192 0.093215 1.300581 -34.211998 -0.287563 0.967167 -20.033180 0.964536 1.212841 -0.000000 0.000001 -0.000000 -3.440385 0.788233 0.501654 -15.928167 -3.167305 2.999703 -6.338815 -0.000001 0.000003 -18.123413 3.648178 -4.905662 -0.000005 0.000001 -0.000001 -13.261235 25.473116 11.554095 95.045830 47.934193 18.774841 179.805756 37.458103 -179.608963 -7.195697 12.866288 -6.834665 2.243540 -5.255031 -3.180153 14.282878 -0.826595 6.952495 -0.000002 -12.690587 0.000000 16.408905 -18.658169 3.386443 1.665665 -1.955920 -2.878296 4.727793 -4.170584 4.993919 11.020511 0.000002 -0.000002 12.109035 -3.735708 -2.866781 0.000001 0.000000 -0.000001 1.291985 -1.928547 -1.498090 14.800113 0.567466 3.865601 14.242553 -1.341735 -6.660648 19.631939 0.143926 -0.648244 50.883156 -1.229328 -5.808957 0.353029 -1.511149 -0.031941 20.222769 3.684302 2.316628 18.787245 0.000004 -0.000003 10.751611 -0.479870 1.397902 0.000001 0.000002 -0.000001 3.273804 0.305947 -0.580110 21.486790 11.830359 2.266128 8.162915 0.000000 0.000000 18.399055 -3.798980 -4.940569 0.000003 -0.000003 -0.000000 14.854134 23.904127 -16.111740 -0.312766 -0.803292 18.972921 -14.677672 -8.516407 9.409212 1.677760 -1.915909 -1.279257 -0.000000 0.000000 0.000002 -7.285820 -11.271855 -2.717946 0.007726 0.350653 22.569887 8.171555 5.895785 -14.939720 -1.450530 0.841626 -1.059163 -0.000000 -0.000000 -0.000001 
-3.239536 97.360275 -0.138494 -0.822299 -0.310610 -1.140973 1.708817 0.378747 2.114828 -0.296437 -0.030449 -4.897967 1.949257 -2.677858 15.297598 -8.007892 9.864530 23.818739 1.359651 7.097490 -3.129469 -4.728116 8.878674 17.246803 0.000077 -0.000023 0.000007 0.057808 -0.052006 -0.150222 0.889285 -3.890884 -11.040375 -0.774393 3.779219 -10.987635 20.724113 -18.255667 10.165091 -94.238731 -36.639133 -14.561625 179.406418 -29.589714 -179.858978 -4.759454 -15.120180 -9.676761 -5.882099 9.861277 0.702591 -10.936860 -0.360574 7.156197 0.000001 8.774811 -0.000001 -16.431019 17.695932 5.952119 -1.844031 2.498502 -2.507275 -10.163587 4.678939 4.621104 -20.975992 -0.000004 0.000002 -21.226248 2.451693 -3.593993 -0.000001 -0.000006 0.000001 -1.362680 2.240796 -0.746322 -21.334887 0.584908 3.008318 -13.821194 -0.000004 0.000003 -23.887129 -0.249078 -0.839481 -61.128372 1.971642 -1.583392 -0.294025 1.679686 0.833255 -14.218190 0.093214 1.300580 -34.211998 -0.287565 0.967170 -20.033175 0.964534 1.212842 0.000000 0.000000 -0.000000 -3.440384 0.788232 0.501656 -15.928167 -3.167306 2.999705 -6.338817 -0.000002 0.000002 -18.123413 3.648175 -4.905662 -0.000005 0.000001 -0.000000 -13.267653 25.423885 11.532702 94.995224 47.869846 18.721067 179.808899 37.383904 -179.591492 -7.236175 12.795958 -7.039459 2.243540 -5.255032 -3.180156 14.282875 -0.826592 6.952495 -0.000002 -12.690590 -0.000001 16.371344 -18.676388 3.427565 1.665665 -1.955920 -2.878296 4.727795 -4.170583 4.993920 11.020512 0.000003 -0.000001 12.109031 -3.735709 -2.866778 0.000001 -0.000001 -0.000000 1.291984 -1.928547 -1.498087 14.800114 0.567467 3.865606 14.242554 -1.341735 -6.660649 19.631939 0.143924 -0.648242 50.791386 -1.221937 -5.811138 0.353029 -1.511149 -0.031940 20.222773 3.684304 2.316629 18.787245 0.000005 0.000001 10.751614 -0.479868 1.397903 -0.000000 0.000002 -0.000001 3.273804 0.305947 -0.580111 21.486794 11.830360 2.266131 8.162916 0.000002 0.000000 18.399054 -3.798980 -4.940565 0.000003 0.000000 0.000000 14.821919 23.747696 -16.119757 -0.313084 -0.806453 18.817411 -14.707932 -8.592225 9.647943 1.678506 -1.917756 -1.245400 0.000000 0.000000 0.000002 -7.255911 -11.370508 -2.531931 0.004180 0.352635 22.350050 8.120198 5.776979 -14.985938 -1.450018 0.840276 -1.043971 0.000000 0.000000 -0.000001 
-3.302332 97.377663 -0.149174 -0.811334 -0.027999 -1.174915 1.757988 0.360368 2.112427 -0.282442 -0.002392 -4.886247 2.025086 -2.727314 15.289070 -7.907823 9.776378 23.850266 1.386582 7.132193 -3.140050 -4.727550 8.840878 17.325094 0.000077 -0.000024 0.000007 0.065783 -0.067214 -0.148461 0.897779 -3.899176 -11.031630 -0.763980 3.777868 -10.993357 20.854830 -18.319262 10.117472 -94.275146 -36.612003 -14.550679 179.391418 -29.611443 -179.829651 -4.746932 -15.029870 -9.698215 -5.882101 9.861278 0.702590 -10.936858 -0.360574 7.156196 0.000001 8.774812 -0.000001 -16.399134 17.696175 5.954021 -1.844031 2.498502 -2.507275 -10.163589 4.678939 4.621102 -20.975996 -0.000004 0.000001 -21.226254 2.451693 -3.593995 -0.000000 -0.000006 0.000001 -1.362680 2.240796 -0.746324 -21.334894 0.584908 3.008320 -13.821197 -0.000003 0.000003 -23.887131 -0.249080 -0.839481 -61.084618 1.967309 -1.603421 -0.294025 1.679686 0.833256 -14.218190 0.093214 1.300578 -34.212002 -0.287565 0.967169 -20.033178 0.964534 1.212841 -0.000000 0.000000 -0.000000 -3.440385 0.788232 0.501653 -15.928167 -3.167306 2.999704 -6.338815 -0.000002 0.000001 -18.123413 3.648176 -4.905662 -0.000006 0.000001 -0.000001 -13.287530 25.401268 11.502065 94.921005 47.798935 18.569208 179.848541 37.314911 -179.552765 -7.232491 12.759328 -7.362258 2.243540 -5.255033 -3.180154 14.282878 -0.826593 6.952492 -0.000002 -12.690591 -0.000001 16.356009 -18.657871 3.424743 1.665665 -1.955920 -2.878295 4.727794 -4.170583 4.993919 11.020513 0.000002 0.000000 12.109033 -3.735711 -2.866780 0.000000 0.000000 0.000000 1.291985 -1.928548 -1.498090 14.800113 0.567467 3.865603 14.242553 -1.341735 -6.660650 19.631939 0.143926 -0.648245 50.772739 -1.230344 -5.823501 0.353029 -1.511150 -0.031939 20.222769 3.684306 2.316628 18.787245 0.000004 -0.000001 10.751610 -0.479868 1.397902 0.000001 0.000002 -0.000001 3.273804 0.305947 -0.580109 21.486792 11.830363 2.266132 8.162916 0.000002 0.000001 18.399055 -3.798979 -4.940570 0.000002 0.000001 -0.000002 14.795695 23.619324 -16.143427 -0.320761 -0.807504 18.691042 -14.749061 -8.721870 9.888317 1.680373 -1.916788 -1.202209 0.000000 0.000000 0.000002 -7.219434 -11.470949 -2.346581 -0.005744 0.341820 22.158222 8.095540 5.584982 -15.006671 -1.450429 0.840529 -1.032629 0.000000 0.000000 -0.000001 
-3.375713 97.384956 -0.169239 -0.802132 0.301706 -1.210885 1.782221 0.365825 2.106816 -0.265744 -0.011073 -4.894979 2.087072 -2.757078 15.293997 -7.747318 9.671481 23.931295 1.396819 7.158639 -3.123540 -4.727202 8.781606 17.401962 0.000077 -0.000023 0.000005 0.056604 -0.058157 -0.157607 0.902332 -3.903799 -11.039376 -0.780330 3.784513 -11.006213 20.946943 -18.403381 10.094964 -94.249634 -36.606636 -14.553343 179.429306 -29.677000 -179.851166 -4.721728 -14.967193 -9.691122 -5.882100 9.861278 0.702591 -10.936858 -0.360574 7.156196 0.000001 8.774814 -0.000001 -16.374159 17.697941 5.971734 -1.844030 2.498502 -2.507277 -10.163590 4.678939 4.621103 -20.975996 -0.000003 0.000001 -21.226254 2.451693 -3.593994 0.000000 -0.000006 0.000000 -1.362680 2.240796 -0.746322 -21.334890 0.584908 3.008320 -13.821197 -0.000003 0.000003 -23.887129 -0.249079 -0.839482 -61.104706 1.949883 -1.582403 -0.294024 1.679686 0.833255 -14.218194 0.093214 1.300578 -34.212002 -0.287563 0.967169 -20.033180 0.964534 1.212840 -0.000000 0.000000 -0.000000 -3.440385 0.788232 0.501656 -15.928169 -3.167305 2.999704 -6.338818 0.000000 0.000002 -18.123415 3.648175 -4.905663 -0.000006 0.000001 -0.000003 -13.287171 25.351345 11.463704 94.816292 47.744549 18.292749 179.834305 37.288765 -179.558533 -7.253872 12.710553 -7.678457 2.243540 -5.255032 -3.180156 14.282875 -0.826593 6.952496 -0.000002 -12.690591 -0.000002 16.328188 -18.647738 3.438744 1.665665 -1.955920 -2.878298 4.727794 -4.170585 4.993918 11.020512 0.000002 0.000000 12.109032 -3.735711 -2.866779 -0.000000 0.000000 -0.000001 1.291984 -1.928548 -1.498088 14.800113 0.567467 3.865601 14.242553 -1.341734 -6.660648 19.631933 0.143927 -0.648244 50.731598 -1.224968 -5.812213 0.353029 -1.511150 -0.031941 20.222769 3.684306 2.316628 18.787245 0.000005 -0.000002 10.751610 -0.479867 1.397902 -0.000000 0.000001 -0.000001 3.273804 0.305946 -0.580110 21.486792 11.830364 2.266131 8.162914 0.000001 -0.000002 18.399052 -3.798981 -4.940568 0.000002 0.000000 -0.000001 14.760294 23.493664 -16.173689 -0.323366 -0.805774 18.525782 -14.827853 -8.873895 10.125356 1.681804 -1.920370 -1.171682 0.000000 0.000001 0.000002 -7.177010 -11.587146 -2.167635 -0.004212 0.331254 21.994400 8.030976 5.395098 -15.074005 -1.449381 0.843882 -0.990743 -0.000000 0.000000 -0.000001 
-3.441624 97.401077 -0.194312 -0.804416 0.660954 -1.234983 1.800192 0.339607 2.085910 -0.256235 0.008070 -4.893229 2.133995 -2.784913 15.288625 -7.576877 9.556187 23.954397 1.394019 7.164137 -3.136185 -4.716214 8.745698 17.453033 0.000076 -0.000023 0.000006 0.051251 -0.047844 -0.159653 0.883660 -3.895710 -11.037261 -0.775439 3.786962 -11.004132 21.003599 -18.463739 10.105365 -94.232475 -36.618355 -14.513726 179.481033 -29.793615 -179.870316 -4.688594 -14.933491 -9.673288 -5.882102 9.861279 0.702590 -10.936859 -0.360575 7.156198 0.000002 8.774814 -0.000001 -16.410034 17.738178 5.961571 -1.844030 2.498502 -2.507276 -10.163590 4.678940 4.621105 -20.975994 -0.000003 0.000002 -21.226255 2.451694 -3.593994 0.000000 -0.000006 -0.000000 -1.362681 2.240797 -0.746323 -21.334887 0.584909 3.008320 -13.821198 -0.000002 0.000003 -23.887133 -0.249077 -0.839481 -61.123245 1.964822 -1.564246 -0.294025 1.679686 0.833256 -14.218195 0.093215 1.300578 -34.211998 -0.287562 0.967170 -20.033176 0.964536 1.212842 -0.000000 0.000000 0.000000 -3.440383 0.788232 0.501655 -15.928171 -3.167306 2.999705 -6.338818 -0.000000 0.000003 -18.123415 3.648177 -4.905662 -0.000006 0.000001 -0.000002 -13.289057 25.259356 11.425369 94.617844 47.671024 17.917500 179.820648 37.261093 -179.566711 -7.210300 12.626151 -7.917394 2.243540 -5.255032 -3.180156 14.282878 -0.826593 6.952496 -0.000002 -12.690591 0.000000 16.282877 -18.664145 3.444651 1.665665 -1.955920 -2.878294 4.727794 -4.170582 4.993917 11.020513 0.000002 0.000001 12.109034 -3.735710 -2.866778 0.000000 0.000001 -0.000001 1.291985 -1.928547 -1.498088 14.800114 0.567467 3.865603 14.242554 -1.341736 -6.660647 19.631941 0.143924 -0.648243 50.757072 -1.189997 -5.803188 0.353029 -1.511149 -0.031939 20.222773 3.684305 2.316630 18.787249 0.000005 -0.000001 10.751614 -0.479868 1.397903 0.000001 0.000002 0.000000 3.273805 0.305947 -0.580110 21.486790 11.830360 2.266132 8.162919 0.000003 -0.000001 18.399055 -3.798979 -4.940569 0.000003 0.000000 -0.000001 14.710534 23.403860 -16.273363 -0.315603 -0.798403 18.431631 -14.896442 -9.093053 10.426176 1.680739 -1.920013 -1.169626 -0.000000 0.000000 0.000002 -7.118388 -11.691781 -1.994812 -0.000564 0.322786 21.818716 7.985204 5.115883 -15.099869 -1.447166 0.850973 -0.955382 0.000000 0.000000 -0.000001 
-3.494557 97.426941 -0.227898 -0.817340 1.027442 -1.249627 1.813178 0.311524 2.059720 -0.249300 0.000946 -4.904572 2.164089 -2.791305 15.279421 -7.421732 9.452505 23.966455 1.376801 7.175311 -3.123786 -4.714150 8.722205 17.446341 0.000077 -0.000023 0.000007 0.050179 -0.052863 -0.158661 0.881516 -3.904224 -11.031067 -0.779418 3.780334 -11.001156 21.021513 -18.531797 10.100310 -94.181404 -36.563370 -14.490890 179.540237 -29.886068 -179.903015 -4.637065 -14.899335 -9.568893 -5.882099 9.861279 0.702588 -10.936858 -0.360575 7.156198 0.000001 8.774815 -0.000003 -16.473076 17.784208 5.949000 -1.844031 2.498503 -2.507276 -10.163590 4.678939 4.621103 -20.975992 -0.000005 0.000004 -21.226248 2.451692 -3.593993 0.000001 -0.000006 -0.000000 -1.362680 2.240797 -0.746322 -21.334890 0.584908 3.008322 -13.821197 -0.000003 0.000003 -23.887125 -0.249079 -0.839480 -61.205177 1.973518 -1.538873 -0.294024 1.679686 0.833255 -14.218194 0.093214 1.300578 -34.211998 -0.287565 0.967172 -20.033176 0.964534 1.212844 -0.000000 0.000000 -0.000000 -3.440386 0.788233 0.501657 -15.928167 -3.167308 2.999705 -6.338815 -0.000001 0.000002 -18.123415 3.648176 -4.905662 -0.000006 0.000000 -0.000002 -13.288637 25.161610 11.414990 94.436386 47.626774 17.611061 179.805695 37.257679 -179.556030 -7.165190 12.577026 -8.173605 2.243540 -5.255033 -3.180154 14.282875 -0.826593 6.952495 -0.000002 -12.690591 -0.000001 16.249729 -18.667053 3.444134 1.665665 -1.955920 -2.878295 4.727793 -4.170582 4.993918 11.020511 0.000004 0.000000 12.109033 -3.735709 -2.866780 -0.000000 0.000001 -0.000001 1.291984 -1.928548 -1.498086 14.800114 0.567468 3.865603 14.242551 -1.341734 -6.660649 19.631937 0.143926 -0.648243 50.793930 -1.161648 -5.778404 0.353029 -1.511150 -0.031941 20.222769 3.684308 2.316630 18.787247 0.000007 0.000001 10.751610 -0.479868 1.397905 0.000001 0.000003 0.000000 3.273804 0.305947 -0.580113 21.486792 11.830367 2.266133 8.162914 0.000003 -0.000002 18.399052 -3.798979 -4.940567 0.000003 0.000000 -0.000002 14.661649 23.346037 -16.347116 -0.330526 -0.789212 18.252762 -14.985185 -9.289905 10.754056 1.678722 -1.913560 -1.196575 0.000000 0.000000 0.000002 -7.038635 -11.747635 -1.832825 -0.006911 0.308800 21.626207 7.973897 4.794213 -15.078056 -1.445630 0.876002 -0.936724 0.000000 0.000000 -0.000001 
-3.534765 97.452553 -0.231961 -0.850906 1.354683 -1.234869 1.833229 0.301082 2.037785 -0.246043 -0.000314 -4.912034 2.178964 -2.797756 15.224824 -7.274312 9.386315 23.976681 1.361766 7.144778 -3.104182 -4.730380 8.700315 17.466789 0.000077 -0.000022 0.000005 0.038560 -0.041852 -0.167430 0.863636 -3.891746 -11.044921 -0.790410 3.793820 -11.013587 21.019451 -18.596087 10.101752 -94.198914 -36.474327 -14.392533 179.602432 -29.942261 -179.942902 -4.612588 -14.858438 -9.411907 -5.882102 9.861279 0.702590 -10.936860 -0.360575 7.156196 -0.000001 8.774816 -0.000004 -16.483078 17.819864 5.946942 -1.844031 2.498503 -2.507276 -10.163589 4.678940 4.621103 -20.975996 -0.000004 0.000003 -21.226255 2.451693 -3.593994 -0.000000 -0.000006 0.000000 -1.362681 2.240797 -0.746324 -21.334887 0.584908 3.008320 -13.821197 -0.000003 0.000002 -23.887133 -0.249078 -0.839482 -61.212181 1.974287 -1.505505 -0.294025 1.679686 0.833256 -14.218195 0.093214 1.300579 -34.212006 -0.287563 0.967172 -20.033178 0.964535 1.212843 -0.000000 0.000000 0.000000 -3.440386 0.788233 0.501654 -15.928167 -3.167308 2.999704 -6.338818 -0.000001 0.000003 -18.123415 3.648176 -4.905662 -0.000007 0.000001 -0.000002 -13.311994 25.076218 11.406049 94.232483 47.595009 17.274595 179.766205 37.273643 -179.574905 -7.119552 12.516304 -8.592880 2.243539 -5.255032 -3.180157 14.282877 -0.826592 6.952499 -0.000004 -12.690590 -0.000000 16.204807 -18.667162 3.431272 1.665664 -1.955920 -2.878296 4.727793 -4.170583 4.993919 11.020513 0.000003 -0.000001 12.109035 -3.735711 -2.866779 0.000000 0.000000 -0.000001 1.291984 -1.928547 -1.498087 14.800113 0.567470 3.865603 14.242554 -1.341733 -6.660647 19.631939 0.143926 -0.648240 50.783649 -1.126565 -5.755851 0.353028 -1.511149 -0.031939 20.222771 3.684309 2.316629 18.787245 0.000006 0.000001 10.751611 -0.479865 1.397905 0.000000 0.000002 -0.000001 3.273804 0.305947 -0.580109 21.486794 11.830365 2.266134 8.162917 0.000002 -0.000002 18.399055 -3.798977 -4.940566 0.000003 0.000001 -0.000001 14.624471 23.309969 -16.442904 -0.330982 -0.780654 18.119238 -15.065961 -9.483186 11.016400 1.677297 -1.897698 -1.210671 -0.000000 0.000000 0.000002 -6.949459 -11.817386 -1.645809 -0.009494 0.292835 21.337944 7.973064 4.558598 -15.049614 -1.444569 0.891950 -0.922286 0.000000 0.000000 -0.000001 
-3.564235 97.500671 -0.215290 -0.901639 1.609782 -1.195501 1.867701 0.301960 2.004548 -0.244389 -0.012346 -4.926681 2.175265 -2.781060 15.180166 -7.166245 9.324129 23.930519 1.329750 7.117033 -3.117558 -4.739418 8.708364 17.517717 0.000076 -0.000022 0.000004 0.038322 -0.038147 -0.170111 0.855192 -3.877712 -11.018940 -0.791924 3.802160 -10.996533 21.029503 -18.662893 10.068198 -94.308556 -36.347080 -14.252739 179.653442 -29.970558 -179.996323 -4.557570 -14.817577 -9.137348 -5.882102 9.861280 0.702590 -10.936861 -0.360575 7.156197 0.000001 8.774816 -0.000002 -16.474689 17.827734 5.964453 -1.844031 2.498503 -2.507275 -10.163591 4.678940 4.621105 -20.976000 -0.000003 0.000004 -21.226255 2.451694 -3.593992 0.000001 -0.000006 -0.000000 -1.362680 2.240797 -0.746322 -21.334896 0.584908 3.008320 -13.821197 -0.000003 0.000002 -23.887131 -0.249077 -0.839480 -61.213093 1.976198 -1.461910 -0.294026 1.679687 0.833254 -14.218194 0.093214 1.300581 -34.212002 -0.287563 0.967172 -20.033180 0.964535 1.212842 -0.000000 0.000000 0.000000 -3.440385 0.788233 0.501654 -15.928169 -3.167307 2.999705 -6.338818 -0.000001 0.000001 -18.123415 3.648177 -4.905661 -0.000006 0.000001 -0.000001 -13.391558 25.046265 11.367798 94.010895 47.614338 16.894236 179.756256 37.256042 -179.582672 -7.017041 12.468882 -9.040664 2.243540 -5.255033 -3.180155 14.282875 -0.826593 6.952495 -0.000002 -12.690591 0.000000 16.185957 -18.632595 3.419928 1.665665 -1.955920 -2.878297 4.727794 -4.170582 4.993917 11.020513 0.000003 -0.000001 12.109034 -3.735710 -2.866778 0.000000 0.000000 -0.000001 1.291984 -1.928548 -1.498089 14.800114 0.567468 3.865602 14.242554 -1.341735 -6.660649 19.631939 0.143927 -0.648244 50.816158 -1.137085 -5.735994 0.353028 -1.511149 -0.031940 20.222769 3.684306 2.316627 18.787243 0.000005 -0.000002 10.751610 -0.479868 1.397904 -0.000000 0.000002 -0.000001 3.273805 0.305947 -0.580113 21.486792 11.830362 2.266130 8.162916 0.000001 -0.000002 18.399052 -3.798980 -4.940568 0.000003 0.000000 -0.000002 14.607114 23.290352 -16.491854 -0.323936 -0.780290 17.923454 -15.152716 -9.636224 11.296015 1.672862 -1.888344 -1.248232 0.000000 0.000000 0.000002 -6.846373 -11.877469 -1.431233 -0.013500 0.284651 20.928389 8.008700 4.356474 -14.922252 -1.445326 0.906796 -0.918160 -0.000000 -0.000000 -0.000001 
-3.580343 97.560272 -0.229118 -0.968401 1.839372 -1.105682 1.921904 0.314655 1.951040 -0.251075 -0.005904 -4.942746 2.169472 -2.778609 15.099329 -7.071372 9.273726 23.830845 1.286435 7.080698 -3.107090 -4.753111 8.726444 17.503130 0.000076 -0.000021 0.000005 0.028011 -0.038090 -0.156085 0.847971 -3.878244 -10.998029 -0.783075 3.783365 -10.976560 20.990753 -18.763460 10.042789 -94.413109 -36.134632 -14.115768 179.678833 -30.001167 179.984161 -4.479317 -14.767534 -8.816721 -5.882099 9.861279 0.702590 -10.936858 -0.360576 7.156197 0.000002 8.774814 -0.000002 -16.421896 17.820854 5.966705 -1.844031 2.498503 -2.507277 -10.163589 4.678939 4.621101 -20.975996 -0.000004 0.000002 -21.226254 2.451693 -3.593993 -0.000000 -0.000006 0.000001 -1.362682 2.240797 -0.746321 -21.334887 0.584907 3.008322 -13.821195 -0.000004 0.000001 -23.887125 -0.249079 -0.839480 -61.212185 1.970721 -1.447489 -0.294025 1.679686 0.833255 -14.218190 0.093214 1.300578 -34.211998 -0.287565 0.967170 -20.033175 0.964534 1.212842 -0.000000 -0.000000 -0.000000 -3.440385 0.788232 0.501655 -15.928165 -3.167308 2.999704 -6.338817 -0.000001 0.000000 -18.123415 3.648177 -4.905662 -0.000006 0.000000 -0.000001 -13.489839 25.034155 11.302292 93.739632 47.668827 16.435072 179.739639 37.253456 -179.635208 -6.866310 12.460896 -9.560336 2.243539 -5.255033 -3.180154 14.282875 -0.826592 6.952496 -0.000003 -12.690590 -0.000001 16.184719 -18.594330 3.380381 1.665664 -1.955920 -2.878298 4.727793 -4.170583 4.993920 11.020511 0.000004 0.000000 12.109030 -3.735709 -2.866780 0.000000 -0.000000 -0.000000 1.291984 -1.928547 -1.498086 14.800114 0.567469 3.865606 14.242553 -1.341735 -6.660646 19.631937 0.143927 -0.648243 50.837860 -1.092657 -5.709108 0.353028 -1.511149 -0.031940 20.222765 3.684308 2.316631 18.787243 0.000007 0.000000 10.751607 -0.479867 1.397904 -0.000001 0.000002 -0.000001 3.273804 0.305947 -0.580110 21.486790 11.830367 2.266134 8.162916 0.000003 -0.000002 18.399048 -3.798979 -4.940566 0.000003 -0.000001 -0.000002 14.569442 23.277594 -16.572483 -0.313956 -0.786339 17.648447 -15.191716 -9.722628 11.592978 1.670753 -1.874510 -1.293154 -0.000000 -0.000000 0.000002 -6.725289 -11.977317 -1.251776 -0.014987 0.289183 20.417360 8.041949 4.215592 -14.748547 -1.444688 0.907678 -0.930218 0.000000 0.000000 -0.000001 
-3.577508 97.637543 -0.229903 -1.042949 2.030948 -0.974619 1.981819 0.340647 1.888383 -0.244263 -0.013847 -4.956690 2.144623 -2.768793 14.994484 -7.001725 9.242449 23.714067 1.264979 7.051950 -3.105596 -4.812000 8.759411 17.491430 0.000076 -0.000021 0.000005 0.037960 -0.036930 -0.157510 0.847649 -3.871754 -11.001322 -0.781741 3.789786 -10.975392 20.945192 -18.916748 9.992024 -94.536255 -35.817612 -14.125537 179.745209 -30.020599 179.966248 -4.284922 -14.694812 -8.633568 -5.882099 9.861278 0.702590 -10.936858 -0.360575 7.156196 0.000001 8.774814 -0.000001 -16.395597 17.796154 5.969601 -1.844030 2.498503 -2.507276 -10.163589 4.678939 4.621103 -20.975992 -0.000005 0.000002 -21.226250 2.451692 -3.593991 0.000001 -0.000006 -0.000000 -1.362680 2.240796 -0.746321 -21.334887 0.584908 3.008320 -13.821197 -0.000003 0.000002 -23.887129 -0.249078 -0.839481 -61.187817 1.953096 -1.431849 -0.294025 1.679686 0.833256 -14.218190 0.093213 1.300579 -34.211998 -0.287564 0.967170 -20.033178 0.964535 1.212841 -0.000000 -0.000000 -0.000000 -3.440385 0.788233 0.501653 -15.928164 -3.167307 2.999703 -6.338819 -0.000001 0.000001 -18.123415 3.648175 -4.905661 -0.000006 -0.000000 -0.000001 -13.608442 25.057272 11.264905 93.494606 47.822708 16.020124 179.739899 37.267502 -179.671494 -6.712150 12.499733 -10.185069 2.243540 -5.255033 -3.180156 14.282877 -0.826593 6.952495 -0.000001 -12.690591 0.000000 16.207375 -18.596821 3.375450 1.665665 -1.955920 -2.878296 4.727793 -4.170583 4.993917 11.020512 0.000002 0.000001 12.109029 -3.735710 -2.866778 0.000000 -0.000000 0.000002 1.291984 -1.928548 -1.498087 14.800113 0.567468 3.865602 14.242553 -1.341735 -6.660648 19.631935 0.143923 -0.648244 50.877098 -1.092880 -5.709347 0.353029 -1.511150 -0.031941 20.222769 3.684306 2.316629 18.787245 0.000005 0.000002 10.751609 -0.479869 1.397905 -0.000000 0.000003 -0.000001 3.273804 0.305947 -0.580111 21.486792 11.830362 2.266132 8.162917 0.000001 -0.000003 18.399054 -3.798979 -4.940569 0.000002 0.000001 0.000000 14.528342 23.258081 -16.663212 -0.304837 -0.777823 17.354496 -15.195423 -9.756508 11.898930 1.666603 -1.857615 -1.338210 -0.000000 0.000000 0.000002 -6.604784 -12.090950 -1.049248 -0.010378 0.307995 19.763603 8.056908 4.113736 -14.503474 -1.444021 0.899761 -0.963045 -0.000000 -0.000000 -0.000001 
-3.544779 97.725929 -0.246655 -1.111399 2.178050 -0.805372 2.037016 0.360289 1.859980 -0.234248 0.002643 -4.951216 2.118462 -2.744370 14.846661 -6.942968 9.230730 23.548468 1.269849 6.998248 -3.107105 -4.891569 8.816248 17.423622 0.000076 -0.000022 0.000006 0.044318 -0.042947 -0.147505 0.853987 -3.872797 -10.983043 -0.764638 3.775201 -10.949023 20.885656 -19.089762 9.946315 -94.617569 -35.459770 -14.194638 179.850830 -30.074766 179.969925 -4.002998 -14.529510 -8.621235 -5.882101 9.861278 0.702590 -10.936859 -0.360574 7.156196 0.000002 8.774812 -0.000001 -16.330324 17.780611 6.004976 -1.844031 2.498502 -2.507276 -10.163588 4.678939 4.621104 -20.975994 -0.000003 0.000002 -21.226254 2.451693 -3.593994 -0.000000 -0.000007 0.000000 -1.362681 2.240797 -0.746323 -21.334887 0.584909 3.008320 -13.821197 -0.000002 0.000001 -23.887131 -0.249079 -0.839482 -61.178795 1.966084 -1.414622 -0.294023 1.679686 0.833255 -14.218192 0.093214 1.300579 -34.212006 -0.287564 0.967170 -20.033178 0.964535 1.212840 0.000000 0.000000 -0.000000 -3.440386 0.788233 0.501655 -15.928167 -3.167306 2.999704 -6.338817 -0.000001 0.000001 -18.123415 3.648175 -4.905662 -0.000007 -0.000000 -0.000003 -13.763843 25.075888 11.188482 93.239204 47.990486 15.648753 179.787689 37.295124 -179.647156 -6.543091 12.562526 -10.716571 2.243540 -5.255033 -3.180153 14.282878 -0.826593 6.952494 -0.000003 -12.690590 0.000002 16.207703 -18.628149 3.377544 1.665665 -1.955920 -2.878296 4.727793 -4.170583 4.993918 11.020513 0.000003 -0.000001 12.109033 -3.735708 -2.866777 0.000001 -0.000001 -0.000001 1.291984 -1.928547 -1.498087 14.800111 0.567469 3.865604 14.242553 -1.341733 -6.660648 19.631939 0.143926 -0.648242 50.922932 -1.080631 -5.699365 0.353029 -1.511149 -0.031941 20.222767 3.684307 2.316628 18.787243 0.000006 0.000000 10.751610 -0.479868 1.397906 0.000001 0.000001 0.000001 3.273804 0.305947 -0.580111 21.486792 11.830364 2.266131 8.162916 0.000003 0.000000 18.399054 -3.798980 -4.940566 0.000002 0.000000 -0.000001 14.454952 23.205803 -16.765854 -0.300571 -0.781112 17.017307 -15.170392 -9.707858 12.189769 1.665766 -1.844014 -1.375168 -0.000000 0.000000 0.000002 -6.502808 -12.223904 -0.894772 -0.005894 0.351081 19.079041 8.083685 4.022115 -14.197501 -1.441792 0.883270 -0.991245 0.000000 0.000000 -0.000001 
-3.484032 97.794426 -0.232109 -1.171503 2.311604 -0.616307 2.076222 0.419161 1.868942 -0.226226 -0.023612 -4.950864 2.092469 -2.697301 14.712669 -6.860675 9.192272 23.315147 1.278625 6.960896 -3.099988 -4.996662 8.858660 17.321566 0.000077 -0.000022 0.000008 0.053922 -0.057517 -0.155789 0.869226 -3.882113 -10.967993 -0.752535 3.755074 -10.943501 20.856451 -19.248404 9.894931 -94.681206 -35.048199 -14.272633 179.956223 -30.211321 179.987061 -3.611570 -14.299669 -8.666191 -5.882100 9.861279 0.702589 -10.936858 -0.360576 7.156198 0.000002 8.774817 -0.000003 -16.290173 17.772200 6.032312 -1.844031 2.498503 -2.507275 -10.163589 4.678941 4.621103 -20.975994 -0.000005 0.000003 -21.226250 2.451693 -3.593994 -0.000000 -0.000006 0.000001 -1.362681 2.240797 -0.746322 -21.334894 0.584906 3.008322 -13.821195 -0.000003 0.000004 -23.887135 -0.249078 -0.839480 -61.209496 1.978983 -1.390774 -0.294023 1.679686 0.833255 -14.218194 0.093213 1.300580 -34.211998 -0.287565 0.967171 -20.033180 0.964534 1.212843 0.000000 0.000000 -0.000000 -3.440384 0.788232 0.501654 -15.928167 -3.167309 2.999704 -6.338817 -0.000002 0.000001 -18.123413 3.648176 -4.905663 -0.000005 0.000001 -0.000001 -13.922806 25.094872 11.113010 92.905815 48.198261 15.245572 179.821854 37.339756 -179.654846 -6.382132 12.569802 -11.073168 2.243539 -5.255032 -3.180154 14.282875 -0.826592 6.952496 -0.000003 -12.690592 0.000000 16.200930 -18.634548 3.388277 1.665664 -1.955919 -2.878296 4.727792 -4.170582 4.993918 11.020511 0.000003 -0.000001 12.109030 -3.735708 -2.866780 0.000000 -0.000000 -0.000002 1.291984 -1.928548 -1.498089 14.800109 0.567469 3.865602 14.242550 -1.341733 -6.660648 19.631937 0.143928 -0.648242 50.899918 -1.051931 -5.678359 0.353028 -1.511149 -0.031939 20.222769 3.684307 2.316627 18.787241 0.000007 -0.000002 10.751610 -0.479866 1.397904 -0.000000 0.000001 -0.000001 3.273803 0.305947 -0.580109 21.486788 11.830362 2.266130 8.162916 0.000003 -0.000002 18.399052 -3.798976 -4.940565 0.000002 0.000000 -0.000002 14.356372 23.178228 -16.896963 -0.292740 -0.779168 16.748835 -15.169333 -9.685442 12.341507 1.663550 -1.845750 -1.422851 0.000000 0.000000 0.000002 -6.433850 -12.346794 -0.779088 -0.002301 0.369389 18.473953 8.125175 3.976059 -13.942762 -1.440714 0.865348 -1.021784 0.000000 0.000000 -0.000001 
-3.374248 97.844231 -0.251934 -1.215875 2.476934 -0.422569 2.086399 0.432628 1.903339 -0.216286 0.015092 -4.921878 2.082489 -2.656487 14.582394 -6.781567 9.151589 23.117884 1.289948 6.911707 -3.109360 -5.090464 8.841775 17.139212 0.000078 -0.000022 0.000008 0.078554 -0.066770 -0.162004 0.884024 -3.890033 -10.960213 -0.722357 3.734906 -10.948447 20.879730 -19.376396 9.841778 -94.614784 -34.560970 -14.351606 179.998566 -30.507565 -179.929565 -3.138098 -14.007153 -8.744922 -5.882102 9.861279 0.702590 -10.936858 -0.360575 7.156198 -0.000001 8.774813 -0.000001 -16.321648 17.782507 6.029483 -1.844031 2.498503 -2.507276 -10.163590 4.678941 4.621105 -20.975998 -0.000002 0.000002 -21.226250 2.451694 -3.593994 0.000000 -0.000006 0.000001 -1.362680 2.240796 -0.746323 -21.334892 0.584909 3.008320 -13.821197 -0.000003 0.000002 -23.887131 -0.249077 -0.839482 -61.330486 1.994433 -1.381883 -0.294024 1.679686 0.833255 -14.218189 0.093215 1.300579 -34.211998 -0.287562 0.967169 -20.033176 0.964535 1.212842 0.000000 0.000000 0.000000 -3.440385 0.788233 0.501654 -15.928169 -3.167306 2.999703 -6.338818 -0.000001 0.000001 -18.123415 3.648178 -4.905661 -0.000007 0.000000 -0.000001 -14.074845 25.066877 11.063457 92.630280 48.349525 14.827802 179.861984 37.382122 -179.595779 -6.160194 12.572601 -11.112720 2.243540 -5.255033 -3.180155 14.282877 -0.826595 6.952497 -0.000001 -12.690586 0.000000 16.165644 -18.647110 3.406585 1.665665 -1.955920 -2.878298 4.727794 -4.170583 4.993919 11.020512 0.000002 -0.000001 12.109035 -3.735710 -2.866781 0.000000 -0.000000 -0.000000 1.291985 -1.928548 -1.498090 14.800114 0.567465 3.865605 14.242553 -1.341734 -6.660649 19.631939 0.143924 -0.648243 50.836639 -1.031372 -5.678709 0.353028 -1.511149 -0.031940 20.222773 3.684304 2.316629 18.787247 0.000003 0.000000 10.751610 -0.479870 1.397903 -0.000001 0.000001 -0.000000 3.273804 0.305947 -0.580109 21.486794 11.830362 2.266128 8.162916 0.000002 -0.000001 18.399050 -3.798980 -4.940568 0.000002 -0.000001 -0.000002 14.191851 23.146725 -17.132397 -0.289196 -0.763476 16.606171 -15.108231 -9.745811 12.411929 1.660941 -1.848003 -1.447804 -0.000000 0.000000 0.000002 -6.422102 -12.546955 -0.766213 0.004818 0.406104 18.046265 8.218254 3.922226 -13.721721 -1.438951 0.851010 -1.045520 0.000000 0.000000 -0.000001 
-3.239681 97.860695 -0.253512 -1.253579 2.701041 -0.255116 2.070703 0.497992 2.005604 -0.205746 0.007841 -4.890189 2.091618 -2.565039 14.480415 -6.674948 9.069086 22.980536 1.294626 6.847013 -3.115563 -5.169086 8.764711 16.913622 0.000077 -0.000022 0.000008 0.077539 -0.077367 -0.147172 0.873504 -3.883966 -10.962322 -0.716767 3.730372 -10.930314 20.999302 -19.508991 9.752550 -94.314461 -33.920494 -14.554296 179.944702 -31.088572 -179.792603 -2.605929 -13.692810 -8.807302 -5.882102 9.861278 0.702589 -10.936860 -0.360574 7.156198 0.000001 8.774814 -0.000000 -16.301405 17.781370 6.033645 -1.844031 2.498502 -2.507276 -10.163589 4.678939 4.621105 -20.976000 -0.000003 0.000003 -21.226257 2.451693 -3.593992 0.000000 -0.000006 0.000002 -1.362681 2.240796 -0.746322 -21.334894 0.584910 3.008322 -13.821199 -0.000002 0.000002 -23.887133 -0.249077 -0.839482 -61.477825 2.003348 -1.403581 -0.294024 1.679686 0.833255 -14.218194 0.093215 1.300578 -34.212006 -0.287562 0.967171 -20.033184 0.964537 1.212843 -0.000000 0.000000 -0.000000 -3.440386 0.788233 0.501656 -15.928169 -3.167305 2.999705 -6.338819 -0.000000 0.000001 -18.123415 3.648176 -4.905661 -0.000007 0.000000 -0.000002 -14.211480 25.007780 11.091304 92.301720 48.525131 14.225371 179.858643 37.435829 -179.585999 -5.976552 12.544086 -11.017407 2.243540 -5.255033 -3.180156 14.282875 -0.826593 6.952495 -0.000001 -12.690592 0.000002 16.092979 -18.592230 3.445040 1.665665 -1.955920 -2.878298 4.727793 -4.170583 4.993918 11.020510 0.000003 0.000001 12.109032 -3.735711 -2.866779 0.000001 -0.000000 -0.000000 1.291985 -1.928548 -1.498088 14.800111 0.567467 3.865603 14.242553 -1.341734 -6.660651 19.631937 0.143928 -0.648245 50.745758 -0.977968 -5.660039 0.353029 -1.511150 -0.031941 20.222769 3.684304 2.316627 18.787247 0.000005 -0.000001 10.751608 -0.479867 1.397904 -0.000002 0.000002 -0.000000 3.273804 0.305947 -0.580110 21.486794 11.830363 2.266130 8.162914 0.000003 -0.000002 18.399050 -3.798980 -4.940566 0.000002 -0.000001 -0.000002 14.006775 23.134363 -17.455687 -0.298349 -0.759227 16.676516 -15.050541 -9.861364 12.343349 1.657526 -1.851611 -1.434946 0.000000 0.000000 0.000002 -6.445581 -12.771196 -0.805526 0.001666 0.413889 17.847004 8.355199 3.929699 -13.593990 -1.441083 0.863099 -1.052195 -0.000000 -0.000000 -0.000001 
-3.057890 97.833458 -0.278021 -1.286403 3.042077 -0.122481 2.030052 0.510534 2.143524 -0.214530 0.080498 -4.812838 2.141361 -2.473613 14.363863 -6.541627 8.947104 22.923716 1.272405 6.759394 -3.143591 -5.207703 8.597453 16.767534 0.000079 -0.000022 0.000007 0.072980 -0.066810 -0.150321 0.854777 -3.868611 -10.973395 -0.713113 3.743199 -10.947817 21.258097 -19.660196 9.642663 -93.805016 -32.986629 -15.124246 179.795120 -32.113983 -179.586456 -2.013603 -13.234386 -8.906417 -5.882099 9.861278 0.702589 -10.936857 -0.360576 7.156197 0.000002 8.774814 -0.000001 -16.390024 17.831793 5.922450 -1.844030 2.498502 -2.507276 -10.163586 4.678940 4.621103 -20.975992 -0.000005 0.000001 -21.226248 2.451691 -3.593992 -0.000001 -0.000006 -0.000001 -1.362680 2.240796 -0.746323 -21.334887 0.584906 3.008319 -13.821192 -0.000004 0.000001 -23.887123 -0.249080 -0.839480 -61.700539 2.021802 -1.469872 -0.294025 1.679686 0.833255 -14.218190 0.093214 1.300578 -34.211998 -0.287566 0.967170 -20.033173 0.964534 1.212842 -0.000000 -0.000000 -0.000000 -3.440384 0.788232 0.501656 -15.928164 -3.167307 2.999703 -6.338814 -0.000002 0.000002 -18.123411 3.648174 -4.905661 -0.000006 0.000001 -0.000002 -14.362765 24.935297 11.180225 91.950417 48.636444 13.346169 179.831024 37.472881 -179.585968 -5.839843 12.462613 -10.995990 2.243540 -5.255032 -3.180156 14.282875 -0.826594 6.952497 -0.000002 -12.690592 0.000000 16.089914 -18.497183 3.469305 1.665664 -1.955919 -2.878298 4.727794 -4.170583 4.993918 11.020511 0.000003 -0.000001 12.109032 -3.735709 -2.866780 0.000001 -0.000000 -0.000000 1.291984 -1.928547 -1.498089 14.800111 0.567468 3.865604 14.242551 -1.341734 -6.660647 19.631935 0.143927 -0.648243 50.729301 -0.952790 -5.639738 0.353029 -1.511149 -0.031938 20.222765 3.684304 2.316629 18.787245 0.000003 0.000001 10.751612 -0.479870 1.397903 0.000001 0.000002 0.000000 3.273804 0.305947 -0.580108 21.486790 11.830360 2.266132 8.162916 0.000002 -0.000001 18.399052 -3.798978 -4.940566 0.000003 0.000000 -0.000001 13.766312 23.137201 -17.911814 -0.316405 -0.728137 16.964127 -14.977017 -10.115772 12.133633 1.653969 -1.846375 -1.366676 0.000000 -0.000000 0.000002 -6.463470 -13.043840 -0.903185 0.005469 0.405889 17.915977 8.398809 3.902396 -13.651730 -1.445288 0.869511 -1.063531 0.000000 0.000000 -0.000001 
-2.809223 97.761940 -0.239640 -1.308879 3.520461 -0.029668 1.974411 0.530350 2.320281 -0.235913 0.141596 -4.725254 2.203704 -2.331157 14.268371 -6.316430 8.730044 22.967459 1.201103 6.632898 -3.172101 -5.213585 8.323570 16.623808 0.000077 -0.000022 0.000008 0.048549 -0.028066 -0.120127 0.815157 -3.838952 -10.993707 -0.734360 3.773654 -10.970756 21.520145 -19.788206 9.741382 -92.963501 -31.578001 -15.916552 179.514786 -33.840252 -179.285751 -1.213875 -12.360962 -9.082964 -5.882101 9.861277 0.702590 -10.936858 -0.360574 7.156196 0.000001 8.774811 -0.000000 -16.508774 17.958559 5.805520 -1.844030 2.498503 -2.507275 -10.163589 4.678939 4.621103 -20.975994 -0.000003 0.000001 -21.226255 2.451693 -3.593994 0.000000 -0.000006 -0.000001 -1.362680 2.240796 -0.746323 -21.334892 0.584909 3.008319 -13.821197 -0.000004 0.000002 -23.887129 -0.249079 -0.839480 -62.013676 2.064278 -1.545093 -0.294025 1.679688 0.833255 -14.218194 0.093215 1.300579 -34.211998 -0.287563 0.967169 -20.033178 0.964534 1.212840 -0.000000 -0.000000 -0.000001 -3.440386 0.788233 0.501655 -15.928165 -3.167306 2.999705 -6.338819 -0.000001 0.000002 -18.123413 3.648176 -4.905662 -0.000006 0.000001 -0.000002 -14.527875 24.795986 11.254889 91.530312 48.605766 12.122397 179.766663 37.459194 -179.650986 -5.795958 12.357012 -10.982460 2.243540 -5.255033 -3.180154 14.282877 -0.826593 6.952496 -0.000001 -12.690593 -0.000002 16.130432 -18.437881 3.464162 1.665665 -1.955919 -2.878297 4.727794 -4.170584 4.993918 11.020513 0.000003 -0.000001 12.109035 -3.735710 -2.866781 0.000001 -0.000001 -0.000000 1.291984 -1.928548 -1.498087 14.800117 0.567468 3.865605 14.242553 -1.341735 -6.660649 19.631939 0.143925 -0.648244 50.719673 -0.906675 -5.655452 0.353029 -1.511150 -0.031941 20.222771 3.684305 2.316627 18.787247 0.000005 -0.000001 10.751610 -0.479868 1.397902 0.000000 0.000002 0.000000 3.273804 0.305947 -0.580110 21.486790 11.830361 2.266128 8.162913 0.000003 -0.000002 18.399054 -3.798980 -4.940567 0.000003 0.000001 -0.000001 13.469168 23.099102 -18.518076 -0.321787 -0.683863 17.622744 -14.871969 -10.460880 11.682277 1.651027 -1.855376 -1.275803 -0.000000 0.000000 0.000001 -6.635259 -13.319865 -0.996053 0.002648 0.373090 18.177948 8.537045 3.863191 -13.768309 -1.449005 0.867590 -1.068250 -0.000000 -0.000000 -0.000001 
-2.545294 97.636948 -0.187552 -1.286829 4.075019 0.017100 1.897483 0.546312 2.550542 -0.259247 0.190588 -4.617249 2.234404 -2.133355 14.161382 -6.018247 8.407086 23.023170 1.104880 6.535852 -3.183727 -5.223751 7.888218 16.591486 0.000077 -0.000022 0.000006 0.001116 0.013254 -0.137944 0.778592 -3.808085 -11.039318 -0.774423 3.827728 -11.011444 21.550684 -19.851261 10.195024 -91.702522 -29.273041 -16.800909 179.051697 -36.693935 -178.858063 -0.059882 -10.370380 -9.369797 -5.882100 9.861278 0.702590 -10.936858 -0.360575 7.156198 0.000001 8.774812 -0.000001 -16.719864 18.176241 5.619237 -1.844031 2.498503 -2.507276 -10.163589 4.678937 4.621104 -20.975996 -0.000002 0.000003 -21.226250 2.451693 -3.593993 -0.000000 -0.000006 -0.000001 -1.362680 2.240796 -0.746323 -21.334894 0.584909 3.008322 -13.821195 -0.000003 0.000002 -23.887129 -0.249078 -0.839481 -62.433628 2.117513 -1.609540 -0.294026 1.679685 0.833255 -14.218194 0.093216 1.300580 -34.212002 -0.287561 0.967172 -20.033178 0.964537 1.212843 0.000000 0.000000 0.000000 -3.440385 0.788233 0.501655 -15.928164 -3.167306 2.999705 -6.338817 -0.000001 0.000002 -18.123411 3.648176 -4.905660 -0.000004 0.000000 -0.000003 -14.826944 24.673470 11.283299 91.187881 48.446438 10.766056 179.764008 37.401806 -179.682098 -5.808170 12.212828 -11.012484 2.243540 -5.255033 -3.180154 14.282875 -0.826592 6.952494 -0.000003 -12.690587 0.000002 16.274141 -18.396074 3.446462 1.665664 -1.955920 -2.878296 4.727793 -4.170582 4.993920 11.020512 0.000004 -0.000000 12.109031 -3.735709 -2.866779 0.000000 0.000000 0.000000 1.291984 -1.928547 -1.498087 14.800114 0.567469 3.865603 14.242554 -1.341733 -6.660647 19.631939 0.143928 -0.648242 50.674637 -0.911589 -5.690986 0.353029 -1.511149 -0.031941 20.222771 3.684307 2.316629 18.787241 0.000006 0.000001 10.751608 -0.479867 1.397906 0.000001 0.000001 -0.000001 3.273804 0.305947 -0.580108 21.486790 11.830363 2.266129 8.162914 0.000002 -0.000002 18.399048 -3.798977 -4.940567 0.000002 0.000000 -0.000001 13.108601 23.089399 -19.211754 -0.325944 -0.663564 18.520033 -14.720036 -10.877111 11.072113 1.647476 -1.885141 -1.235262 0.000000 0.000000 0.000002 -6.918016 -13.598664 -1.149210 0.014185 0.318911 18.821098 8.632932 3.769877 -14.056437 -1.450943 0.864489 -1.073202 0.000000 0.000000 -0.000001 
-2.141867 97.471886 -0.049456 -1.186347 4.500216 -0.008053 1.828182 0.503058 2.837573 -0.278756 0.287117 -4.483284 2.172731 -1.924773 14.042507 -5.693634 7.981481 23.026976 1.014716 6.514120 -3.213091 -5.377096 7.370621 16.389982 0.000078 -0.000022 0.000005 -0.005878 0.030814 -0.149328 0.762916 -3.791576 -11.040814 -0.780027 3.851975 -11.033278 20.847075 -19.773380 11.197783 -89.907967 -25.579580 -17.263332 178.263062 -41.247852 -178.102631 1.595781 -6.033033 -9.980043 -5.882102 9.861276 0.702590 -10.936862 -0.360576 7.156198 0.000001 8.774810 -0.000001 -16.848913 18.314587 5.532658 -1.844031 2.498503 -2.507276 -10.163591 4.678940 4.621104 -20.975998 -0.000003 0.000005 -21.226254 2.451694 -3.593993 0.000001 -0.000006 -0.000002 -1.362680 2.240795 -0.746323 -21.334896 0.584912 3.008320 -13.821198 -0.000003 0.000004 -23.887135 -0.249078 -0.839482 -62.670288 2.207085 -1.565068 -0.294025 1.679687 0.833255 -14.218195 0.093215 1.300579 -34.212006 -0.287563 0.967171 -20.033180 0.964535 1.212841 -0.000000 -0.000000 -0.000001 -3.440385 0.788231 0.501655 -15.928171 -3.167304 2.999704 -6.338815 -0.000001 0.000000 -18.123417 3.648175 -4.905659 -0.000004 -0.000002 -0.000002 -15.412479 24.555040 11.173032 90.943962 48.278095 9.674669 179.950348 37.342083 -179.561966 -5.843794 12.112401 -10.947868 2.243540 -5.255033 -3.180153 14.282877 -0.826593 6.952497 -0.000003 -12.690588 0.000000 16.480234 -18.340555 3.443653 1.665665 -1.955920 -2.878297 4.727795 -4.170583 4.993917 11.020512 0.000003 -0.000001 12.109033 -3.735711 -2.866778 0.000001 -0.000000 -0.000002 1.291984 -1.928548 -1.498090 14.800111 0.567468 3.865601 14.242553 -1.341734 -6.660648 19.631941 0.143925 -0.648243 50.596882 -0.967792 -5.648856 0.353029 -1.511149 -0.031941 20.222771 3.684306 2.316630 18.787247 0.000005 0.000002 10.751610 -0.479867 1.397904 0.000000 0.000000 -0.000001 3.273804 0.305947 -0.580110 21.486792 11.830361 2.266132 8.162916 0.000004 -0.000001 18.399052 -3.798977 -4.940567 0.000003 -0.000001 -0.000002 12.668857 23.129255 -19.909021 -0.322627 -0.623983 19.854656 -14.428712 -11.366484 10.120853 1.646760 -1.942520 -1.304770 0.000000 -0.000000 0.000002 -7.344627 -13.785105 -1.272181 0.051239 0.269591 19.556728 8.670346 3.609250 -14.505473 -1.448491 0.835774 -1.089007 0.000000 0.000000 -0.000001 
-1.652305 97.271355 0.169672 -0.966083 4.445370 -0.020992 1.788847 0.524805 3.156960 -0.281004 0.353944 -4.371291 1.969179 -1.686101 13.952974 -5.416047 7.711273 22.705502 0.917050 6.307017 -3.277229 -5.586124 6.906895 16.005068 0.000077 -0.000022 0.000006 -0.008020 0.042354 -0.142149 0.750293 -3.776980 -11.030878 -0.785151 3.857280 -11.049838 18.852779 -19.282177 12.883853 -87.807518 -20.639263 -17.316664 177.633911 -48.312759 -177.479172 3.453273 -0.886400 -10.675430 -5.882100 9.861277 0.702590 -10.936860 -0.360575 7.156198 0.000000 8.774815 -0.000001 -16.856035 18.088955 5.453333 -1.844031 2.498503 -2.507275 -10.163589 4.678937 4.621105 -20.975996 -0.000005 0.000004 -21.226254 2.451693 -3.593994 0.000000 -0.000006 -0.000002 -1.362680 2.240798 -0.746323 -21.334890 0.584909 3.008320 -13.821194 -0.000002 0.000002 -23.887129 -0.249079 -0.839481 -62.309517 2.290888 -1.410207 -0.294025 1.679686 0.833255 -14.218190 0.093214 1.300579 -34.211998 -0.287565 0.967170 -20.033178 0.964535 1.212842 -0.000000 0.000000 0.000000 -3.440386 0.788234 0.501655 -15.928169 -3.167308 2.999704 -6.338817 0.000000 0.000000 -18.123411 3.648178 -4.905663 -0.000005 0.000002 -0.000003 -16.163538 24.513723 10.972913 90.514442 48.432266 9.302504 -179.807190 37.501869 -179.428696 -5.516926 12.157555 -10.647005 2.243539 -5.255033 -3.180155 14.282877 -0.826593 6.952494 -0.000002 -12.690591 -0.000001 16.657471 -18.419546 3.451931 1.665664 -1.955919 -2.878295 4.727793 -4.170582 4.993920 11.020513 0.000004 -0.000001 12.109031 -3.735709 -2.866780 0.000002 0.000000 -0.000001 1.291984 -1.928548 -1.498088 14.800111 0.567469 3.865603 14.242548 -1.341733 -6.660648 19.631939 0.143927 -0.648240 50.672432 -1.011886 -5.538936 0.353028 -1.511149 -0.031940 20.222767 3.684308 2.316628 18.787243 0.000004 0.000001 10.751610 -0.479868 1.397902 -0.000000 0.000002 -0.000001 3.273804 0.305947 -0.580112 21.486790 11.830365 2.266130 8.162912 0.000001 -0.000002 18.399052 -3.798981 -4.940567 0.000003 -0.000001 -0.000000 12.173082 23.457970 -20.486191 -0.317417 -0.611163 21.443275 -14.092607 -11.792236 8.878149 1.651267 -1.962757 -1.450698 0.000000 0.000000 0.000002 -7.944784 -13.773011 -1.587211 0.073761 0.267862 20.547907 8.721718 3.596491 -15.068830 -1.445266 0.776210 -1.101586 -0.000000 -0.000000 -0.000001 
-1.028492 97.040680 0.350788 -0.594916 3.653496 0.046140 1.777473 0.536412 3.509947 -0.258572 0.435356 -4.291663 1.629214 -1.447532 13.899893 -5.380888 7.803049 21.798611 0.827821 5.876450 -3.317233 -5.846131 6.866754 15.173993 0.000076 -0.000023 0.000006 -0.003752 0.025076 -0.179675 0.743978 -3.768654 -11.016821 -0.757076 3.822939 -11.044856 15.645429 -18.266600 15.142204 -85.862869 -14.576331 -17.049793 178.291534 -57.786896 -178.053879 5.627716 2.343751 -13.538580 -5.882102 9.861277 0.702590 -10.936861 -0.360575 7.156199 0.000001 8.774812 -0.000001 -16.501272 17.357660 5.354205 -1.844031 2.498502 -2.507276 -10.163589 4.678939 4.621105 -20.975998 -0.000003 0.000004 -21.226255 2.451693 -3.593992 0.000000 -0.000006 -0.000000 -1.362680 2.240796 -0.746323 -21.334890 0.584909 3.008322 -13.821197 -0.000002 0.000003 -23.887133 -0.249077 -0.839480 -60.498840 2.354459 -1.313484 -0.294024 1.679686 0.833255 -14.218195 0.093215 1.300579 -34.212002 -0.287562 0.967171 -20.033180 0.964537 1.212842 -0.000001 -0.000000 -0.000001 -3.440386 0.788231 0.501656 -15.928169 -3.167306 2.999705 -6.338817 -0.000001 0.000001 -18.123415 3.648176 -4.905660 -0.000005 -0.000000 -0.000001 -16.914066 24.444780 10.527795 89.835243 48.881298 10.249006 -179.528366 38.051605 -179.360245 -4.337961 12.345984 -10.020741 2.243540 -5.255033 -3.180155 14.282877 -0.826593 6.952496 -0.000002 -12.690590 -0.000003 16.638910 -18.627039 3.427550 1.665665 -1.955920 -2.878295 4.727795 -4.170582 4.993916 11.020513 0.000002 0.000000 12.109033 -3.735709 -2.866779 0.000003 -0.000000 -0.000000 1.291984 -1.928547 -1.498090 14.800113 0.567467 3.865604 14.242551 -1.341735 -6.660647 19.631937 0.143925 -0.648242 50.838402 -1.020842 -5.410330 0.353029 -1.511149 -0.031939 20.222769 3.684306 2.316628 18.787245 0.000003 0.000002 10.751610 -0.479867 1.397905 -0.000000 0.000002 -0.000002 3.273804 0.305946 -0.580110 21.486794 11.830363 2.266134 8.162917 0.000003 -0.000003 18.399055 -3.798982 -4.940567 0.000003 -0.000002 -0.000001 11.555408 24.158529 -20.926800 -0.340716 -0.637802 23.110947 -13.744616 -11.839162 7.352283 1.652813 -1.960978 -1.652789 0.000000 -0.000000 0.000002 -8.915454 -13.565811 -2.224677 0.083294 0.348296 21.848661 9.052875 3.971572 -15.528062 -1.438964 0.738112 -1.146235 -0.000000 -0.000000 -0.000001 
-0.267840 96.766754 0.536866 -0.098090 1.614361 0.212537 1.848324 0.509256 3.903619 -0.244299 0.552552 -4.254824 1.170722 -1.195160 13.988703 -5.842730 8.203292 20.113161 0.749501 5.697111 -3.319097 -6.149393 7.400312 13.833731 0.000077 -0.000023 0.000006 -0.019184 0.035615 -0.207911 0.738117 -3.759562 -10.973930 -0.765667 3.806353 -11.014514 11.525635 -16.506157 17.423750 -84.285286 -7.117689 -16.629375 -178.339310 -68.659615 178.538284 7.544026 2.573772 -20.783808 -5.882100 9.861278 0.702590 -10.936858 -0.360576 7.156196 0.000001 8.774813 -0.000002 -16.382990 16.712173 5.141312 -1.844031 2.498502 -2.507276 -10.163589 4.678939 4.621103 -20.975994 -0.000005 0.000002 -21.226254 2.451691 -3.593992 0.000001 -0.000005 -0.000000 -1.362680 2.240796 -0.746323 -21.334892 0.584907 3.008320 -13.821193 -0.000004 0.000002 -23.887123 -0.249080 -0.839480 -58.497475 2.372655 -1.347882 -0.294024 1.679686 0.833255 -14.218190 0.093214 1.300579 -34.211998 -0.287566 0.967170 -20.033176 0.964534 1.212843 -0.000001 -0.000000 0.000000 -3.440385 0.788232 0.501655 -15.928165 -3.167308 2.999703 -6.338816 -0.000002 0.000001 -18.123411 3.648175 -4.905661 -0.000004 -0.000000 -0.000002 -17.461285 24.531593 9.896464 88.890854 49.909847 12.472269 -179.387894 39.072876 -179.387604 -2.332694 12.512933 -9.118373 2.243540 -5.255033 -3.180156 14.282875 -0.826594 6.952494 -0.000001 -12.690590 -0.000002 16.230122 -18.533865 3.274790 1.665664 -1.955920 -2.878294 4.727794 -4.170583 4.993917 11.020512 0.000003 -0.000001 12.109031 -3.735712 -2.866780 0.000002 -0.000002 -0.000000 1.291984 -1.928548 -1.498090 14.800113 0.567466 3.865603 14.242554 -1.341735 -6.660649 19.631939 0.143925 -0.648243 50.383873 -0.933425 -5.216193 0.353028 -1.511149 -0.031938 20.222767 3.684305 2.316627 18.787245 0.000005 -0.000000 10.751610 -0.479870 1.397903 0.000002 0.000000 -0.000001 3.273804 0.305947 -0.580110 21.486788 11.830360 2.266130 8.162916 0.000003 -0.000002 18.399048 -3.798980 -4.940568 0.000003 -0.000001 -0.000001 10.961654 25.301802 -21.106808 -0.353133 -0.649182 24.941851 -13.393794 -11.132409 5.317685 1.651795 -1.920869 -1.830556 0.000000 -0.000000 0.000002 -10.048889 -12.756443 -3.560318 0.130613 0.475788 23.514063 9.516774 4.983863 -16.024687 -1.427366 0.718859 -1.126381 0.000000 0.000000 -0.000001 
0.600229 96.496513 0.711910 0.423781 -1.799402 0.439217 2.015113 0.372505 4.260053 -0.242471 0.803659 -4.229316 0.656587 -0.923928 14.190018 -6.890365 8.817607 18.064247 0.662773 5.962029 -3.335790 -6.308900 8.390968 12.098379 0.000078 -0.000024 0.000007 -0.028933 0.049006 -0.210086 0.718887 -3.732952 -10.888092 -0.776773 3.804966 -10.897707 7.502882 -14.409707 19.077927 -83.036781 0.620589 -16.142586 -170.347046 -79.769295 170.598907 7.774312 0.886451 -29.895401 -5.882102 9.861279 0.702590 -10.936859 -0.360574 7.156196 -0.000001 8.774816 -0.000001 -16.563755 17.053146 5.111032 -1.844032 2.498503 -2.507276 -10.163589 4.678940 4.621103 -20.975992 -0.000002 0.000002 -21.226254 2.451693 -3.593994 -0.000001 -0.000007 -0.000002 -1.362680 2.240797 -0.746323 -21.334887 0.584909 3.008319 -13.821197 -0.000002 0.000001 -23.887129 -0.249078 -0.839483 -58.236923 2.542574 -1.451339 -0.294024 1.679686 0.833255 -14.218194 0.093214 1.300579 -34.211998 -0.287563 0.967169 -20.033178 0.964535 1.212841 0.000000 0.000000 -0.000001 -3.440385 0.788233 0.501655 -15.928165 -3.167306 2.999704 -6.338817 -0.000002 0.000001 -18.123415 3.648178 -4.905662 -0.000003 -0.000001 -0.000001 -17.626480 24.885946 9.617845 87.801109 51.670250 15.786797 -178.827454 40.582207 -179.014572 -0.365023 13.163501 -8.712088 2.243540 -5.255033 -3.180153 14.282875 -0.826593 6.952496 -0.000002 -12.690592 0.000000 15.619134 -18.059332 3.153040 1.665665 -1.955920 -2.878295 4.727793 -4.170582 4.993918 11.020511 0.000003 0.000000 12.109031 -3.735709 -2.866780 0.000001 -0.000002 0.000001 1.291984 -1.928548 -1.498088 14.800111 0.567469 3.865605 14.242553 -1.341733 -6.660648 19.631939 0.143926 -0.648241 49.595570 -0.906293 -5.060469 0.353028 -1.511150 -0.031938 20.222767 3.684307 2.316628 18.787245 0.000003 0.000001 10.751610 -0.479869 1.397904 0.000001 0.000001 0.000000 3.273805 0.305945 -0.580110 21.486790 11.830360 2.266133 8.162916 0.000003 -0.000001 18.399048 -3.798980 -4.940567 0.000002 -0.000002 -0.000001 10.566197 26.460159 -20.882853 -0.353030 -0.631077 26.730392 -13.155299 -9.354018 2.856200 1.646486 -1.902467 -1.648589 0.000000 0.000000 0.000002 -11.258442 -11.221383 -5.426728 0.221900 0.613608 25.074135 10.093609 6.604725 -16.295645 -1.419498 0.717392 -0.952736 0.000000 0.000000 -0.000001 
1.492225 96.271355 0.827771 0.678707 -6.454276 0.725410 2.337871 0.255136 4.619115 -0.184644 1.102587 -4.208194 0.318668 -0.410950 14.290194 -8.720490 9.588047 16.290951 0.894022 6.578826 -3.297430 -6.431713 9.673531 10.321152 0.000077 -0.000022 0.000006 -0.014125 0.008937 -0.185182 0.727868 -3.750395 -10.829960 -0.749332 3.745244 -10.788954 5.088032 -12.235187 19.856613 -82.810013 6.884307 -15.855078 -127.497482 -88.115700 128.511337 6.839028 -1.969512 -35.933807 -5.882101 9.861277 0.702589 -10.936858 -0.360575 7.156195 0.000001 8.774814 -0.000001 -16.554117 17.430984 5.445133 -1.844031 2.498504 -2.507275 -10.163589 4.678938 4.621102 -20.975996 -0.000004 0.000003 -21.226255 2.451693 -3.593995 0.000000 -0.000007 0.000000 -1.362680 2.240800 -0.746323 -21.334890 0.584907 3.008319 -13.821197 -0.000003 0.000000 -23.887131 -0.249081 -0.839481 -59.001228 2.783425 -1.378420 -0.294025 1.679685 0.833255 -14.218194 0.093213 1.300578 -34.212002 -0.287568 0.967168 -20.033176 0.964530 1.212841 -0.000000 -0.000001 0.000002 -3.440385 0.788231 0.501655 -15.928167 -3.167309 2.999702 -6.338817 -0.000001 0.000000 -18.123415 3.648175 -4.905661 -0.000003 -0.000001 -0.000002 -17.924633 25.381538 9.791849 86.765465 53.106651 18.201101 -178.720108 42.475449 -178.779541 -0.688327 14.392659 -9.790765 2.243540 -5.255033 -3.180156 14.282877 -0.826593 6.952495 -0.000002 -12.690590 -0.000002 15.179330 -17.676996 3.338836 1.665665 -1.955920 -2.878298 4.727795 -4.170584 4.993918 11.020511 0.000005 -0.000001 12.109029 -3.735709 -2.866777 -0.000000 -0.000002 -0.000001 1.291984 -1.928547 -1.498088 14.800117 0.567468 3.865603 14.242553 -1.341732 -6.660649 19.631935 0.143927 -0.648243 49.355999 -0.813666 -5.104881 0.353027 -1.511148 -0.031941 20.222773 3.684307 2.316628 18.787247 0.000007 0.000000 10.751611 -0.479868 1.397904 -0.000000 0.000002 -0.000001 3.273804 0.305947 -0.580108 21.486794 11.830362 2.266131 8.162917 0.000003 -0.000001 18.399055 -3.798978 -4.940566 0.000002 -0.000002 -0.000002 10.630441 27.689436 -20.226261 -0.418745 -0.686817 28.199621 -13.305452 -6.447504 0.142358 1.629621 -1.924027 -1.120095 0.000000 -0.000000 0.000002 -12.107498 -8.936669 -7.671573 0.249021 0.681686 26.066895 10.646424 8.571018 -16.167030 -1.412002 0.729477 -0.873237 0.000000 0.000000 -0.000001 
2.509768 96.320282 0.932006 0.624974 -12.299510 1.134239 2.690249 0.274998 4.943913 -0.111446 1.600843 -4.148250 0.292624 0.206187 14.006300 -10.997480 10.455279 15.508186 1.231607 7.465536 -3.314123 -6.810837 11.463246 9.666144 0.000077 -0.000022 0.000008 0.034182 -0.052767 -0.173569 0.784042 -3.789105 -10.861417 -0.712852 3.662819 -10.804413 5.951299 -9.821479 19.530214 -83.182655 10.447083 -18.556459 -88.197701 -88.786621 89.126625 6.738767 -3.336895 -36.646702 -5.882100 9.861279 0.702589 -10.936858 -0.360575 7.156196 0.000001 8.774812 -0.000001 -16.640377 17.636391 5.646369 -1.844031 2.498502 -2.507277 -10.163589 4.678939 4.621103 -20.975992 -0.000004 0.000000 -21.226255 2.451689 -3.593994 0.000001 -0.000006 -0.000002 -1.362681 2.240797 -0.746323 -21.334887 0.584905 3.008318 -13.821197 -0.000003 0.000001 -23.887133 -0.249080 -0.839483 -59.650810 2.737666 -1.241570 -0.294025 1.679686 0.833255 -14.218192 0.093214 1.300578 -34.211998 -0.287567 0.967168 -20.033178 0.964535 1.212839 -0.000001 -0.000001 0.000002 -3.440386 0.788231 0.501655 -15.928167 -3.167306 2.999702 -6.338817 0.000000 0.000001 -18.123411 3.648175 -4.905663 -0.000005 -0.000001 -0.000002 -19.416586 26.151928 9.946898 86.312805 53.042625 18.576452 -179.230865 44.000477 -179.327148 -2.304400 14.413696 -13.323879 2.243539 -5.255033 -3.180151 14.282875 -0.826593 6.952497 -0.000002 -12.690592 -0.000001 15.448825 -17.360468 3.262646 1.665665 -1.955921 -2.878297 4.727793 -4.170583 4.993917 11.020511 0.000005 -0.000000 12.109032 -3.735709 -2.866779 0.000000 -0.000001 -0.000001 1.291984 -1.928547 -1.498087 14.800111 0.567466 3.865606 14.242553 -1.341733 -6.660648 19.631939 0.143928 -0.648244 49.452274 -0.676077 -5.170231 0.353029 -1.511150 -0.031939 20.222767 3.684307 2.316629 18.787245 0.000006 0.000001 10.751609 -0.479869 1.397904 0.000000 0.000001 0.000001 3.273804 0.305947 -0.580109 21.486788 11.830363 2.266131 8.162916 0.000003 0.000000 18.399054 -3.798980 -4.940567 0.000002 -0.000001 -0.000001 10.984892 29.568409 -18.982788 -0.417627 -0.688000 28.940609 -13.615109 -2.737136 -2.029073 1.631649 -2.001487 -0.686136 0.000000 -0.000000 0.000002 -12.672817 -6.150336 -10.125572 0.293173 0.825327 26.126759 11.230239 11.144773 -14.549878 -1.394066 0.697617 -0.850244 0.000000 0.000000 -0.000001 
3.376555 96.571419 0.994530 0.203388 -17.886572 1.659340 2.998049 0.460513 5.320443 0.003037 1.794499 -4.153670 0.527282 0.488608 13.414793 -13.020153 11.426716 15.559340 1.491232 8.383087 -3.280672 -7.399498 13.156157 9.615149 0.000077 -0.000022 0.000006 0.055404 -0.067221 -0.132493 0.812067 -3.807452 -10.898623 -0.706168 3.644169 -10.845165 8.244476 -8.545226 18.809900 -79.987709 11.223825 -25.298679 -163.926605 -85.624619 164.201736 8.101301 -1.529159 -35.688271 -5.882102 9.861276 0.702590 -10.936861 -0.360576 7.156198 0.000001 8.774815 -0.000001 -16.333443 17.396561 5.893698 -1.844031 2.498502 -2.507276 -10.163591 4.678939 4.621105 -20.975996 -0.000002 0.000003 -21.226255 2.451692 -3.593993 0.000000 -0.000008 0.000000 -1.362680 2.240795 -0.746323 -21.334892 0.584908 3.008322 -13.821197 -0.000003 0.000003 -23.887131 -0.249077 -0.839481 -59.359539 2.707967 -1.147418 -0.294024 1.679686 0.833255 -14.218194 0.093214 1.300580 -34.212002 -0.287564 0.967171 -20.033180 0.964536 1.212844 -0.000002 0.000001 -0.000000 -3.440385 0.788233 0.501655 -15.928171 -3.167308 2.999705 -6.338817 -0.000001 0.000002 -18.123413 3.648177 -4.905659 -0.000004 -0.000000 -0.000002 -21.045794 26.434286 9.709323 86.236809 51.816799 19.249853 -179.435699 44.710430 -179.729294 -3.649358 13.814544 -16.837536 2.243541 -5.255033 -3.180156 14.282878 -0.826596 6.952495 -0.000000 -12.690591 0.000001 15.992780 -17.368740 3.062956 1.665665 -1.955920 -2.878297 4.727795 -4.170584 4.993917 11.020513 0.000003 -0.000001 12.109035 -3.735711 -2.866781 0.000000 -0.000001 -0.000000 1.291984 -1.928548 -1.498087 14.800113 0.567467 3.865600 14.242554 -1.341734 -6.660648 19.631939 0.143924 -0.648244 49.711628 -0.656488 -5.122521 0.353028 -1.511149 -0.031941 20.222771 3.684303 2.316627 18.787245 0.000004 -0.000000 10.751612 -0.479867 1.397904 0.000001 0.000002 -0.000002 3.273805 0.305947 -0.580111 21.486790 11.830360 2.266129 8.162916 0.000002 -0.000002 18.399054 -3.798980 -4.940569 0.000002 -0.000001 -0.000000 11.640151 31.623016 -17.507069 -0.384263 -0.659158 28.882282 -13.679208 0.643196 -3.345509 1.646126 -2.067982 -0.493668 -0.000000 -0.000001 0.000002 -12.730342 -3.373599 -12.079347 0.346713 1.015280 25.055466 11.687786 13.424356 -12.186374 -1.396604 0.646940 -1.157332 0.000000 0.000000 -0.000001 
4.011436 96.834312 1.029938 -0.279972 -22.556387 2.087089 3.083344 0.652956 5.500891 0.100046 1.516383 -4.187763 0.793037 0.151046 12.875542 -14.358192 12.164008 15.701838 1.869757 9.429687 -3.118606 -8.233039 14.656427 9.590378 0.000076 -0.000023 0.000006 0.069739 -0.099483 -0.140161 0.845145 -3.841127 -10.932534 -0.690777 3.616220 -10.874034 10.942204 -9.125803 17.507809 -71.432655 11.103026 -35.195557 -166.997971 -82.767273 167.877975 7.914794 2.393775 -33.464920 -5.882102 9.861280 0.702590 -10.936859 -0.360575 7.156197 -0.000000 8.774816 -0.000001 -15.567136 17.063173 6.335542 -1.844031 2.498502 -2.507277 -10.163589 4.678940 4.621103 -20.975994 -0.000004 0.000002 -21.226254 2.451694 -3.593993 -0.000001 -0.000006 -0.000001 -1.362680 2.240797 -0.746324 -21.334892 0.584908 3.008321 -13.821194 -0.000002 0.000003 -23.887133 -0.249078 -0.839481 -59.152439 2.700798 -1.082043 -0.294024 1.679686 0.833255 -14.218194 0.093215 1.300580 -34.212002 -0.287565 0.967171 -20.033180 0.964535 1.212843 -0.000001 -0.000000 0.000000 -3.440385 0.788233 0.501657 -15.928167 -3.167308 2.999704 -6.338817 -0.000001 0.000002 -18.123417 3.648177 -4.905662 -0.000003 0.000001 -0.000001 -22.461742 25.960047 9.203248 87.128944 50.398407 21.582121 -179.564682 44.571884 -179.907028 -4.021218 13.003037 -19.588629 2.243540 -5.255032 -3.180158 14.282875 -0.826593 6.952498 -0.000002 -12.690591 -0.000001 16.266985 -17.559370 2.757402 1.665665 -1.955920 -2.878296 4.727794 -4.170585 4.993921 11.020511 0.000005 -0.000001 12.109032 -3.735711 -2.866780 -0.000001 -0.000001 -0.000002 1.291985 -1.928548 -1.498088 14.800113 0.567470 3.865606 14.242553 -1.341734 -6.660649 19.631937 0.143928 -0.648245 49.655376 -0.696771 -5.132931 0.353029 -1.511149 -0.031938 20.222767 3.684307 2.316631 18.787245 0.000005 0.000003 10.751608 -0.479867 1.397905 -0.000002 0.000000 0.000001 3.273804 0.305947 -0.580109 21.486788 11.830363 2.266131 8.162914 0.000002 -0.000001 18.399048 -3.798978 -4.940566 0.000001 0.000001 -0.000001 12.403360 33.297363 -16.009655 -0.354821 -0.558338 28.568838 -13.773872 3.100489 -4.074176 1.651536 -2.131426 -0.569621 -0.000000 0.000000 0.000002 -12.651219 -1.227843 -13.429026 0.395417 1.115616 23.705629 12.312270 15.276386 -9.796407 -1.410808 0.600810 -1.511577 0.000000 0.000000 -0.000001 
4.534966 96.954872 1.104873 -0.724835 -26.125803 2.302426 2.846431 0.585575 5.507912 0.112796 0.806516 -4.161239 1.074513 -0.584770 12.484262 -14.985525 12.657846 15.548641 2.344657 10.408928 -2.988932 -8.838348 15.847556 9.720425 0.000077 -0.000022 0.000006 0.133675 -0.175893 -0.120134 0.900518 -3.937459 -10.961874 -0.625797 3.554638 -10.877941 13.292806 -11.484798 16.146275 -57.026344 12.636506 -43.856613 -160.191910 -85.197388 162.407074 6.416966 4.376650 -30.970518 -5.882102 9.861279 0.702592 -10.936862 -0.360574 7.156196 -0.000000 8.774815 -0.000001 -15.157565 16.688587 6.430732 -1.844031 2.498503 -2.507276 -10.163592 4.678940 4.621106 -20.976000 -0.000002 0.000003 -21.226257 2.451693 -3.593993 0.000000 -0.000005 -0.000002 -1.362681 2.240797 -0.746323 -21.334892 0.584909 3.008322 -13.821198 -0.000003 0.000002 -23.887131 -0.249077 -0.839481 -59.488861 2.657288 -0.861555 -0.294024 1.679686 0.833256 -14.218194 0.093216 1.300582 -34.212006 -0.287562 0.967171 -20.033178 0.964538 1.212842 0.000000 -0.000001 -0.000001 -3.440386 0.788233 0.501656 -15.928169 -3.167306 2.999705 -6.338818 -0.000001 -0.000000 -18.123415 3.648179 -4.905661 -0.000006 0.000000 0.000000 -23.184462 24.576000 8.725260 88.560570 48.837502 24.734291 -179.910187 43.872566 179.954483 -3.325222 12.600639 -21.174421 2.243538 -5.255032 -3.180156 14.282875 -0.826592 6.952496 -0.000003 -12.690591 -0.000002 16.077164 -17.690195 2.540074 1.665665 -1.955920 -2.878297 4.727792 -4.170580 4.993917 11.020512 0.000005 -0.000000 12.109029 -3.735706 -2.866779 -0.000001 0.000000 -0.000002 1.291984 -1.928547 -1.498087 14.800114 0.567470 3.865602 14.242553 -1.341733 -6.660649 19.631939 0.143929 -0.648242 49.424049 -0.811159 -5.267006 0.353028 -1.511149 -0.031941 20.222767 3.684307 2.316627 18.787245 0.000007 0.000000 10.751609 -0.479867 1.397905 0.000000 0.000001 0.000001 3.273804 0.305948 -0.580110 21.486792 11.830364 2.266133 8.162916 0.000003 0.000000 18.399052 -3.798977 -4.940564 0.000003 -0.000002 -0.000001 13.129451 34.423965 -14.839541 -0.314532 -0.447540 28.787128 -13.915442 4.778792 -4.775015 1.653627 -2.186198 -0.726287 0.000000 -0.000000 0.000002 -12.576255 0.136435 -14.193510 0.364136 1.074894 22.503595 13.022443 16.869968 -7.968900 -1.430281 0.630181 -1.577450 0.000000 0.000000 -0.000001 
5.012170 96.930168 1.040709 -1.106326 -28.535595 2.370488 2.121216 0.315379 5.565748 -0.053714 -0.084513 -4.047769 1.501382 -1.609606 12.194103 -14.856559 12.724793 14.815740 2.775670 11.359789 -2.905197 -8.705417 16.565060 10.044911 0.000076 -0.000023 0.000007 0.155505 -0.214524 -0.129149 0.919655 -4.012450 -11.066354 -0.595259 3.555363 -10.989754 15.419091 -15.350266 15.023546 -39.441521 17.351601 -47.998043 -44.075958 -87.272720 45.431984 6.755290 2.998937 -29.511196 -5.882102 9.861280 0.702591 -10.936858 -0.360575 7.156196 0.000001 8.774814 -0.000001 -14.740628 16.302710 6.325087 -1.844031 2.498503 -2.507276 -10.163589 4.678941 4.621102 -20.975996 -0.000001 0.000002 -21.226255 2.451693 -3.593995 -0.000001 -0.000006 -0.000001 -1.362680 2.240797 -0.746323 -21.334887 0.584907 3.008317 -13.821194 -0.000003 0.000000 -23.887129 -0.249078 -0.839481 -59.692600 2.524878 -0.739337 -0.294025 1.679686 0.833255 -14.218190 0.093214 1.300579 -34.211998 -0.287564 0.967169 -20.033173 0.964534 1.212841 0.000001 -0.000000 0.000001 -3.440385 0.788233 0.501655 -15.928167 -3.167308 2.999702 -6.338816 -0.000002 0.000000 -18.123413 3.648177 -4.905662 -0.000003 0.000000 -0.000001 -22.493639 22.477882 8.442947 89.799713 46.579880 26.954615 179.420212 42.754814 179.833511 -2.634377 12.840634 -21.791849 2.243540 -5.255034 -3.180157 14.282875 -0.826594 6.952497 -0.000001 -12.690592 -0.000002 15.994330 -17.671787 2.469295 1.665664 -1.955921 -2.878296 4.727793 -4.170582 4.993918 11.020511 0.000003 -0.000001 12.109029 -3.735709 -2.866781 0.000000 -0.000001 -0.000000 1.291984 -1.928547 -1.498086 14.800114 0.567468 3.865605 14.242554 -1.341735 -6.660649 19.631937 0.143924 -0.648242 49.963116 -0.858949 -5.459247 0.353028 -1.511149 -0.031940 20.222771 3.684308 2.316628 18.787245 0.000006 0.000001 10.751610 -0.479867 1.397905 0.000000 -0.000000 0.000002 3.273805 0.305947 -0.580109 21.486792 11.830364 2.266134 8.162916 0.000002 0.000001 18.399052 -3.798979 -4.940566 0.000002 0.000001 0.000000 13.622051 34.550407 -14.455323 -0.256680 -0.390035 29.781584 -14.022623 6.352166 -5.450773 1.656235 -2.183304 -0.839562 -0.000000 -0.000000 0.000002 -12.475821 0.316637 -14.817878 0.343684 1.059082 21.957834 13.536775 18.525015 -6.649753 -1.442711 0.688438 -1.375472 0.000000 0.000000 -0.000001 
5.558444 96.619911 0.871673 -1.396491 -29.951576 2.375666 0.972492 -0.025705 5.975604 -0.302027 -0.846432 -3.880808 2.041053 -2.816667 11.987844 -14.450373 12.366307 13.539863 3.007664 12.615768 -2.869442 -7.958104 16.804787 9.667255 0.000077 -0.000023 0.000006 0.101790 -0.150365 -0.138640 0.876042 -3.994471 -11.246914 -0.666867 3.675282 -11.192340 18.393343 -19.207584 14.399429 -23.608934 22.995827 -48.259087 -34.098759 -82.538673 32.097912 10.588845 1.606014 -29.897663 -5.882102 9.861278 0.702590 -10.936859 -0.360575 7.156197 0.000000 8.774813 -0.000001 -14.465381 15.831094 6.153385 -1.844032 2.498503 -2.507276 -10.163590 4.678939 4.621104 -20.976000 -0.000004 -0.000000 -21.226255 2.451692 -3.593995 0.000001 -0.000006 -0.000000 -1.362681 2.240796 -0.746322 -21.334890 0.584910 3.008319 -13.821197 -0.000004 0.000002 -23.887133 -0.249079 -0.839483 -59.098186 2.473941 -0.742209 -0.294025 1.679686 0.833256 -14.218192 0.093216 1.300578 -34.212002 -0.287564 0.967167 -20.033180 0.964534 1.212840 0.000003 0.000001 0.000000 -3.440386 0.788231 0.501653 -15.928171 -3.167306 2.999704 -6.338817 -0.000002 0.000001 -18.123415 3.648174 -4.905662 -0.000004 0.000001 -0.000003 -20.268450 20.452063 8.659595 90.476768 43.665646 28.103966 179.686737 41.318668 -179.523941 -2.544477 13.811599 -22.580067 2.243540 -5.255033 -3.180155 14.282878 -0.826593 6.952497 -0.000003 -12.690591 -0.000002 16.735497 -17.594395 2.689810 1.665664 -1.955918 -2.878295 4.727793 -4.170583 4.993916 11.020510 0.000004 -0.000001 12.109031 -3.735709 -2.866779 -0.000001 -0.000001 -0.000002 1.291984 -1.928549 -1.498088 14.800113 0.567466 3.865604 14.242553 -1.341735 -6.660647 19.631939 0.143927 -0.648245 51.638206 -0.866766 -5.404628 0.353028 -1.511150 -0.031939 20.222773 3.684307 2.316627 18.787243 0.000006 -0.000002 10.751608 -0.479867 1.397905 -0.000000 -0.000000 0.000000 3.273804 0.305947 -0.580111 21.486792 11.830366 2.266131 8.162919 0.000000 0.000000 18.399054 -3.798980 -4.940568 0.000003 0.000001 0.000000 13.722601 33.887970 -15.071290 -0.169844 -0.407276 31.756178 -14.027362 8.106876 -6.739912 1.653916 -2.102709 -0.882238 -0.000000 0.000000 0.000002 -12.460981 -0.417212 -15.739916 0.381446 1.102246 22.576000 13.670595 20.368267 -6.370494 -1.444071 0.769839 -1.481093 0.000000 0.000000 -0.000001 
6.342951 96.045280 0.809823 -1.578973 -31.364473 2.480830 -0.008126 -0.299622 6.619000 -0.609607 -1.247354 -3.669681 2.731545 -3.610818 11.813195 -14.586910 11.899017 12.460859 3.302888 13.597231 -2.827702 -7.652684 17.197598 8.659847 0.000077 -0.000022 0.000006 0.005971 -0.024184 -0.140273 0.809221 -3.867923 -11.199288 -0.794985 3.797087 -11.141516 24.386513 -21.561678 12.143836 -18.626993 25.510042 -47.026031 -130.385895 -86.316605 128.134979 14.451498 3.307232 -31.402803 -5.882102 9.861277 0.702591 -10.936860 -0.360574 7.156199 -0.000000 8.774810 -0.000001 -15.123578 15.977987 5.734736 -1.844030 2.498503 -2.507275 -10.163591 4.678941 4.621104 -20.975996 0.000001 0.000004 -21.226255 2.451693 -3.593992 0.000000 -0.000004 0.000000 -1.362680 2.240798 -0.746323 -21.334894 0.584909 3.008321 -13.821197 -0.000001 0.000002 -23.887135 -0.249076 -0.839482 -59.231403 2.617077 -0.884088 -0.294026 1.679686 0.833255 -14.218194 0.093214 1.300579 -34.212009 -0.287561 0.967168 -20.033180 0.964535 1.212841 -0.000001 0.000002 -0.000000 -3.440385 0.788231 0.501654 -15.928169 -3.167302 2.999704 -6.338817 0.000000 0.000001 -18.123415 3.648177 -4.905660 -0.000003 -0.000000 -0.000002 -17.978237 18.879824 9.408780 91.240738 40.840336 28.605530 179.777496 39.830887 -179.040192 -0.963118 14.551558 -22.773762 2.243539 -5.255033 -3.180154 14.282877 -0.826595 6.952494 -0.000000 -12.690590 0.000003 17.104816 -17.257345 2.899060 1.665664 -1.955920 -2.878296 4.727795 -4.170584 4.993920 11.020513 0.000002 0.000000 12.109034 -3.735710 -2.866778 0.000000 0.000001 -0.000001 1.291984 -1.928548 -1.498087 14.800109 0.567467 3.865605 14.242554 -1.341736 -6.660649 19.631945 0.143924 -0.648244 51.908077 -0.749150 -5.271032 0.353029 -1.511148 -0.031941 20.222771 3.684303 2.316628 18.787245 0.000003 -0.000001 10.751612 -0.479868 1.397903 -0.000001 0.000001 0.000002 3.273805 0.305947 -0.580112 21.486790 11.830360 2.266130 8.162918 0.000000 0.000000 18.399055 -3.798979 -4.940569 0.000005 -0.000002 -0.000000 13.398547 33.191700 -16.277908 -0.131638 -0.527252 34.450226 -14.036569 10.056514 -8.948700 1.661269 -2.185544 -0.748227 0.000000 -0.000000 0.000002 -12.766194 -1.085727 -17.354342 0.508536 1.120110 24.213078 13.396883 22.344269 -6.843908 -1.419347 0.797534 -1.434629 -0.000000 0.000000 -0.000001 
7.121696 95.430527 1.003512 -1.526051 -32.922642 2.184955 -0.532144 -0.359313 6.984479 -0.737625 -1.564646 -3.394605 3.246203 -4.104241 12.092422 -15.417317 12.131283 12.088987 3.355517 13.608423 -2.822044 -7.323625 17.476721 8.473915 0.000077 -0.000022 0.000007 -0.044015 0.016614 -0.138254 0.799705 -3.825914 -11.205886 -0.882212 3.828168 -11.123501 29.321745 -21.765291 9.751032 -23.527790 20.879555 -49.134914 172.294220 -67.254211 -173.708496 16.770399 0.867941 -30.883347 -5.882099 9.861278 0.702589 -10.936858 -0.360576 7.156196 0.000001 8.774811 -0.000002 -17.728056 17.742311 5.125843 -1.844031 2.498502 -2.507276 -10.163589 4.678938 4.621103 -20.975994 -0.000005 0.000003 -21.226255 2.451692 -3.593992 0.000001 -0.000007 -0.000001 -1.362681 2.240797 -0.746322 -21.334887 0.584906 3.008321 -13.821197 -0.000004 0.000002 -23.887131 -0.249079 -0.839479 -64.402351 2.489857 -1.182978 -0.294024 1.679687 0.833255 -14.218192 0.093214 1.300580 -34.211998 -0.287567 0.967172 -20.033178 0.964534 1.212843 0.000001 -0.000001 -0.000001 -3.440385 0.788233 0.501655 -15.928167 -3.167306 2.999704 -6.338817 -0.000002 0.000001 -18.123411 3.648174 -4.905660 -0.000004 -0.000000 -0.000001 -15.818039 17.980007 10.314386 90.651413 38.255718 28.565109 178.188553 39.860729 179.868591 2.481992 13.254322 -23.196594 2.243541 -5.255033 -3.180157 14.282877 -0.826592 6.952494 -0.000003 -12.690590 0.000000 16.698114 -17.242256 2.865454 1.665665 -1.955920 -2.878297 4.727792 -4.170583 4.993920 11.020512 0.000005 -0.000002 12.109032 -3.735711 -2.866779 0.000000 -0.000000 -0.000000 1.291983 -1.928549 -1.498088 14.800114 0.567468 3.865604 14.242553 -1.341734 -6.660648 19.631939 0.143928 -0.648245 50.980152 -0.690874 -5.545242 0.353028 -1.511149 -0.031941 20.222767 3.684307 2.316629 18.787247 0.000005 0.000002 10.751610 -0.479866 1.397905 -0.000001 0.000000 0.000001 3.273806 0.305946 -0.580110 21.486792 11.830363 2.266130 8.162917 0.000003 0.000001 18.399054 -3.798977 -4.940569 0.000002 -0.000000 -0.000003 13.113874 32.593258 -16.889149 -0.089066 -0.520560 37.165520 -13.730864 11.667681 -10.978456 1.682894 -2.264685 -0.543776 0.000000 -0.000000 0.000001 -13.389195 -0.936093 -18.898355 0.602897 1.157642 26.470467 13.162439 23.160055 -7.436628 -1.405687 0.842694 -1.422865 -0.000000 -0.000000 -0.000001 
7.778906 94.762383 1.344557 -0.925848 -34.121643 1.271447 -0.842121 -0.340823 7.056623 -0.681262 -1.738136 -3.060868 3.211069 -4.728251 12.580866 -16.391918 12.880726 12.306281 3.311440 13.006201 -2.856183 -7.084811 17.654121 8.950236 0.000077 -0.000023 0.000006 0.008983 -0.056421 -0.159361 0.831373 -3.903590 -11.216199 -0.799621 3.753798 -11.112979 31.277271 -21.695911 8.767880 -33.563618 9.962512 -53.580624 171.324051 -45.350220 -174.122101 17.895943 -8.223636 -26.212992 -5.882101 9.861279 0.702590 -10.936857 -0.360574 7.156196 -0.000000 8.774814 -0.000001 -17.392820 19.391558 5.871279 -1.844030 2.498503 -2.507276 -10.163589 4.678940 4.621105 -20.975994 -0.000004 0.000002 -21.226254 2.451692 -3.593995 0.000002 -0.000006 -0.000000 -1.362679 2.240797 -0.746324 -21.334887 0.584908 3.008321 -13.821194 -0.000001 0.000003 -23.887129 -0.249078 -0.839482 -65.999428 2.192263 -1.209043 -0.294023 1.679686 0.833256 -14.218194 0.093215 1.300579 -34.211998 -0.287562 0.967169 -20.033175 0.964534 1.212842 0.000002 0.000002 0.000000 -3.440383 0.788231 0.501655 -15.928167 -3.167307 2.999705 -6.338816 -0.000001 0.000002 -18.123413 3.648177 -4.905661 -0.000004 0.000001 -0.000002 -13.018067 17.753555 11.870498 87.421890 35.749447 27.381660 176.128067 42.030357 178.084305 6.351694 10.622864 -24.773111 2.243540 -5.255032 -3.180155 14.282877 -0.826593 6.952493 -0.000002 -12.690588 0.000002 16.479580 -17.334473 2.647928 1.665663 -1.955921 -2.878296 4.727794 -4.170584 4.993918 11.020510 0.000002 -0.000002 12.109032 -3.735710 -2.866781 0.000000 -0.000000 0.000002 1.291985 -1.928548 -1.498088 14.800114 0.567468 3.865603 14.242554 -1.341733 -6.660648 19.631939 0.143926 -0.648247 50.829540 -0.585475 -5.732763 0.353030 -1.511150 -0.031942 20.222769 3.684305 2.316627 18.787249 0.000006 -0.000001 10.751611 -0.479868 1.397902 -0.000000 0.000000 0.000001 3.273804 0.305945 -0.580110 21.486790 11.830358 2.266126 8.162916 0.000001 -0.000002 18.399052 -3.798978 -4.940570 0.000002 -0.000001 0.000001 12.562997 31.523323 -17.100307 -0.144292 -0.499393 39.865799 -13.528135 13.027781 -12.708300 1.673890 -2.265058 -0.089150 -0.000000 0.000000 0.000002 -14.494983 -0.773865 -20.259758 0.628206 1.207580 29.486092 12.972795 23.665825 -8.217401 -1.416880 0.794777 -1.787474 0.000000 -0.000000 -0.000001 
8.261559 93.898438 1.745262 -0.188128 -34.534851 0.120004 -0.894889 -0.378127 7.132155 -0.485649 -1.994751 -2.962024 2.576971 -5.241327 13.313358 -17.025797 13.562763 12.203934 3.221477 12.455384 -2.942148 -6.775303 17.784756 8.873952 0.000077 -0.000023 0.000007 0.099857 -0.154078 -0.160665 0.877064 -3.975888 -11.140884 -0.665472 3.632929 -11.047417 29.274445 -22.068773 9.488490 -44.548290 -0.570842 -57.207500 173.741882 -33.754261 -175.938171 17.456953 -15.536762 -24.040787 -5.882100 9.861280 0.702590 -10.936859 -0.360575 7.156196 0.000001 8.774817 -0.000001 -15.454989 19.036312 7.327396 -1.844030 2.498503 -2.507275 -10.163589 4.678939 4.621103 -20.975992 -0.000004 0.000001 -21.226254 2.451692 -3.593994 0.000000 -0.000007 -0.000000 -1.362681 2.240796 -0.746323 -21.334887 0.584906 3.008320 -13.821195 -0.000004 0.000002 -23.887129 -0.249078 -0.839481 -62.958256 2.269006 -1.179933 -0.294021 1.679685 0.833255 -14.218189 0.093214 1.300578 -34.212002 -0.287568 0.967171 -20.033178 0.964534 1.212842 0.000000 0.000000 -0.000000 -3.440387 0.788233 0.501655 -15.928167 -3.167308 2.999704 -6.338817 0.000000 0.000001 -18.123411 3.648175 -4.905662 -0.000004 0.000001 -0.000002 -9.121905 17.505104 13.879064 81.592827 32.804108 24.031733 175.026581 45.983761 176.936829 10.179255 8.564571 -24.033077 2.243539 -5.255032 -3.180157 14.282877 -0.826594 6.952493 -0.000002 -12.690588 0.000000 16.581985 -17.247076 2.286948 1.665664 -1.955919 -2.878298 4.727794 -4.170582 4.993919 11.020512 0.000003 -0.000002 12.109031 -3.735707 -2.866780 -0.000001 -0.000001 0.000002 1.291986 -1.928548 -1.498089 14.800111 0.567468 3.865604 14.242551 -1.341732 -6.660650 19.631939 0.143925 -0.648244 51.095551 -0.621641 -5.813066 0.353029 -1.511149 -0.031939 20.222769 3.684305 2.316626 18.787247 0.000006 -0.000002 10.751610 -0.479867 1.397904 0.000001 -0.000000 -0.000001 3.273805 0.305948 -0.580109 21.486795 11.830363 2.266128 8.162917 0.000003 -0.000002 18.399052 -3.798977 -4.940566 0.000003 0.000000 0.000000 12.013412 30.485502 -17.355682 -0.247718 -0.520768 42.693645 -13.456591 13.616619 -14.683369 1.643069 -2.181215 0.305948 0.000000 0.000000 0.000002 -15.698924 -0.437810 -21.347639 0.675956 1.344352 33.013302 12.819600 23.220089 -9.834606 -1.428818 0.746517 -1.697377 0.000000 -0.000000 -0.000001 
8.440917 92.826523 1.988585 0.378191 -33.550102 -0.837582 -0.851159 -0.326879 7.291852 -0.381946 -2.188345 -2.901498 1.924160 -5.487673 13.984434 -16.902710 13.368134 11.554762 3.083484 12.208688 -2.965305 -6.474489 17.819725 7.502419 0.000077 -0.000023 0.000008 0.139855 -0.200245 -0.161446 0.891997 -4.012041 -11.033888 -0.603278 3.583153 -10.976805 26.302073 -21.841782 10.716849 -54.056854 -7.286580 -58.696915 174.484146 -32.091431 -176.361359 17.303247 -17.674719 -24.382299 -5.882100 9.861278 0.702588 -10.936860 -0.360575 7.156197 0.000002 8.774812 -0.000002 -15.255671 18.581867 7.677121 -1.844032 2.498504 -2.507274 -10.163589 4.678939 4.621104 -20.975998 -0.000004 0.000001 -21.226254 2.451693 -3.593993 0.000000 -0.000006 -0.000001 -1.362680 2.240798 -0.746322 -21.334887 0.584907 3.008320 -13.821197 -0.000003 0.000003 -23.887133 -0.249080 -0.839480 -61.648418 2.403551 -1.242071 -0.294025 1.679688 0.833255 -14.218194 0.093215 1.300579 -34.212006 -0.287566 0.967171 -20.033178 0.964533 1.212842 0.000000 0.000000 -0.000000 -3.440384 0.788232 0.501655 -15.928169 -3.167307 2.999706 -6.338817 -0.000001 0.000001 -18.123415 3.648175 -4.905660 -0.000004 0.000001 -0.000002 -5.328988 16.911615 16.049583 75.443855 29.468256 17.992632 175.484055 49.515709 177.216415 10.767520 8.546568 -23.074745 2.243539 -5.255031 -3.180155 14.282878 -0.826592 6.952493 0.000000 -12.690588 -0.000002 17.016251 -17.153658 2.151456 1.665664 -1.955919 -2.878296 4.727793 -4.170582 4.993918 11.020513 0.000004 -0.000000 12.109032 -3.735709 -2.866779 -0.000001 -0.000001 0.000001 1.291984 -1.928547 -1.498089 14.800114 0.567471 3.865603 14.242553 -1.341733 -6.660650 19.631939 0.143926 -0.648244 51.195042 -0.634690 -5.628355 0.353029 -1.511148 -0.031940 20.222769 3.684308 2.316629 18.787245 0.000006 -0.000002 10.751610 -0.479866 1.397903 0.000000 -0.000000 -0.000001 3.273806 0.305948 -0.580111 21.486790 11.830362 2.266131 8.162917 0.000002 -0.000002 18.399052 -3.798976 -4.940568 0.000002 0.000001 0.000000 11.725450 29.796579 -18.210024 -0.262041 -0.431190 45.704468 -13.434341 12.878692 -16.663717 1.634085 -2.128183 0.618953 -0.000000 -0.000000 0.000002 -16.675426 -0.423039 -22.187113 0.765222 1.362230 37.005680 12.776141 22.125135 -12.282220 -1.437591 0.735715 -1.553839 0.000000 0.000000 -0.000001 
8.300936 91.746323 2.128186 0.835660 -30.904310 -1.516695 -0.873745 -0.277711 7.469152 -0.316870 -2.211199 -2.751308 1.561837 -5.431365 14.407197 -16.440718 12.723734 10.896435 2.914764 12.063415 -2.971145 -6.198723 17.408714 5.589434 0.000077 -0.000023 0.000005 0.107934 -0.165550 -0.112101 0.831970 -3.960058 -10.838962 -0.609719 3.611325 -10.835077 25.100517 -21.087767 11.169035 -61.480095 -10.692306 -57.993980 174.899719 -33.890888 -176.546188 14.940161 -16.901936 -25.521795 -5.882099 9.861278 0.702589 -10.936858 -0.360577 7.156197 -0.000001 8.774812 -0.000002 -15.560302 17.956900 6.993515 -1.844031 2.498502 -2.507276 -10.163589 4.678938 4.621104 -20.975992 -0.000005 0.000004 -21.226246 2.451692 -3.593991 0.000000 -0.000005 0.000001 -1.362680 2.240796 -0.746322 -21.334892 0.584905 3.008322 -13.821193 -0.000003 0.000003 -23.887129 -0.249078 -0.839479 -61.110203 2.302363 -1.273837 -0.294025 1.679686 0.833256 -14.218192 0.093214 1.300579 -34.211998 -0.287564 0.967171 -20.033175 0.964536 1.212843 -0.000000 0.000000 0.000000 -3.440387 0.788232 0.501654 -15.928169 -3.167307 2.999704 -6.338816 -0.000001 0.000002 -18.123411 3.648175 -4.905660 -0.000005 -0.000000 -0.000002 -2.202621 16.102095 18.102318 70.154617 25.107260 9.312354 177.171921 51.662254 178.445755 9.165709 9.418747 -23.519178 2.243539 -5.255032 -3.180155 14.282877 -0.826595 6.952495 -0.000000 -12.690587 0.000001 17.377947 -17.056211 2.232854 1.665666 -1.955918 -2.878296 4.727795 -4.170584 4.993919 11.020511 0.000004 -0.000001 12.109028 -3.735709 -2.866778 0.000001 -0.000000 -0.000000 1.291983 -1.928546 -1.498088 14.800113 0.567467 3.865604 14.242554 -1.341735 -6.660649 19.631939 0.143925 -0.648244 51.389431 -0.535492 -5.438859 0.353028 -1.511148 -0.031941 20.222763 3.684302 2.316628 18.787245 0.000004 -0.000000 10.751609 -0.479870 1.397902 0.000000 0.000000 0.000000 3.273803 0.305947 -0.580110 21.486790 11.830360 2.266128 8.162916 -0.000000 -0.000001 18.399052 -3.798979 -4.940566 0.000003 0.000001 -0.000001 11.475224 29.090883 -19.682350 -0.274612 -0.368540 48.536034 -13.255686 10.940451 -18.128447 1.630680 -2.084766 0.911190 0.000000 0.000000 0.000002 -17.472847 -1.313095 -22.370981 0.812315 1.272709 40.823215 12.753785 21.013027 -15.130028 -1.435479 0.745766 -1.340927 -0.000000 -0.000000 -0.000001 
8.041939 90.977531 2.226211 1.244354 -26.261547 -1.672912 -0.987887 -0.268029 7.464191 -0.266487 -2.033534 -2.601712 1.590489 -5.123522 14.493551 -15.712214 11.962411 10.607478 2.625869 11.853195 -3.073151 -6.060074 16.357641 3.487527 0.000077 -0.000023 0.000008 0.045207 -0.083139 -0.090552 0.744789 -3.856643 -10.722265 -0.648590 3.667251 -10.768671 25.632223 -20.008221 10.707595 -66.877182 -12.507242 -55.723927 176.027756 -35.031963 -177.236740 11.813568 -16.325874 -26.725767 -5.882102 9.861278 0.702588 -10.936860 -0.360574 7.156196 -0.000001 8.774812 -0.000001 -15.823505 17.573631 6.060220 -1.844033 2.498502 -2.507275 -10.163589 4.678939 4.621104 -20.976000 -0.000003 0.000003 -21.226255 2.451694 -3.593993 0.000000 -0.000006 -0.000000 -1.362682 2.240797 -0.746323 -21.334890 0.584908 3.008319 -13.821197 -0.000002 0.000002 -23.887133 -0.249078 -0.839482 -60.732002 2.210874 -1.382337 -0.294026 1.679686 0.833255 -14.218197 0.093215 1.300579 -34.212013 -0.287565 0.967170 -20.033180 0.964534 1.212842 0.000000 -0.000000 0.000000 -3.440386 0.788232 0.501655 -15.928165 -3.167306 2.999704 -6.338817 -0.000001 0.000001 -18.123415 3.648176 -4.905661 -0.000004 0.000001 -0.000001 0.617647 14.832124 19.832733 65.913727 18.837330 -0.721201 179.184982 52.806232 -179.951553 6.877822 10.107757 -23.987223 2.243540 -5.255033 -3.180156 14.282875 -0.826594 6.952496 -0.000003 -12.690591 0.000000 17.502384 -16.874830 2.334915 1.665665 -1.955919 -2.878297 4.727793 -4.170584 4.993920 11.020510 0.000004 -0.000001 12.109031 -3.735710 -2.866780 0.000001 -0.000001 -0.000000 1.291984 -1.928548 -1.498087 14.800113 0.567467 3.865605 14.242554 -1.341736 -6.660650 19.631935 0.143926 -0.648242 51.589825 -0.396130 -5.380263 0.353029 -1.511150 -0.031940 20.222769 3.684306 2.316629 18.787243 0.000005 0.000000 10.751610 -0.479868 1.397905 0.000003 0.000001 -0.000001 3.273805 0.305947 -0.580110 21.486794 11.830366 2.266132 8.162919 0.000000 -0.000001 18.399050 -3.798980 -4.940566 0.000003 -0.000000 0.000001 10.665737 27.740948 -21.999321 -0.251782 -0.331861 50.521980 -12.478622 8.209341 -18.584166 1.620879 -2.030116 1.037682 0.000000 -0.000000 0.000002 -18.245794 -3.240310 -21.579790 0.821439 1.154774 43.548977 13.228046 19.251163 -17.573467 -1.441182 0.799843 -1.178934 -0.000000 -0.000000 -0.000001 
7.518785 90.622910 2.339329 1.567349 -19.846951 -1.273424 -1.121614 -0.239731 7.250739 -0.219581 -1.859219 -2.571682 1.879240 -4.691555 14.406877 -14.739443 11.034919 10.641828 2.271581 11.475183 -3.265917 -6.079598 14.845412 1.592450 0.000077 -0.000022 0.000007 0.013311 -0.021409 -0.083127 0.698826 -3.763184 -10.691724 -0.671372 3.703686 -10.763637 27.129179 -18.825779 9.837916 -70.858200 -14.246459 -53.221592 176.508331 -34.254276 -177.776367 10.270103 -15.749609 -28.313992 -5.882102 9.861278 0.702590 -10.936861 -0.360576 7.156196 0.000000 8.774814 -0.000001 -15.912729 17.468298 5.555780 -1.844031 2.498502 -2.507276 -10.163590 4.678939 4.621105 -20.976000 -0.000004 0.000004 -21.226259 2.451692 -3.593992 -0.000000 -0.000006 0.000001 -1.362679 2.240797 -0.746320 -21.334896 0.584908 3.008321 -13.821199 -0.000003 0.000004 -23.887131 -0.249080 -0.839480 -60.830975 2.295339 -1.678059 -0.294025 1.679687 0.833255 -14.218195 0.093214 1.300578 -34.212013 -0.287566 0.967170 -20.033180 0.964534 1.212841 0.000000 0.000000 -0.000000 -3.440386 0.788233 0.501655 -15.928171 -3.167307 2.999703 -6.338817 -0.000002 0.000002 -18.123413 3.648175 -4.905658 -0.000004 -0.000001 -0.000003 3.247736 13.129152 21.071165 63.210419 10.965188 -11.020947 -179.629227 53.187416 -179.137375 4.492045 10.128940 -23.956642 2.243540 -5.255033 -3.180155 14.282877 -0.826594 6.952496 -0.000003 -12.690590 0.000001 17.428331 -16.604908 2.345724 1.665665 -1.955920 -2.878297 4.727795 -4.170585 4.993918 11.020512 0.000003 -0.000001 12.109033 -3.735709 -2.866779 0.000002 0.000000 0.000000 1.291984 -1.928548 -1.498088 14.800109 0.567467 3.865603 14.242553 -1.341735 -6.660649 19.631939 0.143925 -0.648245 51.516270 -0.337754 -5.393324 0.353029 -1.511150 -0.031940 20.222769 3.684305 2.316628 18.787245 0.000003 -0.000002 10.751610 -0.479869 1.397904 0.000000 0.000000 0.000001 3.273804 0.305946 -0.580110 21.486790 11.830362 2.266129 8.162916 0.000001 -0.000001 18.399048 -3.798979 -4.940566 0.000004 -0.000001 -0.000002 9.494513 25.386091 -24.853930 -0.213606 -0.292453 51.406406 -11.220695 5.105543 -17.896763 1.608150 -1.994766 0.972513 0.000000 -0.000000 0.000002 -18.708389 -5.661823 -19.817265 0.795074 1.083241 45.136593 14.233848 16.535522 -19.616823 -1.451734 0.839851 -1.204219 0.000000 0.000000 -0.000001 
6.753168 90.700249 2.441457 1.860163 -11.591847 -0.400618 -1.196267 -0.165974 6.937268 -0.202299 -1.694703 -2.674349 2.241736 -4.308851 14.135117 -13.386270 9.988243 10.691834 1.924321 10.763243 -3.447257 -6.005132 12.793192 0.201928 0.000076 -0.000022 0.000006 -0.018385 0.046027 -0.096407 0.653233 -3.672083 -10.699983 -0.687067 3.743932 -10.773163 28.983004 -17.423285 8.463962 -74.034218 -16.765995 -49.955650 176.662994 -32.631153 -178.139069 10.067020 -14.629945 -29.666571 -5.882102 9.861279 0.702590 -10.936857 -0.360575 7.156196 0.000002 8.774813 -0.000002 -15.949341 17.415289 5.544058 -1.844032 2.498503 -2.507276 -10.163589 4.678940 4.621104 -20.975992 -0.000003 0.000001 -21.226250 2.451694 -3.593993 0.000000 -0.000006 -0.000001 -1.362681 2.240796 -0.746323 -21.334887 0.584908 3.008320 -13.821194 -0.000003 0.000002 -23.887131 -0.249078 -0.839482 -60.978943 2.457764 -1.893448 -0.294025 1.679686 0.833256 -14.218194 0.093214 1.300578 -34.211998 -0.287565 0.967169 -20.033176 0.964535 1.212841 0.000000 -0.000000 0.000000 -3.440387 0.788233 0.501655 -15.928167 -3.167306 2.999703 -6.338815 -0.000001 0.000001 -18.123415 3.648176 -4.905663 -0.000006 -0.000000 -0.000001 5.895637 11.000939 21.920042 61.907951 2.227878 -21.292828 -178.930649 54.374279 -178.818756 1.863556 10.580827 -24.475554 2.243540 -5.255033 -3.180156 14.282877 -0.826593 6.952496 -0.000003 -12.690588 -0.000001 17.233673 -16.458002 2.293447 1.665665 -1.955920 -2.878297 4.727793 -4.170584 4.993917 11.020513 0.000003 -0.000002 12.109031 -3.735708 -2.866780 0.000000 0.000000 0.000000 1.291985 -1.928548 -1.498088 14.800111 0.567468 3.865602 14.242553 -1.341734 -6.660650 19.631939 0.143927 -0.648244 51.216660 -0.340215 -5.495357 0.353029 -1.511149 -0.031940 20.222771 3.684307 2.316627 18.787245 0.000005 -0.000001 10.751610 -0.479866 1.397904 0.000001 -0.000000 -0.000000 3.273804 0.305947 -0.580110 21.486790 11.830361 2.266130 8.162917 0.000003 0.000000 18.399048 -3.798977 -4.940567 0.000003 -0.000000 -0.000001 8.050267 21.639904 -28.106987 -0.148200 -0.240982 51.107819 -9.853695 2.022919 -15.997996 1.593610 -1.974666 0.856609 0.000000 -0.000000 0.000002 -18.652288 -8.381727 -17.236423 0.790724 1.193832 45.811272 15.805923 12.641757 -21.079920 -1.470287 0.848597 -1.626647 -0.000000 -0.000000 -0.000001 
5.782841 91.140297 2.617639 2.288860 -1.630709 0.688683 -1.285422 -0.117256 6.547326 -0.223152 -1.474177 -2.850268 2.483646 -4.211640 13.838359 -11.628182 9.035757 10.709453 1.522966 9.236034 -3.636564 -5.829257 10.513714 -0.755807 0.000077 -0.000023 0.000006 -0.027836 0.081380 -0.132748 0.626279 -3.589729 -10.658481 -0.686042 3.747893 -10.696167 30.632816 -16.189558 6.638883 -76.470779 -20.088675 -45.384800 177.496796 -31.033701 -178.879761 10.587636 -13.450114 -29.616631 -5.882102 9.861279 0.702589 -10.936859 -0.360575 7.156197 0.000000 8.774816 -0.000002 -16.053913 17.419657 5.559170 -1.844031 2.498503 -2.507276 -10.163588 4.678939 4.621102 -20.975996 -0.000004 0.000001 -21.226255 2.451692 -3.593995 -0.000000 -0.000006 0.000000 -1.362680 2.240797 -0.746323 -21.334892 0.584908 3.008321 -13.821194 -0.000002 0.000001 -23.887131 -0.249078 -0.839482 -60.824013 2.616631 -2.119268 -0.294025 1.679686 0.833255 -14.218192 0.093214 1.300579 -34.212002 -0.287565 0.967169 -20.033178 0.964534 1.212842 0.000000 0.000000 0.000000 -3.440385 0.788233 0.501655 -15.928167 -3.167307 2.999703 -6.338817 -0.000001 0.000001 -18.123415 3.648176 -4.905662 -0.000004 0.000000 -0.000001 7.814949 9.027534 22.425743 62.151630 -5.893789 -30.451120 -178.526367 58.416161 -178.891342 -0.966768 11.956100 -26.512512 2.243540 -5.255033 -3.180155 14.282878 -0.826593 6.952496 -0.000003 -12.690588 -0.000000 17.126373 -16.261742 2.309731 1.665665 -1.955920 -2.878297 4.727793 -4.170583 4.993918 11.020511 0.000003 -0.000001 12.109032 -3.735710 -2.866779 0.000000 0.000000 0.000000 1.291984 -1.928548 -1.498088 14.800113 0.567468 3.865603 14.242553 -1.341735 -6.660648 19.631941 0.143926 -0.648243 51.213158 -0.206177 -5.436454 0.353028 -1.511149 -0.031940 20.222767 3.684305 2.316628 18.787243 0.000005 0.000001 10.751606 -0.479868 1.397904 -0.000002 -0.000000 0.000000 3.273804 0.305947 -0.580110 21.486790 11.830361 2.266131 8.162916 0.000002 -0.000001 18.399050 -3.798979 -4.940567 0.000003 0.000000 -0.000001 6.479891 16.622957 -31.113966 -0.126226 -0.255348 49.357162 -8.583781 -1.112225 -13.183625 1.588195 -1.933498 0.744467 0.000000 0.000000 0.000002 -18.019857 -10.803802 -14.011778 0.675585 1.240777 46.007225 17.152599 7.679770 -21.863358 -1.466779 0.863979 -2.508825 0.000000 0.000000 -0.000001 
4.702609 91.884598 2.987667 2.960176 10.054986 1.920341 -1.455903 -0.103758 6.124716 -0.243110 -1.257371 -3.094728 2.482973 -4.293537 13.509788 -9.264861 8.051199 11.066029 0.920009 6.954027 -3.689870 -5.235313 7.707349 -0.846104 0.000077 -0.000021 0.000005 -0.036717 0.114194 -0.152859 0.641135 -3.518721 -10.578134 -0.721337 3.741649 -10.584239 31.873438 -15.018846 4.974669 -78.775925 -25.362391 -38.193172 179.311615 -29.717510 -179.820602 11.446845 -12.460540 -28.239571 -5.882102 9.861278 0.702589 -10.936858 -0.360574 7.156198 0.000002 8.774813 -0.000002 -16.295748 17.529991 5.564020 -1.844031 2.498502 -2.507275 -10.163590 4.678940 4.621103 -20.975994 -0.000004 0.000002 -21.226254 2.451693 -3.593993 -0.000001 -0.000006 0.000001 -1.362679 2.240796 -0.746323 -21.334887 0.584908 3.008321 -13.821195 -0.000002 0.000002 -23.887129 -0.249078 -0.839481 -60.659691 2.650929 -2.144738 -0.294025 1.679687 0.833255 -14.218195 0.093215 1.300579 -34.212002 -0.287563 0.967170 -20.033176 0.964535 1.212841 0.000000 0.000000 0.000000 -3.440385 0.788233 0.501655 -15.928164 -3.167306 2.999704 -6.338819 -0.000001 0.000001 -18.123411 3.648177 -4.905662 -0.000005 -0.000000 -0.000001 7.998408 7.641484 22.290543 63.168514 -12.503042 -36.793217 -179.008957 66.037514 179.909332 -3.593473 13.581855 -29.574461 2.243540 -5.255033 -3.180155 14.282877 -0.826594 6.952494 -0.000001 -12.690592 0.000000 17.015587 -16.147306 2.494288 1.665665 -1.955920 -2.878297 4.727793 -4.170584 4.993918 11.020511 0.000002 -0.000001 12.109032 -3.735710 -2.866780 0.000001 -0.000000 -0.000000 1.291984 -1.928548 -1.498087 14.800109 0.567467 3.865602 14.242553 -1.341735 -6.660649 19.631937 0.143925 -0.648244 51.581764 -0.197711 -5.420544 0.353029 -1.511149 -0.031940 20.222767 3.684305 2.316627 18.787245 0.000004 -0.000001 10.751610 -0.479868 1.397903 0.000000 0.000000 0.000000 3.273804 0.305947 -0.580110 21.486790 11.830362 2.266130 8.162916 0.000001 -0.000001 18.399054 -3.798979 -4.940569 0.000003 0.000000 -0.000001 4.898495 10.444917 -33.372490 -0.169969 -0.287508 45.937378 -7.677485 -4.676324 -9.540345 1.587141 -1.890130 0.726930 -0.000000 -0.000001 0.000002 -16.823694 -13.660854 -10.161651 0.558306 1.260630 45.698280 18.434359 2.424146 -21.396053 -1.461134 0.956524 -3.837159 0.000000 0.000000 -0.000001 
3.676959 92.837273 3.499012 3.845434 22.628290 3.209588 -1.573300 -0.126451 5.664720 -0.208099 -1.137188 -3.313051 2.298946 -4.332646 13.119503 -6.331658 6.704216 12.177713 0.241112 4.382300 -3.684928 -4.374650 4.722358 0.045683 0.000077 -0.000022 0.000005 -0.022797 0.099295 -0.194666 0.703143 -3.521231 -10.573293 -0.763919 3.737358 -10.562408 32.343159 -13.959181 3.963150 -82.313927 -31.925997 -27.502447 -178.289307 -29.091400 179.396622 12.230534 -11.956496 -26.443470 -5.882100 9.861278 0.702590 -10.936855 -0.360577 7.156197 0.000002 8.774812 -0.000002 -16.280125 17.697035 5.722293 -1.844031 2.498503 -2.507276 -10.163589 4.678939 4.621104 -20.975994 -0.000003 0.000004 -21.226250 2.451693 -3.593992 -0.000000 -0.000006 0.000001 -1.362680 2.240796 -0.746323 -21.334887 0.584908 3.008322 -13.821195 -0.000002 0.000003 -23.887131 -0.249077 -0.839480 -60.769882 2.670709 -1.888043 -0.294025 1.679686 0.833255 -14.218190 0.093215 1.300580 -34.212002 -0.287563 0.967173 -20.033175 0.964536 1.212843 0.000000 0.000000 -0.000000 -3.440385 0.788232 0.501656 -15.928167 -3.167306 2.999706 -6.338817 -0.000001 0.000002 -18.123411 3.648176 -4.905660 -0.000005 -0.000001 -0.000001 5.824729 7.376818 21.431589 63.348267 -16.976126 -39.795269 178.527420 74.044426 176.929642 -4.586356 15.013734 -34.191952 2.243539 -5.255032 -3.180155 14.282875 -0.826592 6.952495 -0.000003 -12.690592 -0.000000 16.809708 -15.857856 2.847565 1.665665 -1.955920 -2.878296 4.727793 -4.170583 4.993919 11.020510 0.000004 -0.000001 12.109029 -3.735710 -2.866779 0.000000 0.000000 0.000000 1.291984 -1.928548 -1.498088 14.800111 0.567469 3.865603 14.242553 -1.341734 -6.660648 19.631937 0.143928 -0.648242 51.754478 -0.407904 -5.322951 0.353029 -1.511149 -0.031940 20.222769 3.684308 2.316628 18.787245 0.000006 0.000000 10.751607 -0.479867 1.397904 0.000000 -0.000000 -0.000000 3.273804 0.305947 -0.580110 21.486790 11.830366 2.266131 8.162915 0.000002 -0.000000 18.399048 -3.798979 -4.940567 0.000003 0.000000 -0.000001 3.464684 3.741536 -34.548168 -0.264046 -0.399528 41.133862 -7.326411 -8.545382 -4.948184 1.592911 -1.792883 0.643044 0.000000 0.000000 0.000002 -15.008965 -16.966400 -6.075568 0.434958 1.227948 44.664612 19.373714 -2.524763 -19.449205 -1.492880 1.155342 -5.579710 0.000000 -0.000000 -0.000000 
2.918147 93.946381 4.099443 4.823273 34.365952 4.380549 -1.394266 -0.165877 5.179504 -0.160972 -0.902074 -3.420438 1.952222 -4.023729 12.599340 -2.920485 4.898881 14.005368 -0.309154 1.946351 -3.695281 -3.419167 1.722319 1.887860 0.000076 -0.000023 0.000007 -0.024365 0.106779 -0.226162 0.733377 -3.551921 -10.697424 -0.776133 3.752609 -10.672209 31.725855 -12.980752 3.191335 -87.069626 -36.898418 -14.219603 -176.109009 -30.389488 178.893326 12.911991 -11.442753 -25.093439 -5.882102 9.861278 0.702589 -10.936858 -0.360574 7.156198 -0.000000 8.774814 -0.000000 -15.869708 17.819235 6.088664 -1.844031 2.498502 -2.507276 -10.163589 4.678939 4.621105 -20.975996 -0.000003 0.000003 -21.226255 2.451693 -3.593996 -0.000001 -0.000006 0.000001 -1.362682 2.240796 -0.746323 -21.334887 0.584910 3.008320 -13.821198 -0.000002 0.000002 -23.887129 -0.249078 -0.839482 -61.140873 2.766267 -1.582314 -0.294025 1.679686 0.833255 -14.218195 0.093216 1.300579 -34.212009 -0.287562 0.967170 -20.033180 0.964536 1.212841 0.000000 -0.000000 0.000000 -3.440385 0.788233 0.501655 -15.928167 -3.167305 2.999704 -6.338819 -0.000001 0.000002 -18.123415 3.648177 -4.905662 -0.000005 -0.000000 -0.000002 2.292204 8.194011 20.092211 59.775948 -19.587919 -41.423965 176.375259 78.045258 175.124023 -4.199788 16.603163 -42.362061 2.243539 -5.255033 -3.180155 14.282875 -0.826594 6.952496 -0.000001 -12.690590 -0.000000 16.411705 -15.974030 3.096195 1.665664 -1.955920 -2.878297 4.727795 -4.170584 4.993918 11.020513 0.000003 0.000000 12.109030 -3.735711 -2.866779 0.000001 0.000000 -0.000000 1.291985 -1.928548 -1.498088 14.800111 0.567467 3.865604 14.242551 -1.341736 -6.660649 19.631939 0.143926 -0.648242 51.302673 -0.689679 -5.248767 0.353029 -1.511149 -0.031940 20.222767 3.684305 2.316629 18.787245 0.000004 0.000001 10.751612 -0.479868 1.397904 0.000000 0.000000 0.000000 3.273805 0.305947 -0.580110 21.486790 11.830362 2.266131 8.162918 0.000001 -0.000000 18.399052 -3.798980 -4.940567 0.000003 0.000000 -0.000001 2.341772 -2.571345 -34.340134 -0.338932 -0.575275 35.519650 -7.757709 -12.089046 0.422759 1.593067 -1.689440 0.311004 0.000000 0.000000 0.000002 -12.785957 -20.125839 -2.167399 0.240971 1.074589 42.524353 19.284952 -6.633192 -15.968420 -1.574665 1.370516 -7.703280 -0.000000 0.000000 -0.000001 
2.125051 94.979668 4.606982 5.872850 43.851833 5.410088 -0.790213 -0.212259 4.703523 -0.129920 -0.232913 -3.433625 1.517773 -3.264838 12.045963 0.316618 2.912052 15.794035 -0.963308 -0.334559 -3.664212 -2.102309 -1.341924 4.152472 0.000077 -0.000022 0.000008 -0.022521 0.148319 -0.245232 0.704826 -3.522226 -10.785876 -0.764672 3.830310 -10.739441 29.608004 -11.491153 2.898658 -90.883621 -39.377590 -0.540193 -175.316559 -33.540871 178.634750 13.317635 -10.597530 -23.458490 -5.882102 9.861279 0.702590 -10.936858 -0.360576 7.156196 -0.000002 8.774816 -0.000001 -15.470166 18.032034 6.428976 -1.844031 2.498502 -2.507276 -10.163589 4.678942 4.621104 -20.975994 -0.000004 0.000002 -21.226254 2.451692 -3.593992 0.000000 -0.000007 0.000000 -1.362680 2.240797 -0.746323 -21.334894 0.584908 3.008321 -13.821197 -0.000002 0.000002 -23.887131 -0.249079 -0.839480 -61.561050 2.853912 -1.392634 -0.294025 1.679686 0.833256 -14.218194 0.093215 1.300579 -34.211998 -0.287563 0.967170 -20.033178 0.964536 1.212842 -0.000000 -0.000000 0.000000 -3.440384 0.788233 0.501656 -15.928167 -3.167307 2.999704 -6.338816 -0.000001 0.000001 -18.123413 3.648177 -4.905663 -0.000005 -0.000000 -0.000003 -0.672311 10.106643 18.770199 49.094566 -21.820528 -44.276527 177.247299 79.268570 176.205414 -4.709692 18.480257 -53.195763 2.243540 -5.255033 -3.180155 14.282871 -0.826593 6.952496 -0.000003 -12.690590 0.000000 15.690089 -16.560570 3.049511 1.665664 -1.955920 -2.878296 4.727793 -4.170584 4.993919 11.020513 0.000002 -0.000001 12.109031 -3.735710 -2.866779 0.000001 -0.000000 -0.000000 1.291983 -1.928548 -1.498088 14.800114 0.567467 3.865605 14.242553 -1.341735 -6.660648 19.631937 0.143925 -0.648243 50.173206 -0.713396 -5.451928 0.353027 -1.511150 -0.031940 20.222765 3.684305 2.316628 18.787245 0.000004 -0.000000 10.751610 -0.479868 1.397904 0.000000 -0.000000 -0.000000 3.273804 0.305947 -0.580110 21.486790 11.830362 2.266132 8.162916 0.000002 0.000000 18.399054 -3.798980 -4.940568 0.000003 0.000000 -0.000000 1.733633 -8.028833 -33.234852 -0.315515 -0.728578 29.801752 -8.870049 -14.449111 6.016797 1.597544 -1.609385 -0.128082 0.000000 0.000000 0.000002 -10.395172 -22.559454 0.631755 0.076175 0.859072 40.227364 17.806303 -9.784621 -11.910884 -1.657783 1.512673 -9.825394 0.000000 0.000000 -0.000003 
1.786684 95.558632 4.894094 7.256311 50.477333 6.454123 0.112858 -0.010855 4.449655 0.011544 0.682598 -3.457377 1.033380 -2.014076 11.652988 2.231585 1.337479 16.784250 -1.545987 -2.045052 -3.516543 -0.629015 -3.917341 5.860369 0.000077 -0.000022 0.000006 -0.016728 0.153352 -0.237394 0.699206 -3.526723 -10.794559 -0.737198 3.851692 -10.710459 26.210892 -9.057796 3.501951 -92.849648 -40.154770 10.936384 -176.511200 -36.851318 178.889542 12.570999 -9.792957 -20.990408 -5.882100 9.861278 0.702591 -10.936858 -0.360576 7.156198 0.000000 8.774817 -0.000000 -15.528665 18.300423 6.483424 -1.844031 2.498502 -2.507277 -10.163589 4.678939 4.621105 -20.975996 -0.000005 0.000002 -21.226254 2.451693 -3.593993 0.000001 -0.000006 -0.000001 -1.362681 2.240798 -0.746323 -21.334892 0.584908 3.008321 -13.821194 -0.000002 0.000002 -23.887129 -0.249079 -0.839479 -61.987080 3.024593 -1.606052 -0.294025 1.679686 0.833256 -14.218192 0.093215 1.300580 -34.212002 -0.287566 0.967171 -20.033180 0.964535 1.212842 -0.000000 0.000000 0.000000 -3.440385 0.788233 0.501656 -15.928167 -3.167307 2.999704 -6.338817 -0.000002 0.000002 -18.123411 3.648178 -4.905662 -0.000005 -0.000000 -0.000002 -3.036219 13.386819 18.011446 32.411137 -24.413803 -48.824078 -170.905304 81.707901 -173.048904 -7.352464 20.160526 -62.853222 2.243538 -5.255032 -3.180156 14.282875 -0.826593 6.952497 -0.000004 -12.690590 0.000002 14.864796 -16.651123 2.968283 1.665664 -1.955920 -2.878297 4.727792 -4.170583 4.993919 11.020511 0.000003 0.000000 12.109032 -3.735710 -2.866778 -0.000000 -0.000000 -0.000002 1.291983 -1.928548 -1.498087 14.800114 0.567467 3.865604 14.242551 -1.341734 -6.660648 19.631941 0.143926 -0.648242 48.222401 -0.557303 -5.525720 0.353027 -1.511148 -0.031941 20.222771 3.684306 2.316629 18.787245 0.000006 -0.000001 10.751611 -0.479867 1.397904 0.000000 0.000000 0.000000 3.273805 0.305947 -0.580110 21.486795 11.830363 2.266132 8.162917 0.000002 -0.000001 18.399054 -3.798980 -4.940564 0.000003 0.000001 0.000000 0.936641 -12.116714 -32.074173 -0.246979 -0.788585 25.824177 -9.649352 -15.652814 10.003431 1.623343 -1.579398 -0.472131 -0.000000 -0.000002 0.000002 -8.709680 -23.482115 2.394670 -0.030196 0.696405 38.604229 16.055286 -11.802285 -9.219827 -1.720626 1.569815 -11.163895 -0.000000 -0.000000 -0.000002 
1.560223 95.682030 4.934793 8.925699 53.919941 7.508716 1.146614 0.495260 4.483327 0.281078 1.931834 -3.438556 0.467400 -0.338194 11.594605 3.155223 0.778443 16.823952 -2.033197 -3.547115 -3.323254 0.702188 -5.900187 6.775745 0.000078 -0.000022 0.000005 0.013799 0.139107 -0.188377 0.737624 -3.562385 -10.736912 -0.725213 3.847333 -10.593521 22.152044 -5.611856 5.241281 -93.816795 -40.576077 19.523672 -178.664795 -39.106567 179.904739 10.843790 -9.006852 -18.069151 -5.882101 9.861279 0.702590 -10.936859 -0.360577 7.156196 -0.000000 8.774816 -0.000000 -15.923182 18.201248 6.172526 -1.844030 2.498503 -2.507275 -10.163589 4.678938 4.621104 -20.975998 -0.000002 0.000004 -21.226255 2.451694 -3.593992 0.000000 -0.000005 -0.000001 -1.362680 2.240796 -0.746323 -21.334892 0.584908 3.008321 -13.821198 -0.000005 0.000004 -23.887131 -0.249080 -0.839478 -62.045128 3.064771 -1.741635 -0.294024 1.679686 0.833256 -14.218194 0.093211 1.300580 -34.211998 -0.287564 0.967173 -20.033180 0.964535 1.212844 0.000000 0.000000 0.000001 -3.440385 0.788232 0.501655 -15.928169 -3.167306 2.999704 -6.338817 -0.000001 0.000002 -18.123415 3.648176 -4.905660 -0.000003 -0.000000 -0.000002 -7.604439 18.536434 16.706461 15.154360 -26.051506 -54.014145 -100.590652 88.095863 -103.714951 -12.248190 21.539194 -68.520309 2.243540 -5.255033 -3.180155 14.282875 -0.826593 6.952497 -0.000001 -12.690590 -0.000002 14.254687 -16.518564 3.703182 1.665665 -1.955919 -2.878296 4.727792 -4.170582 4.993918 11.020512 0.000005 -0.000002 12.109032 -3.735709 -2.866781 -0.000000 -0.000000 -0.000001 1.291984 -1.928550 -1.498087 14.800111 0.567468 3.865601 14.242554 -1.341734 -6.660650 19.631939 0.143928 -0.648245 47.496704 -0.709906 -5.257520 0.353029 -1.511150 -0.031941 20.222771 3.684309 2.316627 18.787245 0.000007 -0.000002 10.751609 -0.479867 1.397904 -0.000000 -0.000001 -0.000001 3.273804 0.305948 -0.580109 21.486790 11.830362 2.266129 8.162916 0.000003 0.000001 18.399054 -3.798977 -4.940566 0.000003 0.000002 -0.000002 -0.160750 -13.979088 -31.260036 -0.233700 -0.811282 23.943913 -9.907764 -16.407486 12.213629 1.653919 -1.606240 -0.584213 -0.000000 0.000000 0.000001 -8.039196 -23.245792 3.201213 -0.057459 0.677326 38.014336 14.529468 -12.421782 -9.029269 -1.717431 1.519676 -11.353603 -0.000000 -0.000000 -0.000002 
1.314226 95.297295 5.055709 10.586498 54.632912 8.562782 1.916905 1.089520 4.758161 0.525124 3.277042 -3.411281 -0.237089 1.457618 11.794263 3.381021 0.530968 16.269016 -1.999512 -4.248984 -3.197123 1.444755 -7.217525 6.910257 0.000077 -0.000021 0.000006 0.019485 0.147384 -0.124171 0.773771 -3.587486 -10.732574 -0.752019 3.872737 -10.562175 18.593676 -2.168893 7.000024 -94.904541 -40.631180 25.312241 179.393509 -39.572624 -179.107437 9.230398 -8.568250 -16.443001 -5.882101 9.861279 0.702591 -10.936860 -0.360576 7.156199 -0.000001 8.774814 -0.000002 -16.300308 17.722893 5.797812 -1.844031 2.498502 -2.507276 -10.163589 4.678942 4.621106 -20.975998 -0.000004 0.000003 -21.226255 2.451692 -3.593994 0.000000 -0.000006 -0.000001 -1.362681 2.240797 -0.746323 -21.334898 0.584908 3.008323 -13.821198 -0.000004 0.000002 -23.887136 -0.249077 -0.839480 -61.451187 2.925791 -1.629472 -0.294024 1.679685 0.833254 -14.218192 0.093214 1.300581 -34.212002 -0.287564 0.967171 -20.033182 0.964537 1.212842 -0.000000 -0.000001 0.000000 -3.440386 0.788233 0.501655 -15.928169 -3.167306 2.999704 -6.338817 -0.000004 0.000002 -18.123413 3.648176 -4.905660 -0.000002 -0.000000 -0.000002 -15.620270 24.226173 13.851002 5.851977 -25.215235 -55.743465 -16.843758 84.472626 -20.673288 -13.888992 23.576803 -68.844276 2.243539 -5.255031 -3.180156 14.282877 -0.826591 6.952496 -0.000004 -12.690591 -0.000001 14.398269 -17.480656 4.364491 1.665665 -1.955918 -2.878294 4.727791 -4.170582 4.993919 11.020511 0.000003 0.000000 12.109028 -3.735708 -2.866779 0.000000 0.000000 0.000001 1.291984 -1.928547 -1.498089 14.800111 0.567469 3.865606 14.242553 -1.341735 -6.660649 19.631937 0.143927 -0.648242 48.388554 -0.955351 -5.755657 0.353029 -1.511151 -0.031941 20.222771 3.684305 2.316630 18.787245 0.000005 0.000002 10.751611 -0.479870 1.397905 -0.000000 0.000002 -0.000002 3.273805 0.305946 -0.580109 21.486790 11.830363 2.266133 8.162916 0.000003 -0.000001 18.399050 -3.798981 -4.940567 0.000001 -0.000001 -0.000001 -1.393504 -13.494239 -31.216387 -0.239544 -0.857436 24.308392 -10.025683 -17.425833 12.153781 1.668508 -1.635884 -0.541800 -0.000000 0.000001 0.000002 -8.278279 -22.548832 3.360741 -0.003498 0.768935 38.131802 13.653231 -12.329395 -12.084199 -1.656522 1.382837 -11.152971 -0.000000 -0.000000 -0.000002 
0.925125 94.601532 5.492983 11.864763 54.143318 9.416291 2.183038 1.566994 4.986543 0.487850 4.609879 -3.458472 -1.145777 2.997382 12.247038 4.030019 -0.287754 15.891080 -1.659485 -4.397443 -3.195371 2.220567 -8.120565 7.036818 0.000078 -0.000024 0.000005 0.010683 0.154566 -0.110903 0.783815 -3.603250 -10.804305 -0.774285 3.900793 -10.646635 15.525582 0.741663 8.234490 -95.574211 -40.295952 29.734100 178.403870 -39.257504 -178.775635 8.524933 -8.362575 -16.044565 -5.882100 9.861279 0.702590 -10.936858 -0.360574 7.156195 -0.000000 8.774817 -0.000001 -16.443409 17.264933 5.596520 -1.844032 2.498503 -2.507277 -10.163589 4.678939 4.621102 -20.975994 -0.000005 0.000002 -21.226250 2.451693 -3.593994 0.000002 -0.000006 -0.000002 -1.362680 2.240797 -0.746322 -21.334887 0.584907 3.008320 -13.821197 -0.000004 0.000003 -23.887129 -0.249078 -0.839480 -60.936207 2.601604 -1.422660 -0.294024 1.679686 0.833255 -14.218194 0.093215 1.300579 -34.211998 -0.287565 0.967170 -20.033178 0.964532 1.212843 -0.000000 -0.000001 0.000001 -3.440385 0.788233 0.501656 -15.928167 -3.167306 2.999704 -6.338817 -0.000003 0.000001 -18.123411 3.648178 -4.905662 -0.000003 -0.000000 -0.000003 -25.163164 28.514723 9.721732 3.261514 -21.085627 -51.934250 -9.265013 84.666298 -12.053351 -10.563100 26.950674 -64.676926 2.243538 -5.255030 -3.180156 14.282873 -0.826593 6.952497 -0.000003 -12.690590 -0.000001 14.617721 -18.408342 4.073047 1.665664 -1.955920 -2.878296 4.727794 -4.170583 4.993918 11.020512 0.000003 -0.000001 12.109028 -3.735710 -2.866779 0.000001 0.000002 -0.000002 1.291984 -1.928548 -1.498088 14.800113 0.567468 3.865604 14.242553 -1.341733 -6.660647 19.631935 0.143927 -0.648244 48.816597 -1.108685 -6.677067 0.353027 -1.511149 -0.031941 20.222763 3.684309 2.316628 18.787245 0.000003 0.000001 10.751610 -0.479867 1.397904 0.000001 0.000000 -0.000001 3.273803 0.305947 -0.580111 21.486786 11.830360 2.266130 8.162916 -0.000002 -0.000001 18.399050 -3.798979 -4.940566 0.000004 -0.000001 -0.000002 -2.169639 -12.100190 -31.904146 -0.253825 -0.805052 26.091013 -10.253941 -18.552008 10.640981 1.651276 -1.675202 -0.458567 -0.000000 0.000001 0.000002 -8.771079 -22.223038 3.140564 0.038535 0.822039 38.826946 13.183420 -12.453067 -16.158304 -1.555189 1.178198 -9.897399 -0.000000 -0.000000 -0.000002 
0.409418 93.877426 6.171112 12.279350 53.719917 9.409371 1.943173 1.791983 5.199179 0.233836 5.578846 -3.508941 -1.970322 4.257603 12.833852 5.333625 -1.481856 15.939449 -1.304289 -4.508961 -3.266247 3.224501 -8.577802 6.612177 0.000077 -0.000023 0.000005 -0.012297 0.171708 -0.140125 0.756222 -3.578752 -10.890540 -0.783211 3.909074 -10.739036 13.452072 2.329448 9.373648 -95.749809 -41.018410 32.761089 178.213715 -39.308056 -178.629745 9.071582 -8.330646 -16.691956 -5.882100 9.861280 0.702590 -10.936858 -0.360576 7.156196 0.000001 8.774817 -0.000000 -16.204250 16.990108 5.748719 -1.844031 2.498504 -2.507275 -10.163589 4.678941 4.621102 -20.975992 -0.000005 0.000002 -21.226250 2.451690 -3.593994 0.000000 -0.000006 -0.000001 -1.362679 2.240797 -0.746322 -21.334890 0.584906 3.008319 -13.821197 -0.000004 0.000003 -23.887131 -0.249081 -0.839481 -60.417637 2.478371 -1.180821 -0.294025 1.679687 0.833256 -14.218194 0.093213 1.300577 -34.211998 -0.287568 0.967168 -20.033176 0.964531 1.212842 -0.000001 -0.000001 0.000001 -3.440385 0.788232 0.501655 -15.928167 -3.167307 2.999703 -6.338818 -0.000002 0.000002 -18.123411 3.648174 -4.905662 -0.000004 0.000001 -0.000002 -33.250092 30.756517 5.736475 5.081112 -14.659964 -43.763657 -2.271854 84.933762 -2.397195 -5.014320 27.969595 -59.561260 2.243539 -5.255032 -3.180155 14.282875 -0.826591 6.952496 -0.000004 -12.690590 -0.000001 14.051189 -18.552467 3.770797 1.665664 -1.955921 -2.878298 4.727793 -4.170582 4.993918 11.020511 0.000004 -0.000001 12.109031 -3.735709 -2.866779 0.000000 -0.000000 0.000000 1.291983 -1.928546 -1.498091 14.800114 0.567469 3.865605 14.242553 -1.341732 -6.660647 19.631935 0.143926 -0.648242 48.940178 -0.720560 -6.982897 0.353028 -1.511150 -0.031941 20.222767 3.684308 2.316629 18.787245 0.000004 0.000000 10.751610 -0.479869 1.397904 0.000001 -0.000002 -0.000000 3.273804 0.305946 -0.580109 21.486794 11.830364 2.266133 8.162916 0.000003 -0.000000 18.399050 -3.798980 -4.940564 0.000003 0.000001 -0.000001 -2.148264 -10.916070 -32.789673 -0.278579 -0.740355 28.575573 -10.406992 -19.558886 8.830531 1.620479 -1.626851 -0.499940 -0.000000 0.000001 0.000002 -9.238605 -23.043470 3.297789 0.091893 0.738955 39.749287 12.670000 -12.396833 -18.958202 -1.512122 1.078269 -9.194135 0.000000 -0.000001 -0.000000 
-0.132620 93.304916 6.935854 11.803779 54.206406 8.549944 1.427690 1.965704 5.528466 -0.033337 5.994476 -3.430512 -2.616364 5.021120 13.367438 6.805431 -2.526601 15.945281 -1.090858 -4.602778 -3.336313 4.371313 -8.970982 5.893998 0.000078 -0.000022 0.000005 -0.020743 0.189381 -0.147688 0.747260 -3.552511 -10.936625 -0.808952 3.938138 -10.808139 13.168678 2.611520 9.895007 -96.682152 -42.259239 34.553967 177.998886 -40.016026 -178.284134 9.693332 -8.334757 -17.877457 -5.882101 9.861278 0.702589 -10.936859 -0.360574 7.156194 0.000000 8.774812 -0.000003 -16.103046 17.103468 5.947195 -1.844032 2.498503 -2.507275 -10.163589 4.678939 4.621103 -20.975996 -0.000001 0.000001 -21.226254 2.451695 -3.593995 0.000001 -0.000006 -0.000001 -1.362680 2.240795 -0.746323 -21.334890 0.584909 3.008317 -13.821198 -0.000006 0.000003 -23.887131 -0.249079 -0.839482 -60.041458 2.563185 -1.260238 -0.294025 1.679686 0.833255 -14.218195 0.093215 1.300576 -34.212006 -0.287563 0.967167 -20.033180 0.964534 1.212840 -0.000000 0.000000 0.000001 -3.440386 0.788233 0.501655 -15.928167 -3.167305 2.999703 -6.338818 -0.000001 0.000001 -18.123415 3.648178 -4.905662 -0.000004 0.000001 -0.000001 -35.538624 31.655535 4.882494 8.025454 -11.347901 -36.937645 11.300924 82.213181 12.814642 -0.755839 26.676533 -54.889526 2.243539 -5.255032 -3.180154 14.282878 -0.826593 6.952498 -0.000001 -12.690590 -0.000001 13.810931 -18.505907 3.570897 1.665666 -1.955921 -2.878295 4.727792 -4.170585 4.993919 11.020513 0.000003 -0.000001 12.109034 -3.735710 -2.866780 0.000001 -0.000001 0.000001 1.291984 -1.928547 -1.498087 14.800113 0.567470 3.865604 14.242548 -1.341733 -6.660646 19.631939 0.143928 -0.648243 49.507034 -0.512192 -6.915408 0.353029 -1.511147 -0.031941 20.222769 3.684307 2.316626 18.787249 0.000004 -0.000000 10.751612 -0.479866 1.397905 -0.000000 0.000002 0.000000 3.273804 0.305946 -0.580109 21.486795 11.830364 2.266134 8.162916 0.000002 0.000001 18.399052 -3.798978 -4.940566 0.000004 0.000000 -0.000001 -1.500040 -10.083129 -33.629143 -0.378497 -0.813697 31.170372 -10.683360 -20.750721 7.768459 1.588372 -1.590428 -0.490663 0.000000 0.000000 0.000002 -9.305123 -25.063400 3.969240 0.078524 0.721936 40.769974 11.888833 -12.214253 -19.458065 -1.527251 1.104201 -9.438276 -0.000000 -0.000000 -0.000001 
-0.716889 92.852417 7.595264 10.668098 54.671879 7.120504 0.732960 1.949383 6.007583 -0.310817 5.990239 -3.213212 -3.145506 5.591379 13.846909 8.119713 -3.154566 15.689034 -1.138641 -4.391754 -3.384103 5.571724 -9.358159 5.149484 0.000077 -0.000020 0.000006 -0.027644 0.187689 -0.150952 0.745414 -3.589278 -10.975439 -0.814595 3.946404 -10.868777 13.577509 2.106225 9.907725 -97.112129 -43.623634 34.541183 177.273651 -40.847874 -177.712814 10.051481 -8.282487 -18.943489 -5.882101 9.861277 0.702590 -10.936859 -0.360573 7.156198 0.000001 8.774811 -0.000001 -15.974849 17.409040 6.178200 -1.844031 2.498502 -2.507275 -10.163591 4.678942 4.621107 -20.975996 -0.000003 0.000005 -21.226255 2.451694 -3.593992 0.000001 -0.000006 -0.000001 -1.362681 2.240796 -0.746323 -21.334892 0.584910 3.008322 -13.821198 -0.000002 0.000004 -23.887135 -0.249075 -0.839480 -59.875504 2.637553 -1.518126 -0.294025 1.679686 0.833256 -14.218194 0.093214 1.300580 -34.212006 -0.287559 0.967172 -20.033180 0.964537 1.212842 -0.000002 0.000000 0.000000 -3.440385 0.788231 0.501656 -15.928167 -3.167306 2.999704 -6.338817 -0.000001 0.000003 -18.123415 3.648179 -4.905660 -0.000004 0.000001 -0.000002 -32.635742 31.694321 6.742553 11.568579 -12.349490 -34.136246 25.135094 80.137733 26.478251 3.241469 24.066395 -51.908031 2.243540 -5.255033 -3.180156 14.282877 -0.826595 6.952497 -0.000001 -12.690592 0.000000 13.751313 -17.822979 3.322418 1.665665 -1.955920 -2.878294 4.727796 -4.170585 4.993920 11.020512 0.000001 -0.000001 12.109030 -3.735710 -2.866781 0.000002 -0.000000 0.000001 1.291984 -1.928548 -1.498089 14.800109 0.567467 3.865603 14.242553 -1.341738 -6.660646 19.631935 0.143923 -0.648243 49.192623 -0.610789 -6.701843 0.353029 -1.511149 -0.031941 20.222767 3.684306 2.316628 18.787245 0.000003 -0.000001 10.751609 -0.479870 1.397904 0.000001 -0.000001 0.000000 3.273804 0.305947 -0.580111 21.486792 11.830361 2.266130 8.162916 0.000001 0.000000 18.399055 -3.798980 -4.940570 0.000003 -0.000002 0.000000 -0.475822 -9.185430 -34.333889 -0.457493 -0.881312 33.415760 -10.876429 -21.897200 7.101719 1.567369 -1.524509 -0.484085 0.000000 -0.000000 0.000002 -9.169879 -27.242460 4.638706 0.090358 0.769491 41.915623 10.798050 -11.400918 -18.789551 -1.568742 1.181034 -10.329627 -0.000000 -0.000000 -0.000001 
-1.197367 92.516510 8.117967 9.159234 54.359020 5.438629 -0.018584 1.771160 6.526999 -0.568003 5.753898 -3.016782 -3.601265 6.004937 14.311613 8.925172 -3.241102 15.379831 -1.322111 -3.981197 -3.368081 6.490694 -9.402260 4.460376 0.000077 -0.000020 0.000005 -0.003340 0.139142 -0.134558 0.767990 -3.645160 -10.933876 -0.787015 3.910459 -10.851639 14.080393 0.882508 9.710459 -96.624649 -44.895920 32.326145 176.160721 -41.392807 -177.070267 10.415793 -8.040316 -19.442867 -5.882101 9.861278 0.702590 -10.936860 -0.360575 7.156196 0.000001 8.774812 0.000000 -15.785853 17.570936 6.358790 -1.844031 2.498502 -2.507276 -10.163589 4.678939 4.621102 -20.975996 -0.000001 0.000002 -21.226255 2.451693 -3.593995 0.000000 -0.000007 -0.000001 -1.362680 2.240796 -0.746323 -21.334894 0.584910 3.008319 -13.821197 -0.000003 0.000002 -23.887133 -0.249079 -0.839482 -59.865238 2.679253 -1.804779 -0.294025 1.679686 0.833256 -14.218192 0.093215 1.300578 -34.212002 -0.287566 0.967167 -20.033180 0.964533 1.212841 -0.000000 -0.000000 -0.000000 -3.440386 0.788233 0.501656 -15.928167 -3.167306 2.999703 -6.338817 -0.000001 0.000001 -18.123415 3.648176 -4.905662 -0.000004 0.000002 -0.000002 -26.999289 30.685791 9.835165 16.966661 -15.249145 -35.596046 42.682835 81.662865 42.493690 6.420429 20.772602 -50.570396 2.243539 -5.255032 -3.180154 14.282878 -0.826592 6.952498 -0.000001 -12.690588 -0.000001 14.076852 -17.056524 3.173455 1.665665 -1.955920 -2.878296 4.727795 -4.170584 4.993917 11.020513 0.000005 -0.000000 12.109035 -3.735708 -2.866778 0.000001 -0.000001 -0.000001 1.291985 -1.928547 -1.498089 14.800117 0.567469 3.865604 14.242553 -1.341735 -6.660645 19.631941 0.143923 -0.648242 48.842804 -0.731223 -6.333523 0.353029 -1.511149 -0.031940 20.222773 3.684307 2.316629 18.787249 0.000006 0.000001 10.751613 -0.479867 1.397905 -0.000000 0.000003 -0.000000 3.273805 0.305948 -0.580111 21.486795 11.830363 2.266132 8.162917 0.000001 0.000000 18.399057 -3.798980 -4.940566 0.000002 -0.000002 -0.000000 0.741091 -8.056501 -34.872375 -0.506736 -0.892080 35.365959 -10.902304 -22.761093 6.416820 1.552058 -1.490686 -0.585147 -0.000000 0.000001 0.000002 -9.056679 -28.816658 5.163695 0.117708 0.798407 42.932178 9.743545 -10.084628 -17.771984 -1.616930 1.287016 -11.213403 -0.000000 0.000000 -0.000001 
-1.461267 92.310127 8.384422 7.450988 52.556129 3.549811 -0.748173 1.571553 6.941880 -0.843960 5.260255 -2.823217 -3.960393 6.057017 14.725587 8.803209 -2.855719 15.574227 -1.369891 -3.256858 -3.386880 6.815725 -8.737757 3.947567 0.000076 -0.000020 0.000005 0.033213 0.045536 -0.137857 0.816665 -3.720195 -10.895519 -0.766288 3.817926 -10.861079 14.644891 -0.723693 9.437037 -95.208328 -45.684364 28.350887 174.994888 -41.345367 -176.571747 10.620153 -7.698314 -18.299461 -5.882101 9.861279 0.702590 -10.936860 -0.360576 7.156197 0.000001 8.774813 -0.000001 -15.620087 17.476099 6.502655 -1.844030 2.498502 -2.507276 -10.163589 4.678939 4.621104 -20.975996 -0.000005 0.000002 -21.226250 2.451693 -3.593993 -0.000001 -0.000005 -0.000001 -1.362680 2.240795 -0.746323 -21.334892 0.584908 3.008322 -13.821198 -0.000004 0.000003 -23.887133 -0.249079 -0.839478 -59.995853 2.663595 -1.943946 -0.294024 1.679685 0.833255 -14.218195 0.093215 1.300580 -34.212006 -0.287565 0.967169 -20.033180 0.964534 1.212843 -0.000001 0.000000 0.000000 -3.440385 0.788233 0.501655 -15.928167 -3.167307 2.999706 -6.338817 -0.000002 0.000002 -18.123411 3.648175 -4.905661 -0.000004 -0.000000 -0.000003 -20.604641 28.408714 12.742255 24.597376 -16.714397 -39.558121 107.822746 85.283699 105.568985 7.569812 18.629314 -49.302769 2.243539 -5.255032 -3.180154 14.282878 -0.826592 6.952495 -0.000003 -12.690592 -0.000001 14.948771 -16.934189 2.910568 1.665665 -1.955919 -2.878298 4.727795 -4.170583 4.993920 11.020514 0.000003 -0.000002 12.109035 -3.735709 -2.866777 0.000000 -0.000002 -0.000000 1.291985 -1.928547 -1.498088 14.800113 0.567470 3.865605 14.242551 -1.341734 -6.660647 19.631939 0.143926 -0.648240 49.565132 -0.840117 -6.196918 0.353029 -1.511149 -0.031941 20.222771 3.684308 2.316629 18.787249 0.000007 0.000000 10.751612 -0.479865 1.397905 0.000001 0.000003 0.000000 3.273804 0.305947 -0.580109 21.486797 11.830365 2.266134 8.162918 0.000003 -0.000001 18.399057 -3.798976 -4.940565 0.000002 -0.000001 -0.000001 2.068749 -6.673901 -34.963326 -0.528443 -0.908393 37.029636 -10.891592 -22.714863 5.359391 1.548495 -1.493961 -0.799323 -0.000000 0.000001 0.000002 -9.294386 -29.392061 5.460859 0.134608 0.810789 44.036072 8.879046 -8.141469 -16.399124 -1.657541 1.349489 -11.837715 -0.000000 0.000000 -0.000001 
-1.427795 92.236084 8.342112 5.758940 48.504837 1.569674 -1.345693 1.344327 7.081659 -1.114671 4.609384 -2.678523 -4.142794 5.572875 15.010457 7.492095 -1.977073 16.738590 -1.224863 -2.146832 -3.547506 6.359261 -7.218589 3.803538 0.000078 -0.000021 0.000007 0.029104 0.012286 -0.141979 0.836488 -3.758974 -10.924459 -0.785321 3.773125 -10.928753 14.991286 -2.387558 9.327769 -93.059105 -45.784050 23.284340 174.734970 -40.482079 -176.771408 10.434449 -7.941873 -15.758234 -5.882101 9.861279 0.702589 -10.936860 -0.360576 7.156199 0.000002 8.774814 -0.000002 -15.645951 17.492586 6.595433 -1.844031 2.498504 -2.507277 -10.163589 4.678937 4.621105 -20.975996 -0.000005 0.000003 -21.226255 2.451692 -3.593992 -0.000001 -0.000007 -0.000001 -1.362681 2.240797 -0.746322 -21.334892 0.584907 3.008321 -13.821198 -0.000002 0.000004 -23.887133 -0.249075 -0.839480 -60.176414 2.648860 -1.787052 -0.294024 1.679687 0.833255 -14.218194 0.093215 1.300580 -34.211998 -0.287565 0.967171 -20.033178 0.964534 1.212843 -0.000001 -0.000001 -0.000001 -3.440385 0.788232 0.501654 -15.928171 -3.167306 2.999706 -6.338818 -0.000001 0.000002 -18.123415 3.648175 -4.905661 -0.000004 -0.000001 -0.000002 -15.005664 25.376724 14.614161 33.024727 -13.477103 -42.804867 174.885651 78.589645 171.537735 6.245339 18.774641 -47.778904 2.243540 -5.255033 -3.180155 14.282875 -0.826593 6.952495 -0.000002 -12.690588 -0.000001 15.630194 -17.336422 2.804170 1.665665 -1.955920 -2.878295 4.727793 -4.170583 4.993918 11.020513 0.000003 -0.000003 12.109031 -3.735708 -2.866781 -0.000001 -0.000000 0.000000 1.291984 -1.928548 -1.498087 14.800113 0.567468 3.865601 14.242554 -1.341734 -6.660650 19.631939 0.143927 -0.648245 51.017788 -0.861307 -6.211665 0.353029 -1.511150 -0.031941 20.222769 3.684306 2.316627 18.787243 0.000006 -0.000003 10.751610 -0.479867 1.397902 -0.000000 0.000002 -0.000001 3.273804 0.305947 -0.580110 21.486788 11.830360 2.266129 8.162915 0.000002 -0.000001 18.399048 -3.798978 -4.940566 0.000003 -0.000001 -0.000002 3.524840 -4.808865 -34.352013 -0.505526 -0.873875 38.551640 -10.876356 -21.250689 3.633642 1.553427 -1.551354 -0.998278 -0.000000 0.000000 0.000002 -10.063518 -28.610489 5.430767 0.168290 0.922606 45.226254 7.996730 -5.617501 -14.904650 -1.664370 1.354770 -11.986442 0.000000 0.000000 -0.000002 
-1.085604 92.089104 7.991378 4.186690 41.608494 -0.449305 -1.702871 1.177072 6.870204 -1.310826 3.737034 -2.546268 -4.014278 4.683962 15.111808 4.944596 -0.382679 18.485924 -0.812485 -0.616191 -3.749064 5.089071 -4.973382 4.104824 0.000078 -0.000022 0.000005 -0.005063 0.042995 -0.140152 0.780409 -3.709866 -10.994218 -0.825848 3.811464 -11.007387 15.060187 -4.126948 9.669803 -90.604080 -45.343666 17.264408 175.755173 -38.843391 -177.922058 9.649454 -9.293503 -12.788695 -5.882101 9.861278 0.702590 -10.936861 -0.360574 7.156198 0.000001 8.774812 -0.000003 -15.938300 17.565756 6.514303 -1.844031 2.498503 -2.507274 -10.163592 4.678939 4.621104 -20.975998 -0.000002 0.000005 -21.226255 2.451695 -3.593992 0.000000 -0.000005 0.000000 -1.362680 2.240797 -0.746324 -21.334892 0.584909 3.008322 -13.821198 -0.000002 0.000004 -23.887133 -0.249076 -0.839480 -60.280590 2.619623 -1.448293 -0.294025 1.679686 0.833255 -14.218195 0.093215 1.300580 -34.212013 -0.287562 0.967170 -20.033180 0.964533 1.212842 -0.000000 0.000001 0.000000 -3.440386 0.788233 0.501657 -15.928169 -3.167306 2.999705 -6.338818 -0.000001 0.000002 -18.123415 3.648176 -4.905661 -0.000005 0.000001 -0.000003 -11.207883 22.711658 15.350508 41.052570 -4.054429 -42.996479 -173.635910 68.795418 -176.787277 3.575992 19.562483 -45.875870 2.243540 -5.255033 -3.180154 14.282878 -0.826594 6.952496 -0.000001 -12.690591 -0.000001 15.966977 -17.966913 2.831040 1.665665 -1.955921 -2.878297 4.727795 -4.170583 4.993919 11.020513 0.000002 -0.000002 12.109033 -3.735711 -2.866779 -0.000000 0.000000 -0.000001 1.291984 -1.928548 -1.498087 14.800114 0.567467 3.865602 14.242554 -1.341736 -6.660649 19.631941 0.143924 -0.648244 51.867550 -0.692612 -6.171205 0.353029 -1.511150 -0.031940 20.222771 3.684305 2.316628 18.787247 0.000004 -0.000002 10.751611 -0.479867 1.397902 -0.000003 -0.000001 0.000001 3.273804 0.305947 -0.580111 21.486790 11.830362 2.266131 8.162918 0.000002 0.000000 18.399054 -3.798980 -4.940570 0.000001 0.000002 -0.000002 5.230935 -2.140263 -33.014423 -0.439622 -0.831285 40.491055 -10.633201 -18.286695 0.536389 1.570007 -1.644204 -1.000160 -0.000000 -0.000001 0.000002 -11.228672 -26.139980 4.793517 0.207635 1.097446 46.487469 7.235593 -2.985226 -14.717829 -1.645898 1.314176 -11.940704 -0.000000 -0.000000 -0.000002 
-0.590327 91.896378 7.320769 2.905613 31.467903 -2.258834 -1.890752 0.982848 6.417347 -1.416291 3.071389 -2.511420 -3.566628 3.350462 15.149797 1.538869 1.987394 19.956137 -0.206149 1.234098 -3.849820 3.225230 -1.898885 4.538078 0.000076 -0.000022 0.000005 -0.041472 0.062300 -0.132358 0.752348 -3.693423 -10.991627 -0.840152 3.798462 -10.992879 15.237884 -5.986227 9.654202 -88.343674 -44.133068 10.534227 177.187576 -37.260696 -179.298401 8.326955 -11.895540 -9.902437 -5.882103 9.861281 0.702590 -10.936862 -0.360574 7.156198 -0.000001 8.774814 -0.000001 -15.934373 17.721312 6.502837 -1.844031 2.498502 -2.507275 -10.163592 4.678941 4.621104 -20.976000 -0.000003 0.000003 -21.226255 2.451693 -3.593992 0.000002 -0.000006 0.000000 -1.362681 2.240797 -0.746322 -21.334896 0.584909 3.008321 -13.821198 -0.000002 0.000003 -23.887133 -0.249077 -0.839481 -60.007751 2.625415 -1.167977 -0.294025 1.679686 0.833255 -14.218197 0.093215 1.300580 -34.212013 -0.287563 0.967170 -20.033186 0.964535 1.212842 -0.000002 -0.000001 0.000000 -3.440386 0.788232 0.501655 -15.928173 -3.167306 2.999704 -6.338819 -0.000001 0.000001 -18.123417 3.648178 -4.905662 -0.000006 -0.000000 -0.000001 -9.165234 21.589241 15.692822 48.131165 10.402698 -38.861778 -174.511658 61.002151 -176.653915 0.516346 19.358864 -40.697315 2.243539 -5.255033 -3.180155 14.282877 -0.826595 6.952495 -0.000001 -12.690592 -0.000001 16.204140 -18.051006 2.728041 1.665664 -1.955920 -2.878296 4.727794 -4.170584 4.993918 11.020510 0.000004 -0.000000 12.109033 -3.735712 -2.866779 -0.000000 0.000000 -0.000001 1.291985 -1.928548 -1.498088 14.800111 0.567467 3.865602 14.242553 -1.341736 -6.660649 19.631937 0.143924 -0.648245 51.213127 -0.744090 -5.961445 0.353028 -1.511151 -0.031941 20.222767 3.684306 2.316629 18.787245 0.000003 0.000000 10.751612 -0.479870 1.397903 0.000000 0.000001 0.000001 3.273804 0.305946 -0.580109 21.486788 11.830363 2.266132 8.162916 0.000002 -0.000001 18.399054 -3.798981 -4.940568 0.000003 0.000001 -0.000001 7.255175 1.877586 -30.674891 -0.336609 -0.805258 42.471169 -10.305731 -14.135509 -3.441946 1.591250 -1.706046 -0.742966 0.000000 0.000000 0.000002 -13.184312 -22.018766 3.262369 0.321517 1.356825 47.233135 7.611417 -0.554897 -15.649185 -1.608389 1.221573 -11.428220 0.000000 -0.000000 -0.000002 
0.024606 91.626068 6.584208 1.906723 19.905897 -3.679711 -1.977762 0.845451 6.205243 -1.409352 2.307338 -2.664765 -2.858109 1.910910 15.125310 -1.912929 4.356095 20.297718 0.400858 3.119928 -3.791350 1.175364 1.572685 5.191471 0.000075 -0.000022 0.000003 -0.033633 0.051940 -0.135943 0.709216 -3.690839 -10.968375 -0.790199 3.789976 -10.954352 16.068542 -8.103540 9.574171 -85.727089 -42.977467 2.358449 178.158249 -36.117466 179.761215 7.120858 -14.352057 -8.329546 -5.882102 9.861277 0.702590 -10.936859 -0.360575 7.156196 0.000002 8.774813 -0.000000 -15.791120 17.599289 6.442748 -1.844031 2.498502 -2.507276 -10.163590 4.678940 4.621104 -20.975994 -0.000004 0.000000 -21.226255 2.451691 -3.593995 -0.000001 -0.000006 0.000000 -1.362680 2.240796 -0.746323 -21.334892 0.584909 3.008319 -13.821194 -0.000002 0.000001 -23.887125 -0.249079 -0.839482 -59.743019 2.643017 -0.988663 -0.294025 1.679685 0.833255 -14.218194 0.093215 1.300578 -34.212006 -0.287563 0.967167 -20.033176 0.964535 1.212840 -0.000000 0.000000 0.000000 -3.440386 0.788233 0.501655 -15.928167 -3.167305 2.999703 -6.338817 -0.000001 0.000001 -18.123415 3.648176 -4.905663 -0.000006 0.000000 -0.000002 -7.714845 21.657890 16.023699 55.415867 25.957912 -29.511377 -178.344894 56.171970 -179.146774 -1.820129 18.791166 -32.472164 2.243540 -5.255032 -3.180155 14.282875 -0.826593 6.952496 -0.000003 -12.690590 0.000000 15.891296 -17.797718 2.590747 1.665664 -1.955917 -2.878295 4.727793 -4.170583 4.993918 11.020508 0.000006 -0.000001 12.109030 -3.735708 -2.866778 -0.000001 0.000001 -0.000000 1.291984 -1.928549 -1.498087 14.800111 0.567469 3.865604 14.242553 -1.341733 -6.660649 19.631939 0.143926 -0.648242 50.335037 -0.608981 -5.859679 0.353029 -1.511149 -0.031940 20.222769 3.684305 2.316626 18.787245 0.000005 0.000001 10.751614 -0.479867 1.397903 -0.000000 -0.000001 0.000002 3.273805 0.305945 -0.580112 21.486790 11.830359 2.266130 8.162913 0.000002 -0.000002 18.399050 -3.798977 -4.940567 0.000003 0.000000 -0.000001 9.531388 6.928452 -27.644424 -0.353965 -0.812625 44.373848 -10.334674 -9.892055 -7.394337 1.609924 -1.771605 -0.428628 0.000000 -0.000001 0.000002 -14.791281 -18.110443 0.705979 0.404639 1.371323 47.567875 8.823965 1.400669 -17.576452 -1.531109 1.062109 -10.541967 0.000000 0.000000 -0.000001 
0.569942 91.241280 5.852412 1.120892 9.041212 -4.669772 -1.917861 0.722449 6.229465 -1.329238 1.465239 -2.902638 -1.942044 0.837235 15.237973 -4.804878 6.436521 19.728350 0.755972 4.763603 -3.692884 -0.431447 4.802720 5.787954 0.000077 -0.000022 0.000005 -0.026243 0.056725 -0.163786 0.677679 -3.699579 -10.966055 -0.737987 3.803957 -10.967469 17.565922 -10.453576 9.295685 -82.818214 -41.859505 -6.857110 178.348099 -35.295887 179.668655 6.271644 -16.010822 -8.279751 -5.882102 9.861278 0.702590 -10.936859 -0.360575 7.156196 0.000000 8.774813 -0.000001 -15.846148 17.508923 6.197041 -1.844031 2.498503 -2.507277 -10.163589 4.678939 4.621103 -20.975996 -0.000003 0.000003 -21.226254 2.451693 -3.593995 0.000001 -0.000006 -0.000000 -1.362680 2.240796 -0.746323 -21.334892 0.584909 3.008319 -13.821195 -0.000003 0.000002 -23.887133 -0.249078 -0.839482 -59.542690 2.604863 -1.098594 -0.294025 1.679686 0.833255 -14.218194 0.093215 1.300579 -34.212002 -0.287563 0.967169 -20.033180 0.964535 1.212841 0.000000 0.000000 -0.000000 -3.440386 0.788233 0.501655 -15.928167 -3.167306 2.999703 -6.338817 -0.000001 0.000001 -18.123415 3.648176 -4.905661 -0.000007 0.000000 -0.000002 -6.489172 22.378473 15.823167 64.435341 38.009613 -15.862156 179.166046 53.224369 179.318130 -3.586209 18.894119 -24.333481 2.243539 -5.255031 -3.180154 14.282875 -0.826592 6.952495 -0.000002 -12.690591 0.000000 15.576100 -17.448235 2.513380 1.665665 -1.955919 -2.878298 4.727793 -4.170581 4.993916 11.020512 0.000004 -0.000001 12.109032 -3.735710 -2.866780 -0.000000 -0.000000 -0.000001 1.291986 -1.928549 -1.498086 14.800111 0.567468 3.865603 14.242553 -1.341734 -6.660649 19.631935 0.143928 -0.648244 49.868935 -0.546301 -5.828784 0.353029 -1.511149 -0.031941 20.222769 3.684305 2.316629 18.787245 0.000005 -0.000001 10.751610 -0.479868 1.397904 0.000000 -0.000001 0.000000 3.273803 0.305947 -0.580109 21.486788 11.830363 2.266133 8.162916 0.000000 0.000001 18.399050 -3.798978 -4.940567 0.000002 0.000000 -0.000003 11.904454 11.716484 -24.575312 -0.395448 -0.771148 46.056900 -10.859548 -6.324230 -10.751487 1.631476 -1.809746 -0.227411 -0.000000 0.000000 0.000002 -15.836230 -14.911248 -2.111887 0.457259 1.228192 47.669010 10.427416 4.260162 -19.987759 -1.477864 0.870838 -8.888676 0.000000 0.000000 -0.000001 
0.987212 90.872864 5.317575 0.661894 -0.500955 -5.343776 -1.774210 0.617269 6.281308 -1.231024 0.933366 -2.994199 -1.159796 0.195823 15.453277 -6.819158 7.996130 19.202711 1.143762 6.234356 -3.576381 -1.540060 7.400668 5.834322 0.000078 -0.000023 0.000006 -0.006964 0.036918 -0.180962 0.699868 -3.725661 -10.926427 -0.722225 3.794065 -10.924322 19.122215 -12.187163 8.962876 -80.238586 -41.308567 -14.289277 177.684372 -34.578690 -179.863785 5.809552 -16.474445 -9.528143 -5.882100 9.861280 0.702589 -10.936858 -0.360576 7.156198 0.000001 8.774815 -0.000003 -15.714367 17.755121 6.227746 -1.844030 2.498503 -2.507275 -10.163589 4.678939 4.621104 -20.975992 -0.000004 0.000005 -21.226246 2.451693 -3.593992 0.000001 -0.000006 -0.000000 -1.362679 2.240797 -0.746322 -21.334885 0.584907 3.008322 -13.821193 -0.000003 0.000003 -23.887129 -0.249077 -0.839478 -59.657650 2.524563 -1.279104 -0.294025 1.679686 0.833256 -14.218190 0.093213 1.300580 -34.212002 -0.287564 0.967173 -20.033176 0.964535 1.212843 -0.000000 0.000000 0.000000 -3.440385 0.788232 0.501656 -15.928169 -3.167309 2.999705 -6.338816 -0.000001 0.000002 -18.123411 3.648177 -4.905660 -0.000005 0.000000 -0.000002 -6.278908 23.747093 14.924707 73.568718 44.939354 -3.493089 178.058563 50.549664 178.668060 -5.243463 18.382427 -20.262087 2.243538 -5.255033 -3.180156 14.282878 -0.826592 6.952496 -0.000003 -12.690593 -0.000001 15.595720 -17.354303 2.667601 1.665665 -1.955921 -2.878297 4.727793 -4.170582 4.993917 11.020511 0.000004 -0.000001 12.109032 -3.735708 -2.866778 -0.000001 -0.000001 -0.000002 1.291984 -1.928548 -1.498088 14.800111 0.567468 3.865604 14.242551 -1.341733 -6.660645 19.631939 0.143927 -0.648239 49.521694 -0.675337 -5.719515 0.353029 -1.511149 -0.031939 20.222769 3.684308 2.316628 18.787247 0.000006 0.000001 10.751610 -0.479865 1.397905 -0.000001 0.000001 0.000001 3.273805 0.305946 -0.580110 21.486792 11.830364 2.266132 8.162915 0.000003 0.000000 18.399050 -3.798980 -4.940565 0.000003 -0.000002 -0.000002 14.049433 15.838948 -21.459616 -0.428585 -0.751698 47.304451 -11.702278 -3.068061 -13.291906 1.639074 -1.833037 -0.004974 0.000000 0.000000 0.000002 -16.109787 -11.736702 -5.454453 0.500949 1.100117 48.160488 11.028463 7.791229 -21.084793 -1.472415 0.742201 -6.576105 0.000000 -0.000000 -0.000001 
1.075141 90.718491 4.902641 0.405685 -7.408074 -5.640103 -1.570134 0.538030 6.308405 -1.130296 0.631036 -3.104742 -0.578629 -0.283957 15.701399 -8.117627 8.901008 18.950199 1.438179 7.517062 -3.441656 -2.136171 9.130849 5.852561 0.000077 -0.000022 0.000006 -0.011695 0.039050 -0.146573 0.702989 -3.744684 -10.885056 -0.724602 3.795503 -10.887006 20.162029 -13.462483 8.711320 -78.671295 -41.293549 -19.603731 177.331009 -34.115547 -179.471573 5.747275 -16.838797 -11.524882 -5.882101 9.861278 0.702590 -10.936859 -0.360575 7.156196 0.000001 8.774813 -0.000001 -15.749082 18.009033 6.286253 -1.844031 2.498502 -2.507276 -10.163589 4.678939 4.621102 -20.975998 -0.000005 0.000003 -21.226255 2.451693 -3.593992 -0.000001 -0.000005 0.000000 -1.362680 2.240796 -0.746322 -21.334892 0.584907 3.008321 -13.821198 -0.000004 0.000002 -23.887133 -0.249080 -0.839480 -59.862259 2.405106 -1.330949 -0.294024 1.679686 0.833255 -14.218194 0.093213 1.300578 -34.212006 -0.287566 0.967171 -20.033180 0.964534 1.212843 0.000000 0.000001 0.000000 -3.440385 0.788232 0.501655 -15.928169 -3.167307 2.999703 -6.338817 -0.000001 0.000000 -18.123413 3.648175 -4.905661 -0.000007 0.000001 -0.000002 -7.000337 25.051689 13.797821 80.284218 48.227509 4.605312 178.056274 48.108788 178.822678 -6.753611 17.459587 -19.166662 2.243541 -5.255033 -3.180156 14.282877 -0.826595 6.952496 -0.000003 -12.690588 0.000000 15.679159 -17.350925 2.874565 1.665664 -1.955921 -2.878294 4.727795 -4.170584 4.993919 11.020510 0.000003 0.000000 12.109032 -3.735712 -2.866779 -0.000000 -0.000001 -0.000001 1.291984 -1.928547 -1.498088 14.800114 0.567467 3.865603 14.242554 -1.341734 -6.660649 19.631939 0.143926 -0.648243 49.209515 -0.691380 -5.557225 0.353029 -1.511149 -0.031940 20.222769 3.684304 2.316629 18.787243 0.000004 -0.000001 10.751610 -0.479869 1.397903 -0.000001 0.000001 -0.000002 3.273804 0.305947 -0.580110 21.486790 11.830362 2.266133 8.162917 0.000002 -0.000002 18.399052 -3.798982 -4.940566 0.000003 -0.000001 -0.000000 15.750113 18.754885 -18.923424 -0.435917 -0.698345 47.639919 -12.421701 -0.653921 -14.523281 1.636467 -1.838750 0.109973 -0.000000 -0.000001 0.000002 -15.903386 -9.474083 -7.891923 0.483341 0.959134 47.867805 11.060092 10.659558 -21.938381 -1.477831 0.684452 -4.556941 0.000000 0.000000 -0.000001 
1.077451 90.887894 4.599358 0.329172 -11.441290 -5.553297 -1.373155 0.459667 6.261749 -1.042894 0.472220 -3.212749 -0.174080 -0.776705 15.805658 -8.969639 9.462211 18.859707 1.745276 8.300790 -3.390389 -2.484512 10.337760 6.030994 0.000077 -0.000022 0.000006 0.011057 -0.007892 -0.214420 0.726596 -3.789299 -10.895413 -0.702174 3.753576 -10.900214 20.795609 -14.574209 8.413037 -78.426193 -41.361557 -22.729393 177.438477 -33.695610 -179.416687 5.886238 -17.178614 -13.148866 -5.882102 9.861278 0.702591 -10.936859 -0.360575 7.156198 0.000001 8.774814 -0.000002 -15.873031 18.043278 6.208792 -1.844031 2.498502 -2.507274 -10.163590 4.678938 4.621101 -20.975996 -0.000004 0.000002 -21.226255 2.451693 -3.593992 0.000000 -0.000006 0.000000 -1.362680 2.240796 -0.746322 -21.334890 0.584908 3.008320 -13.821197 -0.000002 0.000002 -23.887133 -0.249078 -0.839482 -59.949360 2.239017 -1.382805 -0.294024 1.679686 0.833256 -14.218195 0.093214 1.300577 -34.212013 -0.287566 0.967168 -20.033180 0.964535 1.212841 0.000000 -0.000000 0.000000 -3.440386 0.788232 0.501654 -15.928169 -3.167306 2.999702 -6.338815 -0.000001 0.000001 -18.123415 3.648176 -4.905662 -0.000005 -0.000000 -0.000002 -8.022743 25.765633 12.853977 84.338142 49.541573 9.136356 178.155502 46.080112 179.023758 -8.016820 16.807379 -19.705261 2.243539 -5.255033 -3.180153 14.282877 -0.826592 6.952497 -0.000004 -12.690592 -0.000001 15.855968 -17.439320 2.988372 1.665665 -1.955920 -2.878297 4.727793 -4.170583 4.993918 11.020512 0.000003 0.000003 12.109030 -3.735711 -2.866779 0.000001 0.000000 -0.000001 1.291985 -1.928548 -1.498089 14.800111 0.567470 3.865604 14.242553 -1.341733 -6.660649 19.631937 0.143926 -0.648244 49.246536 -0.676227 -5.534417 0.353029 -1.511149 -0.031941 20.222769 3.684309 2.316631 18.787245 0.000006 0.000002 10.751610 -0.479867 1.397904 0.000000 0.000001 0.000000 3.273804 0.305947 -0.580110 21.486792 11.830366 2.266134 8.162914 0.000002 -0.000002 18.399054 -3.798979 -4.940566 0.000003 0.000000 -0.000001 16.626150 20.750063 -17.321461 -0.415279 -0.677988 47.077911 -12.567644 0.713894 -14.561869 1.633821 -1.830641 0.041941 0.000000 0.000000 0.000002 -15.529036 -7.777663 -9.280352 0.453395 0.806565 46.843403 11.108195 12.209281 -22.186203 -1.475293 0.690950 -3.630200 -0.000000 -0.000000 -0.000001 
0.933641 91.335663 4.271142 0.318023 -13.329426 -5.178324 -1.117754 0.355166 6.194624 -0.943692 0.266913 -3.266055 0.113387 -1.218458 15.671443 -9.642214 9.806199 18.756969 2.015104 8.901636 -3.331984 -2.641419 11.079500 6.455886 0.000077 -0.000022 0.000005 0.012215 -0.013579 -0.202595 0.735644 -3.792739 -10.867917 -0.710637 3.753361 -10.885759 21.265297 -15.566779 8.148408 -79.521812 -41.413860 -23.689880 177.366898 -33.099785 -179.328903 5.537483 -17.252783 -14.302081 -5.882101 9.861279 0.702590 -10.936860 -0.360576 7.156197 0.000000 8.774815 -0.000002 -16.004940 17.965445 6.204329 -1.844031 2.498503 -2.507276 -10.163589 4.678938 4.621102 -20.975998 -0.000006 0.000003 -21.226255 2.451691 -3.593992 -0.000000 -0.000005 0.000001 -1.362680 2.240797 -0.746324 -21.334892 0.584906 3.008317 -13.821197 -0.000004 0.000002 -23.887133 -0.249079 -0.839480 -59.939709 2.171952 -1.405455 -0.294024 1.679686 0.833255 -14.218192 0.093213 1.300578 -34.211998 -0.287566 0.967172 -20.033178 0.964533 1.212843 0.000000 0.000001 0.000000 -3.440386 0.788232 0.501654 -15.928169 -3.167308 2.999703 -6.338813 -0.000002 0.000002 -18.123413 3.648177 -4.905662 -0.000006 -0.000002 -0.000003 -8.995880 26.190350 12.208840 86.495796 50.028061 11.791244 178.236481 44.249611 179.065674 -8.462903 16.319017 -19.881760 2.243539 -5.255033 -3.180155 14.282878 -0.826594 6.952497 -0.000002 -12.690591 0.000000 15.993311 -17.661402 3.008999 1.665665 -1.955920 -2.878297 4.727793 -4.170584 4.993918 11.020513 0.000002 0.000000 12.109034 -3.735708 -2.866780 0.000001 -0.000001 -0.000001 1.291984 -1.928548 -1.498086 14.800113 0.567468 3.865605 14.242553 -1.341734 -6.660648 19.631939 0.143927 -0.648244 49.397987 -0.737972 -5.647198 0.353029 -1.511150 -0.031942 20.222769 3.684307 2.316631 18.787249 0.000005 0.000002 10.751612 -0.479869 1.397905 -0.000000 0.000001 -0.000001 3.273804 0.305947 -0.580112 21.486792 11.830362 2.266130 8.162916 0.000002 -0.000001 18.399054 -3.798979 -4.940567 0.000002 -0.000001 -0.000001 16.935278 21.980690 -16.528545 -0.410290 -0.688820 45.733238 -12.518919 1.268525 -13.650746 1.637831 -1.890900 -0.158057 -0.000000 0.000000 0.000002 -15.034354 -6.782959 -10.182242 0.403826 0.758149 45.866058 11.029530 12.962878 -21.453873 -1.472393 0.685117 -3.417058 0.000000 0.000000 -0.000001 
0.682603 91.919533 3.921268 0.476164 -13.613286 -4.673246 -0.916947 0.264756 6.105637 -0.847202 0.055829 -3.310277 0.299319 -1.608686 15.419553 -10.004139 9.977496 18.735065 2.251794 9.269920 -3.267075 -2.724505 11.478234 6.979701 0.000077 -0.000023 0.000004 0.032641 -0.041238 -0.214370 0.764427 -3.822845 -10.855493 -0.693065 3.718750 -10.864801 21.798651 -16.437693 7.824541 -81.295609 -41.274952 -23.350243 177.370178 -32.474792 -179.295792 4.998189 -17.184628 -14.844584 -5.882101 9.861279 0.702591 -10.936857 -0.360576 7.156196 0.000000 8.774815 -0.000002 -16.147547 17.888002 6.180905 -1.844031 2.498502 -2.507275 -10.163589 4.678939 4.621104 -20.975996 -0.000005 0.000003 -21.226250 2.451693 -3.593992 -0.000001 -0.000006 -0.000001 -1.362680 2.240797 -0.746322 -21.334894 0.584906 3.008320 -13.821197 -0.000004 0.000003 -23.887131 -0.249078 -0.839480 -59.958595 2.209781 -1.472750 -0.294024 1.679686 0.833257 -14.218194 0.093214 1.300579 -34.212006 -0.287567 0.967172 -20.033176 0.964533 1.212844 0.000000 0.000001 0.000000 -3.440386 0.788232 0.501655 -15.928167 -3.167307 2.999706 -6.338813 -0.000002 0.000001 -18.123411 3.648174 -4.905661 -0.000006 -0.000000 -0.000001 -9.840605 26.355789 11.724211 87.650024 49.946983 13.721208 178.422729 42.544632 179.160553 -8.272220 15.837838 -19.845551 2.243540 -5.255032 -3.180157 14.282878 -0.826593 6.952496 -0.000003 -12.690591 -0.000002 16.132496 -17.906435 3.042524 1.665665 -1.955920 -2.878295 4.727794 -4.170582 4.993916 11.020511 0.000004 -0.000001 12.109035 -3.735710 -2.866778 0.000000 0.000000 0.000000 1.291984 -1.928547 -1.498084 14.800114 0.567469 3.865604 14.242554 -1.341733 -6.660648 19.631939 0.143927 -0.648241 49.631290 -0.847037 -5.742548 0.353028 -1.511149 -0.031940 20.222771 3.684308 2.316627 18.787245 0.000006 0.000000 10.751610 -0.479869 1.397905 0.000000 0.000000 -0.000003 3.273805 0.305947 -0.580110 21.486794 11.830363 2.266130 8.162917 0.000003 -0.000001 18.399057 -3.798976 -4.940568 0.000004 -0.000001 -0.000001 16.722931 22.751675 -16.349045 -0.436461 -0.715269 43.914169 -12.377252 1.066929 -12.122884 1.644664 -1.928320 -0.466592 0.000000 -0.000000 0.000002 -14.663934 -6.455832 -10.447391 0.388379 0.757310 44.443645 10.893751 12.808710 -20.838642 -1.472899 0.675550 -3.338449 0.000000 0.000000 -0.000001 
0.353312 92.508133 3.550395 0.742637 -12.930121 -4.139552 -0.732718 0.209009 5.977226 -0.768883 -0.115024 -3.381531 0.419677 -1.871929 15.208896 -10.092478 10.036519 18.750847 2.354141 9.426584 -3.237407 -2.744881 11.487747 7.582188 0.000077 -0.000023 0.000007 0.057646 -0.072741 -0.194543 0.796769 -3.849843 -10.864752 -0.676706 3.686966 -10.868767 22.268974 -17.029779 7.474318 -83.006836 -41.136738 -22.278503 177.513931 -32.068542 -179.286545 4.393301 -16.984856 -14.868908 -5.882102 9.861277 0.702590 -10.936861 -0.360574 7.156196 0.000000 8.774812 0.000000 -16.246819 17.835800 6.107434 -1.844031 2.498502 -2.507277 -10.163589 4.678938 4.621105 -20.975996 -0.000003 0.000002 -21.226254 2.451692 -3.593995 0.000000 -0.000007 -0.000000 -1.362680 2.240796 -0.746326 -21.334892 0.584908 3.008318 -13.821197 -0.000004 0.000000 -23.887135 -0.249080 -0.839483 -59.972389 2.252160 -1.553254 -0.294025 1.679686 0.833255 -14.218194 0.093215 1.300579 -34.212006 -0.287567 0.967168 -20.033180 0.964533 1.212840 -0.000001 0.000001 -0.000000 -3.440386 0.788233 0.501654 -15.928169 -3.167305 2.999703 -6.338816 -0.000001 0.000000 -18.123417 3.648175 -4.905662 -0.000006 -0.000001 -0.000003 -10.509912 26.332794 11.358934 88.268600 49.779255 15.179423 178.689941 41.181503 179.355225 -7.839750 15.397119 -19.362877 2.243540 -5.255033 -3.180157 14.282875 -0.826594 6.952496 -0.000001 -12.690591 0.000000 16.104771 -18.102192 3.162432 1.665665 -1.955920 -2.878297 4.727794 -4.170582 4.993919 11.020510 0.000003 -0.000001 12.109031 -3.735710 -2.866780 0.000000 -0.000001 -0.000000 1.291984 -1.928548 -1.498086 14.800111 0.567468 3.865602 14.242554 -1.341734 -6.660649 19.631939 0.143925 -0.648243 49.700706 -0.947622 -5.772422 0.353029 -1.511149 -0.031940 20.222771 3.684304 2.316629 18.787245 0.000004 -0.000001 10.751607 -0.479866 1.397903 -0.000000 0.000002 -0.000002 3.273804 0.305946 -0.580109 21.486788 11.830360 2.266129 8.162916 0.000002 -0.000001 18.399050 -3.798978 -4.940566 0.000003 -0.000002 -0.000002 16.229410 23.372181 -16.576721 -0.453632 -0.740440 41.995792 -12.320206 0.300281 -10.240612 1.651028 -1.947279 -0.670560 0.000000 -0.000001 0.000001 -14.380807 -6.524876 -10.395761 0.331663 0.736966 42.983036 10.719456 12.134953 -20.384542 -1.472251 0.682287 -3.113505 0.000000 0.000000 -0.000001 
0.015990 93.027184 3.180705 1.040066 -11.849320 -3.684222 -0.560901 0.210177 5.833062 -0.716277 -0.196677 -3.459784 0.524422 -2.080400 15.061507 -10.039606 10.063870 18.851294 2.327415 9.460687 -3.231358 -2.733335 11.269543 8.188282 0.000078 -0.000023 0.000007 0.070636 -0.093435 -0.215600 0.822303 -3.870629 -10.866921 -0.673687 3.663289 -10.875729 22.729464 -17.426905 7.105667 -84.492920 -40.921005 -21.123703 177.727844 -31.834888 -179.325134 3.780876 -16.790457 -14.673052 -5.882099 9.861279 0.702590 -10.936858 -0.360575 7.156196 0.000001 8.774813 -0.000001 -16.334808 17.793751 5.980106 -1.844032 2.498503 -2.507277 -10.163588 4.678940 4.621104 -20.975992 -0.000005 0.000002 -21.226250 2.451692 -3.593993 -0.000001 -0.000006 0.000000 -1.362681 2.240797 -0.746323 -21.334888 0.584907 3.008319 -13.821197 -0.000003 0.000001 -23.887131 -0.249079 -0.839481 -60.058662 2.260861 -1.620122 -0.294024 1.679686 0.833256 -14.218190 0.093214 1.300580 -34.211998 -0.287564 0.967170 -20.033176 0.964533 1.212842 -0.000000 0.000001 -0.000000 -3.440385 0.788233 0.501655 -15.928167 -3.167306 2.999704 -6.338815 0.000000 0.000001 -18.123411 3.648174 -4.905663 -0.000005 -0.000000 -0.000002 -11.108425 26.318741 11.041216 88.752556 49.672527 16.039188 178.923508 40.139725 179.553253 -7.544398 14.952556 -18.923384 2.243541 -5.255033 -3.180157 14.282877 -0.826594 6.952495 -0.000002 -12.690590 0.000000 16.039093 -18.187090 3.285603 1.665666 -1.955920 -2.878296 4.727793 -4.170583 4.993918 11.020512 0.000002 -0.000002 12.109035 -3.735710 -2.866780 0.000000 -0.000000 -0.000001 1.291985 -1.928548 -1.498089 14.800114 0.567468 3.865603 14.242556 -1.341735 -6.660650 19.631939 0.143926 -0.648246 49.739361 -1.007620 -5.785272 0.353029 -1.511149 -0.031941 20.222771 3.684304 2.316629 18.787249 0.000005 -0.000002 10.751611 -0.479869 1.397904 -0.000000 0.000001 -0.000001 3.273805 0.305946 -0.580109 21.486790 11.830360 2.266130 8.162916 0.000003 -0.000002 18.399054 -3.798979 -4.940570 0.000003 0.000000 -0.000001 15.650790 23.894903 -16.901720 -0.469165 -0.746110 40.133038 -12.327413 -0.667382 -8.375990 1.652804 -1.958667 -0.753671 0.000000 -0.000000 0.000002 -14.185320 -6.768030 -10.201089 0.272097 0.680887 41.700932 10.604595 11.322687 -20.013258 -1.471153 0.689018 -2.818496 -0.000000 0.000000 -0.000001 
-0.295696 93.508110 2.849049 1.301998 -10.529465 -3.307452 -0.404390 0.225034 5.677506 -0.679825 -0.222449 -3.531178 0.628684 -2.219439 14.960797 -9.973524 10.057939 19.028820 2.254120 9.400869 -3.187763 -2.702341 10.941924 8.728108 0.000077 -0.000022 0.000007 0.077544 -0.104447 -0.194969 0.839925 -3.874992 -10.851446 -0.680288 3.653307 -10.847968 23.131390 -17.688200 6.760185 -85.678894 -40.645184 -20.132288 177.877594 -31.727606 -179.395340 3.203626 -16.658173 -14.422070 -5.882101 9.861278 0.702591 -10.936860 -0.360574 7.156195 0.000003 8.774810 0.000000 -16.354391 17.790146 5.908523 -1.844031 2.498503 -2.507275 -10.163589 4.678938 4.621102 -20.975996 -0.000003 0.000001 -21.226250 2.451692 -3.593993 0.000001 -0.000005 -0.000000 -1.362681 2.240797 -0.746322 -21.334894 0.584909 3.008320 -13.821198 -0.000004 0.000001 -23.887136 -0.249078 -0.839482 -60.156681 2.271966 -1.655718 -0.294025 1.679686 0.833253 -14.218195 0.093215 1.300578 -34.212013 -0.287564 0.967166 -20.033180 0.964536 1.212839 -0.000000 0.000000 0.000000 -3.440384 0.788233 0.501654 -15.928167 -3.167305 2.999704 -6.338819 -0.000001 0.000000 -18.123413 3.648175 -4.905663 -0.000005 0.000001 -0.000003 -11.630733 26.295504 10.818319 89.251160 49.756367 16.416004 179.165680 39.504681 179.711136 -7.524036 14.607492 -18.627449 2.243540 -5.255032 -3.180157 14.282875 -0.826593 6.952495 -0.000001 -12.690590 0.000001 15.933823 -18.208334 3.389739 1.665665 -1.955920 -2.878295 4.727794 -4.170584 4.993919 11.020511 0.000003 -0.000001 12.109029 -3.735709 -2.866780 0.000001 -0.000001 -0.000001 1.291984 -1.928547 -1.498090 14.800111 0.567468 3.865604 14.242556 -1.341733 -6.660650 19.631939 0.143926 -0.648244 49.765045 -1.042630 -5.793836 0.353029 -1.511149 -0.031940 20.222765 3.684305 2.316628 18.787243 0.000005 -0.000001 10.751608 -0.479867 1.397904 0.000000 0.000002 0.000000 3.273804 0.305947 -0.580109 21.486790 11.830360 2.266130 8.162915 0.000002 -0.000001 18.399052 -3.798979 -4.940569 0.000003 0.000000 -0.000002 15.056400 24.253717 -17.260168 -0.469835 -0.741662 38.396870 -12.284550 -1.721730 -6.487364 1.655182 -1.955165 -0.772224 0.000000 -0.000000 0.000002 -14.037227 -7.192322 -9.865826 0.241455 0.639489 40.555019 10.580993 10.508037 -19.532042 -1.468084 0.721420 -2.564855 -0.000000 -0.000000 -0.000001 
-0.572404 93.949501 2.562388 1.483193 -9.160829 -2.937963 -0.262940 0.217118 5.489401 -0.646843 -0.175033 -3.604522 0.724762 -2.310917 14.855165 -9.914805 10.077978 19.245214 2.165761 9.226870 -3.198051 -2.610502 10.594938 9.287909 0.000076 -0.000022 0.000006 0.059817 -0.085079 -0.185319 0.824169 -3.845576 -10.813134 -0.698030 3.659718 -10.830152 23.545984 -17.914082 6.405660 -86.694839 -40.245731 -19.359802 177.974991 -31.615707 -179.465332 2.631341 -16.523766 -14.174436 -5.882102 9.861279 0.702589 -10.936857 -0.360576 7.156196 -0.000000 8.774814 -0.000001 -16.371572 17.853868 5.888861 -1.844031 2.498503 -2.507276 -10.163589 4.678939 4.621102 -20.975994 -0.000003 0.000002 -21.226248 2.451692 -3.593994 0.000000 -0.000005 -0.000001 -1.362680 2.240797 -0.746323 -21.334887 0.584909 3.008320 -13.821194 -0.000003 0.000002 -23.887125 -0.249079 -0.839482 -60.257278 2.280481 -1.639416 -0.294024 1.679686 0.833255 -14.218189 0.093214 1.300579 -34.211998 -0.287563 0.967171 -20.033176 0.964535 1.212841 -0.000000 0.000001 -0.000000 -3.440384 0.788232 0.501655 -15.928169 -3.167305 2.999703 -6.338815 -0.000001 0.000001 -18.123413 3.648177 -4.905663 -0.000005 -0.000001 -0.000003 -12.073074 26.276091 10.645476 89.773109 49.920311 16.541605 179.343063 39.125492 179.850464 -7.749392 14.317725 -18.464323 2.243540 -5.255033 -3.180154 14.282877 -0.826592 6.952497 -0.000001 -12.690592 0.000001 15.867451 -18.237244 3.409367 1.665665 -1.955920 -2.878296 4.727793 -4.170584 4.993918 11.020513 0.000002 0.000000 12.109032 -3.735709 -2.866782 0.000000 0.000000 0.000000 1.291984 -1.928548 -1.498088 14.800111 0.567467 3.865605 14.242553 -1.341735 -6.660651 19.631941 0.143926 -0.648243 49.907631 -1.049028 -5.766726 0.353029 -1.511150 -0.031940 20.222773 3.684307 2.316628 18.787245 0.000006 0.000000 10.751610 -0.479869 1.397904 -0.000000 0.000002 -0.000001 3.273804 0.305947 -0.580113 21.486792 11.830364 2.266131 8.162916 0.000002 -0.000002 18.399055 -3.798978 -4.940569 0.000003 0.000001 -0.000002 14.491755 24.421614 -17.596737 -0.464410 -0.738804 36.683716 -12.215817 -2.693286 -4.788447 1.658707 -1.943809 -0.796704 0.000000 0.000000 0.000002 -13.856068 -7.675920 -9.440008 0.217749 0.590897 39.356251 10.619668 9.708261 -19.094198 -1.466870 0.763754 -2.352506 -0.000000 0.000000 -0.000001 
-0.851862 94.451401 2.295983 1.574815 -7.894454 -2.526983 -0.123644 0.202151 5.272965 -0.622292 -0.097381 -3.694984 0.824545 -2.343408 14.693481 -9.854164 10.063772 19.495192 2.062813 9.028017 -3.192636 -2.491602 10.275164 9.880240 0.000077 -0.000022 0.000009 0.039457 -0.063801 -0.183309 0.803200 -3.822157 -10.804495 -0.717753 3.674537 -10.807137 24.082884 -18.146238 5.947475 -87.728004 -39.758995 -18.808668 178.024765 -31.442295 -179.529572 1.999438 -16.442963 -13.955226 -5.882102 9.861279 0.702588 -10.936861 -0.360575 7.156196 0.000002 8.774811 0.000000 -16.414211 17.903263 5.849508 -1.844031 2.498502 -2.507276 -10.163591 4.678940 4.621101 -20.975998 -0.000002 0.000001 -21.226261 2.451694 -3.593995 0.000000 -0.000006 -0.000000 -1.362681 2.240796 -0.746324 -21.334896 0.584910 3.008319 -13.821198 -0.000001 0.000001 -23.887133 -0.249078 -0.839483 -60.373287 2.291425 -1.647747 -0.294025 1.679686 0.833254 -14.218195 0.093215 1.300579 -34.212006 -0.287564 0.967167 -20.033180 0.964534 1.212840 0.000000 0.000001 0.000000 -3.440386 0.788232 0.501653 -15.928171 -3.167305 2.999703 -6.338820 0.000000 0.000000 -18.123417 3.648176 -4.905662 -0.000006 -0.000001 -0.000003 -12.484380 26.368780 10.518543 90.290405 50.152985 16.417562 179.403809 38.924622 179.886780 -8.175055 14.134599 -18.335104 2.243540 -5.255033 -3.180155 14.282878 -0.826594 6.952495 -0.000001 -12.690588 -0.000001 15.837333 -18.296654 3.418417 1.665665 -1.955920 -2.878296 4.727794 -4.170583 4.993917 11.020511 0.000003 0.000001 12.109031 -3.735709 -2.866779 0.000000 -0.000000 -0.000002 1.291984 -1.928547 -1.498088 14.800117 0.567467 3.865604 14.242553 -1.341735 -6.660648 19.631945 0.143926 -0.648241 50.087376 -1.063618 -5.743353 0.353029 -1.511149 -0.031941 20.222769 3.684304 2.316629 18.787245 0.000004 0.000002 10.751610 -0.479869 1.397904 -0.000000 0.000001 -0.000001 3.273804 0.305947 -0.580110 21.486794 11.830362 2.266130 8.162915 0.000001 -0.000001 18.399054 -3.798977 -4.940566 0.000003 0.000000 -0.000001 14.006535 24.474072 -17.821510 -0.447139 -0.727370 34.790405 -12.202694 -3.498283 -2.934670 1.660697 -1.942317 -0.823824 0.000000 -0.000000 0.000002 -13.586313 -8.205239 -8.962437 0.201048 0.537796 37.924351 10.645555 9.034039 -18.417412 -1.462686 0.804761 -2.255873 -0.000000 -0.000000 -0.000001 
-1.044618 95.009048 2.042601 1.582570 -6.866301 -2.069801 0.024018 0.223475 5.036370 -0.590758 -0.034041 -3.791838 0.926920 -2.321641 14.462348 -9.820851 10.087015 19.682348 1.993116 8.775181 -3.173933 -2.364314 10.050683 10.487229 0.000077 -0.000023 0.000007 0.027239 -0.038891 -0.195871 0.791942 -3.804641 -10.795500 -0.734801 3.697980 -10.823068 24.740562 -18.401806 5.394381 -88.881004 -39.174568 -18.380796 178.057800 -31.188210 -179.563553 1.283510 -16.474575 -13.687602 -5.882098 9.861278 0.702591 -10.936856 -0.360578 7.156197 0.000002 8.774814 -0.000002 -16.543274 17.898310 5.799169 -1.844029 2.498503 -2.507273 -10.163587 4.678937 4.621104 -20.975992 -0.000006 0.000005 -21.226246 2.451691 -3.593992 0.000001 -0.000005 -0.000000 -1.362680 2.240796 -0.746323 -21.334887 0.584905 3.008323 -13.821193 -0.000004 0.000003 -23.887121 -0.249080 -0.839479 -60.565968 2.266734 -1.640718 -0.294024 1.679686 0.833254 -14.218190 0.093212 1.300579 -34.211998 -0.287567 0.967172 -20.033175 0.964534 1.212843 -0.000000 0.000000 0.000000 -3.440385 0.788232 0.501655 -15.928165 -3.167308 2.999704 -6.338817 -0.000002 0.000001 -18.123411 3.648175 -4.905660 -0.000006 0.000001 -0.000003 -12.914772 26.577328 10.355120 90.857780 50.415161 16.368174 179.455551 38.848675 179.943542 -8.649882 14.017016 -18.065012 2.243540 -5.255033 -3.180156 14.282875 -0.826594 6.952498 -0.000003 -12.690590 0.000000 15.828379 -18.375397 3.417416 1.665665 -1.955920 -2.878297 4.727793 -4.170583 4.993919 11.020512 0.000003 0.000000 12.109031 -3.735709 -2.866779 0.000000 0.000000 -0.000003 1.291984 -1.928548 -1.498090 14.800111 0.567468 3.865602 14.242553 -1.341734 -6.660645 19.631937 0.143927 -0.648242 50.264824 -1.064224 -5.743010 0.353029 -1.511149 -0.031940 20.222771 3.684306 2.316626 18.787245 0.000005 0.000002 10.751610 -0.479867 1.397905 0.000000 0.000002 0.000000 3.273804 0.305947 -0.580109 21.486792 11.830363 2.266133 8.162917 0.000003 0.000001 18.399052 -3.798981 -4.940567 0.000003 0.000000 -0.000001 13.557656 24.427128 -17.898384 -0.421790 -0.722462 32.701305 -12.202452 -4.037180 -1.088908 1.662267 -1.945157 -0.900500 -0.000000 -0.000000 0.000002 -13.258433 -8.678936 -8.447015 0.177835 0.519783 36.127960 10.752499 8.477556 -17.513823 -1.460482 0.843534 -2.274039 0.000000 -0.000000 -0.000001 
-1.173751 95.672585 1.793389 1.500783 -6.100017 -1.571124 0.183119 0.276380 4.785240 -0.554334 0.029248 -3.915205 1.024438 -2.253868 14.174105 -9.768844 10.103097 19.840765 1.950838 8.525088 -3.162053 -2.225784 9.908546 11.164268 0.000078 -0.000023 0.000009 0.010961 -0.035871 -0.192833 0.781451 -3.792835 -10.798786 -0.749449 3.708385 -10.815623 25.359638 -18.656858 4.827726 -90.079086 -38.596054 -18.009676 178.162659 -30.901850 -179.590286 0.579217 -16.667355 -13.593477 -5.882099 9.861278 0.702590 -10.936857 -0.360575 7.156196 0.000000 8.774814 -0.000002 -16.674765 17.885426 5.781389 -1.844031 2.498502 -2.507276 -10.163588 4.678940 4.621105 -20.975994 -0.000002 0.000003 -21.226250 2.451693 -3.593994 0.000000 -0.000007 -0.000001 -1.362680 2.240797 -0.746323 -21.334888 0.584908 3.008321 -13.821193 -0.000003 0.000003 -23.887125 -0.249075 -0.839480 -60.851109 2.245406 -1.667381 -0.294025 1.679686 0.833256 -14.218190 0.093215 1.300580 -34.211998 -0.287563 0.967170 -20.033176 0.964536 1.212842 -0.000000 -0.000001 0.000000 -3.440386 0.788233 0.501654 -15.928165 -3.167307 2.999704 -6.338817 -0.000001 0.000001 -18.123411 3.648178 -4.905661 -0.000007 -0.000000 -0.000001 -13.367249 26.880203 10.140426 91.511986 50.714497 16.241058 179.359451 38.904743 179.838852 -9.207194 13.961952 -17.545721 2.243540 -5.255033 -3.180155 14.282875 -0.826593 6.952497 -0.000002 -12.690590 0.000000 15.904890 -18.482395 3.341309 1.665665 -1.955920 -2.878297 4.727793 -4.170583 4.993920 11.020511 0.000003 -0.000001 12.109034 -3.735710 -2.866779 -0.000000 0.000000 -0.000000 1.291984 -1.928548 -1.498088 14.800113 0.567469 3.865600 14.242553 -1.341734 -6.660650 19.631939 0.143924 -0.648242 50.505848 -1.095068 -5.751816 0.353028 -1.511149 -0.031939 20.222767 3.684308 2.316629 18.787241 0.000004 0.000001 10.751607 -0.479869 1.397905 -0.000000 0.000001 -0.000002 3.273804 0.305947 -0.580109 21.486794 11.830366 2.266133 8.162916 0.000003 -0.000001 18.399052 -3.798979 -4.940565 0.000003 -0.000001 -0.000000 13.184390 24.332325 -17.784800 -0.394801 -0.741218 30.352566 -12.236998 -4.276984 1.007524 1.664354 -1.928974 -1.076265 0.000000 0.000000 0.000002 -12.855867 -9.099530 -7.858140 0.164077 0.546410 33.887371 10.907688 8.045412 -16.173546 -1.460698 0.866750 -2.402158 -0.000000 0.000000 -0.000001 
-1.173833 96.374054 1.670504 1.352849 -5.601834 -1.030329 0.343151 0.342752 4.496175 -0.513010 0.091521 -4.041690 1.093221 -2.182724 13.833909 -9.702929 10.126988 19.926369 1.921824 8.343213 -3.147249 -2.084966 9.839729 11.805801 0.000078 -0.000023 0.000007 0.012943 -0.029607 -0.203022 0.781094 -3.797826 -10.810080 -0.747154 3.721445 -10.808144 25.871330 -18.857725 4.327671 -91.295616 -38.087345 -17.744499 178.392990 -30.561995 -179.653442 -0.113150 -16.940176 -13.652493 -5.882099 9.861278 0.702591 -10.936860 -0.360575 7.156196 0.000002 8.774813 0.000000 -16.765265 17.816132 5.797853 -1.844031 2.498503 -2.507276 -10.163590 4.678939 4.621104 -20.975998 -0.000004 0.000004 -21.226255 2.451693 -3.593992 0.000001 -0.000006 -0.000000 -1.362681 2.240797 -0.746324 -21.334892 0.584908 3.008320 -13.821197 -0.000002 0.000002 -23.887133 -0.249078 -0.839481 -61.031235 2.212518 -1.676488 -0.294024 1.679686 0.833255 -14.218190 0.093214 1.300578 -34.212006 -0.287564 0.967169 -20.033180 0.964534 1.212842 -0.000000 0.000001 -0.000000 -3.440385 0.788233 0.501655 -15.928169 -3.167306 2.999702 -6.338817 -0.000002 0.000002 -18.123415 3.648176 -4.905662 -0.000006 0.000002 -0.000002 -13.882412 27.226048 9.859141 92.232933 50.973064 16.072521 179.231659 38.992008 179.712631 -9.746628 13.808683 -16.970694 2.243540 -5.255033 -3.180155 14.282875 -0.826593 6.952492 -0.000002 -12.690593 -0.000001 16.010078 -18.597511 3.274344 1.665665 -1.955920 -2.878296 4.727794 -4.170583 4.993917 11.020512 0.000002 -0.000001 12.109033 -3.735710 -2.866781 -0.000001 0.000000 0.000000 1.291984 -1.928548 -1.498086 14.800113 0.567468 3.865602 14.242553 -1.341736 -6.660649 19.631939 0.143925 -0.648244 50.716381 -1.108545 -5.779104 0.353029 -1.511149 -0.031942 20.222767 3.684305 2.316627 18.787243 0.000004 -0.000000 10.751610 -0.479868 1.397904 -0.000001 0.000001 -0.000001 3.273804 0.305947 -0.580110 21.486786 11.830362 2.266131 8.162916 0.000001 -0.000001 18.399054 -3.798979 -4.940568 0.000003 0.000000 -0.000002 12.872774 24.243679 -17.492496 -0.371650 -0.743405 27.953342 -12.280967 -4.344698 3.027126 1.667636 -1.909303 -1.278180 -0.000000 -0.000001 0.000001 -12.464485 -9.345656 -7.123767 0.135507 0.568974 31.222118 11.101327 7.618091 -14.569056 -1.461963 0.874174 -2.530455 -0.000000 0.000000 -0.000001 
-1.320197 97.041611 1.553586 1.182284 -5.224158 -0.468484 0.470519 0.402804 4.167043 -0.478148 0.128561 -4.161019 1.119792 -2.126992 13.468681 -9.552382 10.112816 19.969736 1.920395 8.208069 -3.121012 -1.947161 9.786825 12.261942 0.000076 -0.000023 0.000007 0.012261 -0.036538 -0.203202 0.785221 -3.809911 -10.811451 -0.753811 3.723730 -10.807827 26.200848 -18.985813 3.918282 -92.359085 -37.739029 -17.420118 178.646912 -30.270147 -179.708450 -0.736457 -17.179798 -13.839670 -5.882100 9.861278 0.702589 -10.936858 -0.360576 7.156197 0.000001 8.774813 -0.000001 -16.805567 17.712481 5.846468 -1.844030 2.498502 -2.507274 -10.163589 4.678939 4.621103 -20.975994 -0.000005 0.000004 -21.226254 2.451691 -3.593992 0.000001 -0.000006 -0.000000 -1.362680 2.240796 -0.746324 -21.334887 0.584907 3.008320 -13.821197 -0.000004 0.000003 -23.887129 -0.249079 -0.839480 -61.163952 2.152616 -1.661585 -0.294025 1.679686 0.833255 -14.218192 0.093213 1.300580 -34.212006 -0.287564 0.967172 -20.033176 0.964534 1.212844 -0.000000 0.000000 0.000000 -3.440385 0.788233 0.501656 -15.928165 -3.167309 2.999705 -6.338814 -0.000002 0.000002 -18.123411 3.648175 -4.905659 -0.000006 -0.000000 -0.000002 -14.423682 27.463104 9.533622 92.959526 51.105019 15.849296 179.120819 39.093571 179.652588 -10.203505 13.551123 -16.305464 2.243539 -5.255032 -3.180156 14.282877 -0.826593 6.952495 -0.000004 -12.690587 0.000000 16.161137 -18.707199 3.231866 1.665665 -1.955920 -2.878296 4.727793 -4.170581 4.993916 11.020512 0.000003 0.000000 12.109031 -3.735707 -2.866780 -0.000001 0.000000 0.000001 1.291984 -1.928547 -1.498088 14.800111 0.567468 3.865605 14.242554 -1.341734 -6.660647 19.631939 0.143925 -0.648243 50.899864 -1.094827 -5.749768 0.353029 -1.511149 -0.031940 20.222771 3.684307 2.316628 18.787245 0.000006 0.000001 10.751610 -0.479869 1.397905 0.000000 0.000000 -0.000001 3.273804 0.305947 -0.580112 21.486792 11.830365 2.266129 8.162916 0.000002 -0.000001 18.399052 -3.798977 -4.940565 0.000003 0.000000 -0.000002 12.717108 24.054649 -17.022789 -0.346377 -0.754528 25.280506 -12.467174 -4.160570 5.093945 1.670766 -1.900425 -1.495043 -0.000000 -0.000001 0.000002 -11.936285 -9.450224 -6.407102 0.115135 0.582845 28.496611 11.076547 7.092384 -13.085151 -1.461676 0.875893 -2.614768 0.000000 0.000000 -0.000001 
-1.401107 97.602989 1.497589 1.040066 -4.872610 0.051435 0.529495 0.459116 3.849773 -0.452966 0.130235 -4.271506 1.100505 -2.076474 13.135378 -9.315416 10.025567 20.002972 1.925871 8.139250 -3.104752 -1.843339 9.686656 12.557805 0.000077 -0.000023 0.000008 0.019041 -0.038135 -0.184385 0.795234 -3.823285 -10.790956 -0.749587 3.731054 -10.794715 26.363865 -19.095310 3.698122 -93.208626 -37.608578 -17.025471 178.875412 -30.084414 -179.767029 -1.268397 -17.402941 -14.099048 -5.882102 9.861278 0.702591 -10.936860 -0.360574 7.156197 0.000001 8.774813 0.000001 -16.807705 17.606045 5.898478 -1.844031 2.498503 -2.507276 -10.163589 4.678940 4.621102 -20.975994 -0.000002 0.000001 -21.226254 2.451692 -3.593995 0.000001 -0.000006 -0.000001 -1.362680 2.240796 -0.746322 -21.334887 0.584908 3.008318 -13.821197 -0.000002 0.000000 -23.887131 -0.249079 -0.839483 -61.158043 2.123397 -1.684406 -0.294023 1.679686 0.833255 -14.218192 0.093215 1.300579 -34.212002 -0.287565 0.967170 -20.033176 0.964534 1.212842 -0.000000 0.000000 0.000000 -3.440387 0.788233 0.501655 -15.928167 -3.167305 2.999701 -6.338818 0.000000 0.000001 -18.123415 3.648175 -4.905662 -0.000006 0.000001 -0.000003 -14.903686 27.528536 9.298039 93.621605 51.170101 15.612765 179.099075 39.159065 179.640213 -10.356332 13.182819 -15.290120 2.243539 -5.255033 -3.180156 14.282875 -0.826592 6.952495 -0.000003 -12.690588 0.000001 16.294189 -18.841629 3.228775 1.665664 -1.955920 -2.878297 4.727793 -4.170582 4.993919 11.020511 0.000003 -0.000001 12.109032 -3.735708 -2.866780 0.000000 0.000000 0.000000 1.291984 -1.928548 -1.498088 14.800111 0.567468 3.865604 14.242551 -1.341733 -6.660649 19.631935 0.143928 -0.648242 51.085293 -1.071134 -5.750956 0.353029 -1.511149 -0.031939 20.222767 3.684306 2.316629 18.787245 0.000006 0.000002 10.751609 -0.479867 1.397904 -0.000000 0.000001 -0.000001 3.273804 0.305947 -0.580112 21.486790 11.830363 2.266134 8.162916 0.000003 0.000000 18.399048 -3.798980 -4.940564 0.000003 0.000001 -0.000001 12.537121 23.867674 -16.587433 -0.323689 -0.784538 22.871500 -12.626446 -3.944816 6.850071 1.672530 -1.925326 -1.665155 -0.000000 -0.000000 0.000002 -11.507712 -9.459574 -5.690289 0.107839 0.605652 25.928429 11.013988 6.541522 -11.768171 -1.460132 0.862449 -2.618944 0.000000 0.000000 -0.000001 
-1.465959 97.971230 1.407125 0.938309 -4.423167 0.471358 0.511882 0.500494 3.563031 -0.431762 0.082351 -4.345816 1.035626 -2.054946 12.872898 -9.010410 9.863403 19.964647 1.950096 8.075031 -3.077314 -1.756443 9.558250 12.836777 0.000077 -0.000023 0.000007 0.037376 -0.064885 -0.184076 0.823201 -3.856879 -10.792900 -0.743106 3.718601 -10.807826 26.483658 -19.256689 3.561468 -93.862511 -37.661976 -16.441015 179.009964 -29.960520 -179.793457 -1.713836 -17.517820 -14.408521 -5.882101 9.861278 0.702591 -10.936858 -0.360576 7.156197 0.000001 8.774811 0.000000 -16.841877 17.514761 5.909657 -1.844031 2.498502 -2.507275 -10.163589 4.678939 4.621104 -20.975996 -0.000002 0.000006 -21.226255 2.451693 -3.593993 0.000001 -0.000006 0.000000 -1.362680 2.240796 -0.746322 -21.334894 0.584908 3.008321 -13.821197 -0.000003 0.000003 -23.887131 -0.249078 -0.839480 -61.131500 2.104272 -1.717581 -0.294024 1.679686 0.833256 -14.218194 0.093214 1.300578 -34.212006 -0.287563 0.967171 -20.033180 0.964535 1.212842 -0.000000 0.000001 -0.000000 -3.440386 0.788232 0.501656 -15.928165 -3.167306 2.999704 -6.338818 -0.000002 0.000001 -18.123415 3.648175 -4.905660 -0.000006 -0.000000 -0.000003 -15.238634 27.367741 9.168986 94.096283 51.085842 15.326486 179.203873 39.136467 179.690247 -10.202877 12.687771 -13.951314 2.243538 -5.255032 -3.180156 14.282877 -0.826591 6.952497 -0.000004 -12.690590 -0.000000 16.379572 -18.933016 3.289239 1.665664 -1.955920 -2.878296 4.727793 -4.170582 4.993917 11.020512 0.000003 0.000001 12.109030 -3.735708 -2.866778 -0.000000 0.000001 -0.000000 1.291984 -1.928548 -1.498088 14.800113 0.567470 3.865605 14.242553 -1.341732 -6.660648 19.631935 0.143927 -0.648240 51.201836 -1.106949 -5.764411 0.353028 -1.511149 -0.031940 20.222769 3.684309 2.316626 18.787245 0.000006 0.000003 10.751613 -0.479865 1.397904 -0.000000 0.000002 -0.000001 3.273804 0.305947 -0.580110 21.486792 11.830367 2.266133 8.162917 0.000003 0.000001 18.399050 -3.798979 -4.940566 0.000003 0.000001 -0.000003 12.343825 23.648335 -16.328588 -0.298704 -0.788125 20.919163 -12.808878 -3.762053 8.101182 1.668651 -1.928107 -1.764255 -0.000000 -0.000000 0.000002 -11.162189 -9.451814 -5.138535 0.094376 0.597380 23.948170 10.911654 6.000367 -10.959318 -1.458709 0.854975 -2.608742 -0.000000 0.000000 -0.000001 
-1.451148 98.132858 1.269208 0.875876 -3.838028 0.721240 0.447889 0.532344 3.379028 -0.428511 0.021908 -4.361263 0.938574 -2.075244 12.683990 -8.615986 9.669415 19.940796 1.921945 7.927681 -3.086910 -1.672027 9.361810 13.052279 0.000077 -0.000023 0.000008 0.060656 -0.086969 -0.165250 0.853889 -3.892446 -10.811122 -0.733590 3.716728 -10.827750 26.503754 -19.442226 3.473921 -94.285851 -37.836510 -15.761062 179.133850 -29.928873 -179.792084 -1.919402 -17.471106 -14.852286 -5.882101 9.861278 0.702592 -10.936860 -0.360574 7.156197 0.000000 8.774810 0.000001 -16.890938 17.451471 5.883153 -1.844032 2.498501 -2.507277 -10.163591 4.678939 4.621102 -20.975996 -0.000001 0.000003 -21.226257 2.451693 -3.593993 0.000001 -0.000005 -0.000001 -1.362681 2.240796 -0.746324 -21.334892 0.584910 3.008318 -13.821197 -0.000001 0.000001 -23.887133 -0.249077 -0.839483 -61.111317 2.081142 -1.728512 -0.294025 1.679685 0.833255 -14.218195 0.093215 1.300578 -34.212013 -0.287562 0.967168 -20.033180 0.964536 1.212840 -0.000000 0.000001 -0.000000 -3.440387 0.788233 0.501654 -15.928169 -3.167305 2.999704 -6.338818 -0.000001 0.000002 -18.123421 3.648178 -4.905661 -0.000006 -0.000001 -0.000003 -15.311040 27.016962 9.184396 94.276329 50.882122 14.999266 179.425217 38.973766 179.827454 -9.796393 12.211587 -12.389910 2.243540 -5.255034 -3.180156 14.282877 -0.826593 6.952496 -0.000002 -12.690593 -0.000001 16.388517 -18.992825 3.377898 1.665665 -1.955921 -2.878298 4.727793 -4.170584 4.993920 11.020513 0.000002 0.000001 12.109033 -3.735712 -2.866780 -0.000000 0.000000 -0.000001 1.291984 -1.928548 -1.498090 14.800109 0.567468 3.865605 14.242553 -1.341735 -6.660649 19.631939 0.143925 -0.648240 51.176884 -1.142710 -5.783812 0.353029 -1.511150 -0.031940 20.222771 3.684307 2.316630 18.787245 0.000006 0.000000 10.751610 -0.479868 1.397904 -0.000000 0.000002 -0.000001 3.273804 0.305947 -0.580111 21.486792 11.830367 2.266133 8.162915 0.000002 0.000000 18.399050 -3.798981 -4.940567 0.000004 0.000001 -0.000001 12.104494 23.523371 -16.404955 -0.278310 -0.780098 19.840679 -13.018418 -3.855111 8.775581 1.666414 -1.958871 -1.746945 -0.000000 -0.000000 0.000002 -10.958258 -9.476591 -4.799067 0.076909 0.563076 22.813435 10.854584 5.475111 -10.674030 -1.458057 0.847387 -2.548386 -0.000000 0.000000 -0.000001 
-1.387243 98.037491 1.052118 0.837321 -3.153311 0.729141 0.369382 0.542731 3.347796 -0.455555 -0.045132 -4.339146 0.830024 -2.096391 12.650949 -8.209296 9.448731 20.000530 1.829696 7.750166 -3.113971 -1.561615 9.066086 13.228951 0.000077 -0.000023 0.000007 0.070032 -0.106408 -0.183486 0.873966 -3.920999 -10.872223 -0.726571 3.702706 -10.871594 26.356789 -19.629959 3.511288 -94.375031 -38.106457 -15.020823 179.180191 -30.032635 -179.734390 -1.904662 -17.333391 -15.087093 -5.882102 9.861279 0.702589 -10.936858 -0.360575 7.156196 0.000002 8.774815 -0.000001 -16.906704 17.389900 5.851452 -1.844031 2.498503 -2.507275 -10.163589 4.678940 4.621102 -20.975992 -0.000003 0.000003 -21.226254 2.451692 -3.593994 0.000001 -0.000005 -0.000002 -1.362682 2.240797 -0.746320 -21.334887 0.584907 3.008318 -13.821197 -0.000002 0.000001 -23.887131 -0.249079 -0.839482 -61.127300 2.046542 -1.718439 -0.294025 1.679686 0.833254 -14.218194 0.093215 1.300578 -34.211998 -0.287565 0.967168 -20.033176 0.964533 1.212841 0.000000 0.000001 0.000000 -3.440385 0.788233 0.501655 -15.928167 -3.167306 2.999702 -6.338814 -0.000001 0.000001 -18.123413 3.648175 -4.905663 -0.000006 -0.000001 -0.000003 -15.081656 26.604525 9.374353 94.069412 50.691586 14.556939 179.739334 38.702183 179.996262 -9.293037 11.976095 -11.066505 2.243540 -5.255033 -3.180157 14.282877 -0.826593 6.952494 -0.000002 -12.690592 0.000000 16.351885 -18.961039 3.472656 1.665664 -1.955920 -2.878294 4.727794 -4.170584 4.993914 11.020511 0.000002 0.000001 12.109034 -3.735710 -2.866782 -0.000001 0.000000 -0.000001 1.291984 -1.928548 -1.498085 14.800111 0.567468 3.865602 14.242553 -1.341734 -6.660649 19.631939 0.143924 -0.648242 50.960541 -1.147442 -5.745718 0.353029 -1.511149 -0.031939 20.222771 3.684306 2.316630 18.787245 0.000004 0.000001 10.751609 -0.479867 1.397905 -0.000000 0.000001 -0.000001 3.273804 0.305947 -0.580110 21.486790 11.830362 2.266133 8.162916 0.000002 -0.000001 18.399050 -3.798979 -4.940567 0.000003 0.000000 -0.000001 11.889477 23.584595 -16.816641 -0.271552 -0.724292 19.793888 -13.225779 -4.363235 8.687204 1.659977 -1.991037 -1.617778 -0.000000 -0.000000 0.000001 -10.873064 -9.551452 -4.737990 0.060028 0.519023 22.766998 10.764729 5.069589 -11.159127 -1.453817 0.844321 -2.325953 0.000000 0.000000 -0.000001 
-1.312171 97.702278 0.775125 0.804913 -2.469669 0.487343 0.285595 0.554501 3.452744 -0.504130 -0.089740 -4.290289 0.741736 -2.136999 12.822800 -7.884313 9.243339 20.153118 1.737598 7.600685 -3.160265 -1.522381 8.719197 13.247876 0.000076 -0.000023 0.000006 0.082885 -0.099158 -0.197090 0.885438 -3.928748 -10.902201 -0.717696 3.703673 -10.901219 25.966396 -19.815802 3.729620 -94.260056 -38.366474 -14.350755 179.216904 -30.279104 -179.666443 -1.801449 -17.285862 -14.927507 -5.882102 9.861278 0.702590 -10.936858 -0.360575 7.156196 0.000001 8.774812 0.000001 -16.904537 17.340727 5.805958 -1.844031 2.498503 -2.507274 -10.163589 4.678940 4.621105 -20.975998 -0.000003 0.000003 -21.226255 2.451692 -3.593993 0.000001 -0.000005 -0.000000 -1.362680 2.240796 -0.746322 -21.334890 0.584909 3.008319 -13.821195 -0.000001 0.000003 -23.887129 -0.249078 -0.839482 -61.124706 1.996927 -1.688925 -0.294024 1.679685 0.833256 -14.218194 0.093215 1.300579 -34.211998 -0.287562 0.967169 -20.033180 0.964536 1.212841 -0.000000 0.000000 0.000000 -3.440385 0.788233 0.501656 -15.928169 -3.167305 2.999703 -6.338817 -0.000002 0.000000 -18.123413 3.648175 -4.905662 -0.000006 -0.000001 -0.000002 -14.564444 26.362259 9.734197 93.559349 50.562084 14.010773 -179.962204 38.368057 -179.847961 -8.884699 12.100359 -10.211358 2.243540 -5.255033 -3.180156 14.282875 -0.826593 6.952495 -0.000001 -12.690590 -0.000003 16.222420 -18.845762 3.493662 1.665665 -1.955920 -2.878298 4.727793 -4.170583 4.993919 11.020511 0.000003 -0.000002 12.109032 -3.735709 -2.866780 0.000000 0.000001 -0.000001 1.291984 -1.928548 -1.498090 14.800109 0.567468 3.865602 14.242553 -1.341735 -6.660646 19.631939 0.143926 -0.648243 50.696350 -1.149828 -5.754824 0.353029 -1.511149 -0.031941 20.222771 3.684306 2.316631 18.787245 0.000004 -0.000000 10.751610 -0.479865 1.397903 0.000001 0.000003 -0.000001 3.273804 0.305947 -0.580112 21.486790 11.830363 2.266133 8.162916 0.000000 0.000000 18.399054 -3.798979 -4.940566 0.000002 -0.000001 -0.000000 11.754356 23.844072 -17.441992 -0.273523 -0.668368 20.652824 -13.367556 -5.345122 7.869922 1.654236 -1.985117 -1.387220 -0.000000 0.000000 0.000002 -10.878170 -9.689999 -4.937289 0.038868 0.465057 23.764881 10.633716 4.871280 -12.347066 -1.446736 0.833563 -1.988508 -0.000000 -0.000000 -0.000001 
-1.275286 97.257523 0.529326 0.758270 -1.853348 0.074363 0.197074 0.502394 3.605094 -0.565001 -0.077790 -4.240219 0.692456 -2.181453 13.195840 -7.617218 9.089789 20.404549 1.616242 7.414335 -3.209857 -1.647919 8.447150 13.137034 0.000076 -0.000022 0.000005 0.098400 -0.115778 -0.177803 0.896148 -3.932100 -10.890282 -0.700204 3.687793 -10.894753 25.292883 -19.945301 4.271796 -94.168167 -38.567604 -13.600608 179.234451 -30.650213 -179.604568 -1.770703 -17.500502 -14.395720 -5.882101 9.861279 0.702588 -10.936859 -0.360576 7.156198 0.000002 8.774815 -0.000002 -16.913830 17.418392 5.760669 -1.844030 2.498503 -2.507276 -10.163590 4.678941 4.621106 -20.975996 -0.000003 0.000005 -21.226250 2.451693 -3.593993 0.000001 -0.000006 -0.000001 -1.362680 2.240797 -0.746322 -21.334892 0.584908 3.008322 -13.821195 -0.000003 0.000003 -23.887131 -0.249079 -0.839480 -61.162430 2.000102 -1.671416 -0.294024 1.679686 0.833254 -14.218194 0.093214 1.300581 -34.212002 -0.287563 0.967172 -20.033182 0.964535 1.212843 0.000000 0.000001 -0.000000 -3.440386 0.788233 0.501655 -15.928167 -3.167307 2.999707 -6.338817 -0.000001 0.000000 -18.123413 3.648176 -4.905660 -0.000004 -0.000001 -0.000003 -13.778744 26.249578 10.175776 92.857117 50.366352 13.617162 -179.788757 38.186558 -179.713150 -8.668962 12.540700 -10.084622 2.243540 -5.255033 -3.180156 14.282877 -0.826594 6.952496 -0.000002 -12.690588 0.000001 16.063280 -18.721460 3.434764 1.665665 -1.955920 -2.878298 4.727795 -4.170584 4.993917 11.020513 0.000003 -0.000002 12.109035 -3.735709 -2.866779 0.000000 0.000000 -0.000001 1.291984 -1.928548 -1.498085 14.800111 0.567467 3.865603 14.242553 -1.341734 -6.660650 19.631939 0.143925 -0.648244 50.522850 -1.156409 -5.763472 0.353029 -1.511149 -0.031940 20.222773 3.684305 2.316628 18.787245 0.000005 -0.000000 10.751610 -0.479869 1.397905 -0.000000 0.000003 -0.000001 3.273804 0.305947 -0.580108 21.486794 11.830360 2.266128 8.162917 0.000001 -0.000001 18.399054 -3.798978 -4.940567 0.000003 0.000000 -0.000001 11.770568 24.116800 -18.075529 -0.289986 -0.631534 22.026480 -13.395629 -6.466983 6.751434 1.654060 -1.977631 -1.164732 -0.000000 0.000000 0.000002 -10.961078 -9.907707 -5.267495 0.031418 0.455726 25.330748 10.488346 4.889500 -13.702649 -1.440485 0.832429 -1.689579 -0.000000 -0.000000 -0.000001 
-1.225016 96.848770 0.325586 0.714890 -1.452241 -0.380603 0.124109 0.483314 3.761051 -0.610530 -0.117000 -4.237254 0.651570 -2.167322 13.718679 -7.499143 9.049049 20.632315 1.484472 7.242527 -3.224667 -1.879949 8.182631 12.999337 0.000077 -0.000023 0.000006 0.088818 -0.110534 -0.206140 0.883470 -3.919292 -10.906154 -0.700826 3.687402 -10.911287 24.519552 -19.916412 5.035388 -94.230919 -38.541985 -12.792680 179.157425 -31.028715 -179.572861 -1.933018 -17.842937 -13.880398 -5.882100 9.861279 0.702590 -10.936858 -0.360576 7.156196 0.000001 8.774815 -0.000001 -16.910698 17.551659 5.725066 -1.844031 2.498502 -2.507276 -10.163589 4.678940 4.621104 -20.975994 -0.000003 0.000004 -21.226254 2.451693 -3.593993 0.000000 -0.000005 -0.000000 -1.362680 2.240797 -0.746322 -21.334887 0.584908 3.008321 -13.821195 -0.000002 0.000004 -23.887131 -0.249079 -0.839481 -61.274212 2.048975 -1.623217 -0.294024 1.679687 0.833255 -14.218190 0.093213 1.300578 -34.211998 -0.287565 0.967171 -20.033176 0.964533 1.212842 -0.000000 0.000001 -0.000000 -3.440385 0.788232 0.501655 -15.928167 -3.167306 2.999704 -6.338817 -0.000001 0.000000 -18.123413 3.648177 -4.905662 -0.000005 0.000002 -0.000002 -13.087717 26.249805 10.663562 92.537964 50.131561 13.666259 -179.865662 38.144386 -179.648560 -8.653039 13.072070 -10.687515 2.243540 -5.255032 -3.180156 14.282877 -0.826594 6.952495 -0.000002 -12.690590 0.000000 15.936374 -18.600225 3.393810 1.665665 -1.955920 -2.878295 4.727795 -4.170583 4.993918 11.020514 0.000002 0.000002 12.109035 -3.735710 -2.866778 -0.000000 0.000001 -0.000001 1.291984 -1.928548 -1.498088 14.800111 0.567467 3.865600 14.242553 -1.341736 -6.660645 19.631939 0.143925 -0.648242 50.453220 -1.128410 -5.722541 0.353029 -1.511149 -0.031939 20.222773 3.684305 2.316628 18.787245 0.000003 0.000001 10.751609 -0.479867 1.397905 0.000000 0.000001 -0.000001 3.273804 0.305947 -0.580109 21.486794 11.830360 2.266132 8.162917 0.000001 -0.000001 18.399057 -3.798980 -4.940566 0.000003 -0.000002 -0.000000 11.865309 24.386784 -18.620714 -0.322529 -0.608750 23.550316 -13.308414 -7.499523 5.776393 1.651924 -1.969047 -1.012964 -0.000000 0.000000 0.000002 -11.078254 -10.082290 -5.470982 0.043110 0.444341 26.877409 10.361441 5.064686 -14.813085 -1.436734 0.841399 -1.534284 0.000000 0.000000 -0.000001 
-1.122949 96.524521 0.207523 0.645009 -1.287344 -0.747263 0.079637 0.424428 3.866315 -0.625716 -0.078490 -4.223559 0.676134 -2.154617 14.145381 -7.535362 9.091863 20.853434 1.388799 7.001984 -3.231611 -2.205157 8.063941 12.774874 0.000077 -0.000022 0.000006 0.083305 -0.099960 -0.195647 0.865609 -3.893772 -10.846392 -0.699867 3.689079 -10.860466 23.925411 -19.793167 5.710617 -94.494553 -38.294762 -12.272164 179.146057 -31.294563 -179.596939 -2.181535 -18.111696 -13.754668 -5.882101 9.861279 0.702589 -10.936859 -0.360575 7.156198 0.000002 8.774812 0.000000 -16.921391 17.702398 5.721039 -1.844031 2.498503 -2.507276 -10.163589 4.678939 4.621103 -20.975996 -0.000004 0.000005 -21.226255 2.451694 -3.593993 0.000000 -0.000006 -0.000000 -1.362680 2.240796 -0.746323 -21.334890 0.584909 3.008320 -13.821198 -0.000001 0.000002 -23.887131 -0.249080 -0.839481 -61.317112 2.093343 -1.553670 -0.294024 1.679686 0.833256 -14.218195 0.093215 1.300580 -34.212002 -0.287563 0.967171 -20.033178 0.964537 1.212841 0.000000 0.000000 0.000000 -3.440385 0.788232 0.501655 -15.928169 -3.167305 2.999704 -6.338818 -0.000001 0.000000 -18.123415 3.648175 -4.905662 -0.000005 0.000001 -0.000003 -12.741645 26.322254 11.037848 92.613205 49.765331 13.909964 179.884628 38.186214 -179.698578 -8.754171 13.473739 -11.682881 2.243539 -5.255033 -3.180155 14.282877 -0.826592 6.952495 -0.000002 -12.690590 -0.000001 15.880295 -18.519316 3.350646 1.665665 -1.955920 -2.878297 4.727794 -4.170582 4.993919 11.020513 0.000004 -0.000001 12.109034 -3.735709 -2.866778 0.000000 0.000001 -0.000001 1.291984 -1.928548 -1.498091 14.800113 0.567469 3.865603 14.242553 -1.341735 -6.660646 19.631939 0.143927 -0.648242 50.590675 -1.119451 -5.725568 0.353028 -1.511149 -0.031938 20.222769 3.684308 2.316629 18.787245 0.000005 0.000001 10.751611 -0.479866 1.397905 -0.000001 0.000002 -0.000001 3.273804 0.305947 -0.580110 21.486792 11.830362 2.266130 8.162916 0.000002 -0.000001 18.399052 -3.798978 -4.940564 0.000003 0.000001 -0.000003 11.985346 24.578562 -19.028214 -0.345479 -0.627046 24.896631 -13.178371 -8.196215 4.888830 1.653708 -1.948025 -0.951306 -0.000000 0.000000 0.000002 -11.179502 -10.256234 -5.607221 0.073208 0.449765 27.924091 10.306756 5.355152 -15.641232 -1.435028 0.856787 -1.441581 0.000000 0.000000 -0.000001 
-0.942853 96.321419 0.097352 0.556686 -1.308192 -0.983998 0.061522 0.413914 3.933673 -0.617504 -0.038741 -4.211817 0.741470 -2.133657 14.408007 -7.636885 9.185964 21.050917 1.325827 6.782878 -3.221752 -2.500050 8.031883 12.613419 0.000077 -0.000023 0.000007 0.070390 -0.084809 -0.194656 0.845165 -3.868836 -10.797479 -0.701863 3.689885 -10.817548 23.677622 -19.665804 6.085590 -94.862907 -37.965340 -11.949250 179.184891 -31.427164 -179.646179 -2.432673 -18.252934 -13.989891 -5.882102 9.861279 0.702588 -10.936861 -0.360574 7.156196 0.000002 8.774813 0.000001 -16.913370 17.791956 5.706170 -1.844032 2.498502 -2.507276 -10.163591 4.678940 4.621102 -20.976000 -0.000003 0.000003 -21.226255 2.451692 -3.593995 0.000000 -0.000006 0.000001 -1.362681 2.240797 -0.746323 -21.334898 0.584909 3.008318 -13.821198 -0.000002 0.000002 -23.887133 -0.249078 -0.839482 -61.315426 2.128975 -1.557320 -0.294025 1.679686 0.833255 -14.218195 0.093215 1.300577 -34.212009 -0.287561 0.967167 -20.033182 0.964534 1.212841 0.000000 0.000001 -0.000000 -3.440387 0.788233 0.501656 -15.928171 -3.167305 2.999703 -6.338817 -0.000000 0.000001 -18.123415 3.648176 -4.905663 -0.000006 0.000001 -0.000002 -12.682891 26.463106 11.270313 92.840591 49.428265 14.206551 179.642471 38.186302 -179.800323 -8.818461 13.649024 -12.558941 2.243540 -5.255032 -3.180155 14.282875 -0.826594 6.952492 -0.000001 -12.690587 0.000000 15.944629 -18.465279 3.313832 1.665664 -1.955920 -2.878293 4.727793 -4.170583 4.993919 11.020510 0.000002 -0.000001 12.109031 -3.735709 -2.866781 -0.000001 0.000001 -0.000000 1.291984 -1.928547 -1.498087 14.800113 0.567468 3.865602 14.242554 -1.341734 -6.660651 19.631935 0.143925 -0.648244 50.751488 -1.119738 -5.704303 0.353029 -1.511149 -0.031941 20.222767 3.684305 2.316628 18.787245 0.000006 0.000000 10.751609 -0.479869 1.397904 -0.000000 0.000002 -0.000001 3.273804 0.305947 -0.580110 21.486788 11.830359 2.266129 8.162914 0.000001 -0.000002 18.399054 -3.798976 -4.940569 0.000003 0.000000 -0.000001 12.049792 24.713261 -19.380753 -0.341431 -0.634721 25.979490 -12.941718 -8.585179 4.256624 1.653000 -1.918294 -0.950771 -0.000000 0.000000 0.000002 -11.253489 -10.357631 -5.737072 0.100080 0.448188 28.556547 10.323494 5.731474 -16.049711 -1.438931 0.886548 -1.428330 -0.000000 0.000000 -0.000001 
-0.813082 96.244934 -0.047627 0.465388 -1.375841 -1.097340 0.067360 0.424282 3.958421 -0.605321 -0.023782 -4.186901 0.827100 -2.130339 14.520307 -7.724775 9.251931 21.155870 1.252154 6.631148 -3.217677 -2.722062 8.086531 12.518968 0.000077 -0.000023 0.000006 0.075173 -0.073162 -0.177697 0.844329 -3.851738 -10.770984 -0.693658 3.686109 -10.797210 23.628038 -19.522528 6.269643 -95.129250 -37.811642 -11.753524 179.284988 -31.442511 -179.713516 -2.554130 -18.355604 -14.400138 -5.882102 9.861278 0.702590 -10.936855 -0.360574 7.156197 0.000000 8.774813 0.000000 -16.882677 17.827000 5.710723 -1.844031 2.498501 -2.507277 -10.163589 4.678940 4.621103 -20.975996 -0.000004 0.000002 -21.226255 2.451693 -3.593994 0.000000 -0.000005 -0.000000 -1.362681 2.240797 -0.746323 -21.334890 0.584909 3.008318 -13.821195 -0.000003 0.000002 -23.887129 -0.249080 -0.839482 -61.231876 2.147720 -1.609128 -0.294025 1.679686 0.833256 -14.218194 0.093216 1.300581 -34.212006 -0.287564 0.967168 -20.033180 0.964534 1.212840 -0.000000 0.000001 -0.000000 -3.440386 0.788233 0.501656 -15.928167 -3.167305 2.999702 -6.338817 -0.000002 0.000001 -18.123413 3.648176 -4.905662 -0.000006 0.000001 -0.000003 -12.689346 26.554512 11.420965 93.104744 49.196842 14.642834 179.522537 38.184444 -179.863022 -8.795484 13.682790 -13.046496 2.243540 -5.255032 -3.180155 14.282875 -0.826594 6.952500 -0.000002 -12.690588 0.000001 16.102104 -18.449383 3.234374 1.665665 -1.955920 -2.878298 4.727793 -4.170584 4.993919 11.020511 0.000003 -0.000001 12.109031 -3.735708 -2.866778 -0.000001 0.000000 -0.000000 1.291984 -1.928548 -1.498088 14.800109 0.567467 3.865603 14.242553 -1.341733 -6.660650 19.631937 0.143927 -0.648243 50.875755 -1.114952 -5.702261 0.353029 -1.511150 -0.031938 20.222769 3.684305 2.316627 18.787245 0.000004 -0.000001 10.751610 -0.479867 1.397904 -0.000001 0.000001 -0.000001 3.273804 0.305947 -0.580109 21.486792 11.830363 2.266130 8.162916 0.000001 -0.000001 18.399054 -3.798980 -4.940567 0.000003 0.000000 -0.000001 12.089896 24.797934 -19.604254 -0.336555 -0.639119 26.509220 -12.751557 -8.743159 4.046144 1.654728 -1.890551 -1.048380 0.000000 0.000000 0.000002 -11.253705 -10.453569 -5.819278 0.109559 0.463347 28.761625 10.369864 6.044277 -16.120039 -1.443590 0.915912 -1.509875 -0.000000 0.000000 -0.000001 
-0.701909 96.257942 -0.131270 0.387120 -1.459138 -1.120291 0.088386 0.462788 3.953421 -0.587589 -0.060552 -4.179535 0.908451 -2.111585 14.542541 -7.796993 9.325218 21.182878 1.213629 6.581682 -3.225094 -2.875690 8.154372 12.489840 0.000077 -0.000023 0.000005 0.087012 -0.092173 -0.196152 0.849143 -3.864742 -10.766278 -0.683831 3.680934 -10.777917 23.668720 -19.422604 6.322673 -95.210915 -37.779472 -11.711700 179.342987 -31.363968 -179.763657 -2.631019 -18.447428 -14.769312 -5.882101 9.861278 0.702590 -10.936858 -0.360574 7.156197 0.000001 8.774814 0.000000 -16.905188 17.836231 5.700196 -1.844030 2.498502 -2.507277 -10.163589 4.678939 4.621105 -20.975994 -0.000004 0.000004 -21.226248 2.451693 -3.593992 0.000001 -0.000006 0.000001 -1.362680 2.240796 -0.746323 -21.334892 0.584908 3.008322 -13.821195 -0.000003 0.000003 -23.887129 -0.249080 -0.839480 -61.204323 2.152525 -1.651823 -0.294025 1.679686 0.833255 -14.218190 0.093213 1.300578 -34.212002 -0.287565 0.967171 -20.033176 0.964536 1.212843 -0.000000 0.000001 -0.000000 -3.440385 0.788233 0.501656 -15.928167 -3.167306 2.999705 -6.338817 0.000000 0.000002 -18.123415 3.648177 -4.905661 -0.000006 -0.000000 -0.000003 -12.724092 26.611006 11.505370 93.335258 49.180248 14.985796 179.404404 38.202526 -179.913162 -8.757396 13.669606 -13.188005 2.243539 -5.255032 -3.180155 14.282875 -0.826592 6.952494 -0.000003 -12.690588 0.000001 16.199301 -18.468283 3.191339 1.665665 -1.955920 -2.878297 4.727794 -4.170582 4.993917 11.020512 0.000003 -0.000001 12.109032 -3.735710 -2.866781 -0.000001 0.000000 0.000000 1.291984 -1.928547 -1.498088 14.800114 0.567468 3.865605 14.242553 -1.341733 -6.660650 19.631939 0.143925 -0.648243 50.895691 -1.112476 -5.751384 0.353029 -1.511149 -0.031939 20.222771 3.684307 2.316630 18.787247 0.000005 0.000002 10.751609 -0.479869 1.397904 0.000001 0.000002 0.000000 3.273805 0.305947 -0.580112 21.486790 11.830362 2.266130 8.162916 0.000003 0.000000 18.399052 -3.798978 -4.940565 0.000002 -0.000001 -0.000002 12.108894 24.933399 -19.693974 -0.349908 -0.630886 26.677097 -12.636172 -8.837548 4.064188 1.657500 -1.896274 -1.125623 0.000000 0.000000 0.000002 -11.227163 -10.585237 -5.803812 0.109912 0.475396 28.563665 10.455390 6.309712 -16.001226 -1.450160 0.926045 -1.617397 0.000000 0.000000 -0.000001 
-0.660725 96.297745 -0.252876 0.331451 -1.512629 -1.103124 0.118488 0.478882 3.902199 -0.578220 -0.067740 -4.188383 0.978369 -2.126231 14.528733 -7.830067 9.374173 21.204967 1.199230 6.628069 -3.258479 -2.966119 8.139565 12.498890 0.000076 -0.000024 0.000006 0.083099 -0.085249 -0.196989 0.847074 -3.859265 -10.788846 -0.687521 3.684941 -10.796667 23.761759 -19.368767 6.360383 -95.121468 -37.894417 -11.701647 179.317123 -31.319933 -179.739410 -2.665927 -18.547510 -15.022232 -5.882100 9.861279 0.702592 -10.936858 -0.360576 7.156197 -0.000000 8.774814 -0.000002 -16.913961 17.812799 5.715183 -1.844031 2.498503 -2.507275 -10.163589 4.678938 4.621104 -20.975994 -0.000005 0.000005 -21.226250 2.451692 -3.593993 0.000000 -0.000005 -0.000000 -1.362680 2.240797 -0.746322 -21.334887 0.584906 3.008320 -13.821193 -0.000003 0.000003 -23.887125 -0.249077 -0.839480 -61.220757 2.146515 -1.707223 -0.294025 1.679686 0.833255 -14.218192 0.093212 1.300579 -34.212006 -0.287565 0.967173 -20.033176 0.964534 1.212843 -0.000000 -0.000000 -0.000000 -3.440386 0.788232 0.501657 -15.928167 -3.167308 2.999705 -6.338815 -0.000000 0.000003 -18.123411 3.648175 -4.905660 -0.000005 -0.000000 -0.000003 -12.749629 26.653893 11.568505 93.422760 49.299046 15.163830 179.344147 38.234550 -179.944962 -8.678153 13.613175 -13.012175 2.243540 -5.255033 -3.180153 14.282878 -0.826593 6.952496 -0.000003 -12.690591 -0.000001 16.256533 -18.500566 3.183601 1.665665 -1.955920 -2.878295 4.727794 -4.170583 4.993919 11.020512 0.000003 -0.000001 12.109033 -3.735709 -2.866781 -0.000001 0.000001 -0.000000 1.291984 -1.928547 -1.498089 14.800114 0.567469 3.865605 14.242554 -1.341735 -6.660645 19.631939 0.143927 -0.648242 50.897331 -1.106669 -5.744244 0.353029 -1.511149 -0.031938 20.222771 3.684307 2.316628 18.787243 0.000006 0.000000 10.751610 -0.479868 1.397904 -0.000000 0.000002 -0.000002 3.273805 0.305947 -0.580112 21.486794 11.830362 2.266131 8.162916 0.000002 -0.000002 18.399054 -3.798977 -4.940566 0.000003 0.000000 -0.000003 12.100952 25.065510 -19.698977 -0.352972 -0.626387 26.500822 -12.616734 -8.875129 4.216089 1.656544 -1.902782 -1.169680 -0.000000 -0.000000 0.000002 -11.191366 -10.715858 -5.762949 0.107041 0.495011 28.257782 10.536629 6.530152 -15.855657 -1.450711 0.913566 -1.662886 -0.000000 -0.000000 -0.000001 
-0.679551 96.367249 -0.380430 0.299481 -1.525714 -1.065136 0.159019 0.449128 3.835114 -0.579454 -0.049796 -4.209450 1.041020 -2.140092 14.483129 -7.833698 9.399290 21.208244 1.202257 6.679387 -3.270832 -3.073604 8.154330 12.540243 0.000077 -0.000023 0.000005 0.088561 -0.084843 -0.187802 0.854587 -3.870242 -10.800137 -0.687596 3.695451 -10.817935 23.897078 -19.385326 6.376406 -94.978539 -38.055782 -11.763486 179.205292 -31.261105 -179.652023 -2.734355 -18.633327 -15.196680 -5.882102 9.861279 0.702590 -10.936861 -0.360573 7.156198 0.000001 8.774812 0.000000 -16.925123 17.781820 5.722120 -1.844032 2.498502 -2.507275 -10.163589 4.678941 4.621102 -20.975994 -0.000001 0.000002 -21.226254 2.451694 -3.593995 0.000000 -0.000006 0.000001 -1.362681 2.240796 -0.746324 -21.334892 0.584911 3.008319 -13.821198 -0.000001 0.000002 -23.887133 -0.249078 -0.839483 -61.245823 2.138380 -1.710921 -0.294025 1.679686 0.833255 -14.218194 0.093217 1.300579 -34.212009 -0.287561 0.967166 -20.033180 0.964537 1.212839 -0.000000 0.000001 -0.000000 -3.440386 0.788233 0.501655 -15.928167 -3.167305 2.999705 -6.338818 0.000001 0.000002 -18.123413 3.648178 -4.905662 -0.000005 0.000001 -0.000003 -12.834825 26.675100 11.547417 93.548454 49.459118 15.225006 179.256622 38.290081 -179.960876 -8.636001 13.516246 -12.841071 2.243540 -5.255033 -3.180153 14.282877 -0.826594 6.952497 -0.000001 -12.690591 0.000000 16.191799 -18.485216 3.214026 1.665665 -1.955920 -2.878298 4.727794 -4.170584 4.993917 11.020512 0.000001 0.000000 12.109033 -3.735712 -2.866779 -0.000000 0.000001 -0.000001 1.291984 -1.928548 -1.498086 14.800114 0.567466 3.865601 14.242554 -1.341736 -6.660651 19.631937 0.143923 -0.648245 50.794849 -1.075083 -5.716130 0.353029 -1.511150 -0.031939 20.222771 3.684305 2.316630 18.787249 0.000004 -0.000000 10.751610 -0.479868 1.397904 -0.000000 0.000002 -0.000001 3.273804 0.305947 -0.580108 21.486788 11.830362 2.266131 8.162915 0.000001 -0.000002 18.399057 -3.798981 -4.940569 0.000002 0.000000 -0.000001 12.084371 25.175537 -19.643343 -0.357189 -0.621654 26.118841 -12.642648 -8.911644 4.527837 1.654837 -1.902923 -1.168885 0.000000 0.000000 0.000002 -11.152360 -10.830133 -5.720023 0.106231 0.511208 27.918013 10.564549 6.661180 -15.645783 -1.449633 0.891678 -1.645416 -0.000000 0.000000 -0.000001 
-0.767954 96.445229 -0.436137 0.284386 -1.566581 -1.036618 0.194061 0.466335 3.776754 -0.577440 -0.089994 -4.264654 1.085053 -2.137139 14.429262 -7.793650 9.421328 21.191433 1.211933 6.718687 -3.247645 -3.189367 8.141320 12.685303 0.000076 -0.000024 0.000006 0.088021 -0.088159 -0.187170 0.862504 -3.872177 -10.810952 -0.683463 3.690235 -10.808460 24.029343 -19.434996 6.366333 -94.807228 -38.118687 -11.923210 179.102249 -31.214817 -179.569199 -2.784312 -18.745886 -15.328595 -5.882102 9.861278 0.702590 -10.936858 -0.360576 7.156199 -0.000000 8.774814 -0.000002 -16.962681 17.759195 5.731821 -1.844031 2.498503 -2.507275 -10.163590 4.678940 4.621103 -20.976000 -0.000001 0.000004 -21.226257 2.451694 -3.593994 0.000000 -0.000005 0.000002 -1.362681 2.240797 -0.746326 -21.334892 0.584909 3.008321 -13.821198 -0.000001 0.000004 -23.887135 -0.249077 -0.839481 -61.345909 2.117854 -1.709766 -0.294025 1.679686 0.833254 -14.218195 0.093214 1.300579 -34.212009 -0.287560 0.967171 -20.033184 0.964535 1.212841 0.000000 -0.000000 0.000000 -3.440385 0.788233 0.501656 -15.928171 -3.167306 2.999705 -6.338817 -0.000000 0.000001 -18.123417 3.648177 -4.905662 -0.000006 -0.000000 -0.000003 -12.965219 26.698620 11.472232 93.702477 49.590115 15.237517 179.159973 38.350281 -179.967438 -8.649927 13.431667 -12.728028 2.243540 -5.255032 -3.180154 14.282877 -0.826594 6.952497 -0.000001 -12.690592 0.000000 16.155718 -18.463762 3.238560 1.665665 -1.955919 -2.878296 4.727794 -4.170583 4.993919 11.020511 0.000002 0.000000 12.109033 -3.735710 -2.866779 -0.000001 0.000000 0.000000 1.291984 -1.928547 -1.498087 14.800114 0.567467 3.865606 14.242553 -1.341735 -6.660647 19.631941 0.143926 -0.648243 50.718586 -1.061039 -5.694887 0.353029 -1.511149 -0.031941 20.222767 3.684307 2.316631 18.787245 0.000006 -0.000001 10.751610 -0.479868 1.397904 0.000001 0.000001 0.000000 3.273804 0.305947 -0.580110 21.486790 11.830361 2.266131 8.162916 0.000002 -0.000002 18.399050 -3.798980 -4.940566 0.000003 0.000000 -0.000001 12.127848 25.304283 -19.452780 -0.371369 -0.638457 25.623224 -12.738544 -8.952173 4.863766 1.651202 -1.913684 -1.161342 -0.000000 -0.000000 0.000002 -11.121532 -10.870358 -5.658183 0.095072 0.513234 27.596718 10.565219 6.785727 -15.410498 -1.448408 0.877071 -1.597935 0.000000 0.000000 -0.000001 
-0.839383 96.542236 -0.498455 0.282983 -1.620046 -0.988202 0.226998 0.438922 3.674987 -0.573718 -0.046389 -4.304945 1.121854 -2.184365 14.361329 -7.737036 9.439651 21.180382 1.211512 6.727940 -3.235943 -3.301651 8.137510 12.864603 0.000076 -0.000024 0.000006 0.092695 -0.087766 -0.177850 0.870235 -3.877656 -10.810929 -0.685764 3.682834 -10.818398 24.156895 -19.471947 6.326755 -94.621742 -38.150082 -12.142480 179.035309 -31.169504 -179.483307 -2.829879 -18.818565 -15.491876 -5.882100 9.861279 0.702588 -10.936859 -0.360576 7.156196 0.000001 8.774816 -0.000001 -16.980663 17.760033 5.741466 -1.844030 2.498502 -2.507275 -10.163590 4.678938 4.621102 -20.975992 -0.000003 0.000007 -21.226254 2.451695 -3.593992 0.000001 -0.000006 -0.000000 -1.362681 2.240796 -0.746325 -21.334885 0.584906 3.008322 -13.821197 -0.000002 0.000004 -23.887129 -0.249078 -0.839478 -61.420528 2.114283 -1.719006 -0.294024 1.679686 0.833256 -14.218194 0.093214 1.300580 -34.212006 -0.287564 0.967172 -20.033178 0.964535 1.212844 0.000000 0.000000 0.000000 -3.440385 0.788233 0.501655 -15.928169 -3.167307 2.999706 -6.338819 -0.000002 0.000001 -18.123415 3.648178 -4.905660 -0.000006 -0.000000 -0.000003 -13.140858 26.727751 11.322574 93.916267 49.682877 15.316210 179.112076 38.434689 -179.953629 -8.597394 13.403231 -12.552597 2.243539 -5.255033 -3.180156 14.282875 -0.826592 6.952496 -0.000003 -12.690591 0.000001 16.083384 -18.472559 3.291509 1.665665 -1.955920 -2.878296 4.727793 -4.170583 4.993918 11.020510 0.000004 -0.000000 12.109028 -3.735708 -2.866777 0.000000 0.000000 0.000000 1.291984 -1.928548 -1.498088 14.800111 0.567469 3.865605 14.242551 -1.341734 -6.660645 19.631939 0.143928 -0.648242 50.648647 -1.075431 -5.666084 0.353028 -1.511149 -0.031940 20.222767 3.684309 2.316628 18.787243 0.000007 0.000001 10.751609 -0.479866 1.397905 -0.000000 0.000002 -0.000001 3.273804 0.305948 -0.580110 21.486792 11.830365 2.266133 8.162917 0.000003 -0.000001 18.399052 -3.798978 -4.940563 0.000003 0.000000 0.000000 12.133813 25.411921 -19.257021 -0.373511 -0.642681 25.068949 -12.820323 -8.913957 5.249562 1.652299 -1.927483 -1.167266 -0.000000 -0.000000 0.000002 -10.997824 -10.900255 -5.529723 0.090462 0.498309 27.185333 10.430823 6.817847 -15.276381 -1.448573 0.865769 -1.587787 -0.000000 -0.000000 -0.000001 
-0.893382 96.658440 -0.631861 0.291679 -1.660335 -0.930716 0.251527 0.445202 3.574105 -0.562378 -0.059530 -4.356632 1.149528 -2.202060 14.280107 -7.660703 9.430994 21.202589 1.199651 6.730203 -3.238993 -3.435928 8.149974 13.088037 0.000077 -0.000024 0.000006 0.099276 -0.103716 -0.176513 0.876003 -3.882390 -10.828235 -0.682001 3.672648 -10.816201 24.268173 -19.520521 6.280808 -94.423805 -38.148624 -12.412673 178.984268 -31.138941 -179.440231 -2.890601 -18.865690 -15.648767 -5.882102 9.861278 0.702590 -10.936860 -0.360574 7.156199 0.000002 8.774814 0.000001 -16.988310 17.736496 5.757988 -1.844030 2.498502 -2.507275 -10.163589 4.678941 4.621104 -20.975996 -0.000003 0.000005 -21.226254 2.451691 -3.593991 0.000000 -0.000005 0.000000 -1.362681 2.240797 -0.746323 -21.334892 0.584908 3.008320 -13.821197 -0.000003 0.000004 -23.887131 -0.249077 -0.839481 -61.408787 2.123709 -1.699069 -0.294025 1.679686 0.833256 -14.218194 0.093214 1.300580 -34.212006 -0.287565 0.967171 -20.033180 0.964535 1.212843 -0.000000 0.000000 0.000000 -3.440386 0.788233 0.501656 -15.928167 -3.167306 2.999706 -6.338814 -0.000001 0.000002 -18.123415 3.648175 -4.905659 -0.000006 -0.000000 -0.000003 -13.344034 26.745724 11.142340 94.071930 49.763340 15.377606 179.087021 38.515244 -179.947159 -8.532784 13.372859 -12.198971 2.243539 -5.255032 -3.180152 14.282878 -0.826592 6.952497 -0.000003 -12.690587 -0.000001 16.018568 -18.492548 3.311259 1.665665 -1.955920 -2.878296 4.727794 -4.170583 4.993917 11.020512 0.000003 -0.000001 12.109032 -3.735707 -2.866780 -0.000001 0.000001 -0.000001 1.291984 -1.928548 -1.498086 14.800114 0.567469 3.865602 14.242554 -1.341734 -6.660647 19.631939 0.143925 -0.648243 50.665829 -1.087056 -5.684171 0.353029 -1.511149 -0.031941 20.222771 3.684307 2.316626 18.787247 0.000006 0.000000 10.751612 -0.479866 1.397905 -0.000000 0.000002 -0.000002 3.273804 0.305947 -0.580111 21.486794 11.830364 2.266131 8.162918 0.000002 -0.000002 18.399054 -3.798977 -4.940567 0.000003 0.000000 -0.000001 12.083604 25.516895 -19.103764 -0.386246 -0.672729 24.456703 -12.854200 -8.805971 5.755548 1.651963 -1.923853 -1.196776 -0.000000 0.000000 0.000002 -10.925355 -10.909335 -5.512558 0.087389 0.498550 26.787724 10.331784 6.810639 -14.992323 -1.447086 0.862101 -1.626299 -0.000000 0.000000 -0.000001 
-0.974953 96.795570 -0.688639 0.300682 -1.668371 -0.838834 0.280728 0.434535 3.450220 -0.549302 -0.056493 -4.411184 1.169573 -2.242777 14.179473 -7.605999 9.416941 21.233311 1.199804 6.731771 -3.223576 -3.578673 8.196237 13.293554 0.000077 -0.000023 0.000006 0.103353 -0.115460 -0.174890 0.883809 -3.892373 -10.816941 -0.671894 3.664191 -10.809525 24.419144 -19.539347 6.192811 -94.370415 -38.136406 -12.629963 178.989197 -31.092249 -179.446793 -2.906382 -18.920059 -15.749734 -5.882101 9.861279 0.702590 -10.936859 -0.360574 7.156196 -0.000000 8.774813 -0.000002 -16.982443 17.727676 5.764581 -1.844031 2.498503 -2.507277 -10.163591 4.678941 4.621104 -20.975996 -0.000002 0.000004 -21.226254 2.451695 -3.593992 0.000001 -0.000006 -0.000000 -1.362681 2.240796 -0.746324 -21.334894 0.584910 3.008320 -13.821198 -0.000002 0.000003 -23.887131 -0.249076 -0.839481 -61.319271 2.142744 -1.694754 -0.294024 1.679686 0.833254 -14.218194 0.093214 1.300578 -34.212006 -0.287561 0.967169 -20.033180 0.964535 1.212840 -0.000000 0.000001 0.000000 -3.440385 0.788232 0.501654 -15.928169 -3.167306 2.999702 -6.338816 -0.000002 0.000003 -18.123413 3.648177 -4.905661 -0.000006 -0.000000 -0.000003 -13.586862 26.781517 10.987094 94.266983 49.892910 15.418968 179.123077 38.589653 -179.930130 -8.408517 13.302813 -11.781385 2.243539 -5.255033 -3.180153 14.282878 -0.826593 6.952498 -0.000003 -12.690590 -0.000001 15.963471 -18.534142 3.296219 1.665664 -1.955920 -2.878294 4.727794 -4.170582 4.993919 11.020513 0.000003 -0.000001 12.109031 -3.735709 -2.866780 -0.000000 0.000000 -0.000001 1.291984 -1.928548 -1.498091 14.800111 0.567468 3.865603 14.242553 -1.341735 -6.660649 19.631939 0.143923 -0.648245 50.716125 -1.087900 -5.692450 0.353029 -1.511150 -0.031939 20.222767 3.684305 2.316628 18.787245 0.000005 -0.000001 10.751610 -0.479868 1.397903 0.000000 0.000002 0.000000 3.273804 0.305947 -0.580110 21.486792 11.830362 2.266132 8.162916 0.000002 0.000000 18.399054 -3.798979 -4.940566 0.000003 0.000000 -0.000001 12.042242 25.629667 -18.901424 -0.376116 -0.680577 23.753632 -12.903163 -8.732881 6.306018 1.652571 -1.910097 -1.259144 -0.000000 0.000000 0.000002 -10.834726 -10.913501 -5.388864 0.087453 0.496082 26.221426 10.242223 6.747553 -14.698334 -1.445971 0.863675 -1.669597 0.000000 0.000000 -0.000001 
-1.028845 96.960808 -0.774810 0.309416 -1.689978 -0.745892 0.313148 0.434398 3.323639 -0.538040 -0.069616 -4.464245 1.187338 -2.276551 14.048827 -7.552475 9.394783 21.272465 1.199491 6.737459 -3.203316 -3.735080 8.258975 13.482130 0.000077 -0.000023 0.000006 0.106985 -0.114213 -0.186233 0.882535 -3.894629 -10.835167 -0.677735 3.663707 -10.831002 24.581108 -19.617807 6.098489 -94.272804 -38.130077 -12.935139 179.020477 -31.058676 -179.476883 -2.889030 -18.914150 -15.741350 -5.882102 9.861279 0.702591 -10.936859 -0.360574 7.156196 -0.000001 8.774814 -0.000001 -16.990345 17.684925 5.734963 -1.844031 2.498502 -2.507276 -10.163589 4.678941 4.621105 -20.975994 -0.000002 0.000003 -21.226254 2.451692 -3.593994 0.000001 -0.000005 -0.000000 -1.362680 2.240797 -0.746322 -21.334887 0.584908 3.008319 -13.821195 -0.000001 0.000003 -23.887131 -0.249079 -0.839482 -61.265385 2.114332 -1.656104 -0.294024 1.679686 0.833255 -14.218190 0.093215 1.300580 -34.211998 -0.287562 0.967168 -20.033180 0.964537 1.212841 -0.000000 0.000001 0.000000 -3.440386 0.788233 0.501655 -15.928167 -3.167306 2.999702 -6.338818 -0.000002 0.000001 -18.123415 3.648176 -4.905662 -0.000007 -0.000001 -0.000002 -13.814250 26.799030 10.836302 94.474739 50.020306 15.590018 179.227631 38.659416 -179.866394 -8.346630 13.231923 -11.280457 2.243539 -5.255032 -3.180155 14.282877 -0.826593 6.952499 -0.000002 -12.690591 -0.000001 16.010578 -18.602383 3.276297 1.665665 -1.955920 -2.878296 4.727793 -4.170583 4.993918 11.020513 0.000004 -0.000000 12.109032 -3.735709 -2.866779 0.000000 0.000001 0.000001 1.291984 -1.928548 -1.498087 14.800114 0.567467 3.865604 14.242554 -1.341734 -6.660647 19.631941 0.143926 -0.648243 50.877247 -1.080468 -5.745196 0.353029 -1.511150 -0.031941 20.222771 3.684308 2.316627 18.787251 0.000006 0.000001 10.751612 -0.479866 1.397905 0.000000 0.000002 0.000000 3.273804 0.305947 -0.580114 21.486794 11.830364 2.266131 8.162917 0.000003 -0.000002 18.399054 -3.798978 -4.940568 0.000003 0.000001 -0.000001 11.966599 25.729599 -18.668341 -0.358239 -0.705252 22.946215 -12.948241 -8.592558 6.945570 1.655022 -1.909557 -1.313580 0.000000 0.000000 0.000002 -10.824511 -10.899544 -5.220596 0.084353 0.495559 25.555798 10.267451 6.666338 -14.201255 -1.444485 0.878227 -1.711847 -0.000000 -0.000000 -0.000001 
-1.140071 97.120796 -0.838111 0.315591 -1.680607 -0.641898 0.349054 0.428699 3.201822 -0.521072 -0.079014 -4.518349 1.201849 -2.300765 13.881534 -7.522680 9.373853 21.349319 1.200476 6.738302 -3.202914 -3.874287 8.318032 13.641959 0.000077 -0.000024 0.000005 0.093627 -0.106033 -0.185260 0.879996 -3.894799 -10.863886 -0.689176 3.664794 -10.867632 24.748734 -19.681448 5.982452 -94.271606 -38.108429 -13.185343 179.066269 -31.006350 -179.508255 -2.898299 -18.860680 -15.736218 -5.882102 9.861279 0.702589 -10.936858 -0.360575 7.156197 0.000000 8.774815 -0.000001 -17.017710 17.665892 5.720834 -1.844030 2.498503 -2.507275 -10.163591 4.678939 4.621106 -20.975996 -0.000003 0.000004 -21.226255 2.451694 -3.593992 0.000001 -0.000005 -0.000000 -1.362681 2.240796 -0.746325 -21.334887 0.584908 3.008320 -13.821197 -0.000002 0.000004 -23.887131 -0.249078 -0.839481 -61.241898 2.095188 -1.620014 -0.294024 1.679687 0.833255 -14.218190 0.093213 1.300578 -34.212006 -0.287564 0.967172 -20.033178 0.964534 1.212843 0.000000 0.000001 0.000000 -3.440385 0.788233 0.501656 -15.928169 -3.167307 2.999703 -6.338819 0.000000 0.000001 -18.123415 3.648175 -4.905661 -0.000006 -0.000000 -0.000002 -14.048260 26.815933 10.714061 94.699646 50.133026 15.603334 179.213242 38.691200 -179.846619 -8.289058 13.102770 -10.867673 2.243539 -5.255032 -3.180155 14.282878 -0.826592 6.952494 -0.000002 -12.690590 -0.000001 16.070580 -18.707014 3.258994 1.665665 -1.955920 -2.878297 4.727794 -4.170583 4.993918 11.020513 0.000003 0.000000 12.109030 -3.735711 -2.866777 -0.000001 0.000001 -0.000001 1.291984 -1.928547 -1.498090 14.800114 0.567470 3.865604 14.242553 -1.341734 -6.660646 19.631939 0.143928 -0.648243 50.984402 -1.093433 -5.773772 0.353029 -1.511149 -0.031940 20.222769 3.684308 2.316629 18.787247 0.000007 0.000000 10.751611 -0.479866 1.397905 -0.000000 0.000002 -0.000001 3.273804 0.305947 -0.580109 21.486790 11.830363 2.266132 8.162913 0.000002 -0.000001 18.399052 -3.798979 -4.940565 0.000002 -0.000001 -0.000003 11.938638 25.806747 -18.402477 -0.347780 -0.705673 22.070532 -13.035345 -8.454810 7.626181 1.656190 -1.909186 -1.380746 -0.000000 0.000000 0.000002 -10.693027 -10.913545 -5.039021 0.079932 0.499387 24.855001 10.199312 6.554506 -13.861792 -1.445032 0.870105 -1.728351 0.000000 0.000000 -0.000001 
-1.247499 97.254143 -0.892615 0.323634 -1.653257 -0.558428 0.383607 0.424738 3.083626 -0.508839 -0.093715 -4.558371 1.215055 -2.316353 13.737600 -7.501801 9.363851 21.365568 1.187403 6.690948 -3.189792 -3.977111 8.346915 13.787468 0.000077 -0.000023 0.000006 0.090398 -0.101607 -0.164904 0.875990 -3.889434 -10.854612 -0.697338 3.674402 -10.852199 24.846754 -19.720585 5.897840 -94.274109 -38.124737 -13.355392 179.134079 -30.965927 -179.559052 -2.926928 -18.797506 -15.698825 -5.882100 9.861279 0.702588 -10.936858 -0.360576 7.156196 0.000000 8.774815 -0.000002 -17.061399 17.670771 5.711754 -1.844032 2.498503 -2.507274 -10.163590 4.678940 4.621102 -20.976000 -0.000003 0.000003 -21.226255 2.451692 -3.593994 0.000001 -0.000005 -0.000000 -1.362681 2.240797 -0.746321 -21.334892 0.584906 3.008319 -13.821197 -0.000003 0.000004 -23.887131 -0.249078 -0.839480 -61.303425 2.088753 -1.613296 -0.294024 1.679686 0.833254 -14.218195 0.093214 1.300578 -34.212002 -0.287565 0.967169 -20.033180 0.964533 1.212842 -0.000000 0.000001 -0.000000 -3.440386 0.788233 0.501656 -15.928169 -3.167308 2.999701 -6.338817 0.000000 0.000001 -18.123417 3.648175 -4.905663 -0.000006 -0.000001 -0.000003 -14.225895 26.787636 10.602092 94.883270 50.209782 15.681945 179.257553 38.730457 -179.782791 -8.231467 12.955124 -10.561956 2.243539 -5.255033 -3.180153 14.282873 -0.826592 6.952496 -0.000002 -12.690593 -0.000001 16.151117 -18.804800 3.263456 1.665665 -1.955920 -2.878294 4.727793 -4.170584 4.993919 11.020510 0.000004 -0.000000 12.109029 -3.735709 -2.866776 -0.000000 0.000000 -0.000001 1.291984 -1.928548 -1.498087 14.800111 0.567468 3.865602 14.242553 -1.341734 -6.660649 19.631935 0.143925 -0.648244 51.160404 -1.083742 -5.817543 0.353028 -1.511149 -0.031941 20.222767 3.684305 2.316628 18.787245 0.000005 -0.000002 10.751609 -0.479870 1.397904 0.000000 0.000002 -0.000001 3.273804 0.305947 -0.580109 21.486788 11.830362 2.266129 8.162915 0.000003 0.000001 18.399048 -3.798979 -4.940567 0.000002 0.000000 -0.000001 11.910160 25.840796 -18.160700 -0.328658 -0.724710 21.284142 -13.150469 -8.294693 8.220617 1.654524 -1.916122 -1.475609 -0.000000 0.000000 0.000002 -10.565162 -10.953143 -4.862249 0.070263 0.487118 24.255220 10.116514 6.444563 -13.601433 -1.443692 0.862476 -1.743931 0.000000 0.000000 -0.000001 
-1.369236 97.354172 -0.882101 0.323251 -1.582582 -0.508160 0.424310 0.418707 2.971898 -0.493744 -0.087931 -4.578410 1.226349 -2.355101 13.595441 -7.520068 9.376712 21.323782 1.182422 6.625060 -3.199857 -4.033492 8.386024 13.961341 0.000076 -0.000023 0.000006 0.089382 -0.100609 -0.195454 0.886485 -3.893737 -10.884024 -0.709284 3.676311 -10.880433 24.897411 -19.756130 5.810040 -94.347755 -38.123520 -13.402235 179.193985 -30.979630 -179.597366 -3.007572 -18.758911 -15.577900 -5.882101 9.861278 0.702588 -10.936856 -0.360577 7.156196 0.000001 8.774814 -0.000002 -17.071932 17.656080 5.726546 -1.844031 2.498503 -2.507276 -10.163587 4.678939 4.621105 -20.975992 -0.000005 0.000004 -21.226250 2.451691 -3.593992 0.000001 -0.000007 -0.000000 -1.362679 2.240797 -0.746323 -21.334892 0.584908 3.008320 -13.821193 -0.000003 0.000003 -23.887125 -0.249082 -0.839480 -61.333450 2.069629 -1.593747 -0.294024 1.679686 0.833255 -14.218190 0.093214 1.300578 -34.211998 -0.287566 0.967171 -20.033175 0.964534 1.212843 0.000000 0.000001 0.000000 -3.440386 0.788233 0.501655 -15.928167 -3.167307 2.999704 -6.338818 -0.000001 0.000001 -18.123413 3.648175 -4.905660 -0.000006 -0.000001 -0.000003 -14.337046 26.706656 10.495191 95.079979 50.149807 15.815961 179.348953 38.762100 -179.651810 -8.114997 12.844734 -10.354259 2.243540 -5.255033 -3.180156 14.282877 -0.826593 6.952497 -0.000003 -12.690592 0.000001 16.194616 -18.874002 3.298481 1.665665 -1.955920 -2.878296 4.727793 -4.170583 4.993918 11.020512 0.000003 0.000001 12.109032 -3.735709 -2.866779 0.000000 -0.000000 -0.000001 1.291984 -1.928548 -1.498089 14.800114 0.567469 3.865605 14.242553 -1.341734 -6.660645 19.631939 0.143925 -0.648242 51.223907 -1.110461 -5.828535 0.353029 -1.511149 -0.031940 20.222771 3.684307 2.316633 18.787247 0.000006 0.000001 10.751612 -0.479868 1.397904 -0.000001 0.000003 -0.000001 3.273804 0.305947 -0.580110 21.486795 11.830360 2.266137 8.162919 0.000003 0.000000 18.399052 -3.798979 -4.940564 0.000003 0.000000 0.000000 11.940836 25.828003 -17.916309 -0.321124 -0.732535 20.645823 -13.279483 -8.181183 8.679609 1.654327 -1.923743 -1.570100 -0.000000 0.000000 0.000002 -10.457251 -11.029950 -4.671918 0.065459 0.471424 23.745842 10.028867 6.364097 -13.422982 -1.445499 0.845581 -1.765580 -0.000000 -0.000000 -0.000001 
-1.497027 97.400459 -0.889039 0.314653 -1.496066 -0.506930 0.469196 0.440032 2.889354 -0.486647 -0.123319 -4.605986 1.239063 -2.391510 13.509506 -7.537674 9.381490 21.293049 1.163451 6.568961 -3.204919 -4.069832 8.392971 14.050546 0.000077 -0.000024 0.000006 0.094024 -0.112015 -0.193638 0.895603 -3.903417 -10.885756 -0.709774 3.680273 -10.889008 24.851797 -19.746143 5.791780 -94.406036 -38.144596 -13.274399 179.231873 -31.061594 -179.614716 -3.115108 -18.733969 -15.380014 -5.882100 9.861278 0.702591 -10.936860 -0.360575 7.156198 0.000001 8.774814 -0.000001 -17.104006 17.633713 5.719181 -1.844031 2.498503 -2.507275 -10.163589 4.678939 4.621103 -20.975994 -0.000003 0.000003 -21.226254 2.451691 -3.593993 0.000000 -0.000006 0.000000 -1.362680 2.240797 -0.746323 -21.334892 0.584907 3.008319 -13.821192 -0.000003 0.000001 -23.887123 -0.249080 -0.839480 -61.403027 2.041679 -1.598098 -0.294025 1.679685 0.833254 -14.218192 0.093214 1.300579 -34.212006 -0.287564 0.967168 -20.033178 0.964535 1.212841 0.000000 0.000001 0.000000 -3.440384 0.788232 0.501653 -15.928167 -3.167307 2.999704 -6.338817 -0.000002 0.000001 -18.123411 3.648175 -4.905661 -0.000006 -0.000000 -0.000003 -14.354919 26.612230 10.461268 95.104370 50.074600 15.910439 179.473099 38.839191 -179.577332 -8.039164 12.768732 -10.150478 2.243540 -5.255033 -3.180156 14.282877 -0.826594 6.952496 -0.000003 -12.690590 -0.000002 16.246426 -18.888279 3.300942 1.665665 -1.955920 -2.878298 4.727794 -4.170583 4.993919 11.020513 0.000004 -0.000002 12.109030 -3.735709 -2.866781 0.000001 0.000000 0.000000 1.291984 -1.928548 -1.498087 14.800113 0.567468 3.865603 14.242554 -1.341735 -6.660647 19.631939 0.143926 -0.648243 51.248940 -1.096950 -5.833242 0.353029 -1.511149 -0.031943 20.222767 3.684306 2.316628 18.787249 0.000008 -0.000001 10.751611 -0.479866 1.397905 0.000000 0.000001 0.000000 3.273804 0.305947 -0.580109 21.486792 11.830362 2.266129 8.162917 0.000003 -0.000001 18.399052 -3.798977 -4.940567 0.000003 0.000000 -0.000001 12.006326 25.793070 -17.729496 -0.301369 -0.708278 20.199938 -13.392789 -8.103540 8.988543 1.651812 -1.921670 -1.652113 -0.000000 0.000000 0.000002 -10.342000 -11.133560 -4.541180 0.045827 0.462475 23.483725 9.947983 6.336050 -13.395008 -1.445536 0.835993 -1.778951 -0.000000 -0.000000 -0.000001 
-1.633216 97.387489 -0.910119 0.290955 -1.371018 -0.555054 0.513172 0.432976 2.813621 -0.487468 -0.122689 -4.620692 1.265800 -2.459863 13.479617 -7.554174 9.372497 21.224504 1.149723 6.509487 -3.195014 -4.076711 8.398771 14.077981 0.000077 -0.000024 0.000006 0.097544 -0.119163 -0.173038 0.893047 -3.910795 -10.873746 -0.709713 3.679456 -10.877398 24.719843 -19.724653 5.821579 -94.467979 -38.145454 -13.007923 179.228928 -31.180256 -179.594086 -3.256145 -18.733944 -15.045449 -5.882101 9.861278 0.702590 -10.936859 -0.360575 7.156198 0.000002 8.774814 -0.000002 -17.120537 17.645710 5.726384 -1.844031 2.498502 -2.507277 -10.163589 4.678940 4.621103 -20.975994 -0.000001 0.000005 -21.226254 2.451692 -3.593993 0.000001 -0.000005 -0.000000 -1.362679 2.240796 -0.746323 -21.334892 0.584908 3.008322 -13.821197 -0.000003 0.000004 -23.887131 -0.249079 -0.839480 -61.448750 2.042355 -1.594762 -0.294024 1.679686 0.833256 -14.218194 0.093214 1.300580 -34.212006 -0.287563 0.967169 -20.033180 0.964534 1.212841 0.000000 -0.000000 0.000000 -3.440384 0.788232 0.501656 -15.928169 -3.167308 2.999704 -6.338817 -0.000001 0.000001 -18.123411 3.648178 -4.905660 -0.000006 -0.000000 -0.000002 -14.261337 26.508183 10.479683 95.097649 49.935387 16.022263 179.635239 38.920036 -179.459030 -7.890734 12.788534 -10.034315 2.243540 -5.255033 -3.180154 14.282879 -0.826595 6.952498 -0.000000 -12.690591 -0.000002 16.267962 -18.891752 3.327219 1.665665 -1.955920 -2.878299 4.727794 -4.170583 4.993917 11.020513 0.000002 0.000000 12.109034 -3.735712 -2.866779 0.000000 -0.000001 -0.000001 1.291984 -1.928548 -1.498087 14.800117 0.567467 3.865604 14.242553 -1.341735 -6.660647 19.631941 0.143925 -0.648242 51.191406 -1.105945 -5.814746 0.353029 -1.511150 -0.031938 20.222773 3.684307 2.316630 18.787247 0.000005 -0.000001 10.751611 -0.479869 1.397905 -0.000001 0.000003 0.000001 3.273805 0.305947 -0.580111 21.486795 11.830363 2.266130 8.162916 0.000002 -0.000002 18.399057 -3.798980 -4.940570 0.000003 0.000000 0.000000 12.104827 25.777220 -17.642956 -0.286048 -0.697183 20.013096 -13.505285 -8.121228 9.138939 1.652019 -1.936797 -1.730810 -0.000000 -0.000000 0.000002 -10.228978 -11.249895 -4.445848 0.042527 0.453312 23.448904 9.873254 6.296946 -13.548409 -1.444697 0.813963 -1.787478 -0.000000 -0.000000 -0.000001 
-1.749644 97.327919 -0.970763 0.254718 -1.233523 -0.665289 0.553242 0.477465 2.779303 -0.490465 -0.190211 -4.634102 1.290260 -2.493814 13.517581 -7.558903 9.363395 21.182602 1.123433 6.466921 -3.210270 -4.060835 8.353599 14.035930 0.000076 -0.000024 0.000007 0.093115 -0.102926 -0.165396 0.890929 -3.898073 -10.856446 -0.709901 3.683994 -10.853528 24.443863 -19.685740 5.958169 -94.424248 -38.167076 -12.728997 179.264603 -31.343500 -179.577408 -3.377568 -18.759359 -14.588023 -5.882101 9.861277 0.702590 -10.936859 -0.360575 7.156196 0.000001 8.774812 -0.000002 -17.150295 17.673899 5.729646 -1.844030 2.498503 -2.507276 -10.163589 4.678939 4.621106 -20.975996 -0.000004 0.000002 -21.226250 2.451690 -3.593995 0.000001 -0.000007 -0.000000 -1.362681 2.240797 -0.746324 -21.334887 0.584907 3.008318 -13.821197 -0.000004 0.000003 -23.887129 -0.249079 -0.839479 -61.542377 2.038447 -1.557738 -0.294026 1.679686 0.833255 -14.218194 0.093214 1.300579 -34.211998 -0.287565 0.967169 -20.033176 0.964534 1.212842 0.000000 0.000001 0.000000 -3.440386 0.788233 0.501654 -15.928165 -3.167306 2.999703 -6.338818 -0.000001 0.000000 -18.123413 3.648175 -4.905662 -0.000006 -0.000000 -0.000003 -14.055623 26.403229 10.530401 94.879227 49.713623 15.962771 179.729736 38.972332 -179.438919 -7.760737 12.795897 -10.007984 2.243540 -5.255033 -3.180155 14.282878 -0.826595 6.952494 -0.000001 -12.690591 0.000000 16.305626 -18.869642 3.336832 1.665665 -1.955920 -2.878299 4.727794 -4.170583 4.993917 11.020514 0.000003 -0.000001 12.109034 -3.735708 -2.866780 0.000000 -0.000001 -0.000001 1.291985 -1.928548 -1.498088 14.800113 0.567467 3.865602 14.242556 -1.341733 -6.660648 19.631939 0.143925 -0.648244 51.179958 -1.111897 -5.808578 0.353029 -1.511150 -0.031941 20.222773 3.684306 2.316626 18.787249 0.000006 -0.000002 10.751610 -0.479869 1.397904 -0.000000 0.000003 -0.000001 3.273804 0.305947 -0.580111 21.486797 11.830365 2.266130 8.162916 0.000002 -0.000001 18.399054 -3.798978 -4.940568 0.000003 -0.000001 -0.000001 12.223680 25.810938 -17.647732 -0.285283 -0.690587 20.082354 -13.545871 -8.242278 9.165034 1.652053 -1.931082 -1.760343 0.000000 -0.000000 0.000002 -10.138502 -11.354997 -4.408320 0.043275 0.443309 23.726330 9.788697 6.269659 -13.786959 -1.443595 0.812071 -1.762940 -0.000000 -0.000000 -0.000001 
-1.908188 97.219093 -1.015066 0.209174 -1.060388 -0.824704 0.592183 0.484064 2.772636 -0.497220 -0.220998 -4.627405 1.316289 -2.537972 13.607982 -7.550283 9.346096 21.166164 1.099381 6.423825 -3.198581 -4.044154 8.316609 13.901760 0.000076 -0.000023 0.000005 0.090022 -0.102259 -0.184167 0.893094 -3.898879 -10.829232 -0.714386 3.673446 -10.837790 24.075350 -19.655458 6.177936 -94.351112 -38.248001 -12.432458 179.253983 -31.519838 -179.563538 -3.530303 -18.748262 -14.057266 -5.882101 9.861278 0.702592 -10.936860 -0.360575 7.156197 0.000001 8.774813 0.000000 -17.172615 17.689367 5.699902 -1.844031 2.498502 -2.507275 -10.163590 4.678940 4.621104 -20.975992 -0.000003 0.000006 -21.226246 2.451693 -3.593991 0.000001 -0.000006 -0.000001 -1.362681 2.240797 -0.746323 -21.334887 0.584906 3.008322 -13.821193 -0.000002 0.000003 -23.887131 -0.249076 -0.839478 -61.547447 2.039226 -1.555803 -0.294025 1.679686 0.833255 -14.218194 0.093215 1.300582 -34.211998 -0.287564 0.967171 -20.033176 0.964535 1.212843 -0.000000 0.000001 -0.000000 -3.440386 0.788232 0.501655 -15.928167 -3.167306 2.999704 -6.338817 -0.000001 0.000002 -18.123415 3.648176 -4.905661 -0.000006 -0.000000 -0.000002 -13.763320 26.296206 10.625951 94.670647 49.468903 15.928149 179.823669 39.054390 -179.379623 -7.669290 12.839821 -10.173332 2.243540 -5.255033 -3.180156 14.282877 -0.826592 6.952495 -0.000002 -12.690591 -0.000002 16.348412 -18.844915 3.337166 1.665665 -1.955920 -2.878297 4.727793 -4.170583 4.993922 11.020513 0.000004 0.000000 12.109031 -3.735709 -2.866777 0.000000 -0.000000 -0.000001 1.291984 -1.928548 -1.498088 14.800113 0.567469 3.865602 14.242554 -1.341734 -6.660646 19.631937 0.143927 -0.648241 51.155998 -1.092898 -5.809012 0.353028 -1.511150 -0.031939 20.222767 3.684308 2.316628 18.787245 0.000006 -0.000002 10.751611 -0.479866 1.397905 -0.000000 0.000002 -0.000001 3.273804 0.305947 -0.580109 21.486794 11.830366 2.266132 8.162916 0.000003 -0.000001 18.399054 -3.798975 -4.940567 0.000003 -0.000001 -0.000000 12.415075 25.799301 -17.666761 -0.297233 -0.681422 20.299971 -13.608026 -8.395375 9.054364 1.655624 -1.931892 -1.779996 0.000000 -0.000000 0.000002 -10.044049 -11.493595 -4.410561 0.052741 0.449489 24.205570 9.693231 6.245003 -14.176550 -1.442135 0.800410 -1.716346 -0.000000 -0.000000 -0.000001 
-2.031294 97.088089 -1.060947 0.156373 -0.872104 -1.008440 0.623348 0.481164 2.798050 -0.504366 -0.255140 -4.616368 1.329945 -2.558266 13.730590 -7.519695 9.308599 21.188688 1.076521 6.419819 -3.188970 -4.013514 8.249930 13.748911 0.000076 -0.000023 0.000006 0.082694 -0.096060 -0.184222 0.874130 -3.879889 -10.821132 -0.725838 3.679227 -10.821551 23.646523 -19.622309 6.469413 -94.157074 -38.297581 -12.272307 179.247925 -31.656584 -179.561752 -3.653692 -18.731539 -13.613609 -5.882101 9.861278 0.702590 -10.936858 -0.360575 7.156198 0.000002 8.774815 0.000000 -17.167223 17.752008 5.694593 -1.844032 2.498503 -2.507277 -10.163589 4.678939 4.621104 -20.975992 -0.000004 0.000003 -21.226250 2.451693 -3.593992 0.000001 -0.000006 -0.000000 -1.362681 2.240797 -0.746323 -21.334887 0.584909 3.008320 -13.821197 -0.000003 0.000003 -23.887125 -0.249079 -0.839480 -61.560791 2.072081 -1.568711 -0.294025 1.679686 0.833255 -14.218190 0.093214 1.300580 -34.211998 -0.287563 0.967171 -20.033180 0.964534 1.212843 -0.000001 0.000000 0.000000 -3.440385 0.788232 0.501653 -15.928167 -3.167306 2.999705 -6.338817 -0.000001 0.000002 -18.123411 3.648177 -4.905660 -0.000006 -0.000000 -0.000002 -13.412145 26.207989 10.724804 94.386581 49.192150 15.839151 179.820709 39.102676 -179.442795 -7.626994 12.941050 -10.507833 2.243540 -5.255032 -3.180155 14.282875 -0.826594 6.952497 -0.000003 -12.690588 0.000000 16.370785 -18.817780 3.328570 1.665665 -1.955920 -2.878297 4.727793 -4.170582 4.993920 11.020512 0.000003 -0.000001 12.109031 -3.735708 -2.866780 0.000001 0.000000 -0.000001 1.291984 -1.928548 -1.498089 14.800113 0.567468 3.865605 14.242554 -1.341733 -6.660650 19.631939 0.143923 -0.648242 51.135746 -1.101979 -5.830398 0.353029 -1.511149 -0.031940 20.222767 3.684305 2.316630 18.787247 0.000005 0.000001 10.751611 -0.479868 1.397905 -0.000000 0.000002 -0.000001 3.273804 0.305947 -0.580110 21.486790 11.830360 2.266131 8.162915 0.000001 0.000000 18.399052 -3.798980 -4.940566 0.000003 0.000000 -0.000001 12.600402 25.738241 -17.720390 -0.306675 -0.672578 20.627279 -13.642506 -8.567937 8.818636 1.657620 -1.925843 -1.752316 0.000000 0.000000 0.000002 -9.954160 -11.622823 -4.530716 0.059236 0.458619 24.801559 9.601025 6.169558 -14.591670 -1.442321 0.808728 -1.620360 -0.000000 -0.000000 -0.000001 
-2.112710 96.975288 -1.041721 0.107798 -0.678498 -1.168320 0.637990 0.446674 2.815967 -0.514115 -0.232605 -4.607242 1.345931 -2.605162 13.886487 -7.499283 9.253510 21.239258 1.069365 6.415586 -3.198455 -3.987416 8.226590 13.601124 0.000078 -0.000024 0.000008 0.078660 -0.091371 -0.183851 0.880835 -3.872917 -10.775058 -0.712387 3.671815 -10.773691 23.266359 -19.566755 6.750655 -93.985786 -38.335976 -12.190974 179.263535 -31.725121 -179.574020 -3.759570 -18.695789 -13.307686 -5.882102 9.861278 0.702588 -10.936860 -0.360575 7.156195 0.000000 8.774812 0.000000 -17.156225 17.823832 5.681093 -1.844032 2.498503 -2.507276 -10.163590 4.678940 4.621104 -20.975998 -0.000003 0.000002 -21.226255 2.451692 -3.593994 0.000001 -0.000006 -0.000000 -1.362681 2.240797 -0.746324 -21.334892 0.584909 3.008318 -13.821199 -0.000002 0.000002 -23.887133 -0.249077 -0.839481 -61.508247 2.084311 -1.590486 -0.294024 1.679686 0.833255 -14.218197 0.093215 1.300578 -34.212006 -0.287564 0.967166 -20.033180 0.964533 1.212841 -0.000000 -0.000000 -0.000000 -3.440385 0.788233 0.501655 -15.928169 -3.167306 2.999702 -6.338817 -0.000001 0.000001 -18.123411 3.648177 -4.905662 -0.000006 -0.000000 -0.000002 -13.090457 26.128332 10.804391 94.182762 48.938118 15.835207 179.767639 39.133759 -179.483490 -7.583558 13.045376 -10.856531 2.243539 -5.255033 -3.180151 14.282877 -0.826594 6.952497 -0.000001 -12.690592 -0.000001 16.339182 -18.782433 3.288665 1.665665 -1.955920 -2.878295 4.727794 -4.170583 4.993920 11.020513 0.000003 0.000001 12.109032 -3.735710 -2.866776 0.000001 -0.000001 -0.000001 1.291984 -1.928548 -1.498087 14.800113 0.567468 3.865604 14.242553 -1.341735 -6.660649 19.631941 0.143926 -0.648242 51.112305 -1.103540 -5.821853 0.353029 -1.511149 -0.031941 20.222767 3.684307 2.316627 18.787247 0.000004 0.000002 10.751611 -0.479869 1.397903 0.000000 0.000001 0.000000 3.273804 0.305947 -0.580109 21.486792 11.830361 2.266133 8.162916 0.000002 -0.000001 18.399055 -3.798979 -4.940568 0.000002 0.000000 -0.000001 12.756552 25.665894 -17.816280 -0.309446 -0.664371 21.070061 -13.658231 -8.778693 8.570788 1.662714 -1.922959 -1.698598 0.000000 -0.000000 0.000002 -9.910708 -11.724481 -4.515790 0.063218 0.436592 25.300156 9.538990 6.126982 -14.923189 -1.442546 0.807949 -1.516436 -0.000000 -0.000000 -0.000001 
-2.158092 96.884918 -1.041615 0.061492 -0.505850 -1.282640 0.643157 0.425040 2.838314 -0.523221 -0.218368 -4.606439 1.353146 -2.639568 14.024755 -7.447348 9.224669 21.335983 1.088259 6.388573 -3.212957 -3.963785 8.185317 13.537232 0.000077 -0.000023 0.000007 0.074397 -0.086930 -0.164117 0.878414 -3.864223 -10.734755 -0.713209 3.667691 -10.728863 22.985973 -19.507963 6.990630 -93.815987 -38.327770 -12.265483 179.268021 -31.748989 -179.598511 -3.779146 -18.647486 -13.202504 -5.882101 9.861278 0.702590 -10.936859 -0.360574 7.156198 0.000003 8.774813 -0.000001 -17.168482 17.888285 5.683164 -1.844031 2.498502 -2.507276 -10.163589 4.678940 4.621103 -20.975998 -0.000003 0.000003 -21.226255 2.451692 -3.593993 0.000000 -0.000007 0.000000 -1.362680 2.240797 -0.746322 -21.334892 0.584908 3.008320 -13.821197 -0.000002 0.000003 -23.887129 -0.249079 -0.839481 -61.543232 2.110630 -1.622918 -0.294025 1.679686 0.833255 -14.218195 0.093215 1.300579 -34.211998 -0.287564 0.967169 -20.033176 0.964534 1.212841 -0.000000 0.000001 0.000000 -3.440385 0.788233 0.501656 -15.928169 -3.167305 2.999704 -6.338818 0.000000 0.000002 -18.123415 3.648176 -4.905662 -0.000005 0.000002 -0.000002 -12.832347 26.084248 10.864985 93.986443 48.674046 15.851786 179.686172 39.157948 -179.564209 -7.584321 13.172091 -11.116037 2.243539 -5.255032 -3.180151 14.282877 -0.826594 6.952497 -0.000000 -12.690593 -0.000002 16.303080 -18.736259 3.254400 1.665665 -1.955920 -2.878298 4.727794 -4.170583 4.993918 11.020510 0.000003 -0.000001 12.109033 -3.735709 -2.866778 0.000000 -0.000000 -0.000001 1.291984 -1.928548 -1.498088 14.800113 0.567468 3.865604 14.242553 -1.341735 -6.660645 19.631939 0.143926 -0.648244 51.102249 -1.109487 -5.824839 0.353029 -1.511149 -0.031941 20.222767 3.684305 2.316628 18.787245 0.000005 -0.000001 10.751613 -0.479867 1.397905 0.000001 0.000002 0.000000 3.273805 0.305947 -0.580110 21.486794 11.830362 2.266131 8.162914 0.000003 -0.000002 18.399054 -3.798978 -4.940568 0.000002 0.000001 -0.000002 12.864617 25.607346 -17.943909 -0.326177 -0.664482 21.458324 -13.628283 -8.943885 8.367953 1.663747 -1.929889 -1.630917 0.000000 0.000000 0.000002 -9.877453 -11.813180 -4.530191 0.071650 0.424146 25.710196 9.500093 6.070377 -15.166566 -1.442318 0.819248 -1.415080 0.000000 0.000000 -0.000001 
-2.171194 96.823280 -1.029243 0.017146 -0.358226 -1.334447 0.643456 0.422986 2.846503 -0.529882 -0.228410 -4.614423 1.359039 -2.646491 14.114461 -7.407606 9.196277 21.464733 1.127378 6.360768 -3.197840 -3.945998 8.196530 13.570757 0.000077 -0.000023 0.000007 0.075689 -0.092319 -0.183391 0.867918 -3.861478 -10.729855 -0.716931 3.666325 -10.723014 22.793486 -19.443354 7.156507 -93.674652 -38.248947 -12.329341 179.272949 -31.720709 -179.607162 -3.794049 -18.591764 -13.201238 -5.882101 9.861278 0.702590 -10.936859 -0.360575 7.156197 0.000001 8.774812 0.000000 -17.137892 17.930689 5.717002 -1.844032 2.498503 -2.507277 -10.163589 4.678940 4.621103 -20.975994 -0.000004 0.000003 -21.226250 2.451694 -3.593993 -0.000000 -0.000005 0.000000 -1.362681 2.240797 -0.746323 -21.334892 0.584908 3.008322 -13.821194 -0.000002 0.000004 -23.887129 -0.249077 -0.839481 -61.553211 2.120012 -1.626248 -0.294025 1.679686 0.833255 -14.218194 0.093215 1.300579 -34.212006 -0.287564 0.967171 -20.033176 0.964535 1.212841 -0.000000 0.000001 0.000000 -3.440385 0.788233 0.501655 -15.928167 -3.167306 2.999704 -6.338817 -0.000001 0.000001 -18.123415 3.648176 -4.905663 -0.000006 0.000001 -0.000002 -12.638007 26.035707 10.888736 93.869576 48.435623 15.971231 179.641434 39.161304 -179.631195 -7.610214 13.261490 -11.212031 2.243540 -5.255033 -3.180152 14.282878 -0.826595 6.952497 -0.000002 -12.690588 0.000001 16.280222 -18.706707 3.228165 1.665665 -1.955921 -2.878296 4.727795 -4.170583 4.993918 11.020514 0.000002 0.000000 12.109032 -3.735712 -2.866779 0.000000 0.000000 -0.000001 1.291984 -1.928548 -1.498087 14.800114 0.567466 3.865603 14.242554 -1.341736 -6.660650 19.631941 0.143924 -0.648245 51.139843 -1.105925 -5.821979 0.353029 -1.511150 -0.031941 20.222773 3.684304 2.316627 18.787247 0.000004 -0.000000 10.751610 -0.479867 1.397903 -0.000000 0.000003 -0.000002 3.273804 0.305947 -0.580109 21.486792 11.830362 2.266132 8.162917 0.000002 -0.000001 18.399057 -3.798982 -4.940568 0.000003 0.000001 -0.000003 12.920347 25.538961 -18.056538 -0.328471 -0.658306 21.705029 -13.609450 -9.101314 8.185708 1.665998 -1.923617 -1.586388 -0.000000 0.000000 0.000002 -9.851028 -11.887358 -4.510547 0.074409 0.398403 25.903086 9.513973 6.035378 -15.338036 -1.442506 0.839958 -1.399278 -0.000000 0.000000 -0.000001 
-2.175427 96.814796 -1.043235 -0.023812 -0.233433 -1.326475 0.634580 0.415618 2.846879 -0.538063 -0.224435 -4.610688 1.372261 -2.639200 14.147388 -7.377196 9.172233 21.620232 1.175409 6.340196 -3.182476 -3.936641 8.190381 13.649582 0.000077 -0.000024 0.000006 0.082685 -0.090904 -0.165252 0.877196 -3.857744 -10.708437 -0.708494 3.659067 -10.707335 22.765636 -19.408274 7.239910 -93.635612 -38.188587 -12.543983 179.331100 -31.691713 -179.661026 -3.764913 -18.562393 -13.311534 -5.882102 9.861280 0.702590 -10.936858 -0.360575 7.156197 0.000001 8.774813 -0.000002 -17.153063 17.953836 5.744645 -1.844030 2.498503 -2.507275 -10.163590 4.678941 4.621106 -20.975992 -0.000003 0.000004 -21.226255 2.451693 -3.593995 0.000001 -0.000006 -0.000000 -1.362679 2.240797 -0.746324 -21.334892 0.584908 3.008322 -13.821194 -0.000003 0.000003 -23.887125 -0.249077 -0.839481 -61.576050 2.153120 -1.636548 -0.294024 1.679686 0.833255 -14.218194 0.093214 1.300579 -34.212006 -0.287563 0.967169 -20.033180 0.964537 1.212841 -0.000000 0.000001 0.000000 -3.440386 0.788233 0.501655 -15.928169 -3.167307 2.999706 -6.338818 0.000000 0.000002 -18.123411 3.648177 -4.905663 -0.000005 0.000001 -0.000002 -12.552007 26.013435 10.890615 93.832741 48.335300 16.156376 179.692139 39.169987 -179.637192 -7.605121 13.331017 -11.177069 2.243540 -5.255033 -3.180155 14.282877 -0.826595 6.952495 0.000000 -12.690588 0.000000 16.253815 -18.709261 3.254491 1.665665 -1.955920 -2.878295 4.727794 -4.170583 4.993920 11.020511 0.000002 0.000000 12.109034 -3.735710 -2.866779 0.000000 -0.000000 -0.000001 1.291985 -1.928548 -1.498087 14.800113 0.567467 3.865601 14.242554 -1.341735 -6.660648 19.631941 0.143925 -0.648244 51.178215 -1.108704 -5.821906 0.353029 -1.511149 -0.031940 20.222767 3.684304 2.316628 18.787247 0.000003 -0.000002 10.751611 -0.479867 1.397904 0.000000 0.000001 -0.000001 3.273804 0.305947 -0.580108 21.486788 11.830360 2.266131 8.162915 0.000000 -0.000001 18.399052 -3.798980 -4.940569 0.000003 0.000000 -0.000003 12.923646 25.505987 -18.181593 -0.333742 -0.681314 21.808430 -13.611188 -9.216034 8.209481 1.666083 -1.913760 -1.544284 0.000000 -0.000000 0.000002 -9.809199 -11.979555 -4.517100 0.069460 0.387611 25.954784 9.558107 6.044595 -15.328680 -1.442549 0.858748 -1.414152 0.000000 0.000000 -0.000001 
-2.166357 96.833138 -1.047187 -0.072457 -0.144164 -1.271784 0.627077 0.417547 2.825190 -0.539373 -0.225003 -4.614089 1.391870 -2.619244 14.138482 -7.367006 9.188064 21.767626 1.223840 6.322155 -3.178535 -3.917253 8.193904 13.781369 0.000077 -0.000023 0.000005 0.090356 -0.101715 -0.174631 0.885692 -3.865426 -10.696797 -0.702243 3.650170 -10.704038 22.822205 -19.386583 7.244291 -93.596230 -38.126411 -12.859915 179.423859 -31.652960 -179.742706 -3.727252 -18.558809 -13.452721 -5.882101 9.861279 0.702589 -10.936858 -0.360576 7.156196 -0.000001 8.774812 -0.000002 -17.143425 17.955000 5.776413 -1.844030 2.498502 -2.507275 -10.163589 4.678939 4.621106 -20.975996 -0.000003 0.000004 -21.226254 2.451694 -3.593993 0.000000 -0.000005 -0.000001 -1.362680 2.240797 -0.746323 -21.334894 0.584908 3.008322 -13.821194 -0.000003 0.000003 -23.887129 -0.249078 -0.839479 -61.555016 2.162207 -1.628988 -0.294025 1.679686 0.833256 -14.218192 0.093214 1.300580 -34.212002 -0.287563 0.967172 -20.033178 0.964534 1.212843 -0.000000 0.000000 0.000000 -3.440386 0.788233 0.501656 -15.928169 -3.167306 2.999705 -6.338817 -0.000001 0.000001 -18.123415 3.648175 -4.905661 -0.000006 0.000001 -0.000002 -12.535246 26.017725 10.881031 93.830498 48.278107 16.304268 179.718979 39.160046 -179.645905 -7.651836 13.341372 -11.086234 2.243539 -5.255033 -3.180151 14.282873 -0.826594 6.952495 -0.000002 -12.690592 0.000001 16.300039 -18.735147 3.239973 1.665665 -1.955920 -2.878297 4.727794 -4.170584 4.993919 11.020511 0.000003 -0.000001 12.109028 -3.735710 -2.866781 0.000000 -0.000001 -0.000001 1.291984 -1.928548 -1.498085 14.800111 0.567468 3.865602 14.242553 -1.341736 -6.660648 19.631935 0.143927 -0.648244 51.248226 -1.080721 -5.848748 0.353029 -1.511149 -0.031939 20.222767 3.684306 2.316627 18.787245 0.000005 -0.000000 10.751611 -0.479867 1.397905 -0.000000 0.000002 -0.000002 3.273804 0.305947 -0.580110 21.486790 11.830365 2.266131 8.162916 0.000003 -0.000002 18.399050 -3.798979 -4.940568 0.000003 -0.000001 -0.000002 12.909577 25.518177 -18.286873 -0.337597 -0.707066 21.803852 -13.634961 -9.321356 8.284153 1.665440 -1.903712 -1.529778 -0.000000 0.000000 0.000002 -9.753962 -12.059302 -4.493266 0.066161 0.380000 25.825241 9.600459 6.046322 -15.258500 -1.442804 0.880162 -1.446811 0.000000 0.000000 -0.000001 
-2.165125 96.874405 -1.036340 -0.118712 -0.101590 -1.198030 0.624685 0.428265 2.806112 -0.539916 -0.225571 -4.614186 1.403886 -2.587158 14.089771 -7.373914 9.216189 21.884754 1.261736 6.328694 -3.161085 -3.873566 8.164886 13.973900 0.000077 -0.000024 0.000006 0.090206 -0.106943 -0.183734 0.893746 -3.869695 -10.720173 -0.708117 3.658090 -10.728577 22.932045 -19.387529 7.224093 -93.493431 -38.085541 -13.213033 179.503311 -31.624437 -179.814651 -3.674005 -18.566593 -13.631993 -5.882100 9.861278 0.702592 -10.936858 -0.360573 7.156197 0.000001 8.774812 0.000000 -17.111244 17.905012 5.782314 -1.844031 2.498502 -2.507277 -10.163589 4.678941 4.621104 -20.975994 -0.000002 0.000002 -21.226246 2.451695 -3.593995 0.000001 -0.000006 -0.000000 -1.362681 2.240796 -0.746322 -21.334892 0.584911 3.008320 -13.821194 -0.000001 0.000001 -23.887125 -0.249077 -0.839481 -61.545841 2.169362 -1.648332 -0.294024 1.679686 0.833256 -14.218192 0.093217 1.300580 -34.211998 -0.287560 0.967169 -20.033175 0.964538 1.212841 -0.000000 0.000001 -0.000000 -3.440386 0.788233 0.501656 -15.928165 -3.167305 2.999704 -6.338814 -0.000001 0.000001 -18.123411 3.648177 -4.905662 -0.000006 -0.000000 -0.000002 -12.582650 26.034430 10.829021 93.853226 48.258133 16.438877 179.707031 39.144150 -179.664719 -7.804565 13.256145 -11.071992 2.243539 -5.255033 -3.180155 14.282877 -0.826592 6.952497 -0.000003 -12.690591 -0.000002 16.374306 -18.739994 3.225127 1.665665 -1.955920 -2.878297 4.727793 -4.170583 4.993919 11.020511 0.000003 0.000000 12.109031 -3.735708 -2.866778 0.000001 -0.000000 0.000001 1.291984 -1.928548 -1.498087 14.800109 0.567469 3.865602 14.242551 -1.341734 -6.660649 19.631937 0.143928 -0.648244 51.318153 -1.045471 -5.863411 0.353029 -1.511150 -0.031941 20.222769 3.684308 2.316629 18.787245 0.000007 0.000000 10.751610 -0.479868 1.397903 0.000001 0.000002 -0.000002 3.273804 0.305947 -0.580110 21.486792 11.830366 2.266132 8.162916 0.000002 0.000000 18.399052 -3.798979 -4.940567 0.000003 0.000001 -0.000002 12.910343 25.528931 -18.331696 -0.341440 -0.717288 21.700148 -13.685556 -9.371514 8.416383 1.666332 -1.907040 -1.509326 -0.000000 0.000000 0.000002 -9.686759 -12.116909 -4.439443 0.062391 0.383295 25.580166 9.632349 6.048458 -15.137235 -1.442614 0.892262 -1.480919 0.000000 0.000000 -0.000001 
-2.189442 96.933884 -0.963424 -0.166700 -0.092169 -1.100531 0.625304 0.430003 2.776178 -0.539451 -0.206692 -4.631124 1.414792 -2.569781 14.028812 -7.397178 9.247274 21.993868 1.285365 6.333197 -3.146859 -3.832126 8.159957 14.197374 0.000077 -0.000023 0.000006 0.093447 -0.100408 -0.186517 0.895021 -3.872590 -10.727693 -0.707870 3.650425 -10.713040 23.051146 -19.394255 7.148614 -93.370445 -38.039639 -13.541030 179.525574 -31.609201 -179.843124 -3.635511 -18.585289 -13.802028 -5.882101 9.861279 0.702589 -10.936860 -0.360576 7.156196 0.000003 8.774813 -0.000001 -17.115213 17.849060 5.788268 -1.844031 2.498503 -2.507276 -10.163591 4.678939 4.621102 -20.975998 -0.000004 0.000005 -21.226257 2.451693 -3.593992 0.000001 -0.000006 -0.000000 -1.362680 2.240796 -0.746324 -21.334890 0.584908 3.008318 -13.821197 -0.000004 0.000002 -23.887136 -0.249081 -0.839480 -61.569946 2.185676 -1.637922 -0.294024 1.679686 0.833257 -14.218195 0.093214 1.300581 -34.212006 -0.287564 0.967171 -20.033180 0.964534 1.212842 -0.000000 0.000001 0.000000 -3.440385 0.788233 0.501654 -15.928167 -3.167308 2.999703 -6.338817 -0.000001 0.000001 -18.123415 3.648176 -4.905663 -0.000006 -0.000000 -0.000002 -12.667647 26.074865 10.772683 93.929420 48.228512 16.525175 179.663544 39.074043 -179.682373 -7.961140 13.178178 -11.066079 2.243540 -5.255033 -3.180154 14.282879 -0.826595 6.952496 -0.000001 -12.690590 -0.000001 16.449955 -18.745056 3.222676 1.665665 -1.955920 -2.878295 4.727795 -4.170584 4.993921 11.020513 0.000003 0.000002 12.109033 -3.735711 -2.866779 0.000001 -0.000000 -0.000000 1.291985 -1.928548 -1.498088 14.800117 0.567468 3.865602 14.242556 -1.341735 -6.660646 19.631941 0.143926 -0.648243 51.361206 -1.039254 -5.884189 0.353029 -1.511150 -0.031941 20.222773 3.684306 2.316632 18.787249 0.000005 0.000002 10.751612 -0.479867 1.397904 -0.000001 0.000003 -0.000001 3.273805 0.305947 -0.580108 21.486794 11.830363 2.266132 8.162916 0.000002 -0.000002 18.399055 -3.798981 -4.940568 0.000003 0.000001 -0.000002 12.944152 25.544945 -18.302340 -0.334408 -0.718870 21.512674 -13.768290 -9.397469 8.566478 1.665314 -1.909356 -1.496005 -0.000000 0.000000 0.000002 -9.599440 -12.150547 -4.322417 0.060081 0.389125 25.219093 9.652867 6.034064 -14.991354 -1.440976 0.889157 -1.513846 -0.000000 0.000000 -0.000001 
-2.181202 96.994858 -0.869917 -0.210867 -0.106090 -0.996878 0.627570 0.428467 2.725823 -0.537543 -0.183247 -4.651290 1.430081 -2.541324 13.960962 -7.423571 9.283046 22.083334 1.286707 6.332437 -3.166696 -3.789797 8.147253 14.480021 0.000077 -0.000023 0.000005 0.089571 -0.102858 -0.164600 0.891567 -3.874770 -10.719973 -0.723485 3.656265 -10.707486 23.175865 -19.396492 7.030480 -93.252800 -37.942673 -13.824334 179.554611 -31.598595 -179.813202 -3.574128 -18.601849 -14.013433 -5.882101 9.861276 0.702590 -10.936860 -0.360574 7.156199 0.000002 8.774811 0.000000 -17.107758 17.836124 5.820676 -1.844033 2.498502 -2.507278 -10.163590 4.678939 4.621103 -20.976000 -0.000003 0.000001 -21.226254 2.451692 -3.593993 0.000001 -0.000005 -0.000000 -1.362680 2.240796 -0.746323 -21.334892 0.584910 3.008320 -13.821197 -0.000002 0.000001 -23.887133 -0.249078 -0.839482 -61.572617 2.183716 -1.622450 -0.294026 1.679686 0.833255 -14.218195 0.093215 1.300579 -34.212006 -0.287563 0.967169 -20.033180 0.964534 1.212841 -0.000000 0.000001 0.000000 -3.440385 0.788233 0.501655 -15.928169 -3.167305 2.999703 -6.338817 0.000000 0.000002 -18.123415 3.648176 -4.905662 -0.000006 0.000001 -0.000002 -12.773549 26.102293 10.677409 94.002625 48.168594 16.564339 179.596313 39.028503 -179.689972 -8.108505 13.116838 -11.034897 2.243540 -5.255033 -3.180154 14.282877 -0.826594 6.952495 -0.000003 -12.690590 0.000001 16.450874 -18.735371 3.205375 1.665665 -1.955920 -2.878298 4.727793 -4.170584 4.993918 11.020512 0.000003 0.000001 12.109034 -3.735712 -2.866780 0.000001 -0.000001 -0.000000 1.291985 -1.928548 -1.498087 14.800113 0.567467 3.865602 14.242553 -1.341734 -6.660649 19.631939 0.143926 -0.648242 51.336208 -1.056295 -5.898774 0.353029 -1.511150 -0.031940 20.222771 3.684306 2.316629 18.787247 0.000005 -0.000001 10.751610 -0.479869 1.397903 -0.000000 0.000002 -0.000001 3.273804 0.305947 -0.580112 21.486794 11.830363 2.266132 8.162915 0.000001 -0.000001 18.399054 -3.798980 -4.940567 0.000003 0.000000 -0.000001 12.964053 25.561697 -18.237329 -0.325381 -0.702760 21.293968 -13.821205 -9.435185 8.641105 1.665752 -1.914556 -1.477730 -0.000000 0.000000 0.000002 -9.534069 -12.178107 -4.175714 0.051728 0.410330 24.795406 9.706073 6.030581 -14.831560 -1.441183 0.886054 -1.539649 -0.000000 0.000000 -0.000001 
-2.180097 97.073242 -0.780251 -0.240249 -0.147774 -0.897104 0.628839 0.434542 2.666952 -0.538249 -0.174256 -4.678114 1.439964 -2.514074 13.904764 -7.457725 9.337449 22.154930 1.292244 6.307012 -3.162132 -3.740903 8.112400 14.773609 0.000077 -0.000024 0.000007 0.081611 -0.102894 -0.192737 0.895180 -3.871610 -10.724833 -0.720921 3.652501 -10.711305 23.305288 -19.402472 6.885381 -93.138695 -37.837280 -13.987961 179.499023 -31.595411 -179.742050 -3.545804 -18.600931 -14.127602 -5.882099 9.861278 0.702590 -10.936855 -0.360577 7.156196 0.000001 8.774815 -0.000002 -17.111982 17.795506 5.855744 -1.844031 2.498503 -2.507275 -10.163589 4.678939 4.621103 -20.975992 -0.000004 0.000005 -21.226250 2.451693 -3.593992 -0.000000 -0.000006 -0.000001 -1.362679 2.240796 -0.746323 -21.334892 0.584907 3.008321 -13.821197 -0.000001 0.000003 -23.887123 -0.249078 -0.839480 -61.588394 2.173537 -1.612003 -0.294025 1.679686 0.833256 -14.218190 0.093214 1.300580 -34.211998 -0.287564 0.967174 -20.033175 0.964535 1.212843 -0.000000 0.000001 0.000000 -3.440385 0.788232 0.501655 -15.928167 -3.167308 2.999705 -6.338817 -0.000002 0.000002 -18.123413 3.648176 -4.905660 -0.000006 0.000001 -0.000002 -12.875492 26.149921 10.572152 94.061256 48.090099 16.545361 179.517258 38.982430 -179.740814 -8.249643 13.084096 -10.964525 2.243540 -5.255033 -3.180156 14.282875 -0.826593 6.952497 -0.000004 -12.690593 0.000000 16.415800 -18.712856 3.214965 1.665665 -1.955920 -2.878296 4.727793 -4.170583 4.993919 11.020511 0.000004 -0.000000 12.109032 -3.735708 -2.866780 0.000000 -0.000000 0.000000 1.291984 -1.928548 -1.498087 14.800111 0.567469 3.865603 14.242551 -1.341733 -6.660646 19.631945 0.143927 -0.648243 51.314053 -1.060800 -5.877763 0.353029 -1.511149 -0.031941 20.222771 3.684308 2.316627 18.787245 0.000006 0.000001 10.751610 -0.479866 1.397905 -0.000000 0.000002 -0.000001 3.273804 0.305947 -0.580109 21.486794 11.830364 2.266133 8.162917 0.000002 -0.000002 18.399054 -3.798979 -4.940569 0.000003 0.000001 -0.000001 12.981662 25.563730 -18.150291 -0.321266 -0.701916 21.058298 -13.883032 -9.414416 8.797990 1.663230 -1.906495 -1.476784 -0.000000 0.000000 0.000002 -9.476389 -12.165958 -4.022365 0.041998 0.421626 24.343515 9.757450 6.022609 -14.614263 -1.440754 0.879261 -1.569252 -0.000000 -0.000000 -0.000001 
-2.160059 97.151031 -0.660566 -0.274095 -0.169507 -0.803249 0.631274 0.448345 2.606447 -0.539928 -0.164791 -4.721868 1.448430 -2.500935 13.858679 -7.473674 9.374916 22.226862 1.278106 6.287728 -3.160584 -3.690353 8.056261 15.118093 0.000076 -0.000023 0.000006 0.077911 -0.094688 -0.173529 0.892136 -3.865298 -10.718360 -0.735155 3.666657 -10.706546 23.462452 -19.421291 6.743907 -93.050735 -37.707001 -14.099004 179.446869 -31.581209 -179.701431 -3.534198 -18.638071 -14.119416 -5.882102 9.861278 0.702589 -10.936859 -0.360574 7.156196 0.000002 8.774812 0.000000 -17.106253 17.785088 5.892018 -1.844031 2.498502 -2.507274 -10.163589 4.678940 4.621103 -20.975996 -0.000002 0.000002 -21.226255 2.451692 -3.593995 0.000001 -0.000006 -0.000000 -1.362682 2.240797 -0.746323 -21.334887 0.584910 3.008319 -13.821197 -0.000002 0.000001 -23.887129 -0.249078 -0.839482 -61.628464 2.165934 -1.617881 -0.294025 1.679686 0.833255 -14.218192 0.093216 1.300579 -34.212002 -0.287564 0.967168 -20.033180 0.964536 1.212842 -0.000000 -0.000000 -0.000000 -3.440386 0.788232 0.501656 -15.928171 -3.167305 2.999703 -6.338817 -0.000001 0.000000 -18.123415 3.648177 -4.905662 -0.000005 -0.000000 -0.000001 -12.963543 26.174412 10.521392 94.071571 48.079121 16.466570 179.424973 38.952488 -179.788773 -8.384130 13.070173 -10.782764 2.243540 -5.255033 -3.180156 14.282877 -0.826591 6.952497 -0.000003 -12.690590 0.000002 16.346788 -18.693285 3.239350 1.665665 -1.955920 -2.878298 4.727794 -4.170583 4.993917 11.020512 0.000005 -0.000000 12.109034 -3.735708 -2.866780 0.000001 -0.000001 -0.000001 1.291984 -1.928548 -1.498091 14.800113 0.567470 3.865603 14.242553 -1.341733 -6.660647 19.631939 0.143929 -0.648241 51.291740 -1.108904 -5.884329 0.353029 -1.511150 -0.031940 20.222771 3.684309 2.316629 18.787245 0.000006 0.000001 10.751612 -0.479867 1.397904 -0.000000 0.000001 -0.000001 3.273804 0.305947 -0.580110 21.486792 11.830366 2.266131 8.162915 0.000004 -0.000002 18.399054 -3.798980 -4.940567 0.000003 0.000000 -0.000002 12.995831 25.566753 -18.078966 -0.309772 -0.695008 20.893799 -13.907099 -9.413942 8.915186 1.662971 -1.905244 -1.485179 0.000000 -0.000000 0.000002 -9.436880 -12.152001 -3.819203 0.038142 0.423882 23.858679 9.828536 6.022169 -14.381400 -1.440335 0.869155 -1.589614 -0.000000 -0.000000 -0.000001 
-2.089877 97.214767 -0.586161 -0.313628 -0.195273 -0.713074 0.644542 0.458886 2.533963 -0.545916 -0.147428 -4.738544 1.464077 -2.514141 13.790153 -7.491697 9.429668 22.288094 1.238316 6.287905 -3.168817 -3.625575 8.015663 15.436099 0.000077 -0.000024 0.000005 0.066916 -0.082246 -0.184610 0.888499 -3.861605 -10.733382 -0.752993 3.675171 -10.733319 23.617928 -19.437740 6.601943 -92.958336 -37.576790 -14.235250 179.405258 -31.555328 -179.668152 -3.562078 -18.677605 -14.035713 -5.882101 9.861279 0.702589 -10.936858 -0.360575 7.156198 0.000003 8.774814 0.000000 -17.133690 17.773331 5.892005 -1.844031 2.498502 -2.507274 -10.163589 4.678939 4.621102 -20.975994 -0.000003 0.000004 -21.226250 2.451693 -3.593993 0.000001 -0.000007 -0.000000 -1.362681 2.240796 -0.746322 -21.334890 0.584909 3.008321 -13.821197 -0.000002 0.000003 -23.887129 -0.249078 -0.839481 -61.632324 2.132930 -1.603240 -0.294024 1.679686 0.833255 -14.218194 0.093214 1.300580 -34.212006 -0.287563 0.967170 -20.033178 0.964535 1.212842 -0.000000 0.000001 0.000000 -3.440386 0.788233 0.501656 -15.928173 -3.167306 2.999704 -6.338817 -0.000001 0.000001 -18.123413 3.648177 -4.905661 -0.000005 0.000001 -0.000001 -13.045299 26.203094 10.447565 94.056396 48.039032 16.396576 179.362320 38.924507 -179.789505 -8.502049 13.087510 -10.525014 2.243540 -5.255033 -3.180155 14.282875 -0.826593 6.952496 -0.000001 -12.690592 -0.000002 16.284657 -18.694637 3.274737 1.665665 -1.955920 -2.878294 4.727793 -4.170582 4.993917 11.020509 0.000003 -0.000001 12.109033 -3.735711 -2.866778 0.000001 -0.000001 -0.000000 1.291984 -1.928548 -1.498087 14.800111 0.567468 3.865603 14.242553 -1.341736 -6.660650 19.631939 0.143926 -0.648244 51.296097 -1.129980 -5.854807 0.353029 -1.511150 -0.031939 20.222769 3.684307 2.316628 18.787245 0.000005 0.000002 10.751610 -0.479868 1.397904 0.000000 0.000001 0.000000 3.273804 0.305947 -0.580109 21.486790 11.830363 2.266129 8.162916 0.000002 -0.000002 18.399054 -3.798979 -4.940570 0.000003 0.000000 -0.000002 12.966473 25.619755 -18.068764 -0.306820 -0.702243 20.790052 -13.866654 -9.430834 8.960311 1.663315 -1.889711 -1.506799 -0.000000 0.000000 0.000002 -9.416189 -12.145587 -3.646691 0.027574 0.435292 23.374826 9.931764 5.996368 -14.165375 -1.438403 0.869449 -1.596335 -0.000000 -0.000000 -0.000001 
-2.068696 97.302971 -0.504346 -0.348158 -0.219461 -0.636447 0.656319 0.485963 2.477704 -0.547301 -0.157808 -4.771729 1.475461 -2.538521 13.735650 -7.519174 9.479300 22.334972 1.221386 6.316950 -3.172859 -3.604882 7.969290 15.715107 0.000078 -0.000024 0.000007 0.067795 -0.083177 -0.163126 0.896223 -3.863889 -10.731043 -0.747656 3.681908 -10.733034 23.759220 -19.462318 6.481959 -92.894829 -37.430302 -14.368726 179.360947 -31.521290 -179.648163 -3.588347 -18.692982 -14.014151 -5.882103 9.861279 0.702588 -10.936859 -0.360576 7.156195 0.000004 8.774813 0.000000 -17.162712 17.751612 5.889721 -1.844030 2.498503 -2.507276 -10.163590 4.678940 4.621102 -20.976000 -0.000004 0.000001 -21.226255 2.451692 -3.593995 0.000001 -0.000006 -0.000001 -1.362681 2.240797 -0.746324 -21.334892 0.584909 3.008320 -13.821198 -0.000003 0.000001 -23.887131 -0.249079 -0.839482 -61.692921 2.088195 -1.597485 -0.294025 1.679686 0.833254 -14.218195 0.093214 1.300579 -34.212006 -0.287564 0.967169 -20.033182 0.964535 1.212841 -0.000000 0.000000 0.000000 -3.440385 0.788233 0.501654 -15.928169 -3.167306 2.999704 -6.338816 -0.000002 0.000001 -18.123415 3.648176 -4.905664 -0.000005 0.000001 -0.000001 -13.125394 26.251461 10.423537 94.011116 48.065052 16.272013 179.287537 38.912590 -179.800400 -8.651228 13.094964 -10.277534 2.243540 -5.255032 -3.180156 14.282877 -0.826591 6.952494 -0.000004 -12.690590 -0.000000 16.247719 -18.705948 3.303191 1.665665 -1.955920 -2.878299 4.727793 -4.170582 4.993917 11.020512 0.000004 -0.000001 12.109033 -3.735708 -2.866780 0.000000 0.000000 -0.000001 1.291984 -1.928548 -1.498088 14.800111 0.567469 3.865606 14.242553 -1.341734 -6.660649 19.631939 0.143926 -0.648242 51.321392 -1.138386 -5.820776 0.353028 -1.511149 -0.031941 20.222771 3.684308 2.316628 18.787245 0.000005 -0.000000 10.751609 -0.479866 1.397904 -0.000000 0.000001 -0.000001 3.273804 0.305947 -0.580109 21.486792 11.830364 2.266131 8.162914 0.000003 -0.000002 18.399054 -3.798976 -4.940567 0.000003 -0.000001 -0.000001 12.969198 25.697115 -18.028252 -0.300159 -0.714012 20.663431 -13.835052 -9.412772 9.179532 1.663001 -1.887670 -1.509917 -0.000000 0.000000 0.000002 -9.374224 -12.117966 -3.472290 0.022290 0.431861 22.932589 9.987138 6.002507 -13.862214 -1.438917 0.869674 -1.595834 0.000000 0.000000 -0.000001 
-2.038003 97.367607 -0.440271 -0.386821 -0.275974 -0.560779 0.670918 0.465446 2.406864 -0.549086 -0.133547 -4.777379 1.482105 -2.548452 13.674259 -7.558761 9.542809 22.353071 1.231886 6.329722 -3.176185 -3.626104 7.999794 15.937946 0.000078 -0.000024 0.000005 0.076003 -0.091588 -0.163064 0.899973 -3.876832 -10.758587 -0.752489 3.685777 -10.757264 23.904451 -19.501829 6.389509 -92.856720 -37.363228 -14.438020 179.305862 -31.469408 -179.633438 -3.661300 -18.693918 -13.975169 -5.882102 9.861279 0.702589 -10.936858 -0.360576 7.156197 -0.000001 8.774814 -0.000002 -17.152496 17.733843 5.896134 -1.844032 2.498503 -2.507276 -10.163589 4.678940 4.621105 -20.975992 -0.000003 0.000003 -21.226250 2.451694 -3.593993 0.000001 -0.000005 -0.000000 -1.362680 2.240797 -0.746322 -21.334894 0.584906 3.008319 -13.821197 -0.000003 0.000002 -23.887131 -0.249079 -0.839480 -61.666920 2.065331 -1.577189 -0.294025 1.679686 0.833255 -14.218192 0.093214 1.300578 -34.211998 -0.287566 0.967171 -20.033178 0.964535 1.212842 -0.000000 -0.000000 -0.000000 -3.440384 0.788232 0.501656 -15.928169 -3.167306 2.999704 -6.338814 -0.000001 0.000002 -18.123413 3.648175 -4.905663 -0.000004 -0.000000 -0.000001 -13.221727 26.307674 10.340855 94.082283 48.023922 16.295500 179.275925 38.889164 -179.770294 -8.745585 13.083633 -10.019945 2.243539 -5.255033 -3.180155 14.282878 -0.826592 6.952496 -0.000003 -12.690590 -0.000002 16.268829 -18.717426 3.327415 1.665665 -1.955920 -2.878298 4.727795 -4.170583 4.993919 11.020513 0.000004 0.000000 12.109035 -3.735710 -2.866778 0.000000 0.000000 -0.000001 1.291984 -1.928548 -1.498091 14.800114 0.567468 3.865608 14.242554 -1.341734 -6.660650 19.631937 0.143924 -0.648242 51.356873 -1.159824 -5.819333 0.353029 -1.511150 -0.031942 20.222773 3.684309 2.316628 18.787249 0.000006 0.000000 10.751614 -0.479867 1.397904 0.000000 0.000003 -0.000001 3.273804 0.305947 -0.580111 21.486792 11.830364 2.266132 8.162917 0.000003 -0.000001 18.399054 -3.798981 -4.940568 0.000002 0.000001 -0.000001 12.980266 25.800341 -17.994560 -0.309367 -0.725489 20.557537 -13.800843 -9.376326 9.296762 1.667796 -1.878811 -1.529149 -0.000000 0.000000 0.000002 -9.335962 -12.086469 -3.325835 0.020925 0.427797 22.508417 10.048959 5.985546 -13.641867 -1.438918 0.856184 -1.552498 -0.000000 -0.000000 -0.000001 
-2.005993 97.421249 -0.359635 -0.413536 -0.326791 -0.494307 0.676633 0.462246 2.353967 -0.547934 -0.125374 -4.796894 1.483362 -2.528425 13.630513 -7.592789 9.590247 22.387545 1.232084 6.357352 -3.169672 -3.686612 8.004944 16.102039 0.000078 -0.000022 0.000006 0.092968 -0.100823 -0.165697 0.916858 -3.887671 -10.776701 -0.737085 3.678677 -10.772645 24.007881 -19.550632 6.299025 -92.879562 -37.285160 -14.432105 179.277283 -31.468046 -179.622162 -3.685602 -18.696886 -14.036216 -5.882102 9.861279 0.702590 -10.936859 -0.360574 7.156197 0.000002 8.774813 0.000000 -17.132042 17.726673 5.918808 -1.844032 2.498502 -2.507276 -10.163590 4.678941 4.621104 -20.975994 -0.000003 0.000004 -21.226255 2.451694 -3.593994 0.000001 -0.000006 -0.000000 -1.362681 2.240797 -0.746323 -21.334892 0.584909 3.008319 -13.821197 -0.000002 0.000000 -23.887131 -0.249078 -0.839482 -61.662308 2.061973 -1.589256 -0.294025 1.679686 0.833254 -14.218194 0.093215 1.300578 -34.212006 -0.287563 0.967169 -20.033180 0.964535 1.212841 -0.000000 0.000000 0.000000 -3.440384 0.788233 0.501655 -15.928167 -3.167306 2.999704 -6.338818 -0.000000 -0.000002 -18.123415 3.648176 -4.905662 -0.000005 0.000001 -0.000002 -13.270185 26.313454 10.336422 94.093071 48.038071 16.291769 179.279587 38.872471 -179.764771 -8.836599 13.075695 -9.716924 2.243540 -5.255033 -3.180155 14.282878 -0.826595 6.952496 -0.000002 -12.690591 0.000000 16.323450 -18.747173 3.310075 1.665665 -1.955920 -2.878297 4.727794 -4.170584 4.993918 11.020513 0.000002 -0.000002 12.109034 -3.735711 -2.866777 0.000001 -0.000001 -0.000001 1.291984 -1.928547 -1.498089 14.800114 0.567466 3.865604 14.242553 -1.341734 -6.660645 19.631935 0.143924 -0.648245 51.420086 -1.163405 -5.801382 0.353029 -1.511149 -0.031939 20.222769 3.684304 2.316628 18.787247 0.000003 -0.000000 10.751610 -0.479870 1.397904 -0.000000 0.000003 -0.000001 3.273804 0.305947 -0.580111 21.486792 11.830361 2.266129 8.162918 0.000002 -0.000001 18.399054 -3.798978 -4.940567 0.000003 0.000000 -0.000002 12.983181 25.882536 -17.971790 -0.296217 -0.710314 20.511978 -13.786373 -9.343878 9.375289 1.668895 -1.890682 -1.540567 -0.000000 -0.000001 0.000002 -9.317321 -12.051550 -3.196404 0.016268 0.418535 22.169621 10.088941 6.001353 -13.449427 -1.439327 0.852626 -1.522428 0.000000 0.000000 -0.000001 
-1.992293 97.461365 -0.352775 -0.440417 -0.384233 -0.453794 0.684599 0.464790 2.312291 -0.540888 -0.127733 -4.799774 1.482822 -2.508683 13.601036 -7.621476 9.642661 22.398481 1.227215 6.368529 -3.184098 -3.746866 8.020760 16.298170 0.000077 -0.000023 0.000007 0.105776 -0.111332 -0.186562 0.939798 -3.904993 -10.795698 -0.719342 3.673120 -10.788441 24.101463 -19.589445 6.181714 -92.946693 -37.197361 -14.429884 179.251999 -31.461994 -179.598175 -3.693041 -18.721220 -14.054783 -5.882100 9.861278 0.702588 -10.936859 -0.360576 7.156196 0.000001 8.774813 -0.000002 -17.153839 17.687668 5.901834 -1.844031 2.498502 -2.507276 -10.163589 4.678939 4.621103 -20.975992 -0.000004 0.000003 -21.226250 2.451692 -3.593992 0.000001 -0.000006 -0.000000 -1.362680 2.240796 -0.746323 -21.334885 0.584907 3.008321 -13.821197 -0.000003 0.000003 -23.887131 -0.249080 -0.839480 -61.653095 2.037788 -1.595327 -0.294025 1.679686 0.833255 -14.218194 0.093213 1.300578 -34.211998 -0.287567 0.967170 -20.033176 0.964533 1.212842 -0.000000 -0.000000 -0.000000 -3.440387 0.788233 0.501656 -15.928165 -3.167307 2.999703 -6.338817 -0.000002 0.000001 -18.123411 3.648174 -4.905662 -0.000005 0.000002 -0.000002 -13.291392 26.304859 10.313425 94.166122 48.006462 16.358398 179.314011 38.824520 -179.713913 -8.881316 13.021148 -9.447306 2.243540 -5.255033 -3.180156 14.282875 -0.826592 6.952493 -0.000003 -12.690590 0.000000 16.381042 -18.729275 3.317102 1.665665 -1.955920 -2.878299 4.727792 -4.170583 4.993919 11.020511 0.000003 -0.000001 12.109031 -3.735709 -2.866779 0.000001 -0.000002 -0.000000 1.291984 -1.928547 -1.498087 14.800111 0.567470 3.865601 14.242553 -1.341733 -6.660646 19.631939 0.143927 -0.648243 51.414898 -1.160607 -5.773801 0.353029 -1.511150 -0.031939 20.222767 3.684308 2.316626 18.787245 0.000008 -0.000000 10.751607 -0.479867 1.397905 0.000001 0.000002 0.000000 3.273804 0.305947 -0.580108 21.486788 11.830363 2.266129 8.162916 0.000002 -0.000002 18.399050 -3.798977 -4.940566 0.000002 0.000000 -0.000001 12.995773 25.940594 -17.952776 -0.298301 -0.713935 20.433884 -13.791974 -9.246671 9.481031 1.669466 -1.906494 -1.561062 -0.000000 -0.000000 0.000002 -9.285585 -12.042521 -3.140415 0.012328 0.416497 21.934381 10.092830 6.029777 -13.302966 -1.436923 0.845657 -1.522968 0.000000 0.000000 -0.000001 
-1.947279 97.480576 -0.339720 -0.479458 -0.462841 -0.451149 0.698820 0.461484 2.294781 -0.542404 -0.125021 -4.793148 1.498112 -2.476887 13.604458 -7.640900 9.683469 22.424004 1.231648 6.350381 -3.183821 -3.781035 8.039165 16.458376 0.000078 -0.000023 0.000006 0.114818 -0.125129 -0.194125 0.952098 -3.915654 -10.822979 -0.716264 3.668818 -10.818515 24.150017 -19.600815 6.120159 -93.071098 -37.165321 -14.406692 179.270020 -31.462879 -179.600357 -3.691370 -18.711731 -14.037415 -5.882100 9.861278 0.702590 -10.936859 -0.360576 7.156198 0.000001 8.774813 -0.000003 -17.143845 17.661711 5.898631 -1.844030 2.498503 -2.507274 -10.163591 4.678939 4.621103 -20.975994 -0.000003 0.000005 -21.226255 2.451692 -3.593992 0.000001 -0.000006 -0.000000 -1.362679 2.240796 -0.746322 -21.334894 0.584908 3.008322 -13.821195 -0.000003 0.000004 -23.887135 -0.249077 -0.839479 -61.594593 2.028411 -1.582844 -0.294024 1.679686 0.833254 -14.218194 0.093213 1.300582 -34.212006 -0.287564 0.967174 -20.033180 0.964536 1.212844 -0.000000 0.000001 -0.000000 -3.440385 0.788232 0.501654 -15.928169 -3.167308 2.999707 -6.338819 0.000000 0.000002 -18.123415 3.648177 -4.905660 -0.000004 -0.000000 -0.000001 -13.259110 26.291702 10.338598 94.148766 47.980087 16.351110 179.309006 38.773922 -179.713654 -8.917666 12.960749 -9.132756 2.243540 -5.255033 -3.180156 14.282877 -0.826591 6.952496 -0.000004 -12.690590 -0.000001 16.371567 -18.708298 3.294516 1.665665 -1.955920 -2.878297 4.727793 -4.170583 4.993917 11.020511 0.000004 -0.000000 12.109033 -3.735708 -2.866780 0.000001 -0.000001 -0.000001 1.291984 -1.928548 -1.498088 14.800113 0.567470 3.865604 14.242551 -1.341733 -6.660648 19.631939 0.143927 -0.648239 51.367775 -1.110853 -5.776579 0.353029 -1.511150 -0.031940 20.222769 3.684309 2.316629 18.787247 0.000006 -0.000001 10.751610 -0.479865 1.397905 0.000001 0.000003 -0.000001 3.273804 0.305947 -0.580108 21.486792 11.830368 2.266131 8.162917 0.000003 0.000001 18.399052 -3.798978 -4.940566 0.000003 -0.000001 -0.000002 13.033615 25.993528 -17.942146 -0.304136 -0.708290 20.491749 -13.789917 -9.185463 9.468843 1.670278 -1.929648 -1.581835 -0.000000 -0.000000 0.000002 -9.282078 -12.045937 -3.066939 0.018031 0.419218 21.752296 10.097488 6.063821 -13.191373 -1.434271 0.845572 -1.529243 -0.000000 0.000000 -0.000001 
-1.904706 97.470268 -0.352084 -0.517947 -0.539379 -0.475126 0.712441 0.464377 2.279471 -0.548135 -0.115540 -4.792632 1.522476 -2.454896 13.653965 -7.655390 9.705938 22.452658 1.228803 6.316497 -3.181436 -3.795525 8.025541 16.536802 0.000078 -0.000023 0.000007 0.123891 -0.124932 -0.176154 0.966467 -3.924965 -10.830773 -0.707358 3.656820 -10.814197 24.123413 -19.595415 6.113096 -93.148384 -37.142162 -14.313019 179.279160 -31.474026 -179.594376 -3.681061 -18.732197 -14.005144 -5.882100 9.861279 0.702590 -10.936857 -0.360576 7.156198 0.000001 8.774814 -0.000002 -17.140799 17.680922 5.914210 -1.844030 2.498503 -2.507275 -10.163587 4.678939 4.621105 -20.975994 -0.000005 0.000004 -21.226255 2.451692 -3.593992 0.000001 -0.000006 0.000001 -1.362680 2.240796 -0.746323 -21.334887 0.584907 3.008322 -13.821195 -0.000002 0.000002 -23.887129 -0.249079 -0.839480 -61.555744 2.053311 -1.572943 -0.294024 1.679686 0.833255 -14.218192 0.093214 1.300580 -34.211998 -0.287564 0.967172 -20.033173 0.964535 1.212842 -0.000000 0.000000 0.000000 -3.440385 0.788232 0.501654 -15.928169 -3.167307 2.999705 -6.338815 -0.000001 0.000002 -18.123411 3.648176 -4.905662 -0.000005 0.000001 -0.000001 -13.183740 26.268066 10.417904 94.095360 47.941010 16.307787 179.282532 38.720665 -179.756424 -8.898618 12.874163 -8.908319 2.243540 -5.255033 -3.180159 14.282877 -0.826593 6.952497 -0.000002 -12.690592 0.000000 16.358135 -18.658253 3.277059 1.665665 -1.955921 -2.878299 4.727793 -4.170583 4.993917 11.020510 0.000004 -0.000001 12.109033 -3.735709 -2.866779 0.000000 -0.000001 -0.000001 1.291984 -1.928548 -1.498091 14.800113 0.567469 3.865602 14.242551 -1.341735 -6.660649 19.631939 0.143927 -0.648243 51.319931 -1.074394 -5.775994 0.353029 -1.511150 -0.031941 20.222767 3.684307 2.316625 18.787245 0.000006 -0.000001 10.751610 -0.479867 1.397903 0.000000 0.000001 0.000001 3.273804 0.305947 -0.580109 21.486788 11.830366 2.266132 8.162916 0.000001 0.000002 18.399054 -3.798979 -4.940568 0.000003 0.000001 -0.000001 13.075942 26.055853 -17.952787 -0.302407 -0.692730 20.611778 -13.796214 -9.198560 9.382195 1.668708 -1.936262 -1.587910 -0.000000 -0.000001 0.000002 -9.275580 -12.023560 -3.021982 0.018043 0.413687 21.653679 10.091975 6.077412 -13.193157 -1.431208 0.841878 -1.482903 0.000000 0.000000 -0.000001 
-1.853091 97.443932 -0.363167 -0.561643 -0.591801 -0.520780 0.728301 0.463639 2.273414 -0.551667 -0.111725 -4.797251 1.548364 -2.443891 13.719074 -7.651645 9.712152 22.494854 1.221995 6.282638 -3.173641 -3.820509 8.015469 16.542521 0.000077 -0.000023 0.000006 0.129255 -0.131069 -0.175009 0.969404 -3.927692 -10.816836 -0.705313 3.647217 -10.808208 24.016529 -19.576176 6.203227 -93.287590 -37.166885 -14.066738 179.253067 -31.442825 -179.572495 -3.700165 -18.713903 -13.780267 -5.882101 9.861278 0.702590 -10.936858 -0.360575 7.156197 0.000001 8.774815 -0.000001 -17.163401 17.709885 5.895988 -1.844031 2.498503 -2.507276 -10.163589 4.678939 4.621104 -20.975994 -0.000005 0.000004 -21.226250 2.451692 -3.593993 0.000001 -0.000007 -0.000001 -1.362681 2.240797 -0.746322 -21.334887 0.584907 3.008321 -13.821197 -0.000001 0.000003 -23.887133 -0.249082 -0.839481 -61.536961 2.061006 -1.535329 -0.294023 1.679685 0.833256 -14.218194 0.093214 1.300576 -34.211998 -0.287566 0.967170 -20.033180 0.964534 1.212842 -0.000000 0.000000 0.000000 -3.440385 0.788232 0.501655 -15.928167 -3.167307 2.999703 -6.338817 0.000001 0.000003 -18.123415 3.648175 -4.905662 -0.000005 -0.000000 -0.000002 -13.085880 26.267076 10.473914 94.015877 47.867413 16.119316 179.164719 38.657505 -179.834274 -8.899047 12.775598 -8.888713 2.243539 -5.255033 -3.180154 14.282877 -0.826593 6.952497 -0.000003 -12.690592 0.000000 16.371325 -18.609041 3.222608 1.665665 -1.955920 -2.878298 4.727793 -4.170583 4.993918 11.020510 0.000003 0.000000 12.109029 -3.735710 -2.866779 0.000000 -0.000000 -0.000001 1.291984 -1.928547 -1.498088 14.800111 0.567469 3.865605 14.242553 -1.341735 -6.660649 19.631939 0.143926 -0.648243 51.336506 -1.054147 -5.783267 0.353028 -1.511150 -0.031941 20.222771 3.684306 2.316631 18.787245 0.000005 0.000001 10.751610 -0.479867 1.397906 -0.000001 0.000002 -0.000001 3.273804 0.305947 -0.580111 21.486790 11.830363 2.266130 8.162917 0.000002 -0.000001 18.399050 -3.798980 -4.940566 0.000003 -0.000001 -0.000000 13.121405 26.124466 -17.970982 -0.305767 -0.690246 20.778252 -13.755010 -9.240764 9.220828 1.666443 -1.939775 -1.591881 -0.000000 0.000000 0.000002 -9.276384 -12.012221 -2.982170 0.026027 0.426983 21.632551 10.072148 6.086164 -13.238188 -1.429541 0.841420 -1.448672 -0.000000 -0.000000 -0.000001 
-1.794868 97.421440 -0.359541 -0.604890 -0.678804 -0.569492 0.737306 0.484605 2.272139 -0.553592 -0.130981 -4.811030 1.564264 -2.435436 13.807931 -7.628171 9.700196 22.542061 1.189431 6.258251 -3.167662 -3.852113 7.985275 16.518169 0.000077 -0.000023 0.000007 0.117866 -0.120398 -0.175851 0.956716 -3.908132 -10.814558 -0.715299 3.659544 -10.805722 23.860273 -19.505035 6.346087 -93.375572 -37.204659 -13.654040 179.178757 -31.464987 -179.527588 -3.729412 -18.744005 -13.450059 -5.882101 9.861279 0.702589 -10.936861 -0.360575 7.156196 0.000001 8.774813 -0.000002 -17.136200 17.754848 5.921817 -1.844030 2.498503 -2.507277 -10.163590 4.678940 4.621104 -20.975994 -0.000003 0.000002 -21.226254 2.451693 -3.593994 0.000001 -0.000006 -0.000000 -1.362680 2.240796 -0.746324 -21.334887 0.584906 3.008320 -13.821195 -0.000002 0.000003 -23.887131 -0.249078 -0.839480 -61.489712 2.076074 -1.498419 -0.294026 1.679686 0.833255 -14.218194 0.093214 1.300578 -34.212006 -0.287564 0.967171 -20.033180 0.964535 1.212842 -0.000000 -0.000001 0.000000 -3.440384 0.788232 0.501656 -15.928171 -3.167307 2.999706 -6.338816 -0.000002 0.000000 -18.123413 3.648175 -4.905663 -0.000006 0.000001 -0.000002 -13.008389 26.246424 10.523271 93.995209 47.819744 16.003366 179.072937 38.646397 -179.913910 -8.908583 12.742010 -9.014931 2.243540 -5.255033 -3.180156 14.282877 -0.826593 6.952495 -0.000003 -12.690592 0.000000 16.386086 -18.578728 3.197501 1.665665 -1.955920 -2.878297 4.727793 -4.170582 4.993915 11.020511 0.000004 -0.000002 12.109031 -3.735708 -2.866781 0.000000 -0.000000 -0.000001 1.291984 -1.928548 -1.498088 14.800111 0.567468 3.865604 14.242553 -1.341734 -6.660650 19.631935 0.143927 -0.648242 51.346603 -1.010764 -5.781461 0.353029 -1.511150 -0.031939 20.222769 3.684308 2.316627 18.787245 0.000006 -0.000001 10.751609 -0.479865 1.397903 0.000000 0.000001 -0.000001 3.273804 0.305947 -0.580109 21.486792 11.830366 2.266131 8.162916 0.000002 0.000000 18.399052 -3.798975 -4.940568 0.000003 -0.000001 -0.000002 13.180356 26.217548 -17.965082 -0.310602 -0.675230 20.957262 -13.691957 -9.286781 9.050016 1.665295 -1.933154 -1.593836 -0.000000 -0.000000 0.000002 -9.284921 -11.971010 -2.948648 0.031841 0.428495 21.633837 10.070571 6.106166 -13.251371 -1.429856 0.850251 -1.424847 -0.000000 -0.000000 -0.000001 
-1.735731 97.399178 -0.346313 -0.641680 -0.742599 -0.610662 0.737678 0.466237 2.267777 -0.552518 -0.119916 -4.816679 1.571973 -2.445285 13.864833 -7.623142 9.662140 22.591185 1.167843 6.240915 -3.147252 -3.940816 7.980069 16.432611 0.000077 -0.000023 0.000007 0.106311 -0.105121 -0.155635 0.941205 -3.891911 -10.782906 -0.710947 3.661006 -10.793991 23.750008 -19.463120 6.487450 -93.480072 -37.210308 -13.275025 179.095184 -31.474285 -179.515625 -3.749366 -18.795744 -13.116158 -5.882100 9.861279 0.702591 -10.936855 -0.360575 7.156197 0.000002 8.774815 0.000001 -17.120268 17.818577 5.953283 -1.844030 2.498502 -2.507277 -10.163589 4.678941 4.621104 -20.975994 -0.000004 0.000002 -21.226250 2.451693 -3.593994 0.000001 -0.000006 -0.000000 -1.362680 2.240796 -0.746324 -21.334887 0.584908 3.008321 -13.821191 -0.000002 0.000002 -23.887129 -0.249078 -0.839482 -61.480812 2.078715 -1.454559 -0.294024 1.679686 0.833255 -14.218190 0.093214 1.300579 -34.211998 -0.287564 0.967170 -20.033175 0.964534 1.212842 -0.000001 0.000000 0.000000 -3.440385 0.788232 0.501654 -15.928165 -3.167307 2.999703 -6.338816 -0.000001 0.000003 -18.123411 3.648176 -4.905661 -0.000005 0.000001 -0.000002 -12.960244 26.244558 10.545995 94.090118 47.768890 16.037085 179.006531 38.636200 -179.972900 -8.917551 12.753318 -9.079715 2.243540 -5.255033 -3.180155 14.282878 -0.826594 6.952494 -0.000003 -12.690591 0.000002 16.414658 -18.580952 3.180128 1.665665 -1.955920 -2.878296 4.727794 -4.170583 4.993919 11.020513 0.000003 -0.000001 12.109033 -3.735709 -2.866780 0.000000 -0.000000 -0.000001 1.291984 -1.928548 -1.498089 14.800113 0.567468 3.865603 14.242551 -1.341732 -6.660649 19.631941 0.143929 -0.648243 51.383167 -0.994833 -5.784992 0.353029 -1.511150 -0.031939 20.222769 3.684305 2.316627 18.787249 0.000005 -0.000003 10.751610 -0.479866 1.397903 -0.000000 0.000001 -0.000001 3.273804 0.305947 -0.580110 21.486792 11.830364 2.266129 8.162916 0.000002 -0.000001 18.399057 -3.798977 -4.940567 0.000003 -0.000001 -0.000000 13.221487 26.296387 -17.942190 -0.317729 -0.676756 21.078886 -13.623527 -9.319436 8.856719 1.665447 -1.912939 -1.575340 0.000000 0.000000 0.000002 -9.302091 -11.969525 -2.877768 0.032196 0.433466 21.566805 10.101827 6.155585 -13.275174 -1.430373 0.861015 -1.422102 -0.000000 -0.000000 -0.000001 
-1.664010 97.404930 -0.342831 -0.677701 -0.837363 -0.636970 0.738538 0.475687 2.259060 -0.551851 -0.137685 -4.822659 1.583628 -2.446103 13.902033 -7.616425 9.620422 22.662569 1.124241 6.247988 -3.146627 -4.001702 7.967665 16.372370 0.000078 -0.000022 0.000008 0.086085 -0.102483 -0.182455 0.908560 -3.875543 -10.793037 -0.736499 3.670365 -10.787190 23.663891 -19.438622 6.604545 -93.510414 -37.199547 -13.035747 179.061356 -31.522261 -179.500229 -3.739174 -18.823853 -12.907332 -5.882099 9.861278 0.702589 -10.936857 -0.360575 7.156198 0.000002 8.774813 0.000000 -17.099358 17.820915 5.979248 -1.844031 2.498503 -2.507276 -10.163588 4.678941 4.621105 -20.975994 -0.000004 0.000002 -21.226250 2.451691 -3.593992 0.000001 -0.000006 0.000001 -1.362682 2.240797 -0.746322 -21.334892 0.584910 3.008322 -13.821195 -0.000002 0.000003 -23.887129 -0.249079 -0.839481 -61.480686 2.043828 -1.415507 -0.294025 1.679686 0.833254 -14.218190 0.093215 1.300581 -34.211998 -0.287564 0.967169 -20.033178 0.964534 1.212842 -0.000001 0.000001 -0.000000 -3.440384 0.788233 0.501657 -15.928169 -3.167306 2.999704 -6.338817 0.000000 0.000002 -18.123411 3.648175 -4.905662 -0.000006 -0.000000 -0.000002 -12.944547 26.272030 10.550028 94.148773 47.711395 16.134472 179.044662 38.645599 -179.979340 -8.954075 12.857413 -9.083458 2.243540 -5.255032 -3.180156 14.282877 -0.826593 6.952493 -0.000002 -12.690590 -0.000001 16.411089 -18.602951 3.206993 1.665665 -1.955920 -2.878298 4.727794 -4.170583 4.993919 11.020512 0.000003 -0.000001 12.109034 -3.735710 -2.866779 0.000000 -0.000000 0.000001 1.291984 -1.928547 -1.498086 14.800114 0.567467 3.865603 14.242553 -1.341734 -6.660651 19.631939 0.143925 -0.648244 51.421474 -0.997980 -5.747081 0.353028 -1.511149 -0.031938 20.222771 3.684304 2.316629 18.787245 0.000004 -0.000000 10.751609 -0.479869 1.397904 -0.000000 0.000002 -0.000001 3.273804 0.305947 -0.580109 21.486790 11.830361 2.266132 8.162915 0.000002 0.000000 18.399052 -3.798979 -4.940567 0.000003 -0.000001 -0.000001 13.242153 26.387316 -17.913258 -0.307983 -0.674687 21.157660 -13.538225 -9.283076 8.757897 1.666317 -1.909733 -1.542319 0.000000 0.000000 0.000002 -9.325584 -11.936761 -2.838730 0.044113 0.436827 21.500341 10.142139 6.232158 -13.170858 -1.430203 0.878850 -1.421269 -0.000000 0.000000 -0.000001 
-1.582412 97.415665 -0.343258 -0.722252 -0.913269 -0.643159 0.742419 0.465571 2.244535 -0.546455 -0.139831 -4.830003 1.608780 -2.441936 13.918624 -7.601350 9.580176 22.706560 1.087093 6.217881 -3.148144 -4.099633 8.039719 16.259743 0.000077 -0.000023 0.000008 0.101290 -0.101373 -0.155387 0.910840 -3.884397 -10.770698 -0.716039 3.664291 -10.769578 23.688980 -19.466404 6.634407 -93.551872 -37.146217 -13.019730 179.090622 -31.530228 -179.524368 -3.705287 -18.852615 -12.742355 -5.882099 9.861278 0.702591 -10.936855 -0.360574 7.156199 0.000002 8.774814 0.000001 -17.096151 17.812107 5.997600 -1.844030 2.498502 -2.507275 -10.163590 4.678940 4.621104 -20.975994 -0.000003 0.000004 -21.226250 2.451693 -3.593992 0.000001 -0.000006 -0.000001 -1.362680 2.240796 -0.746322 -21.334887 0.584908 3.008322 -13.821195 -0.000001 0.000004 -23.887129 -0.249077 -0.839479 -61.499149 2.020171 -1.392586 -0.294024 1.679685 0.833255 -14.218192 0.093215 1.300581 -34.211998 -0.287564 0.967173 -20.033175 0.964536 1.212844 -0.000001 0.000001 -0.000000 -3.440385 0.788233 0.501655 -15.928165 -3.167306 2.999704 -6.338814 -0.000000 0.000003 -18.123407 3.648178 -4.905661 -0.000005 0.000001 -0.000002 -12.956015 26.293274 10.558777 94.262779 47.681171 16.326761 179.119614 38.646965 -179.927521 -9.004946 12.984066 -8.975830 2.243539 -5.255032 -3.180155 14.282875 -0.826592 6.952496 -0.000003 -12.690592 0.000000 16.366871 -18.631889 3.230458 1.665665 -1.955919 -2.878298 4.727793 -4.170583 4.993918 11.020510 0.000004 -0.000001 12.109030 -3.735709 -2.866778 0.000000 -0.000001 -0.000001 1.291984 -1.928548 -1.498087 14.800109 0.567469 3.865603 14.242553 -1.341733 -6.660648 19.631939 0.143930 -0.648243 51.407452 -1.019580 -5.762452 0.353028 -1.511149 -0.031940 20.222763 3.684307 2.316627 18.787245 0.000007 0.000000 10.751610 -0.479867 1.397905 0.000000 0.000002 0.000001 3.273804 0.305947 -0.580109 21.486794 11.830364 2.266128 8.162916 0.000002 -0.000001 18.399054 -3.798978 -4.940565 0.000003 -0.000001 -0.000001 13.252076 26.506550 -17.890562 -0.316573 -0.680865 21.183920 -13.442984 -9.295692 8.662469 1.668196 -1.889216 -1.503439 -0.000000 0.000000 0.000002 -9.330977 -11.905604 -2.785748 0.037450 0.433265 21.358397 10.186806 6.307935 -13.053609 -1.433541 0.894408 -1.436692 -0.000000 -0.000000 -0.000001 
-1.535145 97.461700 -0.369520 -0.765968 -1.021106 -0.634300 0.754244 0.460310 2.223612 -0.541116 -0.141387 -4.826982 1.636759 -2.440891 13.909925 -7.598219 9.567165 22.726915 1.072700 6.215157 -3.142335 -4.177307 8.116148 16.167360 0.000078 -0.000022 0.000008 0.099481 -0.111075 -0.163251 0.914493 -3.886240 -10.761459 -0.720426 3.667428 -10.771718 23.752628 -19.524582 6.672049 -93.578430 -37.162045 -13.049656 179.076462 -31.524569 -179.493530 -3.676181 -18.854931 -12.709556 -5.882099 9.861279 0.702592 -10.936857 -0.360576 7.156198 0.000003 8.774814 -0.000001 -17.073730 17.775053 6.005069 -1.844031 2.498503 -2.507276 -10.163587 4.678940 4.621103 -20.975992 -0.000004 0.000002 -21.226248 2.451693 -3.593993 0.000001 -0.000007 -0.000000 -1.362681 2.240797 -0.746323 -21.334885 0.584908 3.008321 -13.821192 -0.000002 0.000003 -23.887121 -0.249078 -0.839481 -61.512947 1.989424 -1.416247 -0.294023 1.679686 0.833255 -14.218190 0.093214 1.300580 -34.211998 -0.287564 0.967170 -20.033173 0.964534 1.212843 -0.000000 0.000000 0.000000 -3.440385 0.788233 0.501654 -15.928164 -3.167307 2.999704 -6.338815 -0.000001 0.000002 -18.123411 3.648176 -4.905662 -0.000006 0.000001 -0.000003 -12.974581 26.336010 10.563885 94.363464 47.692566 16.496159 179.206100 38.641819 -179.828751 -9.090265 13.068988 -8.931265 2.243539 -5.255033 -3.180153 14.282875 -0.826592 6.952496 -0.000004 -12.690590 0.000001 16.340742 -18.681284 3.282172 1.665665 -1.955919 -2.878297 4.727793 -4.170582 4.993918 11.020510 0.000005 -0.000000 12.109032 -3.735708 -2.866781 0.000001 -0.000000 -0.000001 1.291984 -1.928548 -1.498090 14.800111 0.567470 3.865602 14.242551 -1.341733 -6.660648 19.631939 0.143929 -0.648241 51.401501 -1.055566 -5.752086 0.353028 -1.511150 -0.031939 20.222767 3.684310 2.316627 18.787245 0.000006 0.000001 10.751609 -0.479867 1.397905 -0.000000 0.000002 -0.000001 3.273804 0.305948 -0.580111 21.486792 11.830367 2.266133 8.162916 0.000003 0.000001 18.399054 -3.798977 -4.940565 0.000003 0.000000 -0.000001 13.271907 26.622864 -17.849758 -0.311459 -0.684090 21.122608 -13.390941 -9.288766 8.770962 1.665818 -1.868630 -1.488391 0.000000 0.000000 0.000002 -9.309458 -11.885084 -2.770972 0.037736 0.442108 21.207813 10.209027 6.409248 -12.811389 -1.433753 0.894725 -1.481357 0.000000 0.000000 -0.000001 
-1.462510 97.500679 -0.413974 -0.802044 -1.122834 -0.630503 0.766194 0.454803 2.216970 -0.534801 -0.138319 -4.820455 1.662619 -2.432747 13.884332 -7.598422 9.579635 22.699909 1.092029 6.260003 -3.137101 -4.235624 8.163375 16.126530 0.000078 -0.000022 0.000008 0.111024 -0.115187 -0.165044 0.929230 -3.902951 -10.782022 -0.706401 3.662904 -10.793084 23.816805 -19.573750 6.653559 -93.578865 -37.135540 -13.041601 179.072739 -31.469999 -179.481323 -3.609507 -18.815733 -12.601517 -5.882099 9.861278 0.702587 -10.936858 -0.360576 7.156199 0.000001 8.774814 -0.000003 -17.092821 17.713612 5.996464 -1.844031 2.498503 -2.507277 -10.163587 4.678939 4.621102 -20.975992 -0.000005 0.000004 -21.226250 2.451692 -3.593993 0.000001 -0.000006 -0.000000 -1.362679 2.240797 -0.746321 -21.334887 0.584907 3.008319 -13.821197 -0.000003 0.000003 -23.887131 -0.249081 -0.839480 -61.506001 1.966825 -1.418361 -0.294025 1.679686 0.833255 -14.218192 0.093214 1.300580 -34.212002 -0.287566 0.967170 -20.033176 0.964533 1.212842 -0.000000 0.000001 0.000000 -3.440385 0.788232 0.501654 -15.928167 -3.167308 2.999704 -6.338817 -0.000003 0.000001 -18.123411 3.648174 -4.905662 -0.000006 -0.000000 -0.000002 -12.982584 26.396486 10.581740 94.414215 47.697945 16.564545 179.261185 38.589325 -179.780228 -9.184517 13.128123 -8.927588 2.243540 -5.255033 -3.180154 14.282877 -0.826595 6.952495 -0.000002 -12.690590 0.000000 16.337870 -18.699623 3.301444 1.665665 -1.955920 -2.878298 4.727794 -4.170582 4.993917 11.020513 0.000003 -0.000001 12.109031 -3.735709 -2.866780 0.000000 -0.000001 -0.000001 1.291984 -1.928548 -1.498087 14.800117 0.567466 3.865605 14.242554 -1.341736 -6.660645 19.631941 0.143927 -0.648243 51.414680 -1.117045 -5.762121 0.353029 -1.511149 -0.031939 20.222771 3.684305 2.316628 18.787245 0.000004 0.000001 10.751610 -0.479869 1.397903 -0.000000 0.000001 -0.000001 3.273804 0.305947 -0.580109 21.486790 11.830360 2.266131 8.162918 -0.000000 0.000001 18.399055 -3.798979 -4.940568 0.000003 0.000000 0.000000 13.261375 26.719582 -17.826029 -0.309001 -0.695448 21.074265 -13.302794 -9.268803 8.830613 1.667058 -1.877949 -1.470949 -0.000000 -0.000000 0.000002 -9.310439 -11.855056 -2.748424 0.031927 0.433244 21.027521 10.256145 6.511343 -12.589615 -1.435890 0.898295 -1.526491 0.000000 -0.000000 -0.000001 
-1.446746 97.533554 -0.475673 -0.833956 -1.221746 -0.620944 0.774762 0.455917 2.204724 -0.525736 -0.141820 -4.811403 1.694437 -2.407550 13.878012 -7.598130 9.571693 22.663893 1.126370 6.334845 -3.148865 -4.287631 8.193463 16.080511 0.000077 -0.000023 0.000008 0.122533 -0.132325 -0.163255 0.940784 -3.920847 -10.803267 -0.702318 3.657733 -10.793152 23.807493 -19.597015 6.676854 -93.478531 -37.144951 -12.924170 179.022186 -31.458887 -179.427322 -3.559120 -18.805578 -12.538049 -5.882100 9.861279 0.702591 -10.936860 -0.360574 7.156197 0.000003 8.774814 0.000000 -17.045362 17.715441 6.021830 -1.844030 2.498503 -2.507276 -10.163589 4.678941 4.621105 -20.975992 -0.000003 0.000006 -21.226250 2.451693 -3.593991 0.000001 -0.000006 -0.000001 -1.362681 2.240797 -0.746323 -21.334892 0.584908 3.008324 -13.821197 -0.000003 0.000004 -23.887129 -0.249076 -0.839480 -61.491150 1.973813 -1.444377 -0.294023 1.679686 0.833256 -14.218192 0.093215 1.300582 -34.212006 -0.287562 0.967172 -20.033176 0.964536 1.212843 -0.000000 0.000000 0.000000 -3.440385 0.788232 0.501655 -15.928165 -3.167306 2.999705 -6.338815 -0.000002 0.000002 -18.123411 3.648177 -4.905658 -0.000005 -0.000000 -0.000002 -12.951553 26.425030 10.606165 94.435448 47.680859 16.646898 179.349960 38.575893 -179.698044 -9.210181 13.168059 -8.966398 2.243540 -5.255033 -3.180155 14.282875 -0.826593 6.952494 -0.000002 -12.690588 -0.000001 16.316950 -18.699038 3.324359 1.665665 -1.955920 -2.878297 4.727793 -4.170583 4.993915 11.020512 0.000002 -0.000002 12.109032 -3.735710 -2.866781 0.000001 -0.000000 -0.000001 1.291984 -1.928548 -1.498086 14.800114 0.567468 3.865606 14.242553 -1.341733 -6.660650 19.631939 0.143926 -0.648243 51.360584 -1.131225 -5.760546 0.353029 -1.511149 -0.031941 20.222771 3.684305 2.316627 18.787245 0.000004 -0.000000 10.751610 -0.479868 1.397903 0.000001 0.000002 -0.000001 3.273804 0.305947 -0.580110 21.486790 11.830360 2.266130 8.162917 0.000001 0.000000 18.399054 -3.798979 -4.940569 0.000003 -0.000001 -0.000002 13.280646 26.754452 -17.761824 -0.294399 -0.683784 20.909687 -13.283333 -9.206427 8.930751 1.665450 -1.870632 -1.470272 0.000000 -0.000000 0.000002 -9.284822 -11.884843 -2.776051 0.030770 0.429038 20.922010 10.268355 6.631901 -12.418959 -1.436838 0.897143 -1.572048 -0.000000 -0.000000 -0.000001 
-1.456053 97.560005 -0.521914 -0.851852 -1.289963 -0.610190 0.775283 0.441006 2.192889 -0.516927 -0.107054 -4.810576 1.734218 -2.415416 13.893290 -7.613485 9.586333 22.648842 1.165495 6.379181 -3.179304 -4.347877 8.240137 16.042963 0.000078 -0.000024 0.000005 0.122941 -0.131771 -0.163331 0.946485 -3.928612 -10.827231 -0.695833 3.660651 -10.838713 23.809784 -19.622616 6.703201 -93.460472 -37.166935 -12.811110 178.937317 -31.442734 -179.348557 -3.527563 -18.776472 -12.521375 -5.882100 9.861278 0.702589 -10.936860 -0.360575 7.156198 0.000002 8.774813 -0.000002 -17.077198 17.712391 6.000599 -1.844031 2.498503 -2.507277 -10.163589 4.678939 4.621104 -20.975994 -0.000004 0.000003 -21.226255 2.451692 -3.593993 -0.000000 -0.000008 0.000000 -1.362680 2.240797 -0.746323 -21.334890 0.584908 3.008321 -13.821198 -0.000002 0.000003 -23.887135 -0.249078 -0.839482 -61.549480 1.969061 -1.489258 -0.294024 1.679686 0.833253 -14.218192 0.093215 1.300579 -34.212002 -0.287563 0.967169 -20.033180 0.964535 1.212842 -0.000001 0.000001 -0.000000 -3.440386 0.788232 0.501656 -15.928165 -3.167308 2.999703 -6.338815 -0.000001 0.000003 -18.123413 3.648176 -4.905662 -0.000005 0.000002 -0.000001 -12.925780 26.473589 10.689391 94.500702 47.720024 16.689405 179.348923 38.566963 -179.687241 -9.223097 13.156244 -9.040083 2.243539 -5.255033 -3.180155 14.282877 -0.826592 6.952496 -0.000002 -12.690592 0.000000 16.329926 -18.684954 3.329872 1.665664 -1.955920 -2.878294 4.727794 -4.170584 4.993918 11.020512 0.000002 0.000001 12.109032 -3.735710 -2.866778 0.000000 0.000000 -0.000001 1.291984 -1.928548 -1.498086 14.800113 0.567468 3.865604 14.242556 -1.341735 -6.660646 19.631937 0.143926 -0.648240 51.292305 -1.137589 -5.781093 0.353029 -1.511149 -0.031941 20.222771 3.684309 2.316631 18.787247 0.000005 0.000002 10.751610 -0.479867 1.397906 -0.000000 0.000002 0.000001 3.273805 0.305947 -0.580111 21.486792 11.830366 2.266131 8.162918 0.000003 0.000001 18.399054 -3.798978 -4.940567 0.000003 0.000000 -0.000002 13.295670 26.820059 -17.714882 -0.280559 -0.670743 20.771978 -13.265038 -9.132153 9.052342 1.664150 -1.877331 -1.472565 -0.000000 -0.000000 0.000002 -9.256946 -11.933164 -2.800144 0.022736 0.427945 20.845701 10.275592 6.740261 -12.298710 -1.436288 0.897549 -1.622552 0.000000 0.000000 -0.000001 
-1.456417 97.576630 -0.536901 -0.875879 -1.363439 -0.597334 0.782602 0.445512 2.182247 -0.509011 -0.111526 -4.810797 1.777075 -2.400893 13.918946 -7.615390 9.601645 22.646330 1.195198 6.412432 -3.189824 -4.424760 8.279574 15.966323 0.000078 -0.000023 0.000005 0.122034 -0.124099 -0.165192 0.942379 -3.925584 -10.870916 -0.701677 3.678818 -10.866105 23.763733 -19.627943 6.716877 -93.414810 -37.134514 -12.657757 178.853699 -31.442583 -179.278320 -3.521900 -18.757992 -12.510949 -5.882101 9.861278 0.702590 -10.936860 -0.360574 7.156198 0.000002 8.774812 0.000000 -17.101692 17.729610 5.985305 -1.844031 2.498502 -2.507276 -10.163589 4.678940 4.621104 -20.975996 -0.000002 0.000004 -21.226254 2.451692 -3.593993 0.000001 -0.000007 -0.000000 -1.362680 2.240796 -0.746323 -21.334888 0.584908 3.008320 -13.821194 -0.000002 0.000002 -23.887129 -0.249078 -0.839481 -61.625660 1.985816 -1.517815 -0.294024 1.679686 0.833254 -14.218192 0.093215 1.300580 -34.211998 -0.287564 0.967169 -20.033175 0.964535 1.212842 -0.000001 0.000000 0.000000 -3.440384 0.788233 0.501655 -15.928167 -3.167306 2.999704 -6.338815 0.000000 0.000001 -18.123415 3.648177 -4.905663 -0.000005 -0.000000 -0.000001 -12.878223 26.481312 10.791942 94.497757 47.731586 16.692139 179.315155 38.542580 -179.703613 -9.226504 13.085790 -9.172492 2.243540 -5.255033 -3.180155 14.282877 -0.826594 6.952496 -0.000001 -12.690591 -0.000002 16.339687 -18.641338 3.337094 1.665665 -1.955920 -2.878296 4.727794 -4.170584 4.993918 11.020513 0.000002 -0.000001 12.109033 -3.735711 -2.866780 0.000000 0.000000 0.000000 1.291985 -1.928548 -1.498088 14.800113 0.567467 3.865603 14.242554 -1.341737 -6.660647 19.631939 0.143926 -0.648244 51.237278 -1.119691 -5.804493 0.353029 -1.511150 -0.031940 20.222773 3.684307 2.316628 18.787245 0.000005 -0.000001 10.751611 -0.479869 1.397905 -0.000000 0.000003 -0.000001 3.273804 0.305947 -0.580108 21.486797 11.830364 2.266132 8.162918 0.000001 0.000000 18.399057 -3.798978 -4.940567 0.000003 -0.000001 -0.000001 13.326750 26.899574 -17.665009 -0.288450 -0.680669 20.679621 -13.276737 -9.047888 9.095020 1.664538 -1.873990 -1.476134 0.000000 0.000000 0.000002 -9.237949 -11.992285 -2.807627 0.023135 0.436711 20.775164 10.272425 6.871028 -12.207051 -1.434819 0.906571 -1.671574 0.000000 0.000000 -0.000001 
-1.446115 97.570511 -0.574927 -0.889250 -1.418963 -0.588655 0.787699 0.426001 2.162783 -0.510177 -0.088687 -4.806439 1.813531 -2.404512 13.962655 -7.601353 9.619879 22.656704 1.218840 6.430080 -3.236604 -4.490777 8.348680 15.894676 0.000077 -0.000024 0.000005 0.111901 -0.113590 -0.175515 0.932186 -3.924215 -10.891749 -0.703539 3.692094 -10.890654 23.709894 -19.628094 6.740469 -93.419884 -37.138409 -12.425507 178.781372 -31.441042 -179.209717 -3.555951 -18.736380 -12.359144 -5.882102 9.861279 0.702589 -10.936858 -0.360575 7.156196 0.000001 8.774815 -0.000001 -17.129494 17.756823 5.963098 -1.844032 2.498503 -2.507274 -10.163591 4.678942 4.621104 -20.975996 -0.000003 0.000002 -21.226255 2.451694 -3.593995 0.000001 -0.000005 -0.000000 -1.362682 2.240797 -0.746324 -21.334896 0.584909 3.008318 -13.821199 -0.000002 0.000003 -23.887135 -0.249079 -0.839482 -61.718147 2.005611 -1.536415 -0.294025 1.679686 0.833254 -14.218194 0.093215 1.300578 -34.212002 -0.287563 0.967168 -20.033180 0.964534 1.212840 -0.000001 -0.000000 -0.000000 -3.440385 0.788233 0.501655 -15.928165 -3.167307 2.999703 -6.338818 -0.000001 0.000001 -18.123413 3.648176 -4.905663 -0.000006 0.000002 -0.000000 -12.799017 26.491579 10.905501 94.516640 47.722794 16.706810 179.255432 38.486561 -179.708618 -9.182502 13.004014 -9.234437 2.243540 -5.255033 -3.180156 14.282877 -0.826594 6.952495 -0.000002 -12.690592 0.000000 16.335434 -18.599880 3.336192 1.665665 -1.955920 -2.878299 4.727793 -4.170584 4.993919 11.020511 0.000002 -0.000002 12.109032 -3.735711 -2.866778 0.000000 0.000000 -0.000001 1.291984 -1.928548 -1.498085 14.800111 0.567467 3.865603 14.242553 -1.341736 -6.660645 19.631939 0.143925 -0.648245 51.145576 -1.092905 -5.806241 0.353029 -1.511150 -0.031940 20.222767 3.684305 2.316628 18.787245 0.000005 -0.000000 10.751610 -0.479869 1.397904 -0.000001 0.000003 -0.000002 3.273804 0.305946 -0.580111 21.486788 11.830363 2.266128 8.162916 0.000001 -0.000001 18.399052 -3.798978 -4.940567 0.000003 -0.000002 -0.000000 13.331933 26.987715 -17.669958 -0.297156 -0.675959 20.656815 -13.266420 -9.003218 9.078343 1.664939 -1.881202 -1.502870 0.000000 0.000000 0.000002 -9.229053 -12.034802 -2.859986 0.029142 0.468106 20.780687 10.272663 6.967095 -12.209738 -1.431873 0.897520 -1.694770 -0.000000 -0.000000 -0.000001 
-1.414892 97.554192 -0.625804 -0.904058 -1.465402 -0.591603 0.790714 0.431425 2.150846 -0.509067 -0.112172 -4.816698 1.841406 -2.398037 14.026130 -7.577628 9.613761 22.671091 1.235108 6.453325 -3.244972 -4.536380 8.393542 15.827901 0.000077 -0.000023 0.000004 0.108531 -0.104057 -0.166329 0.916860 -3.911561 -10.915622 -0.708612 3.698916 -10.923251 23.635313 -19.632521 6.789690 -93.454819 -37.116634 -12.185102 178.765991 -31.460697 -179.164124 -3.587563 -18.764404 -12.205733 -5.882100 9.861279 0.702590 -10.936858 -0.360576 7.156198 0.000001 8.774814 -0.000001 -17.098824 17.796064 5.981701 -1.844031 2.498503 -2.507276 -10.163589 4.678938 4.621102 -20.975996 -0.000004 0.000003 -21.226254 2.451692 -3.593992 0.000001 -0.000005 -0.000000 -1.362680 2.240796 -0.746323 -21.334892 0.584907 3.008318 -13.821197 -0.000004 0.000002 -23.887131 -0.249083 -0.839481 -61.800537 2.043943 -1.562085 -0.294024 1.679686 0.833256 -14.218195 0.093213 1.300578 -34.211998 -0.287566 0.967172 -20.033178 0.964533 1.212843 -0.000000 0.000000 0.000000 -3.440385 0.788232 0.501656 -15.928167 -3.167308 2.999703 -6.338817 -0.000002 0.000001 -18.123413 3.648175 -4.905661 -0.000006 0.000001 -0.000002 -12.673298 26.457294 11.082108 94.440834 47.737270 16.599445 179.093842 38.442204 -179.801620 -9.172199 13.019624 -9.354562 2.243540 -5.255033 -3.180156 14.282877 -0.826593 6.952497 -0.000003 -12.690590 0.000000 16.326101 -18.566401 3.311697 1.665665 -1.955920 -2.878296 4.727794 -4.170582 4.993918 11.020513 0.000003 -0.000001 12.109035 -3.735709 -2.866780 -0.000000 0.000001 -0.000000 1.291984 -1.928548 -1.498090 14.800114 0.567469 3.865605 14.242553 -1.341733 -6.660645 19.631939 0.143928 -0.648242 51.076363 -1.063706 -5.805228 0.353029 -1.511149 -0.031941 20.222771 3.684306 2.316629 18.787245 0.000006 0.000001 10.751612 -0.479867 1.397904 -0.000000 0.000003 -0.000000 3.273804 0.305947 -0.580110 21.486795 11.830366 2.266131 8.162917 0.000002 -0.000002 18.399052 -3.798979 -4.940564 0.000003 0.000000 -0.000001 13.323132 27.062380 -17.731060 -0.309592 -0.690190 20.742777 -13.231157 -8.993495 9.023328 1.661451 -1.878370 -1.525740 0.000000 0.000000 0.000002 -9.237137 -12.060658 -2.953979 0.034641 0.473615 20.887001 10.259119 7.078901 -12.220229 -1.429458 0.895163 -1.696274 0.000000 0.000000 -0.000001 
-1.347046 97.540634 -0.674928 -0.923784 -1.499730 -0.607470 0.791481 0.424222 2.148620 -0.510852 -0.122140 -4.802384 1.870744 -2.428144 14.070859 -7.553319 9.616302 22.695833 1.253204 6.479662 -3.279403 -4.567498 8.438592 15.743949 0.000077 -0.000023 0.000006 0.094893 -0.100314 -0.164220 0.897719 -3.908282 -10.904475 -0.710372 3.698733 -10.919662 23.584602 -19.644176 6.853296 -93.527313 -37.080814 -11.990891 178.755432 -31.485819 -179.119995 -3.654187 -18.847984 -11.976403 -5.882101 9.861278 0.702590 -10.936858 -0.360576 7.156197 0.000002 8.774813 0.000000 -17.106207 17.837795 5.980602 -1.844031 2.498502 -2.507276 -10.163589 4.678938 4.621103 -20.975992 -0.000005 0.000003 -21.226250 2.451691 -3.593992 0.000001 -0.000006 0.000001 -1.362679 2.240796 -0.746323 -21.334892 0.584907 3.008321 -13.821194 -0.000003 0.000001 -23.887123 -0.249081 -0.839479 -61.829552 2.069812 -1.574212 -0.294024 1.679686 0.833255 -14.218189 0.093212 1.300579 -34.211998 -0.287567 0.967171 -20.033176 0.964535 1.212842 -0.000000 0.000000 0.000000 -3.440386 0.788232 0.501655 -15.928167 -3.167307 2.999705 -6.338814 -0.000002 0.000002 -18.123411 3.648174 -4.905660 -0.000006 0.000001 -0.000001 -12.538272 26.425051 11.262699 94.432022 47.665791 16.598206 178.997955 38.366127 -179.828033 -9.128280 13.078151 -9.434231 2.243540 -5.255033 -3.180154 14.282879 -0.826594 6.952494 -0.000002 -12.690592 -0.000001 16.371483 -18.563417 3.301052 1.665665 -1.955920 -2.878294 4.727795 -4.170583 4.993919 11.020513 0.000002 0.000001 12.109032 -3.735710 -2.866777 0.000000 0.000000 -0.000001 1.291984 -1.928548 -1.498089 14.800114 0.567468 3.865601 14.242554 -1.341736 -6.660648 19.631941 0.143924 -0.648243 51.152668 -1.052990 -5.810881 0.353029 -1.511149 -0.031940 20.222773 3.684305 2.316627 18.787245 0.000004 -0.000001 10.751612 -0.479870 1.397904 -0.000000 0.000002 -0.000001 3.273805 0.305946 -0.580109 21.486795 11.830360 2.266132 8.162916 0.000002 -0.000001 18.399057 -3.798979 -4.940567 0.000003 -0.000001 -0.000000 13.299316 27.121632 -17.811930 -0.311169 -0.682535 20.890259 -13.168585 -9.048254 8.947580 1.660844 -1.875571 -1.545403 0.000000 0.000000 0.000002 -9.267077 -12.082189 -3.022539 0.042154 0.483508 20.977638 10.278305 7.146182 -12.188702 -1.429489 0.887943 -1.717476 -0.000000 -0.000000 -0.000001 
-1.289607 97.514954 -0.735068 -0.931207 -1.537080 -0.626089 0.784149 0.435787 2.150231 -0.517305 -0.151548 -4.801717 1.897182 -2.452063 14.117398 -7.511943 9.620556 22.738085 1.246822 6.514747 -3.283646 -4.564659 8.407181 15.689599 0.000078 -0.000023 0.000006 0.074770 -0.085995 -0.162787 0.868953 -3.889661 -10.923114 -0.717279 3.711547 -10.925911 23.514610 -19.631813 6.967593 -93.554970 -37.048615 -11.941272 178.840210 -31.471277 -179.125336 -3.717331 -18.920963 -11.824033 -5.882102 9.861279 0.702588 -10.936858 -0.360576 7.156196 -0.000000 8.774812 -0.000001 -17.107903 17.862898 5.980570 -1.844031 2.498503 -2.507275 -10.163589 4.678939 4.621103 -20.975994 -0.000005 0.000003 -21.226250 2.451692 -3.593994 0.000001 -0.000005 -0.000000 -1.362680 2.240796 -0.746323 -21.334892 0.584909 3.008320 -13.821197 -0.000003 0.000002 -23.887129 -0.249080 -0.839483 -61.844448 2.069880 -1.559332 -0.294024 1.679686 0.833257 -14.218194 0.093215 1.300578 -34.211998 -0.287565 0.967168 -20.033178 0.964535 1.212840 -0.000001 0.000001 0.000000 -3.440385 0.788232 0.501656 -15.928165 -3.167307 2.999702 -6.338816 0.000001 0.000001 -18.123413 3.648174 -4.905663 -0.000006 0.000001 -0.000002 -12.405829 26.389559 11.459912 94.356552 47.630116 16.568672 178.936935 38.315788 -179.868423 -9.073574 13.230489 -9.405822 2.243541 -5.255033 -3.180155 14.282878 -0.826595 6.952495 -0.000001 -12.690587 0.000000 16.473223 -18.613562 3.288625 1.665665 -1.955920 -2.878297 4.727795 -4.170583 4.993919 11.020514 0.000002 -0.000001 12.109035 -3.735710 -2.866780 0.000000 0.000001 0.000001 1.291985 -1.928548 -1.498088 14.800113 0.567466 3.865603 14.242554 -1.341736 -6.660648 19.631941 0.143925 -0.648244 51.219788 -1.044862 -5.843787 0.353029 -1.511149 -0.031941 20.222771 3.684304 2.316626 18.787249 0.000002 -0.000002 10.751611 -0.479869 1.397902 0.000000 0.000002 -0.000002 3.273805 0.305947 -0.580109 21.486790 11.830360 2.266129 8.162917 0.000002 -0.000001 18.399057 -3.798977 -4.940568 0.000003 -0.000001 -0.000002 13.261748 27.173338 -17.884584 -0.310645 -0.696764 21.008347 -13.058010 -9.080113 8.826451 1.662547 -1.903660 -1.565045 0.000000 0.000000 0.000001 -9.296182 -12.062177 -3.118428 0.055832 0.501200 21.111048 10.271555 7.135730 -12.230547 -1.432083 0.887400 -1.714879 0.000000 0.000000 -0.000001 
-1.337254 97.481369 -0.734296 -0.937723 -1.539585 -0.660740 0.782256 0.446689 2.180559 -0.532357 -0.216420 -4.833792 1.916389 -2.454287 14.176745 -7.454018 9.621638 22.804708 1.218276 6.530488 -3.310970 -4.534778 8.337604 15.634743 0.000078 -0.000023 0.000007 0.073319 -0.078597 -0.174860 0.860072 -3.869653 -10.926039 -0.727316 3.720665 -10.930423 23.416656 -19.574402 7.166591 -93.517204 -37.012142 -12.095885 178.989944 -31.476099 -179.214722 -3.747127 -19.059721 -11.610826 -5.882103 9.861279 0.702588 -10.936861 -0.360576 7.156197 0.000001 8.774813 -0.000002 -17.118967 17.952585 5.970002 -1.844031 2.498503 -2.507276 -10.163592 4.678940 4.621105 -20.975998 -0.000002 0.000005 -21.226255 2.451693 -3.593992 0.000001 -0.000006 -0.000000 -1.362681 2.240797 -0.746324 -21.334892 0.584909 3.008320 -13.821197 -0.000003 0.000002 -23.887133 -0.249078 -0.839481 -61.862011 2.074533 -1.567768 -0.294024 1.679686 0.833255 -14.218197 0.093214 1.300578 -34.212006 -0.287564 0.967172 -20.033184 0.964537 1.212842 -0.000000 0.000000 0.000000 -3.440386 0.788232 0.501655 -15.928167 -3.167307 2.999704 -6.338818 -0.000000 0.000001 -18.123417 3.648176 -4.905663 -0.000006 0.000001 -0.000002 -12.319159 26.361563 11.600510 94.344505 47.585579 16.448757 178.770798 38.260292 -179.988022 -9.094523 13.337769 -9.486311 2.243539 -5.255032 -3.180156 14.282877 -0.826593 6.952497 -0.000002 -12.690591 -0.000001 16.656105 -18.635780 3.228608 1.665665 -1.955919 -2.878296 4.727794 -4.170583 4.993919 11.020510 0.000003 0.000000 12.109032 -3.735710 -2.866779 0.000000 0.000000 -0.000001 1.291984 -1.928548 -1.498085 14.800114 0.567468 3.865605 14.242551 -1.341734 -6.660649 19.631939 0.143926 -0.648243 51.301773 -1.057045 -5.844540 0.353029 -1.511149 -0.031940 20.222771 3.684308 2.316627 18.787247 0.000005 0.000002 10.751610 -0.479867 1.397906 0.000000 0.000001 0.000000 3.273804 0.305947 -0.580109 21.486792 11.830363 2.266132 8.162916 0.000002 0.000000 18.399054 -3.798977 -4.940567 0.000003 -0.000001 -0.000001 13.324589 27.127234 -17.835188 -0.310222 -0.704012 21.000170 -13.005531 -9.106858 8.715065 1.663696 -1.914596 -1.576973 0.000000 0.000000 0.000002 -9.261188 -12.033828 -3.154737 0.052884 0.501231 21.268196 10.217846 6.990005 -12.382705 -1.435348 0.887207 -1.673396 0.000000 0.000000 -0.000001 
-1.376330 97.471657 -0.759718 -0.952450 -1.538012 -0.671705 0.790420 0.425269 2.181757 -0.548046 -0.254192 -4.884087 1.947840 -2.446787 14.250177 -7.443715 9.634984 22.836569 1.204055 6.511155 -3.334710 -4.455446 8.278667 15.522508 0.000077 -0.000023 0.000006 0.063840 -0.074525 -0.162847 0.855426 -3.865149 -10.957077 -0.712030 3.702379 -10.940103 23.295961 -19.530876 7.438772 -93.420074 -36.992622 -12.474339 179.153091 -31.561869 -179.309967 -3.736809 -19.255644 -11.356892 -5.882102 9.861277 0.702591 -10.936858 -0.360575 7.156196 -0.000001 8.774811 -0.000000 -17.126213 18.158276 5.989132 -1.844031 2.498502 -2.507276 -10.163589 4.678940 4.621105 -20.975994 -0.000002 0.000002 -21.226255 2.451691 -3.593993 0.000001 -0.000006 -0.000002 -1.362682 2.240797 -0.746324 -21.334892 0.584909 3.008319 -13.821194 -0.000003 0.000002 -23.887131 -0.249078 -0.839482 -61.854847 2.108995 -1.571207 -0.294024 1.679686 0.833256 -14.218190 0.093215 1.300579 -34.212002 -0.287562 0.967168 -20.033180 0.964536 1.212840 -0.000000 0.000000 0.000000 -3.440386 0.788233 0.501655 -15.928167 -3.167306 2.999703 -6.338818 -0.000002 0.000001 -18.123413 3.648176 -4.905661 -0.000006 -0.000000 -0.000001 -12.251477 26.289009 11.608942 94.393196 47.391212 16.326012 178.607452 38.160599 179.924118 -9.091208 13.336244 -9.880897 2.243540 -5.255032 -3.180155 14.282877 -0.826595 6.952495 -0.000002 -12.690593 0.000002 16.795158 -18.675236 3.172405 1.665665 -1.955920 -2.878294 4.727795 -4.170585 4.993918 11.020513 0.000001 -0.000001 12.109034 -3.735711 -2.866781 0.000000 0.000000 -0.000001 1.291985 -1.928548 -1.498090 14.800114 0.567465 3.865603 14.242553 -1.341735 -6.660648 19.631937 0.143924 -0.648245 51.334618 -1.083252 -5.843368 0.353029 -1.511149 -0.031941 20.222769 3.684303 2.316626 18.787245 0.000004 -0.000002 10.751610 -0.479866 1.397902 0.000000 0.000002 -0.000002 3.273804 0.305946 -0.580107 21.486788 11.830359 2.266129 8.162916 0.000001 0.000000 18.399052 -3.798981 -4.940567 0.000003 0.000000 0.000000 13.378737 27.010422 -17.788530 -0.323610 -0.717690 20.909098 -12.925232 -9.104759 8.677282 1.664597 -1.911709 -1.599439 0.000000 0.000000 0.000002 -9.218287 -12.047458 -3.180112 0.059240 0.517471 21.313631 10.206891 6.756239 -12.442494 -1.438446 0.898760 -1.627736 0.000000 0.000000 -0.000001 
