HIERARCHY
ROOT Hips
{
	OFFSET 0.000000 0.000000 0.000000
	CHANNELS 6 Xposition Yposition Zposition Zrotation Yrotation Xrotation 
	JOINT Spine1
	{
		OFFSET -0.013727 5.003763 -0.053727
		CHANNELS 3 Zrotation Yrotation Xrotation
		JOINT Spine2
		{
			OFFSET -0.000000 7.125302 -0.029825
			CHANNELS 3 Zrotation Yrotation Xrotation
			JOINT Chest
			{
				OFFSET -0.000001 7.550064 -0.815971
				CHANNELS 3 Zrotation Yrotation Xrotation
				JOINT Neck1
				{
					OFFSET -0.181676 26.311296 -0.553348
					CHANNELS 3 Zrotation Yrotation Xrotation
					JOINT Neck2
					{
						OFFSET -0.000003 7.709400 2.302586
						CHANNELS 3 Zrotation Yrotation Xrotation
						JOINT Head
						{
							OFFSET -0.000005 6.128913 1.953709
							CHANNELS 3 Zrotation Yrotation Xrotation
							JOINT HeadEnd
							{
								OFFSET 0.003598 16.065399 -1.835380
								CHANNELS 3 Zrotation Yrotation Xrotation
								End Site
								{
									OFFSET 0.000000 0.000000 0.000000
								}
							}
							JOINT Jaw
							{
								OFFSET 0.002637 0.475591 3.094941
								CHANNELS 3 Zrotation Yrotation Xrotation
								End Site
								{
									OFFSET 0.000000 0.000000 0.000000
								}
							}
							JOINT LeftEye
							{
								OFFSET 3.206381 5.380207 7.586883
								CHANNELS 3 Zrotation Yrotation Xrotation
								End Site
								{
									OFFSET 0.000000 0.000000 0.000000
								}
							}
							JOINT RightEye
							{
								OFFSET -3.222440 5.361866 7.558234
								CHANNELS 3 Zrotation Yrotation Xrotation
								End Site
								{
									OFFSET 0.000000 0.000000 0.000000
								}
							}
						}
					}
				}
				JOINT LeftShoulder
				{
					OFFSET 1.621652 23.237164 5.113413
					CHANNELS 3 Zrotation Yrotation Xrotation
					JOINT LeftArm
					{
						OFFSET 14.919845 0.000000 -5.502326
						CHANNELS 3 Zrotation Yrotation Xrotation
						JOINT LeftForeArm
						{
							OFFSET 28.739309 0.000003 -0.002588
							CHANNELS 3 Zrotation Yrotation Xrotation
							JOINT LeftHand
							{
								OFFSET 27.093979 -0.000003 0.002609
								CHANNELS 3 Zrotation Yrotation Xrotation
								JOINT LeftHandThumb1
								{
									OFFSET 2.276481 -1.392045 3.191413
									CHANNELS 3 Zrotation Yrotation Xrotation
									JOINT LeftHandThumb2
									{
										OFFSET 4.012841 -1.828126 1.641655
										CHANNELS 3 Zrotation Yrotation Xrotation
										JOINT LeftHandThumb3
										{
											OFFSET 2.798516 0.000001 -0.000003
											CHANNELS 3 Zrotation Yrotation Xrotation
											JOINT LeftHandThumbEnd
											{
												OFFSET 3.180791 -0.000003 0.000002
												CHANNELS 3 Zrotation Yrotation Xrotation
												End Site
												{
													OFFSET 0.000000 0.000000 0.000000
												}
											}
										}
									}
								}
								JOINT LeftHandIndex1
								{
									OFFSET 3.247554 -0.531998 2.296169
									CHANNELS 3 Zrotation Yrotation Xrotation
									JOINT LeftHandIndex2
									{
										OFFSET 6.364579 0.012062 0.178599
										CHANNELS 3 Zrotation Yrotation Xrotation
										JOINT LeftHandIndex3
										{
											OFFSET 3.662366 0.000001 0.000000
											CHANNELS 3 Zrotation Yrotation Xrotation
											JOINT LeftHandIndex4
											{
												OFFSET 2.329242 0.000002 0.000004
												CHANNELS 3 Zrotation Yrotation Xrotation
												JOINT LeftHandIndexEnd
												{
													OFFSET 2.759619 -0.180539 -0.113023
													CHANNELS 3 Zrotation Yrotation Xrotation
													End Site
													{
														OFFSET 0.000000 0.000000 0.000000
													}
												}
											}
										}
									}
								}
								JOINT LeftHandMiddle1
								{
									OFFSET 3.163499 0.240982 1.000332
									CHANNELS 3 Zrotation Yrotation Xrotation
									JOINT LeftHandMiddle2
									{
										OFFSET 6.190778 -0.259276 -1.002548
										CHANNELS 3 Zrotation Yrotation Xrotation
										JOINT LeftHandMiddle3
										{
											OFFSET 4.356522 -0.000006 0.000000
											CHANNELS 3 Zrotation Yrotation Xrotation
											JOINT LeftHandMiddle4
											{
												OFFSET 2.996875 -0.000006 0.000001
												CHANNELS 3 Zrotation Yrotation Xrotation
												JOINT LeftHandMiddleEnd
												{
													OFFSET 2.304294 -0.294571 -0.031740
													CHANNELS 3 Zrotation Yrotation Xrotation
													End Site
													{
														OFFSET 0.000000 0.000000 0.000000
													}
												}
											}
										}
									}
								}
								JOINT LeftHandRing1
								{
									OFFSET 2.882642 -0.053650 -0.322543
									CHANNELS 3 Zrotation Yrotation Xrotation
									JOINT LeftHandRing2
									{
										OFFSET 5.854543 -0.486203 -1.373841
										CHANNELS 3 Zrotation Yrotation Xrotation
										JOINT LeftHandRing3
										{
											OFFSET 4.350580 -0.000000 0.000004
											CHANNELS 3 Zrotation Yrotation Xrotation
											JOINT LeftHandRing4
											{
												OFFSET 2.651325 0.000007 0.000002
												CHANNELS 3 Zrotation Yrotation Xrotation
												JOINT LeftHandRingEnd
												{
													OFFSET 1.936111 0.077685 -0.000070
													CHANNELS 3 Zrotation Yrotation Xrotation
													End Site
													{
														OFFSET 0.000000 0.000000 0.000000
													}
												}
											}
										}
									}
								}
								JOINT LeftHandPinky1
								{
									OFFSET 2.865500 -0.310003 -1.600378
									CHANNELS 3 Zrotation Yrotation Xrotation
									JOINT LeftHandPinky2
									{
										OFFSET 5.087853 -1.331141 -1.771231
										CHANNELS 3 Zrotation Yrotation Xrotation
										JOINT LeftHandPinky3
										{
											OFFSET 3.070975 0.000003 0.000001
											CHANNELS 3 Zrotation Yrotation Xrotation
											JOINT LeftHandPinky4
											{
												OFFSET 1.549667 -0.000001 0.000001
												CHANNELS 3 Zrotation Yrotation Xrotation
												JOINT LeftHandPinkyEnd
												{
													OFFSET 1.944894 -0.157801 0.057219
													CHANNELS 3 Zrotation Yrotation Xrotation
													End Site
													{
														OFFSET 0.000000 0.000000 0.000000
													}
												}
											}
										}
									}
								}
							}
						}
					}
				}
				JOINT RightShoulder
				{
					OFFSET -1.380118 23.180309 5.214158
					CHANNELS 3 Zrotation Yrotation Xrotation
					JOINT RightArm
					{
						OFFSET -15.037197 0.000012 -5.545604
						CHANNELS 3 Zrotation Yrotation Xrotation
						JOINT RightForeArm
						{
							OFFSET -28.736639 0.000003 -0.002597
							CHANNELS 3 Zrotation Yrotation Xrotation
							JOINT RightHand
							{
								OFFSET -27.133617 -0.000000 0.002613
								CHANNELS 3 Zrotation Yrotation Xrotation
								JOINT RightHandThumb1
								{
									OFFSET -2.274036 -1.383990 3.163128
									CHANNELS 3 Zrotation Yrotation Xrotation
									JOINT RightHandThumb2
									{
										OFFSET -4.011428 -1.827467 1.640914
										CHANNELS 3 Zrotation Yrotation Xrotation
										JOINT RightHandThumb3
										{
											OFFSET -2.794934 -0.000004 -0.000004
											CHANNELS 3 Zrotation Yrotation Xrotation
											JOINT RightHandThumbEnd
											{
												OFFSET -3.183855 0.000004 0.000001
												CHANNELS 3 Zrotation Yrotation Xrotation
												End Site
												{
													OFFSET 0.000000 0.000000 0.000000
												}
											}
										}
									}
								}
								JOINT RightHandIndex1
								{
									OFFSET -3.253268 -0.520060 2.282866
									CHANNELS 3 Zrotation Yrotation Xrotation
									JOINT RightHandIndex2
									{
										OFFSET -6.341918 0.012473 0.178265
										CHANNELS 3 Zrotation Yrotation Xrotation
										JOINT RightHandIndex3
										{
											OFFSET -3.654875 -0.000009 -0.000001
											CHANNELS 3 Zrotation Yrotation Xrotation
											JOINT RightHandIndex4
											{
												OFFSET -2.327586 -0.000001 -0.000000
												CHANNELS 3 Zrotation Yrotation Xrotation
												JOINT RightHandIndexEnd
												{
													OFFSET -2.761789 -0.180657 -0.113078
													CHANNELS 3 Zrotation Yrotation Xrotation
													End Site
													{
														OFFSET 0.000000 0.000000 0.000000
													}
												}
											}
										}
									}
								}
								JOINT RightHandMiddle1
								{
									OFFSET -3.168106 0.246593 1.001030
									CHANNELS 3 Zrotation Yrotation Xrotation
									JOINT RightHandMiddle2
									{
										OFFSET -6.180830 -0.258836 -1.000896
										CHANNELS 3 Zrotation Yrotation Xrotation
										JOINT RightHandMiddle3
										{
											OFFSET -4.348906 -0.000000 -0.000000
											CHANNELS 3 Zrotation Yrotation Xrotation
											JOINT RightHandMiddle4
											{
												OFFSET -3.000243 -0.000003 -0.000003
												CHANNELS 3 Zrotation Yrotation Xrotation
												JOINT RightHandMiddleEnd
												{
													OFFSET -2.302517 -0.294371 -0.031706
													CHANNELS 3 Zrotation Yrotation Xrotation
													End Site
													{
														OFFSET 0.000000 0.000000 0.000000
													}
												}
											}
										}
									}
								}
								JOINT RightHandRing1
								{
									OFFSET -2.885693 -0.067953 -0.308858
									CHANNELS 3 Zrotation Yrotation Xrotation
									JOINT RightHandRing2
									{
										OFFSET -5.854196 -0.486132 -1.373732
										CHANNELS 3 Zrotation Yrotation Xrotation
										JOINT RightHandRing3
										{
											OFFSET -4.338814 -0.000003 -0.000000
											CHANNELS 3 Zrotation Yrotation Xrotation
											JOINT RightHandRing4
											{
												OFFSET -2.654905 -0.000005 0.000003
												CHANNELS 3 Zrotation Yrotation Xrotation
												JOINT RightHandRingEnd
												{
													OFFSET -1.933570 0.077524 -0.000052
													CHANNELS 3 Zrotation Yrotation Xrotation
													End Site
													{
														OFFSET 0.000000 0.000000 0.000000
													}
												}
											}
										}
									}
								}
								JOINT RightHandPinky1
								{
									OFFSET -2.866429 -0.342799 -1.584145
									CHANNELS 3 Zrotation Yrotation Xrotation
									JOINT RightHandPinky2
									{
										OFFSET -5.091370 -1.332053 -1.772385
										CHANNELS 3 Zrotation Yrotation Xrotation
										JOINT RightHandPinky3
										{
											OFFSET -3.062666 -0.000007 0.000000
											CHANNELS 3 Zrotation Yrotation Xrotation
											JOINT RightHandPinky4
											{
												OFFSET -1.546526 0.000007 -0.000003
												CHANNELS 3 Zrotation Yrotation Xrotation
												JOINT RightHandPinkyEnd
												{
													OFFSET -1.945122 -0.157721 0.057211
													CHANNELS 3 Zrotation Yrotation Xrotation
													End Site
													{
														OFFSET 0.000000 0.000000 0.000000
													}
												}
											}
										}
									}
								}
							}
						}
					}
				}
			}
		}
	}
	JOINT LeftLeg
	{
		OFFSET 10.043214 -8.434526 2.595654
		CHANNELS 3 Zrotation Yrotation Xrotation
		JOINT LeftShin
		{
			OFFSET -0.000002 -43.221752 -0.802913
			CHANNELS 3 Zrotation Yrotation Xrotation
			JOINT LeftFoot
			{
				OFFSET 0.000001 -42.155094 -3.481523
				CHANNELS 3 Zrotation Yrotation Xrotation
				JOINT LeftToeBase
				{
					OFFSET 0.000000 -5.059475 13.231529
					CHANNELS 3 Zrotation Yrotation Xrotation
					JOINT LeftToeEnd
					{
						OFFSET -0.009607 -1.647616 6.513017
						CHANNELS 3 Zrotation Yrotation Xrotation
						End Site
						{
							OFFSET 0.000000 0.000000 0.000000
						}
					}
				}
			}
		}
	}
	JOINT RightLeg
	{
		OFFSET -10.047277 -8.295259 2.620317
		CHANNELS 3 Zrotation Yrotation Xrotation
		JOINT RightShin
		{
			OFFSET 0.000001 -43.362209 -0.805556
			CHANNELS 3 Zrotation Yrotation Xrotation
			JOINT RightFoot
			{
				OFFSET 0.000003 -42.117393 -3.478398
				CHANNELS 3 Zrotation Yrotation Xrotation
				JOINT RightToeBase
				{
					OFFSET -0.000001 -5.079609 13.284196
					CHANNELS 3 Zrotation Yrotation Xrotation
					JOINT RightToeEnd
					{
						OFFSET 0.009532 -1.634384 6.460591
						CHANNELS 3 Zrotation Yrotation Xrotation
						End Site
						{
							OFFSET 0.000000 0.000000 0.000000
						}
					}
				}
			}
		}
	}
}
MOTION
Frames: 180
Frame Time: 0.033333
-3.290332 91.561775 1.649784 3.454797 0.707844 1.845386 2.085916 0.614092 4.713531 0.357249 1.965534 -3.078077 1.751105 -0.032193 10.511427 -18.242706 12.086672 9.104871 1.933809 9.372960 -3.491594 -3.790140 10.558311 -14.591534 0.000077 -0.000023 0.000006 -0.010001 0.008163 0.007738 0.699892 -3.753450 -10.672104 -0.730464 3.786393 -10.598571 -0.553019 -3.964901 10.633475 -45.990990 -26.937883 -23.089924 177.997726 -49.411247 -177.961288 14.609241 19.650080 22.202682 -5.882102 9.861278 0.702589 -10.936858 -0.360575 7.156199 0.000001 8.774814 -0.000001 -15.920434 18.167507 6.309222 -1.844030 2.498503 -2.507277 -10.163589 4.678939 4.621103 -20.975994 -0.000004 0.000004 -21.226250 2.451693 -3.593993 0.000001 -0.000006 0.000001 -1.362681 2.240796 -0.746323 -21.334890 0.584909 3.008320 -13.821197 -0.000003 0.000003 -23.887133 -0.249078 -0.839481 -61.189373 2.474383 -1.015435 -0.294023 1.679685 0.833255 -14.218194 0.093212 1.300579 -34.212013 -0.287565 0.967171 -20.033176 0.964535 1.212842 0.000002 0.000000 0.000001 -3.440385 0.788232 0.501655 -15.928169 -3.167307 2.999704 -6.338818 -0.000002 0.000001 -18.123415 3.648176 -4.905661 -0.000004 -0.000001 -0.000003 -0.008286 16.173965 12.276535 53.854568 63.404255 3.360248 -175.477173 59.045609 -176.781265 -13.383082 -10.735302 4.957059 2.243539 -5.255033 -3.180157 14.282879 -0.826594 6.952493 -0.000003 -12.690587 0.000001 16.205170 -17.879768 2.936555 1.665664 -1.955921 -2.878298 4.727796 -4.170584 4.993917 11.020512 0.000003 -0.000001 12.109032 -3.735708 -2.866781 0.000000 0.000000 0.000002 1.291983 -1.928547 -1.498087 14.800114 0.567468 3.865604 14.242554 -1.341733 -6.660647 19.631939 0.143926 -0.648240 49.889088 -0.315333 -5.810960 0.353029 -1.511150 -0.031940 20.222769 3.684306 2.316628 18.787247 0.000004 -0.000001 10.751612 -0.479867 1.397905 -0.000001 0.000000 -0.000001 3.273805 0.305947 -0.580112 21.486794 11.830362 2.266131 8.162916 0.000003 0.000000 18.399055 -3.798978 -4.940567 0.000002 0.000000 -0.000001 12.560690 15.102022 -29.290974 -0.459517 -0.987911 33.216595 -21.590382 -10.364401 1.469020 1.608821 -1.918763 -1.675828 -0.000000 0.000000 0.000002 -25.554148 -16.927189 -11.206120 0.728774 1.491130 47.580215 12.032216 23.835104 -7.438807 -1.464813 0.796329 -9.346427 -0.000000 -0.000000 -0.000001 
-3.278182 91.235451 1.704923 3.622041 0.518853 1.792313 2.055320 0.576341 4.800802 0.387499 1.900854 -3.055861 1.645035 -0.187219 10.796560 -18.500786 12.096892 8.771086 1.814906 9.491788 -3.483808 -3.843055 10.481932 -14.738605 0.000077 -0.000022 0.000006 -0.006878 0.061402 0.023833 0.707216 -3.719074 -10.694188 -0.732733 3.841218 -10.631243 -0.771228 -4.042682 10.725063 -45.838799 -26.911259 -23.154146 178.451370 -49.870419 -178.418732 14.529629 19.428066 22.157581 -5.882103 9.861280 0.702590 -10.936858 -0.360573 7.156197 -0.000002 8.774813 -0.000001 -15.923883 17.984930 6.279388 -1.844032 2.498505 -2.507275 -10.163591 4.678944 4.621104 -20.975996 -0.000000 0.000000 -21.226255 2.451695 -3.593997 0.000000 -0.000006 -0.000001 -1.362680 2.240798 -0.746325 -21.334890 0.584912 3.008320 -13.821194 -0.000001 0.000002 -23.887131 -0.249076 -0.839484 -61.358658 2.372740 -0.923140 -0.294024 1.679687 0.833255 -14.218194 0.093217 1.300579 -34.212006 -0.287561 0.967167 -20.033180 0.964535 1.212839 0.000001 0.000001 0.000002 -3.440386 0.788233 0.501654 -15.928167 -3.167306 2.999703 -6.338817 -0.000001 0.000002 -18.123411 3.648180 -4.905663 -0.000005 0.000001 -0.000003 0.015291 15.925584 12.291366 53.535095 63.995728 2.847608 -176.065659 59.315601 -177.240906 -13.022994 -10.374361 4.764699 2.243540 -5.255034 -3.180155 14.282875 -0.826593 6.952499 -0.000001 -12.690593 -0.000001 16.072281 -17.756504 2.969809 1.665664 -1.955919 -2.878298 4.727793 -4.170582 4.993919 11.020509 0.000003 -0.000001 12.109030 -3.735710 -2.866778 0.000000 -0.000000 0.000002 1.291985 -1.928550 -1.498089 14.800111 0.567466 3.865605 14.242553 -1.341736 -6.660648 19.631935 0.143924 -0.648244 49.926754 -0.444224 -5.761158 0.353028 -1.511150 -0.031939 20.222761 3.684304 2.316629 18.787243 0.000002 0.000001 10.751609 -0.479869 1.397903 -0.000001 -0.000000 -0.000001 3.273803 0.305947 -0.580111 21.486790 11.830360 2.266132 8.162916 0.000002 0.000000 18.399050 -3.798981 -4.940567 0.000003 0.000000 -0.000002 12.530790 14.952817 -29.630943 -0.432017 -0.886935 34.233234 -21.342596 -10.251326 0.549311 1.614752 -1.955545 -1.577104 -0.000000 0.000000 0.000002 -25.897753 -16.883152 -11.523710 0.737869 1.427251 48.363884 11.759595 24.319088 -8.206870 -1.451075 0.744301 -9.140385 -0.000000 -0.000000 -0.000001 
-3.311374 91.061829 1.724294 3.644880 0.403477 1.837752 2.006503 0.571472 4.800955 0.399157 1.772294 -3.073420 1.593321 -0.315348 10.955490 -18.586710 12.044804 8.625364 1.750745 9.535858 -3.497390 -3.729712 10.391108 -14.791613 0.000077 -0.000021 0.000006 -0.012774 0.109139 0.033754 0.695734 -3.667127 -10.707417 -0.733672 3.891788 -10.649735 -0.918254 -4.054752 10.774647 -45.870262 -26.988316 -23.136354 178.885361 -50.250778 -178.896530 14.264162 19.318342 22.084759 -5.882100 9.861278 0.702589 -10.936859 -0.360575 7.156198 0.000001 8.774814 0.000000 -15.893266 17.795021 6.166083 -1.844030 2.498502 -2.507275 -10.163589 4.678937 4.621104 -20.975998 -0.000005 0.000005 -21.226255 2.451691 -3.593991 0.000000 -0.000006 -0.000002 -1.362682 2.240797 -0.746321 -21.334896 0.584905 3.008322 -13.821197 -0.000002 0.000003 -23.887133 -0.249079 -0.839479 -61.216866 2.290297 -0.870859 -0.294023 1.679686 0.833253 -14.218194 0.093212 1.300580 -34.212006 -0.287565 0.967171 -20.033180 0.964534 1.212843 -0.000001 0.000000 0.000000 -3.440386 0.788232 0.501655 -15.928169 -3.167308 2.999703 -6.338817 -0.000002 0.000002 -18.123413 3.648175 -4.905658 -0.000004 -0.000001 -0.000003 0.068009 15.734591 12.347945 52.982342 64.247841 1.658397 -176.936905 59.584190 -177.899506 -12.645307 -10.126136 4.591772 2.243540 -5.255033 -3.180155 14.282878 -0.826592 6.952495 -0.000003 -12.690592 0.000001 15.799758 -17.658619 2.947600 1.665665 -1.955918 -2.878296 4.727793 -4.170583 4.993918 11.020512 0.000003 -0.000001 12.109033 -3.735708 -2.866779 0.000001 -0.000000 0.000001 1.291984 -1.928548 -1.498089 14.800113 0.567469 3.865603 14.242554 -1.341733 -6.660648 19.631937 0.143927 -0.648245 49.763142 -0.536350 -5.779612 0.353029 -1.511149 -0.031940 20.222767 3.684309 2.316627 18.787245 0.000008 0.000000 10.751608 -0.479866 1.397902 -0.000001 0.000000 0.000001 3.273804 0.305948 -0.580110 21.486792 11.830365 2.266129 8.162915 0.000004 0.000000 18.399048 -3.798976 -4.940567 0.000003 0.000001 -0.000002 12.617597 14.902604 -29.934179 -0.418192 -0.789472 34.853607 -21.284525 -10.147221 0.184683 1.605978 -1.960263 -1.515632 -0.000000 0.000000 0.000002 -25.982994 -16.994900 -11.744644 0.753548 1.375869 48.702049 11.446044 24.735510 -8.823371 -1.448173 0.745869 -9.133779 -0.000000 -0.000000 -0.000001 
-3.403554 91.039375 1.757749 3.477812 0.361725 2.036291 1.986147 0.535550 4.647992 0.386884 1.712768 -3.108520 1.570701 -0.435504 10.855016 -18.601316 12.012358 8.641369 1.744741 9.511069 -3.479746 -3.518193 10.325603 -14.592102 0.000077 -0.000024 0.000006 -0.021213 0.150650 0.040307 0.677045 -3.613626 -10.686285 -0.735395 3.932271 -10.638154 -1.023183 -3.947637 10.743630 -46.042355 -27.155294 -23.222488 179.512924 -50.389587 -179.508957 14.219875 19.112474 21.387680 -5.882101 9.861278 0.702590 -10.936860 -0.360572 7.156197 -0.000001 8.774814 -0.000001 -15.840707 17.673458 6.060045 -1.844029 2.498501 -2.507276 -10.163590 4.678941 4.621104 -20.975998 -0.000001 0.000001 -21.226255 2.451695 -3.593996 0.000000 -0.000007 -0.000002 -1.362681 2.240795 -0.746322 -21.334890 0.584910 3.008318 -13.821197 -0.000002 0.000001 -23.887129 -0.249080 -0.839481 -61.013187 2.286567 -0.847786 -0.294024 1.679687 0.833255 -14.218194 0.093215 1.300579 -34.212002 -0.287563 0.967167 -20.033180 0.964534 1.212841 -0.000001 0.000000 0.000001 -3.440386 0.788231 0.501655 -15.928167 -3.167305 2.999703 -6.338817 -0.000002 0.000002 -18.123415 3.648177 -4.905663 -0.000004 -0.000001 -0.000002 0.023762 15.596924 12.217037 52.928673 63.895363 0.799304 -177.673904 59.711285 -178.414566 -12.338817 -10.357042 4.143524 2.243540 -5.255032 -3.180154 14.282877 -0.826594 6.952495 -0.000002 -12.690592 0.000000 15.653348 -17.540400 2.930666 1.665665 -1.955920 -2.878297 4.727796 -4.170585 4.993917 11.020510 0.000004 -0.000001 12.109030 -3.735710 -2.866778 0.000000 -0.000000 -0.000001 1.291984 -1.928547 -1.498089 14.800111 0.567467 3.865603 14.242553 -1.341736 -6.660646 19.631939 0.143924 -0.648245 49.681534 -0.568447 -5.695322 0.353028 -1.511150 -0.031940 20.222767 3.684306 2.316627 18.787245 0.000003 -0.000001 10.751611 -0.479867 1.397903 0.000001 0.000000 0.000000 3.273804 0.305947 -0.580110 21.486790 11.830361 2.266131 8.162916 0.000002 0.000001 18.399052 -3.798979 -4.940567 0.000003 -0.000001 -0.000002 12.894175 14.923435 -30.046841 -0.423511 -0.770107 34.787628 -21.308788 -9.997556 0.046047 1.604644 -1.952539 -1.503969 -0.000000 0.000000 0.000002 -25.639503 -17.046379 -11.785631 0.736825 1.327391 48.303185 11.321891 24.869799 -9.695027 -1.451500 0.764636 -8.963601 -0.000000 -0.000000 -0.000001 
-3.517207 91.210373 1.844896 3.143766 0.357655 2.357128 1.983478 0.527390 4.382110 0.366604 1.669105 -3.173634 1.592477 -0.483008 10.580793 -18.561316 11.969737 8.700614 1.791204 9.481433 -3.464126 -3.309057 10.341747 -14.159018 0.000077 -0.000022 0.000006 -0.025773 0.167416 0.053861 0.667007 -3.598089 -10.662370 -0.731802 3.934985 -10.626949 -1.110428 -3.805713 10.616529 -46.199230 -27.393368 -23.548660 -179.978745 -50.191288 179.995560 14.339940 18.925976 20.469563 -5.882104 9.861279 0.702591 -10.936859 -0.360573 7.156199 -0.000001 8.774813 -0.000001 -15.780794 17.496454 5.920115 -1.844031 2.498502 -2.507276 -10.163592 4.678940 4.621106 -20.975996 -0.000000 0.000003 -21.226254 2.451695 -3.593993 0.000000 -0.000006 -0.000000 -1.362680 2.240796 -0.746322 -21.334887 0.584909 3.008321 -13.821197 -0.000001 0.000002 -23.887131 -0.249077 -0.839481 -60.692894 2.273846 -0.862971 -0.294024 1.679686 0.833254 -14.218194 0.093215 1.300580 -34.212006 -0.287561 0.967171 -20.033180 0.964536 1.212843 0.000001 -0.000000 0.000000 -3.440387 0.788231 0.501655 -15.928169 -3.167306 2.999705 -6.338817 0.000000 0.000002 -18.123415 3.648178 -4.905660 -0.000003 -0.000000 -0.000003 -0.134837 15.498967 11.896730 52.800446 63.124153 0.072157 -178.187302 59.648136 -178.821793 -12.027929 -10.951973 3.837851 2.243540 -5.255033 -3.180156 14.282875 -0.826591 6.952495 -0.000004 -12.690592 0.000000 15.661932 -17.460909 2.825523 1.665665 -1.955920 -2.878297 4.727791 -4.170582 4.993918 11.020509 0.000004 -0.000000 12.109032 -3.735711 -2.866780 0.000000 -0.000000 0.000002 1.291983 -1.928547 -1.498087 14.800113 0.567469 3.865603 14.242551 -1.341735 -6.660650 19.631939 0.143925 -0.648241 49.625340 -0.563651 -5.647347 0.353029 -1.511150 -0.031941 20.222769 3.684306 2.316629 18.787245 0.000004 0.000002 10.751609 -0.479867 1.397901 -0.000000 -0.000000 0.000002 3.273803 0.305947 -0.580109 21.486792 11.830364 2.266131 8.162918 0.000003 0.000001 18.399048 -3.798977 -4.940569 0.000003 -0.000001 -0.000000 13.223216 14.767778 -29.965834 -0.403182 -0.772527 34.032368 -21.163939 -9.581210 -0.037032 1.596591 -1.943745 -1.528033 0.000000 -0.000000 0.000002 -24.925777 -16.901878 -11.690077 0.663281 1.284936 47.351616 11.452771 24.776852 -10.168236 -1.458091 0.786230 -8.789204 0.000000 -0.000000 -0.000000 
-3.588605 91.582451 1.974539 2.715005 0.401418 2.812644 1.995089 0.557815 4.032050 0.332398 1.606463 -3.257086 1.594761 -0.477022 10.116347 -18.450531 11.909780 8.699230 1.887562 9.460457 -3.450289 -3.078031 10.382158 -13.519555 0.000077 -0.000023 0.000006 -0.030537 0.178449 0.047211 0.662886 -3.574831 -10.668749 -0.737050 3.943244 -10.634116 -1.199407 -3.696618 10.295283 -46.083317 -27.568342 -24.112818 -179.814606 -49.617043 179.808945 14.579975 18.700411 19.620457 -5.882100 9.861275 0.702589 -10.936858 -0.360575 7.156197 0.000001 8.774812 -0.000002 -15.900451 17.281181 5.737586 -1.844028 2.498502 -2.507276 -10.163589 4.678938 4.621103 -20.975994 -0.000002 0.000004 -21.226255 2.451694 -3.593992 0.000001 -0.000006 -0.000001 -1.362680 2.240796 -0.746322 -21.334887 0.584909 3.008321 -13.821197 -0.000003 0.000003 -23.887133 -0.249077 -0.839481 -60.525043 2.225255 -0.865278 -0.294025 1.679687 0.833254 -14.218192 0.093215 1.300581 -34.212006 -0.287561 0.967170 -20.033176 0.964537 1.212842 0.000002 -0.000001 0.000001 -3.440386 0.788233 0.501656 -15.928169 -3.167307 2.999704 -6.338818 -0.000002 0.000001 -18.123415 3.648178 -4.905662 -0.000004 0.000001 -0.000003 -0.412742 15.443180 11.485880 52.258358 62.168774 -0.725869 -178.549988 59.315605 -179.165314 -11.598567 -11.987995 3.748743 2.243539 -5.255033 -3.180154 14.282873 -0.826594 6.952495 -0.000003 -12.690587 0.000000 15.785233 -17.402292 2.712095 1.665663 -1.955919 -2.878297 4.727794 -4.170584 4.993917 11.020510 0.000003 -0.000001 12.109031 -3.735710 -2.866781 -0.000000 0.000000 0.000001 1.291983 -1.928547 -1.498087 14.800111 0.567468 3.865602 14.242553 -1.341733 -6.660648 19.631939 0.143925 -0.648245 49.625462 -0.552786 -5.599781 0.353029 -1.511150 -0.031940 20.222765 3.684304 2.316627 18.787245 0.000004 -0.000001 10.751608 -0.479868 1.397904 -0.000000 -0.000000 -0.000001 3.273804 0.305945 -0.580110 21.486788 11.830362 2.266131 8.162916 0.000001 0.000001 18.399052 -3.798978 -4.940567 0.000004 0.000000 -0.000001 13.583312 14.316417 -29.631790 -0.397258 -0.836683 32.610580 -20.860477 -8.672196 -0.102181 1.602940 -1.944876 -1.622912 0.000000 -0.000000 0.000002 -24.018095 -16.687651 -11.541865 0.604164 1.319340 46.030495 11.847437 24.588232 -9.815869 -1.466718 0.797758 -8.814351 0.000000 0.000000 -0.000001 
-3.592894 92.072517 2.147486 2.260577 0.463456 3.364619 2.007081 0.604203 3.684042 0.296377 1.559133 -3.329858 1.535634 -0.465377 9.482004 -18.285023 11.840168 8.605116 1.954788 9.408708 -3.466953 -2.822806 10.429828 -12.719484 0.000077 -0.000022 0.000006 -0.029141 0.162043 0.049745 0.668831 -3.578404 -10.668342 -0.745183 3.919286 -10.629351 -1.117628 -3.623004 9.843307 -45.710869 -27.763643 -24.978493 -179.875458 -48.535408 179.821655 14.802733 18.370787 18.799738 -5.882102 9.861279 0.702592 -10.936859 -0.360575 7.156198 -0.000000 8.774815 -0.000000 -16.179321 17.066540 5.559684 -1.844031 2.498503 -2.507276 -10.163589 4.678939 4.621104 -20.975994 -0.000002 0.000003 -21.226255 2.451694 -3.593994 0.000001 -0.000006 -0.000001 -1.362680 2.240797 -0.746323 -21.334894 0.584907 3.008319 -13.821197 -0.000002 0.000004 -23.887135 -0.249079 -0.839481 -60.604496 2.140891 -0.827855 -0.294025 1.679686 0.833255 -14.218194 0.093214 1.300579 -34.212002 -0.287564 0.967171 -20.033180 0.964533 1.212842 0.000001 0.000002 0.000001 -3.440386 0.788233 0.501657 -15.928171 -3.167306 2.999703 -6.338818 -0.000002 0.000002 -18.123415 3.648178 -4.905662 -0.000004 -0.000000 -0.000001 -0.876606 15.515557 10.958472 51.220829 61.293282 -1.890433 -178.918381 58.756153 -179.540131 -11.098698 -13.009050 3.669434 2.243541 -5.255033 -3.180155 14.282877 -0.826593 6.952497 -0.000002 -12.690591 -0.000003 15.871480 -17.395273 2.628421 1.665664 -1.955922 -2.878297 4.727795 -4.170582 4.993920 11.020511 0.000004 0.000000 12.109031 -3.735708 -2.866780 -0.000000 0.000000 0.000001 1.291986 -1.928548 -1.498087 14.800114 0.567467 3.865605 14.242554 -1.341735 -6.660649 19.631939 0.143927 -0.648244 49.606781 -0.578699 -5.566107 0.353028 -1.511150 -0.031941 20.222767 3.684306 2.316627 18.787245 0.000005 -0.000000 10.751611 -0.479868 1.397904 -0.000001 0.000000 -0.000002 3.273805 0.305947 -0.580109 21.486790 11.830362 2.266133 8.162917 0.000002 0.000002 18.399050 -3.798980 -4.940566 0.000004 -0.000000 -0.000001 14.074986 13.694868 -29.204689 -0.379050 -0.911459 30.856028 -20.477074 -7.548335 0.294281 1.617575 -1.963875 -1.857311 0.000000 -0.000000 0.000002 -23.134050 -16.577911 -11.416879 0.581418 1.395907 44.631802 12.363910 24.321531 -8.643984 -1.473445 0.788673 -9.153549 -0.000000 -0.000000 -0.000001 
-3.474047 92.453918 2.389629 1.844885 0.469088 3.912728 1.977517 0.674141 3.471431 0.259588 1.536889 -3.381662 1.439711 -0.427591 8.780262 -18.221813 11.817739 8.364307 2.001491 9.264207 -3.506364 -2.516139 10.509773 -11.895558 0.000077 -0.000024 0.000006 -0.023250 0.131446 0.040699 0.692620 -3.625062 -10.700711 -0.756799 3.883150 -10.658468 -0.675933 -3.578712 9.264173 -45.139389 -28.169563 -26.022514 179.800598 -47.055580 -179.998596 15.117349 17.758106 17.871653 -5.882097 9.861278 0.702591 -10.936859 -0.360575 7.156198 0.000001 8.774812 -0.000001 -16.475229 16.860069 5.497524 -1.844031 2.498503 -2.507278 -10.163589 4.678939 4.621104 -20.975992 -0.000004 0.000003 -21.226248 2.451692 -3.593993 -0.000001 -0.000006 -0.000001 -1.362679 2.240796 -0.746323 -21.334887 0.584907 3.008318 -13.821195 -0.000004 0.000003 -23.887131 -0.249080 -0.839481 -60.935181 2.080959 -0.746437 -0.294024 1.679686 0.833255 -14.218190 0.093214 1.300577 -34.211998 -0.287566 0.967169 -20.033178 0.964533 1.212844 0.000001 -0.000000 0.000001 -3.440385 0.788233 0.501656 -15.928164 -3.167308 2.999703 -6.338817 -0.000001 0.000002 -18.123413 3.648174 -4.905660 -0.000004 0.000002 -0.000001 -1.497436 15.797759 10.445514 49.196758 60.953499 -4.182881 -179.409912 58.079964 -179.984131 -10.691147 -13.779272 3.257318 2.243539 -5.255033 -3.180155 14.282878 -0.826593 6.952495 -0.000003 -12.690590 -0.000003 15.761723 -17.454262 2.606599 1.665664 -1.955921 -2.878296 4.727792 -4.170585 4.993918 11.020514 0.000004 -0.000001 12.109031 -3.735709 -2.866779 -0.000000 0.000000 0.000001 1.291986 -1.928547 -1.498087 14.800113 0.567470 3.865602 14.242554 -1.341734 -6.660648 19.631941 0.143925 -0.648242 49.408203 -0.698683 -5.643178 0.353027 -1.511150 -0.031939 20.222773 3.684308 2.316627 18.787245 0.000005 0.000000 10.751614 -0.479868 1.397905 -0.000001 0.000001 0.000002 3.273804 0.305946 -0.580109 21.486794 11.830365 2.266132 8.162919 0.000001 0.000001 18.399052 -3.798979 -4.940569 0.000003 -0.000000 -0.000002 14.390663 13.277062 -29.195704 -0.353824 -0.986655 30.047131 -19.734243 -6.781286 0.440702 1.644821 -1.995236 -2.268453 0.000000 -0.000000 0.000002 -22.508419 -16.537527 -11.496996 0.600968 1.470127 43.815887 12.771265 24.276518 -6.985362 -1.481819 0.777238 -9.782231 -0.000000 -0.000000 -0.000001 
-3.151960 92.513809 2.659586 1.496142 0.330159 4.312248 1.910554 0.726848 3.444832 0.271104 1.577583 -3.394195 1.311739 -0.244047 8.022657 -18.433485 11.893081 8.142322 1.983518 9.222815 -3.504259 -2.185865 10.178623 -11.219167 0.000077 -0.000021 0.000006 -0.014714 0.109527 0.036708 0.715120 -3.634172 -10.742070 -0.758731 3.856555 -10.716607 0.323587 -3.730860 8.450301 -44.883804 -28.797729 -26.960546 179.138931 -45.556755 -179.715881 15.362392 16.533672 16.908833 -5.882099 9.861278 0.702590 -10.936858 -0.360575 7.156196 -0.000000 8.774816 -0.000001 -16.565460 17.117649 5.706501 -1.844029 2.498503 -2.507274 -10.163588 4.678941 4.621103 -20.975994 -0.000004 0.000001 -21.226255 2.451692 -3.593995 0.000000 -0.000006 -0.000002 -1.362680 2.240794 -0.746322 -21.334887 0.584907 3.008320 -13.821194 -0.000001 0.000001 -23.887129 -0.249078 -0.839482 -61.410923 2.201676 -0.790748 -0.294024 1.679686 0.833256 -14.218192 0.093215 1.300579 -34.211998 -0.287564 0.967167 -20.033176 0.964534 1.212840 0.000000 0.000001 0.000000 -3.440385 0.788232 0.501654 -15.928164 -3.167305 2.999702 -6.338816 0.000001 0.000001 -18.123411 3.648176 -4.905661 -0.000003 0.000001 -0.000002 -2.063089 16.255642 10.105104 46.076332 61.085022 -7.056436 -179.122116 57.708462 -179.530533 -10.343809 -13.929902 2.569067 2.243539 -5.255032 -3.180154 14.282877 -0.826592 6.952497 -0.000005 -12.690590 0.000001 15.590478 -17.290552 2.802957 1.665667 -1.955921 -2.878297 4.727793 -4.170585 4.993918 11.020512 0.000002 -0.000002 12.109032 -3.735709 -2.866781 -0.000001 0.000000 0.000001 1.291987 -1.928549 -1.498089 14.800113 0.567468 3.865603 14.242551 -1.341735 -6.660648 19.631939 0.143926 -0.648243 49.069618 -0.600428 -5.486577 0.353030 -1.511150 -0.031941 20.222767 3.684308 2.316628 18.787245 0.000005 -0.000000 10.751611 -0.479867 1.397904 -0.000001 0.000000 0.000000 3.273804 0.305947 -0.580111 21.486794 11.830366 2.266130 8.162918 0.000001 0.000001 18.399054 -3.798980 -4.940567 0.000003 -0.000000 -0.000002 14.203259 13.495343 -30.212404 -0.354661 -1.000124 31.549049 -18.265200 -6.319423 -0.833016 1.672372 -2.128731 -2.631502 -0.000000 0.000000 0.000002 -22.271345 -16.526806 -11.708086 0.625678 1.521615 43.605400 13.043376 24.846487 -5.880268 -1.466085 0.759524 -10.815246 0.000000 0.000000 -0.000001 
-2.596482 92.115479 2.985221 1.196232 -0.032902 4.621165 1.774600 0.819230 3.290519 0.189730 1.702911 -3.394126 1.326758 0.083728 7.505116 -18.605486 11.999044 8.068304 1.885661 9.289411 -3.551538 -1.848668 10.046445 -10.429000 0.000077 -0.000024 0.000006 -0.005930 0.078225 0.005665 0.712907 -3.673973 -10.805331 -0.743717 3.838750 -10.773456 1.287560 -3.800426 7.749167 -44.724152 -29.904831 -28.226734 178.781647 -44.175594 -179.592453 15.305601 15.583477 16.374550 -5.882102 9.861278 0.702587 -10.936859 -0.360576 7.156197 -0.000000 8.774814 -0.000002 -16.567757 16.974653 5.590621 -1.844031 2.498502 -2.507276 -10.163589 4.678939 4.621102 -20.975994 -0.000004 0.000004 -21.226254 2.451693 -3.593994 0.000001 -0.000007 -0.000001 -1.362679 2.240796 -0.746323 -21.334887 0.584907 3.008322 -13.821197 -0.000002 0.000003 -23.887131 -0.249078 -0.839480 -61.077965 2.114044 -0.652002 -0.294025 1.679688 0.833256 -14.218192 0.093215 1.300580 -34.212006 -0.287565 0.967170 -20.033180 0.964536 1.212843 0.000000 0.000002 0.000000 -3.440385 0.788233 0.501655 -15.928169 -3.167305 2.999703 -6.338817 -0.000001 0.000001 -18.123415 3.648177 -4.905661 -0.000003 0.000001 -0.000002 -2.339428 16.283527 9.590965 42.568478 61.316376 -9.841147 -179.432449 57.652599 -179.903305 -9.520840 -13.477551 1.693081 2.243539 -5.255031 -3.180155 14.282877 -0.826595 6.952497 -0.000002 -12.690586 0.000000 15.333665 -17.421856 2.805678 1.665665 -1.955920 -2.878296 4.727795 -4.170582 4.993918 11.020513 0.000003 -0.000001 12.109031 -3.735709 -2.866778 -0.000001 0.000000 0.000001 1.291986 -1.928548 -1.498087 14.800114 0.567468 3.865606 14.242553 -1.341735 -6.660646 19.631939 0.143924 -0.648244 48.943989 -0.549267 -5.527026 0.353029 -1.511151 -0.031941 20.222773 3.684305 2.316626 18.787249 0.000004 0.000001 10.751611 -0.479868 1.397903 0.000001 0.000000 0.000000 3.273804 0.305948 -0.580109 21.486792 11.830361 2.266130 8.162916 0.000002 0.000002 18.399054 -3.798978 -4.940567 0.000003 -0.000000 -0.000001 13.806656 14.161274 -31.744904 -0.289759 -0.925695 34.758656 -17.475954 -6.354927 -2.904210 1.654471 -2.076425 -2.717708 0.000000 -0.000000 0.000002 -22.256895 -16.103001 -12.029593 0.568258 1.554223 43.685108 13.596135 25.250179 -6.489208 -1.454052 0.670742 -11.440150 0.000000 0.000000 -0.000001 
-1.891522 91.308617 3.434625 0.728697 -0.590545 4.656225 1.637971 0.912133 3.126600 0.135670 1.863615 -3.416204 1.310359 0.358419 7.116033 -18.600222 12.069255 8.306989 1.831026 9.408597 -3.620865 -1.535613 10.178276 -9.900182 0.000077 -0.000025 0.000006 -0.013828 0.092049 -0.004153 0.715510 -3.685684 -10.890740 -0.754778 3.854435 -10.850705 2.278080 -3.792747 7.348215 -45.049404 -31.203922 -29.811304 178.714615 -43.377804 -179.519089 15.006712 14.909821 15.295686 -5.882102 9.861279 0.702592 -10.936858 -0.360575 7.156196 0.000001 8.774813 -0.000000 -16.745949 16.676842 5.258619 -1.844031 2.498503 -2.507276 -10.163589 4.678942 4.621104 -20.975994 -0.000005 0.000002 -21.226250 2.451690 -3.593994 0.000000 -0.000005 -0.000000 -1.362678 2.240796 -0.746322 -21.334892 0.584909 3.008319 -13.821197 -0.000001 0.000003 -23.887129 -0.249078 -0.839481 -60.560661 2.125132 -0.734772 -0.294026 1.679686 0.833256 -14.218190 0.093215 1.300579 -34.211998 -0.287566 0.967171 -20.033175 0.964534 1.212843 0.000000 0.000000 0.000000 -3.440382 0.788233 0.501654 -15.928167 -3.167308 2.999705 -6.338817 -0.000001 0.000002 -18.123413 3.648172 -4.905660 -0.000004 0.000001 -0.000001 -2.569881 16.236170 8.754140 40.653919 61.140106 -10.775976 -179.375015 57.997086 -179.937408 -8.591342 -13.022061 1.536727 2.243542 -5.255033 -3.180155 14.282873 -0.826592 6.952495 -0.000002 -12.690593 0.000000 15.459241 -17.685083 2.676280 1.665665 -1.955920 -2.878298 4.727795 -4.170585 4.993917 11.020511 0.000005 -0.000002 12.109030 -3.735710 -2.866780 -0.000001 0.000000 0.000000 1.291987 -1.928548 -1.498087 14.800111 0.567468 3.865603 14.242554 -1.341736 -6.660649 19.631937 0.143927 -0.648247 49.041382 -0.548953 -5.813307 0.353029 -1.511148 -0.031939 20.222767 3.684308 2.316627 18.787245 0.000006 -0.000003 10.751609 -0.479867 1.397904 0.000000 -0.000000 0.000002 3.273803 0.305946 -0.580111 21.486788 11.830363 2.266129 8.162914 0.000001 -0.000001 18.399048 -3.798976 -4.940568 0.000003 0.000000 -0.000001 14.070319 15.143451 -33.401348 -0.323546 -0.812359 39.044193 -17.436275 -6.657716 -4.647483 1.616829 -2.061812 -2.462743 0.000000 -0.000000 0.000002 -22.272560 -15.248812 -11.848933 0.617856 1.535212 43.288124 14.303901 25.267042 -9.348094 -1.468809 0.653048 -10.229623 0.000000 -0.000000 -0.000001 
-1.092066 90.188103 4.047749 0.286193 -1.067749 4.523859 1.497524 1.046693 2.835331 0.060198 2.001032 -3.518799 1.132385 0.525687 6.885385 -18.528105 12.382600 8.993684 1.857159 9.663653 -3.667696 -1.179641 10.209398 -9.880426 0.000077 -0.000023 0.000006 -0.017607 0.100144 0.004019 0.726336 -3.697137 -10.947217 -0.773919 3.883929 -10.918147 2.826953 -3.764502 7.294155 -45.840202 -32.402325 -30.739756 178.575775 -43.346317 -179.474609 15.321782 14.197216 14.596294 -5.882101 9.861278 0.702591 -10.936860 -0.360573 7.156196 0.000000 8.774813 0.000001 -16.662439 16.602671 5.240746 -1.844031 2.498503 -2.507274 -10.163589 4.678940 4.621103 -20.975996 -0.000003 0.000001 -21.226254 2.451691 -3.593995 0.000000 -0.000007 -0.000001 -1.362679 2.240797 -0.746324 -21.334894 0.584912 3.008319 -13.821197 -0.000001 0.000002 -23.887129 -0.249080 -0.839484 -60.280945 2.110682 -0.740617 -0.294026 1.679688 0.833254 -14.218194 0.093216 1.300579 -34.212013 -0.287564 0.967168 -20.033180 0.964536 1.212840 -0.000000 -0.000001 0.000001 -3.440387 0.788234 0.501654 -15.928167 -3.167305 2.999703 -6.338817 -0.000001 0.000001 -18.123415 3.648176 -4.905662 -0.000003 -0.000000 -0.000002 -2.507452 15.801535 8.490295 40.798267 60.812641 -9.928588 -179.103302 58.290813 -179.615356 -7.798583 -13.451222 2.124511 2.243540 -5.255032 -3.180156 14.282877 -0.826594 6.952494 -0.000002 -12.690591 -0.000001 15.406937 -17.669439 2.587492 1.665666 -1.955919 -2.878297 4.727793 -4.170585 4.993918 11.020513 0.000004 -0.000002 12.109034 -3.735709 -2.866780 -0.000000 -0.000000 -0.000002 1.291983 -1.928549 -1.498088 14.800109 0.567468 3.865601 14.242551 -1.341734 -6.660651 19.631937 0.143926 -0.648244 49.105789 -0.511873 -5.904643 0.353028 -1.511148 -0.031940 20.222769 3.684307 2.316626 18.787245 0.000005 -0.000003 10.751610 -0.479867 1.397904 0.000000 -0.000000 0.000001 3.273804 0.305947 -0.580111 21.486790 11.830366 2.266129 8.162916 0.000003 0.000000 18.399052 -3.798978 -4.940568 0.000003 0.000000 -0.000001 14.371328 16.227621 -35.139214 -0.340737 -0.638214 43.928421 -17.630777 -7.697570 -7.179232 1.611363 -2.013778 -2.139978 0.000000 -0.000000 0.000002 -22.355974 -13.937746 -11.149729 0.615289 1.455731 42.447758 15.110331 24.465723 -13.918437 -1.474353 0.679408 -8.157173 0.000000 -0.000000 -0.000001 
-0.155785 89.179245 4.907282 -0.052590 -0.849453 4.356762 1.198523 1.117685 2.428137 -0.058528 2.029091 -3.660075 0.708250 0.423762 6.769229 -18.026993 12.520861 10.107035 1.968768 10.024457 -3.700307 -0.827113 10.245375 -9.811044 0.000077 -0.000024 0.000006 -0.022570 0.128390 0.016693 0.718275 -3.663796 -10.936761 -0.778847 3.912114 -10.933003 2.532213 -3.744920 7.389160 -46.802258 -33.402935 -30.503531 178.443939 -44.107468 -179.273239 16.236803 13.789966 12.849461 -5.882101 9.861278 0.702588 -10.936858 -0.360574 7.156196 0.000001 8.774812 0.000001 -16.561245 16.552654 5.275767 -1.844030 2.498503 -2.507273 -10.163589 4.678938 4.621103 -20.975996 -0.000002 0.000003 -21.226254 2.451693 -3.593994 0.000000 -0.000006 -0.000002 -1.362681 2.240797 -0.746323 -21.334892 0.584909 3.008319 -13.821197 -0.000003 0.000001 -23.887129 -0.249078 -0.839482 -60.125408 2.145090 -0.842015 -0.294025 1.679686 0.833256 -14.218190 0.093212 1.300579 -34.212006 -0.287562 0.967169 -20.033175 0.964536 1.212840 0.000000 -0.000001 -0.000000 -3.440387 0.788232 0.501654 -15.928167 -3.167307 2.999702 -6.338817 -0.000001 0.000002 -18.123413 3.648173 -4.905660 -0.000003 -0.000000 -0.000003 -1.685892 14.797024 8.736036 43.062515 59.905579 -7.326531 -179.080917 57.950893 -179.144287 -7.099235 -14.129994 3.251999 2.243539 -5.255033 -3.180156 14.282873 -0.826591 6.952495 -0.000001 -12.690588 -0.000002 15.629871 -17.458096 2.369909 1.665665 -1.955920 -2.878297 4.727793 -4.170582 4.993917 11.020508 0.000004 -0.000001 12.109028 -3.735708 -2.866782 -0.000000 -0.000000 -0.000002 1.291986 -1.928549 -1.498088 14.800109 0.567468 3.865603 14.242553 -1.341735 -6.660650 19.631935 0.143926 -0.648243 49.314919 -0.412230 -5.886959 0.353028 -1.511149 -0.031941 20.222765 3.684306 2.316628 18.787243 0.000005 -0.000000 10.751608 -0.479867 1.397904 0.000000 -0.000000 -0.000000 3.273802 0.305946 -0.580111 21.486788 11.830364 2.266131 8.162916 0.000003 0.000000 18.399050 -3.798978 -4.940567 0.000002 0.000000 -0.000001 14.316053 16.996374 -36.556065 -0.413697 -0.498788 48.073494 -17.449469 -9.222827 -9.732820 1.607404 -1.954968 -1.840945 0.000000 0.000000 0.000002 -22.569948 -12.556346 -9.824313 0.562854 1.402866 41.444237 15.949338 22.882530 -17.493151 -1.475833 0.729729 -6.694633 0.000000 0.000000 -0.000001 
0.817374 88.621346 5.779936 -0.369217 0.757659 4.242018 0.723812 1.079114 2.048932 -0.188329 1.916975 -3.800628 0.081177 0.010613 6.710068 -16.914207 12.288709 11.595427 2.058655 10.247395 -3.722479 -0.299907 10.100725 -9.492956 0.000076 -0.000023 0.000006 -0.050693 0.216495 0.021348 0.673882 -3.561029 -10.872272 -0.782759 3.967413 -10.899950 1.835027 -4.164392 7.643829 -48.105625 -34.283539 -29.195536 178.901093 -45.412594 -179.444092 17.331579 13.804103 10.204419 -5.882102 9.861278 0.702587 -10.936857 -0.360574 7.156196 0.000001 8.774811 0.000000 -16.666845 16.624746 5.194994 -1.844031 2.498502 -2.507273 -10.163589 4.678940 4.621104 -20.975994 -0.000004 -0.000001 -21.226255 2.451688 -3.593995 0.000000 -0.000007 -0.000001 -1.362681 2.240797 -0.746322 -21.334888 0.584910 3.008319 -13.821197 -0.000005 -0.000002 -23.887131 -0.249080 -0.839486 -60.112450 2.135015 -0.994906 -0.294024 1.679688 0.833256 -14.218192 0.093217 1.300576 -34.211998 -0.287566 0.967165 -20.033173 0.964535 1.212839 -0.000000 -0.000001 0.000001 -3.440383 0.788232 0.501655 -15.928164 -3.167306 2.999701 -6.338815 0.000000 0.000001 -18.123415 3.648175 -4.905662 -0.000003 -0.000000 -0.000001 -0.541197 13.132462 9.068565 46.421940 57.827259 -4.300561 -179.557053 56.213131 -178.907227 -6.368900 -14.343534 4.677760 2.243538 -5.255033 -3.180155 14.282873 -0.826591 6.952494 -0.000002 -12.690588 0.000000 15.904490 -17.283909 2.120544 1.665665 -1.955920 -2.878296 4.727793 -4.170584 4.993918 11.020512 0.000004 -0.000001 12.109034 -3.735711 -2.866782 0.000001 0.000000 -0.000002 1.291984 -1.928548 -1.498089 14.800114 0.567469 3.865604 14.242553 -1.341734 -6.660650 19.631937 0.143927 -0.648244 49.642601 -0.341656 -5.938695 0.353030 -1.511148 -0.031939 20.222767 3.684308 2.316627 18.787243 0.000006 -0.000002 10.751610 -0.479867 1.397904 -0.000000 0.000000 0.000002 3.273803 0.305947 -0.580111 21.486788 11.830366 2.266129 8.162916 0.000002 -0.000002 18.399050 -3.798977 -4.940569 0.000003 -0.000000 -0.000001 14.008099 16.619282 -37.894093 -0.484784 -0.465630 50.889633 -16.862627 -10.658305 -11.120894 1.609234 -1.870647 -1.531701 -0.000000 0.000000 0.000002 -22.735620 -11.612010 -8.312596 0.512900 1.403049 41.534019 16.990219 21.004372 -17.405495 -1.484334 0.788017 -7.136390 0.000000 -0.000000 -0.000001 
1.588177 88.439995 6.576007 -0.625626 4.161541 4.302733 0.060905 0.950536 1.931983 -0.326981 1.754421 -3.817862 -0.814695 -0.745577 6.672466 -15.092058 11.698162 13.097009 2.164807 10.020760 -3.710177 0.210089 9.703382 -9.229418 0.000077 -0.000023 0.000006 -0.051400 0.236142 0.020970 0.668807 -3.509012 -10.821355 -0.783998 3.992092 -10.875134 2.228634 -5.044173 7.789165 -49.980225 -35.438019 -26.675058 179.893616 -46.526535 179.937820 18.002592 14.248982 7.738969 -5.882101 9.861278 0.702590 -10.936858 -0.360575 7.156197 -0.000001 8.774817 -0.000000 -16.738668 16.815069 5.239628 -1.844031 2.498501 -2.507275 -10.163589 4.678942 4.621103 -20.975996 -0.000005 0.000001 -21.226254 2.451695 -3.593995 0.000000 -0.000006 -0.000001 -1.362681 2.240796 -0.746323 -21.334890 0.584909 3.008321 -13.821195 -0.000004 0.000001 -23.887129 -0.249079 -0.839482 -60.676113 1.957395 -1.052498 -0.294024 1.679685 0.833254 -14.218190 0.093215 1.300578 -34.212006 -0.287564 0.967169 -20.033182 0.964537 1.212842 0.000000 -0.000001 -0.000000 -3.440384 0.788230 0.501654 -15.928167 -3.167306 2.999702 -6.338817 -0.000001 0.000000 -18.123411 3.648178 -4.905662 -0.000003 -0.000000 -0.000003 -0.413377 11.229646 9.170673 48.751183 54.801735 -3.582532 179.631882 52.956829 -179.332520 -5.324002 -14.169394 5.686912 2.243540 -5.255033 -3.180154 14.282879 -0.826594 6.952496 -0.000002 -12.690587 0.000000 16.013668 -17.077581 2.006605 1.665663 -1.955917 -2.878296 4.727793 -4.170582 4.993918 11.020513 0.000003 0.000000 12.109031 -3.735709 -2.866778 -0.000000 0.000000 -0.000001 1.291985 -1.928547 -1.498087 14.800113 0.567469 3.865604 14.242553 -1.341735 -6.660648 19.631939 0.143925 -0.648242 49.985466 -0.412680 -6.003819 0.353031 -1.511150 -0.031941 20.222771 3.684306 2.316629 18.787245 0.000005 0.000000 10.751610 -0.479868 1.397906 0.000000 -0.000000 0.000001 3.273804 0.305948 -0.580110 21.486794 11.830361 2.266131 8.162917 0.000002 0.000000 18.399055 -3.798979 -4.940567 0.000003 0.000000 -0.000001 13.489977 14.520129 -39.461723 -0.498121 -0.557565 52.332626 -15.844609 -12.142592 -11.621365 1.609034 -1.806486 -1.185134 0.000000 -0.000000 0.000002 -22.933308 -11.759935 -7.995205 0.682874 1.612413 45.001446 17.865675 20.241865 -13.183889 -1.537050 0.887533 -11.307645 -0.000000 -0.000000 -0.000002 
1.931259 88.529022 7.070050 -0.909917 9.121530 4.684638 -0.759345 0.894075 2.248762 -0.504911 1.359232 -3.794208 -1.688868 -1.312696 6.618454 -12.750699 10.645782 14.379614 2.161312 9.479474 -3.765603 0.895397 8.843137 -9.130778 0.000076 -0.000025 0.000006 -0.070746 0.273371 0.001638 0.657582 -3.468182 -10.850630 -0.804517 4.002351 -10.895799 3.811253 -6.198322 7.897061 -51.654259 -37.303249 -23.727842 -178.700012 -46.957325 178.839615 17.999670 14.573401 6.621945 -5.882101 9.861279 0.702587 -10.936858 -0.360576 7.156198 0.000003 8.774811 0.000000 -16.742773 17.040623 5.198813 -1.844031 2.498501 -2.507276 -10.163589 4.678938 4.621105 -20.975994 -0.000008 0.000001 -21.226254 2.451689 -3.593993 0.000001 -0.000007 0.000001 -1.362680 2.240795 -0.746323 -21.334896 0.584907 3.008320 -13.821197 -0.000006 0.000003 -23.887125 -0.249079 -0.839482 -61.012054 1.919512 -1.063473 -0.294024 1.679685 0.833255 -14.218194 0.093212 1.300577 -34.211998 -0.287567 0.967169 -20.033178 0.964533 1.212842 -0.000000 0.000000 0.000000 -3.440386 0.788234 0.501657 -15.928167 -3.167304 2.999703 -6.338817 -0.000003 0.000001 -18.123415 3.648173 -4.905660 -0.000004 0.000001 -0.000002 -1.481059 9.781569 8.878213 48.428837 51.143391 -6.114887 178.663589 49.071632 179.906906 -4.221910 -14.586259 5.734938 2.243538 -5.255033 -3.180155 14.282878 -0.826595 6.952496 -0.000003 -12.690590 0.000004 15.896310 -16.985535 1.944431 1.665666 -1.955921 -2.878298 4.727796 -4.170582 4.993920 11.020513 0.000004 -0.000000 12.109033 -3.735710 -2.866777 0.000001 -0.000000 0.000001 1.291983 -1.928547 -1.498087 14.800114 0.567468 3.865604 14.242553 -1.341735 -6.660650 19.631939 0.143925 -0.648242 49.701069 -0.605891 -6.124023 0.353027 -1.511150 -0.031941 20.222765 3.684305 2.316628 18.787245 0.000004 -0.000001 10.751610 -0.479868 1.397905 -0.000000 -0.000000 0.000000 3.273803 0.305947 -0.580109 21.486790 11.830360 2.266131 8.162916 0.000003 0.000000 18.399054 -3.798979 -4.940566 0.000003 0.000000 0.000000 12.990844 11.716160 -41.541664 -0.475530 -0.607756 52.489841 -14.927603 -14.175005 -10.831573 1.592578 -1.791955 -0.804299 -0.000000 0.000000 0.000002 -23.082846 -13.058033 -8.783101 0.859261 1.825042 50.850819 17.630907 21.188494 -5.672830 -1.588894 0.919220 -16.647806 -0.000000 -0.000000 -0.000001 
1.873516 88.861549 7.493328 -1.387806 15.389353 5.554032 -1.459692 0.883970 2.682703 -0.675126 1.015200 -3.707102 -2.591527 -1.665939 6.524863 -9.925691 9.098287 15.200644 2.111078 8.676246 -3.778262 1.862517 7.708000 -9.100902 0.000077 -0.000024 0.000006 -0.068542 0.224788 -0.015056 0.669011 -3.501237 -10.861187 -0.813288 3.950977 -10.890931 5.901583 -7.264467 7.529994 -52.616962 -40.075520 -19.822674 -177.921829 -47.015049 178.145599 17.721975 14.183249 6.730623 -5.882101 9.861279 0.702592 -10.936858 -0.360572 7.156196 0.000001 8.774812 -0.000001 -16.677153 17.258720 5.249936 -1.844031 2.498502 -2.507276 -10.163589 4.678941 4.621104 -20.975994 -0.000003 0.000001 -21.226254 2.451691 -3.593994 0.000001 -0.000007 -0.000000 -1.362681 2.240796 -0.746323 -21.334892 0.584908 3.008320 -13.821197 -0.000004 0.000002 -23.887129 -0.249078 -0.839485 -61.297264 1.965543 -1.082800 -0.294024 1.679686 0.833255 -14.218190 0.093215 1.300578 -34.212006 -0.287566 0.967171 -20.033175 0.964536 1.212842 -0.000001 -0.000002 -0.000001 -3.440384 0.788232 0.501655 -15.928167 -3.167307 2.999705 -6.338818 0.000000 0.000000 -18.123411 3.648176 -4.905660 -0.000004 0.000002 -0.000003 -2.986076 9.009200 8.477500 44.794621 47.007874 -11.945700 178.005844 45.832390 179.185638 -3.295039 -15.664582 5.640519 2.243543 -5.255033 -3.180155 14.282878 -0.826594 6.952496 -0.000002 -12.690590 0.000002 15.662543 -17.096834 1.953239 1.665665 -1.955920 -2.878296 4.727796 -4.170585 4.993918 11.020511 0.000003 -0.000001 12.109031 -3.735710 -2.866778 0.000000 0.000000 0.000000 1.291985 -1.928548 -1.498090 14.800113 0.567468 3.865605 14.242553 -1.341734 -6.660649 19.631939 0.143926 -0.648243 49.510147 -0.862230 -6.155922 0.353027 -1.511148 -0.031940 20.222769 3.684305 2.316629 18.787245 0.000003 -0.000000 10.751611 -0.479868 1.397904 0.000000 -0.000000 -0.000001 3.273804 0.305947 -0.580110 21.486792 11.830364 2.266131 8.162917 0.000001 -0.000001 18.399055 -3.798980 -4.940568 0.000004 -0.000001 -0.000001 12.627444 9.091142 -44.304741 -0.537322 -0.685344 51.713264 -14.237852 -16.987919 -8.602275 1.580964 -1.806511 -0.776975 0.000000 -0.000000 0.000002 -22.821238 -15.061997 -9.037086 0.886140 1.923702 55.786903 17.112789 22.499840 1.718835 -1.573864 0.891548 -15.948383 -0.000000 -0.000000 -0.000003 
1.333092 89.306732 7.955259 -1.796264 22.095039 6.958077 -1.939437 0.944917 2.996550 -0.872092 0.948413 -3.615960 -3.530972 -1.702437 6.446538 -7.009127 7.281903 15.536557 2.020877 7.728131 -3.773359 2.963590 6.452589 -9.179153 0.000076 -0.000023 0.000006 -0.048557 0.164660 -0.046139 0.695453 -3.559645 -10.840872 -0.801054 3.890974 -10.857743 7.609204 -8.076945 6.771704 -52.498909 -43.243069 -15.657780 -178.122849 -46.996510 178.085800 17.592474 13.513350 8.222377 -5.882101 9.861278 0.702590 -10.936858 -0.360575 7.156198 0.000000 8.774813 0.000000 -16.570969 17.461590 5.362772 -1.844031 2.498503 -2.507277 -10.163589 4.678937 4.621106 -20.976000 -0.000003 0.000004 -21.226255 2.451692 -3.593991 0.000001 -0.000006 -0.000000 -1.362680 2.240797 -0.746321 -21.334887 0.584906 3.008322 -13.821197 -0.000004 0.000002 -23.887133 -0.249076 -0.839480 -61.528370 2.018905 -1.062441 -0.294025 1.679688 0.833255 -14.218194 0.093215 1.300579 -34.212006 -0.287565 0.967171 -20.033180 0.964534 1.212842 0.000000 -0.000002 0.000000 -3.440386 0.788234 0.501657 -15.928171 -3.167307 2.999704 -6.338818 -0.000002 0.000000 -18.123415 3.648173 -4.905659 -0.000004 -0.000001 -0.000002 -4.590315 9.118234 8.011103 39.093399 42.339214 -19.825846 177.586105 44.084976 178.615738 -2.768646 -17.099600 5.442505 2.243541 -5.255033 -3.180155 14.282877 -0.826595 6.952497 -0.000000 -12.690592 0.000000 15.659377 -17.394358 1.951037 1.665665 -1.955920 -2.878296 4.727793 -4.170584 4.993918 11.020511 0.000003 -0.000000 12.109032 -3.735711 -2.866779 0.000000 0.000000 0.000000 1.291985 -1.928547 -1.498087 14.800109 0.567467 3.865603 14.242551 -1.341736 -6.660647 19.631939 0.143924 -0.648243 49.685001 -1.037170 -6.116523 0.353029 -1.511149 -0.031941 20.222769 3.684305 2.316629 18.787245 0.000003 0.000001 10.751610 -0.479869 1.397904 0.000000 0.000000 -0.000001 3.273802 0.305947 -0.580110 21.486792 11.830363 2.266130 8.162916 0.000002 0.000001 18.399054 -3.798982 -4.940565 0.000004 0.000000 -0.000001 12.302447 6.973803 -47.439049 -0.606262 -0.736584 50.075836 -14.364667 -20.131651 -5.199740 1.575822 -1.808164 -1.091244 0.000000 -0.000000 0.000002 -22.116558 -17.532633 -7.764926 0.737274 1.937086 57.473984 16.187731 22.803265 6.244080 -1.522707 0.888638 -11.447141 -0.000000 0.000000 -0.000003 
0.551398 89.738968 8.491419 -1.786225 28.589682 8.909489 -2.290147 1.124174 3.144144 -1.135246 1.307892 -3.539338 -4.592010 -1.346496 6.463071 -4.177816 5.472847 15.511816 1.947560 6.588320 -3.759924 4.202401 5.018907 -9.127204 0.000077 -0.000022 0.000006 -0.043427 0.135213 -0.050876 0.707262 -3.589173 -10.793395 -0.808244 3.867965 -10.799250 8.684096 -8.498316 5.891365 -51.845005 -46.512150 -11.934031 -178.671951 -47.185024 178.356384 17.999044 13.239526 10.158154 -5.882100 9.861275 0.702592 -10.936860 -0.360574 7.156199 0.000001 8.774811 -0.000001 -16.345057 17.624380 5.626911 -1.844030 2.498503 -2.507276 -10.163589 4.678938 4.621106 -20.975996 -0.000003 0.000005 -21.226254 2.451696 -3.593994 0.000000 -0.000006 -0.000001 -1.362680 2.240797 -0.746322 -21.334892 0.584908 3.008322 -13.821197 -0.000003 0.000002 -23.887133 -0.249077 -0.839478 -62.046021 2.108052 -0.980146 -0.294024 1.679685 0.833256 -14.218192 0.093214 1.300579 -34.211998 -0.287561 0.967173 -20.033176 0.964538 1.212842 0.000000 0.000000 0.000000 -3.440385 0.788232 0.501656 -15.928167 -3.167308 2.999706 -6.338817 -0.000001 0.000003 -18.123411 3.648176 -4.905656 -0.000004 -0.000000 -0.000002 -6.657173 10.207536 7.460081 33.032379 36.918182 -27.954384 177.312073 44.335545 178.114609 -2.557438 -18.904549 4.927054 2.243539 -5.255032 -3.180155 14.282881 -0.826594 6.952496 -0.000003 -12.690588 0.000001 15.903888 -17.761885 1.948050 1.665664 -1.955919 -2.878295 4.727795 -4.170583 4.993919 11.020514 0.000003 0.000000 12.109035 -3.735710 -2.866777 0.000000 0.000000 0.000001 1.291985 -1.928548 -1.498088 14.800114 0.567468 3.865604 14.242554 -1.341734 -6.660645 19.631941 0.143924 -0.648240 50.169594 -1.123297 -6.056405 0.353028 -1.511149 -0.031939 20.222773 3.684307 2.316630 18.787251 0.000005 0.000002 10.751612 -0.479868 1.397905 -0.000001 -0.000000 0.000000 3.273805 0.305947 -0.580109 21.486799 11.830362 2.266132 8.162918 0.000001 0.000000 18.399059 -3.798980 -4.940566 0.000002 0.000000 -0.000001 11.665822 5.213001 -50.626575 -0.670421 -0.819915 47.849007 -15.413814 -22.858078 -1.158778 1.567482 -1.817431 -1.420569 0.000000 -0.000000 0.000002 -21.060656 -20.357285 -5.102118 0.586286 1.942901 55.516476 14.453301 21.163641 8.490240 -1.486237 0.880689 -9.101073 -0.000000 0.000000 -0.000002 
-0.372937 90.094635 9.144553 -1.234321 34.335396 11.262119 -2.487528 1.435673 3.256003 -1.450880 2.035585 -3.509876 -5.749794 -0.539342 6.620549 -1.605360 3.865765 15.400107 1.809907 5.333484 -3.749068 5.503715 3.466766 -8.947389 0.000077 -0.000022 0.000005 -0.038032 0.116961 -0.057665 0.725768 -3.623912 -10.765265 -0.810636 3.866498 -10.765690 9.177261 -8.472146 5.030634 -51.023174 -49.497574 -8.572062 -179.585587 -47.584698 179.033447 19.054037 13.634043 12.460440 -5.882100 9.861278 0.702590 -10.936858 -0.360573 7.156197 -0.000000 8.774814 -0.000002 -16.006647 17.702267 6.051625 -1.844032 2.498504 -2.507275 -10.163589 4.678940 4.621103 -20.975994 -0.000007 0.000003 -21.226255 2.451692 -3.593993 -0.000000 -0.000006 0.000001 -1.362681 2.240797 -0.746323 -21.334888 0.584908 3.008320 -13.821197 -0.000003 0.000003 -23.887131 -0.249078 -0.839480 -62.745270 2.170171 -0.895388 -0.294025 1.679685 0.833255 -14.218194 0.093213 1.300579 -34.211998 -0.287565 0.967169 -20.033176 0.964536 1.212842 0.000000 0.000000 -0.000000 -3.440387 0.788233 0.501655 -15.928165 -3.167307 2.999705 -6.338816 -0.000001 0.000000 -18.123413 3.648174 -4.905660 -0.000005 0.000001 -0.000002 -9.716516 12.445267 6.802309 27.323961 30.901979 -34.949963 177.020523 47.758495 177.530777 -2.120625 -20.821846 3.814177 2.243540 -5.255032 -3.180156 14.282877 -0.826593 6.952496 -0.000003 -12.690586 -0.000001 16.376249 -18.128908 1.963423 1.665665 -1.955920 -2.878297 4.727794 -4.170583 4.993919 11.020513 0.000003 -0.000000 12.109032 -3.735710 -2.866779 -0.000000 0.000000 -0.000000 1.291983 -1.928548 -1.498088 14.800111 0.567469 3.865604 14.242553 -1.341734 -6.660648 19.631939 0.143927 -0.648243 50.771389 -1.087069 -6.025967 0.353028 -1.511149 -0.031939 20.222769 3.684306 2.316629 18.787247 0.000005 0.000000 10.751612 -0.479868 1.397904 -0.000001 0.000000 0.000000 3.273806 0.305947 -0.580110 21.486794 11.830362 2.266131 8.162918 0.000001 -0.000000 18.399052 -3.798978 -4.940566 0.000003 -0.000000 -0.000001 10.864679 3.599297 -53.406120 -0.708607 -0.916561 45.251152 -17.273941 -24.776188 3.004975 1.562555 -1.846183 -1.650255 0.000000 -0.000000 0.000002 -19.686552 -23.096325 -1.543778 0.492030 1.993168 50.270767 12.358312 18.514992 9.899385 -1.447477 0.814795 -9.599469 -0.000001 0.000001 -0.000003 
-1.397669 90.204933 9.696659 -0.162197 38.836956 13.835218 -2.596927 1.821017 3.433717 -1.746520 3.082133 -3.537948 -6.817913 0.473589 6.915052 0.497552 2.519905 15.440461 1.613075 4.039503 -3.763713 6.492096 2.173275 -8.677526 0.000078 -0.000023 0.000006 -0.012934 0.090483 -0.057156 0.753612 -3.665843 -10.772014 -0.794861 3.859402 -10.769161 9.367476 -7.953941 4.308537 -50.262970 -52.052750 -5.708790 179.226944 -48.162575 -179.985672 20.411600 14.587941 14.895661 -5.882102 9.861278 0.702589 -10.936860 -0.360574 7.156198 -0.000001 8.774812 -0.000001 -15.840089 17.611534 6.388319 -1.844031 2.498502 -2.507274 -10.163589 4.678937 4.621103 -20.976002 -0.000002 0.000002 -21.226255 2.451695 -3.593992 0.000001 -0.000007 0.000000 -1.362681 2.240797 -0.746322 -21.334890 0.584911 3.008322 -13.821198 -0.000002 0.000002 -23.887133 -0.249075 -0.839480 -63.297375 2.170608 -0.867654 -0.294024 1.679687 0.833256 -14.218195 0.093218 1.300579 -34.212009 -0.287561 0.967168 -20.033176 0.964536 1.212839 -0.000000 0.000000 0.000001 -3.440384 0.788234 0.501654 -15.928167 -3.167306 2.999704 -6.338819 -0.000001 0.000000 -18.123415 3.648178 -4.905662 -0.000004 -0.000000 -0.000002 -13.896850 15.433230 6.008433 21.757191 24.955856 -39.760063 176.430618 55.513504 176.618851 -0.409591 -22.268665 1.048483 2.243539 -5.255032 -3.180155 14.282877 -0.826593 6.952497 -0.000003 -12.690591 0.000001 16.875654 -18.611309 1.944889 1.665664 -1.955920 -2.878296 4.727794 -4.170583 4.993920 11.020511 0.000004 -0.000001 12.109031 -3.735709 -2.866777 -0.000002 0.000000 0.000000 1.291984 -1.928547 -1.498088 14.800114 0.567467 3.865606 14.242554 -1.341735 -6.660649 19.631937 0.143925 -0.648242 51.115196 -0.991699 -6.296490 0.353029 -1.511149 -0.031940 20.222767 3.684306 2.316629 18.787243 0.000004 0.000001 10.751610 -0.479868 1.397905 -0.000001 -0.000000 0.000000 3.273804 0.305947 -0.580110 21.486790 11.830362 2.266132 8.162917 0.000001 0.000000 18.399050 -3.798980 -4.940565 0.000001 0.000000 -0.000001 10.139656 2.002467 -55.683353 -0.715268 -1.010933 42.638569 -19.524801 -25.626093 6.441316 1.542089 -1.863269 -1.691898 -0.000000 0.000000 0.000002 -17.974077 -24.859772 1.857186 0.378659 2.087845 43.371708 11.044312 16.204878 10.844572 -1.390656 0.732493 -12.154428 -0.000001 -0.000000 -0.000001 
-2.591680 90.078377 10.051639 1.249710 42.085369 16.374094 -2.663842 2.188743 3.672374 -2.001198 4.154590 -3.590046 -7.632402 1.615619 7.381575 2.149122 1.439489 15.606357 1.453351 2.922988 -3.778723 7.004503 0.966608 -8.265494 0.000077 -0.000021 0.000007 -0.003233 0.073681 -0.063616 0.755096 -3.676393 -10.748984 -0.777779 3.831609 -10.738200 9.554560 -7.083329 3.699561 -49.439159 -54.051636 -3.902865 178.547195 -48.763786 -179.325211 21.791763 15.307731 16.816011 -5.882101 9.861279 0.702590 -10.936859 -0.360574 7.156196 -0.000000 8.774817 -0.000003 -15.980828 17.495638 6.553614 -1.844031 2.498503 -2.507274 -10.163590 4.678941 4.621104 -20.975996 -0.000003 0.000005 -21.226254 2.451694 -3.593991 0.000000 -0.000006 -0.000000 -1.362681 2.240796 -0.746322 -21.334887 0.584908 3.008322 -13.821197 -0.000002 0.000003 -23.887131 -0.249078 -0.839480 -63.623238 2.150898 -0.744499 -0.294022 1.679688 0.833255 -14.218194 0.093212 1.300580 -34.212002 -0.287563 0.967174 -20.033180 0.964536 1.212844 0.000000 0.000001 0.000001 -3.440384 0.788231 0.501657 -15.928167 -3.167306 2.999704 -6.338819 -0.000001 0.000003 -18.123411 3.648177 -4.905659 -0.000005 -0.000000 -0.000002 -18.937677 18.437571 4.911054 15.831511 19.885082 -41.296032 174.886963 69.001366 174.904312 3.474632 -21.697758 -4.939000 2.243540 -5.255033 -3.180155 14.282877 -0.826593 6.952496 -0.000001 -12.690590 -0.000001 17.039366 -19.043077 2.105834 1.665665 -1.955920 -2.878296 4.727794 -4.170583 4.993918 11.020513 0.000002 -0.000002 12.109035 -3.735710 -2.866778 -0.000001 0.000000 -0.000000 1.291984 -1.928547 -1.498088 14.800114 0.567468 3.865604 14.242553 -1.341735 -6.660649 19.631939 0.143925 -0.648243 51.063358 -0.806740 -6.598262 0.353029 -1.511149 -0.031940 20.222771 3.684306 2.316629 18.787245 0.000004 0.000000 10.751611 -0.479867 1.397904 -0.000001 0.000000 0.000000 3.273804 0.305946 -0.580110 21.486794 11.830362 2.266131 8.162917 0.000002 -0.000000 18.399055 -3.798979 -4.940568 0.000002 0.000000 -0.000001 9.793652 0.327168 -57.475620 -0.698475 -1.091220 40.156876 -21.797146 -25.438059 9.022382 1.513758 -1.826676 -1.694005 -0.000000 0.000000 0.000002 -15.945560 -25.382750 4.137405 0.290321 2.131371 37.036297 10.083645 13.922173 10.529964 -1.352738 0.652038 -15.497086 -0.000000 0.000001 -0.000003 
-3.898711 89.737053 10.275097 2.771390 44.664799 18.640406 -2.700293 2.372186 4.006678 -2.225775 5.061714 -3.548371 -8.044689 2.560725 7.869895 3.714157 0.437993 15.734347 1.231934 1.986674 -3.846976 7.119095 -0.530973 -7.788505 0.000078 -0.000022 0.000006 0.000896 0.075244 -0.077781 0.733260 -3.641598 -10.733845 -0.749315 3.810177 -10.724973 10.133856 -6.177543 3.240315 -48.740044 -55.725651 -2.960200 178.640945 -49.447044 -179.180099 23.132631 14.468386 17.640583 -5.882099 9.861278 0.702590 -10.936859 -0.360575 7.156199 0.000000 8.774811 0.000000 -16.575436 17.437227 6.366913 -1.844030 2.498503 -2.507275 -10.163589 4.678939 4.621106 -20.975994 -0.000001 0.000004 -21.226255 2.451694 -3.593992 0.000001 -0.000006 -0.000001 -1.362679 2.240794 -0.746322 -21.334892 0.584910 3.008322 -13.821197 -0.000003 0.000003 -23.887135 -0.249077 -0.839479 -63.778431 2.131304 -0.476287 -0.294025 1.679687 0.833255 -14.218194 0.093216 1.300581 -34.211998 -0.287561 0.967173 -20.033180 0.964536 1.212842 0.000001 0.000001 0.000000 -3.440384 0.788232 0.501656 -15.928169 -3.167306 2.999704 -6.338820 -0.000002 0.000002 -18.123415 3.648175 -4.905660 -0.000004 0.000001 -0.000001 -24.327269 20.777014 3.618507 9.308961 16.435694 -39.585564 87.551842 88.278755 88.120407 9.107546 -18.298883 -13.972948 2.243539 -5.255033 -3.180154 14.282877 -0.826596 6.952497 -0.000001 -12.690591 0.000001 16.497686 -18.926483 2.336547 1.665665 -1.955920 -2.878296 4.727793 -4.170582 4.993918 11.020512 0.000003 -0.000000 12.109034 -3.735710 -2.866778 0.000000 0.000000 0.000000 1.291985 -1.928546 -1.498088 14.800113 0.567468 3.865603 14.242553 -1.341735 -6.660646 19.631939 0.143925 -0.648243 50.326775 -0.612571 -6.746663 0.353029 -1.511150 -0.031940 20.222771 3.684305 2.316628 18.787247 0.000004 0.000001 10.751612 -0.479869 1.397903 -0.000001 -0.000000 0.000000 3.273804 0.305946 -0.580111 21.486792 11.830363 2.266132 8.162917 0.000001 0.000000 18.399054 -3.798980 -4.940566 0.000002 0.000000 -0.000002 9.979395 -1.584080 -59.026512 -0.684205 -1.141255 38.120968 -23.760014 -24.712379 10.894083 1.479400 -1.788435 -1.802101 -0.000000 0.000000 0.000002 -13.735387 -25.024416 4.947751 0.192837 2.124705 33.159164 9.458858 11.754185 8.778998 -1.380202 0.647516 -18.368235 0.000000 -0.000001 -0.000003 
-5.308630 89.239876 10.403863 4.093753 47.345558 20.452980 -2.600205 2.315031 4.483931 -2.337966 5.568084 -3.328947 -8.117438 3.193559 8.154395 5.346915 -0.691796 15.426027 0.874136 1.049511 -3.940666 6.926978 -1.947017 -7.382955 0.000078 -0.000025 0.000005 -0.023970 0.125634 -0.142340 0.664573 -3.581397 -10.815440 -0.727967 3.848591 -10.783110 11.239887 -5.523368 2.782585 -49.150013 -57.705273 -2.593145 179.369247 -51.061020 -179.612839 24.017141 12.592083 17.200996 -5.882100 9.861277 0.702591 -10.936862 -0.360575 7.156199 0.000002 8.774813 -0.000002 -17.006529 17.186512 5.696929 -1.844032 2.498502 -2.507275 -10.163590 4.678939 4.621106 -20.975998 -0.000006 0.000004 -21.226255 2.451692 -3.593989 0.000000 -0.000006 -0.000001 -1.362681 2.240797 -0.746323 -21.334890 0.584908 3.008322 -13.821197 -0.000004 0.000003 -23.887129 -0.249078 -0.839478 -63.596409 2.255115 -0.593055 -0.294026 1.679685 0.833255 -14.218194 0.093213 1.300582 -34.212013 -0.287562 0.967173 -20.033180 0.964535 1.212843 0.000000 0.000000 0.000000 -3.440384 0.788232 0.501655 -15.928169 -3.167306 2.999706 -6.338817 -0.000001 0.000003 -18.123415 3.648176 -4.905660 -0.000003 -0.000000 -0.000002 -28.479883 22.331831 2.292373 3.694312 14.164081 -37.292110 6.589339 63.079456 7.366641 14.390890 -15.883306 -19.602119 2.243540 -5.255033 -3.180155 14.282875 -0.826593 6.952496 -0.000004 -12.690592 0.000001 15.729675 -18.089666 2.547903 1.665664 -1.955919 -2.878296 4.727792 -4.170583 4.993920 11.020512 0.000004 -0.000001 12.109031 -3.735707 -2.866780 0.000000 0.000000 0.000000 1.291983 -1.928548 -1.498088 14.800114 0.567470 3.865604 14.242553 -1.341733 -6.660648 19.631939 0.143928 -0.648243 49.563221 -0.715665 -6.396124 0.353029 -1.511149 -0.031940 20.222771 3.684310 2.316626 18.787245 0.000007 -0.000001 10.751610 -0.479867 1.397905 -0.000001 -0.000001 -0.000001 3.273803 0.305948 -0.580110 21.486792 11.830366 2.266130 8.162916 0.000003 0.000000 18.399054 -3.798978 -4.940566 0.000003 0.000000 -0.000001 10.847789 -3.842375 -60.484859 -0.678194 -1.117541 36.289825 -25.730997 -23.435658 12.431951 1.471217 -1.835546 -2.051955 0.000001 -0.000000 0.000002 -11.241184 -24.546230 4.256855 0.092815 2.151376 32.452831 8.807893 9.995524 5.427660 -1.454345 0.775289 -19.828972 0.000000 0.000001 -0.000003 
-6.609413 88.801117 10.549491 5.018316 50.183414 21.835600 -2.419537 2.132654 4.936687 -2.339044 5.702207 -3.011675 -7.942064 3.565589 8.363100 6.923188 -1.752720 14.332598 0.591802 -0.302713 -3.953282 6.614740 -3.001943 -7.144590 0.000077 -0.000023 0.000006 -0.000959 0.087031 -0.131774 0.709783 -3.661717 -10.889529 -0.721540 3.837311 -10.862705 12.439229 -5.393286 2.268107 -50.603138 -59.943718 -2.577181 179.611877 -54.729340 -179.558441 25.090721 12.166690 17.395748 -5.882101 9.861278 0.702590 -10.936861 -0.360574 7.156199 0.000002 8.774817 0.000001 -16.470278 16.963116 5.436076 -1.844030 2.498501 -2.507276 -10.163590 4.678939 4.621105 -20.976000 -0.000004 0.000002 -21.226255 2.451692 -3.593996 0.000000 -0.000006 -0.000000 -1.362679 2.240794 -0.746324 -21.334892 0.584908 3.008319 -13.821197 -0.000002 0.000003 -23.887131 -0.249079 -0.839481 -63.167320 2.236436 -1.014262 -0.294025 1.679687 0.833256 -14.218194 0.093215 1.300579 -34.212006 -0.287563 0.967167 -20.033182 0.964535 1.212840 0.000000 0.000000 0.000000 -3.440385 0.788230 0.501656 -15.928169 -3.167307 2.999702 -6.338817 -0.000000 0.000002 -18.123411 3.648175 -4.905660 -0.000004 0.000000 -0.000001 -29.977459 23.305403 1.687322 -0.239662 11.900384 -37.873470 4.599891 35.915165 4.527704 16.994164 -16.699890 -15.865198 2.243539 -5.255033 -3.180155 14.282877 -0.826594 6.952497 -0.000003 -12.690592 0.000001 15.613662 -17.483110 2.823071 1.665665 -1.955920 -2.878297 4.727793 -4.170585 4.993918 11.020511 0.000004 -0.000001 12.109030 -3.735710 -2.866779 0.000002 -0.000001 -0.000000 1.291983 -1.928546 -1.498088 14.800109 0.567466 3.865603 14.242553 -1.341734 -6.660647 19.631937 0.143925 -0.648244 49.196285 -0.734980 -6.124508 0.353028 -1.511147 -0.031940 20.222763 3.684306 2.316628 18.787245 0.000005 -0.000002 10.751609 -0.479867 1.397904 0.000002 -0.000000 0.000001 3.273804 0.305947 -0.580110 21.486790 11.830362 2.266130 8.162917 -0.000001 -0.000002 18.399054 -3.798981 -4.940567 0.000003 0.000000 -0.000001 12.041374 -6.032268 -61.803974 -0.707817 -1.298703 34.501228 -27.865189 -21.917301 14.060751 1.494494 -1.879355 -2.650840 0.000000 0.000000 0.000002 -8.349831 -24.227743 2.450008 0.017785 2.123790 33.935581 7.754276 8.484920 0.933517 -1.528489 0.922988 -19.828100 0.000000 0.000001 -0.000002 
-7.477169 88.633942 10.916369 5.026477 52.563457 22.184378 -2.048540 1.995924 5.330047 -2.043146 5.501932 -2.910597 -7.540977 4.041527 8.753301 7.978496 -2.538181 12.980594 -0.105401 -1.667514 -3.859534 6.533375 -4.187656 -6.805219 0.000077 -0.000023 0.000006 0.082334 -0.033651 -0.143632 0.822390 -3.850762 -11.044821 -0.659441 3.763147 -11.022457 13.305167 -5.589821 2.303503 -52.280235 -62.642887 -2.623588 177.213211 -60.367435 -176.929947 27.564640 14.626966 20.081255 -5.882100 9.861279 0.702588 -10.936857 -0.360574 7.156195 0.000001 8.774814 -0.000001 -15.682784 17.355152 6.048332 -1.844032 2.498503 -2.507276 -10.163588 4.678937 4.621104 -20.975994 -0.000003 0.000000 -21.226254 2.451693 -3.593992 0.000000 -0.000006 -0.000001 -1.362680 2.240797 -0.746323 -21.334887 0.584907 3.008320 -13.821192 -0.000004 0.000001 -23.887129 -0.249080 -0.839482 -62.918137 2.469564 -1.149073 -0.294023 1.679686 0.833257 -14.218192 0.093213 1.300578 -34.211998 -0.287566 0.967168 -20.033175 0.964533 1.212840 -0.000000 0.000000 0.000001 -3.440384 0.788233 0.501655 -15.928165 -3.167306 2.999703 -6.338816 -0.000002 -0.000000 -18.123413 3.648175 -4.905662 -0.000004 0.000000 -0.000003 -28.390873 23.515005 2.489168 -2.280061 7.725548 -41.646980 0.137612 21.073950 2.134893 17.039310 -19.412346 -6.542085 2.243540 -5.255033 -3.180155 14.282875 -0.826594 6.952496 0.000000 -12.690593 -0.000001 15.583810 -17.088718 3.408026 1.665665 -1.955921 -2.878297 4.727793 -4.170585 4.993918 11.020511 0.000002 -0.000002 12.109029 -3.735710 -2.866780 0.000001 -0.000000 -0.000000 1.291984 -1.928548 -1.498088 14.800113 0.567469 3.865603 14.242553 -1.341734 -6.660650 19.631933 0.143925 -0.648243 49.406700 -1.167814 -5.845871 0.353028 -1.511148 -0.031940 20.222767 3.684306 2.316628 18.787243 0.000003 -0.000001 10.751610 -0.479866 1.397903 0.000000 -0.000000 0.000000 3.273804 0.305947 -0.580110 21.486788 11.830362 2.266130 8.162918 0.000001 -0.000002 18.399052 -3.798981 -4.940568 0.000003 0.000000 -0.000001 13.207543 -7.733531 -63.068672 -0.686625 -1.407410 35.005997 -28.912989 -21.385576 14.593905 1.543688 -1.901775 -3.313217 0.000000 0.000001 0.000002 -5.476525 -23.703751 2.144427 -0.162960 2.025902 33.017200 6.947154 7.638234 -2.227764 -1.641279 1.170157 -19.703243 0.000000 0.000000 0.000000 
-7.567578 88.480042 11.638821 4.287770 52.831627 21.636358 -1.906007 1.984391 5.227986 -1.831229 5.163568 -2.976368 -6.935293 4.226229 8.957676 8.238090 -2.449095 12.694628 -0.395509 -2.618977 -3.767096 6.274571 -5.194068 -6.585997 0.000078 -0.000021 0.000006 0.114500 -0.078314 -0.148414 0.833187 -3.916281 -11.108433 -0.625749 3.735496 -11.053625 14.500001 -5.902249 2.007120 -52.027622 -63.670425 -4.721227 174.568649 -63.778812 -174.289413 28.571758 17.564093 20.904064 -5.882101 9.861279 0.702590 -10.936858 -0.360574 7.156196 -0.000002 8.774815 -0.000000 -15.434300 17.242016 6.132686 -1.844031 2.498502 -2.507275 -10.163589 4.678939 4.621104 -20.975994 -0.000004 0.000002 -21.226254 2.451692 -3.593995 -0.000000 -0.000006 0.000000 -1.362680 2.240797 -0.746322 -21.334887 0.584908 3.008321 -13.821195 -0.000003 -0.000000 -23.887125 -0.249079 -0.839481 -62.114182 2.536244 -1.011612 -0.294023 1.679687 0.833255 -14.218194 0.093214 1.300579 -34.212002 -0.287561 0.967171 -20.033176 0.964536 1.212843 -0.000001 -0.000000 -0.000001 -3.440386 0.788233 0.501655 -15.928165 -3.167305 2.999704 -6.338814 -0.000002 0.000001 -18.123411 3.648175 -4.905663 -0.000004 -0.000000 -0.000002 -26.503586 22.353624 3.266089 -1.696312 3.410174 -45.148357 -2.601517 24.895151 2.052377 16.732235 -20.135952 -3.534141 2.243539 -5.255033 -3.180155 14.282875 -0.826593 6.952497 -0.000002 -12.690591 -0.000001 16.090761 -17.381769 3.270636 1.665664 -1.955921 -2.878296 4.727793 -4.170582 4.993918 11.020511 0.000002 -0.000001 12.109030 -3.735709 -2.866779 0.000002 -0.000000 0.000000 1.291984 -1.928547 -1.498088 14.800111 0.567470 3.865603 14.242553 -1.341734 -6.660648 19.631935 0.143926 -0.648243 50.219376 -1.509957 -6.301310 0.353029 -1.511149 -0.031940 20.222765 3.684308 2.316629 18.787245 0.000004 0.000000 10.751607 -0.479868 1.397905 0.000000 0.000000 0.000001 3.273804 0.305948 -0.580110 21.486790 11.830362 2.266132 8.162917 0.000002 0.000001 18.399054 -3.798979 -4.940566 0.000003 0.000001 -0.000001 14.049217 -8.313948 -63.326115 -0.699998 -1.490320 36.905491 -28.125938 -21.236090 11.824755 1.527346 -1.903130 -3.606010 0.000000 -0.000000 0.000002 -3.882224 -22.317905 3.346886 -0.261779 1.941315 30.089529 6.503685 7.434392 -5.074249 -1.680974 1.255566 -20.215731 -0.000000 0.000000 0.000001 
-6.776935 88.672707 12.705050 3.237260 49.879536 20.419037 -2.090775 1.905627 4.889784 -1.903427 4.934960 -3.095332 -6.567182 3.903100 8.859157 7.657485 -1.876040 13.412910 -0.086345 -2.881666 -3.779504 5.375958 -5.186916 -6.761161 0.000078 -0.000021 0.000005 0.045984 0.000761 -0.112972 0.759757 -3.803519 -10.981119 -0.689783 3.795563 -10.918359 16.157591 -5.745660 1.927413 -48.091778 -62.660118 -11.422370 175.813568 -62.653526 -175.715714 25.931143 18.807678 17.221666 -5.882098 9.861278 0.702592 -10.936858 -0.360573 7.156197 0.000002 8.774815 -0.000000 -15.852507 17.012119 5.600337 -1.844030 2.498502 -2.507277 -10.163589 4.678941 4.621103 -20.975994 -0.000004 0.000001 -21.226250 2.451691 -3.593991 0.000000 -0.000006 0.000000 -1.362679 2.240795 -0.746322 -21.334892 0.584906 3.008320 -13.821197 -0.000005 0.000003 -23.887133 -0.249080 -0.839481 -62.140915 2.394654 -1.192264 -0.294022 1.679688 0.833255 -14.218194 0.093215 1.300579 -34.211998 -0.287566 0.967169 -20.033178 0.964534 1.212842 -0.000000 0.000000 0.000000 -3.440385 0.788234 0.501655 -15.928165 -3.167308 2.999703 -6.338814 -0.000001 0.000001 -18.123411 3.648175 -4.905657 -0.000004 0.000000 -0.000003 -24.513178 21.225163 3.965265 -0.245057 -0.170576 -49.208523 -0.691576 43.567513 3.788366 16.779499 -19.454424 -8.493908 2.243540 -5.255034 -3.180156 14.282875 -0.826592 6.952494 -0.000002 -12.690592 -0.000000 17.084003 -17.358606 2.277035 1.665665 -1.955920 -2.878297 4.727792 -4.170585 4.993918 11.020512 0.000003 -0.000003 12.109031 -3.735711 -2.866781 0.000001 -0.000001 -0.000000 1.291984 -1.928549 -1.498088 14.800111 0.567469 3.865602 14.242551 -1.341734 -6.660648 19.631937 0.143927 -0.648244 50.940495 -1.312532 -6.274049 0.353029 -1.511151 -0.031940 20.222767 3.684307 2.316626 18.787245 0.000006 -0.000001 10.751610 -0.479869 1.397902 0.000001 -0.000000 0.000002 3.273804 0.305947 -0.580111 21.486790 11.830361 2.266129 8.162916 -0.000001 -0.000002 18.399050 -3.798978 -4.940569 0.000003 0.000000 -0.000002 15.192777 -7.575640 -62.048569 -0.680461 -1.436974 38.859859 -26.421309 -19.755638 7.459056 1.491244 -1.911300 -3.682914 0.000000 -0.000000 0.000002 -4.527817 -19.876751 6.006289 -0.290530 1.980552 25.836943 6.705483 8.011761 -4.205502 -1.754700 1.404598 -20.620003 -0.000000 0.000001 -0.000000 
-5.178612 89.276573 13.803524 2.250941 43.903088 18.557335 -2.472130 1.691516 4.662138 -2.254920 4.856615 -3.231163 -6.431879 3.331251 8.765425 6.312769 -1.129450 14.684397 0.032897 -2.687021 -3.757651 4.473311 -4.346636 -7.161461 0.000078 -0.000023 0.000006 0.068077 -0.047005 -0.081993 0.782481 -3.802956 -10.872259 -0.683704 3.709120 -10.814130 17.540915 -5.817172 2.121434 -42.820297 -59.338802 -17.315329 176.519089 -58.305779 -176.872009 22.153536 18.516544 11.770028 -5.882100 9.861279 0.702591 -10.936858 -0.360574 7.156197 -0.000002 8.774817 -0.000002 -16.758108 16.584215 5.032115 -1.844030 2.498502 -2.507275 -10.163589 4.678942 4.621104 -20.975994 -0.000004 0.000003 -21.226250 2.451693 -3.593994 0.000000 -0.000006 -0.000002 -1.362681 2.240797 -0.746323 -21.334892 0.584910 3.008319 -13.821195 -0.000002 0.000001 -23.887131 -0.249077 -0.839483 -62.622696 1.968536 -0.961628 -0.294026 1.679686 0.833254 -14.218194 0.093214 1.300580 -34.211998 -0.287563 0.967170 -20.033180 0.964535 1.212841 -0.000001 0.000001 0.000002 -3.440384 0.788233 0.501654 -15.928167 -3.167308 2.999704 -6.338814 -0.000001 0.000002 -18.123415 3.648178 -4.905660 -0.000004 0.000000 -0.000002 -21.909655 19.407339 4.720559 2.742582 0.488753 -53.674301 5.255323 71.508209 6.695359 13.783598 -19.061132 -12.465863 2.243540 -5.255031 -3.180154 14.282879 -0.826593 6.952496 -0.000003 -12.690586 0.000001 17.385910 -17.068275 1.594446 1.665665 -1.955918 -2.878296 4.727794 -4.170582 4.993918 11.020513 0.000004 -0.000001 12.109031 -3.735711 -2.866779 0.000002 -0.000001 -0.000001 1.291985 -1.928549 -1.498088 14.800114 0.567467 3.865603 14.242553 -1.341733 -6.660648 19.631939 0.143926 -0.648242 50.895412 -1.060285 -6.060420 0.353029 -1.511148 -0.031940 20.222773 3.684307 2.316628 18.787245 0.000005 -0.000000 10.751612 -0.479867 1.397903 0.000001 -0.000001 -0.000000 3.273805 0.305945 -0.580111 21.486794 11.830361 2.266129 8.162917 0.000003 0.000000 18.399057 -3.798978 -4.940570 0.000002 0.000001 -0.000001 16.006962 -6.808988 -58.373177 -0.536859 -1.487258 40.710907 -23.595455 -16.659597 0.818821 1.496997 -1.864635 -3.550016 -0.000000 0.000000 0.000002 -7.179835 -17.483454 6.713675 -0.345951 2.401237 26.667139 7.067426 8.470176 -1.132978 -1.915411 1.487836 -23.626427 -0.000000 -0.000001 0.000000 
-3.102033 90.291664 14.890368 0.554228 35.847595 15.580033 -2.583424 1.358061 4.587291 -2.451112 4.605796 -3.296614 -6.100079 2.838310 8.819714 3.775969 -0.106604 15.621909 0.272774 -1.575418 -3.765630 3.621488 -2.770988 -7.750483 0.000079 -0.000024 0.000006 0.076298 -0.095997 -0.053101 0.800675 -3.848159 -10.885071 -0.663809 3.645348 -10.847681 17.740120 -6.505738 2.978170 -39.396687 -54.444271 -20.082897 177.417892 -53.434853 -178.267654 20.061077 17.744486 9.814954 -5.882101 9.861278 0.702592 -10.936859 -0.360574 7.156198 0.000001 8.774814 -0.000001 -17.418062 16.196646 4.641756 -1.844029 2.498501 -2.507274 -10.163589 4.678938 4.621107 -20.975994 -0.000003 0.000003 -21.226248 2.451693 -3.593990 0.000001 -0.000006 -0.000000 -1.362681 2.240796 -0.746324 -21.334887 0.584908 3.008324 -13.821192 -0.000001 0.000003 -23.887129 -0.249074 -0.839480 -62.368065 1.777165 -0.983186 -0.294024 1.679686 0.833258 -14.218190 0.093216 1.300579 -34.212006 -0.287560 0.967173 -20.033176 0.964537 1.212843 0.000000 0.000001 0.000001 -3.440386 0.788231 0.501656 -15.928165 -3.167306 2.999704 -6.338816 -0.000001 0.000003 -18.123411 3.648178 -4.905657 -0.000004 0.000001 -0.000001 -19.549713 17.415745 5.135191 7.186692 8.687225 -55.360229 178.721542 82.648964 176.338486 8.501065 -17.473948 -10.181939 2.243539 -5.255033 -3.180155 14.282877 -0.826594 6.952496 -0.000002 -12.690590 0.000000 17.766596 -17.195942 1.654634 1.665665 -1.955921 -2.878297 4.727793 -4.170583 4.993918 11.020512 0.000004 -0.000001 12.109033 -3.735709 -2.866779 0.000000 0.000002 0.000001 1.291984 -1.928547 -1.498087 14.800111 0.567468 3.865604 14.242554 -1.341733 -6.660648 19.631939 0.143924 -0.648243 51.730820 -1.034989 -5.835731 0.353028 -1.511149 -0.031940 20.222771 3.684307 2.316628 18.787245 0.000004 -0.000000 10.751610 -0.479868 1.397904 -0.000002 0.000000 0.000000 3.273804 0.305947 -0.580110 21.486794 11.830363 2.266131 8.162916 0.000002 -0.000000 18.399054 -3.798979 -4.940566 0.000003 0.000000 0.000000 17.293741 -6.530774 -52.481091 -0.286889 -1.389915 42.019928 -20.773981 -11.878503 -6.218503 1.518658 -1.865153 -2.879808 0.000000 -0.000000 0.000002 -10.324019 -16.133516 3.038690 -0.026433 2.597172 35.997337 6.254760 8.387362 2.899186 -1.912087 1.235132 -22.854235 0.000000 0.000000 -0.000003 
-0.741506 91.311142 15.942770 -1.335793 26.770508 12.259035 -2.460204 1.021854 4.812492 -2.362160 3.908129 -2.992183 -5.564074 1.829163 8.835545 0.430822 1.677640 15.786494 0.687118 0.075010 -3.742304 2.869126 -0.703978 -8.865704 0.000076 -0.000022 0.000006 0.041966 -0.045093 -0.043217 0.743497 -3.821378 -10.942783 -0.670306 3.713816 -10.904748 16.795387 -8.156120 4.129443 -37.598377 -48.880787 -21.198248 178.866989 -49.712921 -179.674805 19.028084 16.665525 11.182328 -5.882103 9.861279 0.702590 -10.936859 -0.360575 7.156199 -0.000000 8.774815 -0.000002 -17.648836 16.069941 4.424169 -1.844031 2.498501 -2.507276 -10.163589 4.678940 4.621104 -20.975996 -0.000001 0.000002 -21.226255 2.451694 -3.593994 -0.000000 -0.000006 0.000000 -1.362680 2.240796 -0.746321 -21.334890 0.584908 3.008320 -13.821197 -0.000002 0.000002 -23.887131 -0.249079 -0.839481 -61.635582 1.724941 -0.949077 -0.294026 1.679687 0.833255 -14.218194 0.093216 1.300578 -34.212006 -0.287564 0.967170 -20.033178 0.964537 1.212842 -0.000001 0.000001 -0.000000 -3.440385 0.788232 0.501654 -15.928169 -3.167307 2.999703 -6.338818 0.000001 0.000001 -18.123417 3.648177 -4.905662 -0.000004 0.000001 -0.000002 -17.114859 15.061492 5.194942 14.641077 24.465277 -50.714787 -176.449600 62.417114 -179.904205 3.035216 -14.171880 -6.078656 2.243540 -5.255032 -3.180156 14.282878 -0.826594 6.952497 -0.000003 -12.690588 0.000001 17.036230 -17.417421 2.315370 1.665665 -1.955920 -2.878297 4.727792 -4.170583 4.993918 11.020513 0.000003 -0.000001 12.109033 -3.735711 -2.866779 -0.000001 -0.000000 -0.000001 1.291986 -1.928547 -1.498087 14.800113 0.567467 3.865604 14.242553 -1.341734 -6.660649 19.631939 0.143926 -0.648244 51.937916 -0.944171 -5.922253 0.353029 -1.511149 -0.031941 20.222771 3.684306 2.316628 18.787245 0.000005 0.000001 10.751610 -0.479867 1.397904 0.000000 0.000000 0.000000 3.273805 0.305947 -0.580110 21.486794 11.830361 2.266130 8.162918 0.000002 0.000000 18.399054 -3.798978 -4.940567 0.000002 0.000000 -0.000000 18.200592 -6.614515 -45.416019 -0.057211 -1.330825 43.201988 -18.337275 -6.646986 -12.524815 1.552177 -1.899536 -2.229176 -0.000000 0.000000 0.000002 -12.702139 -16.107695 -4.883822 0.321655 2.111760 51.794762 2.888420 6.504798 3.863531 -1.480096 0.836824 -10.920748 0.000000 0.000000 -0.000001 
1.682685 91.873390 17.072462 -2.726847 17.323954 9.657407 -2.375711 0.557685 5.250401 -2.260178 2.867023 -2.501368 -5.163254 0.219745 8.991167 -3.063644 3.907124 14.858112 1.267849 2.250897 -3.784993 2.040298 1.785633 -10.457404 0.000078 -0.000023 0.000006 -0.010104 0.017895 -0.019879 0.650175 -3.749551 -10.994651 -0.682172 3.779343 -10.953094 14.426966 -10.071893 5.681353 -35.489502 -44.312592 -23.622145 -179.587814 -47.843983 179.252670 19.368078 16.011747 14.980904 -5.882100 9.861277 0.702590 -10.936860 -0.360575 7.156199 0.000002 8.774812 -0.000001 -17.420012 16.010538 4.543513 -1.844030 2.498504 -2.507275 -10.163590 4.678938 4.621106 -20.975996 -0.000003 0.000005 -21.226254 2.451694 -3.593991 0.000001 -0.000007 0.000000 -1.362681 2.240797 -0.746323 -21.334892 0.584909 3.008323 -13.821197 -0.000000 0.000003 -23.887131 -0.249079 -0.839479 -60.400753 1.688874 -0.659854 -0.294025 1.679687 0.833255 -14.218194 0.093215 1.300579 -34.212002 -0.287564 0.967173 -20.033178 0.964538 1.212846 0.000000 0.000000 0.000000 -3.440386 0.788233 0.501655 -15.928171 -3.167306 2.999707 -6.338817 -0.000001 0.000001 -18.123415 3.648176 -4.905660 -0.000003 -0.000000 -0.000002 -13.209410 12.524878 5.597663 27.495041 40.739216 -37.199299 -179.295425 50.375679 179.035126 0.845766 -11.838555 -2.245318 2.243541 -5.255033 -3.180156 14.282878 -0.826594 6.952494 -0.000002 -12.690591 0.000000 16.057373 -17.730564 2.818381 1.665665 -1.955920 -2.878297 4.727793 -4.170583 4.993918 11.020513 0.000003 -0.000002 12.109035 -3.735711 -2.866781 -0.000000 0.000000 0.000000 1.291986 -1.928548 -1.498089 14.800114 0.567467 3.865606 14.242554 -1.341734 -6.660649 19.631941 0.143926 -0.648247 51.085224 -0.858743 -6.109320 0.353029 -1.511149 -0.031940 20.222769 3.684306 2.316627 18.787247 0.000005 -0.000001 10.751611 -0.479867 1.397903 -0.000001 0.000000 0.000001 3.273806 0.305947 -0.580109 21.486792 11.830361 2.266129 8.162916 0.000001 0.000000 18.399057 -3.798980 -4.940570 0.000003 -0.000001 -0.000000 17.706121 -5.752209 -38.520851 0.049361 -1.448383 44.629848 -16.372629 -1.896007 -18.175268 1.575190 -1.993357 -1.853322 0.000000 0.000000 0.000002 -13.052391 -16.872555 -15.519214 0.573867 1.438136 65.843964 -0.186872 4.841852 -0.073791 -1.140361 0.644704 -4.571104 0.000000 0.000000 -0.000001 
4.183712 91.989479 18.382750 -3.916216 7.216827 7.842832 -2.174423 -0.024603 5.869369 -2.060976 1.497307 -2.072553 -5.170871 -1.303008 9.326764 -6.923788 6.013800 12.483239 1.652682 5.456716 -3.817779 1.413996 4.741606 -12.323949 0.000076 -0.000022 0.000006 -0.024591 0.078507 -0.022116 0.630970 -3.680936 -11.095340 -0.692836 3.832514 -11.064807 11.272592 -11.702042 7.105419 -32.733070 -40.213440 -27.882500 -178.960114 -46.999001 178.854599 20.480576 16.321310 19.934486 -5.882102 9.861278 0.702589 -10.936860 -0.360574 7.156199 0.000001 8.774812 -0.000001 -17.102057 15.886436 4.709327 -1.844031 2.498502 -2.507275 -10.163590 4.678937 4.621104 -20.975994 -0.000003 0.000003 -21.226254 2.451693 -3.593992 0.000002 -0.000004 -0.000000 -1.362682 2.240798 -0.746321 -21.334887 0.584908 3.008322 -13.821197 -0.000004 0.000003 -23.887133 -0.249078 -0.839481 -59.169582 1.743616 -0.510553 -0.294024 1.679685 0.833255 -14.218194 0.093216 1.300581 -34.212013 -0.287563 0.967170 -20.033178 0.964536 1.212842 0.000000 -0.000001 0.000000 -3.440385 0.788233 0.501654 -15.928173 -3.167303 2.999705 -6.338817 0.000001 0.000001 -18.123415 3.648174 -4.905660 -0.000003 -0.000001 -0.000001 -7.443698 9.972532 6.938987 46.739967 48.525700 -15.124560 177.030441 45.500256 177.736710 0.025616 -10.502070 2.312723 2.243541 -5.255034 -3.180156 14.282877 -0.826594 6.952496 -0.000001 -12.690590 0.000001 15.939227 -17.866505 2.833414 1.665665 -1.955920 -2.878297 4.727796 -4.170583 4.993921 11.020513 0.000002 0.000000 12.109032 -3.735710 -2.866780 0.000000 0.000000 0.000000 1.291984 -1.928548 -1.498088 14.800114 0.567467 3.865603 14.242556 -1.341736 -6.660649 19.631939 0.143924 -0.648243 50.194618 -0.720213 -6.016059 0.353028 -1.511149 -0.031939 20.222773 3.684304 2.316628 18.787247 0.000003 -0.000001 10.751611 -0.479868 1.397903 -0.000001 0.000000 -0.000000 3.273806 0.305947 -0.580110 21.486795 11.830362 2.266130 8.162918 0.000001 0.000001 18.399057 -3.798982 -4.940570 0.000003 0.000000 -0.000002 16.530834 -2.800248 -32.127380 -0.004132 -1.472879 46.325520 -15.206638 2.233474 -23.122593 1.599549 -2.172396 -1.495509 0.000000 -0.000000 0.000002 -10.071535 -17.399765 -27.795868 0.814762 0.737727 72.917450 0.745638 8.497401 -4.317028 -1.088844 0.505640 -3.646383 0.000000 -0.000000 -0.000002 
6.456217 91.396027 19.935764 -4.486447 -2.858925 7.275194 -2.318465 -0.657977 6.309966 -1.954379 -0.084916 -1.890551 -5.312235 -2.537395 9.234536 -10.396939 7.437359 8.988610 1.868684 9.203609 -3.686428 0.779596 8.097738 -14.369466 0.000078 -0.000024 0.000007 -0.059305 0.149638 -0.024450 0.606670 -3.588549 -11.065852 -0.739819 3.900848 -11.055323 9.047914 -13.235248 7.273957 -30.861147 -35.871334 -31.197840 -179.837509 -46.574108 179.595505 21.391369 17.912481 25.447382 -5.882099 9.861278 0.702590 -10.936857 -0.360574 7.156196 0.000000 8.774816 -0.000000 -16.660061 16.324722 5.035633 -1.844030 2.498503 -2.507276 -10.163589 4.678941 4.621104 -20.975992 -0.000004 0.000002 -21.226250 2.451692 -3.593995 0.000000 -0.000005 -0.000000 -1.362680 2.240798 -0.746324 -21.334887 0.584909 3.008318 -13.821192 -0.000002 0.000002 -23.887129 -0.249079 -0.839480 -58.319157 2.148754 -0.563872 -0.294024 1.679685 0.833257 -14.218190 0.093215 1.300580 -34.211998 -0.287565 0.967173 -20.033176 0.964533 1.212843 -0.000000 0.000000 0.000002 -3.440385 0.788233 0.501655 -15.928167 -3.167306 2.999704 -6.338817 -0.000002 0.000001 -18.123411 3.648176 -4.905660 -0.000003 0.000001 -0.000002 -0.993335 6.908781 8.843263 61.459534 44.654755 2.995557 174.926910 44.604061 176.578979 -0.632791 -9.425890 6.763775 2.243539 -5.255033 -3.180155 14.282877 -0.826596 6.952497 -0.000003 -12.690590 0.000002 16.012177 -17.804020 2.630187 1.665664 -1.955922 -2.878295 4.727794 -4.170584 4.993920 11.020513 0.000003 0.000001 12.109032 -3.735711 -2.866778 -0.000000 -0.000000 -0.000001 1.291983 -1.928548 -1.498087 14.800111 0.567469 3.865605 14.242553 -1.341734 -6.660644 19.631939 0.143926 -0.648241 49.811954 -0.788870 -5.942343 0.353027 -1.511148 -0.031939 20.222771 3.684305 2.316629 18.787247 0.000004 -0.000000 10.751610 -0.479869 1.397905 -0.000000 -0.000000 0.000000 3.273804 0.305947 -0.580112 21.486792 11.830362 2.266132 8.162918 0.000001 0.000001 18.399052 -3.798980 -4.940565 0.000003 -0.000000 0.000001 14.786628 1.803024 -27.526497 -0.099322 -1.262990 48.765591 -14.809047 5.102408 -27.936234 1.638123 -2.170375 -0.903702 0.000000 -0.000000 0.000002 -3.254298 -17.610460 -40.671658 0.608930 0.086148 72.508698 6.875154 16.406368 -7.095896 -1.299246 0.533632 -3.579995 0.000000 0.000000 -0.000001 
8.230810 90.256569 22.308634 -4.027784 -11.622149 6.927962 -2.946888 -1.120112 6.577007 -1.881400 -1.507953 -2.025457 -5.558436 -3.877353 8.640683 -13.207470 8.484079 5.453225 2.272578 12.454889 -3.488364 0.132084 12.192062 -16.186869 0.000077 -0.000023 0.000006 -0.061941 0.118744 -0.024084 0.662499 -3.642695 -11.072831 -0.800974 3.875612 -11.067495 8.407915 -14.301112 6.305478 -31.253302 -32.223183 -32.677925 179.349167 -46.010071 -179.362915 20.756845 20.496710 29.218895 -5.882101 9.861279 0.702591 -10.936859 -0.360573 7.156197 -0.000000 8.774817 -0.000002 -16.245539 16.498758 5.292497 -1.844031 2.498503 -2.507275 -10.163589 4.678940 4.621104 -20.975994 -0.000002 0.000001 -21.226255 2.451693 -3.593995 0.000000 -0.000007 0.000001 -1.362681 2.240795 -0.746323 -21.334892 0.584909 3.008320 -13.821197 -0.000002 0.000002 -23.887131 -0.249080 -0.839480 -58.040848 2.438738 -0.519177 -0.294025 1.679685 0.833255 -14.218194 0.093215 1.300579 -34.212002 -0.287565 0.967168 -20.033180 0.964534 1.212843 0.000000 0.000000 0.000000 -3.440385 0.788232 0.501656 -15.928169 -3.167309 2.999704 -6.338818 -0.000002 0.000001 -18.123415 3.648177 -4.905663 -0.000004 -0.000002 -0.000002 4.266280 2.886967 10.265248 63.943954 33.989422 10.340045 175.891342 44.932396 177.456589 -2.351168 -9.147171 9.530546 2.243539 -5.255033 -3.180155 14.282875 -0.826594 6.952494 -0.000002 -12.690590 0.000001 15.556992 -17.638880 2.681271 1.665664 -1.955921 -2.878295 4.727793 -4.170585 4.993918 11.020512 0.000002 -0.000002 12.109031 -3.735709 -2.866781 0.000000 0.000001 0.000001 1.291984 -1.928547 -1.498087 14.800111 0.567468 3.865600 14.242550 -1.341735 -6.660647 19.631935 0.143924 -0.648244 49.719719 -0.918995 -6.190350 0.353028 -1.511147 -0.031940 20.222767 3.684305 2.316628 18.787245 0.000004 0.000000 10.751609 -0.479869 1.397903 0.000000 0.000000 -0.000002 3.273803 0.305947 -0.580110 21.486792 11.830363 2.266130 8.162916 0.000002 -0.000001 18.399048 -3.798980 -4.940566 0.000003 0.000000 -0.000001 12.219502 6.177264 -23.379738 0.009378 -0.812964 51.039597 -14.779880 7.224996 -32.841297 1.671301 -2.039906 -0.635211 -0.000000 0.000000 0.000002 4.980496 -15.973633 -49.989677 0.313186 -0.249691 65.386528 14.626614 21.239525 -7.046413 -1.487648 0.767886 -3.270971 0.000000 0.000000 -0.000001 
9.474236 89.157799 25.792656 -3.102916 -18.399534 5.437976 -3.071473 -1.427095 6.430182 -1.664225 -2.765100 -2.484409 -5.678348 -4.910994 8.022633 -16.010202 9.419719 3.485606 2.907200 14.851029 -3.330167 -0.762890 15.828422 -16.907570 0.000076 -0.000021 0.000006 -0.030099 0.139405 -0.059969 0.744627 -3.658439 -11.079684 -0.818741 3.923534 -11.086608 8.642017 -14.453431 5.549602 -34.435993 -30.135418 -31.766663 179.093185 -45.109863 -178.795746 19.314323 23.242926 30.494638 -5.882099 9.861275 0.702590 -10.936860 -0.360577 7.156196 0.000001 8.774812 -0.000002 -16.203825 16.543373 5.518757 -1.844031 2.498504 -2.507275 -10.163589 4.678936 4.621103 -20.975994 -0.000004 0.000002 -21.226250 2.451691 -3.593994 0.000000 -0.000006 -0.000002 -1.362680 2.240796 -0.746323 -21.334888 0.584905 3.008322 -13.821194 -0.000004 0.000003 -23.887129 -0.249083 -0.839479 -57.798077 2.644987 -0.542603 -0.294024 1.679686 0.833256 -14.218194 0.093212 1.300580 -34.212006 -0.287565 0.967173 -20.033176 0.964535 1.212843 -0.000000 0.000001 -0.000001 -3.440386 0.788229 0.501655 -15.928169 -3.167308 2.999706 -6.338819 -0.000001 0.000001 -18.123413 3.648174 -4.905657 -0.000005 0.000001 -0.000002 6.605699 -0.538929 11.503655 59.338596 23.876299 11.749593 178.779724 45.198910 179.219925 -4.475578 -9.541280 9.808922 2.243539 -5.255031 -3.180157 14.282877 -0.826594 6.952495 -0.000002 -12.690587 -0.000002 15.076194 -17.082462 3.086010 1.665664 -1.955919 -2.878296 4.727795 -4.170582 4.993919 11.020513 0.000002 -0.000000 12.109031 -3.735710 -2.866780 0.000000 0.000000 0.000001 1.291985 -1.928548 -1.498086 14.800114 0.567468 3.865606 14.242553 -1.341736 -6.660650 19.631937 0.143925 -0.648244 50.207943 -0.923350 -5.827271 0.353029 -1.511149 -0.031938 20.222769 3.684304 2.316630 18.787245 0.000003 0.000000 10.751611 -0.479867 1.397907 -0.000001 -0.000000 -0.000000 3.273805 0.305945 -0.580110 21.486790 11.830360 2.266131 8.162916 0.000003 -0.000001 18.399052 -3.798979 -4.940569 0.000002 -0.000001 -0.000000 9.499125 8.880363 -17.693729 0.146782 -0.435151 51.525047 -15.140980 9.793169 -37.120522 1.708203 -1.901747 -0.978361 0.000000 -0.000000 0.000002 9.798936 -11.774099 -52.424541 0.439844 -0.269391 54.831413 20.760996 21.905041 -1.252316 -1.418231 0.824666 -3.291774 0.000000 0.000000 -0.000002 
10.425949 88.089523 30.563000 -1.751308 -23.235651 2.133803 -2.705327 -1.379452 5.567075 -1.118267 -3.884090 -2.834318 -4.843763 -5.646784 7.511899 -19.881437 11.397602 3.910106 3.425719 16.188576 -3.108290 -1.501499 18.261162 -16.684692 0.000077 -0.000023 0.000006 0.027144 0.180917 0.015737 0.845089 -3.571201 -10.861590 -0.801330 3.905427 -10.868425 8.371193 -13.135421 5.098155 -40.322605 -29.425928 -29.129566 -179.929840 -44.727158 -179.098267 17.128275 25.148409 28.702993 -5.882100 9.861275 0.702592 -10.936859 -0.360575 7.156199 0.000001 8.774814 0.000001 -16.300142 16.878696 5.757622 -1.844028 2.498500 -2.507276 -10.163589 4.678937 4.621106 -20.975996 -0.000005 0.000005 -21.226254 2.451691 -3.593991 0.000000 -0.000006 -0.000001 -1.362680 2.240795 -0.746323 -21.334890 0.584907 3.008322 -13.821197 -0.000001 0.000003 -23.887129 -0.249078 -0.839478 -58.810658 2.477974 -0.775167 -0.294025 1.679685 0.833255 -14.218195 0.093213 1.300581 -34.212006 -0.287564 0.967175 -20.033180 0.964533 1.212845 -0.000000 0.000000 0.000001 -3.440384 0.788231 0.501656 -15.928169 -3.167308 2.999705 -6.338817 -0.000002 0.000001 -18.123411 3.648175 -4.905658 -0.000004 -0.000000 -0.000003 5.713728 -1.750645 12.086789 53.387596 17.624691 10.246679 -178.840439 45.284740 -179.740952 -6.056315 -9.377654 8.802953 2.243539 -5.255033 -3.180157 14.282875 -0.826593 6.952498 -0.000003 -12.690591 0.000000 15.572938 -16.823187 3.151115 1.665664 -1.955920 -2.878297 4.727793 -4.170583 4.993918 11.020511 0.000003 0.000000 12.109029 -3.735709 -2.866777 0.000001 -0.000000 0.000001 1.291985 -1.928548 -1.498090 14.800111 0.567468 3.865604 14.242551 -1.341734 -6.660648 19.631939 0.143925 -0.648243 50.723991 -0.676525 -5.745813 0.353030 -1.511149 -0.031940 20.222767 3.684309 2.316628 18.787245 0.000006 0.000002 10.751610 -0.479867 1.397904 0.000001 0.000001 0.000000 3.273804 0.305947 -0.580112 21.486792 11.830366 2.266130 8.162916 0.000003 0.000001 18.399054 -3.798978 -4.940565 0.000003 0.000000 -0.000001 6.657537 9.819303 -10.137797 0.158068 -0.250803 51.329998 -16.671839 11.480631 -38.814518 1.749283 -1.926972 -2.580212 -0.000000 0.000000 0.000002 9.100091 -6.814178 -48.923260 0.486100 -0.207184 48.129757 16.568401 20.300344 6.769238 -1.373397 0.749038 -2.809547 -0.000001 0.000000 -0.000001 
10.984895 87.862534 35.933517 1.783814 -26.182184 -3.306691 -2.353265 -1.209713 4.578993 -0.873153 -4.103382 -3.073196 -4.201524 -5.790511 6.891616 -23.511124 14.544357 6.672541 3.496350 16.238819 -3.077914 -2.151167 18.501612 -14.410542 0.000076 -0.000022 0.000006 0.016081 0.222636 0.025817 0.773522 -3.461615 -10.489777 -0.763924 3.889518 -10.567653 6.122946 -10.225397 5.181052 -45.834629 -29.006176 -25.399866 -177.516556 -44.806808 179.916336 13.928333 25.451117 24.975529 -5.882102 9.861278 0.702591 -10.936860 -0.360576 7.156197 -0.000000 8.774813 -0.000001 -16.436354 16.485920 5.409214 -1.844029 2.498502 -2.507276 -10.163589 4.678938 4.621105 -20.975998 -0.000001 0.000005 -21.226255 2.451694 -3.593991 0.000000 -0.000006 -0.000001 -1.362680 2.240796 -0.746323 -21.334890 0.584909 3.008321 -13.821195 -0.000002 0.000002 -23.887133 -0.249076 -0.839480 -60.218914 2.533148 -0.837511 -0.294026 1.679687 0.833256 -14.218194 0.093215 1.300580 -34.212006 -0.287562 0.967173 -20.033180 0.964536 1.212843 -0.000000 0.000000 -0.000000 -3.440383 0.788231 0.501655 -15.928171 -3.167306 2.999705 -6.338818 -0.000002 0.000002 -18.123415 3.648178 -4.905661 -0.000005 -0.000001 -0.000003 4.978350 -0.430293 11.220539 46.645035 15.970926 6.348434 -177.957596 43.784748 -179.329681 -6.457348 -10.899823 8.170509 2.243539 -5.255032 -3.180155 14.282875 -0.826592 6.952499 -0.000005 -12.690586 0.000002 15.576942 -16.856028 3.266776 1.665664 -1.955918 -2.878294 4.727794 -4.170582 4.993918 11.020511 0.000004 -0.000000 12.109031 -3.735707 -2.866779 0.000000 -0.000000 0.000000 1.291984 -1.928547 -1.498087 14.800114 0.567469 3.865604 14.242553 -1.341732 -6.660647 19.631939 0.143927 -0.648244 50.561722 -0.660629 -5.556220 0.353030 -1.511149 -0.031939 20.222769 3.684306 2.316628 18.787247 0.000006 0.000002 10.751610 -0.479867 1.397905 0.000003 0.000000 -0.000001 3.273804 0.305947 -0.580112 21.486792 11.830361 2.266132 8.162916 0.000004 -0.000001 18.399055 -3.798977 -4.940566 0.000003 -0.000001 -0.000001 3.410967 12.074819 -4.229480 0.026427 -0.381617 55.671173 -18.390406 10.533726 -31.597641 1.936394 -2.173440 -9.819810 0.000000 -0.000000 0.000002 3.922065 -3.700048 -43.106415 0.456374 -0.043829 51.549252 2.884875 20.647961 -1.810454 -1.535687 0.783625 -1.024692 -0.000001 -0.000000 -0.000001 
11.364605 89.138443 40.138157 6.662295 -26.382734 -9.981674 -1.709056 -0.663746 4.078557 -0.787607 -3.185065 -3.180080 -4.689891 -5.050873 7.129854 -25.735085 18.119102 10.694987 3.414389 13.629116 -3.205290 -1.891731 16.798664 -9.733128 0.000076 -0.000022 0.000007 -0.014336 0.236960 0.013959 0.702431 -3.413409 -10.360244 -0.750694 3.866929 -10.473264 2.070754 -7.273090 5.946730 -47.421688 -28.668116 -22.386023 -175.390732 -45.682060 179.038239 9.309810 23.134113 18.970755 -5.882099 9.861279 0.702590 -10.936858 -0.360574 7.156198 -0.000000 8.774815 -0.000002 -16.556234 16.289766 5.211154 -1.844030 2.498503 -2.507275 -10.163587 4.678940 4.621104 -20.975994 -0.000004 0.000002 -21.226254 2.451695 -3.593994 0.000000 -0.000006 -0.000001 -1.362680 2.240798 -0.746322 -21.334890 0.584909 3.008322 -13.821194 -0.000003 0.000003 -23.887131 -0.249078 -0.839480 -60.875984 2.750453 -0.621006 -0.294025 1.679685 0.833256 -14.218192 0.093214 1.300579 -34.212006 -0.287562 0.967171 -20.033178 0.964536 1.212842 -0.000000 -0.000000 0.000001 -3.440383 0.788232 0.501655 -15.928169 -3.167306 2.999705 -6.338817 -0.000001 0.000002 -18.123411 3.648177 -4.905662 -0.000004 -0.000000 -0.000003 4.571219 3.313577 10.375330 40.594524 19.774750 2.467839 -177.835815 42.772617 -179.220200 -4.909352 -12.955124 7.356342 2.243541 -5.255034 -3.180155 14.282877 -0.826595 6.952495 -0.000003 -12.690590 0.000001 15.446865 -17.308458 3.308464 1.665666 -1.955919 -2.878297 4.727793 -4.170584 4.993918 11.020512 0.000003 -0.000001 12.109033 -3.735709 -2.866780 -0.000000 -0.000001 0.000001 1.291984 -1.928549 -1.498088 14.800111 0.567467 3.865602 14.242554 -1.341735 -6.660648 19.631939 0.143925 -0.648247 50.573505 -0.545218 -5.696271 0.353029 -1.511149 -0.031940 20.222771 3.684304 2.316627 18.787247 0.000005 -0.000002 10.751611 -0.479867 1.397902 0.000001 0.000002 -0.000001 3.273805 0.305947 -0.580110 21.486790 11.830362 2.266127 8.162916 0.000001 -0.000003 18.399054 -3.798977 -4.940569 0.000003 -0.000001 -0.000000 2.215605 15.593733 -4.848620 -0.319471 -0.666502 66.651390 -16.479439 6.814118 -9.178715 2.168084 -2.053380 -15.020372 0.000000 0.000000 0.000003 -2.960769 -2.757693 -36.339993 0.243553 0.145306 53.382664 0.464597 20.208698 -7.015049 -1.456872 0.760821 0.449823 0.000000 0.000000 -0.000001 
11.690007 91.186760 43.267487 11.623142 -25.156977 -16.709311 -0.927023 -0.131248 4.239587 -0.702620 -1.710584 -3.194015 -5.626336 -2.868286 7.685596 -26.725300 21.796322 15.672678 2.725587 10.316837 -3.452718 -0.976484 13.769683 -5.274460 0.000078 -0.000023 0.000006 -0.050958 0.234571 -0.030516 0.640396 -3.470306 -10.542310 -0.754855 3.919075 -10.661361 -1.368493 -4.685821 6.862006 -46.798714 -29.012259 -20.629375 -173.149094 -47.545998 177.458450 6.137394 18.992113 13.345592 -5.882101 9.861278 0.702591 -10.936860 -0.360575 7.156199 0.000002 8.774812 -0.000000 -16.525478 16.312876 5.053752 -1.844029 2.498503 -2.507276 -10.163591 4.678941 4.621106 -20.975998 -0.000004 0.000004 -21.226255 2.451693 -3.593992 0.000000 -0.000007 -0.000001 -1.362679 2.240797 -0.746323 -21.334892 0.584909 3.008322 -13.821197 -0.000003 0.000004 -23.887131 -0.249075 -0.839478 -61.080097 2.699538 -0.826163 -0.294024 1.679686 0.833255 -14.218195 0.093213 1.300581 -34.212002 -0.287561 0.967174 -20.033182 0.964536 1.212844 -0.000001 0.000000 0.000000 -3.440384 0.788233 0.501656 -15.928167 -3.167307 2.999706 -6.338816 -0.000001 0.000002 -18.123411 3.648176 -4.905659 -0.000004 -0.000002 -0.000002 2.415240 8.764629 10.037635 35.576855 26.859529 -1.026813 -177.449768 43.922123 -178.819534 -1.688973 -14.721686 5.663711 2.243541 -5.255032 -3.180155 14.282877 -0.826594 6.952496 -0.000003 -12.690591 0.000004 15.773110 -17.431942 2.893237 1.665664 -1.955921 -2.878296 4.727795 -4.170583 4.993919 11.020513 0.000004 -0.000002 12.109033 -3.735708 -2.866779 0.000001 0.000001 -0.000001 1.291984 -1.928546 -1.498088 14.800113 0.567468 3.865603 14.242551 -1.341736 -6.660647 19.631937 0.143924 -0.648242 50.330345 -0.590519 -6.052269 0.353028 -1.511149 -0.031940 20.222771 3.684307 2.316629 18.787247 0.000004 0.000000 10.751611 -0.479866 1.397904 0.000002 0.000001 -0.000001 3.273805 0.305946 -0.580109 21.486792 11.830366 2.266130 8.162917 -0.000000 0.000000 18.399054 -3.798978 -4.940567 0.000003 0.000000 -0.000002 1.942073 18.612080 -8.976341 -0.448210 -0.525264 74.070709 -16.336731 3.347695 5.839504 2.113825 -2.122472 -4.226140 -0.000000 -0.000000 0.000001 -9.729045 -2.069563 -27.733934 0.173121 0.370259 50.823254 -0.115740 20.362803 -9.757071 -1.414946 0.835260 0.872721 0.000000 -0.000000 -0.000001 
11.886854 93.799141 45.492992 16.400822 -22.950993 -23.325037 0.074876 0.546385 5.125937 -0.805582 0.069793 -3.122431 -7.224139 0.107781 9.177785 -26.663172 24.810083 20.616789 1.770284 6.753355 -3.732090 0.222806 10.629194 -2.011890 0.000077 -0.000023 0.000005 -0.064403 0.186927 -0.067091 0.621835 -3.577436 -10.712077 -0.772299 3.929991 -10.810059 -4.192769 -2.758171 7.457516 -44.085247 -30.115019 -19.328876 -172.556290 -49.785118 176.338058 4.703850 14.430727 9.694008 -5.882102 9.861279 0.702590 -10.936857 -0.360574 7.156197 0.000001 8.774812 -0.000002 -17.096674 16.435564 4.820412 -1.844031 2.498502 -2.507276 -10.163589 4.678941 4.621104 -20.975992 -0.000001 0.000005 -21.226254 2.451697 -3.593994 0.000001 -0.000006 -0.000001 -1.362678 2.240797 -0.746323 -21.334887 0.584910 3.008322 -13.821198 -0.000002 0.000003 -23.887133 -0.249077 -0.839481 -61.186230 2.138333 -0.980117 -0.294025 1.679687 0.833255 -14.218192 0.093214 1.300580 -34.212006 -0.287560 0.967171 -20.033178 0.964539 1.212841 0.000001 0.000000 0.000001 -3.440386 0.788233 0.501656 -15.928167 -3.167306 2.999705 -6.338818 -0.000001 0.000002 -18.123415 3.648178 -4.905661 -0.000004 -0.000001 -0.000002 0.398155 14.839625 10.327461 30.054302 33.363510 -6.204029 -176.028137 46.128635 -178.023727 1.741480 -15.247698 3.167335 2.243539 -5.255032 -3.180155 14.282878 -0.826591 6.952496 -0.000001 -12.690588 -0.000000 16.387226 -17.287115 2.432003 1.665665 -1.955920 -2.878296 4.727793 -4.170583 4.993918 11.020511 0.000004 -0.000000 12.109034 -3.735711 -2.866779 -0.000000 0.000000 0.000001 1.291986 -1.928548 -1.498089 14.800111 0.567469 3.865602 14.242553 -1.341736 -6.660647 19.631939 0.143926 -0.648243 50.402111 -0.647723 -6.414062 0.353028 -1.511149 -0.031941 20.222771 3.684306 2.316628 18.787247 0.000004 0.000001 10.751610 -0.479869 1.397904 -0.000000 0.000003 0.000000 3.273804 0.305948 -0.580110 21.486790 11.830361 2.266130 8.162917 0.000000 0.000000 18.399052 -3.798980 -4.940567 0.000003 0.000001 -0.000001 1.394523 21.271444 -16.693621 -0.343975 -0.278440 77.348076 -16.361736 2.114259 7.029295 1.993048 -2.056477 -2.656318 0.000000 -0.000000 -0.000002 -16.219063 -0.945247 -17.725042 0.141649 0.554343 44.713341 0.526494 20.010157 -10.081142 -1.428934 0.790332 1.305092 0.000000 0.000000 -0.000001 
12.206168 96.704773 47.035442 21.022602 -20.523508 -29.872627 0.828605 1.380054 6.731209 -0.877783 2.361373 -2.611515 -9.132742 3.222940 11.606383 -25.725517 26.734913 25.211628 0.904794 3.047434 -3.886877 1.087780 7.781506 0.253933 0.000077 -0.000023 0.000003 -0.049430 0.123443 -0.061070 0.629810 -3.676815 -10.789402 -0.754298 3.894312 -10.883233 -5.499794 -2.024951 8.283389 -41.398342 -32.135769 -19.890915 -173.008011 -51.112217 175.834808 4.272375 10.478875 6.030937 -5.882099 9.861279 0.702590 -10.936860 -0.360574 7.156197 0.000001 8.774811 -0.000000 -18.283646 16.489346 4.449663 -1.844033 2.498502 -2.507275 -10.163589 4.678939 4.621103 -20.975994 -0.000004 0.000003 -21.226250 2.451693 -3.593991 0.000001 -0.000007 0.000000 -1.362679 2.240797 -0.746323 -21.334894 0.584908 3.008321 -13.821195 -0.000003 0.000003 -23.887131 -0.249079 -0.839479 -62.276760 1.399066 -0.907526 -0.294026 1.679685 0.833257 -14.218190 0.093214 1.300579 -34.211998 -0.287564 0.967170 -20.033176 0.964534 1.212842 -0.000000 0.000001 -0.000000 -3.440387 0.788232 0.501655 -15.928169 -3.167306 2.999703 -6.338816 -0.000002 0.000001 -18.123415 3.648176 -4.905660 -0.000004 -0.000000 -0.000002 -2.229174 20.601425 11.005899 26.589031 37.718159 -11.928979 -173.417343 47.493893 -176.430145 3.128828 -15.326034 1.765710 2.243541 -5.255032 -3.180154 14.282873 -0.826593 6.952495 -0.000001 -12.690590 0.000001 16.559761 -17.006613 2.401931 1.665664 -1.955920 -2.878296 4.727791 -4.170584 4.993918 11.020513 0.000001 -0.000001 12.109031 -3.735711 -2.866780 0.000000 0.000000 0.000001 1.291986 -1.928547 -1.498088 14.800107 0.567467 3.865602 14.242551 -1.341736 -6.660648 19.631933 0.143925 -0.648245 50.817982 -0.555831 -6.535848 0.353029 -1.511149 -0.031939 20.222771 3.684308 2.316628 18.787241 0.000004 -0.000001 10.751609 -0.479868 1.397903 -0.000001 -0.000000 -0.000000 3.273804 0.305944 -0.580110 21.486788 11.830363 2.266129 8.162915 0.000002 -0.000000 18.399048 -3.798981 -4.940567 0.000003 0.000000 -0.000001 0.718221 23.411131 -26.996820 -0.215771 -0.297864 79.293732 -19.005138 -1.537743 7.008773 1.832459 -1.962873 -2.303216 0.000000 -0.000000 0.000003 -22.429867 1.054333 -6.943626 0.213542 0.701172 35.743320 2.531212 19.853329 -7.273581 -1.444459 0.587929 1.001906 0.000000 0.000000 -0.000001 
12.701032 99.041786 48.554176 25.767338 -18.758379 -35.748356 0.764736 2.237963 8.413323 -0.930596 4.739398 -1.757572 -10.631361 6.022197 14.103811 -24.491619 27.635370 29.175930 0.384919 0.095076 -3.875619 1.140535 5.743747 2.297386 0.000077 -0.000022 0.000005 0.017581 0.021390 -0.083190 0.668127 -3.819341 -10.943896 -0.650745 3.832710 -11.024588 -6.753720 -2.064006 9.438187 -38.022530 -33.699463 -22.662643 -174.529663 -51.256435 176.528610 4.213741 7.287069 2.581309 -5.882099 9.861276 0.702590 -10.936858 -0.360576 7.156198 0.000001 8.774812 0.000000 -18.926128 16.695805 4.417889 -1.844032 2.498503 -2.507277 -10.163589 4.678939 4.621104 -20.975996 -0.000004 0.000001 -21.226255 2.451692 -3.593993 0.000000 -0.000006 -0.000000 -1.362678 2.240795 -0.746323 -21.334892 0.584907 3.008320 -13.821197 -0.000002 0.000002 -23.887129 -0.249077 -0.839480 -63.545673 1.192511 -0.782708 -0.294021 1.679686 0.833255 -14.218190 0.093214 1.300579 -34.211998 -0.287564 0.967169 -20.033176 0.964534 1.212841 -0.000001 0.000000 0.000000 -3.440386 0.788233 0.501655 -15.928171 -3.167306 2.999703 -6.338818 -0.000002 0.000001 -18.123413 3.648175 -4.905661 -0.000005 -0.000000 -0.000002 -4.823812 25.290165 11.717239 24.776903 41.832619 -17.955986 -172.874908 49.086018 -176.327637 2.807070 -15.772536 0.316134 2.243539 -5.255034 -3.180155 14.282877 -0.826593 6.952497 -0.000002 -12.690590 0.000000 16.759844 -17.025688 2.515110 1.665662 -1.955921 -2.878297 4.727795 -4.170585 4.993919 11.020512 0.000003 -0.000001 12.109032 -3.735709 -2.866780 0.000001 0.000002 0.000000 1.291983 -1.928548 -1.498088 14.800113 0.567467 3.865604 14.242551 -1.341734 -6.660648 19.631939 0.143926 -0.648242 51.606461 -0.575039 -6.252622 0.353030 -1.511150 -0.031940 20.222767 3.684306 2.316628 18.787243 0.000003 -0.000000 10.751610 -0.479868 1.397904 -0.000000 -0.000000 0.000000 3.273804 0.305947 -0.580110 21.486790 11.830365 2.266132 8.162916 0.000001 -0.000000 18.399055 -3.798979 -4.940568 0.000002 0.000000 -0.000001 0.558049 24.560808 -39.195724 -0.334405 -0.588042 84.337685 -23.023966 -3.907165 8.591293 1.714736 -1.927352 -1.838086 0.000000 0.000000 0.000003 -28.294270 4.227066 2.443155 0.271174 0.804932 26.321398 5.898410 20.125294 -3.276338 -1.436258 0.339389 -0.133046 0.000000 0.000000 -0.000001 
13.339318 100.152458 50.412865 30.102787 -17.616693 -41.210781 -0.108227 2.626383 9.951641 -1.194589 6.336470 -0.694363 -11.576500 8.056149 16.356884 -23.843891 27.734749 31.422628 0.097211 -1.156326 -3.726954 0.183392 5.114164 3.578222 0.000076 -0.000023 0.000005 0.078175 -0.047199 -0.063290 0.704084 -3.977467 -11.138681 -0.547753 3.867559 -11.224082 -10.344213 -2.557017 10.243495 -31.134579 -32.565643 -28.037764 -176.452881 -50.530983 178.018112 4.204136 5.553936 1.201177 -5.882101 9.861279 0.702590 -10.936859 -0.360575 7.156196 0.000001 8.774815 -0.000002 -18.350321 16.545954 4.966549 -1.844029 2.498503 -2.507276 -10.163590 4.678940 4.621104 -20.975996 -0.000003 0.000003 -21.226255 2.451694 -3.593995 0.000000 -0.000006 -0.000000 -1.362681 2.240797 -0.746322 -21.334894 0.584909 3.008321 -13.821197 -0.000001 0.000002 -23.887131 -0.249077 -0.839482 -63.902954 1.379778 -0.543492 -0.294024 1.679686 0.833254 -14.218194 0.093215 1.300581 -34.212002 -0.287562 0.967170 -20.033180 0.964536 1.212842 0.000000 0.000000 -0.000000 -3.440384 0.788233 0.501655 -15.928167 -3.167305 2.999705 -6.338815 -0.000002 0.000001 -18.123413 3.648178 -4.905662 -0.000004 -0.000001 -0.000002 -4.836285 28.117828 13.175144 21.026741 46.237179 -23.813686 -175.169632 53.298115 -178.262802 2.704805 -15.135329 -1.940284 2.243539 -5.255033 -3.180156 14.282873 -0.826594 6.952495 -0.000001 -12.690590 0.000000 17.303282 -16.849714 2.418318 1.665666 -1.955920 -2.878296 4.727793 -4.170582 4.993919 11.020511 0.000003 -0.000002 12.109032 -3.735709 -2.866781 0.000001 0.000000 -0.000000 1.291985 -1.928548 -1.498088 14.800107 0.567468 3.865602 14.242550 -1.341734 -6.660650 19.631937 0.143927 -0.648243 51.553020 -0.902801 -5.779709 0.353030 -1.511149 -0.031940 20.222763 3.684306 2.316627 18.787243 0.000004 -0.000001 10.751609 -0.479868 1.397904 0.000000 0.000000 0.000000 3.273804 0.305948 -0.580110 21.486790 11.830362 2.266131 8.162916 0.000002 -0.000000 18.399050 -3.798979 -4.940567 0.000003 0.000000 -0.000000 4.085138 24.922150 -51.957207 -0.940485 -0.816435 92.084801 -21.405247 -1.770504 8.434948 1.689501 -1.891450 -1.809833 0.000000 0.000000 0.000002 -33.621635 7.527402 8.878997 0.399404 1.003595 20.871944 9.213505 20.922087 -0.629887 -1.407892 0.115762 -0.867344 -0.000000 -0.000000 -0.000001 
14.027101 100.234032 52.430748 33.895794 -16.141649 -46.403572 -1.222115 3.086427 10.869182 -1.839318 6.246116 0.328993 -13.064923 9.525143 18.879795 -23.318655 26.825146 31.463455 0.098747 -0.952076 -3.452228 -1.450500 5.763944 3.113267 0.000076 -0.000022 0.000005 0.097540 -0.021838 -0.004806 0.690438 -3.974556 -11.001845 -0.493608 3.928780 -11.066935 -16.708824 -3.803000 10.427460 -20.282774 -27.809238 -35.342125 -177.597412 -49.820251 178.260162 4.332051 5.015113 -0.214477 -5.882100 9.861279 0.702590 -10.936858 -0.360575 7.156196 0.000001 8.774814 -0.000001 -17.323343 16.305969 5.569054 -1.844031 2.498503 -2.507276 -10.163589 4.678941 4.621104 -20.975992 -0.000003 -0.000000 -21.226254 2.451694 -3.593996 0.000000 -0.000006 -0.000000 -1.362680 2.240796 -0.746324 -21.334887 0.584909 3.008320 -13.821194 -0.000002 0.000001 -23.887125 -0.249077 -0.839483 -63.358887 1.396007 -0.102513 -0.294022 1.679687 0.833255 -14.218192 0.093215 1.300578 -34.211998 -0.287564 0.967167 -20.033178 0.964535 1.212840 0.000000 0.000001 -0.000000 -3.440384 0.788233 0.501654 -15.928169 -3.167304 2.999704 -6.338817 -0.000001 0.000000 -18.123413 3.648176 -4.905663 -0.000004 0.000001 -0.000002 -1.819995 28.786810 15.400944 17.014658 51.233829 -27.152346 -178.780701 58.403381 179.672455 3.666598 -13.439940 -5.378414 2.243539 -5.255031 -3.180155 14.282877 -0.826594 6.952495 -0.000002 -12.690591 0.000002 17.917322 -16.826633 2.275820 1.665666 -1.955920 -2.878296 4.727796 -4.170583 4.993920 11.020514 0.000002 -0.000001 12.109031 -3.735709 -2.866779 0.000000 0.000000 0.000000 1.291985 -1.928547 -1.498087 14.800111 0.567467 3.865603 14.242554 -1.341734 -6.660647 19.631939 0.143925 -0.648243 50.661488 -1.399669 -5.539734 0.353030 -1.511149 -0.031940 20.222767 3.684304 2.316628 18.787245 0.000004 0.000001 10.751611 -0.479868 1.397904 -0.000000 0.000000 0.000000 3.273803 0.305947 -0.580110 21.486790 11.830360 2.266129 8.162916 0.000001 0.000000 18.399054 -3.798980 -4.940566 0.000003 0.000000 -0.000001 11.418928 27.120789 -62.850555 -1.508296 -0.531905 94.968246 -15.381717 1.129307 6.780074 1.647376 -1.750859 -1.599004 0.000000 -0.000000 0.000002 -39.320965 9.572511 11.921737 0.654450 1.330567 21.428614 10.840437 22.789135 -0.142629 -1.390676 -0.076715 -0.524739 0.000000 0.000000 -0.000001 
14.180277 99.663849 54.641121 36.353989 -14.253516 -50.021248 -1.891244 3.891752 11.001198 -2.548738 5.122820 0.872775 -15.267553 10.489985 21.890408 -23.101683 25.143023 29.751904 0.772022 0.045047 -3.173732 -2.633361 7.364659 0.444518 0.000077 -0.000021 0.000007 0.091409 -0.019378 0.042287 0.674697 -3.881386 -10.473116 -0.512951 3.872810 -10.440142 -22.638449 -5.774379 11.125073 -11.159879 -21.696577 -42.610561 -177.978897 -49.552612 177.575027 3.971938 4.276271 -1.179893 -5.882100 9.861279 0.702590 -10.936856 -0.360575 7.156198 0.000003 8.774812 -0.000001 -16.768404 16.411615 5.649650 -1.844030 2.498502 -2.507277 -10.163589 4.678941 4.621106 -20.975992 -0.000002 0.000004 -21.226248 2.451695 -3.593992 0.000000 -0.000004 -0.000000 -1.362681 2.240796 -0.746324 -21.334887 0.584908 3.008322 -13.821192 -0.000001 0.000003 -23.887125 -0.249077 -0.839480 -61.914665 1.365757 0.072085 -0.294024 1.679687 0.833256 -14.218194 0.093214 1.300581 -34.212002 -0.287562 0.967173 -20.033178 0.964537 1.212842 0.000000 0.000000 -0.000000 -3.440386 0.788233 0.501656 -15.928167 -3.167305 2.999706 -6.338817 0.000001 0.000002 -18.123413 3.648177 -4.905660 -0.000004 -0.000001 -0.000002 0.057643 27.506559 15.803998 23.219797 55.866337 -21.964790 177.859543 60.200436 178.462631 2.641981 -11.252341 -8.147549 2.243538 -5.255033 -3.180155 14.282877 -0.826595 6.952495 -0.000001 -12.690590 0.000001 17.010214 -17.351254 2.658243 1.665666 -1.955919 -2.878296 4.727791 -4.170583 4.993918 11.020511 0.000003 -0.000002 12.109031 -3.735709 -2.866780 0.000000 0.000000 0.000001 1.291984 -1.928548 -1.498088 14.800107 0.567468 3.865602 14.242553 -1.341735 -6.660650 19.631933 0.143925 -0.648244 49.639820 -1.397218 -5.917043 0.353028 -1.511149 -0.031940 20.222767 3.684305 2.316627 18.787245 0.000004 -0.000001 10.751609 -0.479868 1.397903 -0.000000 0.000000 0.000000 3.273805 0.305946 -0.580110 21.486790 11.830362 2.266130 8.162916 0.000000 0.000000 18.399052 -3.798980 -4.940568 0.000003 0.000000 -0.000001 18.909069 31.876099 -68.403015 -0.938039 -0.466208 84.018013 -12.963768 0.667157 4.294922 1.471422 -1.706076 -1.005194 -0.000000 0.000000 0.000001 -44.193916 10.441155 13.485995 0.882942 1.806916 24.290329 9.019832 24.672840 -2.960559 -1.437054 -0.094848 0.582848 0.000000 0.000000 -0.000001 
14.346427 98.690414 57.055588 36.102863 -12.525110 -52.252979 -1.609879 3.785113 11.331850 -2.741494 4.865161 1.181946 -16.658195 10.144651 24.727766 -23.545179 24.092010 28.035080 1.052527 1.146221 -2.976369 -1.449497 8.113362 -2.314166 0.000077 -0.000022 0.000005 0.108980 -0.066121 0.053851 0.757892 -3.791405 -10.013598 -0.537958 3.692648 -9.875769 -25.219746 -7.190720 12.171976 -9.811178 -18.254379 -45.177391 -179.726089 -50.087570 178.141754 4.718098 3.391411 -1.617682 -5.882100 9.861276 0.702590 -10.936857 -0.360575 7.156196 -0.000001 8.774811 -0.000000 -16.612249 16.399862 5.748246 -1.844030 2.498501 -2.507276 -10.163588 4.678938 4.621106 -20.975994 -0.000004 0.000004 -21.226254 2.451693 -3.593991 0.000000 -0.000004 -0.000001 -1.362680 2.240796 -0.746322 -21.334892 0.584908 3.008321 -13.821194 -0.000003 0.000003 -23.887129 -0.249079 -0.839480 -61.786228 1.534439 -0.174638 -0.294026 1.679685 0.833254 -14.218189 0.093215 1.300581 -34.211998 -0.287564 0.967173 -20.033180 0.964534 1.212844 0.000001 0.000001 -0.000000 -3.440383 0.788232 0.501654 -15.928171 -3.167307 2.999705 -6.338815 -0.000001 0.000003 -18.123411 3.648175 -4.905658 -0.000004 -0.000000 -0.000002 -2.685405 24.577158 14.463661 44.150551 56.682858 -6.923275 175.705231 57.931778 177.263077 -0.376925 -8.854429 -8.280646 2.243537 -5.255032 -3.180154 14.282877 -0.826593 6.952496 -0.000002 -12.690591 -0.000001 15.076570 -16.580326 3.200162 1.665664 -1.955920 -2.878296 4.727793 -4.170583 4.993918 11.020511 0.000003 -0.000001 12.109033 -3.735709 -2.866779 0.000000 -0.000000 -0.000001 1.291983 -1.928548 -1.498089 14.800114 0.567469 3.865603 14.242554 -1.341734 -6.660648 19.631939 0.143927 -0.648242 48.510262 -0.720582 -6.262723 0.353029 -1.511149 -0.031941 20.222771 3.684307 2.316627 18.787247 0.000005 -0.000000 10.751611 -0.479868 1.397904 0.000000 0.000000 0.000000 3.273805 0.305947 -0.580110 21.486794 11.830363 2.266132 8.162918 0.000002 0.000001 18.399055 -3.798977 -4.940566 0.000003 0.000000 -0.000001 23.169333 35.710312 -66.924873 -0.000282 -0.027042 51.352173 -17.455036 3.226752 6.217403 1.247091 -1.687632 -1.102176 0.000000 0.000000 0.000001 -45.637527 12.154237 17.187035 0.937057 2.002331 24.976547 7.414691 24.525600 -7.445566 -1.501762 0.018407 0.495105 -0.000000 0.000000 -0.000001 
14.982743 97.981361 59.152229 34.133369 -11.530403 -52.504669 -1.067521 3.073267 11.706280 -2.364829 5.659258 1.515755 -16.791414 8.607732 26.367920 -24.210941 24.139359 27.064226 1.023464 1.605374 -3.025583 0.581174 8.853345 -3.434896 0.000076 -0.000023 0.000004 0.136344 -0.091501 0.025703 0.767729 -3.684383 -9.728236 -0.489459 3.529195 -9.570567 -26.459835 -7.526088 12.429808 -14.119482 -17.627361 -42.536850 178.404602 -50.627888 178.970551 6.460376 1.748844 2.088914 -5.882102 9.861279 0.702589 -10.936858 -0.360575 7.156196 -0.000001 8.774810 -0.000003 -17.268423 16.329212 5.863387 -1.844032 2.498503 -2.507275 -10.163592 4.678941 4.621103 -20.975998 -0.000002 0.000000 -21.226254 2.451694 -3.593994 0.000000 -0.000005 -0.000000 -1.362680 2.240797 -0.746322 -21.334887 0.584910 3.008319 -13.821195 -0.000002 0.000001 -23.887131 -0.249078 -0.839484 -63.072880 1.636089 -0.121610 -0.294024 1.679686 0.833255 -14.218192 0.093214 1.300578 -34.212002 -0.287561 0.967167 -20.033176 0.964533 1.212840 0.000000 -0.000001 0.000000 -3.440384 0.788233 0.501655 -15.928167 -3.167303 2.999704 -6.338815 -0.000001 0.000001 -18.123415 3.648177 -4.905664 -0.000004 -0.000000 -0.000002 -5.502930 21.165226 14.106704 62.034767 49.973099 5.086326 172.046829 53.920723 174.570435 -3.276990 -6.812318 -8.667362 2.243541 -5.255032 -3.180154 14.282875 -0.826592 6.952496 -0.000002 -12.690590 0.000001 14.636543 -15.551970 3.650935 1.665667 -1.955920 -2.878297 4.727793 -4.170582 4.993917 11.020509 0.000004 0.000000 12.109033 -3.735708 -2.866779 -0.000001 -0.000000 -0.000001 1.291985 -1.928547 -1.498088 14.800114 0.567468 3.865605 14.242553 -1.341734 -6.660650 19.631939 0.143925 -0.648242 48.902943 -0.987804 -5.747783 0.353028 -1.511149 -0.031940 20.222769 3.684306 2.316629 18.787245 0.000005 -0.000001 10.751610 -0.479867 1.397904 0.000000 -0.000000 0.000001 3.273804 0.305947 -0.580109 21.486792 11.830362 2.266129 8.162916 0.000003 0.000000 18.399052 -3.798976 -4.940565 0.000003 0.000000 -0.000002 20.962711 37.914078 -66.002228 -0.683289 1.054708 15.843781 -21.453133 15.861532 10.695051 1.452190 -1.794055 -1.892817 -0.000000 0.000000 0.000001 -42.875088 15.866416 21.178061 0.947305 1.550089 24.362801 7.646727 21.024088 -10.426399 -1.534523 0.093948 -0.429721 -0.000000 0.000000 -0.000001 
16.084167 97.449959 60.222446 33.511944 -9.613419 -50.394665 -1.130347 2.882414 12.181035 -2.789218 5.131657 1.433616 -17.255693 7.552210 26.693390 -24.967762 24.993757 26.531033 1.286994 2.020721 -3.039244 1.737728 9.178464 -3.632491 0.000077 -0.000022 0.000004 0.136309 -0.045593 0.009847 0.792442 -3.538166 -9.616103 -0.511419 3.476410 -9.423566 -26.878824 -7.861039 12.570979 -19.145226 -19.033266 -39.207283 177.985107 -50.527145 179.513947 7.662870 0.174523 6.153118 -5.882102 9.861278 0.702590 -10.936857 -0.360574 7.156196 0.000002 8.774813 -0.000001 -18.655172 16.330555 6.015881 -1.844031 2.498503 -2.507275 -10.163588 4.678940 4.621105 -20.975996 -0.000004 0.000003 -21.226254 2.451692 -3.593992 -0.000000 -0.000006 0.000000 -1.362680 2.240797 -0.746321 -21.334888 0.584908 3.008321 -13.821194 -0.000003 0.000003 -23.887129 -0.249082 -0.839480 -64.849258 1.589985 -0.148187 -0.294025 1.679686 0.833254 -14.218189 0.093213 1.300579 -34.211998 -0.287564 0.967171 -20.033175 0.964535 1.212842 -0.000000 -0.000001 0.000000 -3.440383 0.788233 0.501657 -15.928167 -3.167306 2.999702 -6.338814 0.000001 0.000002 -18.123413 3.648175 -4.905661 -0.000004 -0.000000 -0.000002 -7.635948 18.556971 12.933019 68.763527 42.493153 8.072276 168.853394 50.879086 172.220184 -4.776482 -7.483770 -4.748486 2.243540 -5.255033 -3.180156 14.282875 -0.826593 6.952497 -0.000002 -12.690587 0.000000 15.601112 -15.994067 3.553451 1.665663 -1.955921 -2.878297 4.727794 -4.170582 4.993919 11.020511 0.000003 -0.000001 12.109035 -3.735711 -2.866781 -0.000000 0.000000 -0.000000 1.291984 -1.928548 -1.498088 14.800114 0.567467 3.865605 14.242553 -1.341734 -6.660649 19.631939 0.143926 -0.648244 50.842369 -1.855108 -5.981545 0.353028 -1.511148 -0.031940 20.222769 3.684304 2.316628 18.787247 0.000003 0.000002 10.751610 -0.479868 1.397903 0.000000 0.000000 0.000000 3.273803 0.305946 -0.580110 21.486790 11.830361 2.266133 8.162918 0.000000 0.000000 18.399052 -3.798980 -4.940566 0.000003 0.000000 -0.000003 5.833311 41.489384 -84.799072 -0.677485 1.631567 24.702723 -20.671366 14.891379 13.994685 1.460307 -1.734306 -1.772191 0.000000 0.000000 0.000002 -41.959316 18.423277 21.230122 1.012606 1.308374 25.620884 8.405498 15.838181 -12.564921 -1.561019 0.179691 -0.699286 0.000000 0.000000 -0.000001 
17.279200 97.095100 60.925812 34.053608 -6.722385 -46.933983 -1.747283 2.535704 12.096324 -3.019150 4.072504 1.254979 -18.297077 6.598273 26.280369 -26.208828 25.820335 25.647993 1.239413 3.034358 -2.973766 2.757788 8.203490 -3.159852 0.000078 -0.000021 0.000006 0.003040 0.117074 -0.033751 0.644140 -3.408823 -9.912822 -0.629919 3.652848 -9.682427 -26.841736 -7.936687 11.756268 -23.843559 -20.493624 -35.628902 177.845108 -49.099628 -179.597961 8.798249 0.411564 8.845772 -5.882101 9.861278 0.702590 -10.936862 -0.360575 7.156199 0.000002 8.774814 -0.000001 -19.262285 16.587381 6.405849 -1.844033 2.498503 -2.507274 -10.163590 4.678940 4.621104 -20.975996 -0.000004 0.000002 -21.226250 2.451692 -3.593992 0.000000 -0.000008 -0.000000 -1.362681 2.240797 -0.746323 -21.334892 0.584907 3.008320 -13.821198 -0.000002 0.000003 -23.887133 -0.249077 -0.839480 -64.646614 1.603010 -0.188785 -0.294026 1.679686 0.833255 -14.218192 0.093214 1.300580 -34.212002 -0.287565 0.967171 -20.033180 0.964535 1.212842 0.000000 -0.000001 -0.000000 -3.440387 0.788232 0.501657 -15.928173 -3.167308 2.999703 -6.338814 0.000000 0.000001 -18.123415 3.648177 -4.905659 -0.000004 -0.000002 -0.000002 -9.045937 16.413923 10.792811 71.004440 37.358784 10.369751 168.997620 49.390400 171.965515 -6.284871 -10.340559 1.095573 2.243541 -5.255032 -3.180155 14.282879 -0.826595 6.952496 -0.000001 -12.690591 0.000001 16.079180 -16.411200 2.799563 1.665667 -1.955920 -2.878295 4.727795 -4.170586 4.993918 11.020513 0.000003 -0.000001 12.109033 -3.735713 -2.866778 0.000000 -0.000001 -0.000000 1.291984 -1.928548 -1.498088 14.800113 0.567466 3.865604 14.242558 -1.341737 -6.660649 19.631941 0.143923 -0.648242 50.711967 -1.973793 -6.610253 0.353029 -1.511150 -0.031941 20.222773 3.684306 2.316630 18.787245 0.000004 -0.000000 10.751613 -0.479868 1.397903 -0.000000 -0.000000 0.000000 3.273803 0.305948 -0.580109 21.486795 11.830361 2.266133 8.162917 0.000001 0.000000 18.399054 -3.798980 -4.940567 0.000004 -0.000000 -0.000002 -10.452644 41.463722 -106.500908 -0.536210 0.850674 57.464436 -18.744631 4.258146 22.014845 1.347133 -1.524052 -1.694273 0.000000 0.000000 0.000003 -43.743427 18.926996 18.593843 0.885151 1.581682 28.885807 8.719048 10.496117 -13.492574 -1.560355 0.409366 -0.302658 -0.000000 0.000000 -0.000001 
18.556597 96.783745 60.776466 33.747944 -4.500006 -43.213699 -2.088437 1.651237 12.012107 -2.362689 3.640658 0.998956 -18.527460 5.144421 25.013849 -27.394922 26.532923 25.212893 1.329751 3.540387 -3.120172 3.138355 6.748378 -2.497138 0.000077 -0.000022 0.000006 -0.187200 0.355171 -0.069529 0.422523 -3.301948 -10.514581 -0.785021 4.011533 -10.300183 -25.529493 -7.702930 11.342515 -28.740126 -21.278971 -32.336769 177.690720 -46.989964 -178.866211 10.123830 2.071622 11.342936 -5.882102 9.861278 0.702588 -10.936858 -0.360573 7.156194 0.000001 8.774812 -0.000002 -18.725933 16.458517 6.522640 -1.844031 2.498503 -2.507275 -10.163589 4.678940 4.621107 -20.975992 -0.000003 0.000003 -21.226254 2.451694 -3.593993 -0.000000 -0.000005 0.000001 -1.362681 2.240795 -0.746323 -21.334894 0.584909 3.008319 -13.821197 -0.000002 0.000002 -23.887135 -0.249078 -0.839482 -63.073872 1.498523 -0.078353 -0.294024 1.679685 0.833256 -14.218194 0.093215 1.300580 -34.212002 -0.287563 0.967167 -20.033176 0.964538 1.212840 0.000000 -0.000001 0.000000 -3.440385 0.788233 0.501656 -15.928165 -3.167306 2.999702 -6.338816 0.000001 -0.000000 -18.123415 3.648175 -4.905662 -0.000003 0.000001 -0.000002 -10.389157 14.934066 9.122387 71.672470 35.693493 13.038522 171.356644 49.460312 173.752380 -7.527002 -12.967240 4.782413 2.243539 -5.255032 -3.180153 14.282875 -0.826594 6.952495 -0.000002 -12.690592 -0.000002 16.144930 -16.074232 2.185969 1.665665 -1.955920 -2.878297 4.727792 -4.170583 4.993918 11.020511 0.000003 -0.000001 12.109028 -3.735712 -2.866778 -0.000000 0.000000 0.000001 1.291984 -1.928548 -1.498087 14.800111 0.567467 3.865602 14.242553 -1.341735 -6.660648 19.631939 0.143924 -0.648244 49.741184 -1.622392 -6.697223 0.353029 -1.511150 -0.031941 20.222767 3.684304 2.316625 18.787243 0.000003 -0.000000 10.751610 -0.479868 1.397903 -0.000000 -0.000000 -0.000001 3.273802 0.305947 -0.580111 21.486788 11.830362 2.266131 8.162916 0.000001 0.000001 18.399050 -3.798980 -4.940569 0.000003 -0.000000 -0.000001 -17.729450 38.124107 -112.725868 -0.868928 0.712144 86.891724 -13.398635 -2.371674 31.921516 1.193398 -1.853918 -1.239060 -0.000000 0.000000 0.000000 -45.019604 17.661839 16.205454 0.745166 1.863350 30.374477 9.463997 6.027184 -13.882094 -1.510975 0.462321 -0.111290 0.000000 0.000000 -0.000001 
19.740715 96.626656 60.087742 31.309235 -3.677720 -39.646523 -1.412727 0.770303 12.443076 -1.375977 3.465328 0.768995 -16.865231 3.118480 22.857899 -28.147251 27.240377 24.725527 1.689513 3.513079 -3.245238 2.644749 5.792185 -2.711468 0.000076 -0.000022 0.000006 -0.230212 0.421760 -0.023831 0.319500 -3.351349 -10.787768 -0.774275 4.183526 -10.634204 -22.179062 -6.804375 11.339809 -34.351231 -21.616312 -29.674356 177.922516 -44.675369 -178.776855 11.519612 4.450571 13.255072 -5.882102 9.861279 0.702585 -10.936862 -0.360573 7.156195 0.000000 8.774814 -0.000001 -18.166349 16.397913 6.236440 -1.844032 2.498503 -2.507275 -10.163589 4.678939 4.621102 -20.976000 -0.000003 0.000000 -21.226255 2.451693 -3.593995 0.000000 -0.000005 -0.000001 -1.362680 2.240796 -0.746322 -21.334896 0.584910 3.008319 -13.821197 -0.000003 0.000001 -23.887133 -0.249079 -0.839482 -62.111332 1.420017 0.219759 -0.294025 1.679686 0.833257 -14.218195 0.093216 1.300577 -34.212006 -0.287562 0.967168 -20.033178 0.964531 1.212841 -0.000000 -0.000001 0.000001 -3.440386 0.788232 0.501653 -15.928169 -3.167305 2.999703 -6.338815 0.000000 0.000000 -18.123417 3.648176 -4.905663 -0.000004 -0.000001 -0.000002 -11.584044 13.850637 8.989733 71.468285 37.876591 14.710959 173.735657 50.301392 175.377213 -7.862950 -14.808394 5.092950 2.243539 -5.255030 -3.180156 14.282877 -0.826593 6.952495 -0.000004 -12.690586 0.000002 16.348263 -15.771039 1.769793 1.665663 -1.955918 -2.878298 4.727795 -4.170583 4.993917 11.020512 0.000004 -0.000001 12.109032 -3.735708 -2.866779 0.000000 -0.000001 0.000000 1.291984 -1.928547 -1.498089 14.800113 0.567469 3.865602 14.242554 -1.341732 -6.660649 19.631939 0.143927 -0.648242 48.786636 -1.393506 -6.744966 0.353028 -1.511150 -0.031941 20.222767 3.684305 2.316627 18.787245 0.000005 -0.000001 10.751609 -0.479867 1.397904 -0.000000 0.000000 0.000000 3.273805 0.305947 -0.580110 21.486788 11.830359 2.266128 8.162916 0.000003 0.000000 18.399052 -3.798976 -4.940567 0.000003 -0.000000 0.000001 -15.711789 34.899612 -104.592804 -1.046549 0.553540 107.237930 -13.213773 -1.972113 36.293896 1.462359 -2.411053 -1.888253 -0.000000 0.000000 0.000002 -43.699760 15.147901 14.894935 0.661259 1.841762 29.793474 10.107661 3.285786 -13.876708 -1.470181 0.443997 -0.199160 0.000000 0.000000 -0.000001 
20.750668 96.789574 59.398575 27.221107 -4.169013 -36.060181 -0.192223 0.244400 12.772006 -0.665626 3.067433 0.582559 -13.368731 1.217370 20.011545 -28.242094 27.199488 23.446014 2.009031 3.803515 -3.379861 1.349323 5.930970 -3.291374 0.000077 -0.000023 0.000006 -0.121192 0.264699 0.005991 0.428723 -3.534780 -10.754238 -0.666591 4.063969 -10.689587 -16.453156 -5.487255 11.662001 -40.967178 -22.076305 -27.910465 179.164062 -42.533867 -179.346359 13.022120 7.529443 14.862602 -5.882101 9.861279 0.702590 -10.936859 -0.360575 7.156199 -0.000001 8.774814 -0.000001 -18.407326 16.902250 5.527219 -1.844030 2.498504 -2.507276 -10.163590 4.678941 4.621106 -20.975992 -0.000002 0.000005 -21.226250 2.451696 -3.593992 0.000000 -0.000007 0.000000 -1.362680 2.240796 -0.746321 -21.334890 0.584907 3.008323 -13.821197 -0.000003 0.000004 -23.887129 -0.249072 -0.839479 -61.664196 1.821696 -0.225689 -0.294024 1.679686 0.833255 -14.218194 0.093217 1.300582 -34.212002 -0.287561 0.967174 -20.033176 0.964535 1.212843 -0.000001 -0.000002 0.000000 -3.440385 0.788231 0.501654 -15.928164 -3.167307 2.999705 -6.338814 0.000000 0.000002 -18.123411 3.648178 -4.905659 -0.000004 0.000001 -0.000002 -12.371379 13.057178 9.240355 70.704750 42.061489 16.093336 176.393600 51.179344 177.070175 -7.597775 -16.543779 3.268268 2.243541 -5.255033 -3.180154 14.282875 -0.826595 6.952497 -0.000002 -12.690587 0.000003 16.038181 -15.382788 1.632825 1.665664 -1.955919 -2.878296 4.727796 -4.170584 4.993918 11.020512 0.000002 0.000002 12.109029 -3.735709 -2.866775 -0.000000 0.000000 0.000000 1.291984 -1.928547 -1.498088 14.800117 0.567467 3.865606 14.242553 -1.341737 -6.660648 19.631939 0.143924 -0.648243 47.689564 -0.882614 -6.499162 0.353028 -1.511149 -0.031940 20.222771 3.684301 2.316629 18.787245 0.000001 -0.000001 10.751612 -0.479870 1.397904 -0.000000 -0.000000 -0.000001 3.273804 0.305946 -0.580109 21.486792 11.830359 2.266132 8.162918 0.000001 0.000000 18.399055 -3.798980 -4.940567 0.000003 -0.000001 -0.000000 -6.837787 32.241852 -85.067909 -1.190615 0.202290 114.858315 -19.227852 -3.133914 39.856991 1.752919 -2.292853 -1.547007 -0.000000 -0.000000 0.000002 -40.416111 11.635046 13.598749 0.568559 1.636287 28.558437 10.833281 2.775435 -12.691669 -1.458306 0.524248 -0.034814 -0.000000 -0.000000 -0.000001 
21.632456 97.056526 59.149570 23.098410 -6.222878 -31.648256 0.931460 0.111149 11.961810 -0.323013 2.530997 -0.022840 -9.554152 0.530773 17.016539 -28.202852 26.583313 21.649761 2.370931 4.266220 -3.602920 0.022934 7.092390 -3.738414 0.000077 -0.000022 0.000006 -0.062549 0.178409 0.022921 0.548543 -3.602993 -10.642470 -0.663327 3.932190 -10.633014 -10.536016 -4.578135 11.844531 -46.116180 -21.577003 -26.578386 179.853378 -40.816566 -179.844574 14.089700 10.438132 16.959694 -5.882102 9.861279 0.702589 -10.936858 -0.360575 7.156194 -0.000000 8.774811 -0.000002 -18.982960 17.330624 4.649873 -1.844030 2.498504 -2.507277 -10.163589 4.678939 4.621099 -20.975992 -0.000001 -0.000001 -21.226250 2.451694 -3.593997 0.000000 -0.000008 -0.000001 -1.362681 2.240796 -0.746322 -21.334887 0.584910 3.008317 -13.821195 -0.000001 0.000000 -23.887125 -0.249076 -0.839485 -61.498421 2.435007 -1.292685 -0.294024 1.679686 0.833256 -14.218192 0.093216 1.300579 -34.211998 -0.287560 0.967165 -20.033180 0.964536 1.212839 -0.000000 0.000001 -0.000000 -3.440386 0.788233 0.501654 -15.928165 -3.167304 2.999700 -6.338817 -0.000000 -0.000000 -18.123413 3.648173 -4.905664 -0.000004 0.000001 -0.000002 -12.388857 12.545086 9.610114 69.308350 46.490368 16.792515 178.763687 51.699421 178.722107 -6.911440 -17.873857 0.642015 2.243540 -5.255033 -3.180155 14.282873 -0.826590 6.952497 -0.000003 -12.690592 -0.000000 15.445477 -15.280717 1.826440 1.665666 -1.955918 -2.878295 4.727792 -4.170584 4.993919 11.020509 0.000004 -0.000001 12.109031 -3.735710 -2.866782 -0.000001 -0.000000 -0.000001 1.291984 -1.928549 -1.498089 14.800111 0.567468 3.865602 14.242551 -1.341736 -6.660649 19.631933 0.143927 -0.648241 47.367996 -0.440948 -6.026781 0.353029 -1.511149 -0.031940 20.222769 3.684306 2.316628 18.787243 0.000005 -0.000000 10.751609 -0.479867 1.397905 -0.000000 -0.000000 -0.000001 3.273803 0.305947 -0.580111 21.486788 11.830363 2.266134 8.162914 0.000002 0.000001 18.399044 -3.798979 -4.940567 0.000003 0.000000 -0.000001 2.912836 27.385828 -63.668457 -1.321561 -0.214835 110.303436 -23.418852 -4.631569 43.285805 1.805685 -2.116146 -0.604615 0.000001 -0.000001 0.000002 -36.818356 7.673348 10.598042 0.441032 1.436364 27.193590 11.598051 3.554291 -11.252877 -1.443888 0.628215 -0.122890 0.000000 0.000000 -0.000001 
22.713331 97.183449 59.344543 19.890209 -9.605920 -26.920816 1.801078 0.311203 10.500813 -0.082802 2.309254 -0.926956 -6.772033 0.655421 14.392303 -28.260798 26.058159 19.985559 2.643425 4.993899 -3.752656 -0.868601 8.406481 -4.244955 0.000077 -0.000020 0.000006 -0.062243 0.163824 -0.014557 0.604162 -3.556301 -10.569757 -0.727227 3.884238 -10.595099 -5.968653 -3.850348 11.395599 -48.955063 -20.262690 -25.915262 179.869232 -39.462940 179.883011 14.583593 12.642204 18.891594 -5.882101 9.861278 0.702589 -10.936860 -0.360577 7.156196 0.000001 8.774814 -0.000002 -19.290443 17.243036 4.176181 -1.844030 2.498501 -2.507276 -10.163592 4.678939 4.621103 -20.975998 -0.000003 0.000004 -21.226255 2.451693 -3.593993 -0.000000 -0.000007 0.000000 -1.362680 2.240797 -0.746321 -21.334887 0.584908 3.008321 -13.821198 -0.000003 0.000004 -23.887129 -0.249076 -0.839481 -61.511246 2.630396 -1.636772 -0.294024 1.679686 0.833257 -14.218192 0.093215 1.300580 -34.212002 -0.287562 0.967172 -20.033180 0.964533 1.212842 -0.000000 0.000000 0.000000 -3.440385 0.788233 0.501654 -15.928169 -3.167307 2.999703 -6.338817 -0.000001 0.000002 -18.123415 3.648175 -4.905661 -0.000004 0.000001 -0.000002 -12.072242 12.505902 10.316766 67.110901 50.609592 15.999109 179.726822 51.505791 179.538940 -6.663718 -18.124512 -1.516852 2.243542 -5.255033 -3.180156 14.282875 -0.826594 6.952494 -0.000003 -12.690586 0.000003 15.277944 -15.613031 1.948437 1.665665 -1.955918 -2.878296 4.727792 -4.170584 4.993919 11.020512 0.000004 -0.000002 12.109033 -3.735708 -2.866779 0.000000 0.000000 0.000000 1.291984 -1.928548 -1.498088 14.800109 0.567471 3.865602 14.242554 -1.341733 -6.660651 19.631935 0.143928 -0.648246 47.767132 -0.290125 -5.893601 0.353031 -1.511150 -0.031941 20.222765 3.684307 2.316627 18.787245 0.000005 -0.000003 10.751610 -0.479866 1.397904 0.000000 -0.000001 -0.000000 3.273805 0.305946 -0.580111 21.486792 11.830362 2.266129 8.162913 0.000002 0.000000 18.399046 -3.798977 -4.940567 0.000003 0.000000 -0.000002 9.139905 21.666555 -45.982578 -1.438206 -0.740441 97.869926 -23.195454 -3.501515 43.573288 1.896553 -2.169624 -0.526891 0.000001 -0.000000 0.000003 -33.958580 4.216733 5.847019 0.349701 1.247312 26.326710 12.382207 4.487428 -10.064034 -1.448214 0.712066 -0.348368 0.000000 0.000000 -0.000001 
23.927032 97.175667 59.816162 17.308617 -13.527637 -22.529718 2.268398 0.424466 9.014410 0.121495 2.684829 -1.646464 -5.022221 0.768934 12.218786 -28.479664 25.521749 18.441082 2.650699 6.447996 -3.778095 -1.359465 9.661319 -4.960916 0.000077 -0.000023 0.000006 -0.058887 0.155458 -0.051583 0.638279 -3.548748 -10.556852 -0.764634 3.851727 -10.605840 -3.208201 -2.796880 11.083776 -49.849560 -19.285004 -26.091867 179.477768 -38.161572 179.781616 14.808088 13.882564 20.524525 -5.882102 9.861282 0.702591 -10.936856 -0.360574 7.156198 -0.000001 8.774815 -0.000001 -19.164516 16.830360 4.051802 -1.844032 2.498503 -2.507274 -10.163589 4.678941 4.621103 -20.975994 -0.000002 0.000002 -21.226246 2.451696 -3.593995 0.000000 -0.000006 0.000000 -1.362680 2.240798 -0.746324 -21.334892 0.584910 3.008321 -13.821195 -0.000001 0.000002 -23.887129 -0.249078 -0.839483 -61.684994 2.530706 -1.559348 -0.294024 1.679685 0.833255 -14.218190 0.093215 1.300580 -34.211998 -0.287559 0.967170 -20.033176 0.964537 1.212842 -0.000000 -0.000000 -0.000000 -3.440384 0.788232 0.501653 -15.928165 -3.167305 2.999704 -6.338816 0.000000 0.000002 -18.123415 3.648178 -4.905662 -0.000004 0.000001 -0.000001 -11.795406 12.900391 11.324039 63.867607 54.049366 13.886407 -179.771759 50.451923 179.942352 -6.919822 -17.873886 -3.235469 2.243540 -5.255033 -3.180154 14.282877 -0.826594 6.952494 -0.000000 -12.690591 -0.000002 15.411196 -16.066671 2.117474 1.665664 -1.955921 -2.878296 4.727792 -4.170585 4.993917 11.020510 0.000002 -0.000001 12.109035 -3.735709 -2.866778 -0.000001 0.000000 0.000001 1.291984 -1.928549 -1.498088 14.800114 0.567468 3.865603 14.242553 -1.341735 -6.660648 19.631939 0.143925 -0.648242 48.324970 -0.348198 -5.908729 0.353027 -1.511149 -0.031940 20.222771 3.684305 2.316628 18.787245 0.000004 -0.000000 10.751610 -0.479868 1.397905 0.000000 -0.000000 -0.000000 3.273804 0.305946 -0.580110 21.486788 11.830361 2.266132 8.162916 0.000002 0.000000 18.399052 -3.798980 -4.940567 0.000004 0.000000 -0.000002 11.473691 16.803673 -31.823666 -1.099587 -1.322302 81.911377 -18.843010 0.231655 39.825020 2.021743 -2.271951 -1.182623 0.000000 -0.000000 0.000002 -31.823902 0.737580 0.307735 0.319860 0.982984 26.634520 13.072181 5.720407 -8.199850 -1.470126 0.701532 -0.716937 -0.000000 0.000001 -0.000001 
25.030590 96.623749 60.260941 14.654889 -16.234880 -18.104824 2.336353 0.131091 7.436909 0.154338 3.274281 -2.203030 -4.202425 0.646586 10.614088 -28.183826 24.670238 17.302582 2.419018 8.689941 -3.712541 -1.418347 10.599935 -5.594949 0.000076 -0.000021 0.000006 -0.045340 0.111038 -0.066854 0.671157 -3.604337 -10.630366 -0.764716 3.801073 -10.705212 -2.205457 -1.817501 10.856153 -48.712681 -18.688847 -26.377218 179.038864 -37.102348 179.724701 14.665964 13.786451 22.100840 -5.882102 9.861278 0.702591 -10.936860 -0.360574 7.156198 0.000002 8.774809 -0.000002 -18.477097 16.565334 4.103290 -1.844032 2.498503 -2.507275 -10.163589 4.678940 4.621103 -20.975994 -0.000004 0.000002 -21.226255 2.451694 -3.593995 0.000000 -0.000006 0.000000 -1.362681 2.240796 -0.746322 -21.334892 0.584910 3.008321 -13.821197 -0.000001 0.000003 -23.887133 -0.249078 -0.839481 -61.339844 2.448218 -1.534059 -0.294025 1.679686 0.833255 -14.218194 0.093213 1.300580 -34.212006 -0.287564 0.967172 -20.033178 0.964536 1.212842 -0.000000 -0.000000 -0.000001 -3.440386 0.788233 0.501654 -15.928167 -3.167307 2.999705 -6.338817 0.000000 0.000003 -18.123415 3.648178 -4.905659 -0.000004 0.000001 -0.000002 -11.114857 12.731853 12.258301 60.952236 55.086311 12.931373 -178.904221 49.251030 -179.555527 -6.977349 -17.368717 -3.981404 2.243539 -5.255033 -3.180154 14.282875 -0.826593 6.952497 -0.000002 -12.690591 -0.000001 15.303551 -16.429731 2.498978 1.665667 -1.955920 -2.878297 4.727792 -4.170584 4.993920 11.020512 0.000002 -0.000001 12.109033 -3.735709 -2.866779 -0.000001 0.000000 -0.000000 1.291985 -1.928548 -1.498087 14.800114 0.567468 3.865603 14.242554 -1.341736 -6.660650 19.631939 0.143924 -0.648244 48.613525 -0.463944 -5.816805 0.353029 -1.511149 -0.031940 20.222767 3.684306 2.316628 18.787243 0.000004 -0.000000 10.751610 -0.479868 1.397904 -0.000000 0.000000 0.000002 3.273805 0.305947 -0.580110 21.486790 11.830363 2.266130 8.162915 0.000002 0.000000 18.399050 -3.798979 -4.940566 0.000003 0.000001 -0.000002 11.372488 14.091341 -21.357626 -0.634598 -1.507913 64.407669 -14.581700 4.213808 36.069798 1.990002 -2.252629 -3.326981 0.000000 -0.000000 0.000002 -29.957603 -4.258664 -5.632031 0.367772 0.794585 29.260071 13.239877 7.522502 -6.986170 -1.495402 0.667724 -1.029635 -0.000000 0.000001 -0.000001 
25.626883 95.579498 60.298473 11.439678 -16.874516 -13.514932 2.033620 0.234770 5.988844 0.061050 3.242062 -2.673336 -3.797800 0.455803 9.427230 -26.819309 23.049692 16.700319 1.815186 10.884301 -3.615755 -0.803834 11.102355 -5.791613 0.000077 -0.000022 0.000006 -0.078862 0.184956 -0.056402 0.637224 -3.558358 -10.854104 -0.797242 3.914412 -10.940259 -1.649566 -1.741892 10.270768 -46.158848 -18.303522 -26.253382 178.797256 -36.458492 179.467758 13.899127 14.057038 23.603334 -5.882100 9.861279 0.702589 -10.936858 -0.360576 7.156199 0.000002 8.774812 -0.000001 -17.397657 16.677959 4.464901 -1.844031 2.498501 -2.507277 -10.163589 4.678939 4.621104 -20.975994 -0.000005 0.000002 -21.226255 2.451691 -3.593992 0.000001 -0.000007 -0.000000 -1.362682 2.240797 -0.746321 -21.334892 0.584908 3.008322 -13.821197 -0.000002 0.000003 -23.887129 -0.249080 -0.839478 -60.605106 2.530715 -1.499383 -0.294027 1.679687 0.833255 -14.218194 0.093215 1.300578 -34.212006 -0.287565 0.967169 -20.033178 0.964533 1.212842 -0.000000 0.000000 0.000000 -3.440384 0.788232 0.501653 -15.928167 -3.167307 2.999705 -6.338815 -0.000002 0.000003 -18.123411 3.648175 -4.905660 -0.000004 0.000002 -0.000002 -9.915890 11.143694 12.828585 60.226391 52.738903 14.337244 -178.213776 48.234989 -179.105820 -5.611782 -16.485395 -4.174546 2.243541 -5.255033 -3.180156 14.282875 -0.826594 6.952496 -0.000002 -12.690590 0.000001 14.672449 -16.483784 2.602124 1.665664 -1.955921 -2.878298 4.727797 -4.170583 4.993919 11.020511 0.000004 -0.000000 12.109029 -3.735710 -2.866779 0.000000 0.000001 0.000001 1.291983 -1.928548 -1.498088 14.800109 0.567469 3.865603 14.242553 -1.341734 -6.660648 19.631941 0.143926 -0.648241 48.309395 -0.259699 -5.733565 0.353027 -1.511148 -0.031939 20.222767 3.684307 2.316626 18.787245 0.000005 -0.000001 10.751610 -0.479868 1.397903 -0.000000 -0.000000 0.000000 3.273803 0.305947 -0.580111 21.486792 11.830363 2.266131 8.162916 0.000001 -0.000001 18.399052 -3.798979 -4.940567 0.000003 0.000000 -0.000001 11.420938 13.112999 -13.901162 -0.314899 -1.218043 48.412933 -16.164747 5.253062 26.940117 1.914029 -2.074727 -8.363877 0.000000 -0.000000 0.000003 -27.491951 -11.370681 -12.136130 0.607936 0.935043 35.218227 12.766450 9.018392 -5.635987 -1.523607 0.563128 -1.631916 0.000000 0.000000 -0.000001 
25.763649 93.718094 59.610237 7.256539 -14.110793 -9.108727 1.242714 0.391491 5.284843 0.097644 2.511209 -2.619869 -3.416855 -0.341430 8.561069 -24.749599 20.428350 15.656171 1.701627 11.980869 -3.585948 -0.428053 11.689786 -7.319912 0.000077 -0.000020 0.000006 -0.103735 0.271033 0.021272 0.580941 -3.493260 -10.969824 -0.792479 4.032945 -11.037855 0.333158 -2.734628 9.599229 -43.263508 -19.166594 -25.633511 178.589188 -36.537354 179.396698 13.482133 15.826082 22.431648 -5.882102 9.861277 0.702591 -10.936858 -0.360573 7.156197 -0.000001 8.774813 0.000000 -16.681787 17.110926 4.949554 -1.844030 2.498499 -2.507277 -10.163589 4.678941 4.621106 -20.975994 -0.000005 0.000002 -21.226250 2.451690 -3.593993 0.000000 -0.000007 0.000001 -1.362678 2.240795 -0.746322 -21.334887 0.584909 3.008321 -13.821197 -0.000002 0.000001 -23.887129 -0.249081 -0.839481 -60.139572 2.369861 -1.640061 -0.294025 1.679687 0.833255 -14.218192 0.093214 1.300579 -34.211998 -0.287566 0.967169 -20.033176 0.964535 1.212843 -0.000000 0.000002 -0.000001 -3.440386 0.788233 0.501657 -15.928164 -3.167307 2.999703 -6.338817 -0.000001 0.000001 -18.123411 3.648174 -4.905661 -0.000005 0.000001 -0.000002 -9.033181 8.446283 12.822687 62.267941 47.863724 13.728330 179.517670 47.759033 179.290878 -2.915586 -15.640917 -6.112898 2.243539 -5.255031 -3.180155 14.282877 -0.826591 6.952497 -0.000003 -12.690590 -0.000001 15.041539 -16.689571 2.133824 1.665665 -1.955919 -2.878295 4.727793 -4.170584 4.993919 11.020511 0.000004 -0.000002 12.109031 -3.735707 -2.866780 0.000001 -0.000001 -0.000000 1.291984 -1.928548 -1.498088 14.800113 0.567468 3.865602 14.242553 -1.341734 -6.660650 19.631939 0.143927 -0.648242 48.566193 -0.426958 -6.006985 0.353029 -1.511149 -0.031940 20.222771 3.684306 2.316627 18.787245 0.000005 0.000001 10.751610 -0.479867 1.397905 0.000000 0.000000 0.000001 3.273804 0.305947 -0.580111 21.486790 11.830363 2.266129 8.162916 0.000001 0.000000 18.399048 -3.798977 -4.940566 0.000003 -0.000000 0.000002 13.833326 13.933340 -12.208145 -0.234963 -0.535613 40.251743 -19.758186 1.885280 7.655279 1.793934 -2.122985 -3.004875 -0.000000 0.000000 0.000003 -24.055538 -20.515692 -18.792498 0.910016 0.814976 44.632412 12.120186 10.768163 -3.900311 -1.518434 0.568696 -2.855448 0.000000 0.000000 -0.000001 
24.992802 91.712082 57.906933 4.148387 -6.254990 -5.638659 -0.439657 0.212460 5.763207 -0.205626 1.282260 -2.489964 -3.629304 -1.425758 8.361354 -21.572519 17.509491 14.897318 2.459154 11.331044 -3.756402 0.229767 11.308187 -10.487112 0.000076 -0.000020 0.000006 -0.113271 0.316635 0.062833 0.633340 -3.391531 -10.837734 -0.863282 4.016826 -10.895772 4.411311 -4.944602 8.497706 -41.376362 -23.146841 -24.167206 179.551819 -37.931744 178.792465 14.470581 18.146280 18.730574 -5.882102 9.861278 0.702589 -10.936862 -0.360577 7.156196 0.000001 8.774811 -0.000000 -16.091013 17.035404 5.198984 -1.844031 2.498504 -2.507276 -10.163590 4.678939 4.621103 -20.975994 -0.000004 0.000005 -21.226254 2.451692 -3.593992 -0.000000 -0.000007 -0.000001 -1.362680 2.240797 -0.746321 -21.334894 0.584909 3.008322 -13.821197 -0.000000 0.000004 -23.887133 -0.249081 -0.839480 -59.277733 2.639697 -1.546354 -0.294024 1.679687 0.833254 -14.218194 0.093214 1.300579 -34.212006 -0.287568 0.967172 -20.033178 0.964533 1.212845 0.000000 0.000000 -0.000002 -3.440386 0.788232 0.501656 -15.928167 -3.167308 2.999703 -6.338816 0.000000 0.000002 -18.123413 3.648173 -4.905661 -0.000004 -0.000000 -0.000001 -8.847216 4.216412 12.178807 67.580917 40.349331 12.268753 177.686951 47.071438 178.454727 -1.831040 -15.948387 -5.334841 2.243539 -5.255031 -3.180155 14.282877 -0.826594 6.952496 -0.000002 -12.690585 0.000001 15.804378 -16.702576 2.081204 1.665664 -1.955920 -2.878296 4.727792 -4.170582 4.993918 11.020513 0.000004 -0.000001 12.109031 -3.735708 -2.866779 0.000001 0.000000 -0.000001 1.291984 -1.928547 -1.498088 14.800114 0.567470 3.865602 14.242554 -1.341733 -6.660649 19.631939 0.143928 -0.648246 49.623379 -0.958005 -5.952141 0.353030 -1.511149 -0.031938 20.222765 3.684306 2.316627 18.787245 0.000006 -0.000002 10.751611 -0.479867 1.397902 0.000000 0.000000 -0.000001 3.273803 0.305947 -0.580110 21.486790 11.830361 2.266129 8.162915 0.000001 0.000000 18.399052 -3.798978 -4.940570 0.000003 0.000000 0.000000 15.919075 15.210282 -20.664173 -0.355772 -0.339282 42.533596 -21.862093 -6.548623 3.333374 1.746392 -2.003730 -1.205689 0.000000 0.000000 0.000001 -22.708389 -29.399452 -22.896879 0.741253 0.460114 53.057762 13.187534 12.687415 -1.701840 -1.482604 0.654950 -4.355425 0.000000 0.000000 -0.000001 
23.424669 90.705719 56.591370 1.229160 3.568614 -3.079903 -1.488294 0.467592 6.487563 -0.578971 0.469067 -2.598433 -3.941922 -1.974883 8.919125 -17.130402 14.559035 15.159580 2.566860 9.181644 -3.855177 1.856978 9.113131 -11.100217 0.000077 -0.000022 0.000006 -0.119152 0.406515 0.052036 0.622350 -3.259082 -10.667478 -0.868316 4.054698 -10.725407 6.933819 -6.414722 8.372672 -41.369171 -30.507212 -19.841820 -178.764740 -41.020767 178.308014 16.378706 18.586918 15.192081 -5.882100 9.861275 0.702591 -10.936862 -0.360576 7.156199 -0.000000 8.774813 -0.000002 -15.815187 17.471880 5.392896 -1.844031 2.498501 -2.507275 -10.163589 4.678936 4.621101 -20.975994 -0.000005 0.000005 -21.226250 2.451689 -3.593992 0.000001 -0.000004 -0.000001 -1.362680 2.240797 -0.746323 -21.334888 0.584909 3.008320 -13.821195 -0.000004 0.000003 -23.887129 -0.249079 -0.839479 -59.231617 2.873280 -1.513538 -0.294024 1.679686 0.833256 -14.218192 0.093211 1.300579 -34.211998 -0.287567 0.967174 -20.033176 0.964534 1.212845 0.000000 0.000002 0.000001 -3.440385 0.788232 0.501654 -15.928171 -3.167307 2.999705 -6.338815 -0.000003 0.000001 -18.123413 3.648176 -4.905659 -0.000004 0.000002 -0.000002 -8.541204 2.938413 12.556354 71.697006 32.259434 6.909724 176.546997 45.525837 177.692719 -3.455301 -16.640266 -2.581069 2.243539 -5.255034 -3.180155 14.282873 -0.826592 6.952495 -0.000002 -12.690590 -0.000001 16.615664 -16.981661 1.881109 1.665665 -1.955920 -2.878298 4.727795 -4.170584 4.993918 11.020513 0.000003 -0.000001 12.109033 -3.735709 -2.866781 -0.000000 0.000001 -0.000002 1.291984 -1.928547 -1.498088 14.800114 0.567470 3.865603 14.242553 -1.341735 -6.660649 19.631939 0.143928 -0.648243 50.120129 -1.306127 -5.915816 0.353028 -1.511150 -0.031939 20.222767 3.684309 2.316626 18.787245 0.000007 -0.000001 10.751610 -0.479866 1.397903 -0.000000 0.000000 0.000002 3.273804 0.305948 -0.580110 21.486792 11.830364 2.266130 8.162917 0.000003 0.000000 18.399048 -3.798977 -4.940569 0.000003 -0.000000 -0.000002 17.228931 14.636816 -30.513794 -0.631838 -0.685057 45.994545 -22.977604 -13.947811 9.419662 1.726527 -1.823195 -2.249179 -0.000000 0.000000 0.000002 -24.085804 -33.690052 -19.984819 0.757921 0.545052 54.825256 14.495513 13.846111 -2.498943 -1.480701 0.763060 -3.775409 -0.000000 -0.000000 -0.000000 
21.283943 89.880829 56.143715 -1.390233 13.492879 -0.928800 -2.036054 1.055997 7.162353 -0.821087 0.353985 -2.686559 -4.010569 -1.670518 9.052370 -12.916093 11.568629 15.324749 2.179341 6.835000 -3.901700 4.405657 6.361410 -10.616729 0.000077 -0.000023 0.000006 -0.090989 0.336764 -0.018068 0.598770 -3.351836 -10.810682 -0.794289 4.046464 -10.883424 8.742185 -6.583439 8.283290 -45.482716 -37.241615 -12.831223 -176.562317 -42.642258 177.760971 18.120167 17.897985 14.834973 -5.882101 9.861279 0.702590 -10.936858 -0.360575 7.156196 0.000001 8.774816 -0.000002 -15.461980 17.441154 5.793020 -1.844031 2.498502 -2.507275 -10.163587 4.678940 4.621104 -20.975994 -0.000003 0.000004 -21.226250 2.451694 -3.593993 0.000002 -0.000005 -0.000000 -1.362680 2.240796 -0.746324 -21.334888 0.584910 3.008320 -13.821193 -0.000003 0.000002 -23.887131 -0.249076 -0.839482 -59.976692 2.743321 -1.437091 -0.294024 1.679686 0.833255 -14.218190 0.093215 1.300578 -34.211998 -0.287563 0.967168 -20.033176 0.964534 1.212840 0.000002 0.000000 -0.000001 -3.440387 0.788234 0.501656 -15.928165 -3.167306 2.999703 -6.338816 0.000002 0.000000 -18.123413 3.648177 -4.905662 -0.000004 0.000001 -0.000001 -8.666933 4.695678 12.855686 70.457191 28.749889 -0.322028 176.378723 42.643063 177.910934 -3.461995 -17.038797 -2.884978 2.243540 -5.255033 -3.180154 14.282877 -0.826595 6.952495 -0.000002 -12.690587 0.000001 16.618439 -17.192354 1.505953 1.665665 -1.955918 -2.878294 4.727794 -4.170584 4.993918 11.020514 0.000002 -0.000001 12.109031 -3.735712 -2.866778 0.000000 0.000000 -0.000001 1.291984 -1.928548 -1.498087 14.800111 0.567467 3.865601 14.242554 -1.341734 -6.660649 19.631939 0.143925 -0.648243 49.373085 -1.395414 -6.074678 0.353030 -1.511152 -0.031941 20.222771 3.684305 2.316629 18.787249 0.000005 0.000001 10.751612 -0.479868 1.397905 0.000000 -0.000000 0.000001 3.273805 0.305948 -0.580111 21.486794 11.830361 2.266130 8.162917 0.000001 0.000000 18.399054 -3.798979 -4.940566 0.000003 -0.000000 -0.000002 18.293165 12.109163 -39.482216 -0.949734 -1.154045 47.539021 -22.931581 -18.023312 15.353305 1.741231 -1.823310 -3.912668 -0.000000 -0.000000 0.000001 -26.333544 -31.153826 -12.331744 1.061304 1.401512 54.183125 10.396920 11.332097 -8.905725 -1.484068 0.748204 -2.363186 -0.000000 -0.000000 -0.000002 
18.967812 88.767593 56.186581 -2.616426 23.068987 1.436258 -2.542379 1.390936 7.126872 -1.223784 1.284183 -2.642423 -4.551375 -0.659219 9.193059 -8.922166 8.643579 14.670194 1.606905 4.207083 -3.810624 6.871337 2.768404 -10.647984 0.000077 -0.000024 0.000006 -0.013436 0.131503 -0.048781 0.678102 -3.588976 -10.833700 -0.721309 3.838647 -10.904618 10.110847 -5.750143 8.010711 -48.144478 -42.116444 -4.708378 -176.411316 -42.055111 177.910477 18.026304 16.236799 14.618429 -5.882100 9.861277 0.702591 -10.936857 -0.360575 7.156197 -0.000000 8.774815 -0.000000 -15.329580 17.296062 6.073822 -1.844031 2.498501 -2.507276 -10.163588 4.678938 4.621105 -20.975996 -0.000002 0.000005 -21.226254 2.451692 -3.593995 0.000001 -0.000006 -0.000000 -1.362680 2.240795 -0.746322 -21.334892 0.584908 3.008322 -13.821195 -0.000001 0.000002 -23.887125 -0.249074 -0.839480 -60.315643 2.450956 -1.436652 -0.294024 1.679686 0.833255 -14.218194 0.093213 1.300579 -34.212002 -0.287564 0.967171 -20.033178 0.964534 1.212842 0.000001 0.000000 0.000000 -3.440384 0.788233 0.501654 -15.928165 -3.167307 2.999705 -6.338817 0.000002 0.000002 -18.123415 3.648176 -4.905661 -0.000004 0.000002 -0.000002 -8.543770 7.430157 13.218827 60.338127 28.983999 -10.260828 177.308563 40.471958 178.954330 -3.821774 -17.608023 -1.604497 2.243540 -5.255033 -3.180156 14.282877 -0.826593 6.952494 -0.000004 -12.690592 0.000001 16.880619 -16.968676 1.306987 1.665664 -1.955920 -2.878297 4.727792 -4.170584 4.993918 11.020513 0.000004 -0.000001 12.109035 -3.735709 -2.866780 0.000000 -0.000001 0.000000 1.291984 -1.928548 -1.498089 14.800109 0.567467 3.865602 14.242553 -1.341733 -6.660651 19.631939 0.143927 -0.648244 50.058739 -1.043324 -5.888110 0.353028 -1.511149 -0.031941 20.222769 3.684307 2.316626 18.787245 0.000006 -0.000001 10.751609 -0.479867 1.397904 -0.000000 -0.000000 -0.000002 3.273807 0.305948 -0.580109 21.486792 11.830363 2.266128 8.162916 0.000002 0.000001 18.399052 -3.798978 -4.940567 0.000003 0.000000 -0.000001 16.527412 8.880938 -48.486778 -1.227370 -1.436251 48.621193 -20.464182 -17.383114 16.743372 1.752914 -1.998664 -3.774218 0.000000 0.000000 0.000002 -26.682579 -25.432514 -3.230434 1.049813 2.460903 53.090813 4.600375 6.844522 -13.658023 -1.411600 0.626993 -2.386888 0.000000 0.000000 0.000001 
16.928347 86.849464 56.207733 -2.743034 30.583216 3.785194 -2.774397 1.906660 6.506980 -1.567703 3.055917 -2.622746 -5.152734 1.148109 9.724760 -6.525244 6.959704 13.816739 1.182385 1.070498 -3.834996 8.919771 -1.327145 -10.342994 0.000077 -0.000024 0.000007 -0.001354 -0.001643 -0.070771 0.710685 -3.736875 -10.835495 -0.742855 3.758637 -10.883530 12.244331 -3.246128 7.020073 -48.372116 -45.820389 0.957291 -178.128464 -40.728020 179.547516 15.783019 16.425962 16.549572 -5.882102 9.861279 0.702588 -10.936858 -0.360574 7.156198 0.000001 8.774812 0.000002 -14.874714 16.723602 6.437850 -1.844033 2.498504 -2.507275 -10.163589 4.678941 4.621103 -20.975994 -0.000004 -0.000001 -21.226255 2.451692 -3.593997 0.000001 -0.000006 -0.000000 -1.362680 2.240795 -0.746323 -21.334890 0.584911 3.008318 -13.821198 0.000001 0.000001 -23.887129 -0.249077 -0.839484 -60.364635 1.865744 -1.095850 -0.294026 1.679687 0.833254 -14.218194 0.093215 1.300578 -34.211998 -0.287563 0.967166 -20.033178 0.964535 1.212840 0.000000 -0.000002 -0.000001 -3.440386 0.788233 0.501654 -15.928167 -3.167306 2.999704 -6.338817 -0.000001 0.000000 -18.123415 3.648175 -4.905663 -0.000004 0.000002 -0.000002 -10.174266 11.320336 12.844808 44.317005 26.999577 -24.752619 -178.873840 46.480366 -178.175720 -3.644993 -17.201385 -1.171284 2.243538 -5.255033 -3.180155 14.282877 -0.826594 6.952497 -0.000001 -12.690590 -0.000001 17.108702 -17.361225 1.670318 1.665665 -1.955920 -2.878297 4.727794 -4.170583 4.993920 11.020511 0.000003 -0.000002 12.109032 -3.735710 -2.866780 0.000000 0.000000 0.000001 1.291984 -1.928548 -1.498089 14.800111 0.567468 3.865603 14.242553 -1.341736 -6.660646 19.631937 0.143925 -0.648244 51.617188 -0.507410 -5.810231 0.353028 -1.511149 -0.031940 20.222769 3.684306 2.316628 18.787247 0.000003 0.000001 10.751610 -0.479868 1.397903 0.000002 -0.000000 0.000001 3.273804 0.305947 -0.580111 21.486790 11.830362 2.266132 8.162916 0.000001 0.000000 18.399054 -3.798980 -4.940568 0.000001 0.000000 0.000000 13.963567 6.490077 -54.569843 -1.330709 -1.366050 48.075016 -19.553694 -16.756416 13.452743 1.698378 -2.105194 -1.962270 -0.000000 -0.000000 0.000002 -24.929893 -21.455280 5.487207 0.621446 3.155036 50.779179 5.524866 5.130363 -14.298351 -1.281818 0.469074 -3.058942 0.000000 0.000000 -0.000002 
14.987501 83.921646 55.687500 -1.710499 34.810886 6.304348 -3.062670 2.711354 6.398161 -1.749691 4.904696 -2.679793 -5.606550 3.238921 10.099629 -6.196960 6.722504 13.143843 0.878717 -2.220327 -3.892773 10.415577 -5.278313 -10.256209 0.000077 -0.000025 0.000006 0.008518 -0.044001 -0.090917 0.762389 -3.807103 -10.765620 -0.770066 3.734725 -10.793559 15.726802 1.071162 5.486999 -47.846844 -48.663017 0.698924 179.854568 -40.241264 -178.513885 13.431104 19.181320 24.819979 -5.882102 9.861279 0.702591 -10.936860 -0.360574 7.156196 -0.000000 8.774817 -0.000002 -14.598533 16.910728 6.920724 -1.844032 2.498503 -2.507278 -10.163590 4.678942 4.621104 -20.975998 -0.000003 0.000004 -21.226255 2.451694 -3.593995 0.000001 -0.000006 -0.000000 -1.362679 2.240797 -0.746322 -21.334894 0.584908 3.008320 -13.821195 -0.000003 0.000002 -23.887131 -0.249079 -0.839481 -60.743301 1.639536 -0.532049 -0.294026 1.679686 0.833255 -14.218194 0.093215 1.300579 -34.212002 -0.287562 0.967168 -20.033180 0.964534 1.212840 0.000003 0.000001 0.000000 -3.440385 0.788234 0.501655 -15.928169 -3.167308 2.999704 -6.338817 -0.000001 0.000000 -18.123411 3.648175 -4.905662 -0.000004 -0.000000 -0.000001 -14.679653 16.104469 11.383295 28.498150 20.634031 -38.888817 -170.841614 67.696762 -169.371490 -0.966185 -17.683260 -6.261443 2.243540 -5.255033 -3.180154 14.282877 -0.826591 6.952494 -0.000002 -12.690592 0.000000 17.248936 -17.690638 1.813476 1.665666 -1.955921 -2.878296 4.727794 -4.170585 4.993917 11.020513 0.000003 -0.000002 12.109034 -3.735710 -2.866778 0.000001 0.000000 -0.000001 1.291985 -1.928548 -1.498087 14.800114 0.567468 3.865601 14.242554 -1.341735 -6.660647 19.631939 0.143927 -0.648243 51.096882 -0.245069 -6.090785 0.353028 -1.511149 -0.031941 20.222771 3.684305 2.316626 18.787247 0.000005 -0.000001 10.751611 -0.479867 1.397902 0.000000 -0.000000 0.000002 3.273804 0.305947 -0.580110 21.486792 11.830364 2.266129 8.162917 0.000002 -0.000002 18.399052 -3.798977 -4.940570 0.000004 0.000001 -0.000002 11.965864 6.447176 -60.291977 -1.411554 -1.421743 48.943821 -21.770987 -17.154211 12.143754 1.582304 -2.172862 -0.847586 0.000000 -0.000001 0.000002 -23.761808 -20.216722 10.617635 0.327265 3.662049 48.286114 10.857804 9.130807 -14.517995 -1.350163 0.629676 -7.461883 0.000000 -0.000000 -0.000003 
13.025040 80.822731 54.534485 -0.083292 36.065842 8.149088 -3.330961 3.071659 7.233781 -1.833300 6.513429 -2.611101 -6.125869 5.294669 10.737458 -6.900069 6.911517 12.818624 0.278239 -4.160923 -3.979087 11.308476 -8.184482 -10.388299 0.000076 -0.000023 0.000006 -0.035689 0.026331 -0.114747 0.729073 -3.735091 -10.761042 -0.825987 3.804790 -10.781127 18.911716 5.122628 4.630900 -46.830570 -51.289505 -3.803263 177.633087 -40.887112 -177.169022 11.728221 21.666145 34.503765 -5.882102 9.861280 0.702590 -10.936858 -0.360575 7.156198 0.000001 8.774815 -0.000002 -15.758135 17.590597 6.279420 -1.844031 2.498503 -2.507275 -10.163589 4.678941 4.621104 -20.975994 -0.000004 0.000004 -21.226255 2.451695 -3.593992 -0.000000 -0.000006 0.000000 -1.362680 2.240797 -0.746322 -21.334887 0.584908 3.008322 -13.821197 -0.000003 0.000003 -23.887129 -0.249077 -0.839479 -61.650650 1.822008 -0.658675 -0.294025 1.679687 0.833255 -14.218194 0.093214 1.300580 -34.212002 -0.287562 0.967172 -20.033184 0.964536 1.212843 0.000001 -0.000000 -0.000000 -3.440383 0.788233 0.501656 -15.928167 -3.167307 2.999704 -6.338816 -0.000001 0.000002 -18.123413 3.648178 -4.905660 -0.000004 0.000000 -0.000002 -20.498398 21.194941 9.594398 14.350150 13.094638 -43.609509 -14.800510 76.386932 -8.836583 4.540715 -15.981500 -19.331545 2.243539 -5.255032 -3.180156 14.282875 -0.826592 6.952497 -0.000004 -12.690590 0.000000 16.637453 -16.819424 1.669430 1.665664 -1.955919 -2.878298 4.727793 -4.170582 4.993918 11.020511 0.000004 -0.000000 12.109033 -3.735707 -2.866779 0.000000 -0.000001 -0.000001 1.291984 -1.928549 -1.498087 14.800111 0.567468 3.865604 14.242553 -1.341734 -6.660646 19.631937 0.143927 -0.648241 48.872803 -0.414496 -6.299996 0.353029 -1.511151 -0.031939 20.222771 3.684309 2.316629 18.787245 0.000006 0.000002 10.751608 -0.479867 1.397904 -0.000001 0.000000 -0.000000 3.273804 0.305947 -0.580110 21.486790 11.830368 2.266133 8.162917 0.000002 0.000002 18.399052 -3.798980 -4.940567 0.000003 0.000000 -0.000001 9.719279 7.850270 -65.928696 -1.570635 -1.367526 52.439617 -23.494263 -17.836218 14.287311 1.524256 -2.210356 -0.773372 0.000000 -0.000001 0.000002 -25.117060 -21.156855 11.469799 0.395519 4.058565 48.448742 14.352689 14.406813 -17.332376 -1.553405 0.945756 -15.515289 -0.000000 -0.000000 -0.000002 
11.427267 78.485191 53.161049 1.308157 36.149956 9.047835 -3.472275 3.028239 8.506597 -1.774920 7.270133 -2.291204 -6.762186 6.661333 11.392059 -6.996312 6.395013 12.483452 -0.730215 -5.532845 -3.998155 11.391954 -9.687970 -10.299512 0.000077 -0.000025 0.000007 -0.059513 0.142766 -0.137045 0.631022 -3.655986 -10.860188 -0.775131 3.943434 -10.898943 18.906059 6.818845 4.556813 -45.550476 -54.884247 -9.738268 177.549103 -42.024094 -177.289719 10.371350 20.271147 37.257645 -5.882103 9.861280 0.702590 -10.936858 -0.360573 7.156198 0.000002 8.774815 -0.000001 -16.325987 17.881363 5.550881 -1.844031 2.498503 -2.507276 -10.163589 4.678941 4.621105 -20.975994 -0.000002 0.000003 -21.226254 2.451694 -3.593993 -0.000000 -0.000006 0.000000 -1.362679 2.240797 -0.746323 -21.334887 0.584909 3.008322 -13.821195 -0.000002 0.000003 -23.887125 -0.249076 -0.839481 -62.202736 1.875878 -1.076249 -0.294026 1.679687 0.833255 -14.218192 0.093215 1.300580 -34.211998 -0.287561 0.967171 -20.033178 0.964537 1.212842 0.000000 -0.000000 0.000000 -3.440386 0.788233 0.501656 -15.928167 -3.167306 2.999705 -6.338817 -0.000001 0.000002 -18.123415 3.648178 -4.905661 -0.000004 -0.000000 -0.000002 -25.376520 25.203053 7.559451 1.762349 8.821233 -38.400051 2.550345 39.100140 4.608726 9.530128 -11.886855 -28.122458 2.243540 -5.255033 -3.180155 14.282877 -0.826593 6.952499 -0.000002 -12.690590 -0.000000 15.275128 -16.395443 2.534236 1.665665 -1.955920 -2.878296 4.727795 -4.170584 4.993920 11.020512 0.000003 0.000000 12.109029 -3.735711 -2.866779 0.000000 0.000000 0.000000 1.291984 -1.928548 -1.498088 14.800113 0.567467 3.865606 14.242550 -1.341735 -6.660649 19.631937 0.143925 -0.648243 47.151966 -0.814167 -6.169559 0.353028 -1.511148 -0.031939 20.222767 3.684306 2.316630 18.787245 0.000004 0.000002 10.751612 -0.479869 1.397903 0.000001 0.000000 0.000000 3.273803 0.305947 -0.580110 21.486790 11.830364 2.266133 8.162915 -0.000001 0.000001 18.399050 -3.798980 -4.940566 0.000003 0.000000 -0.000001 7.675235 9.382331 -69.510849 -1.610333 -1.206103 54.616386 -24.445303 -18.264812 16.942509 1.522456 -2.066796 -0.970572 -0.000000 -0.000001 0.000002 -28.257381 -23.651125 9.492312 0.534402 3.958524 54.244118 13.242230 20.325911 -21.553377 -1.609899 1.128072 -16.667702 -0.000000 -0.000000 -0.000003 
10.126006 77.005051 52.131195 1.894573 36.851486 9.173402 -3.788550 2.974083 9.399244 -1.792665 6.990809 -1.844607 -7.355441 6.445575 12.094050 -5.941245 5.365410 11.578336 -0.958664 -6.207240 -3.887595 11.331574 -9.917472 -11.068041 0.000077 -0.000024 0.000007 -0.059361 0.173147 -0.151699 0.619885 -3.649567 -10.915583 -0.757061 3.988270 -10.941657 17.182501 6.144607 4.320058 -45.721497 -58.368923 -11.778814 178.434494 -42.459576 -177.880432 10.692010 17.761911 37.742733 -5.882098 9.861278 0.702591 -10.936858 -0.360575 7.156197 0.000003 8.774814 -0.000001 -16.507420 17.752567 5.577684 -1.844031 2.498502 -2.507276 -10.163591 4.678939 4.621105 -20.975992 -0.000005 0.000004 -21.226254 2.451691 -3.593990 0.000000 -0.000006 -0.000000 -1.362682 2.240796 -0.746323 -21.334887 0.584906 3.008321 -13.821197 -0.000004 0.000003 -23.887133 -0.249079 -0.839478 -62.578632 1.954967 -0.983453 -0.294024 1.679686 0.833255 -14.218195 0.093213 1.300580 -34.212002 -0.287566 0.967173 -20.033178 0.964534 1.212844 0.000001 0.000000 0.000000 -3.440384 0.788232 0.501655 -15.928165 -3.167308 2.999704 -6.338816 -0.000002 0.000002 -18.123413 3.648175 -4.905659 -0.000004 -0.000000 -0.000002 -27.028790 25.522932 6.400434 -0.713688 6.280498 -36.641388 6.236337 31.581861 4.238273 12.997842 -11.098825 -28.195423 2.243541 -5.255033 -3.180156 14.282873 -0.826592 6.952495 -0.000002 -12.690588 0.000001 14.943339 -16.480997 2.805941 1.665666 -1.955919 -2.878298 4.727793 -4.170583 4.993919 11.020512 0.000005 -0.000003 12.109028 -3.735709 -2.866781 0.000000 -0.000001 -0.000000 1.291984 -1.928547 -1.498088 14.800107 0.567469 3.865600 14.242554 -1.341732 -6.660652 19.631929 0.143927 -0.648245 47.435802 -0.773800 -6.124773 0.353028 -1.511150 -0.031940 20.222765 3.684308 2.316625 18.787243 0.000004 -0.000003 10.751609 -0.479866 1.397903 0.000000 0.000001 0.000001 3.273804 0.305947 -0.580111 21.486786 11.830363 2.266128 8.162915 0.000002 -0.000001 18.399050 -3.798978 -4.940569 0.000003 -0.000001 -0.000002 6.295637 10.294674 -71.670837 -1.584122 -1.025767 55.361938 -25.145189 -18.800278 19.906773 1.530154 -1.862699 -0.561953 0.000000 -0.000001 0.000002 -30.336899 -26.212717 7.599914 0.777907 3.716511 60.911186 10.824368 23.321669 -25.038954 -1.578432 1.079116 -16.030924 0.000000 0.000000 -0.000002 
8.865371 76.289436 51.515163 0.989298 37.857441 8.099936 -4.089299 2.702623 9.673572 -1.910953 6.033858 -1.664263 -7.618206 5.299840 12.584452 -3.654459 4.039345 11.351891 -0.822203 -6.071060 -3.894326 10.894749 -9.433169 -11.768004 0.000077 -0.000025 0.000006 -0.033900 0.119530 -0.110049 0.659280 -3.679916 -10.917276 -0.756642 3.922431 -10.924789 15.449428 3.405785 4.091085 -46.415840 -59.543770 -11.781240 179.439087 -43.503719 -178.065140 12.047688 15.401281 37.219044 -5.882102 9.861278 0.702589 -10.936858 -0.360575 7.156198 -0.000001 8.774812 -0.000002 -16.535957 17.272442 5.519787 -1.844033 2.498502 -2.507276 -10.163588 4.678937 4.621105 -20.975992 -0.000005 0.000004 -21.226248 2.451691 -3.593991 0.000000 -0.000006 -0.000001 -1.362679 2.240796 -0.746323 -21.334892 0.584907 3.008322 -13.821195 -0.000004 0.000004 -23.887125 -0.249078 -0.839478 -62.079990 1.950207 -0.946565 -0.294025 1.679686 0.833255 -14.218190 0.093213 1.300580 -34.212002 -0.287565 0.967173 -20.033178 0.964535 1.212844 0.000000 0.000000 -0.000000 -3.440386 0.788232 0.501655 -15.928165 -3.167307 2.999705 -6.338817 -0.000002 0.000002 -18.123413 3.648175 -4.905659 -0.000004 -0.000000 -0.000002 -24.428173 22.553301 6.937034 2.541894 6.276310 -38.539722 4.430532 45.461937 4.754218 13.750475 -11.179460 -28.828840 2.243540 -5.255032 -3.180155 14.282873 -0.826593 6.952495 -0.000002 -12.690588 -0.000000 15.678774 -16.835772 2.014266 1.665665 -1.955918 -2.878296 4.727794 -4.170585 4.993918 11.020510 0.000005 -0.000002 12.109034 -3.735708 -2.866780 0.000001 -0.000000 -0.000000 1.291985 -1.928547 -1.498088 14.800113 0.567468 3.865603 14.242551 -1.341735 -6.660649 19.631937 0.143928 -0.648243 48.496861 -0.600901 -6.283489 0.353029 -1.511148 -0.031940 20.222765 3.684305 2.316627 18.787243 0.000005 -0.000001 10.751610 -0.479866 1.397905 0.000000 0.000000 0.000001 3.273804 0.305947 -0.580110 21.486788 11.830361 2.266130 8.162916 0.000001 -0.000003 18.399052 -3.798980 -4.940568 0.000003 0.000000 0.000000 6.456232 10.984921 -72.418045 -1.456571 -0.860659 54.866348 -25.879805 -19.513859 22.644156 1.514266 -1.739583 -0.483123 0.000000 -0.000001 0.000002 -30.016949 -27.818331 6.531198 0.898511 3.416974 65.368614 9.437396 23.218559 -27.083712 -1.566231 1.033299 -15.820322 0.000000 0.000000 -0.000001 
7.270498 76.288536 50.625919 -0.297684 38.363129 6.396592 -4.520706 2.297307 9.571233 -2.103042 4.802210 -1.664364 -7.795539 3.822609 12.699489 -1.563174 3.102179 11.703208 -0.572428 -5.376299 -3.910273 10.246874 -8.552996 -11.988884 0.000076 -0.000022 0.000006 -0.011514 0.033402 -0.090883 0.685361 -3.737329 -10.983777 -0.744234 3.827982 -10.982922 14.069210 -0.333494 4.374870 -45.910759 -58.416679 -12.290914 -179.640900 -44.898808 -178.440460 13.777629 13.098735 34.992184 -5.882099 9.861279 0.702590 -10.936856 -0.360574 7.156196 -0.000001 8.774814 -0.000001 -16.211082 16.911627 5.608418 -1.844030 2.498503 -2.507276 -10.163588 4.678941 4.621104 -20.975990 -0.000002 0.000000 -21.226248 2.451693 -3.593995 0.000000 -0.000006 0.000000 -1.362682 2.240796 -0.746323 -21.334892 0.584911 3.008318 -13.821197 -0.000002 0.000001 -23.887125 -0.249077 -0.839484 -61.232136 1.923455 -0.904984 -0.294026 1.679686 0.833256 -14.218192 0.093217 1.300578 -34.211998 -0.287561 0.967166 -20.033175 0.964536 1.212839 0.000000 0.000000 -0.000000 -3.440386 0.788233 0.501655 -15.928164 -3.167305 2.999702 -6.338815 -0.000000 0.000001 -18.123411 3.648177 -4.905663 -0.000004 -0.000000 -0.000002 -19.899759 18.293299 8.007782 9.435168 8.974022 -40.767982 0.327100 67.404999 2.200631 11.393427 -12.445565 -25.263056 2.243540 -5.255030 -3.180155 14.282877 -0.826594 6.952495 -0.000003 -12.690590 0.000001 16.432640 -17.256327 1.447562 1.665667 -1.955917 -2.878296 4.727795 -4.170585 4.993918 11.020513 0.000004 -0.000003 12.109035 -3.735709 -2.866781 0.000003 0.000000 -0.000001 1.291984 -1.928547 -1.498088 14.800117 0.567469 3.865602 14.242556 -1.341735 -6.660646 19.631941 0.143926 -0.648242 49.294086 -0.601574 -6.307107 0.353029 -1.511150 -0.031940 20.222771 3.684305 2.316625 18.787247 0.000005 -0.000000 10.751613 -0.479868 1.397904 0.000001 -0.000000 0.000001 3.273805 0.305948 -0.580110 21.486792 11.830361 2.266130 8.162916 0.000001 -0.000001 18.399055 -3.798976 -4.940570 0.000003 0.000000 -0.000001 7.570508 11.318886 -71.299934 -1.342597 -0.802300 52.071758 -26.559769 -19.143774 25.286957 1.497397 -1.647604 -0.442681 -0.000000 -0.000001 0.000002 -28.376091 -28.032219 6.285282 0.930628 3.160484 66.744637 9.637373 21.968231 -27.880901 -1.564746 0.989875 -15.462131 0.000000 -0.000000 -0.000002 
6.023605 76.716423 50.036041 -0.973983 37.783485 4.865767 -5.000760 1.842334 9.148696 -2.348688 3.740874 -1.782776 -8.043530 2.189798 12.510682 -0.748221 2.815586 12.464776 -0.271185 -4.300092 -3.979227 9.496950 -7.299432 -11.906774 0.000078 -0.000022 0.000006 0.010583 -0.043482 -0.118700 0.726958 -3.827178 -11.069389 -0.732143 3.734661 -11.051638 12.980744 -3.468628 5.034050 -44.937862 -55.803188 -13.135396 -178.990631 -46.019875 -179.135284 14.430852 11.152360 31.697809 -5.882100 9.861278 0.702590 -10.936857 -0.360574 7.156197 -0.000000 8.774812 -0.000001 -16.076941 16.704494 5.609354 -1.844032 2.498502 -2.507276 -10.163589 4.678942 4.621105 -20.975992 -0.000003 0.000003 -21.226254 2.451693 -3.593995 0.000000 -0.000006 0.000001 -1.362681 2.240797 -0.746324 -21.334887 0.584910 3.008320 -13.821197 -0.000001 0.000002 -23.887129 -0.249077 -0.839483 -60.647480 1.902452 -0.768730 -0.294023 1.679685 0.833256 -14.218194 0.093216 1.300580 -34.212006 -0.287562 0.967167 -20.033178 0.964534 1.212839 -0.000000 -0.000000 0.000001 -3.440386 0.788234 0.501655 -15.928167 -3.167305 2.999704 -6.338818 -0.000000 0.000001 -18.123415 3.648178 -4.905663 -0.000004 -0.000000 -0.000002 -15.391817 13.961530 9.243240 18.504166 13.673120 -40.127769 -72.051331 88.348495 -71.701347 6.444920 -14.158774 -17.134718 2.243539 -5.255034 -3.180155 14.282875 -0.826594 6.952495 -0.000004 -12.690590 0.000001 17.111294 -17.535120 1.323500 1.665665 -1.955920 -2.878297 4.727793 -4.170583 4.993917 11.020509 0.000005 -0.000001 12.109030 -3.735708 -2.866780 0.000001 -0.000001 0.000001 1.291985 -1.928546 -1.498088 14.800111 0.567468 3.865603 14.242551 -1.341733 -6.660649 19.631939 0.143928 -0.648242 49.932590 -0.681931 -6.333284 0.353030 -1.511148 -0.031939 20.222769 3.684304 2.316624 18.787245 0.000007 0.000000 10.751611 -0.479866 1.397904 -0.000001 0.000000 0.000001 3.273804 0.305946 -0.580111 21.486790 11.830362 2.266131 8.162917 0.000002 -0.000002 18.399052 -3.798979 -4.940568 0.000002 -0.000001 -0.000001 9.186895 11.296668 -68.893867 -1.266337 -0.888811 49.125008 -26.896719 -17.855967 26.412834 1.507348 -1.655694 -0.357384 -0.000000 -0.000002 0.000002 -26.406988 -26.869593 6.594428 0.884769 2.993543 65.202042 10.847825 20.633692 -28.535839 -1.568092 0.995351 -15.006930 -0.000000 -0.000000 -0.000001 
4.895103 77.462921 49.214417 -0.930916 35.902275 3.672454 -5.309301 1.365850 8.405210 -2.562472 2.946270 -1.960322 -8.251119 0.704666 12.063655 -1.449147 3.236258 13.425558 0.197004 -2.946426 -4.055908 8.579122 -5.684899 -11.766866 0.000076 -0.000021 0.000007 0.010361 -0.065705 -0.106879 0.729360 -3.848864 -11.083670 -0.733211 3.733968 -11.059664 11.908649 -5.495865 5.727425 -44.564953 -52.081081 -13.548112 -178.702484 -46.598721 -179.578842 13.873482 10.193762 28.558077 -5.882102 9.861279 0.702590 -10.936860 -0.360573 7.156197 0.000001 8.774816 0.000000 -16.213047 16.659819 5.433809 -1.844030 2.498502 -2.507275 -10.163589 4.678941 4.621104 -20.975996 -0.000002 0.000001 -21.226254 2.451694 -3.593995 -0.000000 -0.000006 0.000001 -1.362680 2.240797 -0.746323 -21.334890 0.584910 3.008318 -13.821198 -0.000002 0.000001 -23.887131 -0.249078 -0.839485 -60.347633 1.845976 -0.604335 -0.294025 1.679686 0.833256 -14.218190 0.093216 1.300579 -34.212006 -0.287563 0.967167 -20.033180 0.964534 1.212840 0.000001 0.000001 0.000000 -3.440385 0.788233 0.501655 -15.928167 -3.167306 2.999703 -6.338818 0.000000 0.000001 -18.123415 3.648178 -4.905662 -0.000004 -0.000000 -0.000003 -11.737616 9.924677 10.453587 28.633350 19.567015 -34.917618 -173.766983 72.183540 -174.699692 1.238166 -14.824638 -8.393414 2.243539 -5.255037 -3.180154 14.282875 -0.826590 6.952494 -0.000005 -12.690593 -0.000002 17.219053 -17.388926 1.457929 1.665664 -1.955920 -2.878298 4.727792 -4.170586 4.993917 11.020512 0.000006 -0.000002 12.109031 -3.735709 -2.866780 -0.000001 -0.000002 0.000000 1.291985 -1.928547 -1.498088 14.800113 0.567470 3.865602 14.242553 -1.341733 -6.660648 19.631937 0.143931 -0.648243 50.294682 -0.786823 -6.340443 0.353028 -1.511150 -0.031938 20.222769 3.684309 2.316626 18.787245 0.000007 0.000001 10.751610 -0.479866 1.397903 -0.000003 0.000001 -0.000000 3.273804 0.305947 -0.580111 21.486790 11.830369 2.266133 8.162915 0.000003 -0.000001 18.399052 -3.798977 -4.940568 0.000003 -0.000000 -0.000000 11.231667 10.864820 -65.116951 -1.252994 -1.105784 45.167809 -26.741568 -15.399035 26.170969 1.526933 -1.703624 -0.110005 -0.000000 0.000000 0.000002 -24.589550 -24.640848 7.054685 0.778993 3.019985 61.549248 12.596693 19.180428 -29.847252 -1.566440 1.032959 -13.961973 -0.000000 -0.000000 -0.000001 
3.863003 78.566055 48.102562 -0.464797 32.388512 2.682753 -5.278071 0.947843 7.454911 -2.637709 2.381418 -2.172678 -8.176594 -0.442931 11.456979 -3.517709 4.480328 14.153012 0.767348 -1.334283 -4.117313 7.442598 -3.542976 -11.595062 0.000076 -0.000021 0.000006 -0.014340 -0.025290 -0.081589 0.686784 -3.804244 -11.036174 -0.726468 3.738971 -10.987284 10.405610 -6.362028 6.486679 -44.972225 -47.575554 -13.951853 -178.496216 -46.343410 -179.857697 13.048826 9.909450 26.650549 -5.882102 9.861278 0.702587 -10.936861 -0.360575 7.156196 -0.000000 8.774812 -0.000002 -16.393829 16.540012 5.267586 -1.844031 2.498501 -2.507277 -10.163589 4.678939 4.621103 -20.975996 -0.000003 0.000003 -21.226255 2.451694 -3.593992 0.000000 -0.000007 -0.000001 -1.362679 2.240796 -0.746322 -21.334892 0.584911 3.008322 -13.821197 -0.000001 0.000001 -23.887133 -0.249077 -0.839483 -60.164860 1.776570 -0.556076 -0.294026 1.679687 0.833256 -14.218194 0.093215 1.300578 -34.212006 -0.287562 0.967170 -20.033180 0.964535 1.212840 -0.000000 -0.000001 0.000001 -3.440386 0.788231 0.501654 -15.928169 -3.167306 2.999703 -6.338820 0.000000 0.000002 -18.123415 3.648176 -4.905662 -0.000004 0.000001 -0.000003 -9.018890 6.986282 11.516982 39.302113 25.287750 -26.475170 -178.776184 59.345726 -179.013641 -2.706577 -14.536622 -2.009174 2.243538 -5.255031 -3.180154 14.282877 -0.826594 6.952497 -0.000003 -12.690587 0.000003 16.866627 -17.038626 1.666482 1.665664 -1.955919 -2.878298 4.727793 -4.170584 4.993919 11.020512 0.000003 0.000000 12.109030 -3.735709 -2.866778 0.000001 -0.000000 0.000001 1.291984 -1.928547 -1.498088 14.800114 0.567466 3.865606 14.242551 -1.341736 -6.660646 19.631939 0.143922 -0.648244 50.302872 -0.834479 -6.350216 0.353029 -1.511147 -0.031941 20.222769 3.684305 2.316630 18.787247 0.000001 0.000004 10.751611 -0.479869 1.397905 -0.000000 -0.000000 -0.000001 3.273804 0.305945 -0.580110 21.486790 11.830362 2.266133 8.162917 0.000001 0.000000 18.399050 -3.798980 -4.940562 0.000002 0.000001 -0.000002 13.716503 10.466545 -59.980190 -1.205794 -1.425588 40.144615 -25.939993 -11.816465 25.356577 1.570779 -1.752219 -0.005118 0.000000 -0.000000 0.000002 -23.180332 -21.570345 7.033883 0.625913 3.146222 56.959835 14.428779 17.277821 -31.889210 -1.550884 1.085040 -11.884185 0.000000 0.000000 -0.000001 
2.886732 80.125938 46.714756 0.272913 27.091105 1.854710 -4.940151 0.694068 6.543931 -2.536309 2.226285 -2.345515 -7.737795 -1.033527 10.808941 -6.521917 6.413848 14.240748 1.328846 0.618468 -4.098264 6.068988 -1.099931 -11.463260 0.000076 -0.000022 0.000005 -0.053193 0.110307 -0.056848 0.618801 -3.655971 -10.933077 -0.735694 3.855364 -10.878725 8.608632 -5.874285 6.993182 -46.041603 -42.888622 -14.792738 -178.359863 -45.429417 -179.825653 12.581273 9.777023 25.709343 -5.882102 9.861278 0.702590 -10.936860 -0.360575 7.156199 -0.000000 8.774812 -0.000001 -16.684366 16.306156 5.201072 -1.844031 2.498501 -2.507275 -10.163589 4.678938 4.621106 -20.975996 -0.000003 0.000004 -21.226254 2.451694 -3.593992 -0.000000 -0.000008 0.000000 -1.362679 2.240796 -0.746322 -21.334887 0.584908 3.008321 -13.821198 -0.000002 0.000004 -23.887131 -0.249077 -0.839478 -60.164497 1.804446 -0.553512 -0.294025 1.679686 0.833255 -14.218194 0.093215 1.300580 -34.212006 -0.287562 0.967172 -20.033180 0.964536 1.212842 -0.000000 0.000000 0.000000 -3.440386 0.788233 0.501656 -15.928169 -3.167308 2.999707 -6.338818 -0.000002 0.000003 -18.123411 3.648174 -4.905660 -0.000004 0.000001 -0.000002 -7.305077 6.367796 12.040486 48.345066 30.077515 -17.931408 177.903809 52.856167 179.142776 -5.217331 -14.009412 1.860361 2.243541 -5.255030 -3.180154 14.282877 -0.826595 6.952495 -0.000003 -12.690585 0.000002 16.495895 -16.633850 1.895750 1.665664 -1.955919 -2.878297 4.727794 -4.170582 4.993920 11.020510 0.000003 -0.000001 12.109030 -3.735707 -2.866778 0.000000 0.000000 0.000000 1.291982 -1.928547 -1.498087 14.800113 0.567468 3.865604 14.242551 -1.341735 -6.660645 19.631939 0.143924 -0.648240 50.002270 -0.852041 -6.124172 0.353030 -1.511148 -0.031941 20.222767 3.684305 2.316630 18.787245 0.000002 0.000002 10.751611 -0.479869 1.397905 0.000000 -0.000000 -0.000000 3.273804 0.305948 -0.580109 21.486790 11.830360 2.266131 8.162918 0.000002 -0.000001 18.399055 -3.798980 -4.940566 0.000003 0.000001 -0.000001 16.757650 10.153369 -53.638733 -1.217788 -1.902868 34.295101 -24.466339 -6.910110 25.747189 1.666800 -1.897355 -0.097668 0.000000 -0.000001 0.000002 -22.606123 -17.946379 5.972970 0.440125 3.083687 52.558487 16.048197 15.703287 -33.697361 -1.518441 1.115533 -8.822721 0.000000 0.000000 -0.000002 
2.156343 81.973274 45.141880 0.990432 20.950422 1.142104 -4.231081 0.719063 5.989226 -2.287826 2.108093 -2.432037 -6.778360 -0.952517 10.060799 -9.994451 8.591856 13.949856 1.544206 2.676224 -3.974711 5.201653 1.362929 -11.413960 0.000076 -0.000020 0.000007 -0.075989 0.232988 -0.046184 0.592922 -3.507699 -10.862043 -0.761046 3.968534 -10.808356 6.932950 -4.676178 7.550709 -46.961662 -38.818184 -17.246527 -177.732193 -44.350391 179.800232 12.482760 9.723270 24.628733 -5.882102 9.861278 0.702589 -10.936859 -0.360573 7.156197 -0.000002 8.774814 0.000000 -16.588072 16.232819 5.443524 -1.844031 2.498504 -2.507273 -10.163591 4.678942 4.621105 -20.975994 -0.000005 0.000002 -21.226255 2.451690 -3.593995 0.000000 -0.000007 0.000000 -1.362682 2.240798 -0.746325 -21.334887 0.584908 3.008318 -13.821197 -0.000004 0.000000 -23.887131 -0.249081 -0.839483 -60.596302 1.834390 -0.479952 -0.294023 1.679687 0.833255 -14.218190 0.093214 1.300577 -34.212002 -0.287566 0.967169 -20.033180 0.964534 1.212841 0.000000 -0.000000 0.000000 -3.440385 0.788231 0.501654 -15.928167 -3.167306 2.999703 -6.338819 0.000000 0.000001 -18.123415 3.648175 -4.905662 -0.000004 -0.000001 -0.000003 -6.917685 7.681075 11.580610 54.437534 34.476273 -10.965054 176.481201 51.503742 178.204605 -6.614382 -12.975981 5.203775 2.243539 -5.255031 -3.180155 14.282875 -0.826591 6.952496 -0.000004 -12.690592 -0.000000 16.395985 -16.559338 1.890037 1.665665 -1.955920 -2.878296 4.727793 -4.170584 4.993918 11.020510 0.000004 -0.000001 12.109030 -3.735709 -2.866776 -0.000000 0.000000 0.000000 1.291983 -1.928548 -1.498087 14.800114 0.567470 3.865601 14.242553 -1.341734 -6.660646 19.631939 0.143928 -0.648242 49.453373 -0.835630 -6.141356 0.353029 -1.511150 -0.031940 20.222767 3.684308 2.316625 18.787243 0.000006 -0.000001 10.751609 -0.479867 1.397904 0.000000 -0.000000 -0.000000 3.273804 0.305947 -0.580110 21.486790 11.830366 2.266129 8.162916 0.000003 0.000000 18.399048 -3.798977 -4.940566 0.000002 0.000000 -0.000001 19.454514 9.403814 -47.908092 -1.089258 -2.322070 29.835108 -21.104420 -1.708135 26.924458 1.729494 -1.989543 -0.611887 0.000000 -0.000000 0.000002 -22.911394 -14.559584 3.986715 0.364005 2.685194 48.966763 17.378872 14.735753 -33.984142 -1.488611 1.121683 -5.801965 0.000000 0.000000 -0.000001 
1.600660 84.036514 43.601341 2.161162 15.444509 0.768151 -3.677943 0.891402 5.744489 -2.018080 2.286521 -2.417824 -6.045173 -0.597099 9.583942 -12.342431 10.257003 13.716225 1.710590 4.191437 -3.940975 4.085712 3.502182 -11.074986 0.000076 -0.000020 0.000006 -0.066647 0.242993 -0.043394 0.610814 -3.474253 -10.799624 -0.758577 3.966239 -10.754855 5.738787 -3.468406 7.748221 -47.198627 -35.990067 -19.778061 -177.431534 -43.846588 179.615128 12.223807 9.452050 22.546883 -5.882100 9.861279 0.702589 -10.936858 -0.360574 7.156197 -0.000000 8.774812 -0.000001 -16.903357 16.497091 5.514193 -1.844033 2.498503 -2.507275 -10.163589 4.678940 4.621100 -20.975994 -0.000001 0.000000 -21.226255 2.451696 -3.593995 -0.000000 -0.000009 0.000001 -1.362679 2.240795 -0.746322 -21.334887 0.584910 3.008318 -13.821194 0.000000 0.000001 -23.887129 -0.249077 -0.839484 -61.053917 1.856395 -0.598068 -0.294025 1.679687 0.833255 -14.218190 0.093217 1.300581 -34.211998 -0.287564 0.967167 -20.033176 0.964533 1.212841 0.000000 -0.000000 0.000001 -3.440383 0.788232 0.501653 -15.928167 -3.167305 2.999703 -6.338818 0.000000 0.000002 -18.123415 3.648181 -4.905662 -0.000004 -0.000000 -0.000003 -7.430834 9.901776 10.496782 56.831177 38.704567 -7.250135 176.866119 52.121471 178.277893 -7.301002 -12.299294 7.305133 2.243542 -5.255032 -3.180153 14.282878 -0.826594 6.952496 -0.000003 -12.690588 0.000001 16.476427 -16.613544 1.914141 1.665665 -1.955919 -2.878295 4.727794 -4.170583 4.993917 11.020511 0.000003 -0.000001 12.109032 -3.735708 -2.866779 -0.000000 0.000000 0.000000 1.291983 -1.928547 -1.498087 14.800111 0.567469 3.865602 14.242553 -1.341734 -6.660650 19.631939 0.143927 -0.648244 49.238289 -0.974804 -6.210630 0.353027 -1.511150 -0.031941 20.222769 3.684307 2.316627 18.787245 0.000005 0.000001 10.751610 -0.479868 1.397904 -0.000000 -0.000000 -0.000001 3.273803 0.305947 -0.580112 21.486792 11.830365 2.266129 8.162916 0.000002 -0.000001 18.399048 -3.798977 -4.940566 0.000003 0.000000 -0.000001 20.085108 8.758762 -44.858776 -1.042066 -2.562019 30.030247 -16.772902 -0.577229 26.896437 1.762386 -2.104186 -1.177779 -0.000000 -0.000001 0.000002 -24.341513 -12.428055 1.880523 0.295631 2.269412 45.515858 18.134613 14.717880 -32.800388 -1.475837 1.035554 -3.964849 0.000000 -0.000000 -0.000001 
1.216383 86.083054 42.452999 3.587078 11.246190 0.638507 -3.301035 1.079424 5.669773 -1.770996 2.684800 -2.331449 -5.660447 -0.215859 9.125476 -13.652951 11.517002 13.979905 1.617082 5.073656 -3.910696 3.327706 4.646900 -10.634848 0.000077 -0.000022 0.000005 -0.045023 0.183950 -0.062921 0.664082 -3.520052 -10.780867 -0.770132 3.881001 -10.751986 4.775512 -2.495074 7.888541 -46.359104 -34.466900 -22.134890 -177.211014 -43.938995 179.206802 12.037785 9.152511 21.000120 -5.882100 9.861277 0.702591 -10.936861 -0.360575 7.156197 0.000002 8.774811 -0.000000 -16.914391 16.625843 5.429526 -1.844032 2.498502 -2.507277 -10.163592 4.678941 4.621105 -20.975998 -0.000001 0.000002 -21.226257 2.451694 -3.593994 -0.000000 -0.000007 0.000000 -1.362679 2.240796 -0.746322 -21.334898 0.584910 3.008319 -13.821197 -0.000003 0.000001 -23.887131 -0.249078 -0.839481 -60.905941 1.786389 -0.630081 -0.294025 1.679687 0.833255 -14.218195 0.093215 1.300575 -34.212006 -0.287560 0.967167 -20.033180 0.964536 1.212841 0.000000 0.000002 0.000000 -3.440387 0.788233 0.501657 -15.928169 -3.167305 2.999703 -6.338819 0.000000 0.000001 -18.123415 3.648177 -4.905663 -0.000004 -0.000000 -0.000003 -8.305038 11.944855 9.125868 56.096607 42.613941 -6.357186 177.955017 53.176136 178.778488 -7.424897 -11.582868 7.466570 2.243540 -5.255033 -3.180154 14.282875 -0.826593 6.952496 -0.000002 -12.690591 -0.000001 16.579918 -16.614258 1.870552 1.665665 -1.955920 -2.878298 4.727794 -4.170585 4.993918 11.020511 0.000002 -0.000003 12.109031 -3.735710 -2.866779 0.000000 0.000000 0.000002 1.291983 -1.928547 -1.498089 14.800113 0.567467 3.865604 14.242551 -1.341734 -6.660648 19.631937 0.143927 -0.648240 49.286991 -1.111284 -6.236152 0.353029 -1.511147 -0.031940 20.222769 3.684307 2.316629 18.787245 0.000006 0.000000 10.751610 -0.479867 1.397904 0.000000 -0.000000 0.000001 3.273806 0.305947 -0.580109 21.486792 11.830368 2.266129 8.162916 0.000002 0.000000 18.399052 -3.798979 -4.940568 0.000003 0.000000 -0.000001 18.234974 9.417102 -44.533936 -1.162188 -2.381111 35.441620 -16.934517 -3.250742 24.983326 1.783109 -2.173801 -1.764987 0.000000 -0.000000 0.000001 -26.011301 -11.331401 0.765722 0.199795 1.882978 41.520950 18.694014 14.646791 -30.264942 -1.463406 0.905557 -3.460969 0.000000 -0.000000 -0.000001 
0.961855 87.955734 41.715622 4.824356 7.938151 0.621132 -2.933360 1.287043 5.551328 -1.520451 3.019721 -2.390602 -5.342337 0.367097 8.638114 -14.615640 12.506612 14.592905 1.559723 5.656279 -3.876593 2.735014 5.064436 -10.017876 0.000077 -0.000021 0.000006 -0.053875 0.187109 -0.052509 0.684078 -3.534175 -10.748382 -0.795800 3.868622 -10.748703 3.777389 -1.770640 8.165566 -45.062969 -33.439743 -23.852221 -177.133514 -44.436100 178.976837 11.943625 9.029507 19.432013 -5.882102 9.861277 0.702589 -10.936858 -0.360575 7.156196 -0.000000 8.774812 -0.000001 -16.766119 16.732204 5.347053 -1.844031 2.498501 -2.507277 -10.163589 4.678939 4.621106 -20.975998 -0.000000 0.000003 -21.226255 2.451694 -3.593994 0.000000 -0.000006 0.000000 -1.362681 2.240797 -0.746323 -21.334892 0.584910 3.008322 -13.821197 -0.000002 0.000003 -23.887133 -0.249077 -0.839480 -60.356590 1.856934 -0.776091 -0.294023 1.679688 0.833256 -14.218194 0.093215 1.300579 -34.212013 -0.287561 0.967175 -20.033178 0.964538 1.212843 0.000000 0.000002 -0.000000 -3.440385 0.788232 0.501656 -15.928169 -3.167306 2.999704 -6.338817 0.000000 0.000002 -18.123415 3.648176 -4.905661 -0.000004 0.000001 -0.000002 -9.052125 13.413149 8.192332 54.136780 45.807049 -6.785006 178.707703 54.208485 179.223724 -7.242453 -10.835254 6.666044 2.243543 -5.255033 -3.180156 14.282877 -0.826592 6.952496 -0.000003 -12.690590 0.000001 16.519573 -16.641558 1.830158 1.665665 -1.955921 -2.878297 4.727796 -4.170582 4.993920 11.020514 0.000002 -0.000002 12.109032 -3.735709 -2.866780 0.000000 -0.000000 0.000000 1.291983 -1.928548 -1.498088 14.800113 0.567468 3.865604 14.242553 -1.341733 -6.660649 19.631939 0.143928 -0.648244 49.439522 -1.067537 -6.239201 0.353030 -1.511149 -0.031939 20.222771 3.684305 2.316628 18.787245 0.000004 0.000001 10.751610 -0.479868 1.397903 0.000000 -0.000000 0.000001 3.273805 0.305947 -0.580110 21.486790 11.830360 2.266132 8.162917 0.000002 -0.000001 18.399054 -3.798978 -4.940567 0.000003 0.000000 -0.000002 15.675364 10.418304 -44.317688 -1.260093 -2.044415 41.337212 -22.152344 -7.223965 22.674778 1.794485 -2.174610 -2.324363 0.000000 0.000000 0.000002 -27.338993 -10.716141 0.411607 0.155635 1.680578 37.125275 18.843723 14.468349 -27.377676 -1.462926 0.837008 -3.171107 0.000000 0.000000 -0.000001 
0.897093 89.464859 41.494770 5.589634 5.270705 0.870044 -2.500171 1.405977 5.189566 -1.272261 3.259245 -2.598478 -4.914584 0.982476 8.051109 -15.397449 13.389359 15.237813 1.601177 5.910067 -3.833597 2.271292 5.297112 -9.261619 0.000077 -0.000022 0.000006 -0.051531 0.165287 -0.033106 0.685752 -3.546616 -10.705204 -0.791281 3.859316 -10.737492 3.113692 -1.099618 8.262269 -44.227253 -32.278816 -24.567741 -177.316986 -44.897865 178.897049 11.955812 9.134671 18.068268 -5.882100 9.861279 0.702590 -10.936859 -0.360574 7.156196 -0.000000 8.774814 -0.000001 -16.570700 16.843702 5.376345 -1.844032 2.498504 -2.507276 -10.163589 4.678942 4.621106 -20.976000 -0.000002 0.000003 -21.226254 2.451694 -3.593997 -0.000000 -0.000008 -0.000000 -1.362680 2.240799 -0.746323 -21.334890 0.584908 3.008319 -13.821197 -0.000002 0.000001 -23.887131 -0.249076 -0.839481 -60.009480 2.003420 -0.909644 -0.294025 1.679685 0.833254 -14.218190 0.093214 1.300578 -34.212002 -0.287562 0.967167 -20.033180 0.964534 1.212840 -0.000000 -0.000000 -0.000000 -3.440387 0.788234 0.501654 -15.928169 -3.167304 2.999704 -6.338817 0.000000 0.000000 -18.123417 3.648176 -4.905663 -0.000004 -0.000001 -0.000002 -9.724353 14.501328 7.477379 52.634869 48.021294 -7.195320 179.078476 55.029369 179.512650 -7.316236 -10.341845 5.704930 2.243540 -5.255033 -3.180157 14.282875 -0.826592 6.952495 -0.000004 -12.690593 -0.000000 16.489107 -16.665945 1.868556 1.665663 -1.955921 -2.878297 4.727794 -4.170583 4.993918 11.020512 0.000003 -0.000001 12.109029 -3.735710 -2.866780 0.000000 -0.000000 0.000001 1.291987 -1.928548 -1.498087 14.800107 0.567468 3.865603 14.242553 -1.341735 -6.660648 19.631937 0.143926 -0.648244 49.642498 -0.973680 -6.066487 0.353028 -1.511149 -0.031940 20.222767 3.684308 2.316628 18.787243 0.000005 -0.000002 10.751609 -0.479867 1.397905 0.000000 0.000000 -0.000001 3.273802 0.305947 -0.580110 21.486788 11.830363 2.266131 8.162915 0.000002 0.000000 18.399050 -3.798979 -4.940566 0.000003 0.000000 -0.000002 13.729282 10.786150 -43.098839 -1.248947 -1.803486 44.395851 -27.280535 -10.647255 21.547207 1.803148 -2.185181 -3.069353 0.000000 0.000000 0.000002 -28.171701 -10.499834 0.519600 0.147025 1.601651 32.615116 19.243692 14.060075 -24.484426 -1.460019 0.811521 -3.017805 0.000000 0.000000 -0.000001 
0.923909 90.499863 41.635429 5.708411 3.001459 1.337595 -1.931987 1.423308 4.618743 -1.035032 3.438179 -2.860397 -4.280627 1.560087 7.373874 -16.058937 14.071503 15.673461 1.692999 6.084085 -3.820627 1.936848 5.622575 -8.507356 0.000076 -0.000021 0.000007 -0.036908 0.108990 -0.017631 0.696246 -3.616460 -10.671077 -0.776121 3.808063 -10.722453 2.957902 -0.475907 8.151905 -44.114826 -30.922647 -24.630951 -177.717361 -45.150070 178.981598 11.722198 9.442357 17.180969 -5.882098 9.861277 0.702591 -10.936858 -0.360576 7.156198 0.000001 8.774813 -0.000001 -16.411934 16.965027 5.487786 -1.844031 2.498504 -2.507273 -10.163590 4.678939 4.621104 -20.975994 -0.000005 0.000004 -21.226250 2.451692 -3.593991 0.000000 -0.000006 -0.000000 -1.362680 2.240795 -0.746321 -21.334890 0.584906 3.008321 -13.821194 -0.000002 0.000002 -23.887131 -0.249078 -0.839482 -59.838478 2.124427 -0.977801 -0.294026 1.679688 0.833255 -14.218194 0.093213 1.300579 -34.211998 -0.287567 0.967170 -20.033176 0.964536 1.212843 -0.000000 0.000002 -0.000000 -3.440384 0.788231 0.501655 -15.928165 -3.167308 2.999704 -6.338819 0.000001 0.000002 -18.123415 3.648175 -4.905660 -0.000004 0.000001 -0.000002 -10.228334 15.309848 6.944294 52.126369 49.489906 -6.936606 179.427185 55.676521 179.757202 -7.790526 -10.050884 5.186424 2.243539 -5.255034 -3.180155 14.282878 -0.826593 6.952498 -0.000002 -12.690591 -0.000001 16.454245 -16.733772 2.005733 1.665667 -1.955921 -2.878296 4.727796 -4.170584 4.993917 11.020513 0.000002 0.000001 12.109034 -3.735712 -2.866779 0.000000 0.000000 0.000000 1.291984 -1.928548 -1.498089 14.800114 0.567467 3.865605 14.242553 -1.341736 -6.660646 19.631937 0.143924 -0.648241 49.733524 -0.866370 -5.864974 0.353029 -1.511149 -0.031939 20.222769 3.684306 2.316631 18.787247 0.000003 0.000000 10.751610 -0.479869 1.397904 0.000000 0.000000 0.000001 3.273803 0.305948 -0.580109 21.486790 11.830360 2.266134 8.162917 0.000001 0.000002 18.399055 -3.798981 -4.940566 0.000003 0.000000 -0.000002 12.968259 10.316366 -40.822845 -1.102785 -1.672352 44.110695 -29.337273 -12.207383 20.230318 1.820716 -2.213122 -3.717803 0.000000 -0.000000 0.000002 -28.426355 -10.749060 0.517670 0.171855 1.593758 28.915064 19.952566 13.734943 -21.792572 -1.447487 0.807259 -2.945128 0.000000 0.000000 -0.000001 
1.041658 91.000450 41.961697 5.199327 1.085171 1.906210 -1.244596 1.469880 3.972623 -0.808677 3.503686 -3.121498 -3.451285 1.951335 6.667768 -16.559206 14.490886 15.856157 1.736289 6.414159 -3.737975 1.723890 5.904325 -7.885071 0.000076 -0.000022 0.000006 -0.043821 0.107996 -0.010676 0.691178 -3.629728 -10.683740 -0.777032 3.809500 -10.742196 3.316818 0.120878 7.886808 -44.551888 -29.624630 -24.523390 -178.115601 -45.102261 178.966125 11.078661 9.824772 16.743990 -5.882101 9.861279 0.702590 -10.936859 -0.360575 7.156198 0.000001 8.774814 -0.000001 -16.166655 17.048571 5.709444 -1.844032 2.498502 -2.507277 -10.163590 4.678939 4.621102 -20.975998 -0.000002 0.000002 -21.226255 2.451693 -3.593995 0.000000 -0.000007 -0.000000 -1.362680 2.240798 -0.746322 -21.334894 0.584910 3.008322 -13.821197 -0.000001 0.000002 -23.887131 -0.249076 -0.839482 -59.763470 2.191923 -0.965660 -0.294025 1.679685 0.833255 -14.218194 0.093216 1.300580 -34.212002 -0.287559 0.967166 -20.033180 0.964537 1.212838 -0.000001 0.000003 -0.000000 -3.440384 0.788233 0.501654 -15.928164 -3.167306 2.999704 -6.338818 0.000000 0.000001 -18.123413 3.648179 -4.905663 -0.000003 0.000002 -0.000002 -10.580274 15.972652 6.523731 52.731129 50.523952 -5.904076 179.782394 56.328808 179.840897 -8.675861 -9.778075 5.103485 2.243538 -5.255033 -3.180157 14.282875 -0.826592 6.952499 -0.000002 -12.690587 -0.000002 16.376469 -16.747402 2.180047 1.665663 -1.955920 -2.878297 4.727796 -4.170582 4.993918 11.020513 0.000003 -0.000001 12.109032 -3.735710 -2.866778 -0.000000 -0.000000 -0.000001 1.291985 -1.928547 -1.498088 14.800113 0.567467 3.865602 14.242553 -1.341734 -6.660648 19.631941 0.143925 -0.648245 49.653233 -0.774995 -5.675379 0.353031 -1.511148 -0.031940 20.222773 3.684304 2.316629 18.787249 0.000004 -0.000001 10.751612 -0.479868 1.397904 0.000000 -0.000000 0.000000 3.273804 0.305947 -0.580110 21.486792 11.830363 2.266132 8.162918 0.000002 0.000002 18.399055 -3.798979 -4.940569 0.000003 0.000000 -0.000002 13.277070 9.209661 -37.827736 -0.819164 -1.560832 41.401871 -28.062752 -11.957839 16.746189 1.829691 -2.250960 -4.262737 0.000000 0.000000 0.000002 -28.196980 -11.438181 0.135662 0.229686 1.574283 26.623693 20.854929 13.741679 -19.669777 -1.434554 0.780120 -2.825236 0.000000 0.000000 -0.000001 
1.301321 90.976120 42.503403 4.312116 -0.377726 2.395231 -0.585162 1.523769 3.406976 -0.661158 3.624293 -3.349709 -2.498620 2.016784 6.157320 -16.668571 14.473808 15.717550 1.799186 6.785314 -3.689645 1.371732 6.468904 -7.345954 0.000076 -0.000022 0.000006 -0.058000 0.102266 -0.009357 0.666515 -3.631859 -10.705454 -0.785695 3.836993 -10.757831 3.817518 0.522284 7.443430 -45.097786 -28.664824 -24.356544 -178.570267 -44.830822 179.144211 10.214239 10.343193 16.610849 -5.882101 9.861278 0.702590 -10.936859 -0.360575 7.156196 0.000002 8.774814 -0.000001 -16.227638 16.995144 5.798952 -1.844032 2.498502 -2.507277 -10.163591 4.678940 4.621106 -20.975994 -0.000004 0.000003 -21.226255 2.451694 -3.593995 0.000000 -0.000007 0.000001 -1.362681 2.240797 -0.746323 -21.334894 0.584909 3.008320 -13.821198 -0.000002 0.000001 -23.887131 -0.249080 -0.839481 -59.755375 2.134968 -0.882050 -0.294025 1.679686 0.833254 -14.218194 0.093215 1.300579 -34.212002 -0.287565 0.967169 -20.033180 0.964533 1.212843 0.000000 0.000002 0.000000 -3.440385 0.788231 0.501657 -15.928167 -3.167307 2.999703 -6.338817 -0.000002 0.000000 -18.123415 3.648177 -4.905662 -0.000004 0.000001 -0.000002 -10.611739 16.406012 6.297780 53.942467 51.436634 -4.144558 -179.494583 56.972721 -179.752808 -9.337162 -9.439972 5.409410 2.243539 -5.255033 -3.180155 14.282877 -0.826594 6.952497 -0.000002 -12.690590 0.000000 16.356590 -16.886145 2.307105 1.665664 -1.955919 -2.878297 4.727793 -4.170582 4.993918 11.020511 0.000004 0.000000 12.109031 -3.735709 -2.866778 0.000001 0.000000 -0.000002 1.291982 -1.928548 -1.498087 14.800114 0.567468 3.865605 14.242551 -1.341735 -6.660648 19.631941 0.143925 -0.648241 49.585930 -0.753453 -5.642244 0.353028 -1.511150 -0.031939 20.222767 3.684306 2.316629 18.787245 0.000004 -0.000000 10.751611 -0.479869 1.397904 -0.000000 0.000000 0.000001 3.273806 0.305947 -0.580110 21.486792 11.830362 2.266129 8.162916 0.000001 0.000001 18.399052 -3.798980 -4.940565 0.000003 0.000000 -0.000001 14.268094 7.734221 -34.878059 -0.557032 -1.381432 38.074371 -24.831444 -10.264656 9.655922 1.803728 -2.264109 -3.706196 -0.000000 0.000000 0.000002 -27.782530 -12.314854 -0.317195 0.294162 1.517206 25.660654 21.617434 14.000012 -18.462362 -1.439847 0.725197 -2.629350 0.000000 -0.000000 -0.000001 
1.606146 90.558586 43.086143 3.375454 -1.100466 2.741979 -0.141930 1.486923 3.033787 -0.501486 3.548399 -3.503868 -1.582489 2.043216 5.827528 -16.513908 14.134132 15.257643 1.663023 7.145732 -3.612273 1.254876 6.748610 -6.947262 0.000076 -0.000021 0.000006 -0.068049 0.156764 0.012075 0.659271 -3.597759 -10.713526 -0.799496 3.888873 -10.758566 4.214747 0.588871 7.183598 -45.200535 -28.647387 -24.479574 -179.041504 -44.641014 179.403595 9.483173 10.735003 16.168896 -5.882100 9.861279 0.702588 -10.936857 -0.360575 7.156193 -0.000001 8.774811 -0.000001 -16.128387 16.932611 5.944404 -1.844030 2.498502 -2.507274 -10.163589 4.678940 4.621102 -20.975996 -0.000002 -0.000001 -21.226254 2.451693 -3.593995 0.000000 -0.000008 0.000000 -1.362680 2.240795 -0.746323 -21.334888 0.584909 3.008317 -13.821195 -0.000003 0.000001 -23.887125 -0.249078 -0.839484 -59.754665 2.109093 -0.787669 -0.294024 1.679687 0.833256 -14.218189 0.093216 1.300578 -34.211998 -0.287563 0.967165 -20.033175 0.964534 1.212840 -0.000001 0.000001 -0.000000 -3.440386 0.788234 0.501653 -15.928167 -3.167304 2.999701 -6.338818 -0.000001 0.000000 -18.123413 3.648175 -4.905662 -0.000004 0.000003 -0.000002 -10.099060 16.703688 6.146583 54.919781 52.092113 -2.877839 -179.447296 57.540241 -179.723404 -9.625162 -9.382018 5.721656 2.243540 -5.255032 -3.180156 14.282875 -0.826592 6.952496 -0.000002 -12.690592 -0.000001 16.218452 -16.995613 2.440617 1.665663 -1.955920 -2.878297 4.727794 -4.170584 4.993918 11.020513 0.000004 -0.000001 12.109032 -3.735710 -2.866780 -0.000000 -0.000000 -0.000003 1.291986 -1.928548 -1.498087 14.800109 0.567471 3.865602 14.242551 -1.341734 -6.660648 19.631939 0.143927 -0.648242 49.242252 -0.656557 -5.597896 0.353028 -1.511149 -0.031940 20.222769 3.684307 2.316629 18.787245 0.000006 -0.000002 10.751610 -0.479867 1.397903 0.000000 -0.000000 0.000001 3.273804 0.305946 -0.580110 21.486790 11.830367 2.266130 8.162914 0.000004 -0.000001 18.399050 -3.798978 -4.940567 0.000003 0.000000 -0.000001 15.309544 7.069361 -33.468044 -0.399739 -1.175100 36.162319 -23.261681 -8.541487 2.874559 1.742509 -2.254443 -2.347114 0.000000 -0.000000 0.000002 -27.335424 -13.081987 -0.794404 0.339807 1.512129 26.080391 22.138077 14.482615 -18.299232 -1.432682 0.701044 -2.560721 0.000000 -0.000000 -0.000001 
1.916848 89.837952 43.673172 2.676450 -0.991649 2.848549 0.036305 1.407202 2.944801 -0.409629 3.442666 -3.540171 -0.888667 1.993261 5.765092 -16.043587 13.531363 14.636852 1.501448 7.278927 -3.611439 1.143340 7.093904 -6.847372 0.000076 -0.000022 0.000005 -0.054312 0.103631 0.012789 0.681401 -3.641170 -10.732638 -0.799560 3.840743 -10.759419 4.714619 0.374737 7.122818 -45.101501 -29.767633 -24.878834 -179.402023 -44.661121 179.669525 8.999434 11.294336 15.710136 -5.882101 9.861277 0.702589 -10.936860 -0.360575 7.156199 0.000001 8.774813 -0.000003 -15.865586 16.778225 6.002958 -1.844028 2.498503 -2.507276 -10.163592 4.678940 4.621107 -20.975998 -0.000004 0.000004 -21.226254 2.451694 -3.593991 -0.000000 -0.000008 0.000001 -1.362679 2.240794 -0.746325 -21.334887 0.584907 3.008323 -13.821197 -0.000003 0.000005 -23.887131 -0.249077 -0.839478 -59.627575 2.020352 -0.732859 -0.294025 1.679686 0.833257 -14.218192 0.093214 1.300581 -34.212002 -0.287565 0.967176 -20.033180 0.964537 1.212843 -0.000000 0.000001 -0.000000 -3.440386 0.788232 0.501655 -15.928169 -3.167308 2.999705 -6.338818 -0.000002 0.000003 -18.123413 3.648175 -4.905659 -0.000004 0.000003 -0.000002 -9.455646 16.644434 6.029101 55.719051 52.639824 -2.098194 -179.632477 57.882614 -179.951340 -9.608219 -9.468276 6.090007 2.243541 -5.255033 -3.180155 14.282877 -0.826594 6.952495 -0.000001 -12.690592 -0.000001 16.074371 -17.091406 2.418250 1.665666 -1.955921 -2.878296 4.727794 -4.170586 4.993918 11.020513 0.000003 -0.000001 12.109031 -3.735711 -2.866780 -0.000000 -0.000000 -0.000002 1.291982 -1.928546 -1.498088 14.800111 0.567467 3.865601 14.242553 -1.341735 -6.660648 19.631939 0.143925 -0.648244 49.106094 -0.534204 -5.708541 0.353029 -1.511150 -0.031939 20.222773 3.684305 2.316627 18.787247 0.000003 -0.000003 10.751611 -0.479868 1.397903 0.000000 0.000000 0.000002 3.273804 0.305947 -0.580110 21.486790 11.830364 2.266129 8.162919 0.000001 0.000000 18.399055 -3.798980 -4.940569 0.000003 0.000000 -0.000002 15.876761 7.282216 -33.824142 -0.375755 -1.077242 37.371662 -22.720469 -8.544772 -1.131107 1.671659 -2.150961 -1.738696 -0.000000 0.000000 0.000002 -27.196255 -13.767778 -0.978783 0.393249 1.512757 27.449907 22.356071 15.098635 -19.146864 -1.438925 0.726766 -2.450634 0.000000 0.000000 -0.000001 
2.192230 89.057312 44.283932 2.135668 -0.468167 2.566001 0.121650 1.357139 3.201800 -0.382213 3.366666 -3.506499 -0.432591 1.897529 5.852046 -15.433270 12.925641 14.161196 1.461166 7.256494 -3.616425 0.913363 7.211882 -7.088317 0.000077 -0.000020 0.000006 -0.041484 0.085409 0.004409 0.720369 -3.673802 -10.743769 -0.805123 3.835131 -10.764288 5.722001 -0.078900 6.978251 -45.590717 -31.299519 -25.398140 -179.632278 -44.753353 179.859268 8.600635 11.753347 15.060019 -5.882100 9.861279 0.702588 -10.936859 -0.360574 7.156196 -0.000000 8.774813 -0.000001 -15.856196 16.778721 5.976038 -1.844030 2.498504 -2.507276 -10.163589 4.678939 4.621103 -20.975998 -0.000001 0.000002 -21.226255 2.451695 -3.593995 0.000000 -0.000007 0.000001 -1.362680 2.240797 -0.746321 -21.334898 0.584909 3.008319 -13.821198 -0.000001 0.000002 -23.887133 -0.249075 -0.839483 -59.531967 2.090738 -0.753016 -0.294026 1.679687 0.833255 -14.218194 0.093216 1.300579 -34.212006 -0.287564 0.967169 -20.033180 0.964535 1.212842 0.000000 0.000002 0.000000 -3.440383 0.788233 0.501656 -15.928169 -3.167306 2.999703 -6.338818 -0.000002 0.000001 -18.123417 3.648175 -4.905662 -0.000004 0.000001 -0.000002 -9.160441 16.650913 5.879623 56.563328 52.943890 -1.830828 -179.890213 57.979443 179.981796 -9.640013 -9.621126 6.190995 2.243541 -5.255033 -3.180156 14.282873 -0.826593 6.952494 -0.000001 -12.690586 -0.000001 16.028162 -17.056984 2.497849 1.665662 -1.955919 -2.878298 4.727795 -4.170583 4.993916 11.020512 0.000004 -0.000000 12.109030 -3.735708 -2.866780 -0.000000 -0.000000 -0.000001 1.291983 -1.928547 -1.498089 14.800109 0.567470 3.865603 14.242553 -1.341735 -6.660650 19.631935 0.143926 -0.648243 49.233410 -0.456200 -5.633917 0.353030 -1.511148 -0.031941 20.222765 3.684307 2.316628 18.787245 0.000005 -0.000001 10.751610 -0.479867 1.397903 -0.000000 0.000000 -0.000000 3.273806 0.305947 -0.580111 21.486788 11.830361 2.266131 8.162914 0.000003 -0.000001 18.399048 -3.798978 -4.940568 0.000003 0.000000 -0.000001 16.260731 8.089791 -34.907990 -0.473648 -0.992537 40.403034 -22.195349 -9.982944 -3.067186 1.648627 -2.114688 -1.393656 -0.000000 0.000000 0.000002 -27.339739 -14.337635 -0.698456 0.437162 1.485462 29.262039 22.572926 15.772324 -19.910763 -1.434911 0.751242 -2.356807 0.000000 0.000000 -0.000001 
2.516152 88.309792 44.868942 1.735444 0.080061 2.147455 0.161719 1.333805 3.546416 -0.380533 3.356392 -3.444275 -0.113547 1.861701 5.986834 -14.952701 12.483574 13.902307 1.427126 7.151486 -3.658690 0.698943 7.262005 -7.455447 0.000076 -0.000021 0.000006 -0.029902 0.066404 -0.017097 0.737667 -3.689654 -10.740218 -0.804507 3.807745 -10.755064 6.819015 -0.414845 6.784558 -46.609951 -32.989262 -25.910643 -179.588669 -44.697529 179.848114 8.411639 12.236367 14.509396 -5.882099 9.861279 0.702590 -10.936861 -0.360575 7.156197 0.000002 8.774816 -0.000001 -15.990067 16.746677 5.820057 -1.844030 2.498502 -2.507276 -10.163589 4.678937 4.621104 -20.975992 -0.000004 0.000002 -21.226250 2.451690 -3.593992 0.000000 -0.000007 0.000000 -1.362680 2.240798 -0.746322 -21.334887 0.584907 3.008321 -13.821197 -0.000003 0.000002 -23.887129 -0.249077 -0.839480 -59.512932 2.093736 -0.863935 -0.294026 1.679687 0.833255 -14.218190 0.093214 1.300579 -34.212006 -0.287564 0.967170 -20.033180 0.964533 1.212843 -0.000001 0.000002 -0.000000 -3.440383 0.788233 0.501654 -15.928164 -3.167306 2.999704 -6.338817 0.000000 0.000002 -18.123413 3.648174 -4.905661 -0.000004 0.000003 -0.000002 -9.311103 16.782278 5.615568 57.414219 53.056305 -1.724834 -179.829666 57.933128 -179.810272 -9.656355 -9.769299 6.479305 2.243538 -5.255032 -3.180155 14.282875 -0.826592 6.952499 -0.000002 -12.690590 0.000000 15.975829 -17.052910 2.553819 1.665665 -1.955921 -2.878297 4.727796 -4.170582 4.993921 11.020514 0.000002 0.000000 12.109031 -3.735709 -2.866777 -0.000000 0.000000 -0.000002 1.291986 -1.928548 -1.498087 14.800111 0.567467 3.865604 14.242551 -1.341734 -6.660648 19.631935 0.143925 -0.648241 49.500736 -0.451567 -5.619566 0.353030 -1.511148 -0.031941 20.222767 3.684304 2.316628 18.787247 0.000003 0.000001 10.751612 -0.479869 1.397905 0.000001 -0.000000 -0.000000 3.273803 0.305948 -0.580110 21.486792 11.830363 2.266133 8.162917 0.000001 0.000001 18.399054 -3.798980 -4.940565 0.000003 0.000000 -0.000002 16.448723 8.961662 -35.897697 -0.555715 -0.954575 43.439899 -21.644644 -11.621583 -4.497283 1.639951 -2.069799 -1.140961 0.000000 0.000000 0.000002 -27.754719 -14.842957 -0.220111 0.508366 1.447906 30.987457 22.882734 16.537533 -20.327168 -1.437297 0.775122 -2.293584 0.000000 0.000000 -0.000001 
2.893972 87.733421 45.396217 1.511047 0.459701 1.770175 0.146880 1.342944 3.824216 -0.382297 3.394241 -3.398934 0.072530 1.859381 6.125602 -14.739110 12.293420 13.839347 1.448408 7.145075 -3.676356 0.515942 7.262284 -7.812373 0.000076 -0.000021 0.000006 -0.027426 0.078724 -0.023534 0.736068 -3.655984 -10.723609 -0.809828 3.810995 -10.736574 7.525407 -0.546518 6.673186 -47.618767 -34.531345 -26.350666 -179.483231 -44.478497 179.832123 8.275215 12.679409 14.106230 -5.882102 9.861279 0.702592 -10.936858 -0.360576 7.156199 0.000001 8.774814 -0.000002 -16.201017 16.755972 5.687687 -1.844031 2.498505 -2.507275 -10.163590 4.678941 4.621106 -20.975996 -0.000004 0.000003 -21.226254 2.451692 -3.593993 -0.000000 -0.000007 0.000001 -1.362681 2.240796 -0.746323 -21.334894 0.584909 3.008322 -13.821197 -0.000001 0.000003 -23.887131 -0.249077 -0.839480 -59.755367 2.063154 -0.930073 -0.294024 1.679686 0.833255 -14.218194 0.093214 1.300580 -34.212002 -0.287561 0.967173 -20.033180 0.964535 1.212842 -0.000000 0.000001 0.000000 -3.440384 0.788232 0.501655 -15.928169 -3.167308 2.999705 -6.338817 -0.000002 0.000002 -18.123415 3.648178 -4.905661 -0.000004 0.000002 -0.000002 -9.590066 17.093399 5.448220 58.074596 53.182068 -1.565701 -179.422928 57.822296 -179.425842 -9.556382 -10.084635 6.992631 2.243541 -5.255033 -3.180154 14.282878 -0.826594 6.952496 -0.000002 -12.690592 -0.000001 15.974514 -17.045984 2.600097 1.665667 -1.955920 -2.878296 4.727795 -4.170584 4.993918 11.020511 0.000004 -0.000002 12.109034 -3.735710 -2.866779 0.000000 0.000000 -0.000001 1.291986 -1.928548 -1.498088 14.800113 0.567468 3.865603 14.242553 -1.341735 -6.660650 19.631941 0.143925 -0.648243 49.797573 -0.503303 -5.619785 0.353029 -1.511150 -0.031940 20.222771 3.684304 2.316628 18.787249 0.000003 -0.000000 10.751612 -0.479868 1.397905 0.000001 -0.000000 0.000002 3.273808 0.305947 -0.580111 21.486792 11.830363 2.266130 8.162918 0.000001 0.000000 18.399054 -3.798978 -4.940568 0.000003 0.000000 -0.000001 16.450422 9.619376 -36.543762 -0.627826 -0.929094 45.808357 -21.118460 -12.694798 -5.644143 1.629417 -2.025380 -0.849550 0.000000 -0.000000 0.000002 -28.336769 -15.202346 0.250965 0.570820 1.463277 32.331642 23.240957 17.196415 -20.179235 -1.440784 0.806003 -2.398514 -0.000000 -0.000000 -0.000001 
3.160171 87.462265 45.788410 1.396826 0.719968 1.490677 0.126132 1.352703 4.031669 -0.356060 3.450465 -3.407053 0.165369 1.985099 6.267408 -14.741429 12.230537 13.887287 1.494037 7.289214 -3.704283 0.345687 7.290581 -8.115548 0.000077 -0.000022 0.000006 -0.053807 0.158885 -0.000503 0.699235 -3.586853 -10.688248 -0.810462 3.888667 -10.705319 7.681410 -0.501380 6.548259 -48.610336 -35.897697 -26.226936 -179.431854 -44.230938 -179.992233 8.165820 13.122576 13.738914 -5.882102 9.861279 0.702591 -10.936858 -0.360575 7.156197 -0.000000 8.774812 -0.000001 -16.523727 16.638180 5.556368 -1.844032 2.498503 -2.507276 -10.163589 4.678940 4.621103 -20.975994 -0.000004 0.000004 -21.226255 2.451693 -3.593992 -0.000000 -0.000007 -0.000001 -1.362680 2.240796 -0.746324 -21.334894 0.584908 3.008320 -13.821198 -0.000003 0.000003 -23.887133 -0.249078 -0.839480 -60.114822 2.106595 -1.049498 -0.294024 1.679688 0.833257 -14.218194 0.093215 1.300579 -34.211998 -0.287565 0.967169 -20.033180 0.964534 1.212841 0.000000 0.000001 0.000000 -3.440385 0.788232 0.501654 -15.928169 -3.167307 2.999703 -6.338817 -0.000001 0.000003 -18.123415 3.648177 -4.905661 -0.000004 0.000003 -0.000001 -9.721112 17.419807 5.482944 58.364986 53.353298 -1.490063 -179.128525 57.814400 -179.173248 -9.231943 -10.488426 7.721059 2.243539 -5.255033 -3.180155 14.282878 -0.826592 6.952497 -0.000002 -12.690592 -0.000001 15.982729 -17.150360 2.587409 1.665664 -1.955920 -2.878297 4.727796 -4.170582 4.993918 11.020513 0.000003 0.000000 12.109033 -3.735709 -2.866778 -0.000000 0.000000 0.000000 1.291984 -1.928548 -1.498088 14.800114 0.567467 3.865602 14.242553 -1.341735 -6.660647 19.631939 0.143924 -0.648244 50.076561 -0.568373 -5.815473 0.353028 -1.511149 -0.031940 20.222769 3.684304 2.316629 18.787247 0.000003 -0.000000 10.751611 -0.479869 1.397903 0.000000 0.000000 0.000001 3.273806 0.305946 -0.580109 21.486790 11.830361 2.266133 8.162917 0.000002 0.000000 18.399054 -3.798981 -4.940566 0.000003 0.000000 -0.000001 16.376148 10.004903 -36.744968 -0.618474 -0.935115 47.060600 -20.827576 -13.161974 -6.315012 1.612283 -1.941540 -0.507784 0.000000 -0.000000 0.000002 -28.835083 -15.581451 0.494227 0.643450 1.696761 33.564346 23.410032 17.590981 -19.221903 -1.455347 0.843913 -2.724791 0.000000 0.000000 -0.000001 
3.269524 87.487175 46.063892 1.362599 0.980416 1.284564 0.121731 1.362219 4.141921 -0.328899 3.516059 -3.359856 0.204010 2.009104 6.357554 -14.797614 12.362289 14.001073 1.493359 7.307087 -3.701763 0.140047 7.378960 -8.413204 0.000077 -0.000023 0.000006 -0.061407 0.186133 0.010452 0.678854 -3.561480 -10.649070 -0.807709 3.904258 -10.675217 7.502303 -0.432896 6.547500 -49.525467 -36.730858 -25.809944 -179.425980 -43.851723 -179.882126 8.206318 13.254730 14.058446 -5.882102 9.861277 0.702590 -10.936860 -0.360576 7.156198 0.000001 8.774815 -0.000002 -16.811361 16.633986 5.492326 -1.844031 2.498503 -2.507277 -10.163591 4.678939 4.621104 -20.975998 -0.000004 0.000002 -21.226254 2.451692 -3.593993 0.000000 -0.000007 -0.000000 -1.362681 2.240797 -0.746324 -21.334887 0.584907 3.008320 -13.821197 -0.000002 0.000003 -23.887135 -0.249078 -0.839481 -60.575687 2.116678 -1.052599 -0.294023 1.679686 0.833254 -14.218194 0.093213 1.300578 -34.211998 -0.287564 0.967170 -20.033178 0.964536 1.212841 -0.000000 0.000001 -0.000000 -3.440385 0.788232 0.501656 -15.928169 -3.167308 2.999705 -6.338818 -0.000002 0.000001 -18.123415 3.648179 -4.905661 -0.000004 0.000003 -0.000002 -9.843671 17.750343 5.446136 58.634350 53.556461 -1.452638 -179.336014 57.906506 -179.368484 -8.937840 -10.906357 8.258007 2.243539 -5.255033 -3.180156 14.282875 -0.826591 6.952495 -0.000001 -12.690586 0.000001 16.096540 -17.208057 2.611285 1.665666 -1.955920 -2.878297 4.727793 -4.170582 4.993918 11.020508 0.000004 -0.000002 12.109033 -3.735709 -2.866781 -0.000000 -0.000000 -0.000001 1.291986 -1.928547 -1.498088 14.800113 0.567468 3.865604 14.242553 -1.341734 -6.660649 19.631937 0.143926 -0.648245 50.336979 -0.682928 -5.827191 0.353029 -1.511149 -0.031941 20.222769 3.684304 2.316628 18.787243 0.000005 -0.000002 10.751611 -0.479868 1.397905 0.000000 0.000000 0.000001 3.273803 0.305947 -0.580111 21.486788 11.830360 2.266130 8.162915 0.000002 0.000000 18.399054 -3.798978 -4.940567 0.000003 0.000000 -0.000001 16.278931 10.236146 -36.537548 -0.635654 -0.962752 47.243698 -20.648621 -13.247681 -6.418417 1.611983 -1.900518 -0.395181 0.000000 0.000000 0.000002 -29.187969 -15.699237 0.500392 0.692441 1.794259 34.934685 23.407652 17.863760 -17.317530 -1.457789 0.861354 -3.604809 -0.000000 -0.000000 -0.000001 
3.196431 87.685944 46.211479 1.409468 1.372521 1.143749 0.105998 1.376180 4.191663 -0.307154 3.505362 -3.345393 0.143134 2.008093 6.440269 -14.773985 12.532455 14.153833 1.444863 7.292031 -3.686879 -0.040127 7.387176 -8.584181 0.000077 -0.000022 0.000006 -0.061144 0.205690 0.013758 0.668403 -3.526320 -10.642681 -0.803039 3.927461 -10.666260 7.213752 -0.415241 6.614851 -50.248966 -37.213150 -25.553684 -179.292435 -43.515846 -179.941193 8.236425 13.207183 14.594179 -5.882100 9.861278 0.702592 -10.936861 -0.360577 7.156199 0.000001 8.774815 -0.000001 -16.975086 16.644161 5.478494 -1.844032 2.498503 -2.507276 -10.163591 4.678940 4.621104 -20.975996 -0.000004 0.000004 -21.226255 2.451693 -3.593992 -0.000000 -0.000006 -0.000001 -1.362683 2.240797 -0.746323 -21.334892 0.584907 3.008322 -13.821197 -0.000004 0.000004 -23.887131 -0.249078 -0.839478 -60.916706 2.101216 -1.016987 -0.294025 1.679686 0.833256 -14.218194 0.093213 1.300580 -34.212013 -0.287566 0.967174 -20.033186 0.964536 1.212845 -0.000000 0.000001 -0.000000 -3.440387 0.788231 0.501658 -15.928171 -3.167308 2.999704 -6.338818 -0.000002 0.000002 -18.123413 3.648178 -4.905659 -0.000004 0.000003 -0.000002 -9.963883 18.005354 5.461148 58.650246 53.886627 -1.724887 -179.852463 58.076057 -179.875748 -8.681239 -11.350207 8.556739 2.243539 -5.255033 -3.180156 14.282878 -0.826596 6.952496 -0.000003 -12.690592 -0.000001 16.154549 -17.308743 2.596648 1.665666 -1.955920 -2.878297 4.727792 -4.170582 4.993918 11.020513 0.000004 -0.000000 12.109031 -3.735709 -2.866779 -0.000000 -0.000000 -0.000002 1.291985 -1.928548 -1.498088 14.800111 0.567469 3.865603 14.242554 -1.341733 -6.660647 19.631939 0.143926 -0.648243 50.389351 -0.756007 -5.854978 0.353029 -1.511149 -0.031939 20.222771 3.684307 2.316628 18.787249 0.000004 -0.000000 10.751612 -0.479868 1.397903 -0.000000 0.000000 0.000000 3.273805 0.305947 -0.580110 21.486795 11.830363 2.266132 8.162920 0.000001 0.000001 18.399057 -3.798980 -4.940567 0.000003 0.000001 -0.000002 16.156399 10.280311 -36.117855 -0.634511 -0.989784 46.611984 -20.761156 -13.212181 -6.071531 1.616695 -1.899730 -0.383111 0.000000 -0.000000 0.000002 -29.317459 -15.636194 0.412587 0.732572 1.892431 36.264656 23.147015 17.891388 -15.266011 -1.461707 0.853653 -4.649458 0.000000 0.000000 -0.000001 
2.926912 87.956276 46.268761 1.538665 1.985029 1.084696 0.057725 1.353908 4.155881 -0.300814 3.488695 -3.336668 -0.003801 1.947938 6.484313 -14.678371 12.651460 14.278115 1.394187 7.243248 -3.692581 -0.163319 7.382847 -8.765686 0.000077 -0.000022 0.000006 -0.049307 0.176103 0.017101 0.681042 -3.570160 -10.649438 -0.788707 3.892109 -10.667508 6.886844 -0.493575 6.657835 -50.648670 -37.509415 -25.469145 -179.139755 -43.320740 179.888107 8.355927 13.000923 15.193065 -5.882101 9.861278 0.702590 -10.936861 -0.360576 7.156197 0.000002 8.774814 -0.000002 -17.048038 16.681471 5.463309 -1.844032 2.498501 -2.507276 -10.163591 4.678938 4.621105 -20.975994 -0.000003 0.000005 -21.226255 2.451692 -3.593992 -0.000000 -0.000007 0.000000 -1.362680 2.240797 -0.746322 -21.334890 0.584907 3.008321 -13.821197 -0.000002 0.000004 -23.887135 -0.249075 -0.839479 -61.022144 2.091320 -0.983092 -0.294025 1.679687 0.833255 -14.218194 0.093213 1.300580 -34.212006 -0.287561 0.967171 -20.033180 0.964536 1.212842 0.000000 0.000002 0.000000 -3.440383 0.788233 0.501658 -15.928171 -3.167305 2.999703 -6.338819 -0.000002 0.000001 -18.123417 3.648177 -4.905659 -0.000004 0.000002 -0.000002 -10.076766 18.094481 5.432769 58.656235 54.305447 -2.048929 179.707642 58.267536 179.812332 -8.447720 -11.802415 8.624327 2.243539 -5.255033 -3.180155 14.282878 -0.826594 6.952496 -0.000001 -12.690587 0.000003 16.204857 -17.405380 2.586281 1.665666 -1.955921 -2.878296 4.727794 -4.170585 4.993917 11.020513 0.000003 -0.000001 12.109034 -3.735711 -2.866778 0.000001 0.000000 -0.000001 1.291984 -1.928547 -1.498088 14.800114 0.567466 3.865603 14.242554 -1.341734 -6.660645 19.631941 0.143925 -0.648242 50.377026 -0.835010 -5.865596 0.353027 -1.511149 -0.031941 20.222773 3.684304 2.316628 18.787251 0.000002 0.000000 10.751613 -0.479869 1.397902 0.000000 -0.000000 0.000001 3.273804 0.305947 -0.580110 21.486797 11.830360 2.266132 8.162919 0.000001 -0.000001 18.399059 -3.798978 -4.940567 0.000003 0.000000 -0.000001 16.014841 10.241131 -35.706619 -0.668554 -1.026058 45.522839 -21.085947 -13.135605 -5.248356 1.619126 -1.925893 -0.444787 -0.000000 -0.000000 0.000002 -29.145744 -15.385555 0.492791 0.751853 1.976047 37.065884 22.751947 17.439203 -14.011855 -1.460871 0.842844 -5.345797 0.000000 0.000000 -0.000001 
2.518839 88.184067 46.279266 1.730155 2.756828 1.088558 0.000240 1.345573 4.089623 -0.320851 3.431488 -3.365917 -0.214393 1.901941 6.523010 -14.492458 12.615831 14.345392 1.371107 7.198007 -3.674892 -0.285995 7.333997 -8.919540 0.000077 -0.000022 0.000006 -0.045944 0.137070 0.012761 0.683189 -3.598765 -10.657142 -0.780690 3.855428 -10.669627 6.617521 -0.693564 6.722081 -50.805370 -37.773449 -25.450741 -179.156296 -43.214546 179.746231 8.607915 12.550067 15.814587 -5.882101 9.861279 0.702590 -10.936858 -0.360576 7.156196 0.000003 8.774812 -0.000000 -16.977528 16.681202 5.452596 -1.844032 2.498503 -2.507276 -10.163589 4.678940 4.621104 -20.975998 -0.000005 0.000001 -21.226255 2.451693 -3.593994 -0.000000 -0.000007 0.000000 -1.362681 2.240795 -0.746325 -21.334894 0.584907 3.008320 -13.821197 -0.000001 0.000003 -23.887133 -0.249080 -0.839482 -60.968594 2.089240 -0.984128 -0.294025 1.679687 0.833255 -14.218192 0.093214 1.300578 -34.212006 -0.287568 0.967168 -20.033176 0.964534 1.212841 0.000001 0.000002 0.000000 -3.440387 0.788233 0.501657 -15.928165 -3.167307 2.999703 -6.338817 -0.000002 0.000001 -18.123415 3.648175 -4.905661 -0.000004 0.000003 -0.000002 -10.162318 18.038620 5.400955 58.439415 54.807308 -2.425495 179.618179 58.473595 179.777115 -8.333812 -12.123253 8.724021 2.243538 -5.255033 -3.180156 14.282875 -0.826591 6.952496 -0.000003 -12.690591 -0.000001 16.240902 -17.512308 2.562559 1.665666 -1.955920 -2.878297 4.727794 -4.170583 4.993918 11.020511 0.000003 -0.000001 12.109030 -3.735709 -2.866779 0.000000 0.000000 -0.000001 1.291983 -1.928548 -1.498088 14.800114 0.567468 3.865606 14.242553 -1.341735 -6.660650 19.631937 0.143925 -0.648242 50.311790 -0.868332 -5.854293 0.353028 -1.511148 -0.031940 20.222771 3.684305 2.316630 18.787243 0.000004 0.000001 10.751610 -0.479868 1.397905 0.000000 0.000000 0.000001 3.273804 0.305947 -0.580110 21.486790 11.830362 2.266135 8.162916 0.000002 0.000001 18.399052 -3.798979 -4.940566 0.000003 0.000000 -0.000002 15.853570 10.170214 -35.414948 -0.685198 -1.057321 44.330669 -21.510096 -13.110553 -4.229927 1.618125 -1.949538 -0.532397 0.000000 -0.000000 0.000002 -28.787224 -15.104366 0.712620 0.709711 2.022143 37.469688 22.273058 16.699394 -13.774759 -1.463218 0.845801 -5.680704 0.000000 0.000000 -0.000001 
2.024057 88.329468 46.198387 1.941560 3.656565 1.124735 -0.051814 1.343568 4.004812 -0.348424 3.369757 -3.395442 -0.428854 1.842687 6.532073 -14.251102 12.498345 14.406041 1.344297 7.137802 -3.675718 -0.424068 7.243006 -9.053001 0.000077 -0.000023 0.000006 -0.030714 0.087459 0.010008 0.698804 -3.649795 -10.679198 -0.772240 3.816297 -10.688298 6.449834 -0.979666 6.750808 -50.876541 -37.999878 -25.548115 -179.259201 -43.156231 179.665848 8.838919 12.088956 16.289944 -5.882101 9.861278 0.702590 -10.936860 -0.360575 7.156197 0.000001 8.774813 -0.000000 -16.847792 16.691032 5.455065 -1.844032 2.498503 -2.507275 -10.163587 4.678941 4.621104 -20.975992 -0.000003 0.000002 -21.226254 2.451690 -3.593994 -0.000000 -0.000007 0.000000 -1.362681 2.240797 -0.746322 -21.334887 0.584909 3.008322 -13.821197 -0.000003 0.000002 -23.887131 -0.249076 -0.839480 -60.843697 2.067898 -1.029904 -0.294026 1.679688 0.833258 -14.218194 0.093216 1.300578 -34.212002 -0.287563 0.967171 -20.033175 0.964536 1.212842 0.000001 0.000002 0.000000 -3.440386 0.788232 0.501653 -15.928171 -3.167306 2.999702 -6.338814 -0.000001 0.000002 -18.123415 3.648178 -4.905661 -0.000004 0.000003 -0.000001 -10.229308 17.913176 5.348281 58.147030 55.260155 -2.814032 179.768646 58.590992 179.949387 -8.257495 -12.392276 8.949725 2.243541 -5.255030 -3.180155 14.282879 -0.826593 6.952496 -0.000002 -12.690590 -0.000002 16.237556 -17.568657 2.547261 1.665665 -1.955919 -2.878296 4.727795 -4.170583 4.993918 11.020510 0.000004 -0.000001 12.109033 -3.735709 -2.866781 -0.000001 0.000000 -0.000001 1.291986 -1.928548 -1.498087 14.800117 0.567467 3.865603 14.242554 -1.341735 -6.660648 19.631939 0.143925 -0.648244 50.228867 -0.873048 -5.850907 0.353029 -1.511149 -0.031940 20.222769 3.684306 2.316627 18.787245 0.000004 -0.000002 10.751611 -0.479868 1.397904 -0.000000 0.000000 -0.000001 3.273804 0.305947 -0.580110 21.486790 11.830360 2.266128 8.162917 0.000002 -0.000001 18.399054 -3.798979 -4.940566 0.000003 -0.000000 -0.000001 15.698564 10.059982 -35.305557 -0.699916 -1.082926 43.180573 -21.919567 -13.120584 -3.144467 1.611489 -1.962672 -0.665185 0.000000 -0.000000 0.000002 -28.368937 -14.981230 0.947111 0.648557 2.019325 37.769306 21.823521 15.862286 -14.280916 -1.465330 0.852152 -5.787418 0.000000 0.000000 -0.000001 
1.474483 88.388992 46.121754 2.116221 4.537384 1.145629 -0.058017 1.361028 3.938622 -0.389208 3.349864 -3.417164 -0.585611 1.747029 6.552138 -14.016109 12.321884 14.424605 1.322148 7.085690 -3.671166 -0.587552 7.182714 -9.160472 0.000076 -0.000023 0.000007 -0.018532 0.038330 0.009440 0.715036 -3.705206 -10.694995 -0.763124 3.771937 -10.696014 6.353348 -1.299549 6.740780 -51.020172 -38.152111 -25.643158 -179.400497 -43.075195 179.668716 9.049264 11.719541 16.714144 -5.882103 9.861278 0.702591 -10.936857 -0.360575 7.156195 -0.000000 8.774813 -0.000001 -16.719568 16.695133 5.471127 -1.844032 2.498501 -2.507277 -10.163589 4.678941 4.621104 -20.976000 -0.000002 0.000002 -21.226255 2.451694 -3.593995 -0.000000 -0.000007 0.000000 -1.362680 2.240796 -0.746323 -21.334894 0.584910 3.008321 -13.821197 0.000000 0.000002 -23.887133 -0.249077 -0.839481 -60.679020 2.049753 -1.031777 -0.294024 1.679685 0.833256 -14.218194 0.093215 1.300579 -34.212006 -0.287561 0.967167 -20.033182 0.964534 1.212841 0.000000 0.000002 0.000000 -3.440386 0.788231 0.501652 -15.928171 -3.167306 2.999704 -6.338817 0.000000 0.000002 -18.123415 3.648177 -4.905662 -0.000004 0.000002 -0.000001 -10.286233 17.757013 5.279529 57.819946 55.675636 -3.207102 -179.977844 58.600922 -179.797974 -8.279654 -12.613645 9.222835 2.243540 -5.255033 -3.180155 14.282877 -0.826594 6.952496 -0.000002 -12.690590 0.000000 16.233717 -17.605772 2.547585 1.665664 -1.955919 -2.878297 4.727794 -4.170584 4.993917 11.020509 0.000004 0.000000 12.109030 -3.735710 -2.866781 0.000000 0.000000 0.000000 1.291985 -1.928547 -1.498088 14.800111 0.567468 3.865602 14.242551 -1.341735 -6.660648 19.631941 0.143926 -0.648241 50.202618 -0.848317 -5.836536 0.353029 -1.511150 -0.031940 20.222769 3.684307 2.316629 18.787245 0.000005 -0.000001 10.751610 -0.479868 1.397904 -0.000000 0.000000 0.000001 3.273807 0.305947 -0.580109 21.486792 11.830364 2.266133 8.162916 0.000002 0.000001 18.399050 -3.798980 -4.940567 0.000003 0.000000 0.000000 15.623596 9.992012 -35.260075 -0.699332 -1.114162 42.187935 -22.306229 -13.135368 -2.169757 1.607746 -1.973731 -0.766643 0.000000 -0.000000 0.000002 -27.951498 -15.038681 1.177662 0.584568 1.996260 38.111786 21.479143 15.230414 -15.105726 -1.467219 0.846627 -5.731323 0.000000 0.000000 -0.000001 
0.916019 88.391266 45.913628 2.224544 5.340559 1.113478 -0.028047 1.380326 3.907977 -0.418974 3.330490 -3.436292 -0.674245 1.657931 6.589963 -13.765990 12.141246 14.461835 1.269970 7.018640 -3.681009 -0.735600 7.149622 -9.279637 0.000076 -0.000023 0.000006 -0.008841 -0.000298 0.010952 0.725959 -3.747687 -10.717724 -0.752864 3.742475 -10.709565 6.332961 -1.561779 6.733924 -51.215679 -38.289509 -25.785265 -179.532913 -43.030148 179.707260 9.188371 11.456443 16.960505 -5.882101 9.861278 0.702590 -10.936860 -0.360574 7.156195 0.000000 8.774813 0.000000 -16.593178 16.685635 5.499384 -1.844031 2.498503 -2.507274 -10.163591 4.678941 4.621107 -20.975996 -0.000004 0.000002 -21.226254 2.451692 -3.593994 -0.000001 -0.000008 0.000000 -1.362681 2.240795 -0.746324 -21.334887 0.584908 3.008318 -13.821197 -0.000001 0.000003 -23.887133 -0.249078 -0.839482 -60.516537 2.037140 -1.044898 -0.294025 1.679686 0.833256 -14.218192 0.093214 1.300579 -34.212006 -0.287564 0.967169 -20.033178 0.964535 1.212841 0.000000 0.000001 0.000000 -3.440385 0.788232 0.501654 -15.928165 -3.167305 2.999701 -6.338817 -0.000002 0.000001 -18.123413 3.648176 -4.905662 -0.000004 0.000003 -0.000002 -10.295538 17.618479 5.293256 57.389179 56.060177 -3.646051 -179.726044 58.490314 -179.570526 -8.324744 -12.786776 9.418818 2.243541 -5.255033 -3.180155 14.282877 -0.826593 6.952496 -0.000002 -12.690590 0.000000 16.181143 -17.637064 2.531908 1.665663 -1.955920 -2.878296 4.727795 -4.170583 4.993919 11.020511 0.000004 -0.000001 12.109028 -3.735708 -2.866779 -0.000001 0.000000 -0.000000 1.291984 -1.928547 -1.498087 14.800111 0.567469 3.865603 14.242554 -1.341735 -6.660648 19.631937 0.143927 -0.648243 50.094006 -0.806269 -5.862354 0.353029 -1.511150 -0.031940 20.222767 3.684307 2.316627 18.787245 0.000005 -0.000002 10.751612 -0.479868 1.397905 -0.000000 0.000000 0.000001 3.273804 0.305947 -0.580110 21.486792 11.830362 2.266132 8.162916 0.000002 -0.000001 18.399054 -3.798977 -4.940567 0.000003 0.000000 -0.000001 15.633931 9.955911 -35.278076 -0.700556 -1.137403 41.284225 -22.640562 -13.080974 -1.194118 1.607479 -1.970830 -0.875480 -0.000000 0.000000 0.000002 -27.540318 -15.233464 1.255148 0.539583 1.941107 38.611191 21.143877 14.867318 -16.084118 -1.469177 0.855513 -5.606209 0.000000 0.000000 -0.000001 
0.337179 88.344521 45.608009 2.266826 5.983917 1.022275 0.028759 1.404409 3.912523 -0.438201 3.312550 -3.451840 -0.692366 1.565176 6.656651 -13.534635 11.943028 14.518823 1.231041 6.977149 -3.695894 -0.895066 7.170646 -9.368696 0.000077 -0.000024 0.000007 -0.004408 -0.000142 0.005499 0.730569 -3.760370 -10.722949 -0.750350 3.753090 -10.713137 6.333000 -1.771073 6.771494 -51.495914 -38.415878 -25.891001 -179.607071 -42.951382 179.790680 9.313282 11.237046 17.130060 -5.882101 9.861278 0.702589 -10.936858 -0.360577 7.156199 0.000000 8.774811 0.000000 -16.514479 16.679052 5.503612 -1.844031 2.498502 -2.507275 -10.163591 4.678939 4.621104 -20.975996 -0.000005 0.000004 -21.226250 2.451690 -3.593992 0.000000 -0.000006 -0.000001 -1.362683 2.240796 -0.746323 -21.334888 0.584908 3.008322 -13.821197 -0.000001 0.000005 -23.887131 -0.249080 -0.839478 -60.422016 2.042928 -1.030367 -0.294024 1.679686 0.833256 -14.218190 0.093214 1.300579 -34.212002 -0.287565 0.967172 -20.033176 0.964532 1.212844 0.000000 0.000002 0.000000 -3.440385 0.788230 0.501655 -15.928163 -3.167307 2.999703 -6.338817 0.000000 0.000001 -18.123411 3.648175 -4.905661 -0.000004 0.000001 -0.000001 -10.281233 17.507902 5.319129 57.103596 56.356186 -3.972488 -179.596527 58.331799 -179.454208 -8.423656 -12.840914 9.480325 2.243540 -5.255033 -3.180156 14.282875 -0.826594 6.952493 -0.000001 -12.690587 0.000002 16.120981 -17.676893 2.507491 1.665665 -1.955920 -2.878296 4.727794 -4.170583 4.993918 11.020513 0.000003 -0.000002 12.109031 -3.735709 -2.866780 0.000000 0.000000 -0.000001 1.291984 -1.928546 -1.498086 14.800114 0.567466 3.865602 14.242554 -1.341734 -6.660650 19.631939 0.143926 -0.648246 50.045345 -0.793969 -5.892979 0.353031 -1.511149 -0.031940 20.222773 3.684305 2.316625 18.787247 0.000004 -0.000004 10.751611 -0.479868 1.397904 0.000000 -0.000000 0.000002 3.273803 0.305947 -0.580110 21.486790 11.830361 2.266128 8.162916 0.000002 -0.000001 18.399054 -3.798978 -4.940568 0.000003 0.000000 -0.000001 15.751194 9.968264 -35.258575 -0.685066 -1.148927 40.399185 -22.943741 -12.952930 -0.307954 1.607673 -1.971407 -0.963215 -0.000000 0.000000 0.000002 -27.157612 -15.543080 1.117283 0.529602 1.882711 39.391464 20.787495 14.803041 -17.036066 -1.473050 0.874235 -5.475154 0.000000 0.000000 -0.000001 
-0.177338 88.287598 45.399384 2.263226 6.493413 0.890260 0.091799 1.417472 3.922322 -0.445023 3.280972 -3.467160 -0.650369 1.482331 6.744334 -13.324435 11.792306 14.587070 1.203238 6.968776 -3.678040 -1.038196 7.167851 -9.456429 0.000076 -0.000024 0.000007 -0.002699 0.000249 0.005516 0.733137 -3.758416 -10.730078 -0.750003 3.750014 -10.716952 6.380280 -1.905935 6.840849 -51.886883 -38.542957 -25.939423 -179.596985 -42.886211 179.832260 9.383871 11.052438 17.170301 -5.882102 9.861279 0.702589 -10.936859 -0.360574 7.156196 -0.000002 8.774814 -0.000000 -16.488314 16.670959 5.516074 -1.844032 2.498502 -2.507276 -10.163589 4.678942 4.621102 -20.975996 -0.000003 -0.000000 -21.226255 2.451695 -3.593996 0.000000 -0.000007 -0.000001 -1.362680 2.240797 -0.746324 -21.334892 0.584909 3.008317 -13.821197 -0.000001 0.000001 -23.887131 -0.249080 -0.839484 -60.337585 2.053056 -1.029747 -0.294025 1.679686 0.833255 -14.218197 0.093217 1.300578 -34.212002 -0.287561 0.967164 -20.033180 0.964535 1.212838 0.000000 0.000001 0.000000 -3.440387 0.788234 0.501656 -15.928167 -3.167306 2.999701 -6.338817 0.000000 0.000001 -18.123415 3.648178 -4.905664 -0.000005 0.000002 -0.000002 -10.223106 17.417837 5.420023 56.947025 56.643814 -4.143997 -179.474365 58.127823 -179.358917 -8.535254 -12.830338 9.533363 2.243541 -5.255032 -3.180155 14.282877 -0.826595 6.952495 -0.000001 -12.690591 0.000002 16.075914 -17.697538 2.483279 1.665667 -1.955920 -2.878296 4.727795 -4.170583 4.993918 11.020511 0.000005 -0.000002 12.109031 -3.735709 -2.866781 -0.000001 0.000000 -0.000001 1.291985 -1.928547 -1.498088 14.800109 0.567468 3.865600 14.242551 -1.341734 -6.660648 19.631939 0.143928 -0.648243 49.979431 -0.766947 -5.917983 0.353027 -1.511149 -0.031940 20.222769 3.684306 2.316628 18.787245 0.000003 -0.000002 10.751611 -0.479868 1.397904 0.000000 -0.000000 0.000003 3.273802 0.305948 -0.580109 21.486788 11.830364 2.266128 8.162916 0.000001 0.000001 18.399052 -3.798980 -4.940569 0.000003 -0.000001 -0.000000 15.928746 10.010486 -35.205189 -0.665413 -1.157115 39.766731 -23.138617 -12.804847 0.431553 1.612360 -1.974746 -1.059119 -0.000000 0.000000 0.000002 -26.876738 -15.907520 1.071960 0.542502 1.827909 40.084980 20.473104 14.953128 -17.735130 -1.477988 0.884112 -5.308320 0.000000 -0.000000 -0.000001 
-0.591004 88.224976 45.196556 2.230160 6.859565 0.731233 0.157644 1.417437 3.915202 -0.438056 3.236397 -3.481823 -0.574569 1.406079 6.847058 -13.149961 11.645891 14.647442 1.163273 6.980492 -3.670718 -1.135485 7.180737 -9.543926 0.000076 -0.000025 0.000006 -0.000533 0.020414 0.013361 0.734991 -3.743723 -10.723850 -0.749577 3.772507 -10.710243 6.455181 -1.960254 6.901731 -52.329906 -38.625694 -25.892221 -179.618408 -42.782597 179.849152 9.464221 10.873156 17.174137 -5.882101 9.861279 0.702590 -10.936857 -0.360573 7.156198 -0.000002 8.774814 -0.000001 -16.507029 16.660669 5.519119 -1.844031 2.498502 -2.507275 -10.163589 4.678939 4.621106 -20.975992 0.000000 0.000002 -21.226255 2.451691 -3.593995 -0.000000 -0.000007 0.000000 -1.362681 2.240796 -0.746324 -21.334894 0.584911 3.008320 -13.821197 0.000000 0.000003 -23.887123 -0.249079 -0.839483 -60.324520 2.042655 -1.035486 -0.294026 1.679687 0.833257 -14.218190 0.093214 1.300580 -34.211998 -0.287561 0.967167 -20.033176 0.964536 1.212839 0.000000 0.000002 0.000000 -3.440383 0.788232 0.501656 -15.928165 -3.167304 2.999704 -6.338815 -0.000001 0.000001 -18.123413 3.648177 -4.905663 -0.000004 0.000002 -0.000001 -10.154862 17.321899 5.498887 56.926746 56.839874 -4.106126 -179.416916 57.923149 -179.316727 -8.602387 -12.854212 9.434176 2.243541 -5.255034 -3.180156 14.282871 -0.826593 6.952495 -0.000001 -12.690592 0.000000 16.001055 -17.708567 2.457420 1.665663 -1.955920 -2.878298 4.727793 -4.170583 4.993917 11.020511 0.000004 -0.000002 12.109031 -3.735710 -2.866782 -0.000000 -0.000000 -0.000001 1.291984 -1.928548 -1.498088 14.800111 0.567467 3.865602 14.242551 -1.341735 -6.660650 19.631939 0.143926 -0.648244 49.885109 -0.756300 -5.926228 0.353028 -1.511150 -0.031941 20.222771 3.684306 2.316627 18.787243 0.000005 -0.000002 10.751608 -0.479868 1.397903 0.000000 -0.000000 0.000002 3.273803 0.305946 -0.580109 21.486788 11.830363 2.266131 8.162914 0.000001 -0.000001 18.399054 -3.798980 -4.940569 0.000003 -0.000001 -0.000002 16.124115 10.044864 -35.109825 -0.677767 -1.163668 39.244419 -23.218645 -12.628258 0.950667 1.612103 -1.974103 -1.119544 -0.000000 -0.000000 0.000002 -26.678919 -16.274721 1.030268 0.547855 1.783241 40.678116 20.228441 15.232188 -18.281000 -1.481944 0.901320 -5.166945 0.000000 -0.000000 -0.000002 
-0.973116 88.162292 45.089062 2.199619 7.134194 0.556497 0.198460 1.447734 3.879639 -0.427696 3.096317 -3.481498 -0.461057 1.322568 6.924553 -13.009613 11.600722 14.740592 1.124093 6.952112 -3.681887 -1.208920 7.202207 -9.630020 0.000077 -0.000023 0.000007 0.004419 -0.010926 -0.005537 0.754483 -3.756374 -10.716481 -0.760676 3.731689 -10.699700 6.525728 -1.983673 6.904057 -52.749695 -38.595360 -25.890003 -179.521545 -42.650013 179.690964 9.541449 10.682610 17.317902 -5.882100 9.861278 0.702592 -10.936859 -0.360576 7.156197 -0.000000 8.774813 -0.000000 -16.537315 16.727398 5.542912 -1.844031 2.498502 -2.507275 -10.163589 4.678942 4.621106 -20.975996 -0.000005 0.000004 -21.226250 2.451692 -3.593993 0.000000 -0.000008 -0.000001 -1.362681 2.240796 -0.746321 -21.334892 0.584906 3.008320 -13.821198 -0.000001 0.000004 -23.887133 -0.249079 -0.839480 -60.422718 1.971962 -0.997301 -0.294025 1.679686 0.833255 -14.218194 0.093214 1.300578 -34.212006 -0.287564 0.967172 -20.033180 0.964536 1.212842 0.000000 0.000002 0.000000 -3.440384 0.788232 0.501654 -15.928167 -3.167306 2.999702 -6.338817 -0.000001 0.000001 -18.123413 3.648177 -4.905661 -0.000004 0.000003 -0.000003 -10.149483 17.289726 5.524992 57.116074 56.945122 -4.124851 -179.839645 57.740456 -179.630325 -8.718401 -12.800058 8.983546 2.243539 -5.255033 -3.180155 14.282877 -0.826593 6.952496 -0.000002 -12.690587 -0.000001 15.921732 -17.669241 2.524824 1.665662 -1.955920 -2.878296 4.727795 -4.170582 4.993917 11.020511 0.000003 0.000000 12.109030 -3.735710 -2.866778 -0.000001 -0.000000 -0.000001 1.291984 -1.928548 -1.498088 14.800114 0.567468 3.865605 14.242553 -1.341735 -6.660647 19.631937 0.143924 -0.648243 49.868156 -0.760805 -5.828939 0.353029 -1.511150 -0.031941 20.222773 3.684305 2.316628 18.787247 0.000004 0.000002 10.751610 -0.479868 1.397905 -0.000000 0.000000 0.000002 3.273803 0.305947 -0.580110 21.486788 11.830361 2.266133 8.162916 0.000002 0.000001 18.399050 -3.798980 -4.940566 0.000003 0.000000 -0.000001 16.306229 10.181531 -34.968601 -0.691841 -1.207489 38.864841 -23.354147 -12.528309 1.410328 1.622090 -1.986899 -1.310856 -0.000000 0.000000 0.000002 -26.532768 -16.497499 1.068214 0.534251 1.626435 41.185188 20.065397 15.709067 -18.679327 -1.473229 0.894169 -5.506211 -0.000000 -0.000000 -0.000001 
-1.220265 88.187073 44.964294 2.143763 7.225056 0.387680 0.271063 1.410553 3.871924 -0.408563 3.084527 -3.487359 -0.369163 1.288718 6.986720 -12.935488 11.486799 14.753898 1.092802 7.081510 -3.673979 -1.240741 7.207706 -9.609344 0.000077 -0.000024 0.000006 -0.007826 0.039700 0.014496 0.732804 -3.700802 -10.693947 -0.763676 3.799194 -10.679844 6.529872 -1.925138 6.959991 -53.067150 -38.614811 -25.898546 -179.349197 -42.479347 179.720947 9.507523 10.619652 16.887030 -5.882101 9.861279 0.702591 -10.936858 -0.360575 7.156198 -0.000001 8.774815 -0.000000 -16.551302 16.693150 5.561351 -1.844030 2.498502 -2.507276 -10.163589 4.678941 4.621104 -20.975994 -0.000003 0.000005 -21.226254 2.451694 -3.593992 0.000000 -0.000008 0.000000 -1.362680 2.240797 -0.746323 -21.334894 0.584909 3.008322 -13.821197 -0.000002 0.000004 -23.887131 -0.249077 -0.839479 -60.385399 2.019047 -0.989396 -0.294024 1.679686 0.833254 -14.218195 0.093215 1.300580 -34.212006 -0.287563 0.967170 -20.033180 0.964536 1.212842 -0.000000 0.000001 -0.000000 -3.440386 0.788233 0.501655 -15.928171 -3.167307 2.999704 -6.338817 -0.000001 0.000001 -18.123415 3.648178 -4.905660 -0.000004 0.000002 -0.000002 -10.033048 17.265484 5.685497 57.183289 57.047047 -3.558536 -179.276138 57.567493 -179.257599 -8.855479 -12.827880 9.003448 2.243539 -5.255033 -3.180154 14.282878 -0.826596 6.952496 -0.000002 -12.690590 0.000003 15.913469 -17.659567 2.467100 1.665665 -1.955920 -2.878297 4.727794 -4.170584 4.993918 11.020509 0.000002 -0.000001 12.109028 -3.735710 -2.866781 -0.000001 0.000000 -0.000000 1.291985 -1.928550 -1.498088 14.800111 0.567467 3.865605 14.242554 -1.341735 -6.660647 19.631941 0.143925 -0.648243 49.875187 -0.724950 -5.956698 0.353029 -1.511150 -0.031941 20.222769 3.684306 2.316629 18.787245 0.000004 -0.000000 10.751610 -0.479868 1.397904 0.000000 -0.000000 0.000001 3.273804 0.305947 -0.580110 21.486790 11.830362 2.266130 8.162918 0.000001 -0.000001 18.399055 -3.798982 -4.940567 0.000003 -0.000001 -0.000000 16.508488 10.163842 -34.722252 -0.660735 -1.173790 38.439377 -23.348820 -12.411768 1.818011 1.611098 -1.971543 -1.251092 -0.000000 0.000000 0.000002 -26.429480 -16.766060 1.059311 0.570362 1.699648 41.520775 19.820631 15.815881 -18.688059 -1.489861 0.913745 -5.160156 0.000000 0.000000 -0.000001 
-1.470137 88.161865 44.899986 2.165411 7.265925 0.256426 0.287492 1.428005 3.791914 -0.390472 2.942590 -3.480396 -0.284636 1.238027 7.009104 -12.879850 11.516833 14.835278 1.070702 7.009393 -3.693015 -1.279772 7.269652 -9.660769 0.000077 -0.000025 0.000006 0.001845 0.008648 -0.005542 0.760598 -3.725620 -10.699786 -0.764827 3.740829 -10.685175 6.543872 -1.882920 6.921709 -53.248051 -38.481430 -25.880787 -179.272919 -42.382446 179.544006 9.583808 10.509020 17.024706 -5.882103 9.861278 0.702590 -10.936861 -0.360573 7.156196 -0.000001 8.774813 -0.000000 -16.559320 16.745651 5.586884 -1.844031 2.498503 -2.507276 -10.163590 4.678941 4.621103 -20.975998 -0.000002 0.000004 -21.226255 2.451693 -3.593992 0.000001 -0.000008 0.000000 -1.362680 2.240796 -0.746322 -21.334896 0.584909 3.008321 -13.821197 -0.000000 0.000004 -23.887133 -0.249078 -0.839481 -60.562717 1.949036 -0.950296 -0.294023 1.679686 0.833256 -14.218197 0.093216 1.300580 -34.212013 -0.287559 0.967169 -20.033180 0.964536 1.212840 0.000000 0.000002 -0.000000 -3.440385 0.788232 0.501654 -15.928169 -3.167305 2.999705 -6.338817 -0.000002 0.000001 -18.123413 3.648176 -4.905663 -0.000004 0.000002 -0.000001 -10.043559 17.280396 5.692562 57.475410 57.058811 -3.286436 -179.460617 57.476109 -179.314850 -8.871747 -12.659401 8.531218 2.243539 -5.255033 -3.180157 14.282877 -0.826592 6.952496 -0.000002 -12.690591 -0.000001 15.918434 -17.672249 2.528493 1.665664 -1.955920 -2.878298 4.727791 -4.170583 4.993920 11.020510 0.000004 -0.000000 12.109033 -3.735710 -2.866780 -0.000000 -0.000000 -0.000002 1.291983 -1.928547 -1.498088 14.800111 0.567468 3.865606 14.242554 -1.341734 -6.660649 19.631939 0.143927 -0.648243 49.883438 -0.751017 -5.853403 0.353029 -1.511150 -0.031941 20.222769 3.684308 2.316628 18.787245 0.000004 0.000002 10.751610 -0.479867 1.397904 0.000000 0.000000 0.000002 3.273804 0.305947 -0.580111 21.486792 11.830366 2.266134 8.162917 0.000003 0.000000 18.399054 -3.798979 -4.940568 0.000003 0.000000 -0.000001 16.605568 10.338834 -34.473495 -0.693996 -1.215222 38.062813 -23.501755 -12.261767 2.063015 1.620405 -1.978602 -1.425430 0.000000 -0.000000 0.000002 -26.356142 -16.797359 1.085570 0.552514 1.589598 41.715927 19.734516 16.185350 -19.040272 -1.478286 0.898215 -5.609592 0.000000 0.000000 -0.000001 
-1.621286 88.240257 44.787933 2.146709 7.201614 0.142843 0.361443 1.386606 3.750251 -0.360807 2.933686 -3.484041 -0.217517 1.236717 7.005219 -12.883268 11.486228 14.829330 1.058184 7.088180 -3.708541 -1.289959 7.306662 -9.633705 0.000077 -0.000024 0.000006 -0.003460 0.050625 0.002162 0.739813 -3.692796 -10.673554 -0.765723 3.796803 -10.665162 6.455786 -1.801880 6.999533 -53.348969 -38.497509 -25.799341 -179.153961 -42.238964 179.592896 9.552268 10.550558 16.893337 -5.882103 9.861279 0.702589 -10.936859 -0.360573 7.156196 -0.000001 8.774817 -0.000000 -16.609184 16.715672 5.562647 -1.844033 2.498503 -2.507275 -10.163589 4.678940 4.621104 -20.975996 0.000001 0.000003 -21.226254 2.451693 -3.593995 -0.000000 -0.000008 -0.000001 -1.362681 2.240797 -0.746321 -21.334898 0.584911 3.008320 -13.821198 -0.000000 0.000004 -23.887131 -0.249079 -0.839480 -60.560219 2.016042 -0.930445 -0.294026 1.679686 0.833254 -14.218194 0.093215 1.300579 -34.212009 -0.287561 0.967169 -20.033186 0.964538 1.212841 0.000000 0.000000 -0.000000 -3.440387 0.788232 0.501656 -15.928171 -3.167305 2.999703 -6.338817 0.000000 0.000002 -18.123415 3.648177 -4.905663 -0.000005 0.000003 -0.000001 -9.930408 17.285187 5.835387 57.638489 57.050293 -2.574893 -178.927460 57.356758 -178.938339 -8.880434 -12.577557 8.568429 2.243540 -5.255033 -3.180156 14.282875 -0.826594 6.952495 -0.000002 -12.690591 0.000002 15.954235 -17.703117 2.481194 1.665664 -1.955920 -2.878296 4.727793 -4.170584 4.993919 11.020509 0.000004 0.000000 12.109028 -3.735710 -2.866779 -0.000000 0.000000 -0.000001 1.291985 -1.928548 -1.498089 14.800113 0.567470 3.865603 14.242551 -1.341734 -6.660648 19.631937 0.143927 -0.648242 49.922249 -0.734103 -5.968957 0.353029 -1.511150 -0.031941 20.222765 3.684307 2.316628 18.787245 0.000005 -0.000001 10.751610 -0.479868 1.397903 0.000000 0.000000 0.000002 3.273805 0.305947 -0.580110 21.486788 11.830364 2.266131 8.162917 0.000003 0.000001 18.399052 -3.798979 -4.940567 0.000003 0.000000 0.000000 16.719213 10.372435 -34.189026 -0.667347 -1.201720 37.626179 -23.577229 -12.094716 2.471093 1.610391 -1.956466 -1.327096 0.000000 -0.000000 0.000002 -26.295191 -16.933290 0.993804 0.579488 1.688818 41.927567 19.541697 16.233789 -18.815182 -1.488493 0.898516 -5.356063 -0.000000 -0.000000 -0.000002 
-1.687665 88.285805 44.713547 2.188525 7.099340 0.045147 0.393449 1.381461 3.690853 -0.336021 2.872446 -3.499594 -0.162295 1.228512 7.005957 -12.863802 11.501239 14.859715 1.048094 7.122741 -3.721848 -1.332025 7.316557 -9.683573 0.000077 -0.000024 0.000007 -0.009411 0.059246 0.011856 0.738941 -3.692721 -10.664819 -0.767348 3.788155 -10.655296 6.378696 -1.749659 7.030462 -53.291481 -38.436329 -25.625484 -179.265381 -42.162193 179.660660 9.610547 10.507716 17.134340 -5.882102 9.861279 0.702589 -10.936858 -0.360576 7.156195 -0.000002 8.774817 -0.000001 -16.658207 16.711338 5.556737 -1.844031 2.498505 -2.507274 -10.163590 4.678939 4.621102 -20.975994 -0.000001 0.000002 -21.226255 2.451693 -3.593995 0.000001 -0.000008 -0.000001 -1.362681 2.240796 -0.746322 -21.334892 0.584910 3.008318 -13.821198 -0.000000 0.000003 -23.887131 -0.249078 -0.839483 -60.683659 2.022876 -0.925732 -0.294025 1.679686 0.833254 -14.218195 0.093215 1.300576 -34.212006 -0.287565 0.967167 -20.033180 0.964536 1.212842 0.000000 0.000001 0.000000 -3.440384 0.788233 0.501654 -15.928167 -3.167305 2.999702 -6.338817 -0.000000 -0.000001 -18.123415 3.648178 -4.905662 -0.000003 0.000002 -0.000001 -9.855331 17.301012 5.939412 57.842033 57.058266 -2.180099 -178.870224 57.249672 -178.876999 -8.799228 -12.430059 8.376828 2.243537 -5.255032 -3.180155 14.282879 -0.826592 6.952497 -0.000001 -12.690587 -0.000001 15.999133 -17.749531 2.497411 1.665665 -1.955921 -2.878297 4.727793 -4.170581 4.993916 11.020511 0.000004 0.000001 12.109032 -3.735709 -2.866779 -0.000000 -0.000000 -0.000002 1.291985 -1.928548 -1.498088 14.800117 0.567468 3.865604 14.242554 -1.341734 -6.660648 19.631941 0.143925 -0.648241 49.948891 -0.753423 -5.932163 0.353027 -1.511148 -0.031939 20.222773 3.684306 2.316628 18.787249 0.000004 -0.000001 10.751611 -0.479869 1.397905 0.000001 0.000000 0.000002 3.273805 0.305947 -0.580110 21.486790 11.830360 2.266132 8.162916 0.000003 -0.000001 18.399055 -3.798977 -4.940567 0.000003 -0.000001 -0.000001 16.702991 10.484755 -33.941383 -0.658503 -1.223423 37.332813 -23.634272 -11.941862 2.669051 1.608222 -1.950425 -1.329373 0.000000 -0.000000 0.000002 -26.334948 -16.914032 0.943896 0.592094 1.707665 42.034126 19.482233 16.328194 -18.684826 -1.485932 0.888143 -5.475714 0.000000 0.000000 -0.000001 
-1.691627 88.361397 44.700806 2.246819 7.004380 -0.019854 0.416205 1.354201 3.615422 -0.320017 2.846255 -3.520400 -0.092554 1.187923 7.011589 -12.883065 11.515162 14.904657 1.045729 7.180115 -3.735196 -1.404185 7.328346 -9.708125 0.000077 -0.000024 0.000006 -0.009327 0.059252 0.011835 0.739946 -3.680247 -10.667653 -0.769038 3.790535 -10.653058 6.292404 -1.686839 7.057571 -53.227070 -38.404198 -25.402735 -179.402313 -42.120682 179.724106 9.640963 10.440675 17.377590 -5.882101 9.861279 0.702587 -10.936861 -0.360576 7.156196 -0.000000 8.774812 -0.000003 -16.711470 16.742167 5.538780 -1.844031 2.498503 -2.507274 -10.163589 4.678940 4.621106 -20.975996 -0.000003 0.000004 -21.226254 2.451692 -3.593991 0.000001 -0.000007 -0.000001 -1.362682 2.240796 -0.746324 -21.334887 0.584908 3.008320 -13.821195 -0.000000 0.000003 -23.887129 -0.249079 -0.839481 -60.766216 2.009378 -0.934082 -0.294026 1.679687 0.833255 -14.218192 0.093214 1.300578 -34.211998 -0.287564 0.967169 -20.033180 0.964533 1.212841 -0.000000 0.000002 -0.000000 -3.440385 0.788231 0.501657 -15.928171 -3.167306 2.999703 -6.338818 -0.000002 0.000002 -18.123415 3.648176 -4.905662 -0.000004 0.000003 -0.000002 -9.788161 17.321632 6.006709 57.946678 57.057770 -1.925931 -178.861664 57.183643 -178.884079 -8.728337 -12.251148 8.158257 2.243540 -5.255033 -3.180155 14.282878 -0.826595 6.952495 0.000001 -12.690592 0.000001 16.037403 -17.761528 2.504968 1.665665 -1.955920 -2.878294 4.727796 -4.170584 4.993919 11.020511 0.000003 0.000001 12.109033 -3.735711 -2.866777 -0.000001 0.000000 0.000000 1.291983 -1.928549 -1.498088 14.800114 0.567467 3.865604 14.242554 -1.341736 -6.660647 19.631941 0.143923 -0.648244 49.981300 -0.770033 -5.903865 0.353027 -1.511149 -0.031940 20.222767 3.684304 2.316629 18.787245 0.000003 0.000001 10.751612 -0.479869 1.397905 0.000000 0.000000 0.000001 3.273804 0.305946 -0.580110 21.486790 11.830360 2.266131 8.162917 0.000001 0.000000 18.399055 -3.798981 -4.940566 0.000003 -0.000002 -0.000001 16.642015 10.567094 -33.702557 -0.648964 -1.226286 37.088104 -23.644508 -11.869434 2.833349 1.607496 -1.945582 -1.310377 0.000000 -0.000000 0.000002 -26.427383 -16.862165 0.939898 0.592364 1.711931 42.082367 19.486364 16.409698 -18.285593 -1.480390 0.863163 -5.644342 -0.000000 -0.000000 -0.000001 
-1.674614 88.436684 44.678326 2.330448 6.890842 -0.069384 0.434767 1.341650 3.551573 -0.306009 2.836941 -3.535281 -0.033497 1.143528 7.006108 -12.912362 11.541801 14.931351 1.076416 7.199405 -3.732091 -1.497659 7.356153 -9.682949 0.000077 -0.000025 0.000006 -0.008276 0.049897 0.004704 0.741947 -3.688263 -10.676812 -0.774574 3.791491 -10.665576 6.208977 -1.643856 7.079688 -53.152626 -38.359009 -25.216051 -179.539520 -42.100998 179.816025 9.631984 10.374249 17.544695 -5.882102 9.861278 0.702589 -10.936859 -0.360576 7.156197 0.000000 8.774813 0.000000 -16.781866 16.760883 5.510611 -1.844030 2.498501 -2.507276 -10.163589 4.678940 4.621104 -20.975998 -0.000003 0.000002 -21.226255 2.451694 -3.593994 0.000001 -0.000008 -0.000001 -1.362681 2.240795 -0.746323 -21.334890 0.584909 3.008320 -13.821197 -0.000001 0.000003 -23.887131 -0.249079 -0.839481 -60.819157 2.011116 -0.915131 -0.294024 1.679687 0.833255 -14.218194 0.093215 1.300579 -34.212002 -0.287566 0.967169 -20.033178 0.964535 1.212842 0.000000 0.000001 0.000000 -3.440387 0.788233 0.501654 -15.928169 -3.167306 2.999702 -6.338819 0.000000 0.000003 -18.123415 3.648173 -4.905661 -0.000005 0.000001 -0.000002 -9.726607 17.324646 6.053120 58.069431 57.043964 -1.634679 -178.833435 57.093826 -178.837952 -8.676649 -12.098103 7.940561 2.243539 -5.255033 -3.180157 14.282877 -0.826594 6.952496 -0.000001 -12.690590 0.000001 16.098024 -17.751610 2.512190 1.665666 -1.955919 -2.878295 4.727796 -4.170584 4.993917 11.020510 0.000003 -0.000001 12.109030 -3.735709 -2.866779 -0.000000 0.000000 -0.000001 1.291983 -1.928548 -1.498087 14.800117 0.567468 3.865605 14.242553 -1.341735 -6.660646 19.631939 0.143925 -0.648243 49.991402 -0.768421 -5.909381 0.353030 -1.511150 -0.031941 20.222767 3.684306 2.316629 18.787247 0.000004 0.000001 10.751610 -0.479868 1.397904 0.000001 0.000000 0.000000 3.273806 0.305946 -0.580110 21.486794 11.830361 2.266132 8.162916 0.000002 -0.000001 18.399055 -3.798980 -4.940566 0.000003 -0.000001 -0.000001 16.552071 10.643404 -33.488537 -0.654049 -1.220948 36.874039 -23.645300 -11.755929 2.994821 1.611618 -1.955870 -1.298504 0.000000 -0.000000 0.000002 -26.541803 -16.750658 0.870018 0.592110 1.708161 42.204407 19.484333 16.442562 -17.822929 -1.476228 0.843626 -5.843645 -0.000000 -0.000000 -0.000001 
-1.603495 88.505623 44.687141 2.424863 6.768597 -0.115995 0.447539 1.328941 3.496520 -0.286537 2.818806 -3.548769 0.010355 1.119895 7.003005 -12.930653 11.570267 14.965572 1.088735 7.223061 -3.719569 -1.616482 7.416644 -9.632380 0.000077 -0.000026 0.000006 -0.002255 0.039457 0.002595 0.746839 -3.698580 -10.673649 -0.768421 3.763442 -10.663829 6.164055 -1.582670 7.094378 -53.072433 -38.292946 -25.037767 -179.649582 -42.075657 179.873596 9.595379 10.324017 17.655922 -5.882099 9.861278 0.702590 -10.936861 -0.360574 7.156199 0.000001 8.774814 0.000000 -16.834770 16.793041 5.495655 -1.844030 2.498502 -2.507277 -10.163589 4.678941 4.621105 -20.975996 -0.000002 0.000004 -21.226254 2.451692 -3.593992 0.000001 -0.000008 -0.000000 -1.362681 2.240796 -0.746322 -21.334892 0.584909 3.008323 -13.821199 -0.000002 0.000004 -23.887133 -0.249076 -0.839477 -60.834511 2.012786 -0.915339 -0.294022 1.679687 0.833256 -14.218195 0.093213 1.300580 -34.211998 -0.287564 0.967175 -20.033180 0.964535 1.212844 0.000000 0.000002 0.000000 -3.440386 0.788233 0.501656 -15.928169 -3.167307 2.999705 -6.338818 -0.000001 0.000002 -18.123415 3.648175 -4.905660 -0.000004 0.000003 -0.000002 -9.672860 17.327293 6.047098 58.221539 57.029209 -1.319095 -178.857147 57.009159 -178.840668 -8.650719 -11.980187 7.765935 2.243537 -5.255030 -3.180155 14.282873 -0.826593 6.952495 -0.000002 -12.690592 -0.000001 16.158792 -17.752626 2.526156 1.665664 -1.955919 -2.878296 4.727793 -4.170584 4.993918 11.020510 0.000004 -0.000001 12.109032 -3.735709 -2.866780 -0.000000 0.000000 0.000000 1.291983 -1.928548 -1.498088 14.800111 0.567469 3.865603 14.242553 -1.341734 -6.660650 19.631939 0.143926 -0.648243 49.991432 -0.772638 -5.908979 0.353028 -1.511148 -0.031940 20.222769 3.684307 2.316629 18.787245 0.000005 -0.000000 10.751610 -0.479867 1.397904 0.000001 -0.000000 0.000001 3.273803 0.305947 -0.580111 21.486790 11.830363 2.266129 8.162915 0.000002 -0.000001 18.399052 -3.798979 -4.940568 0.000003 0.000000 -0.000001 16.423332 10.716907 -33.293297 -0.672633 -1.228976 36.751129 -23.639271 -11.626600 3.046990 1.614998 -1.969411 -1.290554 0.000000 -0.000000 0.000002 -26.689405 -16.595751 0.860540 0.592624 1.716337 42.219784 19.482063 16.434116 -17.395023 -1.473252 0.824181 -6.116273 -0.000000 -0.000000 -0.000001 
-1.494987 88.557632 44.657642 2.527501 6.655694 -0.148187 0.456443 1.303952 3.445087 -0.275681 2.822514 -3.562064 0.061592 1.088864 7.008585 -12.941991 11.629008 15.022256 1.098493 7.219464 -3.728837 -1.715580 7.471928 -9.551998 0.000077 -0.000025 0.000006 0.001711 0.009318 0.004998 0.752854 -3.733204 -10.689645 -0.762726 3.737721 -10.676523 6.125685 -1.502416 7.152816 -52.993008 -38.272392 -24.898848 -179.733749 -42.078777 179.948547 9.594359 10.261876 17.775051 -5.882099 9.861279 0.702590 -10.936862 -0.360575 7.156200 -0.000000 8.774816 -0.000001 -16.862677 16.802868 5.460017 -1.844031 2.498501 -2.507277 -10.163591 4.678940 4.621105 -20.975996 -0.000004 0.000004 -21.226255 2.451692 -3.593992 0.000001 -0.000009 -0.000000 -1.362680 2.240796 -0.746323 -21.334894 0.584905 3.008323 -13.821197 -0.000003 0.000004 -23.887135 -0.249078 -0.839477 -60.822769 1.991374 -0.933153 -0.294024 1.679688 0.833257 -14.218194 0.093213 1.300581 -34.212002 -0.287569 0.967173 -20.033182 0.964536 1.212844 0.000000 0.000002 0.000000 -3.440387 0.788232 0.501657 -15.928171 -3.167309 2.999705 -6.338817 -0.000001 0.000003 -18.123415 3.648175 -4.905660 -0.000003 0.000003 -0.000002 -9.611189 17.321457 6.010327 58.416679 57.013775 -0.927710 -178.746017 56.931515 -178.793991 -8.592926 -11.887869 7.636065 2.243541 -5.255030 -3.180153 14.282878 -0.826593 6.952496 -0.000001 -12.690590 0.000003 16.165714 -17.732706 2.544925 1.665665 -1.955919 -2.878295 4.727794 -4.170584 4.993918 11.020514 0.000003 -0.000001 12.109034 -3.735708 -2.866779 -0.000001 0.000000 0.000000 1.291985 -1.928547 -1.498087 14.800114 0.567467 3.865604 14.242556 -1.341734 -6.660646 19.631941 0.143927 -0.648242 49.963264 -0.765573 -5.912744 0.353027 -1.511148 -0.031940 20.222773 3.684306 2.316627 18.787249 0.000004 -0.000001 10.751613 -0.479868 1.397904 0.000001 -0.000000 0.000001 3.273805 0.305947 -0.580111 21.486794 11.830360 2.266129 8.162917 0.000001 -0.000002 18.399057 -3.798979 -4.940568 0.000003 -0.000001 -0.000001 16.253277 10.767677 -33.156269 -0.683808 -1.225565 36.656139 -23.588614 -11.478220 3.030281 1.619259 -1.976317 -1.261960 0.000000 -0.000000 0.000002 -26.846947 -16.414604 0.802348 0.588836 1.721923 42.250553 19.483221 16.332787 -17.038918 -1.469018 0.811132 -6.311848 -0.000000 -0.000000 -0.000001 
-1.362853 88.606979 44.655041 2.620917 6.553989 -0.168032 0.460104 1.289775 3.404254 -0.267013 2.811773 -3.583321 0.115917 1.081878 7.015599 -12.930889 11.635119 15.104720 1.108316 7.272870 -3.714848 -1.830543 7.512626 -9.459415 0.000077 -0.000023 0.000006 0.005287 -0.010585 -0.003162 0.754047 -3.738516 -10.704727 -0.757559 3.735398 -10.690078 6.097960 -1.452381 7.225628 -52.869129 -38.263454 -24.848545 -179.771286 -42.104057 179.981110 9.650634 10.251293 17.876713 -5.882102 9.861279 0.702589 -10.936859 -0.360573 7.156196 0.000001 8.774813 -0.000002 -16.883158 16.830854 5.444859 -1.844031 2.498503 -2.507276 -10.163589 4.678941 4.621104 -20.975994 -0.000002 0.000003 -21.226254 2.451692 -3.593994 0.000000 -0.000007 -0.000001 -1.362681 2.240798 -0.746321 -21.334887 0.584909 3.008321 -13.821197 -0.000002 0.000003 -23.887131 -0.249077 -0.839481 -60.807423 1.994175 -0.974073 -0.294025 1.679687 0.833255 -14.218190 0.093214 1.300578 -34.211998 -0.287563 0.967170 -20.033176 0.964533 1.212841 0.000000 0.000001 0.000000 -3.440386 0.788234 0.501652 -15.928167 -3.167306 2.999703 -6.338817 0.000000 0.000002 -18.123413 3.648176 -4.905663 -0.000004 0.000002 -0.000002 -9.544401 17.293274 5.979196 58.651909 57.028645 -0.586824 -178.723434 56.882084 -178.812057 -8.545102 -11.839043 7.486273 2.243539 -5.255032 -3.180154 14.282877 -0.826594 6.952495 -0.000002 -12.690590 0.000002 16.151505 -17.748276 2.550581 1.665666 -1.955920 -2.878298 4.727791 -4.170582 4.993918 11.020512 0.000003 -0.000001 12.109029 -3.735709 -2.866781 -0.000000 0.000000 -0.000003 1.291983 -1.928546 -1.498087 14.800111 0.567467 3.865602 14.242553 -1.341734 -6.660649 19.631939 0.143927 -0.648247 49.960613 -0.739880 -5.904398 0.353028 -1.511149 -0.031940 20.222769 3.684304 2.316626 18.787245 0.000004 -0.000002 10.751610 -0.479867 1.397903 0.000001 0.000000 0.000001 3.273805 0.305947 -0.580110 21.486790 11.830360 2.266127 8.162918 0.000002 -0.000002 18.399054 -3.798980 -4.940569 0.000003 -0.000001 -0.000001 16.078669 10.819014 -33.075588 -0.691109 -1.222383 36.668819 -23.523291 -11.356897 3.005686 1.622082 -1.980630 -1.240157 0.000000 -0.000000 0.000002 -27.001562 -16.219259 0.781901 0.582484 1.723508 42.219875 19.550779 16.220312 -16.669338 -1.469445 0.810282 -6.431923 -0.000000 -0.000000 -0.000001 
-1.236685 88.646774 44.655533 2.696182 6.461303 -0.198611 0.472273 1.261792 3.376756 -0.265355 2.805201 -3.603037 0.171541 1.072229 7.046975 -12.913129 11.622719 15.173701 1.118460 7.307642 -3.693419 -1.948202 7.602362 -9.391422 0.000077 -0.000024 0.000006 0.005287 0.000301 -0.005538 0.752153 -3.752335 -10.730685 -0.754060 3.734433 -10.707194 6.076666 -1.388142 7.310484 -52.661385 -38.278412 -24.899841 -179.799088 -42.126595 179.997177 9.723787 10.296363 17.976686 -5.882101 9.861278 0.702588 -10.936860 -0.360574 7.156197 -0.000002 8.774814 -0.000001 -16.898304 16.800835 5.415713 -1.844031 2.498502 -2.507273 -10.163592 4.678938 4.621105 -20.975998 -0.000001 0.000003 -21.226259 2.451694 -3.593992 0.000000 -0.000007 -0.000000 -1.362682 2.240797 -0.746322 -21.334894 0.584911 3.008322 -13.821199 -0.000002 0.000003 -23.887133 -0.249076 -0.839480 -60.723877 1.984029 -0.952235 -0.294025 1.679686 0.833254 -14.218194 0.093215 1.300580 -34.212006 -0.287561 0.967168 -20.033180 0.964537 1.212841 0.000000 0.000002 0.000000 -3.440386 0.788233 0.501656 -15.928173 -3.167306 2.999705 -6.338818 0.000000 0.000002 -18.123415 3.648176 -4.905662 -0.000005 0.000002 -0.000001 -9.492305 17.280210 5.941695 58.779205 57.055832 -0.359327 -178.587601 56.823875 -178.813309 -8.485341 -11.834605 7.314948 2.243540 -5.255033 -3.180156 14.282877 -0.826594 6.952497 -0.000002 -12.690590 0.000001 16.132666 -17.723694 2.567920 1.665665 -1.955921 -2.878296 4.727792 -4.170582 4.993917 11.020509 0.000003 -0.000001 12.109032 -3.735711 -2.866781 -0.000000 0.000000 -0.000000 1.291984 -1.928548 -1.498089 14.800109 0.567467 3.865604 14.242550 -1.341734 -6.660651 19.631937 0.143925 -0.648242 49.963097 -0.703803 -5.855649 0.353030 -1.511151 -0.031940 20.222765 3.684307 2.316628 18.787245 0.000004 -0.000000 10.751610 -0.479868 1.397903 0.000001 -0.000001 0.000001 3.273803 0.305948 -0.580111 21.486788 11.830365 2.266133 8.162916 0.000000 -0.000001 18.399054 -3.798980 -4.940568 0.000003 0.000000 -0.000002 15.933667 10.843912 -33.016819 -0.689265 -1.215757 36.735435 -23.460348 -11.250102 2.979752 1.620664 -1.984314 -1.195119 0.000000 -0.000000 0.000002 -27.140043 -16.033968 0.768199 0.590051 1.741198 42.214077 19.570553 16.107302 -16.323429 -1.465684 0.809524 -6.497214 -0.000000 -0.000000 -0.000001 
-1.142299 88.671181 44.645828 2.757939 6.341381 -0.227359 0.481675 1.240842 3.359998 -0.252589 2.800399 -3.614867 0.221173 1.064597 7.061264 -12.914632 11.646633 15.244203 1.138026 7.363307 -3.671009 -2.056506 7.679561 -9.354886 0.000077 -0.000025 0.000006 0.005286 0.000514 -0.002118 0.749638 -3.745752 -10.733867 -0.755440 3.752069 -10.709795 6.042307 -1.310859 7.366752 -52.542885 -38.226635 -24.989563 -179.692383 -42.113808 179.949417 9.813839 10.397545 17.979824 -5.882102 9.861278 0.702591 -10.936859 -0.360574 7.156198 -0.000001 8.774814 -0.000000 -16.948656 16.802258 5.392871 -1.844031 2.498502 -2.507276 -10.163589 4.678942 4.621106 -20.975998 -0.000003 0.000002 -21.226255 2.451690 -3.593992 0.000000 -0.000006 -0.000000 -1.362680 2.240796 -0.746321 -21.334896 0.584909 3.008321 -13.821198 -0.000002 0.000004 -23.887133 -0.249079 -0.839480 -60.712040 1.988861 -0.961346 -0.294025 1.679687 0.833257 -14.218190 0.093213 1.300578 -34.212006 -0.287564 0.967169 -20.033180 0.964534 1.212841 0.000000 0.000002 0.000000 -3.440388 0.788232 0.501655 -15.928167 -3.167306 2.999703 -6.338819 0.000001 0.000001 -18.123415 3.648176 -4.905662 -0.000005 0.000003 -0.000001 -9.450898 17.298960 5.907073 59.015182 57.098057 -0.190791 -178.762680 56.802013 -179.021454 -8.418492 -11.866369 7.043297 2.243539 -5.255033 -3.180156 14.282875 -0.826593 6.952498 -0.000001 -12.690591 0.000001 16.105988 -17.747261 2.575268 1.665665 -1.955920 -2.878296 4.727794 -4.170584 4.993919 11.020510 0.000003 -0.000001 12.109030 -3.735710 -2.866780 -0.000000 0.000000 0.000000 1.291986 -1.928548 -1.498087 14.800113 0.567466 3.865604 14.242553 -1.341736 -6.660649 19.631939 0.143924 -0.648245 49.964432 -0.698328 -5.845448 0.353029 -1.511150 -0.031939 20.222767 3.684305 2.316629 18.787245 0.000003 -0.000000 10.751610 -0.479869 1.397904 0.000001 -0.000001 0.000003 3.273803 0.305946 -0.580109 21.486790 11.830360 2.266132 8.162916 0.000003 0.000000 18.399050 -3.798980 -4.940566 0.000003 -0.000002 -0.000001 15.832777 10.887802 -32.914364 -0.691896 -1.194816 36.717632 -23.450905 -11.128056 2.891140 1.622583 -2.000363 -1.132237 0.000000 -0.000000 0.000002 -27.230690 -15.836981 0.715570 0.585330 1.751065 42.227375 19.620211 16.006720 -16.096775 -1.465697 0.813869 -6.481815 -0.000000 -0.000000 -0.000000 
-1.081942 88.700455 44.621342 2.806940 6.247128 -0.232772 0.488562 1.223778 3.350955 -0.241464 2.788595 -3.632583 0.274757 1.051409 7.084696 -12.914024 11.655470 15.317341 1.142877 7.396180 -3.653673 -2.161908 7.731086 -9.326218 0.000077 -0.000024 0.000006 -0.000650 0.017557 0.001659 0.745440 -3.729585 -10.746532 -0.759033 3.755550 -10.714440 6.021786 -1.254487 7.430543 -52.419552 -38.181736 -25.079836 -179.657135 -42.116528 179.924225 9.873736 10.508960 17.939236 -5.882101 9.861279 0.702590 -10.936857 -0.360577 7.156199 -0.000004 8.774814 -0.000002 -16.938620 16.760679 5.408815 -1.844031 2.498502 -2.507275 -10.163589 4.678941 4.621103 -20.975994 -0.000001 0.000005 -21.226254 2.451698 -3.593994 -0.000000 -0.000006 -0.000000 -1.362681 2.240797 -0.746322 -21.334887 0.584910 3.008322 -13.821197 -0.000001 0.000004 -23.887133 -0.249076 -0.839479 -60.713425 1.967535 -0.946252 -0.294024 1.679687 0.833254 -14.218192 0.093216 1.300581 -34.212006 -0.287562 0.967171 -20.033178 0.964537 1.212841 0.000000 0.000001 0.000000 -3.440385 0.788232 0.501655 -15.928171 -3.167306 2.999704 -6.338818 0.000000 0.000003 -18.123415 3.648179 -4.905661 -0.000004 0.000003 -0.000001 -9.417001 17.293428 5.869349 59.205544 57.155983 -0.124932 -178.976929 56.828709 -179.244537 -8.348005 -11.878077 6.793105 2.243539 -5.255032 -3.180155 14.282877 -0.826592 6.952496 -0.000003 -12.690586 0.000001 16.052414 -17.754395 2.558630 1.665666 -1.955919 -2.878298 4.727793 -4.170582 4.993918 11.020510 0.000004 -0.000000 12.109029 -3.735708 -2.866778 0.000001 -0.000000 -0.000001 1.291984 -1.928548 -1.498088 14.800114 0.567468 3.865604 14.242554 -1.341733 -6.660649 19.631939 0.143927 -0.648243 49.961563 -0.690064 -5.865626 0.353029 -1.511149 -0.031941 20.222769 3.684308 2.316626 18.787245 0.000006 -0.000001 10.751610 -0.479867 1.397905 0.000000 -0.000000 0.000001 3.273805 0.305947 -0.580111 21.486792 11.830362 2.266130 8.162916 0.000005 0.000000 18.399054 -3.798978 -4.940567 0.000003 -0.000001 -0.000000 15.751630 10.917136 -32.833473 -0.676687 -1.171016 36.641270 -23.475143 -10.984144 2.871131 1.619149 -2.012309 -1.084167 -0.000000 0.000000 0.000002 -27.287846 -15.690086 0.628493 0.583134 1.750980 42.271557 19.662781 15.926484 -15.881558 -1.464848 0.821437 -6.495436 -0.000000 -0.000000 0.000000 
-1.088956 88.738914 44.610516 2.839811 6.143353 -0.238664 0.496417 1.212170 3.348032 -0.235479 2.790764 -3.637378 0.331639 1.025756 7.100849 -12.933290 11.668917 15.378648 1.148634 7.419391 -3.643870 -2.256415 7.827255 -9.279751 0.000077 -0.000025 0.000006 -0.004231 0.017589 0.007221 0.743855 -3.733765 -10.755930 -0.763711 3.761890 -10.717594 5.988091 -1.186983 7.514503 -52.290783 -38.146091 -25.172009 -179.575867 -42.111458 179.886292 9.918526 10.589631 17.867073 -5.882100 9.861278 0.702590 -10.936857 -0.360576 7.156196 -0.000001 8.774813 -0.000000 -16.976488 16.756170 5.427976 -1.844031 2.498503 -2.507276 -10.163587 4.678939 4.621101 -20.975996 -0.000003 0.000001 -21.226250 2.451692 -3.593994 -0.000000 -0.000008 -0.000001 -1.362681 2.240797 -0.746324 -21.334887 0.584909 3.008319 -13.821195 -0.000002 0.000003 -23.887131 -0.249079 -0.839481 -60.753742 1.961154 -0.926446 -0.294026 1.679686 0.833256 -14.218192 0.093214 1.300579 -34.211998 -0.287567 0.967168 -20.033178 0.964534 1.212841 0.000000 0.000002 0.000000 -3.440386 0.788232 0.501655 -15.928167 -3.167306 2.999704 -6.338817 0.000000 0.000001 -18.123413 3.648176 -4.905662 -0.000004 0.000003 -0.000001 -9.385926 17.284487 5.856657 59.395630 57.241871 -0.006476 -179.073837 56.878891 -179.336517 -8.270693 -11.861848 6.556895 2.243541 -5.255033 -3.180155 14.282878 -0.826596 6.952496 -0.000001 -12.690590 0.000002 16.004993 -17.773407 2.550912 1.665664 -1.955921 -2.878297 4.727793 -4.170583 4.993920 11.020510 0.000004 0.000000 12.109031 -3.735709 -2.866779 -0.000001 -0.000000 0.000000 1.291985 -1.928548 -1.498088 14.800113 0.567468 3.865603 14.242553 -1.341735 -6.660648 19.631941 0.143925 -0.648243 49.943001 -0.699255 -5.906756 0.353029 -1.511149 -0.031941 20.222767 3.684306 2.316628 18.787247 0.000003 -0.000000 10.751610 -0.479868 1.397903 0.000001 -0.000001 0.000001 3.273803 0.305946 -0.580112 21.486792 11.830361 2.266130 8.162916 0.000002 0.000001 18.399052 -3.798979 -4.940569 0.000003 0.000000 -0.000002 15.746368 10.930542 -32.701328 -0.678143 -1.160056 36.484955 -23.508314 -10.856536 2.907704 1.618648 -2.016599 -1.066245 0.000000 -0.000000 0.000002 -27.300575 -15.587199 0.539607 0.580238 1.739516 42.333336 19.649570 15.907363 -15.695785 -1.467369 0.825051 -6.568058 -0.000000 -0.000000 0.000000 
-1.100338 88.785706 44.574631 2.855989 6.016439 -0.229516 0.511835 1.211094 3.347953 -0.218271 2.796163 -3.632809 0.380183 0.991857 7.103078 -12.991401 11.736100 15.438167 1.154816 7.419256 -3.619961 -2.329547 7.920220 -9.265204 0.000077 -0.000024 0.000006 -0.002719 0.019830 0.004873 0.745004 -3.725708 -10.751129 -0.767660 3.776294 -10.710852 5.953079 -1.113115 7.587077 -52.233189 -38.068836 -25.153318 -179.562958 -42.084644 179.883560 9.939503 10.694503 17.866665 -5.882100 9.861278 0.702590 -10.936861 -0.360574 7.156198 0.000001 8.774815 -0.000000 -16.979794 16.766945 5.455890 -1.844030 2.498504 -2.507274 -10.163591 4.678941 4.621103 -20.975996 -0.000005 0.000004 -21.226254 2.451691 -3.593992 0.000000 -0.000007 -0.000001 -1.362680 2.240796 -0.746325 -21.334892 0.584907 3.008321 -13.821197 -0.000002 0.000003 -23.887131 -0.249076 -0.839480 -60.873096 1.938359 -0.902094 -0.294023 1.679685 0.833256 -14.218194 0.093214 1.300580 -34.212002 -0.287566 0.967172 -20.033180 0.964534 1.212843 -0.000000 0.000002 -0.000000 -3.440386 0.788233 0.501656 -15.928167 -3.167306 2.999705 -6.338817 -0.000001 0.000002 -18.123413 3.648176 -4.905659 -0.000004 0.000002 -0.000002 -9.362644 17.276033 5.829330 59.587822 57.282894 0.223849 -179.050964 56.940361 -179.303207 -8.159607 -11.811215 6.372010 2.243539 -5.255033 -3.180155 14.282877 -0.826593 6.952496 -0.000002 -12.690592 0.000001 15.933203 -17.792719 2.591819 1.665664 -1.955920 -2.878296 4.727792 -4.170584 4.993918 11.020513 0.000004 0.000000 12.109030 -3.735709 -2.866779 0.000000 -0.000000 -0.000001 1.291984 -1.928548 -1.498087 14.800113 0.567469 3.865603 14.242554 -1.341735 -6.660651 19.631941 0.143926 -0.648244 49.951347 -0.741021 -5.928570 0.353029 -1.511150 -0.031941 20.222769 3.684307 2.316627 18.787245 0.000004 0.000001 10.751611 -0.479868 1.397905 0.000000 0.000000 0.000002 3.273804 0.305946 -0.580110 21.486788 11.830366 2.266132 8.162917 0.000001 0.000000 18.399052 -3.798981 -4.940567 0.000003 -0.000001 -0.000001 15.744133 10.968883 -32.566311 -0.665650 -1.162784 36.267723 -23.573643 -10.736082 2.969057 1.616894 -2.016943 -1.066764 -0.000000 0.000000 0.000002 -27.281227 -15.521132 0.411715 0.560162 1.740756 42.367313 19.683567 15.942836 -15.520884 -1.466777 0.823903 -6.696873 -0.000000 -0.000000 -0.000001 
-1.135585 88.857414 44.508644 2.857575 5.852637 -0.215172 0.540412 1.222283 3.345575 -0.210262 2.791677 -3.616902 0.437768 0.971202 7.102921 -13.040807 11.819838 15.534229 1.153722 7.407137 -3.625229 -2.399549 8.014215 -9.256279 0.000077 -0.000024 0.000006 -0.009322 0.039076 0.011773 0.736679 -3.710222 -10.727765 -0.768271 3.773426 -10.688344 5.927134 -1.046932 7.644012 -52.177811 -37.939457 -25.076021 -179.648254 -42.053741 179.955978 9.976551 10.791210 17.884378 -5.882101 9.861278 0.702588 -10.936858 -0.360576 7.156195 -0.000000 8.774814 -0.000002 -17.022533 16.774549 5.465665 -1.844033 2.498502 -2.507275 -10.163589 4.678939 4.621101 -20.975996 -0.000002 0.000000 -21.226254 2.451690 -3.593995 0.000000 -0.000008 -0.000001 -1.362681 2.240799 -0.746321 -21.334890 0.584906 3.008318 -13.821197 -0.000002 0.000002 -23.887131 -0.249081 -0.839481 -60.968868 1.928600 -0.891178 -0.294025 1.679686 0.833255 -14.218195 0.093212 1.300577 -34.211998 -0.287566 0.967167 -20.033180 0.964532 1.212841 0.000000 0.000001 0.000000 -3.440386 0.788232 0.501655 -15.928167 -3.167306 2.999702 -6.338818 0.000000 0.000000 -18.123415 3.648177 -4.905664 -0.000004 0.000003 -0.000002 -9.328076 17.298216 5.818998 59.635452 57.321308 0.333180 -178.986633 56.998566 -179.310822 -8.052884 -11.735957 6.206553 2.243539 -5.255033 -3.180155 14.282877 -0.826593 6.952496 -0.000001 -12.690590 -0.000001 15.911188 -17.783140 2.598762 1.665663 -1.955920 -2.878297 4.727793 -4.170583 4.993918 11.020508 0.000004 0.000001 12.109034 -3.735710 -2.866780 -0.000000 -0.000000 -0.000001 1.291985 -1.928548 -1.498090 14.800111 0.567469 3.865604 14.242553 -1.341734 -6.660647 19.631937 0.143925 -0.648241 49.958527 -0.775699 -5.943292 0.353028 -1.511149 -0.031939 20.222767 3.684307 2.316630 18.787245 0.000005 0.000003 10.751610 -0.479868 1.397905 0.000001 0.000000 0.000001 3.273804 0.305947 -0.580109 21.486792 11.830362 2.266133 8.162917 0.000001 0.000000 18.399052 -3.798977 -4.940567 0.000003 0.000000 -0.000001 15.775009 11.029279 -32.399979 -0.657676 -1.163857 35.963356 -23.630629 -10.622505 3.139275 1.614178 -2.012640 -1.077182 -0.000000 -0.000000 0.000002 -27.252064 -15.498388 0.236474 0.564575 1.738128 42.407337 19.683414 16.044428 -15.284620 -1.468633 0.828941 -6.857839 -0.000000 -0.000000 -0.000001 
-1.181449 88.926338 44.352497 2.844359 5.681763 -0.198295 0.568136 1.233715 3.349985 -0.201271 2.794127 -3.614670 0.491503 0.951482 7.106082 -13.068425 11.891028 15.648652 1.146736 7.413848 -3.639799 -2.473931 8.123142 -9.211485 0.000077 -0.000024 0.000006 -0.010997 0.039056 0.015255 0.734811 -3.701149 -10.707159 -0.772017 3.770719 -10.668418 5.887974 -0.968131 7.688772 -52.128807 -37.810692 -24.941393 -179.710129 -42.027912 179.980743 10.051220 10.871765 17.858015 -5.882102 9.861279 0.702589 -10.936855 -0.360576 7.156193 -0.000002 8.774815 -0.000000 -17.009420 16.832136 5.493916 -1.844031 2.498503 -2.507275 -10.163589 4.678942 4.621102 -20.975992 0.000000 0.000000 -21.226254 2.451694 -3.593996 0.000000 -0.000007 -0.000001 -1.362681 2.240798 -0.746324 -21.334887 0.584910 3.008318 -13.821197 -0.000001 0.000003 -23.887125 -0.249078 -0.839483 -61.058876 1.946074 -0.876503 -0.294026 1.679687 0.833254 -14.218190 0.093215 1.300578 -34.211998 -0.287563 0.967165 -20.033178 0.964536 1.212840 0.000000 0.000000 0.000000 -3.440384 0.788234 0.501656 -15.928167 -3.167305 2.999702 -6.338819 0.000001 0.000001 -18.123415 3.648178 -4.905666 -0.000005 0.000002 -0.000002 -9.273489 17.335150 5.804176 59.577770 57.323536 0.455651 -178.690308 57.058708 -179.140167 -7.926894 -11.613106 6.135838 2.243539 -5.255034 -3.180156 14.282875 -0.826593 6.952496 -0.000003 -12.690592 0.000002 15.933545 -17.794737 2.613893 1.665667 -1.955920 -2.878298 4.727790 -4.170582 4.993918 11.020507 0.000005 -0.000002 12.109028 -3.735709 -2.866779 -0.000000 0.000000 -0.000000 1.291985 -1.928548 -1.498089 14.800111 0.567468 3.865603 14.242553 -1.341733 -6.660650 19.631933 0.143927 -0.648242 50.006863 -0.827486 -5.940197 0.353028 -1.511149 -0.031940 20.222763 3.684308 2.316630 18.787245 0.000004 0.000001 10.751610 -0.479866 1.397904 0.000001 -0.000000 0.000002 3.273805 0.305948 -0.580110 21.486790 11.830366 2.266131 8.162917 0.000002 0.000000 18.399052 -3.798979 -4.940566 0.000003 0.000001 0.000000 15.805694 11.121930 -32.283268 -0.658652 -1.182297 35.620544 -23.655905 -10.489290 3.410730 1.619315 -2.002822 -1.112019 -0.000000 -0.000000 0.000002 -27.192318 -15.518026 -0.054934 0.564080 1.744676 42.538448 19.650982 16.116177 -15.091602 -1.467815 0.817684 -7.009258 -0.000000 -0.000000 -0.000001 
-1.236780 88.978294 44.188221 2.830800 5.485741 -0.181217 0.600856 1.239884 3.350971 -0.192775 2.779614 -3.610308 0.540996 0.957157 7.099355 -13.104941 11.989871 15.754935 1.157889 7.436900 -3.646871 -2.518911 8.190554 -9.150630 0.000077 -0.000024 0.000006 -0.011375 0.049910 0.011493 0.734675 -3.689496 -10.694247 -0.772797 3.781733 -10.656549 5.834476 -0.896992 7.702914 -52.142403 -37.650337 -24.766911 -179.810455 -41.991989 -179.950134 10.094807 10.926225 17.881681 -5.882102 9.861279 0.702590 -10.936859 -0.360574 7.156199 -0.000001 8.774814 -0.000002 -17.047407 16.868748 5.456248 -1.844031 2.498503 -2.507277 -10.163592 4.678941 4.621107 -20.975996 -0.000000 0.000004 -21.226254 2.451694 -3.593992 0.000000 -0.000008 -0.000001 -1.362679 2.240796 -0.746321 -21.334890 0.584908 3.008321 -13.821197 -0.000002 0.000004 -23.887131 -0.249076 -0.839481 -61.122662 1.949235 -0.890439 -0.294026 1.679686 0.833255 -14.218192 0.093214 1.300581 -34.212002 -0.287561 0.967170 -20.033178 0.964536 1.212842 0.000000 0.000002 0.000000 -3.440386 0.788232 0.501654 -15.928169 -3.167307 2.999704 -6.338818 0.000000 0.000002 -18.123415 3.648178 -4.905661 -0.000005 0.000003 -0.000001 -9.224055 17.377228 5.773356 59.604839 57.308475 0.537941 -178.653519 57.124825 -179.073334 -7.855293 -11.490754 5.948137 2.243540 -5.255033 -3.180155 14.282875 -0.826595 6.952496 -0.000002 -12.690591 0.000001 16.005535 -17.798544 2.613049 1.665664 -1.955920 -2.878296 4.727792 -4.170583 4.993918 11.020511 0.000003 -0.000001 12.109030 -3.735708 -2.866778 -0.000000 -0.000000 -0.000002 1.291984 -1.928548 -1.498089 14.800113 0.567468 3.865606 14.242553 -1.341733 -6.660646 19.631939 0.143926 -0.648242 50.062893 -0.851338 -5.957982 0.353028 -1.511150 -0.031939 20.222769 3.684304 2.316629 18.787245 0.000004 0.000002 10.751610 -0.479867 1.397905 0.000001 0.000000 0.000001 3.273803 0.305948 -0.580110 21.486790 11.830360 2.266133 8.162916 0.000003 0.000000 18.399054 -3.798980 -4.940567 0.000003 0.000001 -0.000002 15.857398 11.165079 -32.155945 -0.642192 -1.191071 35.269184 -23.686581 -10.324778 3.604629 1.623285 -1.993683 -1.141621 0.000000 -0.000000 0.000002 -27.139202 -15.554541 -0.357641 0.581107 1.750453 42.656586 19.629854 16.169661 -15.020476 -1.469877 0.816489 -7.112399 -0.000000 -0.000000 -0.000000 
-1.277830 89.013901 44.083401 2.817617 5.317071 -0.180324 0.638903 1.218002 3.349349 -0.183510 2.799951 -3.610247 0.578340 0.937662 7.106269 -13.115532 12.027600 15.886356 1.146052 7.501267 -3.672858 -2.550726 8.255446 -9.080873 0.000077 -0.000023 0.000006 -0.020001 0.068715 0.013189 0.731967 -3.677342 -10.700483 -0.777298 3.783738 -10.661423 5.788317 -0.835257 7.707384 -52.068275 -37.518425 -24.676249 -179.961304 -42.004719 -179.883041 10.117232 10.956394 17.803968 -5.882103 9.861280 0.702591 -10.936858 -0.360577 7.156197 -0.000002 8.774815 -0.000001 -16.987278 16.874559 5.468280 -1.844031 2.498502 -2.507276 -10.163592 4.678940 4.621103 -20.975994 -0.000001 0.000000 -21.226255 2.451691 -3.593994 0.000000 -0.000008 -0.000000 -1.362682 2.240797 -0.746320 -21.334892 0.584909 3.008319 -13.821198 -0.000000 0.000004 -23.887133 -0.249079 -0.839482 -61.073658 1.963701 -0.914494 -0.294023 1.679685 0.833257 -14.218194 0.093214 1.300579 -34.212009 -0.287563 0.967168 -20.033182 0.964536 1.212841 0.000001 0.000001 0.000000 -3.440386 0.788233 0.501655 -15.928167 -3.167305 2.999702 -6.338817 -0.000002 0.000001 -18.123415 3.648177 -4.905660 -0.000005 0.000002 -0.000001 -9.176412 17.393606 5.729283 59.606976 57.288670 0.605027 -178.592590 57.222878 -179.042191 -7.781291 -11.319285 5.706760 2.243539 -5.255033 -3.180155 14.282873 -0.826592 6.952496 -0.000004 -12.690588 0.000001 16.046850 -17.783916 2.620387 1.665665 -1.955919 -2.878296 4.727794 -4.170582 4.993915 11.020513 0.000004 0.000001 12.109031 -3.735709 -2.866779 -0.000001 -0.000000 0.000000 1.291985 -1.928548 -1.498088 14.800113 0.567470 3.865604 14.242553 -1.341733 -6.660648 19.631939 0.143927 -0.648241 50.084358 -0.880215 -5.947220 0.353031 -1.511150 -0.031941 20.222771 3.684308 2.316629 18.787245 0.000005 -0.000000 10.751610 -0.479868 1.397906 0.000000 0.000001 0.000002 3.273803 0.305946 -0.580109 21.486794 11.830362 2.266130 8.162915 0.000003 0.000001 18.399050 -3.798978 -4.940564 0.000003 0.000001 -0.000001 15.929633 11.147301 -32.040733 -0.637966 -1.190518 35.042480 -23.680317 -10.181895 3.698818 1.627141 -1.982671 -1.189541 0.000000 -0.000000 0.000002 -27.107042 -15.603421 -0.540034 0.584163 1.761297 42.677933 19.617348 16.213806 -15.021180 -1.465744 0.797256 -7.079041 0.000000 0.000000 -0.000001 
-1.331663 89.034737 44.030273 2.808383 5.124188 -0.190000 0.667395 1.221106 3.344002 -0.178936 2.772013 -3.630995 0.609149 0.957116 7.121802 -13.104670 12.067355 15.987609 1.160174 7.565229 -3.689847 -2.578628 8.324197 -8.993775 0.000077 -0.000024 0.000006 -0.017993 0.057806 0.004460 0.732884 -3.677158 -10.702171 -0.779523 3.786226 -10.665026 5.748390 -0.780485 7.716327 -52.068478 -37.420536 -24.575663 179.981201 -41.993000 -179.859711 10.176374 10.964207 17.733362 -5.882099 9.861277 0.702590 -10.936857 -0.360574 7.156199 -0.000001 8.774815 -0.000000 -16.988361 16.870335 5.458467 -1.844029 2.498502 -2.507275 -10.163587 4.678941 4.621105 -20.975994 -0.000002 0.000002 -21.226250 2.451691 -3.593993 0.000000 -0.000007 -0.000001 -1.362680 2.240796 -0.746323 -21.334887 0.584910 3.008321 -13.821194 -0.000002 0.000004 -23.887123 -0.249077 -0.839480 -61.020679 1.980540 -0.929395 -0.294023 1.679687 0.833255 -14.218192 0.093216 1.300582 -34.211998 -0.287563 0.967169 -20.033173 0.964536 1.212842 0.000000 0.000002 0.000000 -3.440386 0.788231 0.501655 -15.928165 -3.167304 2.999704 -6.338818 -0.000001 0.000003 -18.123411 3.648174 -4.905660 -0.000004 0.000003 -0.000000 -9.114864 17.405060 5.690160 59.582577 57.285301 0.626198 -178.702499 57.313602 -179.129974 -7.806520 -11.179365 5.418971 2.243541 -5.255032 -3.180156 14.282875 -0.826593 6.952495 -0.000001 -12.690590 0.000003 16.073845 -17.795574 2.616124 1.665665 -1.955919 -2.878297 4.727792 -4.170582 4.993918 11.020513 0.000004 -0.000001 12.109032 -3.735709 -2.866780 -0.000000 -0.000000 0.000000 1.291984 -1.928547 -1.498088 14.800111 0.567467 3.865601 14.242553 -1.341734 -6.660649 19.631939 0.143928 -0.648246 50.073460 -0.894647 -5.981565 0.353027 -1.511150 -0.031941 20.222771 3.684305 2.316624 18.787245 0.000004 -0.000002 10.751610 -0.479868 1.397902 0.000001 -0.000000 0.000002 3.273804 0.305946 -0.580110 21.486794 11.830363 2.266126 8.162916 0.000000 0.000000 18.399052 -3.798978 -4.940569 0.000003 0.000001 -0.000002 16.020489 11.134359 -31.900034 -0.627352 -1.201588 34.878159 -23.686056 -10.054317 3.712261 1.630123 -1.996079 -1.228569 0.000000 -0.000000 0.000002 -27.067249 -15.585700 -0.659979 0.580844 1.741747 42.634277 19.603893 16.219215 -15.141226 -1.466490 0.792023 -6.952971 -0.000000 -0.000000 -0.000001 
-1.349062 89.036522 44.031796 2.802472 4.965609 -0.195279 0.698782 1.208820 3.309088 -0.177629 2.780251 -3.645847 0.639920 0.938370 7.132547 -13.101181 12.065263 16.086456 1.173222 7.644527 -3.691543 -2.612708 8.416164 -8.895111 0.000076 -0.000024 0.000006 -0.014560 0.029502 -0.000871 0.737307 -3.695242 -10.709058 -0.781881 3.776792 -10.676239 5.730584 -0.703290 7.722198 -52.078136 -37.373104 -24.470476 179.887451 -41.983677 -179.791275 10.213015 10.979784 17.549334 -5.882101 9.861278 0.702590 -10.936857 -0.360575 7.156198 -0.000001 8.774813 -0.000000 -16.967691 16.818205 5.433983 -1.844030 2.498503 -2.507275 -10.163590 4.678940 4.621106 -20.975996 -0.000004 0.000006 -21.226250 2.451692 -3.593989 0.000000 -0.000008 -0.000000 -1.362681 2.240797 -0.746321 -21.334887 0.584905 3.008325 -13.821197 -0.000002 0.000005 -23.887129 -0.249078 -0.839478 -60.958363 1.936143 -0.937571 -0.294025 1.679685 0.833253 -14.218192 0.093213 1.300580 -34.211998 -0.287565 0.967173 -20.033178 0.964536 1.212844 0.000001 0.000002 0.000000 -3.440385 0.788232 0.501655 -15.928167 -3.167307 2.999706 -6.338818 0.000000 0.000003 -18.123413 3.648175 -4.905660 -0.000004 0.000003 -0.000001 -9.061358 17.373249 5.639954 59.618599 57.244419 0.723332 -178.842392 57.377464 -179.261505 -7.872161 -11.051670 5.157068 2.243539 -5.255033 -3.180156 14.282871 -0.826593 6.952495 -0.000002 -12.690590 0.000002 16.089333 -17.762053 2.602391 1.665665 -1.955920 -2.878297 4.727795 -4.170584 4.993918 11.020509 0.000004 -0.000000 12.109033 -3.735710 -2.866778 0.000000 -0.000000 -0.000000 1.291985 -1.928547 -1.498087 14.800111 0.567467 3.865603 14.242550 -1.341733 -6.660648 19.631937 0.143926 -0.648244 50.058064 -0.881825 -5.983500 0.353029 -1.511149 -0.031940 20.222767 3.684307 2.316627 18.787245 0.000005 -0.000000 10.751610 -0.479868 1.397904 0.000000 0.000000 0.000001 3.273804 0.305948 -0.580109 21.486794 11.830364 2.266131 8.162917 0.000000 -0.000001 18.399052 -3.798980 -4.940566 0.000003 0.000000 0.000000 16.098696 11.063309 -31.809835 -0.609963 -1.198327 34.856796 -23.642609 -9.975423 3.598665 1.631491 -2.001461 -1.250089 0.000000 -0.000000 0.000002 -27.056723 -15.571789 -0.664299 0.585605 1.735901 42.455425 19.622286 16.199772 -15.372072 -1.463689 0.782284 -6.784122 0.000000 0.000000 -0.000002 
-1.372992 89.041885 44.094002 2.805783 4.831645 -0.226029 0.718161 1.195161 3.284126 -0.182214 2.770655 -3.655047 0.668369 0.932060 7.134395 -13.063056 12.048515 16.189016 1.183130 7.701698 -3.678769 -2.669163 8.510504 -8.755202 0.000077 -0.000024 0.000006 -0.011887 0.018581 -0.000580 0.745448 -3.733922 -10.715633 -0.776958 3.748592 -10.682542 5.717132 -0.671367 7.725655 -52.134228 -37.306885 -24.406116 179.852112 -41.970127 -179.731781 10.248697 10.939347 17.304533 -5.882102 9.861278 0.702590 -10.936858 -0.360575 7.156196 0.000002 8.774809 -0.000000 -16.940136 16.760794 5.466257 -1.844032 2.498502 -2.507277 -10.163589 4.678941 4.621105 -20.975996 -0.000002 0.000001 -21.226255 2.451692 -3.593994 0.000000 -0.000006 -0.000001 -1.362680 2.240796 -0.746322 -21.334887 0.584908 3.008319 -13.821197 -0.000001 0.000003 -23.887131 -0.249079 -0.839482 -60.932503 1.931316 -0.938578 -0.294025 1.679686 0.833256 -14.218194 0.093215 1.300578 -34.212002 -0.287562 0.967167 -20.033180 0.964533 1.212840 0.000000 0.000002 -0.000000 -3.440388 0.788233 0.501656 -15.928165 -3.167306 2.999701 -6.338817 -0.000002 0.000002 -18.123415 3.648174 -4.905663 -0.000004 0.000002 -0.000001 -9.007356 17.346165 5.604854 59.745007 57.192989 0.970303 -178.846817 57.461094 -179.238968 -7.963211 -10.901690 5.011057 2.243539 -5.255032 -3.180155 14.282877 -0.826594 6.952495 -0.000002 -12.690588 0.000002 16.064072 -17.760305 2.592192 1.665665 -1.955920 -2.878298 4.727792 -4.170582 4.993918 11.020511 0.000004 -0.000000 12.109031 -3.735708 -2.866777 -0.000001 0.000000 -0.000000 1.291985 -1.928548 -1.498090 14.800117 0.567467 3.865603 14.242554 -1.341734 -6.660647 19.631939 0.143926 -0.648245 50.061924 -0.863618 -5.987957 0.353029 -1.511150 -0.031941 20.222767 3.684307 2.316627 18.787245 0.000006 0.000000 10.751610 -0.479866 1.397904 0.000000 -0.000001 0.000001 3.273804 0.305948 -0.580110 21.486794 11.830363 2.266131 8.162918 0.000001 -0.000001 18.399054 -3.798978 -4.940567 0.000003 -0.000001 -0.000001 16.191851 10.980645 -31.686346 -0.621223 -1.201900 34.892803 -23.609989 -9.896818 3.478417 1.628990 -2.007853 -1.258108 0.000000 -0.000000 0.000002 -27.065807 -15.547383 -0.570598 0.559814 1.712706 42.251701 19.634722 16.208887 -15.527891 -1.461734 0.781424 -6.602918 0.000000 -0.000000 -0.000002 
-1.449378 89.037056 44.071850 2.810090 4.705603 -0.246756 0.737376 1.194816 3.250003 -0.186651 2.755587 -3.658953 0.689966 0.922396 7.120972 -13.024474 12.028980 16.263441 1.202017 7.748002 -3.660988 -2.712093 8.563879 -8.610171 0.000077 -0.000024 0.000007 -0.009027 0.027657 -0.000946 0.745352 -3.715215 -10.718368 -0.776263 3.756790 -10.686172 5.706763 -0.619303 7.706293 -52.191650 -37.246933 -24.441397 179.896393 -41.946228 -179.798477 10.273574 10.889361 17.098188 -5.882102 9.861278 0.702592 -10.936856 -0.360574 7.156196 -0.000000 8.774813 -0.000001 -16.910769 16.736197 5.466754 -1.844029 2.498501 -2.507275 -10.163588 4.678940 4.621104 -20.975994 0.000001 0.000003 -21.226254 2.451692 -3.593994 -0.000000 -0.000007 -0.000001 -1.362682 2.240795 -0.746324 -21.334887 0.584910 3.008322 -13.821197 -0.000000 0.000004 -23.887133 -0.249076 -0.839482 -60.849598 1.930527 -0.936456 -0.294024 1.679686 0.833255 -14.218192 0.093215 1.300580 -34.211998 -0.287562 0.967171 -20.033176 0.964534 1.212843 0.000000 0.000002 0.000000 -3.440386 0.788233 0.501656 -15.928167 -3.167308 2.999703 -6.338818 -0.000002 0.000002 -18.123411 3.648175 -4.905661 -0.000004 0.000003 -0.000001 -8.961184 17.305481 5.566041 59.842243 57.163277 1.194265 -178.774261 57.561123 -179.234375 -8.036765 -10.764223 5.019365 2.243538 -5.255033 -3.180154 14.282877 -0.826593 6.952496 -0.000001 -12.690593 -0.000002 16.086946 -17.750689 2.569587 1.665664 -1.955920 -2.878297 4.727792 -4.170582 4.993918 11.020508 0.000004 -0.000001 12.109033 -3.735709 -2.866781 -0.000001 -0.000000 0.000001 1.291983 -1.928546 -1.498088 14.800113 0.567468 3.865604 14.242553 -1.341735 -6.660649 19.631939 0.143926 -0.648243 50.060356 -0.804386 -5.997910 0.353029 -1.511151 -0.031940 20.222767 3.684306 2.316628 18.787245 0.000005 -0.000000 10.751610 -0.479868 1.397902 0.000001 -0.000000 0.000003 3.273803 0.305948 -0.580109 21.486790 11.830363 2.266130 8.162916 0.000004 0.000000 18.399052 -3.798977 -4.940567 0.000002 -0.000002 -0.000001 16.285177 10.904382 -31.568054 -0.596817 -1.199415 34.783886 -23.641340 -9.809402 3.454451 1.629650 -2.011668 -1.245785 0.000000 -0.000000 0.000002 -27.040291 -15.569745 -0.621226 0.551980 1.698954 42.223389 19.586601 16.200680 -15.754970 -1.462810 0.786009 -6.478394 0.000000 0.000000 -0.000001 
-1.444842 89.027176 44.043648 2.804086 4.558499 -0.264912 0.754965 1.179921 3.218231 -0.191591 2.747260 -3.663889 0.716154 0.921401 7.101216 -13.001435 12.011124 16.321644 1.209047 7.799794 -3.644138 -2.728089 8.624399 -8.480270 0.000077 -0.000023 0.000006 -0.014701 0.038182 0.001173 0.745066 -3.716629 -10.714308 -0.779025 3.776602 -10.683327 5.703308 -0.569904 7.686047 -52.208309 -37.182732 -24.610764 -179.962555 -41.904137 -179.912430 10.304396 10.861943 16.879921 -5.882099 9.861278 0.702589 -10.936855 -0.360574 7.156197 0.000000 8.774813 0.000000 -16.889221 16.692812 5.476855 -1.844031 2.498502 -2.507276 -10.163589 4.678939 4.621102 -20.975992 -0.000004 0.000002 -21.226248 2.451692 -3.593995 0.000000 -0.000006 -0.000001 -1.362681 2.240795 -0.746322 -21.334887 0.584909 3.008321 -13.821195 -0.000002 0.000002 -23.887125 -0.249079 -0.839482 -60.817600 1.931301 -0.939855 -0.294026 1.679687 0.833255 -14.218190 0.093213 1.300577 -34.211998 -0.287563 0.967169 -20.033173 0.964534 1.212842 0.000000 0.000002 0.000000 -3.440384 0.788232 0.501655 -15.928165 -3.167306 2.999702 -6.338817 0.000000 0.000001 -18.123411 3.648176 -4.905662 -0.000004 0.000003 -0.000002 -8.937375 17.302576 5.505122 60.014050 57.084274 1.417965 -178.750000 57.632278 -179.243454 -8.074684 -10.657335 4.969547 2.243538 -5.255033 -3.180156 14.282871 -0.826591 6.952495 -0.000001 -12.690591 -0.000001 16.075064 -17.766869 2.572252 1.665666 -1.955920 -2.878298 4.727792 -4.170583 4.993918 11.020509 0.000004 -0.000002 12.109030 -3.735708 -2.866781 -0.000001 0.000000 -0.000000 1.291983 -1.928547 -1.498088 14.800111 0.567468 3.865605 14.242554 -1.341733 -6.660650 19.631939 0.143929 -0.648244 50.079800 -0.770010 -5.961343 0.353028 -1.511147 -0.031939 20.222769 3.684307 2.316627 18.787245 0.000006 -0.000001 10.751609 -0.479866 1.397903 0.000000 0.000000 0.000000 3.273805 0.305947 -0.580111 21.486788 11.830363 2.266129 8.162916 0.000003 0.000001 18.399050 -3.798977 -4.940567 0.000003 -0.000002 -0.000001 16.347576 10.833876 -31.517344 -0.596808 -1.200984 34.817001 -23.603441 -9.734239 3.342408 1.631366 -2.009881 -1.219310 0.000000 -0.000000 0.000002 -27.058331 -15.557553 -0.678161 0.547006 1.678558 42.168945 19.592348 16.175146 -15.879800 -1.460622 0.790892 -6.358135 -0.000000 0.000000 -0.000002 
-1.484814 89.034042 43.964134 2.784444 4.395259 -0.289613 0.777009 1.180249 3.189972 -0.193337 2.722954 -3.662813 0.740901 0.944014 7.080020 -12.984365 11.991446 16.349241 1.227369 7.853983 -3.613855 -2.733486 8.664273 -8.377960 0.000077 -0.000024 0.000006 -0.015579 0.038120 0.004594 0.739139 -3.702688 -10.710211 -0.778873 3.775126 -10.677198 5.683516 -0.531056 7.678969 -52.186451 -37.129589 -24.820528 -179.825333 -41.844872 179.977859 10.326411 10.923413 16.795025 -5.882101 9.861279 0.702590 -10.936859 -0.360575 7.156195 -0.000003 8.774815 -0.000001 -16.889860 16.641445 5.468731 -1.844032 2.498502 -2.507276 -10.163589 4.678938 4.621102 -20.975996 -0.000002 0.000001 -21.226254 2.451692 -3.593994 0.000001 -0.000007 -0.000000 -1.362680 2.240798 -0.746323 -21.334892 0.584908 3.008319 -13.821194 -0.000003 0.000001 -23.887125 -0.249080 -0.839483 -60.828342 1.919325 -0.954042 -0.294023 1.679686 0.833256 -14.218190 0.093215 1.300578 -34.212006 -0.287565 0.967167 -20.033176 0.964533 1.212841 0.000000 0.000002 0.000000 -3.440384 0.788233 0.501657 -15.928167 -3.167306 2.999703 -6.338817 -0.000001 0.000000 -18.123413 3.648175 -4.905663 -0.000004 0.000003 -0.000002 -8.926934 17.306137 5.498065 60.143631 57.053005 1.579951 -178.792740 57.690056 -179.277573 -8.148878 -10.546325 4.916698 2.243538 -5.255031 -3.180153 14.282875 -0.826592 6.952497 -0.000002 -12.690590 -0.000001 16.040081 -17.734249 2.564515 1.665665 -1.955920 -2.878295 4.727791 -4.170580 4.993919 11.020509 0.000003 0.000000 12.109034 -3.735711 -2.866778 -0.000000 0.000000 0.000001 1.291984 -1.928546 -1.498088 14.800114 0.567468 3.865602 14.242553 -1.341735 -6.660650 19.631939 0.143925 -0.648243 50.114265 -0.715088 -5.949574 0.353027 -1.511148 -0.031938 20.222771 3.684305 2.316629 18.787245 0.000004 0.000001 10.751610 -0.479867 1.397905 0.000001 -0.000000 0.000001 3.273804 0.305947 -0.580111 21.486794 11.830361 2.266133 8.162916 0.000002 0.000001 18.399054 -3.798979 -4.940566 0.000003 -0.000001 -0.000000 16.442257 10.788394 -31.431847 -0.591858 -1.207066 34.730869 -23.620451 -9.620869 3.375067 1.631445 -2.009268 -1.189831 -0.000000 -0.000000 0.000002 -27.020229 -15.519095 -0.844072 0.544850 1.648963 42.262497 19.495008 16.194939 -15.924319 -1.461905 0.797333 -6.292941 0.000000 0.000000 -0.000001 
-1.557494 89.038040 43.909046 2.755552 4.225766 -0.301265 0.795314 1.178316 3.156854 -0.188606 2.738812 -3.664395 0.757371 0.930693 7.060560 -12.973285 12.004076 16.378786 1.240722 7.886749 -3.598960 -2.715519 8.715358 -8.318726 0.000077 -0.000023 0.000006 -0.019186 0.029237 0.004560 0.740100 -3.703746 -10.706695 -0.786762 3.771449 -10.671934 5.668038 -0.493428 7.682614 -52.141861 -37.062168 -25.076231 -179.645126 -41.759361 179.899353 10.358475 10.981319 16.762558 -5.882103 9.861279 0.702589 -10.936859 -0.360575 7.156197 -0.000002 8.774815 -0.000003 -16.917006 16.610443 5.461334 -1.844031 2.498503 -2.507277 -10.163589 4.678939 4.621104 -20.975998 -0.000001 0.000002 -21.226254 2.451693 -3.593995 0.000001 -0.000008 -0.000001 -1.362681 2.240796 -0.746322 -21.334894 0.584910 3.008322 -13.821199 -0.000003 0.000003 -23.887133 -0.249076 -0.839481 -60.881409 1.915129 -0.946057 -0.294025 1.679685 0.833256 -14.218192 0.093216 1.300579 -34.212009 -0.287561 0.967168 -20.033178 0.964535 1.212841 -0.000000 0.000002 -0.000000 -3.440386 0.788234 0.501655 -15.928171 -3.167305 2.999706 -6.338819 -0.000002 0.000003 -18.123415 3.648176 -4.905662 -0.000004 0.000003 -0.000001 -8.934895 17.336973 5.477679 60.279865 57.009434 1.669810 -178.900879 57.732670 -179.349365 -8.173513 -10.444086 4.752014 2.243540 -5.255033 -3.180155 14.282873 -0.826593 6.952495 -0.000001 -12.690590 0.000000 16.016075 -17.713573 2.560461 1.665663 -1.955920 -2.878296 4.727793 -4.170583 4.993918 11.020513 0.000003 0.000000 12.109029 -3.735709 -2.866779 -0.000001 -0.000000 0.000001 1.291983 -1.928548 -1.498088 14.800113 0.567468 3.865603 14.242551 -1.341735 -6.660652 19.631939 0.143927 -0.648243 50.112415 -0.703528 -5.944798 0.353029 -1.511148 -0.031940 20.222769 3.684304 2.316628 18.787245 0.000004 -0.000000 10.751610 -0.479868 1.397904 0.000001 -0.000000 0.000001 3.273803 0.305946 -0.580110 21.486792 11.830361 2.266130 8.162916 0.000003 0.000001 18.399050 -3.798977 -4.940567 0.000003 0.000000 -0.000001 16.571308 10.761703 -31.295610 -0.581492 -1.195815 34.557564 -23.703276 -9.537331 3.372851 1.628737 -2.012905 -1.157914 0.000000 -0.000000 0.000002 -26.926918 -15.539581 -1.108034 0.551879 1.634062 42.437901 19.399845 16.222076 -16.067129 -1.462449 0.804875 -6.284400 0.000000 0.000000 -0.000001 
-1.629101 89.063934 43.911308 2.729557 4.048268 -0.312710 0.808802 1.172511 3.122533 -0.181124 2.755886 -3.655002 0.771483 0.928318 7.034839 -12.969085 11.985018 16.365213 1.259582 7.924426 -3.581847 -2.694849 8.789212 -8.282464 0.000076 -0.000022 0.000006 -0.018499 0.029311 0.010114 0.742673 -3.710386 -10.689684 -0.788328 3.758186 -10.657302 5.674301 -0.468836 7.651538 -52.166485 -36.925392 -25.274750 -179.471512 -41.654987 179.854462 10.382976 10.996147 16.803711 -5.882100 9.861278 0.702589 -10.936859 -0.360577 7.156196 0.000001 8.774815 -0.000001 -16.941816 16.605898 5.461317 -1.844031 2.498503 -2.507275 -10.163591 4.678939 4.621104 -20.975996 -0.000004 0.000006 -21.226255 2.451693 -3.593990 0.000000 -0.000007 -0.000001 -1.362680 2.240797 -0.746323 -21.334890 0.584907 3.008323 -13.821197 -0.000003 0.000005 -23.887131 -0.249078 -0.839477 -60.886726 1.949247 -0.945593 -0.294025 1.679687 0.833255 -14.218194 0.093214 1.300579 -34.212002 -0.287565 0.967175 -20.033180 0.964532 1.212845 0.000000 0.000002 -0.000000 -3.440384 0.788232 0.501657 -15.928173 -3.167306 2.999705 -6.338817 -0.000001 0.000003 -18.123413 3.648175 -4.905659 -0.000004 0.000003 -0.000001 -8.956886 17.371101 5.440258 60.435184 56.935558 1.810944 -178.931213 57.762058 -179.334503 -8.151991 -10.370931 4.561841 2.243539 -5.255033 -3.180156 14.282878 -0.826596 6.952495 0.000001 -12.690590 0.000001 15.985881 -17.700594 2.563044 1.665666 -1.955921 -2.878298 4.727795 -4.170584 4.993918 11.020509 0.000003 0.000001 12.109034 -3.735710 -2.866778 -0.000000 -0.000000 0.000000 1.291984 -1.928549 -1.498089 14.800113 0.567467 3.865603 14.242553 -1.341736 -6.660649 19.631939 0.143925 -0.648243 50.097118 -0.704657 -5.941351 0.353028 -1.511149 -0.031939 20.222771 3.684304 2.316628 18.787245 0.000003 0.000001 10.751612 -0.479870 1.397903 0.000001 -0.000000 0.000001 3.273803 0.305947 -0.580110 21.486790 11.830362 2.266131 8.162916 0.000001 0.000001 18.399054 -3.798981 -4.940568 0.000003 -0.000002 -0.000002 16.695406 10.752856 -31.102242 -0.567511 -1.199489 34.360569 -23.816864 -9.503152 3.370474 1.629245 -2.011185 -1.149084 -0.000000 0.000000 0.000002 -26.894035 -15.538819 -1.203234 0.546679 1.633787 42.480419 19.380177 16.353481 -15.946031 -1.465014 0.811713 -6.363720 0.000000 0.000000 -0.000002 
-1.686931 89.117180 43.923611 2.705566 3.873842 -0.337387 0.816169 1.184243 3.108062 -0.171155 2.749158 -3.655748 0.771971 0.921130 7.031838 -12.951463 11.988336 16.344416 1.268518 7.941772 -3.579648 -2.664309 8.859392 -8.243053 0.000077 -0.000023 0.000006 -0.020888 0.029002 0.007967 0.745137 -3.691383 -10.690322 -0.800558 3.783671 -10.653635 5.699691 -0.453017 7.631939 -52.134789 -36.793446 -25.429798 -179.396866 -41.576191 179.857330 10.428968 10.995362 16.865849 -5.882100 9.861279 0.702590 -10.936861 -0.360573 7.156197 -0.000000 8.774814 -0.000001 -16.959637 16.632511 5.485569 -1.844032 2.498502 -2.507276 -10.163590 4.678941 4.621104 -20.975994 -0.000004 0.000002 -21.226254 2.451692 -3.593995 -0.000000 -0.000007 -0.000001 -1.362680 2.240797 -0.746322 -21.334890 0.584908 3.008320 -13.821197 -0.000001 0.000003 -23.887131 -0.249077 -0.839481 -60.882984 1.962775 -0.912741 -0.294026 1.679685 0.833254 -14.218192 0.093215 1.300578 -34.212002 -0.287564 0.967169 -20.033180 0.964535 1.212842 0.000000 0.000002 0.000000 -3.440387 0.788232 0.501654 -15.928167 -3.167308 2.999703 -6.338817 -0.000001 0.000002 -18.123415 3.648176 -4.905661 -0.000004 0.000003 -0.000001 -8.975353 17.421820 5.393180 60.586628 56.879753 1.990363 -178.937302 57.761623 -179.340637 -8.183127 -10.286034 4.448421 2.243540 -5.255032 -3.180154 14.282875 -0.826594 6.952496 -0.000001 -12.690590 0.000002 15.982601 -17.685501 2.580457 1.665665 -1.955919 -2.878296 4.727793 -4.170583 4.993920 11.020512 0.000004 -0.000001 12.109030 -3.735708 -2.866780 -0.000001 0.000000 0.000001 1.291986 -1.928549 -1.498087 14.800114 0.567468 3.865605 14.242551 -1.341735 -6.660647 19.631939 0.143926 -0.648243 50.090073 -0.727402 -5.943233 0.353028 -1.511149 -0.031940 20.222771 3.684306 2.316630 18.787247 0.000003 -0.000000 10.751611 -0.479869 1.397904 0.000000 0.000000 0.000000 3.273803 0.305947 -0.580110 21.486790 11.830359 2.266130 8.162916 0.000002 0.000002 18.399054 -3.798978 -4.940565 0.000003 0.000000 0.000000 16.821463 10.720054 -30.886465 -0.564178 -1.193568 34.166187 -23.923803 -9.461693 3.446388 1.628941 -2.015033 -1.179999 -0.000000 0.000000 0.000002 -26.896027 -15.552478 -1.272913 0.552601 1.646684 42.564156 19.416885 16.521719 -15.553414 -1.466636 0.811548 -6.495962 0.000000 0.000000 -0.000002 
-1.689175 89.166245 43.951683 2.687063 3.723038 -0.344675 0.813285 1.162646 3.086849 -0.170798 2.767106 -3.635891 0.776480 0.906621 7.008821 -12.939704 11.990084 16.299868 1.277601 7.982152 -3.598333 -2.623104 8.968568 -8.243686 0.000077 -0.000024 0.000006 -0.016968 0.007506 0.017272 0.751330 -3.724880 -10.672830 -0.797855 3.749894 -10.635633 5.733298 -0.445016 7.604087 -52.126881 -36.631096 -25.476896 -179.443222 -41.474838 179.933212 10.407463 10.970872 17.042433 -5.882098 9.861278 0.702592 -10.936856 -0.360576 7.156198 -0.000002 8.774813 -0.000001 -16.957632 16.646677 5.476017 -1.844032 2.498503 -2.507276 -10.163589 4.678940 4.621102 -20.975998 -0.000005 0.000004 -21.226254 2.451692 -3.593993 0.000000 -0.000006 -0.000001 -1.362681 2.240798 -0.746322 -21.334887 0.584908 3.008320 -13.821194 -0.000001 0.000002 -23.887133 -0.249079 -0.839480 -60.811836 1.977088 -0.912346 -0.294026 1.679685 0.833255 -14.218192 0.093215 1.300579 -34.211998 -0.287566 0.967169 -20.033176 0.964533 1.212842 -0.000000 0.000002 -0.000000 -3.440384 0.788233 0.501654 -15.928167 -3.167305 2.999705 -6.338817 0.000000 0.000002 -18.123411 3.648174 -4.905660 -0.000004 0.000003 -0.000001 -8.961191 17.436491 5.360544 60.759426 56.852806 2.268776 -178.790771 57.770756 -179.181564 -8.149668 -10.205650 4.436319 2.243540 -5.255031 -3.180156 14.282875 -0.826594 6.952497 -0.000002 -12.690590 0.000001 15.990136 -17.735651 2.599095 1.665665 -1.955920 -2.878296 4.727794 -4.170582 4.993920 11.020511 0.000003 0.000001 12.109030 -3.735710 -2.866779 -0.000001 0.000000 0.000001 1.291986 -1.928548 -1.498087 14.800114 0.567467 3.865605 14.242553 -1.341734 -6.660648 19.631937 0.143925 -0.648241 50.097183 -0.766313 -5.939178 0.353029 -1.511149 -0.031940 20.222765 3.684307 2.316629 18.787247 0.000002 0.000001 10.751611 -0.479868 1.397905 0.000001 0.000000 0.000000 3.273803 0.305947 -0.580110 21.486790 11.830359 2.266131 8.162916 0.000001 0.000001 18.399057 -3.798980 -4.940567 0.000003 0.000000 -0.000001 16.885809 10.688622 -30.733110 -0.556946 -1.210576 34.058899 -23.994347 -9.448610 3.445525 1.628825 -2.010149 -1.223113 -0.000000 -0.000000 0.000002 -26.925257 -15.574217 -1.294583 0.576411 1.683741 42.520226 19.519255 16.623301 -15.231877 -1.464028 0.800304 -6.632668 -0.000000 -0.000000 -0.000001 
-1.634944 89.200256 43.945599 2.672471 3.619113 -0.335157 0.807228 1.169894 3.074104 -0.168237 2.739409 -3.641852 0.771851 0.909590 7.011159 -12.910175 11.959801 16.222517 1.275916 8.064276 -3.604976 -2.560102 9.025408 -8.249041 0.000077 -0.000024 0.000007 -0.020829 0.037640 0.010176 0.746764 -3.700017 -10.671576 -0.799312 3.767096 -10.635113 5.768332 -0.448293 7.602592 -52.138226 -36.543938 -25.494879 -179.565689 -41.382671 -179.972107 10.366672 10.961432 17.138119 -5.882099 9.861278 0.702592 -10.936858 -0.360575 7.156196 0.000001 8.774814 -0.000000 -16.926693 16.641010 5.494934 -1.844032 2.498502 -2.507277 -10.163588 4.678940 4.621103 -20.975994 -0.000002 0.000003 -21.226250 2.451694 -3.593993 0.000000 -0.000007 -0.000001 -1.362681 2.240795 -0.746322 -21.334892 0.584908 3.008322 -13.821197 -0.000001 0.000004 -23.887129 -0.249078 -0.839481 -60.754337 1.981884 -0.885503 -0.294026 1.679688 0.833256 -14.218192 0.093214 1.300579 -34.212013 -0.287563 0.967169 -20.033180 0.964536 1.212842 0.000000 0.000002 0.000000 -3.440384 0.788232 0.501655 -15.928165 -3.167306 2.999703 -6.338817 0.000000 0.000002 -18.123413 3.648174 -4.905661 -0.000005 0.000002 -0.000001 -8.902295 17.465591 5.368150 60.836349 56.817703 2.374678 -178.804565 57.757988 -179.168091 -8.107164 -10.103752 4.441191 2.243538 -5.255033 -3.180155 14.282878 -0.826594 6.952497 -0.000001 -12.690593 0.000000 15.985094 -17.765436 2.635810 1.665663 -1.955920 -2.878296 4.727795 -4.170585 4.993919 11.020513 0.000003 -0.000001 12.109032 -3.735710 -2.866779 -0.000001 -0.000000 0.000000 1.291985 -1.928547 -1.498089 14.800114 0.567467 3.865604 14.242554 -1.341734 -6.660648 19.631939 0.143926 -0.648244 50.068161 -0.801397 -5.904572 0.353028 -1.511149 -0.031940 20.222773 3.684306 2.316627 18.787245 0.000004 0.000001 10.751610 -0.479867 1.397903 0.000000 -0.000000 0.000001 3.273805 0.305947 -0.580111 21.486794 11.830366 2.266128 8.162917 0.000001 -0.000001 18.399054 -3.798982 -4.940568 0.000003 0.000000 0.000000 16.884666 10.665561 -30.696297 -0.556657 -1.236508 34.054604 -23.953291 -9.447226 3.407118 1.627701 -1.996860 -1.264298 -0.000000 -0.000000 0.000002 -26.939138 -15.591379 -1.301808 0.582249 1.705145 42.457779 19.631670 16.697023 -15.013595 -1.463694 0.792361 -6.721892 0.000000 -0.000000 -0.000001 
-1.629780 89.218773 43.909782 2.646125 3.527684 -0.318513 0.796219 1.159583 3.071183 -0.176596 2.724224 -3.653289 0.778300 0.904632 7.012988 -12.878096 11.921499 16.117191 1.277738 8.155427 -3.612404 -2.509322 9.106308 -8.246237 0.000077 -0.000024 0.000006 -0.019814 0.040343 0.010208 0.755045 -3.709929 -10.674011 -0.801748 3.764729 -10.640961 5.809885 -0.479144 7.601829 -52.071014 -36.489071 -25.575661 -179.656601 -41.341949 -179.942215 10.340163 10.930323 17.238337 -5.882101 9.861278 0.702591 -10.936859 -0.360576 7.156199 -0.000000 8.774814 -0.000001 -16.912992 16.645649 5.498240 -1.844031 2.498502 -2.507275 -10.163589 4.678941 4.621106 -20.975996 -0.000002 0.000003 -21.226255 2.451693 -3.593993 0.000000 -0.000007 -0.000000 -1.362682 2.240797 -0.746323 -21.334892 0.584910 3.008322 -13.821197 -0.000001 0.000004 -23.887131 -0.249079 -0.839479 -60.752098 1.945992 -0.844615 -0.294025 1.679687 0.833255 -14.218192 0.093215 1.300579 -34.211998 -0.287563 0.967171 -20.033176 0.964538 1.212841 0.000000 0.000002 -0.000000 -3.440384 0.788232 0.501657 -15.928167 -3.167305 2.999704 -6.338817 0.000001 0.000002 -18.123415 3.648178 -4.905661 -0.000004 0.000003 -0.000001 -8.828037 17.481035 5.396115 60.894966 56.792091 2.490805 -178.745834 57.720909 -179.097748 -8.079042 -10.039595 4.492045 2.243541 -5.255033 -3.180156 14.282877 -0.826595 6.952496 -0.000001 -12.690591 0.000002 15.978518 -17.764526 2.685313 1.665666 -1.955920 -2.878297 4.727793 -4.170583 4.993919 11.020509 0.000004 -0.000000 12.109032 -3.735711 -2.866778 -0.000001 0.000000 -0.000000 1.291983 -1.928547 -1.498089 14.800113 0.567467 3.865603 14.242551 -1.341733 -6.660646 19.631937 0.143925 -0.648242 50.081364 -0.831940 -5.876313 0.353028 -1.511150 -0.031938 20.222767 3.684308 2.316628 18.787245 0.000005 0.000001 10.751610 -0.479868 1.397904 0.000001 -0.000000 0.000001 3.273805 0.305947 -0.580110 21.486790 11.830363 2.266131 8.162916 0.000001 0.000001 18.399050 -3.798977 -4.940567 0.000003 0.000000 -0.000001 16.928596 10.654654 -30.680490 -0.559011 -1.244385 34.018902 -23.935125 -9.433350 3.427154 1.629696 -1.987475 -1.268148 0.000000 -0.000000 0.000002 -26.911077 -15.592956 -1.348694 0.580048 1.709353 42.479733 19.704596 16.704821 -14.852992 -1.459727 0.777851 -6.698517 0.000000 0.000000 -0.000001 
-1.674299 89.223564 43.910282 2.614987 3.441113 -0.285225 0.782769 1.154986 3.063963 -0.184464 2.694738 -3.659450 0.774494 0.909710 7.003825 -12.822251 11.843010 16.003218 1.288505 8.271087 -3.605982 -2.504118 9.163006 -8.262837 0.000076 -0.000024 0.000007 -0.018437 0.048745 0.004737 0.756005 -3.715811 -10.683517 -0.798125 3.767918 -10.649954 5.857036 -0.548036 7.611262 -52.031963 -36.458477 -25.610857 -179.780960 -41.299187 -179.877029 10.316505 10.930148 17.279827 -5.882101 9.861278 0.702589 -10.936858 -0.360575 7.156196 -0.000001 8.774815 -0.000000 -16.860226 16.649895 5.538581 -1.844029 2.498502 -2.507275 -10.163591 4.678941 4.621106 -20.975992 -0.000002 0.000000 -21.226254 2.451689 -3.593995 0.000001 -0.000008 -0.000000 -1.362680 2.240795 -0.746324 -21.334888 0.584908 3.008319 -13.821195 -0.000003 0.000003 -23.887125 -0.249077 -0.839481 -60.746155 1.950793 -0.832751 -0.294026 1.679687 0.833254 -14.218190 0.093214 1.300578 -34.212002 -0.287562 0.967170 -20.033178 0.964535 1.212842 -0.000000 0.000002 -0.000000 -3.440386 0.788233 0.501655 -15.928169 -3.167306 2.999704 -6.338817 -0.000002 0.000002 -18.123415 3.648177 -4.905662 -0.000004 0.000003 -0.000001 -8.750240 17.499802 5.385410 60.970665 56.745541 2.523501 -178.842880 57.692780 -179.146759 -8.083370 -9.994749 4.526854 2.243541 -5.255031 -3.180156 14.282875 -0.826593 6.952495 -0.000003 -12.690587 0.000002 15.995787 -17.756540 2.678652 1.665663 -1.955918 -2.878296 4.727795 -4.170585 4.993920 11.020510 0.000003 -0.000001 12.109034 -3.735708 -2.866779 0.000000 0.000000 0.000000 1.291985 -1.928548 -1.498087 14.800114 0.567468 3.865604 14.242558 -1.341733 -6.660646 19.631939 0.143927 -0.648244 50.100967 -0.857692 -5.863954 0.353028 -1.511150 -0.031940 20.222771 3.684304 2.316627 18.787245 0.000004 -0.000000 10.751610 -0.479866 1.397903 0.000001 0.000001 0.000001 3.273803 0.305947 -0.580111 21.486797 11.830361 2.266130 8.162918 0.000001 -0.000001 18.399050 -3.798979 -4.940567 0.000003 -0.000001 -0.000002 16.986969 10.675593 -30.747303 -0.546872 -1.240761 33.991226 -23.917889 -9.325723 3.588552 1.631682 -1.984267 -1.265672 0.000000 -0.000000 0.000002 -26.818523 -15.555465 -1.536889 0.556713 1.699023 42.575146 19.736668 16.620636 -14.864469 -1.460366 0.778681 -6.617427 0.000000 0.000000 -0.000002 
-1.666921 89.196739 43.846149 2.591278 3.369931 -0.234579 0.764649 1.139199 3.055727 -0.195985 2.705571 -3.666469 0.761980 0.912264 6.998145 -12.767617 11.788382 15.905553 1.305220 8.332400 -3.604327 -2.533892 9.233828 -8.295252 0.000077 -0.000024 0.000006 -0.014126 0.029330 0.005331 0.759237 -3.713357 -10.683320 -0.794856 3.757965 -10.654551 5.936288 -0.632916 7.570773 -52.034214 -36.442360 -25.631527 -179.829697 -41.301769 -179.848999 10.346396 10.902046 17.298084 -5.882101 9.861278 0.702591 -10.936859 -0.360574 7.156199 -0.000001 8.774814 -0.000000 -16.855433 16.582441 5.515976 -1.844031 2.498505 -2.507275 -10.163592 4.678942 4.621103 -20.975994 -0.000001 0.000002 -21.226250 2.451696 -3.593995 0.000000 -0.000008 -0.000001 -1.362681 2.240796 -0.746321 -21.334890 0.584911 3.008319 -13.821197 -0.000001 0.000003 -23.887129 -0.249075 -0.839482 -60.707764 1.930403 -0.862100 -0.294025 1.679687 0.833254 -14.218190 0.093216 1.300577 -34.211998 -0.287561 0.967166 -20.033178 0.964536 1.212840 0.000000 0.000002 -0.000000 -3.440384 0.788232 0.501653 -15.928164 -3.167306 2.999703 -6.338815 0.000000 0.000003 -18.123415 3.648177 -4.905663 -0.000005 0.000003 -0.000001 -8.700163 17.499210 5.382514 61.071568 56.759712 2.554781 -178.906815 57.690956 -179.182373 -8.077329 -10.014676 4.630391 2.243541 -5.255033 -3.180155 14.282875 -0.826594 6.952496 -0.000001 -12.690590 0.000002 15.955386 -17.741022 2.678830 1.665664 -1.955919 -2.878295 4.727794 -4.170584 4.993918 11.020511 0.000003 -0.000001 12.109033 -3.735710 -2.866778 -0.000000 0.000000 -0.000000 1.291985 -1.928547 -1.498087 14.800111 0.567467 3.865604 14.242556 -1.341735 -6.660647 19.631941 0.143926 -0.648241 50.077568 -0.867689 -5.856523 0.353029 -1.511150 -0.031940 20.222771 3.684306 2.316627 18.787245 0.000004 0.000001 10.751610 -0.479867 1.397904 0.000001 -0.000000 0.000001 3.273805 0.305947 -0.580109 21.486792 11.830362 2.266133 8.162918 0.000002 0.000002 18.399054 -3.798980 -4.940568 0.000003 -0.000001 -0.000001 17.039488 10.711292 -30.785147 -0.548224 -1.223237 34.083233 -23.898615 -9.301349 3.426496 1.634817 -1.980248 -1.267195 -0.000000 0.000000 0.000002 -26.766796 -15.509716 -1.747837 0.563523 1.685978 42.728359 19.739315 16.500776 -14.927844 -1.458493 0.774367 -6.541592 0.000000 0.000000 -0.000001 
-1.682632 89.166069 43.815262 2.575787 3.345443 -0.197335 0.741801 1.125337 3.067416 -0.206543 2.699095 -3.674557 0.739641 0.909724 7.002688 -12.714358 11.756780 15.796308 1.328944 8.357760 -3.596243 -2.578546 9.258337 -8.314895 0.000077 -0.000024 0.000006 -0.014029 0.021032 0.002631 0.755488 -3.715706 -10.689627 -0.796015 3.767065 -10.666238 5.986109 -0.701828 7.537600 -52.053349 -36.449841 -25.656563 -179.829590 -41.302998 -179.867737 10.370778 10.852326 17.328827 -5.882102 9.861277 0.702590 -10.936859 -0.360574 7.156196 -0.000001 8.774813 0.000001 -16.854683 16.513565 5.508018 -1.844030 2.498502 -2.507276 -10.163591 4.678939 4.621104 -20.975996 -0.000004 0.000003 -21.226255 2.451693 -3.593991 0.000000 -0.000008 -0.000001 -1.362680 2.240796 -0.746322 -21.334894 0.584908 3.008320 -13.821197 -0.000002 0.000004 -23.887133 -0.249078 -0.839481 -60.679768 1.883838 -0.872372 -0.294024 1.679685 0.833256 -14.218192 0.093212 1.300579 -34.212006 -0.287564 0.967171 -20.033178 0.964536 1.212842 -0.000000 0.000002 -0.000000 -3.440385 0.788232 0.501655 -15.928173 -3.167304 2.999705 -6.338818 -0.000002 0.000002 -18.123413 3.648174 -4.905661 -0.000004 0.000003 -0.000001 -8.664243 17.497524 5.395561 61.205349 56.792747 2.562528 -179.083191 57.656746 -179.350723 -8.157824 -10.047366 4.848668 2.243541 -5.255033 -3.180155 14.282878 -0.826594 6.952496 -0.000002 -12.690590 -0.000002 15.915883 -17.714911 2.675987 1.665665 -1.955921 -2.878297 4.727794 -4.170582 4.993917 11.020509 0.000004 0.000000 12.109031 -3.735709 -2.866779 0.000000 -0.000000 -0.000001 1.291984 -1.928547 -1.498088 14.800113 0.567468 3.865606 14.242553 -1.341735 -6.660648 19.631939 0.143924 -0.648242 50.080727 -0.850144 -5.855540 0.353030 -1.511149 -0.031940 20.222771 3.684308 2.316631 18.787245 0.000005 0.000001 10.751611 -0.479866 1.397903 0.000001 0.000000 0.000000 3.273806 0.305946 -0.580110 21.486792 11.830361 2.266132 8.162916 0.000003 0.000001 18.399052 -3.798977 -4.940566 0.000003 0.000000 -0.000001 17.055859 10.749386 -30.810032 -0.544119 -1.210125 34.138695 -23.897642 -9.291151 3.235516 1.634317 -1.988430 -1.272088 -0.000000 0.000000 0.000002 -26.730745 -15.469775 -1.917372 0.574535 1.659906 42.945660 19.681879 16.404169 -14.940585 -1.458583 0.780346 -6.508466 0.000000 0.000000 -0.000001 
-1.724510 89.135887 43.813114 2.553176 3.349000 -0.162348 0.726094 1.116627 3.081640 -0.216949 2.686625 -3.667062 0.719882 0.898310 7.007727 -12.638125 11.670623 15.705916 1.328024 8.384416 -3.588854 -2.613527 9.281585 -8.346701 0.000077 -0.000024 0.000005 -0.008929 0.007953 0.009659 0.758954 -3.729475 -10.677789 -0.788262 3.736923 -10.658497 6.011790 -0.755375 7.523274 -52.122368 -36.481197 -25.696798 -179.733109 -41.339661 -179.946823 10.394222 10.778008 17.351540 -5.882101 9.861277 0.702589 -10.936860 -0.360573 7.156197 -0.000000 8.774814 -0.000000 -16.820639 16.455156 5.502126 -1.844031 2.498502 -2.507277 -10.163587 4.678937 4.621105 -20.975992 -0.000004 0.000003 -21.226250 2.451692 -3.593992 0.000001 -0.000008 -0.000001 -1.362678 2.240796 -0.746322 -21.334887 0.584906 3.008320 -13.821198 -0.000003 0.000002 -23.887125 -0.249081 -0.839481 -60.594799 1.876444 -0.893944 -0.294025 1.679687 0.833255 -14.218194 0.093213 1.300578 -34.212002 -0.287568 0.967169 -20.033176 0.964532 1.212842 0.000000 0.000002 0.000000 -3.440384 0.788232 0.501654 -15.928165 -3.167309 2.999701 -6.338816 -0.000003 0.000001 -18.123413 3.648175 -4.905661 -0.000004 0.000003 -0.000001 -8.638207 17.482225 5.414390 61.307892 56.827621 2.580085 -179.127823 57.630054 -179.406448 -8.214956 -10.161355 5.038952 2.243539 -5.255032 -3.180156 14.282879 -0.826595 6.952496 -0.000001 -12.690588 0.000003 15.895167 -17.718233 2.673156 1.665665 -1.955920 -2.878296 4.727796 -4.170584 4.993920 11.020513 0.000002 0.000001 12.109033 -3.735710 -2.866777 -0.000001 -0.000000 -0.000001 1.291984 -1.928547 -1.498087 14.800111 0.567467 3.865605 14.242553 -1.341735 -6.660647 19.631937 0.143926 -0.648244 50.074036 -0.840263 -5.862700 0.353028 -1.511148 -0.031940 20.222773 3.684307 2.316630 18.787247 0.000003 0.000001 10.751612 -0.479869 1.397905 0.000001 0.000000 0.000000 3.273806 0.305947 -0.580111 21.486792 11.830363 2.266130 8.162918 0.000001 0.000000 18.399055 -3.798981 -4.940566 0.000003 0.000000 -0.000001 17.114296 10.806359 -30.939283 -0.563835 -1.212667 34.187572 -23.959671 -9.271823 3.400146 1.633023 -1.995131 -1.269727 -0.000000 0.000000 0.000002 -26.669268 -15.463619 -2.025549 0.580597 1.652637 43.110264 19.587955 16.337692 -15.022881 -1.457936 0.789509 -6.480062 0.000000 0.000000 -0.000002 
-1.735612 89.123772 43.818317 2.526814 3.388591 -0.134556 0.715408 1.117260 3.101811 -0.230073 2.675635 -3.666816 0.703543 0.891607 7.025766 -12.567900 11.603549 15.622765 1.339925 8.400908 -3.582687 -2.629406 9.277482 -8.390250 0.000077 -0.000024 0.000006 -0.008932 -0.000511 0.010980 0.762446 -3.739271 -10.670801 -0.789907 3.726701 -10.651252 6.021228 -0.791954 7.554931 -52.169353 -36.554508 -25.782818 -179.580780 -41.363480 179.940460 10.437951 10.706163 17.289829 -5.882100 9.861279 0.702590 -10.936860 -0.360576 7.156198 -0.000000 8.774812 -0.000001 -16.777523 16.439024 5.502086 -1.844033 2.498503 -2.507278 -10.163591 4.678938 4.621102 -20.975996 -0.000002 0.000003 -21.226255 2.451694 -3.593992 0.000001 -0.000006 -0.000001 -1.362680 2.240797 -0.746324 -21.334892 0.584909 3.008322 -13.821198 -0.000003 0.000004 -23.887131 -0.249080 -0.839479 -60.535309 1.878675 -0.897789 -0.294025 1.679685 0.833254 -14.218194 0.093214 1.300580 -34.211998 -0.287564 0.967170 -20.033180 0.964535 1.212842 0.000000 0.000002 0.000000 -3.440387 0.788233 0.501657 -15.928171 -3.167308 2.999703 -6.338818 -0.000003 0.000002 -18.123415 3.648175 -4.905662 -0.000004 0.000003 -0.000001 -8.615952 17.477434 5.469671 61.295650 56.869976 2.430286 -179.327179 57.558170 -179.606171 -8.257127 -10.324313 5.139649 2.243539 -5.255033 -3.180155 14.282877 -0.826594 6.952497 -0.000000 -12.690591 0.000000 15.862975 -17.728529 2.650030 1.665663 -1.955920 -2.878299 4.727791 -4.170583 4.993918 11.020510 0.000003 0.000000 12.109032 -3.735710 -2.866780 -0.000000 0.000000 -0.000000 1.291984 -1.928548 -1.498087 14.800109 0.567469 3.865604 14.242553 -1.341736 -6.660648 19.631939 0.143925 -0.648242 50.053650 -0.819170 -5.873599 0.353028 -1.511148 -0.031940 20.222769 3.684307 2.316628 18.787245 0.000004 0.000001 10.751612 -0.479867 1.397904 0.000000 0.000000 0.000001 3.273805 0.305947 -0.580110 21.486792 11.830364 2.266134 8.162916 0.000002 0.000000 18.399052 -3.798980 -4.940568 0.000003 -0.000001 -0.000000 17.131626 10.888329 -31.009153 -0.579281 -1.204320 34.228344 -23.962936 -9.339090 3.433300 1.633075 -1.995093 -1.273944 -0.000000 -0.000000 0.000002 -26.609257 -15.422052 -2.075382 0.583496 1.640933 43.205875 19.550383 16.240389 -15.015376 -1.459383 0.799139 -6.491093 0.000000 0.000000 -0.000001 
-1.713696 89.098969 43.831806 2.502338 3.437727 -0.102550 0.708240 1.146700 3.118769 -0.236249 2.639426 -3.670414 0.681196 0.892012 7.040646 -12.487178 11.529767 15.552097 1.354891 8.397742 -3.571730 -2.642678 9.260191 -8.462555 0.000077 -0.000024 0.000006 -0.006794 -0.000506 0.013694 0.765498 -3.739733 -10.672325 -0.789944 3.728036 -10.656095 6.013978 -0.809173 7.584529 -52.231712 -36.647480 -25.762844 -179.506531 -41.422329 179.887283 10.457361 10.628136 17.224209 -5.882102 9.861278 0.702590 -10.936858 -0.360573 7.156196 0.000000 8.774810 0.000000 -16.786272 16.471111 5.493762 -1.844030 2.498502 -2.507276 -10.163589 4.678938 4.621103 -20.975996 -0.000004 0.000004 -21.226255 2.451692 -3.593993 0.000000 -0.000008 -0.000000 -1.362682 2.240797 -0.746322 -21.334896 0.584910 3.008320 -13.821197 -0.000003 0.000002 -23.887133 -0.249080 -0.839482 -60.508541 1.885052 -0.901912 -0.294026 1.679686 0.833255 -14.218194 0.093215 1.300580 -34.211998 -0.287565 0.967169 -20.033176 0.964534 1.212842 0.000000 0.000002 0.000000 -3.440386 0.788232 0.501657 -15.928167 -3.167305 2.999704 -6.338816 -0.000002 0.000001 -18.123413 3.648174 -4.905661 -0.000004 0.000003 -0.000001 -8.606387 17.492594 5.508276 61.195164 56.946274 2.173592 -179.524445 57.523087 -179.791840 -8.319303 -10.522437 5.059951 2.243541 -5.255032 -3.180155 14.282873 -0.826593 6.952496 -0.000002 -12.690588 0.000001 15.878953 -17.748562 2.608988 1.665664 -1.955919 -2.878298 4.727792 -4.170580 4.993920 11.020509 0.000005 0.000002 12.109030 -3.735708 -2.866778 -0.000000 0.000000 -0.000001 1.291983 -1.928547 -1.498088 14.800114 0.567467 3.865607 14.242553 -1.341734 -6.660648 19.631937 0.143924 -0.648242 50.076698 -0.791934 -5.899539 0.353028 -1.511149 -0.031939 20.222769 3.684305 2.316631 18.787245 0.000004 0.000001 10.751610 -0.479868 1.397905 0.000000 -0.000000 0.000001 3.273805 0.305945 -0.580110 21.486790 11.830362 2.266133 8.162915 0.000002 0.000000 18.399052 -3.798981 -4.940565 0.000003 0.000000 0.000000 17.109995 10.972463 -31.107317 -0.585607 -1.216715 34.316109 -23.926886 -9.432784 3.366692 1.625914 -1.990161 -1.276665 -0.000000 -0.000000 0.000002 -26.585867 -15.389320 -2.103870 0.577158 1.607162 43.276146 19.533720 16.193237 -15.011032 -1.460084 0.804511 -6.523736 0.000000 0.000000 -0.000000 
-1.717297 89.097160 43.858902 2.482765 3.518877 -0.053646 0.698334 1.133622 3.100262 -0.240250 2.681326 -3.662242 0.666843 0.859771 7.055117 -12.422989 11.465317 15.488225 1.339949 8.381067 -3.569541 -2.616176 9.269786 -8.526378 0.000077 -0.000023 0.000006 -0.010025 -0.000387 0.022149 0.762273 -3.737815 -10.662540 -0.794066 3.726988 -10.645307 5.983318 -0.814213 7.632178 -52.280537 -36.759243 -25.707052 -179.470673 -41.462898 179.880173 10.492031 10.560390 17.219328 -5.882103 9.861280 0.702590 -10.936858 -0.360575 7.156196 -0.000000 8.774814 -0.000000 -16.876682 16.535669 5.446305 -1.844032 2.498504 -2.507273 -10.163592 4.678941 4.621104 -20.975998 -0.000000 0.000003 -21.226257 2.451693 -3.593994 0.000000 -0.000007 -0.000000 -1.362681 2.240796 -0.746324 -21.334890 0.584908 3.008321 -13.821198 -0.000002 0.000004 -23.887131 -0.249077 -0.839482 -60.559029 1.923072 -0.918370 -0.294026 1.679686 0.833255 -14.218197 0.093215 1.300579 -34.212006 -0.287565 0.967167 -20.033180 0.964537 1.212840 0.000000 0.000002 0.000000 -3.440385 0.788232 0.501653 -15.928169 -3.167305 2.999703 -6.338817 -0.000001 0.000002 -18.123415 3.648176 -4.905663 -0.000004 0.000003 -0.000001 -8.608047 17.487186 5.530398 61.183861 56.994370 2.079834 -179.566940 57.466873 -179.765411 -8.315475 -10.665588 5.001688 2.243540 -5.255033 -3.180155 14.282873 -0.826593 6.952497 -0.000002 -12.690587 0.000000 15.915586 -17.766741 2.581487 1.665664 -1.955919 -2.878297 4.727792 -4.170584 4.993919 11.020508 0.000003 -0.000001 12.109031 -3.735710 -2.866779 -0.000000 0.000000 -0.000001 1.291985 -1.928548 -1.498087 14.800113 0.567469 3.865602 14.242553 -1.341735 -6.660648 19.631939 0.143925 -0.648244 50.117218 -0.782093 -5.916177 0.353028 -1.511148 -0.031940 20.222767 3.684304 2.316629 18.787245 0.000003 -0.000000 10.751610 -0.479867 1.397905 0.000001 -0.000000 0.000001 3.273804 0.305946 -0.580110 21.486788 11.830360 2.266131 8.162915 0.000002 0.000000 18.399054 -3.798979 -4.940567 0.000003 0.000000 0.000000 17.097748 11.044577 -31.186331 -0.601116 -1.219542 34.326000 -23.890291 -9.515595 3.387402 1.627418 -1.978009 -1.270003 -0.000000 0.000000 0.000002 -26.558662 -15.451062 -2.100487 0.588740 1.622397 43.304321 19.500195 16.177851 -14.969832 -1.457495 0.796101 -6.582595 -0.000000 -0.000000 -0.000001 
-1.752980 89.101273 43.914806 2.479725 3.583534 -0.009964 0.676290 1.156709 3.091851 -0.239256 2.670184 -3.667647 0.634280 0.860064 7.078491 -12.336351 11.373199 15.461958 1.308132 8.406392 -3.573822 -2.640398 9.236157 -8.589051 0.000077 -0.000023 0.000006 -0.010409 0.008008 0.021238 0.761515 -3.719457 -10.656967 -0.795226 3.745363 -10.643910 5.950395 -0.839423 7.711585 -52.259209 -36.833511 -25.644194 -179.488113 -41.494450 179.898590 10.533451 10.503511 17.233242 -5.882101 9.861279 0.702589 -10.936857 -0.360574 7.156198 0.000000 8.774814 0.000000 -16.911093 16.594433 5.458422 -1.844030 2.498501 -2.507274 -10.163589 4.678940 4.621105 -20.975998 0.000001 0.000003 -21.226254 2.451695 -3.593993 -0.000000 -0.000006 -0.000000 -1.362679 2.240797 -0.746323 -21.334887 0.584909 3.008319 -13.821197 -0.000002 0.000002 -23.887131 -0.249078 -0.839481 -60.582184 1.946657 -0.883108 -0.294026 1.679686 0.833255 -14.218190 0.093215 1.300581 -34.212002 -0.287561 0.967170 -20.033178 0.964536 1.212841 -0.000000 0.000002 -0.000000 -3.440385 0.788233 0.501655 -15.928165 -3.167305 2.999703 -6.338818 -0.000002 0.000002 -18.123415 3.648177 -4.905660 -0.000005 0.000003 -0.000001 -8.589163 17.472870 5.546473 61.069393 57.087025 1.989954 -179.545319 57.454102 -179.699631 -8.330417 -10.768252 5.013145 2.243541 -5.255033 -3.180156 14.282877 -0.826594 6.952495 -0.000001 -12.690588 0.000002 15.921597 -17.768326 2.579781 1.665666 -1.955919 -2.878298 4.727794 -4.170583 4.993918 11.020511 0.000005 0.000000 12.109033 -3.735710 -2.866779 -0.000000 0.000000 -0.000001 1.291986 -1.928548 -1.498087 14.800113 0.567467 3.865603 14.242554 -1.341735 -6.660647 19.631939 0.143924 -0.648243 50.110218 -0.774576 -5.916672 0.353029 -1.511149 -0.031940 20.222771 3.684307 2.316628 18.787247 0.000003 -0.000000 10.751610 -0.479868 1.397906 0.000001 0.000000 0.000000 3.273804 0.305947 -0.580111 21.486792 11.830361 2.266132 8.162915 0.000003 0.000001 18.399052 -3.798978 -4.940566 0.000003 -0.000001 -0.000000 17.091667 11.117432 -31.196854 -0.606718 -1.228930 34.268677 -23.899162 -9.576436 3.407112 1.629794 -1.973378 -1.284428 -0.000000 -0.000000 0.000002 -26.535749 -15.514453 -2.090168 0.588463 1.637408 43.362312 19.478506 16.236715 -14.884337 -1.459272 0.795207 -6.681549 -0.000000 -0.000000 -0.000000 
-1.755918 89.101341 43.984344 2.487358 3.626237 0.037737 0.653499 1.173863 3.065356 -0.244139 2.678069 -3.673868 0.612511 0.832330 7.103464 -12.267026 11.336277 15.442096 1.278890 8.425643 -3.581170 -2.660416 9.236499 -8.654581 0.000077 -0.000023 0.000006 -0.012168 0.010541 0.013836 0.760562 -3.720034 -10.653460 -0.795727 3.744090 -10.641620 5.943011 -0.841062 7.778611 -52.180943 -36.888130 -25.647957 -179.559769 -41.527473 179.952927 10.539054 10.459642 17.294365 -5.882102 9.861277 0.702588 -10.936858 -0.360575 7.156197 -0.000001 8.774813 -0.000002 -16.926195 16.594925 5.451816 -1.844032 2.498504 -2.507277 -10.163589 4.678940 4.621104 -20.975998 -0.000003 0.000004 -21.226255 2.451693 -3.593992 0.000000 -0.000007 -0.000001 -1.362681 2.240795 -0.746320 -21.334892 0.584909 3.008323 -13.821197 -0.000003 0.000004 -23.887131 -0.249077 -0.839479 -60.651360 1.939518 -0.834575 -0.294024 1.679685 0.833255 -14.218194 0.093215 1.300580 -34.212006 -0.287562 0.967170 -20.033178 0.964534 1.212842 -0.000000 0.000002 -0.000000 -3.440386 0.788232 0.501655 -15.928165 -3.167306 2.999704 -6.338819 -0.000002 0.000000 -18.123413 3.648177 -4.905661 -0.000004 0.000003 -0.000001 -8.581554 17.490131 5.557899 60.897343 57.219601 2.003247 -179.242249 57.480640 -179.443054 -8.355936 -10.788566 5.201909 2.243541 -5.255033 -3.180156 14.282878 -0.826595 6.952498 0.000001 -12.690592 0.000001 15.906934 -17.812431 2.603781 1.665663 -1.955920 -2.878297 4.727796 -4.170583 4.993918 11.020514 0.000002 0.000000 12.109033 -3.735711 -2.866780 0.000001 0.000000 -0.000001 1.291986 -1.928548 -1.498088 14.800117 0.567466 3.865604 14.242553 -1.341735 -6.660647 19.631941 0.143924 -0.648242 50.053009 -0.804629 -5.893921 0.353028 -1.511150 -0.031940 20.222771 3.684304 2.316629 18.787245 0.000002 -0.000001 10.751613 -0.479869 1.397902 0.000001 -0.000000 0.000001 3.273806 0.305946 -0.580110 21.486794 11.830360 2.266131 8.162917 0.000001 -0.000001 18.399055 -3.798981 -4.940568 0.000003 0.000000 -0.000001 17.055004 11.199208 -31.239292 -0.607418 -1.245496 34.303459 -23.890415 -9.632942 3.386265 1.627671 -1.968061 -1.274277 -0.000000 0.000000 0.000002 -26.538223 -15.539461 -2.087191 0.583677 1.657012 43.420708 19.445107 16.324993 -14.763043 -1.459482 0.804453 -6.806203 -0.000000 -0.000000 -0.000001 
-1.730830 89.110977 44.048847 2.507850 3.681378 0.075738 0.636155 1.169325 3.045121 -0.244491 2.674786 -3.687979 0.586754 0.843682 7.129316 -12.210917 11.308307 15.433882 1.254773 8.446895 -3.603046 -2.663480 9.248427 -8.705306 0.000077 -0.000023 0.000006 -0.011081 0.007605 0.004167 0.758341 -3.722458 -10.645591 -0.793517 3.743857 -10.637451 5.950133 -0.864441 7.829008 -52.136898 -36.910931 -25.659042 -179.594208 -41.486313 -179.973526 10.497550 10.443990 17.405844 -5.882102 9.861279 0.702590 -10.936863 -0.360575 7.156197 -0.000001 8.774814 -0.000002 -16.993572 16.627871 5.415171 -1.844030 2.498503 -2.507276 -10.163590 4.678940 4.621105 -20.975996 -0.000002 0.000005 -21.226255 2.451694 -3.593990 0.000000 -0.000006 -0.000000 -1.362682 2.240796 -0.746323 -21.334892 0.584907 3.008324 -13.821197 -0.000003 0.000004 -23.887131 -0.249079 -0.839478 -60.684166 1.930636 -0.811709 -0.294025 1.679687 0.833256 -14.218195 0.093214 1.300580 -34.212002 -0.287562 0.967172 -20.033182 0.964538 1.212842 -0.000000 0.000002 -0.000000 -3.440386 0.788233 0.501655 -15.928167 -3.167307 2.999706 -6.338817 -0.000003 0.000003 -18.123415 3.648178 -4.905660 -0.000005 0.000003 -0.000001 -8.584629 17.487259 5.581135 60.764366 57.343601 2.076537 -178.989166 57.468834 -179.205048 -8.420934 -10.755905 5.491245 2.243541 -5.255033 -3.180156 14.282878 -0.826594 6.952497 -0.000003 -12.690590 0.000001 15.909282 -17.828344 2.644380 1.665663 -1.955919 -2.878298 4.727793 -4.170584 4.993918 11.020511 0.000004 -0.000001 12.109030 -3.735708 -2.866781 -0.000000 0.000000 -0.000001 1.291983 -1.928547 -1.498089 14.800111 0.567469 3.865602 14.242553 -1.341733 -6.660648 19.631939 0.143926 -0.648242 50.019779 -0.849359 -5.885508 0.353028 -1.511149 -0.031939 20.222771 3.684307 2.316628 18.787245 0.000005 -0.000000 10.751610 -0.479868 1.397903 0.000001 0.000000 0.000000 3.273804 0.305946 -0.580112 21.486790 11.830363 2.266130 8.162916 0.000001 0.000000 18.399052 -3.798978 -4.940567 0.000003 -0.000003 -0.000002 16.993504 11.269497 -31.299637 -0.618474 -1.247507 34.381809 -23.897144 -9.723133 3.415933 1.630557 -1.977686 -1.270620 -0.000000 -0.000000 0.000002 -26.570660 -15.547890 -2.059520 0.581540 1.679616 43.451782 19.427656 16.376129 -14.582052 -1.461136 0.802836 -6.876680 -0.000000 0.000000 -0.000001 
-1.658828 89.101242 44.082687 2.532590 3.701602 0.109773 0.621497 1.160307 3.027802 -0.243606 2.656699 -3.706894 0.572465 0.860675 7.151888 -12.152995 11.301653 15.423644 1.250649 8.454823 -3.598631 -2.678291 9.275258 -8.741182 0.000077 -0.000023 0.000006 -0.008932 -0.000725 0.004171 0.758234 -3.726968 -10.658411 -0.785935 3.718255 -10.646781 5.964529 -0.906400 7.883004 -52.019337 -36.919052 -25.747551 -179.638824 -41.454945 -179.918182 10.475269 10.452681 17.463120 -5.882100 9.861278 0.702590 -10.936859 -0.360573 7.156197 -0.000001 8.774816 -0.000000 -16.969753 16.600340 5.414504 -1.844029 2.498504 -2.507275 -10.163589 4.678941 4.621104 -20.975998 -0.000000 0.000003 -21.226254 2.451696 -3.593995 0.000000 -0.000008 -0.000001 -1.362680 2.240797 -0.746322 -21.334890 0.584911 3.008319 -13.821197 -0.000001 0.000003 -23.887131 -0.249075 -0.839483 -60.718269 1.895501 -0.791409 -0.294025 1.679686 0.833256 -14.218190 0.093218 1.300579 -34.212002 -0.287562 0.967169 -20.033180 0.964537 1.212840 0.000000 0.000002 -0.000000 -3.440384 0.788233 0.501655 -15.928165 -3.167307 2.999701 -6.338819 -0.000001 0.000002 -18.123413 3.648176 -4.905662 -0.000004 0.000003 -0.000001 -8.601789 17.491579 5.586020 60.637043 57.481682 2.075557 -178.822678 57.476974 -179.032150 -8.479788 -10.702847 5.655022 2.243540 -5.255032 -3.180154 14.282875 -0.826592 6.952493 -0.000004 -12.690590 0.000000 15.863390 -17.834044 2.665912 1.665666 -1.955920 -2.878296 4.727793 -4.170582 4.993919 11.020512 0.000003 -0.000002 12.109033 -3.735710 -2.866780 -0.000001 0.000000 -0.000000 1.291985 -1.928550 -1.498087 14.800113 0.567467 3.865600 14.242554 -1.341734 -6.660650 19.631941 0.143927 -0.648246 49.949604 -0.882744 -5.875597 0.353030 -1.511149 -0.031940 20.222771 3.684307 2.316626 18.787249 0.000004 -0.000002 10.751612 -0.479866 1.397904 0.000001 0.000001 0.000002 3.273804 0.305948 -0.580111 21.486792 11.830363 2.266130 8.162914 0.000002 -0.000002 18.399050 -3.798978 -4.940569 0.000003 -0.000003 -0.000002 16.905613 11.309330 -31.397968 -0.619034 -1.243969 34.534157 -23.879997 -9.788438 3.342142 1.629081 -1.976064 -1.279775 -0.000000 -0.000000 0.000002 -26.642431 -15.532725 -2.051708 0.573283 1.674326 43.443481 19.439541 16.401644 -14.489158 -1.461412 0.805632 -6.892858 -0.000000 -0.000000 -0.000001 
-1.614116 89.114105 44.071648 2.561043 3.706516 0.123498 0.619036 1.159310 3.016617 -0.243824 2.652738 -3.713864 0.557313 0.884033 7.163452 -12.110046 11.311502 15.427380 1.266716 8.459721 -3.597379 -2.678033 9.253312 -8.739388 0.000077 -0.000023 0.000006 -0.006176 -0.000721 0.002086 0.763819 -3.731388 -10.674401 -0.790250 3.742316 -10.660231 5.976073 -0.958511 7.937308 -51.947784 -36.915771 -25.793497 -179.674591 -41.352806 -179.873260 10.465378 10.486051 17.489582 -5.882100 9.861278 0.702589 -10.936858 -0.360575 7.156198 0.000001 8.774817 -0.000000 -16.949120 16.589186 5.417438 -1.844030 2.498503 -2.507276 -10.163589 4.678938 4.621103 -20.975998 -0.000003 0.000005 -21.226255 2.451692 -3.593991 0.000000 -0.000008 -0.000001 -1.362681 2.240797 -0.746322 -21.334892 0.584909 3.008323 -13.821197 -0.000004 0.000005 -23.887125 -0.249079 -0.839479 -60.724510 1.883879 -0.817517 -0.294024 1.679686 0.833258 -14.218194 0.093213 1.300581 -34.212006 -0.287564 0.967173 -20.033178 0.964535 1.212843 -0.000000 0.000003 -0.000000 -3.440385 0.788234 0.501655 -15.928167 -3.167306 2.999705 -6.338817 -0.000002 0.000002 -18.123415 3.648174 -4.905660 -0.000004 0.000003 -0.000001 -8.612487 17.489559 5.598903 60.538498 57.571854 1.944292 -178.818573 57.464714 -178.955444 -8.462026 -10.674475 5.732263 2.243540 -5.255033 -3.180155 14.282877 -0.826593 6.952497 -0.000001 -12.690592 0.000000 15.852073 -17.830591 2.679835 1.665665 -1.955921 -2.878297 4.727791 -4.170583 4.993919 11.020509 0.000004 -0.000001 12.109033 -3.735710 -2.866780 -0.000001 0.000000 -0.000001 1.291983 -1.928547 -1.498087 14.800114 0.567468 3.865605 14.242553 -1.341735 -6.660649 19.631939 0.143926 -0.648243 49.934013 -0.902529 -5.873210 0.353028 -1.511149 -0.031940 20.222767 3.684308 2.316627 18.787245 0.000005 -0.000001 10.751610 -0.479868 1.397905 0.000001 -0.000000 0.000002 3.273805 0.305947 -0.580110 21.486788 11.830363 2.266130 8.162916 0.000002 0.000001 18.399050 -3.798978 -4.940566 0.000003 -0.000001 -0.000002 16.834618 11.332444 -31.469702 -0.623126 -1.249653 34.627583 -23.873821 -9.783004 3.425137 1.628420 -1.969190 -1.284427 -0.000000 -0.000000 0.000002 -26.690323 -15.502987 -2.067719 0.578652 1.676068 43.434212 19.447893 16.357597 -14.396279 -1.461771 0.815456 -6.907045 -0.000000 0.000000 0.000000 
-1.582895 89.119125 44.102745 2.597318 3.737715 0.134546 0.608357 1.165869 3.010622 -0.237736 2.643827 -3.729275 0.541760 0.910709 7.174903 -12.076128 11.299993 15.452129 1.275852 8.453574 -3.604335 -2.680032 9.255579 -8.756178 0.000077 -0.000023 0.000006 -0.005748 -0.000523 0.005509 0.765077 -3.755492 -10.694124 -0.786082 3.726993 -10.676935 5.965650 -0.992236 7.964554 -51.852245 -36.944000 -25.879240 -179.643127 -41.316803 -179.904922 10.477498 10.516470 17.464811 -5.882101 9.861277 0.702590 -10.936858 -0.360576 7.156198 0.000001 8.774814 -0.000000 -16.963381 16.553438 5.416542 -1.844030 2.498502 -2.507275 -10.163591 4.678937 4.621105 -20.975994 -0.000002 0.000003 -21.226250 2.451693 -3.593991 0.000000 -0.000007 -0.000000 -1.362680 2.240795 -0.746322 -21.334892 0.584905 3.008321 -13.821197 -0.000002 0.000003 -23.887131 -0.249078 -0.839480 -60.720787 1.884930 -0.823454 -0.294026 1.679686 0.833254 -14.218192 0.093212 1.300580 -34.211998 -0.287566 0.967173 -20.033176 0.964535 1.212844 0.000000 0.000002 -0.000000 -3.440387 0.788231 0.501655 -15.928167 -3.167305 2.999705 -6.338818 -0.000002 0.000002 -18.123413 3.648173 -4.905660 -0.000004 0.000003 -0.000001 -8.656590 17.505468 5.603498 60.507671 57.634487 1.739838 -178.969650 57.457146 -179.111176 -8.430376 -10.672721 5.774748 2.243542 -5.255032 -3.180154 14.282875 -0.826594 6.952494 -0.000002 -12.690591 0.000003 15.783831 -17.819359 2.675556 1.665666 -1.955920 -2.878299 4.727795 -4.170585 4.993920 11.020513 0.000003 -0.000001 12.109034 -3.735708 -2.866780 0.000001 0.000000 0.000000 1.291985 -1.928548 -1.498088 14.800114 0.567466 3.865603 14.242554 -1.341734 -6.660648 19.631937 0.143925 -0.648246 49.915352 -0.892174 -5.879552 0.353030 -1.511150 -0.031941 20.222771 3.684304 2.316626 18.787247 0.000004 -0.000001 10.751611 -0.479868 1.397903 0.000001 -0.000000 0.000002 3.273804 0.305948 -0.580110 21.486790 11.830360 2.266129 8.162916 0.000002 0.000000 18.399054 -3.798980 -4.940567 0.000003 -0.000002 -0.000000 16.773071 11.317575 -31.510721 -0.604363 -1.221643 34.707069 -23.838718 -9.783875 3.437916 1.625885 -1.963233 -1.310323 -0.000000 0.000000 0.000002 -26.753716 -15.483806 -2.019064 0.571425 1.652693 43.396824 19.478670 16.332947 -14.329007 -1.463613 0.817258 -6.895280 -0.000000 -0.000000 -0.000000 
-1.619293 89.122551 44.142944 2.624231 3.751907 0.144451 0.601779 1.166699 2.987814 -0.233908 2.671103 -3.738173 0.541530 0.896610 7.194963 -12.052241 11.280572 15.459777 1.292388 8.431919 -3.593636 -2.700739 9.228675 -8.735034 0.000077 -0.000023 0.000005 -0.005928 -0.000433 0.010306 0.760202 -3.735068 -10.702655 -0.790811 3.747578 -10.688234 5.937643 -1.000035 8.021944 -51.819645 -36.988525 -26.002518 -179.523071 -41.295101 -179.974884 10.448997 10.526996 17.371325 -5.882101 9.861278 0.702590 -10.936856 -0.360575 7.156198 -0.000001 8.774816 -0.000002 -16.961529 16.557415 5.400667 -1.844030 2.498502 -2.507277 -10.163589 4.678939 4.621104 -20.975996 -0.000002 0.000005 -21.226250 2.451694 -3.593992 0.000000 -0.000007 -0.000000 -1.362680 2.240798 -0.746322 -21.334888 0.584909 3.008322 -13.821197 -0.000001 0.000003 -23.887131 -0.249079 -0.839480 -60.696335 1.893886 -0.850588 -0.294027 1.679686 0.833257 -14.218194 0.093215 1.300581 -34.212006 -0.287562 0.967172 -20.033178 0.964538 1.212842 0.000000 0.000002 0.000000 -3.440385 0.788234 0.501654 -15.928167 -3.167307 2.999704 -6.338817 -0.000003 0.000001 -18.123413 3.648177 -4.905660 -0.000004 0.000003 -0.000001 -8.678273 17.512228 5.606682 60.536392 57.712158 1.605264 -179.087555 57.484932 -179.200470 -8.365960 -10.649920 5.702615 2.243540 -5.255033 -3.180153 14.282878 -0.826595 6.952494 -0.000002 -12.690590 0.000002 15.774109 -17.817179 2.672682 1.665666 -1.955919 -2.878299 4.727792 -4.170583 4.993918 11.020512 0.000004 -0.000002 12.109033 -3.735708 -2.866781 0.000001 -0.000000 -0.000002 1.291987 -1.928547 -1.498088 14.800113 0.567469 3.865602 14.242556 -1.341733 -6.660649 19.631939 0.143927 -0.648245 49.953503 -0.904822 -5.894519 0.353029 -1.511150 -0.031940 20.222773 3.684307 2.316625 18.787247 0.000005 -0.000003 10.751611 -0.479867 1.397903 0.000001 -0.000000 0.000002 3.273803 0.305948 -0.580109 21.486792 11.830365 2.266127 8.162917 0.000002 -0.000001 18.399054 -3.798978 -4.940568 0.000003 -0.000003 -0.000001 16.754551 11.351610 -31.465406 -0.594014 -1.227960 34.640152 -23.875961 -9.745259 3.448464 1.627154 -1.962271 -1.361362 -0.000000 -0.000000 0.000002 -26.771364 -15.493723 -1.975640 0.586057 1.642043 43.371536 19.453766 16.333754 -14.379889 -1.467782 0.834537 -6.944252 -0.000000 -0.000000 -0.000001 
-1.681352 89.126244 44.219563 2.652193 3.764159 0.142662 0.602415 1.177019 2.966741 -0.232457 2.680967 -3.743408 0.529937 0.888001 7.214070 -12.042586 11.282184 15.493730 1.301383 8.409150 -3.602155 -2.728766 9.235494 -8.731038 0.000077 -0.000024 0.000006 -0.011774 0.027457 0.009616 0.758168 -3.727368 -10.711078 -0.792305 3.767211 -10.693469 5.922968 -0.991778 8.034464 -51.789383 -37.006821 -26.126009 -179.408646 -41.271423 179.952881 10.428992 10.569133 17.180975 -5.882101 9.861279 0.702590 -10.936857 -0.360575 7.156197 -0.000000 8.774814 -0.000000 -16.962919 16.546614 5.394850 -1.844031 2.498503 -2.507274 -10.163589 4.678940 4.621102 -20.975996 -0.000001 0.000002 -21.226254 2.451693 -3.593992 0.000001 -0.000007 -0.000000 -1.362681 2.240797 -0.746322 -21.334887 0.584909 3.008320 -13.821197 -0.000003 0.000003 -23.887131 -0.249079 -0.839481 -60.703453 1.874157 -0.860787 -0.294024 1.679685 0.833254 -14.218190 0.093213 1.300577 -34.212002 -0.287563 0.967167 -20.033180 0.964538 1.212841 0.000000 0.000002 0.000000 -3.440386 0.788234 0.501656 -15.928167 -3.167306 2.999705 -6.338818 -0.000001 0.000002 -18.123413 3.648176 -4.905661 -0.000004 0.000003 -0.000001 -8.746857 17.513203 5.605563 60.696152 57.768337 1.612949 -179.107712 57.484131 -179.245667 -8.296620 -10.687637 5.688167 2.243540 -5.255033 -3.180156 14.282877 -0.826594 6.952496 0.000000 -12.690591 0.000002 15.759545 -17.801613 2.673419 1.665663 -1.955920 -2.878295 4.727792 -4.170583 4.993918 11.020510 0.000003 -0.000001 12.109032 -3.735711 -2.866779 -0.000000 0.000000 -0.000002 1.291985 -1.928548 -1.498088 14.800113 0.567468 3.865604 14.242553 -1.341736 -6.660650 19.631939 0.143925 -0.648243 49.964848 -0.900556 -5.898391 0.353027 -1.511149 -0.031940 20.222771 3.684305 2.316627 18.787249 0.000003 -0.000002 10.751612 -0.479868 1.397905 0.000001 -0.000000 0.000001 3.273805 0.305946 -0.580110 21.486790 11.830361 2.266131 8.162916 0.000002 0.000000 18.399054 -3.798980 -4.940569 0.000003 -0.000001 -0.000001 16.772890 11.404474 -31.368561 -0.597412 -1.206302 34.553635 -23.922861 -9.723567 3.457409 1.628898 -1.970371 -1.394848 -0.000000 -0.000000 0.000002 -26.773661 -15.502801 -1.890905 0.586949 1.642416 43.336754 19.411522 16.380938 -14.442225 -1.471282 0.838991 -6.970224 -0.000000 -0.000000 -0.000001 
-1.729986 89.123260 44.229095 2.674332 3.755193 0.150897 0.596726 1.184369 2.939468 -0.233920 2.676453 -3.751757 0.520496 0.865993 7.239253 -12.026406 11.270797 15.516231 1.307734 8.398314 -3.598493 -2.758106 9.269426 -8.718629 0.000077 -0.000023 0.000006 -0.004466 -0.000359 0.002087 0.759066 -3.746268 -10.723866 -0.780418 3.741230 -10.704387 5.901600 -0.964938 8.043277 -51.798244 -37.008812 -26.089140 -179.379807 -41.221542 179.916183 10.437040 10.589171 17.051966 -5.882103 9.861279 0.702588 -10.936858 -0.360574 7.156197 0.000001 8.774815 -0.000001 -16.977402 16.560198 5.373799 -1.844030 2.498504 -2.507275 -10.163589 4.678941 4.621104 -20.975994 0.000000 0.000001 -21.226255 2.451695 -3.593996 0.000000 -0.000008 -0.000001 -1.362679 2.240796 -0.746324 -21.334890 0.584910 3.008320 -13.821198 -0.000003 0.000003 -23.887133 -0.249077 -0.839481 -60.732788 1.872068 -0.892254 -0.294024 1.679686 0.833254 -14.218192 0.093215 1.300580 -34.212006 -0.287563 0.967165 -20.033176 0.964534 1.212840 0.000000 0.000002 -0.000000 -3.440385 0.788232 0.501655 -15.928169 -3.167306 2.999702 -6.338819 -0.000001 0.000002 -18.123415 3.648179 -4.905663 -0.000005 0.000003 -0.000001 -8.809597 17.528465 5.589387 60.889412 57.798779 1.775123 -179.019089 57.487419 -179.160645 -8.229911 -10.692670 5.721454 2.243540 -5.255031 -3.180156 14.282871 -0.826594 6.952494 -0.000002 -12.690585 0.000000 15.773510 -17.801771 2.686841 1.665666 -1.955919 -2.878295 4.727795 -4.170581 4.993918 11.020511 0.000003 -0.000001 12.109034 -3.735708 -2.866779 -0.000001 -0.000000 0.000000 1.291984 -1.928547 -1.498087 14.800111 0.567467 3.865602 14.242553 -1.341733 -6.660651 19.631935 0.143927 -0.648243 49.958687 -0.910140 -5.917469 0.353028 -1.511148 -0.031940 20.222765 3.684305 2.316627 18.787245 0.000005 -0.000001 10.751611 -0.479867 1.397903 0.000000 0.000000 0.000002 3.273805 0.305947 -0.580111 21.486788 11.830359 2.266129 8.162915 0.000002 0.000000 18.399050 -3.798979 -4.940568 0.000003 -0.000003 -0.000001 16.775408 11.464299 -31.328552 -0.605075 -1.207743 34.477345 -23.962778 -9.702008 3.498085 1.626163 -1.983889 -1.430203 -0.000000 0.000000 0.000002 -26.756525 -15.515965 -1.907616 0.564485 1.643080 43.358273 19.376945 16.441942 -14.533541 -1.470158 0.840145 -6.980679 -0.000000 0.000000 0.000000 
-1.739792 89.128502 44.233734 2.696258 3.765639 0.151883 0.587441 1.179315 2.923018 -0.240366 2.657619 -3.763379 0.505323 0.851918 7.268270 -12.005470 11.294573 15.563989 1.310016 8.396019 -3.604064 -2.772292 9.281978 -8.722753 0.000077 -0.000022 0.000006 -0.000855 0.008418 0.002037 0.758733 -3.733520 -10.719280 -0.778072 3.743829 -10.698082 5.904935 -0.946374 8.031740 -51.808128 -36.993580 -26.039869 -179.396042 -41.195854 179.915146 10.457006 10.577182 16.906292 -5.882101 9.861279 0.702590 -10.936860 -0.360575 7.156198 -0.000002 8.774813 -0.000001 -16.964470 16.579632 5.387603 -1.844031 2.498502 -2.507276 -10.163590 4.678941 4.621103 -20.975998 -0.000000 0.000004 -21.226255 2.451692 -3.593993 0.000000 -0.000008 -0.000000 -1.362682 2.240798 -0.746322 -21.334892 0.584909 3.008319 -13.821197 -0.000001 0.000002 -23.887131 -0.249079 -0.839483 -60.746143 1.850612 -0.899541 -0.294027 1.679686 0.833255 -14.218194 0.093215 1.300580 -34.212006 -0.287560 0.967170 -20.033182 0.964535 1.212841 -0.000000 0.000003 -0.000000 -3.440384 0.788232 0.501656 -15.928171 -3.167306 2.999705 -6.338817 0.000000 0.000001 -18.123417 3.648177 -4.905663 -0.000004 0.000003 -0.000001 -8.857032 17.534334 5.574246 61.062775 57.800289 1.924726 -178.955261 57.495121 -179.126175 -8.163074 -10.711834 5.818027 2.243540 -5.255031 -3.180155 14.282875 -0.826592 6.952496 -0.000002 -12.690585 0.000000 15.756713 -17.798010 2.677258 1.665663 -1.955919 -2.878296 4.727793 -4.170583 4.993918 11.020510 0.000004 0.000000 12.109029 -3.735708 -2.866778 -0.000001 -0.000000 -0.000001 1.291986 -1.928549 -1.498088 14.800117 0.567468 3.865604 14.242556 -1.341735 -6.660649 19.631939 0.143925 -0.648243 49.977654 -0.896991 -5.931773 0.353029 -1.511149 -0.031941 20.222769 3.684305 2.316627 18.787245 0.000005 0.000001 10.751610 -0.479866 1.397904 0.000001 -0.000000 0.000001 3.273806 0.305947 -0.580110 21.486794 11.830361 2.266131 8.162918 0.000003 0.000000 18.399055 -3.798977 -4.940566 0.000003 -0.000002 -0.000000 16.748062 11.515390 -31.332911 -0.614478 -1.212825 34.479519 -23.986046 -9.710099 3.574656 1.623657 -1.991218 -1.460284 0.000000 -0.000000 0.000002 -26.766218 -15.523962 -1.897491 0.559330 1.659437 43.352310 19.383286 16.497332 -14.537734 -1.467869 0.833845 -6.905598 -0.000000 -0.000000 -0.000001 
-1.662041 89.128227 44.208996 2.720612 3.727191 0.148821 0.577401 1.178051 2.915695 -0.243280 2.652930 -3.766619 0.484102 0.832840 7.282098 -11.988763 11.302155 15.606359 1.312222 8.379453 -3.615196 -2.760100 9.307266 -8.720669 0.000077 -0.000023 0.000006 -0.005237 0.021791 -0.000021 0.757407 -3.737908 -10.718270 -0.781009 3.760362 -10.692435 5.898868 -0.943186 8.015052 -51.836311 -36.975754 -25.886236 -179.447357 -41.161198 179.932144 10.498012 10.590616 16.808840 -5.882100 9.861277 0.702589 -10.936860 -0.360576 7.156196 -0.000001 8.774811 -0.000002 -16.951521 16.574635 5.375092 -1.844029 2.498502 -2.507276 -10.163591 4.678941 4.621103 -20.975998 -0.000000 0.000003 -21.226255 2.451694 -3.593992 0.000000 -0.000006 -0.000000 -1.362680 2.240797 -0.746323 -21.334888 0.584908 3.008319 -13.821197 -0.000001 0.000002 -23.887131 -0.249078 -0.839481 -60.775375 1.832787 -0.907506 -0.294024 1.679685 0.833255 -14.218190 0.093212 1.300577 -34.212002 -0.287562 0.967170 -20.033176 0.964536 1.212841 0.000000 0.000002 0.000000 -3.440384 0.788232 0.501652 -15.928164 -3.167306 2.999703 -6.338818 -0.000002 0.000002 -18.123413 3.648175 -4.905661 -0.000004 0.000003 -0.000001 -8.897789 17.521463 5.530090 61.292831 57.778549 2.110729 -178.976929 57.502811 -179.130997 -8.106024 -10.692661 5.829528 2.243540 -5.255033 -3.180155 14.282877 -0.826594 6.952495 -0.000003 -12.690591 0.000000 15.785039 -17.803825 2.684980 1.665665 -1.955920 -2.878296 4.727795 -4.170583 4.993919 11.020511 0.000003 0.000000 12.109032 -3.735710 -2.866778 0.000001 0.000000 -0.000003 1.291985 -1.928549 -1.498088 14.800113 0.567469 3.865604 14.242553 -1.341734 -6.660648 19.631939 0.143927 -0.648242 49.991180 -0.904154 -5.931436 0.353029 -1.511150 -0.031940 20.222769 3.684308 2.316629 18.787245 0.000004 0.000002 10.751611 -0.479868 1.397904 0.000001 -0.000000 0.000003 3.273804 0.305947 -0.580110 21.486794 11.830367 2.266133 8.162915 0.000003 0.000000 18.399054 -3.798978 -4.940567 0.000003 -0.000003 -0.000001 16.684185 11.538584 -31.414515 -0.635530 -1.209268 34.650707 -23.926353 -9.725389 3.582858 1.624184 -1.993804 -1.493552 -0.000000 0.000000 0.000002 -26.844191 -15.497432 -1.910207 0.569360 1.668966 43.301132 19.424553 16.557842 -14.493609 -1.466057 0.823128 -6.921501 -0.000000 0.000000 0.000000 
-1.662785 89.121712 44.124050 2.737790 3.683631 0.140499 0.570439 1.184722 2.914728 -0.250262 2.616372 -3.770260 0.462936 0.838780 7.292241 -11.968611 11.317316 15.674631 1.301464 8.349853 -3.606688 -2.744016 9.315168 -8.727743 0.000077 -0.000023 0.000006 -0.003187 0.008581 0.007568 0.758350 -3.726734 -10.703761 -0.778883 3.741365 -10.676249 5.864325 -0.942010 8.030291 -51.802780 -36.960800 -25.785461 -179.552673 -41.132130 179.942688 10.518980 10.580926 16.718628 -5.882102 9.861279 0.702589 -10.936859 -0.360573 7.156199 -0.000002 8.774815 -0.000001 -16.908474 16.598936 5.429185 -1.844031 2.498503 -2.507276 -10.163592 4.678941 4.621105 -20.975998 0.000001 0.000002 -21.226254 2.451694 -3.593994 0.000000 -0.000007 -0.000001 -1.362681 2.240796 -0.746324 -21.334887 0.584910 3.008322 -13.821197 -0.000002 0.000003 -23.887131 -0.249074 -0.839482 -60.844181 1.837455 -0.913620 -0.294024 1.679686 0.833256 -14.218195 0.093216 1.300581 -34.211998 -0.287558 0.967168 -20.033180 0.964538 1.212841 -0.000000 0.000003 -0.000000 -3.440383 0.788234 0.501656 -15.928171 -3.167306 2.999704 -6.338817 -0.000002 0.000002 -18.123415 3.648179 -4.905661 -0.000005 0.000001 -0.000001 -8.901980 17.527552 5.520459 61.399155 57.747593 2.165432 -179.024307 57.548164 -179.214218 -8.052073 -10.655612 5.849488 2.243538 -5.255030 -3.180154 14.282877 -0.826592 6.952493 -0.000002 -12.690588 0.000000 15.761955 -17.799206 2.673721 1.665664 -1.955920 -2.878298 4.727795 -4.170584 4.993918 11.020510 0.000004 -0.000001 12.109032 -3.735708 -2.866779 -0.000000 -0.000000 -0.000001 1.291985 -1.928547 -1.498088 14.800113 0.567468 3.865605 14.242554 -1.341735 -6.660648 19.631937 0.143926 -0.648242 49.979637 -0.898590 -5.939645 0.353029 -1.511150 -0.031940 20.222769 3.684306 2.316627 18.787245 0.000005 -0.000000 10.751610 -0.479868 1.397905 0.000001 -0.000001 0.000002 3.273803 0.305948 -0.580110 21.486795 11.830363 2.266130 8.162917 0.000003 -0.000001 18.399052 -3.798979 -4.940567 0.000003 -0.000001 -0.000001 16.662054 11.538400 -31.430218 -0.620697 -1.203691 34.617779 -23.896978 -9.667622 3.636764 1.618087 -1.996098 -1.491507 0.000000 -0.000000 0.000002 -26.857176 -15.471610 -2.035432 0.585087 1.662194 43.407425 19.421738 16.596096 -14.524981 -1.462709 0.816740 -6.932977 -0.000000 -0.000000 -0.000000 
-1.665127 89.122322 44.080875 2.754467 3.608242 0.127887 0.579018 1.211010 2.921489 -0.254660 2.572556 -3.785818 0.427346 0.862193 7.308033 -11.986528 11.344591 15.741303 1.291679 8.330806 -3.621410 -2.698470 9.261122 -8.711089 0.000076 -0.000023 0.000006 -0.007397 0.038792 0.005461 0.756087 -3.694825 -10.701706 -0.783673 3.755137 -10.672686 5.828351 -0.962035 8.022224 -51.733707 -36.917313 -25.788836 -179.602097 -41.112396 179.923431 10.553765 10.622968 16.469646 -5.882101 9.861279 0.702589 -10.936858 -0.360573 7.156196 0.000000 8.774812 0.000000 -16.888000 16.578735 5.429227 -1.844031 2.498504 -2.507274 -10.163592 4.678941 4.621104 -20.976000 0.000000 0.000001 -21.226255 2.451694 -3.593995 0.000000 -0.000007 -0.000000 -1.362681 2.240796 -0.746325 -21.334894 0.584909 3.008320 -13.821197 -0.000001 0.000001 -23.887131 -0.249079 -0.839484 -60.871922 1.830033 -0.898167 -0.294023 1.679686 0.833256 -14.218194 0.093216 1.300578 -34.212006 -0.287562 0.967168 -20.033180 0.964534 1.212841 0.000000 0.000002 -0.000000 -3.440387 0.788232 0.501654 -15.928167 -3.167306 2.999703 -6.338820 0.000000 0.000001 -18.123413 3.648177 -4.905664 -0.000004 -0.000000 -0.000002 -8.927725 17.525309 5.494107 61.513283 57.710285 2.123084 -179.224274 57.569782 -179.406311 -8.008236 -10.649782 5.771115 2.243541 -5.255033 -3.180155 14.282877 -0.826593 6.952496 0.000000 -12.690588 -0.000001 15.723339 -17.805349 2.672412 1.665664 -1.955920 -2.878298 4.727793 -4.170582 4.993917 11.020512 0.000003 -0.000001 12.109033 -3.735709 -2.866780 0.000001 0.000000 -0.000002 1.291983 -1.928547 -1.498088 14.800114 0.567467 3.865604 14.242554 -1.341736 -6.660647 19.631939 0.143924 -0.648245 49.901459 -0.882777 -5.934858 0.353029 -1.511151 -0.031940 20.222771 3.684305 2.316630 18.787247 0.000004 0.000001 10.751612 -0.479868 1.397904 0.000001 0.000000 0.000002 3.273804 0.305945 -0.580110 21.486790 11.830361 2.266133 8.162916 0.000002 0.000002 18.399054 -3.798981 -4.940566 0.000003 -0.000002 -0.000001 16.663244 11.533032 -31.426167 -0.614518 -1.206056 34.642677 -23.819935 -9.570206 3.669321 1.615249 -2.001162 -1.490980 0.000000 0.000000 0.000002 -26.852795 -15.396410 -2.141475 0.563142 1.650294 43.499557 19.415901 16.640501 -14.497064 -1.465827 0.817402 -6.963956 -0.000000 0.000000 0.000000 
-1.750897 89.131897 44.019131 2.768776 3.544951 0.140132 0.576816 1.201012 2.894375 -0.261282 2.576349 -3.793064 0.405304 0.866589 7.312037 -11.999120 11.325811 15.825797 1.274472 8.331495 -3.637182 -2.674695 9.230124 -8.702047 0.000077 -0.000023 0.000005 -0.010624 0.038679 0.007523 0.753369 -3.687841 -10.688949 -0.789852 3.773420 -10.665599 5.797656 -0.985663 8.048241 -51.738136 -36.916615 -25.824705 -179.511734 -41.119202 179.840485 10.583795 10.640244 16.113583 -5.882102 9.861279 0.702590 -10.936858 -0.360572 7.156196 -0.000001 8.774814 -0.000000 -16.875685 16.597902 5.428892 -1.844032 2.498502 -2.507275 -10.163589 4.678941 4.621105 -20.975994 -0.000003 0.000002 -21.226255 2.451692 -3.593993 0.000000 -0.000007 -0.000001 -1.362682 2.240796 -0.746323 -21.334890 0.584909 3.008318 -13.821194 -0.000001 0.000001 -23.887131 -0.249078 -0.839481 -60.902077 1.840635 -0.893705 -0.294024 1.679686 0.833255 -14.218192 0.093215 1.300580 -34.212006 -0.287565 0.967168 -20.033178 0.964534 1.212841 -0.000000 0.000002 -0.000000 -3.440385 0.788234 0.501654 -15.928165 -3.167304 2.999702 -6.338819 -0.000002 0.000002 -18.123413 3.648179 -4.905661 -0.000004 0.000002 -0.000002 -8.942673 17.495634 5.443368 61.633568 57.642265 2.159306 -179.316071 57.574886 -179.483780 -7.951017 -10.643219 5.588489 2.243539 -5.255033 -3.180156 14.282877 -0.826592 6.952495 -0.000003 -12.690587 0.000000 15.682524 -17.772234 2.670424 1.665663 -1.955921 -2.878295 4.727795 -4.170583 4.993917 11.020510 0.000004 -0.000000 12.109031 -3.735707 -2.866781 0.000001 0.000000 -0.000001 1.291985 -1.928548 -1.498089 14.800114 0.567468 3.865604 14.242553 -1.341733 -6.660650 19.631937 0.143929 -0.648243 49.849487 -0.902047 -5.926089 0.353027 -1.511149 -0.031941 20.222765 3.684307 2.316628 18.787245 0.000006 0.000000 10.751611 -0.479867 1.397905 0.000001 -0.000000 0.000001 3.273803 0.305948 -0.580111 21.486792 11.830366 2.266131 8.162914 0.000003 -0.000001 18.399052 -3.798978 -4.940568 0.000003 -0.000001 -0.000001 16.710289 11.530477 -31.377010 -0.604488 -1.206784 34.487949 -23.820448 -9.426842 3.809008 1.615690 -1.992963 -1.499992 0.000000 0.000000 0.000002 -26.804327 -15.376396 -2.290670 0.576022 1.620163 43.626610 19.335878 16.663826 -14.576389 -1.464746 0.810982 -6.976094 -0.000000 -0.000000 -0.000000 
-1.815431 89.138031 43.974987 2.784466 3.434823 0.171755 0.575313 1.187870 2.850904 -0.268746 2.589240 -3.801214 0.391815 0.863037 7.318203 -12.066049 11.332463 15.866330 1.287280 8.343803 -3.638655 -2.653967 9.200056 -8.704504 0.000076 -0.000023 0.000005 -0.014899 0.068915 0.005370 0.756373 -3.677444 -10.689342 -0.796735 3.793111 -10.667572 5.766098 -0.979553 8.060157 -51.744736 -36.892162 -25.839233 -179.468048 -41.115677 179.826782 10.609729 10.661193 15.843533 -5.882102 9.861278 0.702590 -10.936858 -0.360575 7.156199 -0.000001 8.774812 -0.000001 -16.910225 16.627542 5.426431 -1.844030 2.498504 -2.507276 -10.163590 4.678938 4.621106 -20.975994 0.000001 0.000004 -21.226254 2.451694 -3.593993 0.000000 -0.000006 -0.000001 -1.362682 2.240797 -0.746321 -21.334892 0.584908 3.008324 -13.821197 0.000001 0.000005 -23.887129 -0.249076 -0.839481 -60.917233 1.856028 -0.889943 -0.294026 1.679687 0.833256 -14.218192 0.093215 1.300580 -34.211998 -0.287559 0.967168 -20.033178 0.964538 1.212840 0.000000 0.000001 0.000000 -3.440384 0.788232 0.501655 -15.928169 -3.167304 2.999706 -6.338816 0.000001 0.000003 -18.123415 3.648177 -4.905661 -0.000005 0.000001 -0.000002 -8.990591 17.475872 5.379514 61.792156 57.618114 2.252286 -179.312958 57.594856 -179.457230 -7.898061 -10.628419 5.447002 2.243538 -5.255032 -3.180155 14.282873 -0.826594 6.952499 0.000000 -12.690592 0.000001 15.627187 -17.784126 2.693365 1.665666 -1.955920 -2.878296 4.727793 -4.170583 4.993919 11.020509 0.000003 -0.000001 12.109028 -3.735710 -2.866780 -0.000000 0.000000 -0.000001 1.291984 -1.928548 -1.498088 14.800113 0.567467 3.865602 14.242550 -1.341735 -6.660647 19.631937 0.143925 -0.648242 49.795273 -0.920779 -5.920405 0.353027 -1.511148 -0.031941 20.222767 3.684307 2.316629 18.787243 0.000004 -0.000000 10.751610 -0.479867 1.397905 0.000001 0.000001 0.000001 3.273804 0.305948 -0.580110 21.486788 11.830362 2.266130 8.162916 0.000003 0.000000 18.399050 -3.798980 -4.940568 0.000003 -0.000002 -0.000001 16.750877 11.559639 -31.340025 -0.600725 -1.211070 34.382648 -23.803123 -9.308395 3.886140 1.617710 -1.989432 -1.473083 0.000000 -0.000000 0.000002 -26.756901 -15.352338 -2.467506 0.580223 1.623199 43.736221 19.267591 16.712177 -14.651718 -1.465294 0.805315 -6.971993 -0.000000 0.000000 0.000000 
-1.855513 89.164490 43.957169 2.797664 3.341202 0.190830 0.570218 1.172879 2.818780 -0.275018 2.615086 -3.800122 0.380383 0.826320 7.328735 -12.123718 11.325721 15.889959 1.309414 8.389634 -3.650703 -2.673565 9.211305 -8.743160 0.000076 -0.000023 0.000006 -0.014892 0.058176 0.010294 0.756777 -3.670765 -10.682691 -0.798391 3.782058 -10.662972 5.741957 -0.980182 8.094699 -51.719048 -36.877926 -25.823389 -179.438263 -41.092876 179.816284 10.596581 10.675798 15.724662 -5.882102 9.861278 0.702591 -10.936860 -0.360576 7.156197 -0.000001 8.774815 -0.000000 -16.937017 16.676556 5.412492 -1.844030 2.498502 -2.507276 -10.163589 4.678939 4.621103 -20.975998 -0.000004 0.000005 -21.226255 2.451692 -3.593991 0.000000 -0.000007 -0.000001 -1.362682 2.240797 -0.746322 -21.334887 0.584907 3.008319 -13.821194 -0.000001 0.000003 -23.887125 -0.249080 -0.839480 -60.886517 1.862481 -0.890616 -0.294025 1.679685 0.833255 -14.218194 0.093215 1.300579 -34.212002 -0.287565 0.967172 -20.033178 0.964534 1.212843 -0.000000 0.000001 -0.000000 -3.440386 0.788232 0.501656 -15.928169 -3.167310 2.999706 -6.338817 -0.000001 0.000002 -18.123411 3.648174 -4.905661 -0.000004 0.000003 -0.000002 -9.009305 17.459629 5.348367 61.906822 57.641903 2.478442 -179.216568 57.638817 -179.377274 -7.829513 -10.611896 5.367406 2.243539 -5.255033 -3.180156 14.282875 -0.826594 6.952493 -0.000001 -12.690593 0.000001 15.563625 -17.776114 2.704034 1.665665 -1.955921 -2.878297 4.727790 -4.170585 4.993918 11.020510 0.000005 -0.000002 12.109031 -3.735710 -2.866782 -0.000000 0.000000 -0.000000 1.291985 -1.928548 -1.498089 14.800107 0.567468 3.865602 14.242554 -1.341734 -6.660649 19.631937 0.143928 -0.648243 49.756870 -0.945048 -5.931790 0.353028 -1.511149 -0.031939 20.222769 3.684306 2.316627 18.787243 0.000004 -0.000002 10.751610 -0.479866 1.397904 0.000000 -0.000001 0.000001 3.273803 0.305947 -0.580111 21.486792 11.830367 2.266131 8.162912 0.000002 0.000000 18.399046 -3.798981 -4.940568 0.000003 -0.000001 -0.000000 16.774525 11.569473 -31.267962 -0.593373 -1.224194 34.260616 -23.820169 -9.189040 3.961464 1.622186 -1.990482 -1.456195 0.000000 0.000000 0.000002 -26.730732 -15.328725 -2.562084 0.584634 1.625492 43.754463 19.217274 16.809439 -14.632995 -1.465290 0.806917 -6.983345 -0.000000 -0.000000 -0.000001 
-1.820135 89.196320 43.919060 2.811525 3.215160 0.193303 0.570581 1.193795 2.805340 -0.274596 2.601643 -3.797148 0.372493 0.791888 7.344804 -12.209311 11.367078 15.899062 1.342752 8.439937 -3.675476 -2.697184 9.276186 -8.756095 0.000076 -0.000022 0.000006 -0.014476 0.058157 0.006882 0.759577 -3.670583 -10.687554 -0.799296 3.781499 -10.666932 5.700838 -0.962349 8.091594 -51.656128 -36.806805 -25.783159 -179.514511 -41.068184 179.854950 10.602971 10.694191 15.751762 -5.882104 9.861280 0.702590 -10.936858 -0.360574 7.156195 -0.000002 8.774814 -0.000001 -16.969870 16.683271 5.399991 -1.844031 2.498502 -2.507277 -10.163591 4.678940 4.621102 -20.975996 -0.000003 0.000002 -21.226254 2.451696 -3.593993 -0.000000 -0.000006 -0.000001 -1.362682 2.240798 -0.746322 -21.334892 0.584909 3.008319 -13.821198 -0.000001 0.000002 -23.887135 -0.249077 -0.839481 -60.857056 1.849184 -0.872150 -0.294026 1.679686 0.833255 -14.218195 0.093215 1.300579 -34.212009 -0.287562 0.967169 -20.033180 0.964534 1.212841 0.000000 0.000001 0.000000 -3.440386 0.788232 0.501655 -15.928169 -3.167306 2.999701 -6.338820 0.000001 0.000001 -18.123421 3.648177 -4.905662 -0.000004 0.000001 -0.000002 -9.023366 17.453882 5.344100 61.928421 57.707241 2.612761 -179.137711 57.669933 -179.328949 -7.788077 -10.583593 5.296861 2.243540 -5.255032 -3.180155 14.282873 -0.826592 6.952495 -0.000003 -12.690590 0.000001 15.622472 -17.779846 2.687478 1.665665 -1.955921 -2.878299 4.727792 -4.170582 4.993919 11.020509 0.000004 -0.000001 12.109028 -3.735709 -2.866779 -0.000000 0.000000 -0.000000 1.291985 -1.928548 -1.498088 14.800111 0.567471 3.865603 14.242553 -1.341733 -6.660650 19.631939 0.143926 -0.648244 49.787727 -0.962753 -5.982710 0.353029 -1.511150 -0.031940 20.222767 3.684307 2.316629 18.787247 0.000004 0.000001 10.751611 -0.479868 1.397904 0.000000 0.000001 0.000002 3.273804 0.305946 -0.580111 21.486790 11.830363 2.266133 8.162916 0.000003 0.000001 18.399054 -3.798980 -4.940567 0.000003 -0.000002 -0.000001 16.767553 11.584169 -31.223505 -0.599659 -1.211074 34.235390 -23.782063 -9.101645 4.005772 1.624451 -1.996126 -1.427964 0.000000 -0.000000 0.000002 -26.746490 -15.260042 -2.679901 0.566561 1.633785 43.782467 19.219641 16.922712 -14.447186 -1.460792 0.793220 -7.030444 -0.000000 -0.000000 -0.000001 
-1.812128 89.243042 43.866249 2.818517 3.078585 0.181903 0.575804 1.200033 2.816412 -0.267293 2.597599 -3.795761 0.364088 0.759142 7.357111 -12.279621 11.405252 15.871465 1.382023 8.485869 -3.662211 -2.710851 9.335377 -8.763212 0.000077 -0.000022 0.000006 -0.016609 0.049664 0.002042 0.760016 -3.676230 -10.678926 -0.799517 3.774920 -10.657329 5.672075 -0.941764 8.093506 -51.597790 -36.725883 -25.727547 -179.585266 -41.020634 179.918640 10.565045 10.701119 15.791526 -5.882102 9.861278 0.702590 -10.936860 -0.360575 7.156194 0.000001 8.774811 -0.000000 -16.994444 16.691032 5.384079 -1.844034 2.498502 -2.507275 -10.163589 4.678941 4.621102 -20.975996 -0.000004 -0.000001 -21.226255 2.451690 -3.593996 0.000000 -0.000006 -0.000001 -1.362680 2.240797 -0.746324 -21.334892 0.584910 3.008317 -13.821198 -0.000002 0.000002 -23.887133 -0.249079 -0.839484 -60.795593 1.825586 -0.868263 -0.294025 1.679687 0.833260 -14.218194 0.093216 1.300577 -34.212006 -0.287560 0.967164 -20.033180 0.964533 1.212838 -0.000000 0.000001 -0.000000 -3.440386 0.788234 0.501654 -15.928169 -3.167306 2.999703 -6.338819 0.000002 0.000002 -18.123415 3.648178 -4.905663 -0.000005 0.000002 -0.000003 -9.028894 17.465326 5.337601 61.963978 57.775749 2.721029 -179.097748 57.706829 -179.299774 -7.725470 -10.542919 5.216030 2.243540 -5.255033 -3.180155 14.282875 -0.826592 6.952496 -0.000002 -12.690590 0.000002 15.697680 -17.792789 2.662180 1.665665 -1.955920 -2.878298 4.727790 -4.170582 4.993920 11.020509 0.000005 -0.000002 12.109028 -3.735707 -2.866779 -0.000000 0.000000 -0.000001 1.291983 -1.928547 -1.498088 14.800114 0.567469 3.865602 14.242554 -1.341733 -6.660651 19.631939 0.143927 -0.648243 49.803261 -0.978027 -6.033366 0.353029 -1.511149 -0.031939 20.222771 3.684307 2.316627 18.787245 0.000006 0.000000 10.751610 -0.479868 1.397904 0.000001 0.000000 0.000002 3.273804 0.305947 -0.580110 21.486790 11.830365 2.266129 8.162916 0.000003 -0.000001 18.399052 -3.798975 -4.940567 0.000003 -0.000001 -0.000001 16.774963 11.598225 -31.128639 -0.595141 -1.223326 34.124458 -23.756027 -9.020191 4.113096 1.625960 -1.991110 -1.409109 0.000000 0.000000 0.000002 -26.739134 -15.197679 -2.796764 0.564985 1.651498 43.801445 19.216682 16.937035 -14.263294 -1.457639 0.786940 -7.077636 -0.000000 -0.000000 -0.000001 
-1.778733 89.294266 43.779228 2.825146 2.919484 0.177348 0.585356 1.222484 2.835763 -0.258024 2.571285 -3.797613 0.349755 0.760011 7.352292 -12.315561 11.456838 15.845864 1.397251 8.531204 -3.650776 -2.697321 9.374366 -8.724948 0.000076 -0.000023 0.000006 -0.013021 0.057849 -0.004095 0.760003 -3.663762 -10.686273 -0.801109 3.787841 -10.662383 5.649039 -0.947549 8.064396 -51.536839 -36.613876 -25.716158 -179.656052 -40.948845 179.943649 10.553361 10.744152 15.845140 -5.882101 9.861278 0.702590 -10.936859 -0.360577 7.156199 -0.000001 8.774814 -0.000000 -16.989225 16.649435 5.372469 -1.844030 2.498502 -2.507277 -10.163589 4.678939 4.621104 -20.975996 -0.000004 0.000003 -21.226254 2.451695 -3.593993 -0.000000 -0.000007 -0.000001 -1.362681 2.240796 -0.746323 -21.334890 0.584909 3.008321 -13.821197 -0.000002 0.000003 -23.887129 -0.249076 -0.839479 -60.790291 1.813073 -0.861351 -0.294026 1.679686 0.833257 -14.218194 0.093216 1.300581 -34.212006 -0.287564 0.967171 -20.033180 0.964537 1.212842 -0.000000 0.000000 0.000000 -3.440386 0.788233 0.501656 -15.928169 -3.167306 2.999705 -6.338818 -0.000001 0.000002 -18.123415 3.648175 -4.905662 -0.000005 0.000002 -0.000003 -9.019905 17.479797 5.324751 61.973671 57.817657 2.805650 -179.095917 57.717033 -179.321152 -7.703064 -10.494277 5.136029 2.243541 -5.255032 -3.180156 14.282875 -0.826595 6.952495 -0.000000 -12.690588 0.000001 15.719393 -17.782393 2.667512 1.665664 -1.955919 -2.878297 4.727795 -4.170584 4.993918 11.020511 0.000002 0.000000 12.109033 -3.735710 -2.866781 -0.000000 0.000000 -0.000002 1.291985 -1.928547 -1.498089 14.800114 0.567467 3.865603 14.242556 -1.341735 -6.660648 19.631939 0.143925 -0.648245 49.818867 -0.976266 -6.063403 0.353029 -1.511149 -0.031939 20.222771 3.684304 2.316627 18.787247 0.000003 -0.000000 10.751610 -0.479869 1.397903 0.000001 0.000000 0.000001 3.273804 0.305946 -0.580110 21.486794 11.830360 2.266130 8.162917 0.000002 0.000000 18.399055 -3.798979 -4.940568 0.000003 -0.000002 -0.000001 16.777811 11.606311 -31.056171 -0.601918 -1.214908 34.020588 -23.708282 -8.898017 4.233632 1.624468 -1.998072 -1.375796 0.000000 -0.000000 0.000002 -26.736662 -15.104696 -2.971794 0.555089 1.652297 43.845074 19.247034 16.960012 -14.018636 -1.456105 0.783211 -7.094791 0.000000 0.000000 -0.000001 
-1.788335 89.336151 43.724819 2.829897 2.773850 0.180284 0.590699 1.215641 2.847774 -0.258037 2.590941 -3.798812 0.346552 0.763169 7.333889 -12.339160 11.457939 15.825126 1.406067 8.572836 -3.631348 -2.683261 9.419770 -8.689959 0.000077 -0.000023 0.000005 -0.010449 0.050044 -0.005524 0.762498 -3.687049 -10.688260 -0.795030 3.776272 -10.659951 5.625741 -0.983344 7.994647 -51.505230 -36.506760 -25.738400 -179.668579 -40.887165 179.967911 10.577284 10.792452 15.825603 -5.882099 9.861279 0.702591 -10.936859 -0.360576 7.156197 -0.000000 8.774814 -0.000002 -17.000725 16.604113 5.337910 -1.844032 2.498503 -2.507276 -10.163589 4.678941 4.621106 -20.975994 -0.000004 0.000003 -21.226254 2.451691 -3.593993 -0.000000 -0.000008 -0.000001 -1.362679 2.240797 -0.746323 -21.334892 0.584908 3.008318 -13.821197 -0.000002 0.000002 -23.887131 -0.249078 -0.839482 -60.788231 1.792673 -0.876530 -0.294024 1.679685 0.833256 -14.218197 0.093215 1.300577 -34.212006 -0.287563 0.967172 -20.033180 0.964534 1.212843 0.000000 0.000000 0.000000 -3.440386 0.788232 0.501654 -15.928167 -3.167306 2.999705 -6.338818 0.000001 0.000003 -18.123411 3.648174 -4.905661 -0.000005 0.000001 -0.000002 -9.019720 17.489298 5.289179 62.085705 57.819393 2.859392 -179.234848 57.714596 -179.413406 -7.686250 -10.465753 4.998455 2.243540 -5.255031 -3.180155 14.282875 -0.826593 6.952497 -0.000001 -12.690592 0.000000 15.707932 -17.762289 2.639353 1.665666 -1.955920 -2.878297 4.727795 -4.170584 4.993919 11.020508 0.000004 0.000001 12.109035 -3.735711 -2.866778 0.000001 0.000000 -0.000001 1.291986 -1.928548 -1.498088 14.800113 0.567468 3.865603 14.242553 -1.341735 -6.660649 19.631939 0.143924 -0.648243 49.810841 -0.964814 -6.057745 0.353029 -1.511150 -0.031941 20.222767 3.684304 2.316628 18.787245 0.000003 -0.000000 10.751610 -0.479869 1.397904 0.000001 0.000000 0.000001 3.273804 0.305946 -0.580110 21.486790 11.830360 2.266130 8.162917 0.000002 0.000001 18.399052 -3.798980 -4.940566 0.000003 -0.000002 -0.000000 16.804388 11.584708 -30.976259 -0.574827 -1.213582 33.913834 -23.693998 -8.782110 4.345072 1.624333 -1.995363 -1.341983 -0.000000 0.000000 0.000002 -26.709242 -15.022734 -3.104978 0.555647 1.644217 43.851463 19.243195 16.924070 -13.918633 -1.460396 0.788438 -7.087762 0.000000 0.000000 -0.000001 
-1.817953 89.365143 43.683174 2.836685 2.629238 0.204152 0.589047 1.190457 2.846593 -0.258281 2.610360 -3.796886 0.348426 0.794318 7.306425 -12.374232 11.443104 15.828522 1.407513 8.582623 -3.647691 -2.638734 9.452043 -8.632594 0.000077 -0.000023 0.000006 -0.010458 0.049945 -0.008923 0.760785 -3.682880 -10.695220 -0.795701 3.780563 -10.668423 5.634150 -1.004319 7.959744 -51.482407 -36.478390 -25.760101 -179.695557 -40.874630 179.962418 10.669451 10.775160 15.804417 -5.882101 9.861278 0.702591 -10.936858 -0.360573 7.156198 0.000000 8.774813 0.000001 -17.001842 16.592972 5.334968 -1.844030 2.498502 -2.507275 -10.163589 4.678941 4.621104 -20.975994 -0.000003 0.000000 -21.226248 2.451693 -3.593995 -0.000000 -0.000007 -0.000001 -1.362681 2.240796 -0.746322 -21.334887 0.584908 3.008318 -13.821195 0.000001 0.000001 -23.887129 -0.249078 -0.839483 -60.768143 1.826152 -0.873848 -0.294026 1.679686 0.833256 -14.218190 0.093213 1.300577 -34.211998 -0.287562 0.967166 -20.033178 0.964534 1.212839 0.000000 0.000000 0.000000 -3.440386 0.788232 0.501656 -15.928165 -3.167305 2.999701 -6.338818 0.000001 0.000003 -18.123411 3.648176 -4.905663 -0.000005 0.000002 -0.000001 -9.058170 17.459055 5.194163 62.261093 57.794258 2.856607 -179.439056 57.746635 -179.597183 -7.673160 -10.443839 4.794320 2.243539 -5.255032 -3.180156 14.282873 -0.826591 6.952497 -0.000001 -12.690590 0.000000 15.696672 -17.726320 2.611680 1.665663 -1.955919 -2.878297 4.727794 -4.170582 4.993919 11.020511 0.000004 0.000000 12.109029 -3.735708 -2.866780 -0.000000 0.000000 -0.000000 1.291984 -1.928548 -1.498087 14.800111 0.567469 3.865603 14.242554 -1.341733 -6.660648 19.631939 0.143926 -0.648242 49.826977 -0.906993 -6.037454 0.353028 -1.511149 -0.031941 20.222771 3.684307 2.316628 18.787245 0.000005 0.000001 10.751611 -0.479867 1.397906 0.000001 -0.000000 0.000001 3.273804 0.305947 -0.580110 21.486790 11.830364 2.266131 8.162917 0.000003 0.000001 18.399052 -3.798978 -4.940565 0.000003 -0.000002 -0.000001 16.848528 11.589636 -30.885328 -0.578101 -1.209374 33.762833 -23.684917 -8.656523 4.394130 1.619492 -1.992149 -1.305704 -0.000000 0.000000 0.000002 -26.664932 -14.939833 -3.255526 0.563173 1.636196 43.871590 19.209421 16.905458 -13.912899 -1.462323 0.796618 -7.067236 0.000000 0.000000 -0.000001 
-1.793253 89.394150 43.645302 2.841817 2.473485 0.227711 0.590634 1.179786 2.844850 -0.264996 2.614350 -3.799205 0.360618 0.821460 7.285682 -12.417038 11.453343 15.822536 1.409755 8.592933 -3.649370 -2.596216 9.496672 -8.581621 0.000077 -0.000024 0.000006 -0.013512 0.049543 -0.006784 0.755849 -3.682981 -10.683669 -0.788529 3.748309 -10.657066 5.619534 -1.043289 7.964089 -51.457428 -36.458008 -25.798204 -179.708801 -40.869911 179.995193 10.755445 10.748492 15.829504 -5.882100 9.861278 0.702589 -10.936861 -0.360576 7.156198 0.000001 8.774812 -0.000002 -17.024546 16.602993 5.323822 -1.844030 2.498502 -2.507275 -10.163589 4.678938 4.621105 -20.975996 -0.000002 0.000006 -21.226254 2.451694 -3.593992 -0.000000 -0.000005 -0.000001 -1.362680 2.240796 -0.746323 -21.334892 0.584907 3.008322 -13.821197 0.000000 0.000003 -23.887131 -0.249078 -0.839480 -60.788597 1.841875 -0.882291 -0.294025 1.679687 0.833256 -14.218195 0.093215 1.300582 -34.212006 -0.287561 0.967173 -20.033180 0.964535 1.212843 -0.000000 0.000001 -0.000000 -3.440387 0.788232 0.501655 -15.928169 -3.167308 2.999704 -6.338816 0.000001 0.000002 -18.123415 3.648177 -4.905660 -0.000004 0.000002 -0.000001 -9.105355 17.438330 5.121930 62.476925 57.744629 2.935750 -179.564682 57.739048 -179.722641 -7.669599 -10.407146 4.580613 2.243541 -5.255032 -3.180155 14.282881 -0.826595 6.952497 -0.000000 -12.690587 -0.000001 15.660493 -17.702404 2.616681 1.665666 -1.955920 -2.878295 4.727795 -4.170584 4.993918 11.020513 0.000003 0.000000 12.109032 -3.735708 -2.866776 -0.000000 -0.000000 -0.000001 1.291984 -1.928547 -1.498087 14.800117 0.567466 3.865604 14.242554 -1.341735 -6.660647 19.631941 0.143924 -0.648244 49.892105 -0.864306 -6.017109 0.353031 -1.511149 -0.031940 20.222773 3.684304 2.316628 18.787247 0.000003 0.000000 10.751612 -0.479868 1.397905 0.000001 -0.000000 0.000002 3.273805 0.305946 -0.580110 21.486794 11.830360 2.266131 8.162916 0.000002 0.000001 18.399054 -3.798981 -4.940565 0.000003 -0.000002 -0.000001 16.860443 11.584051 -30.845024 -0.572302 -1.205540 33.725643 -23.664135 -8.540326 4.407345 1.621047 -1.986901 -1.289056 -0.000000 0.000000 0.000002 -26.677979 -14.869022 -3.396461 0.570650 1.611724 43.874153 19.214525 16.919172 -13.792065 -1.466603 0.810130 -7.055445 0.000000 -0.000000 -0.000000 
-1.698074 89.412918 43.659420 2.843477 2.356078 0.234732 0.595997 1.160249 2.846300 -0.269882 2.617724 -3.774169 0.376860 0.827665 7.256867 -12.484337 11.479983 15.816889 1.413260 8.607927 -3.667931 -2.581683 9.534019 -8.522928 0.000077 -0.000024 0.000006 -0.013976 0.060612 -0.008914 0.756537 -3.670337 -10.682221 -0.794518 3.777701 -10.660452 5.608500 -1.070637 7.963099 -51.486217 -36.453415 -25.909101 -179.602798 -40.842552 179.971741 10.807871 10.728251 15.866908 -5.882100 9.861278 0.702592 -10.936860 -0.360575 7.156196 -0.000000 8.774812 -0.000002 -17.053360 16.616842 5.332197 -1.844031 2.498501 -2.507277 -10.163590 4.678941 4.621105 -20.975994 -0.000004 0.000003 -21.226250 2.451690 -3.593993 -0.000000 -0.000006 -0.000001 -1.362680 2.240797 -0.746324 -21.334887 0.584906 3.008320 -13.821197 -0.000001 0.000003 -23.887129 -0.249078 -0.839480 -60.817635 1.876926 -0.886372 -0.294024 1.679687 0.833257 -14.218194 0.093213 1.300577 -34.211998 -0.287564 0.967170 -20.033178 0.964535 1.212842 -0.000000 0.000000 0.000000 -3.440384 0.788233 0.501655 -15.928164 -3.167308 2.999703 -6.338817 -0.000001 0.000002 -18.123415 3.648179 -4.905660 -0.000005 0.000002 -0.000001 -9.177130 17.432444 5.048826 62.704830 57.722607 3.080179 -179.621719 57.734951 -179.775238 -7.628278 -10.422419 4.476519 2.243540 -5.255032 -3.180155 14.282877 -0.826595 6.952494 -0.000001 -12.690586 0.000001 15.664803 -17.716314 2.629122 1.665665 -1.955920 -2.878296 4.727792 -4.170583 4.993919 11.020511 0.000002 -0.000001 12.109034 -3.735711 -2.866778 0.000001 -0.000000 -0.000001 1.291984 -1.928548 -1.498087 14.800117 0.567466 3.865603 14.242556 -1.341734 -6.660649 19.631941 0.143925 -0.648245 49.935436 -0.853662 -6.014325 0.353029 -1.511149 -0.031940 20.222771 3.684304 2.316629 18.787249 0.000003 -0.000001 10.751612 -0.479869 1.397903 0.000001 -0.000000 0.000001 3.273804 0.305947 -0.580110 21.486792 11.830359 2.266132 8.162919 0.000001 0.000000 18.399057 -3.798981 -4.940567 0.000003 0.000000 0.000000 16.836937 11.534039 -30.832848 -0.562866 -1.191884 33.821190 -23.635870 -8.497829 4.272575 1.621790 -1.983292 -1.291822 -0.000000 0.000000 0.000002 -26.745312 -14.812538 -3.420016 0.565496 1.610785 43.785549 19.294537 16.972412 -13.599339 -1.470038 0.818119 -7.086857 0.000000 0.000000 -0.000000 
-1.625224 89.424965 43.642715 2.850178 2.254695 0.230104 0.601922 1.150630 2.866843 -0.270802 2.611640 -3.760391 0.388835 0.835085 7.237266 -12.556431 11.504519 15.784410 1.436198 8.641315 -3.645685 -2.579153 9.596246 -8.483805 0.000077 -0.000023 0.000006 -0.012328 0.049437 -0.000620 0.759914 -3.687815 -10.677452 -0.792530 3.761865 -10.655064 5.573464 -1.088710 7.979300 -51.511028 -36.435280 -25.934561 -179.574402 -40.797894 179.979752 10.847206 10.709599 15.988665 -5.882099 9.861278 0.702592 -10.936858 -0.360576 7.156199 -0.000000 8.774816 -0.000001 -17.085350 16.622864 5.361330 -1.844031 2.498502 -2.507274 -10.163587 4.678938 4.621105 -20.975994 -0.000003 0.000003 -21.226250 2.451692 -3.593991 0.000000 -0.000006 -0.000001 -1.362680 2.240796 -0.746320 -21.334890 0.584905 3.008322 -13.821197 -0.000004 0.000004 -23.887125 -0.249078 -0.839478 -60.890717 1.909745 -0.883634 -0.294024 1.679687 0.833255 -14.218192 0.093212 1.300579 -34.212002 -0.287565 0.967174 -20.033178 0.964536 1.212844 -0.000000 0.000000 0.000000 -3.440386 0.788232 0.501655 -15.928167 -3.167308 2.999703 -6.338816 0.000000 0.000001 -18.123411 3.648175 -4.905659 -0.000005 0.000001 -0.000002 -9.216025 17.439543 5.021485 62.776989 57.710129 3.133981 -179.668457 57.724850 -179.839432 -7.585774 -10.427812 4.268051 2.243540 -5.255033 -3.180154 14.282875 -0.826593 6.952495 -0.000002 -12.690591 0.000002 15.726612 -17.720837 2.632233 1.665665 -1.955920 -2.878297 4.727795 -4.170585 4.993918 11.020513 0.000003 -0.000003 12.109032 -3.735709 -2.866779 -0.000001 0.000000 -0.000000 1.291985 -1.928547 -1.498089 14.800111 0.567467 3.865602 14.242554 -1.341734 -6.660653 19.631937 0.143927 -0.648244 50.010567 -0.851294 -6.007205 0.353028 -1.511149 -0.031939 20.222771 3.684307 2.316627 18.787247 0.000004 -0.000003 10.751610 -0.479866 1.397902 0.000001 0.000000 0.000001 3.273805 0.305946 -0.580110 21.486794 11.830364 2.266130 8.162916 0.000002 0.000000 18.399054 -3.798980 -4.940569 0.000003 -0.000001 -0.000001 16.818386 11.496133 -30.827555 -0.564990 -1.181021 33.895782 -23.633432 -8.450354 4.201854 1.624066 -1.978392 -1.312381 -0.000000 -0.000000 0.000002 -26.818792 -14.806997 -3.471292 0.572006 1.622514 43.764130 19.350035 17.061211 -13.428078 -1.472872 0.819435 -7.131921 0.000000 -0.000000 -0.000000 
-1.527789 89.439491 43.601269 2.853310 2.184113 0.218397 0.606237 1.147849 2.892034 -0.268420 2.609902 -3.757069 0.388585 0.825471 7.236194 -12.633424 11.534528 15.773602 1.454795 8.705601 -3.631374 -2.582384 9.653784 -8.489152 0.000076 -0.000022 0.000006 -0.013336 0.038403 0.001430 0.759120 -3.687548 -10.682521 -0.796920 3.771251 -10.661378 5.543026 -1.068528 7.980306 -51.517838 -36.433861 -25.905918 -179.566391 -40.790577 179.986435 10.847332 10.688838 16.144775 -5.882101 9.861278 0.702589 -10.936858 -0.360575 7.156198 0.000001 8.774813 -0.000002 -17.099915 16.639727 5.380394 -1.844031 2.498502 -2.507276 -10.163587 4.678939 4.621100 -20.975996 -0.000003 0.000002 -21.226250 2.451694 -3.593994 0.000000 -0.000007 -0.000001 -1.362680 2.240795 -0.746321 -21.334892 0.584910 3.008320 -13.821197 0.000000 0.000002 -23.887129 -0.249078 -0.839481 -60.922348 1.908556 -0.846821 -0.294025 1.679687 0.833255 -14.218194 0.093216 1.300581 -34.211998 -0.287566 0.967170 -20.033176 0.964536 1.212842 0.000000 0.000000 -0.000000 -3.440384 0.788232 0.501655 -15.928167 -3.167305 2.999703 -6.338815 -0.000002 0.000004 -18.123413 3.648178 -4.905660 -0.000004 0.000001 -0.000001 -9.257599 17.448879 5.025472 62.770065 57.723694 3.189631 -179.593384 57.747082 -179.798737 -7.578128 -10.431533 4.016796 2.243540 -5.255033 -3.180155 14.282877 -0.826592 6.952496 -0.000001 -12.690591 -0.000001 15.778047 -17.731949 2.637463 1.665666 -1.955919 -2.878297 4.727790 -4.170582 4.993919 11.020509 0.000005 0.000000 12.109030 -3.735708 -2.866780 -0.000001 0.000000 -0.000000 1.291984 -1.928547 -1.498087 14.800111 0.567469 3.865604 14.242551 -1.341735 -6.660647 19.631939 0.143925 -0.648243 50.066299 -0.876248 -6.010250 0.353030 -1.511149 -0.031941 20.222769 3.684309 2.316628 18.787245 0.000004 -0.000000 10.751610 -0.479867 1.397905 0.000001 0.000000 0.000000 3.273803 0.305947 -0.580110 21.486788 11.830364 2.266134 8.162916 0.000002 0.000000 18.399050 -3.798980 -4.940566 0.000003 -0.000001 -0.000000 16.766739 11.473196 -30.889542 -0.558121 -1.181485 34.047073 -23.632668 -8.472863 4.215315 1.620920 -1.978542 -1.311572 -0.000000 0.000000 0.000002 -26.909706 -14.808633 -3.531568 0.568056 1.617058 43.778152 19.444059 17.158493 -13.154248 -1.468888 0.807170 -7.163834 0.000000 0.000000 -0.000001 
-1.508019 89.442810 43.593575 2.869355 2.103429 0.214529 0.607933 1.142463 2.907761 -0.267479 2.617645 -3.747916 0.371672 0.820615 7.219925 -12.697153 11.575745 15.766805 1.489814 8.727098 -3.623535 -2.604131 9.719244 -8.532614 0.000077 -0.000023 0.000006 -0.014299 0.049243 0.007573 0.756762 -3.676558 -10.675197 -0.795762 3.771252 -10.653158 5.503371 -1.044194 7.978765 -51.544514 -36.422894 -25.774471 -179.603760 -40.774521 -179.983414 10.832933 10.675815 16.353086 -5.882101 9.861277 0.702590 -10.936858 -0.360576 7.156196 0.000000 8.774812 0.000000 -17.111103 16.650124 5.403327 -1.844031 2.498501 -2.507276 -10.163589 4.678938 4.621102 -20.975994 -0.000003 0.000001 -21.226254 2.451691 -3.593995 0.000000 -0.000007 -0.000000 -1.362680 2.240796 -0.746323 -21.334888 0.584906 3.008319 -13.821193 -0.000001 0.000002 -23.887129 -0.249081 -0.839482 -60.938656 1.928047 -0.814447 -0.294024 1.679685 0.833256 -14.218190 0.093214 1.300578 -34.212002 -0.287564 0.967167 -20.033176 0.964534 1.212840 -0.000000 0.000000 0.000000 -3.440385 0.788233 0.501654 -15.928165 -3.167305 2.999704 -6.338819 0.000000 0.000002 -18.123413 3.648173 -4.905662 -0.000004 0.000001 -0.000002 -9.279453 17.449379 4.967710 62.732948 57.687603 3.236452 -179.604492 57.781620 -179.754929 -7.542764 -10.415263 3.677803 2.243539 -5.255032 -3.180155 14.282875 -0.826593 6.952497 -0.000001 -12.690590 0.000002 15.807815 -17.735249 2.683390 1.665664 -1.955921 -2.878297 4.727792 -4.170584 4.993919 11.020506 0.000003 -0.000001 12.109030 -3.735708 -2.866779 -0.000000 -0.000001 0.000001 1.291983 -1.928548 -1.498088 14.800114 0.567468 3.865604 14.242553 -1.341734 -6.660648 19.631939 0.143925 -0.648243 50.103882 -0.918904 -5.956152 0.353029 -1.511150 -0.031941 20.222767 3.684306 2.316629 18.787245 0.000002 -0.000001 10.751610 -0.479868 1.397905 0.000000 0.000000 0.000002 3.273806 0.305947 -0.580109 21.486790 11.830360 2.266130 8.162916 0.000001 0.000001 18.399052 -3.798979 -4.940567 0.000003 0.000000 -0.000002 16.754658 11.481668 -30.860786 -0.548773 -1.175495 34.061321 -23.658760 -8.515656 4.193085 1.621800 -1.985078 -1.301417 -0.000000 0.000000 0.000002 -26.957399 -14.831117 -3.578933 0.559460 1.626900 43.788437 19.488777 17.240837 -13.078852 -1.462144 0.791758 -7.155357 0.000000 0.000000 -0.000001 
-1.443680 89.425095 43.514572 2.877900 2.022999 0.211707 0.618264 1.130129 2.925786 -0.265244 2.637248 -3.752802 0.349244 0.814093 7.209087 -12.731553 11.629910 15.770250 1.495578 8.730449 -3.617032 -2.636576 9.805924 -8.583825 0.000077 -0.000025 0.000006 -0.012407 0.030222 0.011318 0.756796 -3.697873 -10.676526 -0.790907 3.749824 -10.654523 5.484552 -1.042786 7.969619 -51.542484 -36.377037 -25.655901 -179.717407 -40.757401 -179.914932 10.848671 10.681354 16.495987 -5.882102 9.861279 0.702589 -10.936860 -0.360575 7.156194 -0.000000 8.774814 -0.000001 -17.116673 16.648180 5.389866 -1.844031 2.498503 -2.507276 -10.163589 4.678939 4.621102 -20.975992 -0.000003 0.000000 -21.226254 2.451691 -3.593994 0.000000 -0.000008 -0.000000 -1.362680 2.240798 -0.746322 -21.334892 0.584909 3.008320 -13.821198 -0.000002 0.000001 -23.887131 -0.249078 -0.839481 -60.947632 1.911093 -0.796812 -0.294025 1.679684 0.833254 -14.218194 0.093215 1.300579 -34.212006 -0.287565 0.967169 -20.033178 0.964532 1.212842 0.000000 0.000000 0.000000 -3.440385 0.788232 0.501655 -15.928164 -3.167306 2.999702 -6.338817 0.000000 0.000003 -18.123413 3.648175 -4.905662 -0.000004 0.000001 -0.000002 -9.321043 17.454910 4.879093 62.683346 57.631226 3.263923 -179.532867 57.835114 -179.668396 -7.531122 -10.357388 3.441248 2.243539 -5.255033 -3.180154 14.282877 -0.826592 6.952494 -0.000001 -12.690590 -0.000001 15.829741 -17.728735 2.703519 1.665666 -1.955919 -2.878296 4.727794 -4.170582 4.993918 11.020512 0.000004 0.000000 12.109031 -3.735707 -2.866779 -0.000000 -0.000000 0.000001 1.291985 -1.928548 -1.498088 14.800114 0.567470 3.865604 14.242554 -1.341733 -6.660647 19.631939 0.143927 -0.648245 50.074772 -0.924222 -5.915623 0.353029 -1.511150 -0.031941 20.222771 3.684309 2.316627 18.787245 0.000005 -0.000000 10.751611 -0.479868 1.397904 0.000000 0.000000 0.000001 3.273804 0.305947 -0.580110 21.486794 11.830363 2.266132 8.162918 0.000003 0.000000 18.399050 -3.798978 -4.940567 0.000003 -0.000001 -0.000000 16.717352 11.484940 -30.925066 -0.553424 -1.172384 34.153790 -23.641207 -8.565175 4.145722 1.621127 -1.988883 -1.263096 -0.000000 -0.000000 0.000002 -27.004004 -14.813389 -3.737870 0.542744 1.636061 43.918362 19.552378 17.293606 -12.974903 -1.459519 0.782956 -7.128430 0.000000 -0.000000 -0.000001 
-1.462161 89.397484 43.454350 2.897012 1.934550 0.213773 0.619527 1.123217 2.932778 -0.261231 2.643701 -3.740359 0.326333 0.810978 7.186644 -12.795618 11.682438 15.759419 1.510131 8.729481 -3.612331 -2.689093 9.876063 -8.657148 0.000077 -0.000024 0.000005 -0.009474 0.030322 0.010967 0.758037 -3.703137 -10.659981 -0.790069 3.755579 -10.640369 5.444252 -1.074896 7.981655 -51.538193 -36.334274 -25.589071 -179.759567 -40.748192 -179.893448 10.932310 10.677857 16.571804 -5.882100 9.861278 0.702590 -10.936861 -0.360575 7.156199 0.000002 8.774813 -0.000002 -17.131296 16.667933 5.382324 -1.844030 2.498502 -2.507275 -10.163592 4.678938 4.621105 -20.976000 -0.000003 0.000005 -21.226257 2.451693 -3.593991 -0.000000 -0.000007 -0.000001 -1.362680 2.240796 -0.746323 -21.334890 0.584908 3.008323 -13.821199 -0.000001 0.000003 -23.887133 -0.249078 -0.839480 -60.938248 1.937011 -0.793458 -0.294024 1.679686 0.833255 -14.218195 0.093214 1.300581 -34.212013 -0.287563 0.967171 -20.033180 0.964535 1.212843 -0.000000 0.000000 0.000000 -3.440387 0.788233 0.501655 -15.928173 -3.167309 2.999703 -6.338817 -0.000001 0.000003 -18.123415 3.648176 -4.905660 -0.000004 0.000002 -0.000002 -9.391437 17.439947 4.755992 62.730885 57.582092 3.363696 -179.512482 57.904613 -179.568771 -7.489111 -10.313408 3.272022 2.243541 -5.255031 -3.180157 14.282875 -0.826593 6.952495 -0.000001 -12.690592 0.000000 15.802781 -17.719961 2.735404 1.665665 -1.955920 -2.878297 4.727793 -4.170583 4.993918 11.020510 0.000004 -0.000001 12.109031 -3.735708 -2.866781 -0.000001 0.000000 0.000001 1.291984 -1.928548 -1.498088 14.800111 0.567468 3.865604 14.242553 -1.341734 -6.660650 19.631939 0.143926 -0.648243 50.093102 -0.936865 -5.864376 0.353028 -1.511150 -0.031941 20.222767 3.684306 2.316626 18.787245 0.000004 -0.000001 10.751611 -0.479869 1.397904 0.000001 -0.000000 0.000001 3.273804 0.305946 -0.580109 21.486790 11.830360 2.266131 8.162916 0.000002 0.000000 18.399052 -3.798980 -4.940568 0.000003 -0.000002 -0.000000 16.731499 11.472668 -30.924719 -0.557175 -1.176456 34.144279 -23.656874 -8.562340 4.099295 1.624224 -1.991651 -1.227511 -0.000000 0.000000 0.000002 -27.013792 -14.777471 -3.911449 0.559204 1.633556 44.099442 19.517401 17.327753 -13.040015 -1.458546 0.779121 -7.102133 -0.000000 0.000000 -0.000001 
-1.367502 89.372070 43.403416 2.915109 1.846318 0.207294 0.622985 1.126631 2.943329 -0.260801 2.636508 -3.742691 0.293496 0.798327 7.172738 -12.836697 11.758397 15.757857 1.511230 8.731157 -3.619610 -2.744941 9.902648 -8.705142 0.000077 -0.000024 0.000005 -0.012047 0.038333 0.007526 0.754436 -3.699895 -10.659827 -0.789022 3.755032 -10.640644 5.409759 -1.109698 8.006412 -51.501999 -36.295746 -25.486525 -179.870483 -40.773842 -179.830368 11.028786 10.657961 16.669758 -5.882103 9.861279 0.702589 -10.936858 -0.360574 7.156193 -0.000001 8.774813 -0.000001 -17.137505 16.706757 5.374511 -1.844031 2.498502 -2.507277 -10.163589 4.678940 4.621103 -20.975996 -0.000001 -0.000001 -21.226255 2.451694 -3.593997 -0.000000 -0.000006 -0.000001 -1.362681 2.240796 -0.746324 -21.334887 0.584908 3.008317 -13.821194 -0.000001 0.000001 -23.887129 -0.249077 -0.839485 -60.875309 1.936507 -0.807203 -0.294024 1.679688 0.833256 -14.218190 0.093216 1.300579 -34.211998 -0.287562 0.967164 -20.033178 0.964535 1.212839 -0.000000 -0.000000 -0.000000 -3.440387 0.788234 0.501655 -15.928165 -3.167306 2.999701 -6.338815 0.000001 -0.000000 -18.123415 3.648174 -4.905665 -0.000005 0.000002 -0.000002 -9.464449 17.433788 4.665509 62.761150 57.586723 3.481120 -179.406036 57.987572 -179.459488 -7.452036 -10.274850 3.199854 2.243540 -5.255032 -3.180156 14.282873 -0.826593 6.952495 -0.000004 -12.690591 0.000001 15.815413 -17.706726 2.749836 1.665665 -1.955919 -2.878296 4.727793 -4.170583 4.993918 11.020506 0.000004 -0.000001 12.109028 -3.735708 -2.866780 -0.000000 0.000000 -0.000000 1.291983 -1.928548 -1.498088 14.800111 0.567469 3.865605 14.242554 -1.341733 -6.660648 19.631939 0.143927 -0.648244 50.112186 -0.931865 -5.857042 0.353031 -1.511149 -0.031940 20.222765 3.684307 2.316627 18.787245 0.000005 -0.000001 10.751610 -0.479868 1.397904 0.000000 -0.000000 0.000001 3.273803 0.305946 -0.580110 21.486792 11.830362 2.266129 8.162914 0.000003 0.000001 18.399050 -3.798978 -4.940566 0.000003 0.000000 -0.000001 16.682014 11.468748 -31.018364 -0.583151 -1.176444 34.350624 -23.592846 -8.600732 3.990372 1.630792 -1.990137 -1.211072 -0.000000 0.000000 0.000002 -27.093124 -14.690727 -4.053952 0.554750 1.627825 44.237667 19.561495 17.342764 -12.897996 -1.460644 0.784079 -7.082207 0.000000 0.000000 -0.000000 
-1.267658 89.339096 43.338444 2.938401 1.771779 0.195310 0.628242 1.124306 2.947259 -0.265136 2.651613 -3.726052 0.261518 0.759273 7.155702 -12.905420 11.820258 15.761436 1.515813 8.770196 -3.628393 -2.815280 9.960148 -8.739180 0.000077 -0.000025 0.000006 -0.011621 0.038433 0.007500 0.756654 -3.699581 -10.653481 -0.786526 3.747096 -10.636183 5.363525 -1.122043 8.017369 -51.534004 -36.251225 -25.359171 -179.943756 -40.785057 -179.792023 11.164414 10.626573 16.777056 -5.882099 9.861278 0.702587 -10.936856 -0.360575 7.156196 0.000001 8.774813 -0.000000 -17.131550 16.718042 5.387798 -1.844031 2.498501 -2.507275 -10.163589 4.678941 4.621105 -20.975992 -0.000006 0.000003 -21.226250 2.451693 -3.593991 -0.000000 -0.000006 -0.000001 -1.362681 2.240797 -0.746323 -21.334892 0.584908 3.008320 -13.821197 -0.000002 0.000002 -23.887131 -0.249077 -0.839480 -60.887146 1.929612 -0.835691 -0.294027 1.679686 0.833257 -14.218194 0.093213 1.300578 -34.211998 -0.287564 0.967171 -20.033176 0.964536 1.212842 0.000000 -0.000001 0.000000 -3.440385 0.788232 0.501655 -15.928169 -3.167306 2.999704 -6.338817 0.000000 0.000001 -18.123415 3.648177 -4.905661 -0.000005 0.000002 -0.000002 -9.541595 17.440384 4.612563 62.820435 57.646984 3.619560 -179.324692 58.078625 -179.369980 -7.397491 -10.265739 3.127723 2.243539 -5.255033 -3.180156 14.282877 -0.826594 6.952496 -0.000000 -12.690590 0.000002 15.822365 -17.696428 2.736105 1.665664 -1.955921 -2.878296 4.727797 -4.170583 4.993919 11.020511 0.000002 -0.000001 12.109031 -3.735710 -2.866778 -0.000000 -0.000000 0.000001 1.291983 -1.928548 -1.498087 14.800114 0.567468 3.865605 14.242554 -1.341735 -6.660648 19.631939 0.143924 -0.648241 50.102776 -0.926952 -5.892764 0.353026 -1.511150 -0.031940 20.222771 3.684305 2.316631 18.787245 0.000003 0.000000 10.751610 -0.479870 1.397903 0.000000 0.000000 0.000001 3.273805 0.305946 -0.580110 21.486792 11.830362 2.266132 8.162916 0.000001 -0.000001 18.399055 -3.798980 -4.940567 0.000003 -0.000002 -0.000000 16.604523 11.454724 -31.130634 -0.574480 -1.180089 34.566502 -23.575939 -8.658666 3.889005 1.636113 -1.984599 -1.186530 -0.000000 -0.000000 0.000002 -27.178656 -14.604468 -4.172957 0.576366 1.635974 44.326668 19.619236 17.326263 -12.867542 -1.463652 0.787050 -7.059770 0.000000 0.000000 -0.000000 
-1.168995 89.314415 43.316784 2.959889 1.714042 0.176703 0.637354 1.116750 2.950096 -0.268261 2.669532 -3.710739 0.229838 0.742776 7.144247 -13.001472 11.876487 15.726826 1.527402 8.823137 -3.641238 -2.854876 10.000278 -8.724919 0.000077 -0.000024 0.000005 -0.011588 0.016335 0.003546 0.756220 -3.697056 -10.653061 -0.785456 3.728231 -10.636738 5.311901 -1.099243 8.057683 -51.580860 -36.255795 -25.288631 -179.934982 -40.785091 -179.752853 11.290521 10.574892 16.865578 -5.882102 9.861279 0.702592 -10.936857 -0.360573 7.156195 0.000000 8.774815 0.000000 -17.112026 16.742622 5.418923 -1.844031 2.498502 -2.507277 -10.163589 4.678940 4.621104 -20.975994 -0.000002 0.000003 -21.226250 2.451693 -3.593995 0.000000 -0.000007 -0.000001 -1.362680 2.240796 -0.746322 -21.334887 0.584908 3.008321 -13.821195 -0.000001 0.000001 -23.887125 -0.249079 -0.839483 -60.883591 1.921307 -0.855476 -0.294024 1.679686 0.833255 -14.218190 0.093214 1.300578 -34.211998 -0.287562 0.967167 -20.033176 0.964536 1.212840 0.000000 -0.000001 0.000000 -3.440385 0.788232 0.501655 -15.928165 -3.167305 2.999702 -6.338814 0.000000 0.000002 -18.123413 3.648176 -4.905662 -0.000005 0.000002 -0.000001 -9.621494 17.417791 4.597110 62.947025 57.719677 3.843003 -179.213104 58.128876 -179.315445 -7.342202 -10.256258 3.044832 2.243541 -5.255033 -3.180155 14.282875 -0.826593 6.952497 -0.000000 -12.690592 0.000002 15.849334 -17.682665 2.684596 1.665664 -1.955919 -2.878297 4.727795 -4.170586 4.993918 11.020507 0.000004 -0.000001 12.109031 -3.735711 -2.866779 -0.000000 0.000000 0.000001 1.291983 -1.928548 -1.498088 14.800111 0.567466 3.865602 14.242553 -1.341735 -6.660648 19.631937 0.143925 -0.648243 50.114586 -0.911381 -5.893782 0.353028 -1.511149 -0.031941 20.222765 3.684306 2.316627 18.787245 0.000003 -0.000001 10.751609 -0.479868 1.397902 0.000001 -0.000000 0.000001 3.273805 0.305947 -0.580110 21.486788 11.830361 2.266130 8.162916 0.000002 0.000001 18.399050 -3.798980 -4.940568 0.000003 -0.000001 0.000001 16.543480 11.455377 -31.210234 -0.586037 -1.164417 34.783493 -23.528975 -8.749043 3.778327 1.638408 -1.978541 -1.174023 -0.000000 0.000000 0.000002 -27.267372 -14.515498 -4.217589 0.570899 1.622936 44.356560 19.682009 17.321129 -12.799481 -1.463432 0.789421 -7.030518 0.000000 0.000000 -0.000000 
-1.133212 89.294319 43.309555 2.989299 1.693952 0.156901 0.630933 1.114635 2.951784 -0.262914 2.678319 -3.704886 0.201036 0.741137 7.146667 -13.114232 11.918982 15.662721 1.559087 8.878236 -3.647838 -2.862876 10.034006 -8.713634 0.000077 -0.000023 0.000005 -0.010974 0.038468 0.002672 0.755820 -3.689625 -10.663289 -0.789578 3.751100 -10.646429 5.254370 -1.052956 8.074942 -51.667500 -36.281116 -25.265957 -179.865982 -40.816360 -179.757294 11.396417 10.491876 16.862701 -5.882102 9.861279 0.702588 -10.936857 -0.360573 7.156197 -0.000001 8.774816 -0.000001 -17.089155 16.771490 5.456482 -1.844031 2.498502 -2.507275 -10.163590 4.678939 4.621104 -20.975996 -0.000001 0.000002 -21.226254 2.451694 -3.593993 0.000001 -0.000007 -0.000001 -1.362682 2.240797 -0.746321 -21.334892 0.584909 3.008317 -13.821193 -0.000001 0.000002 -23.887125 -0.249077 -0.839484 -60.925140 1.899837 -0.840739 -0.294024 1.679685 0.833255 -14.218190 0.093216 1.300578 -34.212002 -0.287562 0.967166 -20.033180 0.964535 1.212840 -0.000000 0.000000 0.000000 -3.440386 0.788233 0.501655 -15.928169 -3.167305 2.999703 -6.338818 0.000001 0.000001 -18.123411 3.648176 -4.905662 -0.000005 0.000002 -0.000001 -9.715882 17.404055 4.566635 63.018196 57.772331 3.951196 -179.142929 58.190147 -179.303711 -7.299083 -10.254289 2.954945 2.243540 -5.255033 -3.180153 14.282878 -0.826593 6.952497 -0.000001 -12.690592 0.000000 15.848668 -17.662495 2.655957 1.665665 -1.955919 -2.878296 4.727795 -4.170586 4.993918 11.020511 0.000003 0.000000 12.109034 -3.735711 -2.866779 -0.000001 0.000000 0.000001 1.291985 -1.928549 -1.498088 14.800113 0.567467 3.865604 14.242551 -1.341736 -6.660647 19.631939 0.143924 -0.648242 50.137173 -0.885138 -5.916068 0.353030 -1.511149 -0.031940 20.222769 3.684306 2.316631 18.787247 0.000002 0.000000 10.751613 -0.479868 1.397905 0.000000 0.000000 0.000002 3.273806 0.305946 -0.580109 21.486792 11.830365 2.266133 8.162918 0.000001 0.000001 18.399054 -3.798981 -4.940567 0.000003 0.000000 0.000000 16.503407 11.429064 -31.242407 -0.583427 -1.159424 34.897114 -23.585203 -8.845366 3.737466 1.640754 -1.980597 -1.163869 -0.000000 0.000000 0.000002 -27.328527 -14.456248 -4.235066 0.585236 1.620943 44.406071 19.701546 17.299656 -12.800744 -1.463292 0.793487 -6.978474 0.000000 0.000000 -0.000000 
-1.107396 89.258102 43.346874 3.012609 1.721635 0.134374 0.628627 1.120982 2.953802 -0.261675 2.687021 -3.709595 0.174603 0.746576 7.151742 -13.211683 11.937925 15.591576 1.586342 8.935478 -3.631296 -2.864282 10.106738 -8.705282 0.000077 -0.000023 0.000006 -0.007555 0.018753 -0.000167 0.759781 -3.707007 -10.671269 -0.786477 3.742341 -10.648619 5.208756 -0.989057 8.084943 -51.788670 -36.334427 -25.265608 -179.762955 -40.858170 -179.796570 11.476255 10.411213 16.801321 -5.882102 9.861280 0.702590 -10.936858 -0.360575 7.156196 -0.000000 8.774817 -0.000001 -17.077929 16.758341 5.461895 -1.844030 2.498503 -2.507275 -10.163589 4.678941 4.621103 -20.975998 -0.000001 0.000002 -21.226254 2.451693 -3.593995 0.000000 -0.000006 -0.000001 -1.362682 2.240798 -0.746323 -21.334888 0.584911 3.008320 -13.821195 -0.000001 0.000002 -23.887131 -0.249078 -0.839484 -60.925667 1.878389 -0.856866 -0.294025 1.679686 0.833254 -14.218192 0.093216 1.300577 -34.211998 -0.287565 0.967166 -20.033180 0.964535 1.212838 -0.000000 0.000000 0.000000 -3.440385 0.788232 0.501656 -15.928167 -3.167307 2.999703 -6.338815 0.000001 0.000003 -18.123413 3.648178 -4.905664 -0.000005 0.000001 -0.000001 -9.803194 17.377003 4.536676 63.113491 57.806538 4.069756 -179.035690 58.260296 -179.250977 -7.303954 -10.202103 2.884627 2.243540 -5.255033 -3.180155 14.282873 -0.826593 6.952496 -0.000001 -12.690593 0.000000 15.877387 -17.678946 2.636155 1.665665 -1.955920 -2.878295 4.727792 -4.170583 4.993919 11.020511 0.000003 -0.000001 12.109031 -3.735709 -2.866779 0.000000 0.000000 0.000001 1.291982 -1.928547 -1.498088 14.800111 0.567467 3.865602 14.242551 -1.341734 -6.660647 19.631937 0.143925 -0.648243 50.124821 -0.886779 -5.929536 0.353029 -1.511150 -0.031938 20.222765 3.684306 2.316628 18.787243 0.000004 -0.000002 10.751610 -0.479868 1.397903 0.000000 -0.000000 0.000000 3.273805 0.305947 -0.580111 21.486788 11.830366 2.266131 8.162914 0.000002 0.000001 18.399050 -3.798980 -4.940567 0.000003 0.000000 -0.000001 16.476185 11.406318 -31.269930 -0.585216 -1.140732 35.029247 -23.621086 -8.995707 3.618893 1.638363 -1.985849 -1.161482 -0.000000 0.000000 0.000002 -27.374540 -14.420094 -4.156677 0.574080 1.618344 44.377544 19.712473 17.290419 -12.937302 -1.463918 0.796397 -6.938633 0.000000 0.000000 -0.000001 
-1.235513 89.231529 43.343685 3.035147 1.775864 0.117410 0.621063 1.138409 2.955545 -0.257929 2.680488 -3.725928 0.145489 0.769050 7.151355 -13.255404 11.934081 15.539820 1.581204 9.013368 -3.618573 -2.857051 10.132277 -8.675163 0.000077 -0.000024 0.000006 -0.007561 0.018763 -0.000170 0.759967 -3.709723 -10.678779 -0.790538 3.745178 -10.650980 5.150184 -0.966577 8.093051 -51.877926 -36.378445 -25.269894 -179.630112 -40.934631 -179.881454 11.569745 10.317022 16.721209 -5.882102 9.861281 0.702593 -10.936860 -0.360574 7.156198 -0.000002 8.774815 0.000001 -17.085512 16.751423 5.469074 -1.844028 2.498502 -2.507276 -10.163591 4.678941 4.621104 -20.975994 -0.000002 0.000005 -21.226254 2.451695 -3.593992 0.000000 -0.000007 -0.000001 -1.362680 2.240797 -0.746324 -21.334892 0.584910 3.008322 -13.821197 -0.000000 0.000004 -23.887131 -0.249078 -0.839480 -60.949055 1.865714 -0.831916 -0.294024 1.679687 0.833256 -14.218192 0.093214 1.300580 -34.211998 -0.287564 0.967171 -20.033178 0.964534 1.212844 -0.000000 0.000000 0.000000 -3.440387 0.788233 0.501656 -15.928169 -3.167308 2.999705 -6.338817 -0.000001 0.000002 -18.123411 3.648175 -4.905662 -0.000005 0.000002 -0.000001 -9.892696 17.357950 4.506472 63.166222 57.826866 4.138699 -178.976746 58.319473 -179.214905 -7.313733 -10.205462 2.773488 2.243540 -5.255033 -3.180154 14.282875 -0.826593 6.952496 -0.000005 -12.690591 0.000001 15.871634 -17.682291 2.658098 1.665664 -1.955920 -2.878298 4.727794 -4.170583 4.993919 11.020509 0.000004 0.000000 12.109033 -3.735709 -2.866777 -0.000001 0.000000 0.000001 1.291985 -1.928548 -1.498087 14.800114 0.567468 3.865602 14.242554 -1.341734 -6.660648 19.631939 0.143926 -0.648242 50.157463 -0.873113 -5.886103 0.353030 -1.511150 -0.031939 20.222769 3.684305 2.316629 18.787247 0.000004 -0.000001 10.751612 -0.479868 1.397904 0.000000 0.000000 0.000001 3.273804 0.305947 -0.580110 21.486790 11.830363 2.266129 8.162918 0.000002 -0.000001 18.399054 -3.798978 -4.940566 0.000003 -0.000001 -0.000000 16.524458 11.387629 -31.202108 -0.569498 -1.144591 34.878819 -23.751257 -9.060787 3.693478 1.636187 -1.993526 -1.160532 -0.000000 0.000000 0.000002 -27.307789 -14.411662 -4.182220 0.577044 1.614489 44.542313 19.522013 17.284519 -13.190893 -1.461552 0.804152 -6.876205 0.000000 0.000000 -0.000001 
-1.285254 89.189461 43.374935 3.048974 1.834843 0.103307 0.627128 1.140528 2.954653 -0.257632 2.697181 -3.737716 0.119412 0.775149 7.152249 -13.306759 11.935966 15.470398 1.603048 9.061249 -3.593581 -2.883309 10.163767 -8.666492 0.000077 -0.000023 0.000006 -0.009662 0.018705 0.005495 0.762876 -3.705096 -10.676949 -0.789687 3.736115 -10.648415 5.115505 -0.976388 8.075504 -51.948097 -36.374676 -25.282206 -179.529907 -40.986362 -179.937027 11.682017 10.223307 16.712971 -5.882100 9.861278 0.702591 -10.936858 -0.360576 7.156199 -0.000001 8.774815 0.000000 -17.122133 16.748495 5.449896 -1.844030 2.498502 -2.507275 -10.163589 4.678937 4.621102 -20.975994 -0.000002 0.000004 -21.226254 2.451695 -3.593992 0.000000 -0.000008 -0.000001 -1.362680 2.240797 -0.746323 -21.334888 0.584907 3.008322 -13.821197 -0.000001 0.000003 -23.887129 -0.249078 -0.839479 -60.984917 1.879090 -0.854333 -0.294024 1.679686 0.833255 -14.218192 0.093213 1.300577 -34.212002 -0.287564 0.967172 -20.033180 0.964537 1.212843 0.000000 -0.000001 0.000000 -3.440385 0.788231 0.501655 -15.928169 -3.167307 2.999707 -6.338817 -0.000001 0.000003 -18.123415 3.648178 -4.905661 -0.000004 0.000002 -0.000001 -10.001463 17.347023 4.450667 63.268463 57.854286 4.215770 -178.904633 58.374756 -179.156235 -7.289334 -10.234189 2.654996 2.243539 -5.255033 -3.180156 14.282873 -0.826593 6.952497 -0.000002 -12.690590 0.000001 15.909562 -17.709120 2.648469 1.665665 -1.955920 -2.878296 4.727795 -4.170583 4.993917 11.020509 0.000003 -0.000001 12.109029 -3.735708 -2.866779 0.000000 -0.000001 -0.000000 1.291985 -1.928547 -1.498089 14.800111 0.567469 3.865603 14.242553 -1.341734 -6.660649 19.631937 0.143927 -0.648243 50.172047 -0.868107 -5.868687 0.353028 -1.511149 -0.031941 20.222771 3.684306 2.316629 18.787245 0.000004 -0.000000 10.751613 -0.479867 1.397906 0.000000 -0.000000 0.000002 3.273806 0.305947 -0.580109 21.486792 11.830362 2.266131 8.162916 0.000001 0.000001 18.399052 -3.798979 -4.940567 0.000003 0.000000 -0.000002 16.544693 11.372494 -31.199545 -0.578509 -1.142087 34.896450 -23.790947 -9.136422 3.613251 1.634732 -1.995798 -1.139645 0.000000 -0.000000 0.000002 -27.274157 -14.369915 -4.128442 0.570850 1.614248 44.574562 19.365887 17.255032 -13.494492 -1.463049 0.815614 -6.801411 -0.000000 -0.000000 -0.000000 
-1.316022 89.160416 43.319691 3.052398 1.926077 0.093974 0.638226 1.107087 2.949956 -0.259121 2.733774 -3.744371 0.106035 0.768906 7.141012 -13.342722 11.951040 15.413824 1.613553 9.060184 -3.576510 -2.902705 10.223874 -8.657017 0.000077 -0.000023 0.000006 -0.013237 0.038164 0.007395 0.757074 -3.701585 -10.675966 -0.794240 3.748591 -10.646287 5.100627 -0.967977 8.057581 -52.067108 -36.410492 -25.166220 -179.484161 -41.011395 -179.908859 11.802746 10.214973 16.729141 -5.882101 9.861278 0.702587 -10.936860 -0.360575 7.156199 0.000002 8.774813 -0.000002 -17.141869 16.786093 5.447439 -1.844030 2.498503 -2.507277 -10.163589 4.678939 4.621101 -20.975994 -0.000003 0.000004 -21.226255 2.451688 -3.593991 0.000001 -0.000008 -0.000001 -1.362679 2.240796 -0.746323 -21.334890 0.584908 3.008321 -13.821197 -0.000002 0.000003 -23.887131 -0.249082 -0.839479 -61.019085 1.895958 -0.871085 -0.294024 1.679687 0.833255 -14.218190 0.093214 1.300578 -34.212002 -0.287562 0.967171 -20.033176 0.964537 1.212843 -0.000000 -0.000001 -0.000000 -3.440385 0.788233 0.501656 -15.928171 -3.167305 2.999706 -6.338816 0.000000 0.000002 -18.123415 3.648175 -4.905661 -0.000005 0.000002 -0.000002 -10.094075 17.354984 4.417973 63.342640 57.898594 4.278542 -178.851257 58.414009 -179.127975 -7.245334 -10.334146 2.514697 2.243538 -5.255031 -3.180157 14.282878 -0.826595 6.952495 -0.000003 -12.690588 0.000001 15.911053 -17.707222 2.668276 1.665664 -1.955920 -2.878296 4.727795 -4.170584 4.993919 11.020509 0.000003 -0.000001 12.109031 -3.735710 -2.866781 -0.000001 0.000000 0.000001 1.291983 -1.928549 -1.498088 14.800109 0.567469 3.865600 14.242556 -1.341735 -6.660651 19.631939 0.143926 -0.648246 50.203495 -0.860685 -5.833526 0.353030 -1.511149 -0.031941 20.222773 3.684306 2.316628 18.787245 0.000004 -0.000002 10.751611 -0.479868 1.397905 0.000000 -0.000000 0.000001 3.273803 0.305947 -0.580112 21.486795 11.830365 2.266133 8.162917 0.000002 -0.000001 18.399052 -3.798978 -4.940568 0.000003 0.000001 0.000000 16.531372 11.339458 -31.234085 -0.577975 -1.151877 34.824783 -23.795879 -9.181509 3.615166 1.633467 -1.993626 -1.097721 0.000000 0.000000 0.000002 -27.213381 -14.339319 -4.156147 0.572068 1.638668 44.662800 19.229546 17.155809 -13.730377 -1.461044 0.813324 -6.714391 -0.000000 -0.000000 -0.000001 
-1.349279 89.138535 43.272869 3.057435 2.038509 0.076970 0.654544 1.112673 2.949395 -0.267755 2.743072 -3.749754 0.087976 0.776888 7.133812 -13.352597 11.950547 15.368540 1.611873 9.084060 -3.556361 -2.938248 10.232474 -8.659852 0.000077 -0.000024 0.000006 -0.018121 0.038191 0.006782 0.751168 -3.690776 -10.677880 -0.796842 3.767770 -10.648996 5.094146 -0.992966 8.037478 -52.158939 -36.397324 -24.951643 -179.548782 -41.055244 -179.846405 11.918060 10.216432 16.814762 -5.882101 9.861279 0.702588 -10.936860 -0.360575 7.156197 -0.000001 8.774814 -0.000000 -17.129221 16.793749 5.464939 -1.844031 2.498502 -2.507276 -10.163589 4.678942 4.621105 -20.975994 -0.000002 0.000003 -21.226250 2.451692 -3.593994 0.000000 -0.000008 -0.000000 -1.362681 2.240797 -0.746322 -21.334896 0.584907 3.008319 -13.821197 -0.000002 0.000002 -23.887133 -0.249080 -0.839482 -61.045830 1.897253 -0.893413 -0.294023 1.679685 0.833256 -14.218190 0.093217 1.300581 -34.212006 -0.287562 0.967170 -20.033178 0.964537 1.212841 0.000000 0.000000 -0.000000 -3.440386 0.788231 0.501655 -15.928165 -3.167306 2.999703 -6.338817 0.000000 0.000002 -18.123413 3.648175 -4.905660 -0.000005 0.000001 -0.000002 -10.152850 17.358395 4.431029 63.289177 57.922878 4.254485 -178.835831 58.395779 -179.169601 -7.246892 -10.467924 2.352338 2.243538 -5.255033 -3.180155 14.282875 -0.826592 6.952496 -0.000003 -12.690590 -0.000000 15.915573 -17.682825 2.657297 1.665664 -1.955920 -2.878297 4.727795 -4.170582 4.993917 11.020513 0.000004 0.000000 12.109029 -3.735708 -2.866779 -0.000001 -0.000000 0.000001 1.291984 -1.928548 -1.498088 14.800117 0.567467 3.865605 14.242554 -1.341732 -6.660648 19.631939 0.143925 -0.648244 50.193226 -0.831651 -5.809984 0.353029 -1.511149 -0.031941 20.222773 3.684306 2.316628 18.787245 0.000004 -0.000000 10.751610 -0.479868 1.397905 0.000000 0.000000 0.000002 3.273806 0.305946 -0.580110 21.486790 11.830359 2.266131 8.162916 0.000002 0.000001 18.399052 -3.798979 -4.940566 0.000003 0.000000 0.000000 16.505516 11.305459 -31.220966 -0.571457 -1.166615 34.670795 -23.823753 -9.151657 3.589585 1.633891 -1.990025 -1.052235 -0.000000 0.000000 0.000002 -27.136217 -14.240437 -4.149018 0.547218 1.617822 44.720497 19.082668 17.116468 -13.965440 -1.462192 0.818474 -6.675897 -0.000000 -0.000000 -0.000001 
-1.412383 89.153244 43.229847 3.050283 2.170080 0.064075 0.681767 1.097388 2.939899 -0.270185 2.774890 -3.747973 0.081252 0.779177 7.113018 -13.378962 11.959790 15.295708 1.620145 9.076894 -3.528466 -2.942966 10.251202 -8.686973 0.000077 -0.000024 0.000006 -0.022341 0.057454 0.016996 0.747832 -3.677815 -10.662574 -0.797539 3.769748 -10.631233 5.106066 -1.010496 8.006331 -52.336281 -36.416592 -24.675047 -179.520355 -41.095741 -179.802780 12.031251 10.240327 16.907639 -5.882100 9.861278 0.702589 -10.936861 -0.360576 7.156197 -0.000003 8.774813 -0.000001 -17.116753 16.832867 5.456570 -1.844031 2.498503 -2.507276 -10.163590 4.678939 4.621102 -20.975996 -0.000003 0.000004 -21.226255 2.451693 -3.593992 0.000000 -0.000007 -0.000000 -1.362681 2.240795 -0.746323 -21.334894 0.584908 3.008320 -13.821198 -0.000002 0.000004 -23.887135 -0.249075 -0.839480 -61.045094 1.905641 -0.894272 -0.294024 1.679684 0.833255 -14.218195 0.093213 1.300577 -34.212006 -0.287564 0.967172 -20.033178 0.964535 1.212843 -0.000000 -0.000000 -0.000000 -3.440385 0.788231 0.501654 -15.928171 -3.167308 2.999704 -6.338818 -0.000001 0.000003 -18.123415 3.648175 -4.905661 -0.000004 0.000002 -0.000001 -10.206096 17.364428 4.450620 63.196758 57.906284 4.233091 -178.851624 58.378109 -179.167419 -7.263265 -10.605727 2.237923 2.243539 -5.255034 -3.180155 14.282877 -0.826594 6.952498 -0.000002 -12.690590 -0.000001 15.909497 -17.674629 2.648620 1.665664 -1.955921 -2.878297 4.727794 -4.170583 4.993919 11.020509 0.000004 -0.000000 12.109032 -3.735710 -2.866781 -0.000001 -0.000000 0.000001 1.291984 -1.928548 -1.498088 14.800109 0.567468 3.865602 14.242551 -1.341736 -6.660651 19.631937 0.143925 -0.648242 50.175678 -0.803654 -5.824279 0.353029 -1.511150 -0.031940 20.222765 3.684305 2.316631 18.787243 0.000003 -0.000000 10.751610 -0.479869 1.397903 -0.000000 -0.000000 0.000001 3.273804 0.305946 -0.580109 21.486790 11.830364 2.266132 8.162917 0.000000 0.000002 18.399054 -3.798981 -4.940567 0.000003 0.000000 -0.000001 16.511795 11.270728 -31.176481 -0.565612 -1.165866 34.437553 -23.872997 -9.160725 3.732617 1.633474 -1.975350 -0.993954 0.000000 -0.000000 0.000002 -27.015278 -14.141850 -4.134197 0.535129 1.610517 44.777302 18.951464 17.052477 -14.061301 -1.464822 0.822188 -6.672253 -0.000000 -0.000000 -0.000000 
-1.493181 89.204750 43.218273 3.038095 2.305219 0.069674 0.710600 1.070744 2.901455 -0.270268 2.826918 -3.737717 0.085941 0.761648 7.084619 -13.397095 11.958570 15.225068 1.596928 9.101612 -3.529978 -2.917931 10.254371 -8.718574 0.000077 -0.000024 0.000006 -0.025800 0.068489 0.023638 0.738517 -3.652447 -10.642671 -0.806009 3.790963 -10.609095 5.111969 -1.024750 7.967338 -52.507126 -36.364727 -24.442732 -179.490784 -41.097054 -179.787079 12.129786 10.255657 17.041052 -5.882101 9.861279 0.702589 -10.936858 -0.360577 7.156196 -0.000000 8.774814 -0.000000 -17.156765 16.878366 5.410909 -1.844030 2.498502 -2.507277 -10.163589 4.678939 4.621104 -20.975998 -0.000003 0.000003 -21.226254 2.451690 -3.593992 0.000000 -0.000008 -0.000001 -1.362682 2.240795 -0.746323 -21.334890 0.584908 3.008319 -13.821197 -0.000002 0.000002 -23.887129 -0.249081 -0.839480 -61.050358 1.886014 -0.880591 -0.294024 1.679687 0.833254 -14.218194 0.093214 1.300579 -34.212002 -0.287568 0.967170 -20.033180 0.964535 1.212842 -0.000000 -0.000000 -0.000000 -3.440386 0.788231 0.501654 -15.928169 -3.167306 2.999705 -6.338817 -0.000001 0.000003 -18.123415 3.648174 -4.905662 -0.000004 0.000002 -0.000003 -10.246440 17.359949 4.458166 63.211617 57.884701 4.320222 -178.927414 58.366013 -179.114014 -7.261993 -10.702743 2.261431 2.243539 -5.255031 -3.180155 14.282878 -0.826594 6.952495 -0.000003 -12.690587 0.000000 15.952324 -17.685543 2.638026 1.665667 -1.955921 -2.878296 4.727792 -4.170583 4.993919 11.020510 0.000003 0.000000 12.109030 -3.735711 -2.866778 -0.000001 0.000000 0.000001 1.291985 -1.928548 -1.498089 14.800114 0.567466 3.865604 14.242553 -1.341735 -6.660648 19.631939 0.143925 -0.648242 50.201206 -0.825310 -5.840901 0.353028 -1.511149 -0.031941 20.222769 3.684305 2.316628 18.787247 0.000003 -0.000000 10.751610 -0.479869 1.397902 0.000000 -0.000000 0.000001 3.273804 0.305947 -0.580110 21.486790 11.830360 2.266131 8.162916 0.000001 0.000000 18.399054 -3.798979 -4.940569 0.000002 -0.000001 -0.000001 16.527538 11.232432 -31.065018 -0.572473 -1.192252 34.078873 -23.972387 -9.157579 3.926856 1.636305 -1.967969 -0.969709 -0.000000 0.000000 0.000002 -26.860773 -14.037123 -4.097398 0.512368 1.608359 44.791012 18.866333 16.964083 -14.013073 -1.462298 0.820905 -6.738873 -0.000000 0.000000 0.000000 
-1.600023 89.277916 43.196007 3.029638 2.446713 0.079265 0.741293 1.070096 2.875981 -0.261247 2.828300 -3.751022 0.084520 0.772582 7.088186 -13.409296 11.957272 15.144834 1.570178 9.104131 -3.531839 -2.880192 10.238442 -8.764174 0.000077 -0.000023 0.000006 -0.030655 0.077177 0.029174 0.738951 -3.635665 -10.629289 -0.811889 3.813062 -10.599866 5.104613 -1.067153 7.975183 -52.585098 -36.345158 -24.291656 -179.471329 -41.118858 -179.799561 12.218327 10.202433 17.127794 -5.882099 9.861278 0.702588 -10.936860 -0.360576 7.156199 0.000001 8.774815 -0.000003 -17.141582 16.893734 5.383379 -1.844030 2.498503 -2.507277 -10.163589 4.678937 4.621105 -20.975994 -0.000005 0.000007 -21.226255 2.451690 -3.593991 0.000001 -0.000007 -0.000000 -1.362681 2.240798 -0.746321 -21.334896 0.584908 3.008321 -13.821197 -0.000000 0.000004 -23.887131 -0.249078 -0.839479 -61.026447 1.892448 -0.865302 -0.294024 1.679687 0.833254 -14.218192 0.093212 1.300581 -34.212002 -0.287567 0.967174 -20.033178 0.964534 1.212844 0.000000 0.000002 0.000000 -3.440385 0.788232 0.501657 -15.928169 -3.167308 2.999705 -6.338817 0.000000 0.000003 -18.123415 3.648176 -4.905659 -0.000003 0.000002 -0.000002 -10.297935 17.343353 4.477099 63.077511 57.859718 4.261423 -178.934189 58.355747 -179.074600 -7.273798 -10.762970 2.420521 2.243540 -5.255031 -3.180157 14.282877 -0.826595 6.952495 -0.000002 -12.690587 0.000002 15.980975 -17.700251 2.608479 1.665666 -1.955918 -2.878299 4.727794 -4.170584 4.993918 11.020509 0.000003 -0.000001 12.109033 -3.735709 -2.866778 -0.000001 -0.000000 0.000001 1.291985 -1.928548 -1.498088 14.800114 0.567466 3.865603 14.242554 -1.341733 -6.660648 19.631939 0.143925 -0.648244 50.207924 -0.841284 -5.869822 0.353028 -1.511149 -0.031937 20.222771 3.684304 2.316626 18.787245 0.000003 -0.000001 10.751610 -0.479869 1.397903 0.000000 -0.000001 0.000002 3.273806 0.305947 -0.580111 21.486790 11.830360 2.266129 8.162917 -0.000000 -0.000000 18.399050 -3.798978 -4.940566 0.000002 0.000000 -0.000001 16.554815 11.187248 -30.892513 -0.577148 -1.201232 33.577206 -24.085773 -9.115288 4.191051 1.634039 -1.960855 -0.974156 -0.000000 0.000000 0.000002 -26.674347 -13.910498 -4.072664 0.488905 1.604305 44.803799 18.777103 16.910463 -13.926849 -1.461128 0.819168 -6.846166 -0.000000 -0.000000 -0.000000 
-1.749571 89.389786 43.216228 3.044753 2.575133 0.086148 0.775208 1.073093 2.853743 -0.261981 2.854563 -3.744579 0.085130 0.733902 7.067005 -13.416074 11.978626 15.047108 1.558732 9.111034 -3.539459 -2.871827 10.265053 -8.803952 0.000077 -0.000024 0.000006 -0.031899 0.076936 0.028664 0.737536 -3.657200 -10.617764 -0.810940 3.787351 -10.590006 5.107955 -1.129269 8.011863 -52.664177 -36.276741 -24.180634 -179.435501 -41.066959 -179.788895 12.261484 10.142755 17.159658 -5.882100 9.861278 0.702590 -10.936858 -0.360574 7.156197 -0.000003 8.774813 -0.000002 -17.202911 16.941114 5.318778 -1.844032 2.498503 -2.507277 -10.163589 4.678942 4.621106 -20.975994 -0.000002 0.000004 -21.226254 2.451694 -3.593992 0.000001 -0.000006 -0.000000 -1.362680 2.240796 -0.746323 -21.334890 0.584910 3.008321 -13.821194 -0.000000 0.000004 -23.887131 -0.249078 -0.839482 -61.038521 1.910199 -0.866926 -0.294024 1.679686 0.833256 -14.218194 0.093216 1.300581 -34.211998 -0.287560 0.967171 -20.033180 0.964534 1.212842 0.000000 0.000002 0.000000 -3.440386 0.788233 0.501654 -15.928167 -3.167305 2.999706 -6.338817 -0.000001 0.000003 -18.123413 3.648175 -4.905661 -0.000003 0.000001 -0.000003 -10.389889 17.329323 4.444259 63.049549 57.797680 4.362035 -178.835587 58.324070 -178.872726 -7.261725 -10.791327 2.690163 2.243539 -5.255033 -3.180156 14.282873 -0.826591 6.952497 -0.000002 -12.690590 -0.000002 16.110395 -17.769855 2.623807 1.665663 -1.955920 -2.878297 4.727793 -4.170584 4.993918 11.020509 0.000004 -0.000001 12.109032 -3.735709 -2.866780 -0.000001 0.000000 0.000001 1.291985 -1.928546 -1.498088 14.800109 0.567468 3.865602 14.242550 -1.341734 -6.660651 19.631935 0.143928 -0.648243 50.280827 -0.902183 -5.913877 0.353027 -1.511150 -0.031940 20.222763 3.684307 2.316628 18.787245 0.000003 -0.000001 10.751610 -0.479868 1.397904 0.000000 -0.000000 0.000000 3.273805 0.305947 -0.580110 21.486788 11.830365 2.266130 8.162914 0.000002 0.000001 18.399046 -3.798979 -4.940567 0.000003 0.000000 -0.000001 16.591087 11.140207 -30.600418 -0.583346 -1.214743 32.924244 -24.239943 -9.048233 4.550728 1.633532 -1.973773 -0.978251 -0.000000 0.000000 0.000002 -26.513527 -13.842899 -4.009558 0.474235 1.612900 44.806145 18.670008 16.877174 -13.675116 -1.460027 0.812371 -6.994100 -0.000000 -0.000000 -0.000001 
-1.912465 89.501205 43.148869 3.095431 2.691614 0.080125 0.804708 1.082447 2.854914 -0.257526 2.845948 -3.744981 0.072319 0.687127 7.045738 -13.409418 12.010937 14.965690 1.538015 9.151866 -3.559613 -2.855676 10.265440 -8.809680 0.000077 -0.000024 0.000006 -0.032056 0.076809 0.025837 0.733287 -3.638267 -10.602724 -0.812680 3.807412 -10.579082 5.100952 -1.197798 8.079090 -52.672470 -36.181866 -24.203806 -179.429108 -40.996639 -179.742599 12.214571 10.047878 17.050003 -5.882100 9.861278 0.702590 -10.936858 -0.360577 7.156198 -0.000001 8.774814 -0.000002 -17.261154 16.999950 5.272605 -1.844030 2.498503 -2.507275 -10.163589 4.678940 4.621106 -20.975996 -0.000002 0.000003 -21.226254 2.451692 -3.593993 0.000001 -0.000008 -0.000001 -1.362680 2.240796 -0.746323 -21.334890 0.584908 3.008320 -13.821198 -0.000000 0.000003 -23.887131 -0.249081 -0.839482 -61.036720 1.914937 -0.864223 -0.294024 1.679685 0.833255 -14.218194 0.093215 1.300579 -34.211998 -0.287563 0.967168 -20.033178 0.964534 1.212842 0.000000 0.000001 0.000000 -3.440385 0.788233 0.501654 -15.928169 -3.167307 2.999703 -6.338817 -0.000001 0.000002 -18.123415 3.648176 -4.905661 -0.000003 0.000002 -0.000002 -10.495539 17.334139 4.435323 63.055878 57.739464 4.534941 -178.667419 58.289871 -178.649902 -7.194092 -10.749686 3.050995 2.243539 -5.255031 -3.180156 14.282875 -0.826590 6.952496 -0.000002 -12.690586 -0.000002 16.286104 -17.867203 2.627602 1.665663 -1.955919 -2.878298 4.727797 -4.170582 4.993920 11.020510 0.000003 -0.000001 12.109032 -3.735708 -2.866779 -0.000001 -0.000000 0.000001 1.291982 -1.928546 -1.498087 14.800114 0.567468 3.865605 14.242553 -1.341734 -6.660650 19.631937 0.143925 -0.648243 50.336292 -0.921268 -5.937923 0.353027 -1.511148 -0.031940 20.222769 3.684304 2.316628 18.787245 0.000004 0.000001 10.751610 -0.479869 1.397905 0.000000 0.000000 0.000001 3.273804 0.305946 -0.580109 21.486790 11.830359 2.266131 8.162916 0.000002 0.000001 18.399048 -3.798977 -4.940565 0.000003 0.000000 -0.000001 16.590191 11.050529 -30.277155 -0.567959 -1.216756 32.130478 -24.415510 -8.943920 4.991738 1.635554 -1.992575 -1.015836 -0.000000 -0.000000 0.000002 -26.374214 -13.792147 -4.036100 0.468641 1.637587 44.877075 18.509556 16.805258 -13.501699 -1.456984 0.809757 -7.219989 -0.000000 -0.000000 -0.000000 
-2.062208 89.586967 43.097828 3.175401 2.753198 0.077804 0.824361 1.107098 2.879031 -0.257181 2.818560 -3.770263 0.044763 0.627016 7.056021 -13.401354 12.049133 14.882355 1.528670 9.190159 -3.553519 -2.827581 10.244504 -8.833822 0.000077 -0.000024 0.000006 -0.031082 0.078647 0.021910 0.731961 -3.632181 -10.599263 -0.803504 3.793295 -10.576584 5.095964 -1.217500 8.193214 -52.587078 -36.175522 -24.486546 -179.350327 -40.977100 -179.762787 12.110173 9.871275 16.721004 -5.882100 9.861278 0.702588 -10.936858 -0.360574 7.156198 0.000002 8.774812 -0.000001 -17.268938 17.159853 5.258003 -1.844031 2.498502 -2.507275 -10.163589 4.678939 4.621103 -20.975994 -0.000002 0.000001 -21.226254 2.451690 -3.593993 0.000001 -0.000007 -0.000000 -1.362681 2.240795 -0.746321 -21.334887 0.584907 3.008319 -13.821195 -0.000001 0.000003 -23.887133 -0.249079 -0.839481 -60.997452 1.917757 -0.880186 -0.294024 1.679686 0.833255 -14.218195 0.093214 1.300578 -34.211998 -0.287566 0.967169 -20.033180 0.964531 1.212842 0.000000 0.000001 0.000000 -3.440385 0.788233 0.501654 -15.928167 -3.167307 2.999706 -6.338817 0.000000 0.000000 -18.123413 3.648172 -4.905659 -0.000004 0.000002 -0.000002 -10.617342 17.371546 4.423861 62.987305 57.758705 4.414640 -178.757385 58.280773 -178.742798 -7.111588 -10.749323 3.286514 2.243538 -5.255031 -3.180155 14.282875 -0.826592 6.952495 -0.000002 -12.690587 0.000000 16.442839 -17.982483 2.567334 1.665664 -1.955919 -2.878296 4.727793 -4.170582 4.993920 11.020510 0.000004 -0.000001 12.109030 -3.735707 -2.866779 -0.000001 0.000000 0.000001 1.291984 -1.928547 -1.498089 14.800113 0.567467 3.865602 14.242554 -1.341733 -6.660648 19.631939 0.143927 -0.648243 50.297642 -0.917646 -5.967195 0.353029 -1.511149 -0.031941 20.222769 3.684305 2.316627 18.787245 0.000004 -0.000001 10.751610 -0.479867 1.397904 0.000001 -0.000000 0.000002 3.273804 0.305947 -0.580110 21.486788 11.830361 2.266129 8.162917 0.000002 0.000000 18.399054 -3.798978 -4.940568 0.000003 0.000000 -0.000001 16.574606 10.939700 -29.932510 -0.543244 -1.196770 31.364271 -24.593477 -8.846708 5.292898 1.639945 -2.025929 -1.097735 -0.000000 0.000000 0.000002 -26.271162 -13.697387 -4.089040 0.465041 1.671221 44.958633 18.366987 16.711130 -13.434999 -1.456121 0.815705 -7.474706 -0.000000 -0.000000 -0.000000 
-2.228385 89.678238 43.009460 3.254292 2.770468 0.084022 0.845703 1.122725 2.888258 -0.275503 2.771079 -3.823874 0.037237 0.576672 7.122506 -13.375363 12.033659 14.739602 1.556563 9.174011 -3.568034 -2.779336 10.238023 -8.818279 0.000077 -0.000023 0.000006 -0.031858 0.067889 0.018660 0.724730 -3.632338 -10.589463 -0.797911 3.784652 -10.567790 5.095136 -1.226915 8.443663 -52.459057 -36.294407 -25.032621 -179.125443 -41.062767 -179.933380 12.026797 9.613011 16.361610 -5.882102 9.861278 0.702587 -10.936859 -0.360577 7.156196 0.000001 8.774811 -0.000002 -17.239243 17.341896 5.210301 -1.844032 2.498501 -2.507277 -10.163592 4.678940 4.621104 -20.976000 -0.000003 0.000005 -21.226257 2.451690 -3.593991 0.000001 -0.000006 -0.000001 -1.362681 2.240796 -0.746324 -21.334890 0.584907 3.008322 -13.821195 -0.000001 0.000004 -23.887133 -0.249079 -0.839479 -60.871181 1.967037 -0.968826 -0.294025 1.679685 0.833255 -14.218194 0.093213 1.300580 -34.212013 -0.287565 0.967171 -20.033180 0.964536 1.212843 -0.000000 0.000000 0.000000 -3.440385 0.788232 0.501655 -15.928167 -3.167307 2.999703 -6.338818 -0.000001 0.000001 -18.123415 3.648177 -4.905661 -0.000004 0.000001 -0.000002 -10.728255 17.387619 4.405955 62.974594 57.775063 4.021822 -179.184143 58.206261 -179.134903 -6.900499 -10.853167 3.358302 2.243542 -5.255033 -3.180157 14.282881 -0.826595 6.952496 -0.000003 -12.690588 0.000002 16.465204 -18.184553 2.452734 1.665665 -1.955920 -2.878297 4.727796 -4.170585 4.993920 11.020512 0.000003 0.000001 12.109035 -3.735709 -2.866779 -0.000001 0.000000 0.000001 1.291985 -1.928548 -1.498088 14.800117 0.567468 3.865603 14.242554 -1.341735 -6.660648 19.631941 0.143924 -0.648243 50.129856 -0.899062 -6.012859 0.353027 -1.511150 -0.031938 20.222773 3.684305 2.316628 18.787251 0.000003 -0.000000 10.751612 -0.479869 1.397905 0.000001 -0.000000 0.000001 3.273805 0.305947 -0.580109 21.486795 11.830361 2.266130 8.162918 0.000002 -0.000001 18.399061 -3.798980 -4.940569 0.000003 -0.000001 -0.000001 16.574024 10.844976 -29.540327 -0.529574 -1.185470 30.475353 -24.791763 -8.742047 5.625958 1.637611 -2.075725 -1.289254 -0.000000 0.000000 0.000002 -26.127150 -13.509935 -4.190308 0.488689 1.681436 44.997005 18.253260 16.497686 -13.500930 -1.455460 0.836806 -7.768791 -0.000000 -0.000000 -0.000001 
