HIERARCHY
ROOT Hips
{
	OFFSET 0.000000 0.000000 0.000000
	CHANNELS 6 Xposition Yposition Zposition Zrotation Yrotation Xrotation 
	JOINT Spine1
	{
		OFFSET -0.013727 5.003763 -0.053727
		CHANNELS 3 Zrotation Yrotation Xrotation
		JOINT Spine2
		{
			OFFSET -0.000000 7.125302 -0.029825
			CHANNELS 3 Zrotation Yrotation Xrotation
			JOINT Chest
			{
				OFFSET -0.000001 7.550065 -0.815971
				CHANNELS 3 Zrotation Yrotation Xrotation
				JOINT Neck1
				{
					OFFSET -0.181677 26.311296 -0.553349
					CHANNELS 3 Zrotation Yrotation Xrotation
					JOINT Neck2
					{
						OFFSET -0.000003 7.709399 2.302586
						CHANNELS 3 Zrotation Yrotation Xrotation
						JOINT Head
						{
							OFFSET -0.000005 6.128913 1.953709
							CHANNELS 3 Zrotation Yrotation Xrotation
							JOINT HeadEnd
							{
								OFFSET 0.003598 16.065401 -1.835379
								CHANNELS 3 Zrotation Yrotation Xrotation
								End Site
								{
									OFFSET 0.000000 0.000000 0.000000
								}
							}
							JOINT Jaw
							{
								OFFSET 0.002637 0.475592 3.094940
								CHANNELS 3 Zrotation Yrotation Xrotation
								End Site
								{
									OFFSET 0.000000 0.000000 0.000000
								}
							}
							JOINT LeftEye
							{
								OFFSET 3.206381 5.380207 7.586883
								CHANNELS 3 Zrotation Yrotation Xrotation
								End Site
								{
									OFFSET 0.000000 0.000000 0.000000
								}
							}
							JOINT RightEye
							{
								OFFSET -3.222440 5.361867 7.558233
								CHANNELS 3 Zrotation Yrotation Xrotation
								End Site
								{
									OFFSET 0.000000 0.000000 0.000000
								}
							}
						}
					}
				}
				JOINT LeftShoulder
				{
					OFFSET 1.621652 23.237164 5.113413
					CHANNELS 3 Zrotation Yrotation Xrotation
					JOINT LeftArm
					{
						OFFSET 14.919845 0.000000 -5.502326
						CHANNELS 3 Zrotation Yrotation Xrotation
						JOINT LeftForeArm
						{
							OFFSET 28.739309 0.000002 -0.002588
							CHANNELS 3 Zrotation Yrotation Xrotation
							JOINT LeftHand
							{
								OFFSET 27.093983 -0.000001 0.002610
								CHANNELS 3 Zrotation Yrotation Xrotation
								JOINT LeftHandThumb1
								{
									OFFSET 2.276480 -1.392045 3.191413
									CHANNELS 3 Zrotation Yrotation Xrotation
									JOINT LeftHandThumb2
									{
										OFFSET 4.012843 -1.828125 1.641656
										CHANNELS 3 Zrotation Yrotation Xrotation
										JOINT LeftHandThumb3
										{
											OFFSET 2.798517 0.000000 -0.000004
											CHANNELS 3 Zrotation Yrotation Xrotation
											JOINT LeftHandThumbEnd
											{
												OFFSET 3.180790 -0.000003 0.000003
												CHANNELS 3 Zrotation Yrotation Xrotation
												End Site
												{
													OFFSET 0.000000 0.000000 0.000000
												}
											}
										}
									}
								}
								JOINT LeftHandIndex1
								{
									OFFSET 3.247552 -0.531999 2.296169
									CHANNELS 3 Zrotation Yrotation Xrotation
									JOINT LeftHandIndex2
									{
										OFFSET 6.364580 0.012063 0.178599
										CHANNELS 3 Zrotation Yrotation Xrotation
										JOINT LeftHandIndex3
										{
											OFFSET 3.662366 0.000000 0.000001
											CHANNELS 3 Zrotation Yrotation Xrotation
											JOINT LeftHandIndex4
											{
												OFFSET 2.329243 0.000001 0.000004
												CHANNELS 3 Zrotation Yrotation Xrotation
												JOINT LeftHandIndexEnd
												{
													OFFSET 2.759619 -0.180538 -0.113023
													CHANNELS 3 Zrotation Yrotation Xrotation
													End Site
													{
														OFFSET 0.000000 0.000000 0.000000
													}
												}
											}
										}
									}
								}
								JOINT LeftHandMiddle1
								{
									OFFSET 3.163499 0.240982 1.000332
									CHANNELS 3 Zrotation Yrotation Xrotation
									JOINT LeftHandMiddle2
									{
										OFFSET 6.190778 -0.259277 -1.002548
										CHANNELS 3 Zrotation Yrotation Xrotation
										JOINT LeftHandMiddle3
										{
											OFFSET 4.356523 -0.000005 0.000001
											CHANNELS 3 Zrotation Yrotation Xrotation
											JOINT LeftHandMiddle4
											{
												OFFSET 2.996875 -0.000007 0.000000
												CHANNELS 3 Zrotation Yrotation Xrotation
												JOINT LeftHandMiddleEnd
												{
													OFFSET 2.304294 -0.294572 -0.031740
													CHANNELS 3 Zrotation Yrotation Xrotation
													End Site
													{
														OFFSET 0.000000 0.000000 0.000000
													}
												}
											}
										}
									}
								}
								JOINT LeftHandRing1
								{
									OFFSET 2.882642 -0.053650 -0.322543
									CHANNELS 3 Zrotation Yrotation Xrotation
									JOINT LeftHandRing2
									{
										OFFSET 5.854543 -0.486204 -1.373840
										CHANNELS 3 Zrotation Yrotation Xrotation
										JOINT LeftHandRing3
										{
											OFFSET 4.350580 0.000000 0.000003
											CHANNELS 3 Zrotation Yrotation Xrotation
											JOINT LeftHandRing4
											{
												OFFSET 2.651325 0.000008 0.000002
												CHANNELS 3 Zrotation Yrotation Xrotation
												JOINT LeftHandRingEnd
												{
													OFFSET 1.936111 0.077685 -0.000070
													CHANNELS 3 Zrotation Yrotation Xrotation
													End Site
													{
														OFFSET 0.000000 0.000000 0.000000
													}
												}
											}
										}
									}
								}
								JOINT LeftHandPinky1
								{
									OFFSET 2.865499 -0.310004 -1.600378
									CHANNELS 3 Zrotation Yrotation Xrotation
									JOINT LeftHandPinky2
									{
										OFFSET 5.087854 -1.331142 -1.771231
										CHANNELS 3 Zrotation Yrotation Xrotation
										JOINT LeftHandPinky3
										{
											OFFSET 3.070975 0.000004 0.000001
											CHANNELS 3 Zrotation Yrotation Xrotation
											JOINT LeftHandPinky4
											{
												OFFSET 1.549667 -0.000001 -0.000000
												CHANNELS 3 Zrotation Yrotation Xrotation
												JOINT LeftHandPinkyEnd
												{
													OFFSET 1.944894 -0.157801 0.057219
													CHANNELS 3 Zrotation Yrotation Xrotation
													End Site
													{
														OFFSET 0.000000 0.000000 0.000000
													}
												}
											}
										}
									}
								}
							}
						}
					}
				}
				JOINT RightShoulder
				{
					OFFSET -1.380118 23.180309 5.214157
					CHANNELS 3 Zrotation Yrotation Xrotation
					JOINT RightArm
					{
						OFFSET -15.037197 0.000011 -5.545604
						CHANNELS 3 Zrotation Yrotation Xrotation
						JOINT RightForeArm
						{
							OFFSET -28.736639 0.000003 -0.002597
							CHANNELS 3 Zrotation Yrotation Xrotation
							JOINT RightHand
							{
								OFFSET -27.133619 0.000000 0.002613
								CHANNELS 3 Zrotation Yrotation Xrotation
								JOINT RightHandThumb1
								{
									OFFSET -2.274037 -1.383990 3.163127
									CHANNELS 3 Zrotation Yrotation Xrotation
									JOINT RightHandThumb2
									{
										OFFSET -4.011428 -1.827468 1.640914
										CHANNELS 3 Zrotation Yrotation Xrotation
										JOINT RightHandThumb3
										{
											OFFSET -2.794935 -0.000002 -0.000003
											CHANNELS 3 Zrotation Yrotation Xrotation
											JOINT RightHandThumbEnd
											{
												OFFSET -3.183856 0.000004 -0.000001
												CHANNELS 3 Zrotation Yrotation Xrotation
												End Site
												{
													OFFSET 0.000000 0.000000 0.000000
												}
											}
										}
									}
								}
								JOINT RightHandIndex1
								{
									OFFSET -3.253269 -0.520060 2.282866
									CHANNELS 3 Zrotation Yrotation Xrotation
									JOINT RightHandIndex2
									{
										OFFSET -6.341917 0.012472 0.178265
										CHANNELS 3 Zrotation Yrotation Xrotation
										JOINT RightHandIndex3
										{
											OFFSET -3.654875 -0.000009 -0.000000
											CHANNELS 3 Zrotation Yrotation Xrotation
											JOINT RightHandIndex4
											{
												OFFSET -2.327586 0.000000 0.000000
												CHANNELS 3 Zrotation Yrotation Xrotation
												JOINT RightHandIndexEnd
												{
													OFFSET -2.761789 -0.180657 -0.113079
													CHANNELS 3 Zrotation Yrotation Xrotation
													End Site
													{
														OFFSET 0.000000 0.000000 0.000000
													}
												}
											}
										}
									}
								}
								JOINT RightHandMiddle1
								{
									OFFSET -3.168106 0.246593 1.001030
									CHANNELS 3 Zrotation Yrotation Xrotation
									JOINT RightHandMiddle2
									{
										OFFSET -6.180830 -0.258835 -1.000896
										CHANNELS 3 Zrotation Yrotation Xrotation
										JOINT RightHandMiddle3
										{
											OFFSET -4.348905 -0.000001 -0.000000
											CHANNELS 3 Zrotation Yrotation Xrotation
											JOINT RightHandMiddle4
											{
												OFFSET -3.000243 -0.000004 -0.000003
												CHANNELS 3 Zrotation Yrotation Xrotation
												JOINT RightHandMiddleEnd
												{
													OFFSET -2.302517 -0.294370 -0.031707
													CHANNELS 3 Zrotation Yrotation Xrotation
													End Site
													{
														OFFSET 0.000000 0.000000 0.000000
													}
												}
											}
										}
									}
								}
								JOINT RightHandRing1
								{
									OFFSET -2.885693 -0.067953 -0.308858
									CHANNELS 3 Zrotation Yrotation Xrotation
									JOINT RightHandRing2
									{
										OFFSET -5.854198 -0.486132 -1.373732
										CHANNELS 3 Zrotation Yrotation Xrotation
										JOINT RightHandRing3
										{
											OFFSET -4.338813 -0.000004 -0.000001
											CHANNELS 3 Zrotation Yrotation Xrotation
											JOINT RightHandRing4
											{
												OFFSET -2.654905 -0.000004 0.000003
												CHANNELS 3 Zrotation Yrotation Xrotation
												JOINT RightHandRingEnd
												{
													OFFSET -1.933569 0.077523 -0.000052
													CHANNELS 3 Zrotation Yrotation Xrotation
													End Site
													{
														OFFSET 0.000000 0.000000 0.000000
													}
												}
											}
										}
									}
								}
								JOINT RightHandPinky1
								{
									OFFSET -2.866429 -0.342798 -1.584146
									CHANNELS 3 Zrotation Yrotation Xrotation
									JOINT RightHandPinky2
									{
										OFFSET -5.091370 -1.332054 -1.772385
										CHANNELS 3 Zrotation Yrotation Xrotation
										JOINT RightHandPinky3
										{
											OFFSET -3.062665 -0.000007 0.000000
											CHANNELS 3 Zrotation Yrotation Xrotation
											JOINT RightHandPinky4
											{
												OFFSET -1.546527 0.000007 -0.000003
												CHANNELS 3 Zrotation Yrotation Xrotation
												JOINT RightHandPinkyEnd
												{
													OFFSET -1.945122 -0.157721 0.057211
													CHANNELS 3 Zrotation Yrotation Xrotation
													End Site
													{
														OFFSET 0.000000 0.000000 0.000000
													}
												}
											}
										}
									}
								}
							}
						}
					}
				}
			}
		}
	}
	JOINT LeftLeg
	{
		OFFSET 10.043214 -8.434526 2.595655
		CHANNELS 3 Zrotation Yrotation Xrotation
		JOINT LeftShin
		{
			OFFSET -0.000001 -43.221752 -0.802913
			CHANNELS 3 Zrotation Yrotation Xrotation
			JOINT LeftFoot
			{
				OFFSET 0.000001 -42.155094 -3.481524
				CHANNELS 3 Zrotation Yrotation Xrotation
				JOINT LeftToeBase
				{
					OFFSET -0.000000 -5.059475 13.231529
					CHANNELS 3 Zrotation Yrotation Xrotation
					JOINT LeftToeEnd
					{
						OFFSET -0.009606 -1.647615 6.513017
						CHANNELS 3 Zrotation Yrotation Xrotation
						End Site
						{
							OFFSET 0.000000 0.000000 0.000000
						}
					}
				}
			}
		}
	}
	JOINT RightLeg
	{
		OFFSET -10.047277 -8.295259 2.620317
		CHANNELS 3 Zrotation Yrotation Xrotation
		JOINT RightShin
		{
			OFFSET -0.000000 -43.362209 -0.805555
			CHANNELS 3 Zrotation Yrotation Xrotation
			JOINT RightFoot
			{
				OFFSET 0.000002 -42.117393 -3.478399
				CHANNELS 3 Zrotation Yrotation Xrotation
				JOINT RightToeBase
				{
					OFFSET -0.000001 -5.079609 13.284198
					CHANNELS 3 Zrotation Yrotation Xrotation
					JOINT RightToeEnd
					{
						OFFSET 0.009532 -1.634384 6.460591
						CHANNELS 3 Zrotation Yrotation Xrotation
						End Site
						{
							OFFSET 0.000000 0.000000 0.000000
						}
					}
				}
			}
		}
	}
}
MOTION
Frames: 120
Frame Time: 0.033333
3.226517 90.623573 2.270530 2.898124 0.158203 5.780602 -1.473906 0.561689 2.050762 -1.057591 0.428757 -3.754732 -3.414484 -0.712000 12.376599 -4.262835 5.263159 9.300773 3.125556 12.394655 -3.101839 -4.406422 14.224524 -12.483127 0.000077 -0.000022 0.000006 0.013549 -0.067656 -0.037242 0.761940 -3.812277 -10.723617 -0.747407 3.691574 -10.681173 3.420575 -14.512845 8.997452 -22.118366 -29.256239 -52.014267 -177.531601 -74.819756 178.641922 3.865036 -7.570248 4.228453 -5.882102 9.861277 0.702589 -10.936859 -0.360574 7.156197 -0.000000 8.774813 -0.000002 -15.885319 17.513107 5.877099 -1.844030 2.498502 -2.507275 -10.163589 4.678937 4.621106 -20.975992 -0.000004 0.000004 -21.226250 2.451691 -3.593991 0.000001 -0.000007 -0.000002 -1.362680 2.240795 -0.746323 -21.334892 0.584909 3.008322 -13.821194 -0.000002 0.000003 -23.887129 -0.249077 -0.839481 -60.352875 2.600923 -1.645023 -0.294024 1.679687 0.833255 -14.218194 0.093215 1.300580 -34.211998 -0.287565 0.967169 -20.033176 0.964536 1.212840 -0.000000 0.000001 -0.000000 -3.440384 0.788231 0.501655 -15.928167 -3.167305 2.999705 -6.338817 0.000000 0.000003 -18.123411 3.648176 -4.905659 -0.000004 0.000001 -0.000001 -6.542741 14.390119 7.014163 55.633537 50.239445 -8.514879 -179.531464 45.178974 179.961578 10.577894 4.701595 12.433317 2.243540 -5.255033 -3.180155 14.282875 -0.826595 6.952496 -0.000001 -12.690591 0.000002 16.828886 -17.475758 2.331185 1.665663 -1.955920 -2.878296 4.727795 -4.170584 4.993918 11.020510 0.000002 -0.000001 12.109031 -3.735711 -2.866779 0.000000 -0.000000 -0.000000 1.291985 -1.928548 -1.498088 14.800107 0.567467 3.865604 14.242553 -1.341736 -6.660649 19.631935 0.143924 -0.648244 51.524712 -0.327987 -5.848127 0.353028 -1.511149 -0.031940 20.222767 3.684304 2.316628 18.787245 0.000002 -0.000000 10.751610 -0.479868 1.397904 0.000000 -0.000000 -0.000000 3.273804 0.305947 -0.580110 21.486790 11.830361 2.266132 8.162916 0.000001 0.000000 18.399050 -3.798982 -4.940567 0.000003 0.000000 -0.000001 13.156384 23.803255 -28.640022 -0.465012 -0.956322 40.407112 -18.711634 -5.844804 -9.244329 1.588390 -1.748871 -1.238289 0.000000 -0.000001 0.000002 -19.594765 -16.419479 -20.974251 0.311901 0.747842 43.528027 20.576284 0.432892 -22.566477 -1.424467 0.998240 -1.533365 -0.000000 0.000001 -0.000001 
3.229107 90.668068 2.592209 3.024547 0.276621 5.990057 -1.498083 0.578977 2.105338 -1.007193 0.415063 -3.740881 -3.467685 -0.776519 12.430991 -4.384096 5.247362 8.843972 3.116040 12.446696 -3.076417 -4.491586 14.404123 -12.259491 0.000077 -0.000022 0.000006 0.024012 -0.074526 -0.034204 0.766873 -3.812975 -10.732994 -0.731092 3.685241 -10.696781 3.605990 -14.678974 8.838302 -22.112108 -28.976816 -51.839043 -178.818375 -74.852638 179.899094 3.931906 -7.895526 4.133030 -5.882101 9.861277 0.702589 -10.936858 -0.360574 7.156196 0.000000 8.774812 -0.000000 -16.045349 17.511869 5.921305 -1.844033 2.498503 -2.507274 -10.163589 4.678939 4.621103 -20.975994 -0.000004 0.000003 -21.226255 2.451693 -3.593993 0.000000 -0.000006 -0.000000 -1.362681 2.240795 -0.746322 -21.334887 0.584910 3.008320 -13.821197 -0.000001 0.000002 -23.887133 -0.249079 -0.839481 -60.559013 2.496358 -1.530921 -0.294024 1.679685 0.833255 -14.218195 0.093214 1.300579 -34.212006 -0.287565 0.967171 -20.033180 0.964532 1.212843 -0.000000 0.000001 -0.000002 -3.440384 0.788232 0.501653 -15.928167 -3.167304 2.999703 -6.338818 0.000001 0.000001 -18.123415 3.648173 -4.905663 -0.000004 0.000002 -0.000001 -6.699536 14.412267 6.872833 55.495468 50.393913 -8.921884 -179.608887 44.983242 179.988434 10.666911 5.024795 12.023717 2.243540 -5.255033 -3.180156 14.282875 -0.826593 6.952495 -0.000001 -12.690591 0.000000 16.801567 -17.526663 2.386371 1.665665 -1.955920 -2.878296 4.727794 -4.170584 4.993918 11.020513 0.000003 -0.000001 12.109033 -3.735710 -2.866780 0.000000 -0.000000 -0.000000 1.291984 -1.928548 -1.498088 14.800109 0.567468 3.865601 14.242553 -1.341735 -6.660648 19.631939 0.143926 -0.648244 51.448265 -0.344730 -5.815633 0.353027 -1.511149 -0.031940 20.222767 3.684307 2.316628 18.787243 0.000004 -0.000001 10.751611 -0.479867 1.397904 0.000000 -0.000000 -0.000000 3.273802 0.305947 -0.580110 21.486788 11.830364 2.266130 8.162916 0.000000 -0.000001 18.399052 -3.798978 -4.940568 0.000003 -0.000000 -0.000001 13.035948 23.414156 -28.525513 -0.470645 -0.928527 40.130096 -18.614174 -5.416201 -9.524839 1.586180 -1.777111 -1.313786 0.000000 0.000000 0.000002 -19.719002 -16.561419 -20.788929 0.303141 0.777333 43.289600 20.866676 0.518881 -22.663042 -1.429999 0.997661 -1.759721 0.000000 0.000000 -0.000001 
3.399493 90.651360 3.105473 3.195795 0.368443 6.256991 -1.527388 0.588793 2.123486 -0.991904 0.379883 -3.758294 -3.511597 -0.845296 12.474523 -4.477292 5.254687 8.420752 3.096527 12.506570 -3.073056 -4.593114 14.516489 -12.065138 0.000076 -0.000022 0.000006 0.029205 -0.097575 -0.041475 0.767322 -3.859056 -10.766794 -0.718977 3.650584 -10.733851 3.801585 -14.854590 8.672001 -21.891157 -28.639357 -52.133533 -179.108932 -74.937172 -179.871872 3.944380 -8.045184 4.052363 -5.882099 9.861279 0.702591 -10.936858 -0.360576 7.156198 0.000001 8.774815 -0.000002 -16.026461 17.426498 5.938772 -1.844031 2.498501 -2.507274 -10.163591 4.678939 4.621104 -20.975996 -0.000003 0.000003 -21.226254 2.451693 -3.593995 0.000000 -0.000007 -0.000000 -1.362681 2.240798 -0.746323 -21.334892 0.584906 3.008318 -13.821197 -0.000001 0.000002 -23.887131 -0.249081 -0.839482 -60.665920 2.403594 -1.472801 -0.294025 1.679687 0.833255 -14.218192 0.093215 1.300579 -34.212002 -0.287566 0.967169 -20.033180 0.964533 1.212842 -0.000001 -0.000000 -0.000001 -3.440384 0.788232 0.501655 -15.928171 -3.167308 2.999704 -6.338817 -0.000002 0.000003 -18.123415 3.648176 -4.905662 -0.000004 0.000001 -0.000001 -6.872347 14.374790 6.595075 55.337376 50.519386 -9.250778 -179.614212 44.914150 -179.980804 10.517619 5.333904 11.621444 2.243540 -5.255032 -3.180155 14.282877 -0.826592 6.952496 -0.000003 -12.690588 -0.000000 16.724894 -17.623543 2.485179 1.665667 -1.955920 -2.878297 4.727793 -4.170582 4.993917 11.020514 0.000003 -0.000001 12.109031 -3.735708 -2.866779 0.000000 -0.000000 -0.000000 1.291983 -1.928547 -1.498088 14.800111 0.567469 3.865603 14.242553 -1.341734 -6.660647 19.631941 0.143927 -0.648243 51.294247 -0.432466 -5.851053 0.353028 -1.511149 -0.031940 20.222771 3.684308 2.316628 18.787245 0.000006 -0.000001 10.751610 -0.479867 1.397904 0.000000 0.000000 0.000000 3.273805 0.305947 -0.580110 21.486790 11.830365 2.266131 8.162917 0.000002 -0.000000 18.399054 -3.798977 -4.940567 0.000003 0.000000 -0.000001 12.776776 23.220856 -28.508347 -0.465661 -0.881648 40.217110 -18.447239 -5.253016 -10.080701 1.584063 -1.792732 -1.362206 0.000000 -0.000000 0.000002 -20.060043 -16.725864 -20.500956 0.320795 0.794487 43.012421 21.219530 0.626426 -22.803654 -1.426685 0.992930 -1.935237 0.000000 -0.000001 -0.000001 
3.412871 90.580330 3.367107 3.422546 0.411160 6.644420 -1.567745 0.583107 2.061852 -0.991179 0.324409 -3.783750 -3.538446 -0.941893 12.441847 -4.589527 5.257450 7.939661 3.031997 12.564091 -3.081974 -4.642426 14.571930 -11.886418 0.000077 -0.000023 0.000006 0.030159 -0.097109 -0.045746 0.755434 -3.838394 -10.773748 -0.713137 3.670735 -10.743229 3.880914 -15.049585 8.541077 -21.341604 -28.079473 -52.872894 -178.561935 -75.136642 179.487793 4.049910 -8.233830 3.966328 -5.882102 9.861281 0.702588 -10.936861 -0.360573 7.156195 0.000000 8.774813 -0.000002 -15.945272 17.350094 5.933990 -1.844032 2.498503 -2.507276 -10.163591 4.678939 4.621103 -20.975994 -0.000003 0.000002 -21.226254 2.451695 -3.593996 0.000000 -0.000008 -0.000002 -1.362680 2.240796 -0.746323 -21.334892 0.584908 3.008318 -13.821197 -0.000002 0.000002 -23.887131 -0.249079 -0.839482 -60.628868 2.372127 -1.490139 -0.294026 1.679685 0.833255 -14.218192 0.093217 1.300579 -34.212006 -0.287566 0.967167 -20.033180 0.964534 1.212841 -0.000000 0.000001 -0.000001 -3.440386 0.788233 0.501657 -15.928167 -3.167307 2.999703 -6.338818 -0.000002 0.000001 -18.123413 3.648177 -4.905663 -0.000004 0.000002 -0.000002 -7.002596 14.187250 6.243836 55.257988 50.757542 -9.610868 -179.756226 44.924530 179.942337 10.265654 5.565524 10.791588 2.243540 -5.255033 -3.180155 14.282875 -0.826593 6.952496 -0.000002 -12.690592 -0.000000 16.578312 -17.728273 2.629861 1.665666 -1.955920 -2.878297 4.727790 -4.170582 4.993917 11.020510 0.000003 -0.000001 12.109029 -3.735710 -2.866780 -0.000000 0.000000 0.000000 1.291985 -1.928548 -1.498089 14.800107 0.567468 3.865602 14.242551 -1.341734 -6.660651 19.631937 0.143927 -0.648244 51.155396 -0.494736 -5.827116 0.353027 -1.511149 -0.031940 20.222763 3.684306 2.316627 18.787245 0.000005 -0.000001 10.751610 -0.479868 1.397904 -0.000000 0.000000 0.000000 3.273803 0.305947 -0.580109 21.486788 11.830363 2.266131 8.162916 0.000002 0.000000 18.399050 -3.798979 -4.940567 0.000003 -0.000001 -0.000001 12.430836 23.218081 -28.777132 -0.449421 -0.824040 40.223358 -18.252558 -5.147387 -10.448065 1.583301 -1.777434 -1.372285 0.000000 0.000000 0.000002 -20.274696 -16.950550 -20.791098 0.337059 0.825453 43.232311 21.436581 0.672586 -23.034321 -1.420739 1.023607 -2.024832 -0.000000 -0.000000 -0.000001 
3.464327 90.541924 3.826086 3.653959 0.371728 7.152273 -1.600453 0.537667 1.888975 -0.982610 0.254936 -3.832603 -3.475514 -1.059069 12.313934 -4.742734 5.208923 7.358290 2.999017 12.680832 -3.057553 -4.707518 14.693254 -11.640898 0.000077 -0.000022 0.000006 0.014463 -0.047982 -0.043615 0.733934 -3.785907 -10.754179 -0.719495 3.688462 -10.731261 3.691411 -15.295539 8.491734 -20.458101 -27.303421 -54.055939 -177.340820 -75.573517 178.222702 4.322978 -8.418311 3.988707 -5.882099 9.861278 0.702591 -10.936857 -0.360577 7.156196 -0.000000 8.774814 -0.000001 -15.883030 17.309607 5.881337 -1.844031 2.498502 -2.507277 -10.163590 4.678941 4.621104 -20.975996 -0.000004 0.000003 -21.226254 2.451690 -3.593992 0.000000 -0.000006 -0.000001 -1.362679 2.240795 -0.746323 -21.334887 0.584908 3.008320 -13.821197 0.000001 0.000002 -23.887129 -0.249078 -0.839482 -60.515774 2.347924 -1.537007 -0.294024 1.679684 0.833255 -14.218194 0.093213 1.300581 -34.211998 -0.287564 0.967171 -20.033180 0.964533 1.212843 -0.000001 0.000001 -0.000000 -3.440384 0.788230 0.501656 -15.928167 -3.167306 2.999705 -6.338818 0.000000 0.000002 -18.123411 3.648177 -4.905661 -0.000004 0.000001 -0.000002 -6.966342 13.856699 5.990597 55.257381 51.122292 -9.667479 -179.950531 44.927856 179.778458 9.845652 5.629969 9.747868 2.243541 -5.255033 -3.180155 14.282877 -0.826594 6.952497 -0.000002 -12.690592 0.000000 16.469847 -17.791555 2.785342 1.665664 -1.955919 -2.878296 4.727796 -4.170583 4.993918 11.020512 0.000002 -0.000001 12.109030 -3.735711 -2.866779 0.000001 -0.000000 -0.000001 1.291981 -1.928547 -1.498088 14.800111 0.567466 3.865605 14.242553 -1.341736 -6.660648 19.631935 0.143924 -0.648243 51.092865 -0.482985 -5.717098 0.353030 -1.511149 -0.031940 20.222767 3.684305 2.316629 18.787247 0.000003 0.000000 10.751610 -0.479868 1.397904 0.000000 0.000000 0.000000 3.273805 0.305947 -0.580110 21.486790 11.830363 2.266132 8.162916 0.000002 0.000000 18.399054 -3.798981 -4.940567 0.000003 0.000000 -0.000001 12.050101 23.323481 -28.937925 -0.457863 -0.787454 40.095009 -18.062037 -4.944803 -10.972449 1.588291 -1.767839 -1.457360 0.000000 0.000000 0.000002 -20.520594 -17.285870 -20.994696 0.359311 0.858172 43.229832 21.710810 0.760018 -23.206903 -1.416110 1.068302 -2.123291 -0.000000 0.000001 -0.000001 
3.613564 90.605614 4.634819 3.850050 0.311784 7.782181 -1.555458 0.444034 1.575407 -0.951823 0.173543 -3.924347 -3.254436 -1.241540 12.017796 -4.939740 5.139006 6.725044 3.006024 12.828679 -3.021039 -4.796726 14.945788 -11.307919 0.000077 -0.000023 0.000006 0.000796 0.001480 -0.041649 0.719466 -3.729760 -10.748398 -0.736712 3.733978 -10.732777 3.196871 -15.589955 8.520361 -19.400160 -26.296019 -55.305523 -175.793518 -76.493965 176.702881 4.861144 -8.459412 4.122199 -5.882099 9.861278 0.702588 -10.936858 -0.360577 7.156197 0.000001 8.774815 -0.000001 -15.894076 17.192011 5.757259 -1.844028 2.498502 -2.507278 -10.163588 4.678939 4.621105 -20.975994 -0.000005 0.000003 -21.226248 2.451693 -3.593992 0.000000 -0.000006 0.000000 -1.362679 2.240796 -0.746325 -21.334892 0.584906 3.008318 -13.821198 -0.000001 0.000003 -23.887131 -0.249078 -0.839482 -60.399006 2.344279 -1.613238 -0.294025 1.679687 0.833255 -14.218194 0.093213 1.300579 -34.212002 -0.287565 0.967170 -20.033180 0.964533 1.212842 -0.000001 0.000001 -0.000000 -3.440387 0.788232 0.501655 -15.928167 -3.167310 2.999703 -6.338817 0.000000 0.000003 -18.123413 3.648176 -4.905662 -0.000004 -0.000000 -0.000002 -6.750514 13.533668 5.808636 55.430508 51.473137 -9.035571 179.860718 44.922359 179.593185 9.308682 5.406040 8.665546 2.243540 -5.255032 -3.180155 14.282873 -0.826592 6.952495 -0.000004 -12.690588 0.000000 16.500948 -17.795311 2.853303 1.665664 -1.955919 -2.878296 4.727792 -4.170582 4.993918 11.020510 0.000004 -0.000001 12.109030 -3.735708 -2.866779 0.000001 -0.000000 -0.000000 1.291986 -1.928548 -1.498088 14.800113 0.567469 3.865603 14.242553 -1.341733 -6.660648 19.631937 0.143927 -0.648244 51.104046 -0.447217 -5.567578 0.353029 -1.511150 -0.031940 20.222765 3.684308 2.316628 18.787243 0.000006 0.000001 10.751610 -0.479867 1.397904 -0.000000 0.000000 0.000000 3.273805 0.305947 -0.580110 21.486792 11.830364 2.266131 8.162918 0.000000 0.000000 18.399048 -3.798977 -4.940566 0.000003 -0.000001 -0.000001 11.681354 23.430370 -28.774799 -0.407299 -0.764308 39.665081 -17.872114 -4.674158 -11.630875 1.595580 -1.737643 -1.592017 -0.000000 0.000000 0.000002 -20.808838 -17.904348 -20.783306 0.411097 0.932382 42.601955 22.065050 0.951833 -23.186333 -1.415257 1.108143 -2.244609 -0.000000 -0.000000 -0.000001 
3.927446 90.785416 5.910941 3.966296 0.245286 8.452366 -1.368739 0.404784 1.149095 -0.864791 -0.002512 -4.052972 -2.846961 -1.520722 11.474294 -5.272778 5.200734 6.071646 3.094509 12.932959 -3.003601 -4.894425 15.310885 -10.758873 0.000077 -0.000024 0.000006 -0.010519 0.032295 -0.049405 0.732085 -3.676545 -10.756539 -0.768228 3.777652 -10.761316 2.440792 -15.704098 8.631510 -18.692307 -25.252630 -55.795876 -174.240295 -77.849274 175.244324 5.802649 -7.985373 4.663292 -5.882101 9.861280 0.702592 -10.936855 -0.360574 7.156198 0.000000 8.774813 0.000000 -15.835794 17.053659 5.671216 -1.844031 2.498503 -2.507275 -10.163589 4.678939 4.621104 -20.975992 -0.000004 0.000003 -21.226250 2.451689 -3.593992 0.000000 -0.000007 -0.000000 -1.362680 2.240797 -0.746322 -21.334888 0.584906 3.008320 -13.821194 -0.000002 0.000003 -23.887125 -0.249080 -0.839480 -60.366245 2.274526 -1.695695 -0.294025 1.679686 0.833255 -14.218190 0.093214 1.300581 -34.211998 -0.287562 0.967171 -20.033178 0.964537 1.212842 0.000000 0.000001 0.000000 -3.440386 0.788231 0.501654 -15.928165 -3.167303 2.999703 -6.338817 0.000002 0.000002 -18.123411 3.648175 -4.905659 -0.000004 0.000001 -0.000002 -6.359549 13.373834 5.643190 55.850143 51.787258 -7.518250 179.379776 44.917889 179.233200 8.734675 4.984601 7.454581 2.243541 -5.255033 -3.180156 14.282873 -0.826594 6.952497 -0.000002 -12.690591 -0.000000 16.664455 -17.791643 2.785711 1.665664 -1.955920 -2.878298 4.727793 -4.170583 4.993918 11.020508 0.000003 -0.000001 12.109029 -3.735710 -2.866780 -0.000000 -0.000000 -0.000001 1.291985 -1.928548 -1.498088 14.800111 0.567468 3.865603 14.242553 -1.341735 -6.660648 19.631939 0.143926 -0.648243 51.226074 -0.480065 -5.522564 0.353031 -1.511150 -0.031940 20.222767 3.684305 2.316628 18.787245 0.000003 0.000000 10.751610 -0.479869 1.397904 -0.000000 -0.000000 -0.000000 3.273804 0.305947 -0.580110 21.486788 11.830361 2.266132 8.162915 0.000000 0.000000 18.399050 -3.798979 -4.940566 0.000003 -0.000001 -0.000001 11.310472 23.608074 -28.392036 -0.382362 -0.748363 39.220734 -17.600718 -4.462701 -12.305824 1.610626 -1.713418 -1.927986 -0.000000 0.000000 0.000002 -21.168753 -19.028353 -19.849098 0.445188 1.083304 41.068771 22.617022 1.285718 -22.811998 -1.423792 1.147675 -2.463995 0.000000 -0.000001 -0.000001 
4.418487 90.905876 7.613961 4.006482 0.168062 8.967330 -1.001117 0.450684 0.719443 -0.694562 -0.179411 -4.142645 -2.177147 -1.801170 10.674427 -5.776319 5.381335 5.577608 3.143548 13.185045 -2.998788 -5.046090 15.573102 -9.911936 0.000077 -0.000023 0.000006 -0.015774 0.121589 -0.047991 0.759315 -3.611886 -10.763137 -0.805430 3.854173 -10.801817 1.747215 -15.244575 8.599652 -19.240244 -24.355793 -54.053070 -173.969940 -78.741776 174.819214 6.899172 -6.945507 5.974690 -5.882100 9.861278 0.702590 -10.936859 -0.360575 7.156197 0.000002 8.774812 -0.000002 -15.569972 16.960314 5.786492 -1.844031 2.498503 -2.507275 -10.163590 4.678938 4.621104 -20.975992 -0.000004 0.000004 -21.226255 2.451692 -3.593994 -0.000000 -0.000007 0.000000 -1.362682 2.240798 -0.746322 -21.334890 0.584906 3.008322 -13.821197 -0.000003 0.000003 -23.887131 -0.249079 -0.839479 -60.011822 2.279815 -1.748301 -0.294024 1.679686 0.833256 -14.218194 0.093215 1.300580 -34.212006 -0.287565 0.967170 -20.033180 0.964535 1.212841 -0.000000 0.000002 -0.000000 -3.440386 0.788234 0.501654 -15.928169 -3.167307 2.999703 -6.338819 -0.000003 0.000002 -18.123415 3.648174 -4.905660 -0.000004 0.000001 -0.000001 -6.208115 13.728894 5.588079 56.132351 52.155811 -5.837821 178.789062 44.958038 179.010788 8.223555 4.516924 6.354672 2.243540 -5.255032 -3.180156 14.282877 -0.826591 6.952497 -0.000003 -12.690590 -0.000002 16.798388 -17.690054 2.765493 1.665666 -1.955921 -2.878297 4.727794 -4.170582 4.993918 11.020513 0.000003 -0.000001 12.109030 -3.735709 -2.866779 0.000000 0.000000 -0.000000 1.291983 -1.928548 -1.498089 14.800113 0.567469 3.865604 14.242551 -1.341734 -6.660649 19.631937 0.143927 -0.648241 51.479702 -0.549677 -5.359808 0.353031 -1.511149 -0.031940 20.222771 3.684307 2.316629 18.787247 0.000006 0.000001 10.751610 -0.479866 1.397905 -0.000000 0.000000 -0.000000 3.273804 0.305947 -0.580111 21.486792 11.830364 2.266133 8.162916 0.000003 0.000000 18.399052 -3.798976 -4.940567 0.000003 0.000000 -0.000001 11.167735 23.758121 -27.618317 -0.402706 -0.768112 39.155365 -17.376955 -4.135613 -13.315903 1.654895 -1.765607 -2.181526 -0.000000 0.000000 0.000002 -21.762018 -20.467823 -18.187710 0.480992 1.246310 39.056866 23.421875 1.823645 -22.273439 -1.440005 1.120155 -2.594034 -0.000000 -0.000000 -0.000001 
5.128774 90.782852 9.638685 4.252746 0.064315 9.032576 -0.577505 0.685833 0.459432 -0.462719 -0.294623 -4.251279 -1.186666 -1.815265 9.853927 -6.986117 5.954674 5.419792 3.268038 13.326025 -2.916774 -5.107355 15.559238 -9.042948 0.000077 -0.000022 0.000006 -0.011220 0.171680 -0.018941 0.774540 -3.563049 -10.765772 -0.812082 3.899579 -10.822342 0.932167 -13.663742 8.775729 -21.374384 -24.324030 -50.008675 -173.746277 -78.363701 174.419983 7.132627 -5.893940 7.793576 -5.882100 9.861279 0.702591 -10.936858 -0.360575 7.156196 0.000002 8.774813 -0.000002 -14.972908 16.821005 6.075954 -1.844031 2.498502 -2.507276 -10.163589 4.678940 4.621106 -20.975994 -0.000004 0.000005 -21.226250 2.451693 -3.593992 0.000000 -0.000006 0.000000 -1.362680 2.240795 -0.746323 -21.334892 0.584909 3.008322 -13.821197 -0.000003 0.000002 -23.887129 -0.249079 -0.839479 -59.194473 2.226751 -1.509833 -0.294024 1.679685 0.833256 -14.218190 0.093214 1.300578 -34.212002 -0.287565 0.967171 -20.033178 0.964534 1.212841 -0.000000 0.000001 -0.000001 -3.440387 0.788231 0.501655 -15.928167 -3.167306 2.999704 -6.338817 -0.000002 0.000002 -18.123413 3.648177 -4.905659 -0.000004 0.000001 -0.000002 -6.565674 14.863901 5.546203 55.642773 52.620937 -4.528184 178.734848 45.031544 179.264404 7.642188 3.732977 5.198198 2.243538 -5.255032 -3.180154 14.282877 -0.826594 6.952497 -0.000003 -12.690591 0.000001 16.671946 -17.568331 2.857846 1.665664 -1.955919 -2.878297 4.727794 -4.170584 4.993919 11.020512 0.000003 -0.000001 12.109031 -3.735709 -2.866779 0.000000 0.000000 0.000000 1.291986 -1.928548 -1.498088 14.800111 0.567467 3.865603 14.242553 -1.341734 -6.660648 19.631939 0.143927 -0.648244 51.628262 -0.509523 -5.202496 0.353029 -1.511149 -0.031940 20.222769 3.684306 2.316628 18.787247 0.000004 0.000000 10.751610 -0.479868 1.397904 0.000000 0.000000 0.000000 3.273804 0.305947 -0.580110 21.486790 11.830361 2.266130 8.162917 0.000001 0.000000 18.399052 -3.798980 -4.940566 0.000003 -0.000001 -0.000001 10.830751 23.885513 -27.663807 -0.526343 -0.901264 41.972195 -17.326084 -3.356979 -13.518494 1.692675 -1.903120 -2.908567 -0.000000 0.000000 0.000002 -23.104284 -22.204283 -15.809990 0.499977 1.364520 37.154484 24.555820 2.660118 -21.794672 -1.447516 1.126222 -2.646101 -0.000000 0.000001 -0.000001 
5.992589 90.376701 11.774298 5.184797 0.083990 8.443371 -0.329845 1.070406 0.350037 -0.269879 0.046808 -4.389570 -0.382392 -1.437512 9.512907 -8.211498 6.652665 5.771998 3.323555 13.505533 -2.984389 -5.187176 15.108086 -7.712063 0.000077 -0.000022 0.000006 -0.005082 0.180787 -0.024246 0.782438 -3.566788 -10.779539 -0.810826 3.909342 -10.852866 -0.141288 -11.081615 9.229112 -25.096769 -25.147774 -43.087685 -175.428818 -75.636185 176.045639 5.706102 -5.021469 10.457418 -5.882099 9.861278 0.702589 -10.936858 -0.360574 7.156197 0.000002 8.774814 -0.000000 -14.741644 16.815411 6.256155 -1.844031 2.498502 -2.507277 -10.163589 4.678939 4.621103 -20.975992 -0.000004 0.000002 -21.226255 2.451692 -3.593993 0.000000 -0.000007 -0.000001 -1.362680 2.240796 -0.746323 -21.334892 0.584908 3.008320 -13.821195 -0.000003 0.000002 -23.887131 -0.249080 -0.839480 -58.664989 2.206088 -1.389820 -0.294024 1.679686 0.833255 -14.218190 0.093215 1.300580 -34.211998 -0.287563 0.967171 -20.033178 0.964536 1.212842 0.000000 0.000002 0.000001 -3.440386 0.788231 0.501657 -15.928165 -3.167305 2.999705 -6.338817 -0.000002 0.000002 -18.123411 3.648177 -4.905659 -0.000004 0.000001 -0.000002 -7.360121 16.678699 5.339226 54.393570 53.505245 -3.982138 179.085754 45.142517 179.729126 6.673627 2.706077 3.671381 2.243541 -5.255033 -3.180156 14.282877 -0.826593 6.952494 -0.000002 -12.690590 -0.000001 16.574663 -17.410084 3.029926 1.665666 -1.955920 -2.878296 4.727794 -4.170583 4.993918 11.020512 0.000003 -0.000002 12.109034 -3.735710 -2.866779 0.000001 0.000000 0.000001 1.291986 -1.928548 -1.498090 14.800114 0.567468 3.865604 14.242554 -1.341734 -6.660649 19.631941 0.143927 -0.648243 51.581226 -0.414776 -5.078057 0.353028 -1.511149 -0.031941 20.222769 3.684307 2.316627 18.787245 0.000005 -0.000001 10.751611 -0.479867 1.397904 0.000000 0.000000 -0.000000 3.273805 0.305946 -0.580110 21.486794 11.830365 2.266130 8.162916 0.000003 -0.000001 18.399052 -3.798979 -4.940568 0.000003 -0.000001 -0.000001 10.145288 24.494297 -29.830334 -0.861497 -1.067050 50.125874 -16.207819 -3.766866 -10.147648 1.782901 -2.115894 -5.172952 0.000000 0.000000 0.000002 -25.954165 -23.804241 -12.604339 0.473952 1.387864 35.771999 26.088030 3.624028 -21.301702 -1.458241 1.085992 -2.597379 -0.000000 0.000001 -0.000001 
6.847510 89.424858 13.951338 6.905687 0.716373 6.935334 -0.184025 1.503880 0.702101 -0.177334 0.763621 -4.383446 -0.089037 -0.472189 9.786611 -9.061743 7.306677 6.586905 3.270927 12.858132 -3.103089 -5.121540 14.333151 -6.472517 0.000077 -0.000023 0.000006 0.000030 0.111710 -0.036068 0.766786 -3.646053 -10.835711 -0.781529 3.856650 -10.900714 -1.691648 -8.065310 10.111783 -30.495028 -26.129198 -34.487305 -176.354309 -70.499840 176.734268 2.126301 -4.366846 13.319578 -5.882101 9.861279 0.702590 -10.936858 -0.360576 7.156197 0.000001 8.774813 -0.000002 -14.754509 16.942936 6.287797 -1.844031 2.498504 -2.507276 -10.163589 4.678940 4.621104 -20.975996 -0.000003 0.000001 -21.226255 2.451694 -3.593996 0.000001 -0.000005 -0.000000 -1.362682 2.240798 -0.746323 -21.334887 0.584910 3.008320 -13.821197 -0.000003 0.000002 -23.887133 -0.249079 -0.839482 -58.893543 2.306388 -1.251500 -0.294024 1.679686 0.833255 -14.218194 0.093214 1.300579 -34.212002 -0.287564 0.967170 -20.033176 0.964535 1.212843 -0.000000 0.000003 -0.000002 -3.440385 0.788232 0.501656 -15.928167 -3.167306 2.999705 -6.338817 -0.000002 0.000002 -18.123415 3.648176 -4.905661 -0.000005 0.000001 -0.000002 -8.449469 18.824741 5.279914 51.131374 55.456234 -5.523091 179.090744 45.466419 179.901291 6.346120 1.592379 0.985864 2.243540 -5.255033 -3.180155 14.282881 -0.826594 6.952497 -0.000003 -12.690591 0.000000 16.489094 -17.470272 3.174941 1.665665 -1.955921 -2.878297 4.727798 -4.170584 4.993918 11.020513 0.000003 -0.000001 12.109035 -3.735710 -2.866780 0.000000 0.000001 -0.000001 1.291984 -1.928548 -1.498087 14.800113 0.567468 3.865602 14.242556 -1.341734 -6.660648 19.631941 0.143924 -0.648243 51.533611 -0.260277 -4.956011 0.353027 -1.511149 -0.031941 20.222773 3.684304 2.316629 18.787247 0.000005 -0.000000 10.751612 -0.479868 1.397904 -0.000000 -0.000000 -0.000000 3.273802 0.305946 -0.580109 21.486794 11.830366 2.266132 8.162917 -0.000000 0.000000 18.399055 -3.798979 -4.940568 0.000003 -0.000001 -0.000001 9.257764 25.435997 -34.919456 -1.113987 -0.876387 62.856007 -12.657765 -5.388047 -1.025106 1.873134 -2.065053 -7.276710 0.000000 0.000001 0.000002 -30.348833 -24.632599 -8.848383 0.466408 1.495082 36.485001 27.608749 4.804986 -21.524998 -1.440025 1.057990 -2.258212 -0.000000 -0.000001 -0.000001 
7.779095 87.523880 16.252743 8.631629 1.826968 5.187123 0.155061 1.956766 1.140797 -0.085933 1.780956 -4.113081 0.074637 1.074463 10.350381 -9.477696 7.870490 7.770468 3.118980 11.776501 -3.216767 -5.171155 13.021972 -6.286283 0.000077 -0.000022 0.000006 0.001867 0.080749 -0.021148 0.725245 -3.674124 -10.811896 -0.736279 3.825831 -10.865309 -3.768501 -4.808939 11.402388 -36.973156 -26.068989 -26.175907 -176.432587 -64.017830 176.792419 -2.025056 -3.181965 15.354042 -5.882101 9.861277 0.702589 -10.936858 -0.360574 7.156198 0.000000 8.774814 -0.000001 -14.875162 17.076559 6.080966 -1.844032 2.498501 -2.507274 -10.163589 4.678939 4.621105 -20.975996 -0.000004 0.000003 -21.226257 2.451694 -3.593994 0.000002 -0.000007 0.000000 -1.362680 2.240796 -0.746322 -21.334896 0.584908 3.008321 -13.821197 -0.000002 0.000002 -23.887131 -0.249077 -0.839481 -59.395996 2.402391 -1.356321 -0.294023 1.679686 0.833255 -14.218194 0.093215 1.300578 -34.212002 -0.287566 0.967169 -20.033176 0.964534 1.212842 0.000003 0.000000 0.000000 -3.440386 0.788232 0.501656 -15.928169 -3.167306 2.999703 -6.338817 -0.000001 0.000001 -18.123415 3.648176 -4.905661 -0.000003 -0.000000 -0.000002 -10.213942 21.024218 5.006710 45.066730 58.660252 -9.341315 178.381042 46.482235 179.790161 6.839505 0.781398 -2.830355 2.243537 -5.255032 -3.180155 14.282877 -0.826593 6.952497 -0.000002 -12.690587 -0.000001 16.491217 -17.282017 2.973317 1.665667 -1.955920 -2.878296 4.727790 -4.170582 4.993919 11.020511 0.000003 -0.000001 12.109031 -3.735709 -2.866779 -0.000000 0.000001 -0.000000 1.291982 -1.928547 -1.498086 14.800114 0.567469 3.865605 14.242553 -1.341735 -6.660648 19.631939 0.143924 -0.648243 51.046490 0.080012 -4.900472 0.353029 -1.511151 -0.031942 20.222767 3.684306 2.316628 18.787245 0.000004 0.000000 10.751611 -0.479867 1.397905 0.000000 -0.000002 -0.000000 3.273806 0.305945 -0.580110 21.486790 11.830360 2.266131 8.162916 0.000000 0.000000 18.399052 -3.798978 -4.940566 0.000003 0.000000 -0.000001 8.807630 26.358688 -40.892635 -1.321981 -0.724115 70.342499 -14.041478 -8.753915 5.187891 1.855815 -2.072844 -5.183617 0.000000 0.000000 0.000003 -35.245415 -24.400442 -5.503169 0.485883 1.576094 39.795902 29.072689 7.088119 -22.803156 -1.425092 1.019813 -2.012887 0.000000 0.000000 -0.000001 
8.703046 85.088005 18.649200 9.926437 3.124396 4.010777 0.701780 2.397698 1.522815 0.054873 2.958960 -3.785620 0.113434 2.675264 11.104730 -9.799011 8.136864 8.519333 3.068508 10.581566 -3.398935 -5.134817 11.465679 -6.870121 0.000077 -0.000025 0.000006 0.010126 0.060490 -0.016837 0.736984 -3.707337 -10.809819 -0.731742 3.825277 -10.834633 -6.194612 -1.414607 12.695103 -42.177837 -24.258774 -21.045879 -175.974579 -57.356422 176.737686 -4.383692 -1.881845 16.183567 -5.882102 9.861279 0.702590 -10.936858 -0.360575 7.156196 -0.000000 8.774815 -0.000001 -15.226902 17.228304 5.774738 -1.844031 2.498502 -2.507276 -10.163589 4.678940 4.621103 -20.975996 -0.000001 0.000000 -21.226255 2.451691 -3.593996 -0.000000 -0.000006 0.000001 -1.362679 2.240795 -0.746324 -21.334892 0.584911 3.008319 -13.821197 -0.000003 0.000001 -23.887131 -0.249078 -0.839483 -59.323986 2.492733 -1.616751 -0.294025 1.679686 0.833254 -14.218194 0.093216 1.300579 -34.212006 -0.287560 0.967166 -20.033180 0.964537 1.212838 0.000001 -0.000000 0.000001 -3.440386 0.788232 0.501655 -15.928165 -3.167305 2.999702 -6.338817 -0.000001 0.000001 -18.123415 3.648178 -4.905664 -0.000003 0.000001 -0.000002 -12.222452 23.107101 5.037367 34.864307 62.288925 -16.266821 178.177429 48.532970 179.732193 7.371612 0.203666 -6.181695 2.243540 -5.255032 -3.180154 14.282875 -0.826595 6.952496 -0.000001 -12.690586 -0.000000 16.192858 -16.652676 2.651325 1.665664 -1.955920 -2.878297 4.727793 -4.170582 4.993918 11.020513 0.000003 -0.000001 12.109033 -3.735709 -2.866779 0.000000 -0.000002 0.000000 1.291982 -1.928546 -1.498090 14.800114 0.567469 3.865602 14.242554 -1.341733 -6.660648 19.631941 0.143927 -0.648244 50.031616 0.364484 -5.013259 0.353030 -1.511150 -0.031940 20.222769 3.684305 2.316627 18.787245 0.000005 -0.000001 10.751610 -0.479866 1.397904 0.000000 0.000000 -0.000000 3.273805 0.305947 -0.580112 21.486792 11.830363 2.266132 8.162916 0.000003 0.000000 18.399052 -3.798976 -4.940567 0.000003 0.000002 -0.000001 8.226900 26.734970 -46.784012 -1.609304 -0.971650 67.191490 -18.025690 -9.269264 7.736324 1.819766 -2.130244 -4.238079 0.000001 -0.000000 0.000003 -39.587612 -23.865313 -2.649490 0.671979 1.699527 43.555523 30.383320 9.325216 -24.705404 -1.432904 0.960574 -1.838049 0.000000 0.000001 -0.000001 
9.840745 82.631958 21.234823 10.749038 3.837936 3.389272 1.429087 2.675214 1.996898 0.208679 4.333243 -3.721476 -0.163363 4.422203 12.004488 -9.847642 8.322923 8.825427 2.869088 8.794597 -3.630659 -4.539930 10.148407 -7.375998 0.000077 -0.000024 0.000006 0.031883 -0.025106 -0.050416 0.746794 -3.810042 -10.837693 -0.698600 3.759124 -10.836442 -8.311274 2.015730 13.522267 -45.642200 -20.738220 -19.033422 -174.835693 -50.950607 176.228119 -4.915871 -0.864734 14.978375 -5.882102 9.861280 0.702589 -10.936860 -0.360574 7.156196 -0.000000 8.774813 -0.000002 -15.186050 17.270889 5.520001 -1.844030 2.498502 -2.507276 -10.163591 4.678939 4.621106 -20.975996 -0.000002 0.000001 -21.226257 2.451693 -3.593996 0.000000 -0.000006 0.000000 -1.362680 2.240797 -0.746322 -21.334887 0.584911 3.008321 -13.821197 -0.000001 0.000002 -23.887131 -0.249078 -0.839484 -58.507481 2.708949 -1.678514 -0.294024 1.679686 0.833253 -14.218192 0.093217 1.300579 -34.212006 -0.287561 0.967166 -20.033184 0.964536 1.212839 0.000001 0.000000 0.000000 -3.440387 0.788234 0.501656 -15.928169 -3.167305 2.999704 -6.338817 0.000000 0.000001 -18.123413 3.648178 -4.905663 -0.000003 -0.000000 -0.000002 -14.506619 25.083109 5.341071 22.708918 64.424706 -25.676712 179.262817 51.655922 -179.981171 7.240029 0.030285 -7.795754 2.243540 -5.255033 -3.180156 14.282875 -0.826592 6.952495 -0.000004 -12.690592 0.000001 16.285128 -16.429932 2.517721 1.665666 -1.955918 -2.878297 4.727791 -4.170584 4.993919 11.020513 0.000004 -0.000000 12.109029 -3.735712 -2.866779 -0.000000 0.000000 0.000000 1.291983 -1.928548 -1.498088 14.800109 0.567470 3.865604 14.242551 -1.341733 -6.660648 19.631937 0.143926 -0.648241 49.410988 0.306412 -5.198236 0.353029 -1.511151 -0.031939 20.222773 3.684309 2.316629 18.787245 0.000004 0.000001 10.751610 -0.479865 1.397905 -0.000000 0.000003 0.000000 3.273805 0.305947 -0.580110 21.486792 11.830362 2.266132 8.162917 0.000003 0.000000 18.399054 -3.798978 -4.940566 0.000003 0.000003 -0.000000 8.251644 26.051178 -49.917965 -1.665847 -1.426974 52.412785 -20.446924 -5.710253 9.443578 1.776359 -2.132144 -2.750334 0.000000 -0.000000 0.000002 -43.056744 -22.724684 -0.127753 0.914176 1.859737 46.048576 31.636875 10.498161 -26.375090 -1.445919 0.834236 -2.022970 0.000000 -0.000001 -0.000001 
11.670062 80.623703 24.550714 11.061843 3.209186 3.043445 2.300597 2.782922 2.327203 0.185336 6.184605 -3.827622 -0.675590 5.954707 12.642066 -9.590742 8.543903 9.443803 2.457400 7.577456 -3.792942 -3.748949 8.970323 -7.834673 0.000077 -0.000025 0.000006 0.049763 -0.043652 -0.056718 0.749805 -3.837396 -10.845451 -0.656785 3.731714 -10.810892 -8.722166 5.233712 13.908542 -47.596882 -16.719267 -18.547667 -174.652115 -45.431744 176.362503 -5.724851 -0.095397 13.126390 -5.882101 9.861279 0.702589 -10.936858 -0.360576 7.156197 0.000000 8.774814 -0.000002 -15.002281 17.022936 5.368229 -1.844031 2.498501 -2.507274 -10.163589 4.678938 4.621105 -20.975994 -0.000003 0.000004 -21.226248 2.451693 -3.593992 0.000002 -0.000005 0.000000 -1.362681 2.240796 -0.746323 -21.334887 0.584908 3.008320 -13.821197 -0.000001 0.000003 -23.887131 -0.249079 -0.839479 -58.240295 2.584060 -1.469737 -0.294024 1.679686 0.833256 -14.218190 0.093214 1.300579 -34.212006 -0.287563 0.967172 -20.033178 0.964535 1.212843 0.000001 0.000000 0.000000 -3.440384 0.788234 0.501655 -15.928165 -3.167308 2.999705 -6.338817 -0.000001 0.000001 -18.123415 3.648176 -4.905660 -0.000003 0.000001 -0.000001 -17.556246 26.907488 4.976097 16.299463 64.325188 -31.761641 -178.308197 54.614094 -178.870422 7.034152 -0.425112 -6.993453 2.243541 -5.255033 -3.180156 14.282871 -0.826592 6.952494 -0.000000 -12.690592 0.000000 16.575367 -16.670628 2.647581 1.665663 -1.955919 -2.878295 4.727792 -4.170583 4.993919 11.020512 0.000004 -0.000001 12.109030 -3.735710 -2.866780 0.000000 0.000000 0.000000 1.291984 -1.928545 -1.498089 14.800113 0.567468 3.865602 14.242551 -1.341734 -6.660650 19.631939 0.143927 -0.648244 49.479027 -0.118897 -5.314929 0.353030 -1.511148 -0.031939 20.222765 3.684307 2.316628 18.787243 0.000002 -0.000000 10.751610 -0.479868 1.397904 -0.000000 0.000000 0.000000 3.273803 0.305947 -0.580110 21.486788 11.830363 2.266129 8.162916 0.000003 -0.000000 18.399054 -3.798981 -4.940567 0.000003 0.000002 -0.000001 11.710511 23.474812 -46.765232 -1.413372 -1.870981 28.097584 -22.639965 -0.497330 8.449620 1.685039 -2.012597 -2.158204 0.000000 0.000001 0.000003 -45.572563 -20.565109 2.973181 1.023690 2.213858 44.681622 33.752136 10.352229 -27.174286 -1.456816 0.694614 -2.134475 0.000000 0.000000 -0.000001 
14.728989 79.013733 28.900558 10.768515 0.375758 3.198978 2.988623 3.014512 1.915539 0.210465 7.760963 -3.859710 -1.118762 7.180502 12.627912 -9.405045 8.677315 10.262110 2.059088 7.878269 -3.757102 -3.078180 8.344282 -8.104948 0.000077 -0.000025 0.000006 0.057047 0.013490 -0.018012 0.737403 -3.780975 -10.846925 -0.631120 3.767448 -10.810666 -7.643707 7.859946 14.286365 -47.324341 -13.107005 -19.260319 -175.580551 -40.461723 177.268387 -7.170708 0.032326 10.660813 -5.882101 9.861279 0.702589 -10.936859 -0.360574 7.156197 0.000000 8.774814 -0.000001 -14.998821 16.995539 5.628688 -1.844030 2.498502 -2.507275 -10.163589 4.678940 4.621104 -20.975996 -0.000004 0.000002 -21.226254 2.451694 -3.593995 0.000000 -0.000004 0.000000 -1.362680 2.240797 -0.746323 -21.334890 0.584909 3.008319 -13.821197 -0.000003 0.000001 -23.887131 -0.249080 -0.839481 -59.282227 2.355180 -1.284629 -0.294023 1.679686 0.833256 -14.218194 0.093214 1.300578 -34.211998 -0.287565 0.967168 -20.033180 0.964534 1.212841 0.000001 0.000001 -0.000000 -3.440385 0.788233 0.501655 -15.928169 -3.167306 2.999704 -6.338817 0.000000 0.000000 -18.123415 3.648177 -4.905663 -0.000003 0.000001 -0.000001 -20.355021 28.187559 4.172378 17.812031 63.487637 -31.742462 -177.044144 55.706757 -178.559784 6.491877 -1.277766 -5.030645 2.243540 -5.255033 -3.180155 14.282877 -0.826593 6.952495 -0.000002 -12.690593 0.000002 16.033796 -16.490871 2.889580 1.665665 -1.955919 -2.878298 4.727791 -4.170581 4.993918 11.020511 0.000005 0.000000 12.109032 -3.735709 -2.866778 0.000000 -0.000001 0.000000 1.291984 -1.928549 -1.498088 14.800111 0.567469 3.865603 14.242553 -1.341735 -6.660647 19.631939 0.143924 -0.648243 49.084690 -0.335943 -5.231120 0.353028 -1.511152 -0.031940 20.222767 3.684308 2.316627 18.787245 0.000006 0.000001 10.751610 -0.479866 1.397904 -0.000000 0.000001 0.000000 3.273804 0.305949 -0.580110 21.486790 11.830363 2.266131 8.162917 0.000002 0.000000 18.399054 -3.798980 -4.940566 0.000003 0.000002 -0.000000 17.623043 20.702450 -40.192505 -1.059962 -2.337230 6.094625 -24.676222 8.449280 2.348554 1.647069 -1.973311 -2.285166 0.000000 0.000000 0.000002 -47.501862 -17.514284 6.573194 1.063705 2.649726 37.806595 37.038746 9.087642 -26.521349 -1.472071 0.691462 -1.928632 -0.000000 -0.000000 -0.000001 
18.730930 77.786453 33.677452 10.020686 -3.357472 4.060700 3.400573 3.182927 1.189315 0.369906 8.282144 -3.956908 -1.752446 8.247437 12.010683 -9.761336 8.880012 10.458222 2.131480 8.487701 -3.781896 -2.139629 8.565219 -8.414375 0.000077 -0.000025 0.000006 0.039937 -0.189318 0.015030 0.750188 -3.950148 -10.854243 -0.673166 3.531882 -10.817570 -5.195568 8.606421 14.163550 -44.674564 -10.366019 -21.569881 -177.037079 -36.014515 178.166000 -9.467283 -1.421232 7.243855 -5.882099 9.861278 0.702591 -10.936859 -0.360575 7.156198 0.000002 8.774813 0.000000 -15.181963 17.167362 5.696047 -1.844029 2.498501 -2.507277 -10.163589 4.678937 4.621106 -20.975992 -0.000005 0.000004 -21.226250 2.451690 -3.593990 0.000000 -0.000006 0.000000 -1.362681 2.240795 -0.746322 -21.334894 0.584907 3.008322 -13.821197 -0.000004 0.000003 -23.887125 -0.249080 -0.839477 -60.083893 2.371735 -1.259542 -0.294024 1.679685 0.833256 -14.218192 0.093213 1.300581 -34.211998 -0.287566 0.967173 -20.033176 0.964536 1.212844 0.000001 0.000001 0.000001 -3.440385 0.788233 0.501656 -15.928167 -3.167305 2.999703 -6.338815 -0.000003 0.000001 -18.123411 3.648174 -4.905658 -0.000003 -0.000000 -0.000002 -22.798000 27.327986 3.532112 28.705101 62.715641 -24.567774 -178.593094 53.616016 179.361603 5.298095 -2.560606 -4.540254 2.243541 -5.255033 -3.180155 14.282877 -0.826594 6.952494 -0.000002 -12.690590 0.000000 15.604994 -15.964489 2.837160 1.665665 -1.955918 -2.878296 4.727792 -4.170582 4.993918 11.020513 0.000007 -0.000001 12.109034 -3.735708 -2.866778 0.000000 -0.000001 0.000001 1.291987 -1.928548 -1.498087 14.800113 0.567469 3.865602 14.242554 -1.341734 -6.660650 19.631939 0.143926 -0.648244 48.608513 -0.023019 -5.266226 0.353031 -1.511149 -0.031939 20.222769 3.684307 2.316627 18.787245 0.000005 -0.000001 10.751609 -0.479866 1.397903 -0.000000 0.000003 0.000000 3.273805 0.305949 -0.580110 21.486792 11.830368 2.266129 8.162916 0.000001 -0.000001 18.399057 -3.798976 -4.940570 0.000003 0.000000 -0.000001 19.774433 22.697104 -37.183853 -1.088151 -2.413035 -2.941833 -27.590092 13.712621 -3.015441 1.503663 -1.971958 -2.870503 -0.000000 0.000000 0.000001 -49.161575 -14.269276 10.052279 1.128312 3.156213 27.977449 40.801689 6.463994 -22.384813 -1.449321 0.726338 -2.995533 -0.000000 -0.000000 -0.000001 
23.321133 77.746460 38.237858 8.139133 -7.371006 4.974531 3.959544 3.169899 0.640444 0.527118 8.135606 -3.980638 -1.241494 8.086360 11.390775 -10.443253 9.386811 10.095383 2.322937 9.073118 -3.717364 -1.779315 9.816725 -8.312904 0.000077 -0.000022 0.000006 0.003763 -0.265624 0.071562 0.770748 -3.980616 -10.848313 -0.770050 3.418612 -10.828778 -3.199450 7.994691 13.066173 -40.693237 -9.659892 -25.018518 -178.815262 -33.573040 178.998901 -10.975020 -2.852328 5.223357 -5.882102 9.861277 0.702590 -10.936859 -0.360575 7.156196 0.000001 8.774810 -0.000000 -15.290660 17.204941 5.502094 -1.844031 2.498503 -2.507277 -10.163590 4.678940 4.621104 -20.975998 -0.000004 0.000002 -21.226257 2.451690 -3.593993 -0.000001 -0.000005 -0.000000 -1.362681 2.240797 -0.746323 -21.334892 0.584906 3.008320 -13.821197 -0.000005 0.000002 -23.887129 -0.249080 -0.839480 -59.388794 2.406753 -1.471335 -0.294024 1.679687 0.833256 -14.218194 0.093215 1.300579 -34.212006 -0.287565 0.967169 -20.033180 0.964533 1.212842 -0.000000 0.000002 -0.000001 -3.440384 0.788234 0.501655 -15.928167 -3.167308 2.999703 -6.338816 -0.000002 0.000001 -18.123413 3.648175 -4.905660 -0.000003 0.000001 -0.000002 -23.364876 25.475853 3.714500 43.640923 59.506054 -10.768077 -179.533600 48.809971 178.283722 2.907555 -3.436813 -2.913807 2.243540 -5.255033 -3.180156 14.282878 -0.826593 6.952497 -0.000001 -12.690587 0.000002 15.284636 -16.155693 2.877703 1.665664 -1.955919 -2.878296 4.727793 -4.170582 4.993917 11.020514 0.000001 0.000001 12.109034 -3.735711 -2.866777 0.000000 0.000001 0.000000 1.291984 -1.928546 -1.498089 14.800114 0.567468 3.865606 14.242553 -1.341737 -6.660649 19.631939 0.143923 -0.648244 48.815807 0.370873 -5.460913 0.353027 -1.511149 -0.031939 20.222765 3.684304 2.316629 18.787247 0.000004 0.000001 10.751611 -0.479867 1.397904 0.000000 0.000001 0.000000 3.273806 0.305947 -0.580109 21.486792 11.830363 2.266133 8.162918 0.000001 0.000000 18.399054 -3.798980 -4.940566 0.000003 0.000001 -0.000000 18.364990 27.763945 -36.517586 -1.626460 -2.477015 -0.966323 -31.383396 12.521017 -1.954349 1.462927 -2.025911 -4.271917 -0.000000 0.000000 0.000000 -49.924252 -12.672125 11.382554 1.089652 3.549916 20.115625 41.695328 1.237642 -15.215039 -1.470594 0.888249 -5.386534 0.000000 0.000000 -0.000001 
28.079227 78.525780 42.169479 5.784544 -12.501812 6.031689 3.772841 3.142442 0.482623 0.694508 6.700897 -4.106621 0.074884 7.005307 11.305247 -10.806749 9.355719 8.663471 2.723396 10.589550 -3.603249 -1.908106 12.064119 -6.577306 0.000076 -0.000021 0.000006 -0.033196 -0.055802 0.034523 0.748370 -3.784595 -10.797749 -0.821028 3.647432 -10.828807 -3.170349 6.379737 11.149766 -32.833763 -9.528712 -31.651123 178.070938 -34.603226 -179.164810 -9.680861 -4.303177 3.051224 -5.882102 9.861277 0.702588 -10.936861 -0.360576 7.156196 0.000001 8.774815 -0.000001 -15.311483 17.094782 5.980925 -1.844032 2.498503 -2.507275 -10.163589 4.678937 4.621102 -20.975998 -0.000002 0.000000 -21.226255 2.451691 -3.593995 0.000001 -0.000007 -0.000001 -1.362680 2.240798 -0.746323 -21.334896 0.584909 3.008318 -13.821197 -0.000003 0.000001 -23.887133 -0.249080 -0.839485 -60.226200 2.609778 -1.096951 -0.294024 1.679685 0.833255 -14.218195 0.093214 1.300578 -34.212006 -0.287565 0.967166 -20.033180 0.964533 1.212842 -0.000001 0.000002 -0.000000 -3.440386 0.788231 0.501654 -15.928169 -3.167304 2.999701 -6.338817 0.000000 0.000000 -18.123417 3.648173 -4.905664 -0.000003 0.000001 -0.000002 -20.699356 24.393377 3.948919 51.070213 53.945602 -1.667295 179.812988 44.918823 178.371460 1.468354 -2.535987 0.019691 2.243539 -5.255033 -3.180157 14.282877 -0.826591 6.952496 -0.000002 -12.690587 0.000000 15.469944 -16.655235 2.858559 1.665664 -1.955919 -2.878297 4.727796 -4.170582 4.993917 11.020513 0.000004 -0.000001 12.109035 -3.735708 -2.866779 0.000001 0.000001 0.000001 1.291984 -1.928548 -1.498090 14.800113 0.567468 3.865605 14.242553 -1.341734 -6.660648 19.631939 0.143925 -0.648242 49.152206 0.354088 -5.293608 0.353029 -1.511150 -0.031939 20.222771 3.684306 2.316629 18.787249 0.000003 -0.000000 10.751612 -0.479866 1.397905 0.000000 0.000001 0.000000 3.273807 0.305946 -0.580110 21.486794 11.830362 2.266132 8.162917 0.000001 -0.000000 18.399052 -3.798980 -4.940567 0.000003 -0.000001 -0.000001 17.491621 32.814484 -38.010696 -1.958526 -2.944684 8.165966 -32.342678 10.201240 12.044340 1.595683 -2.107961 -4.415531 0.000000 0.000000 0.000003 -49.461117 -13.452369 7.453483 1.079546 4.198804 18.877131 36.595009 -5.564909 -6.755320 -1.560358 0.992615 -7.057581 -0.000000 0.000002 -0.000002 
32.887699 78.916046 45.590271 3.333326 -17.273159 5.612723 3.319087 2.612573 1.728943 0.756973 4.937685 -3.742234 1.628534 5.599567 11.666850 -9.916683 8.401792 7.639386 2.971429 12.208046 -3.479145 -2.395320 14.415614 -4.551752 0.000077 -0.000021 0.000006 -0.030776 0.048817 -0.078317 0.738537 -3.681782 -10.792900 -0.797308 3.738158 -10.894991 -3.522874 1.739787 10.616706 -19.685785 -7.343245 -41.373470 173.887573 -42.037941 -177.108948 -5.067423 -5.238764 0.713562 -5.882101 9.861280 0.702589 -10.936859 -0.360577 7.156195 0.000001 8.774814 -0.000002 -14.749556 17.691401 6.968977 -1.844031 2.498501 -2.507276 -10.163588 4.678938 4.621101 -20.975992 -0.000004 0.000000 -21.226248 2.451690 -3.593996 0.000000 -0.000007 0.000000 -1.362681 2.240798 -0.746323 -21.334892 0.584908 3.008317 -13.821195 -0.000002 0.000001 -23.887135 -0.249083 -0.839481 -61.174519 2.553349 -0.809978 -0.294024 1.679687 0.833254 -14.218190 0.093214 1.300577 -34.212002 -0.287566 0.967167 -20.033176 0.964532 1.212842 0.000001 -0.000001 -0.000001 -3.440385 0.788232 0.501655 -15.928167 -3.167308 2.999703 -6.338816 -0.000002 0.000000 -18.123411 3.648177 -4.905663 -0.000004 -0.000000 -0.000002 -16.600727 22.903328 4.854198 49.928413 49.260986 -2.448902 179.400467 43.777847 178.241562 1.271165 -0.239285 -0.432687 2.243540 -5.255033 -3.180156 14.282875 -0.826592 6.952497 -0.000002 -12.690590 0.000000 16.366459 -17.169729 2.450530 1.665667 -1.955920 -2.878297 4.727794 -4.170583 4.993919 11.020513 0.000003 0.000002 12.109032 -3.735710 -2.866778 0.000001 -0.000000 -0.000000 1.291983 -1.928548 -1.498087 14.800111 0.567468 3.865605 14.242551 -1.341734 -6.660647 19.631939 0.143925 -0.648241 50.497562 -0.013816 -5.403313 0.353028 -1.511148 -0.031940 20.222767 3.684307 2.316627 18.787247 0.000005 0.000001 10.751611 -0.479871 1.397904 0.000000 0.000001 0.000000 3.273804 0.305946 -0.580109 21.486792 11.830363 2.266131 8.162915 0.000002 0.000000 18.399050 -3.798979 -4.940566 0.000003 0.000000 -0.000000 17.891830 37.765656 -43.436054 -1.553989 -2.738262 24.506857 -30.882326 4.922873 25.038364 1.661294 -2.083992 -1.590471 0.000000 -0.000000 0.000002 -48.201088 -16.789831 -0.335587 1.648776 4.227544 26.741257 25.102282 -9.688833 -2.885068 -1.507998 0.866534 -3.603268 -0.000000 -0.000001 0.000001 
37.401981 78.551201 48.670139 1.708477 -22.524521 3.550064 2.213970 1.946747 3.520449 0.515480 3.162362 -2.786608 2.724856 4.059140 12.039784 -7.619472 7.002192 8.583315 3.425354 14.425970 -3.350883 -3.914270 16.552803 -4.140772 0.000076 -0.000022 0.000006 -0.011875 0.061537 -0.105219 0.822679 -3.692315 -10.852564 -0.850548 3.782588 -10.987294 -1.093649 -3.407092 11.226528 -6.373628 -0.927045 -45.787601 172.546906 -63.990318 -175.002869 -0.207663 -7.728956 -7.193650 -5.882102 9.861276 0.702590 -10.936858 -0.360575 7.156196 0.000001 8.774815 -0.000001 -14.492220 18.052509 6.983035 -1.844031 2.498502 -2.507277 -10.163590 4.678939 4.621103 -20.975994 -0.000005 0.000003 -21.226255 2.451691 -3.593992 -0.000001 -0.000005 -0.000001 -1.362681 2.240796 -0.746323 -21.334887 0.584907 3.008322 -13.821197 -0.000001 0.000002 -23.887133 -0.249077 -0.839479 -59.361042 2.387727 -1.198638 -0.294024 1.679687 0.833255 -14.218190 0.093214 1.300579 -34.211998 -0.287564 0.967170 -20.033175 0.964535 1.212840 -0.000000 0.000003 -0.000002 -3.440385 0.788233 0.501655 -15.928165 -3.167307 2.999705 -6.338817 -0.000002 0.000002 -18.123413 3.648174 -4.905661 -0.000005 -0.000000 -0.000002 -11.705651 19.695284 6.682619 45.156826 47.745968 -5.143831 -178.983902 46.376755 179.801514 -0.606692 3.950162 -3.953801 2.243541 -5.255033 -3.180156 14.282877 -0.826593 6.952495 -0.000003 -12.690593 -0.000001 17.449247 -17.290916 1.985657 1.665666 -1.955921 -2.878297 4.727798 -4.170585 4.993918 11.020512 0.000003 -0.000001 12.109030 -3.735711 -2.866779 -0.000000 0.000000 -0.000000 1.291981 -1.928548 -1.498088 14.800114 0.567469 3.865605 14.242553 -1.341735 -6.660649 19.631939 0.143926 -0.648244 52.401493 -0.163184 -5.973599 0.353026 -1.511150 -0.031941 20.222769 3.684307 2.316629 18.787245 0.000004 -0.000000 10.751611 -0.479868 1.397905 0.000000 0.000000 0.000002 3.273806 0.305947 -0.580112 21.486790 11.830365 2.266133 8.162916 0.000004 0.000000 18.399054 -3.798978 -4.940568 0.000003 -0.000001 -0.000002 21.143995 40.463505 -44.649563 -1.323332 -2.139569 41.499153 -28.098085 -1.314216 18.891962 1.622592 -1.978476 -0.323360 -0.000000 0.000000 0.000002 -46.176369 -21.409561 -12.234148 2.476533 3.115474 43.360893 22.324379 -2.705856 -4.497108 -1.410061 0.881871 -1.597848 0.000000 -0.000001 -0.000000 
41.267197 78.820435 51.839287 0.377846 -26.815149 1.868425 1.102413 1.162063 4.817452 0.198352 2.155223 -2.229616 3.419968 2.110250 12.475545 -5.839096 6.269208 9.976535 3.998740 16.533237 -2.976664 -5.524621 18.595768 -3.208249 0.000077 -0.000021 0.000006 -0.038651 0.171051 -0.146325 0.780320 -3.605285 -10.941216 -0.862193 3.912483 -11.076823 2.533345 -7.343317 10.303705 2.287836 3.252201 -41.151493 -15.305541 -82.748657 14.288819 -1.491075 -10.970673 -12.336828 -5.882101 9.861278 0.702589 -10.936858 -0.360576 7.156197 0.000001 8.774814 -0.000001 -13.889020 17.887449 6.478528 -1.844031 2.498505 -2.507276 -10.163589 4.678939 4.621103 -20.975994 -0.000002 0.000002 -21.226254 2.451692 -3.593995 -0.000001 -0.000007 0.000000 -1.362680 2.240793 -0.746323 -21.334887 0.584909 3.008320 -13.821195 -0.000002 0.000001 -23.887129 -0.249079 -0.839482 -57.188595 2.443558 -1.148786 -0.294024 1.679684 0.833255 -14.218192 0.093214 1.300579 -34.211998 -0.287565 0.967170 -20.033175 0.964534 1.212842 0.000001 0.000001 -0.000002 -3.440385 0.788233 0.501655 -15.928167 -3.167307 2.999703 -6.338816 -0.000002 0.000001 -18.123411 3.648175 -4.905662 -0.000004 -0.000001 -0.000003 -5.694026 16.904623 8.630924 39.684967 48.267986 -8.149677 -179.344345 50.647976 -179.680527 -1.909343 6.127582 -7.057731 2.243540 -5.255033 -3.180156 14.282875 -0.826594 6.952498 -0.000001 -12.690592 -0.000000 17.339050 -16.969706 2.382224 1.665663 -1.955918 -2.878297 4.727796 -4.170585 4.993919 11.020511 0.000004 -0.000001 12.109031 -3.735711 -2.866781 0.000002 0.000000 -0.000001 1.291986 -1.928548 -1.498088 14.800109 0.567467 3.865605 14.242551 -1.341735 -6.660648 19.631937 0.143926 -0.648244 53.243626 -0.171677 -5.553718 0.353027 -1.511150 -0.031941 20.222771 3.684305 2.316629 18.787243 0.000003 -0.000002 10.751612 -0.479868 1.397903 -0.000000 0.000000 0.000001 3.273803 0.305945 -0.580112 21.486794 11.830363 2.266132 8.162916 0.000002 0.000001 18.399050 -3.798979 -4.940567 0.000003 0.000000 -0.000001 24.672007 40.885551 -41.935188 -1.178682 -1.819768 50.829929 -26.172449 -3.087355 11.266315 1.642182 -1.816568 0.381696 0.000000 -0.000000 0.000002 -40.306049 -23.721592 -23.961290 2.664984 1.987686 57.459209 25.698484 7.226357 -2.383862 -1.455286 0.806336 -2.144028 0.000000 -0.000001 -0.000001 
44.339325 78.999763 54.818451 -0.982402 -29.755148 0.314048 0.153973 0.160979 6.314782 -0.236085 1.201717 -1.859033 3.763029 -0.400489 12.782604 -4.033651 6.023376 10.853249 4.304758 18.168245 -2.685933 -6.825571 21.147350 -2.260607 0.000077 -0.000023 0.000005 -0.028598 0.108124 -0.211417 0.739974 -3.654725 -11.066324 -0.799025 3.849410 -11.138299 8.737830 -12.176913 8.725435 5.999249 3.182021 -36.613724 -10.045917 -39.499794 4.257541 -9.351092 -12.243799 -7.352188 -5.882102 9.861278 0.702590 -10.936862 -0.360574 7.156197 -0.000000 8.774813 -0.000001 -14.132887 17.631229 5.360849 -1.844031 2.498502 -2.507276 -10.163591 4.678940 4.621104 -20.976000 -0.000003 0.000003 -21.226257 2.451694 -3.593992 0.000000 -0.000006 -0.000000 -1.362681 2.240796 -0.746323 -21.334894 0.584909 3.008321 -13.821200 -0.000002 0.000002 -23.887133 -0.249078 -0.839480 -56.527584 2.329679 -1.217956 -0.294025 1.679685 0.833255 -14.218194 0.093215 1.300580 -34.212013 -0.287562 0.967170 -20.033184 0.964536 1.212841 -0.000002 -0.000000 0.000000 -3.440386 0.788232 0.501655 -15.928169 -3.167305 2.999704 -6.338817 -0.000001 0.000001 -18.123417 3.648177 -4.905661 -0.000004 0.000000 -0.000002 -1.809476 14.989474 9.314273 39.785870 49.103565 -7.345000 -179.676483 52.399025 -179.751205 -2.794036 8.293004 -8.238225 2.243541 -5.255033 -3.180155 14.282873 -0.826593 6.952494 -0.000002 -12.690591 0.000001 16.879391 -16.876490 2.399258 1.665663 -1.955921 -2.878297 4.727793 -4.170584 4.993918 11.020508 0.000004 -0.000002 12.109033 -3.735709 -2.866781 -0.000001 0.000001 -0.000000 1.291985 -1.928547 -1.498088 14.800111 0.567468 3.865602 14.242551 -1.341735 -6.660649 19.631939 0.143928 -0.648245 52.315674 -0.245291 -5.515919 0.353030 -1.511151 -0.031940 20.222767 3.684306 2.316627 18.787245 0.000005 -0.000002 10.751608 -0.479867 1.397904 0.000000 0.000000 0.000000 3.273806 0.305948 -0.580110 21.486788 11.830363 2.266131 8.162916 0.000002 -0.000001 18.399054 -3.798978 -4.940568 0.000003 0.000000 -0.000001 27.771273 39.886040 -38.506481 -0.992558 -1.631292 56.928005 -25.053158 -3.093368 4.487678 1.613121 -1.814394 0.667042 -0.000000 -0.000000 0.000002 -31.881464 -23.720757 -34.046440 2.353317 1.277794 68.244087 28.677166 14.462843 0.363676 -1.453709 0.716344 -2.678541 0.000000 -0.000001 -0.000000 
46.597855 78.785934 57.405441 -1.958320 -31.066765 -0.682618 -0.840061 -0.386874 7.609559 -0.633035 -0.426765 -1.390606 3.679982 -2.628811 13.075901 -2.033368 5.502876 10.062209 5.329814 19.523117 -2.240418 -7.882885 23.674463 -2.075203 0.000077 -0.000022 0.000005 0.017458 0.075638 -0.263365 0.834025 -3.690861 -11.379504 -0.801777 3.813195 -11.383636 16.698561 -17.426023 6.924698 2.785007 2.530669 -40.360977 -4.228838 -5.415709 0.175206 -15.345820 -0.350206 0.344077 -5.882100 9.861279 0.702590 -10.936858 -0.360578 7.156198 0.000002 8.774815 -0.000000 -14.422934 17.120947 6.394913 -1.844030 2.498502 -2.507275 -10.163589 4.678938 4.621104 -20.975992 -0.000005 0.000004 -21.226254 2.451692 -3.593993 0.000000 -0.000007 0.000000 -1.362680 2.240797 -0.746322 -21.334890 0.584907 3.008322 -13.821198 -0.000001 0.000003 -23.887131 -0.249078 -0.839481 -58.836010 2.610570 -0.865821 -0.294024 1.679687 0.833255 -14.218189 0.093215 1.300580 -34.211998 -0.287565 0.967171 -20.033175 0.964535 1.212844 -0.000002 -0.000000 -0.000002 -3.440385 0.788233 0.501655 -15.928165 -3.167307 2.999704 -6.338817 -0.000002 0.000002 -18.123411 3.648176 -4.905660 -0.000004 0.000002 -0.000001 0.076728 11.953441 10.179886 44.273811 49.003368 -5.167585 -179.051376 51.773239 -179.505783 -3.166682 13.606337 -10.182017 2.243539 -5.255033 -3.180155 14.282877 -0.826595 6.952497 -0.000001 -12.690587 0.000000 15.669695 -16.535917 2.203085 1.665665 -1.955918 -2.878296 4.727790 -4.170584 4.993919 11.020512 0.000003 0.000001 12.109032 -3.735710 -2.866779 -0.000000 0.000001 -0.000000 1.291984 -1.928550 -1.498087 14.800111 0.567466 3.865605 14.242551 -1.341737 -6.660648 19.631937 0.143926 -0.648241 50.074505 -0.441847 -5.528722 0.353029 -1.511149 -0.031939 20.222765 3.684305 2.316629 18.787245 0.000003 0.000000 10.751609 -0.479870 1.397903 0.000001 0.000000 0.000001 3.273804 0.305947 -0.580110 21.486790 11.830362 2.266131 8.162916 0.000000 0.000000 18.399050 -3.798981 -4.940566 0.000003 0.000000 -0.000002 29.325460 38.324799 -36.777172 -0.773884 -1.412010 61.699078 -23.801775 -3.255337 -0.970977 1.575984 -1.762070 0.173396 -0.000000 -0.000000 0.000002 -23.394613 -21.807541 -42.042538 1.774695 0.896760 75.656464 28.809908 18.019352 0.596176 -1.472429 0.714327 -2.340272 0.000000 -0.000001 -0.000001 
48.436424 78.251984 59.515560 -2.267548 -31.201874 -0.805739 -1.342111 -0.428850 8.321983 -0.711742 -1.490826 -1.139512 3.257339 -4.034924 13.201654 -1.533515 4.958699 9.125501 5.861904 20.219614 -2.101834 -8.587066 25.132332 -2.783157 0.000077 -0.000023 0.000006 0.015122 0.017034 -0.274502 0.843168 -3.723567 -11.304543 -0.814154 3.734305 -11.263447 18.233992 -19.373461 6.243021 2.222144 5.313745 -45.209743 -0.866989 -5.723765 0.000869 -12.046873 -0.149816 -6.773174 -5.882101 9.861279 0.702588 -10.936859 -0.360572 7.156196 -0.000000 8.774814 -0.000002 -14.864110 17.366529 6.888895 -1.844031 2.498501 -2.507276 -10.163589 4.678939 4.621103 -20.975998 -0.000003 0.000001 -21.226255 2.451692 -3.593997 0.000003 -0.000007 -0.000001 -1.362681 2.240796 -0.746323 -21.334890 0.584907 3.008317 -13.821198 -0.000003 0.000000 -23.887131 -0.249080 -0.839482 -60.905300 2.512744 -1.235647 -0.294024 1.679685 0.833257 -14.218190 0.093215 1.300578 -34.211998 -0.287565 0.967165 -20.033178 0.964533 1.212842 0.000000 0.000000 0.000000 -3.440386 0.788233 0.501655 -15.928167 -3.167307 2.999704 -6.338817 -0.000001 0.000000 -18.123415 3.648176 -4.905662 -0.000005 0.000001 -0.000001 0.944147 8.835734 11.307466 46.876957 45.424248 -6.173269 -179.898178 50.849598 -179.909180 -4.895059 15.104228 -9.934642 2.243541 -5.255033 -3.180154 14.282879 -0.826595 6.952495 -0.000001 -12.690587 -0.000000 16.185022 -16.845377 2.065469 1.665665 -1.955920 -2.878296 4.727794 -4.170583 4.993918 11.020513 0.000001 -0.000001 12.109033 -3.735709 -2.866780 -0.000000 0.000001 -0.000001 1.291985 -1.928546 -1.498087 14.800111 0.567467 3.865601 14.242556 -1.341734 -6.660648 19.631941 0.143924 -0.648242 51.171452 -0.592373 -5.471379 0.353029 -1.511148 -0.031940 20.222771 3.684305 2.316627 18.787247 0.000006 -0.000002 10.751611 -0.479866 1.397904 0.000001 0.000001 0.000000 3.273804 0.305946 -0.580110 21.486790 11.830360 2.266129 8.162918 0.000001 -0.000001 18.399059 -3.798978 -4.940568 0.000003 0.000000 -0.000001 28.923176 37.365456 -37.753170 -0.751125 -1.190185 66.381363 -22.121660 -3.917530 -4.412182 1.573530 -1.735260 0.340894 0.000000 0.000000 0.000002 -17.323175 -18.172625 -47.835205 1.468778 0.765627 79.433258 25.845407 20.462477 -0.747709 -1.486783 0.758190 -3.265935 -0.000000 0.000001 -0.000001 
49.623417 77.367928 61.527962 -2.266217 -28.762318 -0.977343 -1.272914 -0.445444 8.562447 -0.694255 -2.052680 -1.033103 2.946386 -4.790735 13.458216 -1.804191 4.662843 8.690851 5.716224 19.807926 -2.271748 -8.833545 24.359270 -3.950687 0.000076 -0.000023 0.000006 -0.001980 0.025370 -0.219513 0.772452 -3.719728 -11.170473 -0.788530 3.744296 -11.134838 17.137442 -20.170986 6.120829 4.347393 6.143351 -48.290440 -0.947331 -17.758257 -0.126475 -7.897643 -5.550259 -14.387490 -5.882100 9.861278 0.702590 -10.936860 -0.360575 7.156197 0.000001 8.774814 -0.000002 -14.972336 17.578854 6.540932 -1.844031 2.498502 -2.507274 -10.163589 4.678939 4.621106 -20.975994 -0.000005 0.000004 -21.226250 2.451692 -3.593992 -0.000001 -0.000006 -0.000000 -1.362680 2.240797 -0.746323 -21.334890 0.584908 3.008321 -13.821195 -0.000002 0.000004 -23.887129 -0.249078 -0.839478 -61.283958 2.463854 -1.695215 -0.294024 1.679686 0.833254 -14.218192 0.093214 1.300579 -34.211998 -0.287564 0.967171 -20.033178 0.964534 1.212843 -0.000000 0.000000 -0.000000 -3.440385 0.788233 0.501655 -15.928169 -3.167306 2.999706 -6.338817 -0.000002 0.000001 -18.123413 3.648176 -4.905661 -0.000005 0.000000 -0.000002 1.817352 6.969417 12.428732 46.291763 39.854042 -8.089943 -179.601196 49.779583 -179.804016 -6.566571 14.494586 -10.123281 2.243540 -5.255033 -3.180155 14.282877 -0.826593 6.952496 -0.000002 -12.690592 -0.000001 16.668133 -17.105108 2.113815 1.665666 -1.955920 -2.878297 4.727791 -4.170582 4.993916 11.020509 0.000002 -0.000004 12.109033 -3.735711 -2.866781 0.000001 -0.000001 -0.000001 1.291986 -1.928548 -1.498088 14.800109 0.567468 3.865603 14.242553 -1.341732 -6.660648 19.631935 0.143927 -0.648243 52.066223 -0.646062 -5.511039 0.353028 -1.511151 -0.031939 20.222767 3.684307 2.316627 18.787243 0.000005 -0.000001 10.751610 -0.479867 1.397905 0.000001 0.000002 0.000001 3.273804 0.305947 -0.580111 21.486790 11.830365 2.266131 8.162918 0.000002 0.000000 18.399055 -3.798980 -4.940567 0.000004 0.000001 -0.000001 27.429302 35.800011 -40.323971 -0.790338 -0.924086 70.569084 -20.353390 -5.317916 -7.361087 1.577369 -1.755977 0.790975 0.000000 -0.000000 0.000002 -15.897170 -14.222588 -50.168751 1.383387 0.901246 82.653412 21.570129 21.038086 -3.111428 -1.467325 0.802575 -5.095821 -0.000000 -0.000001 -0.000001 
50.070728 76.399857 63.322948 -1.925823 -23.263712 -1.582591 -1.095748 -0.210094 8.456042 -0.642157 -2.486442 -1.025169 2.596398 -4.996567 13.810016 -1.895624 4.468249 8.635643 5.232153 18.458069 -2.547314 -8.488015 22.151258 -5.150111 0.000077 -0.000023 0.000006 -0.005131 0.057418 -0.130631 0.712253 -3.682094 -10.960935 -0.728551 3.772596 -10.939082 14.924502 -20.245512 6.476728 7.295413 3.177588 -52.547581 -1.223814 -35.313213 0.069394 -2.616337 -9.496825 -19.519745 -5.882102 9.861279 0.702590 -10.936859 -0.360574 7.156196 0.000000 8.774813 -0.000001 -14.798538 16.823267 6.066976 -1.844031 2.498502 -2.507277 -10.163590 4.678941 4.621104 -20.975994 -0.000004 0.000002 -21.226255 2.451692 -3.593993 0.000001 -0.000006 -0.000001 -1.362682 2.240797 -0.746323 -21.334892 0.584910 3.008320 -13.821197 -0.000003 0.000001 -23.887131 -0.249081 -0.839481 -59.946217 2.485291 -1.873912 -0.294025 1.679686 0.833257 -14.218194 0.093214 1.300579 -34.212006 -0.287565 0.967168 -20.033180 0.964534 1.212841 0.000001 0.000000 0.000000 -3.440384 0.788233 0.501655 -15.928167 -3.167305 2.999704 -6.338817 -0.000001 0.000001 -18.123415 3.648176 -4.905663 -0.000003 -0.000002 -0.000002 2.926293 6.630737 13.467863 46.337029 35.328651 -7.622703 -177.868378 47.074390 -178.528534 -6.686224 14.182660 -9.514946 2.243540 -5.255033 -3.180155 14.282878 -0.826592 6.952496 -0.000002 -12.690590 0.000001 16.881035 -17.193966 2.123308 1.665664 -1.955920 -2.878296 4.727794 -4.170582 4.993918 11.020509 0.000004 0.000000 12.109032 -3.735712 -2.866778 0.000001 0.000000 -0.000000 1.291983 -1.928546 -1.498088 14.800113 0.567467 3.865605 14.242551 -1.341737 -6.660648 19.631939 0.143923 -0.648243 51.789032 -0.535988 -5.552601 0.353029 -1.511149 -0.031941 20.222769 3.684307 2.316628 18.787245 0.000002 -0.000001 10.751611 -0.479868 1.397904 -0.000001 0.000000 0.000001 3.273804 0.305948 -0.580110 21.486792 11.830365 2.266131 8.162916 -0.000000 0.000000 18.399054 -3.798980 -4.940567 0.000004 0.000000 -0.000002 24.858852 33.447712 -44.007854 -0.878159 -0.817618 73.726639 -18.448076 -7.554825 -9.299647 1.569638 -1.792709 1.135602 -0.000000 0.000000 0.000002 -18.123447 -11.555757 -48.383774 1.422332 1.222122 85.678764 18.103289 19.314766 -6.416879 -1.444580 0.828186 -7.373238 0.000000 -0.000001 -0.000000 
49.661194 75.558731 64.833488 -0.955626 -15.312704 -2.117877 -1.129768 0.182473 8.070508 -0.643226 -2.744312 -1.200196 1.955635 -4.608382 13.952595 -1.677229 4.073646 8.679458 4.744619 16.651979 -2.886749 -7.513747 18.955788 -6.237020 0.000076 -0.000023 0.000006 0.007249 0.094002 -0.075842 0.721684 -3.633065 -10.799554 -0.713088 3.798621 -10.776057 12.847348 -19.789965 6.947221 8.505960 -3.684716 -57.182796 1.043259 -55.269276 -0.596064 2.549600 -11.187187 -22.392334 -5.882101 9.861278 0.702590 -10.936859 -0.360575 7.156197 0.000000 8.774812 -0.000002 -15.118958 16.863461 5.788386 -1.844030 2.498503 -2.507277 -10.163592 4.678939 4.621105 -20.975998 -0.000003 0.000004 -21.226255 2.451695 -3.593992 0.000001 -0.000006 0.000001 -1.362680 2.240796 -0.746323 -21.334892 0.584907 3.008322 -13.821197 -0.000001 0.000003 -23.887133 -0.249075 -0.839479 -59.166286 2.647958 -2.000425 -0.294025 1.679686 0.833255 -14.218195 0.093214 1.300581 -34.212013 -0.287564 0.967171 -20.033178 0.964534 1.212844 0.000001 0.000001 -0.000001 -3.440385 0.788231 0.501655 -15.928171 -3.167304 2.999705 -6.338817 -0.000001 0.000002 -18.123415 3.648178 -4.905661 -0.000004 0.000001 -0.000002 3.928133 7.291812 13.936026 49.211533 34.033661 -5.241625 -177.036102 43.195034 -177.916412 -5.452123 14.787922 -7.399482 2.243540 -5.255033 -3.180156 14.282878 -0.826593 6.952495 -0.000003 -12.690590 -0.000001 16.867371 -17.270615 2.166378 1.665665 -1.955921 -2.878297 4.727794 -4.170581 4.993917 11.020512 0.000003 -0.000002 12.109033 -3.735709 -2.866780 0.000001 -0.000000 0.000000 1.291985 -1.928547 -1.498088 14.800113 0.567469 3.865602 14.242553 -1.341734 -6.660649 19.631939 0.143926 -0.648242 50.928917 -0.449044 -5.605712 0.353028 -1.511149 -0.031940 20.222767 3.684307 2.316628 18.787245 0.000006 -0.000002 10.751610 -0.479868 1.397904 -0.000000 0.000000 0.000003 3.273804 0.305948 -0.580110 21.486792 11.830363 2.266131 8.162917 0.000002 -0.000000 18.399054 -3.798979 -4.940570 0.000004 0.000000 -0.000002 21.038776 30.707077 -48.488983 -1.077991 -0.754949 75.419037 -16.371132 -11.003244 -9.726977 1.545072 -1.777682 1.247530 0.000000 0.000000 0.000002 -21.838644 -10.446582 -42.967148 1.601638 1.560463 87.237411 16.526932 16.385252 -11.355965 -1.464786 0.967526 -9.876486 -0.000000 0.000001 -0.000001 
48.633350 74.964020 66.226212 0.802557 -6.183602 -2.311656 -1.454586 0.562647 7.707747 -0.710556 -2.528760 -1.588355 0.881482 -3.731328 13.900006 -1.340436 3.611307 8.863706 4.033669 14.445767 -3.277851 -6.163074 15.341755 -7.808431 0.000077 -0.000022 0.000005 0.021069 0.087161 -0.084751 0.744436 -3.635981 -10.768515 -0.712545 3.794722 -10.752455 11.633418 -18.909416 7.139690 6.884201 -13.871330 -61.771580 4.191330 -73.720634 -2.336901 6.455561 -13.008333 -22.687483 -5.882101 9.861278 0.702589 -10.936859 -0.360576 7.156197 0.000001 8.774813 -0.000001 -15.739108 17.233545 5.691239 -1.844032 2.498501 -2.507276 -10.163589 4.678941 4.621104 -20.975992 -0.000004 0.000001 -21.226254 2.451693 -3.593994 0.000001 -0.000003 0.000001 -1.362682 2.240795 -0.746323 -21.334890 0.584908 3.008321 -13.821197 -0.000004 0.000002 -23.887131 -0.249077 -0.839482 -59.752464 2.637242 -1.750580 -0.294026 1.679686 0.833256 -14.218195 0.093215 1.300580 -34.212002 -0.287562 0.967170 -20.033180 0.964536 1.212842 0.000001 0.000002 0.000002 -3.440387 0.788233 0.501656 -15.928167 -3.167305 2.999705 -6.338815 -0.000001 0.000002 -18.123411 3.648175 -4.905660 -0.000004 -0.000000 -0.000002 4.233534 8.827825 13.846214 53.865795 36.415867 -3.359107 -178.783752 40.052692 -179.183151 -4.072353 15.146133 -4.973534 2.243541 -5.255033 -3.180156 14.282877 -0.826592 6.952497 -0.000001 -12.690590 -0.000002 16.951988 -17.442905 2.258918 1.665664 -1.955921 -2.878297 4.727796 -4.170586 4.993918 11.020512 0.000005 -0.000001 12.109032 -3.735710 -2.866779 0.000000 0.000000 0.000000 1.291985 -1.928548 -1.498088 14.800114 0.567469 3.865604 14.242551 -1.341733 -6.660648 19.631939 0.143927 -0.648242 50.154346 -0.462938 -5.678485 0.353028 -1.511150 -0.031940 20.222767 3.684307 2.316628 18.787245 0.000006 -0.000002 10.751610 -0.479867 1.397904 -0.000000 0.000000 -0.000000 3.273805 0.305946 -0.580110 21.486790 11.830364 2.266132 8.162914 0.000002 -0.000001 18.399054 -3.798978 -4.940568 0.000003 -0.000001 -0.000002 16.240171 27.563524 -52.751541 -1.251061 -0.686566 75.736618 -14.705952 -15.290020 -8.664104 1.554013 -1.778848 1.235845 0.000000 -0.000000 0.000002 -25.031494 -10.657392 -35.794632 1.527294 1.661629 87.163696 16.877398 12.864839 -19.092932 -1.497314 1.119720 -10.834167 -0.000000 0.000001 -0.000001 
47.192623 74.839340 67.363480 2.970709 2.816337 -2.281547 -1.805704 0.864480 7.488643 -0.725237 -1.518478 -1.841365 -0.590949 -2.743157 14.001385 -0.998049 3.233482 9.077830 3.329499 11.620190 -3.519718 -4.763215 12.409008 -9.523513 0.000077 -0.000023 0.000006 0.039841 0.054630 -0.091026 0.778243 -3.661806 -10.712086 -0.708266 3.743336 -10.689557 10.870006 -17.608952 6.824242 2.486078 -26.073032 -63.339409 16.895653 -87.695221 -14.875391 6.923097 -14.235524 -20.120869 -5.882100 9.861278 0.702589 -10.936858 -0.360576 7.156196 0.000001 8.774810 -0.000001 -16.200254 17.375858 5.610769 -1.844030 2.498502 -2.507275 -10.163590 4.678938 4.621103 -20.975992 -0.000003 0.000001 -21.226250 2.451692 -3.593993 0.000001 -0.000006 -0.000000 -1.362681 2.240797 -0.746322 -21.334887 0.584907 3.008320 -13.821197 -0.000004 0.000002 -23.887131 -0.249080 -0.839481 -60.389294 2.456448 -1.564369 -0.294025 1.679685 0.833255 -14.218192 0.093213 1.300578 -34.212002 -0.287566 0.967171 -20.033178 0.964533 1.212842 -0.000000 0.000001 -0.000000 -3.440386 0.788233 0.501655 -15.928171 -3.167305 2.999703 -6.338817 -0.000001 0.000001 -18.123413 3.648175 -4.905660 -0.000004 -0.000000 -0.000002 3.156495 11.658321 13.574864 57.110844 41.882042 -4.021533 178.246277 39.271324 178.873138 -3.351251 14.108289 -3.249538 2.243540 -5.255033 -3.180155 14.282875 -0.826592 6.952494 -0.000003 -12.690593 0.000001 16.625780 -17.613768 2.504410 1.665667 -1.955921 -2.878295 4.727793 -4.170583 4.993917 11.020511 0.000004 -0.000001 12.109028 -3.735708 -2.866780 -0.000001 -0.000000 -0.000001 1.291984 -1.928548 -1.498089 14.800111 0.567469 3.865602 14.242553 -1.341734 -6.660646 19.631939 0.143928 -0.648244 49.389900 -0.578417 -5.908095 0.353029 -1.511149 -0.031941 20.222769 3.684309 2.316627 18.787245 0.000006 -0.000001 10.751610 -0.479867 1.397905 -0.000001 0.000000 0.000000 3.273805 0.305947 -0.580111 21.486788 11.830364 2.266130 8.162919 0.000002 -0.000001 18.399052 -3.798978 -4.940567 0.000003 0.000000 -0.000001 11.353335 24.582912 -55.422127 -1.348912 -0.675053 74.233612 -13.877653 -19.368683 -6.338234 1.565798 -1.787286 0.992354 -0.000000 0.000000 0.000002 -27.078987 -12.712336 -29.086683 1.324977 1.536283 86.589798 17.784227 9.767305 -26.056498 -1.499145 1.137097 -10.854467 -0.000000 -0.000000 -0.000001 
45.754494 75.001205 68.563667 4.776014 10.694149 -1.935289 -1.853520 1.245463 7.403865 -0.703976 -0.250596 -2.012162 -1.817852 -1.620371 14.305809 -0.484937 2.949316 9.220546 2.568771 8.891372 -3.656218 -3.489712 9.801967 -11.202374 0.000077 -0.000026 0.000007 0.063702 -0.051736 -0.095676 0.809498 -3.751573 -10.701520 -0.703623 3.645998 -10.651482 9.290249 -16.103308 6.829306 -4.309577 -37.144814 -60.338810 -178.973282 -82.642754 -179.539230 5.348041 -13.506283 -15.219748 -5.882103 9.861276 0.702590 -10.936859 -0.360574 7.156195 0.000002 8.774814 -0.000000 -16.656782 17.059437 5.346395 -1.844031 2.498502 -2.507275 -10.163589 4.678941 4.621103 -20.975996 0.000000 0.000002 -21.226255 2.451693 -3.593996 0.000001 -0.000007 0.000000 -1.362680 2.240796 -0.746323 -21.334892 0.584910 3.008320 -13.821193 -0.000002 0.000001 -23.887129 -0.249077 -0.839483 -60.706703 2.261083 -1.382322 -0.294022 1.679685 0.833255 -14.218189 0.093214 1.300578 -34.212002 -0.287561 0.967166 -20.033176 0.964537 1.212839 0.000001 0.000002 -0.000001 -3.440384 0.788233 0.501655 -15.928165 -3.167303 2.999703 -6.338815 -0.000001 0.000001 -18.123415 3.648178 -4.905662 -0.000004 -0.000001 -0.000002 0.991673 14.969908 13.478213 55.792633 48.714157 -8.188661 175.813629 40.493309 177.593918 -3.712955 12.625978 -2.704404 2.243541 -5.255032 -3.180156 14.282871 -0.826593 6.952492 -0.000001 -12.690585 0.000000 16.229740 -17.972242 2.764861 1.665665 -1.955919 -2.878296 4.727792 -4.170582 4.993918 11.020511 0.000002 -0.000001 12.109032 -3.735708 -2.866777 -0.000001 -0.000000 -0.000001 1.291985 -1.928548 -1.498089 14.800111 0.567468 3.865605 14.242554 -1.341734 -6.660650 19.631937 0.143925 -0.648244 49.119949 -0.840164 -6.149908 0.353029 -1.511149 -0.031941 20.222767 3.684304 2.316629 18.787249 0.000006 -0.000002 10.751608 -0.479867 1.397903 0.000000 -0.000001 0.000000 3.273803 0.305947 -0.580111 21.486790 11.830359 2.266130 8.162915 0.000001 0.000001 18.399050 -3.798980 -4.940566 0.000003 -0.000003 0.000000 7.448153 22.343971 -56.798149 -1.366680 -0.644196 72.234283 -13.592829 -23.241463 -3.375711 1.561951 -1.739627 0.652796 0.000000 -0.000000 0.000002 -28.512135 -15.644258 -22.937464 1.168619 1.401209 85.630226 18.852331 7.556754 -30.362450 -1.476761 1.076452 -10.636295 0.000000 0.000000 -0.000001 
44.509571 75.358772 69.563103 5.953017 16.952127 -1.425127 -1.739906 1.528960 7.324932 -0.683218 0.864474 -2.147231 -2.677679 -0.450022 14.768005 0.331465 2.645324 9.015210 1.845030 6.622712 -3.685225 -2.402961 7.466017 -12.563841 0.000077 -0.000022 0.000006 0.077201 -0.121544 -0.097444 0.835244 -3.839950 -10.711390 -0.697965 3.580441 -10.629349 7.020475 -14.773502 7.407027 -11.879528 -44.409538 -53.436092 -179.666397 -76.185150 -179.443909 3.636490 -12.157343 -11.101018 -5.882102 9.861281 0.702588 -10.936858 -0.360576 7.156195 -0.000001 8.774815 -0.000002 -17.093678 16.809971 5.036461 -1.844033 2.498502 -2.507276 -10.163589 4.678941 4.621103 -20.975996 -0.000003 0.000000 -21.226255 2.451693 -3.593996 0.000000 -0.000005 0.000000 -1.362682 2.240799 -0.746323 -21.334892 0.584910 3.008317 -13.821197 -0.000004 0.000000 -23.887131 -0.249080 -0.839483 -60.550732 2.188458 -1.301009 -0.294025 1.679685 0.833255 -14.218192 0.093215 1.300577 -34.212002 -0.287565 0.967166 -20.033180 0.964532 1.212840 -0.000000 0.000001 -0.000001 -3.440386 0.788232 0.501655 -15.928167 -3.167306 2.999703 -6.338816 0.000000 0.000001 -18.123415 3.648175 -4.905665 -0.000005 -0.000001 -0.000001 -1.072809 17.468847 13.556241 49.884823 54.320309 -15.105101 174.981979 42.615086 177.202393 -4.605700 11.607042 -3.400994 2.243539 -5.255033 -3.180153 14.282875 -0.826592 6.952496 -0.000002 -12.690592 -0.000001 15.805504 -18.306444 2.858636 1.665665 -1.955920 -2.878297 4.727792 -4.170582 4.993919 11.020509 0.000003 0.000001 12.109030 -3.735709 -2.866779 0.000000 -0.000002 -0.000001 1.291984 -1.928549 -1.498088 14.800114 0.567470 3.865603 14.242550 -1.341733 -6.660648 19.631937 0.143927 -0.648241 49.297482 -0.994760 -6.380847 0.353028 -1.511149 -0.031940 20.222763 3.684307 2.316629 18.787241 0.000005 0.000001 10.751610 -0.479867 1.397905 0.000000 0.000001 0.000000 3.273803 0.305946 -0.580109 21.486788 11.830365 2.266134 8.162916 0.000004 -0.000002 18.399052 -3.798976 -4.940566 0.000002 -0.000002 -0.000001 4.761615 20.676649 -57.328049 -1.361052 -0.605318 69.932655 -13.743858 -26.038843 -0.665716 1.562900 -1.667435 0.244345 -0.000000 0.000000 0.000002 -29.318316 -18.827497 -18.160158 1.027670 1.335350 84.772690 19.724545 6.622032 -31.884384 -1.459481 1.015501 -10.421995 0.000000 0.000000 -0.000001 
43.689560 75.853035 70.352585 6.313192 20.879969 -1.108070 -1.575882 1.699109 7.212502 -0.663525 1.621877 -2.202803 -3.148865 0.414971 15.171726 1.060790 2.368622 8.748633 1.302145 5.256213 -3.639223 -1.514386 5.745639 -13.301018 0.000077 -0.000021 0.000006 0.078049 -0.120032 -0.085222 0.836211 -3.841218 -10.706188 -0.696269 3.586592 -10.594081 5.004299 -13.664575 8.027712 -17.918774 -47.552757 -47.003281 179.233749 -72.008369 -178.697708 2.535758 -11.461411 -9.274520 -5.882099 9.861279 0.702591 -10.936859 -0.360575 7.156196 0.000000 8.774811 -0.000002 -17.269831 16.756510 4.893139 -1.844030 2.498503 -2.507277 -10.163589 4.678938 4.621105 -20.975996 -0.000003 0.000003 -21.226255 2.451693 -3.593994 0.000000 -0.000007 -0.000000 -1.362679 2.240795 -0.746323 -21.334887 0.584907 3.008320 -13.821194 -0.000002 0.000003 -23.887131 -0.249082 -0.839480 -60.366020 2.208994 -1.348595 -0.294024 1.679684 0.833254 -14.218189 0.093216 1.300579 -34.211998 -0.287564 0.967171 -20.033176 0.964534 1.212842 0.000000 0.000000 0.000000 -3.440385 0.788231 0.501654 -15.928167 -3.167307 2.999705 -6.338815 -0.000001 0.000001 -18.123411 3.648175 -4.905661 -0.000004 -0.000001 -0.000001 -2.493649 18.878122 13.412572 44.195553 57.186905 -21.275419 175.394150 44.698364 177.359421 -5.472113 11.111093 -3.801172 2.243539 -5.255033 -3.180153 14.282878 -0.826593 6.952495 -0.000000 -12.690590 -0.000001 15.402798 -18.412060 2.872424 1.665667 -1.955920 -2.878298 4.727793 -4.170584 4.993919 11.020512 0.000003 -0.000001 12.109034 -3.735710 -2.866781 -0.000000 -0.000000 -0.000001 1.291984 -1.928549 -1.498087 14.800113 0.567467 3.865602 14.242550 -1.341736 -6.660651 19.631939 0.143926 -0.648242 49.324669 -1.098056 -6.528549 0.353028 -1.511150 -0.031941 20.222773 3.684306 2.316630 18.787245 0.000004 -0.000000 10.751611 -0.479867 1.397904 0.000000 0.000001 0.000000 3.273804 0.305947 -0.580111 21.486788 11.830360 2.266130 8.162916 0.000002 0.000000 18.399054 -3.798980 -4.940568 0.000003 0.000000 -0.000001 3.572085 19.717054 -57.120110 -1.320227 -0.572288 67.862076 -13.889561 -27.540991 0.794158 1.567006 -1.625212 -0.039126 -0.000000 0.000000 0.000002 -29.575062 -21.495552 -14.919296 1.008567 1.310960 83.843979 20.146713 6.833761 -31.659029 -1.469357 1.000419 -10.680176 -0.000000 0.000000 -0.000001 
43.331802 76.503807 70.991501 6.084984 22.543293 -1.098371 -1.459836 1.722273 6.994793 -0.682694 1.998607 -2.254167 -3.341427 1.033936 15.377226 1.574346 2.050979 8.937236 1.006037 4.763222 -3.653246 -0.989181 4.889204 -13.558503 0.000077 -0.000024 0.000006 0.073765 -0.140098 -0.086297 0.820154 -3.858157 -10.700397 -0.685074 3.566567 -10.574459 3.861581 -12.964808 8.398508 -22.242794 -47.972359 -42.887032 178.563278 -69.387283 -178.085648 1.985332 -11.215265 -8.625174 -5.882100 9.861278 0.702590 -10.936858 -0.360576 7.156197 -0.000000 8.774815 -0.000000 -17.345304 16.749174 4.869320 -1.844033 2.498504 -2.507275 -10.163589 4.678939 4.621103 -20.975994 -0.000003 0.000003 -21.226250 2.451693 -3.593993 0.000000 -0.000007 -0.000001 -1.362681 2.240796 -0.746322 -21.334887 0.584907 3.008320 -13.821197 -0.000002 0.000002 -23.887129 -0.249079 -0.839482 -60.396656 2.271493 -1.429533 -0.294023 1.679685 0.833254 -14.218194 0.093214 1.300580 -34.212002 -0.287563 0.967171 -20.033180 0.964536 1.212843 -0.000001 0.000000 0.000000 -3.440388 0.788235 0.501657 -15.928171 -3.167309 2.999706 -6.338817 -0.000001 0.000002 -18.123413 3.648176 -4.905661 -0.000004 0.000001 -0.000001 -3.458104 19.389845 12.975471 42.143761 58.474010 -24.324053 175.963882 46.087467 177.590485 -6.128168 10.780663 -3.986752 2.243539 -5.255033 -3.180155 14.282879 -0.826594 6.952497 -0.000000 -12.690588 0.000000 15.093795 -18.464262 2.939693 1.665664 -1.955919 -2.878295 4.727793 -4.170582 4.993919 11.020511 0.000003 0.000000 12.109032 -3.735713 -2.866779 -0.000001 -0.000001 -0.000001 1.291985 -1.928548 -1.498088 14.800111 0.567468 3.865604 14.242551 -1.341735 -6.660646 19.631939 0.143925 -0.648242 49.273083 -1.173886 -6.616509 0.353029 -1.511150 -0.031941 20.222769 3.684306 2.316629 18.787247 0.000003 0.000001 10.751611 -0.479871 1.397904 0.000000 0.000000 0.000000 3.273804 0.305947 -0.580110 21.486794 11.830361 2.266132 8.162919 0.000003 0.000001 18.399057 -3.798979 -4.940567 0.000003 0.000001 -0.000001 3.630954 19.284065 -56.281303 -1.244365 -0.539506 66.235855 -13.926147 -27.977211 1.179246 1.564807 -1.606451 -0.152112 -0.000000 0.000000 0.000002 -29.487253 -23.279856 -12.854276 1.037082 1.327180 82.411407 20.288017 7.610559 -31.018599 -1.486705 1.004806 -10.897864 0.000000 -0.000000 -0.000001 
43.374737 77.319565 71.295387 5.600573 22.100332 -1.309239 -1.396495 1.677877 6.676941 -0.720522 2.093582 -2.324764 -3.419171 1.438571 15.378112 1.785668 1.811809 9.520159 0.927855 4.864463 -3.688746 -0.756775 4.716574 -13.471958 0.000077 -0.000025 0.000006 0.064821 -0.090148 -0.083575 0.800502 -3.814235 -10.707220 -0.685299 3.616606 -10.586245 3.263252 -12.605700 8.610922 -24.944954 -46.859253 -41.328228 178.626984 -67.684319 -178.055115 1.700013 -11.030876 -8.166900 -5.882105 9.861278 0.702587 -10.936862 -0.360574 7.156196 0.000000 8.774814 0.000000 -17.318127 16.722326 4.894115 -1.844032 2.498504 -2.507275 -10.163592 4.678943 4.621103 -20.975998 -0.000002 0.000002 -21.226257 2.451693 -3.593995 -0.000000 -0.000006 0.000000 -1.362681 2.240795 -0.746325 -21.334898 0.584910 3.008320 -13.821197 -0.000003 0.000002 -23.887133 -0.249078 -0.839482 -60.445068 2.322363 -1.489758 -0.294025 1.679685 0.833257 -14.218200 0.093216 1.300579 -34.212013 -0.287563 0.967168 -20.033182 0.964536 1.212841 -0.000000 -0.000002 0.000001 -3.440385 0.788231 0.501654 -15.928167 -3.167305 2.999705 -6.338818 -0.000003 0.000001 -18.123415 3.648176 -4.905662 -0.000004 -0.000001 -0.000001 -4.188871 19.276834 12.511017 43.682251 59.220585 -24.284351 176.229080 46.465168 177.721283 -6.600537 10.489003 -4.710156 2.243540 -5.255033 -3.180156 14.282879 -0.826594 6.952499 0.000000 -12.690587 0.000001 14.903525 -18.387201 3.003768 1.665665 -1.955919 -2.878298 4.727793 -4.170584 4.993921 11.020513 0.000003 0.000000 12.109034 -3.735713 -2.866778 0.000001 -0.000001 -0.000001 1.291985 -1.928547 -1.498087 14.800113 0.567467 3.865603 14.242553 -1.341734 -6.660648 19.631941 0.143925 -0.648243 49.107925 -1.152078 -6.551813 0.353029 -1.511149 -0.031941 20.222773 3.684306 2.316628 18.787247 0.000005 0.000000 10.751613 -0.479866 1.397904 0.000000 -0.000000 0.000001 3.273805 0.305946 -0.580110 21.486797 11.830363 2.266129 8.162916 0.000001 -0.000001 18.399054 -3.798978 -4.940568 0.000003 0.000000 -0.000001 4.437268 19.296354 -54.887032 -1.160225 -0.523978 64.816010 -13.849714 -27.414209 0.735701 1.554056 -1.573882 -0.159896 -0.000000 0.000000 0.000002 -29.242785 -23.999638 -12.040420 1.078713 1.321906 80.509224 20.237864 8.418677 -30.445545 -1.500873 1.015031 -10.777900 0.000000 0.000000 -0.000001 
43.851330 78.373161 71.351723 5.071570 19.572117 -1.611511 -1.373076 1.580694 6.281224 -0.764772 2.067645 -2.376993 -3.440616 1.536921 15.169212 1.507744 1.878882 10.319352 1.018741 5.423098 -3.701665 -0.834433 5.319293 -13.300736 0.000077 -0.000021 0.000006 0.054053 -0.043222 -0.073577 0.791423 -3.746840 -10.729115 -0.702661 3.656809 -10.623753 2.853686 -12.334324 8.762651 -26.345297 -44.819828 -41.908276 179.467972 -66.543236 -178.550964 1.386678 -10.742740 -7.205267 -5.882102 9.861278 0.702591 -10.936858 -0.360575 7.156196 0.000001 8.774812 -0.000000 -17.202919 16.593758 4.985961 -1.844031 2.498502 -2.507276 -10.163589 4.678940 4.621105 -20.975996 -0.000005 0.000003 -21.226248 2.451694 -3.593992 0.000000 -0.000008 0.000000 -1.362680 2.240796 -0.746324 -21.334894 0.584909 3.008322 -13.821197 -0.000002 0.000003 -23.887135 -0.249076 -0.839479 -60.421387 2.351584 -1.425824 -0.294026 1.679687 0.833256 -14.218195 0.093214 1.300579 -34.212002 -0.287562 0.967171 -20.033178 0.964537 1.212843 -0.000000 -0.000002 0.000000 -3.440384 0.788233 0.501655 -15.928169 -3.167306 2.999705 -6.338817 -0.000001 0.000002 -18.123415 3.648177 -4.905661 -0.000004 -0.000001 -0.000002 -4.932839 18.901577 12.136410 47.828785 59.606312 -21.527529 176.466461 45.890041 177.836868 -6.792100 10.274676 -5.502085 2.243542 -5.255032 -3.180156 14.282878 -0.826595 6.952493 -0.000001 -12.690587 0.000002 14.865912 -18.285761 3.005823 1.665665 -1.955921 -2.878297 4.727795 -4.170582 4.993917 11.020514 0.000004 -0.000000 12.109036 -3.735709 -2.866778 0.000000 -0.000001 -0.000001 1.291985 -1.928547 -1.498086 14.800117 0.567466 3.865603 14.242556 -1.341735 -6.660646 19.631939 0.143925 -0.648243 48.932430 -1.032145 -6.444160 0.353030 -1.511149 -0.031941 20.222775 3.684304 2.316629 18.787245 0.000003 0.000001 10.751611 -0.479869 1.397904 0.000000 0.000001 0.000000 3.273804 0.305945 -0.580109 21.486795 11.830361 2.266130 8.162919 0.000002 -0.000001 18.399054 -3.798980 -4.940567 0.000003 -0.000001 -0.000001 5.707940 19.826122 -52.696144 -1.058653 -0.536791 63.312489 -13.831725 -25.845943 -0.576671 1.550845 -1.581787 -0.085761 -0.000000 0.000000 0.000002 -28.882324 -23.543653 -12.380463 1.132895 1.349949 78.009552 20.108358 9.194783 -29.775558 -1.506986 1.022229 -10.140302 0.000000 0.000000 -0.000001 
44.833885 79.727600 71.309685 4.597175 15.315566 -1.873142 -1.387173 1.495514 5.858355 -0.791218 1.912252 -2.454966 -3.459278 1.427073 14.853401 0.765731 2.216262 11.202390 1.243456 6.400757 -3.715850 -1.203893 6.618587 -13.171255 0.000076 -0.000021 0.000006 0.038320 0.025980 -0.076232 0.782356 -3.692163 -10.775992 -0.721946 3.728458 -10.689818 2.613817 -12.180420 8.816218 -26.897560 -42.048908 -43.850170 -179.670776 -65.497536 -179.033844 0.934670 -10.120258 -5.453848 -5.882100 9.861278 0.702589 -10.936860 -0.360574 7.156199 0.000001 8.774812 0.000000 -17.049295 16.573990 5.125598 -1.844029 2.498504 -2.507277 -10.163591 4.678939 4.621104 -20.975994 -0.000003 0.000003 -21.226250 2.451692 -3.593994 0.000000 -0.000007 -0.000000 -1.362679 2.240796 -0.746322 -21.334892 0.584908 3.008323 -13.821197 -0.000001 0.000004 -23.887129 -0.249078 -0.839478 -60.305534 2.350974 -1.285974 -0.294025 1.679686 0.833254 -14.218194 0.093213 1.300581 -34.212006 -0.287563 0.967173 -20.033180 0.964535 1.212843 -0.000000 -0.000002 0.000000 -3.440386 0.788232 0.501654 -15.928169 -3.167306 2.999705 -6.338817 -0.000002 0.000001 -18.123415 3.648177 -4.905660 -0.000005 -0.000001 -0.000002 -5.703374 18.311163 11.767449 53.325729 59.379372 -16.694597 176.851852 44.743172 178.080841 -6.614708 9.923888 -5.769216 2.243539 -5.255033 -3.180154 14.282881 -0.826595 6.952493 0.000000 -12.690591 -0.000003 15.031318 -18.220608 3.013014 1.665665 -1.955920 -2.878295 4.727794 -4.170583 4.993917 11.020513 0.000004 -0.000000 12.109035 -3.735711 -2.866780 0.000000 -0.000001 -0.000001 1.291985 -1.928548 -1.498089 14.800114 0.567466 3.865604 14.242556 -1.341735 -6.660649 19.631941 0.143926 -0.648244 48.966579 -0.908251 -6.297726 0.353029 -1.511149 -0.031941 20.222769 3.684305 2.316628 18.787247 0.000004 -0.000002 10.751611 -0.479868 1.397903 -0.000000 0.000001 -0.000000 3.273804 0.305946 -0.580109 21.486790 11.830360 2.266131 8.162917 0.000002 -0.000002 18.399055 -3.798981 -4.940571 0.000003 -0.000003 -0.000001 7.170593 20.658695 -49.712582 -0.938769 -0.585508 61.644180 -13.857203 -23.391741 -2.498739 1.556761 -1.612587 -0.109886 -0.000000 0.000000 0.000002 -28.506826 -22.069447 -13.481939 1.142882 1.394441 74.633194 20.312714 10.023992 -28.611912 -1.511631 1.019226 -9.307374 0.000000 0.000000 -0.000001 
46.123215 81.258560 71.277885 4.173140 10.028196 -2.009505 -1.436562 1.353063 5.457067 -0.813748 1.776931 -2.567361 -3.434386 1.147637 14.470757 -0.304487 2.779595 11.979748 1.557294 7.670902 -3.714001 -1.795566 8.352108 -13.201341 0.000077 -0.000022 0.000006 0.025205 0.044500 -0.079052 0.765943 -3.668079 -10.795465 -0.729123 3.746697 -10.728422 2.578664 -12.039123 8.763216 -26.772770 -38.978756 -46.662365 -178.937012 -64.502197 -179.429794 0.530089 -9.198902 -3.460866 -5.882102 9.861281 0.702590 -10.936855 -0.360578 7.156196 0.000001 8.774814 -0.000002 -16.910217 16.601629 5.212145 -1.844033 2.498503 -2.507274 -10.163589 4.678943 4.621102 -20.975996 -0.000004 -0.000000 -21.226254 2.451696 -3.593996 0.000000 -0.000006 0.000001 -1.362679 2.240796 -0.746325 -21.334892 0.584909 3.008318 -13.821195 -0.000002 0.000002 -23.887131 -0.249079 -0.839482 -60.163574 2.344691 -1.242841 -0.294023 1.679687 0.833255 -14.218190 0.093214 1.300578 -34.212002 -0.287567 0.967168 -20.033180 0.964534 1.212842 0.000000 -0.000001 0.000000 -3.440385 0.788235 0.501654 -15.928167 -3.167310 2.999702 -6.338817 -0.000002 0.000001 -18.123411 3.648176 -4.905663 -0.000004 -0.000000 -0.000002 -6.480995 17.627373 11.347072 58.366047 58.571510 -11.358213 177.461594 43.763702 178.475998 -5.795920 9.114603 -5.262524 2.243541 -5.255032 -3.180152 14.282877 -0.826592 6.952495 -0.000002 -12.690590 0.000000 15.315428 -18.174122 3.073133 1.665665 -1.955919 -2.878296 4.727793 -4.170582 4.993920 11.020511 0.000003 -0.000001 12.109031 -3.735709 -2.866778 0.000002 0.000000 0.000000 1.291984 -1.928546 -1.498090 14.800114 0.567469 3.865601 14.242553 -1.341731 -6.660648 19.631939 0.143925 -0.648243 49.168228 -0.847278 -6.104081 0.353030 -1.511150 -0.031941 20.222767 3.684307 2.316626 18.787247 0.000006 -0.000002 10.751611 -0.479865 1.397903 0.000000 0.000001 0.000000 3.273804 0.305947 -0.580110 21.486788 11.830361 2.266129 8.162917 0.000001 -0.000001 18.399054 -3.798978 -4.940566 0.000003 -0.000003 -0.000000 8.622344 21.743750 -46.256924 -0.787675 -0.598442 59.749981 -14.047307 -20.463287 -4.549731 1.571730 -1.667205 -0.221081 0.000000 -0.000000 0.000002 -28.073626 -20.065561 -14.934595 1.145266 1.437014 70.453590 20.868313 10.645525 -27.140257 -1.505439 1.006321 -8.295112 -0.000000 -0.000000 -0.000001 
47.494209 82.845749 71.254715 3.747312 4.183015 -2.020467 -1.474054 1.236129 5.085657 -0.843636 1.530962 -2.732973 -3.385400 0.917081 14.040493 -1.540020 3.487603 12.672866 1.926354 9.190140 -3.686757 -2.497076 10.160167 -13.463567 0.000077 -0.000021 0.000006 0.019062 0.060947 -0.078966 0.742596 -3.650777 -10.810818 -0.718886 3.759844 -10.758704 2.682802 -11.926644 8.684064 -26.012886 -35.733360 -49.874138 -178.744202 -63.689919 -179.617966 0.420047 -8.185802 -1.763430 -5.882099 9.861277 0.702589 -10.936861 -0.360575 7.156198 0.000001 8.774814 -0.000001 -16.838446 16.681835 5.238747 -1.844031 2.498503 -2.507276 -10.163589 4.678939 4.621103 -20.975992 -0.000004 0.000003 -21.226255 2.451693 -3.593993 0.000000 -0.000006 -0.000000 -1.362681 2.240795 -0.746323 -21.334890 0.584908 3.008322 -13.821194 -0.000001 0.000004 -23.887131 -0.249078 -0.839480 -60.181149 2.363255 -1.291246 -0.294024 1.679686 0.833255 -14.218194 0.093213 1.300581 -34.212002 -0.287561 0.967172 -20.033180 0.964537 1.212843 -0.000000 -0.000002 0.000000 -3.440387 0.788232 0.501654 -15.928171 -3.167306 2.999705 -6.338818 -0.000003 0.000001 -18.123417 3.648178 -4.905661 -0.000004 -0.000001 -0.000002 -7.122756 16.895668 11.040210 61.592026 57.602303 -6.951737 178.127075 43.380795 178.861969 -4.445239 7.842802 -4.110999 2.243541 -5.255033 -3.180155 14.282875 -0.826593 6.952495 0.000001 -12.690590 -0.000002 15.655814 -18.070793 3.042472 1.665666 -1.955921 -2.878296 4.727793 -4.170585 4.993920 11.020511 0.000004 -0.000001 12.109034 -3.735709 -2.866781 -0.000001 0.000000 0.000001 1.291985 -1.928548 -1.498089 14.800111 0.567467 3.865602 14.242551 -1.341735 -6.660649 19.631939 0.143926 -0.648246 49.452213 -0.762527 -5.964184 0.353028 -1.511151 -0.031940 20.222773 3.684307 2.316628 18.787247 0.000005 -0.000001 10.751611 -0.479868 1.397903 -0.000000 0.000000 0.000000 3.273804 0.305946 -0.580111 21.486790 11.830365 2.266128 8.162917 0.000000 -0.000001 18.399054 -3.798978 -4.940570 0.000002 -0.000003 -0.000000 10.030913 23.117144 -42.619064 -0.676508 -0.568534 57.645161 -14.401745 -17.302179 -6.308651 1.584231 -1.722788 -0.325255 -0.000000 0.000000 0.000002 -27.506781 -17.906450 -16.601507 1.105361 1.478961 65.874084 21.511265 10.927081 -25.143951 -1.498073 1.008805 -7.204099 0.000000 0.000001 -0.000001 
48.818180 84.343468 71.198769 3.311056 -1.689271 -1.938499 -1.466315 1.078834 4.712019 -0.866268 1.312806 -2.923410 -3.310668 0.764442 13.615023 -2.802835 4.294174 13.218208 2.257437 10.737487 -3.653458 -3.170387 11.899981 -13.830908 0.000077 -0.000022 0.000006 0.012590 0.072766 -0.062838 0.718845 -3.646155 -10.802789 -0.708274 3.781747 -10.766635 2.634959 -11.879259 8.655980 -24.691742 -32.468922 -53.109646 -179.006165 -63.358551 -179.527328 0.541920 -7.310334 -0.594851 -5.882102 9.861277 0.702589 -10.936858 -0.360573 7.156197 0.000000 8.774809 -0.000002 -16.845873 16.831219 5.302015 -1.844030 2.498502 -2.507275 -10.163590 4.678940 4.621105 -20.975996 -0.000003 0.000001 -21.226255 2.451692 -3.593994 -0.000000 -0.000007 -0.000000 -1.362679 2.240796 -0.746323 -21.334892 0.584907 3.008320 -13.821197 -0.000002 0.000002 -23.887131 -0.249080 -0.839480 -60.324158 2.427838 -1.370558 -0.294024 1.679685 0.833255 -14.218194 0.093214 1.300578 -34.212006 -0.287563 0.967169 -20.033176 0.964535 1.212842 0.000000 -0.000001 0.000000 -3.440386 0.788232 0.501654 -15.928167 -3.167305 2.999705 -6.338817 -0.000001 0.000002 -18.123415 3.648175 -4.905662 -0.000004 -0.000000 -0.000002 -7.567986 16.237255 10.788930 63.266071 56.765514 -3.604579 178.787552 43.566807 179.214478 -2.882276 6.526799 -2.779906 2.243541 -5.255033 -3.180155 14.282877 -0.826595 6.952496 -0.000001 -12.690588 0.000000 15.847098 -17.945780 3.000615 1.665664 -1.955919 -2.878298 4.727796 -4.170583 4.993920 11.020513 0.000002 -0.000001 12.109035 -3.735712 -2.866780 -0.000001 -0.000000 0.000000 1.291985 -1.928547 -1.498087 14.800114 0.567466 3.865603 14.242554 -1.341735 -6.660645 19.631939 0.143924 -0.648243 49.619900 -0.669444 -5.875070 0.353030 -1.511149 -0.031941 20.222769 3.684304 2.316631 18.787247 0.000003 -0.000000 10.751612 -0.479868 1.397903 0.000000 0.000000 0.000000 3.273805 0.305947 -0.580109 21.486792 11.830359 2.266132 8.162917 0.000002 0.000001 18.399057 -3.798980 -4.940567 0.000003 0.000000 -0.000001 11.303608 24.683353 -39.116875 -0.607656 -0.527492 55.482563 -14.824157 -14.198405 -7.642815 1.587723 -1.755513 -0.322059 -0.000000 0.000000 0.000002 -26.898033 -16.034447 -18.297831 1.049912 1.509654 61.309570 22.006649 10.808951 -22.635826 -1.487249 1.003014 -6.320631 -0.000000 -0.000000 -0.000001 
50.073223 85.678169 71.174522 2.931442 -7.075308 -1.806085 -1.421404 0.969383 4.347633 -0.860118 1.094531 -3.121085 -3.231768 0.654703 13.241186 -3.951360 5.072887 13.572677 2.532328 12.173594 -3.597146 -3.730605 13.414802 -14.171340 0.000077 -0.000022 0.000006 0.006074 0.065339 -0.049770 0.696888 -3.655306 -10.807030 -0.699837 3.779974 -10.786331 2.352892 -11.868852 8.746839 -23.315222 -29.498383 -55.886185 -179.404831 -63.544170 -179.314087 0.797678 -6.683596 0.108836 -5.882100 9.861279 0.702590 -10.936859 -0.360574 7.156196 -0.000000 8.774815 -0.000000 -16.868284 17.042770 5.373527 -1.844030 2.498503 -2.507277 -10.163589 4.678941 4.621106 -20.975994 -0.000002 0.000001 -21.226248 2.451694 -3.593996 0.000000 -0.000007 -0.000000 -1.362681 2.240797 -0.746326 -21.334888 0.584908 3.008319 -13.821197 -0.000004 0.000002 -23.887125 -0.249079 -0.839482 -60.536072 2.531105 -1.436641 -0.294024 1.679685 0.833254 -14.218194 0.093216 1.300578 -34.211998 -0.287566 0.967168 -20.033176 0.964535 1.212840 0.000000 0.000000 0.000000 -3.440385 0.788232 0.501656 -15.928167 -3.167306 2.999702 -6.338815 0.000000 0.000001 -18.123413 3.648175 -4.905663 -0.000004 -0.000001 -0.000002 -7.829769 15.761895 10.501925 63.853775 55.989788 -1.446790 179.255966 44.078419 179.430405 -1.513311 5.580914 -1.682424 2.243538 -5.255032 -3.180154 14.282873 -0.826591 6.952496 -0.000004 -12.690587 -0.000001 16.031246 -17.784121 2.917614 1.665667 -1.955920 -2.878298 4.727792 -4.170583 4.993918 11.020508 0.000004 -0.000001 12.109031 -3.735708 -2.866779 0.000000 -0.000000 0.000001 1.291983 -1.928547 -1.498091 14.800111 0.567471 3.865603 14.242556 -1.341734 -6.660648 19.631939 0.143928 -0.648240 49.789345 -0.634076 -5.795639 0.353028 -1.511149 -0.031939 20.222765 3.684309 2.316629 18.787243 0.000006 0.000002 10.751610 -0.479869 1.397905 -0.000000 -0.000001 0.000000 3.273804 0.305947 -0.580110 21.486794 11.830363 2.266134 8.162916 0.000003 0.000001 18.399050 -3.798978 -4.940564 0.000003 -0.000001 -0.000000 12.268100 26.290279 -35.938358 -0.534699 -0.501439 53.398384 -15.146285 -11.330881 -8.665049 1.590619 -1.756947 -0.300918 -0.000000 0.000000 0.000002 -26.411776 -14.675594 -19.648790 1.012956 1.487502 56.796646 22.484608 10.405386 -19.920786 -1.478412 1.012575 -5.678055 0.000000 0.000000 -0.000001 
51.248039 86.767662 71.206070 2.630954 -11.564255 -1.635777 -1.337401 0.891682 4.018217 -0.832058 0.954033 -3.287951 -3.167738 0.520875 12.922151 -4.947618 5.780045 13.724151 2.785074 13.327621 -3.543769 -4.141581 14.672952 -14.369468 0.000077 -0.000023 0.000006 -0.000909 0.064145 -0.037012 0.678234 -3.657927 -10.792081 -0.692056 3.785443 -10.781098 1.905907 -11.898041 8.900704 -22.214638 -27.118980 -58.128166 -179.534103 -64.096687 -179.271454 1.143655 -6.287912 0.449693 -5.882099 9.861278 0.702590 -10.936858 -0.360575 7.156196 0.000000 8.774813 0.000000 -16.879898 17.251820 5.465213 -1.844031 2.498502 -2.507276 -10.163589 4.678941 4.621105 -20.975992 -0.000003 0.000002 -21.226250 2.451694 -3.593993 0.000000 -0.000007 -0.000000 -1.362681 2.240796 -0.746324 -21.334885 0.584908 3.008321 -13.821194 -0.000003 0.000003 -23.887129 -0.249078 -0.839481 -60.707539 2.611333 -1.470563 -0.294025 1.679686 0.833254 -14.218190 0.093215 1.300579 -34.211998 -0.287564 0.967171 -20.033176 0.964536 1.212842 0.000000 -0.000001 -0.000000 -3.440386 0.788233 0.501656 -15.928169 -3.167307 2.999703 -6.338816 0.000002 0.000002 -18.123411 3.648178 -4.905662 -0.000004 -0.000002 -0.000002 -7.917632 15.456547 10.191514 64.237411 55.305004 0.113716 179.412170 44.616013 179.528183 -0.576513 4.999094 -0.879275 2.243539 -5.255033 -3.180156 14.282877 -0.826592 6.952497 -0.000001 -12.690592 0.000001 16.207762 -17.725157 2.875598 1.665664 -1.955920 -2.878297 4.727795 -4.170583 4.993921 11.020507 0.000004 -0.000000 12.109032 -3.735709 -2.866778 -0.000000 -0.000000 0.000001 1.291984 -1.928547 -1.498087 14.800107 0.567470 3.865605 14.242551 -1.341733 -6.660650 19.631933 0.143928 -0.648242 50.001350 -0.621760 -5.730316 0.353028 -1.511149 -0.031940 20.222769 3.684307 2.316629 18.787245 0.000005 0.000001 10.751608 -0.479868 1.397904 -0.000001 -0.000000 0.000001 3.273802 0.305947 -0.580111 21.486792 11.830365 2.266134 8.162916 0.000002 0.000000 18.399052 -3.798980 -4.940566 0.000003 0.000000 -0.000001 12.853198 27.800104 -33.375626 -0.492322 -0.488727 51.659023 -15.329922 -8.909839 -9.448987 1.597505 -1.764373 -0.338984 0.000000 0.000000 0.000002 -26.059387 -13.903718 -20.513657 0.975162 1.475918 52.496143 22.957075 9.838075 -17.381466 -1.467605 0.992894 -5.269668 0.000000 -0.000001 -0.000001 
52.152805 87.550354 71.204376 2.462849 -14.982203 -1.415647 -1.240507 0.833990 3.714722 -0.795151 0.842795 -3.468924 -3.176231 0.403729 12.662162 -5.653416 6.328190 13.737736 2.939350 14.190712 -3.455652 -4.420348 15.642669 -14.455976 0.000077 -0.000023 0.000006 -0.003493 0.057040 -0.025123 0.661115 -3.669446 -10.788205 -0.679816 3.777252 -10.779795 1.456749 -11.962151 9.083376 -21.471792 -25.414846 -59.733456 -179.668915 -64.870049 -179.267471 1.467529 -6.126894 0.420750 -5.882100 9.861278 0.702593 -10.936862 -0.360578 7.156198 0.000003 8.774810 0.000001 -16.909784 17.422367 5.524216 -1.844030 2.498501 -2.507275 -10.163592 4.678939 4.621106 -20.976000 -0.000004 0.000005 -21.226255 2.451694 -3.593991 0.000000 -0.000005 -0.000000 -1.362681 2.240798 -0.746322 -21.334894 0.584908 3.008323 -13.821200 -0.000002 0.000004 -23.887135 -0.249077 -0.839478 -60.751183 2.689940 -1.510243 -0.294024 1.679685 0.833256 -14.218195 0.093215 1.300581 -34.212013 -0.287564 0.967176 -20.033182 0.964536 1.212844 0.000000 0.000001 0.000000 -3.440385 0.788232 0.501654 -15.928169 -3.167306 2.999705 -6.338818 -0.000001 0.000002 -18.123417 3.648175 -4.905658 -0.000004 -0.000001 -0.000003 -7.853012 15.253132 9.938185 64.487160 54.735268 1.146316 179.341858 44.972649 179.456558 -0.028682 4.667166 -0.486795 2.243541 -5.255032 -3.180153 14.282879 -0.826594 6.952495 -0.000002 -12.690591 0.000001 16.396858 -17.658733 2.798330 1.665666 -1.955920 -2.878296 4.727793 -4.170583 4.993918 11.020513 0.000003 -0.000000 12.109034 -3.735709 -2.866780 -0.000001 -0.000000 0.000000 1.291985 -1.928548 -1.498088 14.800117 0.567466 3.865603 14.242554 -1.341735 -6.660647 19.631941 0.143925 -0.648243 50.147739 -0.588937 -5.675621 0.353028 -1.511148 -0.031939 20.222773 3.684305 2.316628 18.787249 0.000004 -0.000001 10.751611 -0.479869 1.397904 -0.000000 -0.000000 0.000000 3.273804 0.305947 -0.580111 21.486794 11.830360 2.266130 8.162920 0.000000 -0.000000 18.399055 -3.798979 -4.940567 0.000004 0.000001 -0.000000 13.106722 29.180199 -31.614864 -0.465927 -0.489847 50.329792 -15.409388 -7.087948 -9.918507 1.597205 -1.791861 -0.457966 0.000000 0.000000 0.000002 -25.769526 -13.615835 -20.974800 0.934826 1.402635 48.596058 23.195364 9.098498 -15.806046 -1.464013 0.969978 -4.878060 0.000000 0.000000 -0.000001 
52.844650 88.037155 71.160950 2.452043 -17.124628 -1.089366 -1.170601 0.818215 3.350669 -0.764027 0.742977 -3.646989 -3.229870 0.275654 12.456356 -6.021392 6.644755 13.634709 3.005413 14.749167 -3.337392 -4.551197 16.202850 -14.444504 0.000077 -0.000022 0.000006 -0.008520 0.052256 -0.008653 0.644623 -3.678394 -10.775304 -0.673741 3.776593 -10.768397 1.071420 -12.072351 9.293283 -20.948776 -24.572268 -60.749798 -179.769333 -65.773010 -179.252411 1.781715 -6.030155 0.134972 -5.882101 9.861279 0.702592 -10.936858 -0.360576 7.156198 0.000000 8.774814 -0.000001 -16.889103 17.555582 5.557498 -1.844032 2.498503 -2.507275 -10.163589 4.678940 4.621104 -20.975994 -0.000005 0.000003 -21.226250 2.451690 -3.593992 0.000000 -0.000006 -0.000001 -1.362680 2.240796 -0.746323 -21.334892 0.584907 3.008320 -13.821197 -0.000002 0.000002 -23.887129 -0.249078 -0.839480 -60.701336 2.773320 -1.590184 -0.294026 1.679686 0.833256 -14.218189 0.093214 1.300579 -34.212002 -0.287567 0.967170 -20.033176 0.964532 1.212843 0.000001 -0.000002 -0.000000 -3.440387 0.788233 0.501654 -15.928167 -3.167307 2.999706 -6.338815 -0.000002 0.000002 -18.123413 3.648173 -4.905659 -0.000004 -0.000000 -0.000002 -7.725247 15.039107 9.659183 64.732201 54.252560 1.971895 179.225098 45.046097 179.392731 0.369888 4.502922 -0.615620 2.243539 -5.255032 -3.180156 14.282875 -0.826593 6.952496 -0.000003 -12.690590 0.000001 16.494694 -17.646067 2.702216 1.665666 -1.955920 -2.878298 4.727793 -4.170582 4.993919 11.020511 0.000004 -0.000001 12.109029 -3.735707 -2.866779 0.000001 0.000000 0.000001 1.291982 -1.928548 -1.498088 14.800111 0.567469 3.865604 14.242553 -1.341733 -6.660649 19.631939 0.143927 -0.648242 50.098804 -0.574078 -5.636540 0.353028 -1.511149 -0.031941 20.222763 3.684308 2.316628 18.787245 0.000006 0.000001 10.751609 -0.479867 1.397905 -0.000000 -0.000000 -0.000000 3.273803 0.305948 -0.580112 21.486790 11.830365 2.266132 8.162913 0.000002 0.000001 18.399044 -3.798977 -4.940564 0.000003 0.000000 -0.000000 12.898088 30.419878 -30.883190 -0.458838 -0.464385 49.524864 -15.357449 -6.053719 -10.094527 1.597820 -1.834802 -0.633069 0.000000 -0.000000 0.000002 -25.581751 -13.637772 -20.975800 0.818805 1.286556 44.982647 23.335136 8.309059 -15.491882 -1.458246 0.936520 -4.198187 -0.000000 -0.000000 -0.000001 
53.285503 88.254509 71.050621 2.642764 -18.106646 -0.753814 -1.120338 0.821627 3.034834 -0.762706 0.737488 -3.750153 -3.302119 0.127120 12.226210 -6.259085 6.805752 13.425290 3.096080 14.922002 -3.273361 -4.626317 16.540230 -14.503686 0.000077 -0.000020 0.000006 0.001789 -0.011541 0.002786 0.660130 -3.749441 -10.779787 -0.663700 3.724423 -10.771201 0.808343 -12.184295 9.358689 -20.642534 -24.302216 -61.265244 -179.527985 -66.516258 -179.646439 1.902810 -6.020776 0.047516 -5.882102 9.861279 0.702588 -10.936860 -0.360576 7.156196 -0.000001 8.774813 -0.000002 -16.944798 17.464514 5.420037 -1.844031 2.498503 -2.507276 -10.163589 4.678941 4.621102 -20.975996 -0.000002 0.000001 -21.226255 2.451694 -3.593996 0.000000 -0.000007 -0.000001 -1.362683 2.240796 -0.746323 -21.334892 0.584911 3.008319 -13.821195 -0.000001 0.000001 -23.887133 -0.249078 -0.839484 -60.712543 2.679129 -1.650008 -0.294023 1.679686 0.833255 -14.218192 0.093215 1.300577 -34.212006 -0.287562 0.967166 -20.033178 0.964537 1.212839 0.000001 0.000000 0.000000 -3.440386 0.788233 0.501656 -15.928169 -3.167304 2.999705 -6.338816 0.000000 0.000001 -18.123413 3.648176 -4.905662 -0.000004 -0.000000 -0.000002 -7.605799 14.804299 9.306177 64.941116 53.829338 2.754003 179.254013 44.619484 179.345764 0.687912 4.419408 -1.077922 2.243541 -5.255032 -3.180155 14.282877 -0.826594 6.952495 -0.000001 -12.690590 0.000002 16.758730 -17.608488 2.555403 1.665664 -1.955920 -2.878296 4.727791 -4.170584 4.993919 11.020511 0.000003 -0.000001 12.109033 -3.735709 -2.866781 0.000000 0.000000 0.000000 1.291987 -1.928549 -1.498088 14.800117 0.567467 3.865603 14.242554 -1.341734 -6.660648 19.631941 0.143925 -0.648242 50.234234 -0.491250 -5.613060 0.353028 -1.511149 -0.031940 20.222769 3.684305 2.316628 18.787245 0.000004 0.000000 10.751611 -0.479868 1.397904 -0.000000 -0.000000 0.000000 3.273804 0.305947 -0.580110 21.486794 11.830362 2.266130 8.162916 0.000001 -0.000001 18.399052 -3.798979 -4.940567 0.000004 0.000000 -0.000000 12.267525 31.495964 -31.006653 -0.465279 -0.465806 49.169819 -15.079598 -5.766311 -10.028342 1.603799 -1.856116 -0.833643 0.000000 -0.000000 0.000002 -25.695152 -13.427970 -21.222075 0.759445 1.107682 43.129936 23.296230 8.015192 -15.376114 -1.439763 0.963248 -3.692252 0.000000 0.000000 -0.000001 
53.549747 88.260643 70.847397 2.734445 -18.333326 -0.485534 -0.993844 0.816108 2.831612 -0.716407 0.669990 -3.866107 -3.273768 0.046644 12.246037 -6.455759 6.818449 13.076601 3.100255 15.033484 -3.235615 -4.730642 16.541367 -14.605676 0.000077 -0.000023 0.000006 0.004006 -0.006484 0.006691 0.679463 -3.757248 -10.794393 -0.679702 3.727493 -10.779712 0.469985 -12.241485 9.531850 -20.144247 -24.502943 -61.645985 -179.787415 -67.250397 -179.264542 1.712951 -6.236982 -0.266390 -5.882102 9.861278 0.702591 -10.936859 -0.360575 7.156196 0.000000 8.774811 -0.000000 -16.906389 17.324072 5.447769 -1.844031 2.498503 -2.507276 -10.163589 4.678938 4.621103 -20.975992 -0.000002 0.000001 -21.226255 2.451690 -3.593993 0.000001 -0.000005 -0.000001 -1.362678 2.240795 -0.746324 -21.334892 0.584909 3.008320 -13.821197 -0.000003 0.000003 -23.887129 -0.249079 -0.839482 -60.720474 2.586330 -1.608189 -0.294026 1.679685 0.833256 -14.218195 0.093215 1.300579 -34.212002 -0.287564 0.967169 -20.033178 0.964535 1.212841 0.000001 0.000000 -0.000000 -3.440384 0.788232 0.501655 -15.928164 -3.167305 2.999703 -6.338816 0.000000 0.000000 -18.123413 3.648175 -4.905662 -0.000004 -0.000000 -0.000002 -7.439800 14.697534 8.999583 64.551521 53.805359 3.002641 179.446625 44.168552 179.504944 0.994710 4.543863 -1.606547 2.243540 -5.255032 -3.180155 14.282877 -0.826595 6.952497 -0.000001 -12.690590 0.000001 16.687328 -17.624420 2.538226 1.665665 -1.955920 -2.878297 4.727792 -4.170584 4.993919 11.020511 0.000003 -0.000001 12.109033 -3.735708 -2.866780 0.000000 0.000000 -0.000001 1.291985 -1.928548 -1.498088 14.800111 0.567468 3.865604 14.242553 -1.341734 -6.660648 19.631937 0.143926 -0.648243 50.208542 -0.477546 -5.703689 0.353027 -1.511149 -0.031939 20.222767 3.684306 2.316628 18.787245 0.000005 0.000001 10.751611 -0.479868 1.397905 0.000000 -0.000000 -0.000000 3.273805 0.305947 -0.580110 21.486794 11.830362 2.266133 8.162916 0.000002 0.000001 18.399052 -3.798980 -4.940565 0.000003 0.000000 -0.000001 11.747682 32.164246 -31.596371 -0.477178 -0.440671 49.264313 -14.824194 -6.039745 -9.877676 1.606233 -1.863991 -0.899537 0.000000 -0.000000 0.000002 -25.754574 -13.307117 -21.810795 0.668864 1.049524 43.006382 23.245668 8.496831 -15.028652 -1.427295 0.952086 -3.452475 0.000000 0.000000 -0.000001 
53.684467 88.186920 70.660263 2.788678 -18.023163 -0.294708 -0.905935 0.813147 2.715665 -0.668041 0.617730 -3.941398 -3.181117 -0.046093 12.377473 -6.443890 6.701345 12.793762 3.060768 14.999810 -3.229303 -4.884723 16.425516 -14.718627 0.000077 -0.000022 0.000006 0.002138 -0.000021 0.007008 0.693652 -3.751698 -10.815145 -0.696547 3.746952 -10.795418 0.382211 -12.305153 9.753610 -19.708649 -24.847137 -62.027493 179.789917 -67.848068 -178.761124 1.537252 -6.578298 -0.725647 -5.882099 9.861278 0.702590 -10.936858 -0.360574 7.156198 -0.000000 8.774814 -0.000000 -16.947792 17.243540 5.461207 -1.844030 2.498503 -2.507276 -10.163589 4.678940 4.621105 -20.975992 -0.000002 0.000002 -21.226248 2.451693 -3.593993 0.000000 -0.000006 -0.000000 -1.362678 2.240795 -0.746322 -21.334887 0.584908 3.008322 -13.821193 -0.000003 0.000002 -23.887121 -0.249080 -0.839481 -60.739475 2.522278 -1.603750 -0.294026 1.679687 0.833255 -14.218194 0.093215 1.300580 -34.211998 -0.287565 0.967171 -20.033175 0.964534 1.212842 0.000001 0.000001 -0.000000 -3.440385 0.788232 0.501655 -15.928164 -3.167306 2.999703 -6.338817 -0.000001 0.000002 -18.123411 3.648176 -4.905662 -0.000004 -0.000001 -0.000002 -7.333516 14.639296 8.801879 64.006577 53.995228 2.791224 179.536972 43.852901 179.620285 1.234975 4.876640 -2.316347 2.243539 -5.255033 -3.180155 14.282877 -0.826593 6.952496 -0.000001 -12.690593 0.000000 16.575565 -17.605082 2.577604 1.665665 -1.955920 -2.878295 4.727793 -4.170583 4.993919 11.020514 0.000003 -0.000001 12.109033 -3.735709 -2.866778 0.000001 0.000000 0.000001 1.291985 -1.928547 -1.498088 14.800111 0.567469 3.865602 14.242553 -1.341734 -6.660647 19.631937 0.143926 -0.648243 50.217281 -0.506363 -5.760016 0.353028 -1.511149 -0.031940 20.222771 3.684307 2.316628 18.787247 0.000005 -0.000001 10.751610 -0.479867 1.397904 0.000000 -0.000000 0.000001 3.273806 0.305947 -0.580110 21.486794 11.830363 2.266130 8.162917 0.000001 -0.000000 18.399052 -3.798979 -4.940567 0.000003 0.000000 -0.000001 11.289101 32.483768 -32.320271 -0.509619 -0.428961 49.493977 -14.572099 -6.434620 -9.688338 1.608069 -1.854046 -0.913193 0.000000 -0.000000 0.000002 -25.857069 -13.370289 -22.102194 0.679649 1.009878 43.199856 23.150967 8.758131 -15.087686 -1.421740 0.965556 -3.297201 0.000000 0.000000 -0.000001 
53.777920 88.175293 70.485977 2.793996 -17.445581 -0.135029 -0.866944 0.808440 2.631275 -0.634769 0.552552 -3.961710 -3.032341 -0.117435 12.485289 -6.255358 6.525072 12.595626 3.018693 14.806790 -3.215207 -4.988808 16.262852 -14.781630 0.000077 -0.000022 0.000006 0.001224 -0.000248 0.006700 0.698369 -3.742062 -10.807425 -0.703233 3.744603 -10.786819 0.487039 -12.393620 9.907161 -19.555079 -25.145029 -62.339733 179.790787 -68.239197 -178.660767 1.300177 -6.835412 -1.084784 -5.882101 9.861278 0.702589 -10.936858 -0.360574 7.156199 0.000002 8.774814 -0.000001 -16.999228 17.237043 5.466921 -1.844031 2.498503 -2.507276 -10.163589 4.678939 4.621103 -20.975994 -0.000004 0.000003 -21.226254 2.451693 -3.593993 0.000000 -0.000005 -0.000000 -1.362680 2.240797 -0.746324 -21.334892 0.584908 3.008322 -13.821195 -0.000002 0.000003 -23.887133 -0.249076 -0.839480 -60.786167 2.516296 -1.600867 -0.294024 1.679685 0.833255 -14.218192 0.093215 1.300579 -34.211998 -0.287563 0.967172 -20.033178 0.964536 1.212843 -0.000000 0.000000 0.000000 -3.440387 0.788232 0.501654 -15.928171 -3.167307 2.999704 -6.338818 -0.000001 0.000002 -18.123415 3.648174 -4.905660 -0.000004 0.000001 -0.000002 -7.229928 14.603898 8.691822 63.559048 54.083076 2.471824 179.549210 43.704922 179.684448 1.394713 5.195609 -2.771161 2.243540 -5.255033 -3.180155 14.282875 -0.826593 6.952496 -0.000000 -12.690588 0.000001 16.449823 -17.561321 2.627675 1.665666 -1.955920 -2.878296 4.727792 -4.170582 4.993917 11.020512 0.000003 -0.000001 12.109035 -3.735710 -2.866781 0.000002 0.000000 0.000000 1.291983 -1.928548 -1.498088 14.800111 0.567468 3.865603 14.242553 -1.341734 -6.660649 19.631939 0.143927 -0.648244 50.305191 -0.518850 -5.818121 0.353031 -1.511150 -0.031941 20.222763 3.684306 2.316626 18.787243 0.000005 -0.000001 10.751609 -0.479867 1.397904 -0.000000 -0.000000 0.000000 3.273802 0.305947 -0.580110 21.486788 11.830361 2.266129 8.162917 0.000001 -0.000000 18.399052 -3.798979 -4.940567 0.000003 0.000000 -0.000001 10.852449 32.537952 -32.974728 -0.515310 -0.426266 49.526722 -14.334772 -6.825221 -9.387733 1.609973 -1.842488 -0.962752 0.000000 0.000000 0.000002 -25.904968 -13.478100 -22.079483 0.666474 0.987089 43.195583 23.046558 8.747286 -15.195656 -1.419844 0.993806 -3.189755 0.000000 0.000001 -0.000001 
53.744495 88.193985 70.390305 2.756787 -16.773163 -0.008143 -0.844376 0.794529 2.584529 -0.615108 0.528519 -3.938634 -2.863689 -0.215284 12.521270 -5.996209 6.345053 12.494443 2.975433 14.549148 -3.236665 -5.066672 16.192902 -14.744465 0.000077 -0.000021 0.000006 0.006933 -0.024310 0.002082 0.708404 -3.771940 -10.792043 -0.701076 3.712420 -10.767321 0.695196 -12.478628 9.973701 -19.595531 -25.299520 -62.445232 179.972702 -68.521011 -178.811249 1.082187 -6.968415 -1.282873 -5.882100 9.861279 0.702590 -10.936858 -0.360574 7.156197 -0.000001 8.774813 -0.000001 -17.050234 17.261686 5.433100 -1.844033 2.498502 -2.507276 -10.163589 4.678940 4.621102 -20.975996 -0.000003 0.000003 -21.226254 2.451691 -3.593993 0.000000 -0.000006 -0.000001 -1.362679 2.240795 -0.746323 -21.334890 0.584909 3.008322 -13.821197 -0.000004 0.000004 -23.887133 -0.249078 -0.839480 -60.802940 2.525903 -1.603635 -0.294025 1.679686 0.833255 -14.218194 0.093215 1.300580 -34.211998 -0.287563 0.967172 -20.033180 0.964535 1.212842 0.000000 0.000001 -0.000000 -3.440384 0.788231 0.501654 -15.928167 -3.167307 2.999706 -6.338817 -0.000001 0.000001 -18.123411 3.648178 -4.905660 -0.000004 -0.000000 -0.000002 -7.139850 14.581733 8.603129 63.251564 54.011330 2.219644 179.564621 43.639187 179.699570 1.520367 5.351631 -2.947001 2.243538 -5.255033 -3.180154 14.282875 -0.826593 6.952496 -0.000001 -12.690591 -0.000002 16.409075 -17.541769 2.644384 1.665663 -1.955920 -2.878296 4.727791 -4.170582 4.993918 11.020512 0.000003 -0.000000 12.109032 -3.735710 -2.866780 0.000001 0.000000 -0.000001 1.291984 -1.928548 -1.498087 14.800107 0.567469 3.865602 14.242553 -1.341735 -6.660649 19.631939 0.143926 -0.648242 50.371136 -0.549317 -5.855055 0.353029 -1.511150 -0.031940 20.222769 3.684307 2.316629 18.787245 0.000005 0.000000 10.751608 -0.479868 1.397904 -0.000000 -0.000000 0.000000 3.273804 0.305947 -0.580111 21.486792 11.830363 2.266134 8.162916 0.000001 0.000000 18.399052 -3.798979 -4.940567 0.000004 0.000000 -0.000001 10.591643 32.410744 -33.430450 -0.509821 -0.425194 49.420166 -14.201550 -7.154552 -9.065866 1.611222 -1.838444 -1.020068 -0.000000 0.000000 0.000002 -25.869850 -13.585503 -21.864834 0.681402 0.998857 43.177605 22.903147 8.601612 -15.452773 -1.420146 1.002505 -3.138840 0.000000 0.000001 -0.000001 
53.644508 88.213638 70.377121 2.711811 -16.142464 0.097263 -0.825176 0.812681 2.553571 -0.596562 0.486779 -3.899309 -2.725811 -0.284603 12.526107 -5.727550 6.197296 12.400979 2.959991 14.312830 -3.245294 -5.135540 16.170284 -14.667418 0.000077 -0.000021 0.000006 0.007354 -0.037342 -0.002133 0.713941 -3.782176 -10.776119 -0.705600 3.693413 -10.748074 0.895078 -12.563941 9.982615 -19.626822 -25.357964 -62.442986 -179.719711 -68.806229 -179.127747 0.956333 -7.021810 -1.391119 -5.882101 9.861278 0.702590 -10.936858 -0.360575 7.156198 0.000002 8.774814 -0.000002 -17.057833 17.297663 5.430497 -1.844034 2.498503 -2.507276 -10.163588 4.678940 4.621105 -20.975994 -0.000004 0.000003 -21.226248 2.451690 -3.593993 0.000000 -0.000005 -0.000000 -1.362682 2.240797 -0.746323 -21.334887 0.584907 3.008320 -13.821193 -0.000002 0.000002 -23.887125 -0.249080 -0.839479 -60.845337 2.521056 -1.628282 -0.294024 1.679687 0.833255 -14.218192 0.093213 1.300580 -34.211998 -0.287565 0.967172 -20.033178 0.964535 1.212842 -0.000000 0.000000 0.000000 -3.440387 0.788232 0.501655 -15.928167 -3.167306 2.999704 -6.338815 -0.000002 0.000001 -18.123415 3.648176 -4.905662 -0.000003 -0.000000 -0.000002 -7.069750 14.531152 8.558166 63.001396 53.941059 1.941442 179.567963 43.584564 179.670609 1.525484 5.397773 -2.959543 2.243539 -5.255033 -3.180153 14.282878 -0.826595 6.952495 0.000001 -12.690591 0.000002 16.450861 -17.562605 2.658420 1.665666 -1.955920 -2.878296 4.727791 -4.170584 4.993918 11.020512 0.000002 -0.000001 12.109035 -3.735712 -2.866780 0.000001 0.000000 -0.000001 1.291985 -1.928548 -1.498089 14.800113 0.567466 3.865603 14.242553 -1.341735 -6.660648 19.631941 0.143925 -0.648244 50.420704 -0.593271 -5.861448 0.353027 -1.511149 -0.031941 20.222767 3.684305 2.316627 18.787245 0.000002 -0.000001 10.751610 -0.479869 1.397902 0.000000 -0.000000 -0.000000 3.273805 0.305947 -0.580111 21.486792 11.830361 2.266129 8.162916 -0.000000 -0.000000 18.399055 -3.798981 -4.940570 0.000003 -0.000001 -0.000000 10.458355 32.177044 -33.734653 -0.487151 -0.412724 49.298168 -14.187926 -7.488491 -8.805840 1.615437 -1.832858 -1.082005 0.000000 -0.000000 0.000002 -25.805489 -13.641934 -21.593014 0.699767 1.025128 43.187473 22.761583 8.401793 -15.797653 -1.422189 1.011323 -3.114293 0.000000 0.000000 -0.000001 
53.478600 88.243690 70.427528 2.683002 -15.533668 0.204180 -0.809848 0.809536 2.514046 -0.584426 0.439155 -3.903808 -2.625103 -0.314818 12.562140 -5.487308 6.043783 12.310638 2.956381 14.163964 -3.245996 -5.192675 16.101870 -14.629612 0.000077 -0.000021 0.000006 0.012957 -0.061451 -0.006812 0.722659 -3.792588 -10.773009 -0.704990 3.670046 -10.742822 1.056706 -12.625861 9.944482 -19.566046 -25.372307 -62.351353 -179.528992 -69.146858 -179.400055 0.926752 -7.089897 -1.447542 -5.882103 9.861277 0.702590 -10.936858 -0.360575 7.156196 0.000001 8.774814 -0.000001 -17.047081 17.278286 5.451942 -1.844033 2.498502 -2.507277 -10.163590 4.678940 4.621104 -20.975996 -0.000002 0.000001 -21.226254 2.451692 -3.593995 0.000001 -0.000006 -0.000000 -1.362681 2.240796 -0.746325 -21.334896 0.584910 3.008320 -13.821197 -0.000002 0.000001 -23.887133 -0.249078 -0.839482 -60.921581 2.516122 -1.626995 -0.294025 1.679686 0.833255 -14.218195 0.093214 1.300579 -34.212002 -0.287565 0.967169 -20.033180 0.964536 1.212841 0.000000 -0.000001 0.000000 -3.440385 0.788233 0.501655 -15.928171 -3.167306 2.999705 -6.338816 -0.000001 0.000001 -18.123415 3.648176 -4.905663 -0.000003 -0.000000 -0.000002 -7.029334 14.456758 8.510462 62.723053 53.803585 1.517859 179.512268 43.492813 179.593323 1.410050 5.393099 -2.903210 2.243541 -5.255032 -3.180155 14.282877 -0.826593 6.952496 -0.000003 -12.690588 0.000001 16.463406 -17.567661 2.692452 1.665666 -1.955919 -2.878297 4.727792 -4.170583 4.993918 11.020512 0.000003 -0.000002 12.109029 -3.735709 -2.866779 0.000001 0.000000 -0.000001 1.291986 -1.928548 -1.498089 14.800111 0.567468 3.865602 14.242553 -1.341734 -6.660649 19.631939 0.143927 -0.648245 50.448147 -0.619185 -5.901401 0.353029 -1.511149 -0.031941 20.222771 3.684306 2.316625 18.787247 0.000005 -0.000001 10.751610 -0.479868 1.397903 -0.000000 0.000000 0.000000 3.273804 0.305946 -0.580110 21.486790 11.830362 2.266128 8.162916 0.000001 -0.000001 18.399054 -3.798978 -4.940567 0.000003 -0.000001 -0.000001 10.389862 31.883768 -33.932785 -0.472034 -0.406065 49.119499 -14.257309 -7.756303 -8.571702 1.614149 -1.845728 -1.135312 -0.000000 0.000000 0.000002 -25.725748 -13.736017 -21.292448 0.688808 1.039182 43.214043 22.649698 8.234413 -16.169277 -1.421840 1.001526 -3.048295 0.000000 0.000000 -0.000001 
53.275673 88.264214 70.525833 2.680104 -14.985299 0.302854 -0.801144 0.816777 2.451583 -0.572113 0.405848 -3.904543 -2.554632 -0.364303 12.587232 -5.292836 5.920884 12.249512 2.959856 14.050158 -3.277833 -5.230925 16.041670 -14.605151 0.000077 -0.000021 0.000006 0.012036 -0.067997 -0.012306 0.729397 -3.814061 -10.791504 -0.710233 3.664170 -10.765872 1.204863 -12.679548 9.901941 -19.530340 -25.346361 -62.180767 -179.558533 -69.425163 -179.452026 0.915511 -7.175259 -1.486633 -5.882103 9.861278 0.702591 -10.936863 -0.360576 7.156198 0.000003 8.774809 -0.000001 -17.029781 17.216707 5.452210 -1.844032 2.498503 -2.507275 -10.163589 4.678937 4.621104 -20.975996 -0.000005 0.000004 -21.226255 2.451692 -3.593991 0.000000 -0.000005 -0.000000 -1.362681 2.240795 -0.746322 -21.334892 0.584907 3.008321 -13.821197 -0.000002 0.000002 -23.887133 -0.249078 -0.839479 -60.932919 2.527669 -1.628807 -0.294023 1.679687 0.833255 -14.218194 0.093213 1.300579 -34.212006 -0.287564 0.967173 -20.033180 0.964536 1.212844 0.000000 0.000000 0.000000 -3.440384 0.788232 0.501655 -15.928167 -3.167307 2.999705 -6.338817 -0.000003 0.000001 -18.123413 3.648173 -4.905659 -0.000004 -0.000001 -0.000002 -7.036808 14.361392 8.434850 62.552971 53.672241 1.170145 179.506378 43.386917 179.581146 1.333954 5.411246 -2.773398 2.243539 -5.255033 -3.180155 14.282877 -0.826593 6.952496 -0.000002 -12.690592 -0.000001 16.436798 -17.597330 2.749747 1.665668 -1.955920 -2.878296 4.727795 -4.170584 4.993918 11.020510 0.000003 -0.000001 12.109033 -3.735710 -2.866779 0.000001 0.000000 0.000000 1.291984 -1.928548 -1.498089 14.800114 0.567467 3.865602 14.242554 -1.341735 -6.660649 19.631941 0.143925 -0.648246 50.454235 -0.637239 -5.894959 0.353030 -1.511149 -0.031941 20.222769 3.684305 2.316627 18.787245 0.000004 -0.000002 10.751610 -0.479867 1.397903 -0.000000 -0.000001 -0.000000 3.273803 0.305947 -0.580111 21.486794 11.830362 2.266131 8.162916 0.000000 -0.000000 18.399055 -3.798979 -4.940568 0.000003 -0.000001 -0.000001 10.357792 31.614717 -34.061382 -0.459324 -0.402314 48.951721 -14.350725 -8.020367 -8.383740 1.613742 -1.844695 -1.172763 -0.000000 0.000000 0.000002 -25.667442 -13.860946 -21.010984 0.678707 1.039503 43.297306 22.571398 8.115726 -16.554768 -1.422021 0.999177 -2.961365 0.000000 0.000000 -0.000001 
53.085892 88.275894 70.605217 2.684590 -14.489883 0.391242 -0.800393 0.803616 2.389730 -0.563958 0.389477 -3.922821 -2.510372 -0.403410 12.614364 -5.117293 5.813302 12.208673 2.962456 13.944543 -3.282832 -5.253105 15.977379 -14.589917 0.000077 -0.000021 0.000006 0.011947 -0.074373 -0.014304 0.733110 -3.806953 -10.791419 -0.715642 3.667119 -10.769835 1.320542 -12.732602 9.864480 -19.510012 -25.336237 -62.001099 -179.617661 -69.715157 -179.417328 0.928970 -7.316386 -1.613640 -5.882099 9.861278 0.702592 -10.936860 -0.360578 7.156199 0.000002 8.774813 -0.000002 -17.048527 17.167431 5.471937 -1.844028 2.498502 -2.507276 -10.163589 4.678938 4.621106 -20.975996 -0.000005 0.000007 -21.226255 2.451693 -3.593988 0.000000 -0.000006 -0.000001 -1.362680 2.240796 -0.746322 -21.334892 0.584905 3.008323 -13.821197 -0.000004 0.000004 -23.887133 -0.249078 -0.839475 -61.037655 2.526154 -1.626848 -0.294024 1.679687 0.833256 -14.218194 0.093211 1.300581 -34.212002 -0.287563 0.967175 -20.033180 0.964535 1.212846 0.000001 -0.000000 0.000000 -3.440387 0.788232 0.501658 -15.928169 -3.167307 2.999707 -6.338817 -0.000002 0.000002 -18.123413 3.648175 -4.905657 -0.000003 -0.000001 -0.000002 -7.052382 14.275504 8.398324 62.514957 53.531017 0.913731 179.531738 43.293121 179.626892 1.256325 5.440587 -2.618185 2.243541 -5.255031 -3.180154 14.282879 -0.826595 6.952493 -0.000003 -12.690588 0.000000 16.443054 -17.660583 2.782538 1.665664 -1.955919 -2.878295 4.727793 -4.170584 4.993917 11.020513 0.000002 -0.000001 12.109034 -3.735709 -2.866781 0.000001 -0.000000 -0.000000 1.291984 -1.928548 -1.498088 14.800111 0.567467 3.865602 14.242554 -1.341734 -6.660649 19.631939 0.143926 -0.648245 50.559620 -0.659217 -5.910326 0.353029 -1.511149 -0.031940 20.222773 3.684306 2.316626 18.787247 0.000005 -0.000002 10.751612 -0.479867 1.397902 -0.000000 -0.000000 -0.000000 3.273805 0.305947 -0.580111 21.486792 11.830362 2.266129 8.162916 0.000000 -0.000000 18.399054 -3.798976 -4.940568 0.000003 0.000000 -0.000001 10.327195 31.370375 -34.188408 -0.460066 -0.405426 48.805988 -14.430244 -8.199200 -8.214817 1.617293 -1.846657 -1.197287 -0.000000 0.000000 0.000002 -25.618856 -14.029021 -20.779795 0.673950 1.038541 43.405426 22.518312 8.058160 -16.888969 -1.421957 1.003737 -2.850237 0.000000 0.000000 -0.000001 
52.864307 88.272438 70.698097 2.684817 -14.013923 0.462955 -0.806691 0.797819 2.325783 -0.559701 0.372326 -3.929467 -2.479450 -0.449788 12.634558 -4.957425 5.705078 12.184906 2.955366 13.865983 -3.284969 -5.268053 15.909649 -14.540140 0.000077 -0.000021 0.000006 0.010631 -0.074374 -0.017564 0.740569 -3.815611 -10.790756 -0.721344 3.657474 -10.770092 1.461290 -12.782828 9.806900 -19.499300 -25.321535 -61.869720 -179.629776 -69.954491 -179.454437 0.945863 -7.483466 -1.841950 -5.882101 9.861279 0.702589 -10.936858 -0.360576 7.156196 0.000001 8.774813 -0.000002 -17.013128 17.157646 5.490434 -1.844033 2.498503 -2.507275 -10.163589 4.678940 4.621104 -20.975994 -0.000003 0.000000 -21.226255 2.451693 -3.593994 0.000000 -0.000005 -0.000000 -1.362680 2.240797 -0.746322 -21.334892 0.584908 3.008320 -13.821197 -0.000002 0.000002 -23.887133 -0.249077 -0.839480 -61.067120 2.553675 -1.621662 -0.294023 1.679685 0.833254 -14.218195 0.093215 1.300579 -34.211998 -0.287564 0.967169 -20.033176 0.964533 1.212842 0.000000 -0.000001 0.000000 -3.440386 0.788234 0.501654 -15.928165 -3.167306 2.999703 -6.338817 -0.000001 0.000001 -18.123413 3.648175 -4.905663 -0.000004 -0.000001 -0.000002 -7.063481 14.189612 8.351397 62.447575 53.371471 0.626659 179.588882 43.187214 179.668686 1.212620 5.465632 -2.446461 2.243539 -5.255033 -3.180155 14.282875 -0.826593 6.952494 -0.000000 -12.690592 0.000000 16.409266 -17.678028 2.804066 1.665666 -1.955920 -2.878297 4.727794 -4.170584 4.993918 11.020511 0.000003 -0.000002 12.109030 -3.735709 -2.866781 0.000002 0.000000 0.000000 1.291987 -1.928548 -1.498088 14.800117 0.567468 3.865603 14.242553 -1.341733 -6.660649 19.631939 0.143927 -0.648244 50.604774 -0.653591 -5.911464 0.353027 -1.511149 -0.031940 20.222771 3.684306 2.316627 18.787245 0.000005 -0.000002 10.751610 -0.479867 1.397903 -0.000000 -0.000000 -0.000000 3.273803 0.305947 -0.580110 21.486792 11.830362 2.266129 8.162916 0.000000 -0.000001 18.399050 -3.798978 -4.940568 0.000003 0.000000 -0.000001 10.344957 31.142853 -34.283390 -0.446618 -0.408154 48.684341 -14.537352 -8.393659 -8.058062 1.618800 -1.856942 -1.221164 0.000000 -0.000000 0.000002 -25.552261 -14.201447 -20.560734 0.666013 1.040034 43.583496 22.469173 8.005445 -17.261620 -1.420195 1.002439 -2.766237 0.000000 0.000000 -0.000001 
52.632343 88.282898 70.759842 2.680805 -13.581912 0.525923 -0.812643 0.788665 2.266889 -0.556072 0.352052 -3.949750 -2.448497 -0.482011 12.662030 -4.815906 5.637260 12.159109 2.939205 13.786760 -3.272692 -5.282177 15.816079 -14.510256 0.000077 -0.000021 0.000006 0.011394 -0.074381 -0.017907 0.738936 -3.810979 -10.779342 -0.727472 3.664752 -10.759967 1.595672 -12.813488 9.783560 -19.410908 -25.339220 -61.873989 -179.476700 -70.199318 -179.622147 0.972360 -7.665677 -2.151027 -5.882102 9.861279 0.702589 -10.936859 -0.360578 7.156197 0.000001 8.774814 0.000000 -17.007185 17.148886 5.512120 -1.844032 2.498503 -2.507276 -10.163589 4.678940 4.621103 -20.975994 -0.000001 0.000002 -21.226254 2.451692 -3.593993 0.000000 -0.000005 0.000000 -1.362682 2.240797 -0.746324 -21.334887 0.584909 3.008320 -13.821197 -0.000004 0.000002 -23.887129 -0.249078 -0.839480 -61.147060 2.565306 -1.613571 -0.294023 1.679685 0.833255 -14.218197 0.093215 1.300580 -34.212006 -0.287563 0.967171 -20.033178 0.964534 1.212841 0.000000 0.000001 0.000000 -3.440384 0.788233 0.501656 -15.928167 -3.167306 2.999704 -6.338818 -0.000003 0.000000 -18.123415 3.648177 -4.905662 -0.000005 -0.000001 -0.000002 -7.099962 14.117493 8.312564 62.484322 53.248302 0.363376 179.507675 43.075466 179.620804 1.094972 5.470245 -2.261122 2.243539 -5.255033 -3.180155 14.282878 -0.826595 6.952495 -0.000002 -12.690587 0.000002 16.410765 -17.721542 2.808905 1.665664 -1.955919 -2.878296 4.727794 -4.170583 4.993919 11.020511 0.000003 -0.000002 12.109033 -3.735708 -2.866779 0.000001 -0.000000 0.000002 1.291986 -1.928547 -1.498088 14.800111 0.567468 3.865602 14.242554 -1.341733 -6.660648 19.631939 0.143926 -0.648245 50.623550 -0.653749 -5.911384 0.353029 -1.511149 -0.031940 20.222767 3.684306 2.316628 18.787245 0.000005 -0.000002 10.751610 -0.479867 1.397903 -0.000000 0.000000 -0.000000 3.273804 0.305947 -0.580110 21.486792 11.830363 2.266128 8.162916 0.000001 0.000000 18.399052 -3.798978 -4.940567 0.000003 0.000000 -0.000001 10.381957 30.969606 -34.342167 -0.448875 -0.418613 48.498886 -14.642525 -8.570377 -7.853978 1.621652 -1.867102 -1.239247 0.000000 0.000000 0.000002 -25.461397 -14.388047 -20.370279 0.659125 1.032011 43.745720 22.386377 7.972190 -17.586332 -1.420062 0.988509 -2.697516 0.000000 0.000000 -0.000001 
52.409554 88.287376 70.805496 2.670673 -13.170558 0.566584 -0.821571 0.789602 2.224276 -0.556928 0.330773 -3.961202 -2.412921 -0.503119 12.696613 -4.683395 5.553924 12.153827 2.911149 13.740362 -3.278839 -5.314565 15.713879 -14.460246 0.000077 -0.000022 0.000006 0.012185 -0.074240 -0.019970 0.740605 -3.804601 -10.776139 -0.724228 3.658045 -10.759656 1.730265 -12.869856 9.761363 -19.270224 -25.351034 -61.809502 -179.578918 -70.470680 -179.593674 0.998860 -7.882053 -2.465361 -5.882101 9.861278 0.702589 -10.936858 -0.360576 7.156197 0.000001 8.774809 -0.000002 -16.969202 17.149162 5.545281 -1.844031 2.498503 -2.507276 -10.163589 4.678939 4.621104 -20.975992 -0.000002 0.000002 -21.226248 2.451696 -3.593994 0.000000 -0.000005 -0.000000 -1.362680 2.240795 -0.746324 -21.334887 0.584909 3.008320 -13.821194 -0.000003 0.000002 -23.887131 -0.249078 -0.839480 -61.182251 2.551197 -1.606561 -0.294026 1.679686 0.833255 -14.218190 0.093213 1.300581 -34.211998 -0.287564 0.967170 -20.033176 0.964536 1.212842 0.000000 -0.000001 -0.000000 -3.440386 0.788232 0.501655 -15.928167 -3.167305 2.999703 -6.338814 -0.000001 0.000001 -18.123415 3.648176 -4.905661 -0.000004 -0.000001 -0.000002 -7.134750 14.042320 8.285285 62.447166 53.148438 0.143461 179.510712 42.943756 179.593430 0.957618 5.441023 -2.020524 2.243539 -5.255033 -3.180156 14.282875 -0.826592 6.952497 -0.000002 -12.690592 -0.000001 16.343134 -17.724810 2.837788 1.665664 -1.955920 -2.878296 4.727793 -4.170583 4.993918 11.020513 0.000003 -0.000001 12.109032 -3.735710 -2.866780 0.000001 -0.000000 0.000002 1.291985 -1.928548 -1.498088 14.800111 0.567468 3.865603 14.242551 -1.341734 -6.660649 19.631937 0.143927 -0.648244 50.630184 -0.648999 -5.906448 0.353029 -1.511150 -0.031941 20.222771 3.684307 2.316629 18.787247 0.000005 0.000000 10.751610 -0.479868 1.397904 0.000000 0.000000 0.000000 3.273805 0.305946 -0.580109 21.486792 11.830366 2.266133 8.162917 0.000001 0.000000 18.399054 -3.798979 -4.940567 0.000003 -0.000001 -0.000001 10.440144 30.825298 -34.385624 -0.466558 -0.426011 48.328838 -14.770457 -8.760617 -7.641608 1.617731 -1.866921 -1.227619 -0.000000 0.000000 0.000002 -25.371510 -14.587144 -20.185453 0.654569 1.020758 43.917435 22.267214 7.919171 -17.891815 -1.417623 0.999041 -2.670946 0.000000 0.000000 -0.000001 
52.251106 88.316582 70.836555 2.663792 -12.794201 0.595080 -0.831865 0.770319 2.183768 -0.558662 0.350429 -3.955225 -2.376641 -0.538978 12.717188 -4.624278 5.523590 12.153800 2.935502 13.689520 -3.267825 -5.342982 15.613639 -14.412182 0.000077 -0.000022 0.000006 0.011255 -0.061340 -0.019745 0.742092 -3.792072 -10.768643 -0.729251 3.674083 -10.755153 1.845585 -12.932157 9.729477 -19.106056 -25.344156 -61.788948 -179.434204 -70.733795 -179.738831 1.051555 -8.062154 -2.820190 -5.882103 9.861278 0.702588 -10.936858 -0.360576 7.156199 -0.000001 8.774811 -0.000003 -16.985159 17.145170 5.505022 -1.844030 2.498504 -2.507275 -10.163589 4.678939 4.621103 -20.975998 -0.000001 0.000002 -21.226255 2.451697 -3.593995 0.000001 -0.000006 -0.000000 -1.362681 2.240797 -0.746324 -21.334898 0.584909 3.008321 -13.821198 -0.000003 0.000003 -23.887133 -0.249077 -0.839480 -61.243610 2.528112 -1.631401 -0.294025 1.679686 0.833256 -14.218190 0.093215 1.300580 -34.212013 -0.287562 0.967170 -20.033180 0.964535 1.212841 0.000000 -0.000001 -0.000000 -3.440384 0.788232 0.501656 -15.928171 -3.167305 2.999705 -6.338817 -0.000003 0.000001 -18.123413 3.648176 -4.905661 -0.000004 -0.000001 -0.000002 -7.196527 13.976258 8.249153 62.527401 53.050861 0.028478 179.423386 42.819008 179.549667 0.825710 5.451316 -1.807750 2.243540 -5.255033 -3.180155 14.282875 -0.826594 6.952495 -0.000003 -12.690588 0.000000 16.314627 -17.755903 2.822206 1.665664 -1.955920 -2.878297 4.727792 -4.170583 4.993918 11.020513 0.000002 -0.000002 12.109033 -3.735710 -2.866780 0.000001 0.000000 0.000000 1.291984 -1.928548 -1.498089 14.800114 0.567467 3.865603 14.242556 -1.341735 -6.660650 19.631939 0.143926 -0.648244 50.642448 -0.645213 -5.947851 0.353031 -1.511149 -0.031940 20.222773 3.684305 2.316626 18.787245 0.000005 -0.000002 10.751611 -0.479867 1.397902 -0.000000 0.000000 0.000000 3.273804 0.305947 -0.580110 21.486788 11.830359 2.266131 8.162916 0.000002 0.000000 18.399052 -3.798980 -4.940569 0.000003 -0.000001 -0.000001 10.444942 30.693287 -34.414219 -0.452957 -0.422998 48.127575 -14.867057 -8.908124 -7.426729 1.618744 -1.868457 -1.189425 -0.000000 0.000000 0.000002 -25.306168 -14.782631 -19.966593 0.638609 1.016095 43.949184 22.152376 7.889063 -18.086386 -1.418263 0.996488 -2.655911 -0.000000 -0.000000 -0.000001 
52.148258 88.329659 70.961380 2.664015 -12.449654 0.623523 -0.846273 0.784766 2.147148 -0.555934 0.340437 -3.966568 -2.350126 -0.539807 12.745284 -4.568994 5.478702 12.151387 2.919305 13.684368 -3.263338 -5.360559 15.512836 -14.376460 0.000077 -0.000023 0.000006 0.010428 -0.054899 -0.019191 0.746160 -3.789778 -10.768878 -0.732062 3.671784 -10.759369 1.955774 -12.978394 9.701415 -18.885801 -25.340332 -61.677799 -179.486023 -71.054123 -179.676193 1.064125 -8.246205 -3.105077 -5.882102 9.861279 0.702589 -10.936861 -0.360579 7.156197 0.000003 8.774814 -0.000001 -16.991344 17.126587 5.503698 -1.844032 2.498503 -2.507276 -10.163589 4.678939 4.621105 -20.975994 -0.000004 0.000005 -21.226254 2.451692 -3.593992 0.000000 -0.000005 -0.000000 -1.362680 2.240797 -0.746322 -21.334887 0.584908 3.008321 -13.821197 -0.000004 0.000003 -23.887129 -0.249078 -0.839478 -61.262970 2.499440 -1.634747 -0.294024 1.679687 0.833255 -14.218194 0.093211 1.300580 -34.211998 -0.287565 0.967174 -20.033176 0.964536 1.212845 0.000000 -0.000001 0.000000 -3.440385 0.788231 0.501658 -15.928164 -3.167307 2.999704 -6.338815 -0.000003 0.000001 -18.123411 3.648178 -4.905662 -0.000004 -0.000001 -0.000002 -7.277786 13.911243 8.229416 62.594139 52.988472 -0.037074 179.381851 42.698456 179.534988 0.676637 5.453400 -1.590772 2.243541 -5.255033 -3.180155 14.282875 -0.826594 6.952495 -0.000002 -12.690591 0.000001 16.269156 -17.777914 2.808257 1.665666 -1.955920 -2.878298 4.727793 -4.170585 4.993918 11.020512 0.000003 -0.000001 12.109034 -3.735710 -2.866781 0.000001 0.000000 0.000000 1.291984 -1.928547 -1.498087 14.800111 0.567468 3.865602 14.242551 -1.341734 -6.660649 19.631937 0.143928 -0.648245 50.598030 -0.631926 -5.977712 0.353029 -1.511150 -0.031940 20.222767 3.684306 2.316627 18.787245 0.000004 -0.000001 10.751610 -0.479868 1.397904 -0.000000 -0.000000 0.000000 3.273803 0.305947 -0.580111 21.486792 11.830363 2.266129 8.162915 0.000001 -0.000000 18.399052 -3.798979 -4.940567 0.000003 -0.000001 -0.000001 10.441522 30.581358 -34.429520 -0.463124 -0.418598 48.060673 -14.877281 -9.093225 -7.366128 1.618670 -1.859928 -1.144772 0.000000 -0.000000 0.000002 -25.322067 -14.971301 -19.675457 0.639291 1.009787 43.917309 22.090366 7.861010 -18.271313 -1.418258 0.988143 -2.623908 -0.000000 0.000001 -0.000001 
52.056225 88.370773 71.046867 2.693029 -12.140049 0.653365 -0.861212 0.801801 2.122896 -0.555847 0.334077 -3.985448 -2.337496 -0.522299 12.765535 -4.556131 5.458043 12.132099 2.896601 13.684021 -3.258128 -5.358713 15.412263 -14.352361 0.000077 -0.000023 0.000006 0.010809 -0.061383 -0.019571 0.747519 -3.792954 -10.763517 -0.735489 3.679156 -10.756277 2.030922 -13.013615 9.688374 -18.572084 -25.281677 -61.611172 -179.364426 -71.427101 -179.742279 1.103360 -8.423038 -3.320169 -5.882102 9.861279 0.702589 -10.936858 -0.360572 7.156196 0.000000 8.774816 -0.000001 -17.035933 17.109016 5.460541 -1.844032 2.498503 -2.507277 -10.163589 4.678943 4.621104 -20.975992 0.000002 -0.000001 -21.226255 2.451694 -3.593998 0.000000 -0.000005 -0.000001 -1.362682 2.240797 -0.746322 -21.334887 0.584912 3.008318 -13.821195 -0.000000 -0.000001 -23.887129 -0.249077 -0.839486 -61.281178 2.478316 -1.629834 -0.294024 1.679686 0.833255 -14.218194 0.093217 1.300579 -34.212006 -0.287562 0.967165 -20.033176 0.964536 1.212838 0.000001 0.000000 -0.000001 -3.440386 0.788232 0.501654 -15.928167 -3.167304 2.999704 -6.338817 -0.000001 0.000000 -18.123415 3.648178 -4.905663 -0.000004 -0.000001 -0.000002 -7.381464 13.895104 8.240934 62.561470 52.937687 -0.215114 179.294785 42.602352 179.518967 0.513235 5.471852 -1.440621 2.243539 -5.255033 -3.180157 14.282875 -0.826594 6.952499 -0.000002 -12.690587 -0.000001 16.252136 -17.796743 2.787446 1.665663 -1.955919 -2.878296 4.727791 -4.170581 4.993920 11.020512 0.000003 0.000001 12.109032 -3.735710 -2.866780 0.000001 -0.000000 -0.000000 1.291985 -1.928548 -1.498089 14.800109 0.567468 3.865605 14.242551 -1.341735 -6.660647 19.631939 0.143924 -0.648242 50.555290 -0.604939 -6.011065 0.353029 -1.511149 -0.031940 20.222769 3.684305 2.316631 18.787245 0.000003 0.000002 10.751610 -0.479869 1.397905 -0.000001 0.000000 0.000000 3.273802 0.305947 -0.580109 21.486790 11.830360 2.266136 8.162916 -0.000001 0.000002 18.399050 -3.798980 -4.940564 0.000003 0.000000 -0.000001 10.375464 30.467232 -34.428341 -0.456792 -0.432491 47.890705 -14.927036 -9.225311 -7.244761 1.613646 -1.855574 -1.073260 0.000000 0.000000 0.000002 -25.353668 -15.123371 -19.412752 0.632158 0.982186 43.822941 22.053003 7.831053 -18.385735 -1.418366 0.986624 -2.572413 0.000000 0.000000 -0.000001 
51.994972 88.410980 71.172035 2.738507 -11.837770 0.687200 -0.877122 0.807454 2.103781 -0.552982 0.355731 -3.989050 -2.331604 -0.509523 12.770988 -4.579253 5.436285 12.089479 2.870739 13.664276 -3.267061 -5.384030 15.356677 -14.309429 0.000077 -0.000022 0.000006 0.011178 -0.074114 -0.025011 0.751081 -3.803133 -10.766503 -0.737676 3.658174 -10.763841 2.077390 -13.043785 9.661929 -18.247486 -25.195152 -61.487259 -179.206772 -71.793266 -179.841003 1.145616 -8.561975 -3.371952 -5.882099 9.861278 0.702589 -10.936857 -0.360576 7.156198 0.000002 8.774813 -0.000001 -17.036816 17.091763 5.455177 -1.844030 2.498503 -2.507274 -10.163589 4.678940 4.621103 -20.975992 -0.000003 0.000003 -21.226255 2.451689 -3.593992 0.000001 -0.000007 -0.000000 -1.362680 2.240796 -0.746322 -21.334887 0.584907 3.008318 -13.821197 -0.000003 0.000002 -23.887129 -0.249080 -0.839480 -61.232834 2.486501 -1.610519 -0.294022 1.679686 0.833254 -14.218192 0.093214 1.300578 -34.212006 -0.287568 0.967170 -20.033176 0.964534 1.212842 0.000000 0.000001 -0.000000 -3.440383 0.788232 0.501655 -15.928167 -3.167306 2.999702 -6.338815 -0.000001 0.000001 -18.123413 3.648175 -4.905661 -0.000004 -0.000002 -0.000002 -7.513131 13.856638 8.237356 62.515831 52.838608 -0.429272 179.238358 42.468506 179.516968 0.427388 5.466187 -1.308405 2.243539 -5.255033 -3.180155 14.282878 -0.826595 6.952496 -0.000002 -12.690588 0.000002 16.255856 -17.814947 2.770106 1.665666 -1.955920 -2.878295 4.727794 -4.170583 4.993918 11.020514 0.000003 -0.000001 12.109035 -3.735710 -2.866779 0.000001 -0.000001 -0.000000 1.291986 -1.928548 -1.498088 14.800111 0.567467 3.865602 14.242551 -1.341735 -6.660648 19.631941 0.143925 -0.648242 50.504650 -0.574342 -6.013062 0.353029 -1.511150 -0.031940 20.222773 3.684304 2.316628 18.787245 0.000003 -0.000002 10.751612 -0.479869 1.397904 -0.000001 0.000000 0.000000 3.273804 0.305947 -0.580110 21.486794 11.830363 2.266130 8.162916 0.000001 0.000000 18.399054 -3.798980 -4.940569 0.000003 -0.000001 -0.000001 10.289868 30.332548 -34.418930 -0.456357 -0.430061 47.760807 -14.939820 -9.331808 -7.187045 1.612039 -1.852923 -1.026111 0.000000 0.000000 0.000002 -25.417812 -15.262872 -19.117550 0.625406 0.989383 43.679276 22.073875 7.748790 -18.497787 -1.418476 0.998066 -2.512151 0.000000 0.000000 -0.000001 
52.011646 88.464180 71.361336 2.779930 -11.567238 0.725514 -0.883813 0.804110 2.090891 -0.545573 0.381346 -3.991544 -2.331876 -0.502197 12.756924 -4.631657 5.432066 12.034244 2.848417 13.625137 -3.271938 -5.403870 15.293756 -14.279066 0.000077 -0.000023 0.000006 0.014587 -0.062121 -0.019844 0.752255 -3.792710 -10.764071 -0.733972 3.666969 -10.761906 2.094386 -13.033397 9.637317 -17.950756 -25.095873 -61.351070 -179.028900 -72.133308 -179.955246 1.186916 -8.646968 -3.320909 -5.882100 9.861279 0.702588 -10.936859 -0.360575 7.156197 0.000002 8.774811 -0.000001 -17.024916 17.073235 5.429197 -1.844031 2.498502 -2.507276 -10.163589 4.678940 4.621104 -20.975992 -0.000003 0.000002 -21.226250 2.451692 -3.593994 0.000000 -0.000005 -0.000000 -1.362681 2.240797 -0.746323 -21.334888 0.584907 3.008320 -13.821197 -0.000002 0.000002 -23.887129 -0.249081 -0.839481 -61.193512 2.483707 -1.589485 -0.294026 1.679685 0.833255 -14.218192 0.093215 1.300577 -34.211998 -0.287565 0.967169 -20.033175 0.964532 1.212842 0.000000 0.000000 -0.000000 -3.440387 0.788232 0.501655 -15.928167 -3.167306 2.999702 -6.338817 -0.000001 0.000001 -18.123413 3.648175 -4.905662 -0.000004 -0.000001 -0.000002 -7.663720 13.837621 8.255697 62.458004 52.739433 -0.644145 179.221863 42.311199 179.552078 0.379006 5.412622 -1.278604 2.243539 -5.255033 -3.180155 14.282877 -0.826593 6.952495 -0.000002 -12.690591 -0.000001 16.242048 -17.828444 2.784771 1.665666 -1.955920 -2.878297 4.727793 -4.170582 4.993918 11.020512 0.000004 -0.000001 12.109032 -3.735708 -2.866779 -0.000000 -0.000000 0.000000 1.291983 -1.928547 -1.498088 14.800113 0.567468 3.865604 14.242550 -1.341734 -6.660648 19.631939 0.143926 -0.648242 50.475658 -0.581698 -6.001064 0.353027 -1.511149 -0.031938 20.222767 3.684307 2.316628 18.787245 0.000004 -0.000000 10.751611 -0.479868 1.397904 -0.000000 0.000000 -0.000000 3.273804 0.305947 -0.580110 21.486788 11.830361 2.266131 8.162915 0.000001 0.000000 18.399050 -3.798978 -4.940567 0.000003 0.000000 -0.000001 10.172318 30.180370 -34.388920 -0.453960 -0.429929 47.688702 -14.909771 -9.412215 -7.236957 1.610788 -1.860967 -0.995544 -0.000000 0.000000 0.000002 -25.541920 -15.369387 -18.728748 0.614559 0.982177 43.369213 22.198652 7.640201 -18.524199 -1.419729 0.997779 -2.437544 0.000000 -0.000001 -0.000001 
52.070236 88.530357 71.525101 2.828805 -11.283526 0.788974 -0.898697 0.796243 2.078273 -0.539076 0.406849 -4.000692 -2.333698 -0.494162 12.727558 -4.675767 5.430593 11.991963 2.827322 13.563068 -3.290011 -5.427819 15.245557 -14.234694 0.000077 -0.000023 0.000006 0.010525 -0.055782 -0.024718 0.752695 -3.781527 -10.756817 -0.737328 3.668388 -10.758636 2.108836 -13.049758 9.627372 -17.672169 -24.923923 -61.168247 -178.800034 -72.423462 179.836624 1.207151 -8.697688 -3.222281 -5.882099 9.861280 0.702590 -10.936858 -0.360574 7.156196 0.000001 8.774816 -0.000001 -17.007301 17.081163 5.416892 -1.844032 2.498502 -2.507276 -10.163589 4.678940 4.621105 -20.975992 -0.000001 0.000002 -21.226250 2.451691 -3.593994 0.000000 -0.000005 -0.000000 -1.362678 2.240797 -0.746323 -21.334887 0.584909 3.008319 -13.821197 -0.000001 0.000002 -23.887131 -0.249079 -0.839480 -61.160038 2.486188 -1.589252 -0.294026 1.679688 0.833254 -14.218194 0.093213 1.300578 -34.211998 -0.287564 0.967169 -20.033175 0.964535 1.212841 -0.000001 -0.000001 0.000000 -3.440384 0.788234 0.501656 -15.928165 -3.167306 2.999703 -6.338815 -0.000002 0.000001 -18.123411 3.648177 -4.905662 -0.000004 -0.000000 -0.000001 -7.800712 13.809971 8.287917 62.372063 52.588955 -0.834037 179.219009 42.105492 179.575821 0.297936 5.316345 -1.262172 2.243538 -5.255032 -3.180154 14.282875 -0.826594 6.952495 -0.000001 -12.690590 0.000001 16.289656 -17.847980 2.793353 1.665666 -1.955920 -2.878296 4.727794 -4.170584 4.993919 11.020513 0.000002 -0.000001 12.109035 -3.735710 -2.866779 0.000001 -0.000000 -0.000000 1.291986 -1.928548 -1.498087 14.800107 0.567467 3.865602 14.242554 -1.341735 -6.660646 19.631941 0.143925 -0.648244 50.513008 -0.592438 -6.000169 0.353028 -1.511149 -0.031941 20.222771 3.684304 2.316628 18.787247 0.000003 -0.000001 10.751612 -0.479868 1.397903 -0.000000 0.000000 0.000000 3.273806 0.305947 -0.580109 21.486790 11.830360 2.266130 8.162916 0.000001 -0.000000 18.399055 -3.798980 -4.940567 0.000003 -0.000001 -0.000001 9.988224 29.998468 -34.414024 -0.455436 -0.434610 47.597866 -14.892758 -9.491412 -7.265247 1.609742 -1.857421 -0.964935 -0.000000 0.000000 0.000002 -25.685848 -15.464727 -18.351118 0.618254 0.974075 42.989056 22.376839 7.466404 -18.496899 -1.419671 1.004065 -2.385341 0.000000 0.000000 -0.000001 
52.110023 88.588692 71.733345 2.873015 -11.028274 0.864703 -0.904787 0.789325 2.056155 -0.539013 0.451646 -3.996811 -2.336952 -0.507023 12.696454 -4.725266 5.423121 11.942265 2.810177 13.529770 -3.296976 -5.467629 15.206116 -14.201563 0.000077 -0.000024 0.000006 0.014657 -0.054894 -0.016433 0.750982 -3.780885 -10.753680 -0.739151 3.677895 -10.757877 2.124047 -13.078915 9.576307 -17.371346 -24.737051 -61.012848 -178.571915 -72.782509 179.625183 1.169891 -8.733309 -3.058560 -5.882104 9.861279 0.702591 -10.936858 -0.360575 7.156198 0.000001 8.774813 -0.000001 -16.970215 17.055128 5.400536 -1.844031 2.498503 -2.507275 -10.163589 4.678938 4.621104 -20.975998 -0.000006 0.000003 -21.226255 2.451694 -3.593992 0.000000 -0.000006 -0.000000 -1.362680 2.240796 -0.746322 -21.334892 0.584908 3.008321 -13.821197 -0.000003 0.000003 -23.887133 -0.249081 -0.839479 -61.110329 2.486221 -1.610011 -0.294023 1.679686 0.833257 -14.218194 0.093215 1.300579 -34.211998 -0.287566 0.967172 -20.033180 0.964535 1.212843 0.000000 0.000000 -0.000000 -3.440385 0.788231 0.501653 -15.928167 -3.167307 2.999702 -6.338818 0.000000 0.000002 -18.123415 3.648175 -4.905661 -0.000005 -0.000000 -0.000002 -7.965925 13.791954 8.286285 62.333252 52.446911 -1.016643 179.181076 41.933685 179.590149 0.220754 5.161419 -1.328578 2.243540 -5.255032 -3.180155 14.282877 -0.826594 6.952495 -0.000001 -12.690588 0.000001 16.326086 -17.828316 2.796553 1.665663 -1.955920 -2.878297 4.727794 -4.170583 4.993918 11.020513 0.000003 -0.000002 12.109031 -3.735708 -2.866779 -0.000000 -0.000000 0.000000 1.291985 -1.928547 -1.498090 14.800111 0.567468 3.865602 14.242551 -1.341734 -6.660650 19.631937 0.143926 -0.648244 50.537983 -0.610217 -5.992748 0.353028 -1.511150 -0.031940 20.222769 3.684304 2.316626 18.787245 0.000004 -0.000001 10.751610 -0.479868 1.397903 -0.000000 0.000000 0.000000 3.273804 0.305946 -0.580110 21.486790 11.830361 2.266129 8.162915 0.000002 -0.000001 18.399052 -3.798978 -4.940567 0.000003 -0.000001 -0.000001 9.841101 29.831745 -34.415634 -0.458722 -0.439420 47.537689 -14.886251 -9.583476 -7.339189 1.609738 -1.852482 -0.923076 -0.000000 -0.000000 0.000002 -25.813505 -15.555985 -17.974930 0.623565 0.988090 42.625916 22.555914 7.321599 -18.507523 -1.421488 1.003859 -2.346250 -0.000000 0.000001 -0.000001 
52.159195 88.627670 71.884262 2.907746 -10.803932 0.946254 -0.915296 0.814854 2.051521 -0.535024 0.438798 -4.018704 -2.342582 -0.496711 12.695210 -4.792055 5.436937 11.877729 2.811021 13.514246 -3.303496 -5.478514 15.145928 -14.172502 0.000077 -0.000024 0.000006 0.013266 -0.054924 -0.019597 0.754243 -3.779068 -10.767609 -0.736473 3.671472 -10.769751 2.149066 -13.091650 9.539121 -17.087288 -24.541229 -60.819294 -178.591629 -73.081543 179.618942 1.053465 -8.746045 -2.849180 -5.882102 9.861277 0.702590 -10.936860 -0.360575 7.156199 0.000001 8.774813 -0.000002 -16.964624 17.072449 5.405346 -1.844031 2.498503 -2.507276 -10.163589 4.678938 4.621104 -20.975996 -0.000004 0.000003 -21.226255 2.451692 -3.593993 0.000000 -0.000005 -0.000000 -1.362682 2.240795 -0.746323 -21.334892 0.584907 3.008321 -13.821197 -0.000003 0.000003 -23.887133 -0.249080 -0.839480 -61.105736 2.498316 -1.614632 -0.294023 1.679685 0.833255 -14.218194 0.093213 1.300578 -34.212006 -0.287565 0.967170 -20.033182 0.964533 1.212843 -0.000001 0.000000 0.000000 -3.440385 0.788232 0.501656 -15.928169 -3.167309 2.999704 -6.338817 -0.000002 0.000002 -18.123415 3.648178 -4.905661 -0.000005 -0.000001 -0.000002 -8.105832 13.769063 8.293496 62.176300 52.320648 -1.214459 179.234726 41.786713 179.640488 0.153698 5.003760 -1.412159 2.243540 -5.255031 -3.180155 14.282877 -0.826595 6.952496 -0.000001 -12.690586 0.000001 16.344198 -17.816072 2.794477 1.665664 -1.955920 -2.878297 4.727790 -4.170583 4.993919 11.020512 0.000003 -0.000001 12.109032 -3.735709 -2.866779 0.000001 -0.000001 -0.000000 1.291986 -1.928548 -1.498089 14.800113 0.567467 3.865602 14.242553 -1.341733 -6.660650 19.631939 0.143926 -0.648244 50.567638 -0.619615 -5.967337 0.353027 -1.511149 -0.031940 20.222769 3.684304 2.316627 18.787245 0.000004 -0.000002 10.751610 -0.479868 1.397903 -0.000000 0.000000 0.000000 3.273804 0.305946 -0.580110 21.486788 11.830360 2.266128 8.162916 0.000001 0.000000 18.399054 -3.798979 -4.940567 0.000003 -0.000001 -0.000001 9.692910 29.655474 -34.480324 -0.466238 -0.452920 47.519390 -14.846493 -9.607250 -7.416629 1.604692 -1.844370 -0.885680 0.000000 -0.000000 0.000002 -25.908123 -15.632851 -17.706228 0.605359 1.000901 42.347313 22.717793 7.186151 -18.512230 -1.420206 1.010162 -2.307340 0.000000 -0.000001 -0.000001 
52.224869 88.645081 72.052795 2.938188 -10.613670 1.041372 -0.922506 0.814645 2.049097 -0.536255 0.472405 -4.013478 -2.352604 -0.501690 12.658253 -4.871053 5.476683 11.779519 2.835236 13.463710 -3.301437 -5.484015 15.147387 -14.150844 0.000077 -0.000023 0.000006 0.017185 -0.061265 -0.015172 0.760274 -3.794662 -10.769769 -0.737679 3.664770 -10.769705 2.156057 -13.147949 9.502984 -16.803158 -24.337898 -60.680935 -178.684845 -73.408958 179.773209 0.950096 -8.773765 -2.680856 -5.882101 9.861278 0.702588 -10.936856 -0.360575 7.156195 0.000002 8.774814 0.000001 -16.981804 17.039408 5.396054 -1.844032 2.498501 -2.507276 -10.163587 4.678940 4.621103 -20.975992 -0.000005 -0.000000 -21.226246 2.451691 -3.593995 -0.000000 -0.000005 -0.000000 -1.362680 2.240798 -0.746323 -21.334888 0.584906 3.008318 -13.821193 -0.000003 0.000001 -23.887125 -0.249080 -0.839482 -61.184120 2.495622 -1.620539 -0.294024 1.679684 0.833255 -14.218194 0.093214 1.300578 -34.212002 -0.287562 0.967166 -20.033176 0.964536 1.212839 -0.000000 0.000000 0.000000 -3.440382 0.788232 0.501654 -15.928164 -3.167308 2.999701 -6.338815 0.000000 0.000001 -18.123411 3.648175 -4.905663 -0.000004 -0.000000 -0.000002 -8.236870 13.757076 8.274574 62.112930 52.229725 -1.272263 179.275833 41.676514 179.735504 0.116313 4.841266 -1.392254 2.243538 -5.255033 -3.180156 14.282877 -0.826593 6.952495 -0.000002 -12.690591 -0.000001 16.378344 -17.806711 2.815589 1.665663 -1.955920 -2.878296 4.727794 -4.170582 4.993917 11.020511 0.000004 -0.000001 12.109032 -3.735710 -2.866781 -0.000000 -0.000000 0.000000 1.291982 -1.928547 -1.498088 14.800109 0.567469 3.865603 14.242553 -1.341735 -6.660650 19.631939 0.143927 -0.648244 50.626236 -0.629610 -5.937621 0.353028 -1.511150 -0.031940 20.222765 3.684308 2.316628 18.787245 0.000005 -0.000000 10.751611 -0.479867 1.397904 -0.000000 0.000000 0.000000 3.273802 0.305947 -0.580110 21.486788 11.830365 2.266132 8.162915 0.000002 0.000001 18.399052 -3.798979 -4.940567 0.000003 -0.000002 -0.000001 9.552751 29.484444 -34.577873 -0.452559 -0.442863 47.588661 -14.801634 -9.647636 -7.551610 1.608174 -1.846739 -0.876022 -0.000000 0.000000 0.000002 -26.026384 -15.723897 -17.473797 0.612299 1.006831 42.109051 22.852453 7.061156 -18.525454 -1.421256 1.002554 -2.279024 0.000000 0.000000 -0.000001 
52.285564 88.657333 72.189537 2.967023 -10.429321 1.126274 -0.932068 0.820448 2.060972 -0.539661 0.475924 -4.023080 -2.366111 -0.498158 12.648726 -4.933562 5.484746 11.691642 2.820041 13.429227 -3.293667 -5.473629 15.110905 -14.124148 0.000077 -0.000023 0.000006 0.016405 -0.061272 -0.014787 0.761722 -3.787807 -10.776150 -0.741167 3.662936 -10.774087 2.179591 -13.184175 9.463088 -16.553051 -24.155666 -60.591835 -178.787170 -73.662544 179.869370 0.819621 -8.762501 -2.522713 -5.882098 9.861278 0.702590 -10.936858 -0.360576 7.156197 0.000001 8.774814 0.000000 -16.940386 17.014444 5.391496 -1.844033 2.498502 -2.507275 -10.163589 4.678939 4.621102 -20.975992 -0.000004 0.000001 -21.226248 2.451693 -3.593994 0.000000 -0.000007 -0.000001 -1.362678 2.240795 -0.746323 -21.334888 0.584908 3.008319 -13.821194 -0.000002 0.000002 -23.887125 -0.249080 -0.839481 -61.202427 2.467304 -1.619994 -0.294023 1.679686 0.833256 -14.218190 0.093212 1.300579 -34.212002 -0.287564 0.967170 -20.033178 0.964535 1.212842 -0.000000 -0.000002 -0.000001 -3.440385 0.788232 0.501656 -15.928165 -3.167307 2.999702 -6.338815 -0.000002 0.000001 -18.123413 3.648174 -4.905660 -0.000005 -0.000000 -0.000001 -8.340435 13.735223 8.245755 62.020977 52.114632 -1.363330 179.365723 41.613266 179.809128 0.054577 4.688614 -1.422861 2.243538 -5.255033 -3.180156 14.282877 -0.826592 6.952496 -0.000001 -12.690590 0.000000 16.379362 -17.785358 2.846336 1.665666 -1.955920 -2.878297 4.727793 -4.170583 4.993917 11.020513 0.000004 -0.000002 12.109029 -3.735709 -2.866779 -0.000000 -0.000000 0.000001 1.291985 -1.928548 -1.498087 14.800114 0.567469 3.865604 14.242553 -1.341733 -6.660648 19.631939 0.143927 -0.648242 50.655041 -0.645205 -5.895175 0.353029 -1.511149 -0.031941 20.222767 3.684308 2.316627 18.787245 0.000006 0.000000 10.751610 -0.479866 1.397904 -0.000000 0.000000 0.000000 3.273802 0.305948 -0.580111 21.486790 11.830364 2.266132 8.162914 0.000001 0.000000 18.399048 -3.798976 -4.940566 0.000003 -0.000001 -0.000001 9.419715 29.334831 -34.682610 -0.467972 -0.448320 47.653709 -14.732678 -9.656167 -7.669710 1.610068 -1.845682 -0.863444 0.000000 -0.000000 0.000002 -26.117704 -15.794330 -17.278357 0.596459 1.023158 41.909668 22.986214 6.950246 -18.545603 -1.420983 1.014574 -2.229061 0.000000 0.000000 -0.000001 
52.306301 88.654945 72.350166 2.990214 -10.275419 1.220029 -0.949957 0.839668 2.083802 -0.537228 0.456360 -4.040806 -2.385746 -0.472842 12.632784 -4.975512 5.479808 11.594311 2.798811 13.417997 -3.292163 -5.463426 15.061592 -14.115273 0.000077 -0.000025 0.000006 0.016011 -0.049218 -0.012639 0.763228 -3.774800 -10.773261 -0.743464 3.680754 -10.768063 2.185142 -13.197964 9.417864 -16.331030 -24.052195 -60.521519 -178.852188 -73.920822 179.920303 0.701699 -8.751033 -2.440083 -5.882100 9.861278 0.702589 -10.936858 -0.360576 7.156197 0.000002 8.774813 -0.000001 -16.913910 17.015146 5.395923 -1.844029 2.498502 -2.507277 -10.163589 4.678941 4.621104 -20.975992 -0.000004 0.000002 -21.226250 2.451694 -3.593995 0.000000 -0.000005 -0.000001 -1.362679 2.240798 -0.746321 -21.334887 0.584909 3.008321 -13.821194 -0.000002 0.000002 -23.887123 -0.249077 -0.839480 -61.202412 2.446529 -1.635788 -0.294024 1.679687 0.833255 -14.218190 0.093214 1.300579 -34.212006 -0.287564 0.967171 -20.033178 0.964536 1.212842 -0.000000 -0.000002 -0.000000 -3.440387 0.788233 0.501655 -15.928165 -3.167307 2.999705 -6.338814 0.000001 0.000001 -18.123413 3.648174 -4.905662 -0.000004 0.000001 -0.000002 -8.419821 13.757355 8.233693 61.901863 52.020100 -1.521859 179.359756 41.591736 179.800827 -0.040930 4.553938 -1.462279 2.243540 -5.255033 -3.180156 14.282875 -0.826592 6.952494 -0.000003 -12.690590 -0.000002 16.364599 -17.770397 2.860873 1.665664 -1.955919 -2.878296 4.727795 -4.170584 4.993917 11.020510 0.000004 -0.000001 12.109028 -3.735708 -2.866780 0.000001 -0.000000 0.000001 1.291983 -1.928548 -1.498087 14.800113 0.567469 3.865604 14.242551 -1.341734 -6.660648 19.631939 0.143927 -0.648244 50.645523 -0.673533 -5.881942 0.353029 -1.511150 -0.031939 20.222767 3.684308 2.316628 18.787245 0.000006 -0.000000 10.751610 -0.479867 1.397905 -0.000000 0.000000 0.000000 3.273804 0.305947 -0.580110 21.486790 11.830365 2.266132 8.162918 0.000002 0.000000 18.399048 -3.798977 -4.940566 0.000003 -0.000001 -0.000001 9.330819 29.221491 -34.774883 -0.466404 -0.448037 47.743500 -14.693218 -9.675221 -7.804035 1.613459 -1.854318 -0.879024 -0.000000 0.000000 0.000002 -26.198286 -15.828455 -17.117737 0.585110 0.996976 41.788826 23.088034 6.905153 -18.617964 -1.421367 1.008200 -2.197453 0.000000 0.000000 -0.000001 
52.289593 88.656456 72.450256 2.992710 -10.125049 1.320831 -0.965351 0.815917 2.081042 -0.542238 0.502229 -4.033653 -2.392969 -0.477767 12.621715 -5.006245 5.471721 11.517200 2.769751 13.353091 -3.294954 -5.437848 15.036614 -14.098393 0.000077 -0.000024 0.000006 0.011642 -0.030331 -0.013913 0.763272 -3.767435 -10.764496 -0.746270 3.686172 -10.760245 2.178652 -13.251348 9.419319 -16.116484 -23.945736 -60.477806 -178.972076 -74.138985 179.993393 0.621666 -8.725128 -2.301319 -5.882100 9.861278 0.702587 -10.936859 -0.360577 7.156197 0.000001 8.774815 -0.000002 -16.887697 16.992783 5.382326 -1.844032 2.498502 -2.507274 -10.163589 4.678939 4.621104 -20.975996 -0.000005 0.000004 -21.226254 2.451693 -3.593992 0.000000 -0.000003 -0.000000 -1.362679 2.240796 -0.746323 -21.334887 0.584908 3.008322 -13.821194 -0.000003 0.000004 -23.887131 -0.249076 -0.839480 -61.188320 2.433046 -1.668872 -0.294025 1.679686 0.833254 -14.218190 0.093212 1.300579 -34.212002 -0.287566 0.967171 -20.033178 0.964535 1.212842 -0.000000 -0.000001 0.000000 -3.440387 0.788233 0.501655 -15.928167 -3.167308 2.999705 -6.338815 -0.000001 0.000003 -18.123413 3.648177 -4.905659 -0.000004 -0.000000 -0.000002 -8.463908 13.753422 8.195194 61.923409 51.933083 -1.582231 179.273239 41.635288 179.739868 -0.139931 4.491784 -1.489616 2.243537 -5.255031 -3.180154 14.282877 -0.826593 6.952497 -0.000000 -12.690588 -0.000002 16.318361 -17.785982 2.865660 1.665663 -1.955919 -2.878296 4.727796 -4.170584 4.993918 11.020512 0.000002 -0.000001 12.109035 -3.735710 -2.866781 -0.000000 -0.000000 0.000001 1.291985 -1.928548 -1.498087 14.800114 0.567468 3.865606 14.242553 -1.341735 -6.660648 19.631939 0.143926 -0.648244 50.656040 -0.677824 -5.869919 0.353027 -1.511149 -0.031939 20.222773 3.684305 2.316629 18.787245 0.000004 -0.000000 10.751611 -0.479868 1.397904 -0.000000 -0.000000 0.000000 3.273804 0.305947 -0.580111 21.486788 11.830363 2.266133 8.162916 -0.000000 0.000000 18.399054 -3.798981 -4.940567 0.000003 -0.000002 -0.000000 9.275589 29.123989 -34.884026 -0.470057 -0.450806 47.773117 -14.666355 -9.697331 -7.857014 1.615456 -1.859666 -0.846737 0.000000 -0.000000 0.000002 -26.201990 -15.861325 -17.036097 0.586160 0.999710 41.734489 23.138512 6.790472 -18.718079 -1.419880 1.014020 -2.149065 0.000000 0.000001 -0.000001 
52.304604 88.660316 72.607094 2.983733 -10.003629 1.414984 -0.976330 0.814343 2.074025 -0.549765 0.514365 -4.028157 -2.399816 -0.483726 12.614574 -5.041684 5.490697 11.463216 2.754815 13.290893 -3.301250 -5.432720 15.025401 -14.102118 0.000077 -0.000024 0.000006 0.012644 -0.023713 -0.015727 0.763846 -3.753481 -10.761458 -0.746266 3.697821 -10.756977 2.150137 -13.295257 9.404165 -15.962340 -23.855408 -60.552711 -178.788589 -74.321236 179.786942 0.482478 -8.691303 -2.189678 -5.882099 9.861275 0.702591 -10.936856 -0.360573 7.156197 0.000002 8.774809 0.000000 -16.845827 17.001921 5.371615 -1.844031 2.498502 -2.507276 -10.163588 4.678938 4.621105 -20.975992 -0.000003 0.000002 -21.226246 2.451690 -3.593991 0.000000 -0.000005 -0.000001 -1.362680 2.240796 -0.746322 -21.334887 0.584908 3.008322 -13.821195 -0.000004 0.000004 -23.887125 -0.249077 -0.839479 -61.153072 2.437540 -1.695168 -0.294025 1.679686 0.833255 -14.218189 0.093214 1.300579 -34.211998 -0.287562 0.967172 -20.033178 0.964536 1.212843 -0.000000 -0.000001 0.000000 -3.440386 0.788233 0.501655 -15.928164 -3.167307 2.999704 -6.338814 0.000001 0.000001 -18.123411 3.648175 -4.905659 -0.000004 -0.000000 -0.000002 -8.480302 13.762544 8.194896 61.809425 51.852093 -1.712605 179.256042 41.655811 179.705643 -0.256393 4.442834 -1.412891 2.243539 -5.255032 -3.180155 14.282878 -0.826595 6.952495 -0.000000 -12.690588 0.000001 16.295284 -17.803438 2.856436 1.665665 -1.955920 -2.878297 4.727795 -4.170584 4.993919 11.020511 0.000003 -0.000002 12.109032 -3.735710 -2.866778 -0.000000 0.000000 0.000000 1.291983 -1.928547 -1.498088 14.800113 0.567467 3.865603 14.242551 -1.341735 -6.660649 19.631937 0.143925 -0.648243 50.685596 -0.665806 -5.897356 0.353029 -1.511149 -0.031941 20.222769 3.684305 2.316628 18.787247 0.000004 -0.000000 10.751610 -0.479868 1.397905 -0.000000 0.000000 0.000000 3.273804 0.305947 -0.580109 21.486790 11.830360 2.266129 8.162916 -0.000001 0.000000 18.399052 -3.798979 -4.940567 0.000003 -0.000001 -0.000001 9.195936 29.036409 -34.935966 -0.484457 -0.448893 47.850613 -14.590371 -9.699507 -8.118939 1.615004 -1.861466 -0.786861 0.000000 -0.000000 0.000002 -26.239645 -15.895709 -16.880526 0.584914 0.978964 41.593239 23.211668 6.733023 -18.773272 -1.420606 0.989111 -2.119261 0.000000 0.000000 -0.000001 
52.297764 88.678436 72.717644 2.958019 -9.915341 1.491835 -0.984004 0.813111 2.072011 -0.558184 0.517682 -4.012196 -2.409872 -0.488236 12.600287 -5.069827 5.485492 11.438331 2.742387 13.286642 -3.303089 -5.413121 15.029879 -14.101358 0.000077 -0.000022 0.000006 0.013297 -0.017312 -0.015896 0.761694 -3.748526 -10.760115 -0.747747 3.707449 -10.757256 2.120661 -13.342960 9.376496 -15.827562 -23.741682 -60.611599 -178.645935 -74.467293 179.675140 0.349303 -8.699402 -2.087705 -5.882100 9.861279 0.702588 -10.936857 -0.360575 7.156196 0.000001 8.774811 -0.000002 -16.868719 17.025324 5.357731 -1.844030 2.498503 -2.507275 -10.163589 4.678940 4.621103 -20.975994 -0.000003 0.000003 -21.226255 2.451694 -3.593992 0.000000 -0.000005 -0.000000 -1.362680 2.240797 -0.746324 -21.334894 0.584909 3.008321 -13.821198 -0.000003 0.000003 -23.887133 -0.249078 -0.839480 -61.127552 2.453158 -1.707022 -0.294022 1.679686 0.833253 -14.218194 0.093213 1.300579 -34.212002 -0.287564 0.967172 -20.033176 0.964534 1.212843 -0.000000 0.000001 0.000000 -3.440384 0.788231 0.501654 -15.928165 -3.167305 2.999705 -6.338815 0.000001 0.000002 -18.123411 3.648176 -4.905662 -0.000004 0.000001 -0.000001 -8.485157 13.738009 8.179759 61.823051 51.772438 -1.658557 179.266312 41.653889 179.688080 -0.352921 4.429005 -1.275157 2.243540 -5.255032 -3.180154 14.282873 -0.826594 6.952494 -0.000001 -12.690593 0.000001 16.259508 -17.811668 2.821702 1.665665 -1.955920 -2.878296 4.727795 -4.170584 4.993918 11.020508 0.000003 -0.000002 12.109031 -3.735710 -2.866780 0.000001 -0.000000 -0.000000 1.291982 -1.928547 -1.498088 14.800109 0.567468 3.865603 14.242554 -1.341735 -6.660649 19.631935 0.143926 -0.648244 50.681530 -0.658608 -5.923707 0.353028 -1.511149 -0.031941 20.222765 3.684305 2.316628 18.787247 0.000004 -0.000001 10.751610 -0.479868 1.397903 -0.000001 -0.000000 0.000000 3.273805 0.305947 -0.580111 21.486788 11.830360 2.266130 8.162915 0.000000 -0.000000 18.399054 -3.798979 -4.940568 0.000003 0.000000 -0.000001 9.233228 28.957008 -34.977982 -0.474926 -0.456260 47.853897 -14.632363 -9.695810 -8.073026 1.617984 -1.867086 -0.741795 -0.000000 0.000000 0.000002 -26.222507 -15.902894 -16.702501 0.581162 0.980027 41.458538 23.274586 6.706260 -18.843708 -1.420909 1.001656 -2.089163 0.000000 0.000000 -0.000001 
52.260738 88.693916 72.801079 2.925965 -9.874468 1.552957 -0.996125 0.813299 2.071863 -0.563304 0.496879 -4.015745 -2.428290 -0.499812 12.606970 -5.089851 5.467251 11.434544 2.739102 13.330956 -3.305259 -5.396002 15.065866 -14.083731 0.000077 -0.000023 0.000006 0.014801 -0.035628 -0.023642 0.765785 -3.760596 -10.770619 -0.746260 3.682328 -10.766294 2.063482 -13.364886 9.376913 -15.672773 -23.624771 -60.712818 -178.445526 -74.611618 179.474991 0.263824 -8.698320 -2.063545 -5.882100 9.861279 0.702589 -10.936858 -0.360574 7.156199 0.000001 8.774814 -0.000001 -16.842411 16.989183 5.345179 -1.844031 2.498503 -2.507273 -10.163589 4.678938 4.621105 -20.975994 -0.000004 0.000004 -21.226250 2.451696 -3.593991 0.000000 -0.000005 -0.000000 -1.362679 2.240795 -0.746324 -21.334892 0.584910 3.008322 -13.821197 -0.000003 0.000004 -23.887129 -0.249078 -0.839479 -61.093349 2.455437 -1.697105 -0.294023 1.679687 0.833255 -14.218194 0.093212 1.300579 -34.211998 -0.287562 0.967171 -20.033178 0.964536 1.212842 0.000000 -0.000002 0.000000 -3.440385 0.788232 0.501656 -15.928167 -3.167306 2.999705 -6.338817 0.000001 0.000003 -18.123413 3.648179 -4.905660 -0.000004 -0.000001 -0.000002 -8.473808 13.745747 8.168475 61.861423 51.695282 -1.553268 179.320923 41.646812 179.696793 -0.462951 4.375310 -1.102253 2.243538 -5.255031 -3.180156 14.282875 -0.826594 6.952495 -0.000000 -12.690586 0.000001 16.260965 -17.788374 2.762088 1.665662 -1.955920 -2.878298 4.727793 -4.170583 4.993918 11.020510 0.000003 -0.000001 12.109033 -3.735710 -2.866779 -0.000000 0.000000 0.000000 1.291985 -1.928547 -1.498088 14.800113 0.567466 3.865602 14.242553 -1.341734 -6.660649 19.631939 0.143925 -0.648243 50.646759 -0.632757 -5.974940 0.353031 -1.511149 -0.031940 20.222767 3.684306 2.316627 18.787245 0.000003 0.000000 10.751612 -0.479868 1.397903 -0.000000 0.000001 -0.000000 3.273805 0.305947 -0.580110 21.486790 11.830361 2.266130 8.162917 0.000001 0.000000 18.399052 -3.798978 -4.940566 0.000003 -0.000001 -0.000000 9.306202 28.897276 -34.996803 -0.492734 -0.458868 47.831470 -14.684751 -9.673653 -8.012339 1.615304 -1.873670 -0.719798 -0.000000 -0.000000 0.000002 -26.122763 -15.907048 -16.657707 0.569393 0.964479 41.387333 23.256861 6.712057 -18.992012 -1.421918 0.989521 -2.085736 0.000000 0.000000 -0.000001 
52.236198 88.724640 72.861221 2.888970 -9.875234 1.603729 -1.016051 0.819326 2.067840 -0.575051 0.479117 -4.002713 -2.444966 -0.514354 12.588962 -5.085298 5.436365 11.441945 2.746936 13.397407 -3.300231 -5.385879 15.134069 -14.031994 0.000077 -0.000024 0.000006 0.017462 -0.048056 -0.027509 0.770120 -3.782871 -10.768224 -0.744316 3.664681 -10.767577 1.991052 -13.405060 9.413141 -15.471752 -23.506033 -60.825958 -178.273895 -74.736488 179.255722 0.226650 -8.699443 -2.052880 -5.882103 9.861278 0.702590 -10.936859 -0.360574 7.156196 0.000002 8.774814 0.000000 -16.795195 17.006643 5.373607 -1.844031 2.498503 -2.507277 -10.163589 4.678941 4.621102 -20.975992 -0.000003 0.000001 -21.226254 2.451690 -3.593993 0.000000 -0.000006 -0.000000 -1.362678 2.240796 -0.746325 -21.334890 0.584911 3.008321 -13.821197 -0.000003 0.000002 -23.887133 -0.249079 -0.839481 -61.075302 2.442689 -1.680485 -0.294024 1.679687 0.833256 -14.218190 0.093214 1.300578 -34.212006 -0.287566 0.967170 -20.033178 0.964536 1.212842 0.000000 -0.000001 -0.000000 -3.440384 0.788233 0.501655 -15.928165 -3.167307 2.999703 -6.338815 -0.000001 0.000001 -18.123411 3.648176 -4.905659 -0.000004 -0.000000 -0.000002 -8.453920 13.739207 8.156901 61.894890 51.645298 -1.453402 179.391922 41.682091 179.727539 -0.598666 4.301557 -0.928187 2.243543 -5.255033 -3.180156 14.282875 -0.826593 6.952496 0.000000 -12.690592 -0.000000 16.298506 -17.790007 2.726800 1.665665 -1.955920 -2.878297 4.727793 -4.170583 4.993919 11.020512 0.000002 -0.000002 12.109035 -3.735710 -2.866779 0.000001 0.000000 0.000000 1.291984 -1.928548 -1.498088 14.800111 0.567468 3.865604 14.242553 -1.341734 -6.660649 19.631939 0.143926 -0.648244 50.642399 -0.623656 -5.983160 0.353028 -1.511149 -0.031941 20.222771 3.684306 2.316628 18.787245 0.000004 -0.000000 10.751610 -0.479868 1.397904 -0.000001 0.000000 0.000000 3.273806 0.305946 -0.580110 21.486792 11.830363 2.266130 8.162916 0.000001 0.000000 18.399055 -3.798980 -4.940568 0.000003 -0.000002 -0.000000 9.396754 28.819937 -34.950615 -0.495326 -0.456332 47.765797 -14.722149 -9.666574 -7.987944 1.614272 -1.874174 -0.728451 0.000000 -0.000000 0.000002 -26.097790 -15.921114 -16.644354 0.573614 0.989724 41.271214 23.318233 6.677785 -18.848293 -1.422236 0.995584 -2.076741 0.000000 0.000000 -0.000001 
52.136009 88.746529 72.936768 2.850105 -9.917804 1.648767 -1.033577 0.810456 2.063452 -0.587127 0.471265 -3.995987 -2.457155 -0.530342 12.572444 -5.090493 5.436070 11.437358 2.790287 13.423682 -3.295892 -5.371163 15.231404 -13.941813 0.000077 -0.000025 0.000006 0.019295 -0.067240 -0.024996 0.776093 -3.798183 -10.757324 -0.745634 3.648334 -10.754755 1.918257 -13.430293 9.427094 -15.343307 -23.435635 -60.850685 -178.281631 -74.865883 179.236969 0.180495 -8.711926 -2.037777 -5.882103 9.861279 0.702590 -10.936863 -0.360573 7.156198 0.000000 8.774815 -0.000001 -16.737921 16.995104 5.391956 -1.844032 2.498502 -2.507276 -10.163591 4.678939 4.621104 -20.976000 -0.000002 0.000002 -21.226255 2.451697 -3.593995 0.000000 -0.000005 -0.000001 -1.362680 2.240797 -0.746322 -21.334894 0.584909 3.008320 -13.821198 -0.000001 0.000001 -23.887135 -0.249077 -0.839482 -61.024963 2.449207 -1.656040 -0.294025 1.679686 0.833254 -14.218194 0.093214 1.300580 -34.212009 -0.287560 0.967170 -20.033182 0.964535 1.212842 -0.000000 0.000000 0.000000 -3.440386 0.788233 0.501656 -15.928173 -3.167307 2.999703 -6.338817 -0.000001 0.000002 -18.123415 3.648177 -4.905661 -0.000004 -0.000001 -0.000002 -8.452846 13.738632 8.140596 61.957386 51.603809 -1.371113 179.413010 41.686031 179.766907 -0.708692 4.233209 -0.795071 2.243540 -5.255033 -3.180156 14.282875 -0.826593 6.952496 -0.000002 -12.690590 0.000001 16.314814 -17.817373 2.706429 1.665663 -1.955920 -2.878297 4.727793 -4.170582 4.993918 11.020509 0.000003 -0.000001 12.109032 -3.735709 -2.866779 0.000002 0.000000 0.000000 1.291984 -1.928548 -1.498088 14.800111 0.567469 3.865602 14.242554 -1.341734 -6.660648 19.631939 0.143926 -0.648244 50.596512 -0.615437 -5.975696 0.353030 -1.511150 -0.031939 20.222773 3.684307 2.316629 18.787245 0.000005 -0.000000 10.751611 -0.479868 1.397904 0.000000 0.000000 0.000000 3.273805 0.305947 -0.580111 21.486795 11.830362 2.266132 8.162916 0.000002 0.000000 18.399054 -3.798979 -4.940567 0.000003 -0.000001 -0.000000 9.480005 28.790813 -34.879467 -0.493803 -0.475089 47.673416 -14.757723 -9.642321 -8.039978 1.615997 -1.884367 -0.730655 -0.000000 0.000000 0.000002 -25.911928 -15.912582 -16.630920 0.565899 0.983065 41.264629 23.232180 6.653248 -19.117119 -1.422253 1.002049 -2.047925 -0.000000 -0.000000 -0.000001 
52.054096 88.777306 73.036835 2.804314 -9.961502 1.695971 -1.039598 0.810902 2.068244 -0.597932 0.454788 -4.001364 -2.470728 -0.546848 12.560124 -5.073000 5.435557 11.455791 2.798074 13.484996 -3.294253 -5.341403 15.279170 -13.840910 0.000077 -0.000023 0.000007 0.018521 -0.067210 -0.028436 0.774584 -3.793431 -10.766429 -0.748097 3.646566 -10.759925 1.845191 -13.453298 9.459979 -15.172853 -23.369337 -60.942863 -178.175903 -74.997307 179.092255 0.115404 -8.739965 -2.053978 -5.882101 9.861279 0.702589 -10.936860 -0.360574 7.156198 0.000001 8.774813 0.000000 -16.651335 17.001392 5.437902 -1.844033 2.498502 -2.507275 -10.163589 4.678939 4.621104 -20.975994 -0.000001 0.000002 -21.226254 2.451698 -3.593994 0.000000 -0.000005 -0.000000 -1.362679 2.240797 -0.746321 -21.334887 0.584910 3.008322 -13.821197 -0.000003 0.000004 -23.887131 -0.249079 -0.839478 -60.983505 2.431165 -1.625799 -0.294025 1.679686 0.833254 -14.218195 0.093214 1.300581 -34.212002 -0.287561 0.967172 -20.033176 0.964537 1.212843 -0.000000 0.000000 0.000000 -3.440387 0.788232 0.501655 -15.928167 -3.167305 2.999707 -6.338816 0.000000 0.000002 -18.123411 3.648176 -4.905659 -0.000004 -0.000000 -0.000002 -8.470591 13.709080 8.117524 61.996498 51.581089 -1.346009 179.443146 41.709393 179.765549 -0.803270 4.147101 -0.627224 2.243540 -5.255033 -3.180155 14.282877 -0.826594 6.952496 -0.000001 -12.690590 0.000000 16.310802 -17.815556 2.711660 1.665665 -1.955919 -2.878296 4.727793 -4.170584 4.993918 11.020512 0.000002 -0.000001 12.109035 -3.735711 -2.866778 -0.000000 -0.000000 0.000000 1.291985 -1.928548 -1.498089 14.800113 0.567467 3.865601 14.242554 -1.341735 -6.660647 19.631941 0.143926 -0.648244 50.557018 -0.632325 -5.954236 0.353029 -1.511149 -0.031939 20.222771 3.684306 2.316627 18.787247 0.000003 -0.000001 10.751610 -0.479868 1.397903 0.000000 0.000000 0.000000 3.273804 0.305947 -0.580111 21.486794 11.830362 2.266130 8.162916 0.000002 -0.000001 18.399054 -3.798979 -4.940569 0.000003 -0.000001 -0.000000 9.631755 28.718943 -34.713844 -0.498127 -0.476397 47.581844 -14.820280 -9.597208 -8.166415 1.616084 -1.885227 -0.729377 0.000000 -0.000000 0.000002 -25.890940 -15.880100 -16.585560 0.553403 0.974448 41.187508 23.291870 6.647074 -18.949938 -1.420846 0.989508 -2.019897 0.000000 0.000000 -0.000001 
51.968487 88.815567 73.041710 2.757524 -10.018878 1.731515 -1.042382 0.820525 2.075445 -0.607020 0.432870 -4.003835 -2.479452 -0.556498 12.546014 -5.054710 5.472944 11.493087 2.820771 13.511006 -3.296095 -5.326838 15.292980 -13.746148 0.000077 -0.000025 0.000006 0.019078 -0.066874 -0.033837 0.777751 -3.794304 -10.776087 -0.750567 3.651033 -10.767131 1.795605 -13.480324 9.480402 -15.057682 -23.281868 -61.003696 -178.208023 -75.076927 179.084900 0.063557 -8.777202 -2.109216 -5.882104 9.861278 0.702590 -10.936857 -0.360575 7.156197 0.000002 8.774814 -0.000001 -16.613573 16.991007 5.494388 -1.844028 2.498502 -2.507276 -10.163588 4.678941 4.621105 -20.975994 -0.000002 0.000002 -21.226250 2.451692 -3.593993 0.000000 -0.000004 0.000000 -1.362683 2.240795 -0.746322 -21.334887 0.584910 3.008322 -13.821197 -0.000002 0.000003 -23.887131 -0.249076 -0.839481 -61.023735 2.423661 -1.595323 -0.294024 1.679687 0.833256 -14.218192 0.093215 1.300579 -34.211998 -0.287561 0.967171 -20.033176 0.964538 1.212841 0.000000 -0.000002 0.000000 -3.440386 0.788232 0.501655 -15.928167 -3.167308 2.999704 -6.338818 0.000000 0.000002 -18.123413 3.648177 -4.905661 -0.000004 -0.000000 -0.000002 -8.496276 13.688241 8.081633 62.072701 51.532211 -1.368499 179.401215 41.732754 179.726593 -0.915318 4.092167 -0.520467 2.243537 -5.255033 -3.180156 14.282878 -0.826593 6.952496 -0.000002 -12.690590 -0.000001 16.306271 -17.803598 2.698797 1.665665 -1.955919 -2.878297 4.727795 -4.170583 4.993918 11.020512 0.000004 -0.000001 12.109033 -3.735710 -2.866780 0.000001 0.000000 0.000000 1.291985 -1.928548 -1.498088 14.800114 0.567467 3.865603 14.242551 -1.341734 -6.660648 19.631941 0.143926 -0.648243 50.541801 -0.640313 -5.933788 0.353030 -1.511150 -0.031940 20.222767 3.684307 2.316627 18.787245 0.000004 -0.000001 10.751610 -0.479868 1.397903 -0.000000 0.000000 0.000000 3.273804 0.305947 -0.580109 21.486788 11.830362 2.266130 8.162917 0.000001 0.000000 18.399054 -3.798980 -4.940568 0.000003 -0.000001 -0.000001 9.696035 28.654179 -34.696415 -0.518437 -0.492292 47.423779 -14.835587 -9.466573 -8.090092 1.614019 -1.883548 -0.713647 0.000000 0.000000 0.000002 -25.698997 -15.872620 -16.643566 0.552898 0.956993 41.158047 23.183636 6.636749 -19.105017 -1.420497 0.995598 -1.992583 0.000000 0.000000 -0.000001 
51.904289 88.826668 73.052773 2.711705 -10.079936 1.774875 -1.043658 0.807232 2.072342 -0.614820 0.439743 -4.009536 -2.477938 -0.581318 12.531357 -5.040937 5.500138 11.517334 2.821011 13.531515 -3.286082 -5.318611 15.330397 -13.662169 0.000077 -0.000024 0.000006 0.019167 -0.054698 -0.032045 0.780108 -3.784045 -10.770445 -0.748957 3.659658 -10.761478 1.775559 -13.498970 9.478165 -15.006963 -23.210833 -61.039963 -178.238907 -75.130112 179.090363 -0.005528 -8.791190 -2.129907 -5.882100 9.861277 0.702591 -10.936862 -0.360574 7.156199 0.000002 8.774815 -0.000000 -16.607597 16.983667 5.530724 -1.844030 2.498503 -2.507274 -10.163589 4.678939 4.621106 -20.975994 -0.000003 0.000004 -21.226254 2.451695 -3.593992 0.000000 -0.000005 -0.000000 -1.362679 2.240796 -0.746323 -21.334892 0.584908 3.008322 -13.821197 -0.000004 0.000004 -23.887129 -0.249078 -0.839479 -61.062344 2.435844 -1.568556 -0.294024 1.679685 0.833256 -14.218195 0.093215 1.300581 -34.212006 -0.287564 0.967171 -20.033182 0.964537 1.212842 -0.000000 0.000000 0.000000 -3.440383 0.788233 0.501655 -15.928171 -3.167306 2.999707 -6.338817 -0.000002 0.000002 -18.123415 3.648174 -4.905658 -0.000004 -0.000000 -0.000002 -8.531750 13.673399 8.013649 62.210594 51.464813 -1.279168 179.409363 41.734810 179.729645 -1.016203 4.035029 -0.450135 2.243539 -5.255032 -3.180155 14.282877 -0.826592 6.952494 -0.000000 -12.690588 -0.000000 16.270157 -17.801271 2.714044 1.665664 -1.955920 -2.878297 4.727793 -4.170582 4.993918 11.020516 0.000003 -0.000001 12.109033 -3.735708 -2.866779 0.000002 -0.000000 -0.000000 1.291985 -1.928548 -1.498089 14.800113 0.567468 3.865602 14.242554 -1.341734 -6.660649 19.631941 0.143927 -0.648244 50.550301 -0.663648 -5.919138 0.353029 -1.511149 -0.031940 20.222773 3.684305 2.316626 18.787245 0.000005 -0.000002 10.751611 -0.479867 1.397902 -0.000000 -0.000000 0.000000 3.273802 0.305947 -0.580112 21.486790 11.830360 2.266129 8.162918 0.000001 -0.000001 18.399055 -3.798977 -4.940569 0.000003 -0.000001 -0.000001 9.798351 28.608984 -34.651577 -0.508716 -0.497547 47.366062 -14.891021 -9.390687 -8.121686 1.615154 -1.890241 -0.708365 -0.000000 0.000000 0.000002 -25.597691 -15.866399 -16.709356 0.559726 0.969707 41.189312 23.118576 6.663574 -19.120146 -1.421565 0.988882 -1.985313 0.000000 0.000000 -0.000001 
51.822506 88.829933 73.006523 2.668879 -10.164212 1.815467 -1.036150 0.801883 2.065247 -0.624772 0.444689 -4.011040 -2.480848 -0.612863 12.516382 -5.045062 5.514953 11.544847 2.833070 13.568113 -3.293703 -5.323790 15.405463 -13.584153 0.000077 -0.000024 0.000006 0.017876 -0.048324 -0.035201 0.776528 -3.769620 -10.766020 -0.749996 3.668269 -10.757546 1.746724 -13.509419 9.458735 -14.973001 -23.117176 -61.062679 -178.198685 -75.172852 179.093307 -0.098078 -8.827195 -2.149377 -5.882099 9.861279 0.702590 -10.936861 -0.360575 7.156196 0.000001 8.774813 -0.000001 -16.626654 16.964933 5.521871 -1.844031 2.498504 -2.507276 -10.163589 4.678938 4.621102 -20.975996 -0.000003 0.000002 -21.226255 2.451694 -3.593994 0.000000 -0.000004 -0.000000 -1.362680 2.240794 -0.746322 -21.334896 0.584910 3.008319 -13.821197 -0.000001 0.000002 -23.887131 -0.249079 -0.839482 -61.069927 2.420911 -1.550234 -0.294024 1.679686 0.833254 -14.218192 0.093213 1.300578 -34.212002 -0.287562 0.967170 -20.033182 0.964535 1.212842 -0.000000 -0.000001 0.000000 -3.440385 0.788233 0.501656 -15.928169 -3.167307 2.999704 -6.338817 -0.000002 0.000001 -18.123413 3.648175 -4.905663 -0.000004 -0.000000 -0.000002 -8.576361 13.675976 7.933566 62.314648 51.424568 -1.214907 179.437592 41.750656 179.739151 -1.055426 4.002589 -0.431464 2.243538 -5.255033 -3.180153 14.282878 -0.826594 6.952497 0.000000 -12.690593 -0.000000 16.246584 -17.795727 2.712408 1.665661 -1.955920 -2.878298 4.727795 -4.170585 4.993918 11.020512 0.000002 -0.000000 12.109031 -3.735711 -2.866779 0.000001 -0.000000 0.000001 1.291986 -1.928548 -1.498087 14.800111 0.567467 3.865605 14.242553 -1.341735 -6.660649 19.631939 0.143926 -0.648243 50.599865 -0.648489 -5.913216 0.353029 -1.511149 -0.031940 20.222769 3.684305 2.316629 18.787245 0.000003 -0.000000 10.751610 -0.479868 1.397904 -0.000001 -0.000000 0.000000 3.273802 0.305947 -0.580110 21.486790 11.830364 2.266133 8.162915 -0.000000 0.000000 18.399054 -3.798982 -4.940567 0.000003 -0.000001 -0.000001 9.970060 28.633636 -34.580227 -0.512720 -0.504824 47.291515 -15.027222 -9.368190 -8.051750 1.613099 -1.880773 -0.703164 0.000000 -0.000000 0.000002 -25.495983 -15.824463 -16.833609 0.547031 0.949641 41.310616 23.062109 6.725000 -19.106323 -1.423134 0.988598 -1.998362 0.000000 0.000000 -0.000001 
51.783501 88.836464 72.949791 2.625941 -10.240446 1.855952 -1.032301 0.808134 2.064192 -0.627524 0.429251 -4.012717 -2.484809 -0.633195 12.501156 -5.061155 5.527606 11.544723 2.857082 13.602800 -3.275901 -5.329762 15.469879 -13.502524 0.000077 -0.000022 0.000006 0.018728 -0.048058 -0.037547 0.777757 -3.773332 -10.770189 -0.749559 3.664433 -10.762103 1.720640 -13.516955 9.458133 -14.914052 -23.023594 -61.100021 -178.163361 -75.203941 179.014420 -0.207737 -8.841398 -2.183251 -5.882102 9.861278 0.702590 -10.936857 -0.360577 7.156199 0.000001 8.774812 -0.000002 -16.626026 16.976036 5.516008 -1.844029 2.498501 -2.507276 -10.163589 4.678938 4.621103 -20.975992 -0.000005 0.000003 -21.226248 2.451691 -3.593992 0.000000 -0.000004 -0.000001 -1.362679 2.240796 -0.746323 -21.334887 0.584907 3.008321 -13.821195 -0.000003 0.000003 -23.887125 -0.249078 -0.839479 -61.065571 2.445253 -1.559289 -0.294024 1.679687 0.833255 -14.218190 0.093213 1.300580 -34.211998 -0.287564 0.967171 -20.033176 0.964535 1.212842 0.000000 -0.000002 -0.000000 -3.440386 0.788234 0.501656 -15.928165 -3.167307 2.999705 -6.338817 -0.000001 0.000002 -18.123411 3.648176 -4.905659 -0.000004 -0.000000 -0.000002 -8.591327 13.682173 7.890016 62.340641 51.392204 -1.203931 179.436508 41.762558 179.685410 -1.122598 3.978264 -0.412777 2.243539 -5.255031 -3.180154 14.282875 -0.826594 6.952495 -0.000002 -12.690590 0.000002 16.225986 -17.786310 2.711815 1.665663 -1.955919 -2.878296 4.727789 -4.170583 4.993919 11.020513 0.000003 0.000000 12.109029 -3.735709 -2.866779 0.000000 -0.000001 0.000000 1.291984 -1.928547 -1.498088 14.800111 0.567468 3.865605 14.242553 -1.341734 -6.660648 19.631937 0.143925 -0.648242 50.655396 -0.645451 -5.919853 0.353029 -1.511149 -0.031940 20.222763 3.684305 2.316629 18.787245 0.000004 0.000001 10.751609 -0.479868 1.397904 -0.000000 -0.000000 0.000000 3.273804 0.305947 -0.580110 21.486790 11.830364 2.266133 8.162916 -0.000000 0.000000 18.399050 -3.798980 -4.940566 0.000003 -0.000001 -0.000000 10.034240 28.657095 -34.603558 -0.522186 -0.515507 47.237450 -15.079242 -9.310561 -7.996675 1.615146 -1.870476 -0.696283 0.000000 0.000000 0.000002 -25.410091 -15.785405 -16.936640 0.549833 0.950175 41.377903 23.027258 6.808081 -19.074205 -1.425269 0.995122 -1.993803 0.000000 -0.000001 -0.000001 
51.711529 88.849030 72.835777 2.586982 -10.320909 1.882304 -1.024591 0.799271 2.063950 -0.634302 0.437926 -3.997338 -2.485993 -0.678904 12.466426 -5.087168 5.546760 11.560634 2.889470 13.639621 -3.274813 -5.334769 15.575057 -13.433072 0.000077 -0.000024 0.000006 0.019754 -0.060477 -0.032306 0.779111 -3.787198 -10.766022 -0.749014 3.654550 -10.757771 1.692534 -13.504777 9.452123 -14.941138 -22.930143 -61.086006 -178.261856 -75.232063 179.128555 -0.333620 -8.890249 -2.145404 -5.882100 9.861278 0.702590 -10.936859 -0.360575 7.156197 0.000001 8.774812 -0.000002 -16.646305 16.989094 5.513317 -1.844031 2.498500 -2.507276 -10.163588 4.678939 4.621101 -20.975994 -0.000002 0.000003 -21.226255 2.451693 -3.593993 0.000000 -0.000004 -0.000000 -1.362680 2.240796 -0.746323 -21.334890 0.584911 3.008320 -13.821197 -0.000002 0.000002 -23.887131 -0.249077 -0.839482 -61.013313 2.459015 -1.559604 -0.294025 1.679687 0.833255 -14.218192 0.093215 1.300578 -34.212006 -0.287561 0.967170 -20.033178 0.964537 1.212841 0.000001 -0.000001 0.000000 -3.440387 0.788233 0.501655 -15.928169 -3.167306 2.999704 -6.338818 -0.000001 0.000002 -18.123417 3.648179 -4.905662 -0.000004 -0.000000 -0.000002 -8.609764 13.696860 7.850510 62.355347 51.374527 -1.121736 179.515823 41.767136 179.716553 -1.103954 3.944441 -0.425022 2.243539 -5.255033 -3.180154 14.282875 -0.826594 6.952494 0.000000 -12.690588 -0.000000 16.272488 -17.770264 2.680718 1.665664 -1.955920 -2.878296 4.727792 -4.170582 4.993920 11.020512 0.000002 -0.000001 12.109033 -3.735710 -2.866781 0.000001 -0.000000 -0.000000 1.291984 -1.928548 -1.498088 14.800111 0.567468 3.865604 14.242553 -1.341734 -6.660648 19.631935 0.143926 -0.648242 50.706730 -0.645160 -5.938547 0.353028 -1.511149 -0.031940 20.222769 3.684306 2.316628 18.787245 0.000004 0.000000 10.751611 -0.479868 1.397904 -0.000000 -0.000000 0.000000 3.273805 0.305947 -0.580111 21.486788 11.830363 2.266132 8.162916 0.000001 0.000000 18.399050 -3.798980 -4.940566 0.000002 -0.000001 -0.000001 10.109251 28.686861 -34.614746 -0.513829 -0.518320 47.110283 -15.159650 -9.221512 -7.858746 1.618367 -1.867170 -0.696173 0.000000 -0.000000 0.000002 -25.268919 -15.742928 -17.203856 0.548284 0.953874 41.503075 22.970709 6.832327 -19.018854 -1.427394 0.995816 -1.980742 0.000000 0.000001 -0.000001 
51.634945 88.848534 72.800865 2.550652 -10.421503 1.912076 -1.015113 0.802037 2.064051 -0.637679 0.436730 -3.991841 -2.478940 -0.699809 12.437550 -5.106433 5.551781 11.552168 2.910334 13.691610 -3.273136 -5.347507 15.658385 -13.340376 0.000077 -0.000023 0.000006 0.020119 -0.072514 -0.036495 0.779414 -3.785661 -10.766645 -0.746578 3.638194 -10.757139 1.670587 -13.501014 9.462461 -14.925728 -22.837240 -61.059532 -178.411713 -75.267700 179.237183 -0.391336 -8.915818 -2.145110 -5.882102 9.861278 0.702591 -10.936858 -0.360578 7.156197 0.000000 8.774813 -0.000002 -16.622406 17.006128 5.496947 -1.844030 2.498504 -2.507275 -10.163589 4.678941 4.621104 -20.975996 -0.000005 0.000004 -21.226255 2.451691 -3.593992 0.000000 -0.000005 -0.000000 -1.362681 2.240797 -0.746322 -21.334887 0.584906 3.008320 -13.821197 -0.000002 0.000004 -23.887131 -0.249076 -0.839480 -60.996933 2.468435 -1.589704 -0.294025 1.679687 0.833257 -14.218190 0.093214 1.300578 -34.211998 -0.287564 0.967170 -20.033178 0.964535 1.212843 0.000000 0.000001 0.000001 -3.440385 0.788231 0.501654 -15.928169 -3.167310 2.999703 -6.338819 -0.000002 0.000002 -18.123415 3.648177 -4.905660 -0.000004 -0.000001 -0.000002 -8.636923 13.712941 7.815574 62.320896 51.372437 -1.124505 179.594604 41.779881 179.735672 -1.139046 3.922792 -0.455936 2.243539 -5.255033 -3.180157 14.282877 -0.826592 6.952495 -0.000002 -12.690587 -0.000001 16.361267 -17.764040 2.664691 1.665664 -1.955919 -2.878296 4.727796 -4.170582 4.993917 11.020513 0.000004 -0.000001 12.109034 -3.735709 -2.866779 0.000001 0.000000 0.000000 1.291983 -1.928547 -1.498087 14.800114 0.567468 3.865603 14.242554 -1.341734 -6.660649 19.631941 0.143927 -0.648244 50.767002 -0.662689 -5.942463 0.353030 -1.511149 -0.031939 20.222773 3.684307 2.316627 18.787245 0.000006 -0.000002 10.751611 -0.479867 1.397903 -0.000000 0.000000 0.000000 3.273805 0.305947 -0.580110 21.486788 11.830363 2.266129 8.162918 0.000000 -0.000000 18.399054 -3.798976 -4.940567 0.000003 -0.000000 -0.000001 10.220008 28.722542 -34.586926 -0.520855 -0.516131 47.051491 -15.234240 -9.170005 -7.812097 1.621788 -1.863916 -0.707962 0.000000 -0.000000 0.000002 -25.151167 -15.705227 -17.357918 0.551841 0.957884 41.622971 22.917440 6.934497 -19.055664 -1.427670 0.984333 -1.968791 0.000000 0.000001 -0.000001 
51.628864 88.867630 72.739998 2.520926 -10.513976 1.943874 -0.995664 0.799918 2.057260 -0.644212 0.438148 -3.989033 -2.484308 -0.702947 12.406649 -5.117408 5.569459 11.557725 2.935776 13.747730 -3.266281 -5.365540 15.698796 -13.254963 0.000077 -0.000023 0.000006 0.019889 -0.066708 -0.035641 0.781678 -3.789850 -10.769801 -0.747861 3.652600 -10.757749 1.678318 -13.495761 9.440844 -14.983595 -22.757542 -60.967056 -178.426132 -75.273994 179.191803 -0.425626 -8.962009 -2.134411 -5.882100 9.861278 0.702590 -10.936859 -0.360578 7.156196 0.000002 8.774809 -0.000002 -16.586521 17.006960 5.497465 -1.844029 2.498502 -2.507276 -10.163590 4.678940 4.621105 -20.975994 -0.000006 0.000004 -21.226250 2.451695 -3.593992 0.000000 -0.000005 -0.000001 -1.362681 2.240795 -0.746323 -21.334892 0.584906 3.008323 -13.821197 -0.000004 0.000005 -23.887133 -0.249076 -0.839476 -60.979538 2.473469 -1.616891 -0.294024 1.679687 0.833256 -14.218194 0.093213 1.300579 -34.212006 -0.287567 0.967173 -20.033180 0.964535 1.212843 -0.000000 -0.000001 0.000000 -3.440384 0.788232 0.501657 -15.928165 -3.167308 2.999704 -6.338817 0.000000 0.000002 -18.123413 3.648178 -4.905658 -0.000004 -0.000000 -0.000002 -8.666302 13.715060 7.738429 62.299080 51.353897 -1.112712 179.646179 41.790134 179.780655 -1.164733 3.891563 -0.483663 2.243539 -5.255033 -3.180157 14.282873 -0.826593 6.952495 -0.000002 -12.690590 0.000001 16.393274 -17.788086 2.679255 1.665668 -1.955921 -2.878297 4.727792 -4.170583 4.993917 11.020510 0.000003 -0.000003 12.109032 -3.735709 -2.866781 0.000000 0.000000 0.000000 1.291986 -1.928548 -1.498088 14.800114 0.567467 3.865602 14.242551 -1.341734 -6.660650 19.631939 0.143926 -0.648244 50.791653 -0.700948 -5.957359 0.353028 -1.511149 -0.031939 20.222765 3.684306 2.316627 18.787245 0.000006 -0.000001 10.751610 -0.479868 1.397904 -0.000000 -0.000000 0.000000 3.273802 0.305946 -0.580111 21.486792 11.830361 2.266129 8.162916 -0.000000 -0.000001 18.399054 -3.798978 -4.940567 0.000003 -0.000001 -0.000001 10.246148 28.750259 -34.595474 -0.515906 -0.520595 46.978962 -15.249603 -9.101220 -7.760877 1.619065 -1.873918 -0.705397 -0.000000 0.000000 0.000002 -25.071581 -15.651321 -17.481615 0.561751 0.965070 41.619122 22.890532 6.947748 -19.007484 -1.427689 0.978494 -1.960290 -0.000000 -0.000000 -0.000001 
51.612579 88.884720 72.719765 2.505671 -10.592654 1.973808 -0.987506 0.816086 2.063111 -0.645037 0.414765 -3.993004 -2.484764 -0.690403 12.366051 -5.121537 5.600231 11.579183 2.929927 13.794514 -3.246126 -5.365482 15.708450 -13.188858 0.000077 -0.000024 0.000006 0.017653 -0.073041 -0.041288 0.778913 -3.794228 -10.772418 -0.748609 3.642124 -10.757779 1.704962 -13.492211 9.421478 -15.066037 -22.667185 -60.873547 -178.312439 -75.338402 179.031265 -0.437085 -9.035096 -2.226009 -5.882101 9.861279 0.702587 -10.936858 -0.360573 7.156196 0.000002 8.774814 -0.000002 -16.576273 16.991474 5.497337 -1.844031 2.498504 -2.507275 -10.163590 4.678939 4.621101 -20.975996 -0.000004 -0.000000 -21.226254 2.451692 -3.593995 0.000000 -0.000005 0.000000 -1.362683 2.240797 -0.746323 -21.334892 0.584907 3.008317 -13.821197 -0.000002 0.000001 -23.887131 -0.249080 -0.839483 -60.985020 2.462379 -1.635476 -0.294025 1.679687 0.833254 -14.218195 0.093216 1.300578 -34.212002 -0.287566 0.967166 -20.033180 0.964532 1.212841 -0.000000 -0.000001 0.000001 -3.440386 0.788234 0.501656 -15.928169 -3.167307 2.999703 -6.338815 0.000000 0.000000 -18.123415 3.648177 -4.905663 -0.000004 -0.000001 -0.000002 -8.717902 13.723986 7.648024 62.308990 51.340305 -1.062731 179.708237 41.796131 179.835449 -1.186250 3.850599 -0.521781 2.243542 -5.255032 -3.180155 14.282877 -0.826594 6.952495 -0.000001 -12.690588 0.000002 16.401373 -17.786722 2.686737 1.665666 -1.955920 -2.878297 4.727794 -4.170582 4.993918 11.020511 0.000003 -0.000001 12.109035 -3.735709 -2.866778 0.000000 -0.000000 0.000000 1.291982 -1.928548 -1.498088 14.800117 0.567467 3.865604 14.242554 -1.341735 -6.660648 19.631941 0.143925 -0.648243 50.760727 -0.702907 -5.966322 0.353028 -1.511149 -0.031940 20.222771 3.684305 2.316628 18.787249 0.000004 -0.000001 10.751612 -0.479868 1.397904 -0.000001 0.000000 0.000000 3.273805 0.305946 -0.580111 21.486799 11.830360 2.266130 8.162917 0.000001 0.000000 18.399057 -3.798980 -4.940568 0.000003 -0.000000 -0.000001 10.278163 28.782070 -34.576275 -0.538921 -0.529691 46.915550 -15.274630 -9.037107 -7.737048 1.620598 -1.883759 -0.705984 0.000000 -0.000000 0.000002 -25.010479 -15.616945 -17.564405 0.551774 0.971682 41.607651 22.851734 6.997249 -18.979248 -1.425753 0.978591 -1.962389 0.000000 -0.000001 -0.000001 
51.662071 88.891548 72.667404 2.498474 -10.628437 2.016036 -0.972715 0.809940 2.062751 -0.648876 0.420360 -3.994090 -2.487057 -0.698210 12.337036 -5.139119 5.624270 11.584936 2.936022 13.819964 -3.237425 -5.377663 15.715296 -13.120587 0.000077 -0.000023 0.000006 0.018141 -0.084916 -0.037860 0.777785 -3.803506 -10.775648 -0.749473 3.630786 -10.760053 1.741235 -13.489797 9.364297 -15.124634 -22.625372 -60.763683 -178.389206 -75.410820 179.086166 -0.471445 -9.087111 -2.398681 -5.882100 9.861279 0.702590 -10.936858 -0.360575 7.156197 -0.000000 8.774812 -0.000001 -16.578192 16.979057 5.497945 -1.844033 2.498503 -2.507277 -10.163589 4.678940 4.621105 -20.975992 -0.000003 0.000002 -21.226248 2.451695 -3.593993 -0.000000 -0.000005 0.000000 -1.362679 2.240795 -0.746323 -21.334887 0.584908 3.008321 -13.821197 -0.000001 0.000003 -23.887129 -0.249076 -0.839481 -61.020489 2.419005 -1.654830 -0.294026 1.679686 0.833255 -14.218192 0.093215 1.300580 -34.211998 -0.287562 0.967169 -20.033178 0.964536 1.212841 -0.000000 0.000000 0.000001 -3.440386 0.788230 0.501655 -15.928167 -3.167305 2.999705 -6.338818 0.000000 0.000002 -18.123415 3.648176 -4.905662 -0.000004 0.000001 -0.000002 -8.796041 13.723172 7.510686 62.253948 51.354118 -1.074127 179.778854 41.838875 179.865936 -1.193682 3.821535 -0.658305 2.243540 -5.255033 -3.180155 14.282877 -0.826595 6.952495 -0.000000 -12.690592 0.000001 16.350674 -17.772610 2.695992 1.665664 -1.955920 -2.878297 4.727795 -4.170583 4.993918 11.020514 0.000003 -0.000000 12.109035 -3.735711 -2.866780 0.000001 -0.000000 0.000001 1.291986 -1.928548 -1.498088 14.800113 0.567467 3.865604 14.242551 -1.341736 -6.660648 19.631937 0.143924 -0.648243 50.732800 -0.704815 -5.965487 0.353027 -1.511149 -0.031940 20.222769 3.684305 2.316629 18.787245 0.000003 0.000001 10.751610 -0.479868 1.397904 -0.000001 0.000000 0.000000 3.273803 0.305947 -0.580109 21.486792 11.830362 2.266133 8.162916 0.000001 0.000000 18.399050 -3.798982 -4.940567 0.000002 -0.000000 -0.000001 10.218196 28.772625 -34.666779 -0.530120 -0.531176 46.920349 -15.254450 -8.996436 -7.726052 1.623539 -1.882786 -0.689035 0.000000 -0.000000 0.000002 -24.996290 -15.650213 -17.659796 0.570069 1.009082 41.576553 22.833735 7.001504 -18.909760 -1.425225 0.978396 -1.976782 -0.000000 -0.000000 -0.000001 
51.678146 88.907303 72.584557 2.504267 -10.672827 2.062439 -0.969748 0.816326 2.059271 -0.651215 0.422704 -3.998658 -2.489181 -0.693513 12.309787 -5.149789 5.644541 11.588672 2.930220 13.834337 -3.207180 -5.386684 15.698176 -13.057068 0.000077 -0.000023 0.000006 0.016624 -0.085879 -0.038606 0.777271 -3.804662 -10.780165 -0.749363 3.638115 -10.765008 1.780091 -13.482533 9.355670 -15.150858 -22.585632 -60.745922 -178.294678 -75.466103 179.024582 -0.505980 -9.138760 -2.540729 -5.882102 9.861277 0.702590 -10.936859 -0.360576 7.156197 0.000002 8.774813 -0.000000 -16.647503 16.975361 5.479455 -1.844031 2.498503 -2.507275 -10.163589 4.678938 4.621103 -20.975996 -0.000003 0.000002 -21.226254 2.451691 -3.593994 0.000000 -0.000005 -0.000000 -1.362680 2.240795 -0.746322 -21.334890 0.584908 3.008320 -13.821197 -0.000004 0.000002 -23.887129 -0.249080 -0.839480 -61.060276 2.410639 -1.652418 -0.294025 1.679688 0.833256 -14.218194 0.093215 1.300579 -34.211998 -0.287564 0.967169 -20.033178 0.964535 1.212842 0.000000 -0.000000 0.000000 -3.440383 0.788233 0.501656 -15.928169 -3.167306 2.999704 -6.338817 0.000001 0.000002 -18.123415 3.648176 -4.905661 -0.000004 0.000001 -0.000002 -8.868455 13.715966 7.441756 62.198166 51.439022 -1.140147 179.834015 41.885586 179.891602 -1.239267 3.824009 -0.800840 2.243540 -5.255032 -3.180154 14.282875 -0.826593 6.952495 -0.000002 -12.690585 -0.000000 16.342348 -17.768431 2.672534 1.665665 -1.955919 -2.878297 4.727792 -4.170582 4.993916 11.020511 0.000003 -0.000001 12.109033 -3.735709 -2.866778 0.000001 -0.000000 0.000001 1.291984 -1.928547 -1.498089 14.800113 0.567468 3.865602 14.242553 -1.341734 -6.660648 19.631939 0.143926 -0.648243 50.727982 -0.701305 -5.970441 0.353028 -1.511149 -0.031939 20.222767 3.684306 2.316626 18.787245 0.000005 -0.000002 10.751610 -0.479868 1.397904 -0.000000 -0.000001 0.000000 3.273803 0.305947 -0.580109 21.486790 11.830360 2.266128 8.162916 0.000000 0.000000 18.399054 -3.798977 -4.940568 0.000003 -0.000001 -0.000000 10.154055 28.801739 -34.746658 -0.521480 -0.531766 46.852104 -15.253596 -8.979700 -7.644065 1.622496 -1.876110 -0.660058 0.000000 0.000000 0.000002 -24.969084 -15.644839 -17.800390 0.570199 0.998787 41.582031 22.792833 6.995244 -18.844604 -1.424680 0.984555 -1.975637 -0.000000 0.000001 -0.000001 
51.685608 88.925880 72.562042 2.518996 -10.680936 2.101470 -0.972648 0.812259 2.058957 -0.648909 0.424216 -4.000114 -2.491852 -0.693591 12.285605 -5.171383 5.664535 11.571993 2.927274 13.839179 -3.202973 -5.403584 15.723378 -12.993775 0.000077 -0.000022 0.000006 0.017569 -0.091895 -0.034025 0.779578 -3.815398 -10.781041 -0.752245 3.636040 -10.768971 1.810246 -13.496630 9.325383 -15.180689 -22.524303 -60.719532 -178.319183 -75.501587 179.062408 -0.583344 -9.164865 -2.655981 -5.882102 9.861278 0.702589 -10.936858 -0.360576 7.156196 0.000001 8.774812 -0.000001 -16.687807 16.991985 5.492921 -1.844031 2.498503 -2.507276 -10.163589 4.678940 4.621104 -20.975996 -0.000004 0.000004 -21.226254 2.451691 -3.593992 -0.000000 -0.000005 -0.000000 -1.362680 2.240797 -0.746322 -21.334890 0.584907 3.008320 -13.821197 -0.000004 0.000003 -23.887129 -0.249079 -0.839478 -61.092377 2.399456 -1.628724 -0.294026 1.679687 0.833255 -14.218190 0.093214 1.300579 -34.212006 -0.287565 0.967171 -20.033176 0.964534 1.212842 0.000000 -0.000000 0.000000 -3.440384 0.788231 0.501654 -15.928169 -3.167308 2.999704 -6.338815 -0.000001 0.000001 -18.123413 3.648176 -4.905661 -0.000004 -0.000000 -0.000002 -8.929079 13.710074 7.388706 62.144691 51.519901 -1.228846 179.821167 41.922127 179.872772 -1.306321 3.802576 -0.971777 2.243539 -5.255033 -3.180155 14.282877 -0.826594 6.952496 -0.000001 -12.690593 0.000001 16.325428 -17.762390 2.660590 1.665665 -1.955920 -2.878297 4.727794 -4.170585 4.993920 11.020512 0.000003 -0.000001 12.109032 -3.735711 -2.866780 0.000001 0.000000 0.000000 1.291983 -1.928548 -1.498088 14.800113 0.567468 3.865603 14.242553 -1.341734 -6.660650 19.631939 0.143927 -0.648243 50.716297 -0.693054 -5.980939 0.353028 -1.511149 -0.031940 20.222769 3.684306 2.316627 18.787243 0.000005 -0.000001 10.751610 -0.479868 1.397904 -0.000001 0.000000 0.000000 3.273804 0.305947 -0.580111 21.486788 11.830366 2.266131 8.162916 0.000000 0.000001 18.399052 -3.798980 -4.940567 0.000003 -0.000001 -0.000000 10.105086 28.814709 -34.781010 -0.524246 -0.522871 46.789871 -15.256927 -8.975795 -7.596438 1.621113 -1.876124 -0.656575 0.000000 0.000000 0.000002 -24.969595 -15.643740 -17.847778 0.572441 0.989390 41.543488 22.775316 7.012938 -18.808388 -1.425363 0.990791 -1.959492 0.000000 0.000000 -0.000001 
51.708706 88.926125 72.597359 2.532250 -10.685470 2.138068 -0.973244 0.808122 2.065046 -0.646410 0.428023 -3.994014 -2.495342 -0.682393 12.263494 -5.197188 5.655210 11.543343 2.917158 13.856103 -3.193553 -5.420636 15.733526 -12.952039 0.000077 -0.000023 0.000006 0.014909 -0.085801 -0.033556 0.775283 -3.811769 -10.776601 -0.750786 3.621494 -10.764074 1.823792 -13.507565 9.336316 -15.155634 -22.462790 -60.783428 -178.120621 -75.537346 178.878647 -0.652724 -9.195891 -2.777416 -5.882103 9.861278 0.702586 -10.936861 -0.360575 7.156197 0.000001 8.774812 -0.000002 -16.729307 17.016113 5.479084 -1.844032 2.498503 -2.507276 -10.163592 4.678937 4.621102 -20.975996 -0.000004 0.000003 -21.226255 2.451695 -3.593994 -0.000000 -0.000004 -0.000000 -1.362681 2.240797 -0.746322 -21.334892 0.584907 3.008320 -13.821198 -0.000002 0.000003 -23.887133 -0.249078 -0.839481 -61.083111 2.408191 -1.638334 -0.294022 1.679686 0.833255 -14.218195 0.093214 1.300580 -34.212013 -0.287563 0.967173 -20.033180 0.964537 1.212843 -0.000000 -0.000001 0.000001 -3.440388 0.788233 0.501656 -15.928167 -3.167305 2.999705 -6.338817 0.000000 0.000001 -18.123415 3.648176 -4.905663 -0.000004 -0.000000 -0.000002 -8.978611 13.711685 7.382942 62.062160 51.570107 -1.281054 179.878662 41.927433 179.894836 -1.346380 3.788264 -1.107022 2.243540 -5.255032 -3.180156 14.282877 -0.826594 6.952496 -0.000001 -12.690590 0.000000 16.299648 -17.774794 2.635280 1.665664 -1.955919 -2.878296 4.727793 -4.170583 4.993919 11.020512 0.000003 -0.000000 12.109032 -3.735709 -2.866780 0.000001 -0.000000 0.000001 1.291983 -1.928548 -1.498088 14.800113 0.567468 3.865605 14.242551 -1.341734 -6.660646 19.631937 0.143926 -0.648241 50.714657 -0.689683 -6.024022 0.353030 -1.511150 -0.031941 20.222773 3.684307 2.316629 18.787245 0.000005 0.000001 10.751611 -0.479867 1.397904 -0.000000 -0.000000 -0.000000 3.273805 0.305947 -0.580110 21.486794 11.830365 2.266133 8.162916 0.000002 0.000001 18.399054 -3.798980 -4.940566 0.000004 -0.000002 -0.000001 10.056272 28.821758 -34.820412 -0.510902 -0.517854 46.821735 -15.229091 -9.024624 -7.636675 1.619395 -1.871562 -0.655096 0.000000 -0.000000 0.000002 -25.001905 -15.639698 -17.848852 0.588702 0.994275 41.504639 22.798626 6.986295 -18.807486 -1.424808 0.997348 -1.935603 0.000000 0.000001 -0.000001 
51.696171 88.946648 72.632332 2.545717 -10.672540 2.175918 -0.975657 0.807555 2.071051 -0.641289 0.421653 -3.988739 -2.497974 -0.671345 12.240056 -5.215320 5.679676 11.513417 2.914668 13.845289 -3.191526 -5.432472 15.732235 -12.906743 0.000077 -0.000023 0.000006 0.013487 -0.079564 -0.033405 0.772817 -3.801242 -10.771792 -0.749692 3.633042 -10.760867 1.840201 -13.530887 9.323984 -15.141494 -22.388248 -60.808311 -178.120193 -75.523491 178.856689 -0.714025 -9.200116 -2.841181 -5.882100 9.861280 0.702589 -10.936859 -0.360575 7.156198 0.000001 8.774811 -0.000003 -16.738438 17.013517 5.473548 -1.844030 2.498503 -2.507274 -10.163589 4.678939 4.621106 -20.975998 -0.000004 0.000006 -21.226250 2.451694 -3.593991 0.000000 -0.000004 -0.000000 -1.362679 2.240796 -0.746324 -21.334887 0.584908 3.008322 -13.821197 -0.000003 0.000003 -23.887129 -0.249079 -0.839478 -61.113537 2.390676 -1.639034 -0.294023 1.679687 0.833255 -14.218190 0.093212 1.300580 -34.212002 -0.287566 0.967175 -20.033178 0.964535 1.212844 -0.000000 -0.000001 0.000001 -3.440386 0.788233 0.501656 -15.928167 -3.167307 2.999706 -6.338816 -0.000002 0.000002 -18.123411 3.648175 -4.905658 -0.000004 0.000001 -0.000002 -9.018920 13.712774 7.387682 61.951595 51.630558 -1.356862 179.922821 41.915737 179.968643 -1.362015 3.765708 -1.217377 2.243541 -5.255033 -3.180155 14.282877 -0.826594 6.952495 -0.000000 -12.690590 0.000000 16.339922 -17.815145 2.627166 1.665666 -1.955920 -2.878296 4.727794 -4.170584 4.993918 11.020513 0.000003 -0.000001 12.109030 -3.735710 -2.866780 0.000000 0.000000 0.000000 1.291984 -1.928548 -1.498087 14.800113 0.567467 3.865601 14.242554 -1.341735 -6.660649 19.631939 0.143926 -0.648245 50.734631 -0.697959 -6.045040 0.353029 -1.511150 -0.031940 20.222767 3.684306 2.316626 18.787243 0.000005 -0.000002 10.751610 -0.479868 1.397903 -0.000001 -0.000000 0.000000 3.273804 0.305946 -0.580110 21.486790 11.830361 2.266129 8.162916 0.000001 -0.000001 18.399052 -3.798978 -4.940569 0.000003 -0.000002 -0.000000 10.035430 28.823797 -34.811272 -0.509536 -0.504825 46.762428 -15.235558 -9.063054 -7.620111 1.619239 -1.878316 -0.648668 0.000000 -0.000000 0.000002 -25.005486 -15.648166 -17.825659 0.582242 0.984208 41.439209 22.803410 6.984578 -18.801113 -1.423651 0.997947 -1.928151 0.000000 0.000000 -0.000001 
51.695953 88.983688 72.646118 2.551558 -10.634815 2.206216 -0.972731 0.800161 2.085713 -0.640413 0.441276 -3.981533 -2.490628 -0.676362 12.225221 -5.238567 5.676684 11.479760 2.920789 13.807823 -3.181448 -5.454514 15.756209 -12.908653 0.000077 -0.000022 0.000006 0.014039 -0.073245 -0.037818 0.770752 -3.802601 -10.775597 -0.751336 3.637494 -10.761972 1.877264 -13.540812 9.255440 -15.173124 -22.331934 -60.733971 -178.184265 -75.521179 178.857285 -0.724658 -9.160815 -2.936898 -5.882102 9.861279 0.702589 -10.936856 -0.360574 7.156196 0.000001 8.774814 -0.000001 -16.750496 16.995943 5.474473 -1.844032 2.498503 -2.507275 -10.163590 4.678940 4.621102 -20.975994 -0.000003 -0.000002 -21.226254 2.451692 -3.593997 0.000000 -0.000005 -0.000000 -1.362682 2.240796 -0.746324 -21.334888 0.584910 3.008317 -13.821194 -0.000001 -0.000001 -23.887125 -0.249078 -0.839486 -61.189491 2.382099 -1.649468 -0.294025 1.679687 0.833256 -14.218190 0.093215 1.300577 -34.211998 -0.287565 0.967163 -20.033176 0.964531 1.212839 -0.000000 -0.000002 0.000000 -3.440384 0.788232 0.501654 -15.928164 -3.167304 2.999702 -6.338815 0.000000 0.000000 -18.123411 3.648175 -4.905664 -0.000004 -0.000000 -0.000002 -9.055032 13.705823 7.378085 61.825352 51.618679 -1.440186 179.970032 41.902794 179.994034 -1.383617 3.735654 -1.386309 2.243541 -5.255032 -3.180155 14.282877 -0.826594 6.952495 -0.000001 -12.690590 -0.000000 16.317694 -17.825609 2.619390 1.665665 -1.955920 -2.878296 4.727795 -4.170583 4.993920 11.020510 0.000003 -0.000001 12.109030 -3.735710 -2.866778 0.000001 -0.000000 0.000002 1.291984 -1.928547 -1.498088 14.800114 0.567467 3.865604 14.242553 -1.341735 -6.660650 19.631935 0.143926 -0.648243 50.731636 -0.690559 -6.063622 0.353031 -1.511149 -0.031940 20.222769 3.684306 2.316629 18.787245 0.000004 0.000001 10.751610 -0.479868 1.397904 -0.000000 -0.000000 0.000000 3.273803 0.305947 -0.580110 21.486790 11.830360 2.266131 8.162916 0.000000 0.000000 18.399052 -3.798979 -4.940566 0.000003 -0.000001 -0.000001 9.995733 28.788631 -34.799934 -0.501467 -0.512571 46.656204 -15.220070 -9.039536 -7.581657 1.619957 -1.881755 -0.633588 0.000000 -0.000000 0.000002 -25.002611 -15.676714 -17.768446 0.590614 0.990515 41.313484 22.803209 6.983582 -18.761000 -1.423750 1.004620 -1.939030 -0.000000 -0.000001 -0.000001 
51.705368 89.011307 72.628082 2.551811 -10.639070 2.240506 -0.969031 0.809979 2.102905 -0.636968 0.441436 -3.982020 -2.487593 -0.665901 12.209022 -5.259246 5.689494 11.429868 2.929161 13.773641 -3.170024 -5.465914 15.785667 -12.916870 0.000077 -0.000023 0.000006 0.014157 -0.085494 -0.033707 0.769827 -3.796392 -10.769557 -0.751347 3.642617 -10.755268 1.912119 -13.561726 9.182114 -15.159805 -22.234917 -60.644974 -178.247345 -75.507851 178.956924 -0.685099 -9.126534 -3.025559 -5.882103 9.861279 0.702590 -10.936860 -0.360577 7.156197 0.000000 8.774809 -0.000002 -16.782772 17.017303 5.480738 -1.844030 2.498503 -2.507276 -10.163590 4.678937 4.621104 -20.975998 -0.000005 0.000003 -21.226257 2.451693 -3.593992 0.000000 -0.000005 -0.000001 -1.362680 2.240796 -0.746324 -21.334896 0.584906 3.008322 -13.821197 -0.000001 0.000004 -23.887131 -0.249074 -0.839480 -61.278042 2.388355 -1.654553 -0.294023 1.679687 0.833254 -14.218195 0.093213 1.300580 -34.212006 -0.287562 0.967173 -20.033182 0.964535 1.212844 0.000001 -0.000001 0.000000 -3.440388 0.788232 0.501657 -15.928169 -3.167306 2.999705 -6.338818 -0.000002 0.000002 -18.123415 3.648176 -4.905661 -0.000004 -0.000001 -0.000002 -9.078921 13.703607 7.368710 61.700771 51.652290 -1.516892 -179.957703 41.905689 -179.902527 -1.406761 3.732039 -1.593905 2.243541 -5.255033 -3.180154 14.282878 -0.826594 6.952496 -0.000001 -12.690587 0.000001 16.350658 -17.839384 2.628250 1.665663 -1.955920 -2.878296 4.727789 -4.170582 4.993918 11.020514 0.000002 -0.000001 12.109035 -3.735711 -2.866780 0.000001 0.000000 0.000000 1.291986 -1.928547 -1.498088 14.800113 0.567467 3.865603 14.242554 -1.341734 -6.660649 19.631941 0.143926 -0.648244 50.736454 -0.708211 -6.082583 0.353028 -1.511149 -0.031940 20.222771 3.684305 2.316627 18.787247 0.000005 -0.000001 10.751610 -0.479867 1.397904 -0.000000 -0.000000 -0.000000 3.273805 0.305947 -0.580111 21.486794 11.830361 2.266130 8.162917 0.000000 0.000000 18.399052 -3.798978 -4.940569 0.000004 -0.000001 -0.000001 9.959404 28.796789 -34.815838 -0.505648 -0.515989 46.575569 -15.199547 -9.015432 -7.537250 1.616884 -1.878834 -0.645285 0.000000 0.000000 0.000002 -24.985847 -15.733425 -17.784576 0.585546 0.997941 41.233120 22.796658 7.029032 -18.689287 -1.423936 0.999096 -1.962058 -0.000000 0.000001 -0.000001 
51.777000 89.058464 72.606445 2.551531 -10.608603 2.287975 -0.967974 0.805155 2.102157 -0.636298 0.476994 -3.973858 -2.484195 -0.697648 12.194016 -5.264695 5.689785 11.381604 2.934582 13.737123 -3.165529 -5.485662 15.843238 -12.952518 0.000077 -0.000022 0.000006 0.012669 -0.085509 -0.036832 0.773254 -3.814805 -10.772215 -0.749634 3.622502 -10.757135 1.934668 -13.566021 9.123510 -15.107286 -22.118080 -60.562469 -178.502579 -75.545273 179.205719 -0.685330 -9.155292 -3.120595 -5.882100 9.861278 0.702590 -10.936861 -0.360576 7.156198 -0.000000 8.774813 -0.000002 -16.758352 17.039062 5.483075 -1.844028 2.498501 -2.507277 -10.163589 4.678938 4.621105 -20.975992 -0.000005 0.000003 -21.226254 2.451691 -3.593995 0.000000 -0.000004 0.000000 -1.362679 2.240797 -0.746321 -21.334888 0.584908 3.008322 -13.821194 -0.000002 0.000003 -23.887125 -0.249076 -0.839480 -61.322693 2.405655 -1.680280 -0.294025 1.679684 0.833253 -14.218190 0.093214 1.300579 -34.212002 -0.287567 0.967170 -20.033180 0.964534 1.212843 0.000001 -0.000001 0.000000 -3.440385 0.788233 0.501657 -15.928167 -3.167308 2.999706 -6.338815 -0.000002 0.000002 -18.123413 3.648176 -4.905662 -0.000004 -0.000001 -0.000002 -9.107064 13.723516 7.355755 61.594521 51.669209 -1.674348 -179.991013 41.901592 -179.888687 -1.399992 3.703432 -1.836440 2.243541 -5.255032 -3.180155 14.282875 -0.826593 6.952497 -0.000002 -12.690590 -0.000001 16.337942 -17.847845 2.637595 1.665667 -1.955920 -2.878296 4.727795 -4.170584 4.993918 11.020510 0.000002 -0.000001 12.109033 -3.735711 -2.866778 0.000002 0.000000 0.000000 1.291986 -1.928548 -1.498087 14.800114 0.567468 3.865605 14.242553 -1.341735 -6.660649 19.631939 0.143926 -0.648244 50.735199 -0.734578 -6.072069 0.353027 -1.511149 -0.031941 20.222769 3.684307 2.316628 18.787245 0.000004 0.000001 10.751610 -0.479868 1.397904 -0.000000 -0.000000 0.000000 3.273802 0.305947 -0.580109 21.486790 11.830362 2.266132 8.162915 0.000000 0.000001 18.399054 -3.798980 -4.940567 0.000003 -0.000001 -0.000001 9.850190 28.782497 -34.872383 -0.506549 -0.526658 46.486687 -15.100379 -8.991468 -7.501688 1.619958 -1.872130 -0.659599 0.000000 0.000000 0.000002 -25.002783 -15.799244 -17.742252 0.580097 0.999559 41.017323 22.840462 7.044243 -18.537556 -1.424079 1.005777 -1.962112 0.000000 -0.000001 -0.000001 
51.800175 89.084122 72.582153 2.544469 -10.580059 2.328655 -0.959913 0.802340 2.120586 -0.636587 0.492879 -3.977192 -2.480634 -0.701554 12.177166 -5.262135 5.682158 11.342867 2.933270 13.719891 -3.167287 -5.497989 15.875586 -12.976260 0.000077 -0.000023 0.000006 0.015591 -0.086314 -0.031602 0.774095 -3.811087 -10.763390 -0.749088 3.616154 -10.751374 1.939983 -13.582732 9.092939 -15.076467 -22.031006 -60.573002 -178.476593 -75.570312 179.204941 -0.711203 -9.157993 -3.168679 -5.882101 9.861279 0.702591 -10.936858 -0.360573 7.156198 0.000001 8.774813 0.000000 -16.754091 17.022449 5.457151 -1.844031 2.498503 -2.507277 -10.163588 4.678941 4.621103 -20.975994 -0.000004 0.000002 -21.226254 2.451691 -3.593995 -0.000000 -0.000004 0.000000 -1.362680 2.240799 -0.746323 -21.334887 0.584908 3.008320 -13.821195 -0.000004 0.000002 -23.887129 -0.249079 -0.839480 -61.328442 2.398586 -1.680198 -0.294025 1.679686 0.833256 -14.218190 0.093216 1.300578 -34.211998 -0.287563 0.967167 -20.033176 0.964534 1.212840 0.000001 -0.000002 0.000000 -3.440383 0.788232 0.501655 -15.928165 -3.167306 2.999704 -6.338814 -0.000001 0.000001 -18.123411 3.648178 -4.905662 -0.000004 -0.000000 -0.000002 -9.130717 13.744326 7.338560 61.525234 51.687382 -1.800742 -179.986496 41.921429 -179.865692 -1.372296 3.674625 -1.994209 2.243541 -5.255033 -3.180156 14.282875 -0.826594 6.952495 -0.000003 -12.690588 0.000002 16.323694 -17.860306 2.647668 1.665666 -1.955920 -2.878297 4.727793 -4.170585 4.993918 11.020512 0.000004 -0.000001 12.109033 -3.735710 -2.866779 -0.000000 0.000000 -0.000000 1.291985 -1.928547 -1.498087 14.800109 0.567468 3.865603 14.242553 -1.341733 -6.660649 19.631937 0.143927 -0.648244 50.742405 -0.753452 -6.077477 0.353028 -1.511149 -0.031939 20.222767 3.684308 2.316628 18.787245 0.000005 -0.000001 10.751610 -0.479868 1.397904 0.000000 -0.000000 -0.000000 3.273802 0.305947 -0.580111 21.486792 11.830367 2.266129 8.162915 0.000000 0.000000 18.399054 -3.798980 -4.940567 0.000003 0.000000 -0.000002 9.790664 28.785538 -34.927395 -0.497374 -0.532091 46.422867 -15.033688 -8.968096 -7.458801 1.617310 -1.865173 -0.681529 -0.000000 0.000000 0.000002 -24.991993 -15.864925 -17.744900 0.588653 1.004973 40.925270 22.849474 7.093098 -18.463026 -1.425590 1.006256 -1.962849 0.000000 -0.000001 -0.000001 
51.810402 89.114174 72.639732 2.553229 -10.570630 2.369514 -0.957776 0.818915 2.132622 -0.634865 0.463200 -3.985852 -2.489976 -0.679663 12.173068 -5.250275 5.676748 11.299120 2.922423 13.749413 -3.169100 -5.509981 15.904073 -13.012422 0.000077 -0.000022 0.000006 0.015253 -0.098138 -0.037567 0.775569 -3.821709 -10.771022 -0.752375 3.623366 -10.760220 1.937069 -13.588611 9.072597 -15.019684 -21.903404 -60.608582 -178.475189 -75.613144 179.176819 -0.743360 -9.190848 -3.255683 -5.882101 9.861278 0.702589 -10.936858 -0.360575 7.156196 0.000001 8.774812 -0.000003 -16.731470 17.026861 5.440466 -1.844031 2.498502 -2.507275 -10.163589 4.678940 4.621106 -20.975996 -0.000003 0.000003 -21.226250 2.451692 -3.593992 -0.000000 -0.000004 -0.000000 -1.362680 2.240796 -0.746322 -21.334894 0.584907 3.008321 -13.821195 -0.000003 0.000002 -23.887129 -0.249080 -0.839479 -61.319393 2.396587 -1.711759 -0.294025 1.679685 0.833255 -14.218194 0.093214 1.300580 -34.212006 -0.287564 0.967171 -20.033178 0.964535 1.212843 0.000001 -0.000000 0.000000 -3.440385 0.788231 0.501654 -15.928167 -3.167309 2.999703 -6.338818 -0.000002 0.000002 -18.123415 3.648174 -4.905660 -0.000004 0.000001 -0.000002 -9.149972 13.779339 7.329398 61.415543 51.702366 -2.023079 179.953033 41.922771 -179.946487 -1.366323 3.643107 -2.073425 2.243537 -5.255031 -3.180155 14.282878 -0.826595 6.952495 -0.000001 -12.690588 0.000001 16.323376 -17.869703 2.662057 1.665664 -1.955918 -2.878296 4.727794 -4.170582 4.993918 11.020513 0.000003 -0.000001 12.109033 -3.735709 -2.866781 0.000001 0.000000 0.000002 1.291985 -1.928547 -1.498088 14.800117 0.567467 3.865603 14.242553 -1.341734 -6.660648 19.631939 0.143926 -0.648242 50.753178 -0.788269 -6.072455 0.353028 -1.511149 -0.031939 20.222771 3.684304 2.316627 18.787247 0.000004 -0.000000 10.751612 -0.479869 1.397903 0.000000 -0.000000 -0.000000 3.273803 0.305947 -0.580110 21.486794 11.830360 2.266130 8.162917 0.000000 0.000000 18.399055 -3.798977 -4.940567 0.000003 -0.000001 -0.000000 9.756979 28.805277 -34.907505 -0.496209 -0.521371 46.365673 -14.981372 -8.980597 -7.471807 1.617962 -1.871508 -0.691059 0.000000 -0.000000 0.000002 -25.014853 -15.924022 -17.675402 0.590674 0.999649 40.784908 22.872118 7.174736 -18.404623 -1.427009 1.000648 -1.954667 -0.000000 -0.000000 -0.000001 
51.886623 89.133606 72.731445 2.568166 -10.530934 2.401993 -0.956977 0.794419 2.137102 -0.637175 0.492095 -3.976035 -2.490232 -0.700521 12.158828 -5.236325 5.702754 11.247856 2.936613 13.729000 -3.173873 -5.521411 15.931562 -13.010702 0.000077 -0.000023 0.000006 0.018777 -0.116465 -0.044674 0.779820 -3.843822 -10.774866 -0.750921 3.594131 -10.767261 1.930913 -13.588649 9.047285 -14.973558 -21.803381 -60.557156 -178.497910 -75.649269 179.224167 -0.734053 -9.213264 -3.333324 -5.882102 9.861278 0.702588 -10.936857 -0.360574 7.156196 0.000000 8.774814 -0.000002 -16.710648 17.033669 5.425591 -1.844031 2.498503 -2.507276 -10.163588 4.678940 4.621103 -20.975992 -0.000002 0.000001 -21.226254 2.451692 -3.593995 0.000000 -0.000004 -0.000000 -1.362681 2.240797 -0.746323 -21.334887 0.584906 3.008320 -13.821197 -0.000004 0.000002 -23.887125 -0.249081 -0.839481 -61.296730 2.398502 -1.718825 -0.294024 1.679687 0.833254 -14.218190 0.093214 1.300577 -34.211998 -0.287562 0.967170 -20.033175 0.964534 1.212841 -0.000000 -0.000001 0.000001 -3.440383 0.788231 0.501655 -15.928165 -3.167307 2.999703 -6.338815 -0.000003 0.000001 -18.123411 3.648175 -4.905662 -0.000004 -0.000000 -0.000002 -9.172735 13.789877 7.305346 61.391541 51.696499 -2.132255 179.947617 41.943321 -179.930511 -1.312671 3.664737 -2.118592 2.243543 -5.255033 -3.180155 14.282878 -0.826594 6.952495 -0.000001 -12.690588 -0.000000 16.303503 -17.866924 2.673498 1.665664 -1.955919 -2.878296 4.727793 -4.170583 4.993917 11.020513 0.000003 -0.000002 12.109034 -3.735709 -2.866781 -0.000000 -0.000000 0.000002 1.291985 -1.928547 -1.498089 14.800114 0.567468 3.865603 14.242554 -1.341734 -6.660650 19.631941 0.143927 -0.648244 50.742092 -0.801521 -6.090412 0.353030 -1.511150 -0.031941 20.222769 3.684307 2.316626 18.787247 0.000005 -0.000001 10.751612 -0.479867 1.397904 0.000000 0.000000 -0.000000 3.273807 0.305947 -0.580110 21.486790 11.830362 2.266128 8.162916 0.000002 -0.000000 18.399048 -3.798977 -4.940568 0.000004 0.000000 -0.000000 9.675287 28.774323 -34.922073 -0.497121 -0.516914 46.406914 -14.897983 -8.981617 -7.571785 1.621203 -1.865097 -0.704026 -0.000000 0.000000 0.000002 -25.109156 -15.987312 -17.529701 0.610317 1.000199 40.574074 22.953810 7.198358 -18.323170 -1.426893 1.007094 -1.932631 0.000000 0.000000 -0.000001 
51.910645 89.148468 72.828850 2.579983 -10.495542 2.431373 -0.959383 0.791449 2.142190 -0.634329 0.478485 -3.970932 -2.488251 -0.661801 12.161354 -5.209715 5.680021 11.189232 2.932471 13.746475 -3.173762 -5.523682 15.946184 -13.000826 0.000077 -0.000023 0.000006 0.016903 -0.116804 -0.045192 0.780686 -3.847055 -10.772777 -0.752039 3.603350 -10.765106 1.927827 -13.606962 9.051162 -14.941859 -21.717110 -60.517925 -178.507309 -75.654030 179.164993 -0.691259 -9.184678 -3.291659 -5.882102 9.861279 0.702590 -10.936858 -0.360576 7.156196 0.000001 8.774809 -0.000001 -16.699968 17.016275 5.435343 -1.844032 2.498503 -2.507275 -10.163589 4.678938 4.621103 -20.975996 -0.000002 0.000000 -21.226255 2.451694 -3.593997 0.000000 -0.000004 -0.000000 -1.362682 2.240796 -0.746323 -21.334890 0.584911 3.008319 -13.821197 -0.000004 0.000001 -23.887131 -0.249079 -0.839483 -61.290794 2.382609 -1.713935 -0.294024 1.679687 0.833256 -14.218194 0.093213 1.300578 -34.212009 -0.287562 0.967169 -20.033184 0.964536 1.212841 0.000000 -0.000000 0.000000 -3.440386 0.788234 0.501654 -15.928171 -3.167305 2.999703 -6.338815 -0.000002 0.000001 -18.123415 3.648176 -4.905663 -0.000004 -0.000000 -0.000002 -9.170518 13.789777 7.310480 61.320187 51.699036 -2.221333 179.969162 41.945194 -179.918701 -1.311519 3.664701 -2.103799 2.243540 -5.255033 -3.180156 14.282875 -0.826592 6.952496 -0.000001 -12.690592 -0.000001 16.294544 -17.877449 2.704045 1.665665 -1.955920 -2.878297 4.727793 -4.170583 4.993918 11.020512 0.000003 -0.000002 12.109032 -3.735709 -2.866780 0.000002 0.000000 0.000000 1.291984 -1.928548 -1.498088 14.800113 0.567469 3.865602 14.242554 -1.341735 -6.660650 19.631939 0.143927 -0.648245 50.730747 -0.804068 -6.069369 0.353028 -1.511150 -0.031941 20.222771 3.684308 2.316627 18.787245 0.000006 -0.000001 10.751611 -0.479867 1.397903 0.000000 -0.000000 -0.000000 3.273803 0.305947 -0.580110 21.486792 11.830367 2.266133 8.162916 0.000002 0.000000 18.399050 -3.798980 -4.940567 0.000003 -0.000001 -0.000000 9.646705 28.737913 -34.901913 -0.489207 -0.503018 46.421604 -14.873134 -8.982091 -7.648059 1.622336 -1.866846 -0.697992 -0.000000 0.000000 0.000002 -25.154198 -16.032547 -17.408670 0.598615 1.006707 40.433033 23.010448 7.225821 -18.300209 -1.426936 0.988567 -1.889225 0.000000 0.000000 -0.000001 
51.885044 89.153862 72.855873 2.591453 -10.457897 2.459404 -0.951366 0.787662 2.139750 -0.638430 0.492550 -3.976731 -2.483044 -0.642917 12.164930 -5.179747 5.676704 11.141127 2.924541 13.752668 -3.170323 -5.531952 15.943525 -12.995397 0.000077 -0.000022 0.000006 0.020582 -0.129115 -0.045659 0.780817 -3.858370 -10.770946 -0.749013 3.592839 -10.761786 1.901434 -13.606067 9.051946 -14.894920 -21.652847 -60.489449 -178.547333 -75.691772 179.246948 -0.669923 -9.163380 -3.291502 -5.882100 9.861278 0.702588 -10.936859 -0.360576 7.156197 0.000002 8.774812 -0.000002 -16.717316 17.006887 5.430859 -1.844030 2.498504 -2.507277 -10.163589 4.678940 4.621104 -20.975994 -0.000006 0.000002 -21.226255 2.451690 -3.593992 0.000000 -0.000005 -0.000000 -1.362681 2.240796 -0.746323 -21.334894 0.584907 3.008320 -13.821197 -0.000004 0.000002 -23.887131 -0.249078 -0.839480 -61.320717 2.371147 -1.706131 -0.294025 1.679685 0.833254 -14.218195 0.093214 1.300580 -34.212006 -0.287563 0.967170 -20.033178 0.964535 1.212841 0.000001 -0.000002 -0.000000 -3.440386 0.788233 0.501656 -15.928171 -3.167306 2.999704 -6.338817 -0.000003 0.000001 -18.123415 3.648175 -4.905661 -0.000004 -0.000000 -0.000002 -9.159674 13.785406 7.306088 61.263496 51.681438 -2.339393 179.962540 41.943817 -179.917053 -1.272200 3.667655 -2.135602 2.243540 -5.255033 -3.180154 14.282879 -0.826596 6.952497 -0.000002 -12.690590 0.000001 16.252131 -17.852909 2.722273 1.665664 -1.955919 -2.878296 4.727795 -4.170584 4.993919 11.020514 0.000002 -0.000000 12.109032 -3.735711 -2.866778 -0.000000 0.000000 -0.000000 1.291985 -1.928548 -1.498089 14.800113 0.567467 3.865604 14.242554 -1.341735 -6.660646 19.631941 0.143923 -0.648244 50.662941 -0.784305 -6.045997 0.353028 -1.511150 -0.031941 20.222773 3.684304 2.316629 18.787254 0.000002 0.000002 10.751614 -0.479869 1.397904 0.000000 0.000000 0.000000 3.273804 0.305947 -0.580110 21.486790 11.830361 2.266132 8.162916 -0.000000 0.000000 18.399055 -3.798982 -4.940567 0.000004 -0.000001 -0.000001 9.641794 28.711941 -34.908337 -0.483615 -0.486341 46.392334 -14.879447 -8.976154 -7.638611 1.621105 -1.869577 -0.683007 -0.000000 0.000000 0.000002 -25.159000 -16.054672 -17.392971 0.588398 0.980369 40.430420 23.010672 7.251512 -18.321611 -1.425147 0.982179 -1.855569 0.000000 0.000000 -0.000001 
51.884544 89.162773 72.927734 2.603882 -10.409602 2.479660 -0.944106 0.800105 2.140071 -0.637767 0.476996 -3.976209 -2.474217 -0.620085 12.171904 -5.156121 5.665423 11.118779 2.907019 13.769392 -3.171891 -5.531646 15.915392 -12.982326 0.000077 -0.000024 0.000006 0.022844 -0.128465 -0.048203 0.784035 -3.848463 -10.781480 -0.748409 3.595722 -10.770410 1.869921 -13.608131 9.098902 -14.819468 -21.631227 -60.474773 -178.381073 -75.731712 179.102951 -0.601014 -9.132286 -3.260568 -5.882105 9.861278 0.702591 -10.936860 -0.360573 7.156196 0.000000 8.774812 -0.000002 -16.718519 16.996050 5.426180 -1.844034 2.498502 -2.507277 -10.163592 4.678941 4.621103 -20.976000 -0.000003 0.000000 -21.226257 2.451692 -3.593995 0.000000 -0.000005 -0.000000 -1.362678 2.240796 -0.746324 -21.334894 0.584908 3.008318 -13.821197 -0.000003 0.000001 -23.887133 -0.249081 -0.839482 -61.288643 2.379548 -1.704070 -0.294026 1.679686 0.833256 -14.218197 0.093215 1.300578 -34.212013 -0.287563 0.967166 -20.033182 0.964531 1.212841 0.000000 0.000001 -0.000000 -3.440385 0.788235 0.501656 -15.928169 -3.167305 2.999701 -6.338816 -0.000003 -0.000000 -18.123415 3.648175 -4.905664 -0.000004 -0.000001 -0.000001 -9.156445 13.765227 7.316975 61.211681 51.718929 -2.442758 179.959213 41.985596 -179.920197 -1.261972 3.688551 -2.181995 2.243538 -5.255033 -3.180156 14.282878 -0.826593 6.952497 -0.000000 -12.690588 -0.000001 16.202404 -17.840094 2.721874 1.665666 -1.955920 -2.878297 4.727795 -4.170583 4.993919 11.020513 0.000003 -0.000001 12.109035 -3.735709 -2.866780 0.000001 0.000000 0.000000 1.291984 -1.928548 -1.498087 14.800111 0.567468 3.865604 14.242553 -1.341734 -6.660648 19.631939 0.143925 -0.648243 50.547028 -0.749500 -6.036313 0.353029 -1.511149 -0.031939 20.222767 3.684304 2.316628 18.787245 0.000004 0.000001 10.751610 -0.479867 1.397904 -0.000001 -0.000000 0.000000 3.273804 0.305947 -0.580110 21.486792 11.830361 2.266132 8.162917 0.000001 0.000000 18.399054 -3.798981 -4.940566 0.000003 -0.000001 -0.000000 9.625571 28.666336 -34.892662 -0.479095 -0.482242 46.391880 -14.880435 -8.989278 -7.681356 1.620578 -1.868675 -0.664261 -0.000000 0.000000 0.000002 -25.195566 -16.093599 -17.297798 0.588578 0.972696 40.351955 23.034874 7.273111 -18.328884 -1.424269 0.987802 -1.812529 0.000000 0.000000 -0.000001 
51.876862 89.169197 72.961975 2.613777 -10.351370 2.483838 -0.940218 0.790616 2.143188 -0.632457 0.487048 -3.988449 -2.455584 -0.617009 12.191842 -5.140909 5.652191 11.082758 2.891071 13.779083 -3.173224 -5.524828 15.888199 -12.970583 0.000077 -0.000022 0.000006 0.023362 -0.116253 -0.048346 0.782435 -3.853537 -10.778625 -0.745435 3.604396 -10.769494 1.833225 -13.603548 9.145087 -14.793668 -21.598314 -60.444931 -178.387817 -75.764374 179.129532 -0.522252 -9.103259 -3.253294 -5.882099 9.861277 0.702589 -10.936858 -0.360575 7.156197 0.000001 8.774814 -0.000002 -16.769072 16.981394 5.404604 -1.844028 2.498503 -2.507275 -10.163589 4.678940 4.621105 -20.975994 -0.000004 0.000003 -21.226250 2.451690 -3.593993 0.000000 -0.000004 -0.000000 -1.362682 2.240797 -0.746321 -21.334887 0.584910 3.008320 -13.821195 -0.000002 0.000003 -23.887129 -0.249078 -0.839482 -61.296211 2.370110 -1.669966 -0.294026 1.679686 0.833255 -14.218190 0.093214 1.300578 -34.211998 -0.287562 0.967171 -20.033176 0.964535 1.212842 0.000000 -0.000001 0.000000 -3.440384 0.788234 0.501656 -15.928165 -3.167308 2.999704 -6.338816 -0.000002 0.000001 -18.123411 3.648174 -4.905660 -0.000004 -0.000000 -0.000002 -9.150043 13.736972 7.343067 61.210514 51.746769 -2.480214 179.869751 42.008839 -179.985977 -1.286870 3.722347 -2.255210 2.243541 -5.255033 -3.180155 14.282873 -0.826592 6.952496 -0.000002 -12.690592 -0.000001 16.162460 -17.831764 2.717079 1.665666 -1.955920 -2.878296 4.727794 -4.170584 4.993918 11.020511 0.000004 -0.000002 12.109031 -3.735709 -2.866779 -0.000000 0.000000 -0.000000 1.291983 -1.928547 -1.498088 14.800111 0.567470 3.865604 14.242550 -1.341734 -6.660650 19.631935 0.143927 -0.648244 50.507343 -0.731129 -6.025449 0.353027 -1.511149 -0.031941 20.222769 3.684308 2.316628 18.787243 0.000006 0.000000 10.751610 -0.479867 1.397904 -0.000000 -0.000000 0.000000 3.273806 0.305947 -0.580110 21.486788 11.830365 2.266131 8.162916 0.000001 0.000000 18.399046 -3.798979 -4.940566 0.000004 -0.000002 -0.000000 9.616803 28.604702 -34.881790 -0.471293 -0.477014 46.375904 -14.854035 -8.956382 -7.697957 1.619639 -1.871556 -0.668845 -0.000000 0.000000 0.000002 -25.221403 -16.125206 -17.223928 0.589611 0.958304 40.311504 23.043642 7.269706 -18.340670 -1.424119 0.987716 -1.793032 0.000000 0.000000 -0.000001 
51.820801 89.187454 73.009628 2.624245 -10.288733 2.490508 -0.937631 0.769986 2.126919 -0.626200 0.505144 -3.976861 -2.434933 -0.613299 12.198005 -5.145223 5.607024 11.033774 2.898070 13.782697 -3.159798 -5.522859 15.890841 -12.988073 0.000077 -0.000023 0.000006 0.020856 -0.109988 -0.046068 0.780843 -3.834177 -10.764020 -0.748224 3.610403 -10.755319 1.819626 -13.604959 9.196675 -14.788550 -21.613909 -60.426846 -178.281281 -75.771095 179.072586 -0.426997 -9.041076 -3.326620 -5.882102 9.861279 0.702590 -10.936858 -0.360572 7.156196 0.000001 8.774813 -0.000002 -16.793758 16.973162 5.391608 -1.844032 2.498502 -2.507277 -10.163589 4.678936 4.621101 -20.975998 -0.000003 0.000002 -21.226255 2.451692 -3.593994 0.000000 -0.000004 -0.000000 -1.362681 2.240796 -0.746322 -21.334890 0.584908 3.008318 -13.821197 -0.000002 0.000001 -23.887131 -0.249079 -0.839482 -61.268261 2.396940 -1.678549 -0.294028 1.679687 0.833257 -14.218194 0.093216 1.300580 -34.212002 -0.287566 0.967170 -20.033180 0.964534 1.212842 -0.000000 -0.000001 0.000000 -3.440384 0.788232 0.501653 -15.928167 -3.167310 2.999702 -6.338819 -0.000002 0.000001 -18.123415 3.648176 -4.905662 -0.000004 -0.000001 -0.000002 -9.165539 13.693718 7.355282 61.310036 51.803825 -2.456189 179.844711 42.044071 -179.999802 -1.233079 3.730038 -2.326886 2.243540 -5.255033 -3.180156 14.282875 -0.826593 6.952493 -0.000002 -12.690592 0.000002 16.167562 -17.846615 2.696794 1.665666 -1.955919 -2.878297 4.727791 -4.170582 4.993919 11.020510 0.000003 -0.000003 12.109032 -3.735709 -2.866779 0.000001 -0.000000 0.000001 1.291982 -1.928548 -1.498088 14.800109 0.567469 3.865602 14.242553 -1.341734 -6.660649 19.631939 0.143927 -0.648243 50.443562 -0.695027 -6.014619 0.353029 -1.511150 -0.031941 20.222769 3.684307 2.316627 18.787245 0.000005 -0.000001 10.751609 -0.479867 1.397904 -0.000000 -0.000000 -0.000000 3.273805 0.305947 -0.580110 21.486788 11.830363 2.266131 8.162917 0.000000 0.000000 18.399048 -3.798979 -4.940567 0.000004 -0.000001 -0.000001 9.636291 28.544268 -34.824310 -0.469700 -0.493581 46.289581 -14.855723 -8.920341 -7.684508 1.619766 -1.877912 -0.672363 -0.000000 0.000000 0.000002 -25.212294 -16.168882 -17.139786 0.594538 0.964700 40.279476 23.033367 7.210248 -18.388884 -1.422220 0.993915 -1.774846 0.000000 -0.000001 -0.000001 
51.747143 89.220161 73.026237 2.641448 -10.203658 2.482664 -0.939568 0.779041 2.128272 -0.614260 0.484906 -3.991266 -2.422646 -0.611087 12.224410 -5.141809 5.587629 10.983630 2.899380 13.795515 -3.160558 -5.548415 15.896991 -12.993969 0.000077 -0.000022 0.000006 0.019973 -0.116332 -0.049535 0.779549 -3.828948 -10.760380 -0.751819 3.615439 -10.754230 1.805154 -13.616282 9.222131 -14.835059 -21.604288 -60.429455 -178.081390 -75.742599 178.888809 -0.384633 -8.974914 -3.427463 -5.882101 9.861279 0.702590 -10.936858 -0.360574 7.156199 0.000002 8.774811 -0.000001 -16.783775 16.965364 5.400131 -1.844030 2.498503 -2.507276 -10.163590 4.678939 4.621106 -20.975994 -0.000003 0.000005 -21.226254 2.451695 -3.593991 0.000000 -0.000004 -0.000000 -1.362678 2.240796 -0.746322 -21.334887 0.584910 3.008326 -13.821197 -0.000001 0.000004 -23.887129 -0.249076 -0.839477 -61.234993 2.395496 -1.675146 -0.294023 1.679686 0.833255 -14.218195 0.093214 1.300581 -34.211998 -0.287563 0.967173 -20.033180 0.964536 1.212844 0.000000 0.000001 0.000000 -3.440384 0.788231 0.501656 -15.928169 -3.167306 2.999706 -6.338818 -0.000002 0.000002 -18.123413 3.648179 -4.905660 -0.000004 -0.000000 -0.000002 -9.173079 13.672698 7.370312 61.298637 51.812077 -2.491773 179.752777 42.008331 179.927780 -1.269775 3.695951 -2.371848 2.243540 -5.255033 -3.180156 14.282878 -0.826594 6.952497 -0.000000 -12.690590 -0.000002 16.155336 -17.864580 2.710914 1.665666 -1.955920 -2.878297 4.727793 -4.170583 4.993917 11.020513 0.000002 -0.000001 12.109030 -3.735711 -2.866781 0.000002 0.000000 0.000000 1.291985 -1.928548 -1.498088 14.800114 0.567467 3.865604 14.242554 -1.341737 -6.660648 19.631937 0.143925 -0.648245 50.430496 -0.693943 -5.995716 0.353029 -1.511150 -0.031941 20.222767 3.684305 2.316629 18.787245 0.000003 0.000000 10.751610 -0.479869 1.397904 -0.000000 -0.000000 0.000000 3.273803 0.305947 -0.580111 21.486788 11.830361 2.266133 8.162916 0.000002 0.000001 18.399052 -3.798978 -4.940567 0.000004 -0.000001 -0.000001 9.661806 28.481791 -34.738441 -0.477904 -0.498820 46.126312 -14.876254 -8.903803 -7.599190 1.617824 -1.881058 -0.678864 -0.000000 0.000000 0.000002 -25.192556 -16.187479 -17.046106 0.599196 0.961440 40.239231 22.992405 7.173203 -18.438377 -1.423340 0.981102 -1.785390 0.000000 -0.000001 -0.000001 
51.720345 89.266899 73.052032 2.653170 -10.150074 2.479007 -0.933596 0.766322 2.121794 -0.609361 0.494943 -3.984354 -2.402964 -0.624041 12.218379 -5.127821 5.572806 10.947005 2.911815 13.785240 -3.150323 -5.595932 15.951710 -12.998418 0.000077 -0.000025 0.000006 0.022069 -0.116502 -0.048665 0.786910 -3.840969 -10.753715 -0.751953 3.596463 -10.742949 1.793656 -13.607924 9.244389 -14.895108 -21.598089 -60.383228 -177.968536 -75.693954 178.839508 -0.315028 -8.883363 -3.563843 -5.882099 9.861278 0.702588 -10.936860 -0.360574 7.156199 0.000002 8.774811 -0.000001 -16.765263 16.942263 5.412845 -1.844029 2.498501 -2.507276 -10.163591 4.678940 4.621105 -20.975996 -0.000003 0.000004 -21.226254 2.451691 -3.593992 0.000001 -0.000006 0.000000 -1.362681 2.240797 -0.746321 -21.334896 0.584908 3.008321 -13.821197 -0.000005 0.000003 -23.887129 -0.249079 -0.839480 -61.254322 2.397440 -1.666779 -0.294022 1.679687 0.833256 -14.218190 0.093214 1.300579 -34.212006 -0.287565 0.967172 -20.033176 0.964536 1.212843 -0.000000 -0.000001 -0.000000 -3.440387 0.788231 0.501655 -15.928169 -3.167305 2.999703 -6.338816 -0.000002 0.000000 -18.123415 3.648175 -4.905662 -0.000004 -0.000000 -0.000002 -9.205528 13.664554 7.365060 61.283363 51.808743 -2.490127 179.766144 41.961166 179.961182 -1.287628 3.661386 -2.476169 2.243541 -5.255033 -3.180154 14.282879 -0.826594 6.952496 -0.000001 -12.690591 -0.000000 16.186192 -17.870907 2.709427 1.665665 -1.955919 -2.878295 4.727793 -4.170583 4.993919 11.020514 0.000002 -0.000000 12.109033 -3.735711 -2.866779 0.000001 0.000000 0.000002 1.291982 -1.928548 -1.498088 14.800117 0.567467 3.865603 14.242556 -1.341736 -6.660647 19.631941 0.143924 -0.648244 50.450630 -0.702215 -5.992934 0.353027 -1.511149 -0.031939 20.222771 3.684305 2.316628 18.787247 0.000004 0.000001 10.751612 -0.479868 1.397905 -0.000000 -0.000000 -0.000000 3.273803 0.305947 -0.580110 21.486792 11.830361 2.266131 8.162918 0.000001 0.000000 18.399057 -3.798980 -4.940569 0.000003 -0.000001 -0.000000 9.665572 28.427292 -34.663208 -0.470908 -0.490749 46.000698 -14.872408 -8.899569 -7.502931 1.614847 -1.877473 -0.686292 -0.000000 0.000000 0.000002 -25.188875 -16.197754 -16.924326 0.594177 0.957332 40.093407 22.978289 7.130811 -18.413328 -1.423729 0.986924 -1.797556 0.000000 -0.000001 -0.000001 
51.675423 89.303879 73.061363 2.660459 -10.108167 2.476695 -0.931688 0.776755 2.116234 -0.600139 0.487688 -3.980826 -2.382476 -0.604193 12.208347 -5.119775 5.566320 10.906461 2.908119 13.761699 -3.145938 -5.623071 15.977606 -12.997457 0.000077 -0.000024 0.000006 0.023260 -0.116284 -0.046383 0.790639 -3.841109 -10.751883 -0.755023 3.593720 -10.741483 1.785860 -13.613166 9.226591 -14.920021 -21.581264 -60.320793 -177.743118 -75.656708 178.660538 -0.290221 -8.815958 -3.676384 -5.882100 9.861279 0.702590 -10.936860 -0.360575 7.156197 0.000002 8.774812 -0.000002 -16.712704 16.940641 5.431058 -1.844033 2.498503 -2.507275 -10.163590 4.678940 4.621102 -20.975994 -0.000002 0.000003 -21.226255 2.451691 -3.593993 0.000000 -0.000005 -0.000000 -1.362679 2.240797 -0.746322 -21.334887 0.584909 3.008320 -13.821197 -0.000002 0.000002 -23.887133 -0.249078 -0.839479 -61.192387 2.392172 -1.645467 -0.294025 1.679686 0.833256 -14.218192 0.093215 1.300579 -34.212006 -0.287564 0.967170 -20.033178 0.964532 1.212843 -0.000000 -0.000001 0.000000 -3.440384 0.788233 0.501655 -15.928169 -3.167308 2.999702 -6.338818 -0.000003 0.000001 -18.123413 3.648175 -4.905662 -0.000004 -0.000000 -0.000002 -9.226637 13.657465 7.368153 61.269676 51.827309 -2.490193 179.766769 41.916451 179.993729 -1.287214 3.633992 -2.516682 2.243539 -5.255033 -3.180154 14.282878 -0.826594 6.952495 -0.000001 -12.690591 -0.000000 16.175409 -17.901775 2.710289 1.665666 -1.955921 -2.878298 4.727795 -4.170583 4.993918 11.020512 0.000003 -0.000001 12.109031 -3.735710 -2.866781 0.000001 -0.000000 0.000001 1.291985 -1.928548 -1.498086 14.800114 0.567468 3.865604 14.242553 -1.341736 -6.660648 19.631937 0.143926 -0.648243 50.435688 -0.714353 -6.012854 0.353029 -1.511150 -0.031939 20.222767 3.684307 2.316628 18.787245 0.000004 -0.000001 10.751610 -0.479867 1.397904 -0.000000 -0.000000 0.000000 3.273804 0.305947 -0.580110 21.486792 11.830363 2.266132 8.162916 0.000001 -0.000000 18.399052 -3.798978 -4.940568 0.000003 -0.000001 -0.000000 9.681890 28.383623 -34.578522 -0.473126 -0.496988 45.839760 -14.894471 -8.849154 -7.443222 1.612548 -1.869657 -0.692539 -0.000000 0.000000 0.000002 -25.164619 -16.193573 -16.850418 0.601604 0.963178 40.013287 22.950605 7.118509 -18.421425 -1.425231 0.974802 -1.795433 0.000000 0.000000 -0.000001 
51.651318 89.340187 73.079445 2.659488 -10.078783 2.470965 -0.922521 0.784776 2.122924 -0.591087 0.471404 -3.987192 -2.358783 -0.586902 12.204988 -5.116555 5.564400 10.881412 2.894724 13.759376 -3.160927 -5.631683 15.978323 -12.992588 0.000077 -0.000022 0.000006 0.023430 -0.116514 -0.046497 0.795192 -3.836477 -10.751670 -0.755986 3.599415 -10.742791 1.752935 -13.585383 9.226296 -14.896085 -21.557219 -60.279858 -177.669083 -75.615379 178.618042 -0.256069 -8.737473 -3.735651 -5.882102 9.861279 0.702591 -10.936858 -0.360574 7.156198 0.000001 8.774810 0.000000 -16.706444 16.908539 5.439496 -1.844030 2.498501 -2.507276 -10.163589 4.678940 4.621103 -20.975992 -0.000005 0.000002 -21.226248 2.451690 -3.593992 0.000000 -0.000005 -0.000000 -1.362679 2.240797 -0.746323 -21.334892 0.584909 3.008320 -13.821195 -0.000002 0.000002 -23.887129 -0.249077 -0.839482 -61.212036 2.401338 -1.648803 -0.294025 1.679684 0.833255 -14.218192 0.093214 1.300578 -34.211998 -0.287563 0.967169 -20.033176 0.964535 1.212842 0.000000 -0.000002 -0.000000 -3.440385 0.788233 0.501654 -15.928165 -3.167305 2.999703 -6.338815 -0.000002 0.000001 -18.123411 3.648177 -4.905661 -0.000004 -0.000001 -0.000002 -9.230974 13.675389 7.386779 61.150948 51.822384 -2.558608 179.790512 41.872749 -179.986130 -1.291306 3.638365 -2.527339 2.243540 -5.255032 -3.180154 14.282877 -0.826594 6.952497 0.000000 -12.690591 0.000000 16.177086 -17.899330 2.708994 1.665665 -1.955920 -2.878296 4.727793 -4.170584 4.993917 11.020511 0.000003 -0.000001 12.109031 -3.735710 -2.866779 0.000001 -0.000000 0.000001 1.291984 -1.928548 -1.498088 14.800114 0.567467 3.865604 14.242553 -1.341736 -6.660646 19.631941 0.143923 -0.648243 50.399765 -0.731247 -6.034666 0.353027 -1.511149 -0.031940 20.222773 3.684304 2.316630 18.787247 0.000003 0.000001 10.751612 -0.479869 1.397903 -0.000000 -0.000000 -0.000000 3.273804 0.305947 -0.580110 21.486788 11.830362 2.266132 8.162916 -0.000000 0.000001 18.399054 -3.798980 -4.940567 0.000003 -0.000001 -0.000000 9.707268 28.344072 -34.531448 -0.476148 -0.495829 45.783531 -14.923051 -8.808825 -7.328864 1.611902 -1.863811 -0.701724 -0.000000 0.000000 0.000002 -25.146585 -16.194666 -16.760347 0.593341 0.958774 39.901855 22.963791 7.122063 -18.394361 -1.427020 0.993328 -1.790094 0.000000 0.000000 -0.000001 
51.615894 89.368858 73.099052 2.663325 -10.047224 2.465193 -0.915346 0.793096 2.116734 -0.586437 0.457430 -3.992080 -2.341067 -0.578957 12.214714 -5.092549 5.549703 10.853773 2.881757 13.776784 -3.172184 -5.642291 15.989432 -12.976518 0.000077 -0.000024 0.000006 0.024151 -0.103513 -0.050016 0.794040 -3.816208 -10.751795 -0.758497 3.606210 -10.742261 1.727121 -13.576988 9.247159 -14.871934 -21.533110 -60.127060 -178.026672 -75.595955 178.937729 -0.268130 -8.668995 -3.617306 -5.882098 9.861276 0.702589 -10.936858 -0.360574 7.156196 0.000002 8.774811 -0.000001 -16.690258 16.931633 5.437076 -1.844031 2.498501 -2.507277 -10.163590 4.678938 4.621105 -20.975994 -0.000003 0.000003 -21.226254 2.451692 -3.593992 0.000000 -0.000006 -0.000000 -1.362681 2.240798 -0.746323 -21.334892 0.584908 3.008322 -13.821195 -0.000004 0.000003 -23.887129 -0.249078 -0.839478 -61.170094 2.406456 -1.647478 -0.294025 1.679685 0.833256 -14.218194 0.093215 1.300581 -34.212002 -0.287564 0.967171 -20.033178 0.964534 1.212844 0.000001 0.000000 0.000000 -3.440387 0.788232 0.501656 -15.928169 -3.167306 2.999705 -6.338817 -0.000002 0.000001 -18.123413 3.648175 -4.905660 -0.000004 -0.000000 -0.000002 -9.215284 13.676785 7.423014 61.087822 51.840157 -2.605082 179.794556 41.848763 -179.974380 -1.274351 3.637789 -2.478144 2.243540 -5.255033 -3.180156 14.282875 -0.826593 6.952496 -0.000002 -12.690592 0.000001 16.140894 -17.912167 2.725836 1.665666 -1.955920 -2.878297 4.727795 -4.170583 4.993919 11.020514 0.000003 -0.000002 12.109032 -3.735710 -2.866778 -0.000000 0.000000 -0.000000 1.291984 -1.928548 -1.498088 14.800114 0.567468 3.865603 14.242554 -1.341735 -6.660649 19.631941 0.143925 -0.648243 50.362095 -0.751697 -6.037979 0.353030 -1.511150 -0.031940 20.222767 3.684307 2.316628 18.787245 0.000004 -0.000000 10.751610 -0.479868 1.397905 -0.000000 -0.000000 -0.000000 3.273806 0.305947 -0.580110 21.486792 11.830363 2.266132 8.162916 0.000000 0.000000 18.399055 -3.798980 -4.940567 0.000003 -0.000002 -0.000001 9.726690 28.314793 -34.459793 -0.466889 -0.494459 45.675835 -14.949004 -8.789797 -7.276425 1.609224 -1.856599 -0.704929 -0.000000 0.000000 0.000002 -25.133598 -16.201624 -16.684217 0.593440 0.952661 39.829414 22.972721 7.139977 -18.389254 -1.427268 0.993113 -1.748513 0.000000 0.000000 -0.000001 
51.604057 89.400528 73.166122 2.669390 -10.024958 2.457800 -0.907735 0.783970 2.108455 -0.586321 0.475159 -3.981646 -2.316855 -0.583754 12.203655 -5.086601 5.546674 10.839043 2.897135 13.795178 -3.180861 -5.670400 16.018387 -12.936113 0.000077 -0.000022 0.000006 0.021408 -0.103496 -0.056861 0.794623 -3.814993 -10.743574 -0.763057 3.620102 -10.734910 1.702580 -13.562807 9.252753 -14.894258 -21.534687 -59.894020 -178.522720 -75.578484 179.367523 -0.317471 -8.627114 -3.445491 -5.882102 9.861278 0.702588 -10.936861 -0.360574 7.156198 0.000001 8.774816 -0.000001 -16.674767 16.930141 5.407591 -1.844032 2.498504 -2.507274 -10.163590 4.678938 4.621103 -20.975998 -0.000004 0.000003 -21.226255 2.451692 -3.593993 0.000000 -0.000004 -0.000000 -1.362681 2.240795 -0.746323 -21.334890 0.584907 3.008320 -13.821197 -0.000001 0.000003 -23.887129 -0.249079 -0.839480 -61.086990 2.394680 -1.659673 -0.294024 1.679687 0.833255 -14.218194 0.093215 1.300579 -34.212013 -0.287567 0.967170 -20.033180 0.964534 1.212842 -0.000000 -0.000001 0.000000 -3.440387 0.788232 0.501655 -15.928167 -3.167307 2.999703 -6.338817 -0.000003 0.000001 -18.123415 3.648176 -4.905662 -0.000004 -0.000000 -0.000002 -9.212247 13.678015 7.457309 61.052147 51.836113 -2.647117 179.771164 41.810516 -179.964798 -1.288197 3.678233 -2.440620 2.243540 -5.255033 -3.180156 14.282879 -0.826593 6.952496 0.000001 -12.690590 -0.000001 16.177387 -17.923889 2.725102 1.665666 -1.955920 -2.878296 4.727796 -4.170583 4.993919 11.020511 0.000004 -0.000001 12.109032 -3.735709 -2.866779 0.000001 -0.000000 -0.000000 1.291984 -1.928548 -1.498088 14.800114 0.567469 3.865604 14.242554 -1.341735 -6.660648 19.631937 0.143926 -0.648242 50.347130 -0.765945 -6.032728 0.353028 -1.511149 -0.031941 20.222773 3.684306 2.316630 18.787247 0.000006 0.000000 10.751610 -0.479867 1.397904 -0.000000 -0.000000 0.000000 3.273805 0.305947 -0.580110 21.486792 11.830362 2.266132 8.162916 0.000001 0.000000 18.399054 -3.798979 -4.940566 0.000004 -0.000002 -0.000001 9.736183 28.279255 -34.373650 -0.460984 -0.508590 45.614708 -14.943142 -8.804482 -7.270981 1.609537 -1.856237 -0.721616 0.000000 -0.000000 0.000002 -25.146219 -16.197796 -16.547455 0.598199 0.964156 39.685562 23.007496 7.147958 -18.375120 -1.427687 0.980970 -1.735142 0.000000 0.000000 -0.000001 
51.574039 89.423248 73.234138 2.667356 -10.007122 2.445174 -0.901674 0.815063 2.121140 -0.582812 0.447939 -3.992382 -2.294350 -0.586046 12.209373 -5.057930 5.543483 10.820334 2.903964 13.802876 -3.181817 -5.696255 16.022890 -12.902599 0.000077 -0.000023 0.000006 0.025017 -0.109613 -0.052957 0.794133 -3.831819 -10.745075 -0.754522 3.604589 -10.736442 1.691679 -13.531535 9.271401 -14.847776 -21.534666 -59.740528 -178.937683 -75.578621 179.696167 -0.318516 -8.557398 -3.341373 -5.882101 9.861278 0.702588 -10.936856 -0.360574 7.156197 0.000001 8.774813 -0.000002 -16.662441 16.937374 5.404846 -1.844030 2.498502 -2.507275 -10.163589 4.678938 4.621103 -20.975992 -0.000002 0.000001 -21.226248 2.451691 -3.593995 0.000000 -0.000006 -0.000000 -1.362680 2.240796 -0.746324 -21.334887 0.584906 3.008319 -13.821194 -0.000003 0.000002 -23.887125 -0.249078 -0.839481 -61.058918 2.385997 -1.653028 -0.294025 1.679686 0.833257 -14.218190 0.093215 1.300581 -34.211998 -0.287561 0.967170 -20.033175 0.964534 1.212842 0.000001 -0.000002 -0.000000 -3.440385 0.788232 0.501655 -15.928164 -3.167307 2.999703 -6.338814 -0.000002 0.000001 -18.123411 3.648176 -4.905662 -0.000004 -0.000000 -0.000002 -9.229156 13.673358 7.450063 61.027233 51.806023 -2.697033 179.757477 41.786480 -179.985275 -1.339831 3.706343 -2.376455 2.243540 -5.255033 -3.180155 14.282875 -0.826592 6.952497 -0.000000 -12.690592 -0.000001 16.207224 -17.892490 2.710357 1.665664 -1.955920 -2.878296 4.727792 -4.170583 4.993918 11.020510 0.000003 -0.000001 12.109029 -3.735710 -2.866780 -0.000000 -0.000000 0.000002 1.291984 -1.928548 -1.498088 14.800113 0.567469 3.865602 14.242551 -1.341734 -6.660648 19.631937 0.143927 -0.648241 50.350914 -0.775191 -6.028067 0.353028 -1.511150 -0.031939 20.222765 3.684308 2.316629 18.787245 0.000005 0.000000 10.751609 -0.479868 1.397904 -0.000000 -0.000001 0.000000 3.273803 0.305947 -0.580110 21.486788 11.830367 2.266132 8.162916 0.000001 0.000001 18.399050 -3.798978 -4.940567 0.000003 -0.000001 -0.000001 9.789588 28.249268 -34.308483 -0.460012 -0.502798 45.629990 -14.988236 -8.828193 -7.199075 1.614725 -1.862657 -0.737072 -0.000000 0.000000 0.000002 -25.131771 -16.164240 -16.427946 0.594305 0.986399 39.588421 23.016449 7.148618 -18.404757 -1.429249 0.980329 -1.702559 0.000000 -0.000001 -0.000001 
51.560871 89.435616 73.258926 2.674566 -10.017673 2.440769 -0.893866 0.811637 2.116529 -0.588974 0.484736 -3.981297 -2.271893 -0.598492 12.199865 -5.041009 5.536614 10.808391 2.919487 13.818492 -3.181472 -5.722618 16.075617 -12.834283 0.000077 -0.000023 0.000006 0.028583 -0.127905 -0.057479 0.796508 -3.839698 -10.752199 -0.753073 3.589529 -10.743210 1.695937 -13.537083 9.255098 -14.860334 -21.490004 -59.598682 -179.188522 -75.574936 179.906952 -0.337789 -8.537591 -3.278144 -5.882100 9.861278 0.702589 -10.936859 -0.360576 7.156198 0.000001 8.774811 -0.000002 -16.625067 16.922504 5.401175 -1.844033 2.498502 -2.507275 -10.163590 4.678939 4.621104 -20.975992 -0.000003 0.000003 -21.226254 2.451691 -3.593993 0.000000 -0.000004 -0.000000 -1.362682 2.240797 -0.746324 -21.334887 0.584905 3.008319 -13.821197 -0.000002 0.000002 -23.887133 -0.249078 -0.839482 -60.989891 2.379618 -1.670622 -0.294026 1.679687 0.833255 -14.218190 0.093215 1.300580 -34.212002 -0.287563 0.967172 -20.033180 0.964534 1.212843 -0.000000 0.000000 0.000000 -3.440387 0.788232 0.501656 -15.928169 -3.167307 2.999702 -6.338815 -0.000003 0.000001 -18.123415 3.648177 -4.905662 -0.000004 -0.000001 -0.000002 -9.253527 13.652838 7.426476 61.038269 51.780205 -2.690672 179.763947 41.799381 -179.955688 -1.369579 3.742470 -2.375141 2.243541 -5.255033 -3.180155 14.282877 -0.826593 6.952495 -0.000001 -12.690588 0.000000 16.219961 -17.860786 2.721116 1.665666 -1.955920 -2.878297 4.727793 -4.170583 4.993918 11.020510 0.000004 -0.000002 12.109032 -3.735709 -2.866780 0.000002 -0.000000 -0.000000 1.291985 -1.928548 -1.498088 14.800114 0.567469 3.865603 14.242554 -1.341734 -6.660650 19.631937 0.143927 -0.648243 50.383930 -0.786942 -6.023848 0.353028 -1.511149 -0.031939 20.222773 3.684306 2.316627 18.787245 0.000005 -0.000001 10.751610 -0.479867 1.397903 -0.000000 -0.000000 0.000000 3.273803 0.305947 -0.580110 21.486792 11.830361 2.266129 8.162916 0.000002 0.000000 18.399055 -3.798978 -4.940568 0.000003 -0.000002 -0.000001 9.798027 28.238306 -34.261696 -0.460399 -0.515087 45.595837 -15.013823 -8.811777 -7.195439 1.616316 -1.875271 -0.759192 -0.000000 -0.000000 0.000002 -25.141184 -16.136763 -16.389898 0.598327 0.971538 39.547222 22.985952 7.156926 -18.407801 -1.430194 0.954612 -1.686049 0.000000 -0.000001 -0.000001 
51.527756 89.451836 73.304535 2.687599 -10.039959 2.431496 -0.893861 0.837897 2.116415 -0.590707 0.467761 -3.978805 -2.260669 -0.586810 12.202550 -5.011901 5.524990 10.819057 2.937155 13.870213 -3.180240 -5.760846 16.121893 -12.785322 0.000077 -0.000023 0.000007 0.033355 -0.134050 -0.056389 0.800911 -3.853389 -10.754596 -0.744554 3.570796 -10.742435 1.700967 -13.493762 9.238545 -14.888699 -21.494152 -59.458420 -179.281815 -75.565407 179.990555 -0.358147 -8.572388 -3.238544 -5.882101 9.861279 0.702590 -10.936859 -0.360573 7.156199 0.000002 8.774813 -0.000002 -16.595675 16.943237 5.392042 -1.844030 2.498503 -2.507277 -10.163589 4.678940 4.621106 -20.975994 -0.000003 0.000007 -21.226250 2.451691 -3.593990 0.000000 -0.000004 -0.000000 -1.362681 2.240795 -0.746324 -21.334890 0.584907 3.008323 -13.821197 -0.000002 0.000005 -23.887129 -0.249075 -0.839478 -60.931908 2.377699 -1.710666 -0.294023 1.679688 0.833256 -14.218195 0.093214 1.300580 -34.212002 -0.287564 0.967175 -20.033180 0.964536 1.212844 0.000000 -0.000002 0.000000 -3.440384 0.788232 0.501655 -15.928169 -3.167308 2.999704 -6.338817 -0.000002 0.000001 -18.123411 3.648180 -4.905660 -0.000004 -0.000001 -0.000002 -9.299782 13.644913 7.379029 61.100376 51.748886 -2.555036 179.817337 41.796509 -179.915680 -1.373587 3.774325 -2.344412 2.243540 -5.255033 -3.180156 14.282877 -0.826592 6.952496 -0.000000 -12.690588 -0.000002 16.212397 -17.821796 2.728548 1.665663 -1.955919 -2.878297 4.727791 -4.170582 4.993917 11.020509 0.000003 -0.000002 12.109032 -3.735709 -2.866781 0.000002 -0.000000 -0.000000 1.291986 -1.928548 -1.498087 14.800109 0.567469 3.865602 14.242553 -1.341733 -6.660651 19.631939 0.143927 -0.648244 50.400806 -0.790187 -6.017218 0.353029 -1.511149 -0.031940 20.222767 3.684308 2.316628 18.787245 0.000006 0.000000 10.751609 -0.479867 1.397904 -0.000000 -0.000001 0.000000 3.273803 0.305947 -0.580110 21.486788 11.830364 2.266130 8.162916 0.000001 0.000001 18.399052 -3.798978 -4.940567 0.000003 -0.000001 -0.000001 9.839287 28.235491 -34.203548 -0.484513 -0.524266 45.606373 -15.048927 -8.772731 -7.132865 1.619901 -1.872132 -0.756352 -0.000000 0.000000 0.000002 -25.138224 -16.096737 -16.338614 0.589320 0.972126 39.504063 22.945175 7.168652 -18.432779 -1.432307 0.940907 -1.676498 -0.000000 -0.000000 -0.000001 
51.509686 89.452003 73.327530 2.700194 -10.068002 2.421788 -0.896365 0.851621 2.108405 -0.601204 0.465234 -3.977725 -2.248834 -0.589175 12.208880 -4.980512 5.527041 10.847714 2.948127 13.917015 -3.184451 -5.783776 16.147041 -12.739632 0.000077 -0.000023 0.000006 0.033528 -0.140698 -0.053398 0.799457 -3.860183 -10.757779 -0.741915 3.576860 -10.744757 1.692468 -13.438798 9.278783 -14.901040 -21.532768 -59.378063 -179.272141 -75.565308 179.992218 -0.345313 -8.575192 -3.212563 -5.882104 9.861277 0.702591 -10.936856 -0.360573 7.156196 0.000001 8.774811 -0.000003 -16.550352 16.930876 5.405208 -1.844030 2.498500 -2.507277 -10.163589 4.678937 4.621101 -20.975994 -0.000002 0.000001 -21.226255 2.451694 -3.593994 0.000000 -0.000005 -0.000000 -1.362679 2.240796 -0.746323 -21.334888 0.584909 3.008317 -13.821197 -0.000003 0.000001 -23.887135 -0.249080 -0.839483 -60.865891 2.367251 -1.718020 -0.294026 1.679686 0.833255 -14.218194 0.093214 1.300576 -34.212002 -0.287564 0.967166 -20.033178 0.964536 1.212839 0.000000 -0.000001 0.000000 -3.440385 0.788233 0.501656 -15.928167 -3.167305 2.999702 -6.338817 -0.000002 0.000000 -18.123415 3.648174 -4.905663 -0.000004 -0.000000 -0.000002 -9.325575 13.655935 7.353600 61.184784 51.733501 -2.326545 179.951584 41.800648 -179.851379 -1.353740 3.736277 -2.293950 2.243539 -5.255032 -3.180156 14.282875 -0.826593 6.952496 -0.000001 -12.690587 -0.000001 16.186377 -17.793741 2.747169 1.665665 -1.955920 -2.878298 4.727790 -4.170581 4.993918 11.020512 0.000003 -0.000001 12.109032 -3.735708 -2.866778 0.000001 0.000000 0.000000 1.291985 -1.928547 -1.498089 14.800109 0.567469 3.865604 14.242550 -1.341734 -6.660649 19.631939 0.143925 -0.648240 50.380356 -0.772926 -6.003521 0.353027 -1.511148 -0.031939 20.222765 3.684306 2.316628 18.787243 0.000005 0.000001 10.751610 -0.479869 1.397906 -0.000000 -0.000000 0.000000 3.273806 0.305947 -0.580110 21.486788 11.830360 2.266132 8.162914 -0.000000 0.000001 18.399052 -3.798978 -4.940567 0.000003 0.000000 -0.000000 9.865355 28.217781 -34.159683 -0.488141 -0.520884 45.610016 -15.050988 -8.706813 -7.146165 1.622732 -1.875117 -0.771924 -0.000000 0.000000 0.000002 -25.154253 -16.047354 -16.329988 0.595216 0.951618 39.514542 22.933044 7.152642 -18.457706 -1.431824 0.940441 -1.656849 0.000000 0.000000 -0.000001 
51.531555 89.449905 73.385445 2.704662 -10.104207 2.416452 -0.894896 0.850514 2.102840 -0.611431 0.475144 -3.980265 -2.245694 -0.589094 12.219151 -4.946125 5.491313 10.883502 2.975333 13.993299 -3.153651 -5.808903 16.205416 -12.721011 0.000077 -0.000022 0.000006 0.033373 -0.146668 -0.056914 0.798205 -3.858898 -10.759541 -0.742747 3.572464 -10.744384 1.693880 -13.409408 9.329845 -14.915956 -21.536894 -59.328182 -179.258316 -75.557175 179.963531 -0.340344 -8.555834 -3.172507 -5.882101 9.861278 0.702587 -10.936861 -0.360575 7.156197 0.000001 8.774813 -0.000003 -16.511866 16.913097 5.409193 -1.844033 2.498502 -2.507275 -10.163593 4.678939 4.621105 -20.975996 -0.000003 0.000004 -21.226255 2.451692 -3.593993 0.000000 -0.000005 -0.000000 -1.362682 2.240797 -0.746321 -21.334892 0.584909 3.008318 -13.821198 -0.000003 0.000003 -23.887133 -0.249078 -0.839481 -60.800812 2.354434 -1.729218 -0.294026 1.679685 0.833255 -14.218194 0.093214 1.300580 -34.212013 -0.287562 0.967170 -20.033184 0.964534 1.212842 -0.000000 -0.000001 0.000000 -3.440385 0.788231 0.501655 -15.928167 -3.167305 2.999703 -6.338817 -0.000002 0.000002 -18.123415 3.648176 -4.905662 -0.000004 -0.000000 -0.000002 -9.358379 13.654078 7.314352 61.285110 51.702374 -2.161248 -179.943695 41.793304 -179.834793 -1.335778 3.690050 -2.254302 2.243539 -5.255033 -3.180156 14.282878 -0.826593 6.952497 -0.000002 -12.690588 -0.000002 16.198143 -17.804119 2.733892 1.665665 -1.955920 -2.878298 4.727794 -4.170583 4.993918 11.020514 0.000002 -0.000001 12.109034 -3.735710 -2.866779 0.000001 0.000000 0.000000 1.291984 -1.928547 -1.498087 14.800117 0.567467 3.865604 14.242554 -1.341736 -6.660648 19.631939 0.143925 -0.648243 50.368664 -0.775549 -5.981837 0.353029 -1.511149 -0.031939 20.222773 3.684304 2.316628 18.787249 0.000003 0.000000 10.751612 -0.479868 1.397904 -0.000000 -0.000000 0.000000 3.273805 0.305947 -0.580109 21.486792 11.830362 2.266133 8.162916 -0.000000 0.000001 18.399054 -3.798979 -4.940568 0.000003 -0.000001 -0.000001 9.878402 28.210445 -34.151680 -0.494374 -0.522877 45.723171 -15.009172 -8.670561 -7.174994 1.622546 -1.874104 -0.743816 0.000000 -0.000000 0.000002 -25.184101 -16.020548 -16.279997 0.602316 0.971522 39.458164 22.958187 7.099147 -18.458839 -1.430537 0.958519 -1.609976 0.000000 0.000000 -0.000001 
51.568802 89.450043 73.449234 2.709221 -10.139078 2.406402 -0.899178 0.854936 2.109645 -0.613154 0.456611 -3.998032 -2.246687 -0.583924 12.248768 -4.917794 5.475825 10.922828 2.966705 14.055142 -3.153520 -5.829154 16.226864 -12.726452 0.000077 -0.000023 0.000006 0.031289 -0.146710 -0.055248 0.793482 -3.860223 -10.765179 -0.744312 3.577355 -10.750763 1.689862 -13.351525 9.384004 -14.899666 -21.552580 -59.330006 -179.236740 -75.518677 179.886826 -0.372684 -8.504868 -3.168403 -5.882099 9.861279 0.702588 -10.936858 -0.360576 7.156197 0.000001 8.774815 -0.000001 -16.491713 16.898586 5.413920 -1.844030 2.498503 -2.507276 -10.163589 4.678940 4.621102 -20.975996 -0.000003 0.000002 -21.226250 2.451691 -3.593993 0.000000 -0.000005 -0.000000 -1.362681 2.240796 -0.746323 -21.334885 0.584905 3.008320 -13.821197 -0.000001 0.000002 -23.887129 -0.249077 -0.839480 -60.759174 2.336901 -1.719087 -0.294025 1.679685 0.833255 -14.218195 0.093212 1.300581 -34.212002 -0.287564 0.967172 -20.033180 0.964535 1.212843 0.000000 -0.000001 0.000000 -3.440385 0.788231 0.501655 -15.928169 -3.167309 2.999703 -6.338818 -0.000003 0.000002 -18.123415 3.648175 -4.905662 -0.000004 -0.000000 -0.000002 -9.393762 13.656270 7.285911 61.401123 51.711338 -2.051020 -179.968353 41.783623 -179.892410 -1.358864 3.627535 -2.275131 2.243540 -5.255033 -3.180156 14.282877 -0.826593 6.952495 -0.000002 -12.690591 0.000001 16.210825 -17.784246 2.724939 1.665665 -1.955919 -2.878297 4.727796 -4.170584 4.993917 11.020513 0.000004 -0.000002 12.109030 -3.735708 -2.866780 0.000001 -0.000000 0.000001 1.291986 -1.928548 -1.498087 14.800111 0.567468 3.865603 14.242551 -1.341733 -6.660649 19.631939 0.143927 -0.648243 50.379662 -0.767531 -5.959499 0.353030 -1.511149 -0.031941 20.222771 3.684307 2.316628 18.787245 0.000005 -0.000001 10.751610 -0.479867 1.397904 -0.000000 -0.000000 0.000000 3.273805 0.305947 -0.580109 21.486790 11.830365 2.266128 8.162915 0.000002 0.000000 18.399052 -3.798978 -4.940567 0.000003 -0.000002 -0.000000 9.885496 28.185755 -34.113800 -0.496966 -0.516661 45.798313 -14.981744 -8.620502 -7.258844 1.622476 -1.876107 -0.694675 0.000000 0.000000 0.000002 -25.227617 -15.974051 -16.206808 0.599050 0.972869 39.369953 23.008469 7.073168 -18.439585 -1.428474 0.952129 -1.568637 0.000000 -0.000001 -0.000001 
51.524281 89.448097 73.500343 2.713839 -10.166963 2.397390 -0.906608 0.858250 2.111507 -0.614994 0.480748 -4.000185 -2.249701 -0.607590 12.252698 -4.905913 5.473577 10.944485 2.985512 14.066370 -3.159787 -5.839132 16.226267 -12.750268 0.000077 -0.000023 0.000006 0.028698 -0.109225 -0.055556 0.790880 -3.840302 -10.777357 -0.741676 3.605726 -10.761052 1.676264 -13.332269 9.453584 -14.928935 -21.558477 -59.369190 -179.017899 -75.483406 179.710602 -0.413800 -8.477465 -3.170166 -5.882102 9.861278 0.702588 -10.936857 -0.360574 7.156197 0.000001 8.774814 -0.000001 -16.489929 16.888216 5.430239 -1.844033 2.498505 -2.507274 -10.163589 4.678940 4.621103 -20.975994 -0.000003 0.000002 -21.226254 2.451695 -3.593994 0.000001 -0.000005 -0.000000 -1.362680 2.240796 -0.746323 -21.334887 0.584910 3.008319 -13.821197 -0.000001 0.000001 -23.887135 -0.249079 -0.839484 -60.783966 2.336062 -1.710295 -0.294025 1.679685 0.833255 -14.218192 0.093215 1.300578 -34.212006 -0.287561 0.967165 -20.033176 0.964534 1.212840 0.000000 0.000000 0.000001 -3.440386 0.788233 0.501656 -15.928165 -3.167306 2.999703 -6.338818 -0.000003 0.000001 -18.123415 3.648177 -4.905663 -0.000004 -0.000001 -0.000002 -9.430857 13.645215 7.253463 61.575237 51.703121 -1.912704 179.982529 41.777840 -179.939499 -1.353763 3.561707 -2.366575 2.243539 -5.255033 -3.180154 14.282875 -0.826592 6.952496 -0.000001 -12.690587 0.000001 16.230696 -17.812660 2.718328 1.665665 -1.955920 -2.878297 4.727792 -4.170585 4.993919 11.020513 0.000003 -0.000001 12.109031 -3.735711 -2.866779 -0.000000 0.000000 0.000001 1.291983 -1.928547 -1.498088 14.800111 0.567468 3.865602 14.242553 -1.341734 -6.660648 19.631939 0.143927 -0.648244 50.403458 -0.768615 -5.962322 0.353027 -1.511149 -0.031940 20.222771 3.684307 2.316627 18.787245 0.000004 -0.000001 10.751610 -0.479867 1.397904 -0.000001 -0.000000 -0.000000 3.273805 0.305947 -0.580109 21.486794 11.830361 2.266130 8.162916 -0.000000 -0.000000 18.399052 -3.798980 -4.940568 0.000004 -0.000001 -0.000001 9.948954 28.161924 -34.033733 -0.508791 -0.521019 45.787247 -15.047019 -8.562296 -7.294034 1.622125 -1.888816 -0.636642 -0.000000 0.000000 0.000002 -25.214125 -15.953093 -16.183414 0.613117 1.003114 39.394737 22.991518 7.064794 -18.505049 -1.428503 0.957841 -1.524491 0.000000 0.000000 -0.000001 
51.612938 89.460297 73.610001 2.720936 -10.189316 2.395667 -0.918719 0.854636 2.105174 -0.614854 0.507044 -3.993529 -2.250140 -0.628161 12.259863 -4.904740 5.455229 10.951154 3.010850 14.062527 -3.152813 -5.841591 16.255322 -12.783099 0.000077 -0.000023 0.000006 0.023059 -0.096739 -0.057736 0.786127 -3.818794 -10.786277 -0.748020 3.626352 -10.767650 1.649972 -13.330503 9.519309 -14.922233 -21.559254 -59.489475 -178.623566 -75.466537 179.303436 -0.501195 -8.492623 -3.147220 -5.882102 9.861278 0.702590 -10.936861 -0.360574 7.156196 0.000001 8.774817 -0.000000 -16.493038 16.844286 5.415944 -1.844030 2.498504 -2.507275 -10.163591 4.678942 4.621104 -20.975998 -0.000002 0.000004 -21.226254 2.451693 -3.593992 0.000001 -0.000005 -0.000000 -1.362681 2.240796 -0.746323 -21.334890 0.584909 3.008320 -13.821198 -0.000002 0.000003 -23.887133 -0.249076 -0.839480 -60.787457 2.328765 -1.697956 -0.294023 1.679687 0.833255 -14.218192 0.093214 1.300578 -34.212002 -0.287562 0.967169 -20.033180 0.964538 1.212840 -0.000000 -0.000001 0.000000 -3.440384 0.788231 0.501654 -15.928171 -3.167307 2.999705 -6.338817 -0.000003 0.000001 -18.123415 3.648175 -4.905662 -0.000004 -0.000000 -0.000002 -9.449074 13.621807 7.218893 61.608166 51.676991 -1.883365 179.976135 41.780884 -179.963837 -1.325589 3.531001 -2.492920 2.243539 -5.255033 -3.180156 14.282875 -0.826593 6.952495 -0.000002 -12.690590 -0.000001 16.231756 -17.797487 2.709028 1.665666 -1.955920 -2.878298 4.727794 -4.170583 4.993917 11.020511 0.000004 -0.000001 12.109030 -3.735709 -2.866780 -0.000000 0.000000 -0.000000 1.291983 -1.928547 -1.498088 14.800113 0.567468 3.865603 14.242551 -1.341734 -6.660649 19.631939 0.143927 -0.648243 50.467182 -0.760476 -5.982340 0.353029 -1.511149 -0.031940 20.222769 3.684307 2.316628 18.787245 0.000006 -0.000000 10.751609 -0.479867 1.397904 -0.000001 -0.000000 0.000000 3.273803 0.305947 -0.580110 21.486790 11.830363 2.266132 8.162915 0.000000 0.000000 18.399048 -3.798978 -4.940566 0.000003 -0.000002 -0.000000 9.884368 28.111649 -33.941135 -0.507059 -0.518683 45.874474 -15.003440 -8.544685 -7.602983 1.620208 -1.891484 -0.568527 -0.000000 0.000000 0.000002 -25.303799 -15.934827 -16.020750 0.600482 0.999011 39.169662 23.067513 7.085908 -18.419739 -1.427992 0.957452 -1.504185 0.000000 0.000000 -0.000001 
51.632278 89.467445 73.723793 2.708932 -10.237953 2.390290 -0.920524 0.854830 2.106284 -0.610683 0.527691 -3.983050 -2.252448 -0.640281 12.261371 -4.920671 5.434703 10.967327 3.037071 14.056245 -3.152698 -5.859769 16.272530 -12.829310 0.000077 -0.000023 0.000006 0.021434 -0.078359 -0.050046 0.783580 -3.794708 -10.770486 -0.750763 3.637689 -10.751339 1.618732 -13.348963 9.566717 -14.928091 -21.511732 -59.557735 -178.416809 -75.488121 179.121750 -0.592903 -8.517088 -3.110050 -5.882101 9.861278 0.702590 -10.936857 -0.360573 7.156196 0.000001 8.774813 -0.000002 -16.484306 16.843309 5.444475 -1.844030 2.498503 -2.507273 -10.163590 4.678941 4.621103 -20.975992 -0.000002 0.000003 -21.226254 2.451692 -3.593993 0.000001 -0.000006 -0.000000 -1.362682 2.240795 -0.746322 -21.334887 0.584906 3.008320 -13.821195 -0.000004 0.000003 -23.887129 -0.249078 -0.839480 -60.834751 2.308475 -1.655717 -0.294025 1.679685 0.833254 -14.218190 0.093213 1.300582 -34.211998 -0.287564 0.967174 -20.033180 0.964534 1.212843 0.000000 -0.000001 -0.000000 -3.440387 0.788235 0.501656 -15.928169 -3.167306 2.999704 -6.338817 -0.000003 0.000001 -18.123413 3.648177 -4.905661 -0.000004 -0.000000 -0.000002 -9.462231 13.603769 7.226578 61.634071 51.670124 -1.795062 179.993820 41.775570 -179.968018 -1.299635 3.542445 -2.585517 2.243540 -5.255032 -3.180155 14.282873 -0.826594 6.952496 -0.000001 -12.690587 0.000002 16.217653 -17.781454 2.702560 1.665662 -1.955918 -2.878297 4.727796 -4.170584 4.993918 11.020513 0.000003 0.000000 12.109033 -3.735709 -2.866778 -0.000000 0.000000 0.000000 1.291984 -1.928547 -1.498087 14.800114 0.567467 3.865603 14.242553 -1.341734 -6.660648 19.631939 0.143925 -0.648243 50.525623 -0.750137 -5.984643 0.353028 -1.511149 -0.031940 20.222773 3.684304 2.316627 18.787249 0.000004 0.000001 10.751611 -0.479868 1.397903 -0.000000 -0.000000 0.000000 3.273805 0.305946 -0.580110 21.486792 11.830360 2.266128 8.162917 -0.000001 -0.000001 18.399055 -3.798980 -4.940567 0.000003 -0.000001 -0.000000 9.893275 28.073261 -33.897602 -0.495255 -0.520614 45.905415 -15.025014 -8.502594 -7.689840 1.617736 -1.887776 -0.515099 -0.000000 -0.000000 0.000002 -25.330853 -15.904000 -15.896537 0.589943 0.995037 39.035416 23.100077 7.133562 -18.398523 -1.429911 0.969419 -1.519623 0.000000 0.000000 -0.000001 
51.726974 89.494141 73.768440 2.687958 -10.309122 2.404920 -0.919449 0.868942 2.098319 -0.606284 0.548162 -3.977749 -2.249302 -0.657376 12.260089 -4.951351 5.440379 10.983029 3.074166 14.056609 -3.152393 -5.874835 16.316818 -12.878164 0.000077 -0.000023 0.000006 0.019879 -0.065879 -0.045920 0.781224 -3.794249 -10.761960 -0.750061 3.644950 -10.742593 1.591895 -13.360549 9.583720 -14.944786 -21.448204 -59.566376 -178.192215 -75.493683 178.917343 -0.643975 -8.567473 -2.997616 -5.882101 9.861278 0.702590 -10.936859 -0.360576 7.156198 0.000002 8.774815 -0.000001 -16.511698 16.846766 5.454347 -1.844032 2.498503 -2.507275 -10.163591 4.678937 4.621104 -20.975996 -0.000005 0.000003 -21.226255 2.451693 -3.593992 0.000000 -0.000005 0.000000 -1.362680 2.240799 -0.746323 -21.334892 0.584908 3.008320 -13.821197 -0.000004 0.000002 -23.887131 -0.249083 -0.839481 -60.859791 2.297891 -1.625773 -0.294025 1.679685 0.833255 -14.218194 0.093214 1.300579 -34.212006 -0.287564 0.967171 -20.033182 0.964535 1.212844 -0.000000 -0.000002 0.000000 -3.440382 0.788233 0.501652 -15.928171 -3.167306 2.999702 -6.338817 -0.000003 0.000001 -18.123413 3.648174 -4.905662 -0.000004 -0.000001 -0.000002 -9.481819 13.600646 7.254667 61.620316 51.721039 -1.719901 -179.917328 41.780437 -179.909454 -1.250340 3.557182 -2.679446 2.243538 -5.255034 -3.180156 14.282875 -0.826592 6.952496 -0.000002 -12.690593 -0.000001 16.237022 -17.761074 2.716892 1.665666 -1.955921 -2.878295 4.727792 -4.170583 4.993918 11.020512 0.000003 -0.000002 12.109030 -3.735709 -2.866780 -0.000000 0.000000 0.000001 1.291984 -1.928547 -1.498089 14.800111 0.567469 3.865602 14.242551 -1.341735 -6.660648 19.631939 0.143926 -0.648244 50.607971 -0.754183 -5.983850 0.353030 -1.511150 -0.031940 20.222773 3.684306 2.316629 18.787247 0.000004 -0.000001 10.751612 -0.479867 1.397904 -0.000000 -0.000000 0.000000 3.273802 0.305947 -0.580109 21.486792 11.830366 2.266132 8.162916 0.000002 0.000000 18.399050 -3.798980 -4.940567 0.000003 -0.000001 -0.000001 9.879184 28.104597 -33.908638 -0.496065 -0.516674 45.975296 -15.009553 -8.484605 -7.669078 1.617897 -1.884242 -0.471908 -0.000000 0.000000 0.000002 -25.358137 -15.858047 -15.819967 0.579750 0.997456 38.801350 23.161879 7.158170 -18.262705 -1.431551 0.968945 -1.512310 0.000000 0.000000 -0.000001 
51.762051 89.518333 73.787338 2.657674 -10.383699 2.423874 -0.914006 0.838491 2.088053 -0.614511 0.605461 -3.958622 -2.240304 -0.671709 12.231765 -4.959804 5.436387 11.022980 3.097073 14.038425 -3.158164 -5.898883 16.378815 -12.927996 0.000077 -0.000022 0.000006 0.019709 -0.047354 -0.039806 0.778590 -3.769316 -10.737044 -0.749160 3.664070 -10.723470 1.554397 -13.369147 9.612925 -14.994462 -21.401981 -59.562523 -178.217560 -75.523407 178.964493 -0.708356 -8.574142 -2.893478 -5.882102 9.861274 0.702592 -10.936859 -0.360575 7.156199 0.000001 8.774815 0.000001 -16.476748 16.864664 5.453146 -1.844030 2.498503 -2.507275 -10.163589 4.678941 4.621106 -20.975996 -0.000002 0.000005 -21.226250 2.451694 -3.593992 0.000001 -0.000004 0.000000 -1.362680 2.240796 -0.746323 -21.334887 0.584909 3.008322 -13.821194 -0.000002 0.000003 -23.887125 -0.249077 -0.839479 -60.843426 2.307077 -1.591386 -0.294024 1.679687 0.833255 -14.218195 0.093214 1.300581 -34.212002 -0.287561 0.967172 -20.033178 0.964536 1.212841 -0.000000 -0.000001 0.000000 -3.440387 0.788232 0.501653 -15.928167 -3.167307 2.999705 -6.338816 -0.000002 0.000002 -18.123413 3.648176 -4.905658 -0.000004 -0.000001 -0.000002 -9.498328 13.598520 7.294567 61.606773 51.774052 -1.657280 -179.831451 41.806988 -179.818665 -1.154634 3.590036 -2.713428 2.243539 -5.255033 -3.180156 14.282878 -0.826593 6.952496 0.000000 -12.690588 -0.000000 16.333128 -17.747541 2.696754 1.665665 -1.955920 -2.878297 4.727792 -4.170582 4.993918 11.020513 0.000003 -0.000001 12.109035 -3.735708 -2.866780 0.000001 -0.000000 0.000001 1.291985 -1.928548 -1.498089 14.800113 0.567468 3.865603 14.242554 -1.341734 -6.660650 19.631941 0.143927 -0.648244 50.687889 -0.737173 -5.985043 0.353029 -1.511149 -0.031941 20.222769 3.684306 2.316627 18.787247 0.000005 -0.000001 10.751612 -0.479867 1.397903 -0.000001 0.000000 0.000000 3.273803 0.305947 -0.580110 21.486794 11.830360 2.266130 8.162917 0.000001 0.000000 18.399055 -3.798978 -4.940568 0.000003 -0.000001 -0.000000 9.851816 28.162218 -33.900131 -0.487105 -0.537992 45.972355 -14.976222 -8.465542 -7.720958 1.618642 -1.876847 -0.422015 -0.000000 0.000000 0.000002 -25.332975 -15.825806 -15.804363 0.589156 1.013224 38.664925 23.176853 7.174265 -18.182617 -1.432839 0.955847 -1.523925 0.000000 0.000000 -0.000001 
51.806629 89.550674 73.799858 2.629122 -10.479425 2.447517 -0.912890 0.852593 2.081480 -0.613217 0.589721 -3.969190 -2.241783 -0.654896 12.226625 -4.958336 5.459636 11.072178 3.093599 14.071940 -3.174184 -5.899089 16.395956 -12.950946 0.000077 -0.000022 0.000006 0.018521 -0.041140 -0.043455 0.775242 -3.762727 -10.723173 -0.744095 3.666743 -10.713362 1.487969 -13.355615 9.672147 -14.990543 -21.346750 -59.594177 -178.282974 -75.549507 178.940002 -0.761818 -8.625295 -2.720288 -5.882101 9.861276 0.702590 -10.936861 -0.360573 7.156198 0.000002 8.774812 -0.000001 -16.469938 16.881657 5.439720 -1.844032 2.498503 -2.507275 -10.163592 4.678941 4.621103 -20.975998 -0.000004 0.000003 -21.226255 2.451690 -3.593992 0.000001 -0.000006 -0.000000 -1.362683 2.240796 -0.746322 -21.334896 0.584910 3.008320 -13.821197 -0.000001 0.000003 -23.887131 -0.249078 -0.839479 -60.810921 2.328490 -1.565798 -0.294024 1.679686 0.833255 -14.218194 0.093216 1.300581 -34.212013 -0.287564 0.967171 -20.033186 0.964533 1.212843 -0.000000 -0.000002 0.000001 -3.440385 0.788233 0.501655 -15.928176 -3.167307 2.999705 -6.338818 -0.000003 0.000003 -18.123417 3.648177 -4.905660 -0.000004 -0.000000 -0.000002 -9.525240 13.615550 7.342392 61.517017 51.847649 -1.750435 -179.854355 41.822086 -179.824860 -1.142203 3.670184 -2.774515 2.243538 -5.255032 -3.180154 14.282877 -0.826594 6.952497 -0.000002 -12.690590 0.000001 16.454416 -17.758543 2.660852 1.665665 -1.955921 -2.878297 4.727794 -4.170584 4.993918 11.020513 0.000003 -0.000001 12.109034 -3.735710 -2.866779 0.000001 -0.000000 0.000001 1.291987 -1.928548 -1.498089 14.800111 0.567468 3.865603 14.242553 -1.341734 -6.660649 19.631941 0.143926 -0.648242 50.795166 -0.729104 -5.999297 0.353030 -1.511150 -0.031941 20.222771 3.684306 2.316628 18.787245 0.000005 -0.000000 10.751610 -0.479867 1.397905 -0.000000 -0.000000 0.000000 3.273803 0.305947 -0.580110 21.486795 11.830364 2.266131 8.162918 -0.000000 0.000001 18.399054 -3.798981 -4.940567 0.000003 -0.000001 -0.000000 9.935836 28.233051 -33.828709 -0.493788 -0.535930 45.932102 -15.039089 -8.465167 -7.636312 1.622247 -1.876542 -0.381981 0.000000 -0.000000 0.000002 -25.303194 -15.791977 -15.799185 0.576458 1.021431 38.498135 23.203699 7.215462 -18.065319 -1.435423 0.955443 -1.538554 0.000000 -0.000001 -0.000001 
51.817894 89.576691 73.881302 2.606434 -10.537036 2.483014 -0.918368 0.814913 2.064272 -0.619391 0.613726 -3.964337 -2.241878 -0.675035 12.206933 -4.978674 5.492736 11.087054 3.112170 14.105720 -3.196217 -5.903360 16.456226 -12.934829 0.000077 -0.000023 0.000006 0.019168 -0.047577 -0.040397 0.773243 -3.768399 -10.704874 -0.742084 3.654338 -10.697774 1.421986 -13.357978 9.714417 -15.017398 -21.275686 -59.663181 -178.367340 -75.528282 178.951202 -0.872346 -8.714749 -2.564894 -5.882102 9.861279 0.702590 -10.936863 -0.360575 7.156198 0.000000 8.774814 -0.000000 -16.461090 16.920527 5.398754 -1.844032 2.498503 -2.507275 -10.163590 4.678938 4.621102 -20.975998 -0.000003 0.000003 -21.226255 2.451694 -3.593993 0.000000 -0.000006 -0.000000 -1.362682 2.240797 -0.746321 -21.334896 0.584909 3.008321 -13.821197 -0.000003 0.000003 -23.887133 -0.249077 -0.839479 -60.722038 2.366869 -1.573986 -0.294026 1.679683 0.833255 -14.218192 0.093215 1.300581 -34.212006 -0.287562 0.967169 -20.033178 0.964533 1.212842 -0.000000 -0.000001 0.000000 -3.440387 0.788233 0.501654 -15.928169 -3.167307 2.999704 -6.338815 -0.000002 0.000002 -18.123415 3.648175 -4.905660 -0.000004 -0.000000 -0.000002 -9.581785 13.608238 7.364135 61.529087 51.918980 -1.788952 -179.826218 41.835297 -179.781677 -1.135380 3.759387 -2.799937 2.243541 -5.255033 -3.180155 14.282881 -0.826593 6.952496 0.000000 -12.690590 -0.000001 16.579065 -17.792824 2.637013 1.665667 -1.955920 -2.878298 4.727795 -4.170584 4.993918 11.020513 0.000002 -0.000002 12.109034 -3.735711 -2.866781 0.000001 -0.000000 0.000002 1.291985 -1.928548 -1.498088 14.800114 0.567468 3.865604 14.242554 -1.341734 -6.660649 19.631939 0.143926 -0.648244 50.869911 -0.705262 -6.007956 0.353028 -1.511149 -0.031941 20.222771 3.684307 2.316628 18.787247 0.000005 -0.000001 10.751612 -0.479868 1.397904 -0.000000 -0.000000 0.000000 3.273805 0.305948 -0.580110 21.486794 11.830364 2.266133 8.162915 0.000001 0.000000 18.399050 -3.798980 -4.940567 0.000003 -0.000001 -0.000000 9.960485 28.279291 -33.763905 -0.482592 -0.527849 45.898430 -15.058935 -8.493190 -7.693700 1.628794 -1.869636 -0.358668 0.000000 0.000000 0.000002 -25.278587 -15.790898 -15.734445 0.578277 1.057436 38.338070 23.217110 7.277417 -18.020174 -1.436070 0.942208 -1.529905 0.000000 0.000000 -0.000001 
51.856483 89.603973 74.029724 2.594412 -10.605282 2.514662 -0.941716 0.791434 2.069799 -0.617834 0.593169 -3.992704 -2.244573 -0.666879 12.200994 -4.988762 5.534993 11.093756 3.124411 14.180007 -3.199457 -5.905673 16.493017 -12.913615 0.000077 -0.000023 0.000007 0.020341 -0.059481 -0.051254 0.770141 -3.761358 -10.698935 -0.739153 3.657585 -10.696093 1.372885 -13.381713 9.777746 -14.993209 -21.207998 -59.874458 -178.295837 -75.588608 178.870285 -1.015020 -8.779290 -2.577664 -5.882102 9.861278 0.702588 -10.936859 -0.360577 7.156196 0.000001 8.774815 -0.000001 -16.445107 16.959270 5.421094 -1.844033 2.498502 -2.507276 -10.163589 4.678939 4.621102 -20.975996 -0.000005 0.000002 -21.226254 2.451693 -3.593993 0.000000 -0.000005 -0.000000 -1.362679 2.240794 -0.746322 -21.334887 0.584908 3.008318 -13.821197 -0.000002 0.000002 -23.887129 -0.249081 -0.839481 -60.675560 2.370890 -1.554247 -0.294024 1.679686 0.833255 -14.218194 0.093217 1.300579 -34.211998 -0.287567 0.967170 -20.033178 0.964534 1.212841 -0.000001 0.000000 0.000000 -3.440387 0.788233 0.501656 -15.928169 -3.167306 2.999704 -6.338817 -0.000003 0.000001 -18.123415 3.648174 -4.905663 -0.000004 0.000001 -0.000002 -9.674257 13.594349 7.384386 61.465130 52.029583 -1.969371 -179.880264 41.825066 -179.828369 -1.263400 3.851836 -2.762007 2.243541 -5.255033 -3.180153 14.282878 -0.826594 6.952495 -0.000001 -12.690587 -0.000000 16.699024 -17.858253 2.572734 1.665664 -1.955920 -2.878296 4.727797 -4.170583 4.993917 11.020514 0.000002 -0.000001 12.109035 -3.735710 -2.866779 0.000002 0.000000 0.000001 1.291984 -1.928548 -1.498088 14.800117 0.567468 3.865602 14.242556 -1.341735 -6.660648 19.631941 0.143925 -0.648244 50.890400 -0.680736 -6.061935 0.353028 -1.511149 -0.031941 20.222775 3.684305 2.316627 18.787247 0.000005 -0.000001 10.751613 -0.479867 1.397903 -0.000000 -0.000000 -0.000000 3.273805 0.305947 -0.580110 21.486794 11.830360 2.266130 8.162919 0.000000 -0.000000 18.399055 -3.798978 -4.940568 0.000003 -0.000001 -0.000001 9.963049 28.341150 -33.670246 -0.487766 -0.547810 45.911701 -15.058112 -8.527438 -7.825553 1.631895 -1.883929 -0.353841 0.000000 0.000000 0.000002 -25.305374 -15.770313 -15.586061 0.580370 1.085701 38.090649 23.241468 7.307391 -17.964273 -1.436896 0.954473 -1.498638 0.000000 -0.000001 -0.000001 
51.889217 89.601906 74.223999 2.594707 -10.647848 2.539248 -0.958550 0.756161 2.097927 -0.618388 0.584595 -4.027274 -2.262127 -0.676560 12.170257 -4.996074 5.586095 11.107399 3.158471 14.238955 -3.206527 -5.890842 16.522802 -12.858093 0.000077 -0.000023 0.000006 0.020865 -0.096386 -0.066515 0.771890 -3.807303 -10.698831 -0.735664 3.611347 -10.695758 1.360489 -13.392816 9.820347 -15.018709 -21.169519 -60.156654 -177.839996 -75.651939 178.501480 -1.115364 -8.828127 -2.794646 -5.882099 9.861280 0.702589 -10.936859 -0.360574 7.156196 0.000000 8.774816 -0.000002 -16.472826 17.035814 5.425420 -1.844031 2.498503 -2.507276 -10.163589 4.678941 4.621102 -20.975996 -0.000002 0.000002 -21.226255 2.451690 -3.593993 0.000000 -0.000006 -0.000000 -1.362678 2.240794 -0.746324 -21.334892 0.584908 3.008319 -13.821197 -0.000001 0.000002 -23.887133 -0.249078 -0.839482 -60.658287 2.365497 -1.524112 -0.294023 1.679686 0.833255 -14.218192 0.093214 1.300578 -34.212006 -0.287562 0.967169 -20.033180 0.964536 1.212840 -0.000001 -0.000001 -0.000000 -3.440386 0.788232 0.501655 -15.928167 -3.167308 2.999702 -6.338816 -0.000003 0.000001 -18.123415 3.648178 -4.905663 -0.000004 -0.000000 -0.000002 -9.820290 13.582156 7.378647 61.468044 52.123718 -2.122423 -179.925385 41.809490 -179.824432 -1.431314 3.898616 -2.659957 2.243538 -5.255031 -3.180154 14.282875 -0.826594 6.952496 -0.000002 -12.690590 -0.000000 16.786940 -17.944641 2.506582 1.665664 -1.955919 -2.878296 4.727792 -4.170583 4.993918 11.020513 0.000004 -0.000001 12.109032 -3.735709 -2.866780 -0.000000 0.000000 0.000000 1.291984 -1.928547 -1.498088 14.800114 0.567467 3.865604 14.242554 -1.341733 -6.660647 19.631939 0.143926 -0.648243 50.859844 -0.680718 -6.122544 0.353029 -1.511148 -0.031941 20.222767 3.684306 2.316626 18.787245 0.000005 -0.000001 10.751610 -0.479867 1.397903 0.000000 -0.000000 -0.000000 3.273804 0.305947 -0.580111 21.486790 11.830360 2.266129 8.162916 0.000001 0.000000 18.399052 -3.798977 -4.940566 0.000003 -0.000002 -0.000001 9.978512 28.322395 -33.526909 -0.501791 -0.566672 45.909866 -15.093109 -8.563099 -8.145931 1.638303 -1.912295 -0.357444 -0.000000 0.000000 0.000002 -25.354813 -15.732632 -15.418713 0.565184 1.122016 37.912479 23.290876 7.328372 -17.986551 -1.434939 0.960497 -1.503490 -0.000000 -0.000000 -0.000001 
51.922806 89.634644 74.410240 2.575454 -10.651085 2.546263 -0.936104 0.698207 2.154406 -0.616965 0.556204 -4.078966 -2.281847 -0.660999 12.162645 -5.037021 5.655096 11.074826 3.206797 14.200094 -3.220943 -5.799000 16.507521 -12.768156 0.000077 -0.000023 0.000006 0.026492 -0.115084 -0.070062 0.777941 -3.827523 -10.696075 -0.727833 3.573343 -10.689839 1.366086 -13.379696 9.879742 -15.013547 -21.189697 -60.525150 -177.232910 -75.829819 177.956635 -1.094912 -8.975955 -2.950530 -5.882102 9.861277 0.702587 -10.936859 -0.360574 7.156198 0.000000 8.774813 -0.000001 -16.519203 17.145748 5.450342 -1.844030 2.498503 -2.507275 -10.163588 4.678938 4.621104 -20.975994 -0.000001 0.000004 -21.226254 2.451694 -3.593993 0.000000 -0.000006 -0.000001 -1.362678 2.240796 -0.746322 -21.334887 0.584905 3.008323 -13.821194 -0.000003 0.000004 -23.887129 -0.249077 -0.839479 -60.755684 2.371676 -1.529178 -0.294022 1.679686 0.833255 -14.218195 0.093212 1.300579 -34.211998 -0.287563 0.967172 -20.033180 0.964536 1.212843 -0.000000 -0.000002 0.000000 -3.440386 0.788232 0.501656 -15.928165 -3.167308 2.999705 -6.338817 -0.000002 0.000002 -18.123411 3.648176 -4.905660 -0.000004 -0.000000 -0.000002 -10.020004 13.540997 7.293864 61.517166 52.194073 -2.307370 179.966660 41.775753 -179.882507 -1.557491 3.840883 -2.595517 2.243539 -5.255033 -3.180156 14.282878 -0.826593 6.952495 -0.000001 -12.690591 -0.000001 16.781376 -18.070604 2.437251 1.665664 -1.955920 -2.878296 4.727794 -4.170583 4.993917 11.020510 0.000003 -0.000001 12.109034 -3.735710 -2.866780 0.000001 -0.000000 0.000002 1.291984 -1.928548 -1.498088 14.800114 0.567467 3.865601 14.242554 -1.341735 -6.660648 19.631941 0.143926 -0.648245 50.783524 -0.699973 -6.175807 0.353029 -1.511149 -0.031940 20.222767 3.684306 2.316628 18.787245 0.000004 -0.000001 10.751610 -0.479866 1.397904 0.000000 -0.000000 0.000000 3.273804 0.305947 -0.580110 21.486792 11.830361 2.266130 8.162916 0.000001 -0.000001 18.399055 -3.798979 -4.940569 0.000003 -0.000002 -0.000001 10.027505 28.217487 -33.370716 -0.507618 -0.575509 45.902538 -15.110602 -8.575063 -8.326818 1.635660 -1.948939 -0.412144 0.000000 -0.000000 0.000002 -25.386465 -15.647157 -15.148670 0.553963 1.129856 37.597893 23.356752 7.252337 -17.964846 -1.430807 0.973725 -1.556070 0.000000 0.000000 -0.000001 
