HIERARCHY
ROOT Hips
{
	OFFSET 0.000000 0.000000 0.000000
	CHANNELS 6 Xposition Yposition Zposition Zrotation Yrotation Xrotation 
	JOINT Spine1
	{
		OFFSET -0.013727 5.003762 -0.053727
		CHANNELS 3 Zrotation Yrotation Xrotation
		JOINT Spine2
		{
			OFFSET -0.000000 7.125302 -0.029825
			CHANNELS 3 Zrotation Yrotation Xrotation
			JOINT Chest
			{
				OFFSET -0.000001 7.550065 -0.815971
				CHANNELS 3 Zrotation Yrotation Xrotation
				JOINT Neck1
				{
					OFFSET -0.181676 26.311296 -0.553348
					CHANNELS 3 Zrotation Yrotation Xrotation
					JOINT Neck2
					{
						OFFSET -0.000003 7.709397 2.302586
						CHANNELS 3 Zrotation Yrotation Xrotation
						JOINT Head
						{
							OFFSET -0.000004 6.128914 1.953708
							CHANNELS 3 Zrotation Yrotation Xrotation
							JOINT HeadEnd
							{
								OFFSET 0.003598 16.065403 -1.835380
								CHANNELS 3 Zrotation Yrotation Xrotation
								End Site
								{
									OFFSET 0.000000 0.000000 0.000000
								}
							}
							JOINT Jaw
							{
								OFFSET 0.002637 0.475592 3.094941
								CHANNELS 3 Zrotation Yrotation Xrotation
								End Site
								{
									OFFSET 0.000000 0.000000 0.000000
								}
							}
							JOINT LeftEye
							{
								OFFSET 3.206381 5.380207 7.586883
								CHANNELS 3 Zrotation Yrotation Xrotation
								End Site
								{
									OFFSET 0.000000 0.000000 0.000000
								}
							}
							JOINT RightEye
							{
								OFFSET -3.222440 5.361868 7.558233
								CHANNELS 3 Zrotation Yrotation Xrotation
								End Site
								{
									OFFSET 0.000000 0.000000 0.000000
								}
							}
						}
					}
				}
				JOINT LeftShoulder
				{
					OFFSET 1.621652 23.237164 5.113413
					CHANNELS 3 Zrotation Yrotation Xrotation
					JOINT LeftArm
					{
						OFFSET 14.919845 0.000002 -5.502327
						CHANNELS 3 Zrotation Yrotation Xrotation
						JOINT LeftForeArm
						{
							OFFSET 28.739309 0.000003 -0.002588
							CHANNELS 3 Zrotation Yrotation Xrotation
							JOINT LeftHand
							{
								OFFSET 27.093979 -0.000003 0.002609
								CHANNELS 3 Zrotation Yrotation Xrotation
								JOINT LeftHandThumb1
								{
									OFFSET 2.276481 -1.392045 3.191414
									CHANNELS 3 Zrotation Yrotation Xrotation
									JOINT LeftHandThumb2
									{
										OFFSET 4.012841 -1.828127 1.641655
										CHANNELS 3 Zrotation Yrotation Xrotation
										JOINT LeftHandThumb3
										{
											OFFSET 2.798517 0.000002 -0.000003
											CHANNELS 3 Zrotation Yrotation Xrotation
											JOINT LeftHandThumbEnd
											{
												OFFSET 3.180792 -0.000002 0.000002
												CHANNELS 3 Zrotation Yrotation Xrotation
												End Site
												{
													OFFSET 0.000000 0.000000 0.000000
												}
											}
										}
									}
								}
								JOINT LeftHandIndex1
								{
									OFFSET 3.247554 -0.531998 2.296170
									CHANNELS 3 Zrotation Yrotation Xrotation
									JOINT LeftHandIndex2
									{
										OFFSET 6.364579 0.012062 0.178600
										CHANNELS 3 Zrotation Yrotation Xrotation
										JOINT LeftHandIndex3
										{
											OFFSET 3.662366 0.000001 0.000000
											CHANNELS 3 Zrotation Yrotation Xrotation
											JOINT LeftHandIndex4
											{
												OFFSET 2.329241 0.000001 0.000002
												CHANNELS 3 Zrotation Yrotation Xrotation
												JOINT LeftHandIndexEnd
												{
													OFFSET 2.759619 -0.180538 -0.113023
													CHANNELS 3 Zrotation Yrotation Xrotation
													End Site
													{
														OFFSET 0.000000 0.000000 0.000000
													}
												}
											}
										}
									}
								}
								JOINT LeftHandMiddle1
								{
									OFFSET 3.163498 0.240982 1.000332
									CHANNELS 3 Zrotation Yrotation Xrotation
									JOINT LeftHandMiddle2
									{
										OFFSET 6.190779 -0.259276 -1.002548
										CHANNELS 3 Zrotation Yrotation Xrotation
										JOINT LeftHandMiddle3
										{
											OFFSET 4.356523 -0.000006 0.000001
											CHANNELS 3 Zrotation Yrotation Xrotation
											JOINT LeftHandMiddle4
											{
												OFFSET 2.996875 -0.000008 0.000000
												CHANNELS 3 Zrotation Yrotation Xrotation
												JOINT LeftHandMiddleEnd
												{
													OFFSET 2.304294 -0.294572 -0.031740
													CHANNELS 3 Zrotation Yrotation Xrotation
													End Site
													{
														OFFSET 0.000000 0.000000 0.000000
													}
												}
											}
										}
									}
								}
								JOINT LeftHandRing1
								{
									OFFSET 2.882643 -0.053650 -0.322543
									CHANNELS 3 Zrotation Yrotation Xrotation
									JOINT LeftHandRing2
									{
										OFFSET 5.854543 -0.486203 -1.373841
										CHANNELS 3 Zrotation Yrotation Xrotation
										JOINT LeftHandRing3
										{
											OFFSET 4.350579 -0.000000 0.000003
											CHANNELS 3 Zrotation Yrotation Xrotation
											JOINT LeftHandRing4
											{
												OFFSET 2.651324 0.000007 0.000004
												CHANNELS 3 Zrotation Yrotation Xrotation
												JOINT LeftHandRingEnd
												{
													OFFSET 1.936111 0.077685 -0.000069
													CHANNELS 3 Zrotation Yrotation Xrotation
													End Site
													{
														OFFSET 0.000000 0.000000 0.000000
													}
												}
											}
										}
									}
								}
								JOINT LeftHandPinky1
								{
									OFFSET 2.865499 -0.310003 -1.600378
									CHANNELS 3 Zrotation Yrotation Xrotation
									JOINT LeftHandPinky2
									{
										OFFSET 5.087853 -1.331141 -1.771231
										CHANNELS 3 Zrotation Yrotation Xrotation
										JOINT LeftHandPinky3
										{
											OFFSET 3.070975 0.000003 0.000001
											CHANNELS 3 Zrotation Yrotation Xrotation
											JOINT LeftHandPinky4
											{
												OFFSET 1.549667 -0.000000 0.000001
												CHANNELS 3 Zrotation Yrotation Xrotation
												JOINT LeftHandPinkyEnd
												{
													OFFSET 1.944894 -0.157803 0.057219
													CHANNELS 3 Zrotation Yrotation Xrotation
													End Site
													{
														OFFSET 0.000000 0.000000 0.000000
													}
												}
											}
										}
									}
								}
							}
						}
					}
				}
				JOINT RightShoulder
				{
					OFFSET -1.380118 23.180307 5.214158
					CHANNELS 3 Zrotation Yrotation Xrotation
					JOINT RightArm
					{
						OFFSET -15.037197 0.000012 -5.545604
						CHANNELS 3 Zrotation Yrotation Xrotation
						JOINT RightForeArm
						{
							OFFSET -28.736639 0.000002 -0.002597
							CHANNELS 3 Zrotation Yrotation Xrotation
							JOINT RightHand
							{
								OFFSET -27.133617 0.000000 0.002612
								CHANNELS 3 Zrotation Yrotation Xrotation
								JOINT RightHandThumb1
								{
									OFFSET -2.274036 -1.383990 3.163128
									CHANNELS 3 Zrotation Yrotation Xrotation
									JOINT RightHandThumb2
									{
										OFFSET -4.011429 -1.827467 1.640914
										CHANNELS 3 Zrotation Yrotation Xrotation
										JOINT RightHandThumb3
										{
											OFFSET -2.794936 -0.000003 -0.000003
											CHANNELS 3 Zrotation Yrotation Xrotation
											JOINT RightHandThumbEnd
											{
												OFFSET -3.183854 0.000002 -0.000001
												CHANNELS 3 Zrotation Yrotation Xrotation
												End Site
												{
													OFFSET 0.000000 0.000000 0.000000
												}
											}
										}
									}
								}
								JOINT RightHandIndex1
								{
									OFFSET -3.253268 -0.520060 2.282866
									CHANNELS 3 Zrotation Yrotation Xrotation
									JOINT RightHandIndex2
									{
										OFFSET -6.341918 0.012472 0.178265
										CHANNELS 3 Zrotation Yrotation Xrotation
										JOINT RightHandIndex3
										{
											OFFSET -3.654874 -0.000009 -0.000001
											CHANNELS 3 Zrotation Yrotation Xrotation
											JOINT RightHandIndex4
											{
												OFFSET -2.327587 0.000001 -0.000000
												CHANNELS 3 Zrotation Yrotation Xrotation
												JOINT RightHandIndexEnd
												{
													OFFSET -2.761789 -0.180657 -0.113079
													CHANNELS 3 Zrotation Yrotation Xrotation
													End Site
													{
														OFFSET 0.000000 0.000000 0.000000
													}
												}
											}
										}
									}
								}
								JOINT RightHandMiddle1
								{
									OFFSET -3.168106 0.246593 1.001030
									CHANNELS 3 Zrotation Yrotation Xrotation
									JOINT RightHandMiddle2
									{
										OFFSET -6.180830 -0.258835 -1.000896
										CHANNELS 3 Zrotation Yrotation Xrotation
										JOINT RightHandMiddle3
										{
											OFFSET -4.348905 -0.000001 -0.000000
											CHANNELS 3 Zrotation Yrotation Xrotation
											JOINT RightHandMiddle4
											{
												OFFSET -3.000243 -0.000003 -0.000003
												CHANNELS 3 Zrotation Yrotation Xrotation
												JOINT RightHandMiddleEnd
												{
													OFFSET -2.302518 -0.294371 -0.031706
													CHANNELS 3 Zrotation Yrotation Xrotation
													End Site
													{
														OFFSET 0.000000 0.000000 0.000000
													}
												}
											}
										}
									}
								}
								JOINT RightHandRing1
								{
									OFFSET -2.885693 -0.067952 -0.308858
									CHANNELS 3 Zrotation Yrotation Xrotation
									JOINT RightHandRing2
									{
										OFFSET -5.854196 -0.486131 -1.373731
										CHANNELS 3 Zrotation Yrotation Xrotation
										JOINT RightHandRing3
										{
											OFFSET -4.338814 -0.000005 -0.000000
											CHANNELS 3 Zrotation Yrotation Xrotation
											JOINT RightHandRing4
											{
												OFFSET -2.654906 -0.000004 0.000003
												CHANNELS 3 Zrotation Yrotation Xrotation
												JOINT RightHandRingEnd
												{
													OFFSET -1.933570 0.077524 -0.000052
													CHANNELS 3 Zrotation Yrotation Xrotation
													End Site
													{
														OFFSET 0.000000 0.000000 0.000000
													}
												}
											}
										}
									}
								}
								JOINT RightHandPinky1
								{
									OFFSET -2.866430 -0.342798 -1.584145
									CHANNELS 3 Zrotation Yrotation Xrotation
									JOINT RightHandPinky2
									{
										OFFSET -5.091371 -1.332054 -1.772385
										CHANNELS 3 Zrotation Yrotation Xrotation
										JOINT RightHandPinky3
										{
											OFFSET -3.062666 -0.000008 -0.000000
											CHANNELS 3 Zrotation Yrotation Xrotation
											JOINT RightHandPinky4
											{
												OFFSET -1.546526 0.000005 -0.000003
												CHANNELS 3 Zrotation Yrotation Xrotation
												JOINT RightHandPinkyEnd
												{
													OFFSET -1.945122 -0.157721 0.057211
													CHANNELS 3 Zrotation Yrotation Xrotation
													End Site
													{
														OFFSET 0.000000 0.000000 0.000000
													}
												}
											}
										}
									}
								}
							}
						}
					}
				}
			}
		}
	}
	JOINT LeftLeg
	{
		OFFSET 10.043214 -8.434526 2.595655
		CHANNELS 3 Zrotation Yrotation Xrotation
		JOINT LeftShin
		{
			OFFSET -0.000002 -43.221752 -0.802912
			CHANNELS 3 Zrotation Yrotation Xrotation
			JOINT LeftFoot
			{
				OFFSET 0.000001 -42.155094 -3.481522
				CHANNELS 3 Zrotation Yrotation Xrotation
				JOINT LeftToeBase
				{
					OFFSET 0.000000 -5.059475 13.231529
					CHANNELS 3 Zrotation Yrotation Xrotation
					JOINT LeftToeEnd
					{
						OFFSET -0.009607 -1.647615 6.513017
						CHANNELS 3 Zrotation Yrotation Xrotation
						End Site
						{
							OFFSET 0.000000 0.000000 0.000000
						}
					}
				}
			}
		}
	}
	JOINT RightLeg
	{
		OFFSET -10.047277 -8.295259 2.620317
		CHANNELS 3 Zrotation Yrotation Xrotation
		JOINT RightShin
		{
			OFFSET 0.000000 -43.362209 -0.805555
			CHANNELS 3 Zrotation Yrotation Xrotation
			JOINT RightFoot
			{
				OFFSET 0.000003 -42.117393 -3.478398
				CHANNELS 3 Zrotation Yrotation Xrotation
				JOINT RightToeBase
				{
					OFFSET -0.000001 -5.079608 13.284196
					CHANNELS 3 Zrotation Yrotation Xrotation
					JOINT RightToeEnd
					{
						OFFSET 0.009532 -1.634383 6.460591
						CHANNELS 3 Zrotation Yrotation Xrotation
						End Site
						{
							OFFSET 0.000000 0.000000 0.000000
						}
					}
				}
			}
		}
	}
}
MOTION
Frames: 90
Frame Time: 0.033333
6.329796 94.152153 -0.372296 2.860330 0.121596 0.810997 -2.002840 -0.337270 4.273422 -0.799222 -0.621224 -2.866916 -3.267212 -3.013799 9.996929 6.068441 0.362148 5.770563 -2.923282 -8.013085 -3.270718 1.429578 -11.099375 -15.149396 0.000077 -0.000023 0.000006 -0.006784 -0.025605 0.006766 0.707515 -3.789432 -10.651666 -0.732742 3.753295 -10.694882 -0.015492 -9.901468 6.513783 -51.597481 -58.048943 -4.168479 -179.848938 -55.493774 -179.537811 4.452865 1.081690 -3.821321 -5.882100 9.861278 0.702590 -10.936863 -0.360575 7.156199 0.000001 8.774815 -0.000002 -16.545195 18.710897 6.109306 -1.844030 2.498503 -2.507276 -10.163589 4.678940 4.621104 -20.975994 -0.000003 0.000005 -21.226250 2.451694 -3.593993 0.000000 -0.000006 0.000001 -1.362679 2.240797 -0.746323 -21.334885 0.584909 3.008322 -13.821195 -0.000002 0.000005 -23.887129 -0.249076 -0.839478 -61.652241 2.427979 -1.524813 -0.294026 1.679686 0.833255 -14.218192 0.093214 1.300580 -34.212002 -0.287561 0.967173 -20.033176 0.964538 1.212844 0.000000 0.000000 0.000000 -3.440386 0.788232 0.501656 -15.928169 -3.167306 2.999704 -6.338817 -0.000001 0.000002 -18.123415 3.648177 -4.905660 -0.000004 -0.000000 -0.000003 1.531679 12.171416 4.230410 30.070063 40.788330 -35.691906 -179.704117 57.947784 -179.151184 -3.190957 5.755480 -3.499464 2.243540 -5.255032 -3.180157 14.282875 -0.826593 6.952495 -0.000000 -12.690588 0.000000 15.948731 -17.718040 2.727705 1.665666 -1.955920 -2.878296 4.727796 -4.170583 4.993918 11.020512 0.000001 -0.000001 12.109031 -3.735711 -2.866780 0.000001 -0.000000 0.000000 1.291984 -1.928548 -1.498088 14.800114 0.567468 3.865603 14.242553 -1.341736 -6.660650 19.631937 0.143926 -0.648244 50.011669 -0.918690 -6.198705 0.353029 -1.511149 -0.031941 20.222769 3.684304 2.316627 18.787245 0.000004 -0.000002 10.751611 -0.479867 1.397903 0.000000 0.000000 -0.000000 3.273803 0.305946 -0.580111 21.486790 11.830360 2.266130 8.162916 0.000002 -0.000001 18.399055 -3.798978 -4.940570 0.000003 0.000000 -0.000001 6.121384 16.852886 -11.258878 -0.102846 -0.576057 34.934273 -11.556724 -2.684545 -21.614258 1.633852 -1.916230 -0.554238 0.000000 -0.000000 0.000002 -12.161971 -30.552227 -28.441515 0.187441 0.127359 33.164139 10.291707 2.207016 -0.526679 -1.433319 0.696306 0.697642 -0.000000 -0.000000 -0.000001 
6.390148 94.148880 -0.270542 2.979758 0.067601 0.851932 -2.045718 -0.339675 4.313015 -0.769733 -0.633788 -2.874805 -3.313889 -3.046184 10.071913 6.048558 0.395535 5.711312 -2.976800 -7.950945 -3.266945 1.421821 -10.970961 -15.050059 0.000077 -0.000021 0.000006 -0.007318 -0.024514 0.004771 0.709108 -3.794734 -10.660941 -0.730761 3.749103 -10.705596 0.019466 -9.834718 6.409497 -51.713741 -58.010269 -3.885564 179.802078 -55.531826 -179.478455 4.206439 1.029038 -4.183274 -5.882102 9.861279 0.702589 -10.936858 -0.360574 7.156197 0.000001 8.774812 0.000000 -16.525291 18.737593 6.072326 -1.844032 2.498503 -2.507277 -10.163592 4.678939 4.621105 -20.975994 -0.000003 0.000003 -21.226248 2.451691 -3.593992 -0.000000 -0.000006 0.000000 -1.362680 2.240796 -0.746325 -21.334890 0.584909 3.008319 -13.821197 -0.000003 0.000003 -23.887131 -0.249079 -0.839482 -61.633499 2.301488 -1.553695 -0.294023 1.679686 0.833257 -14.218194 0.093213 1.300580 -34.212006 -0.287566 0.967169 -20.033178 0.964535 1.212842 -0.000000 0.000000 0.000000 -3.440387 0.788234 0.501655 -15.928167 -3.167305 2.999703 -6.338818 -0.000000 0.000002 -18.123415 3.648176 -4.905661 -0.000005 -0.000000 -0.000003 1.531826 12.165164 4.144700 29.815704 40.917046 -35.985699 -179.884171 57.830170 -179.332611 -3.149598 5.728716 -3.680203 2.243540 -5.255032 -3.180155 14.282875 -0.826592 6.952495 -0.000001 -12.690590 0.000001 15.931436 -17.571688 2.787513 1.665665 -1.955920 -2.878296 4.727792 -4.170583 4.993918 11.020512 0.000004 -0.000001 12.109033 -3.735709 -2.866779 0.000001 -0.000001 0.000000 1.291985 -1.928546 -1.498088 14.800111 0.567468 3.865603 14.242553 -1.341733 -6.660648 19.631939 0.143927 -0.648243 49.900036 -0.949357 -6.091826 0.353027 -1.511150 -0.031940 20.222769 3.684306 2.316627 18.787243 0.000005 -0.000001 10.751610 -0.479868 1.397904 0.000000 -0.000000 -0.000000 3.273805 0.305947 -0.580110 21.486790 11.830363 2.266130 8.162917 0.000002 -0.000000 18.399050 -3.798978 -4.940567 0.000003 0.000000 -0.000001 5.945464 16.813164 -11.172495 -0.103253 -0.570662 34.832069 -11.588849 -2.512571 -21.681173 1.627876 -1.934014 -0.547683 0.000000 0.000001 0.000002 -12.343210 -30.512165 -28.466421 0.176976 0.117858 33.234970 10.636161 2.416311 -0.632372 -1.432471 0.702789 0.609977 0.000000 0.000000 -0.000001 
6.410341 94.142181 -0.168945 3.101512 0.091920 0.911933 -2.085102 -0.333805 4.328313 -0.753200 -0.680830 -2.890907 -3.354707 -3.050058 10.135538 6.053209 0.411922 5.754127 -2.986078 -7.909797 -3.262419 1.413110 -10.935699 -14.996622 0.000077 -0.000022 0.000006 -0.002737 -0.019253 0.005339 0.708352 -3.788199 -10.666833 -0.723871 3.758098 -10.707425 0.063890 -9.864183 6.291011 -51.896416 -57.963058 -3.637713 179.691254 -55.637016 -179.497192 3.999587 0.989356 -4.473407 -5.882101 9.861278 0.702591 -10.936861 -0.360574 7.156196 0.000001 8.774813 0.000000 -16.493580 18.716105 6.071971 -1.844033 2.498502 -2.507276 -10.163589 4.678940 4.621105 -20.975994 -0.000004 0.000002 -21.226248 2.451691 -3.593993 -0.000000 -0.000006 0.000002 -1.362681 2.240797 -0.746323 -21.334887 0.584907 3.008320 -13.821192 -0.000004 0.000004 -23.887123 -0.249079 -0.839479 -61.693203 2.272017 -1.562508 -0.294023 1.679685 0.833256 -14.218190 0.093213 1.300579 -34.212002 -0.287565 0.967171 -20.033175 0.964534 1.212845 0.000000 0.000001 0.000001 -3.440386 0.788233 0.501655 -15.928164 -3.167306 2.999703 -6.338817 -0.000000 0.000002 -18.123411 3.648174 -4.905658 -0.000004 -0.000000 -0.000002 1.613197 12.117993 4.129766 29.456488 40.994247 -36.358620 179.862762 57.776615 -179.601883 -3.176477 5.773258 -3.776360 2.243540 -5.255032 -3.180155 14.282875 -0.826594 6.952497 -0.000003 -12.690592 0.000001 15.847915 -17.512440 2.826942 1.665665 -1.955920 -2.878296 4.727791 -4.170583 4.993918 11.020511 0.000002 -0.000001 12.109031 -3.735711 -2.866780 0.000001 0.000001 0.000000 1.291983 -1.928547 -1.498088 14.800111 0.567468 3.865604 14.242551 -1.341735 -6.660649 19.631935 0.143927 -0.648244 49.818699 -0.955152 -6.054288 0.353028 -1.511149 -0.031939 20.222763 3.684306 2.316627 18.787243 0.000004 -0.000000 10.751608 -0.479869 1.397904 0.000000 -0.000000 0.000000 3.273804 0.305947 -0.580110 21.486788 11.830362 2.266130 8.162916 0.000001 0.000000 18.399050 -3.798980 -4.940566 0.000003 -0.000000 -0.000001 5.805045 16.824680 -11.124829 -0.111722 -0.570925 34.738190 -11.665249 -2.445114 -21.667633 1.624835 -1.937326 -0.492764 0.000000 0.000001 0.000002 -12.513542 -30.537365 -28.510710 0.190295 0.120948 33.365437 10.859518 2.577064 -0.706364 -1.430615 0.721147 0.539796 0.000000 0.000000 -0.000001 
6.314429 94.110229 -0.130829 3.218822 0.159304 0.988840 -2.114870 -0.332576 4.334344 -0.751064 -0.721898 -2.896230 -3.390724 -3.072939 10.176055 6.052457 0.418870 5.821935 -2.986608 -7.887668 -3.256478 1.421052 -10.938956 -14.948833 0.000077 -0.000022 0.000006 -0.002895 -0.006267 0.005922 0.702500 -3.775528 -10.664077 -0.720132 3.762869 -10.707825 0.144357 -9.889068 6.136482 -52.140526 -57.933559 -3.411020 179.739777 -55.737823 -179.606461 3.848842 0.972615 -4.818085 -5.882101 9.861280 0.702589 -10.936858 -0.360576 7.156197 0.000000 8.774814 -0.000001 -16.402185 18.702528 6.108294 -1.844030 2.498503 -2.507275 -10.163590 4.678939 4.621102 -20.975994 -0.000005 0.000003 -21.226250 2.451691 -3.593992 0.000000 -0.000006 -0.000002 -1.362679 2.240797 -0.746324 -21.334887 0.584907 3.008322 -13.821197 -0.000002 0.000003 -23.887131 -0.249080 -0.839481 -61.699787 2.293220 -1.548457 -0.294025 1.679686 0.833254 -14.218192 0.093213 1.300579 -34.212002 -0.287564 0.967171 -20.033180 0.964535 1.212842 0.000000 0.000002 0.000000 -3.440386 0.788233 0.501657 -15.928167 -3.167307 2.999703 -6.338817 -0.000002 0.000001 -18.123415 3.648176 -4.905662 -0.000004 -0.000000 -0.000003 1.694430 12.018323 4.065265 29.143585 41.046669 -36.715576 179.590378 57.730244 -179.873947 -3.148417 5.822340 -3.986493 2.243540 -5.255033 -3.180155 14.282875 -0.826595 6.952496 -0.000002 -12.690591 -0.000000 15.777081 -17.479855 2.852664 1.665667 -1.955920 -2.878296 4.727797 -4.170583 4.993919 11.020511 0.000003 -0.000000 12.109032 -3.735710 -2.866779 0.000000 -0.000000 0.000000 1.291984 -1.928548 -1.498088 14.800113 0.567467 3.865602 14.242554 -1.341733 -6.660648 19.631939 0.143926 -0.648243 49.858765 -0.961328 -6.041449 0.353030 -1.511149 -0.031940 20.222773 3.684306 2.316628 18.787249 0.000005 0.000000 10.751610 -0.479868 1.397904 0.000000 0.000000 0.000000 3.273804 0.305947 -0.580110 21.486790 11.830365 2.266132 8.162917 0.000001 -0.000000 18.399052 -3.798980 -4.940568 0.000003 -0.000000 -0.000001 5.743731 16.851572 -11.199227 -0.113696 -0.554736 34.747650 -11.789633 -2.471013 -21.643187 1.623253 -1.937452 -0.405650 0.000000 -0.000000 0.000002 -12.574804 -30.582792 -28.706774 0.187850 0.108446 33.681755 10.952991 2.709273 -0.891527 -1.428221 0.739340 0.539850 -0.000000 0.000001 -0.000001 
6.144271 94.086624 -0.067106 3.318359 0.227231 1.066629 -2.139627 -0.330869 4.342857 -0.754494 -0.739614 -2.896247 -3.409761 -3.127518 10.191819 6.034008 0.400757 5.924847 -2.972974 -7.877806 -3.243974 1.435783 -10.957670 -14.902260 0.000077 -0.000022 0.000006 -0.002602 0.018542 0.008277 0.697255 -3.741216 -10.656382 -0.713013 3.776860 -10.702204 0.214494 -9.917189 6.023068 -52.367985 -57.954990 -3.170117 179.785507 -55.815708 -179.686569 3.766213 0.967220 -5.130165 -5.882098 9.861278 0.702592 -10.936859 -0.360575 7.156198 -0.000000 8.774815 -0.000003 -16.331310 18.668678 6.139891 -1.844030 2.498502 -2.507277 -10.163589 4.678938 4.621103 -20.975992 -0.000005 0.000004 -21.226250 2.451692 -3.593993 0.000000 -0.000005 -0.000001 -1.362680 2.240797 -0.746322 -21.334890 0.584909 3.008321 -13.821194 -0.000002 0.000004 -23.887129 -0.249078 -0.839481 -61.625404 2.313287 -1.567312 -0.294025 1.679687 0.833256 -14.218194 0.093215 1.300580 -34.211998 -0.287564 0.967171 -20.033180 0.964536 1.212843 0.000000 0.000001 0.000000 -3.440386 0.788233 0.501655 -15.928165 -3.167307 2.999704 -6.338817 -0.000002 0.000001 -18.123411 3.648176 -4.905662 -0.000004 -0.000000 -0.000002 1.744460 11.941066 4.011943 28.903805 41.113155 -36.982719 179.420227 57.688759 179.975235 -3.066431 5.881679 -4.180088 2.243540 -5.255033 -3.180155 14.282875 -0.826593 6.952496 -0.000001 -12.690588 0.000001 15.715446 -17.512384 2.880632 1.665666 -1.955920 -2.878296 4.727796 -4.170584 4.993920 11.020508 0.000004 -0.000001 12.109030 -3.735709 -2.866779 0.000000 0.000001 0.000001 1.291983 -1.928548 -1.498088 14.800113 0.567468 3.865604 14.242551 -1.341733 -6.660649 19.631937 0.143927 -0.648243 49.869019 -0.981041 -6.052347 0.353028 -1.511149 -0.031940 20.222771 3.684307 2.316628 18.787245 0.000004 0.000000 10.751611 -0.479867 1.397904 -0.000000 -0.000000 0.000000 3.273803 0.305947 -0.580110 21.486790 11.830363 2.266131 8.162916 0.000001 0.000000 18.399050 -3.798980 -4.940567 0.000003 -0.000000 -0.000001 5.756133 16.859610 -11.222565 -0.109893 -0.532643 34.683895 -11.932247 -2.522743 -21.580179 1.619820 -1.930477 -0.328732 0.000000 0.000001 0.000002 -12.577638 -30.595114 -28.901653 0.192754 0.108149 34.039265 11.022283 2.791857 -1.142124 -1.427600 0.751433 0.525373 0.000000 0.000000 -0.000001 
5.987702 94.080627 0.056458 3.395688 0.296580 1.146846 -2.161896 -0.358498 4.326021 -0.758211 -0.749467 -2.889277 -3.407438 -3.185202 10.200200 5.991417 0.365735 6.028994 -2.956708 -7.863847 -3.236048 1.475772 -10.982430 -14.825282 0.000077 -0.000022 0.000006 -0.007577 0.018621 0.010104 0.691022 -3.736609 -10.642348 -0.717150 3.784377 -10.683986 0.259190 -9.909606 5.958940 -52.511040 -58.065403 -3.051279 179.838974 -55.875782 -179.737518 3.687346 0.991827 -5.505778 -5.882102 9.861280 0.702590 -10.936858 -0.360574 7.156199 -0.000000 8.774814 -0.000001 -16.232512 18.622246 6.159017 -1.844031 2.498502 -2.507277 -10.163591 4.678941 4.621104 -20.975994 -0.000003 0.000003 -21.226254 2.451693 -3.593994 0.000000 -0.000006 -0.000001 -1.362679 2.240795 -0.746322 -21.334887 0.584908 3.008319 -13.821198 -0.000002 0.000000 -23.887133 -0.249078 -0.839482 -61.473972 2.321428 -1.562033 -0.294024 1.679686 0.833255 -14.218190 0.093214 1.300578 -34.212002 -0.287563 0.967169 -20.033180 0.964535 1.212841 0.000001 -0.000000 0.000001 -3.440386 0.788232 0.501655 -15.928169 -3.167306 2.999704 -6.338815 -0.000000 0.000002 -18.123415 3.648177 -4.905664 -0.000004 0.000000 -0.000003 1.794832 11.877888 3.977680 28.642859 41.208355 -37.206654 179.413300 57.649704 179.983902 -2.982388 5.937030 -4.354856 2.243539 -5.255031 -3.180155 14.282875 -0.826594 6.952496 -0.000001 -12.690592 0.000001 15.661872 -17.530365 2.885489 1.665663 -1.955920 -2.878297 4.727793 -4.170582 4.993918 11.020513 0.000003 -0.000001 12.109033 -3.735709 -2.866778 0.000000 -0.000000 0.000000 1.291983 -1.928548 -1.498088 14.800113 0.567469 3.865603 14.242553 -1.341734 -6.660649 19.631935 0.143926 -0.648245 49.829781 -0.975191 -6.068354 0.353028 -1.511149 -0.031939 20.222773 3.684306 2.316628 18.787245 0.000005 -0.000000 10.751610 -0.479868 1.397904 0.000000 -0.000000 0.000000 3.273806 0.305947 -0.580110 21.486794 11.830362 2.266130 8.162916 0.000002 -0.000000 18.399050 -3.798978 -4.940566 0.000003 0.000000 -0.000001 5.783626 16.842968 -11.164986 -0.106110 -0.530015 34.529537 -12.052049 -2.520144 -21.522495 1.620863 -1.934806 -0.279072 0.000000 -0.000000 0.000002 -12.595668 -30.562714 -29.009127 0.192422 0.099816 34.327953 11.132780 2.860728 -1.423498 -1.426154 0.763269 0.525614 -0.000000 -0.000000 -0.000001 
5.781275 94.101295 0.157910 3.438258 0.337283 1.212493 -2.177265 -0.382750 4.319988 -0.758931 -0.750839 -2.886671 -3.393195 -3.252319 10.208019 5.966887 0.341879 6.111379 -2.953764 -7.868195 -3.232001 1.502216 -10.995066 -14.734012 0.000077 -0.000022 0.000006 -0.009756 0.026314 0.010914 0.686856 -3.726588 -10.640932 -0.718365 3.790493 -10.683268 0.294234 -9.896903 5.891454 -52.720657 -58.180641 -2.788267 179.888931 -55.924503 -179.735062 3.590223 1.043482 -5.766029 -5.882099 9.861279 0.702590 -10.936858 -0.360576 7.156198 -0.000001 8.774815 -0.000003 -16.228970 18.619093 6.151391 -1.844030 2.498503 -2.507276 -10.163589 4.678940 4.621105 -20.975996 -0.000002 0.000003 -21.226255 2.451695 -3.593994 0.000000 -0.000006 -0.000001 -1.362681 2.240798 -0.746324 -21.334894 0.584909 3.008321 -13.821197 -0.000001 0.000004 -23.887129 -0.249077 -0.839481 -61.385132 2.324288 -1.554703 -0.294024 1.679685 0.833256 -14.218190 0.093216 1.300581 -34.212006 -0.287561 0.967171 -20.033180 0.964537 1.212842 0.000001 0.000001 0.000000 -3.440385 0.788232 0.501655 -15.928169 -3.167305 2.999705 -6.338817 -0.000000 0.000000 -18.123411 3.648178 -4.905661 -0.000004 0.000000 -0.000003 1.859578 11.846698 3.954303 28.431910 41.327305 -37.443920 179.378052 57.607635 179.939377 -2.923142 6.005147 -4.418455 2.243538 -5.255033 -3.180155 14.282877 -0.826593 6.952497 -0.000000 -12.690585 -0.000001 15.680844 -17.563065 2.868923 1.665666 -1.955920 -2.878297 4.727795 -4.170582 4.993918 11.020512 0.000003 0.000000 12.109033 -3.735709 -2.866778 0.000000 -0.000000 0.000001 1.291985 -1.928547 -1.498089 14.800114 0.567467 3.865604 14.242553 -1.341735 -6.660649 19.631939 0.143925 -0.648243 49.761906 -0.981261 -6.093972 0.353028 -1.511150 -0.031941 20.222771 3.684304 2.316628 18.787247 0.000004 -0.000000 10.751611 -0.479868 1.397904 0.000000 -0.000000 0.000000 3.273804 0.305947 -0.580110 21.486790 11.830360 2.266132 8.162916 0.000001 -0.000001 18.399050 -3.798980 -4.940567 0.000003 -0.000000 -0.000001 5.923477 16.800573 -11.092531 -0.110411 -0.528990 34.272419 -12.227687 -2.512803 -21.341454 1.623034 -1.928557 -0.238092 0.000000 -0.000001 0.000002 -12.529160 -30.511759 -29.081598 0.198119 0.092732 34.524864 11.186599 2.923112 -1.665982 -1.426890 0.762906 0.518392 0.000000 0.000000 -0.000001 
5.614053 94.131073 0.254322 3.462611 0.351046 1.271323 -2.191719 -0.378865 4.325148 -0.757965 -0.789572 -2.900848 -3.363319 -3.302912 10.231180 5.964147 0.330936 6.187956 -2.960941 -7.853823 -3.238564 1.523555 -10.998609 -14.663251 0.000077 -0.000021 0.000006 -0.011556 0.026262 0.010707 0.687365 -3.721849 -10.658969 -0.719374 3.791330 -10.700593 0.324972 -9.892226 5.857647 -52.863106 -58.355110 -2.594146 179.843597 -56.002609 -179.725037 3.531858 1.054565 -5.983391 -5.882101 9.861278 0.702590 -10.936860 -0.360573 7.156198 0.000002 8.774813 0.000000 -16.216619 18.574503 6.152098 -1.844032 2.498503 -2.507275 -10.163591 4.678939 4.621105 -20.975998 -0.000003 0.000005 -21.226255 2.451693 -3.593992 0.000000 -0.000006 -0.000003 -1.362680 2.240796 -0.746323 -21.334890 0.584908 3.008321 -13.821198 -0.000002 0.000004 -23.887133 -0.249079 -0.839481 -61.352554 2.320687 -1.563467 -0.294026 1.679685 0.833255 -14.218195 0.093214 1.300581 -34.212006 -0.287563 0.967171 -20.033180 0.964536 1.212842 0.000000 -0.000000 0.000000 -3.440386 0.788233 0.501657 -15.928169 -3.167306 2.999705 -6.338819 -0.000001 0.000000 -18.123415 3.648175 -4.905660 -0.000004 0.000001 -0.000002 1.906798 11.839583 3.978092 28.158247 41.427296 -37.772938 179.483444 57.584965 179.974304 -2.947132 6.084484 -4.399547 2.243540 -5.255033 -3.180155 14.282878 -0.826594 6.952497 -0.000002 -12.690591 -0.000001 15.688824 -17.525871 2.848827 1.665666 -1.955920 -2.878297 4.727794 -4.170583 4.993919 11.020512 0.000003 -0.000000 12.109034 -3.735711 -2.866780 -0.000001 0.000001 0.000000 1.291986 -1.928547 -1.498088 14.800114 0.567468 3.865602 14.242554 -1.341734 -6.660650 19.631939 0.143926 -0.648245 49.683830 -0.990478 -6.091403 0.353027 -1.511150 -0.031941 20.222773 3.684307 2.316627 18.787247 0.000005 -0.000001 10.751612 -0.479867 1.397904 0.000000 -0.000000 0.000000 3.273805 0.305947 -0.580111 21.486797 11.830365 2.266130 8.162918 0.000002 -0.000001 18.399054 -3.798980 -4.940569 0.000003 -0.000000 -0.000001 5.986192 16.736244 -10.954655 -0.109232 -0.532484 34.004246 -12.278724 -2.439639 -21.254419 1.620835 -1.929181 -0.230570 0.000000 0.000001 0.000002 -12.456466 -30.425537 -29.118536 0.183384 0.086527 34.632309 11.260616 3.039935 -1.843117 -1.426319 0.762574 0.506700 0.000000 0.000000 -0.000001 
5.411396 94.156631 0.417964 3.471228 0.326555 1.321801 -2.198509 -0.379031 4.336504 -0.758710 -0.821509 -2.907111 -3.326336 -3.344641 10.250840 5.968554 0.321467 6.223421 -2.968208 -7.833840 -3.215978 1.552761 -10.993249 -14.622397 0.000077 -0.000023 0.000006 -0.013679 0.026265 0.012291 0.687579 -3.726691 -10.667837 -0.727319 3.789476 -10.706144 0.350430 -9.894204 5.811841 -53.072937 -58.568035 -2.273844 179.761108 -56.105553 -179.672592 3.494451 1.065965 -6.110170 -5.882100 9.861278 0.702592 -10.936859 -0.360575 7.156196 -0.000001 8.774814 -0.000001 -16.174658 18.532253 6.164262 -1.844031 2.498501 -2.507276 -10.163589 4.678940 4.621104 -20.975994 -0.000004 0.000003 -21.226255 2.451693 -3.593992 0.000000 -0.000006 -0.000002 -1.362682 2.240796 -0.746323 -21.334892 0.584908 3.008318 -13.821197 -0.000002 0.000002 -23.887129 -0.249078 -0.839480 -61.283951 2.316615 -1.512373 -0.294025 1.679686 0.833255 -14.218190 0.093214 1.300579 -34.211998 -0.287563 0.967171 -20.033176 0.964535 1.212841 0.000001 0.000001 -0.000000 -3.440384 0.788231 0.501657 -15.928165 -3.167306 2.999703 -6.338816 -0.000001 0.000001 -18.123413 3.648176 -4.905662 -0.000004 -0.000000 -0.000002 1.941902 11.842992 3.959762 27.940866 41.509239 -38.118347 179.462234 57.585758 179.919128 -3.059624 6.213542 -4.328079 2.243540 -5.255032 -3.180155 14.282878 -0.826595 6.952495 -0.000001 -12.690590 0.000000 15.647759 -17.492287 2.843321 1.665663 -1.955920 -2.878296 4.727794 -4.170583 4.993918 11.020515 0.000003 0.000001 12.109033 -3.735710 -2.866779 0.000000 0.000002 0.000000 1.291985 -1.928547 -1.498088 14.800114 0.567467 3.865604 14.242554 -1.341733 -6.660649 19.631939 0.143927 -0.648243 49.583237 -0.995206 -6.095161 0.353030 -1.511148 -0.031940 20.222773 3.684304 2.316627 18.787247 0.000005 -0.000001 10.751611 -0.479867 1.397904 -0.000000 0.000000 0.000000 3.273806 0.305946 -0.580110 21.486790 11.830360 2.266129 8.162917 0.000001 -0.000001 18.399054 -3.798978 -4.940568 0.000003 -0.000000 -0.000001 6.076834 16.633158 -10.766619 -0.109861 -0.544210 33.687401 -12.305090 -2.304842 -21.216564 1.621364 -1.922892 -0.244193 0.000000 -0.000000 0.000002 -12.359299 -30.347410 -29.144367 0.181721 0.090504 34.809353 11.290304 3.194262 -2.114346 -1.425649 0.756089 0.494886 -0.000000 -0.000000 -0.000001 
5.177947 94.164619 0.568995 3.448950 0.278242 1.379790 -2.183598 -0.388782 4.341547 -0.755151 -0.855193 -2.910246 -3.273885 -3.359937 10.259037 5.973608 0.314065 6.240366 -2.952550 -7.827530 -3.228796 1.562933 -10.973872 -14.550421 0.000077 -0.000022 0.000006 -0.014133 0.013357 0.014981 0.685891 -3.736070 -10.669505 -0.725280 3.775899 -10.708258 0.353064 -9.924133 5.799112 -53.274818 -58.757431 -1.996374 179.717041 -56.130035 -179.643509 3.454977 1.100182 -6.198305 -5.882100 9.861276 0.702591 -10.936858 -0.360573 7.156196 0.000001 8.774813 -0.000002 -16.104607 18.490847 6.177364 -1.844031 2.498501 -2.507276 -10.163588 4.678939 4.621106 -20.975996 -0.000004 0.000003 -21.226250 2.451691 -3.593994 0.000000 -0.000006 -0.000001 -1.362681 2.240796 -0.746321 -21.334888 0.584909 3.008321 -13.821197 -0.000002 0.000002 -23.887129 -0.249078 -0.839482 -61.200665 2.327080 -1.530971 -0.294023 1.679686 0.833256 -14.218192 0.093213 1.300577 -34.211998 -0.287566 0.967168 -20.033176 0.964532 1.212840 0.000000 0.000001 0.000000 -3.440386 0.788233 0.501655 -15.928164 -3.167305 2.999703 -6.338815 -0.000001 0.000002 -18.123413 3.648175 -4.905662 -0.000004 -0.000000 -0.000002 1.979284 11.832846 3.949563 27.844030 41.575020 -38.342842 179.496872 57.562275 179.893036 -3.224244 6.357793 -4.234090 2.243541 -5.255033 -3.180156 14.282875 -0.826593 6.952496 -0.000003 -12.690592 0.000003 15.616004 -17.475878 2.840737 1.665668 -1.955920 -2.878297 4.727795 -4.170583 4.993918 11.020514 0.000004 -0.000000 12.109032 -3.735709 -2.866780 0.000000 -0.000000 0.000000 1.291983 -1.928547 -1.498088 14.800111 0.567469 3.865603 14.242553 -1.341733 -6.660649 19.631939 0.143927 -0.648243 49.480305 -1.007606 -6.063217 0.353029 -1.511149 -0.031940 20.222769 3.684308 2.316628 18.787243 0.000005 -0.000000 10.751612 -0.479867 1.397904 -0.000000 -0.000000 -0.000000 3.273802 0.305947 -0.580110 21.486790 11.830365 2.266130 8.162915 0.000002 -0.000000 18.399055 -3.798979 -4.940567 0.000003 -0.000000 -0.000001 6.219631 16.513664 -10.604283 -0.120447 -0.556426 33.450085 -12.311318 -2.123931 -21.222593 1.621117 -1.925459 -0.252207 0.000000 -0.000000 0.000002 -12.203930 -30.214811 -29.231121 0.186324 0.087135 35.057968 11.273169 3.341915 -2.413513 -1.425342 0.750002 0.468026 0.000000 0.000000 -0.000001 
4.985456 94.171616 0.765987 3.396136 0.169619 1.437698 -2.147057 -0.397009 4.342846 -0.746667 -0.883154 -2.909399 -3.198717 -3.378863 10.261403 5.956839 0.327371 6.227913 -2.894290 -7.858628 -3.229944 1.528044 -10.912497 -14.523264 0.000077 -0.000023 0.000006 -0.014226 0.000490 0.017053 0.683437 -3.751927 -10.669340 -0.722109 3.758177 -10.702096 0.324394 -9.957555 5.799393 -53.463192 -58.953087 -1.744691 179.709045 -56.112659 -179.647522 3.439135 1.211501 -6.241835 -5.882098 9.861278 0.702589 -10.936858 -0.360575 7.156197 0.000000 8.774814 -0.000002 -16.070887 18.418028 6.162818 -1.844031 2.498502 -2.507277 -10.163589 4.678939 4.621104 -20.975994 -0.000005 0.000004 -21.226250 2.451692 -3.593992 0.000000 -0.000006 -0.000003 -1.362680 2.240796 -0.746325 -21.334887 0.584908 3.008320 -13.821197 -0.000003 0.000002 -23.887131 -0.249079 -0.839480 -61.100220 2.314991 -1.506518 -0.294025 1.679686 0.833255 -14.218192 0.093213 1.300579 -34.211998 -0.287565 0.967168 -20.033178 0.964534 1.212842 0.000001 0.000002 0.000000 -3.440385 0.788233 0.501653 -15.928169 -3.167306 2.999703 -6.338818 -0.000001 0.000001 -18.123415 3.648175 -4.905663 -0.000004 -0.000000 -0.000002 1.995873 11.836548 3.930356 27.855833 41.664570 -38.571926 179.414795 57.522148 179.809494 -3.430957 6.494859 -4.135605 2.243540 -5.255032 -3.180155 14.282878 -0.826594 6.952496 -0.000001 -12.690590 0.000002 15.590915 -17.427261 2.833740 1.665666 -1.955919 -2.878296 4.727793 -4.170585 4.993920 11.020512 0.000003 -0.000000 12.109033 -3.735708 -2.866777 0.000001 0.000001 0.000000 1.291984 -1.928547 -1.498088 14.800111 0.567467 3.865602 14.242553 -1.341735 -6.660649 19.631939 0.143926 -0.648243 49.421581 -0.986158 -6.049283 0.353029 -1.511149 -0.031939 20.222767 3.684306 2.316627 18.787247 0.000004 0.000000 10.751611 -0.479868 1.397904 -0.000000 -0.000000 -0.000000 3.273803 0.305946 -0.580110 21.486794 11.830361 2.266130 8.162916 0.000001 -0.000001 18.399054 -3.798979 -4.940566 0.000003 -0.000000 -0.000001 6.399093 16.383976 -10.390979 -0.110203 -0.553334 33.211838 -12.352937 -1.907529 -21.249144 1.621428 -1.936773 -0.240091 0.000000 0.000001 0.000002 -12.049118 -30.038389 -29.285448 0.202677 0.092982 35.271923 11.238750 3.487070 -2.684032 -1.424241 0.769095 0.420972 -0.000000 -0.000001 -0.000001 
4.804089 94.181854 0.981957 3.306126 0.064225 1.505221 -2.095625 -0.421765 4.333148 -0.732518 -0.927372 -2.908766 -3.071585 -3.388568 10.259094 5.935985 0.326165 6.210710 -2.831220 -7.818867 -3.248767 1.478848 -10.873200 -14.478966 0.000077 -0.000022 0.000006 -0.014916 0.000578 0.020393 0.680579 -3.750425 -10.672543 -0.725084 3.764727 -10.700111 0.270581 -10.009279 5.847172 -53.598347 -59.070000 -1.617262 179.742676 -56.043415 -179.667435 3.445626 1.325711 -6.231373 -5.882098 9.861278 0.702589 -10.936861 -0.360576 7.156196 -0.000001 8.774815 -0.000003 -16.071680 18.389420 6.160914 -1.844028 2.498502 -2.507275 -10.163589 4.678938 4.621104 -20.975992 -0.000005 0.000004 -21.226248 2.451692 -3.593992 0.000000 -0.000006 -0.000002 -1.362681 2.240797 -0.746322 -21.334887 0.584907 3.008322 -13.821197 -0.000003 0.000003 -23.887129 -0.249078 -0.839480 -61.077869 2.306789 -1.498129 -0.294024 1.679686 0.833256 -14.218192 0.093213 1.300580 -34.211998 -0.287564 0.967171 -20.033176 0.964536 1.212844 0.000001 -0.000000 0.000000 -3.440384 0.788233 0.501656 -15.928167 -3.167308 2.999703 -6.338818 -0.000001 0.000001 -18.123411 3.648176 -4.905659 -0.000003 -0.000000 -0.000002 2.011058 11.850625 3.932750 27.991295 41.700588 -38.676056 179.437576 57.390373 179.809357 -3.556358 6.623938 -4.024036 2.243541 -5.255033 -3.180155 14.282875 -0.826593 6.952495 -0.000001 -12.690591 -0.000000 15.542107 -17.445961 2.835211 1.665663 -1.955920 -2.878296 4.727794 -4.170583 4.993918 11.020510 0.000004 -0.000000 12.109033 -3.735711 -2.866779 0.000000 -0.000000 0.000000 1.291983 -1.928548 -1.498087 14.800111 0.567468 3.865602 14.242553 -1.341735 -6.660648 19.631937 0.143927 -0.648243 49.357719 -0.967380 -6.047907 0.353029 -1.511149 -0.031940 20.222771 3.684305 2.316628 18.787245 0.000004 -0.000001 10.751610 -0.479867 1.397904 -0.000000 0.000000 0.000000 3.273805 0.305946 -0.580109 21.486790 11.830363 2.266132 8.162916 0.000002 -0.000001 18.399050 -3.798979 -4.940568 0.000003 0.000000 -0.000001 6.618061 16.258457 -10.161107 -0.118034 -0.578480 32.974957 -12.396390 -1.645553 -21.290215 1.623014 -1.926453 -0.251578 0.000000 -0.000000 0.000002 -11.872199 -29.828644 -29.310841 0.217311 0.089330 35.449265 11.189288 3.664153 -2.979628 -1.422216 0.764249 0.341377 -0.000000 0.000001 -0.000001 
4.599733 94.185341 1.208725 3.182415 -0.094806 1.598292 -2.019590 -0.423254 4.320314 -0.706969 -0.991247 -2.923379 -2.902399 -3.412399 10.254072 5.919643 0.300048 6.142495 -2.773949 -7.743949 -3.247427 1.404990 -10.783183 -14.436544 0.000077 -0.000024 0.000006 -0.014476 0.000625 0.022834 0.680026 -3.751506 -10.665258 -0.720543 3.758991 -10.693238 0.182976 -10.063024 5.880034 -53.685089 -59.082813 -1.577006 179.860870 -55.954407 -179.742386 3.491760 1.422030 -6.115728 -5.882102 9.861279 0.702589 -10.936858 -0.360577 7.156198 -0.000001 8.774815 -0.000002 -16.047829 18.366215 6.173286 -1.844031 2.498503 -2.507275 -10.163589 4.678938 4.621104 -20.975994 -0.000006 0.000004 -21.226250 2.451691 -3.593993 0.000000 -0.000006 -0.000002 -1.362679 2.240796 -0.746324 -21.334890 0.584906 3.008322 -13.821197 -0.000003 0.000002 -23.887131 -0.249080 -0.839481 -61.016857 2.318717 -1.481069 -0.294023 1.679684 0.833255 -14.218194 0.093213 1.300579 -34.211998 -0.287566 0.967172 -20.033176 0.964533 1.212843 0.000001 0.000002 0.000000 -3.440385 0.788232 0.501655 -15.928167 -3.167308 2.999705 -6.338817 -0.000002 0.000002 -18.123411 3.648175 -4.905660 -0.000004 -0.000000 -0.000002 2.054455 11.867691 3.962090 28.157110 41.754917 -38.749374 179.500992 57.227814 179.836044 -3.625725 6.720344 -3.961274 2.243541 -5.255033 -3.180155 14.282875 -0.826594 6.952496 -0.000000 -12.690591 -0.000000 15.536641 -17.476442 2.859619 1.665666 -1.955921 -2.878297 4.727794 -4.170582 4.993918 11.020509 0.000002 -0.000002 12.109028 -3.735710 -2.866780 0.000000 0.000000 -0.000000 1.291985 -1.928548 -1.498088 14.800107 0.567468 3.865602 14.242554 -1.341735 -6.660649 19.631939 0.143924 -0.648244 49.324421 -0.948399 -6.060172 0.353029 -1.511149 -0.031940 20.222769 3.684305 2.316628 18.787245 0.000004 -0.000001 10.751609 -0.479868 1.397903 0.000000 -0.000000 -0.000000 3.273804 0.305946 -0.580109 21.486790 11.830360 2.266132 8.162917 0.000002 -0.000000 18.399052 -3.798978 -4.940569 0.000003 0.000000 -0.000001 6.851220 16.120235 -9.932452 -0.113295 -0.598432 32.761143 -12.442624 -1.279710 -21.389799 1.622704 -1.933222 -0.276525 0.000000 -0.000001 0.000002 -11.619970 -29.564287 -29.394943 0.235490 0.094006 35.656487 11.106822 3.855018 -3.225143 -1.420067 0.784974 0.272934 0.000000 0.000000 -0.000001 
4.453933 94.214233 1.515877 2.981068 -0.220381 1.709370 -1.892365 -0.444359 4.299515 -0.675904 -1.060309 -2.930303 -2.655936 -3.478566 10.258075 5.889855 0.262069 6.064594 -2.729283 -7.628057 -3.257217 1.316122 -10.697117 -14.389978 0.000077 -0.000022 0.000006 -0.015712 0.007016 0.023720 0.679534 -3.738274 -10.668835 -0.720520 3.757022 -10.698067 0.050716 -10.113855 5.967534 -53.659222 -59.097054 -1.670692 179.913055 -55.866455 -179.781219 3.518046 1.503475 -5.873678 -5.882101 9.861279 0.702591 -10.936859 -0.360575 7.156197 0.000000 8.774815 -0.000001 -15.994419 18.366461 6.158494 -1.844029 2.498502 -2.507276 -10.163590 4.678940 4.621105 -20.975992 -0.000003 0.000003 -21.226255 2.451694 -3.593993 0.000000 -0.000006 -0.000002 -1.362680 2.240796 -0.746323 -21.334887 0.584908 3.008320 -13.821197 -0.000002 0.000002 -23.887129 -0.249078 -0.839480 -60.957214 2.323701 -1.498284 -0.294026 1.679687 0.833255 -14.218194 0.093214 1.300579 -34.211998 -0.287564 0.967170 -20.033176 0.964536 1.212841 0.000000 -0.000000 0.000000 -3.440384 0.788232 0.501654 -15.928167 -3.167306 2.999705 -6.338817 -0.000002 0.000002 -18.123413 3.648176 -4.905661 -0.000003 -0.000001 -0.000002 2.082820 11.896538 3.997316 28.341286 41.839828 -38.894722 179.550507 57.104935 179.823425 -3.641034 6.847128 -3.945045 2.243541 -5.255033 -3.180155 14.282878 -0.826596 6.952496 -0.000001 -12.690586 -0.000000 15.521512 -17.518713 2.874213 1.665665 -1.955920 -2.878296 4.727794 -4.170584 4.993919 11.020511 0.000002 -0.000001 12.109034 -3.735710 -2.866780 -0.000001 -0.000000 -0.000001 1.291984 -1.928547 -1.498088 14.800111 0.567468 3.865603 14.242556 -1.341734 -6.660648 19.631939 0.143924 -0.648244 49.282463 -0.935210 -6.051319 0.353029 -1.511150 -0.031940 20.222771 3.684305 2.316628 18.787247 0.000004 -0.000001 10.751612 -0.479868 1.397903 0.000000 0.000000 0.000000 3.273805 0.305946 -0.580110 21.486790 11.830359 2.266130 8.162916 0.000001 -0.000001 18.399052 -3.798979 -4.940567 0.000003 0.000000 -0.000001 7.150901 15.959236 -9.660316 -0.103984 -0.619627 32.467308 -12.495121 -0.874296 -21.480492 1.625289 -1.921842 -0.328962 0.000000 -0.000001 0.000002 -11.355018 -29.275696 -29.337116 0.235976 0.085439 35.706558 11.143640 4.063688 -3.490065 -1.418575 0.805744 0.236551 -0.000000 -0.000000 -0.000001 
4.292465 94.212601 1.815398 2.711294 -0.349621 1.852486 -1.691245 -0.448098 4.298481 -0.635809 -1.153358 -2.935751 -2.364167 -3.571541 10.241571 5.852304 0.232151 5.940811 -2.684755 -7.548172 -3.286869 1.205413 -10.580222 -14.333055 0.000077 -0.000023 0.000006 -0.013568 0.013453 0.025287 0.684457 -3.728326 -10.668092 -0.719989 3.763303 -10.700483 -0.126398 -10.153288 6.057429 -53.560856 -59.057076 -1.814451 179.944092 -55.785980 -179.801147 3.590233 1.543304 -5.496257 -5.882102 9.861277 0.702591 -10.936862 -0.360575 7.156197 0.000000 8.774813 -0.000002 -15.983984 18.351580 6.144709 -1.844030 2.498503 -2.507275 -10.163589 4.678939 4.621105 -20.975996 -0.000005 0.000005 -21.226255 2.451692 -3.593993 0.000001 -0.000006 -0.000001 -1.362680 2.240796 -0.746321 -21.334894 0.584908 3.008324 -13.821197 -0.000003 0.000003 -23.887131 -0.249079 -0.839478 -60.930222 2.318190 -1.509010 -0.294024 1.679685 0.833255 -14.218194 0.093214 1.300580 -34.212002 -0.287564 0.967172 -20.033180 0.964535 1.212842 0.000000 -0.000000 0.000001 -3.440386 0.788231 0.501655 -15.928171 -3.167307 2.999704 -6.338819 -0.000001 0.000001 -18.123417 3.648177 -4.905661 -0.000004 -0.000001 -0.000003 2.112008 11.959617 4.016399 28.512222 41.880524 -39.118835 179.464081 56.914711 179.635971 -3.647088 7.061340 -3.919897 2.243540 -5.255033 -3.180155 14.282875 -0.826593 6.952495 0.000000 -12.690591 -0.000001 15.526241 -17.515974 2.851146 1.665666 -1.955921 -2.878296 4.727792 -4.170584 4.993918 11.020513 0.000003 -0.000002 12.109032 -3.735710 -2.866780 -0.000001 -0.000001 -0.000001 1.291985 -1.928548 -1.498088 14.800111 0.567468 3.865602 14.242553 -1.341735 -6.660648 19.631937 0.143927 -0.648245 49.259342 -0.925375 -6.041062 0.353027 -1.511149 -0.031940 20.222769 3.684306 2.316627 18.787243 0.000005 -0.000002 10.751610 -0.479867 1.397903 0.000000 0.000000 0.000000 3.273804 0.305947 -0.580110 21.486790 11.830362 2.266130 8.162916 0.000002 -0.000001 18.399052 -3.798979 -4.940568 0.000003 0.000000 -0.000001 7.595282 15.871488 -9.562750 -0.092177 -0.657533 32.345455 -12.567495 -0.424089 -21.559811 1.630696 -1.925604 -0.430886 0.000000 0.000001 0.000002 -10.977545 -28.947023 -29.364395 0.259845 0.113749 35.845757 11.163315 4.212953 -3.840133 -1.421516 0.819252 0.239396 -0.000000 -0.000001 -0.000001 
4.162259 94.184181 2.116884 2.373849 -0.415113 2.014844 -1.387252 -0.477971 4.347805 -0.583065 -1.223657 -2.915971 -2.033163 -3.724735 10.216489 5.793921 0.221559 5.801762 -2.644013 -7.538365 -3.335934 1.096902 -10.441904 -14.310920 0.000077 -0.000022 0.000006 -0.011525 0.013349 0.023184 0.685843 -3.717077 -10.662926 -0.719610 3.758501 -10.700394 -0.357637 -10.157582 6.211686 -53.526600 -59.121368 -1.875848 179.891312 -55.748577 -179.819778 3.651135 1.575593 -5.039887 -5.882101 9.861278 0.702590 -10.936857 -0.360575 7.156196 0.000001 8.774812 -0.000002 -15.975354 18.319775 6.127914 -1.844030 2.498502 -2.507276 -10.163589 4.678940 4.621105 -20.975992 -0.000005 0.000003 -21.226248 2.451693 -3.593993 0.000000 -0.000006 -0.000002 -1.362679 2.240797 -0.746323 -21.334892 0.584910 3.008320 -13.821197 -0.000001 0.000003 -23.887131 -0.249077 -0.839480 -61.012779 2.324737 -1.521322 -0.294023 1.679685 0.833256 -14.218192 0.093215 1.300580 -34.211998 -0.287563 0.967171 -20.033176 0.964536 1.212842 0.000000 0.000000 0.000000 -3.440388 0.788234 0.501656 -15.928167 -3.167306 2.999706 -6.338816 0.000000 0.000001 -18.123411 3.648176 -4.905660 -0.000004 -0.000001 -0.000003 2.115538 12.081740 4.011443 28.630135 41.879009 -39.471325 179.503906 56.746090 179.579163 -3.563985 7.353541 -4.151889 2.243539 -5.255032 -3.180155 14.282877 -0.826591 6.952495 0.000001 -12.690591 -0.000002 15.589800 -17.537367 2.826204 1.665665 -1.955920 -2.878296 4.727792 -4.170582 4.993918 11.020510 0.000004 -0.000001 12.109030 -3.735710 -2.866780 -0.000001 -0.000000 -0.000000 1.291985 -1.928548 -1.498087 14.800111 0.567468 3.865603 14.242553 -1.341734 -6.660648 19.631939 0.143927 -0.648243 49.286350 -0.960108 -6.068707 0.353027 -1.511149 -0.031941 20.222767 3.684308 2.316628 18.787245 0.000005 -0.000000 10.751611 -0.479868 1.397904 0.000001 0.000000 0.000000 3.273804 0.305947 -0.580110 21.486794 11.830365 2.266133 8.162916 0.000002 -0.000001 18.399052 -3.798977 -4.940567 0.000003 -0.000000 -0.000001 8.069072 15.957432 -9.532069 -0.076366 -0.674924 32.406742 -12.507102 0.038502 -21.755741 1.644562 -1.953832 -0.646461 -0.000000 -0.000001 0.000002 -10.657395 -28.652632 -29.365372 0.282731 0.119601 36.023426 11.316841 4.329340 -4.119166 -1.428088 0.850965 0.260494 0.000000 -0.000001 -0.000001 
4.136642 94.030121 2.367870 2.025263 -0.510249 2.144743 -1.015413 -0.486489 4.523635 -0.510815 -1.256865 -2.876270 -1.652341 -3.910599 10.218925 5.743640 0.307902 5.565636 -2.692701 -7.546720 -3.361471 0.948244 -10.415064 -14.323019 0.000077 -0.000023 0.000006 -0.012664 0.018897 0.024447 0.686614 -3.714466 -10.645956 -0.718202 3.761801 -10.687501 -0.651719 -10.196580 6.308690 -53.466579 -59.180340 -1.713634 179.390335 -55.759838 -179.548691 3.703378 1.711249 -4.206042 -5.882101 9.861278 0.702589 -10.936861 -0.360574 7.156199 -0.000001 8.774811 -0.000002 -16.088820 18.308350 6.150020 -1.844030 2.498502 -2.507275 -10.163591 4.678940 4.621104 -20.975996 -0.000003 0.000004 -21.226254 2.451694 -3.593992 0.000000 -0.000006 -0.000003 -1.362680 2.240796 -0.746323 -21.334894 0.584909 3.008320 -13.821197 -0.000002 0.000004 -23.887133 -0.249077 -0.839481 -61.173779 2.375304 -1.505422 -0.294026 1.679686 0.833254 -14.218195 0.093214 1.300578 -34.212006 -0.287562 0.967171 -20.033180 0.964536 1.212843 0.000000 0.000001 0.000000 -3.440382 0.788232 0.501656 -15.928167 -3.167307 2.999705 -6.338815 -0.000001 0.000002 -18.123415 3.648177 -4.905661 -0.000004 -0.000001 -0.000003 1.993493 12.365997 3.912228 28.656857 41.711895 -40.276344 179.101913 56.591900 179.287613 -3.589353 7.682443 -4.849926 2.243538 -5.255033 -3.180155 14.282877 -0.826594 6.952496 -0.000001 -12.690592 -0.000000 15.497924 -17.462034 2.879422 1.665664 -1.955920 -2.878296 4.727795 -4.170584 4.993919 11.020511 0.000004 -0.000001 12.109034 -3.735708 -2.866779 -0.000001 0.000001 -0.000000 1.291985 -1.928547 -1.498088 14.800113 0.567468 3.865604 14.242553 -1.341733 -6.660648 19.631939 0.143924 -0.648243 49.215706 -1.125581 -5.957834 0.353029 -1.511149 -0.031940 20.222767 3.684305 2.316627 18.787245 0.000004 -0.000000 10.751611 -0.479868 1.397904 -0.000000 0.000000 0.000000 3.273803 0.305947 -0.580110 21.486790 11.830360 2.266130 8.162916 0.000001 -0.000001 18.399054 -3.798979 -4.940568 0.000003 0.000000 -0.000001 8.569448 16.337830 -9.756564 -0.088807 -0.655371 33.080826 -12.255237 0.494345 -22.199505 1.679944 -2.014410 -0.978681 -0.000000 -0.000001 0.000002 -10.193927 -28.446266 -29.677895 0.296845 0.187706 36.556431 11.347192 4.460214 -4.576275 -1.433062 0.825250 0.323902 0.000000 -0.000002 -0.000001 
4.132363 93.770271 2.501847 1.771385 -0.384297 2.263265 -0.613519 -0.494737 4.751069 -0.421904 -1.367216 -2.804690 -1.278226 -4.108344 10.267629 5.538461 0.426617 5.289501 -2.662862 -7.604188 -3.413136 0.818927 -10.349071 -14.390233 0.000077 -0.000021 0.000006 -0.009804 0.006692 0.016611 0.686420 -3.715105 -10.643162 -0.713858 3.746216 -10.680881 -1.034378 -10.163077 6.501882 -53.602749 -59.475582 -1.685119 179.421722 -55.931110 -179.598495 3.865098 1.735464 -3.691419 -5.882102 9.861280 0.702589 -10.936858 -0.360575 7.156197 0.000000 8.774814 -0.000001 -16.041977 18.203445 6.134990 -1.844031 2.498503 -2.507277 -10.163591 4.678941 4.621105 -20.975996 -0.000003 0.000004 -21.226255 2.451694 -3.593995 0.000000 -0.000006 -0.000002 -1.362681 2.240797 -0.746322 -21.334896 0.584908 3.008322 -13.821197 -0.000003 0.000003 -23.887129 -0.249078 -0.839482 -61.171391 2.321091 -1.529462 -0.294024 1.679686 0.833254 -14.218195 0.093216 1.300581 -34.212002 -0.287562 0.967170 -20.033182 0.964537 1.212842 0.000000 0.000002 0.000000 -3.440386 0.788232 0.501657 -15.928167 -3.167307 2.999703 -6.338817 -0.000001 0.000002 -18.123415 3.648177 -4.905661 -0.000004 -0.000000 -0.000002 1.838098 12.692310 3.720295 28.610027 41.364094 -40.951168 179.047897 56.507168 179.130157 -3.608882 8.101873 -5.136333 2.243540 -5.255032 -3.180155 14.282879 -0.826592 6.952496 -0.000001 -12.690590 -0.000000 15.593489 -17.484400 2.864014 1.665663 -1.955920 -2.878297 4.727793 -4.170582 4.993918 11.020513 0.000005 0.000000 12.109033 -3.735710 -2.866778 -0.000001 -0.000000 -0.000000 1.291983 -1.928548 -1.498088 14.800114 0.567468 3.865604 14.242554 -1.341735 -6.660648 19.631935 0.143925 -0.648242 49.396282 -1.135093 -5.979294 0.353030 -1.511150 -0.031939 20.222769 3.684307 2.316628 18.787245 0.000005 0.000000 10.751611 -0.479869 1.397904 0.000000 -0.000000 0.000000 3.273804 0.305947 -0.580111 21.486790 11.830361 2.266131 8.162916 0.000001 -0.000000 18.399054 -3.798979 -4.940567 0.000003 0.000000 -0.000001 9.111653 17.413244 -10.945799 -0.099064 -0.684656 35.640869 -12.017137 0.362963 -21.796263 1.695744 -2.038995 -1.553379 0.000000 -0.000001 0.000002 -9.938678 -28.566229 -30.138229 0.307775 0.195749 37.466625 11.499697 4.744063 -5.075490 -1.449030 0.829111 0.410699 0.000000 0.000000 -0.000001 
4.388856 93.313782 2.623122 1.606268 -0.163046 2.287632 -0.189354 -0.515842 5.047780 -0.333295 -1.462506 -2.726421 -0.893309 -4.336537 10.420577 5.274159 0.609257 5.021420 -2.671727 -7.627618 -3.469185 0.615376 -10.349941 -14.509784 0.000077 -0.000021 0.000006 -0.009254 0.011978 0.005576 0.683890 -3.721637 -10.679159 -0.711176 3.751903 -10.706964 -1.559993 -10.050026 6.783999 -53.971966 -59.878128 -1.290441 179.543106 -56.192265 -179.763977 4.234748 1.639847 -3.067873 -5.882101 9.861279 0.702589 -10.936860 -0.360574 7.156197 0.000001 8.774814 -0.000001 -15.912400 18.112843 6.127915 -1.844031 2.498503 -2.507276 -10.163590 4.678940 4.621103 -20.975998 -0.000003 0.000003 -21.226255 2.451692 -3.593994 0.000000 -0.000006 -0.000003 -1.362680 2.240796 -0.746322 -21.334892 0.584909 3.008318 -13.821198 -0.000003 0.000002 -23.887131 -0.249078 -0.839482 -61.155132 2.243293 -1.552138 -0.294026 1.679687 0.833256 -14.218192 0.093215 1.300579 -34.212002 -0.287564 0.967168 -20.033178 0.964534 1.212841 0.000000 -0.000000 0.000001 -3.440387 0.788233 0.501655 -15.928169 -3.167306 2.999702 -6.338818 -0.000001 0.000002 -18.123415 3.648176 -4.905661 -0.000004 -0.000000 -0.000004 1.649787 13.099231 3.625981 28.276377 40.880356 -41.814278 178.906570 56.628967 178.863007 -3.773783 8.412176 -5.568210 2.243539 -5.255030 -3.180155 14.282877 -0.826593 6.952496 -0.000001 -12.690588 -0.000001 15.687490 -17.464518 2.864405 1.665665 -1.955920 -2.878297 4.727793 -4.170582 4.993918 11.020513 0.000003 -0.000001 12.109033 -3.735708 -2.866779 0.000000 -0.000001 -0.000000 1.291984 -1.928548 -1.498089 14.800113 0.567467 3.865603 14.242553 -1.341734 -6.660650 19.631937 0.143926 -0.648244 49.601700 -1.176952 -6.019782 0.353030 -1.511150 -0.031939 20.222767 3.684305 2.316627 18.787245 0.000004 -0.000001 10.751610 -0.479868 1.397903 0.000000 -0.000000 0.000000 3.273801 0.305947 -0.580111 21.486790 11.830360 2.266130 8.162916 0.000001 -0.000000 18.399052 -3.798979 -4.940567 0.000003 0.000000 -0.000001 9.609179 19.224514 -12.609377 -0.156425 -0.735918 39.527580 -11.761433 -0.427006 -21.112835 1.712354 -2.019555 -2.371918 -0.000000 0.000001 0.000002 -10.043161 -28.965254 -30.730495 0.335091 0.170666 38.891964 11.797941 5.340311 -5.671717 -1.453199 0.833410 0.426358 -0.000000 -0.000000 -0.000001 
4.801914 92.620560 2.801642 1.512545 0.294657 2.153629 0.254426 -0.526475 5.447992 -0.219028 -1.591313 -2.658586 -0.483671 -4.522906 10.625023 4.982950 0.799769 4.765258 -2.803893 -7.710231 -3.413608 0.417369 -10.520688 -14.695167 0.000077 -0.000021 0.000006 -0.001873 0.038553 0.000965 0.677493 -3.697801 -10.680202 -0.687171 3.773230 -10.713089 -2.212313 -10.070489 7.148927 -54.523735 -60.314995 -0.602276 179.881027 -56.456856 179.912521 4.625193 1.533133 -2.643193 -5.882102 9.861278 0.702590 -10.936859 -0.360574 7.156199 -0.000002 8.774815 -0.000001 -15.785665 18.060183 6.098986 -1.844033 2.498503 -2.507277 -10.163590 4.678939 4.621106 -20.975998 -0.000002 0.000005 -21.226255 2.451694 -3.593992 0.000000 -0.000006 -0.000003 -1.362682 2.240797 -0.746323 -21.334892 0.584910 3.008322 -13.821197 -0.000002 0.000004 -23.887133 -0.249077 -0.839480 -61.069935 2.208719 -1.617955 -0.294024 1.679686 0.833255 -14.218194 0.093216 1.300581 -34.211998 -0.287563 0.967171 -20.033178 0.964535 1.212842 0.000001 0.000001 0.000001 -3.440387 0.788234 0.501656 -15.928167 -3.167305 2.999706 -6.338818 -0.000001 0.000001 -18.123415 3.648177 -4.905660 -0.000003 0.000001 -0.000003 1.539771 13.441771 3.678814 27.734722 40.205940 -42.472366 178.884933 56.836853 178.683075 -3.937033 8.508073 -6.232548 2.243540 -5.255033 -3.180156 14.282878 -0.826593 6.952497 0.000000 -12.690590 -0.000001 15.683183 -17.384895 2.981731 1.665666 -1.955921 -2.878296 4.727793 -4.170584 4.993919 11.020514 0.000002 0.000000 12.109033 -3.735711 -2.866778 0.000002 -0.000001 0.000000 1.291985 -1.928548 -1.498088 14.800113 0.567467 3.865604 14.242554 -1.341735 -6.660648 19.631939 0.143923 -0.648244 49.611126 -1.195696 -5.937590 0.353029 -1.511150 -0.031939 20.222773 3.684306 2.316629 18.787245 0.000004 -0.000000 10.751610 -0.479869 1.397904 -0.000000 0.000000 -0.000000 3.273804 0.305947 -0.580110 21.486792 11.830363 2.266134 8.162917 0.000001 -0.000000 18.399055 -3.798980 -4.940567 0.000003 0.000000 -0.000001 10.307819 21.867556 -14.484710 -0.260673 -0.691190 44.259991 -11.982210 -2.333839 -20.239582 1.722313 -1.991756 -3.283922 -0.000000 0.000000 0.000002 -10.485793 -29.869802 -31.364729 0.371133 0.145669 41.003021 12.179345 6.296247 -6.521809 -1.440421 0.831404 0.470622 0.000000 0.000000 -0.000001 
5.481905 91.695396 3.027399 1.488319 0.886410 1.823722 0.662591 -0.593716 5.745785 -0.138008 -1.622494 -2.571735 -0.126325 -4.773104 10.923429 4.855515 1.008935 4.754066 -2.924696 -7.762573 -3.468386 0.086453 -10.691782 -14.869924 0.000077 -0.000022 0.000006 -0.001598 0.067611 -0.013650 0.670584 -3.676231 -10.683907 -0.682652 3.814573 -10.711359 -2.944599 -9.943532 7.465394 -55.175671 -60.490292 0.550026 -179.759415 -56.679237 179.628250 4.829013 1.494907 -2.233710 -5.882102 9.861278 0.702591 -10.936859 -0.360574 7.156196 0.000001 8.774812 -0.000002 -15.782435 18.156538 6.035233 -1.844031 2.498502 -2.507276 -10.163589 4.678937 4.621103 -20.975994 -0.000004 0.000002 -21.226255 2.451692 -3.593994 0.000000 -0.000006 -0.000002 -1.362679 2.240796 -0.746322 -21.334892 0.584909 3.008320 -13.821197 -0.000004 0.000002 -23.887135 -0.249079 -0.839482 -61.022636 2.246706 -1.729356 -0.294025 1.679687 0.833256 -14.218194 0.093214 1.300580 -34.211998 -0.287565 0.967168 -20.033178 0.964533 1.212840 0.000000 0.000001 0.000000 -3.440388 0.788233 0.501654 -15.928167 -3.167306 2.999701 -6.338819 -0.000001 0.000000 -18.123413 3.648175 -4.905664 -0.000004 0.000000 -0.000003 1.594899 13.808449 3.837655 27.245279 39.304546 -42.692692 178.936646 57.314293 178.684418 -4.085587 8.425849 -6.964920 2.243539 -5.255033 -3.180155 14.282877 -0.826593 6.952495 -0.000002 -12.690591 -0.000001 15.853836 -17.389238 3.023837 1.665663 -1.955920 -2.878297 4.727791 -4.170582 4.993917 11.020514 0.000004 -0.000000 12.109032 -3.735710 -2.866779 0.000002 0.000000 -0.000000 1.291984 -1.928548 -1.498088 14.800111 0.567468 3.865603 14.242551 -1.341735 -6.660648 19.631939 0.143928 -0.648242 49.844135 -1.212021 -5.936582 0.353029 -1.511149 -0.031941 20.222769 3.684308 2.316628 18.787245 0.000005 0.000000 10.751611 -0.479867 1.397904 -0.000000 0.000001 -0.000000 3.273805 0.305947 -0.580109 21.486795 11.830363 2.266132 8.162917 0.000002 -0.000000 18.399052 -3.798980 -4.940568 0.000003 0.000000 -0.000001 11.561626 24.533375 -15.820875 -0.408439 -0.612344 48.739517 -12.631629 -4.676881 -19.786469 1.714990 -1.910457 -3.393831 0.000000 0.000001 0.000002 -11.452437 -30.845642 -31.867916 0.428544 0.092655 43.581387 12.760735 7.499050 -7.506242 -1.439268 0.793346 0.520790 0.000000 -0.000001 -0.000001 
6.426503 90.652580 3.422670 1.631241 1.487250 1.418862 0.918581 -0.619833 5.860565 -0.091579 -1.690588 -2.484762 0.121883 -4.963819 11.215128 4.838171 1.185629 4.874577 -3.009799 -7.960691 -3.491612 -0.190330 -10.868644 -14.988615 0.000077 -0.000024 0.000006 -0.001512 0.101058 -0.006580 0.662211 -3.641029 -10.651842 -0.673381 3.852214 -10.674753 -3.694080 -9.774459 7.874357 -55.236446 -60.348488 1.413723 -179.485718 -56.788525 179.394760 4.635390 1.506837 -1.885557 -5.882102 9.861279 0.702588 -10.936859 -0.360575 7.156195 0.000001 8.774813 -0.000003 -15.891905 18.241493 5.931317 -1.844030 2.498502 -2.507276 -10.163590 4.678939 4.621104 -20.975996 -0.000002 0.000002 -21.226255 2.451694 -3.593994 0.000000 -0.000006 -0.000002 -1.362681 2.240796 -0.746322 -21.334887 0.584909 3.008319 -13.821197 -0.000003 0.000002 -23.887131 -0.249078 -0.839481 -61.039989 2.278725 -1.781822 -0.294023 1.679685 0.833255 -14.218192 0.093213 1.300580 -34.212006 -0.287564 0.967170 -20.033180 0.964535 1.212841 0.000001 0.000002 0.000000 -3.440383 0.788231 0.501656 -15.928169 -3.167306 2.999705 -6.338818 -0.000001 0.000000 -18.123415 3.648175 -4.905662 -0.000004 0.000001 -0.000003 1.893061 14.066195 4.191534 26.832964 38.331200 -42.424385 178.747223 58.013123 178.500732 -4.221377 8.173320 -7.696263 2.243539 -5.255034 -3.180156 14.282877 -0.826595 6.952497 -0.000002 -12.690590 0.000001 15.970672 -17.412683 3.035949 1.665665 -1.955920 -2.878297 4.727793 -4.170585 4.993918 11.020511 0.000003 0.000000 12.109032 -3.735712 -2.866779 0.000002 -0.000000 0.000000 1.291984 -1.928548 -1.498088 14.800111 0.567467 3.865603 14.242553 -1.341734 -6.660648 19.631939 0.143923 -0.648243 50.013699 -1.217981 -5.925580 0.353028 -1.511150 -0.031940 20.222771 3.684306 2.316630 18.787245 0.000002 0.000001 10.751610 -0.479868 1.397905 0.000000 0.000000 0.000000 3.273804 0.305947 -0.580110 21.486795 11.830362 2.266133 8.162917 0.000001 0.000001 18.399050 -3.798980 -4.940566 0.000003 0.000000 -0.000001 13.569653 26.154032 -16.058649 -0.536820 -0.617792 51.450001 -12.895853 -4.767262 -19.907223 1.715793 -1.869443 -2.950331 -0.000000 -0.000001 0.000002 -12.965713 -31.793764 -32.143867 0.494791 0.119840 46.252052 13.439128 8.752182 -8.539062 -1.447096 0.754478 0.523608 0.000000 0.000000 -0.000001 
7.721917 89.590324 3.848824 1.995243 2.107728 0.986832 0.943641 -0.646377 5.802498 -0.100206 -1.765200 -2.400557 0.184198 -5.096279 11.493912 4.897867 1.291861 4.941380 -3.069234 -8.183232 -3.507955 -0.276676 -11.033814 -14.953153 0.000077 -0.000024 0.000006 -0.001859 0.119502 -0.001061 0.654594 -3.634176 -10.629045 -0.666647 3.872475 -10.647988 -4.310011 -9.565229 8.272872 -54.266506 -59.910046 1.219256 -179.213287 -56.863937 179.223846 4.092292 1.582079 -2.112434 -5.882102 9.861279 0.702589 -10.936860 -0.360575 7.156196 -0.000001 8.774817 -0.000003 -15.987296 18.295683 5.839147 -1.844030 2.498504 -2.507274 -10.163589 4.678941 4.621103 -20.976000 -0.000002 0.000000 -21.226255 2.451694 -3.593994 0.000000 -0.000006 -0.000001 -1.362681 2.240797 -0.746323 -21.334887 0.584908 3.008319 -13.821195 -0.000002 0.000003 -23.887125 -0.249078 -0.839479 -61.061012 2.289657 -1.774761 -0.294025 1.679687 0.833255 -14.218192 0.093214 1.300579 -34.212002 -0.287566 0.967170 -20.033182 0.964535 1.212841 0.000000 0.000001 0.000000 -3.440383 0.788232 0.501656 -15.928169 -3.167306 2.999704 -6.338817 -0.000001 -0.000001 -18.123411 3.648177 -4.905662 -0.000003 -0.000001 -0.000002 2.304413 14.280599 4.519339 26.543139 37.353680 -41.656540 178.663574 58.798649 178.292847 -4.271747 7.663533 -8.285009 2.243538 -5.255032 -3.180156 14.282877 -0.826592 6.952495 -0.000002 -12.690586 0.000001 16.075113 -17.359003 3.025181 1.665665 -1.955919 -2.878297 4.727794 -4.170582 4.993919 11.020513 0.000004 -0.000001 12.109033 -3.735708 -2.866780 0.000001 0.000001 0.000000 1.291985 -1.928547 -1.498088 14.800109 0.567469 3.865602 14.242553 -1.341735 -6.660650 19.631937 0.143926 -0.648243 50.174732 -1.163572 -5.843287 0.353029 -1.511148 -0.031939 20.222769 3.684304 2.316627 18.787243 0.000005 -0.000001 10.751610 -0.479867 1.397903 0.000000 0.000000 0.000000 3.273805 0.305947 -0.580111 21.486795 11.830361 2.266130 8.162919 0.000002 -0.000000 18.399052 -3.798978 -4.940567 0.000003 0.000000 -0.000000 16.425020 26.313951 -15.122827 -0.648824 -0.721720 51.357540 -12.445522 -2.035148 -19.827988 1.719598 -1.856885 -2.682414 -0.000000 -0.000002 0.000002 -15.109565 -32.434929 -32.100594 0.582392 0.219764 48.581055 14.239830 9.622056 -9.391828 -1.444687 0.721067 0.568736 0.000000 -0.000001 -0.000001 
9.226426 88.576469 4.329493 2.437479 2.745539 0.537764 0.815643 -0.674727 5.608541 -0.148195 -1.809623 -2.330127 0.054540 -5.135736 11.660360 4.975912 1.394533 4.921633 -3.121207 -8.522630 -3.539788 -0.161913 -11.250660 -14.784256 0.000077 -0.000023 0.000006 0.001607 0.106742 0.008150 0.650206 -3.635404 -10.556744 -0.659646 3.848485 -10.574526 -4.649217 -9.366710 8.460404 -52.489315 -59.121883 0.059995 -178.985291 -56.705341 179.193771 3.405344 1.795745 -3.101174 -5.882102 9.861278 0.702590 -10.936861 -0.360574 7.156198 0.000001 8.774812 -0.000001 -16.129869 18.393240 5.798022 -1.844032 2.498503 -2.507275 -10.163589 4.678939 4.621106 -20.975998 -0.000002 0.000002 -21.226255 2.451694 -3.593994 0.000000 -0.000006 -0.000000 -1.362680 2.240797 -0.746322 -21.334892 0.584910 3.008321 -13.821197 -0.000002 0.000003 -23.887131 -0.249078 -0.839482 -61.155148 2.283782 -1.707237 -0.294026 1.679687 0.833255 -14.218194 0.093215 1.300580 -34.212006 -0.287563 0.967171 -20.033180 0.964535 1.212844 0.000000 0.000001 0.000000 -3.440385 0.788232 0.501654 -15.928171 -3.167304 2.999706 -6.338816 -0.000001 0.000001 -18.123415 3.648177 -4.905662 -0.000004 -0.000000 -0.000003 2.641541 14.477072 4.629651 26.465839 36.547764 -40.373627 178.608734 59.510559 178.255386 -4.331385 7.060609 -8.668967 2.243539 -5.255032 -3.180155 14.282877 -0.826593 6.952495 -0.000003 -12.690590 0.000001 16.351875 -17.370665 2.989984 1.665667 -1.955920 -2.878296 4.727795 -4.170583 4.993919 11.020514 0.000004 0.000000 12.109033 -3.735711 -2.866779 0.000001 0.000002 0.000001 1.291983 -1.928548 -1.498088 14.800111 0.567469 3.865603 14.242554 -1.341735 -6.660646 19.631939 0.143927 -0.648242 50.385582 -1.108144 -5.708322 0.353028 -1.511148 -0.031940 20.222773 3.684307 2.316629 18.787249 0.000004 0.000001 10.751611 -0.479868 1.397904 0.000000 -0.000000 0.000001 3.273803 0.305947 -0.580110 21.486794 11.830366 2.266131 8.162916 0.000002 -0.000000 18.399054 -3.798979 -4.940567 0.000003 0.000000 -0.000001 20.116051 25.046013 -13.094314 -0.756726 -0.933257 47.968544 -11.647820 1.903227 -18.413412 1.724802 -1.897722 -2.603549 -0.000000 -0.000002 0.000002 -17.644831 -32.640320 -31.635260 0.716164 0.330013 50.419041 15.261770 9.974628 -10.085146 -1.435208 0.698088 0.703769 0.000000 0.000000 -0.000001 
11.115683 87.697075 4.769453 2.775642 3.253514 0.129031 0.661750 -0.710601 5.359591 -0.221042 -1.777362 -2.365716 -0.194512 -5.030394 11.674503 4.970453 1.424093 4.842179 -3.128478 -8.832170 -3.556306 0.069048 -11.517035 -14.551924 0.000077 -0.000022 0.000006 0.004747 0.062757 0.020021 0.659214 -3.685958 -10.511433 -0.663239 3.805992 -10.523206 -4.733545 -9.221180 8.410284 -50.328426 -58.140263 -1.650366 -179.011398 -56.394749 179.395493 2.765011 2.115006 -4.602527 -5.882100 9.861278 0.702591 -10.936860 -0.360575 7.156196 -0.000000 8.774815 -0.000002 -16.226267 18.476019 5.749395 -1.844032 2.498503 -2.507276 -10.163589 4.678941 4.621105 -20.975998 -0.000003 -0.000000 -21.226254 2.451693 -3.593992 0.000000 -0.000006 -0.000002 -1.362680 2.240795 -0.746323 -21.334892 0.584908 3.008320 -13.821194 -0.000003 0.000003 -23.887131 -0.249078 -0.839481 -61.218170 2.255662 -1.622904 -0.294026 1.679686 0.833255 -14.218194 0.093216 1.300578 -34.212006 -0.287562 0.967167 -20.033178 0.964535 1.212839 0.000001 0.000000 0.000000 -3.440385 0.788233 0.501656 -15.928169 -3.167307 2.999703 -6.338818 -0.000001 0.000002 -18.123415 3.648177 -4.905662 -0.000004 0.000000 -0.000003 2.761044 14.607283 4.581029 26.374138 36.058052 -39.071537 178.594513 59.983162 178.292374 -4.530476 6.601172 -8.943207 2.243540 -5.255032 -3.180155 14.282878 -0.826595 6.952495 -0.000003 -12.690588 0.000000 16.620810 -17.454002 2.879586 1.665665 -1.955920 -2.878296 4.727794 -4.170584 4.993919 11.020515 0.000004 -0.000001 12.109034 -3.735709 -2.866778 0.000000 0.000001 0.000000 1.291985 -1.928548 -1.498088 14.800117 0.567466 3.865603 14.242553 -1.341733 -6.660648 19.631945 0.143926 -0.648244 50.489338 -1.042917 -5.636736 0.353029 -1.511150 -0.031940 20.222773 3.684305 2.316627 18.787249 0.000005 -0.000000 10.751612 -0.479868 1.397904 0.000000 0.000000 -0.000000 3.273806 0.305947 -0.580110 21.486792 11.830363 2.266129 8.162917 0.000002 -0.000001 18.399055 -3.798978 -4.940568 0.000003 0.000000 -0.000000 24.110281 22.746120 -10.457735 -0.790276 -1.210209 42.105999 -10.806279 5.372519 -15.568806 1.730473 -1.949956 -2.734502 -0.000000 0.000000 0.000002 -20.278971 -32.361393 -30.783211 0.855343 0.470298 51.300816 16.670595 9.948241 -10.268203 -1.428775 0.693393 0.905000 -0.000000 -0.000001 -0.000001 
13.633540 87.132812 5.168428 2.938154 3.536414 -0.150001 0.506543 -0.699930 5.043072 -0.309239 -1.636585 -2.522537 -0.462078 -4.844423 11.558061 4.933235 1.337385 4.716241 -3.086258 -9.105760 -3.528168 0.323403 -11.863588 -14.368984 0.000077 -0.000022 0.000006 0.007199 0.044437 0.020861 0.677649 -3.701490 -10.480546 -0.677441 3.781888 -10.494651 -4.625514 -9.151402 8.243813 -48.345333 -57.085083 -3.448484 -179.175690 -55.994114 179.759750 2.198616 2.376489 -6.342636 -5.882101 9.861279 0.702589 -10.936857 -0.360575 7.156198 0.000002 8.774812 -0.000002 -16.302607 18.491179 5.747081 -1.844031 2.498503 -2.507277 -10.163590 4.678941 4.621105 -20.975992 -0.000002 0.000002 -21.226250 2.451694 -3.593992 0.000000 -0.000006 -0.000002 -1.362680 2.240796 -0.746323 -21.334887 0.584909 3.008322 -13.821195 -0.000001 0.000004 -23.887125 -0.249077 -0.839481 -61.223267 2.212419 -1.586974 -0.294025 1.679685 0.833256 -14.218190 0.093215 1.300581 -34.211998 -0.287561 0.967172 -20.033176 0.964536 1.212840 0.000000 0.000001 0.000000 -3.440386 0.788233 0.501656 -15.928165 -3.167305 2.999703 -6.338817 -0.000000 0.000002 -18.123411 3.648175 -4.905661 -0.000004 -0.000000 -0.000002 2.676078 14.645024 4.437830 26.338034 35.919449 -37.826698 178.706345 60.006733 178.573257 -4.808008 6.258057 -9.306591 2.243540 -5.255033 -3.180155 14.282878 -0.826593 6.952498 -0.000001 -12.690590 0.000001 16.748598 -17.480202 2.754898 1.665664 -1.955919 -2.878296 4.727796 -4.170584 4.993919 11.020514 0.000003 0.000001 12.109035 -3.735710 -2.866776 0.000001 0.000001 -0.000001 1.291984 -1.928549 -1.498088 14.800114 0.567468 3.865606 14.242553 -1.341736 -6.660646 19.631941 0.143923 -0.648241 50.434654 -0.991902 -5.706551 0.353028 -1.511148 -0.031939 20.222773 3.684306 2.316629 18.787249 0.000003 0.000002 10.751612 -0.479868 1.397905 -0.000000 0.000000 -0.000000 3.273803 0.305947 -0.580110 21.486790 11.830360 2.266132 8.162919 0.000001 0.000000 18.399055 -3.798980 -4.940565 0.000003 -0.000000 -0.000001 27.695576 20.043222 -7.732248 -0.687125 -1.541083 35.024837 -10.275709 8.021513 -11.538832 1.764003 -2.013492 -2.958559 -0.000001 0.000000 0.000001 -22.948179 -31.618740 -29.333677 1.029349 0.622538 50.447853 18.705507 9.483915 -9.420158 -1.429595 0.694844 1.204117 -0.000000 -0.000000 -0.000001 
16.895315 87.029121 5.489770 3.009752 3.626663 -0.151492 0.335124 -0.636704 4.613588 -0.425957 -1.421628 -2.739590 -0.707314 -4.673976 11.227977 5.082391 1.088809 4.668970 -3.074730 -9.358315 -3.494987 0.524221 -12.220794 -14.110746 0.000077 -0.000023 0.000006 0.010595 0.025826 0.003166 0.709314 -3.703093 -10.495429 -0.703411 3.766586 -10.508531 -4.311873 -9.192478 7.991033 -47.282360 -55.725735 -4.708016 -179.247208 -55.445900 -179.894699 1.582462 2.476056 -8.092794 -5.882103 9.861279 0.702589 -10.936856 -0.360577 7.156197 0.000000 8.774814 -0.000002 -16.444782 18.463758 5.677432 -1.844033 2.498503 -2.507275 -10.163589 4.678940 4.621104 -20.975994 -0.000005 0.000001 -21.226254 2.451690 -3.593994 0.000000 -0.000006 -0.000001 -1.362681 2.240796 -0.746322 -21.334887 0.584907 3.008320 -13.821194 -0.000004 0.000002 -23.887129 -0.249080 -0.839481 -61.392666 2.174672 -1.590135 -0.294025 1.679687 0.833255 -14.218189 0.093213 1.300579 -34.211998 -0.287568 0.967171 -20.033173 0.964533 1.212843 0.000000 0.000000 -0.000001 -3.440386 0.788231 0.501656 -15.928165 -3.167308 2.999703 -6.338819 -0.000000 0.000001 -18.123413 3.648175 -4.905661 -0.000004 -0.000000 -0.000003 2.455004 14.693369 4.119317 26.636724 35.747810 -36.465366 179.000198 59.353977 178.978668 -5.134153 5.919243 -9.705839 2.243539 -5.255033 -3.180155 14.282877 -0.826595 6.952496 -0.000001 -12.690590 -0.000001 16.888348 -17.491951 2.635341 1.665666 -1.955920 -2.878296 4.727795 -4.170584 4.993919 11.020514 0.000003 0.000000 12.109035 -3.735708 -2.866781 0.000001 0.000001 0.000000 1.291985 -1.928548 -1.498088 14.800113 0.567467 3.865604 14.242551 -1.341736 -6.660647 19.631939 0.143924 -0.648241 50.527973 -0.934591 -5.933674 0.353027 -1.511149 -0.031939 20.222767 3.684306 2.316630 18.787245 0.000004 -0.000000 10.751612 -0.479868 1.397904 0.000000 0.000000 0.000000 3.273804 0.305947 -0.580110 21.486792 11.830362 2.266132 8.162916 0.000001 -0.000000 18.399052 -3.798979 -4.940567 0.000004 -0.000000 -0.000000 30.172598 17.625286 -5.625810 -0.487452 -1.830444 28.562763 -10.056326 9.903717 -6.890363 1.824870 -2.029267 -3.098473 0.000001 -0.000001 0.000001 -25.607430 -30.496096 -27.149654 1.190769 0.846663 47.133717 21.623859 8.415347 -7.277525 -1.444643 0.697715 1.502405 0.000000 0.000000 -0.000001 
20.807276 87.457108 5.603234 3.154361 3.502405 0.079059 0.064532 -0.508142 4.175507 -0.547850 -1.343248 -2.968775 -0.919656 -4.404657 10.749310 5.711932 0.704233 4.833597 -3.140085 -9.476257 -3.475405 0.663836 -12.656524 -13.625763 0.000077 -0.000022 0.000006 0.008296 0.068701 -0.026380 0.714740 -3.678192 -10.564038 -0.713680 3.811062 -10.571854 -3.885063 -9.465841 7.818222 -47.336441 -54.355846 -4.956439 -179.247681 -55.017567 -179.722580 0.887965 2.430301 -9.320529 -5.882102 9.861278 0.702590 -10.936861 -0.360573 7.156199 0.000001 8.774811 -0.000001 -16.526724 18.406250 5.717644 -1.844030 2.498502 -2.507276 -10.163592 4.678942 4.621104 -20.975996 -0.000001 0.000002 -21.226255 2.451696 -3.593994 0.000000 -0.000006 -0.000001 -1.362680 2.240796 -0.746322 -21.334892 0.584911 3.008321 -13.821197 -0.000001 0.000003 -23.887131 -0.249076 -0.839482 -61.734013 2.275048 -1.522778 -0.294025 1.679685 0.833255 -14.218194 0.093217 1.300580 -34.212006 -0.287560 0.967169 -20.033180 0.964537 1.212840 -0.000000 0.000000 0.000000 -3.440387 0.788233 0.501655 -15.928171 -3.167303 2.999704 -6.338818 -0.000001 0.000001 -18.123415 3.648178 -4.905663 -0.000004 -0.000000 -0.000003 2.316107 14.571665 3.906951 27.312653 35.485130 -34.988335 179.628494 58.106998 179.623856 -5.177716 5.497012 -10.381800 2.243540 -5.255032 -3.180154 14.282879 -0.826594 6.952497 0.000000 -12.690590 0.000001 16.761478 -17.438772 2.640649 1.665665 -1.955919 -2.878296 4.727796 -4.170583 4.993920 11.020513 0.000002 -0.000001 12.109035 -3.735710 -2.866779 0.000000 0.000001 0.000000 1.291985 -1.928548 -1.498088 14.800113 0.567467 3.865602 14.242554 -1.341733 -6.660649 19.631939 0.143925 -0.648244 50.561710 -0.924520 -6.088223 0.353028 -1.511150 -0.031940 20.222769 3.684304 2.316627 18.787247 0.000004 -0.000001 10.751612 -0.479868 1.397903 0.000000 0.000000 0.000000 3.273804 0.305947 -0.580110 21.486792 11.830362 2.266130 8.162917 0.000001 -0.000001 18.399054 -3.798980 -4.940567 0.000003 0.000000 -0.000001 31.145016 16.253342 -4.592292 -0.294180 -1.993638 24.221254 -10.238249 10.396785 -2.170813 1.859420 -2.054225 -3.201414 0.000000 0.000001 0.000001 -28.257290 -29.104059 -23.934179 1.333613 1.239419 40.606113 24.983395 6.137660 -3.667873 -1.469198 0.764921 1.566778 -0.000000 0.000002 -0.000001 
25.179428 88.206825 5.593719 3.479476 3.477147 0.413440 -0.357411 -0.566837 3.681827 -0.588030 -1.186885 -3.034223 -1.202884 -4.232011 10.118944 6.744423 0.216757 5.145792 -3.342574 -9.609774 -3.508415 0.596325 -13.173357 -12.731006 0.000077 -0.000022 0.000006 0.007118 0.093129 -0.039811 0.725669 -3.655594 -10.630668 -0.727348 3.855939 -10.662022 -2.976103 -9.981385 7.599083 -48.265785 -52.733555 -4.037159 -179.557358 -54.828796 -179.545837 0.420689 2.249548 -9.508200 -5.882102 9.861276 0.702589 -10.936857 -0.360574 7.156197 0.000001 8.774811 -0.000001 -16.490358 18.442873 5.794572 -1.844031 2.498501 -2.507275 -10.163589 4.678939 4.621103 -20.975994 -0.000004 0.000001 -21.226250 2.451692 -3.593992 0.000000 -0.000006 -0.000001 -1.362683 2.240797 -0.746324 -21.334892 0.584908 3.008320 -13.821197 -0.000002 0.000003 -23.887131 -0.249079 -0.839481 -61.952919 2.262742 -1.581296 -0.294025 1.679686 0.833256 -14.218190 0.093213 1.300579 -34.211998 -0.287564 0.967170 -20.033175 0.964534 1.212842 -0.000000 0.000001 -0.000001 -3.440386 0.788232 0.501655 -15.928167 -3.167306 2.999704 -6.338817 -0.000001 0.000000 -18.123413 3.648175 -4.905660 -0.000004 -0.000000 -0.000001 1.811553 14.085083 3.260922 29.469172 35.020290 -33.004627 179.787735 56.679939 179.607224 -4.866852 5.341717 -10.277542 2.243539 -5.255031 -3.180155 14.282875 -0.826594 6.952496 -0.000002 -12.690592 0.000001 16.383711 -17.264654 2.694915 1.665664 -1.955920 -2.878296 4.727792 -4.170583 4.993919 11.020513 0.000004 -0.000001 12.109030 -3.735708 -2.866779 0.000001 -0.000000 0.000000 1.291984 -1.928547 -1.498087 14.800111 0.567467 3.865602 14.242554 -1.341735 -6.660649 19.631939 0.143926 -0.648244 50.442448 -0.824925 -6.129725 0.353029 -1.511149 -0.031940 20.222771 3.684306 2.316628 18.787245 0.000003 -0.000000 10.751611 -0.479868 1.397904 -0.000000 0.000000 -0.000000 3.273803 0.305947 -0.580111 21.486790 11.830361 2.266129 8.162916 0.000001 -0.000001 18.399054 -3.798980 -4.940567 0.000003 -0.000000 -0.000001 30.696344 17.030180 -4.507323 -0.303501 -2.206591 21.546860 -11.885467 8.607112 2.499222 1.847681 -2.051960 -3.511923 0.000000 0.000001 0.000001 -31.078199 -27.216784 -19.579836 1.188213 1.547539 31.104530 27.787134 1.356386 2.196681 -1.480472 0.855837 1.074549 0.000000 0.000001 -0.000001 
30.004189 88.886688 5.531909 3.683638 3.465722 0.828238 -0.856688 -0.495713 3.022350 -0.595341 -1.276037 -3.116580 -1.319791 -4.169719 9.498838 7.778533 -0.365112 5.713699 -3.571285 -9.700418 -3.439756 0.599846 -13.438477 -11.132129 0.000077 -0.000023 0.000006 -0.008661 0.074890 -0.050423 0.722788 -3.678598 -10.664480 -0.754326 3.831384 -10.697363 -1.654827 -10.395353 7.267374 -49.857037 -51.528118 -2.931326 -179.230759 -55.408306 179.541412 0.106641 2.310394 -9.667879 -5.882101 9.861279 0.702590 -10.936856 -0.360576 7.156197 0.000001 8.774815 -0.000002 -16.260853 18.494101 5.884174 -1.844030 2.498502 -2.507275 -10.163589 4.678938 4.621104 -20.975994 -0.000004 0.000002 -21.226250 2.451692 -3.593995 0.000000 -0.000006 -0.000001 -1.362680 2.240796 -0.746324 -21.334887 0.584907 3.008318 -13.821197 -0.000004 0.000001 -23.887129 -0.249080 -0.839480 -61.590908 2.224853 -1.480269 -0.294024 1.679686 0.833255 -14.218192 0.093214 1.300578 -34.212002 -0.287566 0.967169 -20.033178 0.964534 1.212842 0.000000 0.000002 0.000000 -3.440384 0.788233 0.501655 -15.928167 -3.167306 2.999702 -6.338817 -0.000001 0.000000 -18.123415 3.648175 -4.905662 -0.000004 0.000001 -0.000003 1.252001 13.470495 3.021616 32.016197 34.414055 -31.060318 -179.618195 55.240208 179.653290 -4.199675 5.009063 -9.127040 2.243540 -5.255032 -3.180155 14.282877 -0.826595 6.952496 -0.000002 -12.690591 0.000001 16.169935 -17.267086 2.650928 1.665665 -1.955920 -2.878297 4.727795 -4.170585 4.993919 11.020512 0.000004 -0.000001 12.109033 -3.735708 -2.866778 0.000002 -0.000000 0.000000 1.291982 -1.928548 -1.498088 14.800114 0.567466 3.865604 14.242553 -1.341735 -6.660648 19.631937 0.143926 -0.648244 50.207584 -0.760919 -6.110575 0.353028 -1.511149 -0.031940 20.222769 3.684306 2.316628 18.787245 0.000005 0.000000 10.751608 -0.479868 1.397904 -0.000001 0.000000 0.000000 3.273804 0.305947 -0.580110 21.486790 11.830361 2.266130 8.162916 0.000001 -0.000000 18.399054 -3.798980 -4.940568 0.000004 -0.000000 -0.000001 29.621897 19.470282 -4.749897 -0.494648 -2.293846 20.041527 -17.482227 4.767294 5.518796 1.776006 -1.931265 -3.317403 -0.000001 0.000000 0.000002 -33.453621 -24.654024 -15.231132 0.788443 1.689928 20.599916 26.767130 -5.849553 8.895457 -1.466806 0.947824 0.575318 -0.000000 -0.000000 -0.000001 
35.026215 88.878113 5.176419 3.521669 2.933675 0.838315 -1.184106 -0.305827 2.711690 -0.501515 -1.516076 -3.110947 -1.340169 -3.998317 9.016158 8.517916 -1.033683 6.457827 -3.759478 -9.717367 -3.342534 0.772042 -13.171098 -9.186180 0.000077 -0.000022 0.000006 -0.012179 0.055866 -0.032327 0.696445 -3.700647 -10.639948 -0.735196 3.814008 -10.663053 -0.780513 -10.668297 6.603981 -50.459084 -51.119205 -2.477659 -179.033081 -56.511898 179.094101 0.140897 2.525274 -10.320139 -5.882103 9.861280 0.702590 -10.936858 -0.360573 7.156196 -0.000001 8.774813 -0.000003 -15.956700 18.530031 6.030327 -1.844030 2.498501 -2.507273 -10.163589 4.678941 4.621106 -20.975994 -0.000001 0.000003 -21.226250 2.451694 -3.593993 0.000000 -0.000006 -0.000001 -1.362679 2.240797 -0.746323 -21.334892 0.584910 3.008322 -13.821197 -0.000001 0.000001 -23.887129 -0.249074 -0.839480 -61.172462 2.221739 -1.445168 -0.294026 1.679686 0.833256 -14.218190 0.093215 1.300581 -34.212002 -0.287560 0.967170 -20.033176 0.964537 1.212842 -0.000000 0.000001 -0.000000 -3.440387 0.788233 0.501657 -15.928167 -3.167306 2.999705 -6.338815 -0.000001 0.000001 -18.123413 3.648178 -4.905660 -0.000004 0.000001 -0.000003 1.278087 12.922296 3.162741 32.892696 33.970490 -30.547125 -179.312317 54.514969 179.831528 -3.738777 4.782390 -9.139110 2.243540 -5.255033 -3.180155 14.282875 -0.826593 6.952495 -0.000003 -12.690593 0.000001 16.263021 -17.128181 2.512967 1.665664 -1.955920 -2.878297 4.727793 -4.170584 4.993918 11.020511 0.000004 -0.000001 12.109030 -3.735710 -2.866780 0.000001 0.000001 0.000000 1.291983 -1.928549 -1.498088 14.800113 0.567469 3.865603 14.242550 -1.341734 -6.660649 19.631937 0.143928 -0.648242 50.215115 -0.750080 -5.983815 0.353028 -1.511149 -0.031940 20.222763 3.684309 2.316627 18.787243 0.000006 -0.000000 10.751610 -0.479868 1.397904 0.000000 0.000000 0.000000 3.273807 0.305947 -0.580110 21.486788 11.830363 2.266129 8.162916 0.000002 -0.000000 18.399050 -3.798978 -4.940567 0.000003 0.000000 -0.000001 29.008799 22.926399 -4.329577 -0.696378 -2.247557 20.408388 -26.372620 1.012542 3.514699 1.734165 -1.931582 -2.416890 -0.000000 0.000001 0.000002 -34.587845 -22.813940 -14.037196 0.414029 1.871610 15.647556 20.835081 -11.767826 14.780853 -1.465543 0.856088 0.833275 0.000000 -0.000001 -0.000001 
39.710098 88.267113 4.239594 3.354941 1.766133 -0.151763 -1.518006 -0.030941 3.559952 -0.479160 -1.692480 -2.770940 -1.448158 -3.920264 8.890257 8.941425 -1.227532 6.853128 -3.675588 -9.484215 -3.381721 1.160834 -12.620626 -8.610752 0.000077 -0.000023 0.000006 -0.002395 -0.037639 -0.018254 0.698009 -3.825378 -10.698702 -0.718362 3.753936 -10.694777 -0.677841 -10.740782 6.114304 -47.588379 -52.050179 -4.462679 -179.875748 -57.837124 179.461243 0.343052 2.182171 -10.537477 -5.882101 9.861279 0.702589 -10.936858 -0.360575 7.156196 -0.000000 8.774815 -0.000001 -16.045637 18.500763 6.017622 -1.844031 2.498503 -2.507277 -10.163589 4.678938 4.621102 -20.975996 -0.000005 0.000001 -21.226254 2.451691 -3.593995 0.000000 -0.000006 -0.000000 -1.362682 2.240797 -0.746323 -21.334892 0.584908 3.008321 -13.821197 -0.000004 0.000002 -23.887131 -0.249078 -0.839480 -60.602215 2.134834 -1.611606 -0.294024 1.679685 0.833254 -14.218194 0.093214 1.300580 -34.212002 -0.287564 0.967172 -20.033180 0.964535 1.212844 0.000001 0.000002 0.000001 -3.440386 0.788232 0.501656 -15.928169 -3.167307 2.999704 -6.338818 -0.000001 0.000000 -18.123411 3.648176 -4.905664 -0.000004 0.000000 -0.000003 1.847516 12.767576 3.273262 31.151556 34.246380 -32.476627 -179.495255 54.789551 -179.872437 -3.848529 4.533059 -10.850427 2.243541 -5.255032 -3.180155 14.282875 -0.826592 6.952496 -0.000002 -12.690587 -0.000001 16.159153 -17.248024 2.418602 1.665664 -1.955919 -2.878297 4.727791 -4.170582 4.993917 11.020513 0.000004 -0.000000 12.109031 -3.735709 -2.866778 0.000001 -0.000000 0.000001 1.291984 -1.928548 -1.498088 14.800114 0.567469 3.865604 14.242554 -1.341733 -6.660648 19.631941 0.143927 -0.648243 49.994858 -0.751416 -6.175615 0.353028 -1.511149 -0.031941 20.222773 3.684306 2.316628 18.787245 0.000006 0.000000 10.751612 -0.479867 1.397904 -0.000000 0.000000 -0.000000 3.273803 0.305947 -0.580110 21.486792 11.830361 2.266130 8.162917 0.000002 -0.000000 18.399055 -3.798977 -4.940567 0.000004 -0.000000 -0.000001 28.528664 26.870216 -4.520056 -0.971230 -1.957458 25.244606 -30.469011 -3.866615 -2.547112 1.671913 -1.949645 -0.615985 -0.000000 0.000000 0.000002 -34.296795 -24.354883 -17.256004 0.640468 1.940701 21.654766 17.071634 -10.262599 13.571753 -1.492279 0.818815 1.203351 0.000000 0.000001 -0.000002 
43.758778 87.491493 2.759674 3.221939 1.065267 -1.576848 -1.878551 0.001145 5.173774 -0.585842 -1.610444 -2.292271 -1.911411 -4.008346 9.489381 9.627283 -1.460853 6.656430 -3.421742 -8.807612 -3.472435 1.588721 -12.458276 -9.726430 0.000077 -0.000022 0.000006 0.001649 -0.062577 -0.010850 0.707920 -3.861232 -10.787609 -0.721592 3.743629 -10.779062 -0.872141 -10.916559 6.088621 -41.888535 -53.913593 -9.198873 -179.887955 -58.876400 179.586609 0.431264 1.356629 -9.955175 -5.882101 9.861279 0.702590 -10.936857 -0.360574 7.156197 0.000000 8.774814 -0.000001 -16.358561 18.475639 5.940794 -1.844029 2.498503 -2.507277 -10.163589 4.678940 4.621105 -20.975996 -0.000003 0.000003 -21.226254 2.451694 -3.593991 0.000000 -0.000006 -0.000001 -1.362680 2.240797 -0.746322 -21.334887 0.584908 3.008321 -13.821197 -0.000003 0.000004 -23.887133 -0.249079 -0.839480 -60.690319 2.105002 -1.663612 -0.294026 1.679685 0.833256 -14.218194 0.093214 1.300579 -34.211998 -0.287563 0.967171 -20.033180 0.964536 1.212842 0.000001 0.000001 -0.000001 -3.440384 0.788232 0.501655 -15.928167 -3.167307 2.999702 -6.338818 -0.000002 0.000002 -18.123411 3.648177 -4.905660 -0.000004 0.000000 -0.000003 3.034605 12.530711 3.548154 28.022490 34.782448 -35.419872 -179.272888 55.762913 -179.432007 -4.654160 4.591433 -12.790720 2.243538 -5.255033 -3.180156 14.282877 -0.826594 6.952496 -0.000001 -12.690588 -0.000000 16.267117 -17.469746 2.572027 1.665666 -1.955919 -2.878296 4.727796 -4.170582 4.993919 11.020512 0.000004 -0.000002 12.109032 -3.735708 -2.866780 0.000001 -0.000000 0.000001 1.291983 -1.928548 -1.498089 14.800113 0.567468 3.865603 14.242553 -1.341736 -6.660649 19.631941 0.143926 -0.648245 50.471386 -0.794132 -6.223029 0.353028 -1.511148 -0.031940 20.222765 3.684305 2.316627 18.787247 0.000004 -0.000001 10.751610 -0.479867 1.397904 -0.000000 0.000000 0.000000 3.273804 0.305947 -0.580110 21.486790 11.830363 2.266130 8.162916 0.000001 -0.000001 18.399052 -3.798979 -4.940568 0.000004 0.000000 -0.000001 27.222883 29.230701 -7.766350 -0.961464 -1.505958 34.789059 -29.932613 -8.289717 -8.434463 1.594871 -1.784071 0.178147 0.000000 -0.000001 0.000002 -31.804111 -28.637594 -23.189981 1.084163 1.606601 35.424099 16.716835 -4.484550 6.733047 -1.477764 0.875484 0.952060 0.000000 0.000000 -0.000001 
47.334541 86.794884 1.426835 2.542493 0.503464 -2.629468 -1.901210 -0.167054 6.569573 -0.747768 -1.338720 -1.913099 -2.272640 -3.848029 10.286617 10.121632 -1.560468 6.614637 -3.194866 -8.250288 -3.506324 2.045064 -12.286361 -11.290085 0.000077 -0.000022 0.000006 -0.001696 0.025008 -0.015969 0.696859 -3.752415 -10.773557 -0.720569 3.812088 -10.773591 -0.260986 -11.087649 6.057410 -37.749825 -55.629871 -13.325028 179.978653 -59.357300 179.818756 0.061098 1.136105 -8.817494 -5.882101 9.861278 0.702589 -10.936857 -0.360576 7.156197 -0.000000 8.774812 -0.000001 -16.348959 18.650877 5.950321 -1.844032 2.498501 -2.507275 -10.163589 4.678938 4.621103 -20.975992 -0.000004 0.000003 -21.226248 2.451691 -3.593993 0.000000 -0.000006 -0.000000 -1.362681 2.240795 -0.746322 -21.334887 0.584908 3.008318 -13.821197 -0.000002 0.000002 -23.887129 -0.249078 -0.839481 -60.688686 2.164983 -1.498224 -0.294024 1.679686 0.833255 -14.218190 0.093215 1.300581 -34.211998 -0.287564 0.967170 -20.033175 0.964535 1.212843 -0.000000 0.000001 -0.000000 -3.440384 0.788232 0.501655 -15.928169 -3.167306 2.999704 -6.338816 -0.000001 0.000000 -18.123413 3.648176 -4.905662 -0.000004 0.000000 -0.000002 3.069350 12.450703 3.937356 26.601490 34.944309 -37.886127 -179.363907 56.848392 -179.134995 -5.509624 4.561584 -13.593823 2.243539 -5.255031 -3.180155 14.282873 -0.826594 6.952496 -0.000002 -12.690587 0.000000 16.197838 -17.512159 2.875923 1.665665 -1.955920 -2.878297 4.727793 -4.170583 4.993918 11.020511 0.000004 -0.000001 12.109032 -3.735708 -2.866780 0.000002 0.000001 0.000000 1.291985 -1.928546 -1.498088 14.800107 0.567468 3.865602 14.242553 -1.341734 -6.660650 19.631937 0.143925 -0.648246 51.008545 -0.859258 -6.081095 0.353029 -1.511149 -0.031940 20.222767 3.684305 2.316628 18.787245 0.000004 -0.000002 10.751610 -0.479869 1.397904 -0.000001 0.000000 -0.000000 3.273804 0.305947 -0.580110 21.486788 11.830362 2.266130 8.162918 0.000001 -0.000000 18.399052 -3.798980 -4.940567 0.000004 0.000000 -0.000000 26.226118 29.457499 -11.035599 -0.866180 -1.125663 43.069756 -28.102499 -10.199132 -12.593551 1.581360 -1.711491 0.617757 0.000000 0.000001 0.000002 -26.839760 -31.814341 -29.531349 1.170309 1.118204 49.278206 14.660179 -0.652092 -0.956720 -1.461443 0.881972 0.715765 0.000000 0.000001 -0.000001 
50.466110 86.497360 0.302623 1.750388 0.070439 -3.090842 -1.883284 -0.249200 7.498913 -0.904930 -1.180932 -1.712948 -2.373415 -3.549981 10.853169 10.181243 -1.589387 6.896314 -3.122545 -7.814445 -3.438510 2.490760 -11.993621 -12.345932 0.000077 -0.000023 0.000006 -0.007304 0.062041 -0.039171 0.678528 -3.686676 -10.743243 -0.713682 3.829479 -10.747931 0.463848 -11.214533 5.897372 -36.015034 -56.996941 -16.068371 -179.873886 -59.091564 179.699371 -0.144871 1.281278 -8.637566 -5.882102 9.861279 0.702590 -10.936858 -0.360576 7.156198 -0.000000 8.774815 -0.000002 -16.259628 18.687119 5.864872 -1.844029 2.498503 -2.507276 -10.163591 4.678940 4.621103 -20.975992 -0.000003 0.000004 -21.226250 2.451694 -3.593993 0.000000 -0.000006 0.000000 -1.362680 2.240797 -0.746324 -21.334890 0.584909 3.008320 -13.821197 -0.000002 0.000002 -23.887131 -0.249078 -0.839481 -60.485241 2.149286 -1.445631 -0.294025 1.679687 0.833256 -14.218192 0.093214 1.300579 -34.212006 -0.287563 0.967169 -20.033178 0.964535 1.212843 0.000001 -0.000000 0.000001 -3.440384 0.788233 0.501655 -15.928169 -3.167308 2.999703 -6.338819 -0.000001 0.000002 -18.123415 3.648177 -4.905661 -0.000004 0.000000 -0.000003 2.566629 12.614115 4.159286 26.904982 34.920868 -38.523083 -179.483154 57.540974 -179.200409 -5.976091 4.766092 -13.647131 2.243540 -5.255033 -3.180156 14.282877 -0.826594 6.952493 0.000001 -12.690585 0.000000 16.012859 -17.469967 3.026774 1.665666 -1.955920 -2.878296 4.727793 -4.170583 4.993917 11.020514 0.000004 -0.000001 12.109033 -3.735711 -2.866779 -0.000000 0.000001 0.000000 1.291983 -1.928547 -1.498088 14.800114 0.567467 3.865602 14.242556 -1.341735 -6.660650 19.631939 0.143925 -0.648246 51.042732 -0.923364 -5.977116 0.353028 -1.511149 -0.031941 20.222767 3.684304 2.316627 18.787241 0.000004 -0.000003 10.751610 -0.479868 1.397903 -0.000000 -0.000000 -0.000000 3.273803 0.305946 -0.580111 21.486788 11.830359 2.266129 8.162916 0.000001 -0.000001 18.399052 -3.798978 -4.940570 0.000004 0.000000 -0.000000 24.886539 28.958242 -13.689133 -0.722657 -0.902942 48.435719 -26.186678 -10.673731 -15.785111 1.579157 -1.673459 0.782654 0.000000 -0.000001 0.000002 -20.557632 -33.557308 -34.778236 0.909081 0.645029 59.156025 12.828945 1.192774 -6.732188 -1.457679 0.890516 0.446351 0.000000 0.000000 -0.000001 
53.050255 86.598534 -0.512743 1.525678 -0.160691 -2.938911 -2.081105 -0.320531 8.001092 -1.062408 -1.067526 -1.585778 -2.571053 -3.292505 11.012392 10.040353 -1.568692 7.096315 -3.112369 -7.523011 -3.401327 2.870419 -11.639662 -12.802175 0.000077 -0.000023 0.000006 -0.009626 0.048732 -0.067114 0.672180 -3.700838 -10.747019 -0.709938 3.796140 -10.749025 0.984422 -11.336343 5.634444 -35.684963 -57.871460 -17.465929 -179.693268 -58.317608 179.552185 0.167067 1.456409 -9.013561 -5.882102 9.861278 0.702590 -10.936858 -0.360576 7.156198 0.000001 8.774813 -0.000002 -16.258707 18.637968 5.812793 -1.844032 2.498502 -2.507277 -10.163589 4.678939 4.621104 -20.975998 -0.000006 0.000005 -21.226255 2.451692 -3.593992 0.000000 -0.000006 -0.000000 -1.362681 2.240795 -0.746322 -21.334890 0.584907 3.008322 -13.821197 -0.000003 0.000002 -23.887131 -0.249080 -0.839481 -60.330681 2.133541 -1.493247 -0.294026 1.679687 0.833255 -14.218192 0.093213 1.300579 -34.212002 -0.287566 0.967170 -20.033178 0.964533 1.212842 -0.000000 0.000001 -0.000000 -3.440387 0.788232 0.501654 -15.928171 -3.167307 2.999703 -6.338818 -0.000001 0.000002 -18.123413 3.648175 -4.905661 -0.000004 0.000000 -0.000003 2.262656 12.876575 4.220263 27.720959 35.244518 -37.897816 -179.568771 57.615513 -179.399292 -5.928574 5.226876 -13.768226 2.243537 -5.255032 -3.180155 14.282875 -0.826595 6.952495 -0.000001 -12.690591 0.000000 15.944017 -17.407967 3.026011 1.665665 -1.955919 -2.878297 4.727793 -4.170584 4.993918 11.020511 0.000004 -0.000002 12.109030 -3.735709 -2.866780 0.000001 0.000001 0.000001 1.291983 -1.928546 -1.498088 14.800111 0.567469 3.865602 14.242553 -1.341733 -6.660650 19.631941 0.143929 -0.648243 50.740711 -0.973239 -6.010200 0.353030 -1.511150 -0.031940 20.222767 3.684307 2.316627 18.787245 0.000006 -0.000001 10.751610 -0.479867 1.397904 0.000000 0.000000 0.000000 3.273803 0.305947 -0.580111 21.486794 11.830364 2.266130 8.162918 0.000002 -0.000001 18.399054 -3.798979 -4.940567 0.000003 -0.000000 -0.000002 22.782192 28.372561 -15.713372 -0.601024 -0.697794 51.135071 -24.445065 -10.385310 -18.074495 1.583790 -1.707183 0.760413 0.000000 0.000000 0.000002 -14.862698 -34.422295 -38.402012 0.576626 0.300770 63.158592 11.544839 2.662818 -10.038915 -1.464842 0.905261 -0.093270 0.000000 0.000000 -0.000001 
55.243706 86.987228 -1.054463 1.709359 -0.076662 -2.497727 -2.249191 -0.367616 8.271798 -1.160497 -0.987425 -1.498418 -2.850931 -3.153710 10.921436 9.643422 -1.387797 7.181569 -3.063162 -7.411799 -3.420202 3.069915 -11.411149 -13.152852 0.000077 -0.000022 0.000006 -0.006844 0.035564 -0.079972 0.677863 -3.707701 -10.776785 -0.708931 3.789321 -10.781907 1.265247 -11.404180 5.438819 -35.785667 -58.475452 -17.994991 -179.775131 -57.630833 179.637466 0.614762 1.488701 -9.123165 -5.882099 9.861278 0.702590 -10.936858 -0.360574 7.156198 -0.000000 8.774814 -0.000000 -16.179899 18.574665 5.882880 -1.844034 2.498503 -2.507276 -10.163589 4.678940 4.621104 -20.975998 -0.000004 0.000003 -21.226255 2.451692 -3.593995 0.000000 -0.000006 -0.000000 -1.362682 2.240796 -0.746323 -21.334896 0.584907 3.008320 -13.821195 -0.000003 0.000001 -23.887129 -0.249080 -0.839481 -60.220158 2.161710 -1.580265 -0.294024 1.679687 0.833254 -14.218194 0.093215 1.300578 -34.212002 -0.287564 0.967169 -20.033178 0.964533 1.212842 0.000000 0.000002 0.000000 -3.440385 0.788233 0.501656 -15.928169 -3.167305 2.999703 -6.338817 -0.000003 0.000001 -18.123415 3.648175 -4.905662 -0.000004 -0.000001 -0.000002 1.868254 13.187148 4.244238 28.443533 35.863945 -37.046219 -179.430008 57.408325 -179.582672 -5.643229 5.639699 -13.644344 2.243539 -5.255033 -3.180156 14.282877 -0.826594 6.952495 -0.000005 -12.690593 0.000001 15.949284 -17.362246 2.914567 1.665664 -1.955921 -2.878297 4.727791 -4.170583 4.993918 11.020513 0.000003 -0.000002 12.109032 -3.735707 -2.866779 -0.000000 0.000001 -0.000000 1.291984 -1.928549 -1.498088 14.800113 0.567469 3.865602 14.242554 -1.341732 -6.660649 19.631939 0.143927 -0.648242 50.385967 -0.981552 -6.173244 0.353030 -1.511148 -0.031939 20.222771 3.684306 2.316628 18.787245 0.000005 -0.000000 10.751610 -0.479867 1.397904 0.000000 0.000000 0.000000 3.273805 0.305947 -0.580110 21.486792 11.830365 2.266129 8.162916 0.000002 -0.000000 18.399052 -3.798978 -4.940567 0.000003 0.000000 -0.000001 20.273651 27.799597 -17.289921 -0.516392 -0.570265 52.243160 -22.825426 -9.882890 -19.502089 1.590509 -1.778498 0.644288 0.000000 0.000001 0.000002 -10.969128 -34.478050 -40.149681 0.352642 0.087082 62.019775 9.742006 3.339210 -11.325319 -1.462290 0.869728 -0.561404 0.000000 -0.000001 -0.000001 
57.034653 87.476768 -1.407408 2.038968 0.391860 -2.037213 -2.304023 -0.376323 8.372154 -1.167854 -0.959864 -1.460311 -3.120091 -3.115275 10.821112 9.189152 -1.172402 7.167638 -3.038071 -7.532205 -3.443408 3.137825 -11.414955 -13.446603 0.000077 -0.000023 0.000006 -0.003545 0.054569 -0.067818 0.683478 -3.693295 -10.770380 -0.705493 3.809259 -10.780509 1.355695 -11.575501 5.277789 -36.027657 -58.904388 -17.593729 179.643494 -57.283924 179.986115 0.999389 1.506556 -8.578634 -5.882098 9.861279 0.702590 -10.936858 -0.360575 7.156198 0.000000 8.774813 -0.000002 -16.009632 18.472689 6.016150 -1.844029 2.498502 -2.507275 -10.163586 4.678939 4.621105 -20.975992 -0.000005 0.000004 -21.226248 2.451691 -3.593991 0.000001 -0.000005 -0.000000 -1.362680 2.240796 -0.746322 -21.334885 0.584906 3.008321 -13.821193 -0.000003 0.000003 -23.887125 -0.249079 -0.839480 -60.164730 2.221167 -1.625954 -0.294024 1.679688 0.833255 -14.218190 0.093213 1.300580 -34.211998 -0.287566 0.967173 -20.033175 0.964534 1.212843 0.000001 0.000001 0.000000 -3.440386 0.788233 0.501653 -15.928169 -3.167308 2.999704 -6.338818 -0.000002 0.000002 -18.123411 3.648176 -4.905660 -0.000004 -0.000000 -0.000002 1.453615 13.341538 4.220248 28.716320 36.679420 -36.407581 -179.227859 57.383095 -179.637711 -5.459777 5.893556 -13.359241 2.243540 -5.255033 -3.180155 14.282871 -0.826593 6.952494 -0.000001 -12.690588 0.000002 15.928046 -17.325413 2.807762 1.665664 -1.955920 -2.878297 4.727791 -4.170584 4.993918 11.020510 0.000004 -0.000002 12.109030 -3.735708 -2.866781 0.000001 0.000000 -0.000000 1.291984 -1.928548 -1.498088 14.800111 0.567468 3.865602 14.242551 -1.341733 -6.660650 19.631935 0.143928 -0.648245 49.943233 -0.983853 -6.216538 0.353029 -1.511149 -0.031939 20.222763 3.684307 2.316626 18.787245 0.000005 -0.000001 10.751608 -0.479867 1.397903 0.000000 -0.000001 -0.000000 3.273803 0.305947 -0.580110 21.486788 11.830364 2.266129 8.162916 0.000002 -0.000001 18.399048 -3.798979 -4.940567 0.000003 0.000000 -0.000001 17.886852 27.061188 -18.422375 -0.464373 -0.428209 52.337399 -21.278648 -9.501146 -20.460339 1.603151 -1.840373 0.501481 0.000000 -0.000000 0.000002 -9.299672 -33.841251 -40.034267 0.221930 -0.027810 58.044712 7.061761 2.778673 -10.866573 -1.465271 0.796783 -0.851624 -0.000000 -0.000000 -0.000001 
58.443672 88.003983 -1.585213 2.277771 1.162769 -1.741427 -2.209388 -0.289756 8.472929 -1.141356 -0.965480 -1.465992 -3.218610 -3.178455 10.724998 8.774702 -0.946001 7.169961 -2.959445 -8.034614 -3.400712 3.163953 -11.403331 -14.081008 0.000077 -0.000023 0.000006 -0.003861 0.010959 -0.037462 0.679736 -3.727839 -10.721381 -0.703054 3.750813 -10.718680 1.509210 -11.648853 5.121706 -36.775806 -59.400036 -16.556147 179.095993 -57.278584 -179.865311 1.183805 1.762106 -7.921713 -5.882103 9.861279 0.702590 -10.936858 -0.360575 7.156198 0.000000 8.774815 -0.000001 -15.982362 18.575333 5.971254 -1.844031 2.498503 -2.507276 -10.163589 4.678940 4.621104 -20.975996 -0.000003 0.000003 -21.226250 2.451694 -3.593995 0.000000 -0.000006 0.000001 -1.362681 2.240796 -0.746323 -21.334892 0.584909 3.008321 -13.821197 -0.000002 0.000001 -23.887131 -0.249078 -0.839481 -60.278446 2.268547 -1.571322 -0.294027 1.679687 0.833256 -14.218194 0.093215 1.300579 -34.212006 -0.287564 0.967167 -20.033180 0.964534 1.212840 0.000000 0.000000 0.000000 -3.440385 0.788232 0.501654 -15.928169 -3.167306 2.999703 -6.338816 -0.000001 0.000001 -18.123411 3.648177 -4.905663 -0.000004 -0.000000 -0.000003 0.908673 13.338494 3.919494 28.869165 37.077988 -36.094662 -179.369217 57.581833 -179.647415 -5.522274 6.202215 -12.915004 2.243540 -5.255030 -3.180155 14.282877 -0.826593 6.952496 -0.000001 -12.690587 0.000001 16.156866 -17.462664 2.686303 1.665667 -1.955920 -2.878296 4.727792 -4.170585 4.993918 11.020513 0.000003 -0.000001 12.109034 -3.735708 -2.866779 0.000000 -0.000000 0.000001 1.291984 -1.928548 -1.498088 14.800113 0.567469 3.865605 14.242551 -1.341735 -6.660647 19.631939 0.143925 -0.648242 49.861477 -0.865226 -6.180220 0.353030 -1.511148 -0.031940 20.222769 3.684306 2.316629 18.787245 0.000005 0.000001 10.751610 -0.479868 1.397905 0.000000 -0.000000 -0.000000 3.273804 0.305947 -0.580110 21.486795 11.830361 2.266132 8.162915 0.000001 0.000000 18.399052 -3.798979 -4.940566 0.000003 0.000000 -0.000001 16.026299 26.117659 -19.136833 -0.436719 -0.315863 52.055676 -19.884413 -9.395493 -20.784714 1.624192 -1.821873 0.341162 0.000000 0.000000 0.000002 -9.853912 -32.331326 -38.475842 0.104581 0.003961 53.883175 5.464113 0.925466 -9.788705 -1.442036 0.834628 -0.323401 0.000000 0.000000 -0.000001 
59.450157 88.483719 -1.676083 2.302795 1.936560 -1.616684 -2.072236 -0.214130 8.467256 -1.074579 -0.958120 -1.471748 -3.159570 -3.197006 10.743481 8.391457 -0.873819 7.081634 -2.884761 -8.241547 -3.308569 3.079176 -11.558393 -14.530830 0.000077 -0.000022 0.000006 -0.002562 0.012091 -0.022436 0.690018 -3.735643 -10.699961 -0.709751 3.761585 -10.695477 1.430418 -11.673588 5.194943 -37.236267 -59.983257 -15.806713 178.958694 -57.425537 -179.596420 1.427784 1.870139 -7.782786 -5.882099 9.861279 0.702590 -10.936860 -0.360574 7.156196 0.000000 8.774815 -0.000003 -15.878726 18.573278 6.059066 -1.844030 2.498501 -2.507275 -10.163589 4.678940 4.621103 -20.975996 -0.000003 0.000004 -21.226254 2.451694 -3.593994 0.000000 -0.000005 -0.000001 -1.362681 2.240798 -0.746324 -21.334892 0.584909 3.008322 -13.821197 -0.000002 0.000002 -23.887131 -0.249076 -0.839480 -60.269875 2.279516 -1.566133 -0.294024 1.679686 0.833255 -14.218195 0.093215 1.300579 -34.211998 -0.287562 0.967172 -20.033176 0.964535 1.212842 0.000000 0.000002 -0.000000 -3.440386 0.788234 0.501656 -15.928167 -3.167306 2.999706 -6.338815 -0.000000 0.000003 -18.123413 3.648176 -4.905663 -0.000004 0.000000 -0.000001 0.486033 13.280100 3.720980 28.430681 37.227955 -36.514244 -179.630585 58.075409 -179.667389 -5.644290 6.282177 -12.993011 2.243539 -5.255033 -3.180156 14.282879 -0.826593 6.952496 0.000002 -12.690592 -0.000001 16.145958 -17.496180 2.674921 1.665665 -1.955920 -2.878297 4.727790 -4.170583 4.993917 11.020512 0.000003 -0.000000 12.109031 -3.735710 -2.866781 -0.000001 0.000000 0.000001 1.291986 -1.928546 -1.498087 14.800114 0.567467 3.865602 14.242554 -1.341736 -6.660649 19.631939 0.143924 -0.648245 49.897629 -0.800138 -6.218974 0.353030 -1.511149 -0.031940 20.222767 3.684304 2.316627 18.787247 0.000003 -0.000001 10.751610 -0.479868 1.397903 0.000000 -0.000000 -0.000000 3.273805 0.305947 -0.580110 21.486790 11.830360 2.266131 8.162916 0.000001 0.000000 18.399054 -3.798979 -4.940569 0.000003 0.000000 -0.000001 14.832044 25.336493 -19.404724 -0.437704 -0.355397 51.438046 -18.905193 -9.328403 -20.965807 1.626261 -1.836178 0.212422 0.000000 0.000001 0.000002 -10.900782 -31.634521 -37.265949 0.105800 0.128576 51.974022 6.163332 0.351676 -8.692435 -1.440676 0.855389 -0.175313 -0.000000 -0.000000 -0.000001 
60.279839 88.993523 -1.636429 2.212076 2.694181 -1.534658 -1.966780 -0.184391 8.359554 -1.005845 -0.933505 -1.509544 -3.015820 -3.201541 10.776136 8.143194 -0.910008 7.109516 -2.869315 -8.337943 -3.272396 2.975507 -11.679430 -14.807243 0.000077 -0.000022 0.000006 -0.005867 0.030719 -0.012634 0.689079 -3.713730 -10.672230 -0.714386 3.783685 -10.676101 1.380900 -11.775104 5.308699 -37.962910 -60.301605 -15.086806 179.344376 -57.522690 -179.718216 1.774023 1.828553 -7.997010 -5.882103 9.861278 0.702590 -10.936858 -0.360577 7.156197 0.000000 8.774813 -0.000002 -15.898146 18.655098 6.108542 -1.844032 2.498503 -2.507275 -10.163589 4.678937 4.621104 -20.975994 -0.000004 0.000003 -21.226250 2.451693 -3.593992 0.000000 -0.000006 -0.000001 -1.362680 2.240795 -0.746322 -21.334894 0.584909 3.008320 -13.821198 -0.000003 0.000002 -23.887133 -0.249077 -0.839479 -60.354828 2.313097 -1.561500 -0.294026 1.679685 0.833255 -14.218192 0.093214 1.300579 -34.212006 -0.287564 0.967173 -20.033180 0.964534 1.212842 -0.000000 0.000001 0.000000 -3.440386 0.788232 0.501655 -15.928167 -3.167307 2.999704 -6.338819 -0.000001 0.000003 -18.123415 3.648175 -4.905661 -0.000004 -0.000001 -0.000003 0.112391 13.235103 3.534997 27.985723 37.175999 -37.002937 -179.607346 58.609974 -179.515839 -5.602854 6.429306 -13.219012 2.243539 -5.255032 -3.180156 14.282873 -0.826595 6.952494 -0.000001 -12.690585 0.000000 16.127922 -17.520460 2.688241 1.665667 -1.955920 -2.878297 4.727795 -4.170583 4.993918 11.020510 0.000004 -0.000000 12.109031 -3.735709 -2.866779 0.000001 -0.000001 0.000000 1.291986 -1.928549 -1.498088 14.800111 0.567467 3.865603 14.242551 -1.341735 -6.660649 19.631937 0.143925 -0.648246 49.985439 -0.822426 -6.256389 0.353029 -1.511150 -0.031940 20.222765 3.684305 2.316628 18.787245 0.000003 -0.000000 10.751610 -0.479867 1.397904 0.000000 0.000000 0.000000 3.273805 0.305947 -0.580110 21.486790 11.830362 2.266130 8.162916 0.000001 -0.000000 18.399050 -3.798979 -4.940567 0.000003 0.000000 -0.000001 13.963210 24.437445 -19.380224 -0.403317 -0.391628 50.563927 -18.158363 -9.211453 -21.022795 1.624408 -1.830701 0.080181 -0.000000 0.000000 0.000002 -11.688509 -31.628548 -35.892197 0.168882 0.170129 50.019657 7.025284 0.324613 -7.693969 -1.443344 0.849793 -0.056845 -0.000000 -0.000001 -0.000001 
60.781662 89.552643 -1.635779 2.095187 3.378547 -1.407547 -1.882409 -0.178227 8.200561 -0.943013 -0.913258 -1.583398 -2.879020 -3.193819 10.719709 7.975886 -0.968775 7.191110 -2.879869 -8.405697 -3.264584 2.848825 -11.756199 -14.975945 0.000077 -0.000022 0.000006 -0.010869 0.037008 -0.011906 0.687857 -3.714401 -10.663132 -0.722879 3.790295 -10.670072 1.301654 -11.879564 5.381272 -38.931366 -60.343941 -14.123212 179.902008 -57.505184 -179.977417 2.146946 1.704618 -8.339250 -5.882100 9.861279 0.702591 -10.936858 -0.360576 7.156199 -0.000001 8.774814 -0.000002 -15.986567 18.670923 6.109505 -1.844031 2.498504 -2.507276 -10.163589 4.678940 4.621103 -20.975996 -0.000004 0.000003 -21.226255 2.451693 -3.593992 0.000000 -0.000005 -0.000002 -1.362680 2.240797 -0.746324 -21.334896 0.584908 3.008320 -13.821198 -0.000003 0.000003 -23.887131 -0.249078 -0.839480 -60.477013 2.343586 -1.552177 -0.294024 1.679686 0.833256 -14.218194 0.093213 1.300580 -34.212006 -0.287565 0.967172 -20.033182 0.964536 1.212843 -0.000000 0.000001 0.000000 -3.440384 0.788232 0.501655 -15.928167 -3.167307 2.999704 -6.338818 -0.000001 0.000001 -18.123411 3.648177 -4.905659 -0.000004 -0.000000 -0.000003 -0.101350 13.163762 3.444355 27.568062 37.017002 -37.461838 -179.438293 59.060532 -179.284653 -5.545962 6.648672 -13.440299 2.243540 -5.255033 -3.180155 14.282878 -0.826592 6.952496 -0.000001 -12.690591 0.000000 16.107239 -17.540987 2.691018 1.665663 -1.955921 -2.878297 4.727796 -4.170584 4.993919 11.020516 0.000003 -0.000001 12.109035 -3.735708 -2.866781 -0.000001 0.000000 0.000000 1.291985 -1.928547 -1.498088 14.800114 0.567469 3.865604 14.242554 -1.341734 -6.660648 19.631941 0.143926 -0.648244 50.078911 -0.873308 -6.294385 0.353029 -1.511150 -0.031940 20.222773 3.684306 2.316627 18.787249 0.000004 -0.000001 10.751612 -0.479868 1.397903 0.000000 0.000000 0.000000 3.273805 0.305947 -0.580110 21.486790 11.830364 2.266130 8.162918 0.000001 0.000001 18.399054 -3.798980 -4.940568 0.000003 0.000000 -0.000001 13.325418 23.414352 -19.271435 -0.347290 -0.412020 49.375340 -17.625740 -8.897510 -20.740055 1.618600 -1.824229 -0.032341 0.000000 -0.000000 0.000002 -12.074127 -31.827492 -34.654858 0.214037 0.188795 48.039410 7.646153 0.292962 -6.753047 -1.445987 0.849332 0.057053 -0.000000 -0.000000 -0.000001 
61.321705 90.110107 -1.536791 1.983215 3.945064 -1.269190 -1.797807 -0.186919 8.025926 -0.879661 -0.893203 -1.662721 -2.750968 -3.192389 10.654849 7.787222 -0.983241 7.296348 -2.898471 -8.461760 -3.263815 2.748010 -11.827291 -15.096037 0.000077 -0.000022 0.000006 -0.010798 0.043497 -0.012169 0.691778 -3.707191 -10.659616 -0.726398 3.792572 -10.666445 1.190027 -11.923719 5.400491 -39.672306 -60.187939 -13.228921 -179.754837 -57.543919 179.808243 2.527655 1.474886 -8.731017 -5.882103 9.861279 0.702589 -10.936858 -0.360575 7.156198 -0.000002 8.774813 -0.000002 -16.002739 18.668776 6.107851 -1.844030 2.498503 -2.507277 -10.163588 4.678939 4.621102 -20.975992 -0.000004 0.000003 -21.226248 2.451692 -3.593995 0.000000 -0.000006 -0.000002 -1.362678 2.240796 -0.746322 -21.334888 0.584909 3.008322 -13.821194 -0.000003 0.000004 -23.887129 -0.249078 -0.839480 -60.535301 2.358360 -1.548306 -0.294026 1.679687 0.833255 -14.218190 0.093214 1.300580 -34.212002 -0.287563 0.967173 -20.033175 0.964535 1.212843 -0.000000 0.000000 0.000000 -3.440386 0.788233 0.501655 -15.928164 -3.167306 2.999706 -6.338817 -0.000001 0.000002 -18.123411 3.648175 -4.905661 -0.000004 -0.000000 -0.000001 -0.197641 13.138256 3.402272 27.274710 36.806019 -37.940304 -179.361954 59.362469 -179.215698 -5.472333 6.862344 -13.639429 2.243538 -5.255033 -3.180155 14.282877 -0.826593 6.952496 -0.000000 -12.690592 -0.000001 16.173353 -17.503317 2.645880 1.665666 -1.955921 -2.878295 4.727793 -4.170582 4.993918 11.020511 0.000003 0.000000 12.109033 -3.735711 -2.866780 0.000000 -0.000000 0.000001 1.291984 -1.928548 -1.498088 14.800113 0.567468 3.865603 14.242551 -1.341736 -6.660648 19.631939 0.143926 -0.648243 50.129539 -0.879856 -6.305569 0.353030 -1.511150 -0.031940 20.222771 3.684306 2.316630 18.787245 0.000004 0.000000 10.751610 -0.479868 1.397904 0.000000 -0.000000 0.000000 3.273803 0.305946 -0.580110 21.486792 11.830362 2.266133 8.162918 0.000001 -0.000000 18.399052 -3.798978 -4.940567 0.000003 -0.000000 -0.000001 12.718596 22.298557 -19.028839 -0.301716 -0.416849 48.171780 -17.019218 -8.384335 -20.539677 1.614465 -1.830311 -0.157529 0.000000 0.000001 0.000002 -12.461063 -32.060310 -33.374504 0.242547 0.205669 46.001244 8.308978 0.205968 -5.806097 -1.448971 0.835986 0.165476 0.000000 0.000000 -0.000001 
61.887543 90.643280 -1.350876 1.910121 4.381846 -1.120682 -1.699612 -0.223495 7.833486 -0.816024 -0.824575 -1.710308 -2.617668 -3.221263 10.566562 7.570574 -0.918728 7.394718 -2.940339 -8.576463 -3.241715 2.656784 -11.830391 -15.155523 0.000077 -0.000022 0.000006 -0.013137 0.043646 -0.007083 0.694740 -3.697126 -10.661379 -0.734627 3.803030 -10.677853 1.025756 -11.865614 5.479245 -40.445427 -59.897873 -12.229548 -179.623154 -57.555386 179.727509 2.902366 1.222770 -9.128334 -5.882098 9.861277 0.702590 -10.936858 -0.360574 7.156198 0.000000 8.774811 -0.000001 -16.054617 18.649700 6.100721 -1.844032 2.498501 -2.507277 -10.163589 4.678939 4.621102 -20.975996 -0.000004 0.000002 -21.226254 2.451691 -3.593993 0.000000 -0.000006 -0.000000 -1.362680 2.240796 -0.746324 -21.334894 0.584908 3.008318 -13.821197 -0.000003 0.000001 -23.887125 -0.249080 -0.839482 -60.628902 2.377207 -1.555455 -0.294024 1.679687 0.833255 -14.218190 0.093215 1.300579 -34.212002 -0.287566 0.967170 -20.033176 0.964534 1.212842 0.000000 0.000001 0.000000 -3.440386 0.788233 0.501655 -15.928164 -3.167306 2.999703 -6.338817 -0.000001 0.000002 -18.123413 3.648175 -4.905662 -0.000004 -0.000000 -0.000002 -0.221197 13.143627 3.401556 27.093069 36.625305 -38.432026 -179.485092 59.601990 -179.376694 -5.355153 7.019372 -13.825449 2.243539 -5.255033 -3.180155 14.282877 -0.826594 6.952495 -0.000000 -12.690587 0.000001 16.197206 -17.441286 2.622849 1.665666 -1.955921 -2.878296 4.727793 -4.170583 4.993918 11.020511 0.000004 -0.000001 12.109032 -3.735708 -2.866779 0.000000 -0.000000 0.000001 1.291984 -1.928547 -1.498088 14.800114 0.567468 3.865603 14.242553 -1.341735 -6.660648 19.631939 0.143925 -0.648242 50.090584 -0.866269 -6.290245 0.353028 -1.511150 -0.031940 20.222767 3.684307 2.316628 18.787245 0.000005 -0.000000 10.751612 -0.479867 1.397904 0.000000 -0.000000 -0.000000 3.273803 0.305948 -0.580110 21.486792 11.830362 2.266132 8.162917 0.000002 -0.000000 18.399052 -3.798979 -4.940566 0.000003 0.000000 -0.000001 12.128429 21.255041 -18.666479 -0.246333 -0.398231 46.981815 -16.363173 -7.797987 -20.390295 1.614279 -1.840603 -0.293540 -0.000000 0.000001 0.000002 -12.876812 -32.294380 -32.114769 0.254752 0.222090 44.001297 8.915929 0.079888 -4.866267 -1.451221 0.823131 0.278509 -0.000000 -0.000000 -0.000001 
62.290688 91.054672 -1.230237 1.881164 4.664083 -1.001372 -1.592599 -0.248874 7.667383 -0.750986 -0.760370 -1.754239 -2.479388 -3.250372 10.528486 7.342842 -0.824448 7.474976 -2.980146 -8.684231 -3.220199 2.591892 -11.797123 -15.247231 0.000077 -0.000022 0.000006 -0.013877 0.056769 -0.002897 0.696994 -3.698344 -10.652774 -0.731934 3.808836 -10.674493 0.905633 -11.758336 5.567826 -41.212784 -59.510498 -11.271076 -179.706421 -57.557331 179.771744 3.299761 1.016794 -9.452443 -5.882104 9.861282 0.702590 -10.936859 -0.360574 7.156196 0.000000 8.774814 -0.000002 -16.122694 18.666153 6.093126 -1.844031 2.498504 -2.507274 -10.163592 4.678940 4.621101 -20.975996 -0.000004 0.000001 -21.226257 2.451692 -3.593996 0.000000 -0.000006 -0.000002 -1.362682 2.240798 -0.746322 -21.334892 0.584907 3.008318 -13.821198 -0.000003 0.000001 -23.887135 -0.249080 -0.839482 -60.773270 2.389885 -1.570086 -0.294022 1.679685 0.833254 -14.218195 0.093215 1.300579 -34.212009 -0.287562 0.967167 -20.033186 0.964535 1.212841 -0.000000 0.000000 0.000000 -3.440384 0.788232 0.501657 -15.928169 -3.167307 2.999703 -6.338818 -0.000001 0.000002 -18.123415 3.648177 -4.905663 -0.000004 0.000000 -0.000002 -0.246385 13.140150 3.405896 27.065969 36.585361 -38.849072 -179.683304 59.723156 -179.580505 -5.266446 7.078712 -13.858175 2.243539 -5.255033 -3.180155 14.282878 -0.826592 6.952497 -0.000002 -12.690592 0.000001 16.247597 -17.422031 2.615733 1.665665 -1.955919 -2.878297 4.727796 -4.170585 4.993919 11.020513 0.000005 -0.000000 12.109030 -3.735709 -2.866779 0.000000 0.000000 0.000001 1.291985 -1.928547 -1.498088 14.800113 0.567469 3.865604 14.242558 -1.341733 -6.660648 19.631939 0.143927 -0.648242 49.988880 -0.838121 -6.288815 0.353031 -1.511150 -0.031940 20.222769 3.684309 2.316629 18.787247 0.000005 0.000001 10.751612 -0.479868 1.397904 0.000000 0.000000 -0.000000 3.273804 0.305947 -0.580110 21.486794 11.830368 2.266132 8.162916 0.000002 0.000000 18.399054 -3.798979 -4.940566 0.000003 -0.000000 -0.000001 11.656767 20.392836 -18.319820 -0.213796 -0.394539 45.918106 -15.843212 -7.242789 -20.328333 1.615086 -1.863094 -0.397406 0.000000 -0.000000 0.000002 -13.161595 -32.502026 -31.160288 0.269522 0.233934 42.388168 9.356220 -0.066265 -4.132413 -1.450306 0.803271 0.346160 0.000000 0.000001 -0.000001 
62.680824 91.326752 -1.150513 1.911335 4.836071 -0.914924 -1.496590 -0.274049 7.546868 -0.686304 -0.734623 -1.790008 -2.359878 -3.263600 10.528845 7.121171 -0.721688 7.539415 -3.015328 -8.732806 -3.199193 2.564728 -11.767330 -15.370620 0.000077 -0.000023 0.000006 -0.011317 0.044048 0.002006 0.697114 -3.706178 -10.637196 -0.726943 3.804440 -10.666410 0.851712 -11.630766 5.667233 -41.904224 -59.150970 -10.429605 -179.898819 -57.526329 179.924911 3.685422 0.912481 -9.748880 -5.882102 9.861281 0.702590 -10.936860 -0.360576 7.156198 -0.000000 8.774815 -0.000002 -16.153608 18.685467 6.112709 -1.844032 2.498502 -2.507275 -10.163589 4.678939 4.621103 -20.975996 -0.000006 0.000003 -21.226254 2.451691 -3.593994 0.000000 -0.000006 -0.000002 -1.362681 2.240797 -0.746322 -21.334894 0.584908 3.008320 -13.821197 -0.000003 0.000003 -23.887131 -0.249080 -0.839481 -60.875259 2.407513 -1.545640 -0.294023 1.679686 0.833255 -14.218194 0.093213 1.300579 -34.212006 -0.287566 0.967169 -20.033180 0.964534 1.212842 -0.000001 0.000001 -0.000000 -3.440385 0.788232 0.501655 -15.928169 -3.167309 2.999705 -6.338819 -0.000001 0.000001 -18.123415 3.648176 -4.905663 -0.000004 0.000000 -0.000003 -0.286948 13.125592 3.433935 27.072004 36.636391 -39.199810 -179.684586 59.848846 -179.646912 -5.177414 7.089120 -13.797391 2.243541 -5.255033 -3.180155 14.282877 -0.826594 6.952495 -0.000002 -12.690586 0.000001 16.237301 -17.403492 2.659460 1.665663 -1.955919 -2.878296 4.727792 -4.170582 4.993918 11.020514 0.000003 -0.000000 12.109033 -3.735708 -2.866779 -0.000001 0.000001 0.000001 1.291984 -1.928547 -1.498088 14.800117 0.567468 3.865603 14.242556 -1.341734 -6.660648 19.631939 0.143925 -0.648244 49.885704 -0.790814 -6.228212 0.353029 -1.511149 -0.031940 20.222767 3.684305 2.316627 18.787245 0.000004 -0.000001 10.751610 -0.479868 1.397903 0.000000 0.000000 0.000000 3.273804 0.305947 -0.580110 21.486790 11.830360 2.266130 8.162914 0.000002 -0.000001 18.399052 -3.798978 -4.940567 0.000003 -0.000000 -0.000002 11.205517 19.734997 -18.086922 -0.197342 -0.373512 45.233158 -15.362732 -6.832647 -20.379406 1.622509 -1.895422 -0.485180 -0.000000 0.000000 0.000002 -13.474141 -32.745731 -30.483416 0.289947 0.249151 41.211651 9.735303 -0.091285 -3.513753 -1.448157 0.802730 0.361436 0.000000 0.000000 -0.000001 
62.898224 91.438438 -1.111159 1.974672 4.903398 -0.866422 -1.407206 -0.293781 7.490900 -0.631288 -0.696808 -1.825270 -2.246789 -3.282635 10.546844 6.913513 -0.626426 7.613277 -3.034686 -8.741396 -3.187126 2.558365 -11.708123 -15.572460 0.000077 -0.000024 0.000006 -0.008851 0.049123 0.007253 0.693103 -3.708006 -10.632878 -0.720491 3.802533 -10.664270 0.885519 -11.511965 5.782184 -42.433823 -58.924789 -9.745800 179.704117 -57.557613 -179.752106 4.064990 0.881711 -9.938795 -5.882100 9.861278 0.702589 -10.936857 -0.360576 7.156198 0.000000 8.774814 -0.000001 -16.142609 18.651894 6.106832 -1.844032 2.498503 -2.507277 -10.163588 4.678938 4.621103 -20.975996 -0.000004 0.000003 -21.226250 2.451691 -3.593990 0.000000 -0.000006 -0.000002 -1.362678 2.240796 -0.746321 -21.334894 0.584908 3.008321 -13.821197 -0.000003 0.000003 -23.887131 -0.249079 -0.839481 -60.916267 2.409284 -1.524745 -0.294026 1.679685 0.833256 -14.218194 0.093215 1.300578 -34.212002 -0.287566 0.967172 -20.033176 0.964534 1.212842 -0.000000 0.000001 -0.000000 -3.440385 0.788232 0.501657 -15.928164 -3.167306 2.999704 -6.338817 -0.000001 0.000001 -18.123413 3.648175 -4.905661 -0.000004 0.000000 -0.000003 -0.390747 13.137647 3.453984 27.004833 36.685440 -39.608921 -179.597977 59.994820 -179.600540 -5.165787 7.089631 -13.650802 2.243540 -5.255032 -3.180155 14.282875 -0.826595 6.952495 -0.000002 -12.690587 0.000001 16.156502 -17.369148 2.737414 1.665665 -1.955919 -2.878296 4.727795 -4.170583 4.993919 11.020514 0.000003 -0.000001 12.109033 -3.735710 -2.866778 0.000000 0.000000 0.000000 1.291983 -1.928548 -1.498087 14.800111 0.567468 3.865602 14.242551 -1.341734 -6.660650 19.631937 0.143927 -0.648244 49.749287 -0.755997 -6.124574 0.353032 -1.511149 -0.031940 20.222767 3.684306 2.316627 18.787247 0.000003 -0.000001 10.751610 -0.479868 1.397904 0.000000 0.000000 0.000000 3.273805 0.305947 -0.580111 21.486794 11.830362 2.266129 8.162916 0.000002 -0.000001 18.399054 -3.798979 -4.940568 0.000003 0.000000 -0.000001 10.902659 19.270958 -17.973759 -0.188021 -0.345998 44.904873 -15.052958 -6.626523 -20.515169 1.623730 -1.915026 -0.516363 -0.000000 0.000000 0.000002 -13.668634 -33.027279 -30.205622 0.286173 0.247658 40.692669 10.007796 0.076025 -3.188411 -1.443038 0.788634 0.369159 0.000000 0.000000 -0.000001 
63.073517 91.406784 -1.051778 2.085415 4.913165 -0.876617 -1.340048 -0.305786 7.495690 -0.587578 -0.690035 -1.850571 -2.168871 -3.284789 10.600707 6.722311 -0.541895 7.673149 -3.024800 -8.721934 -3.179452 2.556939 -11.671954 -15.858562 0.000077 -0.000022 0.000006 -0.007547 0.033221 0.017810 0.690581 -3.719785 -10.618663 -0.717266 3.800765 -10.651692 0.971235 -11.451989 5.883214 -42.705006 -58.864498 -9.392358 179.429398 -57.652908 -179.473877 4.401827 0.914533 -10.259214 -5.882100 9.861277 0.702590 -10.936860 -0.360575 7.156196 0.000001 8.774814 -0.000001 -16.123741 18.647644 6.117858 -1.844031 2.498502 -2.507276 -10.163589 4.678939 4.621104 -20.975994 -0.000005 0.000003 -21.226254 2.451691 -3.593991 0.000000 -0.000006 -0.000001 -1.362680 2.240796 -0.746323 -21.334892 0.584909 3.008321 -13.821195 -0.000003 0.000002 -23.887129 -0.249077 -0.839481 -60.959667 2.408245 -1.506995 -0.294025 1.679687 0.833254 -14.218194 0.093213 1.300579 -34.212006 -0.287563 0.967169 -20.033178 0.964536 1.212842 0.000000 0.000001 0.000000 -3.440388 0.788234 0.501656 -15.928165 -3.167308 2.999703 -6.338817 -0.000000 0.000001 -18.123413 3.648175 -4.905662 -0.000004 -0.000000 -0.000003 -0.569331 13.172165 3.451382 26.798101 36.749794 -40.189697 -179.515884 60.198048 -179.512192 -5.187814 7.063660 -13.661420 2.243541 -5.255032 -3.180156 14.282877 -0.826593 6.952496 -0.000003 -12.690590 0.000002 16.046953 -17.287853 2.789524 1.665665 -1.955920 -2.878297 4.727796 -4.170583 4.993918 11.020512 0.000002 -0.000001 12.109031 -3.735708 -2.866778 0.000000 0.000001 0.000000 1.291985 -1.928548 -1.498088 14.800114 0.567468 3.865603 14.242554 -1.341734 -6.660648 19.631939 0.143926 -0.648245 49.595116 -0.733993 -6.069407 0.353030 -1.511149 -0.031940 20.222771 3.684305 2.316627 18.787247 0.000004 -0.000001 10.751612 -0.479867 1.397903 0.000000 0.000000 0.000000 3.273804 0.305947 -0.580110 21.486790 11.830362 2.266129 8.162917 0.000001 -0.000000 18.399054 -3.798978 -4.940567 0.000003 -0.000000 -0.000000 10.653818 18.990828 -17.937933 -0.167792 -0.314243 44.975063 -14.832035 -6.624486 -20.784603 1.622562 -1.934895 -0.491618 -0.000000 0.000000 0.000002 -13.928349 -33.375458 -30.147886 0.283872 0.223040 40.715805 10.253850 0.432235 -3.101514 -1.439908 0.789335 0.397112 0.000000 0.000000 -0.000001 
63.252491 91.282234 -1.024171 2.201534 4.862315 -0.915547 -1.291603 -0.345957 7.520538 -0.566313 -0.633740 -1.862159 -2.119833 -3.329963 10.681324 6.537235 -0.452071 7.720401 -2.990406 -8.681726 -3.195011 2.575766 -11.630406 -16.164179 0.000077 -0.000022 0.000006 -0.007773 0.038370 0.025741 0.686802 -3.714815 -10.615610 -0.708343 3.797564 -10.643600 1.007539 -11.381705 6.025495 -42.824184 -58.938786 -9.207013 179.268280 -57.770508 -179.192673 4.572758 0.977661 -10.657310 -5.882101 9.861279 0.702590 -10.936857 -0.360578 7.156198 0.000000 8.774817 -0.000002 -16.095566 18.704893 6.140103 -1.844031 2.498501 -2.507274 -10.163588 4.678940 4.621102 -20.975996 -0.000005 0.000003 -21.226254 2.451691 -3.593993 0.000000 -0.000006 -0.000001 -1.362680 2.240797 -0.746321 -21.334887 0.584908 3.008318 -13.821197 -0.000004 0.000004 -23.887131 -0.249079 -0.839481 -60.959709 2.404335 -1.512002 -0.294026 1.679687 0.833256 -14.218194 0.093213 1.300578 -34.211998 -0.287567 0.967169 -20.033178 0.964533 1.212842 -0.000000 0.000001 -0.000000 -3.440382 0.788232 0.501654 -15.928171 -3.167307 2.999701 -6.338819 -0.000001 -0.000001 -18.123415 3.648175 -4.905662 -0.000004 0.000000 -0.000002 -0.767509 13.215207 3.416979 26.555351 36.808849 -40.669388 -179.364716 60.405041 -179.333527 -5.219433 7.072253 -13.812703 2.243538 -5.255032 -3.180154 14.282878 -0.826595 6.952496 -0.000001 -12.690591 0.000002 15.939106 -17.235716 2.826271 1.665661 -1.955920 -2.878297 4.727794 -4.170584 4.993919 11.020511 0.000002 0.000001 12.109034 -3.735709 -2.866777 0.000001 -0.000000 0.000000 1.291986 -1.928547 -1.498088 14.800117 0.567466 3.865604 14.242554 -1.341734 -6.660646 19.631941 0.143924 -0.648243 49.499767 -0.732816 -6.044767 0.353028 -1.511150 -0.031941 20.222771 3.684305 2.316628 18.787247 0.000003 0.000000 10.751613 -0.479868 1.397904 -0.000001 -0.000000 -0.000000 3.273806 0.305947 -0.580110 21.486795 11.830360 2.266130 8.162919 0.000001 -0.000000 18.399055 -3.798980 -4.940566 0.000003 -0.000000 -0.000000 10.426844 18.796640 -17.971605 -0.169796 -0.286015 45.262383 -14.619092 -6.688446 -21.246386 1.614072 -1.929319 -0.459615 -0.000000 -0.000001 0.000002 -14.187043 -33.717712 -30.265387 0.291916 0.214824 41.028484 10.435876 0.856198 -3.108618 -1.437824 0.789412 0.417925 0.000000 0.000000 -0.000001 
63.377453 91.157310 -1.048950 2.314934 4.796496 -0.932528 -1.244865 -0.372947 7.553193 -0.553769 -0.611553 -1.875996 -2.107436 -3.384220 10.792917 6.390842 -0.367823 7.711815 -2.948801 -8.601684 -3.206560 2.611621 -11.616190 -16.435078 0.000077 -0.000022 0.000006 -0.009666 0.062689 0.025042 0.679960 -3.695819 -10.601909 -0.706511 3.819379 -10.628683 0.984921 -11.337715 6.195302 -42.741100 -59.162575 -9.287299 179.454636 -57.933231 -179.223679 4.644614 1.015852 -10.999904 -5.882102 9.861278 0.702589 -10.936862 -0.360572 7.156196 -0.000001 8.774814 -0.000000 -16.089138 18.736952 6.160151 -1.844031 2.498503 -2.507274 -10.163589 4.678940 4.621104 -20.975998 -0.000000 0.000002 -21.226255 2.451696 -3.593995 0.000000 -0.000006 -0.000002 -1.362680 2.240797 -0.746322 -21.334890 0.584910 3.008320 -13.821197 -0.000001 0.000003 -23.887135 -0.249076 -0.839483 -60.929096 2.383300 -1.523046 -0.294025 1.679686 0.833255 -14.218192 0.093216 1.300579 -34.212013 -0.287560 0.967168 -20.033184 0.964535 1.212838 -0.000000 0.000000 0.000001 -3.440386 0.788233 0.501655 -15.928169 -3.167305 2.999702 -6.338818 0.000000 0.000002 -18.123417 3.648177 -4.905662 -0.000003 0.000000 -0.000002 -0.942416 13.276719 3.388660 26.233942 36.880486 -41.141289 -179.228287 60.619373 -179.172562 -5.282388 7.107172 -13.897233 2.243541 -5.255033 -3.180154 14.282877 -0.826593 6.952496 -0.000002 -12.690590 -0.000002 15.840825 -17.248781 2.837920 1.665665 -1.955921 -2.878296 4.727794 -4.170583 4.993918 11.020514 0.000003 -0.000000 12.109032 -3.735710 -2.866780 0.000001 0.000001 0.000001 1.291984 -1.928547 -1.498087 14.800114 0.567468 3.865604 14.242551 -1.341736 -6.660648 19.631941 0.143924 -0.648242 49.484711 -0.777306 -6.052941 0.353029 -1.511149 -0.031940 20.222773 3.684307 2.316629 18.787247 0.000003 0.000000 10.751610 -0.479868 1.397903 -0.000001 0.000000 0.000000 3.273805 0.305946 -0.580110 21.486794 11.830363 2.266133 8.162916 0.000002 -0.000001 18.399055 -3.798979 -4.940569 0.000003 -0.000000 -0.000001 10.216809 18.660368 -18.092768 -0.166746 -0.272741 45.593975 -14.483286 -6.721528 -21.597265 1.613458 -1.917267 -0.400779 -0.000000 0.000001 0.000002 -14.367913 -34.020836 -30.475176 0.289176 0.187653 41.362129 10.582075 1.281367 -3.106459 -1.434067 0.776872 0.434664 -0.000000 -0.000000 -0.000001 
63.487171 91.078094 -1.035466 2.409507 4.701412 -0.866393 -1.214349 -0.401683 7.555033 -0.545417 -0.606392 -1.913553 -2.103794 -3.421028 10.896228 6.288148 -0.320521 7.647169 -2.914046 -8.498848 -3.214723 2.669772 -11.628015 -16.586447 0.000077 -0.000020 0.000006 -0.012524 0.082307 0.022628 0.670486 -3.677739 -10.590038 -0.705147 3.839160 -10.612321 0.880794 -11.347118 6.406859 -42.562027 -59.424248 -9.452564 179.720428 -58.124634 -179.382187 4.593713 1.002923 -11.240238 -5.882102 9.861279 0.702590 -10.936863 -0.360574 7.156198 -0.000001 8.774813 -0.000003 -16.100351 18.753551 6.137532 -1.844031 2.498502 -2.507276 -10.163589 4.678940 4.621103 -20.975996 -0.000001 0.000004 -21.226254 2.451695 -3.593993 0.000000 -0.000006 -0.000002 -1.362681 2.240797 -0.746323 -21.334885 0.584908 3.008323 -13.821197 -0.000002 0.000004 -23.887131 -0.249078 -0.839480 -60.890587 2.343219 -1.543732 -0.294024 1.679686 0.833255 -14.218192 0.093215 1.300581 -34.212002 -0.287561 0.967172 -20.033180 0.964536 1.212843 0.000000 0.000001 0.000000 -3.440387 0.788233 0.501654 -15.928167 -3.167305 2.999704 -6.338819 -0.000001 0.000001 -18.123415 3.648178 -4.905662 -0.000003 -0.000000 -0.000002 -1.030127 13.367631 3.411897 25.932976 36.915089 -41.553207 -179.290344 60.786617 -179.228455 -5.434911 7.116220 -13.950592 2.243538 -5.255033 -3.180156 14.282878 -0.826596 6.952497 -0.000001 -12.690586 -0.000001 15.735558 -17.228592 2.911734 1.665664 -1.955921 -2.878297 4.727794 -4.170582 4.993918 11.020513 0.000003 0.000000 12.109033 -3.735711 -2.866780 0.000000 -0.000000 0.000000 1.291983 -1.928548 -1.498088 14.800117 0.567466 3.865604 14.242551 -1.341736 -6.660649 19.631939 0.143924 -0.648244 49.481373 -0.815385 -6.040948 0.353030 -1.511150 -0.031940 20.222767 3.684304 2.316629 18.787249 0.000003 -0.000000 10.751611 -0.479869 1.397904 -0.000000 0.000000 0.000000 3.273803 0.305946 -0.580110 21.486788 11.830360 2.266131 8.162916 0.000001 -0.000000 18.399055 -3.798979 -4.940568 0.000003 -0.000000 -0.000001 10.009513 18.543215 -18.239080 -0.167562 -0.279225 45.844440 -14.366561 -6.684887 -21.846760 1.613639 -1.922394 -0.352537 0.000000 0.000001 0.000002 -14.460044 -34.239338 -30.710257 0.293464 0.184191 41.573860 10.704618 1.566101 -3.089261 -1.430525 0.776077 0.466346 -0.000000 -0.000000 -0.000001 
63.589714 91.048370 -1.032758 2.480891 4.583169 -0.738664 -1.189456 -0.429473 7.523833 -0.541278 -0.616767 -1.949802 -2.114054 -3.452721 10.996437 6.222970 -0.302797 7.547806 -2.887260 -8.424367 -3.218392 2.740716 -11.633526 -16.679878 0.000077 -0.000022 0.000006 -0.015283 0.088658 0.017297 0.666065 -3.673193 -10.576522 -0.703340 3.829715 -10.596525 0.739188 -11.404139 6.587879 -42.345612 -59.639626 -9.608570 179.924393 -58.281422 -179.541321 4.488312 0.928076 -11.270012 -5.882099 9.861278 0.702589 -10.936858 -0.360574 7.156198 -0.000001 8.774815 -0.000001 -16.135981 18.757868 6.117003 -1.844033 2.498502 -2.507278 -10.163589 4.678941 4.621102 -20.975994 -0.000003 0.000001 -21.226255 2.451694 -3.593993 0.000000 -0.000006 -0.000002 -1.362679 2.240797 -0.746320 -21.334887 0.584909 3.008318 -13.821197 -0.000002 0.000002 -23.887133 -0.249078 -0.839484 -60.870144 2.318219 -1.540731 -0.294025 1.679687 0.833257 -14.218192 0.093216 1.300578 -34.212002 -0.287562 0.967167 -20.033180 0.964536 1.212842 -0.000000 0.000002 -0.000000 -3.440387 0.788233 0.501657 -15.928165 -3.167305 2.999703 -6.338819 -0.000001 0.000002 -18.123415 3.648176 -4.905662 -0.000003 -0.000001 -0.000003 -1.054386 13.434766 3.411880 25.748838 36.953636 -41.757614 -179.292450 60.908005 -179.262970 -5.549350 7.151930 -13.887539 2.243540 -5.255031 -3.180154 14.282878 -0.826595 6.952497 -0.000004 -12.690586 0.000001 15.677051 -17.251541 2.961475 1.665666 -1.955918 -2.878295 4.727795 -4.170583 4.993919 11.020512 0.000003 0.000000 12.109031 -3.735710 -2.866779 0.000000 0.000001 0.000001 1.291984 -1.928547 -1.498088 14.800113 0.567468 3.865604 14.242556 -1.341734 -6.660647 19.631941 0.143925 -0.648242 49.561085 -0.855206 -6.039376 0.353031 -1.511149 -0.031939 20.222773 3.684305 2.316629 18.787247 0.000004 0.000001 10.751611 -0.479868 1.397904 -0.000000 0.000000 -0.000000 3.273805 0.305947 -0.580110 21.486797 11.830361 2.266131 8.162915 0.000001 -0.000000 18.399057 -3.798980 -4.940567 0.000003 -0.000000 -0.000000 9.798272 18.430523 -18.403961 -0.158363 -0.280641 45.970535 -14.241404 -6.560454 -22.017693 1.611300 -1.898342 -0.276942 0.000000 0.000001 0.000002 -14.463668 -34.379311 -30.956266 0.300875 0.189380 41.617298 10.810628 1.732385 -3.002209 -1.426449 0.768542 0.495122 0.000000 0.000000 -0.000001 
63.683735 91.109085 -1.037595 2.527973 4.455164 -0.577019 -1.171108 -0.455177 7.463604 -0.542063 -0.635112 -1.985432 -2.112144 -3.471879 11.051737 6.202550 -0.308251 7.471307 -2.887207 -8.367735 -3.210444 2.812291 -11.666680 -16.709377 0.000077 -0.000020 0.000006 -0.017953 0.101495 0.009449 0.664406 -3.646444 -10.573637 -0.708970 3.847663 -10.592166 0.605689 -11.509842 6.714500 -42.233215 -59.788803 -9.660233 -179.860397 -58.444656 -179.695648 4.422062 0.801144 -11.206522 -5.882102 9.861278 0.702589 -10.936861 -0.360575 7.156198 -0.000001 8.774815 -0.000003 -16.153864 18.769815 6.117970 -1.844031 2.498504 -2.507277 -10.163591 4.678941 4.621105 -20.975998 -0.000003 0.000003 -21.226254 2.451693 -3.593992 0.000000 -0.000006 -0.000002 -1.362681 2.240796 -0.746322 -21.334890 0.584908 3.008321 -13.821197 -0.000003 0.000004 -23.887133 -0.249078 -0.839478 -60.878387 2.326320 -1.545569 -0.294023 1.679686 0.833256 -14.218194 0.093215 1.300580 -34.212006 -0.287564 0.967172 -20.033176 0.964535 1.212844 0.000000 0.000002 0.000001 -3.440386 0.788232 0.501654 -15.928171 -3.167305 2.999705 -6.338818 -0.000001 0.000000 -18.123415 3.648177 -4.905661 -0.000004 -0.000001 -0.000003 -1.014259 13.486091 3.465811 25.679255 37.025883 -41.816799 -179.386795 60.981552 -179.381805 -5.558443 7.192306 -13.735359 2.243539 -5.255032 -3.180155 14.282877 -0.826593 6.952496 -0.000001 -12.690591 -0.000000 15.662094 -17.255005 2.991124 1.665666 -1.955920 -2.878296 4.727793 -4.170584 4.993918 11.020513 0.000003 -0.000000 12.109033 -3.735708 -2.866780 0.000000 0.000000 0.000000 1.291983 -1.928547 -1.498088 14.800113 0.567468 3.865603 14.242553 -1.341736 -6.660648 19.631941 0.143925 -0.648244 49.636871 -0.889952 -6.008110 0.353029 -1.511149 -0.031940 20.222769 3.684306 2.316628 18.787245 0.000004 -0.000001 10.751611 -0.479868 1.397903 -0.000000 -0.000000 -0.000000 3.273803 0.305946 -0.580110 21.486792 11.830362 2.266132 8.162914 0.000001 -0.000000 18.399055 -3.798980 -4.940568 0.000004 -0.000000 -0.000000 9.592358 18.327335 -18.489223 -0.142667 -0.278142 45.829472 -14.142619 -6.355128 -21.962292 1.612635 -1.890979 -0.192324 0.000000 0.000002 0.000002 -14.401280 -34.459850 -31.094240 0.303211 0.181829 41.356945 10.936091 1.801138 -2.784333 -1.425541 0.800192 0.522639 -0.000000 -0.000000 -0.000001 
63.729763 91.254486 -0.976778 2.550344 4.327052 -0.395931 -1.159738 -0.480604 7.370258 -0.540894 -0.637976 -2.008821 -2.098796 -3.504241 11.073114 6.203106 -0.325821 7.439811 -2.887504 -8.393530 -3.223569 2.859178 -11.635900 -16.712337 0.000077 -0.000020 0.000006 -0.017352 0.088142 0.003545 0.666644 -3.647814 -10.575681 -0.709018 3.833704 -10.593840 0.540414 -11.618265 6.743748 -42.173351 -59.840733 -9.708549 -179.737061 -58.584160 -179.823425 4.350842 0.643771 -10.999162 -5.882099 9.861278 0.702590 -10.936858 -0.360576 7.156196 0.000002 8.774814 -0.000001 -16.190628 18.775534 6.116889 -1.844032 2.498502 -2.507276 -10.163589 4.678939 4.621102 -20.975996 -0.000005 0.000001 -21.226255 2.451690 -3.593992 0.000000 -0.000006 -0.000002 -1.362680 2.240797 -0.746322 -21.334887 0.584906 3.008322 -13.821193 -0.000003 0.000002 -23.887125 -0.249080 -0.839481 -60.954338 2.342304 -1.510155 -0.294024 1.679686 0.833256 -14.218189 0.093212 1.300579 -34.211998 -0.287566 0.967171 -20.033176 0.964534 1.212843 0.000000 0.000002 0.000001 -3.440383 0.788233 0.501655 -15.928165 -3.167307 2.999705 -6.338817 -0.000002 0.000001 -18.123411 3.648175 -4.905661 -0.000003 -0.000001 -0.000003 -0.946170 13.490546 3.492692 25.701384 37.133408 -41.717876 -179.506378 61.025455 -179.478271 -5.549545 7.226723 -13.636453 2.243541 -5.255033 -3.180155 14.282878 -0.826595 6.952495 -0.000002 -12.690590 0.000002 15.732624 -17.257751 3.006196 1.665666 -1.955920 -2.878296 4.727792 -4.170585 4.993918 11.020513 0.000003 -0.000000 12.109032 -3.735711 -2.866779 0.000000 -0.000001 0.000000 1.291985 -1.928547 -1.498088 14.800114 0.567467 3.865603 14.242554 -1.341734 -6.660649 19.631941 0.143925 -0.648243 49.762741 -0.894035 -5.973316 0.353030 -1.511150 -0.031939 20.222771 3.684306 2.316627 18.787245 0.000004 -0.000000 10.751613 -0.479868 1.397903 -0.000001 -0.000000 0.000000 3.273803 0.305947 -0.580110 21.486792 11.830363 2.266129 8.162920 0.000001 -0.000001 18.399054 -3.798979 -4.940567 0.000004 -0.000000 -0.000000 9.447593 18.237345 -18.410273 -0.123876 -0.278390 45.387054 -14.119380 -6.142925 -21.921694 1.614347 -1.859227 -0.144472 -0.000000 0.000002 0.000002 -14.268461 -34.510204 -31.097044 0.297906 0.196863 40.881458 11.091014 1.783140 -2.539596 -1.422961 0.799372 0.547161 -0.000000 -0.000000 -0.000001 
63.824184 91.488564 -0.896560 2.553946 4.200558 -0.214173 -1.149173 -0.487660 7.264634 -0.540336 -0.663999 -2.040784 -2.075552 -3.523956 11.049063 6.229502 -0.355057 7.447179 -2.896821 -8.413305 -3.233040 2.873508 -11.618474 -16.673868 0.000077 -0.000020 0.000006 -0.015450 0.081548 0.000179 0.671116 -3.656578 -10.583003 -0.712333 3.820262 -10.601294 0.537738 -11.693142 6.706299 -42.226505 -59.832790 -9.638886 -179.644119 -58.703354 -179.936264 4.359412 0.457623 -10.796695 -5.882099 9.861278 0.702589 -10.936858 -0.360576 7.156198 -0.000001 8.774815 -0.000003 -16.195101 18.756937 6.137598 -1.844030 2.498502 -2.507276 -10.163589 4.678939 4.621104 -20.975994 -0.000003 0.000002 -21.226254 2.451693 -3.593992 0.000000 -0.000006 -0.000001 -1.362679 2.240795 -0.746323 -21.334892 0.584909 3.008322 -13.821195 -0.000004 0.000003 -23.887133 -0.249077 -0.839481 -61.066444 2.350564 -1.494610 -0.294025 1.679686 0.833255 -14.218195 0.093214 1.300580 -34.212006 -0.287562 0.967171 -20.033176 0.964535 1.212843 0.000000 0.000000 0.000000 -3.440386 0.788232 0.501655 -15.928165 -3.167306 2.999704 -6.338818 -0.000001 0.000001 -18.123413 3.648176 -4.905662 -0.000003 -0.000000 -0.000002 -0.841547 13.478305 3.518178 25.763138 37.240990 -41.500675 -179.729141 60.981293 -179.674896 -5.534898 7.274832 -13.580280 2.243539 -5.255033 -3.180155 14.282878 -0.826595 6.952498 -0.000003 -12.690591 0.000001 15.818628 -17.253550 2.994369 1.665665 -1.955921 -2.878296 4.727794 -4.170584 4.993919 11.020513 0.000003 0.000001 12.109031 -3.735712 -2.866781 0.000000 -0.000001 -0.000000 1.291986 -1.928548 -1.498088 14.800113 0.567466 3.865604 14.242551 -1.341734 -6.660647 19.631941 0.143925 -0.648242 49.822777 -0.889826 -5.953794 0.353029 -1.511150 -0.031940 20.222771 3.684306 2.316630 18.787249 0.000004 0.000001 10.751611 -0.479868 1.397904 -0.000000 -0.000000 -0.000000 3.273803 0.305947 -0.580110 21.486790 11.830362 2.266132 8.162917 0.000001 0.000000 18.399054 -3.798980 -4.940566 0.000003 -0.000000 -0.000001 9.293536 18.189859 -18.191217 -0.113738 -0.272605 44.684723 -14.078275 -5.901330 -21.740810 1.615549 -1.860576 -0.117098 0.000000 0.000001 0.000002 -14.169273 -34.474567 -30.884474 0.285900 0.190155 40.053963 11.312050 1.666652 -2.144546 -1.421450 0.811062 0.541364 -0.000000 -0.000000 -0.000001 
63.872314 91.776329 -0.824720 2.553135 4.122485 -0.053102 -1.149034 -0.516001 7.157584 -0.541771 -0.668428 -2.074043 -2.043024 -3.550248 11.004954 6.267506 -0.382063 7.464858 -2.885493 -8.492711 -3.230357 2.855543 -11.571567 -16.594572 0.000077 -0.000020 0.000006 -0.012093 0.068405 -0.005180 0.676248 -3.666702 -10.584421 -0.709178 3.810921 -10.607836 0.580888 -11.756886 6.648777 -42.286858 -59.770557 -9.631562 -179.475006 -58.785755 179.921463 4.364708 0.261976 -10.568425 -5.882102 9.861276 0.702590 -10.936859 -0.360576 7.156197 0.000002 8.774813 -0.000002 -16.239910 18.750362 6.145565 -1.844029 2.498501 -2.507275 -10.163588 4.678938 4.621102 -20.975994 -0.000005 0.000003 -21.226254 2.451692 -3.593991 0.000000 -0.000006 -0.000001 -1.362682 2.240797 -0.746322 -21.334892 0.584907 3.008321 -13.821197 -0.000004 0.000004 -23.887133 -0.249078 -0.839479 -61.136993 2.367737 -1.481871 -0.294024 1.679686 0.833254 -14.218190 0.093214 1.300580 -34.212006 -0.287564 0.967172 -20.033180 0.964535 1.212842 0.000000 0.000000 0.000000 -3.440386 0.788233 0.501654 -15.928165 -3.167307 2.999704 -6.338816 -0.000002 0.000000 -18.123413 3.648175 -4.905659 -0.000003 -0.000000 -0.000003 -0.716706 13.413170 3.542444 25.815224 37.352230 -41.249580 -179.844574 60.846226 -179.798294 -5.498560 7.302027 -13.635141 2.243541 -5.255032 -3.180155 14.282877 -0.826594 6.952496 -0.000003 -12.690590 0.000001 15.934612 -17.248821 2.951894 1.665665 -1.955921 -2.878296 4.727792 -4.170583 4.993917 11.020512 0.000003 -0.000000 12.109033 -3.735710 -2.866781 0.000001 0.000001 0.000000 1.291984 -1.928549 -1.498088 14.800113 0.567468 3.865604 14.242553 -1.341735 -6.660649 19.631939 0.143925 -0.648242 49.918030 -0.877274 -5.963562 0.353028 -1.511149 -0.031940 20.222769 3.684307 2.316628 18.787245 0.000005 -0.000001 10.751610 -0.479868 1.397904 -0.000001 -0.000000 -0.000000 3.273804 0.305947 -0.580110 21.486794 11.830362 2.266132 8.162918 0.000002 -0.000000 18.399052 -3.798979 -4.940567 0.000004 0.000000 -0.000001 9.179891 18.193361 -17.873251 -0.113959 -0.277731 43.777615 -14.065686 -5.685557 -21.395699 1.618955 -1.859846 -0.136226 0.000000 0.000001 0.000002 -14.044940 -34.474712 -30.550180 0.268842 0.188699 39.061577 11.463840 1.522455 -1.698027 -1.422398 0.798525 0.526057 -0.000000 -0.000000 -0.000001 
64.007904 92.053421 -0.730116 2.558335 4.087765 0.092137 -1.157286 -0.513340 7.045113 -0.536060 -0.695116 -2.105827 -2.020180 -3.573322 10.929482 6.319071 -0.441401 7.530420 -2.853782 -8.548056 -3.252651 2.824980 -11.549054 -16.461359 0.000077 -0.000022 0.000006 -0.010254 0.061935 -0.006455 0.679775 -3.675138 -10.597593 -0.710463 3.793600 -10.623576 0.643917 -11.824072 6.619223 -42.345829 -59.665947 -9.604933 -179.407303 -58.809475 179.846359 4.424191 0.066677 -10.333662 -5.882101 9.861279 0.702591 -10.936862 -0.360572 7.156198 -0.000001 8.774811 -0.000003 -16.246983 18.730049 6.114738 -1.844031 2.498504 -2.507275 -10.163590 4.678941 4.621106 -20.975996 -0.000000 0.000002 -21.226255 2.451697 -3.593995 0.000000 -0.000006 -0.000002 -1.362682 2.240797 -0.746323 -21.334896 0.584910 3.008326 -13.821197 -0.000002 0.000004 -23.887129 -0.249074 -0.839479 -61.148487 2.373966 -1.511483 -0.294025 1.679686 0.833254 -14.218195 0.093216 1.300582 -34.212009 -0.287558 0.967172 -20.033180 0.964540 1.212842 0.000000 0.000001 0.000000 -3.440386 0.788233 0.501654 -15.928167 -3.167304 2.999704 -6.338819 -0.000000 -0.000001 -18.123415 3.648177 -4.905660 -0.000003 -0.000000 -0.000003 -0.580992 13.344189 3.619852 25.767555 37.474651 -41.030796 -179.794937 60.705475 -179.813492 -5.490672 7.281177 -13.796525 2.243541 -5.255032 -3.180155 14.282875 -0.826592 6.952496 -0.000002 -12.690590 -0.000000 16.023832 -17.245630 2.921700 1.665666 -1.955920 -2.878297 4.727793 -4.170584 4.993918 11.020510 0.000004 -0.000002 12.109028 -3.735708 -2.866780 0.000000 0.000001 0.000000 1.291984 -1.928546 -1.498088 14.800109 0.567469 3.865603 14.242553 -1.341734 -6.660651 19.631937 0.143927 -0.648244 49.954327 -0.877330 -5.973792 0.353028 -1.511149 -0.031940 20.222765 3.684306 2.316627 18.787245 0.000005 -0.000000 10.751610 -0.479867 1.397904 -0.000001 -0.000000 -0.000000 3.273805 0.305946 -0.580110 21.486790 11.830362 2.266131 8.162917 0.000002 -0.000000 18.399052 -3.798977 -4.940567 0.000004 -0.000000 -0.000000 9.012656 18.210260 -17.550484 -0.123051 -0.294331 42.923687 -13.980617 -5.477664 -21.085585 1.619466 -1.880036 -0.167181 0.000000 -0.000000 0.000002 -14.039473 -34.462795 -30.114120 0.252988 0.183818 38.010464 11.656960 1.372100 -1.218311 -1.421501 0.786357 0.508170 -0.000000 -0.000000 -0.000001 
64.078796 92.288055 -0.654861 2.589329 4.121525 0.222963 -1.171374 -0.513929 6.926608 -0.531727 -0.727396 -2.157643 -2.024250 -3.592943 10.869937 6.402177 -0.511520 7.591287 -2.854836 -8.587851 -3.257076 2.800714 -11.546271 -16.319109 0.000077 -0.000020 0.000006 -0.009911 0.061892 -0.007153 0.686141 -3.683258 -10.609620 -0.713046 3.792344 -10.635093 0.697593 -11.846082 6.561944 -42.372906 -59.613445 -9.479707 -179.455093 -58.896706 179.876831 4.462771 -0.081558 -10.122446 -5.882102 9.861279 0.702589 -10.936859 -0.360574 7.156196 0.000002 8.774815 -0.000002 -16.232071 18.689684 6.085060 -1.844030 2.498504 -2.507277 -10.163589 4.678939 4.621104 -20.975996 -0.000003 0.000002 -21.226254 2.451694 -3.593996 0.000000 -0.000006 -0.000001 -1.362679 2.240797 -0.746323 -21.334892 0.584908 3.008320 -13.821195 -0.000003 0.000002 -23.887125 -0.249078 -0.839481 -61.103394 2.375140 -1.541747 -0.294024 1.679685 0.833255 -14.218192 0.093215 1.300578 -34.211998 -0.287565 0.967169 -20.033180 0.964535 1.212841 0.000000 0.000002 0.000001 -3.440385 0.788233 0.501655 -15.928167 -3.167309 2.999703 -6.338817 -0.000001 0.000001 -18.123415 3.648178 -4.905662 -0.000003 -0.000000 -0.000003 -0.478179 13.269044 3.667672 25.685530 37.529354 -40.828449 -179.584534 60.564255 -179.681503 -5.463176 7.263989 -13.949828 2.243540 -5.255031 -3.180155 14.282873 -0.826593 6.952496 -0.000002 -12.690590 -0.000001 16.101379 -17.216921 2.874730 1.665666 -1.955920 -2.878297 4.727793 -4.170582 4.993918 11.020513 0.000004 -0.000001 12.109034 -3.735709 -2.866781 0.000000 0.000001 0.000001 1.291983 -1.928548 -1.498088 14.800109 0.567468 3.865603 14.242553 -1.341734 -6.660649 19.631937 0.143926 -0.648243 49.958172 -0.876047 -5.982749 0.353028 -1.511149 -0.031940 20.222767 3.684307 2.316628 18.787245 0.000005 -0.000001 10.751609 -0.479868 1.397903 -0.000001 -0.000000 -0.000000 3.273805 0.305947 -0.580110 21.486794 11.830365 2.266131 8.162918 0.000002 -0.000000 18.399052 -3.798977 -4.940567 0.000003 -0.000000 -0.000001 8.870700 18.192350 -17.286423 -0.125384 -0.289488 42.158421 -13.914424 -5.366881 -20.755217 1.614926 -1.886754 -0.182496 -0.000000 0.000001 0.000002 -14.056965 -34.464397 -29.743347 0.232410 0.160595 37.156342 11.790520 1.259232 -0.849634 -1.422017 0.754672 0.494941 -0.000000 -0.000000 -0.000001 
64.212997 92.471878 -0.563988 2.635670 4.182478 0.329404 -1.188658 -0.514016 6.799086 -0.524850 -0.734820 -2.197794 -2.043273 -3.607739 10.821309 6.476997 -0.565238 7.626037 -2.869952 -8.636347 -3.250741 2.788262 -11.564491 -16.178562 0.000077 -0.000022 0.000006 -0.007743 0.043871 -0.005594 0.687786 -3.691993 -10.617301 -0.714367 3.787542 -10.641843 0.720142 -11.855618 6.503628 -42.463531 -59.495659 -9.266670 -179.551147 -58.944870 179.978699 4.490373 -0.197871 -9.843489 -5.882099 9.861278 0.702587 -10.936858 -0.360576 7.156198 0.000002 8.774812 0.000000 -16.227781 18.634790 6.072103 -1.844030 2.498502 -2.507275 -10.163588 4.678940 4.621103 -20.975992 -0.000004 0.000001 -21.226250 2.451692 -3.593995 0.000000 -0.000006 -0.000002 -1.362681 2.240795 -0.746323 -21.334887 0.584908 3.008319 -13.821195 -0.000003 0.000003 -23.887129 -0.249081 -0.839481 -61.024460 2.402129 -1.550519 -0.294025 1.679686 0.833256 -14.218190 0.093214 1.300577 -34.211998 -0.287567 0.967169 -20.033175 0.964534 1.212841 -0.000000 0.000001 -0.000001 -3.440386 0.788233 0.501656 -15.928164 -3.167307 2.999701 -6.338816 -0.000002 0.000000 -18.123411 3.648175 -4.905661 -0.000004 -0.000000 -0.000002 -0.411731 13.200148 3.692396 25.547207 37.512199 -40.746216 -179.510056 60.503876 -179.618042 -5.456450 7.265635 -14.078617 2.243539 -5.255033 -3.180155 14.282877 -0.826592 6.952495 -0.000003 -12.690591 0.000001 16.112320 -17.219103 2.862976 1.665665 -1.955920 -2.878297 4.727790 -4.170581 4.993919 11.020513 0.000003 -0.000000 12.109032 -3.735710 -2.866780 0.000001 -0.000000 0.000000 1.291985 -1.928547 -1.498088 14.800109 0.567468 3.865602 14.242553 -1.341733 -6.660649 19.631939 0.143926 -0.648242 49.910011 -0.845880 -5.972868 0.353030 -1.511150 -0.031940 20.222767 3.684306 2.316627 18.787243 0.000005 -0.000001 10.751609 -0.479867 1.397904 -0.000000 -0.000000 -0.000000 3.273805 0.305947 -0.580110 21.486790 11.830363 2.266130 8.162917 0.000002 -0.000000 18.399052 -3.798978 -4.940567 0.000003 -0.000000 -0.000000 8.682848 18.153229 -17.069407 -0.130247 -0.295540 41.570480 -13.832284 -5.286162 -20.542421 1.616678 -1.900227 -0.210758 -0.000000 0.000000 0.000002 -14.179128 -34.492458 -29.371380 0.232579 0.155314 36.420460 11.918735 1.133515 -0.528659 -1.422617 0.756018 0.477858 -0.000000 -0.000000 -0.000001 
64.330254 92.604477 -0.444586 2.693892 4.242431 0.398833 -1.198034 -0.492390 6.689693 -0.515156 -0.752064 -2.234647 -2.071618 -3.606806 10.770154 6.531262 -0.601074 7.697522 -2.888179 -8.683492 -3.248906 2.769022 -11.587551 -16.074146 0.000077 -0.000021 0.000006 -0.007055 0.036041 -0.002815 0.688051 -3.714836 -10.620307 -0.712545 3.777575 -10.643160 0.723516 -11.833399 6.476542 -42.624695 -59.420444 -9.030003 -179.565384 -59.007942 179.994949 4.521630 -0.249181 -9.570689 -5.882100 9.861278 0.702590 -10.936857 -0.360574 7.156196 0.000002 8.774812 0.000001 -16.180494 18.602083 6.093841 -1.844029 2.498502 -2.507275 -10.163589 4.678938 4.621104 -20.975996 -0.000002 0.000002 -21.226250 2.451693 -3.593991 0.000000 -0.000006 -0.000003 -1.362681 2.240796 -0.746321 -21.334892 0.584909 3.008321 -13.821195 -0.000002 0.000003 -23.887129 -0.249076 -0.839480 -60.907497 2.392850 -1.499088 -0.294025 1.679686 0.833256 -14.218194 0.093216 1.300579 -34.212002 -0.287565 0.967169 -20.033176 0.964535 1.212842 0.000001 0.000002 0.000001 -3.440385 0.788234 0.501654 -15.928167 -3.167305 2.999702 -6.338818 -0.000001 0.000000 -18.123413 3.648176 -4.905660 -0.000004 0.000000 -0.000003 -0.393630 13.155797 3.744414 25.370913 37.452122 -40.791992 -179.480835 60.505733 -179.574219 -5.391065 7.303513 -14.115659 2.243539 -5.255032 -3.180156 14.282877 -0.826593 6.952495 -0.000003 -12.690591 0.000001 16.046566 -17.221125 2.849755 1.665664 -1.955920 -2.878297 4.727793 -4.170584 4.993918 11.020514 0.000003 -0.000001 12.109031 -3.735710 -2.866778 0.000001 -0.000000 0.000001 1.291985 -1.928548 -1.498088 14.800107 0.567469 3.865602 14.242546 -1.341733 -6.660649 19.631939 0.143928 -0.648243 49.785976 -0.810635 -5.963464 0.353029 -1.511150 -0.031940 20.222763 3.684306 2.316627 18.787245 0.000005 -0.000001 10.751609 -0.479867 1.397905 -0.000001 -0.000000 -0.000001 3.273804 0.305947 -0.580110 21.486788 11.830363 2.266131 8.162914 0.000002 -0.000000 18.399050 -3.798979 -4.940567 0.000003 -0.000000 -0.000001 8.446030 18.142422 -16.869593 -0.120894 -0.312801 41.114948 -13.723158 -5.244247 -20.393799 1.613433 -1.913283 -0.225938 0.000000 0.000002 0.000002 -14.346540 -34.508862 -29.040108 0.219653 0.139730 35.899498 12.031755 1.044317 -0.327943 -1.421497 0.749898 0.473519 -0.000000 0.000001 -0.000001 
64.463371 92.680199 -0.373701 2.759861 4.316282 0.446639 -1.214088 -0.485488 6.608099 -0.506099 -0.746553 -2.263068 -2.103278 -3.607301 10.723818 6.568636 -0.621108 7.742097 -2.922933 -8.759616 -3.229323 2.758335 -11.613771 -15.993381 0.000077 -0.000020 0.000006 -0.008460 0.025773 0.000047 0.683866 -3.713981 -10.619554 -0.710539 3.771644 -10.642605 0.737216 -11.803261 6.469319 -42.836712 -59.352715 -8.798192 -179.512436 -59.070423 179.938812 4.568402 -0.273298 -9.283953 -5.882100 9.861278 0.702588 -10.936858 -0.360574 7.156197 0.000002 8.774814 -0.000002 -16.101589 18.612606 6.138672 -1.844030 2.498503 -2.507276 -10.163589 4.678939 4.621104 -20.975996 -0.000005 0.000003 -21.226250 2.451692 -3.593994 0.000000 -0.000006 -0.000001 -1.362681 2.240796 -0.746322 -21.334888 0.584908 3.008321 -13.821195 -0.000004 0.000004 -23.887129 -0.249079 -0.839479 -60.828495 2.408885 -1.475805 -0.294022 1.679685 0.833255 -14.218194 0.093214 1.300578 -34.212002 -0.287564 0.967171 -20.033175 0.964534 1.212843 0.000000 0.000000 -0.000001 -3.440387 0.788233 0.501655 -15.928171 -3.167306 2.999703 -6.338818 -0.000001 0.000002 -18.123413 3.648175 -4.905661 -0.000004 -0.000000 -0.000003 -0.413396 13.089094 3.763110 25.271498 37.400223 -40.847351 -179.456802 60.523880 -179.525894 -5.283587 7.377731 -14.130456 2.243538 -5.255032 -3.180156 14.282875 -0.826593 6.952497 -0.000001 -12.690590 -0.000000 16.016642 -17.253683 2.854053 1.665664 -1.955920 -2.878297 4.727793 -4.170582 4.993918 11.020511 0.000003 0.000000 12.109032 -3.735711 -2.866780 0.000001 0.000000 -0.000001 1.291986 -1.928548 -1.498088 14.800113 0.567467 3.865604 14.242554 -1.341734 -6.660648 19.631939 0.143926 -0.648243 49.705715 -0.806786 -5.969618 0.353028 -1.511149 -0.031940 20.222769 3.684306 2.316629 18.787245 0.000004 0.000001 10.751611 -0.479868 1.397904 -0.000001 -0.000000 -0.000001 3.273805 0.305946 -0.580110 21.486794 11.830360 2.266132 8.162918 0.000001 0.000000 18.399050 -3.798979 -4.940566 0.000003 -0.000000 -0.000000 8.309752 18.132517 -16.763046 -0.119009 -0.323397 40.872883 -13.693869 -5.261420 -20.288153 1.614361 -1.925137 -0.257714 0.000000 0.000001 0.000002 -14.538149 -34.575306 -28.802448 0.232154 0.141789 35.544548 12.142976 0.946957 -0.166667 -1.420916 0.744437 0.481748 -0.000000 -0.000001 -0.000001 
64.701111 92.717453 -0.332455 2.825903 4.403109 0.484387 -1.226993 -0.471923 6.537739 -0.498625 -0.746456 -2.282860 -2.134663 -3.603351 10.677355 6.608246 -0.633376 7.774716 -2.966419 -8.832033 -3.220825 2.737283 -11.649338 -15.945180 0.000077 -0.000021 0.000006 -0.007424 0.037532 0.001947 0.681846 -3.702830 -10.611830 -0.706750 3.791524 -10.634899 0.747781 -11.760314 6.469342 -43.144497 -59.234081 -8.571274 -179.380066 -59.075237 179.839981 4.573428 -0.235731 -9.105039 -5.882102 9.861279 0.702587 -10.936858 -0.360575 7.156197 0.000001 8.774814 -0.000001 -16.038881 18.596771 6.147652 -1.844033 2.498503 -2.507277 -10.163589 4.678938 4.621104 -20.975996 -0.000003 0.000001 -21.226250 2.451692 -3.593994 0.000000 -0.000006 -0.000003 -1.362681 2.240797 -0.746323 -21.334890 0.584909 3.008320 -13.821197 -0.000002 0.000003 -23.887129 -0.249079 -0.839482 -60.776920 2.406268 -1.444772 -0.294025 1.679687 0.833255 -14.218190 0.093215 1.300580 -34.211998 -0.287562 0.967172 -20.033176 0.964537 1.212842 0.000000 0.000001 0.000000 -3.440384 0.788233 0.501655 -15.928165 -3.167306 2.999703 -6.338817 -0.000001 0.000002 -18.123411 3.648176 -4.905662 -0.000004 -0.000000 -0.000003 -0.446989 13.036089 3.766549 25.189577 37.343037 -40.954018 -179.558716 60.547302 -179.596771 -5.169888 7.384299 -14.181452 2.243539 -5.255033 -3.180155 14.282873 -0.826592 6.952497 -0.000001 -12.690591 0.000001 15.985265 -17.267250 2.846444 1.665664 -1.955920 -2.878297 4.727793 -4.170583 4.993919 11.020513 0.000003 0.000000 12.109032 -3.735709 -2.866780 0.000001 -0.000000 0.000001 1.291984 -1.928548 -1.498088 14.800113 0.567468 3.865604 14.242551 -1.341735 -6.660649 19.631937 0.143925 -0.648244 49.686695 -0.803560 -5.986494 0.353031 -1.511150 -0.031940 20.222767 3.684306 2.316628 18.787245 0.000003 -0.000000 10.751610 -0.479868 1.397904 -0.000001 -0.000000 0.000000 3.273804 0.305947 -0.580111 21.486790 11.830364 2.266132 8.162918 0.000001 -0.000000 18.399052 -3.798980 -4.940568 0.000003 -0.000000 -0.000001 8.097391 18.148863 -16.739122 -0.124404 -0.326794 40.828835 -13.565717 -5.321887 -20.304794 1.614082 -1.931391 -0.268140 -0.000000 0.000002 0.000002 -14.839047 -34.698212 -28.559055 0.241706 0.148344 35.199623 12.339006 0.873686 0.104928 -1.423710 0.744747 0.469368 -0.000000 -0.000000 -0.000001 
64.841675 92.725632 -0.264620 2.896816 4.498952 0.509521 -1.246186 -0.472195 6.480045 -0.497524 -0.747044 -2.294960 -2.166959 -3.598483 10.648864 6.630886 -0.645313 7.794484 -2.994747 -8.880176 -3.192871 2.725428 -11.704112 -15.953598 0.000077 -0.000021 0.000006 -0.006868 0.042637 0.000716 0.678128 -3.716442 -10.612554 -0.703629 3.790870 -10.631269 0.772236 -11.707067 6.473701 -43.401695 -59.161526 -8.386380 -179.297485 -59.092716 179.763000 4.546107 -0.158806 -9.003866 -5.882100 9.861276 0.702592 -10.936859 -0.360574 7.156198 0.000001 8.774813 -0.000001 -16.034149 18.597128 6.144847 -1.844033 2.498502 -2.507275 -10.163588 4.678939 4.621105 -20.975996 -0.000005 0.000002 -21.226250 2.451691 -3.593992 0.000000 -0.000006 -0.000003 -1.362681 2.240795 -0.746325 -21.334894 0.584908 3.008321 -13.821195 -0.000003 0.000002 -23.887131 -0.249079 -0.839480 -60.743603 2.409304 -1.433898 -0.294024 1.679685 0.833256 -14.218194 0.093215 1.300578 -34.211998 -0.287566 0.967170 -20.033180 0.964534 1.212843 0.000000 0.000001 0.000000 -3.440386 0.788233 0.501655 -15.928167 -3.167305 2.999701 -6.338815 -0.000001 0.000000 -18.123411 3.648175 -4.905658 -0.000004 0.000000 -0.000003 -0.483019 12.984436 3.793474 25.138147 37.322727 -41.055687 -179.561020 60.580956 -179.615524 -5.060144 7.383659 -14.258489 2.243540 -5.255031 -3.180154 14.282875 -0.826593 6.952495 -0.000004 -12.690592 0.000000 15.963548 -17.246521 2.840504 1.665663 -1.955920 -2.878296 4.727794 -4.170584 4.993918 11.020514 0.000004 -0.000000 12.109033 -3.735708 -2.866777 0.000001 -0.000000 0.000000 1.291985 -1.928548 -1.498088 14.800111 0.567469 3.865603 14.242553 -1.341735 -6.660645 19.631939 0.143926 -0.648242 49.693027 -0.807715 -5.975329 0.353028 -1.511149 -0.031940 20.222771 3.684307 2.316628 18.787247 0.000005 0.000001 10.751611 -0.479867 1.397903 -0.000001 0.000000 0.000000 3.273804 0.305947 -0.580110 21.486790 11.830364 2.266132 8.162917 0.000002 0.000000 18.399054 -3.798980 -4.940567 0.000003 -0.000000 -0.000000 7.931374 18.167782 -16.720160 -0.117216 -0.327455 40.816956 -13.508325 -5.411615 -20.407715 1.613467 -1.936085 -0.264357 -0.000000 0.000002 0.000002 -15.008613 -34.836575 -28.438732 0.243381 0.132013 35.085484 12.380356 0.857619 0.111623 -1.423569 0.745041 0.459679 -0.000000 0.000001 -0.000001 
64.976440 92.698418 -0.233776 2.962662 4.524293 0.533247 -1.262813 -0.463886 6.434200 -0.503300 -0.744609 -2.305257 -2.204383 -3.586760 10.622152 6.656889 -0.637305 7.811649 -3.016882 -8.940631 -3.186834 2.723128 -11.732959 -15.997521 0.000077 -0.000022 0.000006 -0.006103 0.031104 0.003694 0.677229 -3.722640 -10.610592 -0.702078 3.797442 -10.624531 0.768597 -11.628312 6.508103 -43.585732 -59.089493 -8.151210 -179.342010 -59.071442 179.764343 4.492759 -0.064305 -8.944564 -5.882101 9.861276 0.702590 -10.936860 -0.360574 7.156196 -0.000000 8.774813 -0.000001 -16.042452 18.624800 6.152170 -1.844032 2.498502 -2.507275 -10.163589 4.678940 4.621104 -20.975994 -0.000004 0.000001 -21.226255 2.451692 -3.593995 0.000000 -0.000006 -0.000003 -1.362681 2.240796 -0.746323 -21.334896 0.584907 3.008320 -13.821197 -0.000004 0.000002 -23.887133 -0.249080 -0.839481 -60.787655 2.417665 -1.438560 -0.294023 1.679685 0.833256 -14.218194 0.093215 1.300580 -34.212002 -0.287564 0.967169 -20.033180 0.964534 1.212840 0.000000 0.000001 0.000001 -3.440384 0.788231 0.501655 -15.928171 -3.167306 2.999704 -6.338819 -0.000001 0.000001 -18.123415 3.648175 -4.905661 -0.000004 0.000000 -0.000003 -0.502849 12.944451 3.793238 25.143145 37.351070 -41.031376 -179.564194 60.628868 -179.569992 -4.932306 7.371487 -14.282410 2.243537 -5.255033 -3.180155 14.282875 -0.826593 6.952497 -0.000003 -12.690591 0.000001 15.953497 -17.253126 2.836413 1.665664 -1.955920 -2.878296 4.727795 -4.170582 4.993919 11.020512 0.000004 0.000000 12.109034 -3.735708 -2.866778 0.000001 -0.000000 0.000001 1.291986 -1.928547 -1.498087 14.800111 0.567468 3.865603 14.242551 -1.341734 -6.660647 19.631937 0.143926 -0.648242 49.703426 -0.823030 -5.959662 0.353027 -1.511150 -0.031940 20.222771 3.684307 2.316630 18.787247 0.000004 0.000000 10.751611 -0.479868 1.397905 -0.000000 0.000000 0.000000 3.273803 0.305947 -0.580110 21.486792 11.830363 2.266131 8.162917 0.000002 0.000000 18.399054 -3.798980 -4.940566 0.000003 -0.000000 -0.000000 7.777160 18.225637 -16.770258 -0.121638 -0.330166 40.936333 -13.419436 -5.501299 -20.509010 1.614472 -1.935056 -0.226003 0.000000 0.000002 0.000002 -15.161190 -34.930557 -28.414503 0.252906 0.151356 35.088280 12.381459 0.801264 0.082135 -1.423384 0.758241 0.460284 -0.000000 0.000001 -0.000001 
65.091026 92.656784 -0.222776 3.021227 4.528768 0.552327 -1.286752 -0.448209 6.409903 -0.508171 -0.751197 -2.317384 -2.243264 -3.559642 10.630569 6.672851 -0.619501 7.792264 -3.036361 -8.989462 -3.176227 2.751069 -11.803640 -16.095291 0.000077 -0.000021 0.000006 -0.005905 0.026093 0.008422 0.679980 -3.734624 -10.605867 -0.702079 3.791512 -10.619085 0.750404 -11.584354 6.530451 -43.763081 -59.065239 -7.900504 -179.409485 -59.068150 179.812927 4.385155 0.018490 -8.909297 -5.882100 9.861279 0.702591 -10.936858 -0.360577 7.156198 -0.000001 8.774815 -0.000001 -16.081955 18.637184 6.145645 -1.844029 2.498503 -2.507274 -10.163590 4.678940 4.621101 -20.975992 -0.000003 0.000005 -21.226246 2.451695 -3.593992 0.000000 -0.000006 -0.000003 -1.362680 2.240795 -0.746322 -21.334887 0.584908 3.008321 -13.821195 -0.000002 0.000004 -23.887125 -0.249076 -0.839479 -60.828671 2.412479 -1.443995 -0.294025 1.679686 0.833254 -14.218190 0.093214 1.300582 -34.211998 -0.287561 0.967174 -20.033176 0.964537 1.212843 0.000001 0.000000 0.000000 -3.440387 0.788233 0.501656 -15.928165 -3.167307 2.999705 -6.338818 -0.000001 0.000001 -18.123413 3.648180 -4.905659 -0.000004 0.000000 -0.000003 -0.515759 12.893320 3.810946 25.207634 37.414757 -40.912720 -179.515106 60.633751 -179.526077 -4.774971 7.315982 -14.120272 2.243541 -5.255032 -3.180155 14.282877 -0.826595 6.952494 -0.000002 -12.690591 0.000000 15.919524 -17.233131 2.833205 1.665666 -1.955920 -2.878296 4.727797 -4.170583 4.993917 11.020514 0.000003 0.000000 12.109035 -3.735709 -2.866779 -0.000001 0.000001 0.000000 1.291984 -1.928547 -1.498088 14.800114 0.567468 3.865603 14.242553 -1.341734 -6.660648 19.631941 0.143926 -0.648242 49.712887 -0.834219 -5.928441 0.353028 -1.511149 -0.031940 20.222771 3.684308 2.316628 18.787249 0.000005 -0.000000 10.751612 -0.479867 1.397904 -0.000000 0.000000 -0.000000 3.273805 0.305948 -0.580110 21.486795 11.830364 2.266133 8.162918 0.000002 -0.000000 18.399054 -3.798977 -4.940568 0.000003 0.000000 -0.000001 7.645919 18.274797 -16.848593 -0.128695 -0.324307 41.104233 -13.355817 -5.576907 -20.621778 1.616799 -1.935456 -0.189761 0.000000 0.000002 0.000002 -15.322390 -34.943321 -28.421833 0.245674 0.124908 35.152771 12.351171 0.768018 0.045906 -1.424646 0.757794 0.466543 0.000000 -0.000001 -0.000001 
65.223709 92.611404 -0.201122 3.077720 4.484294 0.569466 -1.316289 -0.432346 6.396388 -0.513046 -0.765500 -2.343325 -2.290935 -3.524552 10.649438 6.692698 -0.592257 7.800811 -3.052583 -9.038086 -3.163543 2.799634 -11.924377 -16.221987 0.000077 -0.000020 0.000006 -0.006462 0.049413 0.007935 0.682285 -3.711947 -10.613122 -0.706313 3.815101 -10.623370 0.726930 -11.548507 6.586273 -43.917244 -59.004910 -7.658130 -179.443420 -58.991287 179.793182 4.334338 0.105803 -8.904882 -5.882100 9.861278 0.702590 -10.936858 -0.360576 7.156197 -0.000000 8.774814 -0.000001 -16.154398 18.674372 6.123554 -1.844030 2.498501 -2.507275 -10.163589 4.678940 4.621105 -20.975994 -0.000004 0.000004 -21.226248 2.451692 -3.593992 0.000000 -0.000006 -0.000003 -1.362681 2.240797 -0.746324 -21.334888 0.584907 3.008321 -13.821197 -0.000004 0.000002 -23.887125 -0.249079 -0.839481 -60.920723 2.401932 -1.455758 -0.294026 1.679687 0.833254 -14.218190 0.093214 1.300581 -34.211998 -0.287566 0.967171 -20.033175 0.964533 1.212842 0.000001 0.000001 0.000000 -3.440385 0.788232 0.501656 -15.928165 -3.167306 2.999702 -6.338817 -0.000001 0.000002 -18.123411 3.648175 -4.905662 -0.000004 0.000000 -0.000003 -0.523212 12.830762 3.846733 25.297163 37.508785 -40.791477 -179.517944 60.689644 -179.507965 -4.642465 7.280845 -13.956257 2.243538 -5.255031 -3.180155 14.282875 -0.826594 6.952497 -0.000002 -12.690587 0.000001 15.953226 -17.253969 2.842528 1.665663 -1.955920 -2.878297 4.727794 -4.170584 4.993919 11.020514 0.000003 -0.000001 12.109030 -3.735710 -2.866779 0.000000 -0.000000 0.000000 1.291983 -1.928546 -1.498088 14.800113 0.567467 3.865604 14.242553 -1.341735 -6.660648 19.631937 0.143925 -0.648245 49.757862 -0.843906 -5.916110 0.353030 -1.511149 -0.031939 20.222769 3.684306 2.316629 18.787245 0.000004 0.000000 10.751610 -0.479868 1.397904 -0.000000 -0.000000 -0.000001 3.273803 0.305947 -0.580111 21.486790 11.830361 2.266130 8.162917 0.000001 -0.000000 18.399055 -3.798979 -4.940567 0.000003 0.000000 -0.000000 7.505131 18.349081 -16.910721 -0.127720 -0.325395 41.284603 -13.284636 -5.660100 -20.763655 1.618587 -1.921492 -0.157878 0.000000 0.000001 0.000002 -15.457187 -34.933758 -28.478010 0.251630 0.131947 35.213997 12.320045 0.696156 0.055201 -1.422701 0.784121 0.470769 -0.000000 -0.000000 -0.000001 
65.303543 92.597557 -0.166878 3.118508 4.456782 0.608646 -1.354990 -0.434459 6.371522 -0.515352 -0.756674 -2.367726 -2.339581 -3.500919 10.670674 6.705614 -0.573690 7.782230 -3.065138 -9.074716 -3.160522 2.829811 -12.018789 -16.349878 0.000077 -0.000021 0.000006 -0.008810 0.062416 0.010074 0.679974 -3.698048 -10.605288 -0.708923 3.822062 -10.612862 0.683639 -11.529719 6.657681 -44.091213 -58.958305 -7.410146 -179.448929 -58.909458 179.751572 4.256375 0.179690 -8.892958 -5.882101 9.861279 0.702590 -10.936858 -0.360576 7.156196 -0.000000 8.774813 -0.000002 -16.205324 18.694016 6.091297 -1.844030 2.498503 -2.507275 -10.163589 4.678939 4.621106 -20.975996 -0.000002 0.000005 -21.226254 2.451694 -3.593992 0.000000 -0.000006 -0.000001 -1.362679 2.240796 -0.746324 -21.334887 0.584908 3.008321 -13.821194 -0.000002 0.000004 -23.887123 -0.249077 -0.839478 -60.986340 2.386292 -1.505108 -0.294024 1.679686 0.833256 -14.218190 0.093215 1.300582 -34.212006 -0.287561 0.967174 -20.033178 0.964535 1.212842 0.000000 0.000001 0.000001 -3.440386 0.788233 0.501657 -15.928167 -3.167306 2.999704 -6.338816 -0.000001 0.000002 -18.123415 3.648175 -4.905659 -0.000004 0.000000 -0.000002 -0.518360 12.743617 3.883752 25.554338 37.603096 -40.555313 -179.538910 60.680660 -179.500244 -4.483510 7.225688 -13.769911 2.243540 -5.255033 -3.180156 14.282870 -0.826591 6.952496 -0.000003 -12.690592 -0.000002 15.937801 -17.285629 2.864279 1.665663 -1.955920 -2.878297 4.727789 -4.170582 4.993918 11.020510 0.000004 -0.000001 12.109029 -3.735708 -2.866780 -0.000001 0.000000 0.000000 1.291984 -1.928548 -1.498088 14.800107 0.567470 3.865603 14.242551 -1.341735 -6.660649 19.631937 0.143928 -0.648242 49.753330 -0.865467 -5.908617 0.353029 -1.511151 -0.031940 20.222761 3.684308 2.316628 18.787241 0.000006 0.000000 10.751608 -0.479868 1.397905 -0.000000 0.000000 0.000000 3.273804 0.305947 -0.580110 21.486786 11.830368 2.266132 8.162916 0.000002 0.000000 18.399046 -3.798978 -4.940567 0.000003 0.000000 -0.000000 7.473658 18.419271 -16.868967 -0.135793 -0.318158 41.339165 -13.273227 -5.741433 -20.798697 1.617200 -1.921885 -0.121009 0.000000 0.000001 0.000002 -15.556095 -34.887196 -28.515217 0.248327 0.129586 35.216290 12.291525 0.625701 0.112846 -1.421257 0.778655 0.467104 0.000000 0.000000 -0.000001 
65.370941 92.599464 -0.072327 3.139478 4.395736 0.661563 -1.391576 -0.423706 6.348532 -0.517778 -0.761347 -2.393952 -2.397647 -3.479129 10.685995 6.714842 -0.564604 7.767786 -3.084844 -9.098424 -3.150571 2.880588 -12.136997 -16.482664 0.000077 -0.000022 0.000006 -0.010092 0.075499 0.012446 0.682468 -3.684816 -10.599497 -0.712038 3.840135 -10.610331 0.627226 -11.521233 6.715140 -44.172169 -58.917080 -7.299984 -179.363480 -58.823307 179.590988 4.212870 0.259878 -8.875061 -5.882101 9.861276 0.702589 -10.936859 -0.360576 7.156198 0.000001 8.774812 -0.000001 -16.193758 18.718487 6.114181 -1.844029 2.498503 -2.507278 -10.163589 4.678939 4.621105 -20.975996 -0.000005 0.000002 -21.226254 2.451692 -3.593992 0.000000 -0.000006 -0.000001 -1.362680 2.240796 -0.746323 -21.334887 0.584908 3.008320 -13.821197 -0.000004 0.000003 -23.887131 -0.249079 -0.839482 -61.026623 2.396834 -1.519660 -0.294025 1.679686 0.833255 -14.218190 0.093213 1.300579 -34.212002 -0.287565 0.967170 -20.033180 0.964534 1.212842 0.000001 0.000000 0.000000 -3.440387 0.788232 0.501655 -15.928167 -3.167308 2.999701 -6.338818 -0.000001 0.000001 -18.123413 3.648175 -4.905662 -0.000004 -0.000000 -0.000003 -0.530590 12.664455 3.902932 25.839197 37.717403 -40.335331 -179.719360 60.704456 -179.645844 -4.373771 7.186546 -13.620389 2.243541 -5.255032 -3.180155 14.282875 -0.826592 6.952495 -0.000001 -12.690590 -0.000000 15.898416 -17.316526 2.884444 1.665666 -1.955920 -2.878297 4.727792 -4.170584 4.993918 11.020513 0.000004 -0.000001 12.109031 -3.735709 -2.866780 -0.000001 0.000001 0.000001 1.291986 -1.928548 -1.498088 14.800113 0.567469 3.865602 14.242553 -1.341734 -6.660650 19.631937 0.143927 -0.648242 49.750397 -0.884541 -5.924420 0.353026 -1.511149 -0.031940 20.222767 3.684308 2.316627 18.787243 0.000005 -0.000000 10.751609 -0.479867 1.397904 -0.000000 0.000000 -0.000000 3.273804 0.305948 -0.580110 21.486794 11.830364 2.266131 8.162916 0.000002 -0.000000 18.399052 -3.798978 -4.940567 0.000003 0.000000 -0.000001 7.365737 18.512398 -16.860769 -0.144164 -0.326781 41.318333 -13.203679 -5.768450 -20.915117 1.619835 -1.937471 -0.079022 0.000000 -0.000000 0.000002 -15.613704 -34.799141 -28.568859 0.244523 0.127656 35.197071 12.261342 0.536159 0.216365 -1.421347 0.784630 0.445803 -0.000000 -0.000000 -0.000001 
65.429741 92.637909 -0.028118 3.151024 4.359135 0.717511 -1.434129 -0.427537 6.303793 -0.525330 -0.742341 -2.405711 -2.444603 -3.479279 10.698057 6.699886 -0.552207 7.753045 -3.082315 -9.140921 -3.140648 2.902186 -12.212137 -16.628368 0.000077 -0.000022 0.000006 -0.010641 0.075513 0.013992 0.679783 -3.682070 -10.594488 -0.710359 3.830695 -10.601541 0.546167 -11.511648 6.756378 -44.331062 -58.882458 -7.181336 -179.138107 -58.742165 179.390121 4.186704 0.298554 -8.905275 -5.882102 9.861278 0.702587 -10.936858 -0.360577 7.156197 0.000002 8.774813 -0.000001 -16.170906 18.723755 6.108008 -1.844031 2.498503 -2.507277 -10.163589 4.678937 4.621105 -20.975996 -0.000005 0.000004 -21.226250 2.451690 -3.593994 0.000000 -0.000006 -0.000001 -1.362680 2.240796 -0.746324 -21.334887 0.584906 3.008322 -13.821193 -0.000004 0.000004 -23.887125 -0.249078 -0.839479 -61.037060 2.409504 -1.543293 -0.294025 1.679686 0.833256 -14.218194 0.093213 1.300579 -34.212002 -0.287566 0.967171 -20.033176 0.964534 1.212844 0.000000 0.000001 -0.000001 -3.440386 0.788233 0.501654 -15.928165 -3.167307 2.999705 -6.338819 -0.000001 0.000001 -18.123415 3.648174 -4.905660 -0.000004 -0.000000 -0.000003 -0.536875 12.547103 3.918300 26.170866 37.829670 -40.021439 -179.738647 60.666924 -179.676208 -4.259139 7.166536 -13.431601 2.243539 -5.255033 -3.180156 14.282878 -0.826594 6.952496 -0.000001 -12.690590 -0.000001 15.886859 -17.341408 2.877291 1.665663 -1.955919 -2.878297 4.727793 -4.170585 4.993919 11.020510 0.000004 -0.000002 12.109031 -3.735710 -2.866781 -0.000001 0.000002 -0.000000 1.291984 -1.928548 -1.498088 14.800113 0.567467 3.865603 14.242554 -1.341735 -6.660651 19.631941 0.143925 -0.648244 49.798870 -0.875127 -5.924088 0.353030 -1.511148 -0.031941 20.222767 3.684305 2.316628 18.787247 0.000003 -0.000001 10.751610 -0.479867 1.397904 0.000000 0.000000 -0.000000 3.273806 0.305947 -0.580111 21.486792 11.830361 2.266132 8.162916 0.000001 -0.000001 18.399054 -3.798980 -4.940568 0.000003 0.000000 -0.000001 7.258990 18.564487 -16.815504 -0.138882 -0.321504 41.196964 -13.134646 -5.759081 -20.957439 1.622410 -1.929615 -0.031489 -0.000000 0.000000 0.000002 -15.643491 -34.723206 -28.537096 0.250940 0.119076 35.016468 12.233825 0.444064 0.336333 -1.421221 0.792239 0.425916 -0.000000 -0.000000 -0.000001 
65.455032 92.706360 0.018568 3.157444 4.294306 0.782773 -1.477975 -0.403327 6.257681 -0.529214 -0.775668 -2.427999 -2.513214 -3.456523 10.705529 6.680021 -0.562556 7.731758 -3.093863 -9.165304 -3.135811 2.945853 -12.293797 -16.742424 0.000077 -0.000021 0.000006 -0.008169 0.069072 0.011578 0.680547 -3.680905 -10.593493 -0.709244 3.815997 -10.605821 0.485696 -11.510421 6.790281 -44.339115 -58.868511 -7.218783 -178.932816 -58.682899 179.212158 4.162175 0.326806 -8.997329 -5.882100 9.861278 0.702590 -10.936859 -0.360573 7.156195 0.000002 8.774814 -0.000001 -16.170065 18.743341 6.127915 -1.844030 2.498502 -2.507276 -10.163590 4.678941 4.621105 -20.975994 -0.000004 -0.000000 -21.226254 2.451692 -3.593993 0.000000 -0.000006 -0.000002 -1.362681 2.240796 -0.746323 -21.334887 0.584907 3.008320 -13.821197 -0.000003 0.000002 -23.887131 -0.249081 -0.839481 -61.033638 2.428033 -1.529472 -0.294025 1.679686 0.833255 -14.218190 0.093214 1.300578 -34.212006 -0.287566 0.967171 -20.033175 0.964532 1.212842 0.000001 0.000001 0.000000 -3.440386 0.788234 0.501655 -15.928167 -3.167307 2.999704 -6.338818 -0.000001 -0.000001 -18.123413 3.648175 -4.905662 -0.000004 0.000000 -0.000003 -0.542042 12.440520 3.904031 26.482885 37.925888 -39.701195 -179.785828 60.637939 -179.730194 -4.221025 7.165363 -13.244123 2.243539 -5.255033 -3.180156 14.282877 -0.826593 6.952497 -0.000003 -12.690592 0.000000 15.915530 -17.340185 2.834927 1.665663 -1.955919 -2.878297 4.727791 -4.170583 4.993919 11.020513 0.000004 -0.000000 12.109030 -3.735709 -2.866777 0.000000 -0.000000 0.000000 1.291985 -1.928548 -1.498088 14.800113 0.567468 3.865604 14.242553 -1.341733 -6.660648 19.631939 0.143926 -0.648242 49.802536 -0.850512 -5.956178 0.353031 -1.511149 -0.031940 20.222769 3.684307 2.316629 18.787245 0.000005 0.000001 10.751610 -0.479868 1.397905 0.000000 0.000000 0.000000 3.273802 0.305947 -0.580110 21.486794 11.830364 2.266132 8.162916 0.000002 0.000000 18.399055 -3.798978 -4.940566 0.000003 0.000000 -0.000002 7.257672 18.564672 -16.761959 -0.145157 -0.331493 40.956367 -13.184109 -5.671829 -20.814468 1.619647 -1.928136 0.022095 -0.000000 0.000001 0.000002 -15.666803 -34.613087 -28.465240 0.251507 0.124109 34.757622 12.247589 0.342553 0.518136 -1.423626 0.793523 0.412987 -0.000000 0.000001 -0.000001 
65.504562 92.798958 0.031894 3.166446 4.243499 0.846102 -1.529595 -0.418113 6.193883 -0.549419 -0.729850 -2.431634 -2.580511 -3.484551 10.694273 6.665058 -0.564284 7.725025 -3.111641 -9.220741 -3.136622 3.000481 -12.337273 -16.853989 0.000077 -0.000024 0.000006 -0.009794 0.050816 0.012815 0.683639 -3.697566 -10.586835 -0.711032 3.791258 -10.603307 0.432433 -11.486303 6.789240 -44.368584 -58.816551 -7.274330 -178.673889 -58.614063 179.019821 4.155916 0.319316 -9.163711 -5.882102 9.861280 0.702590 -10.936861 -0.360577 7.156197 0.000001 8.774813 -0.000002 -16.148359 18.751001 6.157550 -1.844031 2.498503 -2.507275 -10.163589 4.678939 4.621105 -20.975996 -0.000004 0.000001 -21.226255 2.451693 -3.593994 0.000000 -0.000006 -0.000001 -1.362681 2.240797 -0.746323 -21.334887 0.584906 3.008322 -13.821197 -0.000003 0.000003 -23.887131 -0.249079 -0.839481 -60.992432 2.442619 -1.552351 -0.294024 1.679686 0.833255 -14.218194 0.093213 1.300578 -34.211998 -0.287565 0.967169 -20.033180 0.964534 1.212843 0.000000 0.000002 0.000000 -3.440385 0.788232 0.501655 -15.928167 -3.167307 2.999702 -6.338819 -0.000001 0.000001 -18.123417 3.648175 -4.905662 -0.000004 0.000000 -0.000003 -0.535467 12.325181 3.916785 26.721252 38.045059 -39.407322 -179.706284 60.622692 -179.696350 -4.187129 7.189582 -13.147039 2.243541 -5.255032 -3.180155 14.282873 -0.826593 6.952494 -0.000003 -12.690591 0.000002 15.980258 -17.348215 2.770693 1.665665 -1.955920 -2.878296 4.727794 -4.170583 4.993919 11.020510 0.000004 -0.000001 12.109033 -3.735709 -2.866778 -0.000001 0.000000 0.000000 1.291982 -1.928547 -1.498088 14.800114 0.567468 3.865604 14.242553 -1.341734 -6.660648 19.631939 0.143927 -0.648245 49.802620 -0.824850 -5.976861 0.353028 -1.511148 -0.031940 20.222765 3.684307 2.316628 18.787245 0.000004 0.000000 10.751610 -0.479868 1.397904 0.000000 0.000000 -0.000000 3.273804 0.305947 -0.580110 21.486790 11.830363 2.266130 8.162917 0.000001 -0.000001 18.399054 -3.798980 -4.940567 0.000003 -0.000000 -0.000002 7.174456 18.529921 -16.671089 -0.131902 -0.325085 40.655827 -13.154193 -5.555729 -20.708294 1.616328 -1.909817 0.019964 0.000000 -0.000001 0.000002 -15.656927 -34.566647 -28.332056 0.251453 0.155515 34.357624 12.258801 0.238185 0.702939 -1.423235 0.773759 0.392371 -0.000000 0.000001 -0.000001 
65.553345 92.891541 0.073847 3.175767 4.189539 0.896424 -1.582524 -0.403058 6.139660 -0.559835 -0.720139 -2.431449 -2.661121 -3.480947 10.681865 6.647718 -0.578516 7.696708 -3.130911 -9.248413 -3.129436 3.064823 -12.439216 -16.977238 0.000077 -0.000022 0.000006 -0.008625 0.056354 0.017056 0.684456 -3.684533 -10.587895 -0.713085 3.797643 -10.598138 0.377124 -11.472607 6.797962 -44.262829 -58.820587 -7.388527 -178.487442 -58.584064 178.852570 4.175574 0.315863 -9.315278 -5.882101 9.861279 0.702589 -10.936857 -0.360575 7.156198 0.000000 8.774815 -0.000001 -16.115259 18.721323 6.167023 -1.844031 2.498503 -2.507277 -10.163589 4.678940 4.621105 -20.975994 -0.000004 0.000002 -21.226255 2.451693 -3.593992 0.000000 -0.000006 -0.000000 -1.362679 2.240796 -0.746323 -21.334890 0.584907 3.008320 -13.821197 -0.000003 0.000004 -23.887131 -0.249079 -0.839480 -60.923958 2.429351 -1.532097 -0.294022 1.679686 0.833258 -14.218192 0.093213 1.300580 -34.212006 -0.287563 0.967172 -20.033180 0.964537 1.212842 0.000001 0.000000 -0.000001 -3.440385 0.788232 0.501655 -15.928171 -3.167306 2.999704 -6.338819 -0.000001 0.000001 -18.123415 3.648175 -4.905662 -0.000003 -0.000000 -0.000003 -0.526402 12.241117 3.925478 26.859196 38.117153 -39.170437 -179.587921 60.618511 -179.620621 -4.195266 7.169000 -12.988205 2.243539 -5.255034 -3.180155 14.282875 -0.826592 6.952496 -0.000002 -12.690593 -0.000000 16.042112 -17.362869 2.723649 1.665666 -1.955921 -2.878296 4.727795 -4.170583 4.993918 11.020511 0.000004 -0.000001 12.109032 -3.735712 -2.866779 0.000000 0.000000 -0.000000 1.291984 -1.928548 -1.498088 14.800111 0.567468 3.865603 14.242553 -1.341734 -6.660648 19.631937 0.143926 -0.648242 49.807514 -0.796641 -5.998399 0.353029 -1.511150 -0.031940 20.222767 3.684308 2.316628 18.787245 0.000005 0.000000 10.751610 -0.479867 1.397904 0.000000 0.000000 0.000000 3.273805 0.305946 -0.580110 21.486788 11.830363 2.266132 8.162916 0.000002 -0.000000 18.399054 -3.798979 -4.940567 0.000003 0.000000 -0.000001 7.104865 18.449020 -16.533777 -0.134529 -0.321007 40.336937 -13.100142 -5.411569 -20.626476 1.617786 -1.909721 0.020433 0.000000 -0.000001 0.000002 -15.681934 -34.461658 -28.177275 0.228926 0.133938 33.968735 12.317358 0.132393 0.912396 -1.423626 0.773492 0.424726 0.000000 0.000000 -0.000001 
65.653595 92.963188 0.117356 3.178071 4.130185 0.935281 -1.631240 -0.412172 6.081940 -0.569387 -0.684938 -2.425802 -2.729285 -3.481476 10.654722 6.624691 -0.582648 7.670352 -3.139313 -9.289505 -3.131135 3.118039 -12.516811 -17.078081 0.000077 -0.000022 0.000006 -0.009017 0.039250 0.020908 0.687752 -3.700218 -10.588544 -0.714967 3.791129 -10.599418 0.326664 -11.455161 6.800380 -44.203053 -58.825115 -7.384920 -178.318893 -58.583096 178.741837 4.246203 0.299421 -9.428391 -5.882099 9.861278 0.702591 -10.936858 -0.360575 7.156197 0.000001 8.774813 0.000000 -16.101568 18.673277 6.161834 -1.844031 2.498502 -2.507277 -10.163588 4.678941 4.621102 -20.975996 -0.000004 0.000001 -21.226254 2.451692 -3.593995 0.000000 -0.000006 -0.000003 -1.362681 2.240797 -0.746323 -21.334890 0.584908 3.008319 -13.821195 -0.000003 0.000001 -23.887129 -0.249081 -0.839482 -60.841049 2.405582 -1.509477 -0.294024 1.679686 0.833256 -14.218194 0.093215 1.300577 -34.211998 -0.287565 0.967168 -20.033178 0.964535 1.212841 0.000000 0.000001 0.000000 -3.440384 0.788232 0.501655 -15.928167 -3.167307 2.999703 -6.338817 -0.000001 0.000001 -18.123413 3.648175 -4.905662 -0.000003 -0.000000 -0.000003 -0.533449 12.157969 3.940788 26.955462 38.182728 -39.003719 -179.525177 60.628983 -179.574783 -4.204314 7.164706 -12.785706 2.243538 -5.255033 -3.180156 14.282877 -0.826594 6.952497 -0.000001 -12.690590 0.000002 16.133926 -17.375999 2.673765 1.665664 -1.955920 -2.878297 4.727793 -4.170582 4.993919 11.020513 0.000003 -0.000001 12.109035 -3.735709 -2.866778 0.000000 0.000001 0.000000 1.291984 -1.928547 -1.498088 14.800109 0.567466 3.865604 14.242551 -1.341734 -6.660649 19.631937 0.143926 -0.648243 49.792690 -0.778765 -5.991502 0.353028 -1.511149 -0.031940 20.222767 3.684307 2.316628 18.787245 0.000005 0.000001 10.751609 -0.479868 1.397904 0.000000 0.000000 0.000000 3.273803 0.305948 -0.580111 21.486792 11.830361 2.266130 8.162916 0.000001 0.000000 18.399050 -3.798980 -4.940566 0.000003 0.000000 -0.000001 7.007050 18.369284 -16.426365 -0.123335 -0.321458 40.114830 -13.001693 -5.256506 -20.615551 1.613628 -1.917826 0.002803 0.000000 -0.000001 0.000002 -15.716181 -34.355598 -28.005856 0.225796 0.114583 33.593620 12.352413 0.024517 1.032706 -1.423944 0.768405 0.447415 0.000000 0.000000 -0.000001 
65.732536 93.017395 0.161076 3.175905 4.091099 0.957114 -1.668005 -0.408755 6.058187 -0.576499 -0.674850 -2.425463 -2.792685 -3.470251 10.634137 6.608620 -0.557208 7.650284 -3.145065 -9.347015 -3.148378 3.155825 -12.583494 -17.148159 0.000077 -0.000022 0.000006 -0.007844 0.037295 0.024103 0.687735 -3.703784 -10.600667 -0.712727 3.781399 -10.615129 0.296472 -11.426204 6.822589 -44.070770 -58.837719 -7.419047 -178.389938 -58.556343 178.770599 4.280612 0.282205 -9.559030 -5.882100 9.861278 0.702590 -10.936859 -0.360575 7.156195 -0.000001 8.774814 -0.000002 -16.030365 18.638950 6.180534 -1.844031 2.498503 -2.507275 -10.163591 4.678941 4.621104 -20.975992 -0.000003 0.000001 -21.226254 2.451692 -3.593994 0.000000 -0.000006 -0.000002 -1.362682 2.240797 -0.746324 -21.334892 0.584909 3.008320 -13.821194 -0.000003 0.000003 -23.887131 -0.249079 -0.839481 -60.782738 2.388284 -1.487825 -0.294023 1.679685 0.833255 -14.218192 0.093214 1.300578 -34.212002 -0.287564 0.967171 -20.033176 0.964535 1.212841 0.000000 0.000001 0.000000 -3.440384 0.788232 0.501655 -15.928164 -3.167306 2.999702 -6.338819 -0.000001 0.000000 -18.123415 3.648177 -4.905664 -0.000004 -0.000000 -0.000003 -0.553506 12.078808 3.956091 26.973560 38.244949 -38.919746 -179.454742 60.657806 -179.518631 -4.225129 7.179522 -12.575823 2.243538 -5.255033 -3.180156 14.282878 -0.826592 6.952495 -0.000001 -12.690591 -0.000000 16.145918 -17.398373 2.652475 1.665666 -1.955920 -2.878296 4.727797 -4.170584 4.993919 11.020512 0.000003 -0.000001 12.109032 -3.735710 -2.866780 0.000000 0.000001 0.000000 1.291986 -1.928550 -1.498088 14.800114 0.567467 3.865602 14.242554 -1.341734 -6.660650 19.631939 0.143926 -0.648244 49.731407 -0.793497 -6.005245 0.353027 -1.511150 -0.031940 20.222769 3.684307 2.316627 18.787247 0.000005 -0.000001 10.751611 -0.479868 1.397904 0.000000 -0.000000 -0.000000 3.273806 0.305947 -0.580110 21.486794 11.830361 2.266130 8.162918 0.000002 -0.000001 18.399054 -3.798978 -4.940568 0.000003 -0.000000 -0.000001 6.927363 18.238464 -16.332329 -0.119547 -0.340848 39.943523 -12.932145 -5.083591 -20.630930 1.613247 -1.936455 -0.022559 0.000000 -0.000000 0.000002 -15.757010 -34.261063 -27.872635 0.227085 0.121222 33.306957 12.406631 -0.062466 1.177077 -1.423261 0.754325 0.462922 -0.000000 -0.000000 -0.000001 
65.860870 93.050011 0.201272 3.158707 4.062701 0.958678 -1.690501 -0.386614 6.051682 -0.579366 -0.688976 -2.435699 -2.838847 -3.459192 10.618234 6.596739 -0.532530 7.644171 -3.142753 -9.384632 -3.131873 3.183016 -12.672534 -17.263569 0.000077 -0.000022 0.000006 -0.007676 0.032108 0.029383 0.684941 -3.706344 -10.603182 -0.709925 3.786677 -10.615043 0.295240 -11.424600 6.851051 -43.994568 -58.841190 -7.421023 -178.512589 -58.527641 178.852570 4.272035 0.264894 -9.632739 -5.882102 9.861279 0.702589 -10.936859 -0.360575 7.156197 -0.000001 8.774815 -0.000002 -15.995381 18.601376 6.205583 -1.844033 2.498503 -2.507276 -10.163589 4.678940 4.621103 -20.976000 -0.000004 0.000002 -21.226255 2.451694 -3.593993 0.000000 -0.000006 -0.000002 -1.362682 2.240798 -0.746325 -21.334898 0.584909 3.008320 -13.821197 -0.000003 0.000002 -23.887135 -0.249078 -0.839481 -60.776386 2.387637 -1.451127 -0.294024 1.679687 0.833256 -14.218195 0.093215 1.300579 -34.212006 -0.287564 0.967168 -20.033180 0.964535 1.212841 0.000000 0.000001 0.000000 -3.440387 0.788233 0.501656 -15.928169 -3.167308 2.999703 -6.338818 -0.000002 0.000001 -18.123415 3.648178 -4.905662 -0.000003 -0.000000 -0.000003 -0.593129 12.000017 3.936008 26.897408 38.270203 -38.922474 -179.378006 60.718498 -179.498260 -4.285181 7.184827 -12.337615 2.243538 -5.255030 -3.180154 14.282877 -0.826596 6.952496 -0.000002 -12.690588 0.000003 16.128983 -17.389984 2.655511 1.665663 -1.955919 -2.878297 4.727792 -4.170583 4.993919 11.020511 0.000004 -0.000000 12.109029 -3.735709 -2.866779 0.000000 -0.000000 0.000001 1.291984 -1.928548 -1.498088 14.800117 0.567467 3.865604 14.242554 -1.341736 -6.660646 19.631941 0.143925 -0.648244 49.725407 -0.807098 -5.994073 0.353029 -1.511148 -0.031939 20.222771 3.684305 2.316628 18.787243 0.000004 0.000001 10.751611 -0.479869 1.397904 0.000000 -0.000000 -0.000000 3.273804 0.305947 -0.580110 21.486790 11.830360 2.266131 8.162918 0.000001 -0.000000 18.399054 -3.798979 -4.940566 0.000003 0.000000 -0.000001 6.851193 18.110081 -16.264629 -0.126153 -0.340232 39.878616 -12.826948 -4.948919 -20.705612 1.610684 -1.950138 -0.060884 0.000000 -0.000001 0.000002 -15.845884 -34.205544 -27.626457 0.229458 0.123108 33.033264 12.499623 -0.102333 1.140712 -1.423580 0.773229 0.471792 0.000000 0.000000 -0.000001 
66.047638 93.070206 0.198771 3.136862 4.052288 0.962215 -1.706460 -0.403868 6.033402 -0.589643 -0.664105 -2.445603 -2.868098 -3.460578 10.608378 6.576884 -0.518115 7.649601 -3.131136 -9.426380 -3.144450 3.190529 -12.722231 -17.315722 0.000077 -0.000022 0.000006 -0.010065 0.037612 0.031560 0.678716 -3.713970 -10.600150 -0.708349 3.774637 -10.615763 0.301980 -11.400063 6.899108 -44.075161 -58.883530 -7.310293 -178.578888 -58.464092 178.920212 4.280187 0.268612 -9.677792 -5.882101 9.861277 0.702590 -10.936859 -0.360573 7.156196 0.000000 8.774814 0.000000 -15.956520 18.603794 6.220454 -1.844033 2.498503 -2.507275 -10.163588 4.678939 4.621104 -20.975992 -0.000005 -0.000000 -21.226250 2.451692 -3.593994 0.000000 -0.000006 -0.000001 -1.362683 2.240799 -0.746323 -21.334894 0.584908 3.008321 -13.821195 -0.000004 0.000002 -23.887133 -0.249081 -0.839479 -60.773121 2.385872 -1.429730 -0.294023 1.679686 0.833256 -14.218190 0.093214 1.300578 -34.212002 -0.287565 0.967170 -20.033180 0.964534 1.212843 0.000000 0.000001 -0.000001 -3.440385 0.788233 0.501655 -15.928167 -3.167306 2.999703 -6.338819 -0.000001 0.000002 -18.123413 3.648177 -4.905662 -0.000003 -0.000000 -0.000003 -0.612773 11.923181 3.923175 26.861486 38.314110 -38.913609 -179.315186 60.759953 -179.420349 -4.305202 7.177205 -12.216369 2.243540 -5.255033 -3.180155 14.282879 -0.826594 6.952496 -0.000002 -12.690590 0.000001 16.027754 -17.391300 2.665908 1.665665 -1.955919 -2.878296 4.727791 -4.170583 4.993918 11.020514 0.000003 -0.000000 12.109031 -3.735709 -2.866780 -0.000001 0.000001 0.000001 1.291986 -1.928548 -1.498088 14.800113 0.567469 3.865603 14.242556 -1.341734 -6.660648 19.631941 0.143926 -0.648242 49.660049 -0.823781 -5.982347 0.353029 -1.511150 -0.031940 20.222773 3.684305 2.316628 18.787247 0.000005 -0.000001 10.751612 -0.479867 1.397903 0.000000 0.000000 -0.000000 3.273803 0.305947 -0.580110 21.486794 11.830361 2.266130 8.162916 0.000002 -0.000001 18.399054 -3.798979 -4.940567 0.000003 0.000000 -0.000001 6.661050 17.994591 -16.296749 -0.127605 -0.338272 39.908791 -12.623859 -4.806035 -20.879095 1.612663 -1.950639 -0.088959 -0.000000 0.000000 0.000002 -15.955697 -34.171207 -27.455818 0.249937 0.138705 32.708950 12.587552 -0.158321 1.348335 -1.424572 0.772842 0.453629 -0.000000 -0.000000 -0.000001 
66.171059 93.082443 0.182110 3.121437 4.028185 0.952472 -1.719926 -0.386452 6.016110 -0.596667 -0.668588 -2.452203 -2.896378 -3.467089 10.609060 6.574448 -0.530670 7.642161 -3.131715 -9.435697 -3.132097 3.209048 -12.769993 -17.356602 0.000077 -0.000022 0.000006 -0.009380 0.026822 0.033913 0.677040 -3.713851 -10.601325 -0.708006 3.776026 -10.617156 0.318933 -11.375890 6.893676 -44.160332 -58.890877 -7.203060 -178.661407 -58.431816 178.984756 4.297241 0.271139 -9.683069 -5.882101 9.861278 0.702591 -10.936858 -0.360574 7.156196 0.000001 8.774812 -0.000002 -15.937911 18.603861 6.229053 -1.844031 2.498501 -2.507275 -10.163589 4.678938 4.621104 -20.975994 -0.000003 0.000002 -21.226250 2.451692 -3.593995 0.000000 -0.000006 -0.000002 -1.362680 2.240796 -0.746321 -21.334894 0.584911 3.008322 -13.821194 -0.000003 0.000002 -23.887129 -0.249078 -0.839482 -60.798584 2.397096 -1.415124 -0.294024 1.679686 0.833256 -14.218192 0.093215 1.300579 -34.211998 -0.287564 0.967168 -20.033176 0.964534 1.212841 -0.000000 0.000001 0.000001 -3.440384 0.788233 0.501655 -15.928167 -3.167305 2.999702 -6.338818 -0.000000 0.000001 -18.123413 3.648177 -4.905662 -0.000003 -0.000000 -0.000003 -0.616364 11.866112 3.907090 26.779745 38.336830 -38.989681 -179.365799 60.757206 -179.478973 -4.370318 7.150384 -12.121535 2.243539 -5.255031 -3.180155 14.282877 -0.826594 6.952494 -0.000002 -12.690590 0.000001 15.950531 -17.373720 2.687986 1.665663 -1.955920 -2.878296 4.727796 -4.170582 4.993918 11.020513 0.000002 -0.000001 12.109032 -3.735710 -2.866779 -0.000001 0.000000 0.000001 1.291984 -1.928550 -1.498088 14.800117 0.567468 3.865603 14.242554 -1.341733 -6.660649 19.631939 0.143926 -0.648243 49.622517 -0.832902 -5.961484 0.353029 -1.511150 -0.031940 20.222767 3.684306 2.316626 18.787245 0.000006 -0.000001 10.751610 -0.479866 1.397904 0.000000 -0.000000 -0.000000 3.273804 0.305947 -0.580111 21.486792 11.830363 2.266129 8.162918 0.000002 -0.000001 18.399055 -3.798978 -4.940567 0.000003 0.000000 -0.000000 6.619733 17.916006 -16.284126 -0.137000 -0.369922 39.935246 -12.583005 -4.733230 -20.904612 1.611508 -1.939806 -0.126433 0.000000 -0.000000 0.000002 -16.026239 -34.116306 -27.343615 0.259003 0.144446 32.486320 12.645139 -0.179586 1.498111 -1.424680 0.772400 0.434038 0.000000 0.000001 -0.000001 
66.324654 93.081108 0.200181 3.099887 4.018218 0.939399 -1.733009 -0.380847 5.991840 -0.599218 -0.664068 -2.453692 -2.914901 -3.464773 10.612199 6.578303 -0.538191 7.642745 -3.122100 -9.473838 -3.142118 3.213996 -12.824948 -17.354574 0.000077 -0.000022 0.000006 -0.010865 0.032200 0.031432 0.676209 -3.712177 -10.597541 -0.705928 3.771200 -10.612048 0.305308 -11.364440 6.903871 -44.348045 -58.885025 -7.040860 -178.650070 -58.378975 178.985168 4.286496 0.308178 -9.658056 -5.882102 9.861278 0.702590 -10.936861 -0.360573 7.156196 -0.000000 8.774813 -0.000003 -15.955280 18.624004 6.240605 -1.844031 2.498503 -2.507277 -10.163591 4.678939 4.621102 -20.975996 -0.000004 0.000002 -21.226255 2.451693 -3.593993 0.000000 -0.000006 -0.000000 -1.362681 2.240797 -0.746322 -21.334890 0.584908 3.008319 -13.821197 -0.000003 0.000001 -23.887129 -0.249080 -0.839482 -60.824738 2.414445 -1.397606 -0.294026 1.679687 0.833255 -14.218192 0.093214 1.300579 -34.212002 -0.287564 0.967168 -20.033176 0.964533 1.212840 -0.000000 0.000001 -0.000001 -3.440386 0.788233 0.501655 -15.928169 -3.167308 2.999702 -6.338818 -0.000001 0.000000 -18.123415 3.648175 -4.905662 -0.000003 -0.000000 -0.000003 -0.568162 11.818732 3.903166 26.713413 38.356071 -38.999596 -179.454971 60.705235 -179.560638 -4.395875 7.097285 -12.044880 2.243538 -5.255032 -3.180155 14.282875 -0.826591 6.952496 -0.000003 -12.690592 0.000001 15.871725 -17.367035 2.681782 1.665664 -1.955919 -2.878297 4.727794 -4.170583 4.993918 11.020513 0.000004 -0.000000 12.109031 -3.735708 -2.866780 0.000000 0.000000 -0.000000 1.291985 -1.928548 -1.498088 14.800109 0.567468 3.865603 14.242553 -1.341733 -6.660650 19.631939 0.143927 -0.648243 49.622425 -0.814976 -5.937891 0.353028 -1.511149 -0.031940 20.222767 3.684306 2.316628 18.787243 0.000005 0.000000 10.751610 -0.479868 1.397905 0.000000 -0.000001 -0.000000 3.273804 0.305947 -0.580110 21.486790 11.830363 2.266130 8.162916 0.000002 0.000000 18.399050 -3.798978 -4.940566 0.000003 0.000000 -0.000000 6.594274 17.841827 -16.295040 -0.127981 -0.367523 40.010910 -12.522317 -4.699949 -20.945604 1.611502 -1.940216 -0.134776 -0.000000 -0.000001 0.000002 -16.134239 -34.075764 -27.206121 0.259575 0.139391 32.295734 12.755017 -0.228439 1.623602 -1.426841 0.784159 0.448476 0.000000 0.000001 -0.000001 
66.422905 93.072853 0.213281 3.081320 3.980453 0.917803 -1.740323 -0.397378 5.958807 -0.606222 -0.633277 -2.440408 -2.927911 -3.481649 10.616243 6.586138 -0.539083 7.621200 -3.124134 -9.533479 -3.145305 3.222138 -12.843086 -17.319427 0.000077 -0.000022 0.000006 -0.011344 0.025715 0.029329 0.678126 -3.709135 -10.599166 -0.708573 3.766426 -10.613662 0.297947 -11.341578 6.913408 -44.458683 -58.861591 -6.916646 -178.686890 -58.308407 178.969559 4.277836 0.312620 -9.520215 -5.882102 9.861278 0.702589 -10.936858 -0.360574 7.156196 0.000001 8.774814 -0.000001 -15.921155 18.634605 6.237069 -1.844031 2.498502 -2.507274 -10.163592 4.678941 4.621104 -20.975998 -0.000002 0.000002 -21.226254 2.451694 -3.593994 0.000000 -0.000006 -0.000003 -1.362679 2.240796 -0.746324 -21.334890 0.584909 3.008320 -13.821197 -0.000002 0.000004 -23.887133 -0.249078 -0.839481 -60.770546 2.426292 -1.404878 -0.294025 1.679686 0.833255 -14.218197 0.093214 1.300578 -34.212013 -0.287563 0.967170 -20.033180 0.964536 1.212841 0.000000 0.000002 0.000001 -3.440384 0.788233 0.501655 -15.928167 -3.167305 2.999704 -6.338820 -0.000000 0.000001 -18.123417 3.648176 -4.905660 -0.000003 -0.000001 -0.000002 -0.503662 11.762441 3.928608 26.591614 38.436226 -38.993382 -179.478363 60.663059 -179.612991 -4.449513 7.086097 -11.927234 2.243537 -5.255034 -3.180156 14.282877 -0.826593 6.952496 -0.000002 -12.690591 -0.000000 15.901408 -17.356506 2.691677 1.665663 -1.955921 -2.878297 4.727792 -4.170583 4.993917 11.020513 0.000003 -0.000000 12.109034 -3.735711 -2.866781 0.000001 -0.000000 0.000000 1.291984 -1.928549 -1.498088 14.800111 0.567468 3.865603 14.242553 -1.341735 -6.660648 19.631937 0.143927 -0.648245 49.675282 -0.807629 -5.932178 0.353028 -1.511149 -0.031940 20.222763 3.684308 2.316628 18.787245 0.000005 -0.000000 10.751610 -0.479867 1.397904 0.000000 0.000000 -0.000000 3.273802 0.305948 -0.580110 21.486790 11.830365 2.266132 8.162914 0.000002 -0.000000 18.399050 -3.798979 -4.940567 0.000003 0.000000 -0.000000 6.573969 17.762112 -16.292850 -0.131832 -0.384065 40.081417 -12.479033 -4.668671 -21.011036 1.616316 -1.934151 -0.142060 -0.000000 -0.000002 0.000002 -16.198608 -34.007660 -27.129808 0.269626 0.156041 32.199963 12.836952 -0.283302 1.685732 -1.428306 0.771970 0.461696 0.000000 0.000000 -0.000001 
66.526245 93.067924 0.251314 3.064389 3.936405 0.868515 -1.747049 -0.381692 5.955254 -0.606596 -0.653575 -2.434864 -2.935763 -3.473230 10.633698 6.607247 -0.533298 7.582139 -3.121889 -9.566307 -3.138061 3.225692 -12.906876 -17.304464 0.000077 -0.000022 0.000006 -0.011977 0.019251 0.029224 0.679425 -3.711151 -10.607173 -0.708653 3.770740 -10.620765 0.283389 -11.328057 6.937252 -44.466877 -58.873337 -6.842318 -178.746399 -58.246162 178.940170 4.302350 0.276636 -9.350334 -5.882102 9.861279 0.702589 -10.936861 -0.360576 7.156196 0.000000 8.774817 -0.000003 -15.921467 18.617229 6.215565 -1.844031 2.498503 -2.507277 -10.163591 4.678939 4.621103 -20.975992 -0.000005 0.000002 -21.226254 2.451692 -3.593995 -0.000000 -0.000006 0.000000 -1.362679 2.240796 -0.746324 -21.334892 0.584907 3.008322 -13.821195 -0.000005 0.000002 -23.887125 -0.249080 -0.839481 -60.743675 2.431498 -1.414728 -0.294024 1.679686 0.833257 -14.218192 0.093212 1.300578 -34.212002 -0.287568 0.967170 -20.033180 0.964532 1.212844 -0.000000 -0.000000 -0.000001 -3.440385 0.788233 0.501656 -15.928169 -3.167308 2.999704 -6.338817 -0.000001 0.000002 -18.123413 3.648176 -4.905662 -0.000003 -0.000000 -0.000003 -0.421752 11.741477 3.955479 26.426075 38.458435 -38.943642 -179.319565 60.599880 -179.558075 -4.467958 7.068000 -11.667503 2.243541 -5.255033 -3.180156 14.282873 -0.826594 6.952497 0.000000 -12.690588 0.000002 15.876998 -17.331118 2.709817 1.665665 -1.955920 -2.878297 4.727792 -4.170583 4.993918 11.020513 0.000003 -0.000000 12.109031 -3.735709 -2.866779 0.000000 0.000001 0.000000 1.291983 -1.928548 -1.498088 14.800114 0.567468 3.865604 14.242553 -1.341734 -6.660650 19.631939 0.143926 -0.648243 49.735474 -0.810525 -5.922606 0.353028 -1.511150 -0.031940 20.222767 3.684304 2.316628 18.787247 0.000003 -0.000000 10.751610 -0.479869 1.397904 0.000000 0.000000 -0.000000 3.273804 0.305947 -0.580110 21.486790 11.830360 2.266131 8.162916 0.000001 0.000000 18.399048 -3.798980 -4.940566 0.000003 -0.000000 -0.000000 6.460641 17.661205 -16.201771 -0.132624 -0.390797 40.122715 -12.345999 -4.593123 -21.220678 1.617464 -1.935669 -0.121685 0.000000 -0.000000 0.000002 -16.296865 -33.922298 -26.994492 0.255225 0.140242 32.095024 12.940214 -0.295978 1.745312 -1.428326 0.784037 0.502234 0.000000 0.000000 -0.000001 
66.622368 93.045380 0.233917 3.047534 3.860639 0.826939 -1.746643 -0.369832 5.945258 -0.610163 -0.652923 -2.432586 -2.930826 -3.474766 10.663851 6.604923 -0.514987 7.542371 -3.112372 -9.590623 -3.142155 3.193889 -12.938166 -17.289509 0.000077 -0.000023 0.000006 -0.011013 0.013784 0.030082 0.682364 -3.732492 -10.613982 -0.709232 3.755490 -10.628826 0.271913 -11.298094 6.937128 -44.490944 -58.900551 -6.719037 -178.831207 -58.208282 178.937347 4.325930 0.266774 -9.257462 -5.882101 9.861276 0.702590 -10.936857 -0.360575 7.156196 -0.000000 8.774813 -0.000001 -15.855479 18.597704 6.218840 -1.844032 2.498502 -2.507276 -10.163589 4.678941 4.621104 -20.975992 -0.000003 0.000001 -21.226250 2.451691 -3.593993 0.000000 -0.000006 -0.000000 -1.362681 2.240795 -0.746323 -21.334887 0.584907 3.008319 -13.821192 -0.000004 0.000004 -23.887131 -0.249080 -0.839480 -60.691521 2.424171 -1.428155 -0.294025 1.679685 0.833257 -14.218194 0.093214 1.300580 -34.211998 -0.287565 0.967169 -20.033180 0.964535 1.212842 -0.000000 0.000000 0.000001 -3.440385 0.788232 0.501654 -15.928167 -3.167305 2.999703 -6.338817 -0.000001 0.000000 -18.123415 3.648175 -4.905658 -0.000003 -0.000000 -0.000003 -0.338761 11.749353 3.973844 26.206261 38.498077 -38.926517 -179.249924 60.534760 -179.537735 -4.532616 7.062950 -11.351526 2.243540 -5.255033 -3.180155 14.282877 -0.826594 6.952495 -0.000000 -12.690588 -0.000000 15.903174 -17.309885 2.712970 1.665665 -1.955920 -2.878297 4.727793 -4.170583 4.993918 11.020513 0.000002 -0.000002 12.109031 -3.735710 -2.866780 0.000001 0.000001 0.000000 1.291984 -1.928548 -1.498088 14.800114 0.567469 3.865603 14.242554 -1.341735 -6.660648 19.631939 0.143925 -0.648244 49.752800 -0.833744 -5.924089 0.353030 -1.511151 -0.031940 20.222771 3.684305 2.316626 18.787249 0.000003 -0.000002 10.751610 -0.479868 1.397903 0.000000 0.000000 0.000000 3.273802 0.305947 -0.580111 21.486795 11.830360 2.266131 8.162917 0.000001 -0.000001 18.399054 -3.798979 -4.940567 0.000003 0.000000 -0.000001 6.405312 17.582880 -16.209972 -0.137331 -0.414307 40.246971 -12.273479 -4.505198 -21.349211 1.618322 -1.960148 -0.112410 -0.000000 0.000000 0.000002 -16.340254 -33.869781 -26.966150 0.254212 0.151125 32.040234 12.995198 -0.266137 1.823775 -1.427394 0.759338 0.546580 0.000000 0.000000 -0.000001 
66.707863 93.019646 0.208549 3.043558 3.758564 0.766196 -1.750634 -0.360262 5.952830 -0.610897 -0.649292 -2.428258 -2.926569 -3.466856 10.660510 6.598917 -0.480466 7.523811 -3.097156 -9.614554 -3.128897 3.173083 -13.005339 -17.314709 0.000077 -0.000022 0.000006 -0.009309 0.026665 0.032841 0.682486 -3.715743 -10.623773 -0.710025 3.772360 -10.634676 0.260208 -11.260358 6.939413 -44.427078 -58.910862 -6.683975 -178.936676 -58.174282 178.942902 4.366890 0.213506 -9.256288 -5.882102 9.861278 0.702589 -10.936859 -0.360575 7.156197 0.000002 8.774813 -0.000003 -15.836226 18.575993 6.205520 -1.844031 2.498502 -2.507275 -10.163589 4.678938 4.621104 -20.975998 -0.000003 0.000001 -21.226250 2.451693 -3.593994 0.000000 -0.000006 -0.000001 -1.362680 2.240794 -0.746322 -21.334890 0.584909 3.008321 -13.821197 -0.000003 0.000003 -23.887135 -0.249078 -0.839481 -60.659492 2.423328 -1.462037 -0.294025 1.679687 0.833256 -14.218192 0.093215 1.300580 -34.212006 -0.287564 0.967169 -20.033178 0.964535 1.212841 0.000001 -0.000000 0.000001 -3.440385 0.788232 0.501655 -15.928164 -3.167307 2.999703 -6.338817 -0.000001 0.000000 -18.123413 3.648175 -4.905663 -0.000003 -0.000000 -0.000003 -0.260932 11.778589 3.990104 26.049147 38.500622 -38.802551 -179.061127 60.418736 -179.409958 -4.581930 7.067497 -11.007182 2.243540 -5.255034 -3.180156 14.282877 -0.826594 6.952495 -0.000001 -12.690590 -0.000000 15.877737 -17.289629 2.720746 1.665665 -1.955920 -2.878297 4.727794 -4.170582 4.993917 11.020512 0.000003 -0.000001 12.109032 -3.735710 -2.866781 0.000001 0.000001 0.000000 1.291986 -1.928548 -1.498087 14.800111 0.567468 3.865603 14.242553 -1.341735 -6.660650 19.631939 0.143927 -0.648244 49.738270 -0.841663 -5.931321 0.353028 -1.511148 -0.031940 20.222767 3.684306 2.316627 18.787245 0.000004 -0.000002 10.751611 -0.479868 1.397904 0.000000 -0.000000 0.000000 3.273805 0.305947 -0.580110 21.486788 11.830361 2.266130 8.162916 0.000002 -0.000000 18.399052 -3.798978 -4.940568 0.000003 0.000000 -0.000000 6.352243 17.498350 -16.192444 -0.144251 -0.425787 40.366585 -12.208016 -4.423255 -21.474285 1.619023 -1.959890 -0.099389 -0.000000 0.000001 0.000002 -16.390358 -33.825603 -26.947750 0.260231 0.162834 32.011070 13.023042 -0.213096 1.900403 -1.426215 0.764248 0.550700 -0.000000 0.000001 -0.000001 
66.837776 92.996162 0.165045 3.030615 3.663139 0.721346 -1.743798 -0.363183 5.962268 -0.609651 -0.638335 -2.428551 -2.922498 -3.443766 10.657233 6.580645 -0.448795 7.501729 -3.080327 -9.646866 -3.121261 3.146545 -13.004681 -17.315853 0.000077 -0.000023 0.000006 -0.008313 0.014085 0.038239 0.686702 -3.734919 -10.617532 -0.708192 3.770497 -10.625668 0.256233 -11.221874 6.919790 -44.402390 -58.926968 -6.576235 -179.048172 -58.148342 179.012650 4.391767 0.180819 -9.311034 -5.882098 9.861277 0.702590 -10.936858 -0.360575 7.156195 0.000000 8.774813 -0.000003 -15.864889 18.577829 6.203655 -1.844031 2.498503 -2.507277 -10.163589 4.678939 4.621104 -20.975992 -0.000003 0.000002 -21.226250 2.451693 -3.593992 0.000000 -0.000006 -0.000001 -1.362680 2.240796 -0.746322 -21.334892 0.584909 3.008322 -13.821193 -0.000002 0.000003 -23.887125 -0.249076 -0.839481 -60.651932 2.439734 -1.484675 -0.294026 1.679686 0.833256 -14.218190 0.093215 1.300579 -34.211998 -0.287561 0.967170 -20.033178 0.964536 1.212841 -0.000000 0.000001 -0.000001 -3.440386 0.788232 0.501656 -15.928165 -3.167305 2.999705 -6.338817 -0.000001 0.000000 -18.123411 3.648178 -4.905661 -0.000003 -0.000000 -0.000003 -0.185510 11.805220 4.006641 25.888453 38.557247 -38.713902 -178.968872 60.330387 -179.319962 -4.635896 7.095128 -10.799626 2.243540 -5.255032 -3.180155 14.282875 -0.826593 6.952495 -0.000001 -12.690591 0.000000 15.851023 -17.285299 2.738538 1.665665 -1.955919 -2.878297 4.727792 -4.170584 4.993918 11.020511 0.000003 -0.000001 12.109028 -3.735711 -2.866781 0.000001 -0.000000 0.000000 1.291985 -1.928548 -1.498088 14.800109 0.567469 3.865603 14.242554 -1.341735 -6.660649 19.631935 0.143926 -0.648244 49.740192 -0.840036 -5.955333 0.353028 -1.511149 -0.031940 20.222763 3.684306 2.316628 18.787241 0.000004 0.000000 10.751609 -0.479868 1.397904 0.000000 -0.000000 0.000000 3.273804 0.305947 -0.580110 21.486788 11.830361 2.266130 8.162916 0.000001 -0.000000 18.399050 -3.798979 -4.940566 0.000003 -0.000000 -0.000001 6.268426 17.439377 -16.220022 -0.151063 -0.440526 40.514336 -12.125434 -4.335770 -21.606936 1.623354 -1.972571 -0.081809 0.000000 -0.000001 0.000002 -16.440474 -33.831215 -26.920803 0.279906 0.185351 31.901091 13.068769 -0.135912 2.047194 -1.425932 0.758791 0.553009 0.000000 0.000000 -0.000001 
66.891922 92.982605 0.139095 3.023656 3.559966 0.687309 -1.742897 -0.358420 5.965527 -0.604002 -0.649750 -2.428878 -2.913264 -3.420324 10.651944 6.556507 -0.430085 7.484731 -3.060647 -9.653417 -3.108066 3.119092 -13.016196 -17.331360 0.000077 -0.000023 0.000006 -0.007798 0.007849 0.043904 0.685949 -3.742480 -10.621187 -0.707740 3.745687 -10.627414 0.259237 -11.193029 6.897769 -44.315575 -58.918568 -6.636157 -179.113449 -58.110180 179.085846 4.386136 0.143711 -9.465116 -5.882102 9.861279 0.702590 -10.936858 -0.360575 7.156196 -0.000001 8.774815 -0.000003 -15.874373 18.600901 6.205119 -1.844030 2.498502 -2.507274 -10.163589 4.678940 4.621106 -20.975992 -0.000003 0.000000 -21.226254 2.451694 -3.593995 0.000000 -0.000006 -0.000002 -1.362678 2.240796 -0.746323 -21.334892 0.584909 3.008321 -13.821197 -0.000003 0.000003 -23.887125 -0.249079 -0.839483 -60.645477 2.423083 -1.460444 -0.294024 1.679686 0.833255 -14.218192 0.093214 1.300578 -34.211998 -0.287564 0.967170 -20.033176 0.964534 1.212841 0.000000 0.000001 -0.000001 -3.440385 0.788233 0.501654 -15.928167 -3.167307 2.999702 -6.338817 -0.000001 -0.000001 -18.123411 3.648175 -4.905663 -0.000003 -0.000000 -0.000003 -0.108810 11.858768 4.043758 25.669390 38.626614 -38.776993 -178.937836 60.236233 -179.336868 -4.681211 7.110425 -10.752047 2.243537 -5.255033 -3.180155 14.282877 -0.826594 6.952497 -0.000001 -12.690590 0.000001 15.815703 -17.251326 2.713792 1.665667 -1.955919 -2.878297 4.727794 -4.170583 4.993918 11.020513 0.000003 0.000000 12.109032 -3.735710 -2.866777 0.000000 0.000001 0.000001 1.291985 -1.928547 -1.498088 14.800113 0.567468 3.865604 14.242550 -1.341734 -6.660648 19.631937 0.143926 -0.648243 49.722694 -0.810541 -5.969279 0.353029 -1.511149 -0.031940 20.222771 3.684306 2.316629 18.787245 0.000004 0.000001 10.751612 -0.479868 1.397904 0.000000 -0.000000 0.000000 3.273805 0.305946 -0.580110 21.486788 11.830360 2.266130 8.162915 0.000001 0.000000 18.399050 -3.798979 -4.940566 0.000003 -0.000000 -0.000001 6.232557 17.363073 -16.211584 -0.150980 -0.438913 40.584267 -12.087063 -4.270326 -21.688705 1.621832 -1.974305 -0.075908 0.000000 -0.000000 0.000002 -16.441002 -33.824299 -26.936069 0.293097 0.196561 31.862513 13.116044 -0.031913 2.126683 -1.426552 0.751005 0.547048 0.000000 0.000000 -0.000001 
66.886024 92.969147 0.188232 3.019870 3.468654 0.667049 -1.746381 -0.390974 5.942451 -0.600154 -0.607340 -2.421492 -2.905965 -3.401494 10.643035 6.528878 -0.436022 7.456567 -3.045618 -9.683815 -3.103056 3.074528 -13.033637 -17.321356 0.000077 -0.000023 0.000006 -0.010069 0.007853 0.043584 0.685308 -3.740786 -10.625962 -0.710814 3.758766 -10.632146 0.253208 -11.176558 6.885862 -44.186260 -58.894917 -6.744040 -179.163971 -58.019188 179.184402 4.371545 0.098787 -9.641953 -5.882099 9.861279 0.702589 -10.936858 -0.360576 7.156196 -0.000001 8.774813 -0.000003 -15.900954 18.645706 6.216757 -1.844030 2.498501 -2.507275 -10.163587 4.678939 4.621103 -20.975992 -0.000005 0.000004 -21.226248 2.451692 -3.593995 0.000000 -0.000006 -0.000000 -1.362680 2.240796 -0.746324 -21.334887 0.584906 3.008321 -13.821194 -0.000004 0.000003 -23.887129 -0.249080 -0.839479 -60.629372 2.413885 -1.464725 -0.294024 1.679687 0.833255 -14.218190 0.093212 1.300579 -34.211998 -0.287567 0.967172 -20.033175 0.964532 1.212843 0.000001 0.000001 -0.000001 -3.440385 0.788232 0.501654 -15.928167 -3.167308 2.999705 -6.338817 -0.000002 0.000001 -18.123411 3.648175 -4.905660 -0.000003 -0.000000 -0.000003 -0.021893 11.875558 4.114124 25.432835 38.735962 -38.910645 -178.885834 60.157543 -179.326584 -4.751036 7.121471 -10.804626 2.243538 -5.255033 -3.180155 14.282871 -0.826593 6.952495 -0.000003 -12.690592 0.000002 15.821635 -17.243925 2.687511 1.665665 -1.955920 -2.878297 4.727794 -4.170583 4.993919 11.020513 0.000004 -0.000001 12.109032 -3.735711 -2.866779 0.000001 0.000001 0.000000 1.291986 -1.928548 -1.498088 14.800111 0.567468 3.865602 14.242553 -1.341733 -6.660650 19.631937 0.143928 -0.648243 49.740467 -0.791658 -5.987505 0.353028 -1.511150 -0.031940 20.222767 3.684306 2.316627 18.787245 0.000004 -0.000000 10.751609 -0.479867 1.397904 0.000000 0.000000 -0.000000 3.273804 0.305947 -0.580110 21.486792 11.830364 2.266131 8.162917 0.000001 -0.000000 18.399052 -3.798979 -4.940567 0.000003 0.000000 -0.000001 6.247297 17.273546 -16.140907 -0.148515 -0.440663 40.596043 -12.092174 -4.202393 -21.771246 1.623786 -1.967498 -0.064235 -0.000000 -0.000001 0.000002 -16.422108 -33.854683 -26.969927 0.300273 0.204009 31.948946 13.167627 0.089216 2.088263 -1.425972 0.738236 0.542725 0.000000 0.000001 -0.000001 
66.902603 92.972610 0.259584 3.013348 3.389040 0.652207 -1.752116 -0.412118 5.917967 -0.595103 -0.587592 -2.415178 -2.895591 -3.371238 10.653522 6.524415 -0.431318 7.384904 -3.046917 -9.731744 -3.090033 3.005805 -13.066392 -17.312981 0.000077 -0.000022 0.000006 -0.013752 0.007784 0.042171 0.684346 -3.734270 -10.623429 -0.715265 3.753696 -10.632966 0.230483 -11.195551 6.886651 -43.958157 -58.844864 -7.007187 -179.087051 -57.910057 179.194763 4.333535 0.068376 -9.822513 -5.882102 9.861278 0.702590 -10.936858 -0.360575 7.156198 0.000000 8.774814 -0.000001 -15.920898 18.669352 6.223240 -1.844031 2.498503 -2.507274 -10.163587 4.678938 4.621102 -20.975996 -0.000004 0.000002 -21.226250 2.451694 -3.593992 0.000000 -0.000006 -0.000003 -1.362680 2.240796 -0.746322 -21.334888 0.584908 3.008320 -13.821197 -0.000003 0.000001 -23.887125 -0.249077 -0.839479 -60.627712 2.402450 -1.461609 -0.294024 1.679685 0.833254 -14.218195 0.093214 1.300578 -34.212006 -0.287565 0.967169 -20.033178 0.964533 1.212842 0.000001 0.000000 -0.000001 -3.440386 0.788233 0.501655 -15.928167 -3.167307 2.999705 -6.338818 -0.000001 0.000000 -18.123413 3.648174 -4.905662 -0.000004 0.000000 -0.000003 0.092794 11.901447 4.196150 25.174265 38.828602 -39.064877 -178.811905 60.012142 -179.302734 -4.852600 7.109072 -10.844467 2.243539 -5.255033 -3.180156 14.282877 -0.826594 6.952496 -0.000001 -12.690591 0.000000 15.858210 -17.230455 2.661237 1.665668 -1.955920 -2.878297 4.727793 -4.170583 4.993919 11.020510 0.000002 -0.000001 12.109032 -3.735710 -2.866779 0.000000 0.000001 0.000000 1.291984 -1.928548 -1.498088 14.800109 0.567467 3.865603 14.242551 -1.341734 -6.660649 19.631939 0.143925 -0.648242 49.809151 -0.768002 -6.014039 0.353026 -1.511149 -0.031940 20.222769 3.684305 2.316629 18.787245 0.000003 -0.000000 10.751609 -0.479869 1.397904 0.000000 -0.000000 0.000000 3.273805 0.305947 -0.580110 21.486794 11.830362 2.266131 8.162916 0.000001 -0.000000 18.399054 -3.798980 -4.940567 0.000003 0.000000 -0.000001 6.248510 17.196579 -16.035704 -0.142926 -0.450656 40.551338 -12.061868 -4.129765 -21.779055 1.623299 -1.961460 -0.072336 -0.000000 -0.000002 0.000002 -16.425728 -33.901989 -26.938145 0.304495 0.198056 31.947779 13.283671 0.196007 2.087918 -1.427712 0.744168 0.527642 -0.000000 -0.000000 -0.000001 
66.985161 92.973465 0.353864 3.007509 3.328049 0.643865 -1.763614 -0.417909 5.880213 -0.584011 -0.579759 -2.408833 -2.889930 -3.347580 10.657579 6.526195 -0.419578 7.336231 -3.067134 -9.770940 -3.111676 2.914965 -13.098737 -17.265835 0.000077 -0.000022 0.000006 -0.013561 0.001279 0.038028 0.682319 -3.736580 -10.622333 -0.714625 3.753067 -10.633368 0.212331 -11.199098 6.893651 -43.774586 -58.767967 -7.209480 -179.061752 -57.781513 179.170212 4.303466 0.002992 -9.873487 -5.882098 9.861278 0.702589 -10.936859 -0.360575 7.156198 -0.000000 8.774813 -0.000001 -15.954877 18.726398 6.220756 -1.844030 2.498502 -2.507276 -10.163589 4.678939 4.621103 -20.975992 -0.000004 0.000002 -21.226254 2.451694 -3.593992 0.000000 -0.000006 -0.000001 -1.362681 2.240795 -0.746323 -21.334887 0.584909 3.008321 -13.821195 -0.000002 0.000002 -23.887129 -0.249078 -0.839480 -60.653442 2.398312 -1.454980 -0.294025 1.679688 0.833255 -14.218195 0.093214 1.300580 -34.212006 -0.287563 0.967170 -20.033176 0.964535 1.212840 0.000000 0.000002 0.000001 -3.440385 0.788231 0.501655 -15.928164 -3.167306 2.999704 -6.338817 -0.000001 0.000000 -18.123411 3.648178 -4.905661 -0.000004 -0.000000 -0.000002 0.226024 11.947416 4.305177 24.895294 38.905003 -39.156441 -178.699921 59.857071 -179.210114 -4.978405 7.053681 -10.883905 2.243539 -5.255033 -3.180156 14.282877 -0.826594 6.952497 -0.000002 -12.690591 0.000002 15.977899 -17.218769 2.618531 1.665663 -1.955919 -2.878296 4.727794 -4.170584 4.993918 11.020514 0.000004 0.000000 12.109031 -3.735711 -2.866780 0.000000 0.000001 0.000000 1.291984 -1.928548 -1.498088 14.800113 0.567468 3.865603 14.242551 -1.341735 -6.660647 19.631937 0.143926 -0.648241 49.910519 -0.741250 -6.025515 0.353028 -1.511149 -0.031940 20.222769 3.684306 2.316628 18.787245 0.000003 0.000000 10.751611 -0.479868 1.397904 -0.000000 0.000000 0.000000 3.273803 0.305947 -0.580110 21.486794 11.830363 2.266133 8.162917 0.000001 -0.000000 18.399055 -3.798980 -4.940567 0.000003 -0.000000 -0.000001 6.201941 17.125822 -15.936390 -0.137641 -0.474851 40.535244 -11.984426 -4.026522 -21.934937 1.622727 -1.982324 -0.112004 -0.000000 -0.000002 0.000002 -16.477919 -33.978809 -26.856833 0.300145 0.205881 31.884920 13.445509 0.338156 2.127886 -1.430380 0.748601 0.489173 -0.000000 -0.000000 -0.000001 
67.074013 92.985199 0.438895 3.004939 3.278828 0.637614 -1.778622 -0.452762 5.851162 -0.587002 -0.546911 -2.416508 -2.872799 -3.327681 10.662240 6.534801 -0.394230 7.270212 -3.101736 -9.827063 -3.117449 2.838076 -13.138352 -17.204706 0.000077 -0.000022 0.000006 -0.016794 -0.011775 0.029467 0.676509 -3.757499 -10.620905 -0.714546 3.732842 -10.629977 0.221348 -11.208466 6.866888 -43.640301 -58.655552 -7.304959 -179.176163 -57.627941 179.230057 4.302189 -0.036280 -9.815196 -5.882101 9.861280 0.702590 -10.936861 -0.360576 7.156196 0.000000 8.774815 -0.000001 -15.982703 18.770077 6.192397 -1.844031 2.498504 -2.507276 -10.163589 4.678940 4.621100 -20.975998 -0.000004 0.000001 -21.226255 2.451692 -3.593995 0.000000 -0.000006 -0.000003 -1.362681 2.240797 -0.746322 -21.334892 0.584907 3.008319 -13.821197 -0.000005 0.000002 -23.887131 -0.249080 -0.839480 -60.710564 2.395342 -1.443164 -0.294026 1.679687 0.833254 -14.218195 0.093214 1.300577 -34.211998 -0.287567 0.967169 -20.033180 0.964532 1.212842 -0.000000 0.000001 0.000001 -3.440384 0.788233 0.501655 -15.928169 -3.167308 2.999703 -6.338818 -0.000001 0.000000 -18.123411 3.648174 -4.905662 -0.000004 0.000000 -0.000002 0.346854 11.981924 4.425241 24.638077 39.039978 -39.130096 -178.438583 59.762108 -178.964523 -5.119593 7.013284 -10.915848 2.243541 -5.255032 -3.180155 14.282875 -0.826593 6.952496 0.000000 -12.690585 0.000001 16.148129 -17.291910 2.572092 1.665665 -1.955920 -2.878296 4.727793 -4.170583 4.993918 11.020513 0.000004 -0.000001 12.109032 -3.735709 -2.866780 0.000001 0.000001 0.000001 1.291985 -1.928547 -1.498088 14.800114 0.567469 3.865603 14.242554 -1.341735 -6.660649 19.631941 0.143924 -0.648244 50.048882 -0.719970 -6.059665 0.353030 -1.511149 -0.031940 20.222767 3.684304 2.316627 18.787249 0.000004 -0.000001 10.751610 -0.479868 1.397903 0.000000 0.000000 0.000000 3.273806 0.305947 -0.580110 21.486790 11.830360 2.266129 8.162915 0.000001 -0.000001 18.399052 -3.798979 -4.940567 0.000003 0.000000 -0.000001 6.147389 17.057081 -15.832286 -0.135158 -0.491562 40.486847 -11.867196 -3.946900 -22.099312 1.624366 -1.977076 -0.139857 0.000000 -0.000000 0.000002 -16.540300 -34.110878 -26.746872 0.317206 0.208331 31.764261 13.595250 0.498876 2.210769 -1.429817 0.736301 0.454204 -0.000000 -0.000000 -0.000001 
67.130417 92.995598 0.479530 3.000970 3.241472 0.628422 -1.786073 -0.422510 5.860968 -0.590190 -0.567918 -2.471741 -2.861232 -3.330735 10.668289 6.562879 -0.323880 7.222797 -3.153813 -9.889773 -3.137999 2.761805 -13.198837 -17.126572 0.000077 -0.000022 0.000006 -0.017578 -0.036994 0.021010 0.672694 -3.778049 -10.615939 -0.711915 3.712389 -10.628813 0.226064 -11.169322 6.847860 -43.606365 -58.548767 -7.354234 -179.202881 -57.507343 179.227676 4.301105 -0.115974 -9.692760 -5.882098 9.861278 0.702590 -10.936858 -0.360575 7.156198 -0.000001 8.774812 -0.000002 -15.952434 18.897488 6.206333 -1.844032 2.498503 -2.507275 -10.163587 4.678939 4.621103 -20.975994 -0.000003 0.000003 -21.226254 2.451692 -3.593992 -0.000000 -0.000006 -0.000001 -1.362681 2.240797 -0.746324 -21.334892 0.584909 3.008320 -13.821197 -0.000003 0.000002 -23.887131 -0.249078 -0.839481 -60.736332 2.414705 -1.427003 -0.294025 1.679685 0.833254 -14.218190 0.093214 1.300578 -34.211998 -0.287563 0.967170 -20.033176 0.964535 1.212843 0.000001 0.000001 -0.000001 -3.440385 0.788232 0.501654 -15.928167 -3.167307 2.999707 -6.338817 -0.000001 0.000001 -18.123413 3.648175 -4.905661 -0.000004 0.000001 -0.000003 0.405726 12.052459 4.510362 24.512041 39.163456 -39.114334 -178.390045 59.658928 -178.848221 -5.272787 6.912529 -10.963722 2.243540 -5.255033 -3.180156 14.282878 -0.826595 6.952495 -0.000000 -12.690590 0.000001 16.310064 -17.376072 2.522328 1.665664 -1.955920 -2.878297 4.727794 -4.170584 4.993917 11.020513 0.000004 -0.000002 12.109033 -3.735710 -2.866780 0.000001 0.000001 0.000000 1.291984 -1.928548 -1.498088 14.800111 0.567469 3.865602 14.242553 -1.341735 -6.660649 19.631939 0.143927 -0.648244 50.103981 -0.744305 -6.104024 0.353028 -1.511149 -0.031941 20.222771 3.684306 2.316627 18.787249 0.000005 -0.000001 10.751612 -0.479868 1.397904 0.000000 0.000001 0.000000 3.273804 0.305947 -0.580110 21.486794 11.830363 2.266131 8.162917 0.000002 -0.000000 18.399050 -3.798978 -4.940567 0.000003 0.000000 -0.000001 6.105593 16.967747 -15.769058 -0.145785 -0.517695 40.451469 -11.765785 -3.778781 -22.126570 1.626294 -2.009900 -0.175082 0.000000 -0.000001 0.000002 -16.545351 -34.260357 -26.689009 0.302863 0.215273 31.665649 13.699475 0.633588 2.299665 -1.429184 0.734748 0.412232 0.000000 0.000000 -0.000001 
67.079330 93.028069 0.538474 2.977127 3.254116 0.618227 -1.776039 -0.464636 5.875585 -0.604311 -0.511116 -2.540999 -2.838696 -3.351009 10.682256 6.546785 -0.212840 7.170996 -3.170072 -10.042955 -3.142136 2.696039 -13.149103 -17.076761 0.000077 -0.000022 0.000006 -0.019179 -0.099623 0.018986 0.666690 -3.852386 -10.601130 -0.707668 3.647377 -10.618786 0.239819 -11.099499 6.887819 -43.617569 -58.514336 -7.545764 -179.123703 -57.435432 179.241226 4.244321 -0.204597 -9.735403 -5.882103 9.861278 0.702590 -10.936857 -0.360575 7.156198 -0.000001 8.774813 -0.000001 -15.941415 19.061565 6.271578 -1.844029 2.498504 -2.507275 -10.163589 4.678940 4.621105 -20.975994 -0.000003 0.000001 -21.226250 2.451693 -3.593995 0.000000 -0.000006 -0.000002 -1.362681 2.240797 -0.746324 -21.334892 0.584910 3.008321 -13.821197 -0.000002 0.000004 -23.887131 -0.249076 -0.839481 -60.754871 2.496272 -1.363157 -0.294024 1.679686 0.833256 -14.218195 0.093215 1.300582 -34.212002 -0.287561 0.967172 -20.033176 0.964538 1.212843 0.000000 0.000002 -0.000001 -3.440385 0.788233 0.501656 -15.928171 -3.167305 2.999703 -6.338818 -0.000001 0.000001 -18.123415 3.648176 -4.905661 -0.000004 -0.000000 -0.000003 0.378902 12.090199 4.544692 24.556522 39.325397 -39.179523 -178.557037 59.583622 -178.924362 -5.297402 6.851691 -11.096968 2.243541 -5.255031 -3.180155 14.282877 -0.826593 6.952496 0.000002 -12.690585 -0.000001 16.296057 -17.583097 2.464022 1.665664 -1.955920 -2.878296 4.727795 -4.170583 4.993918 11.020513 0.000004 -0.000001 12.109033 -3.735707 -2.866780 0.000001 -0.000000 0.000001 1.291984 -1.928548 -1.498088 14.800114 0.567467 3.865602 14.242554 -1.341735 -6.660649 19.631939 0.143925 -0.648244 50.068165 -0.803270 -6.231716 0.353029 -1.511148 -0.031940 20.222765 3.684304 2.316627 18.787249 0.000004 -0.000001 10.751611 -0.479868 1.397903 0.000000 0.000000 0.000000 3.273804 0.305947 -0.580110 21.486794 11.830360 2.266131 8.162915 0.000001 -0.000001 18.399052 -3.798980 -4.940568 0.000003 0.000000 -0.000001 6.153852 16.798700 -15.656575 -0.146428 -0.538900 40.300777 -11.724103 -3.615614 -22.115063 1.626457 -2.050776 -0.227013 -0.000000 0.000000 0.000002 -16.485430 -34.442650 -26.614717 0.309125 0.215992 31.619081 13.723024 0.658525 2.298905 -1.431084 0.753809 0.334909 0.000000 0.000000 -0.000001 
