HIERARCHY
ROOT Hips
{
	OFFSET 0.000000 0.000000 0.000000
	CHANNELS 6 Xposition Yposition Zposition Zrotation Yrotation Xrotation 
	JOINT Spine1
	{
		OFFSET -0.013727 5.003763 -0.053727
		CHANNELS 3 Zrotation Yrotation Xrotation
		JOINT Spine2
		{
			OFFSET -0.000000 7.125302 -0.029825
			CHANNELS 3 Zrotation Yrotation Xrotation
			JOINT Chest
			{
				OFFSET -0.000001 7.550064 -0.815971
				CHANNELS 3 Zrotation Yrotation Xrotation
				JOINT Neck1
				{
					OFFSET -0.181677 26.311296 -0.553349
					CHANNELS 3 Zrotation Yrotation Xrotation
					JOINT Neck2
					{
						OFFSET -0.000003 7.709397 2.302586
						CHANNELS 3 Zrotation Yrotation Xrotation
						JOINT Head
						{
							OFFSET -0.000005 6.128913 1.953708
							CHANNELS 3 Zrotation Yrotation Xrotation
							JOINT HeadEnd
							{
								OFFSET 0.003598 16.065401 -1.835379
								CHANNELS 3 Zrotation Yrotation Xrotation
								End Site
								{
									OFFSET 0.000000 0.000000 0.000000
								}
							}
							JOINT Jaw
							{
								OFFSET 0.002637 0.475592 3.094940
								CHANNELS 3 Zrotation Yrotation Xrotation
								End Site
								{
									OFFSET 0.000000 0.000000 0.000000
								}
							}
							JOINT LeftEye
							{
								OFFSET 3.206380 5.380208 7.586883
								CHANNELS 3 Zrotation Yrotation Xrotation
								End Site
								{
									OFFSET 0.000000 0.000000 0.000000
								}
							}
							JOINT RightEye
							{
								OFFSET -3.222440 5.361867 7.558233
								CHANNELS 3 Zrotation Yrotation Xrotation
								End Site
								{
									OFFSET 0.000000 0.000000 0.000000
								}
							}
						}
					}
				}
				JOINT LeftShoulder
				{
					OFFSET 1.621652 23.237164 5.113413
					CHANNELS 3 Zrotation Yrotation Xrotation
					JOINT LeftArm
					{
						OFFSET 14.919845 -0.000000 -5.502326
						CHANNELS 3 Zrotation Yrotation Xrotation
						JOINT LeftForeArm
						{
							OFFSET 28.739309 0.000003 -0.002588
							CHANNELS 3 Zrotation Yrotation Xrotation
							JOINT LeftHand
							{
								OFFSET 27.093979 -0.000003 0.002609
								CHANNELS 3 Zrotation Yrotation Xrotation
								JOINT LeftHandThumb1
								{
									OFFSET 2.276480 -1.392045 3.191413
									CHANNELS 3 Zrotation Yrotation Xrotation
									JOINT LeftHandThumb2
									{
										OFFSET 4.012842 -1.828125 1.641655
										CHANNELS 3 Zrotation Yrotation Xrotation
										JOINT LeftHandThumb3
										{
											OFFSET 2.798516 0.000000 -0.000004
											CHANNELS 3 Zrotation Yrotation Xrotation
											JOINT LeftHandThumbEnd
											{
												OFFSET 3.180791 -0.000002 0.000003
												CHANNELS 3 Zrotation Yrotation Xrotation
												End Site
												{
													OFFSET 0.000000 0.000000 0.000000
												}
											}
										}
									}
								}
								JOINT LeftHandIndex1
								{
									OFFSET 3.247553 -0.531998 2.296170
									CHANNELS 3 Zrotation Yrotation Xrotation
									JOINT LeftHandIndex2
									{
										OFFSET 6.364580 0.012062 0.178599
										CHANNELS 3 Zrotation Yrotation Xrotation
										JOINT LeftHandIndex3
										{
											OFFSET 3.662366 0.000000 0.000000
											CHANNELS 3 Zrotation Yrotation Xrotation
											JOINT LeftHandIndex4
											{
												OFFSET 2.329243 0.000003 0.000004
												CHANNELS 3 Zrotation Yrotation Xrotation
												JOINT LeftHandIndexEnd
												{
													OFFSET 2.759619 -0.180540 -0.113024
													CHANNELS 3 Zrotation Yrotation Xrotation
													End Site
													{
														OFFSET 0.000000 0.000000 0.000000
													}
												}
											}
										}
									}
								}
								JOINT LeftHandMiddle1
								{
									OFFSET 3.163499 0.240983 1.000332
									CHANNELS 3 Zrotation Yrotation Xrotation
									JOINT LeftHandMiddle2
									{
										OFFSET 6.190777 -0.259276 -1.002548
										CHANNELS 3 Zrotation Yrotation Xrotation
										JOINT LeftHandMiddle3
										{
											OFFSET 4.356522 -0.000007 0.000000
											CHANNELS 3 Zrotation Yrotation Xrotation
											JOINT LeftHandMiddle4
											{
												OFFSET 2.996875 -0.000005 0.000001
												CHANNELS 3 Zrotation Yrotation Xrotation
												JOINT LeftHandMiddleEnd
												{
													OFFSET 2.304294 -0.294571 -0.031740
													CHANNELS 3 Zrotation Yrotation Xrotation
													End Site
													{
														OFFSET 0.000000 0.000000 0.000000
													}
												}
											}
										}
									}
								}
								JOINT LeftHandRing1
								{
									OFFSET 2.882642 -0.053650 -0.322543
									CHANNELS 3 Zrotation Yrotation Xrotation
									JOINT LeftHandRing2
									{
										OFFSET 5.854541 -0.486204 -1.373841
										CHANNELS 3 Zrotation Yrotation Xrotation
										JOINT LeftHandRing3
										{
											OFFSET 4.350581 -0.000000 0.000004
											CHANNELS 3 Zrotation Yrotation Xrotation
											JOINT LeftHandRing4
											{
												OFFSET 2.651324 0.000009 0.000004
												CHANNELS 3 Zrotation Yrotation Xrotation
												JOINT LeftHandRingEnd
												{
													OFFSET 1.936110 0.077685 -0.000070
													CHANNELS 3 Zrotation Yrotation Xrotation
													End Site
													{
														OFFSET 0.000000 0.000000 0.000000
													}
												}
											}
										}
									}
								}
								JOINT LeftHandPinky1
								{
									OFFSET 2.865499 -0.310004 -1.600378
									CHANNELS 3 Zrotation Yrotation Xrotation
									JOINT LeftHandPinky2
									{
										OFFSET 5.087852 -1.331142 -1.771231
										CHANNELS 3 Zrotation Yrotation Xrotation
										JOINT LeftHandPinky3
										{
											OFFSET 3.070976 0.000004 0.000000
											CHANNELS 3 Zrotation Yrotation Xrotation
											JOINT LeftHandPinky4
											{
												OFFSET 1.549667 0.000000 0.000001
												CHANNELS 3 Zrotation Yrotation Xrotation
												JOINT LeftHandPinkyEnd
												{
													OFFSET 1.944894 -0.157802 0.057219
													CHANNELS 3 Zrotation Yrotation Xrotation
													End Site
													{
														OFFSET 0.000000 0.000000 0.000000
													}
												}
											}
										}
									}
								}
							}
						}
					}
				}
				JOINT RightShoulder
				{
					OFFSET -1.380118 23.180307 5.214158
					CHANNELS 3 Zrotation Yrotation Xrotation
					JOINT RightArm
					{
						OFFSET -15.037197 0.000013 -5.545604
						CHANNELS 3 Zrotation Yrotation Xrotation
						JOINT RightForeArm
						{
							OFFSET -28.736639 0.000001 -0.002598
							CHANNELS 3 Zrotation Yrotation Xrotation
							JOINT RightHand
							{
								OFFSET -27.133619 0.000001 0.002612
								CHANNELS 3 Zrotation Yrotation Xrotation
								JOINT RightHandThumb1
								{
									OFFSET -2.274037 -1.383990 3.163127
									CHANNELS 3 Zrotation Yrotation Xrotation
									JOINT RightHandThumb2
									{
										OFFSET -4.011429 -1.827468 1.640914
										CHANNELS 3 Zrotation Yrotation Xrotation
										JOINT RightHandThumb3
										{
											OFFSET -2.794934 -0.000003 -0.000003
											CHANNELS 3 Zrotation Yrotation Xrotation
											JOINT RightHandThumbEnd
											{
												OFFSET -3.183855 0.000003 0.000001
												CHANNELS 3 Zrotation Yrotation Xrotation
												End Site
												{
													OFFSET 0.000000 0.000000 0.000000
												}
											}
										}
									}
								}
								JOINT RightHandIndex1
								{
									OFFSET -3.253269 -0.520060 2.282866
									CHANNELS 3 Zrotation Yrotation Xrotation
									JOINT RightHandIndex2
									{
										OFFSET -6.341918 0.012473 0.178265
										CHANNELS 3 Zrotation Yrotation Xrotation
										JOINT RightHandIndex3
										{
											OFFSET -3.654874 -0.000009 -0.000001
											CHANNELS 3 Zrotation Yrotation Xrotation
											JOINT RightHandIndex4
											{
												OFFSET -2.327587 0.000001 0.000001
												CHANNELS 3 Zrotation Yrotation Xrotation
												JOINT RightHandIndexEnd
												{
													OFFSET -2.761788 -0.180657 -0.113079
													CHANNELS 3 Zrotation Yrotation Xrotation
													End Site
													{
														OFFSET 0.000000 0.000000 0.000000
													}
												}
											}
										}
									}
								}
								JOINT RightHandMiddle1
								{
									OFFSET -3.168105 0.246593 1.001030
									CHANNELS 3 Zrotation Yrotation Xrotation
									JOINT RightHandMiddle2
									{
										OFFSET -6.180829 -0.258836 -1.000896
										CHANNELS 3 Zrotation Yrotation Xrotation
										JOINT RightHandMiddle3
										{
											OFFSET -4.348905 -0.000001 -0.000001
											CHANNELS 3 Zrotation Yrotation Xrotation
											JOINT RightHandMiddle4
											{
												OFFSET -3.000243 -0.000004 -0.000002
												CHANNELS 3 Zrotation Yrotation Xrotation
												JOINT RightHandMiddleEnd
												{
													OFFSET -2.302518 -0.294372 -0.031706
													CHANNELS 3 Zrotation Yrotation Xrotation
													End Site
													{
														OFFSET 0.000000 0.000000 0.000000
													}
												}
											}
										}
									}
								}
								JOINT RightHandRing1
								{
									OFFSET -2.885694 -0.067952 -0.308858
									CHANNELS 3 Zrotation Yrotation Xrotation
									JOINT RightHandRing2
									{
										OFFSET -5.854197 -0.486132 -1.373732
										CHANNELS 3 Zrotation Yrotation Xrotation
										JOINT RightHandRing3
										{
											OFFSET -4.338814 -0.000003 -0.000000
											CHANNELS 3 Zrotation Yrotation Xrotation
											JOINT RightHandRing4
											{
												OFFSET -2.654905 -0.000005 0.000004
												CHANNELS 3 Zrotation Yrotation Xrotation
												JOINT RightHandRingEnd
												{
													OFFSET -1.933570 0.077524 -0.000052
													CHANNELS 3 Zrotation Yrotation Xrotation
													End Site
													{
														OFFSET 0.000000 0.000000 0.000000
													}
												}
											}
										}
									}
								}
								JOINT RightHandPinky1
								{
									OFFSET -2.866429 -0.342798 -1.584145
									CHANNELS 3 Zrotation Yrotation Xrotation
									JOINT RightHandPinky2
									{
										OFFSET -5.091369 -1.332054 -1.772385
										CHANNELS 3 Zrotation Yrotation Xrotation
										JOINT RightHandPinky3
										{
											OFFSET -3.062666 -0.000007 0.000000
											CHANNELS 3 Zrotation Yrotation Xrotation
											JOINT RightHandPinky4
											{
												OFFSET -1.546526 0.000004 -0.000002
												CHANNELS 3 Zrotation Yrotation Xrotation
												JOINT RightHandPinkyEnd
												{
													OFFSET -1.945122 -0.157720 0.057211
													CHANNELS 3 Zrotation Yrotation Xrotation
													End Site
													{
														OFFSET 0.000000 0.000000 0.000000
													}
												}
											}
										}
									}
								}
							}
						}
					}
				}
			}
		}
	}
	JOINT LeftLeg
	{
		OFFSET 10.043214 -8.434527 2.595655
		CHANNELS 3 Zrotation Yrotation Xrotation
		JOINT LeftShin
		{
			OFFSET -0.000001 -43.221752 -0.802913
			CHANNELS 3 Zrotation Yrotation Xrotation
			JOINT LeftFoot
			{
				OFFSET 0.000001 -42.155094 -3.481523
				CHANNELS 3 Zrotation Yrotation Xrotation
				JOINT LeftToeBase
				{
					OFFSET 0.000000 -5.059475 13.231529
					CHANNELS 3 Zrotation Yrotation Xrotation
					JOINT LeftToeEnd
					{
						OFFSET -0.009607 -1.647615 6.513017
						CHANNELS 3 Zrotation Yrotation Xrotation
						End Site
						{
							OFFSET 0.000000 0.000000 0.000000
						}
					}
				}
			}
		}
	}
	JOINT RightLeg
	{
		OFFSET -10.047277 -8.295259 2.620317
		CHANNELS 3 Zrotation Yrotation Xrotation
		JOINT RightShin
		{
			OFFSET 0.000001 -43.362209 -0.805556
			CHANNELS 3 Zrotation Yrotation Xrotation
			JOINT RightFoot
			{
				OFFSET 0.000002 -42.117393 -3.478399
				CHANNELS 3 Zrotation Yrotation Xrotation
				JOINT RightToeBase
				{
					OFFSET -0.000001 -5.079609 13.284196
					CHANNELS 3 Zrotation Yrotation Xrotation
					JOINT RightToeEnd
					{
						OFFSET 0.009532 -1.634383 6.460591
						CHANNELS 3 Zrotation Yrotation Xrotation
						End Site
						{
							OFFSET 0.000000 0.000000 0.000000
						}
					}
				}
			}
		}
	}
}
MOTION
Frames: 120
Frame Time: 0.033333
2.882354 95.994225 5.461991 0.005396 -0.099193 2.268648 -0.527860 -0.220294 0.271325 -0.917530 -1.123149 -4.674670 -1.841375 -3.407795 10.317251 -7.111773 8.116897 13.798163 2.566730 12.477397 -3.200755 -4.188137 14.596316 -12.315688 0.000077 -0.000021 0.000007 0.024864 -0.181276 -0.014995 0.764570 -3.928843 -10.677605 -0.721893 3.576373 -10.638827 2.145688 -8.888889 12.056808 -16.753216 -30.679686 -57.038158 179.972229 -54.701962 -179.698303 6.927390 -8.716745 -2.874288 -5.882101 9.861278 0.702591 -10.936858 -0.360574 7.156195 0.000001 8.774813 -0.000002 -16.997370 17.836637 5.553640 -1.844028 2.498503 -2.507277 -10.163589 4.678939 4.621103 -20.975996 -0.000006 0.000000 -21.226255 2.451690 -3.593994 0.000001 -0.000007 -0.000000 -1.362682 2.240796 -0.746323 -21.334887 0.584907 3.008318 -13.821197 -0.000004 0.000001 -23.887129 -0.249079 -0.839481 -60.667252 2.537536 -1.353006 -0.294023 1.679686 0.833255 -14.218195 0.093213 1.300578 -34.211998 -0.287567 0.967169 -20.033180 0.964533 1.212842 0.000001 0.000002 -0.000000 -3.440387 0.788233 0.501655 -15.928164 -3.167307 2.999702 -6.338815 -0.000002 0.000002 -18.123415 3.648174 -4.905663 -0.000004 -0.000001 -0.000002 0.308791 -1.492621 13.854647 47.967442 81.807068 -1.958416 -179.642792 43.781864 -179.543411 -7.308674 -1.937536 -13.134981 2.243542 -5.255033 -3.180157 14.282877 -0.826593 6.952496 -0.000002 -12.690588 0.000001 16.187668 -17.715322 2.351356 1.665665 -1.955920 -2.878298 4.727794 -4.170583 4.993918 11.020514 0.000004 -0.000002 12.109034 -3.735710 -2.866781 0.000000 0.000000 0.000001 1.291985 -1.928547 -1.498089 14.800114 0.567468 3.865602 14.242554 -1.341734 -6.660650 19.631941 0.143925 -0.648245 49.703735 -0.898953 -6.425120 0.353027 -1.511149 -0.031940 20.222773 3.684304 2.316627 18.787245 0.000005 -0.000002 10.751611 -0.479868 1.397903 -0.000000 -0.000001 0.000000 3.273804 0.305946 -0.580109 21.486790 11.830360 2.266129 8.162916 0.000002 -0.000000 18.399050 -3.798979 -4.940567 0.000003 0.000000 -0.000001 12.020196 16.619402 -24.375454 -0.177588 -0.599102 20.776358 -12.800655 0.703091 7.361221 1.646716 -1.797115 0.320497 0.000000 0.000000 0.000002 -8.881931 -5.474301 -8.408571 0.159810 0.485113 28.326078 11.782025 0.236475 -19.282352 -1.433179 1.001371 -0.124861 0.000000 0.000000 -0.000001 
2.900252 95.970284 5.589289 0.046545 -0.222931 2.138633 -0.548747 -0.202265 0.238531 -0.863285 -1.179796 -4.717435 -1.875478 -3.379196 10.425481 -7.235369 8.073745 13.761811 2.597266 12.658524 -3.196048 -4.218936 14.763100 -12.240781 0.000077 -0.000021 0.000007 0.029252 -0.173863 -0.013949 0.759900 -3.924576 -10.708510 -0.710726 3.592031 -10.672928 1.986771 -8.812613 12.041862 -16.700371 -30.684858 -56.727684 179.840942 -54.734634 -179.776825 6.946332 -9.008649 -3.395289 -5.882102 9.861278 0.702588 -10.936860 -0.360575 7.156198 0.000001 8.774816 0.000000 -16.916039 17.815125 5.621029 -1.844031 2.498503 -2.507277 -10.163591 4.678941 4.621105 -20.975994 -0.000005 0.000002 -21.226248 2.451694 -3.593994 0.000001 -0.000006 -0.000001 -1.362680 2.240797 -0.746324 -21.334892 0.584909 3.008321 -13.821195 -0.000004 0.000002 -23.887129 -0.249077 -0.839481 -60.624107 2.455429 -1.277534 -0.294026 1.679686 0.833255 -14.218190 0.093214 1.300577 -34.212006 -0.287562 0.967170 -20.033176 0.964535 1.212841 0.000000 0.000002 -0.000000 -3.440387 0.788233 0.501655 -15.928167 -3.167306 2.999705 -6.338814 -0.000001 0.000001 -18.123413 3.648176 -4.905662 -0.000004 -0.000001 -0.000002 0.380276 -1.542099 13.946661 48.067692 81.911812 -2.004145 -179.768280 43.760010 -179.675583 -7.310286 -1.886693 -13.580665 2.243541 -5.255032 -3.180157 14.282878 -0.826594 6.952497 -0.000002 -12.690587 0.000001 16.175459 -17.638624 2.374211 1.665665 -1.955920 -2.878295 4.727792 -4.170582 4.993919 11.020511 0.000003 -0.000002 12.109033 -3.735708 -2.866779 0.000001 -0.000000 -0.000000 1.291984 -1.928548 -1.498086 14.800114 0.567466 3.865603 14.242553 -1.341734 -6.660649 19.631939 0.143923 -0.648243 49.598030 -0.904770 -6.345932 0.353028 -1.511149 -0.031940 20.222771 3.684305 2.316629 18.787245 0.000005 0.000001 10.751610 -0.479867 1.397905 -0.000000 0.000001 0.000000 3.273805 0.305946 -0.580110 21.486794 11.830361 2.266132 8.162915 0.000003 -0.000000 18.399054 -3.798977 -4.940567 0.000003 -0.000002 -0.000001 12.135561 16.281330 -24.215534 -0.177946 -0.569950 21.064917 -12.740509 1.050856 7.044244 1.646856 -1.822068 0.313230 0.000000 -0.000000 0.000002 -8.979842 -5.490357 -8.200564 0.134520 0.467512 28.308981 11.827735 0.459012 -19.331514 -1.435465 0.992873 -0.144588 0.000000 0.000000 -0.000001 
3.012914 95.906387 5.792047 0.077162 -0.272896 2.035386 -0.535787 -0.206498 0.187550 -0.850882 -1.182542 -4.751651 -1.911073 -3.371342 10.476067 -7.309074 8.014319 13.786337 2.622228 12.822118 -3.205057 -4.250401 14.900979 -12.199106 0.000077 -0.000022 0.000006 0.030924 -0.167725 -0.007505 0.753351 -3.921240 -10.728222 -0.701859 3.593186 -10.695562 1.924531 -8.800460 11.974874 -16.791008 -30.721632 -56.433277 179.942520 -54.771206 -179.922684 6.880239 -9.242531 -3.835594 -5.882100 9.861278 0.702589 -10.936858 -0.360576 7.156196 0.000002 8.774812 -0.000002 -16.822874 17.787399 5.672380 -1.844031 2.498502 -2.507274 -10.163591 4.678940 4.621106 -20.975996 -0.000004 0.000003 -21.226255 2.451694 -3.593992 -0.000000 -0.000006 -0.000000 -1.362680 2.240796 -0.746323 -21.334887 0.584907 3.008321 -13.821195 -0.000004 0.000001 -23.887129 -0.249081 -0.839479 -60.650539 2.446692 -1.272787 -0.294026 1.679687 0.833255 -14.218190 0.093213 1.300579 -34.212006 -0.287563 0.967172 -20.033175 0.964535 1.212843 -0.000000 0.000001 -0.000000 -3.440384 0.788233 0.501656 -15.928169 -3.167309 2.999705 -6.338817 -0.000003 0.000001 -18.123413 3.648174 -4.905658 -0.000003 -0.000001 -0.000002 0.446534 -1.592544 13.971162 48.830276 81.961311 -1.452654 -179.937683 43.821026 -179.801025 -7.294246 -1.827513 -13.978263 2.243539 -5.255032 -3.180156 14.282878 -0.826594 6.952495 -0.000001 -12.690588 0.000003 16.068878 -17.573782 2.375066 1.665663 -1.955919 -2.878296 4.727797 -4.170584 4.993918 11.020513 0.000002 -0.000002 12.109032 -3.735710 -2.866780 0.000000 0.000000 0.000000 1.291984 -1.928548 -1.498090 14.800114 0.567467 3.865603 14.242553 -1.341736 -6.660649 19.631937 0.143925 -0.648245 49.498024 -0.895291 -6.352742 0.353029 -1.511149 -0.031941 20.222773 3.684305 2.316629 18.787249 0.000004 0.000001 10.751612 -0.479870 1.397904 -0.000000 -0.000001 0.000000 3.273806 0.305947 -0.580111 21.486792 11.830362 2.266130 8.162916 -0.000000 0.000000 18.399054 -3.798978 -4.940568 0.000003 0.000000 -0.000001 12.157207 16.052065 -24.210413 -0.165204 -0.525614 21.628357 -12.624168 1.232450 6.453837 1.643718 -1.821444 0.395148 0.000000 -0.000000 0.000002 -9.136584 -5.519254 -7.892950 0.136603 0.459978 28.174700 11.918343 0.652511 -19.528181 -1.437863 0.993813 -0.117918 0.000000 0.000000 -0.000001 
3.034086 95.838654 5.911282 0.071445 -0.321277 1.954942 -0.512696 -0.186882 0.121597 -0.844985 -1.208519 -4.781734 -1.918236 -3.380461 10.494400 -7.392038 7.989701 13.830386 2.662553 12.932396 -3.233621 -4.251048 15.029291 -12.135114 0.000077 -0.000024 0.000007 0.032181 -0.179779 -0.007508 0.747608 -3.929407 -10.738895 -0.693776 3.583135 -10.707223 1.912782 -8.757823 11.916916 -16.990149 -30.752197 -56.146206 -179.870102 -54.780064 179.883896 6.793918 -9.390378 -4.147657 -5.882101 9.861279 0.702591 -10.936858 -0.360575 7.156196 0.000001 8.774813 -0.000001 -16.746996 17.765030 5.703930 -1.844031 2.498503 -2.507276 -10.163589 4.678940 4.621102 -20.975992 -0.000004 -0.000001 -21.226254 2.451692 -3.593995 0.000000 -0.000008 -0.000000 -1.362679 2.240797 -0.746322 -21.334887 0.584909 3.008320 -13.821197 -0.000002 -0.000000 -23.887125 -0.249079 -0.839483 -60.648895 2.472714 -1.287629 -0.294026 1.679686 0.833255 -14.218190 0.093215 1.300578 -34.211998 -0.287562 0.967168 -20.033178 0.964535 1.212840 0.000000 0.000000 0.000000 -3.440383 0.788233 0.501654 -15.928167 -3.167306 2.999703 -6.338816 -0.000000 0.000002 -18.123411 3.648178 -4.905664 -0.000004 -0.000002 -0.000002 0.499391 -1.605594 13.962039 49.630184 81.927582 -0.964981 179.884293 43.918751 -179.970566 -7.249657 -1.785233 -14.455820 2.243541 -5.255033 -3.180156 14.282873 -0.826593 6.952497 -0.000001 -12.690590 0.000000 15.944499 -17.563509 2.386773 1.665666 -1.955921 -2.878296 4.727792 -4.170582 4.993919 11.020515 0.000004 0.000000 12.109033 -3.735708 -2.866780 0.000000 0.000000 0.000000 1.291982 -1.928548 -1.498088 14.800117 0.567468 3.865605 14.242553 -1.341733 -6.660648 19.631939 0.143925 -0.648242 49.479156 -0.888408 -6.355249 0.353030 -1.511149 -0.031941 20.222771 3.684306 2.316629 18.787247 0.000005 0.000001 10.751610 -0.479869 1.397905 -0.000000 -0.000001 0.000000 3.273805 0.305947 -0.580110 21.486795 11.830363 2.266134 8.162916 0.000002 0.000000 18.399054 -3.798977 -4.940567 0.000003 -0.000001 -0.000001 12.237496 15.924560 -24.235163 -0.146656 -0.487253 22.070465 -12.529638 1.359617 6.060006 1.640123 -1.823328 0.453741 -0.000000 0.000000 0.000002 -9.179898 -5.550201 -7.692672 0.130403 0.438150 28.090057 11.981472 0.774315 -19.779972 -1.438662 1.010497 -0.067724 0.000000 0.000000 -0.000001 
3.039757 95.786980 6.042294 0.047160 -0.355602 1.904291 -0.493285 -0.159112 0.037526 -0.841473 -1.248710 -4.815495 -1.902489 -3.375299 10.514404 -7.479939 7.975130 13.861973 2.713172 13.044678 -3.229001 -4.238356 15.115756 -12.054860 0.000077 -0.000023 0.000007 0.028018 -0.161917 -0.007226 0.739874 -3.912788 -10.736189 -0.693533 3.581327 -10.704534 1.924644 -8.718692 11.896619 -17.216246 -30.787827 -55.867001 -179.743195 -54.732128 179.778503 6.640100 -9.451755 -4.339138 -5.882102 9.861279 0.702591 -10.936861 -0.360575 7.156196 0.000001 8.774814 -0.000003 -16.669165 17.743568 5.730150 -1.844031 2.498503 -2.507274 -10.163589 4.678940 4.621105 -20.975992 -0.000005 0.000002 -21.226250 2.451694 -3.593992 0.000000 -0.000007 -0.000000 -1.362682 2.240797 -0.746322 -21.334887 0.584908 3.008321 -13.821197 -0.000002 0.000002 -23.887133 -0.249078 -0.839482 -60.643478 2.485855 -1.317298 -0.294024 1.679686 0.833255 -14.218194 0.093216 1.300580 -34.212002 -0.287564 0.967169 -20.033180 0.964535 1.212842 0.000000 0.000000 0.000000 -3.440384 0.788233 0.501655 -15.928169 -3.167306 2.999704 -6.338815 -0.000001 0.000002 -18.123415 3.648176 -4.905662 -0.000004 -0.000002 -0.000002 0.568734 -1.602124 13.980736 50.528839 81.883171 -0.199343 179.847992 43.952259 179.920883 -7.164452 -1.833726 -14.726434 2.243539 -5.255031 -3.180156 14.282873 -0.826593 6.952496 -0.000002 -12.690590 0.000001 15.854321 -17.557962 2.374207 1.665664 -1.955919 -2.878296 4.727791 -4.170584 4.993919 11.020513 0.000004 0.000000 12.109034 -3.735709 -2.866780 0.000000 0.000000 0.000001 1.291982 -1.928547 -1.498088 14.800117 0.567466 3.865602 14.242551 -1.341733 -6.660649 19.631939 0.143925 -0.648244 49.430363 -0.875841 -6.360014 0.353027 -1.511149 -0.031939 20.222769 3.684305 2.316628 18.787245 0.000004 -0.000000 10.751610 -0.479869 1.397903 0.000000 0.000001 -0.000000 3.273804 0.305946 -0.580109 21.486794 11.830362 2.266131 8.162916 -0.000001 0.000001 18.399052 -3.798978 -4.940567 0.000003 -0.000001 -0.000001 12.325667 15.860811 -24.247494 -0.141053 -0.474017 22.423599 -12.460378 1.465556 5.723853 1.639447 -1.827149 0.452786 0.000000 0.000000 0.000002 -9.181117 -5.531193 -7.465414 0.136916 0.422163 27.902737 12.064707 0.843404 -20.017302 -1.439195 1.025441 -0.030068 0.000000 0.000000 -0.000001 
3.083398 95.762238 6.154892 0.008625 -0.357802 1.881680 -0.472736 -0.157520 -0.055028 -0.839421 -1.245916 -4.842645 -1.873894 -3.411030 10.505635 -7.564339 7.993677 13.837845 2.762477 13.172177 -3.221192 -4.197381 15.227038 -11.957947 0.000077 -0.000023 0.000006 0.025023 -0.168155 -0.005801 0.732898 -3.912214 -10.719824 -0.694373 3.577617 -10.689169 1.929317 -8.676605 11.869746 -17.449682 -30.826578 -55.575390 -179.629669 -54.687904 179.661163 6.472711 -9.457932 -4.543564 -5.882101 9.861279 0.702590 -10.936859 -0.360572 7.156198 0.000002 8.774814 0.000000 -16.666622 17.709908 5.694934 -1.844028 2.498504 -2.507276 -10.163588 4.678941 4.621105 -20.975994 -0.000004 0.000001 -21.226250 2.451694 -3.593994 0.000000 -0.000007 -0.000000 -1.362680 2.240796 -0.746325 -21.334892 0.584908 3.008321 -13.821194 -0.000001 0.000002 -23.887125 -0.249077 -0.839481 -60.563469 2.486217 -1.374921 -0.294026 1.679686 0.833255 -14.218190 0.093215 1.300580 -34.211998 -0.287562 0.967171 -20.033178 0.964537 1.212842 0.000000 0.000001 0.000000 -3.440383 0.788233 0.501655 -15.928167 -3.167305 2.999704 -6.338815 -0.000002 0.000003 -18.123411 3.648178 -4.905660 -0.000004 -0.000001 -0.000002 0.657755 -1.597897 13.986713 51.568428 81.881142 0.863500 179.917221 44.012424 179.892166 -7.072823 -1.930980 -14.855261 2.243541 -5.255033 -3.180156 14.282877 -0.826594 6.952496 -0.000003 -12.690591 0.000002 15.841713 -17.600483 2.389273 1.665664 -1.955920 -2.878296 4.727793 -4.170582 4.993919 11.020511 0.000003 -0.000001 12.109032 -3.735708 -2.866779 0.000000 -0.000001 -0.000000 1.291983 -1.928547 -1.498088 14.800111 0.567468 3.865603 14.242550 -1.341734 -6.660651 19.631935 0.143926 -0.648243 49.411495 -0.877938 -6.356592 0.353028 -1.511149 -0.031939 20.222769 3.684306 2.316629 18.787245 0.000006 0.000001 10.751610 -0.479867 1.397904 0.000001 -0.000001 -0.000000 3.273805 0.305947 -0.580110 21.486790 11.830364 2.266130 8.162916 -0.000001 -0.000000 18.399054 -3.798980 -4.940567 0.000003 -0.000003 -0.000001 12.377264 15.786000 -24.234520 -0.127585 -0.461677 22.613911 -12.403064 1.560785 5.433202 1.640737 -1.830161 0.421844 -0.000000 0.000000 0.000002 -9.170188 -5.521269 -7.204068 0.134003 0.435296 27.564405 12.181026 0.824510 -20.174393 -1.439794 1.030386 -0.031807 0.000000 0.000000 -0.000001 
3.142693 95.778557 6.299708 -0.024483 -0.359117 1.878287 -0.461040 -0.125444 -0.139867 -0.833168 -1.275441 -4.884090 -1.844773 -3.426225 10.497436 -7.592176 8.005716 13.789505 2.771631 13.283487 -3.219861 -4.127352 15.267754 -11.823510 0.000077 -0.000023 0.000006 0.022905 -0.162221 -0.002082 0.730821 -3.891961 -10.722797 -0.697184 3.594281 -10.694989 1.958070 -8.624737 11.848061 -17.649775 -30.909412 -55.267879 -179.604431 -54.693527 179.628632 6.275340 -9.464769 -4.731882 -5.882102 9.861278 0.702590 -10.936861 -0.360574 7.156197 0.000000 8.774812 0.000000 -16.657810 17.690336 5.662787 -1.844030 2.498503 -2.507275 -10.163589 4.678939 4.621104 -20.975994 -0.000004 0.000000 -21.226250 2.451693 -3.593994 0.000000 -0.000007 -0.000000 -1.362682 2.240795 -0.746323 -21.334888 0.584908 3.008321 -13.821192 -0.000002 0.000002 -23.887125 -0.249078 -0.839482 -60.539883 2.489050 -1.409913 -0.294024 1.679685 0.833256 -14.218190 0.093215 1.300578 -34.211998 -0.287562 0.967167 -20.033175 0.964535 1.212839 -0.000000 0.000001 0.000000 -3.440387 0.788232 0.501655 -15.928167 -3.167306 2.999704 -6.338814 -0.000001 0.000001 -18.123413 3.648178 -4.905661 -0.000004 -0.000000 -0.000002 0.759755 -1.570834 14.021977 51.831318 81.859024 1.222074 179.964935 44.024193 179.847397 -7.030277 -1.994378 -14.762750 2.243539 -5.255032 -3.180155 14.282873 -0.826594 6.952495 -0.000000 -12.690586 0.000000 15.817365 -17.622547 2.383375 1.665664 -1.955919 -2.878295 4.727795 -4.170583 4.993918 11.020512 0.000002 -0.000002 12.109032 -3.735709 -2.866778 -0.000001 0.000000 0.000001 1.291985 -1.928547 -1.498088 14.800113 0.567466 3.865602 14.242550 -1.341734 -6.660649 19.631935 0.143923 -0.648244 49.286453 -0.887320 -6.359272 0.353029 -1.511149 -0.031940 20.222763 3.684303 2.316626 18.787245 0.000005 -0.000001 10.751610 -0.479870 1.397903 -0.000000 -0.000001 -0.000000 3.273804 0.305946 -0.580110 21.486790 11.830360 2.266130 8.162917 -0.000001 0.000000 18.399052 -3.798979 -4.940566 0.000003 -0.000001 -0.000001 12.406344 15.729428 -24.178919 -0.121505 -0.462172 22.721935 -12.375957 1.625509 5.238560 1.641015 -1.830250 0.404993 0.000000 0.000000 0.000002 -9.174987 -5.503596 -6.896568 0.131691 0.444335 27.131433 12.243410 0.789968 -20.176510 -1.439802 1.035020 -0.046274 0.000000 0.000000 -0.000001 
3.218805 95.796494 6.467079 -0.041206 -0.348677 1.880084 -0.459742 -0.106202 -0.213732 -0.831879 -1.274913 -4.918303 -1.814327 -3.445140 10.481297 -7.594548 8.020835 13.716538 2.765395 13.380417 -3.201733 -4.067549 15.318247 -11.688546 0.000077 -0.000024 0.000006 0.022668 -0.150249 -0.003271 0.730564 -3.884041 -10.734998 -0.699653 3.603213 -10.707178 2.003955 -8.592135 11.825543 -17.775469 -30.980385 -54.960773 -179.729523 -54.745724 179.684113 6.054045 -9.470757 -4.756019 -5.882102 9.861279 0.702589 -10.936856 -0.360576 7.156196 0.000002 8.774811 0.000000 -16.646675 17.666597 5.666831 -1.844032 2.498502 -2.507278 -10.163587 4.678940 4.621104 -20.975992 -0.000004 -0.000000 -21.226250 2.451690 -3.593995 0.000000 -0.000006 -0.000000 -1.362681 2.240797 -0.746322 -21.334887 0.584909 3.008319 -13.821194 -0.000003 0.000002 -23.887125 -0.249079 -0.839482 -60.502060 2.481477 -1.421454 -0.294024 1.679686 0.833256 -14.218190 0.093215 1.300578 -34.211998 -0.287564 0.967167 -20.033175 0.964533 1.212841 0.000000 0.000000 0.000000 -3.440386 0.788232 0.501653 -15.928164 -3.167306 2.999701 -6.338817 -0.000001 0.000000 -18.123413 3.648175 -4.905663 -0.000004 -0.000000 -0.000002 0.835114 -1.542753 14.080381 51.744987 81.942261 1.175333 179.951492 44.099590 179.754059 -7.059118 -2.054361 -14.611809 2.243539 -5.255033 -3.180156 14.282877 -0.826592 6.952495 -0.000002 -12.690590 0.000001 15.800911 -17.611420 2.383002 1.665664 -1.955920 -2.878296 4.727795 -4.170583 4.993919 11.020512 0.000004 -0.000000 12.109034 -3.735709 -2.866780 0.000001 -0.000000 0.000001 1.291986 -1.928549 -1.498088 14.800111 0.567468 3.865604 14.242551 -1.341734 -6.660648 19.631939 0.143927 -0.648241 49.179970 -0.892862 -6.339734 0.353029 -1.511149 -0.031941 20.222765 3.684309 2.316628 18.787243 0.000007 0.000001 10.751609 -0.479868 1.397905 -0.000000 -0.000001 -0.000000 3.273803 0.305947 -0.580110 21.486794 11.830366 2.266132 8.162917 0.000001 0.000000 18.399052 -3.798978 -4.940566 0.000003 -0.000002 -0.000001 12.404459 15.696273 -24.116846 -0.126943 -0.465576 22.827854 -12.349620 1.613096 5.016933 1.643150 -1.837267 0.400439 0.000000 -0.000000 0.000002 -9.206812 -5.496122 -6.572165 0.123110 0.458984 26.690498 12.272024 0.727074 -20.165443 -1.440252 1.022132 -0.056387 0.000000 0.000000 -0.000001 
3.310486 95.814369 6.560212 -0.042667 -0.334439 1.889699 -0.464622 -0.106725 -0.277475 -0.831408 -1.239244 -4.946557 -1.781211 -3.452002 10.456561 -7.614116 8.051074 13.627303 2.786611 13.418228 -3.192023 -3.997125 15.373228 -11.532449 0.000077 -0.000022 0.000006 0.019173 -0.138461 -0.005864 0.731271 -3.889660 -10.757690 -0.702562 3.604470 -10.726914 2.067303 -8.565863 11.756604 -17.917231 -31.051407 -54.636456 -179.897644 -54.822281 179.757645 5.829683 -9.475847 -4.692275 -5.882102 9.861278 0.702590 -10.936861 -0.360576 7.156197 0.000000 8.774813 -0.000002 -16.602293 17.645105 5.694878 -1.844031 2.498502 -2.507276 -10.163590 4.678939 4.621105 -20.975996 -0.000006 0.000001 -21.226255 2.451691 -3.593994 -0.000000 -0.000007 -0.000000 -1.362680 2.240797 -0.746322 -21.334887 0.584907 3.008320 -13.821194 -0.000004 0.000003 -23.887129 -0.249079 -0.839480 -60.475849 2.491855 -1.403156 -0.294025 1.679686 0.833256 -14.218194 0.093214 1.300580 -34.212006 -0.287565 0.967171 -20.033180 0.964534 1.212842 0.000000 0.000001 -0.000000 -3.440386 0.788232 0.501653 -15.928169 -3.167306 2.999703 -6.338814 -0.000002 0.000001 -18.123415 3.648175 -4.905662 -0.000004 -0.000001 -0.000003 0.895615 -1.507255 14.110420 51.527626 82.033875 1.035348 179.909332 44.206005 179.633957 -7.098496 -2.098493 -14.396771 2.243537 -5.255033 -3.180155 14.282875 -0.826592 6.952495 -0.000004 -12.690593 0.000000 15.767243 -17.565901 2.378549 1.665665 -1.955920 -2.878298 4.727791 -4.170583 4.993918 11.020510 0.000003 -0.000001 12.109031 -3.735710 -2.866780 -0.000001 -0.000001 0.000000 1.291985 -1.928549 -1.498088 14.800113 0.567468 3.865603 14.242556 -1.341735 -6.660649 19.631939 0.143928 -0.648243 49.083012 -0.876569 -6.309008 0.353031 -1.511150 -0.031940 20.222771 3.684310 2.316627 18.787243 0.000006 0.000001 10.751611 -0.479867 1.397905 0.000000 -0.000001 0.000000 3.273804 0.305947 -0.580111 21.486790 11.830368 2.266132 8.162916 0.000001 0.000001 18.399050 -3.798980 -4.940567 0.000003 -0.000003 -0.000001 12.357011 15.684490 -24.088633 -0.136365 -0.463137 22.874020 -12.303735 1.610155 4.867669 1.645086 -1.840739 0.405183 -0.000000 0.000000 0.000002 -9.259304 -5.473191 -6.332636 0.116345 0.466467 26.302334 12.267878 0.643395 -20.147873 -1.441419 1.012256 -0.059544 0.000000 0.000000 -0.000001 
3.470254 95.830566 6.715086 -0.025506 -0.318435 1.888772 -0.466746 -0.081628 -0.338271 -0.827554 -1.237846 -4.976649 -1.763386 -3.435459 10.447222 -7.657919 8.076977 13.558491 2.807156 13.449734 -3.178374 -3.947897 15.393727 -11.386990 0.000077 -0.000022 0.000006 0.018008 -0.143334 -0.001250 0.731120 -3.890478 -10.772073 -0.702248 3.607255 -10.740799 2.132040 -8.534027 11.713427 -17.990004 -31.151678 -54.455681 179.955627 -54.927975 179.859940 5.632556 -9.428258 -4.807845 -5.882100 9.861277 0.702591 -10.936858 -0.360575 7.156198 0.000001 8.774811 0.000000 -16.576126 17.625755 5.723817 -1.844031 2.498502 -2.507274 -10.163589 4.678940 4.621105 -20.975990 -0.000004 0.000003 -21.226246 2.451691 -3.593992 0.000000 -0.000008 -0.000000 -1.362680 2.240796 -0.746322 -21.334887 0.584907 3.008321 -13.821191 -0.000003 0.000002 -23.887123 -0.249077 -0.839480 -60.453968 2.484791 -1.398128 -0.294025 1.679686 0.833256 -14.218189 0.093215 1.300578 -34.211998 -0.287563 0.967171 -20.033176 0.964535 1.212843 0.000000 0.000000 -0.000000 -3.440383 0.788232 0.501654 -15.928164 -3.167306 2.999704 -6.338812 -0.000001 0.000002 -18.123411 3.648177 -4.905660 -0.000004 -0.000002 -0.000002 0.924297 -1.437064 14.147405 50.803581 82.117004 0.332383 179.888580 44.336517 179.519302 -7.177635 -2.145432 -14.236568 2.243542 -5.255032 -3.180156 14.282875 -0.826593 6.952497 -0.000002 -12.690592 0.000001 15.758413 -17.527468 2.370269 1.665665 -1.955921 -2.878294 4.727790 -4.170584 4.993920 11.020511 0.000003 -0.000001 12.109034 -3.735711 -2.866779 0.000000 0.000000 0.000001 1.291984 -1.928548 -1.498086 14.800113 0.567469 3.865604 14.242551 -1.341734 -6.660650 19.631937 0.143926 -0.648241 48.998726 -0.859584 -6.276470 0.353030 -1.511150 -0.031939 20.222765 3.684307 2.316630 18.787245 0.000007 0.000002 10.751610 -0.479866 1.397905 0.000000 -0.000001 -0.000000 3.273802 0.305948 -0.580109 21.486790 11.830363 2.266132 8.162916 -0.000000 0.000000 18.399048 -3.798976 -4.940566 0.000003 -0.000001 -0.000001 12.246322 15.705462 -24.087881 -0.145419 -0.456492 23.130789 -12.194325 1.550357 4.559442 1.645902 -1.847567 0.406872 -0.000000 0.000000 0.000002 -9.378602 -5.416987 -6.031067 0.108789 0.483073 25.899553 12.335729 0.580957 -20.089855 -1.441135 1.002400 -0.068565 0.000000 0.000000 -0.000001 
3.624478 95.852364 6.829801 0.012489 -0.305944 1.881674 -0.476454 -0.055903 -0.399104 -0.823486 -1.225876 -4.991509 -1.741107 -3.400121 10.425640 -7.717565 8.105619 13.479578 2.846965 13.434207 -3.166538 -3.910804 15.381365 -11.215207 0.000077 -0.000024 0.000006 0.021155 -0.143105 0.006758 0.728236 -3.886685 -10.767446 -0.698895 3.597454 -10.734900 2.207048 -8.533761 11.659945 -18.159115 -31.222551 -54.309170 179.893478 -55.037361 179.880493 5.443583 -9.381484 -5.001750 -5.882101 9.861278 0.702592 -10.936860 -0.360574 7.156198 0.000001 8.774816 -0.000001 -16.535654 17.603107 5.738463 -1.844031 2.498501 -2.507277 -10.163589 4.678941 4.621106 -20.975992 -0.000004 0.000002 -21.226250 2.451692 -3.593993 0.000000 -0.000007 -0.000000 -1.362678 2.240796 -0.746323 -21.334887 0.584909 3.008322 -13.821193 -0.000004 0.000002 -23.887125 -0.249077 -0.839480 -60.405506 2.487350 -1.407886 -0.294025 1.679686 0.833255 -14.218194 0.093214 1.300580 -34.212002 -0.287562 0.967172 -20.033176 0.964537 1.212842 -0.000000 -0.000001 -0.000000 -3.440385 0.788232 0.501655 -15.928165 -3.167305 2.999705 -6.338817 -0.000001 0.000002 -18.123411 3.648177 -4.905660 -0.000004 -0.000001 -0.000003 0.918072 -1.369457 14.145053 50.497414 82.147667 0.078740 179.875595 44.458332 179.414398 -7.246457 -2.206450 -14.015950 2.243540 -5.255031 -3.180157 14.282877 -0.826594 6.952496 -0.000003 -12.690586 0.000001 15.786284 -17.523258 2.343419 1.665667 -1.955921 -2.878296 4.727792 -4.170583 4.993918 11.020513 0.000003 -0.000002 12.109034 -3.735709 -2.866781 0.000000 -0.000001 0.000001 1.291982 -1.928547 -1.498088 14.800113 0.567465 3.865602 14.242554 -1.341735 -6.660649 19.631941 0.143924 -0.648243 48.957611 -0.825684 -6.276565 0.353029 -1.511148 -0.031941 20.222771 3.684304 2.316627 18.787249 0.000005 -0.000001 10.751611 -0.479868 1.397904 -0.000000 0.000000 0.000000 3.273804 0.305947 -0.580110 21.486790 11.830359 2.266130 8.162917 0.000000 -0.000001 18.399055 -3.798981 -4.940567 0.000003 -0.000001 -0.000001 12.111968 15.756783 -24.140926 -0.152064 -0.465841 23.340664 -12.107320 1.518494 4.476778 1.643744 -1.840516 0.418721 -0.000000 0.000000 0.000002 -9.516438 -5.345271 -5.793034 0.108001 0.499590 25.584579 12.389986 0.493335 -20.001318 -1.440849 0.999262 -0.100014 -0.000000 -0.000000 -0.000001 
3.806125 95.868507 6.939410 0.068844 -0.287841 1.868420 -0.484178 -0.052580 -0.443216 -0.820008 -1.209047 -5.007650 -1.712901 -3.344087 10.395724 -7.765332 8.109246 13.364176 2.869706 13.405001 -3.131616 -3.868426 15.337953 -11.016865 0.000077 -0.000022 0.000007 0.016571 -0.124130 0.007707 0.728045 -3.885412 -10.767654 -0.700322 3.612738 -10.733570 2.259163 -8.542038 11.607995 -18.390299 -31.235472 -54.129436 179.802307 -55.141762 179.907928 5.252288 -9.341331 -5.197853 -5.882101 9.861279 0.702590 -10.936854 -0.360574 7.156196 0.000000 8.774813 -0.000001 -16.528982 17.566656 5.751519 -1.844033 2.498502 -2.507275 -10.163589 4.678939 4.621103 -20.975992 -0.000003 0.000000 -21.226250 2.451692 -3.593995 0.000000 -0.000008 -0.000000 -1.362678 2.240797 -0.746321 -21.334892 0.584908 3.008319 -13.821194 -0.000002 0.000002 -23.887123 -0.249078 -0.839481 -60.443142 2.485370 -1.411413 -0.294024 1.679686 0.833256 -14.218189 0.093215 1.300580 -34.211998 -0.287565 0.967169 -20.033175 0.964533 1.212841 -0.000000 -0.000000 -0.000000 -3.440386 0.788233 0.501654 -15.928167 -3.167307 2.999703 -6.338815 -0.000001 0.000001 -18.123411 3.648176 -4.905662 -0.000004 -0.000001 -0.000002 0.906355 -1.291934 14.164487 50.055569 82.080856 -0.259314 179.942902 44.577831 179.307632 -7.305297 -2.230917 -13.735039 2.243539 -5.255032 -3.180155 14.282875 -0.826593 6.952495 -0.000002 -12.690588 0.000002 15.784129 -17.502966 2.335471 1.665663 -1.955919 -2.878298 4.727794 -4.170583 4.993918 11.020512 0.000003 -0.000001 12.109033 -3.735710 -2.866779 0.000001 -0.000001 0.000001 1.291984 -1.928547 -1.498089 14.800114 0.567466 3.865604 14.242553 -1.341735 -6.660648 19.631937 0.143924 -0.648244 48.968605 -0.802792 -6.279127 0.353029 -1.511150 -0.031940 20.222767 3.684304 2.316628 18.787245 0.000004 0.000000 10.751609 -0.479870 1.397904 -0.000000 -0.000000 -0.000000 3.273805 0.305947 -0.580111 21.486788 11.830360 2.266129 8.162916 0.000003 0.000000 18.399050 -3.798978 -4.940567 0.000003 -0.000001 -0.000001 11.948271 15.819930 -24.218901 -0.158191 -0.452868 23.627272 -12.014088 1.448247 4.370644 1.642690 -1.826401 0.403810 -0.000000 0.000000 0.000002 -9.705761 -5.228512 -5.618745 0.101460 0.508688 25.325813 12.464375 0.424289 -19.897612 -1.438647 0.997211 -0.119347 0.000000 0.000000 -0.000001 
4.019464 95.869461 7.026600 0.127315 -0.273382 1.868289 -0.495957 -0.039067 -0.487376 -0.805940 -1.196036 -5.015617 -1.693267 -3.298065 10.367275 -7.813523 8.116997 13.217193 2.867152 13.370874 -3.121778 -3.787453 15.208200 -10.820869 0.000077 -0.000024 0.000006 0.013874 -0.107564 0.007483 0.721245 -3.860105 -10.773086 -0.704078 3.630677 -10.733675 2.305357 -8.521745 11.529512 -18.743814 -31.127346 -53.791328 179.650192 -55.199955 179.960281 5.099388 -9.326023 -5.212527 -5.882102 9.861277 0.702590 -10.936860 -0.360574 7.156198 0.000000 8.774814 -0.000001 -16.517933 17.553833 5.751371 -1.844033 2.498502 -2.507276 -10.163589 4.678941 4.621105 -20.975996 -0.000004 0.000000 -21.226255 2.451693 -3.593995 0.000000 -0.000006 -0.000000 -1.362680 2.240797 -0.746321 -21.334892 0.584909 3.008320 -13.821197 -0.000002 0.000001 -23.887133 -0.249078 -0.839483 -60.441227 2.487460 -1.421953 -0.294026 1.679686 0.833255 -14.218194 0.093215 1.300578 -34.212006 -0.287565 0.967169 -20.033180 0.964534 1.212840 -0.000000 -0.000002 0.000000 -3.440384 0.788233 0.501654 -15.928171 -3.167306 2.999702 -6.338817 -0.000001 0.000000 -18.123415 3.648175 -4.905663 -0.000004 -0.000002 -0.000002 0.910277 -1.197122 14.208491 49.586391 81.922989 -0.625926 179.993484 44.652531 179.239044 -7.323211 -2.258914 -13.560860 2.243540 -5.255033 -3.180155 14.282878 -0.826594 6.952497 -0.000002 -12.690591 0.000000 15.726487 -17.522753 2.388905 1.665665 -1.955921 -2.878295 4.727794 -4.170582 4.993918 11.020513 0.000003 0.000001 12.109031 -3.735710 -2.866778 0.000000 -0.000000 -0.000000 1.291983 -1.928548 -1.498087 14.800114 0.567467 3.865604 14.242553 -1.341735 -6.660648 19.631937 0.143924 -0.648242 48.924271 -0.791104 -6.257432 0.353027 -1.511149 -0.031941 20.222767 3.684306 2.316628 18.787245 0.000004 0.000002 10.751610 -0.479868 1.397905 -0.000001 0.000002 0.000000 3.273803 0.305947 -0.580110 21.486794 11.830362 2.266137 8.162915 0.000001 0.000001 18.399048 -3.798980 -4.940566 0.000003 -0.000001 -0.000001 11.751017 15.920093 -24.353584 -0.162570 -0.431972 23.990643 -11.877460 1.364020 4.196573 1.640968 -1.805781 0.396395 0.000000 0.000000 0.000002 -9.873945 -5.092218 -5.408178 0.095753 0.518960 25.100126 12.526821 0.365236 -19.862299 -1.437173 1.000920 -0.169736 -0.000000 -0.000000 -0.000001 
4.248941 95.868797 7.106402 0.182737 -0.250488 1.888301 -0.504772 -0.054982 -0.537512 -0.791742 -1.134357 -5.000554 -1.657304 -3.294779 10.309074 -7.875296 8.117107 13.052450 2.865466 13.258368 -3.127017 -3.724400 15.100323 -10.625383 0.000077 -0.000023 0.000007 0.013588 -0.112398 0.007577 0.721579 -3.855452 -10.767386 -0.702968 3.617435 -10.729783 2.304594 -8.492249 11.416703 -19.267015 -30.903305 -53.300114 179.551697 -55.186634 179.972122 4.929016 -9.335385 -5.027380 -5.882100 9.861279 0.702589 -10.936854 -0.360575 7.156196 0.000000 8.774815 0.000000 -16.533569 17.520550 5.735607 -1.844030 2.498502 -2.507275 -10.163587 4.678941 4.621104 -20.975992 -0.000005 -0.000000 -21.226250 2.451692 -3.593995 0.000000 -0.000007 -0.000000 -1.362682 2.240797 -0.746323 -21.334892 0.584907 3.008318 -13.821191 -0.000003 0.000000 -23.887123 -0.249079 -0.839483 -60.454697 2.483602 -1.420188 -0.294023 1.679686 0.833255 -14.218189 0.093215 1.300578 -34.211998 -0.287564 0.967166 -20.033175 0.964533 1.212841 -0.000000 0.000001 -0.000000 -3.440385 0.788233 0.501655 -15.928164 -3.167306 2.999703 -6.338815 -0.000001 0.000000 -18.123411 3.648177 -4.905662 -0.000005 -0.000001 -0.000002 0.925776 -1.095868 14.283500 49.521687 81.592346 -0.541555 179.936340 44.659752 179.161911 -7.287827 -2.296977 -13.469071 2.243542 -5.255033 -3.180156 14.282875 -0.826596 6.952497 -0.000001 -12.690591 0.000001 15.703398 -17.544065 2.420477 1.665666 -1.955919 -2.878297 4.727793 -4.170583 4.993919 11.020513 0.000002 -0.000001 12.109034 -3.735713 -2.866779 0.000000 -0.000002 0.000000 1.291984 -1.928547 -1.498087 14.800113 0.567464 3.865604 14.242556 -1.341735 -6.660650 19.631939 0.143925 -0.648244 48.937508 -0.746448 -6.243119 0.353030 -1.511150 -0.031941 20.222771 3.684304 2.316629 18.787245 0.000003 -0.000001 10.751610 -0.479870 1.397903 -0.000000 0.000000 0.000000 3.273803 0.305947 -0.580109 21.486790 11.830360 2.266130 8.162916 0.000000 0.000000 18.399052 -3.798983 -4.940568 0.000003 -0.000002 -0.000001 11.530005 16.066601 -24.525408 -0.160151 -0.441643 24.399752 -11.722234 1.274551 4.002338 1.642977 -1.801342 0.357565 -0.000000 0.000000 0.000002 -10.057804 -4.939108 -5.211142 0.096993 0.549317 24.858410 12.635489 0.296854 -19.814478 -1.436005 1.000960 -0.197423 -0.000000 -0.000000 -0.000001 
4.451418 95.836487 7.170223 0.217117 -0.226470 1.893517 -0.508930 -0.049473 -0.540057 -0.773660 -1.136582 -4.985881 -1.623479 -3.278779 10.266586 -7.885365 8.057687 12.829629 2.833059 13.105049 -3.144324 -3.660642 14.916118 -10.365396 0.000077 -0.000022 0.000006 0.011554 -0.112471 0.001283 0.723675 -3.847998 -10.777299 -0.711669 3.631253 -10.741753 2.253208 -8.471444 11.305391 -19.919338 -30.433170 -52.553833 179.273071 -55.100853 -179.924347 4.748812 -9.422745 -4.644579 -5.882100 9.861278 0.702591 -10.936859 -0.360576 7.156196 0.000001 8.774817 -0.000002 -16.526867 17.502523 5.719954 -1.844030 2.498503 -2.507275 -10.163589 4.678941 4.621105 -20.975994 -0.000005 0.000002 -21.226248 2.451692 -3.593993 0.000000 -0.000007 -0.000000 -1.362680 2.240797 -0.746322 -21.334890 0.584907 3.008321 -13.821197 -0.000003 0.000004 -23.887129 -0.249078 -0.839480 -60.437767 2.504647 -1.412364 -0.294025 1.679686 0.833255 -14.218195 0.093213 1.300578 -34.212002 -0.287566 0.967173 -20.033178 0.964534 1.212843 0.000000 0.000001 0.000000 -3.440385 0.788233 0.501655 -15.928169 -3.167308 2.999704 -6.338816 -0.000001 0.000001 -18.123413 3.648175 -4.905660 -0.000004 -0.000001 -0.000002 0.942244 -0.993538 14.414096 49.328331 81.067825 -0.412361 -179.988892 44.559654 179.221237 -7.139643 -2.334467 -13.409288 2.243540 -5.255032 -3.180153 14.282875 -0.826593 6.952496 -0.000001 -12.690590 -0.000002 15.676764 -17.559303 2.501176 1.665664 -1.955919 -2.878297 4.727794 -4.170583 4.993916 11.020513 0.000003 -0.000001 12.109031 -3.735710 -2.866780 0.000000 -0.000001 -0.000000 1.291984 -1.928547 -1.498088 14.800113 0.567469 3.865602 14.242554 -1.341735 -6.660647 19.631939 0.143926 -0.648243 48.954922 -0.717439 -6.230454 0.353029 -1.511150 -0.031940 20.222767 3.684308 2.316626 18.787249 0.000006 -0.000000 10.751610 -0.479867 1.397903 0.000000 -0.000001 -0.000000 3.273805 0.305947 -0.580110 21.486792 11.830364 2.266129 8.162916 0.000001 -0.000001 18.399052 -3.798978 -4.940567 0.000003 -0.000001 -0.000001 11.321112 16.280239 -24.753263 -0.172626 -0.448470 24.926607 -11.496008 1.137241 3.719525 1.646521 -1.799493 0.291823 -0.000000 -0.000000 0.000002 -10.191152 -4.700415 -5.186120 0.096576 0.582868 24.799065 12.764196 0.195477 -19.883038 -1.436417 1.014651 -0.248174 -0.000000 -0.000000 -0.000001 
4.642937 95.753654 7.212505 0.217783 -0.099727 1.902499 -0.509523 -0.041824 -0.490127 -0.750505 -1.171473 -4.954976 -1.586065 -3.291096 10.197256 -7.832897 7.942971 12.547575 2.782040 12.886779 -3.204070 -3.611412 14.684040 -10.074707 0.000077 -0.000021 0.000007 0.014458 -0.125467 -0.002254 0.729872 -3.857259 -10.778967 -0.710555 3.617220 -10.747945 2.167564 -8.469476 11.220750 -20.714558 -29.769070 -51.486275 178.836792 -54.946255 -179.696426 4.572469 -9.640194 -4.143510 -5.882103 9.861278 0.702590 -10.936859 -0.360574 7.156196 0.000001 8.774811 0.000000 -16.481722 17.514629 5.740087 -1.844029 2.498502 -2.507276 -10.163589 4.678939 4.621105 -20.975994 -0.000002 0.000001 -21.226250 2.451692 -3.593995 0.000000 -0.000006 -0.000000 -1.362679 2.240796 -0.746322 -21.334896 0.584910 3.008320 -13.821193 -0.000003 0.000001 -23.887131 -0.249079 -0.839482 -60.388206 2.552839 -1.419581 -0.294025 1.679685 0.833256 -14.218194 0.093215 1.300579 -34.212002 -0.287561 0.967168 -20.033178 0.964535 1.212840 0.000000 0.000001 0.000000 -3.440386 0.788233 0.501656 -15.928169 -3.167305 2.999704 -6.338816 -0.000002 0.000001 -18.123411 3.648176 -4.905662 -0.000005 -0.000002 -0.000002 0.881120 -0.925826 14.538691 49.877197 80.257545 0.592507 -179.925705 44.339348 179.301132 -6.902778 -2.337620 -13.412501 2.243541 -5.255032 -3.180155 14.282878 -0.826595 6.952496 -0.000003 -12.690587 0.000001 15.712995 -17.587238 2.577174 1.665666 -1.955920 -2.878296 4.727797 -4.170583 4.993918 11.020512 0.000003 -0.000001 12.109030 -3.735710 -2.866779 -0.000001 -0.000000 0.000001 1.291985 -1.928548 -1.498089 14.800114 0.567467 3.865604 14.242550 -1.341735 -6.660647 19.631937 0.143925 -0.648242 49.037922 -0.721752 -6.221411 0.353028 -1.511149 -0.031940 20.222767 3.684304 2.316629 18.787247 0.000005 0.000001 10.751611 -0.479868 1.397904 -0.000000 -0.000000 -0.000000 3.273806 0.305947 -0.580110 21.486790 11.830360 2.266131 8.162916 -0.000001 0.000000 18.399054 -3.798977 -4.940566 0.000003 -0.000001 -0.000001 11.105218 16.529728 -25.175016 -0.185268 -0.459976 25.730545 -11.136168 0.969749 3.342614 1.650925 -1.814604 0.219539 0.000000 -0.000000 0.000002 -10.278478 -4.539115 -5.208126 0.102771 0.623258 24.963587 12.948233 0.114330 -20.085503 -1.439716 1.033701 -0.304911 0.000000 0.000000 -0.000001 
4.785601 95.569458 7.204831 0.126556 0.284836 1.903003 -0.481703 -0.015738 -0.380619 -0.731100 -1.243234 -4.911311 -1.516546 -3.367124 10.132129 -7.657648 7.718481 12.192815 2.708699 12.518023 -3.284441 -3.576153 14.291247 -9.784587 0.000077 -0.000023 0.000006 0.019543 -0.138159 0.000185 0.742330 -3.872656 -10.787374 -0.710988 3.596144 -10.760233 2.030418 -8.544456 11.235656 -21.573393 -28.979059 -50.167152 178.304489 -54.877342 -179.359283 4.467108 -9.885106 -3.569854 -5.882102 9.861278 0.702590 -10.936860 -0.360574 7.156198 0.000000 8.774812 -0.000002 -16.397799 17.493622 5.737948 -1.844031 2.498503 -2.507275 -10.163589 4.678938 4.621104 -20.975996 -0.000002 0.000002 -21.226254 2.451692 -3.593994 0.000000 -0.000006 -0.000000 -1.362680 2.240796 -0.746322 -21.334890 0.584908 3.008320 -13.821197 -0.000001 0.000002 -23.887131 -0.249076 -0.839481 -60.336407 2.559022 -1.425248 -0.294025 1.679686 0.833255 -14.218195 0.093215 1.300581 -34.211998 -0.287561 0.967170 -20.033180 0.964538 1.212842 0.000000 0.000001 -0.000000 -3.440387 0.788234 0.501656 -15.928169 -3.167307 2.999705 -6.338816 -0.000001 0.000001 -18.123413 3.648176 -4.905662 -0.000004 -0.000001 -0.000003 0.743738 -0.900968 14.578044 50.342606 79.002228 1.615070 -179.675949 44.024265 179.509033 -6.606607 -2.302774 -13.501264 2.243539 -5.255033 -3.180156 14.282877 -0.826592 6.952497 -0.000003 -12.690591 0.000000 15.814729 -17.600222 2.667916 1.665666 -1.955920 -2.878296 4.727795 -4.170584 4.993920 11.020513 0.000003 -0.000002 12.109030 -3.735709 -2.866780 0.000000 0.000000 0.000000 1.291985 -1.928548 -1.498087 14.800111 0.567469 3.865603 14.242551 -1.341735 -6.660649 19.631939 0.143926 -0.648241 49.235397 -0.752439 -6.226003 0.353026 -1.511149 -0.031940 20.222769 3.684309 2.316629 18.787247 0.000004 0.000002 10.751611 -0.479867 1.397905 -0.000000 -0.000001 0.000000 3.273803 0.305948 -0.580112 21.486792 11.830365 2.266133 8.162920 -0.000001 0.000000 18.399052 -3.798976 -4.940566 0.000003 -0.000002 -0.000001 10.964264 16.875607 -26.072857 -0.203111 -0.453090 27.034700 -10.641972 0.644741 3.156517 1.656755 -1.842868 0.125965 -0.000000 -0.000001 0.000002 -10.240255 -4.612702 -5.404871 0.106196 0.652760 25.614073 13.192621 0.000114 -20.543888 -1.442656 1.060992 -0.387316 0.000000 0.000000 -0.000001 
4.968070 95.265160 7.214229 -0.158504 1.195507 1.892523 -0.385619 0.036749 -0.215978 -0.707204 -1.358662 -4.860478 -1.373352 -3.542544 10.088820 -7.276486 7.327054 11.723459 2.582300 11.975895 -3.371750 -3.527309 13.598066 -9.588511 0.000077 -0.000022 0.000005 0.017229 -0.118359 -0.000954 0.748884 -3.850554 -10.789153 -0.723557 3.617969 -10.772167 1.786790 -8.680159 11.424067 -22.390369 -28.324444 -48.668385 177.963669 -55.014694 -179.191895 4.440547 -10.075061 -2.775103 -5.882102 9.861278 0.702591 -10.936861 -0.360574 7.156197 0.000002 8.774812 0.000000 -16.329729 17.467836 5.668467 -1.844031 2.498500 -2.507276 -10.163589 4.678940 4.621104 -20.975994 -0.000005 0.000002 -21.226254 2.451693 -3.593993 0.000000 -0.000005 -0.000000 -1.362682 2.240796 -0.746323 -21.334887 0.584908 3.008320 -13.821197 -0.000003 0.000002 -23.887133 -0.249078 -0.839480 -60.182667 2.527878 -1.495633 -0.294026 1.679685 0.833255 -14.218190 0.093215 1.300579 -34.212006 -0.287564 0.967168 -20.033178 0.964533 1.212841 -0.000000 0.000001 0.000000 -3.440386 0.788233 0.501656 -15.928167 -3.167305 2.999704 -6.338816 -0.000003 0.000000 -18.123415 3.648175 -4.905662 -0.000004 -0.000000 -0.000002 0.685760 -0.909088 14.548692 49.928329 77.472084 1.767725 -179.462357 43.792225 179.610489 -6.304011 -2.272317 -13.765214 2.243541 -5.255033 -3.180155 14.282878 -0.826595 6.952496 -0.000001 -12.690590 0.000002 15.896202 -17.632929 2.723340 1.665667 -1.955920 -2.878297 4.727794 -4.170584 4.993920 11.020513 0.000004 -0.000003 12.109033 -3.735710 -2.866780 0.000000 0.000000 0.000000 1.291981 -1.928547 -1.498089 14.800113 0.567466 3.865602 14.242553 -1.341734 -6.660651 19.631939 0.143929 -0.648243 49.437752 -0.828485 -6.231078 0.353027 -1.511150 -0.031939 20.222773 3.684306 2.316627 18.787249 0.000006 -0.000003 10.751611 -0.479867 1.397904 0.000000 -0.000001 0.000000 3.273805 0.305947 -0.580111 21.486788 11.830361 2.266127 8.162918 0.000000 -0.000001 18.399054 -3.798977 -4.940568 0.000003 -0.000002 -0.000001 10.872329 17.432474 -27.530794 -0.228388 -0.443931 29.172029 -9.989083 -0.052876 2.827151 1.670013 -1.845295 -0.043918 0.000000 -0.000000 0.000002 -10.044999 -5.162365 -5.629671 0.125387 0.669967 26.711195 13.503550 -0.179235 -21.157566 -1.452062 1.109748 -0.493834 0.000000 0.000000 -0.000001 
5.153766 94.834869 7.228158 -0.681431 2.846833 1.877527 -0.232287 0.133239 0.000187 -0.681423 -1.482439 -4.805826 -1.037119 -3.882654 9.998768 -6.508279 6.765780 11.053271 2.299356 11.192385 -3.497491 -3.632699 12.553374 -9.344416 0.000077 -0.000024 0.000006 0.006342 -0.024776 0.001492 0.747628 -3.769891 -10.772626 -0.740226 3.721231 -10.779796 1.389728 -8.873303 11.614384 -23.591803 -27.749762 -46.417999 177.869171 -55.141563 -179.036713 4.294446 -10.051743 -1.550475 -5.882100 9.861278 0.702591 -10.936858 -0.360575 7.156197 0.000001 8.774814 -0.000002 -16.317696 17.523211 5.661663 -1.844031 2.498503 -2.507275 -10.163589 4.678940 4.621105 -20.975996 -0.000007 0.000004 -21.226255 2.451694 -3.593991 0.000000 -0.000006 -0.000000 -1.362681 2.240796 -0.746321 -21.334887 0.584908 3.008322 -13.821197 -0.000004 0.000002 -23.887129 -0.249079 -0.839480 -59.996098 2.516727 -1.565422 -0.294024 1.679686 0.833254 -14.218189 0.093215 1.300580 -34.212002 -0.287564 0.967171 -20.033176 0.964536 1.212842 0.000001 0.000000 -0.000000 -3.440386 0.788233 0.501656 -15.928167 -3.167307 2.999704 -6.338815 -0.000002 0.000002 -18.123413 3.648177 -4.905659 -0.000004 -0.000001 -0.000002 0.878822 -0.769347 14.390948 48.184887 75.629326 0.701105 -179.431946 43.937374 179.681152 -6.034633 -2.368422 -13.787446 2.243538 -5.255033 -3.180156 14.282877 -0.826593 6.952497 -0.000002 -12.690590 0.000001 15.765036 -17.658426 2.861221 1.665667 -1.955920 -2.878296 4.727792 -4.170583 4.993920 11.020509 0.000003 -0.000001 12.109032 -3.735711 -2.866777 0.000001 0.000000 0.000000 1.291983 -1.928547 -1.498089 14.800111 0.567468 3.865605 14.242551 -1.341735 -6.660648 19.631937 0.143926 -0.648244 49.448338 -0.879936 -6.092278 0.353027 -1.511149 -0.031939 20.222767 3.684306 2.316628 18.787245 0.000003 0.000001 10.751610 -0.479870 1.397904 0.000000 0.000001 0.000000 3.273805 0.305946 -0.580109 21.486788 11.830362 2.266130 8.162916 -0.000002 0.000001 18.399052 -3.798980 -4.940567 0.000003 -0.000002 -0.000001 10.794085 18.376356 -29.716038 -0.298140 -0.380208 32.098927 -9.166699 -1.196384 2.707192 1.702886 -1.874924 -0.113088 0.000000 -0.000001 0.000002 -9.592147 -6.268965 -5.839195 0.131755 0.666370 28.225271 13.824546 -0.394438 -21.926386 -1.452080 1.093920 -0.406252 0.000000 0.000000 -0.000001 
5.475662 94.307190 7.453370 -1.300300 5.541677 1.843768 -0.036492 0.271867 0.142312 -0.618271 -1.608883 -4.778186 -0.563627 -4.116178 9.833618 -5.474635 6.066402 10.112206 1.904190 9.885353 -3.620490 -3.617855 11.044164 -9.193189 0.000077 -0.000023 0.000006 -0.000730 0.063038 0.011656 0.752731 -3.672812 -10.759796 -0.757146 3.789301 -10.774446 0.664883 -8.884524 12.002362 -25.641083 -27.613199 -43.090054 178.544861 -54.883972 -179.600464 3.953866 -9.715486 0.701432 -5.882102 9.861278 0.702589 -10.936858 -0.360574 7.156198 0.000000 8.774816 0.000000 -16.305244 17.521734 5.547618 -1.844030 2.498505 -2.507277 -10.163589 4.678939 4.621102 -20.975996 -0.000002 0.000001 -21.226254 2.451693 -3.593994 0.000000 -0.000004 -0.000001 -1.362678 2.240796 -0.746324 -21.334892 0.584908 3.008320 -13.821197 -0.000003 0.000002 -23.887131 -0.249080 -0.839481 -59.848526 2.405814 -1.615505 -0.294026 1.679688 0.833256 -14.218192 0.093217 1.300578 -34.212006 -0.287563 0.967167 -20.033180 0.964533 1.212840 0.000000 0.000000 0.000000 -3.440386 0.788233 0.501654 -15.928167 -3.167307 2.999703 -6.338818 0.000000 0.000001 -18.123415 3.648178 -4.905662 -0.000004 -0.000001 -0.000002 1.372909 -0.537720 14.168307 45.752819 73.871178 -0.778605 -179.768463 44.609161 179.346909 -5.594323 -2.737672 -12.688812 2.243539 -5.255031 -3.180154 14.282877 -0.826592 6.952497 -0.000004 -12.690592 -0.000000 15.672655 -17.675148 2.925502 1.665666 -1.955920 -2.878297 4.727793 -4.170582 4.993917 11.020509 0.000005 -0.000001 12.109031 -3.735708 -2.866779 0.000001 0.000000 -0.000001 1.291983 -1.928547 -1.498086 14.800114 0.567469 3.865605 14.242553 -1.341733 -6.660647 19.631939 0.143927 -0.648241 49.493141 -0.900957 -6.015794 0.353028 -1.511149 -0.031940 20.222769 3.684310 2.316630 18.787243 0.000006 0.000001 10.751611 -0.479866 1.397906 0.000000 0.000001 0.000000 3.273804 0.305947 -0.580110 21.486790 11.830365 2.266134 8.162916 0.000001 0.000001 18.399054 -3.798978 -4.940565 0.000003 -0.000003 -0.000001 10.389845 19.344791 -32.533428 -0.365053 -0.389016 35.672897 -8.100398 -2.291516 2.693067 1.716813 -1.881935 -0.275132 -0.000000 -0.000001 0.000002 -9.129711 -7.948540 -5.579911 0.164498 0.603485 29.684877 14.207651 -0.832648 -22.814108 -1.464125 1.102139 -0.315773 0.000000 -0.000000 -0.000001 
5.950706 93.799553 8.008723 -1.754794 9.166067 1.788280 0.120280 0.458937 0.088364 -0.545215 -1.556411 -4.820451 -0.115799 -4.218637 9.505411 -4.199035 5.280464 9.011452 1.373115 8.181419 -3.700218 -3.568854 9.109431 -8.731975 0.000077 -0.000022 0.000006 0.000241 0.125530 0.002301 0.769632 -3.600997 -10.769306 -0.775113 3.854570 -10.794284 -0.396808 -8.371774 12.297068 -29.133627 -27.510597 -37.805637 179.741455 -53.452736 179.438141 3.281181 -8.843143 3.148730 -5.882102 9.861276 0.702589 -10.936859 -0.360573 7.156196 0.000003 8.774811 -0.000001 -16.302307 17.522625 5.417585 -1.844031 2.498501 -2.507276 -10.163589 4.678939 4.621103 -20.975996 -0.000003 0.000002 -21.226255 2.451692 -3.593992 0.000000 -0.000005 -0.000001 -1.362680 2.240796 -0.746320 -21.334894 0.584909 3.008322 -13.821197 -0.000002 0.000003 -23.887129 -0.249078 -0.839480 -59.667828 2.344336 -1.559267 -0.294024 1.679685 0.833255 -14.218194 0.093214 1.300578 -34.212002 -0.287562 0.967170 -20.033180 0.964536 1.212841 -0.000000 -0.000001 0.000000 -3.440384 0.788232 0.501655 -15.928169 -3.167308 2.999704 -6.338818 0.000000 0.000002 -18.123415 3.648176 -4.905660 -0.000004 -0.000000 -0.000002 2.018248 -0.094637 14.030792 42.509533 72.412529 -2.672037 179.791290 45.708233 179.033630 -5.420729 -3.439039 -11.436067 2.243541 -5.255033 -3.180154 14.282877 -0.826594 6.952495 -0.000002 -12.690588 0.000001 15.533540 -17.686049 3.064060 1.665665 -1.955920 -2.878298 4.727794 -4.170582 4.993918 11.020512 0.000003 -0.000001 12.109031 -3.735709 -2.866780 0.000001 -0.000000 0.000001 1.291985 -1.928548 -1.498088 14.800111 0.567468 3.865602 14.242554 -1.341734 -6.660649 19.631939 0.143926 -0.648245 49.572933 -0.967296 -5.919487 0.353030 -1.511149 -0.031938 20.222767 3.684304 2.316624 18.787245 0.000005 -0.000002 10.751610 -0.479868 1.397902 -0.000000 0.000002 -0.000001 3.273805 0.305948 -0.580111 21.486788 11.830359 2.266126 8.162917 -0.000003 -0.000000 18.399054 -3.798978 -4.940570 0.000003 -0.000003 -0.000000 9.501482 19.954775 -35.386383 -0.382315 -0.329818 39.154491 -6.924127 -3.185922 2.790527 1.735068 -1.876340 -0.474271 0.000000 0.000001 0.000002 -8.837518 -9.829035 -4.494667 0.184180 0.568980 30.440102 14.750299 -1.606378 -23.756611 -1.474620 1.115544 -0.256969 0.000000 0.000000 -0.000001 
6.650428 93.339851 9.087237 -1.957686 13.511329 1.737356 0.264044 0.697822 -0.230419 -0.488545 -1.384949 -4.939372 0.171809 -4.023410 8.863930 -2.873067 4.531488 7.986350 0.719473 6.122235 -3.678395 -3.350641 6.659775 -7.874191 0.000077 -0.000022 0.000006 0.023286 0.081384 -0.023529 0.794659 -3.638310 -10.801091 -0.757466 3.807418 -10.817200 -1.828292 -7.179628 12.405018 -33.543633 -26.576914 -30.532475 -179.136505 -50.539116 178.711472 2.219195 -7.661144 4.853781 -5.882101 9.861278 0.702592 -10.936858 -0.360574 7.156198 0.000002 8.774816 0.000000 -16.155624 17.575573 5.439020 -1.844029 2.498502 -2.507277 -10.163589 4.678940 4.621106 -20.975994 -0.000003 0.000004 -21.226248 2.451693 -3.593991 0.000000 -0.000005 -0.000000 -1.362679 2.240797 -0.746323 -21.334887 0.584909 3.008321 -13.821197 -0.000002 0.000002 -23.887125 -0.249079 -0.839480 -59.592941 2.311688 -1.477452 -0.294026 1.679687 0.833256 -14.218189 0.093215 1.300581 -34.211998 -0.287563 0.967174 -20.033176 0.964536 1.212844 -0.000000 -0.000001 0.000000 -3.440383 0.788231 0.501655 -15.928167 -3.167306 2.999705 -6.338815 -0.000002 0.000001 -18.123413 3.648175 -4.905660 -0.000004 0.000002 -0.000002 2.482798 0.691425 13.830594 38.991665 70.946327 -4.737731 179.308304 46.864285 178.796356 -5.655098 -4.062161 -10.037395 2.243539 -5.255033 -3.180155 14.282877 -0.826594 6.952497 -0.000002 -12.690591 0.000001 15.633163 -17.469187 3.155898 1.665664 -1.955920 -2.878298 4.727794 -4.170582 4.993919 11.020509 0.000003 0.000000 12.109031 -3.735710 -2.866779 0.000000 0.000000 0.000001 1.291984 -1.928547 -1.498089 14.800113 0.567468 3.865603 14.242554 -1.341736 -6.660648 19.631937 0.143924 -0.648244 49.733536 -0.920945 -5.721445 0.353029 -1.511150 -0.031941 20.222767 3.684306 2.316629 18.787243 0.000004 0.000002 10.751610 -0.479866 1.397904 0.000000 -0.000000 0.000000 3.273806 0.305945 -0.580110 21.486790 11.830365 2.266130 8.162917 -0.000001 -0.000000 18.399054 -3.798980 -4.940567 0.000003 -0.000003 -0.000001 6.027533 19.449533 -38.516224 -0.330293 -0.205113 42.916264 -3.900781 -2.873613 1.440345 1.745360 -1.890369 -0.586306 0.000000 0.000000 0.000002 -8.703685 -11.439805 -2.170316 0.155815 0.541268 29.749287 15.683350 -3.069014 -24.917175 -1.469365 1.063260 -0.249818 -0.000000 -0.000000 -0.000001 
7.710298 92.905579 10.706208 -1.706666 18.769583 1.737341 0.206484 1.043932 -0.911747 -0.485142 -0.704825 -5.187390 -0.115402 -3.665561 8.043760 -1.057636 3.677470 6.983461 -0.076413 3.649330 -3.662097 -2.813909 3.154143 -6.375437 0.000077 -0.000022 0.000006 0.019380 0.061179 -0.047030 0.801910 -3.640619 -10.760820 -0.767754 3.766512 -10.768167 -4.046720 -5.215044 12.638460 -36.846695 -24.193272 -21.535576 -178.794876 -46.338470 178.817581 0.657071 -6.378242 5.353264 -5.882098 9.861279 0.702590 -10.936860 -0.360574 7.156199 0.000001 8.774817 -0.000001 -16.084181 17.766539 5.632758 -1.844031 2.498504 -2.507274 -10.163589 4.678939 4.621103 -20.975996 -0.000001 0.000002 -21.226254 2.451692 -3.593996 -0.000000 -0.000007 -0.000000 -1.362682 2.240798 -0.746322 -21.334887 0.584908 3.008321 -13.821197 0.000001 0.000003 -23.887131 -0.249078 -0.839482 -59.472469 2.381091 -1.331720 -0.294023 1.679685 0.833255 -14.218194 0.093215 1.300580 -34.211998 -0.287564 0.967171 -20.033180 0.964535 1.212844 0.000000 0.000001 0.000001 -3.440386 0.788232 0.501657 -15.928167 -3.167307 2.999703 -6.338815 0.000001 0.000002 -18.123415 3.648178 -4.905662 -0.000004 0.000001 -0.000001 2.647714 1.586125 13.612013 34.398865 69.510521 -7.865310 179.510376 48.006008 179.195602 -6.300462 -4.094409 -7.793996 2.243540 -5.255034 -3.180155 14.282877 -0.826592 6.952495 -0.000002 -12.690591 -0.000001 15.415870 -17.544994 3.340870 1.665665 -1.955921 -2.878297 4.727795 -4.170582 4.993916 11.020512 0.000003 -0.000001 12.109030 -3.735709 -2.866781 0.000000 0.000001 0.000000 1.291983 -1.928547 -1.498088 14.800109 0.567469 3.865603 14.242551 -1.341735 -6.660647 19.631937 0.143924 -0.648242 49.766655 -1.061355 -5.657845 0.353028 -1.511149 -0.031941 20.222769 3.684308 2.316631 18.787245 0.000003 0.000001 10.751611 -0.479868 1.397904 -0.000000 0.000000 0.000000 3.273803 0.305949 -0.580111 21.486792 11.830363 2.266133 8.162916 0.000001 0.000000 18.399054 -3.798977 -4.940567 0.000003 -0.000002 -0.000001 2.065112 17.826654 -40.462280 -0.288175 -0.047814 45.563309 -0.227960 -2.734964 -1.532298 1.760112 -1.823074 -0.597523 0.000000 -0.000002 0.000002 -8.655128 -12.278075 1.634242 0.079235 0.620341 27.267345 17.070370 -6.095733 -26.437468 -1.502784 0.999140 -0.558198 0.000000 0.000000 -0.000001 
9.153267 92.461304 12.765585 -1.105834 24.766245 1.865124 0.072485 1.150353 -2.045842 -0.527101 0.481137 -5.510685 -0.932647 -2.663794 7.119576 0.859956 2.711586 6.312508 -1.107856 0.492910 -3.579574 -2.006592 -1.330683 -4.427528 0.000077 -0.000025 0.000006 0.028224 -0.021336 -0.071969 0.827638 -3.707997 -10.754808 -0.774111 3.672299 -10.750405 -7.337505 -2.820240 12.735792 -36.962852 -20.684065 -12.971020 -178.646912 -41.973026 178.730545 -0.368438 -5.993432 4.918061 -5.882099 9.861278 0.702590 -10.936861 -0.360573 7.156198 0.000001 8.774815 -0.000001 -16.161083 17.941681 5.863986 -1.844029 2.498501 -2.507275 -10.163592 4.678941 4.621106 -20.975992 -0.000002 0.000004 -21.226255 2.451695 -3.593993 0.000001 -0.000004 -0.000001 -1.362679 2.240794 -0.746325 -21.334892 0.584908 3.008320 -13.821197 -0.000000 0.000003 -23.887131 -0.249077 -0.839482 -59.791199 2.372145 -1.246107 -0.294025 1.679684 0.833254 -14.218192 0.093216 1.300580 -34.211998 -0.287562 0.967170 -20.033180 0.964537 1.212842 -0.000001 0.000001 -0.000000 -3.440385 0.788233 0.501655 -15.928171 -3.167305 2.999703 -6.338818 0.000000 0.000002 -18.123415 3.648176 -4.905660 -0.000004 0.000001 -0.000002 2.338265 2.143294 12.892020 29.797443 67.003067 -11.613027 179.311691 48.878933 179.255936 -7.538207 -3.531817 -5.717571 2.243540 -5.255033 -3.180152 14.282877 -0.826593 6.952494 -0.000002 -12.690590 0.000000 15.115257 -17.440193 3.384612 1.665665 -1.955919 -2.878296 4.727793 -4.170586 4.993917 11.020510 0.000003 -0.000003 12.109032 -3.735710 -2.866780 -0.000000 0.000001 0.000001 1.291985 -1.928548 -1.498090 14.800114 0.567468 3.865603 14.242553 -1.341734 -6.660650 19.631939 0.143928 -0.648243 49.487579 -0.902437 -5.525423 0.353028 -1.511148 -0.031942 20.222769 3.684308 2.316627 18.787243 0.000006 -0.000001 10.751610 -0.479870 1.397904 -0.000000 0.000001 -0.000000 3.273802 0.305947 -0.580109 21.486792 11.830363 2.266130 8.162916 0.000000 -0.000000 18.399050 -3.798979 -4.940568 0.000003 0.000000 -0.000001 0.550061 14.638892 -39.760635 -0.235599 0.016813 45.784065 0.664921 -2.916943 -5.544659 1.760851 -1.747816 -0.327835 0.000000 0.000000 0.000002 -8.467600 -12.483380 6.122375 -0.062261 0.494654 24.485302 19.181084 -10.272989 -27.272043 -1.486744 0.923571 -1.480372 -0.000000 -0.000000 -0.000001 
11.126284 92.278862 15.019925 -0.201227 30.870489 1.671747 -0.200477 1.048362 -3.067449 -0.493677 2.123601 -5.859269 -2.410753 -1.404081 6.607407 2.871785 1.418274 5.736633 -2.085510 -2.955288 -3.407854 -1.527863 -5.617682 -2.212332 0.000077 -0.000023 0.000006 0.029452 -0.159966 -0.085252 0.865992 -3.847688 -10.752030 -0.810535 3.524148 -10.718569 -11.447067 -0.565387 12.609488 -33.745605 -17.234730 -7.122033 -178.927765 -38.815289 178.828568 -0.954799 -6.216141 3.297501 -5.882103 9.861279 0.702588 -10.936858 -0.360575 7.156194 0.000001 8.774813 -0.000002 -16.314739 17.459221 6.023073 -1.844031 2.498502 -2.507276 -10.163589 4.678940 4.621103 -20.975996 -0.000001 0.000000 -21.226254 2.451691 -3.593995 0.000000 -0.000005 -0.000000 -1.362681 2.240796 -0.746324 -21.334888 0.584910 3.008318 -13.821197 -0.000001 0.000001 -23.887129 -0.249080 -0.839484 -60.550377 2.055371 -1.145334 -0.294025 1.679689 0.833256 -14.218190 0.093216 1.300578 -34.211998 -0.287563 0.967166 -20.033176 0.964534 1.212840 0.000000 0.000001 0.000000 -3.440388 0.788233 0.501655 -15.928165 -3.167305 2.999703 -6.338817 -0.000001 0.000002 -18.123415 3.648177 -4.905664 -0.000004 0.000001 -0.000002 2.195722 2.170962 12.534269 23.519163 63.036278 -17.367426 179.256287 49.609047 179.452637 -9.015876 -2.138504 -4.890641 2.243540 -5.255033 -3.180155 14.282877 -0.826591 6.952497 -0.000002 -12.690590 -0.000001 15.209152 -17.240459 3.153780 1.665665 -1.955919 -2.878299 4.727793 -4.170584 4.993919 11.020513 0.000003 -0.000001 12.109034 -3.735708 -2.866781 0.000000 -0.000001 -0.000000 1.291983 -1.928546 -1.498089 14.800114 0.567471 3.865606 14.242553 -1.341734 -6.660648 19.631939 0.143926 -0.648240 49.403690 -0.812955 -5.537406 0.353027 -1.511150 -0.031939 20.222771 3.684308 2.316629 18.787245 0.000006 0.000001 10.751611 -0.479866 1.397905 -0.000000 -0.000000 -0.000000 3.273804 0.305948 -0.580111 21.486797 11.830366 2.266134 8.162919 0.000002 0.000001 18.399054 -3.798975 -4.940567 0.000003 0.000003 -0.000001 -0.803804 9.715175 -37.339428 -0.228454 -0.196099 45.162155 1.246522 -3.451615 -9.648520 1.699299 -1.657988 -0.126509 -0.000000 0.000000 0.000002 -8.899206 -12.934417 8.913457 -0.064212 0.444075 26.440521 21.822880 -13.754746 -24.714222 -1.526132 1.026922 -5.989752 0.000000 0.000000 -0.000001 
13.235179 92.407631 16.929811 0.128004 36.348511 0.008018 -0.379200 1.002975 -3.123127 -0.481400 3.204606 -6.050161 -3.687122 -0.412121 6.733552 4.856518 0.271874 5.605578 -3.229182 -6.006810 -3.250439 -1.062883 -8.938111 -0.992119 0.000077 -0.000023 0.000006 0.018375 -0.267372 -0.105013 0.888841 -3.973846 -10.839459 -0.852304 3.425695 -10.776669 -14.218289 1.011056 12.565470 -30.933092 -15.232283 -4.899806 -179.471039 -38.141685 179.052063 -1.180178 -6.273581 1.992846 -5.882102 9.861278 0.702588 -10.936860 -0.360575 7.156195 0.000002 8.774811 0.000000 -16.458590 17.159161 5.958945 -1.844031 2.498501 -2.507274 -10.163590 4.678941 4.621103 -20.975998 -0.000004 0.000001 -21.226255 2.451693 -3.593995 0.000001 -0.000007 -0.000000 -1.362681 2.240796 -0.746323 -21.334892 0.584910 3.008318 -13.821198 -0.000004 0.000002 -23.887133 -0.249081 -0.839483 -60.762199 1.926463 -1.031886 -0.294024 1.679686 0.833255 -14.218192 0.093214 1.300576 -34.212006 -0.287567 0.967166 -20.033180 0.964533 1.212839 0.000001 0.000002 0.000001 -3.440384 0.788232 0.501654 -15.928167 -3.167305 2.999702 -6.338817 0.000002 0.000001 -18.123415 3.648175 -4.905663 -0.000004 0.000003 -0.000001 2.058481 2.360509 13.127221 17.995411 57.130165 -22.055552 -179.855072 50.187042 179.929474 -10.424282 -0.885627 -3.921183 2.243538 -5.255032 -3.180155 14.282877 -0.826594 6.952496 -0.000003 -12.690587 -0.000000 15.284707 -17.329754 3.032749 1.665666 -1.955922 -2.878297 4.727797 -4.170582 4.993918 11.020513 0.000001 -0.000000 12.109033 -3.735708 -2.866778 -0.000000 -0.000001 0.000000 1.291985 -1.928549 -1.498088 14.800113 0.567469 3.865605 14.242553 -1.341733 -6.660648 19.631939 0.143929 -0.648241 49.112442 -0.544592 -5.639636 0.353031 -1.511148 -0.031940 20.222771 3.684306 2.316629 18.787245 0.000004 0.000002 10.751612 -0.479868 1.397905 0.000000 0.000000 0.000000 3.273804 0.305947 -0.580109 21.486794 11.830364 2.266133 8.162919 0.000003 -0.000000 18.399055 -3.798977 -4.940567 0.000003 0.000001 -0.000001 -1.541937 5.066623 -33.933300 -0.081565 -0.277156 45.335567 1.847546 -4.149271 -11.523778 1.616060 -1.635572 0.378663 -0.000000 0.000001 0.000002 -10.581217 -14.515921 6.569954 0.266186 0.707564 39.764587 21.980732 -13.065811 -15.576178 -1.735507 1.196935 -13.579351 0.000000 0.000000 -0.000001 
15.105464 93.157715 18.186525 -1.531611 39.876408 -4.534214 -0.184913 0.970219 -1.863746 -0.302543 3.421789 -5.710755 -3.957997 -0.237480 7.011607 6.329854 -0.591670 6.555656 -3.764860 -7.536143 -3.056848 -0.780981 -11.171685 -1.828859 0.000077 -0.000024 0.000006 0.018889 -0.304348 -0.059185 0.905641 -3.999480 -10.849311 -0.867360 3.380461 -10.747739 -15.032871 1.160907 12.502207 -30.368147 -14.843857 -5.519516 -179.443863 -39.923092 179.186264 -0.995226 -5.339100 1.368209 -5.882104 9.861279 0.702588 -10.936858 -0.360575 7.156197 -0.000000 8.774812 -0.000002 -16.157969 17.216679 6.133687 -1.844030 2.498501 -2.507276 -10.163589 4.678940 4.621102 -20.975996 -0.000003 0.000000 -21.226254 2.451691 -3.593996 0.000000 -0.000007 -0.000002 -1.362680 2.240797 -0.746322 -21.334892 0.584909 3.008320 -13.821195 -0.000002 0.000001 -23.887131 -0.249080 -0.839483 -60.676392 1.846485 -1.117542 -0.294024 1.679687 0.833255 -14.218189 0.093213 1.300578 -34.211998 -0.287563 0.967166 -20.033176 0.964535 1.212840 0.000002 0.000002 -0.000000 -3.440387 0.788232 0.501655 -15.928164 -3.167306 2.999703 -6.338817 0.000001 0.000001 -18.123413 3.648176 -4.905663 -0.000004 0.000001 -0.000002 1.234928 3.243993 13.625740 17.263746 50.132584 -22.190805 -178.920715 52.043114 -179.723587 -11.731218 1.100208 -1.923277 2.243538 -5.255032 -3.180155 14.282877 -0.826591 6.952497 -0.000002 -12.690590 -0.000001 16.073902 -17.276052 2.899223 1.665664 -1.955918 -2.878297 4.727796 -4.170582 4.993919 11.020510 0.000002 -0.000001 12.109028 -3.735710 -2.866780 -0.000000 0.000001 0.000000 1.291986 -1.928545 -1.498087 14.800111 0.567469 3.865603 14.242553 -1.341735 -6.660649 19.631939 0.143924 -0.648243 49.640739 -0.564596 -5.796660 0.353029 -1.511150 -0.031939 20.222771 3.684306 2.316630 18.787245 0.000006 0.000001 10.751611 -0.479870 1.397905 -0.000000 0.000001 -0.000000 3.273804 0.305947 -0.580109 21.486790 11.830363 2.266133 8.162916 0.000003 -0.000000 18.399054 -3.798979 -4.940566 0.000003 -0.000001 -0.000001 -0.606470 3.549578 -28.294432 -0.146942 -0.238918 44.212139 2.579428 -5.719735 -12.128270 1.557187 -1.708547 0.341997 -0.000000 0.000000 0.000002 -12.994963 -16.148769 -0.697667 0.738809 0.843118 62.584003 21.081797 -7.480403 -3.344062 -1.824455 1.156127 -7.615392 -0.000000 -0.000000 -0.000003 
16.299751 93.969360 18.964777 -5.213200 42.068176 -11.715505 0.151271 0.502093 0.136547 -0.090330 2.455172 -4.937243 -3.158775 -0.776961 7.584069 7.631933 -1.714903 8.286277 -3.622415 -7.663511 -2.981312 -0.930271 -11.648491 -3.422791 0.000077 -0.000023 0.000006 0.029288 -0.245245 0.027521 0.876676 -3.925043 -10.778735 -0.819630 3.429110 -10.655797 -14.371513 -0.723182 12.564230 -30.698830 -15.983048 -7.881341 -177.959549 -43.631950 178.206070 -0.977637 -4.103835 1.856067 -5.882100 9.861279 0.702590 -10.936858 -0.360575 7.156198 0.000002 8.774815 -0.000000 -15.982234 17.428822 6.056481 -1.844029 2.498502 -2.507277 -10.163589 4.678941 4.621103 -20.975994 -0.000004 0.000003 -21.226250 2.451693 -3.593995 -0.000001 -0.000006 -0.000001 -1.362682 2.240797 -0.746323 -21.334887 0.584908 3.008321 -13.821197 -0.000002 0.000002 -23.887129 -0.249078 -0.839482 -59.851196 2.024813 -1.061219 -0.294026 1.679687 0.833255 -14.218190 0.093214 1.300579 -34.211998 -0.287563 0.967171 -20.033176 0.964536 1.212841 0.000001 0.000001 0.000000 -3.440385 0.788232 0.501655 -15.928167 -3.167305 2.999706 -6.338817 0.000000 0.000001 -18.123413 3.648177 -4.905662 -0.000005 -0.000000 -0.000002 1.326179 3.440941 13.672323 18.317286 44.555485 -19.947193 -179.053986 56.221123 -179.936569 -12.903481 3.241865 0.355619 2.243541 -5.255031 -3.180156 14.282873 -0.826594 6.952497 -0.000002 -12.690590 0.000001 16.878880 -17.260580 2.888939 1.665667 -1.955920 -2.878297 4.727795 -4.170584 4.993918 11.020510 0.000004 -0.000000 12.109031 -3.735710 -2.866779 -0.000000 0.000001 0.000001 1.291981 -1.928548 -1.498087 14.800117 0.567467 3.865604 14.242553 -1.341735 -6.660647 19.631939 0.143925 -0.648243 50.697296 -0.741254 -5.984237 0.353029 -1.511148 -0.031941 20.222769 3.684304 2.316627 18.787245 0.000004 -0.000000 10.751610 -0.479868 1.397904 -0.000000 0.000001 0.000000 3.273804 0.305948 -0.580112 21.486790 11.830363 2.266132 8.162915 0.000003 0.000000 18.399052 -3.798977 -4.940565 0.000003 -0.000003 -0.000001 2.146099 3.770333 -21.987270 -0.126086 -0.079191 43.613457 3.532573 -7.940791 -12.064445 1.529338 -1.711764 0.312287 0.000000 0.000002 0.000002 -15.138128 -16.963364 -9.541884 0.851710 0.717818 88.708626 19.457836 1.418828 -2.996648 -1.811953 1.161158 -2.145146 0.000000 0.000000 -0.000002 
16.991335 94.364212 19.842125 -10.630034 42.813602 -20.740252 0.464769 -0.155631 2.113084 0.238266 0.759738 -4.076332 -1.827239 -2.301877 8.663557 9.018730 -2.823672 10.844161 -3.181063 -7.018553 -3.077481 -1.331371 -10.274569 -4.054289 0.000077 -0.000023 0.000006 0.040255 -0.167856 0.087012 0.843769 -3.865344 -10.772769 -0.768739 3.516080 -10.665853 -13.119822 -3.752616 13.166796 -29.701159 -17.909470 -11.237279 -176.276825 -48.760773 177.042404 -1.278371 -3.688070 2.987401 -5.882098 9.861277 0.702590 -10.936858 -0.360573 7.156196 0.000003 8.774812 -0.000000 -16.021503 17.525066 5.844608 -1.844029 2.498502 -2.507275 -10.163589 4.678940 4.621104 -20.975992 -0.000004 0.000000 -21.226250 2.451689 -3.593996 0.000000 -0.000007 -0.000001 -1.362679 2.240794 -0.746323 -21.334887 0.584910 3.008319 -13.821193 -0.000003 0.000000 -23.887129 -0.249081 -0.839481 -59.301552 2.175530 -0.965889 -0.294026 1.679687 0.833255 -14.218192 0.093213 1.300577 -34.212002 -0.287568 0.967168 -20.033176 0.964533 1.212841 0.000001 0.000001 0.000000 -3.440384 0.788233 0.501655 -15.928165 -3.167305 2.999701 -6.338818 0.000000 0.000001 -18.123411 3.648175 -4.905661 -0.000004 -0.000000 -0.000002 3.045006 2.867188 14.039402 18.419369 41.186062 -17.892208 178.807251 61.986088 178.763702 -13.899281 5.002743 3.621212 2.243540 -5.255033 -3.180155 14.282875 -0.826592 6.952496 -0.000002 -12.690591 -0.000000 16.631794 -17.047054 3.075049 1.665665 -1.955920 -2.878297 4.727795 -4.170583 4.993918 11.020512 0.000001 -0.000001 12.109035 -3.735708 -2.866779 -0.000000 0.000001 0.000000 1.291983 -1.928547 -1.498087 14.800114 0.567467 3.865602 14.242554 -1.341733 -6.660648 19.631941 0.143924 -0.648244 50.360714 -0.812008 -6.002406 0.353027 -1.511150 -0.031940 20.222769 3.684307 2.316628 18.787245 0.000005 -0.000000 10.751610 -0.479866 1.397904 0.000000 -0.000001 -0.000000 3.273802 0.305947 -0.580112 21.486792 11.830364 2.266131 8.162916 0.000003 -0.000000 18.399055 -3.798980 -4.940569 0.000004 0.000000 -0.000001 6.972646 4.309440 -15.287617 -0.023797 0.058288 43.115246 4.273336 -9.735378 -13.983729 1.523080 -1.545529 0.443229 0.000000 0.000000 0.000002 -16.497738 -16.839054 -19.029446 0.674383 0.550802 111.260063 16.230661 5.757398 -7.939395 -1.915948 1.218114 -2.399082 -0.000000 -0.000000 -0.000002 
17.494057 94.755730 21.067759 -16.981426 42.467220 -31.157173 0.689815 -0.930306 3.968183 0.417704 -1.159429 -3.006689 -0.387779 -4.512741 10.253078 10.506691 -4.209613 14.340808 -2.568559 -6.017121 -3.238014 -1.934152 -8.129028 -4.087012 0.000077 -0.000023 0.000006 0.042346 -0.083982 0.125733 0.810116 -3.779079 -10.728350 -0.734192 3.614915 -10.669595 -11.401419 -7.340277 14.147164 -26.650383 -19.744259 -15.030417 -175.423935 -55.001659 175.945740 -1.809602 -4.196267 3.971134 -5.882102 9.861278 0.702589 -10.936859 -0.360576 7.156195 -0.000000 8.774815 -0.000001 -16.139708 17.643393 5.689168 -1.844030 2.498502 -2.507275 -10.163590 4.678939 4.621104 -20.975996 -0.000005 0.000004 -21.226254 2.451692 -3.593993 -0.000000 -0.000007 0.000001 -1.362680 2.240795 -0.746322 -21.334894 0.584906 3.008320 -13.821197 -0.000004 0.000001 -23.887131 -0.249081 -0.839480 -59.192562 2.384301 -1.096949 -0.294025 1.679687 0.833257 -14.218194 0.093213 1.300577 -34.212006 -0.287567 0.967170 -20.033182 0.964534 1.212842 0.000002 0.000003 0.000000 -3.440386 0.788233 0.501655 -15.928167 -3.167307 2.999703 -6.338817 -0.000001 0.000001 -18.123415 3.648175 -4.905662 -0.000004 -0.000000 -0.000002 6.107141 1.556980 15.184854 15.943832 38.830120 -17.213037 173.689590 67.879669 174.990799 -14.891395 6.821119 6.866758 2.243539 -5.255031 -3.180156 14.282877 -0.826593 6.952494 -0.000003 -12.690590 0.000001 15.679742 -16.737209 3.322007 1.665667 -1.955921 -2.878296 4.727792 -4.170583 4.993918 11.020513 0.000003 -0.000002 12.109033 -3.735708 -2.866780 -0.000000 0.000000 0.000000 1.291983 -1.928548 -1.498088 14.800109 0.567468 3.865602 14.242553 -1.341733 -6.660649 19.631939 0.143928 -0.648244 49.348194 -0.808362 -5.920201 0.353027 -1.511150 -0.031939 20.222769 3.684308 2.316626 18.787245 0.000006 -0.000001 10.751610 -0.479867 1.397904 -0.000000 0.000000 0.000000 3.273804 0.305947 -0.580110 21.486792 11.830365 2.266129 8.162917 0.000000 -0.000001 18.399054 -3.798978 -4.940567 0.000003 -0.000001 -0.000001 13.199015 3.737157 -7.846344 0.072962 0.122326 42.529514 4.494593 -10.987797 -15.817032 1.544448 -1.408142 0.414195 0.000000 0.000001 0.000002 -17.558985 -17.609625 -29.682690 0.624203 0.680087 128.697693 12.906280 5.767433 -13.179946 -1.997802 1.338038 -3.024025 -0.000000 0.000000 -0.000002 
18.046310 95.225754 22.701355 -23.087273 41.064865 -42.000263 0.730890 -2.032591 5.695578 0.379859 -2.852148 -1.803511 0.841110 -6.837319 12.383373 11.380861 -5.773194 18.384140 -1.957034 -4.717932 -3.324309 -2.503474 -5.776294 -3.402241 0.000077 -0.000020 0.000006 0.027170 -0.014808 0.166409 0.775571 -3.699116 -10.653647 -0.733098 3.676633 -10.640478 -10.029858 -10.553305 15.184140 -21.341574 -20.831062 -18.686302 -174.464005 -62.225239 174.399719 -2.161777 -5.765370 4.200768 -5.882102 9.861279 0.702591 -10.936860 -0.360575 7.156198 0.000001 8.774815 -0.000001 -16.496088 17.612734 5.390764 -1.844031 2.498502 -2.507275 -10.163591 4.678938 4.621105 -20.975996 -0.000003 0.000002 -21.226255 2.451690 -3.593995 -0.000000 -0.000008 0.000001 -1.362678 2.240797 -0.746322 -21.334898 0.584908 3.008320 -13.821198 -0.000004 0.000002 -23.887131 -0.249078 -0.839482 -59.142754 2.567984 -1.335129 -0.294024 1.679686 0.833255 -14.218194 0.093215 1.300579 -34.212013 -0.287564 0.967169 -20.033182 0.964536 1.212842 0.000001 0.000001 0.000000 -3.440386 0.788232 0.501655 -15.928171 -3.167306 2.999703 -6.338818 -0.000001 0.000002 -18.123415 3.648175 -4.905662 -0.000004 -0.000001 -0.000002 9.619928 -0.275677 16.519331 11.552831 36.392948 -16.482319 164.823395 72.705200 166.909012 -16.217201 9.255544 9.400064 2.243538 -5.255033 -3.180155 14.282875 -0.826594 6.952495 -0.000003 -12.690590 -0.000000 14.889434 -16.827051 3.626403 1.665665 -1.955920 -2.878296 4.727794 -4.170583 4.993918 11.020511 0.000003 -0.000001 12.109033 -3.735710 -2.866780 0.000000 0.000000 0.000000 1.291985 -1.928548 -1.498088 14.800111 0.567468 3.865602 14.242553 -1.341735 -6.660649 19.631935 0.143925 -0.648243 49.108364 -0.614824 -5.605839 0.353028 -1.511149 -0.031941 20.222771 3.684305 2.316629 18.787245 0.000004 -0.000000 10.751610 -0.479868 1.397904 0.000001 0.000000 0.000000 3.273804 0.305947 -0.580111 21.486790 11.830361 2.266131 8.162916 0.000002 -0.000000 18.399054 -3.798980 -4.940568 0.000003 0.000000 -0.000001 19.579258 1.247639 0.460776 0.133046 0.087539 41.330246 3.764141 -11.835690 -16.839008 1.572037 -1.349604 0.522817 0.000000 -0.000000 0.000002 -18.591707 -20.581743 -41.956272 0.916302 0.650443 140.211609 9.560474 3.513379 -17.345274 -1.974168 1.474367 -2.612694 0.000000 -0.000000 -0.000003 
18.837484 95.533897 24.734072 -28.010246 38.853588 -51.599159 0.875068 -3.006366 6.810945 0.141622 -4.372867 -0.892308 1.651664 -8.557640 14.884668 11.355523 -7.266534 22.564976 -1.345401 -3.173064 -3.353884 -2.991107 -3.621817 -1.616110 0.000077 -0.000021 0.000006 0.004418 -0.001035 0.192414 0.749036 -3.656107 -10.547625 -0.749391 3.656929 -10.563788 -9.855760 -12.499457 16.392582 -14.288340 -21.778994 -20.733603 -170.984802 -70.344261 170.354065 -1.780993 -7.949620 4.386408 -5.882100 9.861279 0.702588 -10.936856 -0.360575 7.156197 0.000002 8.774815 -0.000002 -16.822010 17.574377 4.939229 -1.844030 2.498503 -2.507274 -10.163586 4.678939 4.621105 -20.975992 -0.000003 0.000004 -21.226250 2.451694 -3.593993 0.000001 -0.000007 -0.000001 -1.362680 2.240797 -0.746324 -21.334887 0.584906 3.008322 -13.821194 -0.000002 0.000003 -23.887129 -0.249078 -0.839481 -58.940521 2.575622 -1.509714 -0.294027 1.679687 0.833256 -14.218189 0.093213 1.300579 -34.211998 -0.287563 0.967172 -20.033175 0.964534 1.212843 0.000001 0.000001 -0.000000 -3.440387 0.788235 0.501656 -15.928165 -3.167308 2.999704 -6.338817 -0.000002 0.000002 -18.123411 3.648177 -4.905660 -0.000003 0.000001 -0.000002 12.454016 -1.894481 16.942724 8.103841 32.790546 -13.526646 153.185120 76.373314 155.035599 -18.247868 12.193491 10.055220 2.243538 -5.255032 -3.180155 14.282875 -0.826593 6.952498 -0.000003 -12.690588 -0.000000 14.866606 -17.403629 3.899068 1.665664 -1.955920 -2.878297 4.727793 -4.170583 4.993918 11.020510 0.000004 -0.000001 12.109030 -3.735710 -2.866778 0.000000 0.000001 0.000000 1.291985 -1.928547 -1.498088 14.800114 0.567469 3.865606 14.242553 -1.341733 -6.660648 19.631937 0.143927 -0.648241 49.971252 -0.328931 -5.154310 0.353028 -1.511149 -0.031940 20.222765 3.684306 2.316629 18.787245 0.000005 0.000002 10.751610 -0.479867 1.397905 0.000000 0.000000 0.000000 3.273804 0.305947 -0.580110 21.486790 11.830364 2.266134 8.162916 0.000002 0.000001 18.399050 -3.798979 -4.940565 0.000002 0.000000 -0.000001 24.814381 -2.954878 8.679127 0.169993 0.016336 39.572372 2.235639 -11.464913 -17.859781 1.614117 -1.283078 0.529523 -0.000000 -0.000001 0.000002 -17.405495 -25.158144 -56.119965 0.237382 0.403309 143.218384 7.417840 0.473338 -20.385118 -1.724354 1.573302 -0.943951 -0.000001 -0.000000 -0.000001 
19.641060 95.549629 26.858917 -31.978210 35.908821 -58.962589 1.682477 -3.570256 7.083030 -0.057998 -5.500133 -0.650414 2.129769 -9.857550 17.160034 10.880093 -8.497280 26.612949 -0.779349 -1.989497 -3.414014 -3.162310 -1.554730 1.131505 0.000077 -0.000022 0.000006 0.001798 -0.060718 0.147385 0.729885 -3.730603 -10.629467 -0.737212 3.604994 -10.652238 -10.505261 -12.846588 18.015682 -6.596883 -23.907904 -20.496058 -161.288513 -78.537819 160.412949 -0.433401 -9.501373 5.168722 -5.882100 9.861278 0.702589 -10.936859 -0.360575 7.156196 0.000001 8.774813 -0.000002 -16.389626 17.723984 4.957908 -1.844031 2.498502 -2.507276 -10.163589 4.678940 4.621103 -20.975996 -0.000004 0.000002 -21.226254 2.451692 -3.593993 -0.000001 -0.000006 -0.000000 -1.362681 2.240796 -0.746323 -21.334890 0.584909 3.008319 -13.821197 -0.000003 0.000002 -23.887133 -0.249078 -0.839481 -58.795372 2.445276 -1.593570 -0.294026 1.679687 0.833255 -14.218195 0.093214 1.300578 -34.212002 -0.287566 0.967168 -20.033178 0.964532 1.212841 -0.000001 -0.000001 -0.000000 -3.440386 0.788232 0.501655 -15.928169 -3.167306 2.999703 -6.338817 -0.000002 0.000001 -18.123415 3.648177 -4.905662 -0.000003 0.000001 -0.000002 14.366848 -2.903658 16.073927 6.938399 28.197392 -7.888006 142.763672 80.251839 143.903763 -20.528965 14.686735 8.969501 2.243540 -5.255032 -3.180155 14.282877 -0.826593 6.952494 -0.000003 -12.690590 -0.000000 14.784796 -17.998539 4.031239 1.665664 -1.955921 -2.878297 4.727792 -4.170583 4.993918 11.020510 0.000005 -0.000003 12.109033 -3.735708 -2.866781 0.000000 0.000000 0.000000 1.291984 -1.928548 -1.498088 14.800111 0.567469 3.865602 14.242554 -1.341732 -6.660650 19.631939 0.143927 -0.648245 50.411598 -0.470446 -5.272847 0.353026 -1.511149 -0.031941 20.222771 3.684307 2.316626 18.787245 0.000007 -0.000003 10.751610 -0.479868 1.397903 0.000001 0.000000 0.000000 3.273803 0.305946 -0.580110 21.486790 11.830364 2.266129 8.162916 0.000002 -0.000000 18.399050 -3.798977 -4.940568 0.000003 0.000001 -0.000001 28.861362 -8.047638 15.078586 0.146597 -0.101780 38.465214 0.293499 -9.158010 -19.067598 1.697843 -1.259338 0.342661 -0.000000 0.000000 0.000002 -12.341377 -30.201591 -72.018196 -0.412471 0.511204 136.995438 6.347674 -2.216259 -19.720068 -1.482084 1.591584 -0.303426 -0.000000 0.000000 -0.000000 
20.386818 95.604134 28.861279 -35.411491 33.519745 -63.905567 2.433826 -4.017903 6.561846 0.075699 -5.954270 -1.120265 2.466854 -11.183077 18.933132 10.244668 -9.752705 30.402071 -0.477899 -1.366424 -3.526054 -3.007355 -0.178204 3.553436 0.000077 -0.000022 0.000006 0.042126 -0.173480 0.078193 0.787494 -3.909863 -10.838108 -0.717544 3.557545 -10.854110 -11.395893 -12.487737 19.163725 -0.027267 -27.132944 -18.570292 -128.466507 -84.739349 128.052124 1.675238 -10.385680 6.248444 -5.882103 9.861278 0.702590 -10.936857 -0.360575 7.156197 -0.000000 8.774812 -0.000001 -16.008055 17.496151 5.247732 -1.844030 2.498503 -2.507276 -10.163589 4.678937 4.621104 -20.975994 -0.000005 0.000002 -21.226250 2.451691 -3.593993 -0.000001 -0.000004 -0.000000 -1.362681 2.240795 -0.746322 -21.334888 0.584909 3.008321 -13.821194 -0.000002 0.000003 -23.887125 -0.249077 -0.839481 -59.199104 2.656561 -1.732583 -0.294026 1.679686 0.833255 -14.218192 0.093213 1.300579 -34.211998 -0.287563 0.967169 -20.033176 0.964536 1.212840 0.000001 0.000000 -0.000001 -3.440383 0.788232 0.501655 -15.928167 -3.167306 2.999703 -6.338816 -0.000003 0.000001 -18.123413 3.648176 -4.905661 -0.000004 -0.000001 -0.000002 14.734129 -3.764059 15.266872 8.413248 23.738670 -2.981479 130.399155 84.302673 130.605850 -21.789738 16.650541 7.809028 2.243540 -5.255030 -3.180155 14.282875 -0.826595 6.952496 -0.000001 -12.690588 0.000000 13.658223 -17.834797 4.275360 1.665663 -1.955920 -2.878296 4.727795 -4.170586 4.993919 11.020511 0.000002 -0.000000 12.109032 -3.735711 -2.866780 0.000000 0.000000 0.000000 1.291983 -1.928547 -1.498087 14.800111 0.567467 3.865602 14.242553 -1.341734 -6.660648 19.631939 0.143927 -0.648244 50.034206 -0.585382 -5.151145 0.353028 -1.511149 -0.031940 20.222769 3.684304 2.316627 18.787245 0.000004 -0.000000 10.751610 -0.479869 1.397903 0.000000 -0.000000 0.000001 3.273803 0.305945 -0.580110 21.486790 11.830360 2.266131 8.162916 0.000001 -0.000000 18.399054 -3.798980 -4.940568 0.000003 0.000001 -0.000001 31.210583 -12.752178 18.433096 0.253671 -0.044614 39.051758 -0.997888 -6.563696 -19.244553 1.766651 -1.331737 0.677575 0.000000 -0.000001 0.000002 -6.810688 -34.903919 -84.386513 -0.388755 0.788387 122.293655 6.332507 -1.144981 -15.824117 -1.220564 1.468185 -1.455703 0.000000 -0.000000 -0.000001 
21.161377 95.372864 30.598909 -36.855007 31.898256 -67.049171 2.629446 -4.249293 6.202332 0.071290 -5.730083 -1.518931 2.612228 -12.014824 20.051252 9.476435 -10.652806 34.526379 -0.453517 -0.556585 -3.771838 -2.340370 0.325789 5.236956 0.000077 -0.000023 0.000006 0.068577 -0.261055 0.020501 0.830113 -4.014070 -10.881299 -0.707372 3.470172 -10.905529 -12.626580 -11.652597 19.661518 4.933604 -30.877142 -15.881701 -61.222057 -85.969727 62.107986 3.536723 -10.709902 9.589098 -5.882101 9.861278 0.702589 -10.936858 -0.360576 7.156197 0.000001 8.774813 -0.000002 -16.036901 17.347498 5.455592 -1.844034 2.498502 -2.507276 -10.163589 4.678937 4.621103 -20.975996 -0.000005 0.000002 -21.226255 2.451691 -3.593993 0.000000 -0.000006 -0.000000 -1.362681 2.240797 -0.746322 -21.334888 0.584907 3.008320 -13.821197 -0.000003 0.000003 -23.887133 -0.249080 -0.839481 -59.913406 2.814776 -2.010587 -0.294024 1.679684 0.833256 -14.218190 0.093213 1.300579 -34.212002 -0.287565 0.967170 -20.033178 0.964535 1.212841 0.000000 0.000002 0.000000 -3.440385 0.788232 0.501655 -15.928169 -3.167307 2.999704 -6.338817 -0.000001 0.000001 -18.123413 3.648174 -4.905661 -0.000004 0.000001 -0.000002 13.420729 -4.117509 15.045644 13.197758 19.647718 0.222754 117.388458 86.940521 117.310089 -22.157621 17.443811 4.725605 2.243539 -5.255033 -3.180154 14.282877 -0.826592 6.952496 -0.000002 -12.690590 -0.000001 13.042571 -17.116743 4.316023 1.665665 -1.955919 -2.878297 4.727794 -4.170584 4.993918 11.020512 0.000003 -0.000001 12.109034 -3.735710 -2.866779 -0.000000 -0.000000 -0.000000 1.291986 -1.928546 -1.498089 14.800114 0.567469 3.865604 14.242554 -1.341735 -6.660649 19.631937 0.143925 -0.648244 49.665894 -0.390884 -4.781553 0.353026 -1.511151 -0.031941 20.222769 3.684305 2.316628 18.787245 0.000005 -0.000001 10.751611 -0.479866 1.397905 0.000000 -0.000001 0.000000 3.273804 0.305947 -0.580110 21.486794 11.830362 2.266133 8.162918 0.000002 -0.000001 18.399055 -3.798978 -4.940568 0.000003 0.000001 -0.000001 32.033707 -15.335011 20.865168 0.370474 0.093817 40.565388 -0.528553 -4.752597 -19.099899 1.791955 -1.415875 0.725836 -0.000000 -0.000002 0.000002 -4.550987 -37.135345 -90.123520 -0.125908 0.713669 106.007065 7.942268 -1.470289 -13.893866 -1.019616 1.148952 -2.278278 -0.000000 0.000000 -0.000003 
21.990889 95.045509 31.842323 -36.060177 31.554482 -68.055794 2.252790 -4.117195 5.772627 -0.068891 -5.323765 -1.911216 2.279319 -11.784687 20.665623 8.836526 -11.265650 37.906303 -0.524792 -0.169275 -3.850551 -1.535427 0.240282 6.370718 0.000077 -0.000022 0.000006 0.056716 -0.139477 -0.016631 0.815436 -3.905787 -10.940811 -0.721272 3.597238 -10.952826 -13.461274 -10.591513 20.138460 7.177798 -34.397663 -15.405122 -41.403717 -85.443871 43.868671 4.891661 -11.385430 12.724699 -5.882102 9.861279 0.702590 -10.936857 -0.360574 7.156195 0.000001 8.774813 -0.000001 -16.845716 16.761223 5.272560 -1.844032 2.498503 -2.507276 -10.163589 4.678940 4.621102 -20.975994 -0.000005 0.000000 -21.226250 2.451693 -3.593994 0.000000 -0.000006 -0.000000 -1.362681 2.240797 -0.746322 -21.334888 0.584907 3.008319 -13.821195 -0.000002 0.000001 -23.887131 -0.249078 -0.839482 -60.542351 2.889529 -2.414469 -0.294027 1.679687 0.833255 -14.218192 0.093215 1.300578 -34.211998 -0.287565 0.967166 -20.033180 0.964533 1.212840 0.000001 0.000002 -0.000001 -3.440386 0.788234 0.501655 -15.928165 -3.167305 2.999702 -6.338816 -0.000002 0.000001 -18.123415 3.648175 -4.905662 -0.000004 -0.000000 -0.000002 10.635691 -4.063614 15.534719 19.470881 15.776245 0.667667 128.908035 87.116150 128.971375 -20.614746 17.401056 0.687475 2.243541 -5.255033 -3.180155 14.282875 -0.826592 6.952493 -0.000001 -12.690590 0.000000 12.910428 -16.405506 4.336538 1.665666 -1.955920 -2.878296 4.727793 -4.170583 4.993918 11.020512 0.000001 -0.000002 12.109032 -3.735709 -2.866781 0.000000 0.000000 0.000000 1.291984 -1.928547 -1.498088 14.800111 0.567469 3.865602 14.242551 -1.341735 -6.660650 19.631937 0.143928 -0.648244 49.205563 -0.260077 -4.340003 0.353030 -1.511148 -0.031941 20.222765 3.684307 2.316626 18.787243 0.000005 -0.000002 10.751610 -0.479867 1.397903 -0.000000 0.000000 0.000000 3.273803 0.305946 -0.580111 21.486788 11.830363 2.266128 8.162916 0.000002 -0.000001 18.399050 -3.798978 -4.940568 0.000003 0.000000 -0.000001 31.413940 -15.962749 23.717848 0.413097 0.110125 40.756252 0.509203 -3.763047 -19.655903 1.769941 -1.403346 0.904698 -0.000000 -0.000001 0.000002 -5.767716 -37.462349 -91.117355 -0.136026 0.633291 92.753433 9.783197 -4.081075 -15.931070 -0.770933 1.028157 -2.387900 0.000000 0.000000 -0.000001 
22.859909 94.505745 32.512535 -34.218445 31.953016 -67.628990 1.814946 -3.715604 5.448869 -0.147866 -4.993050 -2.143677 1.609152 -11.284956 20.815001 8.385839 -11.325645 40.105263 -0.630194 0.115865 -3.822590 -0.721190 0.374509 7.000977 0.000077 -0.000022 0.000006 0.030617 -0.092923 -0.064013 0.748991 -3.852480 -10.926183 -0.703036 3.613278 -10.908746 -13.877941 -9.053133 20.460192 7.541005 -37.084599 -16.014244 -49.906464 -86.496300 54.031281 4.942485 -12.463576 15.348855 -5.882100 9.861278 0.702589 -10.936858 -0.360575 7.156196 0.000002 8.774811 -0.000001 -17.829456 16.216047 4.935902 -1.844029 2.498500 -2.507276 -10.163592 4.678938 4.621103 -20.975998 -0.000004 0.000003 -21.226255 2.451693 -3.593993 0.000001 -0.000006 -0.000000 -1.362682 2.240796 -0.746323 -21.334892 0.584909 3.008320 -13.821197 -0.000001 0.000001 -23.887129 -0.249078 -0.839480 -61.472012 2.798398 -2.557043 -0.294024 1.679686 0.833256 -14.218192 0.093214 1.300579 -34.212006 -0.287563 0.967171 -20.033176 0.964536 1.212842 -0.000001 0.000001 -0.000001 -3.440385 0.788233 0.501656 -15.928169 -3.167305 2.999703 -6.338815 -0.000002 0.000001 -18.123413 3.648175 -4.905660 -0.000004 -0.000000 -0.000002 8.421961 -3.662730 16.008528 24.046202 12.523976 -0.530715 145.164948 85.276398 145.601700 -18.127819 17.110880 -2.130519 2.243540 -5.255030 -3.180154 14.282878 -0.826595 6.952497 0.000000 -12.690584 -0.000000 12.940809 -16.203926 4.061858 1.665667 -1.955920 -2.878296 4.727794 -4.170582 4.993918 11.020511 0.000000 -0.000000 12.109034 -3.735710 -2.866779 -0.000000 -0.000001 0.000001 1.291985 -1.928546 -1.498087 14.800114 0.567466 3.865605 14.242556 -1.341735 -6.660648 19.631939 0.143922 -0.648242 48.768711 -0.262785 -4.316021 0.353027 -1.511150 -0.031940 20.222773 3.684304 2.316630 18.787245 0.000004 0.000001 10.751610 -0.479869 1.397904 -0.000000 0.000000 0.000000 3.273803 0.305947 -0.580110 21.486792 11.830357 2.266132 8.162917 0.000001 0.000000 18.399054 -3.798980 -4.940566 0.000003 0.000001 -0.000001 29.485977 -15.383815 26.318731 0.413977 0.161613 39.948498 1.593233 -2.806245 -21.768322 1.727439 -1.334092 1.210236 0.000000 -0.000001 0.000002 -7.855412 -37.405548 -90.204720 -0.199574 0.527606 85.030357 10.607757 -5.457275 -17.566269 -0.626454 0.959266 -2.253025 0.000000 0.000000 -0.000001 
23.549923 94.062302 32.485397 -32.061840 32.412117 -65.640190 1.570367 -3.248050 5.019342 -0.188556 -4.732657 -2.338001 1.219282 -10.588595 20.523293 8.535161 -10.987782 40.369064 -0.622564 0.208961 -3.759377 -0.410831 0.064551 7.115759 0.000077 -0.000022 0.000004 0.002726 -0.011073 -0.073364 0.702334 -3.746908 -10.918719 -0.714659 3.688794 -10.868527 -14.396390 -7.874127 20.202431 6.803800 -38.657051 -15.915909 -78.699501 -87.722298 83.103867 4.210291 -13.111524 17.898983 -5.882101 9.861278 0.702589 -10.936858 -0.360575 7.156196 -0.000000 8.774815 -0.000002 -18.232407 15.959305 4.941677 -1.844029 2.498503 -2.507275 -10.163590 4.678939 4.621103 -20.975994 -0.000005 0.000003 -21.226254 2.451694 -3.593993 0.000000 -0.000006 -0.000001 -1.362681 2.240797 -0.746323 -21.334888 0.584907 3.008318 -13.821194 -0.000002 0.000002 -23.887131 -0.249080 -0.839479 -62.170986 2.731561 -2.474765 -0.294023 1.679688 0.833255 -14.218194 0.093213 1.300577 -34.212006 -0.287568 0.967169 -20.033178 0.964532 1.212842 -0.000002 0.000001 -0.000001 -3.440385 0.788235 0.501655 -15.928167 -3.167308 2.999701 -6.338816 0.000000 0.000000 -18.123413 3.648176 -4.905662 -0.000004 -0.000000 -0.000002 7.483520 -3.642911 15.414062 26.104361 10.647326 -1.702897 151.502319 83.535767 153.023178 -16.161980 16.134586 -2.882957 2.243538 -5.255033 -3.180155 14.282879 -0.826593 6.952497 -0.000003 -12.690591 -0.000000 12.492092 -16.085274 4.064972 1.665666 -1.955919 -2.878296 4.727793 -4.170583 4.993917 11.020513 0.000004 -0.000001 12.109034 -3.735707 -2.866780 0.000000 -0.000001 -0.000000 1.291985 -1.928550 -1.498088 14.800113 0.567470 3.865602 14.242551 -1.341735 -6.660647 19.631937 0.143927 -0.648242 48.266277 -0.303995 -4.326838 0.353029 -1.511152 -0.031940 20.222773 3.684308 2.316629 18.787245 0.000008 0.000001 10.751612 -0.479866 1.397905 -0.000000 0.000001 -0.000000 3.273805 0.305947 -0.580110 21.486795 11.830365 2.266133 8.162916 0.000003 -0.000000 18.399054 -3.798977 -4.940568 0.000004 0.000001 -0.000001 27.594759 -13.674648 26.712563 0.522616 0.307592 40.222809 2.730255 -2.198700 -23.139023 1.685932 -1.192597 1.686066 -0.000000 -0.000002 0.000002 -8.018265 -37.003448 -90.341614 -0.207373 0.426472 85.316925 10.749478 -3.967395 -19.245798 -0.544664 0.943528 -2.103528 -0.000000 0.000000 -0.000000 
23.933121 93.661926 31.585697 -29.819313 32.705750 -62.238571 1.489084 -2.949548 4.690737 -0.023902 -4.360130 -2.481747 1.077599 -9.874024 19.974230 9.143307 -10.493976 38.581406 -0.517787 0.095822 -3.708584 -0.400681 -0.129301 6.429329 0.000077 -0.000022 0.000006 -0.003886 0.052100 -0.102582 0.683356 -3.668277 -10.943542 -0.712527 3.741679 -10.861520 -14.578750 -7.748938 19.367300 4.954064 -39.412594 -15.070893 -109.522949 -88.065781 113.168411 3.828547 -12.466972 19.829185 -5.882101 9.861278 0.702591 -10.936858 -0.360575 7.156199 -0.000000 8.774813 -0.000001 -18.208212 16.176723 5.110208 -1.844031 2.498502 -2.507275 -10.163589 4.678941 4.621106 -20.975992 -0.000001 0.000007 -21.226250 2.451696 -3.593991 0.000000 -0.000006 -0.000000 -1.362681 2.240796 -0.746323 -21.334892 0.584909 3.008322 -13.821195 -0.000002 0.000004 -23.887129 -0.249075 -0.839479 -62.399117 2.692370 -2.203972 -0.294024 1.679685 0.833254 -14.218194 0.093214 1.300582 -34.211998 -0.287560 0.967174 -20.033176 0.964538 1.212843 -0.000000 0.000001 -0.000002 -3.440385 0.788233 0.501656 -15.928167 -3.167306 2.999706 -6.338816 0.000002 0.000001 -18.123411 3.648178 -4.905660 -0.000004 -0.000001 -0.000003 7.246729 -3.488868 14.101943 27.068138 10.036162 -3.518817 153.741440 82.069832 156.732498 -14.357168 14.675099 -2.698294 2.243539 -5.255033 -3.180154 14.282873 -0.826594 6.952495 -0.000003 -12.690590 0.000001 12.273152 -15.953328 3.949372 1.665665 -1.955920 -2.878296 4.727793 -4.170584 4.993919 11.020510 0.000002 -0.000002 12.109030 -3.735709 -2.866778 -0.000000 -0.000001 0.000000 1.291984 -1.928549 -1.498087 14.800114 0.567469 3.865604 14.242553 -1.341734 -6.660648 19.631939 0.143926 -0.648243 47.889862 -0.285086 -4.366404 0.353028 -1.511151 -0.031939 20.222765 3.684309 2.316628 18.787243 0.000007 0.000001 10.751610 -0.479866 1.397904 0.000000 0.000001 0.000000 3.273805 0.305948 -0.580109 21.486790 11.830365 2.266131 8.162916 0.000001 0.000000 18.399050 -3.798977 -4.940566 0.000003 0.000000 -0.000001 25.742777 -11.217326 24.697180 0.665364 0.462837 41.596729 3.715341 -1.781846 -24.083742 1.643828 -1.086295 1.757475 0.000000 -0.000000 0.000002 -6.517585 -36.032612 -90.671936 -0.274476 0.454494 92.787872 10.647526 -0.348598 -18.895283 -0.587064 1.011983 -2.097749 0.000000 0.000000 -0.000002 
23.846136 93.330452 29.938862 -27.185133 33.096882 -57.436260 1.223848 -2.725703 4.764762 0.213831 -3.809015 -2.545092 0.964815 -9.236392 19.093065 10.091440 -9.973972 34.727287 -0.382472 -0.041614 -3.685742 -0.881300 -0.128518 5.005381 0.000077 -0.000023 0.000006 0.007829 0.082838 -0.150549 0.702553 -3.642259 -11.004473 -0.705243 3.791913 -10.920912 -13.685908 -8.865032 18.478916 1.634929 -39.491581 -14.444799 -130.727707 -88.200813 133.116013 4.377199 -10.911510 19.516911 -5.882103 9.861279 0.702588 -10.936859 -0.360574 7.156196 0.000001 8.774813 -0.000001 -17.614777 16.513504 5.342899 -1.844032 2.498502 -2.507276 -10.163589 4.678941 4.621103 -20.975994 -0.000002 -0.000001 -21.226254 2.451692 -3.593995 0.000001 -0.000006 0.000001 -1.362680 2.240796 -0.746323 -21.334892 0.584909 3.008318 -13.821195 -0.000002 0.000001 -23.887129 -0.249080 -0.839482 -61.591358 2.627177 -1.856107 -0.294023 1.679688 0.833255 -14.218190 0.093215 1.300579 -34.212002 -0.287564 0.967167 -20.033180 0.964533 1.212840 -0.000000 0.000002 -0.000001 -3.440385 0.788233 0.501655 -15.928169 -3.167306 2.999704 -6.338817 -0.000001 0.000001 -18.123411 3.648175 -4.905663 -0.000004 0.000001 -0.000002 7.205556 -3.401617 12.786655 27.759537 11.292262 -6.802918 154.809784 79.974510 158.895386 -12.395086 13.073567 -3.354409 2.243542 -5.255033 -3.180157 14.282877 -0.826594 6.952496 -0.000002 -12.690585 -0.000001 12.632529 -15.707016 3.562726 1.665664 -1.955922 -2.878297 4.727796 -4.170582 4.993917 11.020513 0.000001 -0.000002 12.109035 -3.735708 -2.866781 -0.000000 -0.000001 0.000000 1.291984 -1.928550 -1.498087 14.800113 0.567468 3.865602 14.242556 -1.341733 -6.660649 19.631941 0.143926 -0.648245 47.735413 -0.246624 -4.448451 0.353031 -1.511149 -0.031940 20.222771 3.684306 2.316626 18.787245 0.000006 -0.000002 10.751611 -0.479865 1.397903 -0.000000 0.000001 0.000000 3.273805 0.305947 -0.580111 21.486792 11.830359 2.266130 8.162917 0.000001 -0.000001 18.399057 -3.798978 -4.940569 0.000003 0.000001 -0.000001 23.720297 -7.893305 20.393064 0.675538 0.411575 43.862499 4.375355 -1.736397 -24.155037 1.609024 -1.087098 1.512607 -0.000000 -0.000002 0.000002 -4.810194 -33.868839 -89.240692 -0.458131 0.555809 104.185249 10.231291 3.685198 -12.759482 -0.873602 1.137760 -1.903130 -0.000000 -0.000000 -0.000003 
23.258707 92.980377 27.787035 -23.963753 33.791542 -51.466843 0.504166 -2.489680 5.328570 0.153698 -3.529918 -2.481468 0.898609 -8.618771 17.928619 11.012915 -9.401106 29.913700 -0.380812 -0.019605 -3.780124 -1.584897 -0.153087 2.809591 0.000077 -0.000024 0.000006 0.016820 0.138072 -0.193180 0.747827 -3.607635 -11.090394 -0.734904 3.868325 -11.017115 -11.277281 -10.573436 17.761456 -3.363422 -39.328621 -15.395837 -146.908676 -87.378021 148.406570 5.792306 -9.511302 16.850122 -5.882101 9.861278 0.702590 -10.936861 -0.360577 7.156199 0.000002 8.774813 -0.000002 -17.032921 16.597475 5.589693 -1.844031 2.498503 -2.507276 -10.163592 4.678938 4.621103 -20.975996 -0.000003 0.000003 -21.226255 2.451692 -3.593992 -0.000000 -0.000005 -0.000001 -1.362680 2.240797 -0.746323 -21.334896 0.584907 3.008323 -13.821198 -0.000001 0.000003 -23.887135 -0.249078 -0.839480 -60.562996 2.518067 -1.735258 -0.294024 1.679685 0.833256 -14.218192 0.093214 1.300582 -34.212006 -0.287561 0.967172 -20.033180 0.964537 1.212843 0.000000 0.000000 -0.000001 -3.440385 0.788232 0.501655 -15.928171 -3.167305 2.999704 -6.338817 -0.000002 0.000001 -18.123415 3.648176 -4.905661 -0.000004 -0.000001 -0.000002 7.049093 -3.651045 12.161196 28.237440 15.373379 -11.093405 158.049362 76.832916 162.415726 -10.276843 11.695057 -5.679170 2.243540 -5.255033 -3.180155 14.282875 -0.826593 6.952496 -0.000000 -12.690588 -0.000002 13.550503 -15.698246 3.114383 1.665664 -1.955919 -2.878298 4.727795 -4.170582 4.993918 11.020512 0.000000 -0.000001 12.109030 -3.735713 -2.866780 0.000000 -0.000001 0.000001 1.291985 -1.928547 -1.498088 14.800113 0.567467 3.865604 14.242553 -1.341734 -6.660648 19.631939 0.143927 -0.648245 47.869904 -0.141664 -4.651226 0.353030 -1.511149 -0.031941 20.222767 3.684304 2.316627 18.787245 0.000004 -0.000001 10.751610 -0.479867 1.397903 -0.000000 0.000000 0.000000 3.273805 0.305947 -0.580110 21.486788 11.830360 2.266131 8.162917 0.000001 -0.000000 18.399054 -3.798979 -4.940567 0.000004 -0.000000 -0.000001 21.450708 -3.573095 14.414908 0.491467 0.138593 46.350414 4.722610 -2.366930 -23.619677 1.594112 -1.124862 1.016154 0.000000 0.000000 0.000002 -4.166102 -30.384809 -84.285141 -0.699972 0.429284 115.187012 11.288195 6.129652 -4.560430 -1.213346 1.257028 -1.640059 -0.000000 -0.000000 -0.000001 
22.254419 92.649925 25.375193 -20.692453 34.969204 -44.921459 -0.464801 -2.269076 5.959316 -0.201133 -3.678036 -2.536564 0.882168 -8.183013 16.471771 11.889812 -8.947908 25.888399 -0.643962 -0.036215 -3.884130 -2.183308 -0.513996 0.009691 0.000077 -0.000022 0.000006 0.021869 0.157243 -0.202698 0.811570 -3.592073 -11.122231 -0.788595 3.886739 -11.043576 -7.942366 -12.005372 17.094208 -10.146832 -39.848976 -16.424339 -158.778992 -85.477745 159.694611 6.692907 -9.027912 14.161505 -5.882101 9.861281 0.702593 -10.936856 -0.360574 7.156197 0.000001 8.774817 0.000000 -16.532347 16.485647 5.710323 -1.844030 2.498503 -2.507275 -10.163590 4.678942 4.621105 -20.975992 -0.000002 0.000003 -21.226250 2.451695 -3.593994 0.000000 -0.000006 -0.000000 -1.362680 2.240796 -0.746322 -21.334887 0.584910 3.008320 -13.821195 -0.000003 0.000002 -23.887129 -0.249076 -0.839482 -59.909313 2.478145 -2.110421 -0.294027 1.679685 0.833254 -14.218190 0.093216 1.300580 -34.211998 -0.287561 0.967168 -20.033178 0.964535 1.212839 0.000000 0.000000 -0.000001 -3.440386 0.788234 0.501655 -15.928169 -3.167306 2.999705 -6.338817 -0.000002 0.000002 -18.123413 3.648180 -4.905660 -0.000004 0.000001 -0.000002 6.979979 -4.076431 12.243746 27.848991 21.671230 -14.705548 165.213577 73.182899 169.237259 -8.320151 10.077430 -8.034945 2.243541 -5.255031 -3.180154 14.282875 -0.826591 6.952499 -0.000003 -12.690591 0.000000 14.618433 -15.970004 2.680289 1.665664 -1.955920 -2.878297 4.727791 -4.170583 4.993920 11.020511 0.000004 -0.000000 12.109030 -3.735709 -2.866778 0.000001 -0.000000 0.000000 1.291983 -1.928547 -1.498088 14.800107 0.567468 3.865605 14.242548 -1.341732 -6.660649 19.631935 0.143928 -0.648240 48.360596 -0.115953 -5.256683 0.353028 -1.511148 -0.031940 20.222767 3.684309 2.316629 18.787245 0.000005 0.000003 10.751610 -0.479867 1.397905 -0.000000 -0.000000 0.000000 3.273804 0.305947 -0.580110 21.486792 11.830365 2.266132 8.162916 0.000002 0.000001 18.399050 -3.798980 -4.940565 0.000004 0.000000 -0.000001 19.009211 1.226351 7.461104 0.294583 -0.020513 48.120628 4.925301 -3.862218 -22.949701 1.604584 -1.263453 0.688161 0.000000 -0.000001 0.000002 -5.722745 -27.054106 -74.292587 -0.624456 -0.046711 122.148460 14.577683 8.589863 3.403969 -1.397299 1.338839 -1.468236 0.000000 0.000000 -0.000001 
21.277119 92.818298 23.251461 -17.425135 36.117210 -37.837547 -1.485120 -2.058342 5.673576 -0.510268 -3.859364 -2.916448 0.522632 -7.732609 14.886666 12.723614 -8.746703 23.749363 -1.128497 -0.285410 -3.835176 -2.622708 -1.006847 -2.562294 0.000077 -0.000023 0.000006 0.030361 0.100730 -0.165261 0.837402 -3.632454 -11.058942 -0.793709 3.835834 -10.974096 -4.818650 -12.428083 16.346199 -17.912014 -41.070942 -14.942034 -168.982880 -83.241982 169.617767 6.178928 -8.917121 13.046760 -5.882102 9.861278 0.702590 -10.936860 -0.360574 7.156198 -0.000000 8.774815 -0.000000 -16.384413 16.413736 5.600368 -1.844032 2.498503 -2.507275 -10.163589 4.678940 4.621104 -20.975994 -0.000004 0.000004 -21.226255 2.451694 -3.593993 0.000000 -0.000007 -0.000000 -1.362682 2.240798 -0.746322 -21.334892 0.584910 3.008321 -13.821197 -0.000002 0.000003 -23.887131 -0.249076 -0.839481 -59.386723 2.545752 -2.481520 -0.294025 1.679684 0.833256 -14.218192 0.093214 1.300578 -34.212002 -0.287562 0.967170 -20.033182 0.964537 1.212841 -0.000003 0.000000 0.000001 -3.440387 0.788231 0.501654 -15.928167 -3.167305 2.999704 -6.338817 -0.000001 0.000002 -18.123415 3.648175 -4.905661 -0.000004 0.000002 -0.000002 7.118557 -4.287279 12.587481 26.834261 28.445896 -17.197041 171.822250 69.543633 175.074203 -7.246091 8.462717 -9.606285 2.243540 -5.255033 -3.180155 14.282877 -0.826593 6.952497 -0.000003 -12.690591 0.000001 15.448330 -16.349449 2.413775 1.665664 -1.955920 -2.878296 4.727793 -4.170583 4.993919 11.020511 0.000003 0.000001 12.109030 -3.735709 -2.866779 -0.000000 0.000000 0.000001 1.291984 -1.928547 -1.498088 14.800109 0.567469 3.865605 14.242551 -1.341735 -6.660647 19.631937 0.143926 -0.648242 48.989391 -0.373658 -5.898455 0.353029 -1.511149 -0.031940 20.222769 3.684308 2.316631 18.787247 0.000004 0.000003 10.751610 -0.479868 1.397906 -0.000000 0.000000 -0.000000 3.273804 0.305947 -0.580110 21.486790 11.830365 2.266134 8.162915 0.000002 0.000001 18.399050 -3.798979 -4.940565 0.000003 -0.000000 -0.000000 16.389452 6.370891 0.815200 0.131476 -0.014406 48.100643 5.009020 -6.351800 -21.280371 1.619343 -1.440935 0.505302 0.000000 -0.000000 0.000002 -8.836247 -24.236246 -60.771019 -0.113702 -0.283997 123.601624 16.454437 9.853402 7.955637 -1.529652 1.303649 -1.862101 -0.000000 -0.000000 -0.000003 
20.318899 93.101990 21.575539 -14.130316 36.995514 -30.713686 -2.372092 -1.792918 4.432130 -0.725925 -3.989301 -3.431341 -0.232912 -7.003704 13.307118 13.340334 -8.682881 23.036896 -1.592340 -1.146430 -3.780454 -2.774978 -1.221923 -4.037462 0.000077 -0.000023 0.000006 0.033054 0.035400 -0.104962 0.789259 -3.700467 -10.953574 -0.735645 3.755888 -10.853276 -2.681798 -12.135591 15.557599 -25.722427 -42.331493 -11.306304 -174.705902 -80.991539 175.110718 4.992214 -8.341908 13.164290 -5.882101 9.861277 0.702589 -10.936859 -0.360574 7.156196 0.000001 8.774812 -0.000001 -16.518919 16.616377 5.486346 -1.844031 2.498503 -2.507274 -10.163589 4.678939 4.621103 -20.975996 -0.000001 0.000002 -21.226255 2.451693 -3.593994 0.000000 -0.000006 -0.000001 -1.362681 2.240797 -0.746322 -21.334890 0.584909 3.008322 -13.821197 -0.000004 0.000003 -23.887131 -0.249076 -0.839480 -59.010426 2.795828 -2.493280 -0.294026 1.679687 0.833256 -14.218194 0.093215 1.300579 -34.212006 -0.287562 0.967167 -20.033178 0.964536 1.212840 -0.000001 0.000002 -0.000000 -3.440386 0.788233 0.501656 -15.928169 -3.167306 2.999703 -6.338818 -0.000001 0.000002 -18.123415 3.648176 -4.905660 -0.000004 -0.000000 -0.000002 7.154919 -4.192041 12.979737 25.363386 34.773769 -19.354477 176.557541 66.051659 178.972229 -7.031294 6.854165 -11.188460 2.243541 -5.255032 -3.180155 14.282877 -0.826594 6.952495 -0.000000 -12.690587 -0.000001 16.105196 -16.663818 2.352294 1.665665 -1.955919 -2.878296 4.727796 -4.170584 4.993917 11.020511 0.000002 -0.000001 12.109034 -3.735710 -2.866779 0.000000 0.000000 0.000000 1.291984 -1.928547 -1.498087 14.800111 0.567467 3.865602 14.242553 -1.341735 -6.660647 19.631939 0.143925 -0.648244 49.476089 -0.495363 -5.958004 0.353028 -1.511149 -0.031940 20.222771 3.684304 2.316628 18.787245 0.000004 -0.000001 10.751611 -0.479868 1.397904 0.000000 -0.000000 -0.000000 3.273803 0.305947 -0.580110 21.486795 11.830360 2.266131 8.162916 0.000002 -0.000001 18.399054 -3.798978 -4.940568 0.000003 0.000000 -0.000000 13.348094 11.322050 -5.011502 -0.083809 -0.036335 46.662037 4.790591 -9.554062 -19.834494 1.620547 -1.526304 0.296994 0.000000 -0.000000 0.000002 -12.064062 -21.285009 -45.856548 0.215342 -0.098321 118.108856 15.727770 8.486460 7.597996 -1.684882 1.264337 -2.002445 -0.000000 0.000000 -0.000003 
19.433659 93.412102 20.214254 -10.951445 36.879387 -24.311691 -2.795990 -1.418982 2.852478 -0.904880 -3.761380 -3.896072 -1.081877 -6.061864 11.989288 13.292673 -8.111834 22.960951 -1.891202 -2.262265 -3.758742 -2.686165 -1.182673 -4.666744 0.000077 -0.000024 0.000006 0.038722 -0.055935 -0.047089 0.746216 -3.817961 -10.915445 -0.677823 3.695255 -10.794026 -1.701509 -11.233489 14.883089 -32.054771 -43.141884 -7.861241 -176.304184 -78.553383 176.779633 4.039194 -7.286448 13.256259 -5.882106 9.861278 0.702588 -10.936859 -0.360573 7.156195 -0.000001 8.774813 -0.000001 -16.600216 16.901539 5.523309 -1.844032 2.498503 -2.507276 -10.163590 4.678941 4.621102 -20.976000 -0.000004 0.000000 -21.226255 2.451696 -3.593996 0.000001 -0.000007 -0.000000 -1.362682 2.240798 -0.746322 -21.334894 0.584909 3.008318 -13.821198 -0.000003 0.000000 -23.887135 -0.249081 -0.839485 -58.969315 2.985171 -2.162083 -0.294024 1.679687 0.833256 -14.218195 0.093216 1.300579 -34.211998 -0.287562 0.967165 -20.033178 0.964534 1.212839 -0.000000 0.000002 -0.000001 -3.440384 0.788232 0.501654 -15.928167 -3.167305 2.999701 -6.338817 -0.000001 0.000001 -18.123415 3.648176 -4.905663 -0.000004 0.000002 -0.000002 7.075727 -3.675366 13.175756 23.565933 40.399567 -21.487247 179.358871 62.911907 -178.619446 -7.576719 4.939812 -13.094816 2.243540 -5.255032 -3.180155 14.282875 -0.826592 6.952495 -0.000001 -12.690590 -0.000000 16.214348 -16.835226 2.480904 1.665664 -1.955920 -2.878297 4.727792 -4.170582 4.993918 11.020509 0.000004 -0.000003 12.109032 -3.735708 -2.866781 0.000000 0.000000 0.000000 1.291984 -1.928548 -1.498088 14.800111 0.567470 3.865602 14.242551 -1.341733 -6.660649 19.631937 0.143929 -0.648243 49.525547 -0.403478 -5.714321 0.353027 -1.511149 -0.031940 20.222765 3.684308 2.316627 18.787243 0.000007 -0.000001 10.751609 -0.479867 1.397904 0.000000 -0.000000 0.000000 3.273802 0.305947 -0.580110 21.486790 11.830363 2.266130 8.162916 0.000002 0.000000 18.399052 -3.798977 -4.940567 0.000003 0.000000 -0.000001 9.989450 14.992434 -9.971561 -0.233445 -0.035783 45.196342 3.941112 -12.078244 -17.680704 1.613240 -1.535011 0.242224 0.000000 -0.000001 0.000002 -14.443847 -18.340029 -31.595272 0.321112 0.218190 107.469482 13.249896 4.778212 4.243164 -1.802756 1.274500 -2.048524 0.000000 0.000000 0.000000 
18.551966 93.579445 19.092239 -7.795694 35.252331 -18.551128 -2.952064 -0.932087 1.293447 -0.947724 -2.986536 -4.361641 -1.838420 -4.933295 11.134380 12.296891 -6.846345 22.884840 -1.938112 -2.897332 -3.724344 -2.473835 -1.092106 -5.063942 0.000077 -0.000021 0.000006 0.046331 -0.130573 -0.009594 0.739672 -3.908672 -10.896203 -0.652386 3.657272 -10.765669 -1.798291 -9.669070 14.446204 -35.859783 -43.497505 -6.148927 -176.506470 -75.434433 177.271606 3.367482 -6.245340 12.876951 -5.882098 9.861278 0.702589 -10.936858 -0.360574 7.156199 -0.000000 8.774814 -0.000001 -16.604540 17.021244 5.577442 -1.844030 2.498502 -2.507276 -10.163587 4.678940 4.621106 -20.975994 -0.000004 0.000005 -21.226250 2.451693 -3.593991 0.000001 -0.000007 -0.000000 -1.362682 2.240795 -0.746323 -21.334887 0.584908 3.008322 -13.821193 -0.000001 0.000003 -23.887125 -0.249077 -0.839480 -59.163895 2.883553 -1.767948 -0.294025 1.679685 0.833255 -14.218192 0.093215 1.300581 -34.211998 -0.287561 0.967170 -20.033176 0.964534 1.212841 -0.000001 0.000000 0.000000 -3.440384 0.788231 0.501655 -15.928165 -3.167306 2.999706 -6.338816 0.000001 0.000003 -18.123411 3.648177 -4.905659 -0.000004 0.000001 -0.000002 6.920487 -2.649711 13.438044 21.638344 45.892952 -23.345736 -178.681702 60.215408 -176.773880 -8.696076 2.879739 -14.886699 2.243541 -5.255032 -3.180156 14.282877 -0.826593 6.952495 -0.000002 -12.690588 -0.000000 15.971145 -16.950270 2.696455 1.665666 -1.955918 -2.878295 4.727794 -4.170583 4.993917 11.020513 0.000003 -0.000001 12.109032 -3.735710 -2.866780 -0.000000 0.000000 -0.000000 1.291984 -1.928547 -1.498087 14.800111 0.567469 3.865603 14.242553 -1.341735 -6.660649 19.631939 0.143927 -0.648245 49.415810 -0.360081 -5.548775 0.353028 -1.511148 -0.031941 20.222771 3.684306 2.316627 18.787245 0.000005 -0.000001 10.751611 -0.479868 1.397903 0.000000 -0.000002 -0.000000 3.273803 0.305947 -0.580110 21.486794 11.830363 2.266131 8.162917 0.000003 -0.000001 18.399052 -3.798977 -4.940567 0.000003 0.000002 -0.000001 6.536332 17.126951 -14.481759 -0.304108 -0.087805 44.357414 2.574800 -12.478444 -15.327488 1.608719 -1.587841 0.364398 0.000000 0.000001 0.000002 -15.895355 -15.484222 -19.793098 0.372804 0.458375 94.126656 11.190341 -0.400666 0.845389 -1.834324 1.306249 -1.654308 0.000000 0.000000 -0.000001 
17.402884 93.495110 17.901224 -5.094890 31.700695 -13.591366 -2.738272 -0.388141 -0.017391 -0.898631 -1.705361 -4.797345 -2.449831 -3.651167 10.730395 10.408261 -5.024547 22.535847 -1.748634 -2.781118 -3.661145 -2.066075 -0.796647 -5.603936 0.000077 -0.000023 0.000006 0.052473 -0.156706 0.005412 0.742121 -3.961179 -10.872471 -0.644267 3.633310 -10.736271 -2.647130 -7.707530 14.130428 -36.941238 -43.275795 -6.592258 -177.069153 -71.564003 178.053070 2.651232 -5.307621 12.051728 -5.882101 9.861279 0.702592 -10.936858 -0.360575 7.156197 0.000002 8.774816 0.000000 -16.543015 17.030117 5.657456 -1.844031 2.498501 -2.507275 -10.163587 4.678938 4.621105 -20.975992 -0.000005 0.000004 -21.226248 2.451692 -3.593992 0.000000 -0.000007 -0.000000 -1.362680 2.240797 -0.746321 -21.334887 0.584908 3.008322 -13.821195 -0.000003 0.000004 -23.887129 -0.249081 -0.839480 -59.143108 2.721753 -1.388656 -0.294024 1.679686 0.833255 -14.218190 0.093215 1.300580 -34.211998 -0.287565 0.967172 -20.033176 0.964534 1.212843 0.000000 -0.000000 0.000001 -3.440385 0.788233 0.501656 -15.928167 -3.167305 2.999704 -6.338817 0.000001 0.000002 -18.123415 3.648176 -4.905662 -0.000004 0.000001 -0.000002 6.666009 -1.152574 14.003203 19.626225 51.955673 -24.965111 -177.550613 57.987976 -175.884460 -10.089910 1.020241 -15.933270 2.243540 -5.255032 -3.180156 14.282877 -0.826593 6.952494 -0.000001 -12.690588 0.000000 15.865135 -17.009050 2.855091 1.665666 -1.955920 -2.878297 4.727793 -4.170584 4.993917 11.020512 0.000003 -0.000002 12.109033 -3.735709 -2.866780 -0.000000 0.000000 -0.000000 1.291985 -1.928549 -1.498088 14.800114 0.567468 3.865602 14.242554 -1.341733 -6.660650 19.631939 0.143926 -0.648245 49.456955 -0.439239 -5.560953 0.353031 -1.511149 -0.031941 20.222767 3.684307 2.316624 18.787247 0.000005 -0.000002 10.751611 -0.479868 1.397903 -0.000000 -0.000001 0.000000 3.273805 0.305946 -0.580111 21.486790 11.830364 2.266129 8.162916 -0.000001 -0.000000 18.399048 -3.798975 -4.940568 0.000003 -0.000001 -0.000001 3.713620 18.068916 -19.228174 -0.260385 -0.063049 44.787827 1.245949 -10.645730 -13.097049 1.610719 -1.678219 0.607801 -0.000000 0.000001 0.000002 -16.819448 -13.054399 -10.624128 0.519860 0.728591 79.868492 10.634881 -4.343148 -1.395328 -1.796922 1.272012 -1.439989 0.000000 -0.000000 -0.000003 
15.938274 92.983398 16.516838 -3.149632 26.663662 -9.630987 -2.375389 0.167168 -0.922106 -0.813349 -0.257090 -5.109229 -2.913785 -2.299012 10.697434 8.027136 -2.924849 21.831491 -1.421274 -1.994594 -3.605921 -1.376225 -0.236306 -6.295129 0.000077 -0.000021 0.000006 0.047782 -0.154337 0.013654 0.741862 -3.940453 -10.821734 -0.656727 3.649752 -10.690588 -3.578342 -5.900593 13.701513 -35.830189 -42.480961 -9.220605 -177.762527 -67.566429 178.754639 1.951677 -4.476520 10.740207 -5.882101 9.861279 0.702589 -10.936858 -0.360577 7.156197 0.000001 8.774809 -0.000001 -16.409342 17.064922 5.756758 -1.844031 2.498502 -2.507277 -10.163589 4.678938 4.621103 -20.975994 -0.000003 0.000004 -21.226250 2.451693 -3.593992 0.000000 -0.000005 -0.000001 -1.362681 2.240796 -0.746323 -21.334894 0.584908 3.008322 -13.821195 -0.000001 0.000004 -23.887129 -0.249076 -0.839482 -58.976173 2.613675 -1.172216 -0.294025 1.679685 0.833253 -14.218194 0.093214 1.300579 -34.212002 -0.287564 0.967170 -20.033178 0.964536 1.212843 0.000000 0.000000 0.000000 -3.440386 0.788233 0.501655 -15.928165 -3.167305 2.999703 -6.338818 -0.000002 0.000002 -18.123413 3.648176 -4.905659 -0.000004 -0.000000 -0.000002 6.163486 0.467891 14.698993 17.926380 58.459969 -26.309267 -177.514923 56.142006 -176.092331 -11.383621 -0.182686 -16.538275 2.243540 -5.255033 -3.180155 14.282879 -0.826593 6.952495 -0.000002 -12.690588 0.000000 15.920374 -17.206861 2.879182 1.665663 -1.955919 -2.878295 4.727794 -4.170583 4.993918 11.020513 0.000001 -0.000001 12.109033 -3.735709 -2.866778 0.000000 0.000001 0.000001 1.291984 -1.928549 -1.498090 14.800114 0.567468 3.865603 14.242554 -1.341733 -6.660648 19.631939 0.143924 -0.648245 49.660175 -0.602833 -5.700192 0.353029 -1.511149 -0.031942 20.222773 3.684306 2.316628 18.787247 0.000005 -0.000000 10.751611 -0.479868 1.397904 0.000000 0.000001 -0.000000 3.273803 0.305947 -0.580110 21.486790 11.830360 2.266131 8.162916 -0.000002 0.000000 18.399054 -3.798977 -4.940567 0.000003 -0.000003 -0.000001 1.988699 18.481901 -24.119555 -0.171730 0.049420 46.254486 0.083616 -7.660383 -11.925083 1.610650 -1.739507 0.961625 0.000000 0.000001 0.000002 -17.591888 -11.662929 -3.800721 0.658184 1.212783 65.888779 12.162333 -5.427044 -2.640181 -1.716171 1.180791 -2.520833 -0.000000 -0.000000 -0.000002 
14.255571 92.158798 14.984644 -2.057406 21.334009 -6.869390 -2.159724 0.656852 -1.290777 -0.802268 0.876844 -5.316488 -3.281878 -1.178953 11.033010 5.751850 -1.025773 21.045969 -0.996103 -0.809074 -3.560221 -0.490433 0.759467 -7.083464 0.000077 -0.000023 0.000006 0.036267 -0.125090 0.031112 0.743440 -3.909600 -10.761867 -0.675983 3.659782 -10.644558 -3.991842 -4.906480 13.186410 -33.251190 -41.204411 -13.707141 -178.254608 -64.056992 178.857895 1.400061 -3.643054 9.317274 -5.882101 9.861277 0.702589 -10.936860 -0.360574 7.156197 0.000001 8.774814 -0.000001 -16.461056 17.152281 5.773843 -1.844030 2.498504 -2.507275 -10.163589 4.678939 4.621104 -20.975992 -0.000003 0.000003 -21.226254 2.451693 -3.593993 -0.000000 -0.000007 -0.000002 -1.362681 2.240797 -0.746324 -21.334887 0.584910 3.008322 -13.821197 -0.000001 0.000003 -23.887131 -0.249079 -0.839480 -59.010223 2.570496 -1.156296 -0.294025 1.679686 0.833253 -14.218194 0.093215 1.300580 -34.212002 -0.287564 0.967170 -20.033176 0.964534 1.212842 -0.000001 -0.000000 -0.000000 -3.440384 0.788232 0.501654 -15.928167 -3.167305 2.999704 -6.338817 0.000000 0.000001 -18.123413 3.648175 -4.905661 -0.000004 0.000001 -0.000002 5.513064 1.560425 15.305297 17.229664 64.798286 -27.030746 -178.349503 54.566322 -176.812943 -12.060385 -0.548961 -16.768080 2.243540 -5.255034 -3.180154 14.282877 -0.826593 6.952494 -0.000001 -12.690592 0.000000 16.050869 -17.443005 2.838675 1.665664 -1.955920 -2.878296 4.727793 -4.170583 4.993917 11.020513 0.000002 -0.000003 12.109033 -3.735710 -2.866781 0.000000 0.000000 -0.000001 1.291984 -1.928547 -1.498089 14.800117 0.567468 3.865602 14.242553 -1.341735 -6.660649 19.631939 0.143924 -0.648243 49.777748 -0.769582 -5.754979 0.353030 -1.511150 -0.031940 20.222763 3.684305 2.316627 18.787245 0.000005 -0.000001 10.751610 -0.479869 1.397904 0.000000 0.000000 -0.000000 3.273802 0.305947 -0.580109 21.486788 11.830360 2.266133 8.162914 -0.000000 0.000000 18.399050 -3.798980 -4.940567 0.000003 0.000001 -0.000001 1.491791 19.103495 -28.626217 -0.114861 0.136728 48.288887 -0.922521 -4.639740 -11.509387 1.605216 -1.712565 1.482331 -0.000000 -0.000001 0.000002 -18.182329 -11.247805 1.073969 0.675073 1.664469 53.831738 16.478386 -3.043099 -4.398713 -1.661101 1.104107 -6.594105 0.000000 0.000000 -0.000003 
12.294728 91.247269 13.397119 -1.517974 16.776955 -5.145857 -2.295015 0.893803 -1.240892 -0.906773 1.448350 -5.384496 -3.736252 -0.615628 11.616514 3.915781 0.466497 20.768984 -0.448478 0.696191 -3.585623 0.273704 2.204114 -8.019813 0.000077 -0.000021 0.000006 0.027655 -0.110157 0.042732 0.730658 -3.881421 -10.746164 -0.679062 3.671603 -10.643340 -3.685686 -4.941079 12.854045 -29.898926 -39.495514 -19.623846 -178.393845 -61.195301 178.705826 0.843271 -2.743362 7.784888 -5.882099 9.861278 0.702589 -10.936857 -0.360575 7.156199 0.000001 8.774813 -0.000001 -16.540495 17.276892 5.807462 -1.844031 2.498504 -2.507276 -10.163591 4.678943 4.621104 -20.975994 -0.000006 0.000003 -21.226250 2.451691 -3.593992 0.000000 -0.000008 0.000000 -1.362681 2.240796 -0.746321 -21.334887 0.584907 3.008321 -13.821197 -0.000003 0.000003 -23.887129 -0.249075 -0.839481 -59.242046 2.435340 -1.085498 -0.294026 1.679687 0.833256 -14.218190 0.093214 1.300580 -34.211998 -0.287564 0.967170 -20.033178 0.964533 1.212841 -0.000000 0.000000 0.000001 -3.440385 0.788235 0.501655 -15.928165 -3.167308 2.999703 -6.338817 -0.000002 0.000002 -18.123413 3.648175 -4.905661 -0.000004 0.000002 -0.000002 4.896674 1.909197 15.707945 18.451420 70.393723 -26.456142 -179.512268 53.179897 -177.819687 -12.074880 -0.299876 -16.749130 2.243541 -5.255032 -3.180157 14.282878 -0.826596 6.952498 -0.000002 -12.690587 -0.000001 15.911726 -17.495089 2.781825 1.665664 -1.955919 -2.878298 4.727796 -4.170583 4.993918 11.020513 0.000002 0.000000 12.109033 -3.735711 -2.866781 0.000000 0.000000 0.000000 1.291985 -1.928547 -1.498089 14.800113 0.567467 3.865602 14.242554 -1.341733 -6.660650 19.631939 0.143923 -0.648245 49.582947 -0.923839 -5.726950 0.353031 -1.511148 -0.031940 20.222773 3.684304 2.316627 18.787247 0.000005 -0.000001 10.751612 -0.479871 1.397903 0.000000 0.000002 -0.000000 3.273806 0.305947 -0.580110 21.486790 11.830358 2.266130 8.162917 0.000001 -0.000000 18.399055 -3.798978 -4.940567 0.000003 0.000000 -0.000001 1.899926 20.091616 -32.405979 -0.092077 0.171451 50.339161 -2.045521 -2.463080 -10.879930 1.592833 -1.666345 1.782303 -0.000000 -0.000002 0.000002 -18.314165 -11.579156 3.911526 0.581777 1.827754 45.501671 21.009203 1.184825 -10.104380 -1.624017 1.098134 -9.370545 0.000000 -0.000000 -0.000002 
10.095143 90.462227 11.752147 -1.373194 13.360806 -4.252167 -2.559184 0.801077 -0.998403 -1.096646 1.501718 -5.349495 -4.344389 -0.654370 12.399537 2.364912 1.639856 21.253923 0.148392 2.568280 -3.681211 0.833857 3.822819 -8.966991 0.000077 -0.000022 0.000006 0.019949 -0.074754 0.037174 0.705850 -3.819641 -10.730559 -0.675241 3.674306 -10.637622 -3.112474 -5.722607 12.849217 -26.393379 -37.749382 -25.968716 -179.001053 -58.912781 179.074020 0.038776 -2.018203 6.621383 -5.882103 9.861277 0.702589 -10.936859 -0.360576 7.156197 0.000002 8.774810 -0.000001 -16.524858 17.327564 5.831942 -1.844030 2.498501 -2.507275 -10.163589 4.678941 4.621104 -20.975996 -0.000000 0.000003 -21.226254 2.451692 -3.593992 -0.000000 -0.000006 0.000002 -1.362679 2.240795 -0.746323 -21.334896 0.584909 3.008321 -13.821195 -0.000001 0.000002 -23.887129 -0.249075 -0.839480 -59.519604 2.270348 -1.090784 -0.294027 1.679684 0.833255 -14.218190 0.093214 1.300579 -34.212002 -0.287560 0.967169 -20.033176 0.964534 1.212842 -0.000000 -0.000001 0.000001 -3.440387 0.788232 0.501656 -15.928169 -3.167304 2.999705 -6.338817 -0.000001 0.000002 -18.123413 3.648175 -4.905661 -0.000004 0.000001 -0.000001 4.352446 1.379368 16.186413 22.669744 74.759796 -23.589748 179.576279 51.869476 -178.777985 -11.771246 0.142091 -16.528337 2.243541 -5.255033 -3.180152 14.282878 -0.826592 6.952495 -0.000002 -12.690592 0.000001 15.695414 -17.302130 2.825994 1.665665 -1.955918 -2.878296 4.727793 -4.170583 4.993920 11.020511 0.000003 -0.000001 12.109034 -3.735712 -2.866781 0.000000 0.000001 0.000001 1.291984 -1.928548 -1.498087 14.800114 0.567466 3.865604 14.242551 -1.341735 -6.660648 19.631939 0.143924 -0.648241 49.270279 -1.057529 -5.574413 0.353027 -1.511150 -0.031941 20.222769 3.684309 2.316630 18.787247 0.000004 0.000001 10.751610 -0.479866 1.397904 0.000000 0.000002 0.000000 3.273803 0.305949 -0.580109 21.486792 11.830362 2.266134 8.162916 0.000001 -0.000001 18.399054 -3.798980 -4.940568 0.000003 0.000000 -0.000001 2.879259 21.502251 -35.130047 -0.143422 0.070148 51.517628 -3.318609 -1.565070 -9.799152 1.587085 -1.661536 1.621832 0.000000 -0.000000 0.000002 -17.407524 -12.003553 4.763151 0.485145 1.698902 40.324249 22.705761 3.238479 -17.693903 -1.554264 1.122434 -7.496364 0.000000 -0.000000 -0.000001 
7.859468 90.002838 10.042729 -1.470207 10.586643 -3.803360 -2.658728 0.559773 -0.681513 -1.352108 1.113194 -5.283030 -5.003075 -1.062044 13.211879 0.660816 2.892210 22.119583 0.767078 4.705711 -3.805890 1.077869 5.296339 -9.772451 0.000077 -0.000024 0.000006 -0.006279 -0.014311 -0.008775 0.647799 -3.739635 -10.750429 -0.669093 3.713302 -10.680547 -2.634302 -6.731085 13.059255 -23.396435 -36.226406 -32.288746 -179.671021 -56.986950 179.466553 -1.158228 -1.510807 5.808979 -5.882102 9.861277 0.702592 -10.936858 -0.360574 7.156198 0.000002 8.774812 -0.000001 -16.524536 17.378210 5.690496 -1.844030 2.498502 -2.507276 -10.163587 4.678939 4.621105 -20.975992 -0.000004 0.000003 -21.226248 2.451690 -3.593992 0.000000 -0.000006 -0.000000 -1.362679 2.240795 -0.746324 -21.334887 0.584910 3.008319 -13.821197 -0.000003 0.000002 -23.887125 -0.249080 -0.839481 -59.654541 2.312617 -1.201386 -0.294024 1.679685 0.833255 -14.218190 0.093214 1.300579 -34.211998 -0.287565 0.967168 -20.033176 0.964535 1.212840 -0.000000 -0.000002 0.000000 -3.440384 0.788232 0.501656 -15.928165 -3.167304 2.999701 -6.338815 -0.000002 0.000001 -18.123413 3.648176 -4.905662 -0.000004 0.000001 -0.000001 3.937050 0.162034 16.714472 31.532608 77.590591 -16.023140 179.175949 50.473778 -179.364838 -10.887747 0.440558 -16.590782 2.243538 -5.255032 -3.180155 14.282879 -0.826593 6.952497 -0.000004 -12.690592 -0.000000 15.696573 -17.073500 2.786894 1.665665 -1.955919 -2.878296 4.727792 -4.170584 4.993920 11.020512 0.000002 -0.000002 12.109033 -3.735710 -2.866780 0.000000 0.000001 0.000000 1.291985 -1.928548 -1.498088 14.800113 0.567467 3.865602 14.242553 -1.341734 -6.660650 19.631939 0.143927 -0.648244 49.000191 -1.151459 -5.501996 0.353027 -1.511148 -0.031941 20.222771 3.684308 2.316627 18.787245 0.000008 -0.000000 10.751610 -0.479867 1.397904 0.000000 0.000000 0.000000 3.273807 0.305947 -0.580110 21.486794 11.830368 2.266129 8.162916 0.000001 -0.000001 18.399055 -3.798979 -4.940569 0.000003 0.000000 -0.000001 4.177345 23.121473 -36.790337 -0.273791 -0.066712 51.424732 -4.745407 -1.495394 -8.055771 1.609798 -1.654698 1.290638 0.000000 -0.000001 0.000002 -15.522063 -11.676541 3.935256 0.387502 1.336317 37.242931 21.608416 2.535778 -24.984764 -1.501649 1.181268 -3.615647 -0.000000 0.000000 -0.000001 
5.960691 89.902382 8.409085 -1.619633 8.040962 -3.732332 -2.532718 0.430564 -0.229877 -1.558448 0.647602 -5.121260 -5.550605 -1.668893 13.787362 -0.920403 4.046428 22.601372 1.187173 6.501053 -3.798126 0.932502 6.663402 -10.162353 0.000076 -0.000022 0.000005 -0.031442 0.078382 -0.018162 0.601728 -3.642360 -10.748629 -0.672635 3.802341 -10.697218 -2.440572 -7.750015 12.985049 -21.299469 -34.859631 -37.430069 179.411026 -55.681679 -179.715378 -1.966986 -1.335395 5.431769 -5.882101 9.861278 0.702589 -10.936858 -0.360575 7.156197 0.000002 8.774812 -0.000002 -16.815939 17.558817 5.577602 -1.844032 2.498502 -2.507277 -10.163589 4.678937 4.621104 -20.975998 -0.000000 0.000002 -21.226255 2.451693 -3.593995 0.000000 -0.000005 -0.000000 -1.362681 2.240796 -0.746323 -21.334887 0.584909 3.008321 -13.821197 -0.000002 0.000004 -23.887129 -0.249077 -0.839480 -59.690945 2.403588 -1.303831 -0.294024 1.679687 0.833256 -14.218194 0.093216 1.300580 -34.212006 -0.287562 0.967172 -20.033178 0.964539 1.212842 -0.000001 -0.000001 -0.000000 -3.440386 0.788233 0.501657 -15.928165 -3.167307 2.999706 -6.338815 0.000000 0.000002 -18.123415 3.648178 -4.905659 -0.000004 -0.000000 -0.000001 3.561166 -0.911831 17.252239 39.529705 78.721191 -8.783083 179.214722 49.145931 -179.553101 -9.988867 0.249835 -16.305758 2.243541 -5.255033 -3.180154 14.282879 -0.826596 6.952495 0.000000 -12.690590 -0.000000 15.567786 -16.899117 2.820981 1.665663 -1.955920 -2.878294 4.727795 -4.170584 4.993918 11.020511 0.000003 -0.000004 12.109033 -3.735710 -2.866782 0.000000 0.000001 0.000001 1.291986 -1.928548 -1.498089 14.800114 0.567466 3.865601 14.242554 -1.341737 -6.660649 19.631939 0.143926 -0.648246 48.998558 -1.181055 -5.442369 0.353032 -1.511150 -0.031941 20.222769 3.684303 2.316625 18.787247 0.000003 -0.000003 10.751611 -0.479869 1.397903 0.000000 -0.000001 0.000000 3.273806 0.305947 -0.580111 21.486790 11.830360 2.266128 8.162916 -0.000001 -0.000001 18.399054 -3.798978 -4.940570 0.000003 -0.000001 -0.000001 5.679392 24.084738 -37.454861 -0.404435 -0.145447 50.774849 -6.235392 -1.479693 -5.419835 1.664626 -1.657934 1.065543 0.000000 -0.000000 0.000002 -13.566630 -10.280142 1.630143 0.259408 1.122156 36.820736 19.953238 1.683739 -29.757927 -1.479773 1.212774 -1.153471 -0.000000 -0.000000 -0.000001 
4.419038 90.149361 6.881788 -1.843835 5.626335 -3.765106 -2.237309 0.271109 0.222334 -1.645473 0.080281 -4.838446 -5.846439 -2.292488 13.914319 -2.471730 5.325234 22.646694 1.632397 7.593017 -3.796669 0.458099 8.052577 -10.626827 0.000077 -0.000023 0.000006 -0.017927 0.016397 -0.030288 0.602475 -3.697728 -10.748611 -0.650719 3.737689 -10.701399 -2.206258 -8.503379 12.797863 -20.006615 -33.431957 -42.306568 179.413437 -54.849564 -179.891632 -1.937629 -1.543533 5.323943 -5.882101 9.861278 0.702588 -10.936858 -0.360577 7.156198 0.000001 8.774816 -0.000001 -17.082420 17.432888 5.369325 -1.844031 2.498503 -2.507275 -10.163590 4.678939 4.621104 -20.975996 -0.000003 0.000001 -21.226254 2.451693 -3.593994 0.000000 -0.000006 -0.000001 -1.362680 2.240797 -0.746323 -21.334887 0.584909 3.008321 -13.821197 -0.000002 0.000002 -23.887131 -0.249079 -0.839480 -59.818542 2.278390 -1.149296 -0.294026 1.679686 0.833255 -14.218194 0.093215 1.300579 -34.212002 -0.287563 0.967168 -20.033180 0.964533 1.212842 0.000001 -0.000000 0.000000 -3.440386 0.788233 0.501655 -15.928169 -3.167305 2.999705 -6.338819 -0.000001 0.000001 -18.123415 3.648177 -4.905661 -0.000003 -0.000001 -0.000002 2.989910 -1.766229 17.002054 46.717411 78.760010 -2.313489 179.021530 48.108891 -179.905212 -9.045356 -0.065386 -15.913252 2.243539 -5.255032 -3.180156 14.282877 -0.826593 6.952497 -0.000002 -12.690590 0.000000 15.637492 -16.836102 2.832411 1.665664 -1.955919 -2.878296 4.727792 -4.170584 4.993917 11.020513 0.000003 -0.000001 12.109031 -3.735709 -2.866778 0.000000 0.000001 -0.000001 1.291984 -1.928548 -1.498088 14.800111 0.567468 3.865605 14.242554 -1.341735 -6.660647 19.631941 0.143925 -0.648244 49.086216 -1.086302 -5.543546 0.353028 -1.511148 -0.031941 20.222767 3.684306 2.316629 18.787247 0.000005 0.000000 10.751612 -0.479868 1.397904 0.000000 0.000001 -0.000000 3.273805 0.305947 -0.580109 21.486794 11.830361 2.266132 8.162918 0.000002 -0.000001 18.399055 -3.798980 -4.940567 0.000003 -0.000003 -0.000001 7.285079 24.240141 -37.675579 -0.497588 -0.293356 50.026333 -8.123411 -1.905586 -1.635799 1.693352 -1.672503 0.686164 0.000000 0.000001 0.000002 -11.903338 -8.588487 -0.994723 0.168381 0.787987 38.072971 18.833065 1.355940 -30.579182 -1.462258 1.213893 0.085735 -0.000000 -0.000000 -0.000001 
3.186188 90.608925 5.592175 -1.973102 3.426326 -3.860752 -2.017801 0.141718 0.718779 -1.720199 -0.422140 -4.584723 -5.902593 -2.906136 13.783242 -3.626952 6.110298 22.155844 1.917919 8.772079 -3.780470 -0.093345 9.328259 -11.038013 0.000077 -0.000024 0.000005 -0.004665 0.005076 -0.031434 0.622369 -3.703009 -10.732212 -0.646210 3.722222 -10.692205 -1.770171 -9.062620 12.702397 -19.108025 -32.074093 -46.795109 179.624695 -54.444160 179.805573 -1.341148 -2.112164 4.890328 -5.882099 9.861278 0.702590 -10.936862 -0.360574 7.156199 0.000002 8.774814 -0.000001 -17.209555 17.347294 5.265345 -1.844031 2.498504 -2.507276 -10.163589 4.678940 4.621104 -20.975998 -0.000005 0.000005 -21.226255 2.451694 -3.593992 0.000000 -0.000006 -0.000000 -1.362681 2.240797 -0.746325 -21.334894 0.584908 3.008322 -13.821197 -0.000001 0.000003 -23.887131 -0.249077 -0.839479 -59.882996 2.326992 -1.126461 -0.294023 1.679686 0.833254 -14.218194 0.093214 1.300581 -34.212006 -0.287563 0.967173 -20.033180 0.964536 1.212843 0.000000 -0.000000 0.000000 -3.440386 0.788233 0.501653 -15.928171 -3.167308 2.999706 -6.338817 -0.000002 0.000003 -18.123415 3.648178 -4.905659 -0.000005 -0.000000 -0.000002 2.518276 -2.552308 16.890160 48.616825 79.022835 -0.591731 179.187958 47.287792 179.862274 -8.371977 -0.444973 -16.433008 2.243540 -5.255033 -3.180156 14.282877 -0.826594 6.952495 -0.000002 -12.690592 0.000003 15.753965 -16.890438 2.738559 1.665665 -1.955921 -2.878296 4.727793 -4.170584 4.993918 11.020510 0.000004 -0.000001 12.109031 -3.735710 -2.866779 0.000001 0.000000 -0.000001 1.291985 -1.928548 -1.498087 14.800117 0.567466 3.865603 14.242553 -1.341734 -6.660649 19.631937 0.143928 -0.648244 49.147018 -1.064618 -5.819474 0.353027 -1.511151 -0.031939 20.222767 3.684305 2.316628 18.787247 0.000004 -0.000001 10.751611 -0.479868 1.397903 0.000000 -0.000000 0.000000 3.273806 0.305947 -0.580109 21.486786 11.830360 2.266129 8.162917 0.000001 0.000001 18.399050 -3.798982 -4.940566 0.000003 -0.000002 -0.000001 8.942992 23.320498 -37.616512 -0.615081 -0.450162 49.585293 -10.128282 -3.209048 3.065385 1.694748 -1.684928 -0.024332 0.000000 0.000001 0.000002 -10.751716 -7.412760 -2.997498 0.160595 0.662958 38.965252 17.880903 1.550190 -29.818167 -1.456433 1.248766 0.206800 0.000000 0.000000 -0.000001 
2.163250 91.144882 4.598829 -1.909781 1.436743 -3.920856 -1.872732 -0.089963 1.088848 -1.760668 -0.799434 -4.383113 -5.866351 -3.388310 13.469833 -4.512864 6.747785 21.599348 2.097039 9.800059 -3.687893 -0.554022 10.405255 -11.559073 0.000077 -0.000021 0.000006 0.016593 -0.042372 -0.045475 0.653998 -3.751877 -10.726714 -0.634884 3.679503 -10.693796 -1.145520 -9.361652 12.692395 -18.332834 -30.670942 -50.561077 179.752396 -54.257061 179.449158 -0.343550 -3.129600 3.916989 -5.882100 9.861279 0.702591 -10.936858 -0.360574 7.156198 -0.000000 8.774812 -0.000001 -17.276686 17.467901 5.249022 -1.844030 2.498502 -2.507276 -10.163589 4.678941 4.621102 -20.975992 -0.000003 0.000001 -21.226250 2.451692 -3.593996 0.000000 -0.000006 -0.000000 -1.362681 2.240796 -0.746322 -21.334887 0.584909 3.008318 -13.821195 -0.000002 0.000001 -23.887133 -0.249078 -0.839484 -60.029373 2.538211 -1.311220 -0.294024 1.679685 0.833255 -14.218194 0.093214 1.300577 -34.211998 -0.287562 0.967166 -20.033178 0.964534 1.212839 0.000000 0.000001 -0.000000 -3.440385 0.788233 0.501655 -15.928167 -3.167305 2.999703 -6.338817 -0.000001 0.000002 -18.123413 3.648175 -4.905663 -0.000004 -0.000000 -0.000002 1.914157 -3.161006 16.781033 48.170311 79.588577 -1.413896 179.321548 46.607506 179.608871 -7.869169 -0.666831 -17.724804 2.243538 -5.255033 -3.180155 14.282878 -0.826593 6.952495 -0.000004 -12.690592 0.000001 15.750354 -16.958670 2.689712 1.665668 -1.955921 -2.878297 4.727793 -4.170582 4.993918 11.020513 0.000004 -0.000002 12.109032 -3.735708 -2.866778 0.000001 0.000000 0.000000 1.291986 -1.928549 -1.498089 14.800117 0.567469 3.865602 14.242553 -1.341735 -6.660648 19.631941 0.143926 -0.648242 49.160309 -1.057649 -5.976264 0.353028 -1.511149 -0.031940 20.222773 3.684306 2.316629 18.787247 0.000005 -0.000000 10.751614 -0.479868 1.397904 0.000000 -0.000000 0.000000 3.273804 0.305947 -0.580111 21.486792 11.830363 2.266132 8.162918 -0.000000 0.000001 18.399054 -3.798976 -4.940566 0.000003 -0.000001 -0.000001 12.642507 21.672279 -35.336609 -0.736934 -0.665459 47.036209 -14.714949 -5.686954 8.150237 1.686344 -1.731890 -0.579281 0.000000 -0.000002 0.000002 -10.066350 -6.637204 -4.301423 0.215769 0.601309 39.041401 16.833652 1.997194 -28.784399 -1.438183 1.268859 0.082410 -0.000000 0.000000 -0.000001 
1.457950 91.642570 3.947526 -1.683118 -0.362376 -3.873618 -1.722151 -0.303783 1.237492 -1.749505 -0.986333 -4.264126 -5.788404 -3.652944 13.126615 -5.114260 7.205145 21.101498 2.239301 10.744079 -3.582919 -1.073075 11.191654 -12.116576 0.000077 -0.000021 0.000006 0.021221 -0.037109 -0.043423 0.664633 -3.764523 -10.712496 -0.629496 3.677874 -10.695374 -0.581631 -9.503041 12.622943 -17.594013 -29.282061 -53.178059 179.672897 -54.329460 179.387268 0.398376 -4.221881 2.819541 -5.882099 9.861279 0.702589 -10.936857 -0.360573 7.156196 -0.000001 8.774814 0.000001 -17.240248 17.476366 5.253968 -1.844032 2.498503 -2.507275 -10.163591 4.678941 4.621103 -20.975992 -0.000003 0.000003 -21.226246 2.451692 -3.593994 0.000000 -0.000006 -0.000001 -1.362680 2.240797 -0.746323 -21.334887 0.584908 3.008320 -13.821194 -0.000002 0.000002 -23.887125 -0.249079 -0.839483 -60.072685 2.623302 -1.440355 -0.294024 1.679685 0.833254 -14.218194 0.093215 1.300580 -34.211998 -0.287564 0.967169 -20.033176 0.964536 1.212841 0.000001 0.000001 -0.000000 -3.440384 0.788233 0.501655 -15.928163 -3.167307 2.999702 -6.338817 0.000001 -0.000000 -18.123411 3.648176 -4.905662 -0.000004 -0.000001 -0.000002 1.371127 -3.725597 16.508802 46.981506 80.350761 -2.751094 179.745773 46.040955 179.523987 -7.583537 -0.867988 -18.733562 2.243541 -5.255033 -3.180155 14.282875 -0.826594 6.952495 -0.000003 -12.690591 0.000001 15.676615 -17.025011 2.728231 1.665664 -1.955919 -2.878295 4.727793 -4.170584 4.993918 11.020513 0.000003 -0.000002 12.109031 -3.735710 -2.866780 0.000000 0.000000 0.000000 1.291983 -1.928547 -1.498088 14.800113 0.567468 3.865602 14.242553 -1.341734 -6.660649 19.631939 0.143925 -0.648245 49.231483 -1.055444 -6.016595 0.353029 -1.511149 -0.031939 20.222769 3.684307 2.316626 18.787247 0.000003 0.000000 10.751610 -0.479870 1.397904 -0.000000 0.000001 0.000000 3.273804 0.305946 -0.580110 21.486792 11.830361 2.266130 8.162918 0.000001 0.000000 18.399052 -3.798980 -4.940567 0.000003 -0.000001 -0.000000 16.565937 19.330681 -31.987362 -0.711753 -0.879315 43.776947 -17.450069 -6.728374 10.729677 1.684739 -1.786047 -0.714501 -0.000000 -0.000000 0.000001 -9.726500 -5.783782 -5.207271 0.211353 0.529019 38.723755 15.805388 2.425615 -27.818197 -1.444481 1.229466 0.006020 0.000000 0.000000 -0.000001 
1.073825 92.150429 3.546276 -1.419082 -1.848560 -3.640894 -1.539151 -0.376988 1.177093 -1.690673 -1.117106 -4.329631 -5.589579 -3.731552 12.880692 -5.525550 7.441699 20.644617 2.370513 11.366676 -3.590806 -1.621930 11.937207 -12.505380 0.000077 -0.000023 0.000006 0.013413 -0.032511 -0.021575 0.655423 -3.777213 -10.721577 -0.640207 3.703068 -10.710299 -0.258036 -9.486595 12.596669 -17.146667 -28.081749 -54.725899 179.744431 -54.520649 179.533279 0.783281 -5.079562 1.865428 -5.882099 9.861276 0.702591 -10.936859 -0.360575 7.156199 -0.000000 8.774811 -0.000001 -17.244427 17.397015 5.217159 -1.844030 2.498502 -2.507276 -10.163589 4.678938 4.621104 -20.975992 -0.000003 0.000004 -21.226254 2.451691 -3.593992 0.000000 -0.000005 -0.000000 -1.362680 2.240795 -0.746322 -21.334888 0.584907 3.008323 -13.821195 -0.000004 0.000004 -23.887125 -0.249078 -0.839479 -59.900932 2.495430 -1.440141 -0.294023 1.679686 0.833256 -14.218194 0.093215 1.300580 -34.212002 -0.287563 0.967172 -20.033176 0.964535 1.212843 0.000000 0.000000 -0.000001 -3.440385 0.788233 0.501655 -15.928167 -3.167306 2.999706 -6.338814 -0.000002 0.000003 -18.123413 3.648175 -4.905659 -0.000004 -0.000000 -0.000002 0.928264 -4.090150 16.180357 47.057884 81.059334 -2.720729 -179.835648 45.602913 179.734467 -7.417578 -1.239475 -19.485777 2.243541 -5.255033 -3.180156 14.282873 -0.826592 6.952494 -0.000001 -12.690592 -0.000001 15.670794 -17.111666 2.797142 1.665663 -1.955919 -2.878295 4.727792 -4.170583 4.993920 11.020511 0.000004 -0.000000 12.109030 -3.735709 -2.866781 0.000000 0.000000 0.000000 1.291984 -1.928548 -1.498089 14.800113 0.567468 3.865602 14.242554 -1.341735 -6.660647 19.631939 0.143926 -0.648243 49.214466 -1.005484 -6.038029 0.353028 -1.511148 -0.031940 20.222769 3.684307 2.316627 18.787245 0.000004 -0.000001 10.751610 -0.479867 1.397904 0.000000 0.000001 0.000000 3.273802 0.305947 -0.580109 21.486792 11.830361 2.266130 8.162916 0.000001 -0.000000 18.399050 -3.798982 -4.940568 0.000003 0.000000 -0.000001 19.095921 16.712433 -28.942863 -0.579978 -1.021887 40.422726 -16.796850 -5.900350 10.749362 1.698030 -1.797729 -0.941270 -0.000000 0.000000 0.000001 -9.564676 -4.863279 -5.827235 0.178746 0.497204 37.927288 15.025207 2.459471 -26.870426 -1.459438 1.211837 0.071006 -0.000000 0.000000 -0.000001 
0.952416 92.659775 3.266088 -1.232201 -2.771093 -3.194378 -1.297101 -0.420460 0.944098 -1.587164 -1.238192 -4.433469 -5.268525 -3.845439 12.613565 -5.895844 7.584884 20.123140 2.434762 11.766282 -3.523823 -1.992023 12.471830 -12.652017 0.000077 -0.000022 0.000006 0.003249 -0.019504 0.004055 0.649726 -3.771228 -10.701507 -0.651184 3.718508 -10.705182 -0.081825 -9.336890 12.642590 -17.191864 -27.443747 -55.435417 179.737915 -54.501110 179.695953 1.209799 -5.641310 1.495644 -5.882101 9.861277 0.702589 -10.936858 -0.360575 7.156197 -0.000000 8.774812 -0.000003 -17.122084 17.458200 5.388884 -1.844032 2.498502 -2.507276 -10.163589 4.678939 4.621103 -20.975994 -0.000001 0.000002 -21.226254 2.451691 -3.593994 0.000000 -0.000005 -0.000000 -1.362681 2.240796 -0.746321 -21.334890 0.584909 3.008320 -13.821197 -0.000002 0.000001 -23.887129 -0.249077 -0.839482 -59.946960 2.486399 -1.400131 -0.294023 1.679687 0.833255 -14.218189 0.093214 1.300579 -34.211998 -0.287563 0.967171 -20.033178 0.964536 1.212841 0.000001 0.000000 -0.000000 -3.440387 0.788233 0.501656 -15.928169 -3.167306 2.999705 -6.338817 -0.000002 0.000002 -18.123413 3.648176 -4.905661 -0.000004 -0.000001 -0.000002 0.524292 -4.257663 15.921064 49.330109 81.538536 -0.557690 -179.726776 45.062424 179.844666 -7.137608 -1.616300 -19.984274 2.243538 -5.255032 -3.180156 14.282877 -0.826593 6.952497 -0.000002 -12.690590 -0.000001 15.583687 -17.252209 2.863545 1.665665 -1.955919 -2.878296 4.727797 -4.170582 4.993917 11.020514 0.000004 0.000000 12.109033 -3.735708 -2.866780 0.000000 0.000000 0.000000 1.291985 -1.928547 -1.498086 14.800111 0.567468 3.865604 14.242553 -1.341734 -6.660646 19.631941 0.143925 -0.648242 49.169273 -1.007904 -6.041581 0.353028 -1.511150 -0.031941 20.222769 3.684306 2.316628 18.787245 0.000005 0.000001 10.751611 -0.479867 1.397904 0.000000 -0.000000 0.000000 3.273804 0.305946 -0.580109 21.486794 11.830361 2.266131 8.162918 0.000003 0.000001 18.399054 -3.798977 -4.940567 0.000003 -0.000001 -0.000001 19.105007 14.927095 -27.221857 -0.475687 -1.032523 36.828098 -15.907080 -4.595226 9.448441 1.708797 -1.835726 -0.857965 0.000000 -0.000000 0.000002 -9.514099 -4.303702 -6.256100 0.148272 0.483602 36.747154 14.667068 2.303132 -25.867548 -1.452121 1.149684 0.073896 -0.000000 -0.000000 -0.000001 
0.971340 93.138489 3.354767 -1.055813 -3.182261 -2.617854 -1.098408 -0.450196 0.706708 -1.492850 -1.338842 -4.537220 -4.874884 -3.982103 12.329021 -6.074274 7.623602 19.531988 2.444012 12.091639 -3.450042 -2.284488 12.786233 -12.647885 0.000077 -0.000022 0.000006 -0.000825 -0.006656 0.014590 0.647269 -3.754397 -10.683652 -0.653651 3.727545 -10.686854 0.041808 -9.210934 12.680924 -17.475349 -27.246731 -55.696850 179.801834 -54.326969 179.775208 1.585223 -5.923909 1.339430 -5.882099 9.861279 0.702592 -10.936858 -0.360573 7.156197 -0.000002 8.774814 -0.000000 -17.017294 17.516060 5.534328 -1.844031 2.498502 -2.507277 -10.163590 4.678941 4.621105 -20.975992 -0.000001 0.000002 -21.226254 2.451694 -3.593995 -0.000000 -0.000004 -0.000000 -1.362680 2.240797 -0.746323 -21.334888 0.584910 3.008320 -13.821194 -0.000002 0.000001 -23.887129 -0.249077 -0.839482 -59.905224 2.529207 -1.304079 -0.294023 1.679686 0.833255 -14.218190 0.093216 1.300581 -34.211998 -0.287560 0.967169 -20.033178 0.964536 1.212840 -0.000000 -0.000000 -0.000000 -3.440384 0.788233 0.501656 -15.928165 -3.167304 2.999703 -6.338815 0.000000 0.000002 -18.123411 3.648177 -4.905661 -0.000004 0.000001 -0.000002 0.246758 -4.295469 15.711596 52.576885 81.818703 2.550590 -179.859085 44.450871 179.859756 -6.737972 -1.897344 -20.256781 2.243539 -5.255033 -3.180156 14.282877 -0.826592 6.952497 -0.000002 -12.690590 0.000000 15.561349 -17.388735 2.863045 1.665664 -1.955919 -2.878297 4.727796 -4.170583 4.993918 11.020511 0.000004 -0.000000 12.109029 -3.735708 -2.866779 0.000000 0.000000 -0.000001 1.291984 -1.928547 -1.498088 14.800114 0.567468 3.865605 14.242553 -1.341734 -6.660647 19.631939 0.143927 -0.648240 49.135609 -0.964130 -6.084718 0.353029 -1.511151 -0.031940 20.222765 3.684310 2.316629 18.787245 0.000006 0.000003 10.751611 -0.479865 1.397905 0.000000 -0.000001 0.000000 3.273803 0.305949 -0.580111 21.486792 11.830367 2.266134 8.162916 0.000001 0.000001 18.399050 -3.798979 -4.940565 0.000003 -0.000001 -0.000001 18.826263 13.881662 -25.488054 -0.385302 -0.965858 32.902889 -15.864675 -3.525541 7.952626 1.711555 -1.867667 -0.564970 -0.000000 0.000000 0.000003 -9.584348 -4.001678 -6.335731 0.123720 0.492102 35.391014 14.519377 2.060173 -24.896355 -1.443694 1.093564 0.034422 -0.000000 -0.000000 -0.000001 
1.088118 93.563210 3.536504 -0.875132 -3.151996 -1.915000 -0.978469 -0.437722 0.449719 -1.362238 -1.464118 -4.644337 -4.465906 -4.015938 12.081172 -6.126359 7.514372 18.944332 2.417271 12.169766 -3.432774 -2.419532 12.980803 -12.682451 0.000077 -0.000021 0.000005 0.002623 -0.044136 0.009103 0.652787 -3.780163 -10.682385 -0.653795 3.680537 -10.674412 0.108333 -9.207554 12.860604 -17.678028 -27.474405 -56.059326 -179.863892 -54.070576 179.575119 2.023195 -6.000563 1.261318 -5.882102 9.861278 0.702590 -10.936858 -0.360575 7.156197 -0.000002 8.774811 -0.000003 -16.941700 17.439613 5.488756 -1.844031 2.498502 -2.507276 -10.163589 4.678940 4.621105 -20.975996 -0.000004 0.000002 -21.226250 2.451693 -3.593992 0.000000 -0.000004 -0.000000 -1.362679 2.240796 -0.746322 -21.334892 0.584909 3.008322 -13.821195 -0.000001 0.000002 -23.887131 -0.249077 -0.839482 -59.830208 2.398872 -1.340360 -0.294024 1.679686 0.833256 -14.218192 0.093214 1.300578 -34.212006 -0.287563 0.967171 -20.033178 0.964537 1.212842 -0.000000 0.000001 0.000000 -3.440385 0.788232 0.501656 -15.928167 -3.167304 2.999705 -6.338817 -0.000001 0.000002 -18.123413 3.648176 -4.905660 -0.000004 0.000001 -0.000002 0.098684 -4.454751 15.527148 56.029572 81.970131 6.074099 -179.869247 43.840721 179.835571 -6.293271 -2.135067 -20.156122 2.243538 -5.255032 -3.180155 14.282875 -0.826592 6.952495 -0.000003 -12.690591 0.000001 15.656923 -17.358353 2.660113 1.665664 -1.955920 -2.878297 4.727796 -4.170584 4.993918 11.020510 0.000003 -0.000001 12.109033 -3.735711 -2.866779 0.000000 -0.000000 -0.000000 1.291984 -1.928548 -1.498089 14.800114 0.567469 3.865603 14.242553 -1.341734 -6.660649 19.631939 0.143927 -0.648243 49.142853 -0.947854 -6.378909 0.353028 -1.511150 -0.031940 20.222769 3.684308 2.316628 18.787249 0.000003 0.000001 10.751610 -0.479869 1.397905 0.000000 0.000002 0.000000 3.273807 0.305947 -0.580109 21.486788 11.830362 2.266130 8.162916 0.000000 0.000000 18.399054 -3.798980 -4.940567 0.000003 0.000000 -0.000001 18.297180 13.340972 -24.325949 -0.292684 -0.921601 29.452990 -16.114326 -2.809398 7.090654 1.678197 -1.802304 -0.385707 -0.000000 -0.000000 0.000002 -9.745376 -3.906806 -6.304984 0.124785 0.465350 33.911827 14.472326 1.777926 -24.116106 -1.449240 1.101381 0.023419 -0.000000 -0.000000 -0.000001 
1.265355 93.945274 3.676219 -0.631896 -2.923898 -1.314269 -0.922121 -0.425360 0.337062 -1.287546 -1.505449 -4.704832 -4.160822 -4.077859 11.911095 -6.009809 7.350856 18.271975 2.399882 12.182055 -3.411752 -2.695269 13.133171 -12.733771 0.000077 -0.000022 0.000006 0.007751 -0.051765 0.007994 0.664781 -3.791691 -10.682015 -0.658639 3.672682 -10.666373 0.186196 -9.318413 12.947494 -17.751837 -27.767712 -56.099556 -179.948578 -53.798405 179.583267 2.370577 -5.928052 1.295159 -5.882100 9.861277 0.702592 -10.936858 -0.360574 7.156196 -0.000001 8.774812 -0.000001 -16.942911 17.471262 5.461617 -1.844031 2.498502 -2.507275 -10.163589 4.678940 4.621105 -20.975996 -0.000004 0.000002 -21.226255 2.451693 -3.593994 0.000001 -0.000004 -0.000000 -1.362680 2.240796 -0.746321 -21.334892 0.584908 3.008321 -13.821197 -0.000002 0.000002 -23.887131 -0.249078 -0.839482 -59.890579 2.452775 -1.345630 -0.294023 1.679686 0.833256 -14.218194 0.093215 1.300579 -34.212013 -0.287565 0.967170 -20.033180 0.964537 1.212841 0.000001 0.000000 -0.000000 -3.440385 0.788232 0.501656 -15.928171 -3.167305 2.999704 -6.338818 0.000000 0.000002 -18.123413 3.648175 -4.905661 -0.000004 -0.000000 -0.000002 0.109443 -4.486980 15.378501 59.260052 82.062904 9.223907 179.868134 43.188549 179.706635 -6.030192 -2.443644 -20.454166 2.243541 -5.255032 -3.180155 14.282878 -0.826593 6.952497 -0.000003 -12.690588 -0.000001 15.686907 -17.337616 2.608800 1.665664 -1.955920 -2.878296 4.727793 -4.170584 4.993918 11.020512 0.000002 -0.000002 12.109034 -3.735710 -2.866779 0.000000 -0.000000 -0.000002 1.291985 -1.928547 -1.498090 14.800113 0.567467 3.865603 14.242553 -1.341736 -6.660649 19.631939 0.143927 -0.648243 49.208015 -0.913588 -6.383850 0.353028 -1.511149 -0.031941 20.222771 3.684306 2.316627 18.787247 0.000004 0.000000 10.751610 -0.479868 1.397904 -0.000000 0.000001 0.000000 3.273805 0.305947 -0.580110 21.486790 11.830360 2.266131 8.162917 0.000001 0.000000 18.399052 -3.798975 -4.940567 0.000003 0.000000 -0.000001 17.671822 13.217638 -23.946606 -0.273009 -0.860268 27.444403 -16.152605 -2.597071 7.370433 1.665926 -1.807052 -0.251024 -0.000000 -0.000000 0.000002 -10.032304 -4.001010 -6.240181 0.113200 0.480382 32.654163 14.566508 1.392841 -23.312374 -1.444545 1.094804 -0.052191 -0.000000 -0.000000 -0.000001 
1.455850 94.231651 3.867571 -0.402722 -2.621200 -0.805985 -0.865539 -0.397087 0.298037 -1.223208 -1.500890 -4.723991 -3.911310 -4.090986 11.778060 -5.953168 7.214164 17.696594 2.383736 12.153913 -3.424832 -2.930173 13.218699 -12.807456 0.000077 -0.000023 0.000006 0.014617 -0.074570 0.008581 0.680389 -3.811019 -10.695933 -0.660757 3.655018 -10.675278 0.276886 -9.441334 12.964300 -17.805386 -28.187714 -55.958111 179.859009 -53.627228 179.648087 2.710962 -5.894768 1.364270 -5.882101 9.861278 0.702590 -10.936859 -0.360575 7.156199 -0.000001 8.774811 -0.000002 -16.987444 17.484739 5.432118 -1.844032 2.498502 -2.507276 -10.163590 4.678939 4.621105 -20.975998 -0.000003 0.000002 -21.226255 2.451693 -3.593992 -0.000000 -0.000003 -0.000000 -1.362679 2.240797 -0.746324 -21.334896 0.584907 3.008321 -13.821197 -0.000002 0.000003 -23.887135 -0.249077 -0.839481 -60.023022 2.495461 -1.366135 -0.294025 1.679687 0.833255 -14.218194 0.093214 1.300579 -34.212013 -0.287563 0.967170 -20.033182 0.964534 1.212843 -0.000000 0.000001 -0.000001 -3.440386 0.788234 0.501656 -15.928171 -3.167306 2.999706 -6.338817 -0.000001 0.000003 -18.123415 3.648177 -4.905660 -0.000004 0.000001 -0.000002 0.073726 -4.392836 15.271194 61.252148 82.126846 11.008748 179.612595 42.640011 179.555817 -5.969938 -2.697204 -20.861544 2.243540 -5.255033 -3.180153 14.282877 -0.826594 6.952499 -0.000002 -12.690591 0.000001 15.711794 -17.278446 2.541782 1.665664 -1.955919 -2.878296 4.727794 -4.170582 4.993918 11.020513 0.000003 -0.000001 12.109031 -3.735711 -2.866778 0.000000 0.000000 0.000000 1.291986 -1.928548 -1.498088 14.800109 0.567470 3.865604 14.242553 -1.341735 -6.660647 19.631939 0.143926 -0.648242 49.278870 -0.872730 -6.405549 0.353030 -1.511150 -0.031939 20.222769 3.684308 2.316631 18.787249 0.000005 0.000001 10.751611 -0.479866 1.397905 -0.000000 0.000002 -0.000000 3.273803 0.305946 -0.580109 21.486792 11.830364 2.266132 8.162916 -0.000000 0.000001 18.399052 -3.798977 -4.940566 0.000003 -0.000002 -0.000001 17.054588 13.357949 -23.873182 -0.275660 -0.825026 26.204042 -16.141634 -2.651609 7.721333 1.658422 -1.791301 -0.118421 0.000000 0.000000 0.000002 -10.348153 -4.180902 -6.092334 0.111593 0.489870 31.577412 14.689799 1.028486 -22.719616 -1.443293 1.099775 -0.115876 -0.000000 0.000000 -0.000001 
1.669419 94.450821 3.996716 -0.182776 -2.371550 -0.376706 -0.821942 -0.347350 0.285482 -1.173627 -1.468559 -4.730995 -3.694118 -4.052532 11.689763 -5.978883 7.135897 17.225231 2.385794 12.128451 -3.429330 -3.145184 13.285488 -12.902868 0.000077 -0.000021 0.000006 0.018971 -0.092652 0.004927 0.692027 -3.831287 -10.710379 -0.663941 3.652080 -10.685208 0.317113 -9.586613 12.968332 -17.790453 -28.572674 -55.847454 179.804993 -53.598587 179.651123 3.018977 -5.881541 1.341960 -5.882100 9.861278 0.702589 -10.936856 -0.360575 7.156197 0.000002 8.774813 -0.000002 -17.041611 17.493387 5.399240 -1.844031 2.498503 -2.507276 -10.163589 4.678940 4.621105 -20.975996 -0.000003 0.000001 -21.226254 2.451694 -3.593994 0.000000 -0.000005 -0.000000 -1.362679 2.240796 -0.746322 -21.334887 0.584908 3.008320 -13.821197 -0.000005 0.000003 -23.887133 -0.249080 -0.839481 -60.159245 2.538033 -1.403621 -0.294024 1.679686 0.833253 -14.218192 0.093215 1.300580 -34.212002 -0.287564 0.967168 -20.033178 0.964535 1.212841 0.000000 0.000002 -0.000000 -3.440383 0.788233 0.501654 -15.928169 -3.167307 2.999704 -6.338817 -0.000001 0.000001 -18.123415 3.648175 -4.905662 -0.000004 0.000001 -0.000001 0.059401 -4.241083 15.184294 62.868603 82.181786 12.509867 179.426605 42.240204 179.529190 -5.983235 -2.929966 -21.205193 2.243540 -5.255033 -3.180155 14.282877 -0.826593 6.952495 -0.000001 -12.690586 -0.000001 15.736838 -17.262012 2.479243 1.665666 -1.955920 -2.878298 4.727794 -4.170582 4.993918 11.020510 0.000002 -0.000002 12.109032 -3.735708 -2.866780 -0.000000 0.000000 -0.000001 1.291984 -1.928547 -1.498089 14.800113 0.567468 3.865602 14.242553 -1.341735 -6.660650 19.631941 0.143927 -0.648243 49.321400 -0.852966 -6.422144 0.353028 -1.511150 -0.031941 20.222769 3.684304 2.316628 18.787245 0.000007 -0.000001 10.751611 -0.479866 1.397904 0.000000 0.000001 0.000000 3.273807 0.305946 -0.580111 21.486792 11.830361 2.266129 8.162916 0.000000 -0.000001 18.399055 -3.798980 -4.940568 0.000003 -0.000002 -0.000001 16.445377 13.577203 -23.905581 -0.269128 -0.807256 25.283154 -16.112211 -2.740560 8.023917 1.649968 -1.775285 -0.009331 0.000000 0.000000 0.000002 -10.693587 -4.412097 -6.054240 0.108277 0.506305 30.806061 14.837457 0.732113 -22.187210 -1.443446 1.094865 -0.147932 -0.000000 0.000000 -0.000001 
1.841012 94.601425 4.099030 0.048780 -2.212687 -0.017828 -0.804526 -0.308972 0.286459 -1.134081 -1.396347 -4.732056 -3.521049 -4.006251 11.639765 -6.084658 7.112635 16.831762 2.399392 12.162025 -3.420223 -3.371345 13.346599 -13.011504 0.000077 -0.000022 0.000006 0.021001 -0.105463 0.005890 0.696177 -3.839986 -10.706612 -0.663633 3.645778 -10.683098 0.296749 -9.669383 13.010787 -17.847517 -28.913481 -55.711258 179.725815 -53.580036 179.681229 3.241257 -5.919278 1.234534 -5.882102 9.861279 0.702590 -10.936858 -0.360574 7.156197 0.000001 8.774813 -0.000001 -17.064409 17.490583 5.391073 -1.844030 2.498503 -2.507277 -10.163589 4.678940 4.621104 -20.975992 -0.000005 0.000001 -21.226254 2.451693 -3.593995 0.000000 -0.000005 -0.000000 -1.362682 2.240797 -0.746322 -21.334887 0.584908 3.008321 -13.821197 -0.000002 0.000002 -23.887129 -0.249078 -0.839481 -60.288971 2.561919 -1.403941 -0.294024 1.679687 0.833256 -14.218192 0.093215 1.300580 -34.212002 -0.287562 0.967169 -20.033180 0.964536 1.212841 0.000001 0.000001 0.000000 -3.440388 0.788233 0.501655 -15.928167 -3.167306 2.999704 -6.338817 -0.000001 0.000002 -18.123415 3.648175 -4.905661 -0.000004 0.000001 -0.000002 0.072514 -4.045630 15.123170 64.137856 82.198196 13.829901 179.377686 41.992176 179.607132 -6.015353 -3.139802 -21.363960 2.243539 -5.255033 -3.180154 14.282875 -0.826593 6.952497 -0.000001 -12.690591 0.000001 15.738793 -17.237007 2.477300 1.665664 -1.955920 -2.878296 4.727793 -4.170584 4.993918 11.020508 0.000003 -0.000001 12.109032 -3.735708 -2.866780 -0.000000 0.000000 0.000000 1.291984 -1.928547 -1.498088 14.800109 0.567469 3.865602 14.242550 -1.341733 -6.660647 19.631937 0.143928 -0.648242 49.362411 -0.832171 -6.385949 0.353027 -1.511148 -0.031939 20.222769 3.684307 2.316628 18.787243 0.000005 0.000000 10.751609 -0.479868 1.397904 0.000000 0.000001 -0.000000 3.273802 0.305948 -0.580110 21.486788 11.830365 2.266131 8.162918 -0.000001 0.000000 18.399054 -3.798979 -4.940565 0.000003 -0.000002 -0.000000 15.897627 13.780170 -23.915323 -0.258601 -0.781397 24.509733 -16.062416 -2.779624 8.189730 1.647967 -1.765164 0.080178 -0.000000 0.000000 0.000002 -11.052854 -4.675046 -6.117291 0.111374 0.526774 30.330723 14.953461 0.574132 -21.804388 -1.445870 1.093267 -0.198879 -0.000000 -0.000000 -0.000001 
2.112772 94.706131 4.226546 0.274251 -2.126217 0.253646 -0.803246 -0.268881 0.299844 -1.097266 -1.330647 -4.731259 -3.393420 -3.935833 11.629446 -6.230628 7.133215 16.533478 2.415088 12.237488 -3.426169 -3.564821 13.371635 -13.092346 0.000077 -0.000023 0.000006 0.020512 -0.092712 0.011268 0.697845 -3.836053 -10.709201 -0.667067 3.644448 -10.685902 0.250213 -9.744491 13.032519 -17.993528 -29.188166 -55.512608 179.646317 -53.615406 179.733856 3.439351 -5.959749 0.988644 -5.882099 9.861279 0.702592 -10.936860 -0.360575 7.156196 0.000000 8.774812 0.000001 -17.052351 17.479799 5.404397 -1.844029 2.498502 -2.507275 -10.163589 4.678938 4.621105 -20.975994 -0.000005 0.000001 -21.226254 2.451692 -3.593992 0.000000 -0.000007 -0.000000 -1.362683 2.240796 -0.746323 -21.334892 0.584908 3.008320 -13.821197 -0.000002 0.000002 -23.887131 -0.249079 -0.839481 -60.450150 2.563242 -1.389694 -0.294024 1.679686 0.833255 -14.218192 0.093215 1.300579 -34.211998 -0.287564 0.967169 -20.033178 0.964535 1.212842 0.000000 0.000001 -0.000000 -3.440385 0.788234 0.501655 -15.928164 -3.167306 2.999705 -6.338815 -0.000002 0.000002 -18.123411 3.648175 -4.905659 -0.000004 -0.000000 -0.000002 0.108162 -3.839512 15.108528 65.263031 82.246094 15.074276 179.379135 41.914669 179.714539 -6.091423 -3.355872 -21.449059 2.243539 -5.255033 -3.180153 14.282877 -0.826592 6.952495 -0.000001 -12.690592 -0.000001 15.744548 -17.231119 2.505145 1.665666 -1.955920 -2.878298 4.727793 -4.170584 4.993919 11.020513 0.000003 -0.000002 12.109033 -3.735710 -2.866779 -0.000000 0.000001 -0.000001 1.291983 -1.928548 -1.498085 14.800114 0.567467 3.865603 14.242553 -1.341735 -6.660646 19.631939 0.143925 -0.648242 49.400681 -0.846023 -6.343195 0.353028 -1.511149 -0.031941 20.222771 3.684306 2.316627 18.787247 0.000004 -0.000000 10.751612 -0.479867 1.397904 0.000000 0.000001 0.000000 3.273805 0.305947 -0.580111 21.486794 11.830361 2.266131 8.162914 0.000002 0.000000 18.399050 -3.798980 -4.940565 0.000003 -0.000003 -0.000001 15.340448 13.951089 -24.001825 -0.247771 -0.755987 24.162790 -15.909257 -2.782945 8.110196 1.648017 -1.756251 0.144480 0.000000 0.000000 0.000002 -11.496998 -4.913123 -6.133218 0.123424 0.560158 29.950460 15.107797 0.519852 -21.437828 -1.443147 1.078476 -0.215302 0.000000 0.000000 -0.000001 
2.275265 94.770142 4.352209 0.489044 -2.055903 0.463222 -0.809190 -0.235086 0.313584 -1.068413 -1.280365 -4.742775 -3.303563 -3.853556 11.657009 -6.342802 7.167132 16.274494 2.426583 12.300454 -3.413390 -3.750685 13.429163 -13.155017 0.000077 -0.000023 0.000006 0.014890 -0.080847 0.016017 0.697597 -3.826963 -10.703612 -0.674282 3.660888 -10.681376 0.159507 -9.819374 13.060720 -18.235840 -29.391811 -55.182133 179.475174 -53.654324 179.851257 3.552418 -6.086341 0.797053 -5.882102 9.861278 0.702589 -10.936861 -0.360574 7.156197 0.000000 8.774812 -0.000002 -16.983904 17.479929 5.437778 -1.844031 2.498503 -2.507277 -10.163592 4.678940 4.621104 -20.975998 -0.000002 0.000002 -21.226254 2.451692 -3.593993 0.000000 -0.000005 -0.000000 -1.362682 2.240797 -0.746323 -21.334896 0.584908 3.008321 -13.821198 -0.000004 0.000002 -23.887131 -0.249079 -0.839480 -60.483372 2.557282 -1.414055 -0.294024 1.679686 0.833256 -14.218192 0.093214 1.300579 -34.212006 -0.287563 0.967172 -20.033180 0.964537 1.212842 -0.000000 0.000001 -0.000000 -3.440384 0.788233 0.501656 -15.928171 -3.167307 2.999704 -6.338817 -0.000001 0.000000 -18.123415 3.648175 -4.905661 -0.000003 -0.000000 -0.000002 0.185258 -3.628711 15.085546 66.102463 82.200943 16.062244 179.410980 41.922905 179.791168 -6.155374 -3.519086 -21.517427 2.243538 -5.255033 -3.180155 14.282873 -0.826591 6.952494 -0.000003 -12.690591 0.000000 15.755134 -17.260567 2.534862 1.665665 -1.955919 -2.878297 4.727790 -4.170582 4.993919 11.020512 0.000004 -0.000001 12.109032 -3.735709 -2.866780 -0.000000 0.000001 -0.000001 1.291986 -1.928548 -1.498087 14.800109 0.567470 3.865603 14.242551 -1.341735 -6.660648 19.631937 0.143928 -0.648243 49.375351 -0.843775 -6.292255 0.353028 -1.511150 -0.031938 20.222767 3.684307 2.316629 18.787245 0.000006 0.000001 10.751609 -0.479868 1.397905 0.000000 0.000001 0.000000 3.273805 0.305947 -0.580111 21.486790 11.830364 2.266133 8.162915 -0.000000 0.000001 18.399050 -3.798980 -4.940565 0.000003 -0.000003 -0.000001 14.895544 14.134572 -24.026815 -0.239284 -0.718368 23.844904 -15.801541 -2.795081 8.039485 1.647832 -1.750438 0.168722 -0.000000 0.000000 0.000002 -11.855521 -5.131889 -6.196596 0.128968 0.605656 29.814362 15.169877 0.478084 -21.208549 -1.441858 1.069942 -0.250480 0.000000 0.000000 -0.000001 
2.376105 94.806252 4.487864 0.679997 -1.984204 0.625493 -0.819923 -0.212690 0.322698 -1.041077 -1.237590 -4.760940 -3.249376 -3.794467 11.714560 -6.400464 7.225851 16.094194 2.431672 12.333046 -3.391581 -3.911866 13.498878 -13.244903 0.000077 -0.000024 0.000006 0.013619 -0.080332 0.023386 0.695500 -3.829319 -10.702172 -0.677184 3.656505 -10.680771 0.041434 -9.894960 13.123602 -18.550146 -29.526957 -54.792297 179.267334 -53.656483 179.977722 3.617979 -6.235575 0.614958 -5.882102 9.861278 0.702591 -10.936859 -0.360576 7.156197 0.000001 8.774811 -0.000002 -16.964890 17.522455 5.465773 -1.844031 2.498502 -2.507276 -10.163589 4.678939 4.621103 -20.976000 -0.000006 0.000003 -21.226255 2.451693 -3.593991 0.000000 -0.000007 -0.000000 -1.362681 2.240796 -0.746324 -21.334892 0.584907 3.008320 -13.821197 -0.000005 0.000004 -23.887133 -0.249080 -0.839479 -60.563366 2.554998 -1.453348 -0.294023 1.679687 0.833255 -14.218194 0.093213 1.300576 -34.212013 -0.287566 0.967173 -20.033180 0.964533 1.212844 0.000000 0.000002 0.000000 -3.440387 0.788232 0.501656 -15.928169 -3.167307 2.999704 -6.338815 -0.000003 0.000001 -18.123415 3.648174 -4.905660 -0.000004 -0.000001 -0.000002 0.276952 -3.464178 15.109402 66.839592 82.176140 16.931141 179.379807 41.994907 179.855576 -6.225739 -3.636373 -21.619576 2.243541 -5.255034 -3.180154 14.282877 -0.826594 6.952494 -0.000002 -12.690591 0.000000 15.735643 -17.312809 2.551660 1.665666 -1.955920 -2.878298 4.727794 -4.170583 4.993917 11.020513 0.000003 -0.000002 12.109035 -3.735712 -2.866780 -0.000000 -0.000000 -0.000001 1.291986 -1.928549 -1.498088 14.800113 0.567466 3.865602 14.242554 -1.341735 -6.660650 19.631941 0.143925 -0.648245 49.372429 -0.858902 -6.292735 0.353025 -1.511148 -0.031940 20.222771 3.684304 2.316627 18.787247 0.000003 -0.000003 10.751611 -0.479870 1.397902 0.000000 0.000001 0.000000 3.273804 0.305947 -0.580109 21.486790 11.830362 2.266128 8.162916 0.000000 -0.000000 18.399055 -3.798978 -4.940572 0.000003 -0.000002 -0.000001 14.537086 14.319686 -24.056656 -0.242149 -0.699431 23.654402 -15.698074 -2.827497 7.962726 1.647625 -1.751261 0.207897 0.000000 -0.000000 0.000002 -12.159414 -5.329588 -6.246045 0.140267 0.623764 29.785248 15.140058 0.433054 -21.073719 -1.438326 1.061234 -0.246638 0.000000 0.000000 -0.000001 
2.462884 94.805260 4.599076 0.832168 -1.904486 0.729464 -0.823389 -0.177195 0.328005 -1.021484 -1.229860 -4.760144 -3.214585 -3.765780 11.776280 -6.445498 7.254102 15.948269 2.445288 12.379991 -3.390997 -4.070749 13.598929 -13.327328 0.000077 -0.000023 0.000006 0.012460 -0.074574 0.026772 0.694477 -3.820749 -10.701086 -0.677298 3.676156 -10.683397 -0.094444 -9.991004 13.163481 -18.936575 -29.635128 -54.421722 179.245239 -53.683151 179.993454 3.586792 -6.378986 0.459754 -5.882101 9.861278 0.702589 -10.936860 -0.360574 7.156197 0.000002 8.774813 -0.000001 -16.951880 17.528786 5.486970 -1.844034 2.498502 -2.507276 -10.163589 4.678941 4.621103 -20.975992 -0.000005 0.000001 -21.226248 2.451692 -3.593993 0.000000 -0.000006 -0.000000 -1.362681 2.240795 -0.746323 -21.334890 0.584909 3.008322 -13.821194 -0.000002 0.000002 -23.887133 -0.249076 -0.839481 -60.658558 2.547602 -1.466282 -0.294026 1.679686 0.833255 -14.218192 0.093215 1.300580 -34.212006 -0.287564 0.967173 -20.033178 0.964535 1.212843 -0.000000 -0.000000 -0.000000 -3.440388 0.788233 0.501655 -15.928165 -3.167306 2.999703 -6.338816 -0.000002 0.000001 -18.123413 3.648175 -4.905659 -0.000004 -0.000001 -0.000002 0.399818 -3.340568 15.083434 67.813683 82.074585 18.113310 179.389679 42.080368 179.921600 -6.290539 -3.725955 -21.584408 2.243540 -5.255033 -3.180155 14.282877 -0.826592 6.952495 -0.000001 -12.690592 -0.000001 15.713336 -17.360519 2.589809 1.665664 -1.955921 -2.878298 4.727794 -4.170582 4.993918 11.020511 0.000005 -0.000001 12.109033 -3.735709 -2.866780 0.000000 0.000001 0.000000 1.291984 -1.928547 -1.498088 14.800111 0.567470 3.865602 14.242554 -1.341733 -6.660646 19.631939 0.143928 -0.648243 49.402786 -0.853507 -6.330345 0.353028 -1.511149 -0.031940 20.222767 3.684307 2.316631 18.787245 0.000006 0.000001 10.751609 -0.479866 1.397905 0.000000 -0.000001 0.000000 3.273803 0.305948 -0.580111 21.486792 11.830366 2.266132 8.162917 0.000001 0.000001 18.399052 -3.798978 -4.940568 0.000003 -0.000002 -0.000001 14.249927 14.444329 -24.090595 -0.238942 -0.681599 23.562502 -15.605575 -2.845332 7.785357 1.647265 -1.749201 0.274105 -0.000000 -0.000000 0.000002 -12.403791 -5.476321 -6.292434 0.146382 0.645253 29.858122 15.096931 0.350250 -21.045029 -1.438633 1.060227 -0.253888 0.000000 0.000000 -0.000001 
2.521939 94.771973 4.708613 0.941088 -1.809526 0.792049 -0.820114 -0.158738 0.345012 -1.013597 -1.226455 -4.759788 -3.192527 -3.751327 11.840367 -6.455202 7.239398 15.809789 2.460874 12.463103 -3.391207 -4.182244 13.698346 -13.368877 0.000077 -0.000023 0.000006 0.012319 -0.074622 0.026701 0.691540 -3.811895 -10.706627 -0.678099 3.678497 -10.696134 -0.205087 -10.110694 13.208095 -19.273045 -29.686722 -54.125828 179.139084 -53.708496 -179.881943 3.502725 -6.504571 0.203427 -5.882100 9.861278 0.702589 -10.936856 -0.360575 7.156196 0.000000 8.774812 -0.000002 -16.950211 17.548357 5.533006 -1.844032 2.498501 -2.507277 -10.163589 4.678938 4.621103 -20.975996 -0.000004 0.000000 -21.226250 2.451692 -3.593994 0.000000 -0.000008 -0.000000 -1.362681 2.240797 -0.746322 -21.334894 0.584907 3.008319 -13.821197 -0.000004 0.000001 -23.887125 -0.249080 -0.839481 -60.739750 2.564699 -1.470494 -0.294024 1.679686 0.833255 -14.218195 0.093213 1.300579 -34.212006 -0.287568 0.967170 -20.033176 0.964533 1.212842 -0.000000 0.000001 -0.000000 -3.440386 0.788232 0.501656 -15.928165 -3.167307 2.999703 -6.338817 -0.000002 0.000000 -18.123413 3.648174 -4.905661 -0.000004 -0.000000 -0.000002 0.526504 -3.274335 15.091932 68.694992 81.989365 19.292927 179.437897 42.128700 179.957764 -6.427421 -3.742310 -21.407927 2.243540 -5.255033 -3.180154 14.282875 -0.826592 6.952494 -0.000001 -12.690592 -0.000001 15.710732 -17.401440 2.581647 1.665664 -1.955918 -2.878296 4.727793 -4.170582 4.993919 11.020509 0.000005 -0.000002 12.109032 -3.735711 -2.866780 -0.000001 0.000001 -0.000000 1.291986 -1.928549 -1.498089 14.800113 0.567469 3.865602 14.242551 -1.341735 -6.660649 19.631939 0.143926 -0.648243 49.398117 -0.849668 -6.361098 0.353026 -1.511149 -0.031941 20.222769 3.684307 2.316629 18.787249 0.000004 0.000000 10.751612 -0.479867 1.397904 0.000000 0.000001 0.000000 3.273805 0.305947 -0.580110 21.486792 11.830362 2.266130 8.162916 0.000003 -0.000000 18.399055 -3.798980 -4.940566 0.000003 -0.000003 -0.000001 14.043957 14.522341 -24.172588 -0.229427 -0.673970 23.644293 -15.534090 -2.834497 7.543618 1.646644 -1.746863 0.335535 -0.000000 0.000000 0.000002 -12.581415 -5.575636 -6.325677 0.156902 0.658643 30.013813 15.026978 0.291226 -21.114336 -1.439864 1.064893 -0.246715 -0.000000 -0.000000 -0.000001 
2.563272 94.735817 4.779980 1.018839 -1.707820 0.823088 -0.820275 -0.143946 0.367508 -1.007167 -1.242523 -4.754146 -3.175966 -3.753470 11.901692 -6.450633 7.203728 15.694627 2.485581 12.602415 -3.393576 -4.252929 13.789979 -13.388913 0.000077 -0.000024 0.000006 0.013105 -0.086971 0.027111 0.695374 -3.829832 -10.722514 -0.679381 3.671014 -10.713110 -0.296164 -10.211754 13.298242 -19.483799 -29.769135 -54.017971 179.152222 -53.772896 -179.816223 3.463450 -6.660304 -0.050752 -5.882099 9.861277 0.702589 -10.936859 -0.360574 7.156197 0.000001 8.774812 -0.000001 -16.935810 17.550413 5.549703 -1.844029 2.498503 -2.507276 -10.163590 4.678938 4.621103 -20.975994 -0.000006 0.000002 -21.226254 2.451690 -3.593992 0.000000 -0.000006 -0.000000 -1.362678 2.240796 -0.746323 -21.334892 0.584907 3.008320 -13.821195 -0.000003 0.000002 -23.887131 -0.249079 -0.839481 -60.778980 2.568998 -1.481304 -0.294024 1.679686 0.833256 -14.218192 0.093214 1.300578 -34.212006 -0.287566 0.967172 -20.033178 0.964534 1.212844 0.000001 0.000000 -0.000000 -3.440384 0.788232 0.501655 -15.928169 -3.167307 2.999703 -6.338814 -0.000002 0.000000 -18.123415 3.648174 -4.905662 -0.000004 -0.000003 -0.000002 0.667566 -3.239870 15.081903 69.296524 81.927269 20.209257 179.523026 42.193558 -179.993851 -6.566763 -3.737596 -21.160336 2.243538 -5.255033 -3.180153 14.282875 -0.826592 6.952497 -0.000002 -12.690590 0.000000 15.724213 -17.398634 2.540602 1.665663 -1.955919 -2.878297 4.727796 -4.170585 4.993918 11.020508 0.000004 -0.000002 12.109029 -3.735710 -2.866780 -0.000000 0.000000 0.000000 1.291986 -1.928549 -1.498088 14.800109 0.567470 3.865602 14.242548 -1.341733 -6.660650 19.631937 0.143926 -0.648241 49.411873 -0.832657 -6.368042 0.353030 -1.511150 -0.031940 20.222769 3.684307 2.316629 18.787247 0.000005 0.000000 10.751610 -0.479867 1.397905 0.000000 0.000001 0.000000 3.273803 0.305947 -0.580110 21.486788 11.830366 2.266131 8.162916 0.000000 0.000000 18.399050 -3.798979 -4.940566 0.000003 -0.000003 -0.000001 13.902052 14.534783 -24.233721 -0.228660 -0.664566 23.705860 -15.467652 -2.815986 7.332238 1.646178 -1.747907 0.390102 0.000000 0.000000 0.000002 -12.704127 -5.639565 -6.382458 0.160002 0.667657 30.243013 14.970310 0.233947 -21.165903 -1.441159 1.070356 -0.231799 -0.000000 -0.000000 -0.000001 
2.520241 94.676483 4.825554 1.070478 -1.615191 0.836302 -0.821523 -0.145604 0.393882 -1.010009 -1.248367 -4.735602 -3.152642 -3.775407 11.929567 -6.428967 7.171709 15.588542 2.541322 12.699526 -3.372320 -4.318379 13.926943 -13.397345 0.000077 -0.000024 0.000006 0.014597 -0.080770 0.029598 0.698132 -3.835151 -10.726358 -0.680174 3.664880 -10.715262 -0.355774 -10.336039 13.385593 -19.650654 -29.857002 -53.961613 179.159821 -53.812225 -179.728714 3.452250 -6.779140 -0.233490 -5.882104 9.861276 0.702591 -10.936861 -0.360573 7.156198 -0.000000 8.774812 -0.000001 -16.880074 17.527643 5.597531 -1.844032 2.498502 -2.507275 -10.163588 4.678939 4.621102 -20.975994 -0.000003 0.000000 -21.226255 2.451694 -3.593995 0.000000 -0.000008 -0.000000 -1.362680 2.240797 -0.746322 -21.334892 0.584910 3.008320 -13.821195 -0.000002 0.000001 -23.887133 -0.249075 -0.839484 -60.804279 2.574950 -1.470522 -0.294023 1.679686 0.833255 -14.218194 0.093216 1.300579 -34.212002 -0.287563 0.967169 -20.033176 0.964536 1.212841 -0.000000 -0.000000 -0.000000 -3.440387 0.788232 0.501655 -15.928164 -3.167304 2.999703 -6.338815 -0.000000 0.000000 -18.123413 3.648178 -4.905662 -0.000004 -0.000001 -0.000002 0.776818 -3.236344 15.087945 69.898521 81.883514 21.116934 179.624313 42.239307 -179.908524 -6.676093 -3.673256 -20.805519 2.243537 -5.255033 -3.180154 14.282877 -0.826594 6.952499 -0.000001 -12.690592 -0.000001 15.720250 -17.426918 2.519137 1.665664 -1.955920 -2.878296 4.727793 -4.170582 4.993918 11.020510 0.000004 -0.000001 12.109035 -3.735711 -2.866777 -0.000000 0.000001 -0.000000 1.291985 -1.928549 -1.498087 14.800111 0.567469 3.865604 14.242551 -1.341736 -6.660647 19.631937 0.143925 -0.648240 49.409920 -0.825684 -6.379256 0.353027 -1.511149 -0.031939 20.222771 3.684308 2.316630 18.787245 0.000003 0.000000 10.751611 -0.479868 1.397905 0.000000 -0.000000 0.000000 3.273805 0.305947 -0.580109 21.486790 11.830360 2.266134 8.162916 -0.000000 0.000001 18.399054 -3.798980 -4.940567 0.000003 -0.000003 -0.000001 13.851747 14.549103 -24.247103 -0.229259 -0.660418 23.689932 -15.468220 -2.805603 7.135540 1.645236 -1.750292 0.433795 -0.000000 -0.000000 0.000002 -12.699322 -5.680818 -6.507419 0.162865 0.675046 30.537590 14.856718 0.141945 -21.411520 -1.441767 1.072704 -0.198921 -0.000000 -0.000000 -0.000001 
2.505061 94.632309 4.834627 1.097844 -1.487028 0.854854 -0.825433 -0.151582 0.418966 -1.014387 -1.285932 -4.724009 -3.124950 -3.790505 11.952713 -6.375071 7.137801 15.487164 2.585708 12.792272 -3.373680 -4.365855 14.070991 -13.383816 0.000077 -0.000023 0.000006 0.015761 -0.099543 0.026575 0.705216 -3.857628 -10.735762 -0.683423 3.659225 -10.718779 -0.372090 -10.464955 13.467112 -19.627979 -29.965906 -54.062363 179.162628 -53.863289 -179.661285 3.464975 -6.891820 -0.346286 -5.882099 9.861278 0.702589 -10.936861 -0.360575 7.156198 0.000001 8.774813 -0.000001 -16.829756 17.544073 5.621891 -1.844030 2.498503 -2.507274 -10.163590 4.678938 4.621104 -20.975996 -0.000005 0.000002 -21.226255 2.451693 -3.593993 0.000000 -0.000007 -0.000000 -1.362681 2.240797 -0.746324 -21.334890 0.584908 3.008321 -13.821197 -0.000004 0.000003 -23.887131 -0.249079 -0.839480 -60.745228 2.559963 -1.491255 -0.294024 1.679685 0.833255 -14.218194 0.093215 1.300579 -34.212002 -0.287564 0.967171 -20.033180 0.964534 1.212843 -0.000000 0.000001 -0.000000 -3.440385 0.788232 0.501653 -15.928169 -3.167305 2.999704 -6.338817 -0.000003 -0.000001 -18.123415 3.648177 -4.905662 -0.000004 -0.000001 -0.000002 0.880517 -3.286972 15.109112 70.128769 81.905045 21.560392 179.641846 42.223179 -179.902603 -6.785704 -3.648203 -20.476948 2.243540 -5.255033 -3.180156 14.282877 -0.826592 6.952493 -0.000001 -12.690592 0.000000 15.729412 -17.448366 2.517810 1.665665 -1.955920 -2.878295 4.727794 -4.170584 4.993921 11.020510 0.000005 -0.000003 12.109030 -3.735710 -2.866778 -0.000000 0.000000 -0.000001 1.291984 -1.928547 -1.498088 14.800111 0.567469 3.865602 14.242551 -1.341737 -6.660648 19.631939 0.143927 -0.648243 49.411900 -0.840284 -6.368285 0.353032 -1.511150 -0.031940 20.222771 3.684305 2.316627 18.787245 0.000006 -0.000001 10.751610 -0.479867 1.397904 0.000000 0.000001 0.000000 3.273803 0.305946 -0.580109 21.486792 11.830364 2.266131 8.162917 0.000002 0.000000 18.399052 -3.798981 -4.940567 0.000003 -0.000001 -0.000001 13.804647 14.494893 -24.316250 -0.233258 -0.663859 23.697559 -15.423676 -2.773132 7.004021 1.644822 -1.756313 0.448708 0.000000 -0.000000 0.000002 -12.723904 -5.665010 -6.572713 0.166850 0.671030 30.807137 14.845531 0.004434 -21.501879 -1.442736 1.078892 -0.197244 0.000000 -0.000000 -0.000001 
2.454142 94.603409 4.882217 1.115825 -1.331703 0.874717 -0.832388 -0.159755 0.447734 -1.018925 -1.312277 -4.720004 -3.096947 -3.832233 11.959651 -6.310056 7.103699 15.357847 2.633381 12.878876 -3.355761 -4.402727 14.187938 -13.346645 0.000077 -0.000023 0.000006 0.015293 -0.099657 0.027739 0.707061 -3.845414 -10.724529 -0.684498 3.652463 -10.704886 -0.364914 -10.597939 13.517067 -19.547104 -30.155413 -54.239620 179.290222 -53.918571 -179.680664 3.524010 -7.046049 -0.469468 -5.882101 9.861278 0.702589 -10.936860 -0.360575 7.156197 0.000001 8.774814 -0.000001 -16.808455 17.575977 5.636938 -1.844033 2.498502 -2.507276 -10.163590 4.678939 4.621103 -20.975994 -0.000002 0.000001 -21.226250 2.451693 -3.593994 0.000000 -0.000007 -0.000001 -1.362679 2.240797 -0.746323 -21.334887 0.584909 3.008320 -13.821197 -0.000002 0.000002 -23.887133 -0.249078 -0.839482 -60.759510 2.562835 -1.509406 -0.294023 1.679685 0.833256 -14.218194 0.093216 1.300579 -34.212006 -0.287563 0.967170 -20.033182 0.964536 1.212842 0.000000 0.000002 -0.000000 -3.440385 0.788233 0.501654 -15.928169 -3.167306 2.999705 -6.338816 -0.000002 0.000001 -18.123413 3.648177 -4.905662 -0.000004 -0.000001 -0.000002 0.943335 -3.372517 15.078726 70.811401 81.930573 22.444351 179.670288 42.235809 -179.850067 -6.826420 -3.601400 -20.108171 2.243541 -5.255034 -3.180155 14.282875 -0.826593 6.952496 -0.000002 -12.690593 -0.000002 15.746200 -17.454479 2.488511 1.665665 -1.955920 -2.878297 4.727795 -4.170584 4.993919 11.020513 0.000004 -0.000003 12.109035 -3.735710 -2.866781 -0.000000 0.000002 -0.000001 1.291984 -1.928547 -1.498089 14.800113 0.567467 3.865602 14.242553 -1.341735 -6.660648 19.631939 0.143928 -0.648242 49.427425 -0.833112 -6.345833 0.353029 -1.511150 -0.031938 20.222773 3.684308 2.316628 18.787245 0.000007 -0.000001 10.751611 -0.479865 1.397904 0.000000 0.000001 0.000000 3.273804 0.305946 -0.580111 21.486797 11.830365 2.266132 8.162918 0.000001 0.000000 18.399054 -3.798977 -4.940569 0.000003 -0.000003 -0.000001 13.792993 14.387205 -24.332413 -0.227201 -0.673357 23.635347 -15.425764 -2.762284 6.907943 1.644436 -1.758061 0.437212 -0.000000 -0.000000 0.000002 -12.718024 -5.655238 -6.589648 0.172073 0.659150 30.948935 14.825380 -0.175650 -21.607594 -1.443559 1.081852 -0.174843 0.000000 0.000000 -0.000001 
2.429739 94.582764 4.929782 1.124066 -1.189055 0.901820 -0.831943 -0.169646 0.473214 -1.020207 -1.354322 -4.716711 -3.070616 -3.870507 11.941149 -6.255002 7.077537 15.247451 2.667165 12.942961 -3.343978 -4.431160 14.302610 -13.304084 0.000077 -0.000023 0.000006 0.013705 -0.099723 0.028435 0.710500 -3.835087 -10.724733 -0.691801 3.660997 -10.698671 -0.289340 -10.734290 13.547152 -19.394396 -30.293840 -54.473984 179.277008 -53.937401 -179.648117 3.612704 -7.177028 -0.551945 -5.882100 9.861279 0.702590 -10.936859 -0.360577 7.156196 0.000001 8.774812 -0.000002 -16.749571 17.559307 5.655266 -1.844031 2.498503 -2.507276 -10.163589 4.678938 4.621103 -20.976002 -0.000004 0.000002 -21.226255 2.451692 -3.593994 -0.000000 -0.000007 -0.000000 -1.362683 2.240795 -0.746323 -21.334892 0.584908 3.008321 -13.821199 -0.000003 0.000002 -23.887131 -0.249078 -0.839482 -60.736580 2.541600 -1.494473 -0.294024 1.679686 0.833254 -14.218197 0.093214 1.300580 -34.212002 -0.287563 0.967170 -20.033180 0.964535 1.212842 0.000000 0.000002 -0.000001 -3.440388 0.788233 0.501655 -15.928169 -3.167306 2.999703 -6.338816 -0.000002 0.000000 -18.123415 3.648176 -4.905662 -0.000003 -0.000001 -0.000002 0.934157 -3.441745 15.040878 71.177132 81.947281 22.883850 179.733932 42.236412 -179.805756 -6.856901 -3.545828 -19.771194 2.243537 -5.255032 -3.180154 14.282878 -0.826595 6.952495 -0.000000 -12.690590 0.000000 15.714994 -17.432497 2.495766 1.665666 -1.955919 -2.878297 4.727793 -4.170583 4.993917 11.020513 0.000005 -0.000002 12.109035 -3.735710 -2.866778 -0.000000 0.000001 -0.000000 1.291983 -1.928547 -1.498088 14.800113 0.567467 3.865603 14.242554 -1.341735 -6.660648 19.631939 0.143924 -0.648243 49.443962 -0.826595 -6.337425 0.353029 -1.511150 -0.031939 20.222769 3.684305 2.316628 18.787245 0.000003 0.000000 10.751611 -0.479866 1.397904 0.000000 0.000001 0.000000 3.273805 0.305945 -0.580111 21.486795 11.830359 2.266131 8.162916 -0.000001 -0.000000 18.399057 -3.798978 -4.940568 0.000003 -0.000002 -0.000001 13.786558 14.267836 -24.365103 -0.233369 -0.670386 23.604868 -15.410139 -2.735260 6.807710 1.643734 -1.765114 0.459127 0.000000 0.000000 0.000002 -12.689991 -5.645844 -6.593632 0.180176 0.649849 31.023298 14.791173 -0.321450 -21.718405 -1.442973 1.097727 -0.162329 -0.000000 -0.000000 -0.000001 
2.414838 94.573357 4.929552 1.132730 -1.049098 0.935471 -0.832512 -0.178403 0.479809 -1.020372 -1.410777 -4.721878 -3.044355 -3.909799 11.931424 -6.197271 7.046070 15.130361 2.669902 13.016519 -3.348298 -4.437850 14.393988 -13.277847 0.000077 -0.000024 0.000006 0.012182 -0.081209 0.033486 0.706160 -3.822113 -10.720572 -0.690704 3.656636 -10.690499 -0.165553 -10.874295 13.539351 -19.240383 -30.445009 -54.775650 179.279541 -53.963650 -179.587189 3.703685 -7.306072 -0.572296 -5.882099 9.861278 0.702590 -10.936859 -0.360575 7.156199 0.000002 8.774815 0.000000 -16.773991 17.561008 5.645251 -1.844031 2.498502 -2.507275 -10.163591 4.678938 4.621105 -20.975992 -0.000006 0.000004 -21.226255 2.451693 -3.593992 0.000000 -0.000006 -0.000001 -1.362681 2.240797 -0.746324 -21.334894 0.584907 3.008323 -13.821197 -0.000004 0.000004 -23.887133 -0.249079 -0.839478 -60.775368 2.548330 -1.510385 -0.294023 1.679686 0.833256 -14.218194 0.093214 1.300580 -34.212013 -0.287565 0.967173 -20.033182 0.964536 1.212844 0.000000 -0.000001 -0.000000 -3.440385 0.788232 0.501655 -15.928176 -3.167307 2.999706 -6.338815 -0.000003 0.000000 -18.123415 3.648177 -4.905659 -0.000003 -0.000002 -0.000002 0.906798 -3.498159 14.980479 71.224884 82.047043 22.957388 179.801956 42.313614 -179.766556 -6.942055 -3.459996 -19.381054 2.243540 -5.255033 -3.180155 14.282879 -0.826594 6.952497 0.000001 -12.690591 -0.000001 15.696442 -17.427292 2.489960 1.665664 -1.955919 -2.878297 4.727794 -4.170583 4.993918 11.020513 0.000002 -0.000003 12.109032 -3.735710 -2.866780 -0.000000 0.000000 -0.000000 1.291986 -1.928548 -1.498089 14.800114 0.567466 3.865600 14.242553 -1.341736 -6.660650 19.631939 0.143926 -0.648246 49.466667 -0.832601 -6.324636 0.353029 -1.511149 -0.031941 20.222769 3.684305 2.316627 18.787249 0.000003 -0.000002 10.751612 -0.479868 1.397903 0.000000 0.000001 0.000000 3.273806 0.305946 -0.580110 21.486790 11.830360 2.266131 8.162916 -0.000001 -0.000001 18.399055 -3.798978 -4.940568 0.000003 -0.000002 -0.000001 13.760632 14.153985 -24.407408 -0.236199 -0.671579 23.512499 -15.404655 -2.706943 6.788319 1.642105 -1.768036 0.442159 -0.000000 0.000000 0.000002 -12.643831 -5.623195 -6.601656 0.184859 0.635318 31.072189 14.727782 -0.467751 -21.815571 -1.442585 1.107922 -0.173297 -0.000000 -0.000000 -0.000001 
2.404796 94.582550 4.936598 1.135085 -0.921537 0.989621 -0.830088 -0.177933 0.474199 -1.014102 -1.466086 -4.728091 -3.011401 -3.958460 11.892516 -6.164411 7.015847 14.980953 2.683963 13.064529 -3.345291 -4.467432 14.523190 -13.247153 0.000077 -0.000024 0.000006 0.009103 -0.081355 0.030786 0.704449 -3.812595 -10.720925 -0.695497 3.666103 -10.689343 -0.009949 -10.980783 13.476887 -19.037430 -30.610132 -55.105492 179.316849 -54.006310 -179.562988 3.779823 -7.386471 -0.542171 -5.882101 9.861276 0.702590 -10.936859 -0.360575 7.156197 0.000002 8.774812 -0.000001 -16.757643 17.563303 5.637315 -1.844032 2.498502 -2.507276 -10.163591 4.678939 4.621103 -20.975998 -0.000005 0.000002 -21.226255 2.451691 -3.593992 -0.000000 -0.000006 -0.000000 -1.362680 2.240796 -0.746322 -21.334892 0.584907 3.008320 -13.821197 -0.000004 0.000003 -23.887131 -0.249081 -0.839480 -60.753963 2.566877 -1.524377 -0.294024 1.679686 0.833255 -14.218194 0.093214 1.300579 -34.212002 -0.287564 0.967172 -20.033176 0.964535 1.212842 0.000000 -0.000001 -0.000000 -3.440386 0.788232 0.501655 -15.928167 -3.167306 2.999703 -6.338816 -0.000002 0.000001 -18.123413 3.648175 -4.905660 -0.000005 -0.000001 -0.000002 0.850360 -3.519506 14.918435 71.141632 82.186859 22.808458 179.896301 42.362427 -179.747833 -7.008414 -3.387366 -19.039347 2.243540 -5.255032 -3.180157 14.282877 -0.826593 6.952496 -0.000001 -12.690586 0.000000 15.643476 -17.407673 2.486855 1.665664 -1.955920 -2.878295 4.727795 -4.170582 4.993917 11.020513 0.000003 -0.000003 12.109033 -3.735710 -2.866781 -0.000000 0.000000 -0.000000 1.291985 -1.928549 -1.498087 14.800111 0.567469 3.865603 14.242554 -1.341734 -6.660647 19.631939 0.143926 -0.648244 49.475731 -0.827681 -6.336280 0.353029 -1.511150 -0.031939 20.222767 3.684307 2.316628 18.787245 0.000005 -0.000001 10.751610 -0.479866 1.397903 -0.000000 0.000002 -0.000000 3.273803 0.305947 -0.580110 21.486792 11.830362 2.266130 8.162916 -0.000000 0.000001 18.399050 -3.798980 -4.940567 0.000003 -0.000002 -0.000001 13.738676 14.010259 -24.425953 -0.231023 -0.670361 23.351870 -15.416747 -2.643455 6.793808 1.640314 -1.765942 0.431339 0.000000 -0.000000 0.000001 -12.567993 -5.585279 -6.610212 0.181218 0.629737 31.034605 14.653975 -0.616956 -21.893478 -1.445257 1.117557 -0.171364 -0.000000 -0.000000 -0.000001 
2.382838 94.601227 4.875323 1.135888 -0.823819 1.056172 -0.815594 -0.192267 0.446099 -1.005290 -1.488365 -4.707278 -2.960749 -4.017326 11.809920 -6.168382 6.996349 14.767193 2.711684 13.089999 -3.341063 -4.494653 14.665009 -13.190013 0.000077 -0.000022 0.000006 0.009388 -0.081461 0.034259 0.709732 -3.818238 -10.707657 -0.697994 3.652884 -10.676250 0.176210 -11.075994 13.358637 -18.946562 -30.752638 -55.368988 179.384933 -54.002838 -179.557953 3.868791 -7.456443 -0.373359 -5.882101 9.861278 0.702588 -10.936858 -0.360575 7.156196 0.000000 8.774813 -0.000002 -16.773294 17.551781 5.592456 -1.844030 2.498503 -2.507276 -10.163589 4.678938 4.621102 -20.975996 -0.000005 -0.000000 -21.226254 2.451691 -3.593995 0.000000 -0.000007 -0.000000 -1.362681 2.240795 -0.746323 -21.334892 0.584908 3.008320 -13.821195 -0.000003 0.000001 -23.887133 -0.249079 -0.839482 -60.718056 2.594195 -1.527659 -0.294024 1.679686 0.833256 -14.218194 0.093215 1.300580 -34.212006 -0.287564 0.967168 -20.033180 0.964534 1.212841 0.000000 0.000000 -0.000000 -3.440384 0.788233 0.501655 -15.928167 -3.167305 2.999703 -6.338814 -0.000002 -0.000001 -18.123413 3.648174 -4.905662 -0.000004 -0.000001 -0.000002 0.785845 -3.519397 14.840319 71.234413 82.308609 22.751358 179.954880 42.413303 -179.744644 -7.093871 -3.253911 -18.631124 2.243540 -5.255033 -3.180154 14.282877 -0.826594 6.952496 -0.000000 -12.690592 0.000000 15.641156 -17.453291 2.443656 1.665663 -1.955920 -2.878296 4.727795 -4.170583 4.993917 11.020511 0.000003 0.000001 12.109034 -3.735712 -2.866778 -0.000000 0.000000 -0.000001 1.291984 -1.928548 -1.498088 14.800113 0.567468 3.865605 14.242554 -1.341735 -6.660647 19.631939 0.143926 -0.648244 49.456108 -0.826074 -6.366429 0.353028 -1.511150 -0.031941 20.222771 3.684306 2.316629 18.787245 0.000003 0.000000 10.751612 -0.479871 1.397904 -0.000000 0.000001 -0.000000 3.273804 0.305947 -0.580109 21.486792 11.830362 2.266133 8.162918 -0.000000 0.000000 18.399054 -3.798977 -4.940567 0.000003 -0.000003 -0.000001 13.716394 13.848883 -24.384893 -0.216872 -0.674102 22.977182 -15.414536 -2.513826 6.860974 1.641939 -1.749481 0.404302 0.000000 0.000000 0.000002 -12.492149 -5.549675 -6.637626 0.183792 0.646788 30.950243 14.627445 -0.784351 -21.955751 -1.448679 1.140100 -0.188526 -0.000000 -0.000000 -0.000001 
2.303177 94.631821 4.879438 1.149743 -0.730163 1.144463 -0.802987 -0.203952 0.418792 -0.988721 -1.513535 -4.692789 -2.899879 -4.073081 11.715658 -6.177598 6.983066 14.511329 2.740794 13.088020 -3.328124 -4.541308 14.819616 -13.151348 0.000077 -0.000023 0.000005 0.009985 -0.100095 0.037183 0.714570 -3.837403 -10.705716 -0.701206 3.632627 -10.672403 0.410654 -11.158482 13.234955 -18.835197 -30.894924 -55.641205 179.303589 -54.011463 -179.505600 3.932829 -7.483712 -0.004102 -5.882102 9.861278 0.702590 -10.936859 -0.360575 7.156198 0.000001 8.774814 0.000001 -16.750589 17.569582 5.562270 -1.844031 2.498503 -2.507277 -10.163590 4.678940 4.621105 -20.975994 -0.000003 0.000002 -21.226254 2.451694 -3.593993 0.000000 -0.000007 -0.000000 -1.362681 2.240797 -0.746323 -21.334887 0.584909 3.008321 -13.821197 -0.000002 0.000002 -23.887129 -0.249079 -0.839480 -60.647133 2.616937 -1.538257 -0.294024 1.679686 0.833255 -14.218194 0.093215 1.300579 -34.212002 -0.287562 0.967171 -20.033180 0.964535 1.212842 0.000000 0.000001 0.000000 -3.440386 0.788232 0.501655 -15.928169 -3.167306 2.999707 -6.338817 -0.000002 0.000002 -18.123413 3.648176 -4.905660 -0.000004 -0.000001 -0.000002 0.686559 -3.485705 14.754716 71.034157 82.482941 22.280779 -179.917892 42.442547 -179.700150 -7.164817 -3.079820 -18.261456 2.243537 -5.255033 -3.180154 14.282877 -0.826594 6.952498 -0.000001 -12.690590 -0.000001 15.668643 -17.502083 2.397957 1.665666 -1.955920 -2.878297 4.727794 -4.170584 4.993920 11.020513 0.000002 0.000000 12.109031 -3.735709 -2.866780 0.000001 0.000002 -0.000001 1.291984 -1.928548 -1.498086 14.800113 0.567468 3.865605 14.242551 -1.341734 -6.660646 19.631937 0.143926 -0.648241 49.460495 -0.831932 -6.399400 0.353029 -1.511150 -0.031940 20.222769 3.684307 2.316628 18.787247 0.000005 0.000002 10.751610 -0.479867 1.397905 -0.000001 0.000000 0.000000 3.273804 0.305947 -0.580109 21.486792 11.830364 2.266134 8.162917 0.000001 0.000001 18.399054 -3.798980 -4.940566 0.000003 -0.000002 -0.000001 13.727925 13.670580 -24.275375 -0.206452 -0.688210 22.519993 -15.447414 -2.368423 6.950478 1.643571 -1.734400 0.383455 -0.000000 -0.000000 0.000002 -12.427224 -5.485380 -6.682209 0.176905 0.645205 30.864721 14.603406 -0.918185 -21.973675 -1.450769 1.140880 -0.174438 -0.000000 -0.000000 -0.000001 
2.249749 94.692421 4.843307 1.168240 -0.664583 1.234649 -0.789775 -0.202752 0.399606 -0.974465 -1.542047 -4.687256 -2.819824 -4.106243 11.607434 -6.192284 6.971595 14.221240 2.764202 13.068797 -3.314422 -4.586627 14.917357 -13.070045 0.000077 -0.000022 0.000006 0.011024 -0.125035 0.026282 0.719749 -3.860610 -10.710629 -0.703134 3.616688 -10.672742 0.661630 -11.230257 13.105726 -18.715067 -31.001396 -55.932289 179.189301 -54.021912 -179.496124 4.045035 -7.514897 0.331454 -5.882101 9.861276 0.702589 -10.936858 -0.360574 7.156197 0.000001 8.774813 -0.000003 -16.693773 17.558653 5.576487 -1.844031 2.498503 -2.507275 -10.163589 4.678940 4.621105 -20.975996 -0.000002 0.000002 -21.226250 2.451693 -3.593992 0.000000 -0.000007 -0.000000 -1.362682 2.240797 -0.746322 -21.334888 0.584909 3.008323 -13.821195 -0.000003 0.000004 -23.887129 -0.249077 -0.839481 -60.562389 2.627351 -1.541240 -0.294025 1.679685 0.833256 -14.218194 0.093214 1.300578 -34.211998 -0.287563 0.967172 -20.033176 0.964538 1.212842 -0.000000 0.000001 -0.000000 -3.440386 0.788232 0.501656 -15.928165 -3.167306 2.999707 -6.338817 -0.000002 0.000002 -18.123411 3.648176 -4.905660 -0.000004 -0.000002 -0.000002 0.622893 -3.431228 14.657827 70.331642 82.656868 21.276161 -179.829407 42.481052 -179.688629 -7.297879 -2.914145 -17.824064 2.243539 -5.255033 -3.180157 14.282878 -0.826592 6.952493 -0.000001 -12.690590 -0.000003 15.723663 -17.530310 2.370075 1.665665 -1.955920 -2.878297 4.727792 -4.170583 4.993917 11.020514 0.000004 -0.000002 12.109033 -3.735710 -2.866779 -0.000000 0.000000 0.000000 1.291985 -1.928546 -1.498088 14.800114 0.567468 3.865602 14.242556 -1.341734 -6.660650 19.631939 0.143926 -0.648244 49.436676 -0.815099 -6.405109 0.353027 -1.511150 -0.031941 20.222771 3.684306 2.316627 18.787245 0.000005 -0.000001 10.751612 -0.479865 1.397903 -0.000000 0.000001 -0.000000 3.273804 0.305947 -0.580112 21.486794 11.830361 2.266130 8.162916 0.000000 -0.000001 18.399054 -3.798977 -4.940570 0.000003 -0.000003 -0.000001 13.715377 13.486993 -24.180460 -0.188327 -0.702339 22.051647 -15.442736 -2.179048 7.181179 1.645597 -1.729457 0.326059 0.000000 -0.000000 0.000002 -12.365982 -5.413362 -6.735720 0.170274 0.646575 30.759977 14.556982 -1.066602 -21.876547 -1.453268 1.142975 -0.185663 0.000000 -0.000000 -0.000001 
2.183864 94.745781 4.816781 1.191571 -0.604152 1.328273 -0.775019 -0.214639 0.373330 -0.956215 -1.558444 -4.668793 -2.740405 -4.123192 11.495503 -6.223419 6.963509 13.914659 2.785861 13.045559 -3.308244 -4.613929 14.997718 -12.977108 0.000077 -0.000023 0.000006 0.012185 -0.131167 0.018623 0.722608 -3.871731 -10.716797 -0.703484 3.593067 -10.673936 0.938515 -11.266207 12.982943 -18.630180 -31.103601 -56.155960 179.032593 -54.025169 -179.452515 4.222130 -7.493419 0.587303 -5.882102 9.861278 0.702589 -10.936860 -0.360575 7.156197 -0.000002 8.774811 -0.000003 -16.637894 17.553719 5.604228 -1.844032 2.498502 -2.507277 -10.163592 4.678939 4.621103 -20.975996 -0.000004 0.000002 -21.226255 2.451692 -3.593995 0.000000 -0.000008 -0.000000 -1.362681 2.240796 -0.746322 -21.334894 0.584909 3.008320 -13.821198 -0.000003 0.000002 -23.887133 -0.249077 -0.839482 -60.466644 2.647926 -1.522828 -0.294024 1.679687 0.833255 -14.218195 0.093215 1.300577 -34.212013 -0.287564 0.967168 -20.033184 0.964536 1.212840 0.000000 0.000000 0.000000 -3.440386 0.788233 0.501654 -15.928169 -3.167305 2.999704 -6.338817 -0.000001 0.000002 -18.123417 3.648176 -4.905661 -0.000004 -0.000001 -0.000003 0.555377 -3.380371 14.572749 70.211708 82.782234 20.861662 -179.746063 42.504631 -179.658356 -7.422755 -2.793564 -17.461424 2.243539 -5.255031 -3.180153 14.282877 -0.826591 6.952497 0.000000 -12.690590 -0.000003 15.857780 -17.575758 2.361068 1.665664 -1.955919 -2.878298 4.727795 -4.170583 4.993918 11.020511 0.000004 0.000000 12.109033 -3.735709 -2.866778 -0.000000 0.000000 -0.000000 1.291984 -1.928548 -1.498088 14.800114 0.567467 3.865605 14.242554 -1.341733 -6.660647 19.631941 0.143926 -0.648240 49.432434 -0.840710 -6.387525 0.353027 -1.511151 -0.031939 20.222771 3.684308 2.316631 18.787247 0.000005 0.000001 10.751611 -0.479867 1.397905 0.000000 0.000000 0.000000 3.273802 0.305948 -0.580109 21.486794 11.830366 2.266134 8.162917 -0.000000 0.000001 18.399054 -3.798979 -4.940566 0.000003 -0.000003 -0.000000 13.756258 13.334142 -24.111565 -0.183826 -0.709578 21.547100 -15.471880 -1.980785 7.603032 1.649031 -1.736210 0.312942 -0.000000 0.000000 0.000002 -12.323789 -5.351068 -6.807131 0.169671 0.640122 30.672352 14.496425 -1.225765 -21.796131 -1.452878 1.128348 -0.210347 0.000000 -0.000000 -0.000001 
2.140744 94.797516 4.730569 1.228510 -0.551894 1.410401 -0.766774 -0.205768 0.353139 -0.945288 -1.581004 -4.656572 -2.658219 -4.124395 11.399509 -6.254417 6.942381 13.603607 2.792602 13.054342 -3.283170 -4.638490 15.039900 -12.866596 0.000077 -0.000023 0.000006 0.013285 -0.137349 0.014813 0.723674 -3.884044 -10.715496 -0.702539 3.594301 -10.666640 1.195827 -11.311012 12.857432 -18.574356 -31.183186 -56.377586 178.920395 -54.038261 -179.440567 4.411965 -7.498130 0.693217 -5.882101 9.861278 0.702588 -10.936859 -0.360574 7.156196 0.000001 8.774814 -0.000001 -16.576164 17.530914 5.614363 -1.844033 2.498502 -2.507275 -10.163587 4.678940 4.621104 -20.975990 -0.000005 -0.000001 -21.226246 2.451692 -3.593995 0.000000 -0.000006 -0.000000 -1.362680 2.240796 -0.746323 -21.334887 0.584907 3.008319 -13.821192 -0.000003 0.000001 -23.887123 -0.249081 -0.839482 -60.453098 2.651723 -1.531957 -0.294025 1.679686 0.833256 -14.218190 0.093214 1.300578 -34.211998 -0.287566 0.967167 -20.033176 0.964534 1.212841 0.000000 0.000001 -0.000000 -3.440386 0.788232 0.501655 -15.928167 -3.167306 2.999703 -6.338814 -0.000002 0.000000 -18.123413 3.648175 -4.905663 -0.000004 -0.000001 -0.000003 0.520591 -3.346985 14.449163 69.933510 82.836205 20.412821 -179.612686 42.509617 -179.611130 -7.505005 -2.705179 -17.096828 2.243538 -5.255032 -3.180153 14.282875 -0.826592 6.952497 -0.000001 -12.690590 -0.000001 15.887226 -17.599985 2.359667 1.665666 -1.955920 -2.878296 4.727795 -4.170585 4.993919 11.020513 0.000003 -0.000001 12.109029 -3.735708 -2.866779 -0.000000 0.000000 -0.000001 1.291985 -1.928548 -1.498088 14.800111 0.567469 3.865603 14.242553 -1.341733 -6.660651 19.631939 0.143925 -0.648241 49.430286 -0.833014 -6.371667 0.353029 -1.511150 -0.031940 20.222769 3.684305 2.316629 18.787245 0.000005 0.000000 10.751610 -0.479869 1.397905 0.000000 0.000002 0.000000 3.273804 0.305948 -0.580111 21.486788 11.830361 2.266130 8.162916 -0.000002 0.000001 18.399050 -3.798979 -4.940566 0.000003 -0.000003 -0.000001 13.710196 13.215959 -24.007107 -0.173124 -0.711807 21.098148 -15.430762 -1.841431 7.792071 1.651755 -1.753351 0.311385 0.000000 0.000000 0.000002 -12.300873 -5.298653 -6.895155 0.161171 0.627327 30.636955 14.435609 -1.344298 -21.697376 -1.452513 1.111117 -0.234287 0.000000 -0.000000 -0.000001 
2.096725 94.832993 4.644356 1.267025 -0.490980 1.474286 -0.754475 -0.202044 0.350905 -0.938069 -1.603395 -4.662336 -2.583613 -4.129191 11.334819 -6.278883 6.933296 13.330009 2.794091 13.052293 -3.258114 -4.661870 15.087029 -12.788970 0.000077 -0.000023 0.000006 0.012809 -0.143549 0.013301 0.723700 -3.894339 -10.722856 -0.701173 3.591488 -10.669879 1.447788 -11.307867 12.742041 -18.510637 -31.253206 -56.567753 178.765778 -54.074532 -179.360886 4.554744 -7.453335 0.624063 -5.882104 9.861279 0.702588 -10.936859 -0.360574 7.156197 0.000000 8.774814 0.000000 -16.531725 17.523197 5.632679 -1.844032 2.498503 -2.507277 -10.163592 4.678941 4.621103 -20.975992 -0.000004 0.000000 -21.226250 2.451692 -3.593995 0.000000 -0.000008 -0.000000 -1.362677 2.240797 -0.746324 -21.334887 0.584908 3.008318 -13.821197 -0.000003 0.000000 -23.887129 -0.249078 -0.839482 -60.401314 2.646766 -1.530531 -0.294026 1.679686 0.833255 -14.218190 0.093215 1.300579 -34.211998 -0.287562 0.967168 -20.033178 0.964536 1.212840 -0.000000 0.000003 -0.000000 -3.440386 0.788233 0.501654 -15.928169 -3.167306 2.999703 -6.338815 0.000000 0.000000 -18.123415 3.648176 -4.905663 -0.000004 -0.000001 -0.000002 0.480992 -3.326432 14.350241 69.702240 82.886986 20.011858 -179.530396 42.532505 -179.640518 -7.591330 -2.649148 -16.853958 2.243540 -5.255033 -3.180156 14.282878 -0.826594 6.952497 0.000001 -12.690590 -0.000001 15.924017 -17.596107 2.356443 1.665665 -1.955919 -2.878296 4.727795 -4.170583 4.993919 11.020514 0.000002 -0.000002 12.109031 -3.735708 -2.866778 -0.000000 -0.000000 -0.000002 1.291983 -1.928548 -1.498086 14.800111 0.567468 3.865603 14.242554 -1.341735 -6.660648 19.631941 0.143924 -0.648243 49.408348 -0.833423 -6.362160 0.353030 -1.511149 -0.031941 20.222771 3.684304 2.316628 18.787247 0.000004 -0.000000 10.751612 -0.479866 1.397904 0.000000 0.000001 -0.000000 3.273805 0.305945 -0.580109 21.486794 11.830361 2.266130 8.162918 -0.000001 -0.000000 18.399052 -3.798977 -4.940569 0.000003 -0.000001 -0.000001 13.656331 13.140713 -23.922033 -0.168269 -0.712509 20.715794 -15.408733 -1.764873 7.943421 1.651444 -1.753123 0.322525 -0.000000 -0.000000 0.000002 -12.282990 -5.287775 -6.987469 0.154179 0.637804 30.674248 14.396867 -1.426982 -21.627712 -1.450703 1.093459 -0.277293 0.000000 -0.000000 -0.000001 
2.067165 94.845757 4.592058 1.308358 -0.427781 1.512868 -0.747011 -0.196062 0.340373 -0.936486 -1.597613 -4.671177 -2.520348 -4.144458 11.292862 -6.294549 6.911277 13.117908 2.774957 13.064336 -3.246707 -4.686001 15.099150 -12.698471 0.000077 -0.000022 0.000006 0.011739 -0.149661 0.014172 0.720509 -3.892877 -10.718025 -0.700969 3.582014 -10.667058 1.662482 -11.350633 12.674821 -18.447594 -31.261337 -56.758980 178.638840 -54.115475 -179.243790 4.643951 -7.401484 0.440881 -5.882102 9.861278 0.702589 -10.936861 -0.360574 7.156196 0.000002 8.774810 -0.000002 -16.517479 17.514341 5.641706 -1.844030 2.498502 -2.507277 -10.163592 4.678939 4.621103 -20.975998 -0.000005 0.000002 -21.226255 2.451693 -3.593993 0.000000 -0.000006 -0.000000 -1.362679 2.240797 -0.746324 -21.334892 0.584908 3.008320 -13.821197 -0.000004 0.000002 -23.887131 -0.249078 -0.839481 -60.378105 2.621485 -1.539244 -0.294023 1.679686 0.833255 -14.218194 0.093214 1.300580 -34.212006 -0.287566 0.967171 -20.033180 0.964533 1.212842 -0.000000 0.000001 -0.000000 -3.440385 0.788233 0.501654 -15.928169 -3.167306 2.999701 -6.338817 -0.000001 0.000001 -18.123415 3.648176 -4.905662 -0.000004 -0.000001 -0.000003 0.440730 -3.345826 14.245119 69.910019 82.908119 20.061947 -179.473236 42.571743 -179.610474 -7.618779 -2.599681 -16.664419 2.243538 -5.255033 -3.180153 14.282877 -0.826595 6.952494 0.000000 -12.690591 -0.000001 15.895929 -17.574196 2.338943 1.665664 -1.955921 -2.878296 4.727798 -4.170585 4.993917 11.020513 0.000001 0.000000 12.109032 -3.735711 -2.866778 0.000000 0.000000 0.000000 1.291985 -1.928547 -1.498089 14.800111 0.567465 3.865603 14.242554 -1.341737 -6.660649 19.631939 0.143924 -0.648244 49.399704 -0.829686 -6.364373 0.353029 -1.511150 -0.031939 20.222771 3.684305 2.316626 18.787245 0.000004 -0.000001 10.751610 -0.479869 1.397902 -0.000000 0.000001 -0.000000 3.273803 0.305946 -0.580109 21.486788 11.830359 2.266128 8.162917 -0.000004 -0.000001 18.399055 -3.798981 -4.940570 0.000003 -0.000003 -0.000001 13.616995 13.123538 -23.922287 -0.158408 -0.708072 20.530413 -15.446911 -1.768438 8.136625 1.651498 -1.759829 0.323502 -0.000000 -0.000000 0.000002 -12.282103 -5.266727 -7.053475 0.149899 0.619758 30.717493 14.378845 -1.496972 -21.642998 -1.450114 1.086473 -0.282016 -0.000000 -0.000000 -0.000001 
2.021194 94.843155 4.558534 1.340375 -0.349294 1.533342 -0.733966 -0.197166 0.321183 -0.937280 -1.605322 -4.674903 -2.460419 -4.169783 11.276205 -6.308574 6.887482 12.944890 2.768684 13.097247 -3.210054 -4.738150 15.133292 -12.648780 0.000077 -0.000020 0.000006 0.012740 -0.162893 0.014081 0.722051 -3.902963 -10.717729 -0.703375 3.577642 -10.668333 1.821891 -11.374291 12.638309 -18.424015 -31.274372 -56.934704 178.523956 -54.159172 -179.112411 4.633768 -7.259442 0.232663 -5.882101 9.861277 0.702592 -10.936860 -0.360575 7.156197 -0.000000 8.774812 -0.000001 -16.535192 17.505999 5.659905 -1.844031 2.498502 -2.507275 -10.163589 4.678939 4.621104 -20.975996 -0.000004 0.000004 -21.226254 2.451695 -3.593991 0.000000 -0.000007 -0.000000 -1.362679 2.240796 -0.746322 -21.334894 0.584908 3.008322 -13.821197 -0.000003 0.000002 -23.887131 -0.249078 -0.839479 -60.383049 2.606902 -1.529718 -0.294024 1.679686 0.833255 -14.218194 0.093214 1.300580 -34.212006 -0.287564 0.967173 -20.033178 0.964535 1.212844 -0.000000 0.000001 0.000000 -3.440385 0.788233 0.501657 -15.928167 -3.167307 2.999706 -6.338819 -0.000001 0.000002 -18.123415 3.648176 -4.905659 -0.000004 -0.000002 -0.000002 0.407029 -3.368473 14.189790 69.726883 82.896126 19.725445 -179.463318 42.572247 -179.630432 -7.654119 -2.598234 -16.482765 2.243540 -5.255032 -3.180157 14.282878 -0.826594 6.952499 0.000001 -12.690587 -0.000001 15.896168 -17.586800 2.334514 1.665665 -1.955920 -2.878296 4.727796 -4.170583 4.993920 11.020513 0.000003 0.000001 12.109034 -3.735710 -2.866778 0.000000 0.000000 0.000001 1.291984 -1.928548 -1.498089 14.800117 0.567466 3.865603 14.242553 -1.341735 -6.660647 19.631939 0.143925 -0.648244 49.427704 -0.845677 -6.376479 0.353029 -1.511148 -0.031942 20.222769 3.684303 2.316629 18.787247 0.000003 -0.000000 10.751612 -0.479868 1.397904 -0.000000 0.000000 0.000000 3.273806 0.305947 -0.580110 21.486794 11.830359 2.266134 8.162917 -0.000000 0.000001 18.399054 -3.798980 -4.940566 0.000004 -0.000003 -0.000001 13.597916 13.090521 -23.908073 -0.163949 -0.700876 20.362434 -15.477433 -1.791139 8.245631 1.653402 -1.759669 0.328980 -0.000000 -0.000000 0.000002 -12.275884 -5.235057 -7.110015 0.159867 0.617248 30.808168 14.374646 -1.618791 -21.695312 -1.448807 1.083183 -0.267167 0.000000 0.000000 -0.000001 
1.952832 94.840347 4.536654 1.367856 -0.257208 1.526925 -0.721843 -0.200517 0.309919 -0.931315 -1.633487 -4.674693 -2.412472 -4.178895 11.269722 -6.306867 6.872024 12.808006 2.758425 13.119672 -3.191673 -4.778528 15.125321 -12.609805 0.000077 -0.000022 0.000006 0.010574 -0.150249 0.019583 0.722079 -3.899132 -10.706161 -0.705744 3.588201 -10.659070 1.942005 -11.409698 12.609046 -18.430899 -31.239727 -57.042629 178.454041 -54.148251 -179.051025 4.597707 -7.086782 0.026503 -5.882102 9.861279 0.702590 -10.936860 -0.360574 7.156196 -0.000000 8.774814 -0.000002 -16.596739 17.511032 5.642974 -1.844029 2.498503 -2.507277 -10.163591 4.678940 4.621102 -20.975996 -0.000004 -0.000001 -21.226255 2.451694 -3.593996 0.000000 -0.000006 -0.000000 -1.362681 2.240796 -0.746322 -21.334887 0.584908 3.008319 -13.821198 -0.000002 0.000001 -23.887133 -0.249078 -0.839482 -60.366772 2.600641 -1.525214 -0.294026 1.679686 0.833255 -14.218194 0.093214 1.300578 -34.212006 -0.287563 0.967168 -20.033178 0.964535 1.212841 0.000000 0.000002 0.000000 -3.440387 0.788233 0.501656 -15.928171 -3.167307 2.999702 -6.338817 -0.000002 0.000000 -18.123415 3.648178 -4.905663 -0.000004 -0.000001 -0.000002 0.382702 -3.400095 14.172509 69.743683 82.902863 19.612635 -179.502777 42.546089 -179.668930 -7.610033 -2.607073 -16.283163 2.243539 -5.255033 -3.180157 14.282879 -0.826594 6.952496 -0.000002 -12.690590 -0.000001 15.904807 -17.602787 2.287956 1.665666 -1.955921 -2.878296 4.727796 -4.170584 4.993918 11.020513 0.000003 -0.000002 12.109032 -3.735708 -2.866779 0.000000 0.000001 0.000001 1.291984 -1.928548 -1.498089 14.800113 0.567467 3.865602 14.242554 -1.341735 -6.660648 19.631937 0.143927 -0.648243 49.418045 -0.831011 -6.401179 0.353028 -1.511149 -0.031940 20.222771 3.684306 2.316628 18.787245 0.000006 -0.000001 10.751613 -0.479868 1.397904 -0.000000 0.000000 0.000000 3.273805 0.305947 -0.580111 21.486794 11.830365 2.266130 8.162916 -0.000001 -0.000000 18.399055 -3.798981 -4.940569 0.000004 -0.000003 -0.000001 13.573194 13.068713 -23.897532 -0.166212 -0.699998 20.212862 -15.484699 -1.853478 8.389779 1.654551 -1.754515 0.305959 0.000000 0.000000 0.000002 -12.248322 -5.203963 -7.142484 0.157502 0.617384 30.868635 14.381033 -1.761154 -21.774719 -1.447457 1.090614 -0.253256 -0.000000 0.000000 -0.000001 
1.885064 94.827774 4.550473 1.386229 -0.191225 1.524184 -0.708661 -0.207955 0.299773 -0.928628 -1.656439 -4.680746 -2.366910 -4.180271 11.265987 -6.290160 6.849809 12.706240 2.747120 13.117788 -3.186672 -4.848918 15.154217 -12.590162 0.000077 -0.000020 0.000006 0.009547 -0.156430 0.022221 0.723243 -3.903132 -10.701315 -0.706259 3.578914 -10.657280 2.020977 -11.433147 12.591853 -18.465004 -31.183712 -57.109032 178.418610 -54.122177 -179.032974 4.529877 -6.954013 -0.090427 -5.882100 9.861278 0.702592 -10.936859 -0.360574 7.156197 -0.000001 8.774812 -0.000003 -16.629969 17.492548 5.607690 -1.844031 2.498503 -2.507274 -10.163590 4.678940 4.621105 -20.975998 -0.000004 0.000002 -21.226255 2.451694 -3.593993 0.000000 -0.000008 -0.000000 -1.362680 2.240797 -0.746322 -21.334890 0.584909 3.008320 -13.821197 -0.000002 0.000002 -23.887129 -0.249078 -0.839481 -60.339706 2.578832 -1.538124 -0.294024 1.679686 0.833257 -14.218195 0.093214 1.300580 -34.212006 -0.287563 0.967171 -20.033180 0.964536 1.212842 0.000000 0.000002 -0.000000 -3.440382 0.788233 0.501655 -15.928171 -3.167305 2.999705 -6.338817 -0.000001 0.000003 -18.123415 3.648177 -4.905661 -0.000004 -0.000001 -0.000002 0.381344 -3.401554 14.145452 69.524597 82.839378 19.364674 -179.500473 42.457165 -179.675110 -7.571572 -2.624878 -16.088118 2.243541 -5.255033 -3.180154 14.282879 -0.826594 6.952495 -0.000000 -12.690585 -0.000002 15.925567 -17.631332 2.254068 1.665664 -1.955921 -2.878296 4.727793 -4.170582 4.993918 11.020514 0.000003 -0.000001 12.109035 -3.735709 -2.866780 0.000000 0.000001 0.000001 1.291984 -1.928548 -1.498087 14.800114 0.567467 3.865604 14.242554 -1.341734 -6.660649 19.631939 0.143926 -0.648245 49.414543 -0.806359 -6.423835 0.353027 -1.511149 -0.031940 20.222773 3.684303 2.316626 18.787247 0.000005 -0.000004 10.751611 -0.479868 1.397903 -0.000000 0.000001 -0.000000 3.273806 0.305947 -0.580110 21.486790 11.830359 2.266129 8.162917 -0.000001 -0.000000 18.399054 -3.798977 -4.940569 0.000004 -0.000002 -0.000001 13.567229 13.045487 -23.892309 -0.162290 -0.691534 20.097994 -15.483311 -1.886740 8.475885 1.655295 -1.757809 0.297681 -0.000000 -0.000000 0.000002 -12.224648 -5.161397 -7.176247 0.160777 0.605088 30.923912 14.372683 -1.869952 -21.879940 -1.447488 1.101541 -0.244427 0.000000 0.000000 -0.000001 
1.837054 94.820930 4.504894 1.391966 -0.121943 1.518020 -0.692839 -0.220633 0.299227 -0.920869 -1.686107 -4.676228 -2.318186 -4.183713 11.253303 -6.287495 6.840897 12.605113 2.740873 13.124988 -3.185508 -4.891163 15.197645 -12.575346 0.000077 -0.000022 0.000006 0.010380 -0.163024 0.022231 0.721736 -3.899035 -10.695208 -0.707590 3.577767 -10.648172 2.090393 -11.451430 12.558031 -18.554489 -31.119299 -57.097759 178.434845 -54.079781 -179.077759 4.536129 -6.801847 -0.141610 -5.882101 9.861279 0.702589 -10.936858 -0.360572 7.156197 -0.000001 8.774814 -0.000003 -16.682106 17.497906 5.587052 -1.844029 2.498503 -2.507277 -10.163589 4.678939 4.621102 -20.975992 -0.000004 -0.000000 -21.226255 2.451695 -3.593997 0.000000 -0.000006 -0.000000 -1.362678 2.240797 -0.746324 -21.334892 0.584910 3.008320 -13.821197 -0.000001 0.000001 -23.887131 -0.249079 -0.839483 -60.397305 2.575919 -1.542153 -0.294024 1.679686 0.833254 -14.218195 0.093215 1.300578 -34.212006 -0.287562 0.967168 -20.033180 0.964537 1.212840 0.000000 0.000001 -0.000000 -3.440384 0.788233 0.501655 -15.928167 -3.167306 2.999706 -6.338817 -0.000002 0.000002 -18.123411 3.648177 -4.905662 -0.000004 -0.000001 -0.000003 0.375504 -3.419107 14.105084 69.526413 82.765671 19.399216 -179.462357 42.334980 -179.604568 -7.523016 -2.682383 -15.963594 2.243541 -5.255033 -3.180154 14.282877 -0.826593 6.952496 -0.000002 -12.690590 -0.000001 15.960843 -17.646912 2.224082 1.665666 -1.955920 -2.878297 4.727795 -4.170584 4.993918 11.020512 0.000003 -0.000001 12.109034 -3.735709 -2.866779 0.000000 0.000001 0.000000 1.291984 -1.928548 -1.498088 14.800114 0.567468 3.865605 14.242554 -1.341735 -6.660649 19.631939 0.143923 -0.648243 49.440170 -0.817431 -6.444799 0.353030 -1.511149 -0.031940 20.222771 3.684306 2.316628 18.787251 0.000004 -0.000000 10.751612 -0.479867 1.397904 -0.000000 0.000000 0.000000 3.273807 0.305947 -0.580111 21.486792 11.830363 2.266131 8.162916 -0.000001 0.000001 18.399054 -3.798980 -4.940566 0.000003 -0.000003 -0.000001 13.562429 13.026814 -23.863377 -0.158021 -0.705821 19.948437 -15.483341 -1.917752 8.546239 1.657029 -1.758072 0.290048 0.000000 0.000000 0.000002 -12.190842 -5.154946 -7.219322 0.167487 0.601662 30.997438 14.367989 -1.984397 -21.941788 -1.447152 1.118485 -0.268054 0.000000 -0.000000 -0.000001 
1.767960 94.815941 4.443932 1.394400 -0.071091 1.499399 -0.676271 -0.210658 0.314427 -0.911414 -1.711107 -4.677831 -2.284940 -4.191242 11.255023 -6.277504 6.822266 12.509739 2.743458 13.120502 -3.169512 -4.957756 15.251933 -12.591000 0.000077 -0.000022 0.000006 0.012420 -0.175200 0.022216 0.726784 -3.912767 -10.687630 -0.705581 3.563130 -10.640047 2.150827 -11.455117 12.527856 -18.584593 -31.053461 -57.108021 178.410873 -54.045372 -179.072052 4.592999 -6.701850 -0.218156 -5.882097 9.861279 0.702590 -10.936858 -0.360577 7.156197 -0.000001 8.774814 -0.000002 -16.732983 17.507513 5.572988 -1.844031 2.498502 -2.507275 -10.163589 4.678939 4.621104 -20.975992 -0.000005 0.000001 -21.226250 2.451694 -3.593993 0.000000 -0.000007 -0.000000 -1.362679 2.240797 -0.746323 -21.334887 0.584908 3.008320 -13.821194 -0.000003 0.000002 -23.887129 -0.249077 -0.839481 -60.470741 2.579446 -1.555192 -0.294025 1.679686 0.833256 -14.218190 0.093214 1.300579 -34.212002 -0.287563 0.967171 -20.033178 0.964534 1.212842 0.000000 0.000001 -0.000000 -3.440386 0.788233 0.501654 -15.928165 -3.167306 2.999705 -6.338815 -0.000001 0.000002 -18.123413 3.648176 -4.905662 -0.000004 -0.000001 -0.000002 0.365939 -3.413620 14.072260 69.284859 82.728828 19.172138 -179.436798 42.256508 -179.549210 -7.510172 -2.720011 -15.947844 2.243540 -5.255032 -3.180155 14.282873 -0.826595 6.952495 -0.000001 -12.690591 -0.000001 15.955991 -17.662369 2.245626 1.665665 -1.955921 -2.878297 4.727795 -4.170583 4.993918 11.020511 0.000003 -0.000001 12.109029 -3.735709 -2.866779 0.000001 -0.000000 -0.000000 1.291984 -1.928548 -1.498087 14.800114 0.567466 3.865603 14.242554 -1.341735 -6.660650 19.631937 0.143925 -0.648244 49.417824 -0.826515 -6.446246 0.353027 -1.511148 -0.031940 20.222767 3.684306 2.316626 18.787245 0.000005 -0.000001 10.751610 -0.479868 1.397903 -0.000000 -0.000000 -0.000000 3.273804 0.305947 -0.580110 21.486788 11.830362 2.266130 8.162917 -0.000002 -0.000001 18.399054 -3.798979 -4.940567 0.000004 -0.000002 -0.000001 13.576448 12.988413 -23.803400 -0.154008 -0.698890 19.762558 -15.459263 -1.934351 8.630613 1.656088 -1.760299 0.286653 0.000000 -0.000000 0.000002 -12.153735 -5.158250 -7.267248 0.159508 0.605886 31.091049 14.343393 -2.028019 -21.971325 -1.447001 1.123045 -0.260534 0.000000 0.000000 -0.000001 
1.804455 94.812706 4.419903 1.388488 -0.021817 1.490818 -0.650157 -0.211855 0.328217 -0.908586 -1.701819 -4.676023 -2.251134 -4.222265 11.252563 -6.272215 6.816496 12.423133 2.740194 13.119787 -3.172778 -5.001360 15.278937 -12.612703 0.000077 -0.000022 0.000006 0.014200 -0.175170 0.023377 0.730526 -3.920560 -10.674348 -0.707300 3.555941 -10.631755 2.182882 -11.448129 12.499339 -18.562744 -31.008640 -57.137871 178.348389 -54.052288 -179.037689 4.606802 -6.603634 -0.290431 -5.882102 9.861279 0.702591 -10.936858 -0.360574 7.156196 -0.000002 8.774812 -0.000002 -16.740181 17.500895 5.563035 -1.844030 2.498503 -2.507275 -10.163588 4.678941 4.621104 -20.975992 -0.000003 -0.000001 -21.226250 2.451695 -3.593995 0.000000 -0.000006 -0.000000 -1.362680 2.240797 -0.746322 -21.334892 0.584910 3.008319 -13.821194 -0.000003 0.000001 -23.887131 -0.249077 -0.839483 -60.544769 2.572724 -1.551015 -0.294024 1.679687 0.833255 -14.218190 0.093217 1.300579 -34.212002 -0.287562 0.967168 -20.033176 0.964534 1.212841 -0.000000 0.000002 -0.000000 -3.440386 0.788233 0.501654 -15.928167 -3.167305 2.999702 -6.338813 -0.000002 0.000001 -18.123411 3.648177 -4.905663 -0.000004 -0.000001 -0.000003 0.349499 -3.402824 14.062770 68.834175 82.746010 18.718073 -179.415039 42.185883 -179.504166 -7.457941 -2.773154 -15.934407 2.243540 -5.255032 -3.180155 14.282873 -0.826595 6.952497 -0.000001 -12.690590 0.000000 15.949319 -17.662401 2.236526 1.665663 -1.955918 -2.878298 4.727794 -4.170583 4.993917 11.020512 0.000003 -0.000002 12.109030 -3.735709 -2.866779 0.000000 0.000000 -0.000001 1.291984 -1.928548 -1.498088 14.800113 0.567467 3.865604 14.242553 -1.341733 -6.660651 19.631939 0.143927 -0.648244 49.401814 -0.844137 -6.429960 0.353030 -1.511149 -0.031940 20.222769 3.684303 2.316626 18.787245 0.000006 -0.000001 10.751610 -0.479867 1.397903 0.000000 0.000000 -0.000000 3.273806 0.305946 -0.580110 21.486788 11.830360 2.266129 8.162916 0.000001 0.000000 18.399048 -3.798978 -4.940567 0.000004 -0.000002 -0.000001 13.571613 12.957210 -23.860428 -0.141796 -0.703739 19.789436 -15.404888 -1.964212 8.709933 1.656966 -1.756831 0.263479 0.000000 -0.000000 0.000002 -12.114333 -5.155019 -7.265091 0.169891 0.599013 31.039526 14.302867 -2.096855 -22.061659 -1.447524 1.129772 -0.264599 0.000000 0.000000 -0.000001 
1.790560 94.826843 4.355561 1.377341 0.028689 1.494488 -0.626812 -0.236951 0.334858 -0.902371 -1.679762 -4.669967 -2.218238 -4.238889 11.235188 -6.261057 6.802485 12.325006 2.737072 13.115493 -3.173604 -5.029003 15.323750 -12.655131 0.000077 -0.000022 0.000006 0.012923 -0.181330 0.022242 0.731377 -3.915018 -10.672303 -0.711057 3.562729 -10.629666 2.203918 -11.446298 12.483035 -18.538622 -30.918667 -57.206631 178.325226 -54.073055 -178.975449 4.655751 -6.558636 -0.388077 -5.882102 9.861277 0.702588 -10.936858 -0.360575 7.156196 -0.000000 8.774812 -0.000003 -16.770414 17.500784 5.505240 -1.844029 2.498502 -2.507276 -10.163590 4.678939 4.621106 -20.975998 -0.000006 0.000001 -21.226255 2.451692 -3.593994 0.000000 -0.000008 -0.000000 -1.362681 2.240795 -0.746322 -21.334890 0.584908 3.008321 -13.821197 -0.000003 0.000001 -23.887133 -0.249079 -0.839482 -60.540081 2.566900 -1.576376 -0.294026 1.679685 0.833254 -14.218194 0.093214 1.300578 -34.212006 -0.287567 0.967170 -20.033184 0.964533 1.212843 0.000000 0.000002 0.000000 -3.440383 0.788233 0.501654 -15.928165 -3.167306 2.999703 -6.338817 -0.000002 0.000001 -18.123417 3.648174 -4.905662 -0.000004 -0.000000 -0.000002 0.319232 -3.406685 14.026104 68.566818 82.710152 18.324326 -179.461639 42.095917 -179.545303 -7.387473 -2.832847 -15.949353 2.243542 -5.255032 -3.180156 14.282875 -0.826594 6.952496 -0.000001 -12.690588 0.000001 15.923467 -17.655209 2.224783 1.665665 -1.955920 -2.878297 4.727792 -4.170583 4.993919 11.020513 0.000001 -0.000002 12.109029 -3.735709 -2.866778 0.000000 0.000001 0.000001 1.291984 -1.928548 -1.498089 14.800113 0.567466 3.865605 14.242550 -1.341735 -6.660648 19.631937 0.143924 -0.648243 49.396015 -0.856777 -6.421458 0.353029 -1.511150 -0.031940 20.222769 3.684304 2.316628 18.787245 0.000003 0.000000 10.751610 -0.479869 1.397904 -0.000000 0.000001 -0.000000 3.273804 0.305947 -0.580110 21.486788 11.830360 2.266131 8.162918 -0.000002 0.000001 18.399052 -3.798979 -4.940566 0.000003 -0.000001 -0.000001 13.581432 12.905799 -23.866808 -0.140081 -0.692832 19.688152 -15.350805 -1.986148 8.843218 1.656927 -1.744527 0.246421 0.000000 0.000000 0.000002 -12.093469 -5.164670 -7.220548 0.167756 0.596148 31.032560 14.306667 -2.121657 -21.996561 -1.447846 1.136758 -0.223566 -0.000000 -0.000000 -0.000001 
1.821905 94.837067 4.358150 1.367461 0.042168 1.496832 -0.600960 -0.220099 0.356405 -0.894582 -1.701810 -4.675148 -2.189882 -4.237245 11.233644 -6.244639 6.797629 12.254389 2.724760 13.143126 -3.181500 -5.075165 15.353130 -12.702284 0.000077 -0.000022 0.000006 0.015355 -0.187979 0.023408 0.737347 -3.926932 -10.683532 -0.715016 3.557022 -10.642445 2.217801 -11.443911 12.480912 -18.454008 -30.823324 -57.373341 178.317734 -54.138218 -178.988327 4.692069 -6.543768 -0.406393 -5.882102 9.861278 0.702589 -10.936857 -0.360575 7.156196 -0.000002 8.774810 -0.000001 -16.770868 17.505011 5.513233 -1.844030 2.498503 -2.507276 -10.163589 4.678939 4.621104 -20.975992 -0.000005 0.000000 -21.226250 2.451692 -3.593994 0.000000 -0.000007 -0.000000 -1.362679 2.240795 -0.746324 -21.334887 0.584908 3.008321 -13.821195 -0.000003 0.000002 -23.887129 -0.249079 -0.839482 -60.511410 2.564687 -1.582089 -0.294024 1.679686 0.833255 -14.218192 0.093214 1.300578 -34.211998 -0.287564 0.967169 -20.033176 0.964534 1.212842 -0.000000 0.000001 -0.000000 -3.440385 0.788233 0.501654 -15.928167 -3.167305 2.999705 -6.338817 -0.000001 0.000001 -18.123411 3.648176 -4.905662 -0.000004 -0.000000 -0.000002 0.288455 -3.385844 14.030657 68.125656 82.757454 17.713303 -179.568497 42.009541 -179.635773 -7.344711 -2.902831 -15.898392 2.243539 -5.255033 -3.180157 14.282877 -0.826593 6.952497 -0.000001 -12.690592 -0.000001 15.920527 -17.656858 2.218034 1.665663 -1.955920 -2.878297 4.727792 -4.170583 4.993919 11.020510 0.000003 0.000000 12.109030 -3.735708 -2.866780 0.000000 0.000001 0.000000 1.291983 -1.928547 -1.498089 14.800111 0.567468 3.865604 14.242553 -1.341736 -6.660648 19.631937 0.143927 -0.648243 49.378838 -0.867887 -6.430123 0.353029 -1.511150 -0.031940 20.222771 3.684308 2.316629 18.787245 0.000006 0.000001 10.751610 -0.479867 1.397905 0.000000 -0.000001 -0.000000 3.273805 0.305947 -0.580110 21.486792 11.830365 2.266133 8.162916 -0.000001 0.000000 18.399050 -3.798978 -4.940566 0.000004 -0.000001 -0.000001 13.575124 12.892191 -23.929865 -0.139701 -0.688357 19.717749 -15.301600 -2.005357 8.953169 1.657410 -1.747621 0.245089 0.000000 0.000000 0.000002 -12.092328 -5.113708 -7.175445 0.162568 0.584249 30.940786 14.307431 -2.198902 -21.973612 -1.449525 1.143889 -0.179826 0.000000 -0.000000 -0.000001 
1.862509 94.861336 4.376601 1.372830 0.084591 1.503026 -0.587294 -0.260800 0.354990 -0.885403 -1.680171 -4.649172 -2.162586 -4.245682 11.220153 -6.244201 6.802587 12.179542 2.731154 13.138833 -3.186210 -5.104553 15.382622 -12.760681 0.000077 -0.000021 0.000006 0.014835 -0.194128 0.020074 0.740762 -3.944520 -10.681741 -0.718319 3.550476 -10.642583 2.223558 -11.425719 12.478834 -18.449356 -30.779638 -57.432701 178.372971 -54.127132 -179.037857 4.721519 -6.541537 -0.286153 -5.882101 9.861279 0.702589 -10.936856 -0.360574 7.156196 0.000001 8.774814 -0.000002 -16.772518 17.490625 5.493650 -1.844033 2.498503 -2.507276 -10.163589 4.678939 4.621106 -20.975992 -0.000005 0.000002 -21.226254 2.451692 -3.593993 0.000000 -0.000007 -0.000000 -1.362679 2.240796 -0.746324 -21.334887 0.584907 3.008320 -13.821195 -0.000003 0.000003 -23.887129 -0.249080 -0.839480 -60.483574 2.554439 -1.578708 -0.294023 1.679687 0.833254 -14.218189 0.093214 1.300579 -34.211998 -0.287565 0.967170 -20.033176 0.964535 1.212842 -0.000000 0.000001 0.000000 -3.440386 0.788232 0.501655 -15.928169 -3.167309 2.999705 -6.338815 -0.000002 0.000000 -18.123411 3.648176 -4.905661 -0.000004 -0.000001 -0.000002 0.269940 -3.369415 14.025084 67.681297 82.776993 17.168484 -179.626297 41.919502 -179.630463 -7.248155 -2.910298 -15.803254 2.243540 -5.255033 -3.180156 14.282878 -0.826594 6.952493 -0.000001 -12.690590 -0.000001 15.937861 -17.668238 2.209874 1.665666 -1.955921 -2.878297 4.727796 -4.170584 4.993918 11.020513 0.000002 -0.000002 12.109035 -3.735709 -2.866780 0.000001 -0.000000 0.000001 1.291983 -1.928548 -1.498089 14.800114 0.567468 3.865602 14.242556 -1.341736 -6.660650 19.631941 0.143925 -0.648245 49.412518 -0.870269 -6.448821 0.353028 -1.511150 -0.031939 20.222771 3.684307 2.316628 18.787249 0.000006 -0.000002 10.751612 -0.479870 1.397904 -0.000000 0.000000 0.000000 3.273805 0.305945 -0.580112 21.486794 11.830360 2.266129 8.162916 -0.000002 -0.000001 18.399055 -3.798977 -4.940570 0.000003 -0.000002 -0.000001 13.498225 12.832221 -23.908318 -0.120780 -0.682325 19.749392 -15.232086 -2.066902 8.799004 1.658888 -1.745457 0.235256 0.000000 0.000000 0.000002 -12.119004 -5.097164 -7.088689 0.164311 0.573971 30.796406 14.330431 -2.280806 -21.909920 -1.448465 1.136801 -0.129287 0.000000 0.000000 -0.000001 
1.889624 94.893097 4.382392 1.377974 0.109379 1.513384 -0.574822 -0.232107 0.370556 -0.875745 -1.707908 -4.636863 -2.136398 -4.222364 11.212440 -6.237371 6.822875 12.098781 2.735024 13.148836 -3.182804 -5.145041 15.400715 -12.762376 0.000077 -0.000022 0.000006 0.017293 -0.213006 0.018573 0.746912 -3.950086 -10.685048 -0.719621 3.538817 -10.647751 2.224358 -11.416325 12.490142 -18.410692 -30.754517 -57.563377 178.480209 -54.111412 -179.171371 4.811130 -6.504684 -0.102945 -5.882102 9.861279 0.702589 -10.936860 -0.360574 7.156197 -0.000000 8.774814 -0.000001 -16.762615 17.484077 5.509814 -1.844031 2.498502 -2.507275 -10.163589 4.678939 4.621104 -20.975996 -0.000003 0.000001 -21.226255 2.451695 -3.593994 0.000000 -0.000007 -0.000000 -1.362681 2.240797 -0.746323 -21.334892 0.584908 3.008322 -13.821197 -0.000003 0.000002 -23.887133 -0.249077 -0.839481 -60.476547 2.552762 -1.571334 -0.294022 1.679686 0.833255 -14.218195 0.093214 1.300581 -34.212002 -0.287564 0.967171 -20.033182 0.964535 1.212842 0.000000 0.000001 -0.000000 -3.440386 0.788233 0.501655 -15.928167 -3.167306 2.999705 -6.338815 -0.000001 0.000002 -18.123415 3.648175 -4.905661 -0.000004 -0.000000 -0.000002 0.254306 -3.349857 13.993849 66.975319 82.796875 16.409470 -179.663589 41.802429 -179.652786 -7.191067 -2.978027 -15.620493 2.243542 -5.255032 -3.180155 14.282877 -0.826595 6.952495 -0.000002 -12.690591 0.000001 15.935850 -17.665552 2.238379 1.665665 -1.955919 -2.878298 4.727793 -4.170584 4.993920 11.020513 0.000003 -0.000001 12.109033 -3.735709 -2.866779 0.000000 0.000000 0.000001 1.291984 -1.928547 -1.498089 14.800111 0.567467 3.865601 14.242554 -1.341735 -6.660647 19.631939 0.143926 -0.648245 49.374210 -0.855659 -6.429020 0.353029 -1.511149 -0.031940 20.222771 3.684305 2.316628 18.787245 0.000005 -0.000001 10.751610 -0.479868 1.397904 -0.000000 0.000001 -0.000000 3.273806 0.305947 -0.580110 21.486788 11.830360 2.266130 8.162916 0.000000 -0.000001 18.399054 -3.798980 -4.940569 0.000004 -0.000002 -0.000001 13.470187 12.809286 -23.907829 -0.126322 -0.686643 19.717266 -15.210315 -2.082522 8.888304 1.659493 -1.750302 0.228799 -0.000000 -0.000000 0.000002 -12.125456 -5.035497 -7.034873 0.160357 0.565702 30.679462 14.345586 -2.355573 -21.823477 -1.448347 1.127546 -0.102803 0.000000 -0.000000 -0.000001 
1.965506 94.906921 4.327718 1.387733 0.119136 1.523130 -0.560833 -0.228385 0.385422 -0.867226 -1.708637 -4.624095 -2.116427 -4.203517 11.190486 -6.231257 6.808888 12.033244 2.750361 13.170861 -3.192082 -5.163828 15.435309 -12.747461 0.000077 -0.000022 0.000006 0.018472 -0.206224 0.014198 0.747759 -3.953126 -10.686000 -0.715254 3.531637 -10.645438 2.199469 -11.390529 12.526919 -18.405130 -30.720512 -57.600655 178.472260 -54.051914 -179.179382 4.889264 -6.472625 0.097439 -5.882102 9.861274 0.702591 -10.936861 -0.360574 7.156198 -0.000000 8.774810 -0.000001 -16.731750 17.472767 5.526823 -1.844031 2.498502 -2.507278 -10.163592 4.678938 4.621105 -20.975998 -0.000005 0.000003 -21.226257 2.451691 -3.593991 0.000000 -0.000007 -0.000000 -1.362680 2.240796 -0.746323 -21.334892 0.584908 3.008323 -13.821198 -0.000003 0.000002 -23.887133 -0.249077 -0.839478 -60.464424 2.549722 -1.548605 -0.294022 1.679686 0.833255 -14.218197 0.093213 1.300581 -34.212013 -0.287564 0.967173 -20.033184 0.964535 1.212844 0.000000 0.000000 0.000000 -3.440387 0.788231 0.501655 -15.928173 -3.167308 2.999705 -6.338818 -0.000001 0.000002 -18.123417 3.648175 -4.905660 -0.000004 -0.000000 -0.000003 0.252696 -3.334647 13.995760 66.354042 82.791557 15.817162 -179.656174 41.662903 -179.642838 -7.140773 -3.028045 -15.490916 2.243539 -5.255031 -3.180156 14.282877 -0.826594 6.952497 -0.000001 -12.690590 0.000000 15.941899 -17.656269 2.248837 1.665666 -1.955920 -2.878297 4.727793 -4.170582 4.993918 11.020514 0.000002 -0.000001 12.109033 -3.735710 -2.866777 0.000000 0.000000 0.000001 1.291984 -1.928548 -1.498086 14.800114 0.567467 3.865605 14.242553 -1.341737 -6.660648 19.631939 0.143924 -0.648245 49.326557 -0.841631 -6.413765 0.353028 -1.511150 -0.031938 20.222769 3.684304 2.316629 18.787245 0.000004 -0.000001 10.751612 -0.479868 1.397903 0.000000 0.000001 0.000000 3.273806 0.305947 -0.580110 21.486790 11.830360 2.266131 8.162916 -0.000000 0.000001 18.399052 -3.798980 -4.940567 0.000004 -0.000002 -0.000001 13.404704 12.767519 -23.938395 -0.126775 -0.667003 19.677485 -15.158001 -2.083203 8.907223 1.661466 -1.751413 0.223365 0.000000 0.000000 0.000002 -12.172546 -5.001429 -7.017123 0.155467 0.561463 30.538563 14.388254 -2.440020 -21.796957 -1.447146 1.111439 -0.083772 0.000000 0.000000 -0.000001 
1.969899 94.932190 4.266153 1.394048 0.131902 1.545153 -0.549363 -0.231124 0.398520 -0.861248 -1.689468 -4.614726 -2.092931 -4.183734 11.172573 -6.215810 6.779333 11.968616 2.761412 13.190006 -3.187674 -5.195083 15.462578 -12.734354 0.000077 -0.000021 0.000006 0.018538 -0.206170 0.017307 0.746525 -3.956552 -10.691905 -0.715982 3.533853 -10.652136 2.176986 -11.373639 12.567742 -18.383940 -30.735334 -57.680534 178.596405 -54.026978 -179.279968 5.014551 -6.429403 0.240753 -5.882099 9.861278 0.702588 -10.936862 -0.360574 7.156197 0.000001 8.774814 -0.000003 -16.716476 17.452347 5.516473 -1.844031 2.498503 -2.507275 -10.163593 4.678938 4.621102 -20.975998 -0.000005 0.000002 -21.226255 2.451691 -3.593994 0.000000 -0.000006 -0.000000 -1.362679 2.240798 -0.746321 -21.334898 0.584907 3.008319 -13.821197 -0.000004 0.000001 -23.887133 -0.249079 -0.839480 -60.429188 2.544057 -1.541216 -0.294025 1.679686 0.833255 -14.218195 0.093214 1.300580 -34.212013 -0.287568 0.967171 -20.033184 0.964534 1.212843 -0.000000 0.000002 -0.000000 -3.440386 0.788232 0.501654 -15.928167 -3.167306 2.999704 -6.338817 -0.000002 0.000000 -18.123415 3.648174 -4.905661 -0.000003 -0.000001 -0.000002 0.246196 -3.339408 13.980832 66.031998 82.821022 15.516787 -179.633469 41.605186 -179.617584 -7.094758 -3.036294 -15.445285 2.243541 -5.255032 -3.180157 14.282873 -0.826593 6.952493 0.000002 -12.690585 -0.000000 15.904062 -17.641438 2.263112 1.665664 -1.955921 -2.878296 4.727792 -4.170581 4.993917 11.020513 0.000002 -0.000002 12.109035 -3.735709 -2.866780 -0.000000 -0.000001 0.000001 1.291985 -1.928548 -1.498088 14.800113 0.567467 3.865602 14.242554 -1.341735 -6.660649 19.631939 0.143926 -0.648245 49.281094 -0.841788 -6.397541 0.353028 -1.511149 -0.031941 20.222769 3.684304 2.316627 18.787249 0.000006 -0.000002 10.751610 -0.479868 1.397904 0.000000 -0.000000 0.000000 3.273806 0.305947 -0.580110 21.486790 11.830359 2.266130 8.162916 0.000002 -0.000000 18.399054 -3.798976 -4.940567 0.000003 -0.000002 -0.000001 13.379807 12.736039 -23.906778 -0.123541 -0.665348 19.475756 -15.136551 -2.065544 9.053547 1.661760 -1.747772 0.213003 -0.000000 0.000000 0.000002 -12.165956 -4.984880 -7.039081 0.154416 0.562822 30.446136 14.362299 -2.515905 -21.759991 -1.445436 1.111562 -0.081167 -0.000000 -0.000000 -0.000001 
2.039488 94.958954 4.211014 1.397491 0.126853 1.556463 -0.539929 -0.213628 0.416937 -0.856058 -1.688527 -4.625385 -2.077350 -4.151950 11.182177 -6.173227 6.749545 11.899255 2.759018 13.214840 -3.166791 -5.205323 15.454975 -12.725291 0.000077 -0.000021 0.000006 0.018677 -0.206173 0.013878 0.745971 -3.952776 -10.696698 -0.712571 3.531924 -10.655520 2.155602 -11.357220 12.624007 -18.357063 -30.726189 -57.710716 178.615417 -54.003239 -179.301468 5.145355 -6.407767 0.281743 -5.882102 9.861279 0.702588 -10.936861 -0.360575 7.156196 -0.000002 8.774814 -0.000000 -16.724154 17.447788 5.515137 -1.844032 2.498503 -2.507276 -10.163590 4.678940 4.621102 -20.975996 -0.000002 -0.000000 -21.226255 2.451692 -3.593997 0.000000 -0.000006 -0.000000 -1.362681 2.240797 -0.746322 -21.334896 0.584909 3.008317 -13.821197 -0.000002 0.000000 -23.887131 -0.249080 -0.839484 -60.411037 2.548773 -1.536379 -0.294024 1.679687 0.833254 -14.218195 0.093215 1.300578 -34.212006 -0.287564 0.967166 -20.033182 0.964535 1.212840 0.000000 0.000001 0.000000 -3.440385 0.788232 0.501655 -15.928171 -3.167305 2.999704 -6.338815 -0.000000 0.000000 -18.123415 3.648175 -4.905664 -0.000004 -0.000001 -0.000003 0.234088 -3.344805 13.971553 65.561989 82.854401 15.072248 -179.646484 41.555477 -179.648895 -7.107642 -3.052767 -15.431087 2.243540 -5.255032 -3.180158 14.282875 -0.826593 6.952497 -0.000001 -12.690588 -0.000001 15.898701 -17.632393 2.249145 1.665665 -1.955920 -2.878297 4.727793 -4.170584 4.993919 11.020512 0.000003 0.000000 12.109028 -3.735709 -2.866779 0.000000 0.000000 0.000001 1.291983 -1.928547 -1.498088 14.800114 0.567468 3.865607 14.242553 -1.341735 -6.660647 19.631939 0.143925 -0.648240 49.260433 -0.819487 -6.368738 0.353029 -1.511150 -0.031941 20.222769 3.684306 2.316633 18.787245 0.000006 0.000003 10.751610 -0.479867 1.397906 0.000000 -0.000001 -0.000000 3.273804 0.305947 -0.580110 21.486795 11.830364 2.266137 8.162918 -0.000001 0.000002 18.399054 -3.798981 -4.940565 0.000003 -0.000002 -0.000001 13.317332 12.705775 -23.924513 -0.110768 -0.660729 19.413754 -15.072383 -2.007578 9.125332 1.661772 -1.758176 0.217695 0.000000 -0.000000 0.000002 -12.203231 -4.956901 -7.034275 0.154408 0.571771 30.318647 14.369906 -2.582122 -21.669632 -1.444488 1.118958 -0.053048 -0.000000 -0.000000 -0.000001 
2.117610 94.982925 4.168861 1.402382 0.130935 1.579253 -0.537786 -0.204501 0.428368 -0.854085 -1.685990 -4.640276 -2.056051 -4.141431 11.204381 -6.147335 6.726108 11.838675 2.761153 13.235706 -3.174218 -5.231844 15.445477 -12.775797 0.000077 -0.000020 0.000006 0.018927 -0.213008 0.012115 0.745728 -3.957370 -10.691038 -0.717092 3.540423 -10.654338 2.149945 -11.329399 12.652110 -18.366833 -30.737349 -57.705788 178.654160 -53.969593 -179.311127 5.267443 -6.334441 0.321712 -5.882102 9.861278 0.702589 -10.936858 -0.360577 7.156197 -0.000000 8.774811 -0.000001 -16.730091 17.451031 5.520195 -1.844030 2.498503 -2.507274 -10.163591 4.678939 4.621103 -20.975996 -0.000003 0.000001 -21.226254 2.451691 -3.593994 0.000000 -0.000006 -0.000000 -1.362680 2.240797 -0.746323 -21.334892 0.584908 3.008318 -13.821197 -0.000004 0.000000 -23.887133 -0.249079 -0.839482 -60.385052 2.561058 -1.526307 -0.294025 1.679685 0.833256 -14.218195 0.093214 1.300578 -34.212002 -0.287564 0.967168 -20.033180 0.964534 1.212840 0.000001 0.000000 0.000000 -3.440385 0.788233 0.501654 -15.928171 -3.167307 2.999703 -6.338817 -0.000002 0.000002 -18.123413 3.648175 -4.905662 -0.000004 -0.000001 -0.000003 0.220323 -3.333974 13.990050 65.040062 82.927254 14.574391 -179.686371 41.518124 -179.680862 -7.094038 -3.063311 -15.461869 2.243540 -5.255033 -3.180156 14.282877 -0.826594 6.952495 0.000001 -12.690592 -0.000001 15.891853 -17.627419 2.237581 1.665665 -1.955921 -2.878294 4.727794 -4.170584 4.993917 11.020513 0.000003 -0.000001 12.109033 -3.735710 -2.866779 0.000001 -0.000000 0.000001 1.291984 -1.928547 -1.498088 14.800111 0.567468 3.865601 14.242554 -1.341735 -6.660649 19.631939 0.143925 -0.648245 49.216972 -0.802414 -6.354026 0.353029 -1.511149 -0.031941 20.222769 3.684306 2.316628 18.787247 0.000006 -0.000003 10.751611 -0.479866 1.397903 0.000000 -0.000000 0.000000 3.273804 0.305946 -0.580111 21.486788 11.830361 2.266130 8.162917 -0.000001 -0.000000 18.399054 -3.798978 -4.940568 0.000003 -0.000001 -0.000001 13.250303 12.663936 -23.934284 -0.103678 -0.647733 19.325483 -15.009686 -1.932398 9.151007 1.661651 -1.766484 0.200827 0.000000 0.000000 0.000002 -12.250479 -4.934316 -7.013706 0.155836 0.570215 30.157520 14.374163 -2.642484 -21.596386 -1.443123 1.116221 -0.040716 0.000000 -0.000000 -0.000001 
2.232384 95.023697 4.185347 1.396512 0.147031 1.601741 -0.536910 -0.210948 0.437144 -0.853221 -1.683503 -4.646176 -2.034977 -4.105559 11.214253 -6.090293 6.674490 11.738108 2.773142 13.230535 -3.139202 -5.270570 15.458725 -12.826318 0.000077 -0.000022 0.000006 0.016906 -0.200138 0.012089 0.745556 -3.944620 -10.688546 -0.716637 3.529593 -10.648315 2.162005 -11.314137 12.687567 -18.435312 -30.767271 -57.693233 178.781555 -53.893745 -179.330414 5.429142 -6.216946 0.228302 -5.882100 9.861279 0.702590 -10.936858 -0.360575 7.156196 -0.000001 8.774814 -0.000000 -16.743959 17.440182 5.539075 -1.844030 2.498502 -2.507275 -10.163589 4.678939 4.621103 -20.975994 -0.000005 0.000001 -21.226248 2.451693 -3.593994 0.000000 -0.000006 -0.000000 -1.362681 2.240797 -0.746322 -21.334887 0.584909 3.008319 -13.821197 -0.000003 0.000001 -23.887123 -0.249080 -0.839482 -60.419270 2.569239 -1.525756 -0.294024 1.679687 0.833256 -14.218190 0.093215 1.300578 -34.212002 -0.287564 0.967168 -20.033175 0.964536 1.212840 -0.000000 0.000001 -0.000000 -3.440383 0.788233 0.501654 -15.928167 -3.167306 2.999702 -6.338814 -0.000001 0.000002 -18.123415 3.648175 -4.905663 -0.000004 -0.000001 -0.000002 0.221147 -3.335207 13.996741 64.510529 82.943077 14.074997 -179.744644 41.471531 -179.716080 -7.072094 -3.086901 -15.572045 2.243541 -5.255033 -3.180157 14.282878 -0.826594 6.952494 -0.000001 -12.690592 0.000001 15.903440 -17.629084 2.228450 1.665664 -1.955920 -2.878297 4.727794 -4.170583 4.993919 11.020511 0.000003 -0.000002 12.109033 -3.735709 -2.866780 0.000000 0.000000 -0.000001 1.291984 -1.928547 -1.498089 14.800114 0.567468 3.865602 14.242556 -1.341735 -6.660649 19.631941 0.143925 -0.648245 49.206635 -0.787033 -6.334700 0.353027 -1.511149 -0.031940 20.222771 3.684304 2.316627 18.787245 0.000005 -0.000003 10.751610 -0.479869 1.397902 0.000000 -0.000001 0.000000 3.273806 0.305947 -0.580111 21.486794 11.830361 2.266130 8.162917 -0.000001 -0.000000 18.399054 -3.798981 -4.940568 0.000003 -0.000002 -0.000001 13.181160 12.641329 -23.982489 -0.119225 -0.641736 19.386612 -14.918792 -1.893859 9.147173 1.661413 -1.769461 0.179059 -0.000000 -0.000000 0.000002 -12.314480 -4.898987 -6.885047 0.157993 0.554094 29.863024 14.408372 -2.725936 -21.456118 -1.443000 1.127319 -0.038806 0.000000 -0.000000 -0.000001 
2.410577 95.063988 4.230111 1.376028 0.148858 1.632778 -0.530539 -0.207921 0.432386 -0.847986 -1.676641 -4.639001 -2.016062 -4.100820 11.206287 -6.050099 6.660958 11.640393 2.765546 13.232372 -3.142986 -5.318218 15.502940 -12.877798 0.000077 -0.000020 0.000006 0.017657 -0.206203 0.014356 0.747061 -3.946771 -10.683530 -0.718098 3.528205 -10.648730 2.158932 -11.278049 12.659471 -18.503696 -30.779932 -57.667126 178.929001 -53.811829 -179.382019 5.491436 -6.131473 0.065246 -5.882101 9.861277 0.702590 -10.936859 -0.360573 7.156199 0.000001 8.774811 0.000000 -16.729929 17.441374 5.559330 -1.844031 2.498502 -2.507276 -10.163590 4.678938 4.621103 -20.975998 -0.000004 0.000003 -21.226255 2.451692 -3.593992 0.000000 -0.000008 -0.000000 -1.362681 2.240797 -0.746321 -21.334892 0.584908 3.008322 -13.821194 -0.000003 0.000002 -23.887129 -0.249078 -0.839480 -60.346283 2.585850 -1.509001 -0.294025 1.679685 0.833254 -14.218194 0.093216 1.300581 -34.212002 -0.287563 0.967173 -20.033180 0.964538 1.212843 0.000000 0.000001 0.000000 -3.440388 0.788232 0.501656 -15.928165 -3.167305 2.999706 -6.338816 -0.000001 0.000003 -18.123415 3.648176 -4.905659 -0.000004 -0.000000 -0.000002 0.201397 -3.334776 14.016982 64.172890 82.962845 13.821718 -179.745651 41.386353 -179.700623 -7.040806 -3.150709 -15.692895 2.243539 -5.255032 -3.180156 14.282878 -0.826593 6.952496 -0.000002 -12.690591 -0.000001 15.917254 -17.603292 2.237235 1.665664 -1.955920 -2.878296 4.727794 -4.170585 4.993918 11.020512 0.000002 0.000000 12.109030 -3.735709 -2.866779 0.000001 0.000000 0.000000 1.291984 -1.928548 -1.498087 14.800111 0.567468 3.865604 14.242553 -1.341734 -6.660649 19.631935 0.143925 -0.648244 49.235676 -0.777871 -6.313227 0.353029 -1.511149 -0.031940 20.222763 3.684305 2.316628 18.787245 0.000005 -0.000000 10.751610 -0.479866 1.397904 0.000000 -0.000001 0.000000 3.273803 0.305948 -0.580110 21.486788 11.830360 2.266129 8.162916 -0.000001 0.000000 18.399050 -3.798980 -4.940567 0.000003 -0.000002 -0.000001 13.081763 12.618141 -24.080484 -0.112702 -0.628082 19.573021 -14.817262 -1.906666 9.025439 1.660749 -1.764121 0.148117 -0.000000 0.000000 0.000002 -12.401251 -4.861918 -6.707493 0.159970 0.563079 29.475710 14.491506 -2.815577 -21.289440 -1.443483 1.131502 -0.030972 0.000000 0.000000 -0.000001 
2.564053 95.099983 4.259226 1.342172 0.132040 1.677131 -0.527095 -0.221705 0.427890 -0.843612 -1.669279 -4.633600 -1.984202 -4.079035 11.188344 -6.044479 6.624052 11.557904 2.769620 13.225472 -3.171815 -5.335146 15.533813 -12.923552 0.000077 -0.000022 0.000006 0.018396 -0.206228 0.015960 0.748219 -3.937547 -10.678667 -0.720492 3.531520 -10.642465 2.147063 -11.230721 12.627659 -18.529060 -30.785990 -57.635536 179.059448 -53.776127 -179.440186 5.611856 -6.062904 -0.060910 -5.882103 9.861278 0.702591 -10.936860 -0.360575 7.156199 -0.000003 8.774811 -0.000002 -16.706488 17.435072 5.563768 -1.844032 2.498502 -2.507276 -10.163587 4.678941 4.621104 -20.975992 -0.000002 0.000001 -21.226246 2.451694 -3.593994 0.000000 -0.000007 -0.000000 -1.362681 2.240797 -0.746321 -21.334887 0.584909 3.008321 -13.821195 -0.000002 0.000002 -23.887129 -0.249074 -0.839482 -60.349854 2.600549 -1.504701 -0.294025 1.679686 0.833256 -14.218192 0.093215 1.300578 -34.211998 -0.287561 0.967171 -20.033176 0.964536 1.212842 0.000000 0.000001 -0.000000 -3.440385 0.788234 0.501655 -15.928167 -3.167306 2.999705 -6.338816 -0.000002 0.000002 -18.123411 3.648176 -4.905659 -0.000004 -0.000000 -0.000002 0.193203 -3.319253 14.079015 63.592167 83.010086 13.397632 -179.673096 41.344212 -179.633667 -6.946977 -3.170843 -15.883947 2.243541 -5.255033 -3.180157 14.282875 -0.826594 6.952495 0.000000 -12.690592 0.000001 15.883954 -17.607040 2.250463 1.665665 -1.955919 -2.878297 4.727794 -4.170583 4.993918 11.020512 0.000003 -0.000001 12.109031 -3.735709 -2.866777 0.000000 0.000001 0.000001 1.291985 -1.928548 -1.498089 14.800114 0.567467 3.865604 14.242553 -1.341735 -6.660648 19.631939 0.143926 -0.648243 49.246479 -0.779964 -6.308960 0.353029 -1.511149 -0.031940 20.222767 3.684305 2.316627 18.787245 0.000005 -0.000002 10.751613 -0.479869 1.397903 0.000000 -0.000000 0.000000 3.273803 0.305948 -0.580110 21.486788 11.830361 2.266131 8.162915 -0.000001 0.000000 18.399054 -3.798980 -4.940567 0.000003 -0.000002 -0.000001 13.007753 12.619382 -24.156231 -0.106609 -0.621682 19.677992 -14.724609 -1.897152 8.914639 1.658046 -1.755120 0.123322 0.000000 0.000000 0.000002 -12.459461 -4.836116 -6.571461 0.163639 0.568886 29.109791 14.547459 -2.872297 -21.142502 -1.443082 1.134661 -0.039668 0.000000 -0.000000 -0.000001 
2.659245 95.142433 4.281249 1.297496 0.094641 1.716441 -0.520628 -0.200371 0.428362 -0.833987 -1.690586 -4.633298 -1.962266 -4.055397 11.168669 -6.042141 6.619820 11.461515 2.775702 13.239075 -3.179148 -5.345005 15.544314 -12.980035 0.000077 -0.000022 0.000006 0.019424 -0.212964 0.016048 0.750394 -3.941011 -10.680799 -0.719601 3.515808 -10.648264 2.120925 -11.187961 12.616753 -18.512650 -30.779163 -57.654335 179.233658 -53.726974 -179.542572 5.719254 -6.009605 -0.040092 -5.882099 9.861278 0.702588 -10.936858 -0.360576 7.156196 -0.000002 8.774815 -0.000000 -16.725220 17.442909 5.576231 -1.844031 2.498502 -2.507277 -10.163589 4.678940 4.621103 -20.975996 -0.000003 0.000001 -21.226248 2.451694 -3.593995 0.000000 -0.000007 -0.000000 -1.362682 2.240796 -0.746321 -21.334887 0.584909 3.008319 -13.821195 -0.000002 0.000000 -23.887131 -0.249079 -0.839483 -60.389744 2.581116 -1.468090 -0.294025 1.679686 0.833255 -14.218194 0.093215 1.300577 -34.212006 -0.287563 0.967167 -20.033178 0.964533 1.212841 -0.000000 0.000001 0.000000 -3.440386 0.788233 0.501655 -15.928167 -3.167306 2.999701 -6.338815 -0.000001 0.000001 -18.123415 3.648175 -4.905662 -0.000004 -0.000000 -0.000002 0.203594 -3.293304 14.134899 62.968605 83.037560 12.927795 -179.662262 41.295418 -179.641602 -6.892342 -3.178997 -16.018230 2.243540 -5.255033 -3.180154 14.282875 -0.826593 6.952496 -0.000001 -12.690591 0.000000 15.897896 -17.599817 2.256269 1.665666 -1.955920 -2.878296 4.727795 -4.170584 4.993919 11.020511 0.000004 -0.000001 12.109032 -3.735710 -2.866779 -0.000000 0.000001 -0.000002 1.291985 -1.928548 -1.498087 14.800114 0.567469 3.865603 14.242554 -1.341735 -6.660648 19.631939 0.143925 -0.648243 49.270325 -0.782549 -6.304905 0.353028 -1.511150 -0.031939 20.222769 3.684306 2.316628 18.787245 0.000005 0.000000 10.751611 -0.479867 1.397904 0.000000 0.000000 0.000000 3.273805 0.305947 -0.580109 21.486790 11.830365 2.266132 8.162915 -0.000002 0.000000 18.399050 -3.798979 -4.940566 0.000004 -0.000002 -0.000001 12.987256 12.656379 -24.163513 -0.112204 -0.625763 19.665432 -14.686709 -1.856112 8.892250 1.655752 -1.758429 0.107097 0.000000 0.000000 0.000002 -12.470345 -4.827179 -6.459343 0.160660 0.567067 28.781542 14.599215 -2.880895 -20.986132 -1.443418 1.141867 -0.038050 0.000000 0.000000 -0.000001 
2.770225 95.171341 4.255768 1.254504 0.036078 1.755334 -0.519552 -0.191876 0.432971 -0.826716 -1.699750 -4.642786 -1.952065 -4.028324 11.162124 -6.011061 6.571430 11.372202 2.759496 13.306844 -3.186380 -5.358873 15.546103 -13.049791 0.000077 -0.000022 0.000006 0.018677 -0.206110 0.012148 0.751776 -3.937846 -10.674531 -0.723367 3.532634 -10.643030 2.094426 -11.156445 12.604083 -18.485849 -30.768143 -57.536785 179.227798 -53.693642 -179.509155 5.774803 -5.996997 0.066234 -5.882101 9.861278 0.702591 -10.936858 -0.360573 7.156197 -0.000002 8.774811 -0.000001 -16.705778 17.465935 5.593174 -1.844032 2.498503 -2.507276 -10.163589 4.678941 4.621104 -20.975996 -0.000002 0.000001 -21.226254 2.451692 -3.593994 0.000000 -0.000006 -0.000000 -1.362681 2.240796 -0.746324 -21.334892 0.584909 3.008320 -13.821197 -0.000005 0.000001 -23.887133 -0.249079 -0.839480 -60.360031 2.599283 -1.455199 -0.294024 1.679686 0.833255 -14.218192 0.093216 1.300580 -34.212006 -0.287562 0.967169 -20.033180 0.964535 1.212842 -0.000000 0.000001 -0.000000 -3.440387 0.788232 0.501656 -15.928171 -3.167306 2.999703 -6.338816 -0.000001 0.000002 -18.123415 3.648176 -4.905661 -0.000004 -0.000001 -0.000002 0.238531 -3.284679 14.181376 62.561272 83.092140 12.727246 -179.574402 41.259636 -179.549805 -6.800593 -3.184277 -16.180609 2.243543 -5.255033 -3.180155 14.282877 -0.826595 6.952495 0.000001 -12.690587 0.000001 15.904423 -17.598738 2.261256 1.665663 -1.955920 -2.878296 4.727794 -4.170584 4.993918 11.020513 0.000003 -0.000001 12.109034 -3.735708 -2.866779 0.000000 0.000000 0.000000 1.291984 -1.928547 -1.498088 14.800111 0.567466 3.865602 14.242553 -1.341735 -6.660648 19.631939 0.143924 -0.648247 49.267834 -0.793201 -6.322691 0.353028 -1.511149 -0.031940 20.222767 3.684303 2.316627 18.787247 0.000005 -0.000003 10.751611 -0.479868 1.397903 -0.000000 0.000001 -0.000000 3.273804 0.305946 -0.580110 21.486794 11.830360 2.266129 8.162917 -0.000002 -0.000001 18.399055 -3.798976 -4.940570 0.000003 -0.000003 -0.000001 12.946877 12.713880 -24.226103 -0.108424 -0.625322 19.708345 -14.616120 -1.849063 8.867455 1.652999 -1.758592 0.102107 -0.000000 0.000000 0.000002 -12.491310 -4.832951 -6.412704 0.151720 0.578532 28.507248 14.670619 -2.848449 -20.858768 -1.444232 1.142658 -0.033165 0.000000 -0.000000 -0.000001 
2.836053 95.207306 4.276475 1.210916 -0.012096 1.802896 -0.521523 -0.188698 0.434210 -0.825919 -1.696009 -4.645949 -1.933836 -4.005012 11.141294 -5.984694 6.551646 11.267602 2.784127 13.346380 -3.204121 -5.359356 15.557162 -13.099488 0.000077 -0.000022 0.000006 0.018938 -0.199959 0.011863 0.752903 -3.932447 -10.674410 -0.724231 3.531333 -10.641397 2.068760 -11.144183 12.609124 -18.451992 -30.771585 -57.361908 179.109451 -53.677284 -179.475967 5.796907 -5.985286 0.296588 -5.882099 9.861279 0.702590 -10.936861 -0.360577 7.156198 0.000002 8.774813 -0.000001 -16.698097 17.463045 5.581869 -1.844031 2.498503 -2.507276 -10.163590 4.678939 4.621103 -20.975996 -0.000006 0.000001 -21.226254 2.451690 -3.593994 0.000000 -0.000006 -0.000000 -1.362679 2.240797 -0.746322 -21.334887 0.584905 3.008319 -13.821198 -0.000005 0.000002 -23.887131 -0.249082 -0.839480 -60.339172 2.594380 -1.446834 -0.294024 1.679686 0.833254 -14.218194 0.093213 1.300578 -34.212006 -0.287568 0.967171 -20.033180 0.964534 1.212843 -0.000000 0.000001 -0.000000 -3.440387 0.788231 0.501654 -15.928167 -3.167308 2.999703 -6.338814 -0.000002 0.000001 -18.123411 3.648174 -4.905661 -0.000004 -0.000001 -0.000002 0.268038 -3.294821 14.221563 61.983330 83.149391 12.283923 -179.525177 41.264931 -179.505920 -6.739281 -3.148500 -16.352253 2.243538 -5.255031 -3.180155 14.282877 -0.826595 6.952494 0.000000 -12.690587 0.000002 15.884168 -17.604887 2.277519 1.665665 -1.955919 -2.878298 4.727793 -4.170584 4.993918 11.020510 0.000003 -0.000001 12.109035 -3.735709 -2.866780 0.000000 -0.000000 0.000000 1.291985 -1.928547 -1.498089 14.800117 0.567466 3.865604 14.242554 -1.341733 -6.660648 19.631939 0.143923 -0.648243 49.259125 -0.807987 -6.296959 0.353030 -1.511149 -0.031941 20.222769 3.684304 2.316627 18.787245 0.000004 -0.000001 10.751611 -0.479869 1.397903 0.000000 -0.000000 0.000000 3.273804 0.305947 -0.580110 21.486790 11.830359 2.266130 8.162917 0.000000 0.000000 18.399052 -3.798980 -4.940566 0.000003 -0.000003 -0.000001 12.937648 12.770310 -24.238678 -0.104869 -0.636266 19.690845 -14.620656 -1.870494 8.861626 1.652862 -1.762232 0.115405 0.000000 0.000000 0.000002 -12.484512 -4.832283 -6.340935 0.156388 0.592423 28.237459 14.704488 -2.825995 -20.731035 -1.444376 1.126312 0.013990 -0.000000 -0.000000 -0.000001 
2.953535 95.238335 4.339744 1.160252 -0.062836 1.849598 -0.521033 -0.186895 0.440193 -0.825300 -1.678094 -4.648252 -1.919007 -3.991273 11.126334 -5.945714 6.536547 11.160339 2.805796 13.365416 -3.187877 -5.387861 15.582747 -13.141866 0.000077 -0.000021 0.000006 0.020368 -0.199191 0.009589 0.757616 -3.927527 -10.676644 -0.724460 3.530104 -10.644444 2.051170 -11.136407 12.604064 -18.389519 -30.768587 -57.211777 178.967758 -53.667992 -179.421906 5.801619 -5.987015 0.499326 -5.882102 9.861278 0.702589 -10.936855 -0.360578 7.156195 -0.000002 8.774811 -0.000001 -16.663111 17.482002 5.581671 -1.844031 2.498502 -2.507276 -10.163584 4.678939 4.621102 -20.975994 -0.000004 -0.000002 -21.226250 2.451690 -3.593996 0.000000 -0.000007 -0.000000 -1.362679 2.240796 -0.746323 -21.334887 0.584909 3.008319 -13.821194 -0.000003 -0.000000 -23.887131 -0.249079 -0.839484 -60.298218 2.580652 -1.433325 -0.294022 1.679686 0.833256 -14.218190 0.093215 1.300578 -34.211998 -0.287564 0.967164 -20.033173 0.964533 1.212838 -0.000000 0.000001 -0.000000 -3.440385 0.788233 0.501654 -15.928164 -3.167306 2.999702 -6.338817 -0.000001 0.000001 -18.123413 3.648175 -4.905662 -0.000004 -0.000000 -0.000002 0.254480 -3.285972 14.222253 61.646702 83.175850 12.055676 -179.503616 41.276081 -179.458786 -6.745018 -3.088228 -16.480684 2.243539 -5.255032 -3.180156 14.282877 -0.826593 6.952494 -0.000001 -12.690590 -0.000003 15.941406 -17.588697 2.276973 1.665665 -1.955920 -2.878298 4.727794 -4.170583 4.993919 11.020513 0.000004 -0.000000 12.109032 -3.735709 -2.866779 0.000000 0.000000 0.000001 1.291982 -1.928547 -1.498089 14.800111 0.567468 3.865601 14.242553 -1.341734 -6.660651 19.631937 0.143929 -0.648244 49.295479 -0.817382 -6.303696 0.353029 -1.511149 -0.031940 20.222767 3.684307 2.316628 18.787245 0.000005 -0.000001 10.751610 -0.479867 1.397904 0.000000 0.000001 0.000000 3.273804 0.305947 -0.580110 21.486790 11.830360 2.266130 8.162916 -0.000002 -0.000001 18.399048 -3.798977 -4.940568 0.000003 -0.000001 -0.000001 12.920376 12.813275 -24.322079 -0.113407 -0.635664 19.878479 -14.577823 -1.922480 8.739768 1.652708 -1.767159 0.122714 0.000000 0.000000 0.000002 -12.506308 -4.812421 -6.217152 0.151446 0.592707 27.921015 14.750496 -2.798470 -20.575937 -1.444647 1.113336 0.035723 -0.000000 -0.000000 -0.000001 
3.078862 95.259766 4.419796 1.126749 -0.139562 1.891056 -0.523956 -0.165804 0.447364 -0.832641 -1.660643 -4.646349 -1.914982 -3.984609 11.107757 -5.907113 6.528684 11.061769 2.828683 13.369821 -3.195286 -5.397532 15.618214 -13.168452 0.000077 -0.000022 0.000006 0.023502 -0.224950 0.006133 0.762594 -3.952686 -10.689037 -0.721841 3.510882 -10.654618 2.058787 -11.122817 12.573586 -18.345591 -30.764372 -57.043282 178.880981 -53.683167 -179.369507 5.877896 -6.007056 0.582393 -5.882099 9.861279 0.702588 -10.936860 -0.360577 7.156196 0.000001 8.774813 -0.000002 -16.631826 17.476536 5.594163 -1.844030 2.498503 -2.507275 -10.163589 4.678939 4.621102 -20.975998 -0.000005 0.000001 -21.226255 2.451690 -3.593995 0.000000 -0.000006 -0.000000 -1.362680 2.240795 -0.746323 -21.334894 0.584908 3.008320 -13.821197 -0.000003 -0.000000 -23.887133 -0.249080 -0.839482 -60.284912 2.567834 -1.430932 -0.294023 1.679687 0.833255 -14.218192 0.093214 1.300578 -34.212006 -0.287565 0.967169 -20.033176 0.964535 1.212841 -0.000000 0.000001 -0.000000 -3.440384 0.788232 0.501654 -15.928169 -3.167307 2.999702 -6.338817 -0.000001 0.000000 -18.123413 3.648174 -4.905661 -0.000004 -0.000001 -0.000002 0.223381 -3.275308 14.229892 61.487976 83.244652 12.033083 -179.416214 41.304615 -179.395721 -6.745897 -3.053862 -16.611124 2.243541 -5.255032 -3.180156 14.282877 -0.826594 6.952496 -0.000000 -12.690590 -0.000001 15.992685 -17.562309 2.284100 1.665667 -1.955921 -2.878297 4.727793 -4.170582 4.993918 11.020513 0.000004 -0.000001 12.109034 -3.735710 -2.866781 0.000000 0.000000 -0.000001 1.291983 -1.928548 -1.498086 14.800114 0.567467 3.865605 14.242553 -1.341735 -6.660648 19.631939 0.143925 -0.648244 49.349449 -0.822023 -6.294796 0.353029 -1.511149 -0.031942 20.222765 3.684304 2.316629 18.787245 0.000006 -0.000001 10.751610 -0.479867 1.397903 0.000000 0.000001 0.000000 3.273804 0.305946 -0.580110 21.486790 11.830360 2.266131 8.162916 -0.000001 0.000001 18.399052 -3.798979 -4.940568 0.000003 -0.000002 -0.000001 12.892535 12.852633 -24.423479 -0.124315 -0.634144 20.156149 -14.534657 -1.952852 8.562611 1.653763 -1.766960 0.119932 0.000000 0.000000 0.000002 -12.557523 -4.767840 -6.096871 0.145357 0.581777 27.631721 14.796767 -2.733679 -20.443892 -1.445488 1.099525 0.024864 -0.000000 -0.000000 -0.000001 
3.203321 95.269508 4.486162 1.097161 -0.205518 1.934177 -0.534242 -0.147935 0.455051 -0.838376 -1.656246 -4.646962 -1.921193 -3.977993 11.091608 -5.864102 6.527681 10.981073 2.855259 13.392513 -3.175905 -5.420721 15.676653 -13.224683 0.000077 -0.000021 0.000006 0.025412 -0.250036 0.005132 0.764302 -3.984652 -10.701102 -0.719034 3.493498 -10.663159 2.059770 -11.084355 12.556964 -18.321205 -30.775526 -56.927933 178.818024 -53.703247 -179.306122 5.896895 -6.054429 0.654064 -5.882102 9.861279 0.702591 -10.936859 -0.360576 7.156197 -0.000001 8.774817 -0.000002 -16.641413 17.505478 5.597546 -1.844030 2.498503 -2.507276 -10.163589 4.678940 4.621102 -20.975996 -0.000005 0.000001 -21.226254 2.451690 -3.593995 0.000000 -0.000005 -0.000000 -1.362680 2.240797 -0.746320 -21.334887 0.584909 3.008320 -13.821194 -0.000003 0.000001 -23.887125 -0.249077 -0.839483 -60.261780 2.557503 -1.438617 -0.294024 1.679687 0.833256 -14.218190 0.093214 1.300578 -34.211998 -0.287564 0.967169 -20.033178 0.964536 1.212841 -0.000000 0.000001 -0.000000 -3.440385 0.788233 0.501655 -15.928165 -3.167306 2.999702 -6.338817 -0.000002 0.000001 -18.123415 3.648176 -4.905661 -0.000004 -0.000002 -0.000002 0.194634 -3.246672 14.246255 61.079838 83.336761 11.804178 -179.288330 41.341999 -179.329483 -6.743598 -3.019036 -16.695734 2.243537 -5.255032 -3.180156 14.282878 -0.826596 6.952495 0.000000 -12.690590 -0.000000 16.024837 -17.537186 2.268279 1.665665 -1.955920 -2.878296 4.727793 -4.170584 4.993918 11.020514 0.000002 -0.000002 12.109035 -3.735712 -2.866779 0.000000 -0.000001 0.000000 1.291985 -1.928547 -1.498086 14.800111 0.567467 3.865602 14.242553 -1.341736 -6.660648 19.631939 0.143924 -0.648244 49.361462 -0.832479 -6.307320 0.353029 -1.511149 -0.031940 20.222767 3.684304 2.316627 18.787247 0.000005 -0.000001 10.751610 -0.479866 1.397903 -0.000000 0.000001 0.000000 3.273803 0.305947 -0.580110 21.486788 11.830360 2.266128 8.162917 -0.000003 -0.000001 18.399052 -3.798980 -4.940569 0.000003 -0.000003 -0.000001 12.856405 12.875455 -24.551445 -0.129459 -0.635843 20.454416 -14.466301 -1.925314 8.364940 1.656658 -1.773663 0.119275 0.000000 -0.000000 0.000002 -12.615270 -4.737436 -6.010615 0.144940 0.573246 27.399330 14.815318 -2.683407 -20.343359 -1.445547 1.089947 0.021283 0.000000 0.000000 -0.000001 
3.314518 95.272820 4.503894 1.069214 -0.300385 1.976185 -0.544141 -0.135788 0.459052 -0.844306 -1.633659 -4.642687 -1.934685 -3.976900 11.072310 -5.830228 6.525115 10.927757 2.874954 13.429781 -3.171130 -5.429478 15.741353 -13.263533 0.000077 -0.000022 0.000006 0.028231 -0.262959 0.007933 0.764854 -3.995919 -10.703294 -0.714228 3.463830 -10.662782 2.065262 -11.072265 12.565194 -18.280077 -30.755497 -56.776814 178.710571 -53.736084 -179.205307 5.937565 -6.097659 0.685938 -5.882100 9.861279 0.702587 -10.936858 -0.360574 7.156196 0.000001 8.774811 -0.000003 -16.576788 17.514580 5.621510 -1.844029 2.498503 -2.507274 -10.163589 4.678939 4.621102 -20.975992 -0.000003 -0.000000 -21.226255 2.451692 -3.593996 0.000000 -0.000007 -0.000000 -1.362680 2.240795 -0.746322 -21.334888 0.584910 3.008318 -13.821194 -0.000004 0.000001 -23.887129 -0.249081 -0.839484 -60.190628 2.555681 -1.464411 -0.294023 1.679687 0.833256 -14.218190 0.093215 1.300577 -34.211998 -0.287564 0.967167 -20.033176 0.964532 1.212841 -0.000000 -0.000000 -0.000000 -3.440384 0.788233 0.501656 -15.928164 -3.167306 2.999701 -6.338814 -0.000001 0.000000 -18.123411 3.648173 -4.905664 -0.000004 -0.000000 -0.000002 0.169706 -3.226580 14.211271 61.189716 83.407089 12.112049 -179.152328 41.384926 -179.330322 -6.733055 -3.020251 -16.722857 2.243539 -5.255031 -3.180156 14.282877 -0.826595 6.952497 0.000000 -12.690590 -0.000000 16.020947 -17.534023 2.279932 1.665664 -1.955920 -2.878298 4.727792 -4.170584 4.993918 11.020512 0.000004 -0.000000 12.109031 -3.735710 -2.866778 0.000000 0.000000 0.000000 1.291985 -1.928548 -1.498086 14.800113 0.567469 3.865604 14.242553 -1.341735 -6.660647 19.631935 0.143926 -0.648240 49.364277 -0.862562 -6.282958 0.353029 -1.511149 -0.031939 20.222769 3.684306 2.316630 18.787245 0.000002 0.000002 10.751610 -0.479867 1.397905 -0.000000 0.000000 0.000000 3.273804 0.305947 -0.580109 21.486790 11.830363 2.266132 8.162915 -0.000001 0.000002 18.399050 -3.798982 -4.940566 0.000003 -0.000001 -0.000001 12.830904 12.927564 -24.656006 -0.153360 -0.638170 20.665518 -14.404583 -1.894790 8.201641 1.659735 -1.770022 0.123547 0.000000 -0.000000 0.000002 -12.662679 -4.688980 -6.002471 0.151478 0.581029 27.241657 14.839466 -2.674066 -20.273348 -1.446119 1.090112 0.014841 0.000000 -0.000000 -0.000001 
3.454416 95.270325 4.542457 1.043746 -0.377274 2.004403 -0.554884 -0.125776 0.472713 -0.852919 -1.619064 -4.647904 -1.948056 -3.962042 11.066899 -5.801944 6.513279 10.888844 2.905387 13.472706 -3.169174 -5.435739 15.801350 -13.319603 0.000077 -0.000023 0.000006 0.026899 -0.249270 0.009425 0.759669 -3.994639 -10.711105 -0.713242 3.480371 -10.665973 2.076256 -11.063370 12.585526 -18.252747 -30.772993 -56.704185 178.682465 -53.719460 -179.125000 5.999969 -6.135288 0.656181 -5.882101 9.861279 0.702592 -10.936859 -0.360573 7.156196 0.000000 8.774812 0.000001 -16.556522 17.512129 5.650057 -1.844030 2.498502 -2.507277 -10.163591 4.678940 4.621105 -20.975992 -0.000004 0.000001 -21.226255 2.451692 -3.593993 0.000000 -0.000006 -0.000000 -1.362680 2.240797 -0.746321 -21.334892 0.584909 3.008321 -13.821195 -0.000004 0.000003 -23.887129 -0.249078 -0.839481 -60.186081 2.561860 -1.456643 -0.294024 1.679686 0.833256 -14.218194 0.093215 1.300579 -34.212006 -0.287564 0.967169 -20.033180 0.964536 1.212841 -0.000000 -0.000000 -0.000000 -3.440385 0.788232 0.501654 -15.928165 -3.167305 2.999703 -6.338816 -0.000000 0.000001 -18.123415 3.648175 -4.905662 -0.000004 -0.000000 -0.000002 0.139564 -3.203510 14.174271 61.283154 83.442696 12.324523 -179.061951 41.405273 -179.357910 -6.748882 -3.045192 -16.745249 2.243539 -5.255032 -3.180156 14.282871 -0.826592 6.952494 -0.000001 -12.690590 -0.000001 16.031748 -17.536217 2.266671 1.665666 -1.955920 -2.878296 4.727794 -4.170582 4.993916 11.020510 0.000003 -0.000002 12.109031 -3.735706 -2.866779 -0.000001 0.000001 0.000001 1.291985 -1.928547 -1.498088 14.800109 0.567468 3.865602 14.242550 -1.341734 -6.660650 19.631935 0.143928 -0.648247 49.369514 -0.857086 -6.257445 0.353028 -1.511149 -0.031941 20.222765 3.684306 2.316627 18.787243 0.000006 -0.000000 10.751608 -0.479867 1.397904 -0.000000 0.000001 -0.000000 3.273801 0.305948 -0.580111 21.486788 11.830361 2.266129 8.162916 0.000001 0.000001 18.399050 -3.798978 -4.940567 0.000003 -0.000002 -0.000001 12.786905 12.939080 -24.803070 -0.157151 -0.626649 21.003643 -14.321486 -1.853184 7.983140 1.659009 -1.772410 0.162008 0.000000 -0.000000 0.000002 -12.733101 -4.644448 -5.962733 0.155293 0.592717 27.092588 14.911417 -2.646763 -20.191362 -1.446250 1.093905 0.045336 -0.000000 -0.000000 -0.000001 
3.556773 95.280014 4.582344 1.019258 -0.445135 2.037104 -0.566037 -0.116885 0.488135 -0.860485 -1.619275 -4.660094 -1.962240 -3.944308 11.056767 -5.766852 6.484777 10.854940 2.915933 13.517420 -3.160560 -5.445408 15.830074 -13.389225 0.000077 -0.000021 0.000006 0.025885 -0.243212 0.009593 0.757163 -3.982341 -10.723595 -0.713486 3.499595 -10.676214 2.096759 -11.064471 12.589397 -18.226742 -30.783722 -56.678741 178.676239 -53.735859 -179.107651 6.044484 -6.141722 0.581781 -5.882099 9.861278 0.702590 -10.936858 -0.360575 7.156199 0.000002 8.774815 -0.000001 -16.554213 17.504425 5.679358 -1.844032 2.498501 -2.507277 -10.163590 4.678939 4.621105 -20.975998 -0.000005 0.000003 -21.226254 2.451692 -3.593991 0.000000 -0.000006 -0.000000 -1.362681 2.240796 -0.746322 -21.334887 0.584908 3.008322 -13.821197 -0.000004 0.000002 -23.887129 -0.249077 -0.839480 -60.184456 2.553732 -1.436690 -0.294026 1.679686 0.833255 -14.218195 0.093214 1.300582 -34.211998 -0.287562 0.967174 -20.033180 0.964535 1.212843 0.000000 0.000001 0.000000 -3.440386 0.788232 0.501656 -15.928173 -3.167306 2.999704 -6.338814 -0.000001 0.000001 -18.123415 3.648176 -4.905660 -0.000004 0.000001 -0.000002 0.106644 -3.167696 14.160533 61.245811 83.508156 12.322307 -179.061462 41.430664 -179.422684 -6.808380 -3.108541 -16.837273 2.243538 -5.255033 -3.180153 14.282877 -0.826597 6.952495 0.000000 -12.690590 0.000003 16.045219 -17.520456 2.254060 1.665665 -1.955920 -2.878296 4.727797 -4.170586 4.993919 11.020511 0.000002 -0.000003 12.109035 -3.735711 -2.866779 -0.000001 0.000001 0.000001 1.291985 -1.928548 -1.498087 14.800111 0.567465 3.865602 14.242553 -1.341735 -6.660650 19.631941 0.143926 -0.648245 49.379288 -0.838691 -6.227229 0.353030 -1.511149 -0.031941 20.222767 3.684303 2.316625 18.787245 0.000006 -0.000003 10.751611 -0.479869 1.397902 -0.000000 0.000000 0.000000 3.273803 0.305947 -0.580110 21.486790 11.830360 2.266127 8.162916 -0.000002 -0.000001 18.399054 -3.798980 -4.940569 0.000003 -0.000003 -0.000001 12.762196 12.943891 -24.916098 -0.159586 -0.627078 21.260464 -14.266480 -1.783841 7.851482 1.658298 -1.784576 0.193762 0.000000 -0.000000 0.000002 -12.780021 -4.604072 -5.945773 0.160363 0.598334 26.990862 14.972880 -2.627292 -20.073671 -1.444666 1.094472 0.108975 -0.000000 -0.000000 -0.000001 
3.633121 95.274223 4.681376 0.996702 -0.478187 2.062259 -0.574851 -0.132372 0.498388 -0.866795 -1.565592 -4.647923 -1.977093 -3.957913 11.042902 -5.743559 6.473449 10.784157 2.930104 13.508018 -3.165768 -5.441309 15.851053 -13.463074 0.000077 -0.000020 0.000006 0.023622 -0.231082 0.011825 0.752601 -3.966691 -10.732944 -0.711260 3.503365 -10.682286 2.111417 -11.073046 12.583988 -18.183552 -30.829960 -56.732162 178.702103 -53.759071 -179.106598 6.038131 -6.159828 0.496731 -5.882100 9.861278 0.702590 -10.936858 -0.360574 7.156196 0.000001 8.774813 -0.000002 -16.545036 17.471195 5.671228 -1.844032 2.498502 -2.507277 -10.163589 4.678939 4.621103 -20.975990 -0.000004 0.000001 -21.226248 2.451693 -3.593995 0.000000 -0.000007 -0.000000 -1.362681 2.240796 -0.746324 -21.334888 0.584909 3.008321 -13.821193 -0.000002 0.000001 -23.887129 -0.249078 -0.839482 -60.191040 2.549608 -1.434365 -0.294025 1.679685 0.833256 -14.218192 0.093215 1.300578 -34.212002 -0.287564 0.967169 -20.033176 0.964534 1.212842 0.000000 0.000000 0.000000 -3.440384 0.788232 0.501656 -15.928164 -3.167305 2.999704 -6.338814 -0.000001 0.000001 -18.123411 3.648177 -4.905662 -0.000004 -0.000001 -0.000002 0.073470 -3.142953 14.126162 61.492325 83.563339 12.525043 -179.075363 41.490612 -179.499268 -6.828292 -3.163872 -16.949121 2.243539 -5.255034 -3.180155 14.282877 -0.826592 6.952495 -0.000000 -12.690592 -0.000001 16.013348 -17.516493 2.244731 1.665664 -1.955919 -2.878296 4.727793 -4.170583 4.993917 11.020512 0.000004 -0.000000 12.109032 -3.735710 -2.866782 -0.000000 0.000000 0.000001 1.291983 -1.928548 -1.498087 14.800111 0.567468 3.865602 14.242548 -1.341735 -6.660648 19.631937 0.143925 -0.648242 49.392368 -0.840544 -6.204216 0.353030 -1.511149 -0.031941 20.222767 3.684307 2.316629 18.787245 0.000004 -0.000000 10.751609 -0.479867 1.397905 -0.000000 0.000000 0.000000 3.273806 0.305947 -0.580111 21.486788 11.830363 2.266133 8.162916 -0.000000 0.000000 18.399052 -3.798978 -4.940568 0.000003 -0.000003 -0.000001 12.761724 12.909688 -24.977283 -0.156023 -0.612317 21.491873 -14.231029 -1.736306 7.609513 1.657016 -1.785551 0.234162 0.000000 0.000000 0.000001 -12.813902 -4.611608 -5.841321 0.167037 0.624604 26.834568 15.038137 -2.626846 -20.049829 -1.444559 1.097497 0.147893 0.000000 -0.000000 -0.000001 
3.744772 95.267410 4.787975 0.977550 -0.516718 2.082993 -0.587230 -0.099618 0.515760 -0.865578 -1.567527 -4.650176 -1.991750 -3.952306 11.033962 -5.726936 6.435001 10.704842 2.941819 13.527082 -3.166892 -5.436850 15.853857 -13.536899 0.000077 -0.000020 0.000006 0.022117 -0.205989 0.011108 0.750159 -3.944969 -10.729558 -0.713341 3.526384 -10.678398 2.101727 -11.067890 12.573546 -18.154604 -30.876770 -56.790371 178.791367 -53.763958 -179.150131 6.028023 -6.193424 0.403446 -5.882102 9.861278 0.702589 -10.936862 -0.360574 7.156199 -0.000001 8.774812 -0.000002 -16.558825 17.461952 5.697220 -1.844030 2.498502 -2.507274 -10.163589 4.678940 4.621104 -20.975998 -0.000003 0.000001 -21.226255 2.451692 -3.593994 0.000000 -0.000007 -0.000000 -1.362680 2.240797 -0.746322 -21.334892 0.584907 3.008321 -13.821197 -0.000003 0.000001 -23.887133 -0.249078 -0.839481 -60.213360 2.532119 -1.423206 -0.294025 1.679686 0.833255 -14.218192 0.093214 1.300578 -34.212002 -0.287565 0.967169 -20.033180 0.964535 1.212842 -0.000000 0.000001 -0.000000 -3.440384 0.788234 0.501655 -15.928169 -3.167306 2.999703 -6.338815 -0.000002 0.000001 -18.123415 3.648176 -4.905662 -0.000004 0.000001 -0.000002 0.059716 -3.110064 14.111328 61.328346 83.594116 12.353879 -179.124161 41.523163 -179.555176 -6.877757 -3.202475 -17.062870 2.243539 -5.255032 -3.180153 14.282878 -0.826595 6.952496 -0.000000 -12.690587 0.000000 15.995283 -17.537050 2.238485 1.665665 -1.955921 -2.878296 4.727796 -4.170584 4.993919 11.020514 0.000003 -0.000001 12.109033 -3.735710 -2.866781 0.000000 0.000000 -0.000001 1.291983 -1.928547 -1.498086 14.800114 0.567467 3.865603 14.242554 -1.341735 -6.660650 19.631939 0.143925 -0.648246 49.435020 -0.827254 -6.222439 0.353029 -1.511148 -0.031941 20.222771 3.684304 2.316625 18.787245 0.000005 -0.000001 10.751610 -0.479869 1.397904 -0.000000 0.000000 0.000000 3.273806 0.305947 -0.580110 21.486788 11.830359 2.266131 8.162916 -0.000001 0.000000 18.399050 -3.798978 -4.940567 0.000003 -0.000002 -0.000001 12.732139 12.891491 -25.059853 -0.159575 -0.615624 21.786274 -14.176623 -1.691237 7.322663 1.655280 -1.788310 0.281134 -0.000000 -0.000000 0.000002 -12.878369 -4.594569 -5.709360 0.167802 0.623777 26.636791 15.113871 -2.583512 -20.005634 -1.445815 1.108108 0.168989 -0.000000 -0.000000 -0.000001 
3.838754 95.276062 4.913917 0.951999 -0.542125 2.117870 -0.591885 -0.086208 0.517420 -0.862669 -1.568531 -4.646946 -1.992138 -3.941423 11.016556 -5.734813 6.418554 10.613892 2.961265 13.515503 -3.174744 -5.429725 15.866615 -13.600390 0.000077 -0.000021 0.000006 0.019482 -0.194656 0.012532 0.749082 -3.937452 -10.724301 -0.715437 3.541772 -10.672589 2.076638 -11.097231 12.581341 -18.127876 -30.894302 -56.893616 178.874527 -53.773087 -179.226227 6.015250 -6.238809 0.365729 -5.882101 9.861279 0.702590 -10.936858 -0.360573 7.156199 -0.000002 8.774812 -0.000001 -16.554354 17.455624 5.716251 -1.844030 2.498502 -2.507277 -10.163589 4.678939 4.621106 -20.975992 -0.000004 0.000001 -21.226250 2.451692 -3.593993 0.000000 -0.000006 -0.000000 -1.362682 2.240795 -0.746324 -21.334890 0.584907 3.008320 -13.821191 -0.000003 0.000003 -23.887125 -0.249078 -0.839481 -60.279175 2.534759 -1.421336 -0.294024 1.679686 0.833256 -14.218194 0.093214 1.300581 -34.211998 -0.287564 0.967171 -20.033178 0.964534 1.212843 -0.000000 0.000001 -0.000000 -3.440385 0.788232 0.501654 -15.928167 -3.167306 2.999707 -6.338815 -0.000002 0.000002 -18.123415 3.648177 -4.905659 -0.000004 -0.000001 -0.000002 0.060788 -3.074512 14.104995 61.067276 83.619789 12.118642 -179.140686 41.584061 -179.597000 -6.894684 -3.187094 -17.109501 2.243541 -5.255033 -3.180153 14.282877 -0.826594 6.952497 -0.000002 -12.690591 0.000000 15.925944 -17.542908 2.240757 1.665665 -1.955920 -2.878297 4.727793 -4.170584 4.993920 11.020510 0.000003 -0.000001 12.109034 -3.735709 -2.866780 -0.000000 0.000000 0.000000 1.291983 -1.928548 -1.498089 14.800114 0.567467 3.865603 14.242553 -1.341735 -6.660648 19.631937 0.143929 -0.648244 49.467876 -0.817911 -6.234638 0.353028 -1.511150 -0.031939 20.222767 3.684305 2.316628 18.787245 0.000005 0.000001 10.751611 -0.479869 1.397905 0.000000 -0.000000 0.000000 3.273805 0.305948 -0.580111 21.486790 11.830365 2.266132 8.162916 -0.000000 0.000000 18.399050 -3.798979 -4.940566 0.000003 -0.000003 -0.000001 12.712360 12.898345 -25.132755 -0.161035 -0.615711 22.046553 -14.144071 -1.703420 7.104458 1.654084 -1.789219 0.312441 0.000000 -0.000000 0.000002 -12.920756 -4.568645 -5.549508 0.166700 0.610151 26.384996 15.171033 -2.551855 -19.923243 -1.447257 1.118549 0.191245 0.000000 0.000000 -0.000001 
3.919847 95.275383 4.990650 0.921653 -0.545933 2.163710 -0.587958 -0.084320 0.502868 -0.858983 -1.542530 -4.636543 -1.993910 -3.965749 10.986282 -5.746821 6.417538 10.535863 2.982045 13.489111 -3.167045 -5.433329 15.914554 -13.697750 0.000077 -0.000021 0.000006 0.018276 -0.174818 0.017459 0.746866 -3.909191 -10.698713 -0.715084 3.552228 -10.645770 2.062255 -11.111118 12.555002 -18.115183 -30.903763 -56.950481 178.930466 -53.774239 -179.283478 6.027470 -6.283348 0.398635 -5.882100 9.861279 0.702590 -10.936857 -0.360576 7.156196 -0.000001 8.774815 -0.000000 -16.542141 17.452410 5.721543 -1.844030 2.498504 -2.507276 -10.163589 4.678941 4.621103 -20.975994 -0.000004 0.000001 -21.226250 2.451692 -3.593995 0.000000 -0.000007 -0.000000 -1.362678 2.240798 -0.746321 -21.334887 0.584910 3.008320 -13.821194 -0.000003 0.000002 -23.887131 -0.249079 -0.839482 -60.301640 2.531577 -1.393518 -0.294026 1.679685 0.833254 -14.218194 0.093214 1.300578 -34.212002 -0.287564 0.967170 -20.033180 0.964536 1.212842 0.000000 0.000001 0.000000 -3.440385 0.788232 0.501655 -15.928167 -3.167306 2.999705 -6.338817 -0.000001 0.000001 -18.123411 3.648177 -4.905661 -0.000004 -0.000001 -0.000002 0.062949 -3.066220 14.123750 60.593166 83.698326 11.761801 -179.056061 41.672157 -179.563828 -6.885585 -3.138409 -17.114468 2.243540 -5.255033 -3.180155 14.282875 -0.826592 6.952498 0.000000 -12.690591 -0.000001 15.925504 -17.560787 2.255066 1.665665 -1.955921 -2.878298 4.727792 -4.170582 4.993917 11.020512 0.000004 -0.000001 12.109030 -3.735709 -2.866780 -0.000000 -0.000000 -0.000001 1.291982 -1.928548 -1.498087 14.800113 0.567467 3.865605 14.242551 -1.341735 -6.660647 19.631939 0.143925 -0.648240 49.527569 -0.810335 -6.246788 0.353028 -1.511149 -0.031941 20.222769 3.684308 2.316630 18.787247 0.000005 0.000001 10.751611 -0.479870 1.397905 -0.000000 0.000001 0.000000 3.273803 0.305947 -0.580109 21.486790 11.830363 2.266134 8.162916 -0.000001 0.000001 18.399052 -3.798980 -4.940564 0.000003 -0.000003 -0.000001 12.686092 12.913688 -25.207310 -0.154709 -0.613725 22.199909 -14.096387 -1.752098 6.910959 1.652675 -1.781384 0.343750 0.000000 -0.000000 0.000002 -12.940402 -4.553831 -5.443054 0.170037 0.610518 26.163002 15.215007 -2.538570 -19.900217 -1.448184 1.124797 0.209403 -0.000000 -0.000000 -0.000001 
3.950403 95.282898 5.061086 0.898998 -0.551165 2.216239 -0.583360 -0.084367 0.483641 -0.853670 -1.547898 -4.631669 -1.990746 -3.944798 10.945209 -5.752666 6.415435 10.462998 2.996699 13.499060 -3.160253 -5.426875 15.954375 -13.776743 0.000077 -0.000021 0.000006 0.018549 -0.174829 0.021176 0.744775 -3.898852 -10.675122 -0.714858 3.558134 -10.624505 2.039460 -11.122487 12.518391 -18.152390 -30.930193 -56.987263 178.961288 -53.744701 -179.345978 6.054238 -6.345743 0.509983 -5.882100 9.861279 0.702590 -10.936858 -0.360575 7.156198 -0.000001 8.774812 -0.000002 -16.537235 17.501213 5.714198 -1.844029 2.498503 -2.507275 -10.163591 4.678939 4.621103 -20.975996 -0.000005 0.000002 -21.226255 2.451690 -3.593993 0.000001 -0.000006 -0.000000 -1.362681 2.240797 -0.746323 -21.334894 0.584906 3.008321 -13.821195 -0.000004 0.000002 -23.887131 -0.249077 -0.839481 -60.310398 2.536826 -1.374094 -0.294024 1.679687 0.833255 -14.218195 0.093213 1.300581 -34.212006 -0.287565 0.967171 -20.033180 0.964535 1.212843 -0.000000 -0.000000 -0.000000 -3.440385 0.788233 0.501655 -15.928169 -3.167309 2.999702 -6.338815 -0.000002 0.000000 -18.123411 3.648176 -4.905660 -0.000004 -0.000000 -0.000002 0.060243 -3.035255 14.140798 60.345196 83.747360 11.556875 -179.028076 41.753548 -179.522385 -6.899267 -3.100310 -17.097027 2.243541 -5.255033 -3.180155 14.282877 -0.826592 6.952494 -0.000003 -12.690590 -0.000001 15.990553 -17.557343 2.244984 1.665665 -1.955920 -2.878297 4.727794 -4.170584 4.993918 11.020512 0.000004 -0.000003 12.109034 -3.735709 -2.866781 -0.000000 0.000001 0.000001 1.291984 -1.928548 -1.498090 14.800113 0.567469 3.865602 14.242554 -1.341736 -6.660650 19.631941 0.143928 -0.648244 49.635284 -0.797870 -6.255600 0.353029 -1.511150 -0.031940 20.222769 3.684308 2.316626 18.787247 0.000007 -0.000002 10.751611 -0.479867 1.397903 0.000000 -0.000001 0.000000 3.273804 0.305948 -0.580109 21.486794 11.830367 2.266130 8.162916 0.000001 -0.000001 18.399052 -3.798977 -4.940569 0.000003 -0.000002 -0.000001 12.672471 12.971953 -25.245461 -0.147961 -0.622722 22.256420 -14.045770 -1.794251 6.814877 1.653559 -1.784375 0.374581 0.000000 0.000000 0.000002 -12.927313 -4.531022 -5.365203 0.168676 0.614795 25.975622 15.241505 -2.528951 -19.888330 -1.449655 1.111491 0.225418 0.000000 0.000000 -0.000001 
3.995756 95.285759 5.155129 0.881608 -0.544660 2.267085 -0.571966 -0.124950 0.448666 -0.845049 -1.529304 -4.614477 -1.990718 -3.934075 10.897220 -5.767459 6.442056 10.370167 3.000711 13.480825 -3.181562 -5.400516 15.992249 -13.811844 0.000077 -0.000022 0.000006 0.018452 -0.168726 0.020982 0.742667 -3.895296 -10.654718 -0.713683 3.563046 -10.608487 1.993324 -11.140007 12.471491 -18.203457 -30.896765 -56.979012 178.898148 -53.734207 -179.367432 6.081194 -6.421660 0.690704 -5.882099 9.861279 0.702590 -10.936858 -0.360574 7.156197 -0.000001 8.774813 -0.000001 -16.546774 17.521023 5.695403 -1.844031 2.498503 -2.507276 -10.163589 4.678941 4.621105 -20.975998 -0.000004 0.000001 -21.226254 2.451693 -3.593994 0.000000 -0.000008 -0.000001 -1.362679 2.240797 -0.746323 -21.334894 0.584909 3.008319 -13.821198 -0.000003 0.000001 -23.887131 -0.249078 -0.839482 -60.287182 2.557072 -1.342317 -0.294026 1.679687 0.833257 -14.218194 0.093216 1.300579 -34.212006 -0.287562 0.967167 -20.033180 0.964535 1.212842 0.000000 0.000001 0.000000 -3.440387 0.788232 0.501654 -15.928167 -3.167307 2.999703 -6.338817 -0.000001 0.000001 -18.123415 3.648178 -4.905662 -0.000004 -0.000000 -0.000002 0.044142 -3.006970 14.165357 60.089127 83.846199 11.295553 -179.018936 41.852146 -179.501007 -6.933018 -2.986471 -16.967518 2.243541 -5.255031 -3.180155 14.282873 -0.826594 6.952495 -0.000001 -12.690590 -0.000001 16.084126 -17.587681 2.220611 1.665666 -1.955917 -2.878298 4.727795 -4.170582 4.993917 11.020512 0.000002 -0.000002 12.109033 -3.735710 -2.866781 0.000001 -0.000000 0.000001 1.291985 -1.928547 -1.498088 14.800117 0.567469 3.865602 14.242554 -1.341735 -6.660650 19.631939 0.143926 -0.648245 49.723339 -0.788062 -6.281646 0.353029 -1.511148 -0.031940 20.222769 3.684304 2.316628 18.787247 0.000006 -0.000002 10.751610 -0.479869 1.397903 -0.000000 0.000001 0.000000 3.273804 0.305947 -0.580110 21.486794 11.830360 2.266129 8.162917 0.000000 -0.000000 18.399050 -3.798978 -4.940567 0.000003 -0.000002 -0.000001 12.650617 13.017110 -25.276731 -0.145259 -0.617730 22.329626 -13.970117 -1.852824 6.657465 1.656931 -1.781690 0.394750 0.000000 0.000000 0.000002 -12.930433 -4.516628 -5.255642 0.173828 0.636924 25.768679 15.273928 -2.544674 -19.887712 -1.450468 1.097302 0.227425 0.000000 -0.000000 -0.000001 
4.010329 95.285042 5.234792 0.883191 -0.550377 2.323867 -0.577253 -0.154541 0.417078 -0.835097 -1.527808 -4.620884 -1.997503 -3.931412 10.859672 -5.775496 6.490654 10.275390 2.993220 13.497094 -3.195085 -5.375726 16.034100 -13.822009 0.000077 -0.000022 0.000006 0.016248 -0.155806 0.019511 0.743645 -3.891311 -10.643189 -0.716058 3.563371 -10.598155 1.957656 -11.151365 12.452273 -18.239241 -30.855385 -57.106129 178.888077 -53.701057 -179.420670 6.054102 -6.530695 0.891884 -5.882102 9.861280 0.702589 -10.936858 -0.360576 7.156196 -0.000002 8.774812 -0.000003 -16.575525 17.569540 5.660800 -1.844033 2.498502 -2.507276 -10.163586 4.678940 4.621103 -20.975992 -0.000002 -0.000001 -21.226250 2.451693 -3.593997 0.000000 -0.000007 -0.000000 -1.362680 2.240797 -0.746323 -21.334887 0.584909 3.008318 -13.821192 -0.000004 -0.000000 -23.887123 -0.249078 -0.839484 -60.269817 2.566673 -1.327244 -0.294025 1.679686 0.833255 -14.218190 0.093215 1.300577 -34.211998 -0.287563 0.967165 -20.033173 0.964533 1.212839 -0.000000 -0.000000 -0.000000 -3.440387 0.788232 0.501654 -15.928164 -3.167306 2.999702 -6.338815 -0.000000 0.000001 -18.123411 3.648175 -4.905663 -0.000004 -0.000001 -0.000002 0.020341 -2.988743 14.183267 59.912663 83.969238 11.094702 -178.968597 41.959644 -179.400192 -7.049270 -2.811983 -16.831411 2.243539 -5.255032 -3.180155 14.282877 -0.826593 6.952496 -0.000002 -12.690590 0.000000 16.158237 -17.670551 2.233030 1.665664 -1.955919 -2.878298 4.727791 -4.170582 4.993918 11.020510 0.000004 -0.000001 12.109029 -3.735709 -2.866781 -0.000000 0.000001 0.000001 1.291985 -1.928547 -1.498088 14.800113 0.567467 3.865602 14.242554 -1.341736 -6.660649 19.631937 0.143925 -0.648243 49.778461 -0.812664 -6.316985 0.353029 -1.511150 -0.031940 20.222769 3.684306 2.316627 18.787245 0.000006 -0.000001 10.751610 -0.479868 1.397904 -0.000000 0.000001 -0.000000 3.273803 0.305949 -0.580112 21.486790 11.830362 2.266131 8.162916 -0.000000 0.000000 18.399050 -3.798979 -4.940566 0.000003 -0.000002 -0.000001 12.627072 13.049337 -25.266405 -0.137770 -0.617606 22.298372 -13.950941 -1.874698 6.518017 1.661414 -1.785955 0.423182 -0.000000 -0.000000 0.000002 -12.923538 -4.482551 -5.202017 0.166508 0.664025 25.635790 15.285685 -2.536580 -19.926281 -1.451127 1.086626 0.263948 0.000000 0.000000 -0.000001 
4.063634 95.292404 5.472666 0.900266 -0.535878 2.382478 -0.589907 -0.182084 0.391435 -0.821912 -1.555557 -4.646484 -1.999884 -3.910569 10.829940 -5.794247 6.551533 10.149527 3.009025 13.515828 -3.194638 -5.347075 16.058430 -13.820541 0.000077 -0.000022 0.000006 0.015077 -0.168878 0.013570 0.742849 -3.892504 -10.638184 -0.715419 3.544819 -10.593819 1.956991 -11.188292 12.445245 -18.248043 -30.797581 -57.290630 178.803238 -53.657036 -179.344696 5.994527 -6.610310 0.880149 -5.882099 9.861281 0.702591 -10.936858 -0.360574 7.156196 -0.000002 8.774816 -0.000000 -16.545437 17.588795 5.633210 -1.844032 2.498502 -2.507276 -10.163589 4.678940 4.621105 -20.975992 -0.000003 0.000003 -21.226248 2.451694 -3.593992 0.000000 -0.000007 -0.000000 -1.362680 2.240797 -0.746321 -21.334892 0.584907 3.008322 -13.821192 -0.000003 0.000003 -23.887131 -0.249078 -0.839479 -60.122456 2.562618 -1.291467 -0.294025 1.679686 0.833255 -14.218190 0.093215 1.300580 -34.211998 -0.287564 0.967172 -20.033176 0.964534 1.212842 -0.000000 -0.000000 -0.000000 -3.440386 0.788233 0.501655 -15.928165 -3.167306 2.999704 -6.338817 -0.000001 0.000003 -18.123415 3.648177 -4.905660 -0.000004 0.000001 -0.000002 -0.016877 -2.998426 14.229688 59.574326 84.216965 10.662028 -178.937836 42.076897 -179.373337 -7.256208 -2.675453 -16.572721 2.243541 -5.255033 -3.180154 14.282873 -0.826595 6.952496 -0.000002 -12.690590 0.000001 16.250229 -17.732121 2.177778 1.665664 -1.955920 -2.878296 4.727792 -4.170585 4.993918 11.020510 0.000004 -0.000002 12.109030 -3.735710 -2.866779 -0.000001 0.000001 0.000001 1.291984 -1.928548 -1.498089 14.800113 0.567466 3.865602 14.242551 -1.341734 -6.660649 19.631939 0.143926 -0.648244 49.732960 -0.808820 -6.381249 0.353028 -1.511149 -0.031940 20.222765 3.684305 2.316628 18.787245 0.000005 -0.000000 10.751610 -0.479868 1.397904 -0.000000 0.000001 0.000000 3.273805 0.305948 -0.580109 21.486794 11.830363 2.266130 8.162916 -0.000001 -0.000000 18.399054 -3.798981 -4.940568 0.000003 -0.000002 -0.000001 12.582471 13.034932 -25.234772 -0.129231 -0.625811 22.427664 -13.929562 -1.875615 6.196697 1.669769 -1.795424 0.450167 0.000000 0.000000 0.000002 -12.959452 -4.396838 -4.954853 0.152332 0.676751 25.337273 15.324165 -2.545831 -19.915340 -1.451196 1.076604 0.309426 0.000000 0.000000 -0.000001 
4.148094 95.282097 5.722222 0.932796 -0.519374 2.420929 -0.607967 -0.228222 0.395424 -0.814409 -1.554346 -4.671549 -2.000740 -3.928575 10.783584 -5.800302 6.618489 10.047666 3.031013 13.491777 -3.183238 -5.321728 16.078548 -13.820092 0.000077 -0.000022 0.000006 0.014198 -0.181033 0.003681 0.739211 -3.892139 -10.636107 -0.716282 3.538471 -10.593434 2.034703 -11.217788 12.417061 -18.348423 -30.722408 -57.551826 178.794205 -53.636982 -179.221649 5.971457 -6.695027 0.658847 -5.882102 9.861278 0.702589 -10.936860 -0.360573 7.156197 -0.000000 8.774813 -0.000000 -16.588823 17.663509 5.648522 -1.844030 2.498503 -2.507275 -10.163589 4.678941 4.621106 -20.975996 -0.000002 0.000002 -21.226254 2.451693 -3.593993 0.000000 -0.000007 -0.000001 -1.362680 2.240796 -0.746322 -21.334887 0.584909 3.008322 -13.821197 -0.000003 0.000002 -23.887133 -0.249075 -0.839482 -60.029732 2.540369 -1.240612 -0.294024 1.679686 0.833255 -14.218192 0.093215 1.300578 -34.212006 -0.287561 0.967172 -20.033184 0.964536 1.212842 0.000001 0.000001 -0.000000 -3.440384 0.788232 0.501657 -15.928169 -3.167305 2.999704 -6.338816 -0.000002 0.000003 -18.123415 3.648178 -4.905661 -0.000004 -0.000001 -0.000002 -0.118648 -2.990495 14.218933 59.144974 84.426552 10.020957 -178.944565 42.154919 -179.368484 -7.585202 -2.566869 -16.255713 2.243540 -5.255032 -3.180154 14.282877 -0.826594 6.952497 -0.000001 -12.690591 0.000000 16.355267 -17.827991 2.140157 1.665666 -1.955920 -2.878295 4.727794 -4.170583 4.993918 11.020511 0.000005 -0.000002 12.109033 -3.735709 -2.866779 0.000000 0.000001 0.000001 1.291984 -1.928547 -1.498088 14.800117 0.567470 3.865601 14.242554 -1.341735 -6.660648 19.631939 0.143927 -0.648243 49.677307 -0.859376 -6.457696 0.353028 -1.511148 -0.031940 20.222769 3.684309 2.316628 18.787245 0.000005 -0.000000 10.751611 -0.479866 1.397904 -0.000000 -0.000000 -0.000000 3.273803 0.305946 -0.580110 21.486792 11.830362 2.266132 8.162916 -0.000002 0.000001 18.399050 -3.798979 -4.940566 0.000003 -0.000002 -0.000001 12.530244 12.917613 -25.189556 -0.129877 -0.629193 22.598551 -13.903358 -1.838646 5.740845 1.675710 -1.827829 0.483441 0.000000 0.000000 0.000002 -13.030482 -4.288873 -4.665471 0.142891 0.707125 25.013535 15.397141 -2.617653 -19.966009 -1.447562 1.069724 0.335647 -0.000000 0.000000 -0.000001 
4.271016 95.291496 5.964051 0.965265 -0.513951 2.422576 -0.603743 -0.257081 0.451206 -0.807418 -1.596370 -4.735987 -2.012402 -3.893466 10.779611 -5.804956 6.693492 9.926562 3.043957 13.408698 -3.182148 -5.215551 16.014441 -13.768074 0.000077 -0.000022 0.000006 0.014726 -0.187121 -0.009416 0.739090 -3.908187 -10.635098 -0.713342 3.530068 -10.586412 2.160357 -11.219397 12.433918 -18.464783 -30.707655 -57.750614 178.649017 -53.704395 -179.005585 5.966408 -6.865392 0.534297 -5.882101 9.861279 0.702590 -10.936858 -0.360575 7.156195 -0.000000 8.774815 -0.000001 -16.579872 17.806622 5.674913 -1.844033 2.498502 -2.507276 -10.163587 4.678940 4.621104 -20.975992 -0.000003 0.000001 -21.226250 2.451693 -3.593995 0.000000 -0.000007 -0.000000 -1.362680 2.240796 -0.746323 -21.334887 0.584909 3.008318 -13.821193 -0.000003 0.000001 -23.887129 -0.249080 -0.839483 -59.937672 2.534422 -1.241016 -0.294025 1.679687 0.833256 -14.218192 0.093215 1.300579 -34.211998 -0.287562 0.967168 -20.033176 0.964536 1.212840 -0.000000 -0.000000 -0.000000 -3.440384 0.788233 0.501654 -15.928165 -3.167306 2.999702 -6.338816 -0.000001 0.000002 -18.123411 3.648176 -4.905663 -0.000004 -0.000000 -0.000002 -0.233592 -2.957982 14.182874 58.226635 84.594330 8.818565 -178.967209 42.174160 -179.373154 -7.911970 -2.586286 -16.036060 2.243541 -5.255033 -3.180155 14.282877 -0.826592 6.952497 -0.000002 -12.690592 0.000000 16.388968 -17.946196 2.079631 1.665664 -1.955920 -2.878294 4.727793 -4.170583 4.993919 11.020512 0.000004 0.000001 12.109034 -3.735710 -2.866778 0.000000 0.000001 0.000000 1.291984 -1.928548 -1.498088 14.800111 0.567469 3.865605 14.242554 -1.341737 -6.660650 19.631939 0.143925 -0.648242 49.539925 -0.903862 -6.539495 0.353030 -1.511150 -0.031939 20.222773 3.684307 2.316631 18.787249 0.000006 0.000002 10.751610 -0.479869 1.397906 -0.000000 -0.000001 0.000000 3.273802 0.305947 -0.580109 21.486795 11.830365 2.266134 8.162919 -0.000001 0.000000 18.399055 -3.798980 -4.940566 0.000003 -0.000003 -0.000001 12.474652 12.737728 -25.180201 -0.129105 -0.630991 22.919981 -13.878354 -1.786064 5.365280 1.675922 -1.847526 0.504891 -0.000000 -0.000000 0.000002 -13.128068 -4.143848 -4.358154 0.130958 0.733031 24.716396 15.515122 -2.708570 -19.877682 -1.442781 1.079481 0.350434 0.000000 0.000000 -0.000001 
