HIERARCHY
ROOT Hips
{
	OFFSET 0.000000 0.000000 0.000000
	CHANNELS 6 Xposition Yposition Zposition Zrotation Yrotation Xrotation 
	JOINT Spine1
	{
		OFFSET -0.013727 5.003763 -0.053727
		CHANNELS 3 Zrotation Yrotation Xrotation
		JOINT Spine2
		{
			OFFSET -0.000000 7.125302 -0.029825
			CHANNELS 3 Zrotation Yrotation Xrotation
			JOINT Chest
			{
				OFFSET -0.000001 7.550064 -0.815971
				CHANNELS 3 Zrotation Yrotation Xrotation
				JOINT Neck1
				{
					OFFSET -0.181676 26.311296 -0.553349
					CHANNELS 3 Zrotation Yrotation Xrotation
					JOINT Neck2
					{
						OFFSET -0.000003 7.709399 2.302586
						CHANNELS 3 Zrotation Yrotation Xrotation
						JOINT Head
						{
							OFFSET -0.000005 6.128913 1.953709
							CHANNELS 3 Zrotation Yrotation Xrotation
							JOINT HeadEnd
							{
								OFFSET 0.003598 16.065401 -1.835379
								CHANNELS 3 Zrotation Yrotation Xrotation
								End Site
								{
									OFFSET 0.000000 0.000000 0.000000
								}
							}
							JOINT Jaw
							{
								OFFSET 0.002637 0.475592 3.094941
								CHANNELS 3 Zrotation Yrotation Xrotation
								End Site
								{
									OFFSET 0.000000 0.000000 0.000000
								}
							}
							JOINT LeftEye
							{
								OFFSET 3.206381 5.380207 7.586883
								CHANNELS 3 Zrotation Yrotation Xrotation
								End Site
								{
									OFFSET 0.000000 0.000000 0.000000
								}
							}
							JOINT RightEye
							{
								OFFSET -3.222440 5.361867 7.558232
								CHANNELS 3 Zrotation Yrotation Xrotation
								End Site
								{
									OFFSET 0.000000 0.000000 0.000000
								}
							}
						}
					}
				}
				JOINT LeftShoulder
				{
					OFFSET 1.621652 23.237165 5.113413
					CHANNELS 3 Zrotation Yrotation Xrotation
					JOINT LeftArm
					{
						OFFSET 14.919845 0.000000 -5.502326
						CHANNELS 3 Zrotation Yrotation Xrotation
						JOINT LeftForeArm
						{
							OFFSET 28.739309 0.000003 -0.002588
							CHANNELS 3 Zrotation Yrotation Xrotation
							JOINT LeftHand
							{
								OFFSET 27.093979 -0.000003 0.002609
								CHANNELS 3 Zrotation Yrotation Xrotation
								JOINT LeftHandThumb1
								{
									OFFSET 2.276480 -1.392046 3.191413
									CHANNELS 3 Zrotation Yrotation Xrotation
									JOINT LeftHandThumb2
									{
										OFFSET 4.012841 -1.828126 1.641655
										CHANNELS 3 Zrotation Yrotation Xrotation
										JOINT LeftHandThumb3
										{
											OFFSET 2.798516 0.000001 -0.000003
											CHANNELS 3 Zrotation Yrotation Xrotation
											JOINT LeftHandThumbEnd
											{
												OFFSET 3.180791 -0.000001 0.000003
												CHANNELS 3 Zrotation Yrotation Xrotation
												End Site
												{
													OFFSET 0.000000 0.000000 0.000000
												}
											}
										}
									}
								}
								JOINT LeftHandIndex1
								{
									OFFSET 3.247553 -0.531998 2.296169
									CHANNELS 3 Zrotation Yrotation Xrotation
									JOINT LeftHandIndex2
									{
										OFFSET 6.364580 0.012062 0.178600
										CHANNELS 3 Zrotation Yrotation Xrotation
										JOINT LeftHandIndex3
										{
											OFFSET 3.662366 0.000001 -0.000000
											CHANNELS 3 Zrotation Yrotation Xrotation
											JOINT LeftHandIndex4
											{
												OFFSET 2.329243 0.000003 0.000004
												CHANNELS 3 Zrotation Yrotation Xrotation
												JOINT LeftHandIndexEnd
												{
													OFFSET 2.759619 -0.180539 -0.113024
													CHANNELS 3 Zrotation Yrotation Xrotation
													End Site
													{
														OFFSET 0.000000 0.000000 0.000000
													}
												}
											}
										}
									}
								}
								JOINT LeftHandMiddle1
								{
									OFFSET 3.163499 0.240982 1.000332
									CHANNELS 3 Zrotation Yrotation Xrotation
									JOINT LeftHandMiddle2
									{
										OFFSET 6.190778 -0.259276 -1.002549
										CHANNELS 3 Zrotation Yrotation Xrotation
										JOINT LeftHandMiddle3
										{
											OFFSET 4.356523 -0.000006 0.000000
											CHANNELS 3 Zrotation Yrotation Xrotation
											JOINT LeftHandMiddle4
											{
												OFFSET 2.996875 -0.000007 0.000001
												CHANNELS 3 Zrotation Yrotation Xrotation
												JOINT LeftHandMiddleEnd
												{
													OFFSET 2.304294 -0.294571 -0.031740
													CHANNELS 3 Zrotation Yrotation Xrotation
													End Site
													{
														OFFSET 0.000000 0.000000 0.000000
													}
												}
											}
										}
									}
								}
								JOINT LeftHandRing1
								{
									OFFSET 2.882642 -0.053650 -0.322543
									CHANNELS 3 Zrotation Yrotation Xrotation
									JOINT LeftHandRing2
									{
										OFFSET 5.854543 -0.486203 -1.373841
										CHANNELS 3 Zrotation Yrotation Xrotation
										JOINT LeftHandRing3
										{
											OFFSET 4.350581 0.000001 0.000003
											CHANNELS 3 Zrotation Yrotation Xrotation
											JOINT LeftHandRing4
											{
												OFFSET 2.651324 0.000008 0.000003
												CHANNELS 3 Zrotation Yrotation Xrotation
												JOINT LeftHandRingEnd
												{
													OFFSET 1.936111 0.077685 -0.000070
													CHANNELS 3 Zrotation Yrotation Xrotation
													End Site
													{
														OFFSET 0.000000 0.000000 0.000000
													}
												}
											}
										}
									}
								}
								JOINT LeftHandPinky1
								{
									OFFSET 2.865499 -0.310004 -1.600378
									CHANNELS 3 Zrotation Yrotation Xrotation
									JOINT LeftHandPinky2
									{
										OFFSET 5.087853 -1.331142 -1.771231
										CHANNELS 3 Zrotation Yrotation Xrotation
										JOINT LeftHandPinky3
										{
											OFFSET 3.070975 0.000003 0.000001
											CHANNELS 3 Zrotation Yrotation Xrotation
											JOINT LeftHandPinky4
											{
												OFFSET 1.549668 0.000000 0.000001
												CHANNELS 3 Zrotation Yrotation Xrotation
												JOINT LeftHandPinkyEnd
												{
													OFFSET 1.944895 -0.157802 0.057219
													CHANNELS 3 Zrotation Yrotation Xrotation
													End Site
													{
														OFFSET 0.000000 0.000000 0.000000
													}
												}
											}
										}
									}
								}
							}
						}
					}
				}
				JOINT RightShoulder
				{
					OFFSET -1.380118 23.180309 5.214158
					CHANNELS 3 Zrotation Yrotation Xrotation
					JOINT RightArm
					{
						OFFSET -15.037197 0.000012 -5.545604
						CHANNELS 3 Zrotation Yrotation Xrotation
						JOINT RightForeArm
						{
							OFFSET -28.736639 0.000003 -0.002597
							CHANNELS 3 Zrotation Yrotation Xrotation
							JOINT RightHand
							{
								OFFSET -27.133617 -0.000000 0.002613
								CHANNELS 3 Zrotation Yrotation Xrotation
								JOINT RightHandThumb1
								{
									OFFSET -2.274036 -1.383990 3.163128
									CHANNELS 3 Zrotation Yrotation Xrotation
									JOINT RightHandThumb2
									{
										OFFSET -4.011428 -1.827468 1.640914
										CHANNELS 3 Zrotation Yrotation Xrotation
										JOINT RightHandThumb3
										{
											OFFSET -2.794934 -0.000003 -0.000003
											CHANNELS 3 Zrotation Yrotation Xrotation
											JOINT RightHandThumbEnd
											{
												OFFSET -3.183855 0.000003 -0.000000
												CHANNELS 3 Zrotation Yrotation Xrotation
												End Site
												{
													OFFSET 0.000000 0.000000 0.000000
												}
											}
										}
									}
								}
								JOINT RightHandIndex1
								{
									OFFSET -3.253269 -0.520060 2.282866
									CHANNELS 3 Zrotation Yrotation Xrotation
									JOINT RightHandIndex2
									{
										OFFSET -6.341918 0.012473 0.178265
										CHANNELS 3 Zrotation Yrotation Xrotation
										JOINT RightHandIndex3
										{
											OFFSET -3.654875 -0.000009 -0.000001
											CHANNELS 3 Zrotation Yrotation Xrotation
											JOINT RightHandIndex4
											{
												OFFSET -2.327586 0.000000 0.000000
												CHANNELS 3 Zrotation Yrotation Xrotation
												JOINT RightHandIndexEnd
												{
													OFFSET -2.761789 -0.180657 -0.113078
													CHANNELS 3 Zrotation Yrotation Xrotation
													End Site
													{
														OFFSET 0.000000 0.000000 0.000000
													}
												}
											}
										}
									}
								}
								JOINT RightHandMiddle1
								{
									OFFSET -3.168106 0.246593 1.001030
									CHANNELS 3 Zrotation Yrotation Xrotation
									JOINT RightHandMiddle2
									{
										OFFSET -6.180830 -0.258836 -1.000896
										CHANNELS 3 Zrotation Yrotation Xrotation
										JOINT RightHandMiddle3
										{
											OFFSET -4.348905 -0.000000 -0.000001
											CHANNELS 3 Zrotation Yrotation Xrotation
											JOINT RightHandMiddle4
											{
												OFFSET -3.000243 -0.000003 -0.000003
												CHANNELS 3 Zrotation Yrotation Xrotation
												JOINT RightHandMiddleEnd
												{
													OFFSET -2.302518 -0.294371 -0.031706
													CHANNELS 3 Zrotation Yrotation Xrotation
													End Site
													{
														OFFSET 0.000000 0.000000 0.000000
													}
												}
											}
										}
									}
								}
								JOINT RightHandRing1
								{
									OFFSET -2.885693 -0.067952 -0.308858
									CHANNELS 3 Zrotation Yrotation Xrotation
									JOINT RightHandRing2
									{
										OFFSET -5.854197 -0.486132 -1.373732
										CHANNELS 3 Zrotation Yrotation Xrotation
										JOINT RightHandRing3
										{
											OFFSET -4.338814 -0.000003 -0.000000
											CHANNELS 3 Zrotation Yrotation Xrotation
											JOINT RightHandRing4
											{
												OFFSET -2.654906 -0.000004 0.000003
												CHANNELS 3 Zrotation Yrotation Xrotation
												JOINT RightHandRingEnd
												{
													OFFSET -1.933570 0.077523 -0.000052
													CHANNELS 3 Zrotation Yrotation Xrotation
													End Site
													{
														OFFSET 0.000000 0.000000 0.000000
													}
												}
											}
										}
									}
								}
								JOINT RightHandPinky1
								{
									OFFSET -2.866429 -0.342798 -1.584145
									CHANNELS 3 Zrotation Yrotation Xrotation
									JOINT RightHandPinky2
									{
										OFFSET -5.091370 -1.332054 -1.772385
										CHANNELS 3 Zrotation Yrotation Xrotation
										JOINT RightHandPinky3
										{
											OFFSET -3.062666 -0.000007 0.000000
											CHANNELS 3 Zrotation Yrotation Xrotation
											JOINT RightHandPinky4
											{
												OFFSET -1.546526 0.000005 -0.000003
												CHANNELS 3 Zrotation Yrotation Xrotation
												JOINT RightHandPinkyEnd
												{
													OFFSET -1.945122 -0.157722 0.057211
													CHANNELS 3 Zrotation Yrotation Xrotation
													End Site
													{
														OFFSET 0.000000 0.000000 0.000000
													}
												}
											}
										}
									}
								}
							}
						}
					}
				}
			}
		}
	}
	JOINT LeftLeg
	{
		OFFSET 10.043214 -8.434526 2.595655
		CHANNELS 3 Zrotation Yrotation Xrotation
		JOINT LeftShin
		{
			OFFSET -0.000001 -43.221752 -0.802913
			CHANNELS 3 Zrotation Yrotation Xrotation
			JOINT LeftFoot
			{
				OFFSET 0.000001 -42.155094 -3.481523
				CHANNELS 3 Zrotation Yrotation Xrotation
				JOINT LeftToeBase
				{
					OFFSET 0.000000 -5.059475 13.231529
					CHANNELS 3 Zrotation Yrotation Xrotation
					JOINT LeftToeEnd
					{
						OFFSET -0.009607 -1.647616 6.513017
						CHANNELS 3 Zrotation Yrotation Xrotation
						End Site
						{
							OFFSET 0.000000 0.000000 0.000000
						}
					}
				}
			}
		}
	}
	JOINT RightLeg
	{
		OFFSET -10.047277 -8.295259 2.620317
		CHANNELS 3 Zrotation Yrotation Xrotation
		JOINT RightShin
		{
			OFFSET 0.000001 -43.362209 -0.805555
			CHANNELS 3 Zrotation Yrotation Xrotation
			JOINT RightFoot
			{
				OFFSET 0.000002 -42.117393 -3.478399
				CHANNELS 3 Zrotation Yrotation Xrotation
				JOINT RightToeBase
				{
					OFFSET -0.000000 -5.079609 13.284195
					CHANNELS 3 Zrotation Yrotation Xrotation
					JOINT RightToeEnd
					{
						OFFSET 0.009532 -1.634383 6.460591
						CHANNELS 3 Zrotation Yrotation Xrotation
						End Site
						{
							OFFSET 0.000000 0.000000 0.000000
						}
					}
				}
			}
		}
	}
}
MOTION
Frames: 180
Frame Time: 0.033333
-4.142294 11.013359 -4.212012 -0.577314 1.190905 87.534958 1.788461 1.117207 -0.411120 1.428255 -0.346029 -4.241336 3.183571 -1.900537 8.567973 -1.739279 3.131008 -36.002022 1.329962 3.792465 -3.675265 -9.155265 6.208779 -3.349875 0.000077 -0.000022 0.000005 0.372803 -0.359909 -0.204881 1.325080 -4.097551 -11.189058 -0.608240 3.402913 -11.137010 12.165330 -14.507630 9.310763 -33.150723 13.034209 -82.213303 178.886719 -38.232342 179.712082 16.310558 5.665257 0.541182 -5.882100 9.861279 0.702589 -10.936857 -0.360575 7.156198 0.000003 8.774813 -0.000000 -15.717462 17.794964 5.543562 -1.844031 2.498503 -2.507277 -10.163589 4.678937 4.621105 -20.975994 -0.000004 0.000002 -21.226248 2.451692 -3.593991 0.000002 -0.000006 -0.000001 -1.362680 2.240797 -0.746323 -21.334887 0.584908 3.008322 -13.821197 -0.000002 0.000004 -23.887133 -0.249079 -0.839481 -58.540939 2.140061 -1.579540 -0.294024 1.679687 0.833255 -14.218194 0.093212 1.300580 -34.212002 -0.287564 0.967172 -20.033180 0.964535 1.212844 0.000000 0.000001 0.000000 -3.440386 0.788231 0.501656 -15.928167 -3.167308 2.999705 -6.338818 -0.000003 0.000001 -18.123415 3.648177 -4.905660 -0.000003 -0.000000 -0.000003 -7.961396 17.984276 6.134903 7.858009 -9.410699 -83.836502 -178.646912 52.348259 178.992111 -14.645502 -6.741458 0.349182 2.243539 -5.255033 -3.180155 14.282878 -0.826592 6.952497 -0.000003 -12.690592 -0.000000 14.858624 -17.202141 2.528293 1.665665 -1.955919 -2.878297 4.727794 -4.170583 4.993919 11.020513 0.000003 -0.000001 12.109031 -3.735711 -2.866780 0.000000 0.000000 0.000000 1.291984 -1.928548 -1.498088 14.800113 0.567468 3.865602 14.242554 -1.341735 -6.660648 19.631941 0.143926 -0.648242 46.329231 -0.492744 -6.711915 0.353029 -1.511148 -0.031941 20.222771 3.684305 2.316627 18.787247 0.000004 0.000001 10.751610 -0.479868 1.397904 -0.000001 -0.000000 -0.000001 3.273804 0.305946 -0.580109 21.486792 11.830369 2.266133 8.162916 0.000003 0.000000 18.399055 -3.798979 -4.940567 0.000003 -0.000001 -0.000001 -178.685165 61.919678 173.890976 -177.574524 -83.499374 -166.225449 -4.195704 -20.082497 1.839216 1.721099 -1.441298 -8.379487 0.000000 0.000000 0.000002 173.963654 -54.689781 170.736053 -177.268127 70.832840 -170.989380 17.434118 18.310314 -22.855974 -1.847754 0.600778 -12.804298 0.000000 0.000000 -0.000002 
-4.273336 11.148035 -4.303334 -0.688497 1.194488 87.584068 1.883300 1.172494 -0.521222 1.400295 -0.273810 -4.284188 3.222274 -1.794707 8.632195 -1.976145 3.327076 -36.350914 1.096103 3.893888 -3.666556 -9.234565 6.326107 -3.485317 0.000076 -0.000022 0.000003 0.364465 -0.351587 -0.215062 1.305109 -4.095178 -11.168658 -0.600819 3.412665 -11.111112 11.888827 -14.171802 9.288654 -33.275261 12.903907 -81.154053 178.821869 -38.104614 179.804169 16.986403 5.298281 0.529020 -5.882102 9.861278 0.702591 -10.936859 -0.360575 7.156198 0.000001 8.774810 -0.000001 -15.753521 17.674189 5.553370 -1.844030 2.498503 -2.507275 -10.163589 4.678940 4.621106 -20.975996 -0.000001 0.000006 -21.226250 2.451695 -3.593992 -0.000001 -0.000006 -0.000001 -1.362680 2.240796 -0.746322 -21.334892 0.584909 3.008324 -13.821197 -0.000003 0.000004 -23.887125 -0.249077 -0.839478 -58.669540 2.094468 -1.527880 -0.294025 1.679686 0.833255 -14.218192 0.093215 1.300582 -34.211998 -0.287561 0.967177 -20.033180 0.964537 1.212845 0.000000 0.000001 0.000000 -3.440386 0.788233 0.501656 -15.928171 -3.167307 2.999707 -6.338817 0.000001 0.000003 -18.123411 3.648180 -4.905657 -0.000002 -0.000000 -0.000001 -7.999260 17.906925 6.120841 8.036872 -9.292890 -83.917465 -178.694138 52.185467 179.183319 -14.391049 -6.665049 0.033471 2.243539 -5.255033 -3.180155 14.282875 -0.826594 6.952497 -0.000002 -12.690591 -0.000000 14.937297 -17.378664 2.619052 1.665664 -1.955918 -2.878297 4.727794 -4.170585 4.993919 11.020511 0.000003 0.000000 12.109029 -3.735710 -2.866778 0.000001 -0.000000 0.000000 1.291984 -1.928548 -1.498087 14.800113 0.567468 3.865605 14.242551 -1.341733 -6.660648 19.631937 0.143926 -0.648242 46.441486 -0.472355 -6.725452 0.353028 -1.511151 -0.031941 20.222767 3.684308 2.316628 18.787245 0.000004 0.000002 10.751610 -0.479866 1.397904 -0.000001 0.000001 0.000001 3.273804 0.305946 -0.580110 21.486788 11.830364 2.266134 8.162917 0.000001 0.000001 18.399054 -3.798980 -4.940567 0.000003 -0.000000 -0.000001 -178.517303 62.806316 174.103745 -177.681503 -84.721916 -165.639694 -4.258036 -19.754004 1.548492 1.747852 -1.447466 -8.166319 -0.000000 -0.000000 0.000002 173.716278 -55.723045 171.090454 -176.787292 72.164856 -170.057938 17.282942 18.808258 -23.087049 -1.861760 0.603140 -12.365479 -0.000000 0.000000 -0.000002 
-4.486536 11.309540 -4.377614 -0.732383 1.200645 87.671677 1.936544 1.219628 -0.729014 1.425783 -0.245064 -4.350108 3.210716 -1.731648 8.743086 -2.095973 3.437660 -36.587971 0.959674 4.039041 -3.631298 -9.624590 6.721072 -3.790437 0.000077 -0.000022 0.000006 0.380828 -0.367011 -0.207967 1.313568 -4.112939 -11.178425 -0.576820 3.403912 -11.086042 11.752443 -13.877189 9.450512 -33.669979 12.757874 -80.390312 178.830399 -37.911461 179.755692 17.671644 4.942436 0.609997 -5.882103 9.861279 0.702590 -10.936859 -0.360573 7.156196 0.000000 8.774815 0.000000 -15.615671 17.620043 5.647334 -1.844031 2.498502 -2.507277 -10.163591 4.678941 4.621104 -20.975998 -0.000002 0.000002 -21.226255 2.451694 -3.593995 0.000000 -0.000006 -0.000001 -1.362680 2.240798 -0.746322 -21.334896 0.584910 3.008320 -13.821198 -0.000001 0.000002 -23.887131 -0.249079 -0.839483 -58.718647 2.132795 -1.545515 -0.294024 1.679687 0.833256 -14.218194 0.093214 1.300578 -34.212006 -0.287562 0.967167 -20.033180 0.964536 1.212838 -0.000001 0.000001 -0.000000 -3.440386 0.788231 0.501656 -15.928169 -3.167305 2.999704 -6.338816 -0.000001 0.000000 -18.123415 3.648181 -4.905662 -0.000003 0.000000 -0.000002 -7.998508 17.832132 6.124730 8.221971 -9.118408 -83.855865 -178.630981 51.979645 179.338470 -14.294744 -6.509846 -0.320419 2.243540 -5.255032 -3.180156 14.282878 -0.826594 6.952496 -0.000002 -12.690588 0.000000 14.877871 -17.484823 2.674523 1.665666 -1.955918 -2.878296 4.727794 -4.170584 4.993919 11.020513 0.000003 0.000000 12.109033 -3.735710 -2.866779 0.000001 -0.000001 0.000000 1.291985 -1.928547 -1.498088 14.800114 0.567468 3.865603 14.242554 -1.341734 -6.660648 19.631939 0.143925 -0.648243 46.461441 -0.371354 -6.696366 0.353028 -1.511150 -0.031940 20.222771 3.684305 2.316627 18.787249 0.000004 -0.000000 10.751613 -0.479867 1.397902 -0.000001 0.000000 0.000000 3.273805 0.305947 -0.580111 21.486792 11.830361 2.266130 8.162918 0.000002 0.000000 18.399054 -3.798981 -4.940567 0.000003 -0.000000 -0.000001 -178.616760 63.635025 174.012756 -177.296463 -85.892860 -165.884949 -4.333541 -19.729593 1.156389 1.778506 -1.450601 -8.175511 0.000000 0.000000 0.000002 172.628479 -56.490658 172.348526 -176.422226 73.203079 -168.382660 16.878534 19.359800 -23.715664 -1.852761 0.606916 -12.259591 0.000000 0.000000 -0.000001 
-4.620424 11.452579 -4.456524 -0.725247 1.201558 87.741486 1.986786 1.245602 -0.905409 1.411943 -0.238609 -4.408011 3.238094 -1.713174 8.836596 -2.127728 3.478232 -36.770840 0.858808 4.207370 -3.611270 -10.032257 7.192326 -4.178765 0.000077 -0.000022 0.000006 0.391020 -0.376679 -0.219508 1.317553 -4.127641 -11.161596 -0.557270 3.391046 -11.071970 11.596365 -13.599872 9.608415 -34.182827 12.653177 -79.826462 178.961868 -37.644161 179.659851 18.356165 4.470417 0.632303 -5.882101 9.861278 0.702590 -10.936860 -0.360574 7.156197 0.000003 8.774812 -0.000001 -15.550497 17.574572 5.701618 -1.844031 2.498505 -2.507277 -10.163590 4.678941 4.621103 -20.975996 -0.000002 0.000003 -21.226255 2.451693 -3.593995 -0.000000 -0.000006 0.000001 -1.362680 2.240796 -0.746323 -21.334890 0.584908 3.008321 -13.821197 -0.000003 0.000003 -23.887131 -0.249078 -0.839480 -58.756657 2.209355 -1.567094 -0.294024 1.679688 0.833256 -14.218194 0.093215 1.300578 -34.211998 -0.287564 0.967171 -20.033180 0.964535 1.212842 0.000000 0.000001 -0.000001 -3.440385 0.788233 0.501655 -15.928165 -3.167306 2.999703 -6.338817 -0.000002 0.000001 -18.123417 3.648177 -4.905662 -0.000003 -0.000000 -0.000002 -7.932770 17.688494 6.119384 8.356258 -8.859405 -83.712936 -178.549835 51.717991 179.498032 -14.206722 -6.286669 -0.520900 2.243539 -5.255033 -3.180156 14.282875 -0.826592 6.952495 -0.000002 -12.690591 -0.000000 14.835264 -17.509644 2.711292 1.665665 -1.955919 -2.878298 4.727792 -4.170582 4.993918 11.020510 0.000003 -0.000000 12.109029 -3.735708 -2.866780 0.000001 -0.000000 0.000000 1.291984 -1.928545 -1.498087 14.800114 0.567468 3.865604 14.242551 -1.341736 -6.660648 19.631939 0.143926 -0.648243 46.551319 -0.296256 -6.638523 0.353028 -1.511150 -0.031939 20.222767 3.684307 2.316628 18.787245 0.000006 0.000000 10.751611 -0.479868 1.397902 -0.000001 -0.000000 -0.000001 3.273804 0.305948 -0.580111 21.486788 11.830364 2.266131 8.162916 0.000002 -0.000000 18.399048 -3.798975 -4.940567 0.000002 -0.000001 -0.000002 -178.976608 64.472054 173.620560 -176.302063 -87.109367 -166.839264 -4.359655 -19.919867 0.834046 1.801846 -1.456229 -8.116130 -0.000000 -0.000000 0.000002 171.582016 -56.937321 173.480927 -176.132141 73.913406 -166.864182 16.572515 19.863104 -24.383202 -1.848506 0.622233 -12.204533 -0.000000 0.000000 -0.000002 
-4.731554 11.559939 -4.429571 -0.696758 1.184721 87.804131 2.012243 1.264531 -1.038735 1.411095 -0.246556 -4.449337 3.241435 -1.705523 8.890331 -2.115082 3.460203 -36.926800 0.850999 4.391111 -3.569944 -10.433482 7.648616 -4.520495 0.000078 -0.000023 0.000009 0.396902 -0.379661 -0.221388 1.322518 -4.136683 -11.176677 -0.556121 3.382792 -11.073939 11.427221 -13.343675 9.693945 -34.807590 12.609897 -79.385849 179.180069 -37.209053 179.493927 19.060781 4.117350 0.423970 -5.882102 9.861280 0.702590 -10.936859 -0.360574 7.156198 0.000002 8.774813 -0.000001 -15.481576 17.538288 5.733714 -1.844031 2.498503 -2.507275 -10.163591 4.678941 4.621106 -20.976000 -0.000001 0.000004 -21.226250 2.451694 -3.593992 0.000000 -0.000006 -0.000002 -1.362680 2.240797 -0.746322 -21.334898 0.584909 3.008323 -13.821197 -0.000002 0.000004 -23.887131 -0.249075 -0.839479 -58.756172 2.240484 -1.575353 -0.294024 1.679688 0.833256 -14.218192 0.093216 1.300581 -34.212002 -0.287561 0.967172 -20.033182 0.964537 1.212843 0.000000 0.000001 0.000001 -3.440386 0.788232 0.501656 -15.928173 -3.167306 2.999706 -6.338819 -0.000001 0.000002 -18.123417 3.648176 -4.905661 -0.000003 -0.000000 -0.000002 -7.795720 17.496147 6.112072 8.458058 -8.603479 -83.565765 -178.531525 51.404728 179.663498 -14.086070 -6.053081 -0.551608 2.243540 -5.255031 -3.180157 14.282877 -0.826592 6.952496 -0.000003 -12.690590 0.000000 14.885597 -17.491329 2.676286 1.665665 -1.955920 -2.878297 4.727793 -4.170583 4.993919 11.020511 0.000002 -0.000001 12.109029 -3.735710 -2.866778 0.000000 0.000000 0.000000 1.291984 -1.928549 -1.498088 14.800111 0.567469 3.865604 14.242553 -1.341735 -6.660649 19.631939 0.143925 -0.648243 46.592350 -0.270464 -6.599341 0.353029 -1.511149 -0.031939 20.222769 3.684307 2.316629 18.787245 0.000006 0.000001 10.751612 -0.479866 1.397905 -0.000002 0.000001 0.000001 3.273804 0.305946 -0.580110 21.486792 11.830361 2.266130 8.162917 0.000003 0.000001 18.399052 -3.798980 -4.940567 0.000003 -0.000000 -0.000001 -179.586243 65.440849 172.953491 -174.000870 -88.547607 -169.034958 -4.361281 -20.230541 0.527910 1.839457 -1.456731 -7.955637 -0.000000 -0.000000 0.000002 171.518768 -57.048943 173.575867 -176.137604 74.306099 -166.817123 16.440540 20.118774 -24.488861 -1.834766 0.626609 -12.116750 0.000000 -0.000000 -0.000002 
-4.812223 11.588031 -4.380643 -0.638079 1.161776 87.927521 2.016607 1.263960 -1.141337 1.417133 -0.267317 -4.475776 3.257258 -1.708479 8.931153 -2.062971 3.407840 -36.986851 0.915183 4.590602 -3.552913 -10.800471 8.011273 -4.938702 0.000077 -0.000023 0.000008 0.387815 -0.379390 -0.231925 1.312212 -4.134081 -11.209217 -0.557028 3.383352 -11.099298 11.200757 -13.117904 9.758812 -35.541145 12.614015 -79.121429 179.341736 -36.611595 179.347137 19.696005 3.855153 0.099073 -5.882100 9.861279 0.702589 -10.936858 -0.360575 7.156197 0.000001 8.774816 -0.000002 -15.428162 17.505558 5.742693 -1.844030 2.498503 -2.507274 -10.163589 4.678938 4.621106 -20.975992 -0.000002 0.000004 -21.226246 2.451694 -3.593992 0.000001 -0.000005 -0.000001 -1.362681 2.240795 -0.746323 -21.334887 0.584906 3.008322 -13.821194 -0.000004 0.000004 -23.887125 -0.249078 -0.839478 -58.796383 2.251686 -1.564371 -0.294025 1.679687 0.833255 -14.218192 0.093213 1.300579 -34.211998 -0.287563 0.967172 -20.033176 0.964536 1.212842 0.000000 0.000000 0.000002 -3.440384 0.788231 0.501655 -15.928165 -3.167308 2.999705 -6.338817 0.000001 0.000002 -18.123411 3.648178 -4.905658 -0.000003 -0.000000 0.000000 -7.678398 17.245773 6.078158 8.607918 -8.418787 -83.523056 -178.476227 51.062149 179.839096 -13.998824 -5.720086 -0.594785 2.243539 -5.255031 -3.180155 14.282875 -0.826592 6.952499 -0.000003 -12.690590 -0.000000 14.990155 -17.525606 2.647051 1.665664 -1.955919 -2.878296 4.727793 -4.170582 4.993918 11.020510 0.000004 0.000001 12.109029 -3.735706 -2.866777 0.000001 -0.000000 0.000000 1.291985 -1.928547 -1.498087 14.800109 0.567469 3.865604 14.242551 -1.341733 -6.660648 19.631941 0.143924 -0.648243 46.679539 -0.302183 -6.625328 0.353029 -1.511149 -0.031941 20.222765 3.684309 2.316631 18.787243 0.000005 0.000003 10.751610 -0.479870 1.397905 -0.000001 0.000001 0.000001 3.273803 0.305947 -0.580109 21.486790 11.830363 2.266134 8.162917 0.000003 0.000001 18.399052 -3.798980 -4.940565 0.000003 -0.000001 -0.000001 179.770004 66.635605 172.246216 -19.165531 -89.675545 36.263058 -4.372991 -20.674212 0.233446 1.871865 -1.457746 -7.803288 -0.000000 -0.000000 0.000003 171.500977 -56.968315 173.605774 -176.435898 74.411972 -167.292114 16.313122 20.159643 -24.427353 -1.814446 0.631962 -12.002304 0.000000 -0.000000 -0.000002 
-4.930858 11.629236 -4.364973 -0.561783 1.147192 88.050812 2.001906 1.242656 -1.201359 1.440948 -0.298996 -4.482452 3.260624 -1.722455 8.949823 -1.927769 3.369328 -36.927040 0.981691 4.767789 -3.535939 -11.146867 8.268991 -5.466492 0.000077 -0.000022 0.000008 0.371648 -0.370561 -0.221236 1.294122 -4.123813 -11.232731 -0.580773 3.402970 -11.121303 10.923443 -12.841187 9.887711 -36.347939 12.607927 -78.814491 179.398468 -35.919743 179.279068 20.167166 3.664394 -0.373456 -5.882101 9.861278 0.702589 -10.936858 -0.360575 7.156196 0.000002 8.774814 -0.000001 -15.424826 17.473915 5.728651 -1.844032 2.498501 -2.507275 -10.163589 4.678939 4.621104 -20.975996 -0.000003 0.000003 -21.226250 2.451694 -3.593992 0.000000 -0.000005 -0.000001 -1.362680 2.240796 -0.746323 -21.334890 0.584908 3.008320 -13.821197 -0.000005 0.000002 -23.887135 -0.249080 -0.839482 -58.806828 2.242851 -1.549692 -0.294024 1.679686 0.833255 -14.218194 0.093213 1.300580 -34.212002 -0.287564 0.967170 -20.033180 0.964537 1.212841 0.000000 0.000001 0.000002 -3.440385 0.788231 0.501655 -15.928169 -3.167306 2.999703 -6.338817 0.000000 0.000002 -18.123411 3.648175 -4.905661 -0.000003 -0.000000 -0.000002 -7.597754 16.897804 6.026436 8.836964 -8.232582 -83.387314 -178.357269 50.656208 -179.915573 -13.989366 -5.369397 -0.678354 2.243539 -5.255033 -3.180154 14.282877 -0.826592 6.952496 -0.000003 -12.690591 0.000000 15.136508 -17.557243 2.597463 1.665665 -1.955919 -2.878296 4.727794 -4.170583 4.993918 11.020512 0.000003 -0.000000 12.109030 -3.735709 -2.866778 0.000000 0.000000 0.000000 1.291985 -1.928549 -1.498087 14.800113 0.567469 3.865602 14.242551 -1.341733 -6.660646 19.631939 0.143925 -0.648240 46.750301 -0.338971 -6.630500 0.353029 -1.511150 -0.031938 20.222773 3.684309 2.316628 18.787245 0.000005 0.000002 10.751611 -0.479868 1.397906 -0.000003 0.000001 -0.000001 3.273804 0.305947 -0.580110 21.486792 11.830367 2.266132 8.162916 0.000003 0.000000 18.399054 -3.798977 -4.940568 0.000003 -0.000000 -0.000001 179.320953 67.903069 171.670029 -3.156926 -87.798058 20.516457 -4.345689 -21.155550 -0.108262 1.904989 -1.456228 -7.746981 -0.000000 -0.000000 0.000002 171.266769 -56.602428 173.906250 -176.570526 74.111458 -167.294266 16.151892 20.170504 -24.648378 -1.794546 0.642413 -11.868769 0.000000 0.000000 -0.000001 
-5.037970 11.725510 -4.390752 -0.457298 1.153199 88.186813 1.995947 1.213390 -1.272932 1.443615 -0.357147 -4.479710 3.266293 -1.749031 8.977759 -1.690444 3.363182 -36.652435 1.041583 4.920604 -3.529734 -11.510394 8.466383 -6.272047 0.000078 -0.000023 0.000009 0.364252 -0.366325 -0.211135 1.281310 -4.120548 -11.243624 -0.579605 3.405843 -11.123750 10.583825 -12.562494 10.110630 -37.288116 12.676453 -78.344147 179.408417 -35.079113 179.201157 20.588881 3.505625 -0.852671 -5.882099 9.861279 0.702591 -10.936858 -0.360576 7.156198 0.000002 8.774815 -0.000001 -15.431116 17.477446 5.701892 -1.844031 2.498503 -2.507276 -10.163589 4.678941 4.621106 -20.975994 -0.000003 0.000003 -21.226248 2.451694 -3.593994 0.000001 -0.000005 -0.000001 -1.362680 2.240796 -0.746323 -21.334887 0.584908 3.008321 -13.821194 -0.000003 0.000002 -23.887131 -0.249078 -0.839480 -58.840752 2.239758 -1.579723 -0.294024 1.679687 0.833256 -14.218192 0.093214 1.300579 -34.211998 -0.287564 0.967171 -20.033176 0.964537 1.212843 -0.000000 0.000001 0.000001 -3.440385 0.788232 0.501655 -15.928167 -3.167306 2.999703 -6.338817 -0.000002 0.000003 -18.123411 3.648176 -4.905658 -0.000005 0.000001 -0.000002 -7.534517 16.527302 5.995213 9.206773 -8.125592 -83.236282 -178.217468 50.172062 -179.682724 -14.056773 -4.991262 -0.694553 2.243539 -5.255033 -3.180154 14.282877 -0.826593 6.952495 -0.000002 -12.690586 0.000001 15.249886 -17.640995 2.572556 1.665665 -1.955920 -2.878295 4.727794 -4.170582 4.993918 11.020513 0.000002 -0.000001 12.109031 -3.735707 -2.866779 0.000001 -0.000001 0.000000 1.291985 -1.928546 -1.498087 14.800113 0.567467 3.865603 14.242554 -1.341735 -6.660648 19.631935 0.143925 -0.648243 46.794212 -0.417801 -6.705001 0.353029 -1.511148 -0.031941 20.222767 3.684305 2.316627 18.787247 0.000004 -0.000000 10.751611 -0.479868 1.397905 -0.000000 0.000002 -0.000001 3.273804 0.305947 -0.580110 21.486790 11.830360 2.266130 8.162916 0.000001 0.000001 18.399055 -3.798979 -4.940570 0.000003 -0.000001 -0.000002 178.875641 69.148407 171.092575 -1.523538 -85.801048 19.190348 -4.275098 -21.545637 -0.611405 1.932025 -1.453617 -7.630746 0.000000 0.000000 0.000002 170.605988 -55.872551 174.673462 -176.662399 73.345657 -166.848846 15.959839 20.135714 -25.080097 -1.771905 0.644715 -11.806840 -0.000000 0.000000 -0.000002 
-5.179367 11.746430 -4.358456 -0.307601 1.148609 88.366089 1.965983 1.179155 -1.359414 1.440277 -0.437531 -4.500465 3.279724 -1.787018 9.031139 -1.364008 3.369517 -36.187370 1.078692 5.067856 -3.520810 -11.831575 8.554354 -7.172174 0.000077 -0.000022 0.000008 0.345440 -0.356757 -0.219831 1.260007 -4.110643 -11.266471 -0.593362 3.406235 -11.138821 10.221812 -12.258145 10.407098 -38.422531 12.793983 -77.539612 179.389587 -34.103279 179.038757 20.975634 3.348496 -1.257245 -5.882100 9.861278 0.702590 -10.936858 -0.360576 7.156196 0.000001 8.774814 -0.000001 -15.433049 17.427010 5.682535 -1.844030 2.498504 -2.507277 -10.163589 4.678939 4.621103 -20.975992 -0.000004 0.000004 -21.226246 2.451694 -3.593992 0.000001 -0.000004 -0.000000 -1.362680 2.240796 -0.746323 -21.334892 0.584909 3.008321 -13.821192 -0.000004 0.000003 -23.887125 -0.249078 -0.839480 -58.800694 2.201044 -1.542291 -0.294025 1.679686 0.833255 -14.218190 0.093213 1.300579 -34.211998 -0.287561 0.967171 -20.033178 0.964535 1.212842 0.000000 0.000000 0.000000 -3.440385 0.788233 0.501655 -15.928167 -3.167307 2.999704 -6.338816 -0.000003 0.000002 -18.123413 3.648177 -4.905660 -0.000005 -0.000000 -0.000002 -7.511235 16.106344 6.008555 9.749110 -8.053064 -83.077484 -178.059128 49.541992 -179.543060 -14.161146 -4.582881 -0.510725 2.243539 -5.255034 -3.180155 14.282877 -0.826593 6.952497 -0.000004 -12.690591 -0.000000 15.393476 -17.707727 2.556476 1.665664 -1.955921 -2.878296 4.727794 -4.170582 4.993918 11.020512 0.000003 -0.000000 12.109033 -3.735709 -2.866779 -0.000002 0.000000 0.000000 1.291984 -1.928547 -1.498088 14.800113 0.567467 3.865605 14.242553 -1.341734 -6.660647 19.631939 0.143926 -0.648242 46.891888 -0.514629 -6.756543 0.353029 -1.511151 -0.031940 20.222767 3.684308 2.316628 18.787245 0.000007 0.000002 10.751610 -0.479867 1.397905 0.000000 0.000001 0.000001 3.273804 0.305946 -0.580110 21.486792 11.830365 2.266133 8.162916 -0.000000 0.000002 18.399054 -3.798978 -4.940566 0.000003 -0.000000 -0.000002 178.388245 70.662056 170.465485 -1.494529 -83.523125 19.628782 -4.135046 -21.826704 -1.230189 1.953070 -1.452334 -7.508553 0.000000 -0.000000 0.000002 170.223236 -54.804871 175.149033 -177.213531 72.209305 -167.283310 15.831014 19.888407 -25.207592 -1.749823 0.646506 -11.766308 0.000000 -0.000000 -0.000001 
-5.351401 11.825752 -4.351167 -0.130527 1.169206 88.517189 1.912624 1.139337 -1.425194 1.451315 -0.516606 -4.518936 3.261143 -1.846012 9.062091 -1.017148 3.401122 -35.499844 1.107947 5.158746 -3.549613 -12.036970 8.497380 -8.110352 0.000077 -0.000022 0.000007 0.326571 -0.334558 -0.199354 1.228629 -4.089749 -11.252674 -0.598497 3.428668 -11.134566 9.919928 -11.946853 10.752183 -39.716145 13.053922 -76.431580 179.510208 -33.093441 178.747635 21.310604 3.103910 -1.663417 -5.882101 9.861278 0.702590 -10.936858 -0.360575 7.156198 0.000001 8.774814 -0.000002 -15.407744 17.365942 5.613254 -1.844032 2.498501 -2.507275 -10.163589 4.678939 4.621104 -20.975994 -0.000004 0.000003 -21.226250 2.451692 -3.593993 0.000001 -0.000005 -0.000000 -1.362680 2.240796 -0.746323 -21.334892 0.584907 3.008320 -13.821197 -0.000005 0.000002 -23.887133 -0.249079 -0.839481 -58.647804 2.133232 -1.510700 -0.294024 1.679687 0.833255 -14.218190 0.093214 1.300578 -34.211998 -0.287566 0.967170 -20.033178 0.964534 1.212842 -0.000000 0.000001 -0.000000 -3.440385 0.788231 0.501655 -15.928167 -3.167309 2.999703 -6.338815 -0.000002 0.000003 -18.123413 3.648175 -4.905661 -0.000003 -0.000000 -0.000003 -7.540505 15.717690 6.048517 10.484148 -8.078465 -82.896172 -177.977753 48.858452 -179.487869 -14.302729 -4.168689 -0.233333 2.243540 -5.255034 -3.180156 14.282877 -0.826593 6.952495 -0.000003 -12.690590 0.000001 15.523088 -17.770906 2.554078 1.665665 -1.955920 -2.878297 4.727794 -4.170582 4.993918 11.020513 0.000004 -0.000002 12.109035 -3.735711 -2.866781 0.000001 -0.000000 0.000001 1.291985 -1.928549 -1.498088 14.800111 0.567467 3.865602 14.242554 -1.341735 -6.660650 19.631941 0.143927 -0.648244 46.975945 -0.565979 -6.835241 0.353028 -1.511150 -0.031941 20.222773 3.684308 2.316626 18.787245 0.000006 -0.000002 10.751616 -0.479868 1.397903 -0.000001 0.000000 0.000000 3.273804 0.305947 -0.580112 21.486792 11.830366 2.266130 8.162916 0.000000 -0.000001 18.399054 -3.798977 -4.940568 0.000003 -0.000000 -0.000002 177.961594 72.065987 169.852631 -1.854366 -81.364433 20.580685 -3.957305 -22.156174 -1.799327 1.991068 -1.449261 -7.341155 0.000000 0.000000 0.000002 169.878174 -53.548988 175.659424 -177.522827 70.793282 -167.316315 15.742651 19.613749 -25.546684 -1.734566 0.645613 -11.708277 0.000000 0.000000 -0.000003 
-5.469898 11.875230 -4.318034 0.048858 1.200767 88.649986 1.857638 1.106513 -1.469753 1.491131 -0.592348 -4.548228 3.211654 -1.913281 9.093810 -0.646091 3.468851 -34.693619 1.091289 5.182364 -3.575761 -12.163950 8.330903 -8.985211 0.000077 -0.000023 0.000008 0.308961 -0.316563 -0.207741 1.207748 -4.073180 -11.245597 -0.608055 3.442636 -11.120516 9.660105 -11.574128 11.101493 -41.201591 13.460034 -75.053329 179.722534 -31.931406 178.416626 21.657457 2.809124 -2.043527 -5.882101 9.861279 0.702590 -10.936857 -0.360576 7.156199 -0.000002 8.774814 -0.000002 -15.384551 17.323820 5.615332 -1.844031 2.498503 -2.507276 -10.163588 4.678942 4.621104 -20.975994 -0.000003 0.000002 -21.226248 2.451695 -3.593994 0.000000 -0.000005 -0.000000 -1.362680 2.240796 -0.746324 -21.334887 0.584909 3.008320 -13.821195 -0.000004 0.000002 -23.887133 -0.249078 -0.839481 -58.591797 2.060349 -1.446539 -0.294024 1.679686 0.833255 -14.218192 0.093215 1.300580 -34.211998 -0.287562 0.967171 -20.033178 0.964536 1.212843 -0.000000 0.000001 0.000001 -3.440385 0.788234 0.501656 -15.928167 -3.167307 2.999703 -6.338815 -0.000002 0.000002 -18.123411 3.648178 -4.905660 -0.000005 0.000001 -0.000003 -7.566179 15.340237 6.142654 11.375358 -8.127273 -82.791000 -177.942276 48.033878 -179.584030 -14.430930 -3.650434 0.241527 2.243540 -5.255032 -3.180155 14.282878 -0.826594 6.952496 -0.000003 -12.690588 0.000001 15.651577 -17.871738 2.528674 1.665665 -1.955920 -2.878296 4.727794 -4.170582 4.993919 11.020512 0.000002 -0.000001 12.109030 -3.735711 -2.866780 -0.000003 -0.000001 0.000001 1.291985 -1.928548 -1.498087 14.800111 0.567468 3.865602 14.242554 -1.341735 -6.660648 19.631939 0.143926 -0.648245 47.116024 -0.628491 -6.928828 0.353029 -1.511149 -0.031939 20.222769 3.684304 2.316627 18.787245 0.000006 -0.000000 10.751613 -0.479868 1.397904 -0.000001 0.000001 -0.000000 3.273804 0.305947 -0.580110 21.486790 11.830360 2.266129 8.162916 0.000002 0.000000 18.399054 -3.798979 -4.940568 0.000003 -0.000001 -0.000002 177.385132 73.327202 169.066803 -2.427443 -79.523354 21.708448 -3.763752 -22.587049 -2.233550 2.011745 -1.447241 -7.095374 0.000000 0.000000 0.000001 169.663467 -52.158920 175.941788 -178.041153 69.168556 -167.849411 15.818224 19.179455 -25.592815 -1.713354 0.647497 -11.735824 0.000000 0.000000 -0.000003 
-5.623970 11.958450 -4.363181 0.217323 1.272300 88.729210 1.853861 1.091872 -1.471611 1.469510 -0.648892 -4.576213 3.169408 -1.993234 9.114508 -0.333988 3.549059 -33.789913 1.053217 5.161044 -3.598936 -12.174394 8.042844 -9.803346 0.000077 -0.000022 0.000008 0.302029 -0.311733 -0.196853 1.191905 -4.066388 -11.254228 -0.611982 3.450052 -11.129501 9.433418 -11.137684 11.421614 -42.887814 14.011436 -73.236656 179.966125 -30.726141 177.958984 22.114346 2.256782 -2.267832 -5.882102 9.861278 0.702589 -10.936859 -0.360575 7.156197 0.000001 8.774814 -0.000002 -15.344545 17.263151 5.613730 -1.844032 2.498502 -2.507276 -10.163589 4.678941 4.621104 -20.975992 -0.000004 0.000002 -21.226255 2.451691 -3.593993 0.000001 -0.000007 -0.000000 -1.362681 2.240795 -0.746322 -21.334890 0.584909 3.008320 -13.821193 -0.000004 0.000003 -23.887131 -0.249079 -0.839481 -58.561581 1.997130 -1.367426 -0.294024 1.679687 0.833255 -14.218194 0.093214 1.300579 -34.211998 -0.287564 0.967169 -20.033180 0.964534 1.212841 0.000000 0.000001 0.000000 -3.440385 0.788234 0.501655 -15.928169 -3.167307 2.999703 -6.338817 0.000000 0.000000 -18.123415 3.648177 -4.905661 -0.000005 0.000000 -0.000003 -7.639554 14.940695 6.239587 12.500774 -8.154142 -82.658188 -177.859283 47.129597 -179.675797 -14.516982 -3.130896 0.785264 2.243540 -5.255033 -3.180155 14.282877 -0.826592 6.952494 -0.000003 -12.690593 -0.000000 15.733438 -17.893578 2.533174 1.665664 -1.955920 -2.878294 4.727794 -4.170583 4.993918 11.020511 0.000003 -0.000001 12.109034 -3.735709 -2.866780 -0.000002 -0.000000 0.000001 1.291984 -1.928550 -1.498087 14.800113 0.567469 3.865602 14.242553 -1.341734 -6.660648 19.631941 0.143926 -0.648243 47.244789 -0.621500 -6.979940 0.353029 -1.511150 -0.031940 20.222769 3.684306 2.316627 18.787247 0.000004 -0.000000 10.751609 -0.479866 1.397905 -0.000001 0.000001 -0.000001 3.273804 0.305947 -0.580110 21.486790 11.830361 2.266130 8.162917 0.000001 -0.000001 18.399052 -3.798977 -4.940568 0.000003 -0.000001 -0.000002 176.915817 74.351936 168.333008 -3.043875 -77.980965 22.845636 -3.594267 -23.178539 -2.544022 2.015704 -1.446099 -6.897522 0.000000 0.000000 0.000002 169.350754 -50.778660 176.538925 -178.202835 67.454140 -167.418503 15.655880 18.812069 -26.159456 -1.697578 0.650132 -11.752394 -0.000000 0.000000 -0.000002 
-5.780804 12.021708 -4.320950 0.347523 1.379792 88.748940 1.841907 1.086367 -1.462610 1.458408 -0.696153 -4.628713 3.122932 -2.084129 9.132680 -0.035312 3.676529 -32.717945 0.966597 5.067753 -3.654458 -12.085856 7.699720 -10.607194 0.000077 -0.000023 0.000008 0.298223 -0.303573 -0.206660 1.176952 -4.056652 -11.234251 -0.597680 3.460894 -11.127858 9.185701 -10.571464 11.813086 -44.974751 14.781044 -70.954582 -179.771225 -29.245413 177.436157 22.677786 1.465209 -2.405547 -5.882101 9.861278 0.702588 -10.936858 -0.360573 7.156196 -0.000000 8.774813 -0.000001 -15.247983 17.116770 5.626392 -1.844031 2.498504 -2.507275 -10.163589 4.678939 4.621100 -20.975994 -0.000002 0.000001 -21.226250 2.451692 -3.593995 -0.000001 -0.000006 -0.000000 -1.362681 2.240797 -0.746322 -21.334892 0.584907 3.008319 -13.821195 -0.000004 0.000001 -23.887131 -0.249079 -0.839482 -58.473118 1.918610 -1.245007 -0.294024 1.679687 0.833255 -14.218194 0.093215 1.300577 -34.212006 -0.287568 0.967168 -20.033180 0.964535 1.212842 -0.000000 0.000001 -0.000001 -3.440384 0.788234 0.501655 -15.928167 -3.167308 2.999702 -6.338817 -0.000002 0.000000 -18.123415 3.648176 -4.905661 -0.000003 0.000001 -0.000001 -7.661891 14.524205 6.417892 13.927717 -8.123896 -82.618752 -177.899216 46.087440 -179.925278 -14.500325 -2.502648 1.411977 2.243540 -5.255035 -3.180155 14.282877 -0.826594 6.952495 -0.000003 -12.690590 -0.000000 15.723781 -17.944227 2.558335 1.665665 -1.955920 -2.878296 4.727794 -4.170583 4.993918 11.020513 0.000004 -0.000002 12.109032 -3.735708 -2.866779 -0.000001 -0.000001 -0.000000 1.291985 -1.928549 -1.498087 14.800114 0.567468 3.865603 14.242554 -1.341733 -6.660648 19.631935 0.143924 -0.648243 47.375851 -0.602031 -6.978930 0.353028 -1.511150 -0.031940 20.222769 3.684306 2.316628 18.787247 0.000006 -0.000001 10.751611 -0.479866 1.397904 -0.000000 0.000001 -0.000002 3.273804 0.305947 -0.580110 21.486792 11.830363 2.266131 8.162917 0.000000 -0.000002 18.399054 -3.798980 -4.940567 0.000003 -0.000001 -0.000002 176.364761 75.206024 167.515656 -3.535679 -76.710060 23.734339 -3.398747 -23.685110 -2.900620 2.006087 -1.450019 -6.776735 -0.000000 -0.000000 0.000002 169.803391 -49.276379 176.355850 -178.228378 65.580994 -167.797928 15.618479 18.297865 -26.270807 -1.693817 0.641644 -11.844773 0.000000 0.000000 -0.000002 
-5.917199 12.072647 -4.353310 0.442960 1.472316 88.716690 1.836170 1.074456 -1.452438 1.426397 -0.718668 -4.704879 3.050517 -2.171628 9.171451 0.200349 3.798149 -31.410679 0.864823 4.946713 -3.696333 -11.918496 7.252158 -11.443361 0.000077 -0.000022 0.000009 0.305754 -0.305612 -0.197588 1.169851 -4.057899 -11.217104 -0.577432 3.461773 -11.092211 8.888022 -9.847295 12.308401 -47.736225 15.840724 -67.720566 -179.540039 -27.461205 176.848648 23.484182 0.067997 -2.482471 -5.882102 9.861279 0.702590 -10.936857 -0.360574 7.156196 0.000002 8.774815 0.000000 -14.983884 16.914574 5.700840 -1.844031 2.498502 -2.507277 -10.163586 4.678941 4.621103 -20.975992 -0.000002 0.000001 -21.226254 2.451692 -3.593995 0.000000 -0.000006 -0.000000 -1.362680 2.240797 -0.746324 -21.334894 0.584909 3.008320 -13.821194 -0.000004 0.000001 -23.887131 -0.249078 -0.839481 -58.305851 1.868082 -1.167004 -0.294025 1.679687 0.833254 -14.218192 0.093215 1.300579 -34.211998 -0.287565 0.967169 -20.033178 0.964535 1.212840 0.000000 0.000001 -0.000001 -3.440386 0.788232 0.501655 -15.928167 -3.167305 2.999704 -6.338814 -0.000001 0.000001 -18.123413 3.648178 -4.905664 -0.000006 0.000000 -0.000002 -7.654569 14.021381 6.623518 15.910039 -7.945387 -82.629326 -177.919739 44.813858 179.703552 -14.476481 -1.673495 2.168057 2.243540 -5.255033 -3.180156 14.282877 -0.826594 6.952495 -0.000003 -12.690591 -0.000000 15.666655 -17.944561 2.609109 1.665665 -1.955919 -2.878297 4.727792 -4.170584 4.993917 11.020511 0.000001 -0.000003 12.109033 -3.735709 -2.866781 0.000000 -0.000000 -0.000000 1.291985 -1.928548 -1.498087 14.800111 0.567466 3.865602 14.242553 -1.341735 -6.660652 19.631941 0.143928 -0.648247 47.574726 -0.561499 -6.933107 0.353029 -1.511150 -0.031941 20.222769 3.684307 2.316625 18.787245 0.000006 -0.000003 10.751609 -0.479867 1.397904 0.000001 0.000001 -0.000002 3.273804 0.305946 -0.580111 21.486790 11.830366 2.266128 8.162915 0.000001 -0.000001 18.399054 -3.798979 -4.940567 0.000002 -0.000000 -0.000001 175.693329 75.838638 166.627441 -3.908222 -75.766861 24.256195 -3.346385 -24.198914 -3.237260 1.996691 -1.446811 -6.769047 -0.000000 0.000000 0.000002 169.863388 -47.991585 176.548447 -178.177673 63.836243 -167.465744 15.430021 17.841291 -26.739031 -1.697710 0.635022 -11.997337 0.000000 0.000000 -0.000001 
-5.993079 12.111795 -4.298224 0.508875 1.570303 88.669235 1.848433 1.035942 -1.489944 1.336727 -0.721712 -4.804513 2.975625 -2.255791 9.210606 0.376091 3.925669 -29.870697 0.747761 4.811066 -3.730998 -11.652213 6.754358 -12.325414 0.000077 -0.000023 0.000009 0.310638 -0.312772 -0.217710 1.162545 -4.064578 -11.191104 -0.558009 3.464853 -11.098077 8.443694 -8.906590 12.911732 -51.454563 17.403120 -62.902241 -179.204361 -25.422964 176.178375 24.489731 -2.417750 -2.402684 -5.882101 9.861278 0.702589 -10.936858 -0.360575 7.156199 -0.000001 8.774814 -0.000002 -14.579972 16.594206 5.786684 -1.844031 2.498502 -2.507276 -10.163588 4.678939 4.621105 -20.975994 -0.000003 0.000005 -21.226250 2.451694 -3.593992 0.000001 -0.000006 -0.000001 -1.362680 2.240795 -0.746323 -21.334892 0.584908 3.008322 -13.821195 -0.000003 0.000003 -23.887131 -0.249078 -0.839478 -58.001328 1.814453 -1.132050 -0.294025 1.679685 0.833253 -14.218190 0.093214 1.300580 -34.212006 -0.287562 0.967173 -20.033178 0.964534 1.212842 0.000000 -0.000000 -0.000000 -3.440387 0.788233 0.501657 -15.928167 -3.167307 2.999706 -6.338816 -0.000002 0.000003 -18.123413 3.648175 -4.905658 -0.000004 -0.000001 -0.000002 -7.497885 13.446794 6.859075 18.725607 -7.577731 -82.592430 -177.789917 43.197441 179.239883 -14.380362 -0.456475 3.049997 2.243539 -5.255031 -3.180155 14.282877 -0.826594 6.952496 -0.000002 -12.690588 -0.000000 15.521234 -17.840597 2.662391 1.665664 -1.955919 -2.878297 4.727793 -4.170582 4.993918 11.020509 0.000002 -0.000000 12.109031 -3.735710 -2.866779 -0.000002 -0.000000 0.000000 1.291984 -1.928547 -1.498089 14.800111 0.567470 3.865604 14.242554 -1.341734 -6.660648 19.631939 0.143929 -0.648243 47.706406 -0.550969 -6.818253 0.353029 -1.511148 -0.031940 20.222769 3.684307 2.316629 18.787245 0.000005 -0.000001 10.751610 -0.479868 1.397904 0.000000 0.000001 0.000000 3.273804 0.305947 -0.580110 21.486790 11.830363 2.266131 8.162916 0.000003 0.000000 18.399048 -3.798976 -4.940567 0.000002 -0.000001 -0.000002 174.692139 75.925102 165.503235 -3.925957 -75.375107 23.919252 -3.504075 -24.807173 -3.566356 1.969463 -1.446189 -6.935135 -0.000000 -0.000000 0.000002 170.511490 -46.548805 176.022614 -178.333282 61.952087 -168.300568 15.267102 17.249838 -26.734035 -1.700611 0.629816 -12.236181 0.000000 0.000000 -0.000001 
-6.032531 12.147355 -4.189487 0.612616 1.633226 88.663307 1.853230 0.951648 -1.644944 1.182350 -0.708279 -4.912692 2.924285 -2.333167 9.281983 0.373741 3.995299 -28.157467 0.649087 4.634838 -3.758117 -11.238455 6.211127 -13.198908 0.000077 -0.000023 0.000007 0.307495 -0.305996 -0.217261 1.139790 -4.056396 -11.157927 -0.547796 3.468372 -11.067853 7.725090 -7.774771 13.606335 -55.978809 19.240660 -56.057461 -178.545197 -23.771246 175.544434 25.457922 -6.469648 -1.596329 -5.882103 9.861280 0.702590 -10.936860 -0.360576 7.156196 -0.000002 8.774815 -0.000001 -14.161499 16.335125 5.898791 -1.844032 2.498503 -2.507275 -10.163587 4.678940 4.621102 -20.975996 -0.000003 -0.000001 -21.226255 2.451693 -3.593995 0.000000 -0.000006 -0.000000 -1.362681 2.240795 -0.746323 -21.334898 0.584908 3.008319 -13.821199 -0.000003 0.000002 -23.887135 -0.249077 -0.839483 -57.790051 1.803509 -1.189521 -0.294026 1.679685 0.833255 -14.218195 0.093213 1.300579 -34.211998 -0.287563 0.967168 -20.033182 0.964535 1.212841 0.000000 0.000000 0.000000 -3.440387 0.788232 0.501655 -15.928169 -3.167306 2.999704 -6.338814 -0.000001 0.000001 -18.123415 3.648176 -4.905664 -0.000005 0.000001 -0.000002 -7.096084 12.771796 7.154421 22.592047 -6.933058 -82.126640 -177.440063 41.352676 178.836014 -14.505302 1.362944 4.201442 2.243540 -5.255032 -3.180156 14.282877 -0.826594 6.952495 -0.000003 -12.690587 0.000000 15.398951 -17.753212 2.736115 1.665665 -1.955920 -2.878297 4.727794 -4.170583 4.993918 11.020513 0.000003 -0.000000 12.109033 -3.735709 -2.866779 -0.000002 -0.000001 0.000000 1.291984 -1.928548 -1.498087 14.800113 0.567468 3.865601 14.242554 -1.341733 -6.660650 19.631939 0.143927 -0.648246 47.932755 -0.546887 -6.714527 0.353029 -1.511147 -0.031940 20.222771 3.684304 2.316627 18.787249 0.000003 -0.000002 10.751608 -0.479869 1.397904 0.000000 0.000000 0.000000 3.273804 0.305948 -0.580111 21.486790 11.830361 2.266129 8.162916 0.000002 -0.000002 18.399054 -3.798979 -4.940568 0.000001 0.000000 -0.000001 173.395523 75.751396 164.213974 -3.623450 -75.515007 22.926735 -3.824495 -25.299440 -3.945329 1.950381 -1.450589 -7.269222 0.000000 0.000000 0.000002 171.362656 -45.022923 175.010666 -178.892731 59.956161 -170.147415 15.094417 16.495077 -26.503798 -1.676645 0.620266 -12.519252 -0.000000 -0.000000 -0.000002 
-6.108055 12.172508 -3.992461 0.814205 1.737116 88.669067 1.850166 0.832486 -1.910937 1.064525 -0.697536 -5.025175 2.831589 -2.432251 9.367543 0.206957 4.007041 -26.452333 0.533749 4.397842 -3.799815 -10.660153 5.612951 -13.892377 0.000077 -0.000023 0.000006 0.283601 -0.290572 -0.234799 1.096339 -4.031250 -11.110036 -0.551560 3.466973 -11.028990 6.743557 -6.624971 14.309078 -60.451775 20.842239 -48.493034 -177.104904 -23.821819 174.773209 26.145008 -11.503531 0.859875 -5.882102 9.861278 0.702589 -10.936858 -0.360576 7.156197 -0.000000 8.774814 -0.000002 -13.943832 16.169388 5.933967 -1.844031 2.498503 -2.507276 -10.163591 4.678942 4.621104 -20.975996 -0.000004 0.000003 -21.226254 2.451694 -3.593993 0.000000 -0.000007 -0.000000 -1.362681 2.240797 -0.746325 -21.334890 0.584907 3.008321 -13.821197 -0.000005 0.000003 -23.887133 -0.249079 -0.839479 -57.840149 1.758037 -1.234720 -0.294026 1.679686 0.833255 -14.218197 0.093213 1.300577 -34.212006 -0.287565 0.967170 -20.033180 0.964536 1.212842 0.000000 0.000000 -0.000000 -3.440385 0.788233 0.501655 -15.928165 -3.167306 2.999705 -6.338817 -0.000001 0.000002 -18.123411 3.648176 -4.905661 -0.000004 0.000001 -0.000002 -6.311787 12.158121 7.582148 27.232967 -6.174727 -80.943535 -177.230438 39.724998 178.492020 -15.084910 3.630876 5.885506 2.243540 -5.255032 -3.180154 14.282877 -0.826594 6.952497 -0.000003 -12.690588 0.000001 15.372165 -17.727718 2.826249 1.665665 -1.955918 -2.878296 4.727794 -4.170583 4.993919 11.020512 0.000003 0.000000 12.109030 -3.735708 -2.866778 -0.000002 0.000000 0.000000 1.291984 -1.928547 -1.498088 14.800114 0.567469 3.865604 14.242554 -1.341732 -6.660648 19.631939 0.143926 -0.648243 48.362015 -0.590512 -6.667655 0.353029 -1.511148 -0.031941 20.222769 3.684305 2.316629 18.787247 0.000003 0.000000 10.751611 -0.479867 1.397904 0.000001 0.000000 -0.000002 3.273804 0.305947 -0.580110 21.486794 11.830360 2.266130 8.162917 0.000003 -0.000001 18.399054 -3.798980 -4.940568 0.000001 -0.000000 -0.000002 171.922089 75.363907 162.723389 -2.977691 -76.113808 21.552382 -4.113039 -25.841303 -4.416214 1.957841 -1.442134 -7.628551 0.000000 0.000000 0.000002 172.946457 -43.217869 173.249756 -179.480621 57.716625 -172.990509 14.920518 15.546476 -25.984400 -1.658017 0.619025 -12.611481 -0.000000 0.000000 -0.000001 
-6.165226 12.232942 -3.833410 1.121820 1.822830 88.653305 1.836614 0.713394 -2.238227 1.024377 -0.688886 -5.169172 2.628504 -2.561620 9.453810 -0.140709 3.944115 -24.887823 0.464702 4.013904 -3.840004 -9.917671 4.947017 -14.490598 0.000077 -0.000023 0.000008 0.257193 -0.264642 -0.231349 1.045375 -3.993080 -11.045182 -0.553006 3.482380 -10.943929 5.618977 -5.582673 14.994510 -64.504318 21.978086 -41.391655 -175.240204 -26.310501 173.665131 26.806992 -16.858912 4.704624 -5.882100 9.861277 0.702590 -10.936858 -0.360575 7.156196 0.000002 8.774814 -0.000001 -13.892054 16.210302 6.033815 -1.844032 2.498503 -2.507275 -10.163589 4.678939 4.621103 -20.975998 -0.000004 0.000001 -21.226255 2.451691 -3.593993 0.000000 -0.000006 -0.000001 -1.362682 2.240796 -0.746325 -21.334894 0.584909 3.008320 -13.821197 -0.000004 0.000002 -23.887133 -0.249081 -0.839480 -58.353607 1.703237 -1.258666 -0.294027 1.679686 0.833257 -14.218190 0.093214 1.300579 -34.211998 -0.287564 0.967169 -20.033176 0.964533 1.212841 0.000000 0.000000 0.000000 -3.440387 0.788233 0.501656 -15.928169 -3.167305 2.999702 -6.338817 -0.000000 0.000001 -18.123413 3.648174 -4.905661 -0.000004 -0.000000 -0.000002 -5.203530 11.602727 8.243764 32.589390 -5.397189 -78.929131 -177.485718 38.709240 178.055969 -16.156578 6.429452 8.272974 2.243540 -5.255032 -3.180155 14.282877 -0.826595 6.952496 -0.000003 -12.690588 0.000001 15.378507 -17.797390 2.923722 1.665665 -1.955921 -2.878296 4.727793 -4.170584 4.993918 11.020513 0.000002 -0.000001 12.109033 -3.735710 -2.866779 -0.000002 0.000000 0.000000 1.291985 -1.928549 -1.498088 14.800113 0.567466 3.865603 14.242553 -1.341734 -6.660648 19.631941 0.143925 -0.648244 48.815327 -0.611167 -6.714686 0.353029 -1.511148 -0.031940 20.222771 3.684306 2.316628 18.787247 0.000004 -0.000001 10.751611 -0.479869 1.397905 0.000000 0.000000 -0.000002 3.273804 0.305947 -0.580110 21.486790 11.830362 2.266131 8.162917 0.000001 -0.000001 18.399057 -3.798979 -4.940567 0.000002 -0.000001 -0.000002 170.136322 75.370659 160.832474 -2.238438 -76.519005 20.450775 -4.186817 -26.408926 -5.064125 2.004118 -1.420653 -7.835142 -0.000000 -0.000000 0.000002 173.130829 -41.458851 172.902985 179.991119 55.443497 -173.606567 14.719755 14.823490 -26.457314 -1.643841 0.619784 -12.409603 0.000000 0.000000 -0.000001 
-6.260060 12.393904 -3.563037 1.624862 1.981560 88.661865 1.863795 0.603349 -2.582180 0.968322 -0.691919 -5.314194 2.417409 -2.774799 9.401022 -0.492158 3.888085 -23.367517 0.430506 3.338515 -3.845923 -9.188963 4.192508 -15.077207 0.000077 -0.000022 0.000006 0.217163 -0.219185 -0.205520 0.992418 -3.927928 -10.927995 -0.580708 3.506687 -10.844500 4.515836 -4.629091 15.669425 -68.092827 22.482666 -35.364586 -173.445801 -31.419121 172.233353 28.039894 -22.133205 8.947682 -5.882100 9.861278 0.702589 -10.936859 -0.360574 7.156196 0.000001 8.774815 0.000000 -13.979307 16.350021 6.198354 -1.844030 2.498503 -2.507274 -10.163589 4.678940 4.621102 -20.975996 -0.000005 0.000002 -21.226255 2.451690 -3.593994 0.000000 -0.000006 -0.000001 -1.362681 2.240795 -0.746323 -21.334887 0.584909 3.008317 -13.821197 -0.000004 0.000001 -23.887131 -0.249081 -0.839483 -59.221001 1.425486 -1.065104 -0.294023 1.679687 0.833256 -14.218195 0.093214 1.300576 -34.212006 -0.287568 0.967165 -20.033180 0.964532 1.212840 0.000001 0.000002 0.000000 -3.440386 0.788232 0.501654 -15.928167 -3.167308 2.999701 -6.338814 -0.000001 0.000001 -18.123413 3.648175 -4.905663 -0.000003 -0.000001 -0.000002 -4.008301 11.062223 8.916330 38.594673 -4.950324 -75.396271 -178.013657 38.643154 177.502441 -17.784986 10.012179 11.925618 2.243540 -5.255033 -3.180156 14.282875 -0.826595 6.952496 -0.000002 -12.690591 0.000001 15.386305 -17.875654 2.981711 1.665665 -1.955920 -2.878297 4.727794 -4.170583 4.993918 11.020511 0.000003 -0.000001 12.109031 -3.735708 -2.866780 0.000000 0.000000 0.000000 1.291984 -1.928547 -1.498088 14.800111 0.567467 3.865602 14.242553 -1.341735 -6.660649 19.631939 0.143926 -0.648244 49.060371 -0.522604 -6.783998 0.353029 -1.511149 -0.031940 20.222769 3.684304 2.316627 18.787245 0.000003 0.000000 10.751610 -0.479867 1.397904 0.000001 -0.000001 -0.000001 3.273804 0.305947 -0.580110 21.486792 11.830361 2.266130 8.162916 0.000002 -0.000000 18.399048 -3.798980 -4.940567 0.000003 0.000000 0.000000 167.410202 75.863335 157.825577 -1.555745 -76.355598 19.688913 -3.896459 -27.261070 -5.568955 2.048717 -1.425628 -7.744773 0.000000 0.000000 0.000002 173.352600 -39.893021 172.538422 179.861588 53.679241 -173.659622 14.724374 14.374788 -26.327215 -1.645684 0.641056 -12.379516 0.000000 0.000000 -0.000001 
-6.351839 12.413234 -3.277723 2.209410 2.130037 88.539261 1.837202 0.551370 -2.927056 0.916268 -0.783571 -5.519143 2.036442 -3.010967 9.452317 -0.589629 3.632278 -22.046314 0.404599 2.761513 -3.872804 -8.295180 3.339632 -15.616019 0.000077 -0.000023 0.000005 0.204280 -0.202729 -0.211993 0.968481 -3.892443 -10.871947 -0.584177 3.507478 -10.805969 3.591486 -3.943985 16.069324 -71.138680 22.632999 -30.458097 -172.686172 -38.022118 171.094940 29.704922 -26.717821 12.856007 -5.882101 9.861278 0.702590 -10.936859 -0.360574 7.156196 0.000002 8.774814 -0.000000 -14.051249 16.481983 6.332356 -1.844030 2.498503 -2.507276 -10.163589 4.678940 4.621102 -20.975992 -0.000004 0.000002 -21.226250 2.451692 -3.593993 0.000000 -0.000006 0.000001 -1.362679 2.240795 -0.746322 -21.334887 0.584908 3.008320 -13.821195 -0.000002 0.000003 -23.887125 -0.249080 -0.839480 -59.961239 1.312000 -0.998142 -0.294024 1.679686 0.833256 -14.218190 0.093213 1.300577 -34.212002 -0.287564 0.967172 -20.033176 0.964535 1.212843 0.000000 0.000001 0.000000 -3.440386 0.788234 0.501655 -15.928165 -3.167306 2.999702 -6.338817 -0.000001 0.000000 -18.123411 3.648175 -4.905661 -0.000005 0.000001 -0.000003 -2.838027 10.393064 9.740445 45.203049 -4.807736 -70.870979 -178.893723 39.310436 176.709335 -19.859823 13.839705 15.539364 2.243540 -5.255033 -3.180155 14.282875 -0.826593 6.952495 -0.000003 -12.690593 -0.000000 15.353566 -17.786676 2.955770 1.665665 -1.955921 -2.878296 4.727792 -4.170584 4.993919 11.020509 0.000002 -0.000001 12.109031 -3.735710 -2.866780 -0.000001 -0.000000 0.000000 1.291984 -1.928547 -1.498087 14.800109 0.567468 3.865604 14.242550 -1.341735 -6.660649 19.631935 0.143926 -0.648242 49.268883 -0.362453 -6.654267 0.353029 -1.511150 -0.031940 20.222763 3.684306 2.316627 18.787243 0.000004 -0.000000 10.751610 -0.479868 1.397903 -0.000001 -0.000000 0.000000 3.273804 0.305947 -0.580110 21.486788 11.830366 2.266131 8.162915 0.000002 0.000000 18.399050 -3.798978 -4.940567 0.000002 0.000000 -0.000001 164.327560 76.659729 154.177200 -2.007376 -75.888359 20.561832 -3.312400 -28.072922 -5.911961 2.073985 -1.412808 -7.787720 0.000000 -0.000000 0.000002 173.757492 -37.788139 172.026367 -179.836853 51.600178 -173.647598 14.985559 13.724873 -25.142723 -1.657448 0.650156 -11.917211 -0.000000 -0.000000 -0.000001 
-6.534946 12.367606 -3.069337 2.839474 2.214395 88.306503 1.715669 0.538924 -3.222495 0.877714 -0.932648 -5.734519 1.542477 -3.265771 9.491899 -0.363422 3.327038 -21.014482 0.395756 2.197103 -3.882655 -7.417964 2.517392 -16.157093 0.000077 -0.000023 0.000004 0.208399 -0.206231 -0.229507 0.968726 -3.890215 -10.854258 -0.575099 3.497020 -10.779840 2.843037 -3.492161 16.215303 -73.306450 22.512897 -26.678373 -172.937576 -44.716721 170.675095 31.857738 -30.279593 15.346881 -5.882101 9.861279 0.702589 -10.936862 -0.360576 7.156199 -0.000001 8.774813 -0.000002 -14.135661 16.598743 6.385097 -1.844031 2.498503 -2.507276 -10.163589 4.678940 4.621104 -20.975998 -0.000004 0.000005 -21.226255 2.451693 -3.593993 0.000000 -0.000006 -0.000002 -1.362680 2.240796 -0.746322 -21.334894 0.584908 3.008321 -13.821197 -0.000002 0.000003 -23.887131 -0.249078 -0.839481 -60.425957 1.277151 -0.974929 -0.294026 1.679686 0.833255 -14.218194 0.093214 1.300579 -34.212006 -0.287564 0.967172 -20.033180 0.964536 1.212844 -0.000000 0.000001 -0.000000 -3.440387 0.788232 0.501654 -15.928171 -3.167307 2.999706 -6.338819 0.000000 0.000001 -18.123415 3.648176 -4.905662 -0.000004 -0.000000 -0.000003 -1.951395 9.493952 10.515874 51.764442 -5.380202 -65.030754 -179.654144 40.520500 175.898743 -22.115137 18.019287 18.906143 2.243540 -5.255033 -3.180155 14.282879 -0.826593 6.952497 -0.000003 -12.690590 -0.000000 15.347151 -17.610186 2.856921 1.665665 -1.955920 -2.878297 4.727795 -4.170582 4.993918 11.020513 0.000003 -0.000000 12.109035 -3.735709 -2.866779 0.000002 -0.000000 -0.000000 1.291985 -1.928547 -1.498088 14.800114 0.567468 3.865603 14.242554 -1.341734 -6.660648 19.631941 0.143925 -0.648243 49.257019 -0.179451 -6.430484 0.353029 -1.511149 -0.031940 20.222773 3.684306 2.316629 18.787249 0.000004 0.000000 10.751612 -0.479868 1.397904 -0.000002 -0.000000 0.000000 3.273805 0.305947 -0.580110 21.486795 11.830362 2.266132 8.162915 0.000001 -0.000000 18.399059 -3.798979 -4.940567 0.000003 -0.000000 -0.000000 160.084564 77.834633 149.215485 -2.664948 -74.861282 22.196257 -2.392620 -28.658749 -6.174205 2.131760 -1.389917 -7.565192 0.000000 -0.000000 0.000002 174.074631 -35.533089 171.500793 -179.600845 49.489151 -173.758835 15.092429 13.108797 -23.504412 -1.658301 0.646605 -11.559953 0.000000 0.000000 0.000000 
-6.801412 12.274361 -2.762466 3.408046 2.262053 88.003052 1.527131 0.591516 -3.444127 0.847798 -1.130244 -5.931392 0.965699 -3.501035 9.503319 0.069483 3.008705 -20.187660 0.389621 1.666200 -3.910365 -6.505327 1.687312 -16.669390 0.000077 -0.000023 0.000007 0.204753 -0.199929 -0.266171 0.973527 -3.884183 -10.829783 -0.588178 3.498078 -10.765816 2.110206 -3.270333 16.200783 -74.497574 22.312780 -23.947786 -173.729538 -50.548576 171.053909 34.362003 -32.904865 16.173506 -5.882099 9.861277 0.702590 -10.936862 -0.360573 7.156198 -0.000000 8.774813 -0.000001 -14.214952 16.692598 6.396317 -1.844029 2.498502 -2.507277 -10.163589 4.678941 4.621106 -20.975994 -0.000001 0.000003 -21.226255 2.451695 -3.593991 0.000000 -0.000006 -0.000001 -1.362681 2.240796 -0.746323 -21.334892 0.584911 3.008320 -13.821195 -0.000002 0.000004 -23.887133 -0.249075 -0.839480 -60.659397 1.246635 -0.940168 -0.294025 1.679686 0.833256 -14.218194 0.093216 1.300581 -34.212006 -0.287561 0.967169 -20.033178 0.964537 1.212842 0.000000 0.000000 0.000001 -3.440387 0.788233 0.501655 -15.928167 -3.167304 2.999706 -6.338817 0.000000 0.000002 -18.123415 3.648177 -4.905660 -0.000004 0.000000 -0.000001 -1.448695 8.305416 11.316683 57.973637 -6.763055 -57.985531 179.680771 42.072739 175.190781 -24.334518 22.460884 22.143326 2.243539 -5.255033 -3.180155 14.282875 -0.826595 6.952496 -0.000001 -12.690593 0.000001 15.285095 -17.492407 2.729452 1.665665 -1.955920 -2.878297 4.727793 -4.170585 4.993918 11.020510 0.000002 -0.000002 12.109030 -3.735712 -2.866780 0.000001 0.000000 0.000000 1.291984 -1.928548 -1.498088 14.800107 0.567466 3.865603 14.242548 -1.341736 -6.660649 19.631935 0.143926 -0.648244 49.012852 -0.027751 -6.267280 0.353029 -1.511150 -0.031939 20.222767 3.684306 2.316627 18.787243 0.000003 -0.000001 10.751611 -0.479868 1.397903 -0.000002 0.000000 0.000000 3.273803 0.305947 -0.580110 21.486788 11.830364 2.266130 8.162916 0.000000 0.000000 18.399046 -3.798981 -4.940568 0.000003 -0.000000 -0.000001 155.480133 78.910606 143.807922 -3.376157 -73.778496 24.306938 -1.323076 -28.684341 -6.456055 2.188935 -1.360211 -7.238788 -0.000000 -0.000000 0.000002 174.632431 -33.294868 170.775070 -179.171539 47.417549 -174.103104 15.116135 12.561110 -21.529613 -1.640093 0.658925 -11.322727 -0.000000 0.000000 -0.000001 
-7.065859 12.128258 -2.571103 3.825083 2.221040 87.678482 1.281921 0.673010 -3.610686 0.853999 -1.312379 -6.071007 0.356933 -3.678592 9.494661 0.582184 2.714896 -19.450985 0.317764 1.206723 -3.961704 -5.555550 0.844278 -17.150259 0.000077 -0.000023 0.000006 0.183912 -0.176971 -0.262904 0.958869 -3.867102 -10.831718 -0.615803 3.531126 -10.795561 1.415423 -3.137474 16.130871 -74.936172 22.025089 -21.674839 -174.719406 -55.328388 171.962921 36.904480 -34.972275 16.081940 -5.882100 9.861278 0.702589 -10.936855 -0.360577 7.156197 -0.000000 8.774817 -0.000003 -14.363059 16.764038 6.401039 -1.844031 2.498502 -2.507276 -10.163589 4.678940 4.621103 -20.975994 -0.000005 0.000002 -21.226248 2.451691 -3.593992 0.000000 -0.000006 -0.000000 -1.362680 2.240796 -0.746322 -21.334887 0.584907 3.008319 -13.821195 -0.000003 0.000003 -23.887129 -0.249078 -0.839481 -61.009193 1.227285 -0.905470 -0.294024 1.679686 0.833255 -14.218190 0.093213 1.300581 -34.211998 -0.287563 0.967171 -20.033176 0.964535 1.212842 -0.000000 -0.000000 -0.000001 -3.440385 0.788232 0.501656 -15.928164 -3.167308 2.999705 -6.338813 -0.000002 0.000001 -18.123411 3.648176 -4.905659 -0.000004 -0.000000 -0.000003 -1.392117 6.825267 12.155958 63.410236 -8.992755 -49.542103 179.604721 44.009373 175.040024 -26.207926 27.104153 25.655851 2.243540 -5.255033 -3.180156 14.282875 -0.826593 6.952497 -0.000002 -12.690593 -0.000001 15.093194 -17.516802 2.690486 1.665664 -1.955920 -2.878297 4.727792 -4.170583 4.993918 11.020513 0.000003 -0.000000 12.109032 -3.735709 -2.866779 0.000002 -0.000000 -0.000001 1.291984 -1.928548 -1.498088 14.800111 0.567469 3.865604 14.242548 -1.341735 -6.660649 19.631939 0.143926 -0.648242 48.771168 0.099268 -6.219673 0.353027 -1.511149 -0.031940 20.222767 3.684307 2.316629 18.787243 0.000005 0.000001 10.751609 -0.479867 1.397904 0.000001 -0.000000 -0.000000 3.273804 0.305947 -0.580110 21.486790 11.830366 2.266132 8.162916 0.000001 0.000001 18.399054 -3.798981 -4.940567 0.000003 0.000001 -0.000001 150.668777 79.783554 138.239716 -3.859299 -72.663902 26.205112 -0.462163 -28.098545 -6.847389 2.235435 -1.333033 -6.928683 0.000000 0.000000 0.000002 175.061783 -31.529995 170.099350 -178.930817 45.716705 -174.605530 15.074099 12.088938 -19.506603 -1.604053 0.652749 -11.202877 -0.000000 -0.000000 -0.000002 
-7.339047 11.938751 -2.362353 4.056459 2.127716 87.281151 1.112818 0.759814 -3.747539 0.819988 -1.401468 -6.159629 -0.195950 -3.810462 9.559269 1.034087 2.473887 -18.553991 0.192080 0.791679 -4.016329 -4.629462 0.051703 -17.537865 0.000077 -0.000023 0.000008 0.139178 -0.130114 -0.298984 0.926525 -3.829830 -10.883901 -0.673745 3.587570 -10.878207 0.632955 -2.946252 16.107370 -74.745293 21.634027 -19.578259 -175.630844 -59.247463 173.045258 39.173504 -36.808777 15.689555 -5.882104 9.861278 0.702591 -10.936861 -0.360575 7.156196 0.000001 8.774813 0.000000 -14.471283 16.822325 6.451032 -1.844030 2.498503 -2.507275 -10.163592 4.678939 4.621104 -20.976000 -0.000004 0.000001 -21.226255 2.451691 -3.593992 0.000000 -0.000006 0.000001 -1.362682 2.240796 -0.746324 -21.334894 0.584907 3.008319 -13.821200 -0.000003 0.000002 -23.887133 -0.249080 -0.839480 -61.360703 1.210646 -0.786431 -0.294026 1.679686 0.833256 -14.218197 0.093215 1.300578 -34.212013 -0.287565 0.967168 -20.033180 0.964533 1.212839 0.000000 0.000000 -0.000001 -3.440387 0.788233 0.501654 -15.928171 -3.167307 2.999703 -6.338820 -0.000001 0.000000 -18.123415 3.648175 -4.905661 -0.000004 0.000000 -0.000002 -1.735110 5.082828 12.964726 67.655701 -11.876035 -39.876686 -179.580505 46.394722 175.981873 -27.701414 31.662323 29.494865 2.243540 -5.255033 -3.180155 14.282875 -0.826593 6.952495 -0.000002 -12.690588 0.000000 14.901495 -17.727560 2.703706 1.665665 -1.955920 -2.878296 4.727792 -4.170583 4.993918 11.020508 0.000003 -0.000001 12.109033 -3.735708 -2.866778 -0.000001 0.000000 0.000000 1.291985 -1.928548 -1.498088 14.800111 0.567469 3.865603 14.242553 -1.341734 -6.660648 19.631935 0.143927 -0.648243 48.569771 0.242228 -6.329229 0.353029 -1.511149 -0.031940 20.222769 3.684306 2.316628 18.787245 0.000005 -0.000000 10.751610 -0.479867 1.397904 0.000000 0.000000 0.000000 3.273804 0.305947 -0.580110 21.486792 11.830362 2.266130 8.162915 0.000002 0.000000 18.399046 -3.798978 -4.940566 0.000004 -0.000000 -0.000001 147.053940 80.042656 133.968994 -4.186449 -72.165390 27.417698 -0.246377 -27.110422 -7.319156 2.278239 -1.308597 -6.650350 -0.000000 -0.000000 0.000002 175.456345 -30.286922 169.419754 -178.742157 44.407001 -175.017059 14.940459 11.750171 -17.677055 -1.532497 0.662131 -11.032868 -0.000000 -0.000000 0.000001 
-7.545193 11.771875 -2.221342 4.087577 2.040977 86.857445 1.038623 0.814178 -3.870710 0.805723 -1.397332 -6.216526 -0.721821 -3.858694 9.687518 1.428689 2.341228 -17.329582 -0.038448 0.424232 -4.075187 -3.787918 -0.621077 -17.757084 0.000077 -0.000022 0.000008 0.101408 -0.089135 -0.297219 0.896244 -3.788602 -10.921148 -0.718200 3.626945 -10.956356 -0.165914 -2.691115 16.180229 -73.963219 21.198355 -17.617664 -176.155777 -62.358845 174.070129 41.117035 -38.222675 15.558443 -5.882102 9.861278 0.702590 -10.936858 -0.360575 7.156198 0.000001 8.774815 -0.000001 -14.576960 16.866299 6.506550 -1.844031 2.498504 -2.507276 -10.163590 4.678940 4.621106 -20.975996 -0.000003 0.000002 -21.226254 2.451693 -3.593990 0.000000 -0.000006 -0.000001 -1.362682 2.240795 -0.746322 -21.334887 0.584907 3.008320 -13.821197 -0.000003 0.000003 -23.887131 -0.249077 -0.839480 -61.648083 1.162213 -0.690115 -0.294023 1.679685 0.833255 -14.218197 0.093214 1.300580 -34.212002 -0.287563 0.967171 -20.033180 0.964535 1.212841 0.000000 -0.000000 0.000001 -3.440387 0.788233 0.501654 -15.928167 -3.167305 2.999703 -6.338817 -0.000001 0.000001 -18.123413 3.648178 -4.905661 -0.000004 0.000000 -0.000002 -2.325161 3.347435 13.745350 70.221466 -14.704969 -30.301008 -178.272537 49.149387 177.823441 -29.090542 35.511841 32.929325 2.243540 -5.255033 -3.180156 14.282877 -0.826592 6.952496 -0.000002 -12.690593 -0.000000 14.709763 -17.933924 2.776731 1.665665 -1.955920 -2.878297 4.727792 -4.170582 4.993919 11.020513 0.000004 -0.000001 12.109031 -3.735710 -2.866780 0.000001 -0.000000 -0.000000 1.291984 -1.928548 -1.498088 14.800109 0.567469 3.865603 14.242550 -1.341734 -6.660650 19.631937 0.143927 -0.648243 48.484142 0.332581 -6.452312 0.353028 -1.511149 -0.031940 20.222769 3.684307 2.316628 18.787245 0.000005 0.000000 10.751610 -0.479867 1.397904 -0.000001 -0.000000 -0.000000 3.273804 0.305947 -0.580111 21.486794 11.830363 2.266131 8.162917 0.000002 -0.000000 18.399048 -3.798977 -4.940566 0.000003 -0.000001 -0.000001 146.122986 79.792236 132.478348 -4.458300 -72.373230 27.804497 -0.724279 -26.131334 -7.936403 2.287182 -1.302595 -6.520511 0.000000 -0.000000 0.000003 176.096924 -29.886841 168.745056 -178.155502 43.902576 -174.919464 14.934096 11.361858 -15.973071 -1.483305 0.669376 -10.932347 0.000000 0.000000 -0.000001 
-7.676524 11.619001 -2.078020 3.935120 1.902194 86.420326 1.060316 0.832964 -3.958117 0.727548 -1.314939 -6.257100 -1.160140 -3.822250 9.843788 1.776012 2.299403 -15.752306 -0.315226 0.140497 -4.103518 -2.973640 -1.100411 -17.797773 0.000077 -0.000023 0.000005 0.078234 -0.063197 -0.297351 0.874339 -3.760870 -10.940945 -0.741900 3.650840 -10.978282 -0.834113 -2.309815 16.385019 -72.881294 20.654730 -15.797364 -176.112091 -64.708542 174.783234 42.707897 -39.052990 15.632874 -5.882099 9.861279 0.702589 -10.936858 -0.360577 7.156198 0.000001 8.774814 -0.000003 -14.659607 16.861361 6.507359 -1.844031 2.498503 -2.507275 -10.163590 4.678941 4.621104 -20.975994 -0.000005 0.000004 -21.226250 2.451692 -3.593993 0.000000 -0.000006 -0.000000 -1.362678 2.240795 -0.746323 -21.334890 0.584907 3.008319 -13.821197 -0.000003 0.000003 -23.887131 -0.249079 -0.839480 -61.823120 1.122849 -0.654330 -0.294025 1.679686 0.833255 -14.218190 0.093212 1.300580 -34.211998 -0.287566 0.967173 -20.033178 0.964534 1.212843 -0.000000 -0.000000 -0.000001 -3.440387 0.788232 0.501655 -15.928167 -3.167309 2.999704 -6.338815 -0.000002 0.000001 -18.123413 3.648176 -4.905662 -0.000004 0.000001 -0.000002 -2.962274 1.964826 14.451507 71.245384 -16.678545 -22.418533 -177.043747 51.768372 179.935959 -30.703945 38.192345 35.073975 2.243540 -5.255032 -3.180155 14.282878 -0.826594 6.952496 -0.000001 -12.690590 0.000001 14.580558 -18.081814 2.869596 1.665666 -1.955920 -2.878296 4.727795 -4.170583 4.993918 11.020512 0.000004 -0.000000 12.109034 -3.735710 -2.866779 0.000002 0.000000 -0.000001 1.291985 -1.928548 -1.498088 14.800111 0.567468 3.865603 14.242550 -1.341734 -6.660650 19.631939 0.143926 -0.648243 48.615788 0.430116 -6.443334 0.353027 -1.511149 -0.031939 20.222773 3.684307 2.316629 18.787245 0.000005 0.000000 10.751611 -0.479868 1.397904 -0.000001 0.000000 0.000000 3.273805 0.305947 -0.580110 21.486792 11.830361 2.266130 8.162919 0.000002 -0.000000 18.399057 -3.798979 -4.940568 0.000003 0.000000 -0.000001 146.718964 79.450119 132.710297 -4.529583 -72.990952 27.314758 -1.810933 -25.223886 -8.518283 2.255275 -1.319767 -6.586276 0.000000 0.000000 0.000002 176.711411 -30.601021 168.214142 -177.597763 44.588020 -174.323380 15.025399 10.785955 -14.271314 -1.475631 0.678405 -10.733518 0.000000 0.000000 0.000000 
-7.771103 11.542171 -2.013414 3.713748 1.743435 86.011017 1.137237 0.834884 -4.019026 0.573385 -1.204149 -6.310832 -1.455499 -3.747892 10.033187 2.026287 2.278185 -14.122534 -0.510732 0.041799 -4.103382 -2.269794 -1.375221 -17.677830 0.000077 -0.000022 0.000004 0.065572 -0.050133 -0.257753 0.851184 -3.744420 -10.920411 -0.745238 3.657949 -10.960022 -1.257882 -1.856571 16.629522 -71.772186 20.062227 -14.156319 -175.639313 -66.364922 175.069809 43.958851 -39.443108 15.870403 -5.882100 9.861279 0.702589 -10.936857 -0.360576 7.156196 0.000001 8.774814 -0.000003 -14.815746 16.828850 6.392785 -1.844028 2.498504 -2.507276 -10.163589 4.678939 4.621104 -20.975994 -0.000004 0.000002 -21.226255 2.451692 -3.593995 0.000000 -0.000006 0.000002 -1.362679 2.240796 -0.746323 -21.334892 0.584908 3.008321 -13.821194 -0.000002 0.000002 -23.887129 -0.249078 -0.839483 -61.797596 1.075740 -0.743060 -0.294025 1.679686 0.833255 -14.218190 0.093214 1.300579 -34.211998 -0.287564 0.967169 -20.033180 0.964535 1.212842 0.000000 0.000000 0.000001 -3.440384 0.788232 0.501656 -15.928165 -3.167307 2.999702 -6.338815 -0.000002 0.000000 -18.123413 3.648177 -4.905662 -0.000004 -0.000000 -0.000003 -3.487701 1.034529 14.989237 71.377060 -17.728468 -16.930014 -176.404297 53.849533 -178.514465 -32.578335 40.015892 35.941742 2.243537 -5.255033 -3.180155 14.282873 -0.826594 6.952495 0.000000 -12.690590 -0.000000 14.507423 -18.160498 2.932978 1.665664 -1.955920 -2.878296 4.727795 -4.170584 4.993918 11.020511 0.000002 -0.000001 12.109031 -3.735711 -2.866781 0.000001 0.000000 -0.000000 1.291983 -1.928548 -1.498088 14.800111 0.567468 3.865604 14.242553 -1.341736 -6.660649 19.631937 0.143925 -0.648242 48.833630 0.449327 -6.358207 0.353030 -1.511149 -0.031940 20.222765 3.684306 2.316628 18.787243 0.000003 -0.000000 10.751610 -0.479868 1.397904 0.000000 0.000000 0.000000 3.273803 0.305947 -0.580110 21.486788 11.830363 2.266132 8.162914 0.000001 0.000000 18.399050 -3.798979 -4.940567 0.000003 0.000000 -0.000001 147.765991 79.065010 133.618637 -4.093945 -73.624718 25.886475 -3.127473 -24.709850 -9.057549 2.193716 -1.345761 -6.791118 -0.000000 -0.000000 0.000002 177.128586 -31.711010 167.872314 -177.045868 45.725788 -173.389038 15.117554 10.284845 -12.520426 -1.501432 0.681079 -10.510038 -0.000000 0.000000 -0.000000 
-7.738455 11.554295 -1.899989 3.525412 1.613008 85.687515 1.207742 0.849129 -4.093628 0.473908 -1.107539 -6.346737 -1.654911 -3.646170 10.220879 2.142906 2.304328 -12.604299 -0.594858 0.048569 -4.070693 -1.708591 -1.498331 -17.423668 0.000077 -0.000023 0.000004 0.061989 -0.046334 -0.240155 0.833921 -3.733128 -10.882191 -0.736085 3.652255 -10.944344 -1.525441 -1.396817 16.865179 -70.708046 19.466534 -12.623705 -174.906937 -67.519600 175.106720 45.249554 -39.667908 15.824210 -5.882102 9.861278 0.702591 -10.936858 -0.360574 7.156196 0.000001 8.774814 -0.000002 -14.940099 16.804066 6.256752 -1.844032 2.498502 -2.507276 -10.163588 4.678940 4.621104 -20.975994 -0.000002 0.000004 -21.226250 2.451694 -3.593994 0.000000 -0.000006 0.000001 -1.362680 2.240796 -0.746322 -21.334887 0.584910 3.008319 -13.821194 -0.000002 0.000004 -23.887123 -0.249077 -0.839481 -61.570511 1.036042 -0.798327 -0.294025 1.679686 0.833256 -14.218190 0.093214 1.300579 -34.211998 -0.287563 0.967171 -20.033176 0.964536 1.212844 0.000000 0.000000 0.000000 -3.440385 0.788231 0.501656 -15.928165 -3.167304 2.999705 -6.338815 -0.000000 0.000000 -18.123413 3.648178 -4.905662 -0.000004 0.000000 -0.000003 -3.944503 0.413623 15.360271 71.138306 -18.168680 -13.036713 -176.085938 55.372841 -177.336243 -34.687229 41.288105 35.840660 2.243539 -5.255033 -3.180155 14.282875 -0.826592 6.952494 -0.000003 -12.690592 -0.000000 14.410254 -18.198025 2.988780 1.665665 -1.955920 -2.878297 4.727793 -4.170584 4.993918 11.020512 0.000003 -0.000001 12.109028 -3.735710 -2.866780 0.000001 -0.000000 0.000000 1.291985 -1.928548 -1.498088 14.800111 0.567469 3.865602 14.242553 -1.341734 -6.660649 19.631939 0.143927 -0.648244 49.045837 0.423319 -6.273212 0.353028 -1.511150 -0.031940 20.222767 3.684307 2.316627 18.787245 0.000005 -0.000000 10.751610 -0.479867 1.397904 -0.000000 0.000000 -0.000000 3.273804 0.305948 -0.580110 21.486794 11.830364 2.266131 8.162915 0.000002 -0.000000 18.399052 -3.798978 -4.940567 0.000003 0.000000 -0.000001 148.221008 78.840584 134.032761 -3.403945 -74.026718 24.140348 -4.471737 -24.268196 -9.541212 2.159319 -1.366108 -7.007272 -0.000000 -0.000000 0.000002 177.559387 -32.903065 167.554398 -176.328262 47.100166 -172.384460 15.211589 10.041817 -10.752748 -1.521846 0.687309 -10.111166 -0.000000 0.000000 -0.000001 
-7.755317 11.631274 -1.812384 3.416784 1.514780 85.446709 1.273451 0.881849 -4.200156 0.425283 -1.033556 -6.353554 -1.826192 -3.539166 10.400671 2.188467 2.374504 -11.305443 -0.568463 0.138561 -4.047300 -1.285346 -1.541749 -17.039623 0.000077 -0.000023 0.000007 0.062309 -0.042201 -0.257652 0.823566 -3.719960 -10.844795 -0.725582 3.644862 -10.923905 -1.660968 -1.003200 17.073606 -69.829758 18.840605 -11.377877 -174.044113 -68.288795 174.916824 46.785755 -39.875336 15.370594 -5.882101 9.861279 0.702590 -10.936861 -0.360573 7.156197 0.000001 8.774812 0.000000 -15.016350 16.772919 6.109588 -1.844030 2.498501 -2.507275 -10.163588 4.678941 4.621105 -20.975996 -0.000001 0.000004 -21.226254 2.451694 -3.593995 0.000000 -0.000006 0.000001 -1.362681 2.240798 -0.746323 -21.334896 0.584911 3.008321 -13.821197 -0.000001 0.000004 -23.887129 -0.249076 -0.839482 -61.338150 1.003450 -0.873096 -0.294026 1.679687 0.833257 -14.218192 0.093217 1.300580 -34.212006 -0.287560 0.967168 -20.033178 0.964536 1.212840 0.000000 0.000000 0.000000 -3.440383 0.788233 0.501654 -15.928169 -3.167306 2.999705 -6.338818 0.000000 0.000002 -18.123415 3.648178 -4.905661 -0.000004 0.000000 -0.000002 -4.316820 -0.033660 15.629258 70.685120 -18.202847 -10.009842 -175.815384 56.490269 -176.264450 -37.038460 42.383984 35.127632 2.243539 -5.255032 -3.180155 14.282877 -0.826593 6.952496 -0.000002 -12.690586 -0.000000 14.296868 -18.189728 3.041713 1.665664 -1.955919 -2.878296 4.727794 -4.170583 4.993918 11.020511 0.000003 -0.000000 12.109033 -3.735709 -2.866778 0.000002 0.000000 -0.000000 1.291985 -1.928548 -1.498088 14.800114 0.567469 3.865604 14.242553 -1.341734 -6.660647 19.631939 0.143926 -0.648242 49.209499 0.380832 -6.181119 0.353028 -1.511150 -0.031940 20.222769 3.684307 2.316629 18.787245 0.000005 0.000001 10.751611 -0.479868 1.397905 -0.000000 0.000000 -0.000000 3.273803 0.305947 -0.580110 21.486794 11.830361 2.266133 8.162916 0.000002 0.000001 18.399054 -3.798979 -4.940565 0.000003 0.000000 -0.000001 148.221085 78.774902 134.057434 -2.651430 -74.171021 22.493155 -5.756403 -23.892782 -9.979853 2.146030 -1.376406 -7.106091 -0.000000 -0.000000 0.000002 177.924500 -33.973225 167.285187 -175.547150 48.412445 -171.538620 15.236840 10.136714 -9.063467 -1.533256 0.678894 -9.665799 0.000000 -0.000000 -0.000001 
-7.799025 11.762696 -1.752509 3.398544 1.407786 85.257263 1.316200 0.916726 -4.280023 0.432129 -0.968372 -6.356629 -1.966964 -3.471985 10.520405 2.180799 2.452739 -10.309612 -0.447006 0.234552 -4.005474 -1.044768 -1.543111 -16.486614 0.000077 -0.000022 0.000008 0.071633 -0.042198 -0.241089 0.825726 -3.711156 -10.813709 -0.710264 3.634970 -10.862290 -1.720110 -0.720053 17.264750 -69.249443 18.158869 -10.444964 -173.185196 -68.916000 174.610855 48.721046 -40.210712 14.298799 -5.882099 9.861279 0.702591 -10.936860 -0.360573 7.156196 0.000001 8.774813 -0.000002 -15.016047 16.771177 6.009536 -1.844031 2.498503 -2.507276 -10.163589 4.678938 4.621105 -20.975996 -0.000004 0.000002 -21.226255 2.451693 -3.593995 0.000000 -0.000006 0.000001 -1.362680 2.240794 -0.746323 -21.334885 0.584908 3.008321 -13.821197 -0.000003 0.000003 -23.887131 -0.249079 -0.839482 -61.070004 1.015248 -0.923511 -0.294024 1.679685 0.833255 -14.218194 0.093214 1.300579 -34.212006 -0.287565 0.967169 -20.033180 0.964535 1.212841 0.000000 0.000000 0.000000 -3.440385 0.788233 0.501655 -15.928171 -3.167306 2.999703 -6.338818 -0.000001 0.000001 -18.123415 3.648177 -4.905661 -0.000004 -0.000000 -0.000002 -4.638456 -0.400032 15.815578 70.155556 -17.952360 -7.468798 -175.464523 57.371433 -175.183167 -39.557392 43.264389 33.867924 2.243538 -5.255033 -3.180155 14.282875 -0.826593 6.952496 -0.000001 -12.690590 -0.000000 14.184046 -18.138004 3.083841 1.665666 -1.955920 -2.878297 4.727791 -4.170582 4.993918 11.020512 0.000003 -0.000000 12.109031 -3.735710 -2.866779 0.000001 0.000000 0.000000 1.291984 -1.928548 -1.498088 14.800113 0.567468 3.865604 14.242548 -1.341735 -6.660647 19.631939 0.143926 -0.648242 49.248627 0.361091 -6.115599 0.353028 -1.511150 -0.031940 20.222767 3.684307 2.316628 18.787243 0.000005 0.000001 10.751610 -0.479868 1.397905 -0.000000 0.000000 -0.000000 3.273804 0.305947 -0.580110 21.486788 11.830363 2.266131 8.162916 0.000001 0.000000 18.399052 -3.798978 -4.940566 0.000003 0.000000 -0.000001 146.802490 78.917038 132.718048 -1.988383 -73.887054 20.981133 -7.049718 -23.536243 -10.432859 2.146923 -1.389339 -7.125514 0.000000 -0.000000 0.000002 178.113129 -34.768932 167.064499 -174.922302 49.525227 -171.110016 15.257139 10.420287 -7.488799 -1.528583 0.688982 -9.203098 0.000000 0.000000 -0.000000 
-7.897604 11.831421 -1.748339 3.423093 1.327414 85.202087 1.318062 0.964746 -4.368112 0.454417 -0.936340 -6.371656 -2.056090 -3.427960 10.606462 2.198046 2.515364 -9.549105 -0.253038 0.336421 -3.963977 -0.928519 -1.522668 -15.827718 0.000077 -0.000022 0.000005 0.090494 -0.050113 -0.233618 0.841283 -3.709988 -10.752924 -0.689778 3.616156 -10.807466 -1.755646 -0.525371 17.403973 -68.938850 17.456476 -9.871713 -172.103302 -69.504715 173.951614 50.958191 -40.706467 12.795485 -5.882102 9.861278 0.702590 -10.936860 -0.360574 7.156198 -0.000002 8.774814 -0.000001 -14.968740 16.754536 5.960479 -1.844031 2.498503 -2.507276 -10.163590 4.678940 4.621105 -20.976000 -0.000003 0.000003 -21.226255 2.451694 -3.593993 0.000000 -0.000006 -0.000000 -1.362679 2.240797 -0.746323 -21.334898 0.584906 3.008322 -13.821198 -0.000002 0.000003 -23.887135 -0.249076 -0.839480 -60.827763 0.994188 -0.958994 -0.294026 1.679688 0.833254 -14.218197 0.093215 1.300580 -34.212009 -0.287562 0.967171 -20.033186 0.964536 1.212842 0.000000 0.000000 0.000000 -3.440386 0.788234 0.501654 -15.928167 -3.167308 2.999706 -6.338818 -0.000001 0.000001 -18.123415 3.648177 -4.905663 -0.000003 -0.000000 -0.000003 -4.862518 -0.746440 15.932800 69.576027 -17.447348 -5.443483 -175.285873 58.127155 -174.405289 -42.025810 43.958035 32.248798 2.243540 -5.255033 -3.180155 14.282877 -0.826593 6.952496 -0.000003 -12.690591 -0.000000 14.036842 -18.025799 3.090982 1.665666 -1.955920 -2.878296 4.727793 -4.170583 4.993918 11.020512 0.000003 -0.000001 12.109031 -3.735708 -2.866779 0.000002 0.000000 0.000000 1.291984 -1.928548 -1.498087 14.800111 0.567469 3.865603 14.242553 -1.341733 -6.660648 19.631939 0.143927 -0.648243 49.214851 0.364402 -6.076431 0.353029 -1.511150 -0.031940 20.222771 3.684308 2.316629 18.787243 0.000005 0.000000 10.751612 -0.479867 1.397905 -0.000000 0.000000 -0.000000 3.273804 0.305947 -0.580110 21.486795 11.830366 2.266133 8.162916 0.000003 -0.000000 18.399054 -3.798978 -4.940567 0.000003 0.000000 -0.000001 144.544739 79.337341 130.533478 -1.715709 -73.109383 20.078835 -8.163433 -23.247948 -10.945387 2.144399 -1.394000 -7.020525 0.000000 0.000000 0.000002 178.231995 -35.373444 166.844650 -174.456177 50.509724 -171.120178 15.326032 10.815395 -6.028663 -1.510921 0.690988 -8.821002 -0.000000 0.000000 -0.000001 
-7.946451 11.913329 -1.763275 3.471328 1.215595 85.176720 1.246078 1.021952 -4.484566 0.476170 -0.928020 -6.431180 -2.070931 -3.402676 10.706818 2.345778 2.530619 -8.869621 -0.155971 0.430372 -3.917073 -0.824366 -1.525297 -14.955606 0.000077 -0.000022 0.000005 0.104502 -0.052906 -0.210681 0.857163 -3.703774 -10.727460 -0.678908 3.602558 -10.761047 -1.688724 -0.454832 17.479876 -68.952858 16.791412 -9.365104 -171.172791 -70.169426 173.492813 53.547352 -41.238365 10.917240 -5.882097 9.861278 0.702590 -10.936857 -0.360575 7.156196 0.000001 8.774813 0.000000 -15.012292 16.768425 5.891979 -1.844032 2.498503 -2.507276 -10.163589 4.678937 4.621102 -20.975994 -0.000005 0.000002 -21.226246 2.451691 -3.593994 0.000000 -0.000006 0.000001 -1.362681 2.240798 -0.746322 -21.334887 0.584906 3.008320 -13.821192 -0.000005 0.000001 -23.887129 -0.249081 -0.839481 -60.636852 0.978981 -1.040052 -0.294023 1.679685 0.833254 -14.218189 0.093213 1.300579 -34.211998 -0.287565 0.967171 -20.033176 0.964534 1.212841 0.000000 -0.000000 -0.000000 -3.440384 0.788233 0.501654 -15.928167 -3.167305 2.999704 -6.338814 -0.000001 0.000001 -18.123411 3.648174 -4.905662 -0.000005 -0.000000 -0.000004 -5.055618 -1.050780 15.974907 68.913284 -16.712643 -3.817807 -175.311066 58.873535 -173.930603 -44.375484 44.421574 30.393269 2.243540 -5.255033 -3.180155 14.282877 -0.826594 6.952496 -0.000003 -12.690587 0.000001 13.938367 -17.874750 3.074981 1.665664 -1.955919 -2.878296 4.727792 -4.170582 4.993918 11.020513 0.000002 -0.000001 12.109033 -3.735709 -2.866779 0.000000 -0.000000 -0.000001 1.291985 -1.928547 -1.498088 14.800113 0.567467 3.865603 14.242553 -1.341735 -6.660648 19.631939 0.143925 -0.648243 49.176151 0.387803 -6.029932 0.353028 -1.511149 -0.031940 20.222769 3.684304 2.316628 18.787245 0.000004 -0.000000 10.751610 -0.479868 1.397904 -0.000000 0.000000 0.000000 3.273803 0.305947 -0.580110 21.486788 11.830360 2.266130 8.162917 0.000001 0.000000 18.399052 -3.798979 -4.940567 0.000003 0.000000 -0.000001 141.836563 79.954544 127.917290 -1.792200 -72.074738 19.808846 -9.128801 -23.088650 -11.561043 2.148602 -1.393878 -7.095036 -0.000000 -0.000000 0.000002 178.423615 -35.638416 166.522202 -173.874237 51.288635 -171.518845 15.514853 11.259342 -4.608743 -1.509996 0.689734 -8.735236 -0.000000 0.000000 -0.000001 
-8.132373 12.025839 -1.824584 3.547898 1.178626 85.102936 1.189921 1.083736 -4.641763 0.448202 -0.954735 -6.512560 -2.011795 -3.410543 10.818818 2.636667 2.531072 -8.170502 -0.148386 0.464992 -3.884868 -0.739559 -1.535543 -13.887249 0.000077 -0.000023 0.000008 0.106497 -0.049220 -0.203058 0.869222 -3.691654 -10.681862 -0.684601 3.594110 -10.717459 -1.574435 -0.471900 17.544207 -69.043617 16.149529 -8.748873 -170.745132 -71.007515 173.315948 56.139603 -41.927444 8.883415 -5.882100 9.861277 0.702590 -10.936858 -0.360576 7.156196 -0.000001 8.774814 0.000001 -15.063336 16.717688 5.833364 -1.844030 2.498502 -2.507276 -10.163591 4.678941 4.621104 -20.976000 -0.000005 0.000002 -21.226257 2.451691 -3.593992 0.000000 -0.000006 -0.000000 -1.362681 2.240798 -0.746324 -21.334892 0.584906 3.008320 -13.821193 -0.000004 0.000002 -23.887131 -0.249080 -0.839480 -60.476139 0.955342 -1.068418 -0.294023 1.679686 0.833256 -14.218195 0.093212 1.300579 -34.212002 -0.287567 0.967171 -20.033182 0.964533 1.212841 0.000000 0.000000 0.000000 -3.440386 0.788232 0.501655 -15.928171 -3.167307 2.999702 -6.338815 -0.000002 0.000001 -18.123415 3.648175 -4.905661 -0.000003 -0.000000 -0.000003 -5.231239 -1.282634 15.957662 68.284973 -15.746675 -2.562704 -175.559067 59.761978 -173.692871 -46.551670 44.590294 28.449816 2.243539 -5.255032 -3.180156 14.282877 -0.826592 6.952495 -0.000004 -12.690590 0.000001 13.867414 -17.780138 3.031052 1.665665 -1.955920 -2.878297 4.727791 -4.170582 4.993918 11.020510 0.000004 -0.000002 12.109034 -3.735709 -2.866781 0.000000 -0.000000 0.000000 1.291983 -1.928548 -1.498088 14.800111 0.567469 3.865602 14.242550 -1.341734 -6.660650 19.631939 0.143927 -0.648244 49.186703 0.416515 -5.991968 0.353030 -1.511149 -0.031940 20.222767 3.684307 2.316627 18.787245 0.000006 -0.000001 10.751609 -0.479867 1.397904 -0.000001 -0.000000 -0.000000 3.273803 0.305947 -0.580110 21.486790 11.830365 2.266129 8.162915 0.000002 -0.000000 18.399052 -3.798978 -4.940567 0.000003 -0.000000 -0.000001 138.512268 80.346863 124.635895 -2.000544 -71.022736 19.829992 -9.872800 -22.951830 -12.378392 2.143123 -1.401516 -7.177214 0.000000 0.000000 0.000002 178.844559 -35.680038 166.047897 -173.119370 51.970646 -171.946075 15.796169 11.505698 -3.274426 -1.512994 0.689816 -8.754165 0.000000 0.000000 -0.000001 
-8.264369 12.075079 -1.901391 3.653721 1.162861 84.987999 1.114754 1.137314 -4.848539 0.486776 -1.016709 -6.650909 -2.021687 -3.432414 10.950157 3.032478 2.502629 -7.257156 -0.197603 0.455226 -3.865104 -0.606626 -1.612952 -12.540287 0.000077 -0.000022 0.000005 0.087083 -0.028572 -0.207553 0.862904 -3.663528 -10.656966 -0.718652 3.604396 -10.690058 -1.397793 -0.543500 17.637463 -69.101677 15.544824 -8.059325 -170.584335 -71.906464 173.259079 58.677742 -42.614315 6.735275 -5.882102 9.861279 0.702589 -10.936856 -0.360574 7.156196 0.000002 8.774812 -0.000002 -15.077550 16.645731 5.800224 -1.844032 2.498502 -2.507277 -10.163588 4.678939 4.621103 -20.975998 -0.000006 0.000001 -21.226255 2.451691 -3.593994 0.000000 -0.000006 0.000001 -1.362681 2.240796 -0.746323 -21.334892 0.584906 3.008319 -13.821195 -0.000004 0.000002 -23.887129 -0.249081 -0.839480 -60.369102 0.930501 -1.032830 -0.294024 1.679685 0.833254 -14.218190 0.093213 1.300580 -34.212006 -0.287566 0.967171 -20.033178 0.964534 1.212843 -0.000000 0.000000 -0.000000 -3.440385 0.788231 0.501655 -15.928169 -3.167306 2.999702 -6.338817 -0.000002 0.000001 -18.123415 3.648175 -4.905661 -0.000003 -0.000000 -0.000004 -5.372397 -1.449919 16.017717 67.638977 -14.463427 -1.508544 -176.100769 60.749405 -173.718903 -48.819828 44.584568 26.338438 2.243538 -5.255032 -3.180156 14.282875 -0.826592 6.952494 -0.000002 -12.690590 0.000000 13.888724 -17.712675 2.951892 1.665665 -1.955920 -2.878297 4.727794 -4.170583 4.993918 11.020513 0.000004 -0.000001 12.109035 -3.735710 -2.866780 0.000001 -0.000001 -0.000001 1.291983 -1.928548 -1.498088 14.800113 0.567469 3.865602 14.242551 -1.341733 -6.660650 19.631937 0.143928 -0.648243 49.239742 0.444994 -6.001472 0.353028 -1.511149 -0.031940 20.222767 3.684307 2.316627 18.787243 0.000006 -0.000001 10.751610 -0.479867 1.397904 -0.000002 -0.000000 0.000000 3.273803 0.305947 -0.580110 21.486790 11.830366 2.266131 8.162916 0.000002 -0.000000 18.399050 -3.798978 -4.940567 0.000003 -0.000000 -0.000001 133.391174 80.684143 119.498718 -2.350547 -69.830322 20.188370 -10.450480 -23.033840 -13.418903 2.160390 -1.399131 -7.195920 -0.000000 0.000000 0.000002 179.685043 -36.006420 165.280563 -172.135284 53.179070 -172.094070 16.133600 11.576378 -2.218925 -1.517138 0.681912 -8.752338 -0.000000 0.000000 -0.000001 
-8.495866 12.162649 -1.984761 3.800547 1.152458 84.545204 1.047827 1.167891 -5.038692 0.539157 -1.091687 -6.774361 -2.064241 -3.465662 11.103899 3.514065 2.383914 -5.977806 -0.245598 0.410992 -3.840090 -0.561101 -1.731589 -10.897116 0.000077 -0.000022 0.000004 0.077206 -0.015321 -0.188313 0.873580 -3.643783 -10.663806 -0.750012 3.610348 -10.710693 -1.072313 -0.669895 17.699495 -69.044624 14.883139 -7.311504 -169.956223 -72.892914 172.662094 60.996258 -43.225601 4.917062 -5.882102 9.861280 0.702589 -10.936858 -0.360574 7.156196 0.000001 8.774814 -0.000001 -15.096531 16.605459 5.780222 -1.844029 2.498502 -2.507277 -10.163589 4.678941 4.621104 -20.975994 -0.000004 0.000002 -21.226254 2.451691 -3.593995 0.000000 -0.000006 0.000001 -1.362679 2.240797 -0.746322 -21.334890 0.584907 3.008318 -13.821195 -0.000004 0.000001 -23.887129 -0.249079 -0.839481 -60.301018 0.917964 -0.999212 -0.294024 1.679685 0.833256 -14.218190 0.093215 1.300579 -34.212002 -0.287567 0.967169 -20.033178 0.964534 1.212841 0.000000 -0.000000 -0.000000 -3.440384 0.788233 0.501655 -15.928165 -3.167308 2.999702 -6.338817 -0.000001 0.000001 -18.123411 3.648175 -4.905661 -0.000004 0.000000 -0.000003 -5.551314 -1.627598 16.048252 66.876205 -12.902597 -0.333140 -176.569580 61.944511 -173.791870 -51.204144 44.550823 23.964037 2.243539 -5.255033 -3.180155 14.282877 -0.826594 6.952496 -0.000002 -12.690590 0.000000 13.905165 -17.598629 2.856504 1.665666 -1.955919 -2.878297 4.727793 -4.170583 4.993918 11.020511 0.000003 -0.000001 12.109030 -3.735710 -2.866779 0.000000 0.000000 0.000000 1.291984 -1.928548 -1.498089 14.800114 0.567467 3.865604 14.242551 -1.341734 -6.660648 19.631937 0.143927 -0.648243 49.368580 0.461960 -5.972520 0.353029 -1.511149 -0.031939 20.222767 3.684307 2.316628 18.787245 0.000005 0.000000 10.751610 -0.479867 1.397904 0.000000 -0.000000 -0.000000 3.273804 0.305947 -0.580110 21.486792 11.830364 2.266131 8.162916 0.000001 0.000000 18.399052 -3.798978 -4.940567 0.000003 0.000000 -0.000001 126.028893 80.625473 112.064491 -2.922199 -68.533676 20.626289 -10.953465 -23.501362 -14.587647 2.168855 -1.388565 -7.198865 0.000000 0.000000 0.000002 -179.145798 -36.547699 164.206055 -171.040878 54.758110 -171.772110 16.376919 11.572254 -1.727871 -1.526432 0.677240 -8.773187 0.000000 0.000000 -0.000001 
-8.765162 12.160814 -2.060966 4.014678 1.212646 83.946220 0.973060 1.195364 -5.314624 0.531408 -1.193724 -6.920515 -2.048948 -3.551334 11.393076 4.140484 2.189681 -4.355762 -0.382219 0.362957 -3.808321 -0.560880 -1.901268 -8.938060 0.000077 -0.000023 0.000007 0.070943 -0.006534 -0.200548 0.893168 -3.626587 -10.683602 -0.784416 3.608972 -10.730322 -0.602337 -0.839865 17.728382 -68.773346 14.181923 -6.446437 -168.980804 -73.843819 171.870087 63.075672 -43.496571 3.479948 -5.882099 9.861275 0.702589 -10.936857 -0.360576 7.156196 0.000002 8.774813 -0.000002 -15.161581 16.551868 5.679540 -1.844030 2.498503 -2.507275 -10.163588 4.678939 4.621102 -20.975990 -0.000006 0.000002 -21.226248 2.451691 -3.593993 0.000001 -0.000006 0.000001 -1.362681 2.240798 -0.746323 -21.334892 0.584907 3.008319 -13.821195 -0.000004 0.000003 -23.887123 -0.249080 -0.839480 -60.216858 0.891774 -0.986160 -0.294025 1.679686 0.833254 -14.218192 0.093213 1.300578 -34.211998 -0.287567 0.967170 -20.033180 0.964533 1.212842 -0.000000 -0.000000 -0.000001 -3.440385 0.788231 0.501655 -15.928167 -3.167307 2.999704 -6.338817 -0.000002 0.000002 -18.123413 3.648175 -4.905663 -0.000003 -0.000000 -0.000002 -5.796258 -1.859662 16.013672 66.106323 -11.198875 1.187845 -176.773560 63.117878 -173.632507 -53.753197 44.482990 21.553833 2.243541 -5.255032 -3.180155 14.282877 -0.826594 6.952496 -0.000002 -12.690590 0.000001 13.931193 -17.441254 2.775501 1.665666 -1.955919 -2.878296 4.727795 -4.170583 4.993919 11.020513 0.000003 -0.000000 12.109034 -3.735710 -2.866778 0.000000 0.000000 0.000001 1.291984 -1.928547 -1.498087 14.800113 0.567468 3.865604 14.242554 -1.341735 -6.660646 19.631937 0.143925 -0.648243 49.503960 0.536168 -5.961713 0.353028 -1.511149 -0.031940 20.222769 3.684305 2.316630 18.787247 0.000004 0.000002 10.751612 -0.479868 1.397904 -0.000001 0.000000 -0.000000 3.273804 0.305947 -0.580110 21.486794 11.830361 2.266133 8.162916 0.000002 0.000001 18.399054 -3.798980 -4.940567 0.000003 0.000000 -0.000000 118.495186 80.378899 104.406273 -3.658679 -67.231323 21.067045 -11.352249 -24.409760 -15.823654 2.152326 -1.393363 -7.312355 -0.000000 0.000000 0.000003 -177.740891 -36.718082 162.983032 -169.572006 55.983692 -171.112091 16.601656 11.928417 -1.584553 -1.544287 0.668018 -8.875760 -0.000000 0.000000 -0.000001 
-9.068161 12.210835 -2.100987 4.267783 1.283490 83.221581 0.928576 1.207981 -5.608268 0.460681 -1.291496 -7.064915 -2.052681 -3.687965 11.723015 4.796976 1.972730 -2.431893 -0.540818 0.254875 -3.777285 -0.618701 -2.083732 -6.790749 0.000077 -0.000022 0.000006 0.086246 -0.007548 -0.208028 0.936626 -3.618014 -10.696306 -0.796950 3.595477 -10.758691 -0.140270 -1.035720 17.760920 -68.166809 13.425027 -5.413337 -167.999695 -74.800537 171.099823 64.878792 -43.554653 2.239503 -5.882102 9.861279 0.702590 -10.936858 -0.360573 7.156196 -0.000001 8.774813 -0.000002 -15.214369 16.505178 5.590572 -1.844031 2.498503 -2.507277 -10.163589 4.678940 4.621103 -20.975996 -0.000002 0.000000 -21.226250 2.451693 -3.593995 0.000001 -0.000006 -0.000002 -1.362680 2.240795 -0.746323 -21.334887 0.584909 3.008318 -13.821197 -0.000003 0.000000 -23.887131 -0.249079 -0.839483 -60.141670 0.880310 -1.000919 -0.294026 1.679686 0.833255 -14.218194 0.093215 1.300579 -34.211998 -0.287563 0.967167 -20.033178 0.964535 1.212840 -0.000000 0.000000 -0.000000 -3.440386 0.788233 0.501655 -15.928167 -3.167306 2.999704 -6.338818 -0.000000 0.000002 -18.123415 3.648175 -4.905663 -0.000003 -0.000001 -0.000001 -6.099058 -2.097961 16.021946 65.331757 -9.440547 2.863468 -176.964325 64.300423 -173.408813 -56.169132 44.382015 19.348005 2.243540 -5.255033 -3.180154 14.282878 -0.826596 6.952499 -0.000001 -12.690588 0.000001 13.981064 -17.284292 2.683739 1.665665 -1.955920 -2.878296 4.727795 -4.170584 4.993919 11.020513 0.000002 0.000000 12.109033 -3.735712 -2.866778 0.000001 0.000000 -0.000001 1.291983 -1.928548 -1.498088 14.800114 0.567466 3.865606 14.242554 -1.341735 -6.660648 19.631939 0.143923 -0.648242 49.612080 0.632502 -5.927390 0.353028 -1.511149 -0.031940 20.222765 3.684303 2.316630 18.787245 0.000002 0.000002 10.751610 -0.479870 1.397905 -0.000000 -0.000000 0.000000 3.273802 0.305946 -0.580110 21.486792 11.830361 2.266135 8.162918 0.000000 0.000001 18.399052 -3.798982 -4.940566 0.000003 0.000000 -0.000001 112.304291 79.804039 98.129059 -4.186347 -66.074684 21.066610 -11.534018 -25.793333 -17.223190 2.131792 -1.391328 -7.517548 0.000000 -0.000000 0.000002 -176.407623 -36.584938 161.810104 -168.034714 56.776062 -170.451782 16.875010 12.531236 -1.463339 -1.557176 0.662498 -9.136788 -0.000000 0.000000 -0.000001 
-9.313083 12.259876 -2.123008 4.510662 1.346789 82.424866 0.845388 1.219768 -5.905517 0.433231 -1.405675 -7.219070 -2.085048 -3.837857 12.079819 5.454201 1.743470 -0.249837 -0.750394 0.116169 -3.756632 -0.662406 -2.315856 -4.478394 0.000077 -0.000023 0.000006 0.096345 -0.002527 -0.207471 0.976097 -3.602491 -10.717206 -0.819218 3.588973 -10.760264 0.440415 -1.218224 17.790159 -67.466667 12.511741 -4.103932 -167.214233 -75.809731 170.742844 66.419121 -43.352200 1.430869 -5.882100 9.861276 0.702592 -10.936860 -0.360576 7.156197 0.000002 8.774813 0.000000 -15.221720 16.475748 5.506671 -1.844031 2.498501 -2.507275 -10.163590 4.678939 4.621104 -20.975994 -0.000005 0.000004 -21.226254 2.451693 -3.593992 0.000001 -0.000006 -0.000002 -1.362681 2.240797 -0.746322 -21.334894 0.584907 3.008320 -13.821197 -0.000004 0.000002 -23.887131 -0.249079 -0.839480 -60.010769 0.874611 -1.077257 -0.294025 1.679686 0.833256 -14.218192 0.093215 1.300578 -34.212002 -0.287564 0.967170 -20.033176 0.964534 1.212842 0.000000 0.000001 0.000001 -3.440384 0.788232 0.501654 -15.928167 -3.167306 2.999703 -6.338817 -0.000000 0.000001 -18.123415 3.648175 -4.905661 -0.000004 -0.000000 -0.000003 -6.514752 -2.351588 16.076635 64.538155 -7.606269 4.862645 -176.973038 65.583374 -173.118668 -58.518402 44.481880 17.648891 2.243540 -5.255032 -3.180156 14.282877 -0.826593 6.952494 -0.000002 -12.690590 0.000001 14.107627 -17.173439 2.609972 1.665666 -1.955920 -2.878296 4.727792 -4.170583 4.993919 11.020513 0.000004 -0.000001 12.109030 -3.735708 -2.866779 0.000001 -0.000000 -0.000000 1.291985 -1.928547 -1.498088 14.800111 0.567469 3.865602 14.242553 -1.341733 -6.660651 19.631937 0.143927 -0.648243 49.811657 0.709977 -5.889299 0.353028 -1.511150 -0.031940 20.222771 3.684306 2.316626 18.787245 0.000005 -0.000001 10.751610 -0.479867 1.397903 -0.000000 0.000000 -0.000000 3.273804 0.305946 -0.580110 21.486788 11.830362 2.266127 8.162917 0.000001 -0.000000 18.399052 -3.798979 -4.940567 0.000001 0.000000 -0.000001 107.385071 79.149963 93.181618 -4.504038 -65.009315 20.809872 -11.489388 -27.632200 -18.848539 2.113264 -1.383411 -7.827220 0.000000 -0.000000 0.000003 -174.953644 -36.621601 160.605331 -166.286224 57.723606 -169.570877 17.219931 13.197880 -1.367597 -1.570486 0.649596 -9.365877 -0.000000 0.000000 -0.000001 
-9.572532 12.317610 -2.156896 4.729186 1.404837 81.574677 0.804035 1.210591 -6.188845 0.419650 -1.500589 -7.369599 -2.157580 -3.957926 12.416906 6.073254 1.497465 2.227725 -0.955924 -0.147883 -3.715828 -0.769059 -2.532123 -2.008167 0.000077 -0.000022 0.000006 0.105145 0.003017 -0.192554 1.018021 -3.583985 -10.744161 -0.843133 3.581841 -10.802485 1.097479 -1.319401 17.835377 -66.539665 11.359733 -2.415904 -166.414764 -76.946106 170.646194 67.911217 -42.815159 0.976407 -5.882096 9.861277 0.702589 -10.936855 -0.360577 7.156196 0.000003 8.774815 -0.000001 -15.211211 16.407530 5.508047 -1.844030 2.498501 -2.507277 -10.163585 4.678937 4.621103 -20.975986 -0.000006 0.000004 -21.226246 2.451690 -3.593992 0.000000 -0.000006 -0.000001 -1.362680 2.240794 -0.746324 -21.334888 0.584905 3.008320 -13.821194 -0.000005 0.000004 -23.887123 -0.249082 -0.839480 -60.041534 0.843610 -1.137938 -0.294023 1.679687 0.833255 -14.218189 0.093211 1.300578 -34.211998 -0.287570 0.967172 -20.033176 0.964533 1.212843 0.000000 0.000001 0.000000 -3.440386 0.788233 0.501654 -15.928165 -3.167307 2.999702 -6.338818 -0.000001 0.000000 -18.123411 3.648174 -4.905661 -0.000004 0.000000 -0.000003 -7.104605 -2.630743 16.171730 63.681641 -5.681999 7.083662 -176.851456 66.994316 -172.735764 -60.573788 44.516582 16.642450 2.243538 -5.255033 -3.180155 14.282875 -0.826591 6.952495 -0.000002 -12.690593 -0.000001 14.223923 -17.151237 2.590997 1.665664 -1.955920 -2.878299 4.727791 -4.170582 4.993918 11.020510 0.000005 -0.000001 12.109029 -3.735709 -2.866780 0.000001 0.000000 -0.000000 1.291985 -1.928548 -1.498087 14.800113 0.567470 3.865604 14.242553 -1.341734 -6.660650 19.631937 0.143928 -0.648240 50.032650 0.680678 -5.870261 0.353028 -1.511150 -0.031941 20.222769 3.684309 2.316628 18.787243 0.000007 0.000001 10.751611 -0.479867 1.397905 0.000001 0.000000 0.000000 3.273803 0.305947 -0.580110 21.486790 11.830368 2.266132 8.162914 0.000002 0.000001 18.399048 -3.798978 -4.940566 0.000002 -0.000001 -0.000001 103.706367 78.441551 89.560745 -4.643070 -64.260864 20.170328 -11.339496 -29.623270 -20.718609 2.065672 -1.379741 -8.381371 -0.000000 -0.000000 0.000003 -173.413727 -36.996643 159.354645 -164.315552 59.011936 -168.342911 17.635254 14.034819 -1.430224 -1.590405 0.640709 -9.559259 0.000000 -0.000000 -0.000001 
-9.765156 12.373090 -2.146702 4.882398 1.454860 80.739090 0.776716 1.210029 -6.495464 0.407054 -1.571445 -7.508594 -2.168577 -4.051559 12.716049 6.565872 1.225791 4.920402 -1.138005 -0.475137 -3.677467 -0.894815 -2.784871 0.539658 0.000077 -0.000023 0.000006 0.103142 0.009727 -0.179117 1.058920 -3.569975 -10.765416 -0.889682 3.579380 -10.840178 1.845494 -1.305430 17.885281 -65.493134 9.923212 -0.279983 -165.661865 -78.251266 170.734680 69.079659 -41.993736 1.248140 -5.882101 9.861277 0.702589 -10.936858 -0.360574 7.156196 0.000002 8.774813 -0.000000 -15.236430 16.388201 5.529535 -1.844030 2.498503 -2.507276 -10.163585 4.678937 4.621102 -20.975996 -0.000007 0.000001 -21.226254 2.451689 -3.593994 0.000000 -0.000006 -0.000003 -1.362679 2.240794 -0.746323 -21.334892 0.584907 3.008315 -13.821194 -0.000004 0.000001 -23.887133 -0.249082 -0.839480 -60.103680 0.843200 -1.179961 -0.294026 1.679687 0.833255 -14.218195 0.093214 1.300578 -34.212002 -0.287567 0.967167 -20.033176 0.964532 1.212842 -0.000000 0.000000 -0.000001 -3.440386 0.788232 0.501655 -15.928167 -3.167307 2.999701 -6.338815 -0.000002 0.000001 -18.123413 3.648173 -4.905662 -0.000003 -0.000000 -0.000003 -7.900318 -2.888756 16.228662 62.805805 -3.721300 9.422461 -176.590866 68.631218 -172.241852 -62.396786 44.411854 16.120541 2.243541 -5.255032 -3.180155 14.282873 -0.826593 6.952495 -0.000002 -12.690592 0.000001 14.319909 -17.102066 2.553594 1.665664 -1.955919 -2.878296 4.727793 -4.170584 4.993920 11.020509 0.000003 -0.000001 12.109030 -3.735709 -2.866779 0.000002 -0.000000 -0.000000 1.291985 -1.928548 -1.498088 14.800109 0.567469 3.865603 14.242553 -1.341733 -6.660648 19.631937 0.143927 -0.648244 50.177490 0.679294 -5.877078 0.353028 -1.511149 -0.031939 20.222769 3.684305 2.316629 18.787243 0.000004 -0.000000 10.751610 -0.479868 1.397903 0.000000 -0.000000 -0.000000 3.273804 0.305947 -0.580111 21.486790 11.830363 2.266130 8.162915 0.000002 -0.000001 18.399050 -3.798978 -4.940567 0.000002 -0.000001 -0.000001 101.392944 77.773964 87.326096 -4.572463 -63.764103 19.425673 -11.149741 -31.569460 -22.745256 2.022476 -1.365547 -9.083246 0.000000 0.000000 0.000003 -171.722641 -37.542500 158.000763 -161.999374 60.491398 -166.788422 18.049099 14.945272 -1.585847 -1.610231 0.630200 -9.752341 -0.000000 0.000000 -0.000001 
-9.976123 12.441463 -2.187429 5.003860 1.467012 79.921555 0.744404 1.214799 -6.817873 0.399105 -1.628286 -7.681389 -2.130158 -4.133607 12.975490 7.016800 0.953949 7.604185 -1.381634 -0.864936 -3.626989 -1.008498 -3.046207 3.055145 0.000077 -0.000023 0.000006 0.100667 0.016266 -0.168220 1.097016 -3.550387 -10.761015 -0.927055 3.571109 -10.839321 2.672820 -1.149293 17.947311 -64.355461 8.252316 2.394781 -165.431564 -79.805511 171.172974 70.058693 -41.194656 1.983237 -5.882101 9.861279 0.702589 -10.936858 -0.360576 7.156198 0.000001 8.774815 -0.000002 -15.331894 16.357931 5.530704 -1.844029 2.498502 -2.507275 -10.163589 4.678939 4.621102 -20.975992 -0.000005 0.000004 -21.226250 2.451692 -3.593991 0.000000 -0.000006 -0.000001 -1.362680 2.240795 -0.746323 -21.334885 0.584906 3.008320 -13.821195 -0.000004 0.000002 -23.887125 -0.249079 -0.839479 -60.174919 0.848569 -1.240234 -0.294022 1.679687 0.833254 -14.218190 0.093212 1.300579 -34.211998 -0.287566 0.967173 -20.033176 0.964534 1.212843 -0.000000 0.000001 -0.000000 -3.440386 0.788232 0.501654 -15.928164 -3.167308 2.999704 -6.338813 -0.000002 0.000001 -18.123411 3.648175 -4.905661 -0.000003 -0.000000 -0.000003 -8.847207 -3.080835 16.211123 61.880928 -1.779465 11.932195 -175.809891 70.491470 -171.288742 -64.203491 44.232727 15.891855 2.243538 -5.255033 -3.180155 14.282877 -0.826593 6.952497 -0.000002 -12.690590 -0.000000 14.419695 -17.064667 2.501134 1.665665 -1.955920 -2.878296 4.727791 -4.170582 4.993918 11.020508 0.000004 -0.000001 12.109033 -3.735710 -2.866780 0.000000 0.000000 -0.000001 1.291984 -1.928548 -1.498088 14.800111 0.567469 3.865605 14.242548 -1.341735 -6.660648 19.631933 0.143926 -0.648242 50.245838 0.646249 -5.890073 0.353028 -1.511149 -0.031940 20.222769 3.684306 2.316630 18.787243 0.000004 0.000001 10.751607 -0.479867 1.397904 0.000001 0.000000 0.000000 3.273805 0.305947 -0.580109 21.486786 11.830362 2.266133 8.162918 0.000001 0.000001 18.399046 -3.798979 -4.940567 0.000003 -0.000001 -0.000001 99.307922 77.136337 85.371544 -4.407052 -63.388222 18.686956 -10.872938 -33.280155 -24.779606 1.982485 -1.353844 -9.830763 0.000000 0.000000 0.000001 -170.081284 -38.114082 156.703217 -159.471375 61.972263 -164.994705 18.452417 16.039986 -1.804546 -1.624027 0.618408 -9.928030 -0.000000 0.000000 -0.000001 
-10.177547 12.496930 -2.171655 5.049955 1.454719 79.160919 0.713364 1.252612 -7.209865 0.437239 -1.672922 -7.872520 -2.046415 -4.191358 13.189146 7.372770 0.658137 10.197529 -1.554876 -1.237808 -3.565395 -1.149502 -3.272903 5.469100 0.000077 -0.000022 0.000006 0.113993 0.023093 -0.157160 1.145726 -3.526436 -10.729294 -0.946407 3.562590 -10.820156 3.519430 -0.847468 17.973331 -63.156502 6.358545 5.475328 -165.141922 -81.514496 171.428421 70.863472 -40.303291 2.983097 -5.882101 9.861279 0.702588 -10.936858 -0.360574 7.156196 0.000001 8.774813 0.000000 -15.434423 16.411694 5.547980 -1.844032 2.498502 -2.507276 -10.163589 4.678939 4.621103 -20.975996 -0.000005 0.000002 -21.226255 2.451691 -3.593993 -0.000000 -0.000006 0.000000 -1.362680 2.240797 -0.746322 -21.334892 0.584908 3.008318 -13.821197 -0.000004 0.000002 -23.887131 -0.249081 -0.839482 -60.236221 0.879079 -1.291839 -0.294024 1.679686 0.833255 -14.218190 0.093214 1.300577 -34.212002 -0.287567 0.967167 -20.033178 0.964533 1.212842 -0.000000 0.000000 -0.000000 -3.440384 0.788232 0.501654 -15.928169 -3.167306 2.999703 -6.338814 -0.000001 0.000000 -18.123415 3.648175 -4.905662 -0.000004 -0.000000 -0.000002 -9.923327 -3.139127 16.102472 60.899849 0.129925 14.328872 -174.947693 72.532684 -170.302750 -65.958282 43.819805 15.764118 2.243540 -5.255033 -3.180154 14.282873 -0.826593 6.952494 -0.000003 -12.690590 0.000001 14.568498 -17.039963 2.416123 1.665666 -1.955920 -2.878296 4.727793 -4.170582 4.993918 11.020512 0.000004 -0.000001 12.109031 -3.735709 -2.866779 0.000001 -0.000000 0.000000 1.291984 -1.928547 -1.498088 14.800111 0.567469 3.865603 14.242553 -1.341734 -6.660648 19.631937 0.143926 -0.648242 50.220802 0.650067 -5.919689 0.353029 -1.511149 -0.031941 20.222769 3.684308 2.316628 18.787245 0.000005 0.000000 10.751610 -0.479867 1.397904 0.000001 0.000000 0.000000 3.273802 0.305947 -0.580110 21.486788 11.830364 2.266129 8.162916 0.000002 -0.000001 18.399054 -3.798980 -4.940567 0.000003 -0.000002 -0.000001 98.704918 76.554108 84.894920 -4.172316 -63.330536 18.244980 -10.503026 -34.507229 -26.775507 1.967015 -1.337410 -10.561388 0.000000 -0.000000 0.000002 -168.495789 -38.583096 155.466934 -156.689972 63.140415 -163.198257 18.939272 17.260132 -2.017765 -1.644072 0.605483 -10.269246 -0.000000 -0.000000 -0.000001 
-10.318326 12.564260 -2.263900 5.061221 1.422716 78.362183 0.729411 1.298427 -7.645296 0.435723 -1.707665 -8.075252 -1.919397 -4.229606 13.323367 7.776621 0.304260 12.526501 -1.664448 -1.584426 -3.500458 -1.276116 -3.450570 7.720771 0.000077 -0.000022 0.000006 0.124193 0.029592 -0.148426 1.186587 -3.508911 -10.698528 -0.964326 3.556666 -10.785500 4.525667 -0.403842 17.902681 -62.023552 4.258866 8.938499 -164.324921 -83.355537 170.944885 71.563843 -39.442177 4.249721 -5.882100 9.861279 0.702590 -10.936858 -0.360576 7.156196 0.000002 8.774814 -0.000002 -15.493241 16.485485 5.586180 -1.844031 2.498502 -2.507276 -10.163589 4.678938 4.621104 -20.975994 -0.000006 0.000002 -21.226248 2.451690 -3.593992 -0.000000 -0.000006 0.000000 -1.362680 2.240797 -0.746323 -21.334887 0.584906 3.008318 -13.821192 -0.000004 0.000002 -23.887129 -0.249081 -0.839479 -60.298103 0.891494 -1.328179 -0.294025 1.679686 0.833254 -14.218190 0.093213 1.300578 -34.211998 -0.287568 0.967170 -20.033175 0.964533 1.212843 -0.000000 -0.000000 0.000000 -3.440384 0.788231 0.501654 -15.928165 -3.167309 2.999703 -6.338815 -0.000003 0.000001 -18.123413 3.648173 -4.905662 -0.000005 -0.000000 0.000000 -10.976326 -3.091851 15.921995 59.761414 2.082597 16.558355 -173.813736 74.735512 -169.134445 -67.751961 43.221153 15.683978 2.243541 -5.255032 -3.180155 14.282873 -0.826593 6.952497 -0.000003 -12.690590 0.000000 14.665863 -17.070215 2.367631 1.665664 -1.955920 -2.878295 4.727794 -4.170583 4.993919 11.020511 0.000003 -0.000002 12.109034 -3.735708 -2.866781 0.000000 -0.000000 -0.000000 1.291985 -1.928547 -1.498088 14.800111 0.567468 3.865603 14.242554 -1.341733 -6.660649 19.631935 0.143926 -0.648242 50.195305 0.639175 -5.945878 0.353028 -1.511149 -0.031939 20.222769 3.684307 2.316626 18.787243 0.000004 0.000000 10.751608 -0.479867 1.397904 0.000002 -0.000000 0.000000 3.273804 0.305947 -0.580112 21.486794 11.830363 2.266129 8.162916 0.000000 0.000000 18.399054 -3.798979 -4.940566 0.000003 -0.000001 -0.000001 98.346832 76.012314 84.616188 -3.885403 -63.551437 18.081148 -9.927268 -35.221958 -28.816467 1.950845 -1.329161 -11.369849 0.000000 -0.000000 0.000003 -167.070343 -38.956562 154.347183 -154.038925 63.988617 -161.586060 19.433393 18.280848 -2.435494 -1.657286 0.603835 -10.587145 0.000000 0.000000 -0.000001 
-10.464412 12.582148 -2.385171 4.982558 1.377536 77.595695 0.776494 1.276917 -8.183708 0.515810 -1.702234 -8.267822 -1.847957 -4.159917 13.288380 8.182035 0.019573 14.596832 -1.524035 -1.913649 -3.478115 -1.376840 -3.751745 9.951463 0.000077 -0.000022 0.000006 0.165672 0.040174 -0.136890 1.245313 -3.496782 -10.658770 -0.939703 3.569072 -10.713220 5.779539 0.328567 17.815706 -61.017643 1.595147 12.826492 -160.683228 -85.485680 167.220596 72.048920 -38.681244 5.692282 -5.882102 9.861278 0.702589 -10.936858 -0.360576 7.156196 0.000001 8.774816 -0.000002 -15.477879 16.573725 5.579447 -1.844031 2.498503 -2.507276 -10.163589 4.678940 4.621102 -20.975994 -0.000004 0.000001 -21.226254 2.451692 -3.593995 -0.000000 -0.000005 0.000002 -1.362680 2.240797 -0.746323 -21.334887 0.584908 3.008320 -13.821197 -0.000003 0.000001 -23.887131 -0.249079 -0.839481 -60.248386 0.779084 -1.444444 -0.294025 1.679687 0.833255 -14.218194 0.093214 1.300579 -34.212002 -0.287565 0.967169 -20.033180 0.964534 1.212842 -0.000000 -0.000000 0.000000 -3.440385 0.788233 0.501655 -15.928167 -3.167306 2.999704 -6.338818 -0.000001 0.000001 -18.123413 3.648177 -4.905662 -0.000004 -0.000000 -0.000002 -12.065343 -2.856720 15.798029 58.551662 4.248053 18.635571 -172.368286 77.163879 -167.335663 -69.685631 42.083946 15.729051 2.243538 -5.255033 -3.180155 14.282873 -0.826593 6.952497 -0.000002 -12.690590 0.000001 14.709352 -17.126541 2.474681 1.665664 -1.955919 -2.878297 4.727793 -4.170584 4.993919 11.020509 0.000004 -0.000001 12.109030 -3.735710 -2.866779 0.000000 0.000000 0.000001 1.291984 -1.928548 -1.498088 14.800111 0.567467 3.865605 14.242551 -1.341733 -6.660647 19.631933 0.143925 -0.648241 50.425598 0.805739 -5.755866 0.353028 -1.511149 -0.031940 20.222769 3.684306 2.316629 18.787241 0.000003 0.000002 10.751610 -0.479867 1.397904 -0.000000 0.000000 -0.000000 3.273804 0.305947 -0.580110 21.486788 11.830364 2.266133 8.162915 0.000002 0.000001 18.399046 -3.798980 -4.940565 0.000001 -0.000001 -0.000001 100.384766 75.665703 86.510147 -3.951126 -64.286705 18.603966 -9.126006 -35.576752 -30.511700 1.967152 -1.303096 -12.220097 0.000000 0.000000 0.000003 -165.553482 -39.462074 153.248291 -151.066360 64.724739 -159.676819 19.926653 18.916899 -3.309285 -1.678682 0.593427 -10.947620 0.000000 0.000000 -0.000001 
-10.645582 12.619525 -2.688086 4.642354 1.385380 76.664513 0.785090 1.309000 -8.703778 0.625174 -1.654982 -8.472501 -1.581363 -4.031161 13.077315 8.631122 -0.577243 16.367332 -1.586378 -2.030492 -3.445511 -1.455733 -3.878680 12.162125 0.000077 -0.000022 0.000006 0.175332 0.047705 -0.130663 1.297231 -3.492220 -10.638669 -0.972223 3.580987 -10.694240 7.357662 1.056846 17.562910 -60.634716 -1.163612 16.912907 -151.221909 -87.687340 157.507751 72.070358 -37.732422 7.485344 -5.882102 9.861279 0.702589 -10.936859 -0.360574 7.156197 0.000001 8.774813 -0.000001 -15.519770 16.598633 5.613526 -1.844031 2.498502 -2.507275 -10.163590 4.678940 4.621105 -20.975994 -0.000003 0.000003 -21.226250 2.451693 -3.593994 0.000000 -0.000006 -0.000000 -1.362680 2.240796 -0.746322 -21.334892 0.584908 3.008320 -13.821197 -0.000002 0.000002 -23.887131 -0.249079 -0.839481 -60.115662 0.825431 -1.412832 -0.294024 1.679686 0.833256 -14.218189 0.093214 1.300579 -34.211998 -0.287564 0.967169 -20.033178 0.964535 1.212842 0.000000 0.000000 0.000000 -3.440386 0.788233 0.501655 -15.928167 -3.167306 2.999703 -6.338817 -0.000001 0.000002 -18.123411 3.648176 -4.905661 -0.000005 -0.000000 -0.000001 -13.142606 -2.462762 15.376954 57.355473 6.428489 20.627802 -169.738770 80.188423 -164.868912 -71.430992 41.150429 15.805054 2.243538 -5.255033 -3.180155 14.282873 -0.826592 6.952496 -0.000003 -12.690590 0.000000 14.725356 -17.163134 2.531327 1.665665 -1.955920 -2.878296 4.727793 -4.170583 4.993920 11.020509 0.000004 -0.000000 12.109031 -3.735709 -2.866780 0.000002 0.000000 -0.000000 1.291985 -1.928548 -1.498088 14.800107 0.567469 3.865603 14.242550 -1.341734 -6.660648 19.631935 0.143927 -0.648241 50.495819 0.817794 -5.738200 0.353029 -1.511150 -0.031940 20.222767 3.684308 2.316630 18.787245 0.000005 0.000002 10.751610 -0.479868 1.397905 -0.000001 0.000000 -0.000000 3.273802 0.305947 -0.580110 21.486790 11.830365 2.266134 8.162916 0.000002 0.000002 18.399048 -3.798978 -4.940566 0.000003 -0.000002 -0.000001 102.788544 75.530304 88.346901 -4.174996 -65.379280 20.447142 -8.444745 -35.030445 -31.660702 1.975026 -1.296398 -12.985631 0.000000 0.000000 0.000003 -162.908356 -41.006355 151.311737 -146.488663 66.577896 -155.623093 20.294903 19.102169 -4.619362 -1.710618 0.590343 -11.150708 -0.000000 0.000000 -0.000001 
-10.823545 12.715376 -3.096269 4.134510 1.411234 75.642685 0.823228 1.300103 -9.287966 0.639226 -1.507555 -8.634789 -1.114937 -3.917201 12.815310 8.905738 -1.209384 17.849985 -1.531295 -2.011216 -3.452154 -1.710160 -3.814466 14.227145 0.000076 -0.000023 0.000006 0.200992 0.054026 -0.143432 1.358780 -3.488850 -10.591680 -0.981689 3.592599 -10.653745 9.195050 1.776038 17.198984 -60.791523 -4.139733 21.180122 -55.136059 -89.201553 60.942196 71.956459 -36.702103 9.074729 -5.882101 9.861279 0.702590 -10.936860 -0.360574 7.156196 0.000000 8.774815 0.000000 -15.652376 16.642899 5.543633 -1.844031 2.498503 -2.507274 -10.163592 4.678941 4.621105 -20.975998 -0.000003 0.000003 -21.226255 2.451693 -3.593994 -0.000000 -0.000006 0.000001 -1.362682 2.240796 -0.746324 -21.334892 0.584910 3.008320 -13.821197 -0.000002 0.000002 -23.887131 -0.249078 -0.839482 -59.884781 0.921295 -1.494788 -0.294023 1.679686 0.833255 -14.218194 0.093214 1.300578 -34.212006 -0.287562 0.967170 -20.033180 0.964535 1.212841 0.000000 -0.000000 0.000000 -3.440386 0.788232 0.501654 -15.928171 -3.167306 2.999703 -6.338818 -0.000001 0.000001 -18.123415 3.648178 -4.905662 -0.000004 -0.000000 -0.000003 -14.292934 -1.929750 14.834893 56.364899 8.731962 22.592012 -164.150070 83.387184 -159.704514 -73.000404 40.053024 15.771408 2.243540 -5.255032 -3.180155 14.282877 -0.826593 6.952496 -0.000003 -12.690588 -0.000000 14.712117 -17.038563 2.590648 1.665664 -1.955920 -2.878296 4.727795 -4.170583 4.993918 11.020512 0.000004 -0.000001 12.109034 -3.735708 -2.866781 -0.000001 -0.000000 0.000000 1.291985 -1.928548 -1.498087 14.800113 0.567469 3.865602 14.242553 -1.341733 -6.660649 19.631941 0.143926 -0.648244 50.526669 0.883409 -5.632427 0.353029 -1.511149 -0.031940 20.222769 3.684307 2.316628 18.787245 0.000006 -0.000000 10.751610 -0.479867 1.397904 0.000000 0.000000 0.000000 3.273804 0.305947 -0.580110 21.486788 11.830364 2.266130 8.162914 0.000002 0.000001 18.399054 -3.798978 -4.940567 0.000003 -0.000002 -0.000001 105.617500 75.694710 90.464836 -4.475737 -66.569405 23.083117 -7.647839 -34.378479 -33.082203 1.962973 -1.295359 -13.744025 -0.000000 -0.000000 0.000003 -159.036758 -43.604614 148.307281 -139.077164 69.472504 -147.992035 20.550974 19.090197 -6.176125 -1.766122 0.581185 -11.591918 0.000000 0.000000 0.000000 
-10.944573 12.976688 -3.606851 3.469375 1.394776 74.510223 0.851317 1.331776 -9.852460 0.610930 -1.330149 -8.795171 -0.430267 -3.862657 12.501079 9.117729 -1.886333 19.119438 -1.664784 -1.902429 -3.443247 -1.969348 -3.452803 15.916681 0.000076 -0.000022 0.000006 0.169363 0.055574 -0.158094 1.360238 -3.481211 -10.533157 -1.049506 3.586572 -10.625801 11.144616 2.318982 16.517675 -61.410439 -6.809186 25.372442 -4.055862 -86.962357 9.310982 71.838661 -35.360500 10.044823 -5.882101 9.861278 0.702589 -10.936856 -0.360576 7.156196 0.000001 8.774814 -0.000002 -15.800281 16.627323 5.536835 -1.844030 2.498502 -2.507277 -10.163589 4.678940 4.621102 -20.975996 -0.000005 0.000001 -21.226255 2.451691 -3.593994 -0.000000 -0.000006 0.000001 -1.362680 2.240796 -0.746323 -21.334896 0.584908 3.008318 -13.821197 -0.000004 0.000001 -23.887133 -0.249080 -0.839482 -59.786289 1.062240 -1.433750 -0.294022 1.679686 0.833255 -14.218192 0.093214 1.300578 -34.211998 -0.287565 0.967168 -20.033176 0.964533 1.212841 -0.000000 -0.000001 0.000000 -3.440383 0.788232 0.501655 -15.928164 -3.167306 2.999701 -6.338817 -0.000001 0.000000 -18.123413 3.648175 -4.905663 -0.000004 0.000000 -0.000002 -15.503616 -1.435618 14.125588 55.737175 11.098103 24.293036 -147.806824 86.790688 -144.094055 -74.062767 38.826374 15.274790 2.243539 -5.255033 -3.180155 14.282878 -0.826593 6.952494 -0.000003 -12.690590 0.000000 14.741114 -16.939281 2.586318 1.665665 -1.955920 -2.878296 4.727795 -4.170583 4.993918 11.020513 0.000003 -0.000002 12.109035 -3.735709 -2.866781 0.000001 0.000000 0.000000 1.291985 -1.928548 -1.498088 14.800113 0.567468 3.865602 14.242554 -1.341733 -6.660648 19.631941 0.143926 -0.648245 50.272865 0.769926 -5.646497 0.353029 -1.511149 -0.031940 20.222769 3.684306 2.316627 18.787245 0.000006 -0.000002 10.751611 -0.479867 1.397903 -0.000001 -0.000000 0.000000 3.273805 0.305947 -0.580110 21.486794 11.830364 2.266129 8.162916 0.000003 0.000001 18.399054 -3.798977 -4.940568 0.000003 -0.000001 -0.000001 106.536110 75.429848 90.990860 -4.648161 -67.667633 25.029766 -7.292021 -33.313297 -33.913078 1.903041 -1.300201 -14.573533 0.000000 -0.000000 0.000003 -153.288010 -47.051037 143.428986 -126.542252 73.220375 -134.965439 20.947275 19.059904 -7.403702 -1.831636 0.582043 -12.062387 -0.000000 0.000000 -0.000001 
-11.028799 13.305783 -4.328904 2.835928 1.311386 73.313431 0.944981 1.264870 -10.442543 0.718032 -1.173859 -8.976876 0.089348 -3.757473 12.137304 9.093680 -2.287163 20.333107 -1.542074 -1.693689 -3.497473 -2.195618 -3.114424 17.345577 0.000077 -0.000023 0.000006 0.147559 0.057833 -0.172704 1.348633 -3.489884 -10.532423 -1.079551 3.597254 -10.629656 13.067729 2.833526 15.862593 -62.172123 -9.733920 29.506573 2.030622 -83.753983 2.323213 71.785545 -33.863926 9.983504 -5.882105 9.861279 0.702586 -10.936861 -0.360575 7.156195 0.000002 8.774814 -0.000003 -15.869777 16.674532 5.474407 -1.844029 2.498503 -2.507275 -10.163590 4.678939 4.621101 -20.975996 -0.000004 0.000002 -21.226255 2.451693 -3.593994 0.000000 -0.000006 0.000000 -1.362680 2.240797 -0.746324 -21.334892 0.584908 3.008320 -13.821198 -0.000003 0.000001 -23.887135 -0.249079 -0.839482 -59.541283 1.060113 -1.499610 -0.294025 1.679686 0.833256 -14.218192 0.093214 1.300579 -34.212013 -0.287563 0.967168 -20.033178 0.964535 1.212841 0.000000 -0.000000 -0.000000 -3.440386 0.788232 0.501654 -15.928164 -3.167307 2.999703 -6.338815 -0.000002 0.000001 -18.123415 3.648176 -4.905663 -0.000003 0.000001 -0.000002 -16.714994 -1.015780 13.522301 55.278664 13.575800 26.206953 -64.263512 87.985001 -61.081669 -74.520302 36.936180 14.903403 2.243540 -5.255033 -3.180154 14.282878 -0.826593 6.952494 -0.000001 -12.690590 -0.000001 14.696908 -16.891237 2.682562 1.665665 -1.955920 -2.878296 4.727794 -4.170583 4.993917 11.020512 0.000003 -0.000000 12.109031 -3.735710 -2.866778 0.000000 0.000000 0.000000 1.291985 -1.928548 -1.498087 14.800113 0.567468 3.865602 14.242554 -1.341735 -6.660646 19.631939 0.143927 -0.648243 50.032284 0.797154 -5.619696 0.353028 -1.511150 -0.031940 20.222769 3.684307 2.316628 18.787245 0.000005 0.000000 10.751609 -0.479867 1.397904 0.000000 0.000000 -0.000001 3.273805 0.305947 -0.580109 21.486788 11.830362 2.266130 8.162916 0.000002 -0.000000 18.399052 -3.798980 -4.940568 0.000004 -0.000001 -0.000000 106.046722 74.960594 90.431503 -4.625259 -68.366112 26.635422 -6.662742 -32.583000 -34.387875 1.888602 -1.306835 -14.413798 0.000000 0.000000 0.000004 -146.234344 -50.293968 137.009262 -107.577049 76.165855 -115.434753 21.515091 19.332451 -8.309309 -1.881413 0.580232 -12.325846 0.000000 -0.000000 0.000001 
-11.146880 13.759077 -5.079453 2.097374 1.114549 71.838875 1.047624 1.191684 -11.037034 0.887402 -1.048990 -9.172804 0.614818 -3.630697 11.767301 8.960761 -2.636538 21.768087 -1.428922 -1.439881 -3.545689 -2.373753 -2.647921 18.646030 0.000077 -0.000022 0.000006 0.116871 0.054768 -0.189615 1.336986 -3.507555 -10.558231 -1.113823 3.613480 -10.664276 15.118553 3.148634 15.093682 -63.360821 -12.868322 33.785473 3.594125 -79.784935 -0.526810 71.979286 -32.186996 9.200197 -5.882102 9.861279 0.702588 -10.936860 -0.360575 7.156197 -0.000001 8.774812 -0.000002 -15.987283 16.745144 5.397868 -1.844031 2.498502 -2.507276 -10.163589 4.678939 4.621103 -20.976000 -0.000003 0.000002 -21.226255 2.451692 -3.593994 0.000000 -0.000006 -0.000000 -1.362680 2.240796 -0.746323 -21.334892 0.584908 3.008317 -13.821197 -0.000002 0.000002 -23.887135 -0.249078 -0.839482 -59.407181 1.046524 -1.542776 -0.294024 1.679686 0.833254 -14.218195 0.093214 1.300579 -34.212021 -0.287563 0.967168 -20.033184 0.964534 1.212841 -0.000000 0.000000 -0.000000 -3.440387 0.788233 0.501656 -15.928169 -3.167305 2.999703 -6.338819 -0.000001 0.000001 -18.123417 3.648175 -4.905663 -0.000004 0.000000 -0.000002 -17.966299 -0.717818 12.844045 55.021133 16.528984 28.349573 -19.116003 84.526817 -16.563313 -74.567009 34.631897 14.314250 2.243540 -5.255033 -3.180155 14.282877 -0.826593 6.952495 -0.000003 -12.690590 -0.000000 14.625909 -16.885077 2.807953 1.665666 -1.955920 -2.878296 4.727793 -4.170583 4.993918 11.020512 0.000003 -0.000001 12.109032 -3.735710 -2.866779 -0.000000 -0.000000 0.000000 1.291984 -1.928547 -1.498088 14.800117 0.567467 3.865603 14.242556 -1.341735 -6.660647 19.631941 0.143924 -0.648243 49.822975 0.826941 -5.583826 0.353029 -1.511149 -0.031940 20.222771 3.684306 2.316628 18.787247 0.000004 0.000000 10.751612 -0.479868 1.397903 0.000002 0.000000 0.000000 3.273804 0.305947 -0.580110 21.486794 11.830360 2.266130 8.162916 0.000003 0.000000 18.399055 -3.798978 -4.940567 0.000003 -0.000001 -0.000001 104.381073 74.130577 88.932251 -4.622418 -68.855743 28.367445 -6.114623 -31.551340 -34.922218 1.865738 -1.309132 -14.102897 0.000000 0.000000 0.000003 -137.757523 -53.020885 128.833405 -83.352310 77.433128 -90.569824 22.161791 19.782644 -8.862142 -1.933307 0.571269 -12.360736 -0.000000 0.000000 0.000001 
-11.217609 14.356732 -5.892394 1.262818 0.825513 70.009239 1.188128 1.107078 -11.598926 1.064967 -0.957875 -9.292036 1.190338 -3.546869 11.395935 8.505809 -2.896143 23.374718 -1.224001 -1.011872 -3.581259 -2.658776 -2.077833 19.762182 0.000077 -0.000023 0.000006 0.113343 0.052108 -0.207926 1.343656 -3.527652 -10.601138 -1.135809 3.630450 -10.728313 17.190182 3.146938 14.223939 -64.953880 -16.069479 38.040394 3.775064 -75.060333 -1.992013 72.320938 -30.064682 8.060354 -5.882101 9.861278 0.702588 -10.936860 -0.360574 7.156196 -0.000001 8.774813 -0.000001 -16.045458 16.745399 5.337921 -1.844031 2.498503 -2.507276 -10.163590 4.678939 4.621102 -20.975996 -0.000004 0.000001 -21.226255 2.451692 -3.593995 -0.000000 -0.000005 -0.000001 -1.362680 2.240796 -0.746324 -21.334894 0.584909 3.008319 -13.821198 -0.000003 0.000001 -23.887133 -0.249079 -0.839482 -59.255318 1.018851 -1.510421 -0.294023 1.679686 0.833255 -14.218194 0.093215 1.300578 -34.212006 -0.287563 0.967168 -20.033186 0.964534 1.212841 0.000000 0.000000 0.000000 -3.440385 0.788233 0.501655 -15.928171 -3.167306 2.999703 -6.338819 -0.000001 0.000001 -18.123415 3.648176 -4.905663 -0.000006 0.000001 -0.000002 -19.450541 -0.600385 12.025478 55.235294 20.103022 31.041483 -9.338061 79.556252 -7.430167 -74.257271 31.814278 13.399947 2.243540 -5.255033 -3.180156 14.282877 -0.826594 6.952497 -0.000004 -12.690588 0.000000 14.476022 -16.913645 2.997302 1.665665 -1.955920 -2.878297 4.727794 -4.170582 4.993920 11.020513 0.000003 -0.000001 12.109035 -3.735710 -2.866780 -0.000000 -0.000000 0.000000 1.291985 -1.928548 -1.498088 14.800113 0.567468 3.865603 14.242551 -1.341734 -6.660649 19.631939 0.143925 -0.648244 49.636848 0.891331 -5.591485 0.353029 -1.511150 -0.031940 20.222773 3.684305 2.316629 18.787245 0.000005 0.000001 10.751610 -0.479868 1.397904 0.000001 -0.000000 -0.000000 3.273804 0.305947 -0.580110 21.486792 11.830361 2.266132 8.162918 0.000003 0.000001 18.399054 -3.798978 -4.940566 0.000002 -0.000001 -0.000001 100.168884 73.088264 85.128616 -4.466856 -68.632866 30.114931 -5.580240 -30.329010 -35.575661 1.854722 -1.314846 -13.775920 0.000000 0.000000 0.000003 -127.066589 -55.244965 118.234772 -56.412479 76.495613 -62.565231 22.720762 20.333225 -9.423109 -1.960291 0.573844 -12.207586 -0.000000 0.000000 -0.000001 
-11.305015 15.337801 -6.666709 0.313848 0.423739 67.952118 1.372822 1.035218 -11.939798 1.219800 -0.877987 -9.280665 1.808322 -3.574893 11.152121 7.704503 -2.870335 24.934601 -1.001971 -0.449366 -3.575231 -3.132129 -1.434989 20.440407 0.000076 -0.000022 0.000006 0.151600 0.051077 -0.221668 1.398697 -3.546952 -10.657479 -1.112032 3.653230 -10.808620 18.937273 2.810024 13.349915 -66.542793 -19.231215 41.740284 3.188362 -69.793381 -2.443976 72.889313 -27.445768 6.345396 -5.882101 9.861278 0.702591 -10.936859 -0.360574 7.156199 0.000000 8.774812 0.000000 -16.178911 16.682266 5.209070 -1.844031 2.498502 -2.507276 -10.163590 4.678939 4.621105 -20.975992 -0.000003 0.000003 -21.226254 2.451692 -3.593992 0.000000 -0.000006 -0.000000 -1.362681 2.240797 -0.746323 -21.334885 0.584908 3.008322 -13.821197 -0.000002 0.000003 -23.887123 -0.249076 -0.839480 -59.059933 0.956417 -1.448541 -0.294026 1.679686 0.833255 -14.218192 0.093214 1.300580 -34.212002 -0.287562 0.967172 -20.033176 0.964535 1.212843 -0.000000 0.000001 0.000000 -3.440385 0.788233 0.501656 -15.928165 -3.167306 2.999706 -6.338814 -0.000001 0.000001 -18.123413 3.648176 -4.905660 -0.000004 0.000001 -0.000002 -21.040771 -0.634957 11.073167 56.086994 24.398693 34.030766 -5.048900 73.677338 -3.695433 -73.652191 28.688135 12.032351 2.243540 -5.255032 -3.180157 14.282875 -0.826595 6.952497 -0.000003 -12.690588 0.000002 14.298487 -16.969971 3.207454 1.665666 -1.955920 -2.878298 4.727794 -4.170583 4.993918 11.020510 0.000003 -0.000002 12.109034 -3.735709 -2.866780 0.000001 0.000000 0.000000 1.291985 -1.928547 -1.498088 14.800113 0.567467 3.865602 14.242553 -1.341734 -6.660650 19.631939 0.143927 -0.648244 49.475376 0.906273 -5.642175 0.353029 -1.511149 -0.031940 20.222769 3.684305 2.316628 18.787249 0.000005 -0.000000 10.751610 -0.479869 1.397904 0.000000 -0.000000 0.000000 3.273805 0.305947 -0.580110 21.486790 11.830360 2.266130 8.162914 0.000001 0.000001 18.399052 -3.798979 -4.940567 0.000003 0.000000 -0.000001 93.825584 72.103638 79.449287 -3.854945 -67.517281 31.634720 -5.199541 -29.094746 -36.029415 1.859495 -1.327703 -13.742216 0.000000 0.000000 0.000003 -113.975616 -56.799149 105.145958 -34.516693 73.218994 -39.150364 23.043360 20.967133 -10.156825 -1.962789 0.569875 -12.581014 0.000000 0.000000 -0.000001 
-11.388815 16.953205 -7.690921 -0.680614 -0.153077 66.011574 1.586686 1.027187 -11.901121 1.408143 -0.865700 -9.063631 2.329069 -3.641236 11.148468 6.677390 -2.460439 26.098753 -0.826812 0.138767 -3.565450 -3.800698 -0.746422 20.520920 0.000077 -0.000022 0.000006 0.197629 0.050782 -0.234167 1.465173 -3.554128 -10.693309 -1.093894 3.663786 -10.858424 20.083031 2.131948 12.566400 -67.777489 -22.375500 44.400326 2.338844 -64.295403 -2.206805 73.602226 -24.452156 4.148866 -5.882103 9.861279 0.702590 -10.936861 -0.360574 7.156198 -0.000002 8.774813 -0.000001 -16.255507 16.578491 5.116441 -1.844031 2.498503 -2.507276 -10.163592 4.678941 4.621105 -20.975998 -0.000003 0.000002 -21.226255 2.451693 -3.593993 0.000000 -0.000006 -0.000001 -1.362680 2.240797 -0.746324 -21.334892 0.584909 3.008320 -13.821198 -0.000002 0.000002 -23.887135 -0.249077 -0.839482 -58.721771 0.867872 -1.396640 -0.294025 1.679686 0.833255 -14.218194 0.093214 1.300578 -34.212006 -0.287563 0.967169 -20.033180 0.964534 1.212841 -0.000000 -0.000000 0.000000 -3.440384 0.788233 0.501655 -15.928169 -3.167306 2.999703 -6.338818 -0.000001 0.000000 -18.123415 3.648176 -4.905662 -0.000005 0.000001 -0.000002 -22.369444 -0.618140 10.189610 57.206879 29.285425 36.624271 -2.655151 67.219521 -1.791715 -73.030098 25.696554 10.289388 2.243539 -5.255032 -3.180155 14.282878 -0.826594 6.952496 -0.000003 -12.690590 -0.000000 14.186982 -17.048937 3.375977 1.665665 -1.955920 -2.878296 4.727795 -4.170583 4.993919 11.020512 0.000003 -0.000002 12.109034 -3.735709 -2.866780 0.000000 -0.000000 -0.000000 1.291985 -1.928548 -1.498089 14.800114 0.567467 3.865604 14.242553 -1.341734 -6.660650 19.631939 0.143926 -0.648244 49.346142 0.841950 -5.744725 0.353029 -1.511149 -0.031939 20.222773 3.684305 2.316628 18.787245 0.000005 -0.000001 10.751611 -0.479868 1.397904 0.000001 -0.000000 0.000000 3.273805 0.305947 -0.580111 21.486794 11.830362 2.266129 8.162916 -0.000000 0.000001 18.399055 -3.798978 -4.940567 0.000003 -0.000000 -0.000001 84.392578 71.280922 71.060669 -2.941681 -65.166245 33.033550 -5.073070 -27.792620 -36.289932 1.860558 -1.346096 -13.815455 0.000000 0.000000 0.000003 -98.494827 -57.742695 89.515434 -19.037148 68.096527 -21.390717 22.986839 21.641008 -11.280725 -1.927681 0.576139 -13.638058 -0.000000 0.000000 -0.000001 
-11.570033 19.458384 -9.029473 -1.752998 -0.830420 64.483757 1.895660 1.089717 -11.121968 1.624922 -0.882599 -8.696242 2.709080 -3.613747 11.427406 5.602807 -1.623979 26.562016 -0.736203 0.612413 -3.575375 -4.455534 -0.143526 19.956234 0.000077 -0.000023 0.000006 0.224511 0.047765 -0.229132 1.494030 -3.554575 -10.704333 -1.076166 3.655463 -10.859578 20.557077 1.288108 11.817189 -68.405594 -25.591974 45.838135 1.804768 -58.813023 -1.893523 74.093979 -21.271734 1.707898 -5.882105 9.861279 0.702590 -10.936862 -0.360573 7.156199 -0.000002 8.774814 -0.000000 -16.274851 16.504946 5.133144 -1.844030 2.498502 -2.507276 -10.163589 4.678940 4.621105 -20.975996 -0.000003 0.000003 -21.226255 2.451694 -3.593993 0.000000 -0.000006 -0.000000 -1.362680 2.240797 -0.746323 -21.334892 0.584910 3.008322 -13.821198 -0.000002 0.000003 -23.887133 -0.249076 -0.839481 -58.440495 0.784405 -1.354022 -0.294024 1.679686 0.833255 -14.218194 0.093214 1.300580 -34.212002 -0.287560 0.967171 -20.033186 0.964537 1.212842 -0.000000 0.000000 -0.000000 -3.440386 0.788233 0.501656 -15.928169 -3.167304 2.999705 -6.338817 -0.000001 0.000001 -18.123415 3.648177 -4.905661 -0.000003 0.000001 -0.000002 -23.121016 -0.459028 9.407617 58.140949 34.492668 38.222599 -1.308093 60.523205 -0.851381 -72.558907 23.221132 8.086223 2.243539 -5.255033 -3.180156 14.282878 -0.826594 6.952498 -0.000002 -12.690590 -0.000001 14.206247 -17.108429 3.385274 1.665665 -1.955920 -2.878297 4.727796 -4.170583 4.993919 11.020513 0.000003 -0.000001 12.109031 -3.735710 -2.866779 0.000001 -0.000000 -0.000000 1.291986 -1.928548 -1.498088 14.800113 0.567467 3.865605 14.242553 -1.341735 -6.660650 19.631939 0.143924 -0.648243 49.210533 0.667043 -5.867479 0.353028 -1.511149 -0.031941 20.222771 3.684306 2.316630 18.787247 0.000003 0.000001 10.751610 -0.479868 1.397905 0.000001 -0.000000 -0.000000 3.273805 0.305947 -0.580109 21.486792 11.830362 2.266133 8.162916 -0.000000 0.000001 18.399057 -3.798979 -4.940568 0.000002 -0.000002 -0.000001 70.590012 70.349113 58.506454 -1.915460 -61.191231 34.603966 -5.166183 -26.497795 -36.360691 1.858333 -1.363255 -13.863226 0.000000 0.000000 0.000003 -79.640244 -57.923191 70.353516 -8.115593 61.187954 -6.824876 22.362940 22.230375 -13.129619 -1.867781 0.582319 -15.136564 0.000000 -0.000000 -0.000001 
-11.769154 22.828108 -10.786061 -2.831287 -1.477906 63.615177 2.286887 1.215238 -9.589439 1.882978 -0.839069 -8.132169 2.944778 -3.448077 11.947184 4.681247 -0.492230 26.307693 -0.892414 0.842895 -3.596874 -4.887854 0.226808 18.742636 0.000077 -0.000023 0.000006 0.201631 0.039704 -0.212660 1.450751 -3.544157 -10.671507 -1.066828 3.636140 -10.809296 20.653131 0.481842 10.995426 -68.460991 -29.128654 46.507080 1.948984 -53.327770 -1.856865 74.055252 -17.916544 -0.916506 -5.882101 9.861277 0.702589 -10.936862 -0.360576 7.156198 0.000002 8.774814 -0.000002 -16.158934 16.439775 5.260806 -1.844033 2.498502 -2.507276 -10.163592 4.678939 4.621104 -20.975998 -0.000005 0.000003 -21.226255 2.451691 -3.593992 0.000000 -0.000006 -0.000000 -1.362681 2.240796 -0.746323 -21.334894 0.584908 3.008320 -13.821197 -0.000004 0.000002 -23.887133 -0.249080 -0.839481 -58.148655 0.725100 -1.339870 -0.294025 1.679686 0.833256 -14.218197 0.093215 1.300579 -34.212006 -0.287564 0.967172 -20.033180 0.964534 1.212842 0.000000 -0.000000 -0.000000 -3.440386 0.788233 0.501656 -15.928169 -3.167306 2.999704 -6.338819 -0.000001 0.000001 -18.123415 3.648174 -4.905662 -0.000003 0.000000 -0.000002 -23.440588 -0.229606 8.776411 58.602665 39.926922 38.413418 -0.567500 53.927143 -0.295505 -72.263687 21.178959 5.754847 2.243539 -5.255033 -3.180156 14.282875 -0.826593 6.952497 -0.000002 -12.690590 -0.000000 14.319398 -17.093065 3.261905 1.665666 -1.955920 -2.878297 4.727792 -4.170582 4.993920 11.020512 0.000003 -0.000001 12.109034 -3.735709 -2.866781 0.000001 -0.000000 -0.000001 1.291985 -1.928548 -1.498088 14.800111 0.567468 3.865604 14.242550 -1.341735 -6.660649 19.631935 0.143926 -0.648243 48.987381 0.389408 -5.979624 0.353030 -1.511149 -0.031940 20.222767 3.684306 2.316627 18.787245 0.000004 -0.000000 10.751611 -0.479868 1.397904 0.000000 -0.000000 0.000000 3.273803 0.305946 -0.580111 21.486788 11.830363 2.266132 8.162914 0.000001 0.000001 18.399050 -3.798979 -4.940567 0.000003 -0.000001 -0.000001 52.703190 68.413040 41.583244 -1.062488 -55.403980 36.883244 -5.405177 -25.336548 -36.242443 1.864509 -1.384643 -13.725247 0.000000 0.000000 0.000004 -58.904163 -56.329800 48.873425 -0.894680 52.736755 5.817842 21.181736 22.867947 -15.471689 -1.804851 0.597807 -16.841795 0.000000 0.000000 -0.000002 
-12.160145 26.664860 -12.852676 -3.754655 -1.953794 63.448368 2.707966 1.390988 -7.398287 2.212468 -0.760589 -7.521015 3.019770 -3.043967 12.595469 3.702673 0.760050 25.573437 -1.052728 0.823819 -3.671992 -5.011679 0.438236 16.888046 0.000077 -0.000022 0.000006 0.196111 0.032727 -0.210266 1.378710 -3.529400 -10.633333 -1.011653 3.599164 -10.727254 20.643019 -0.208676 10.242088 -67.974648 -33.073009 46.348412 2.268009 -48.014709 -1.681562 73.465111 -14.853301 -3.691131 -5.882101 9.861278 0.702590 -10.936858 -0.360575 7.156197 0.000003 8.774814 -0.000001 -15.976728 16.339828 5.429732 -1.844032 2.498503 -2.507276 -10.163590 4.678940 4.621104 -20.975992 -0.000006 0.000002 -21.226255 2.451691 -3.593993 0.000000 -0.000005 -0.000000 -1.362678 2.240796 -0.746323 -21.334887 0.584908 3.008320 -13.821191 -0.000003 0.000002 -23.887125 -0.249079 -0.839480 -58.054337 0.869579 -1.543534 -0.294024 1.679687 0.833254 -14.218194 0.093214 1.300580 -34.212002 -0.287566 0.967170 -20.033176 0.964534 1.212842 -0.000001 -0.000000 -0.000000 -3.440385 0.788232 0.501655 -15.928165 -3.167307 2.999703 -6.338817 -0.000002 0.000001 -18.123413 3.648175 -4.905661 -0.000004 0.000000 -0.000002 -23.474491 -0.125910 8.350657 58.389206 45.260208 36.935646 -0.018106 47.985542 0.259716 -71.981544 19.746962 3.090098 2.243539 -5.255033 -3.180156 14.282871 -0.826592 6.952495 -0.000003 -12.690592 0.000000 14.332105 -17.091728 3.173958 1.665664 -1.955919 -2.878296 4.727793 -4.170583 4.993918 11.020509 0.000003 -0.000000 12.109035 -3.735710 -2.866781 0.000001 0.000000 0.000000 1.291985 -1.928548 -1.498088 14.800114 0.567468 3.865605 14.242551 -1.341734 -6.660649 19.631939 0.143926 -0.648242 48.939411 0.167279 -5.993289 0.353028 -1.511149 -0.031939 20.222763 3.684307 2.316629 18.787245 0.000005 0.000001 10.751610 -0.479868 1.397904 -0.000001 0.000000 -0.000000 3.273804 0.305947 -0.580111 21.486788 11.830363 2.266130 8.162914 0.000001 0.000000 18.399050 -3.798980 -4.940566 0.000003 -0.000001 -0.000001 34.376839 64.168495 23.283278 -0.298874 -48.084179 39.974342 -5.766555 -24.477663 -36.018044 1.841802 -1.376499 -13.670595 0.000000 0.000000 0.000003 -39.203613 -52.367428 27.437460 2.693896 43.374443 18.109503 19.525557 23.317957 -18.824896 -1.784937 0.599822 -17.850300 0.000000 0.000000 0.000000 
-12.721625 30.759418 -15.016299 -4.062391 -2.190535 63.896019 3.106359 1.494256 -5.227135 2.219877 -0.515533 -6.700154 3.025539 -2.717566 13.326006 3.124887 1.678326 24.547018 -1.183989 0.593708 -3.700568 -5.226449 0.386743 15.010231 0.000077 -0.000022 0.000006 0.164218 0.033614 -0.207737 1.314207 -3.497726 -10.567892 -1.005609 3.572951 -10.659103 21.121223 -0.608804 9.610065 -67.104843 -37.284115 45.572948 2.692071 -43.976147 -1.491705 72.130638 -12.033448 -5.434734 -5.882101 9.861279 0.702590 -10.936860 -0.360575 7.156197 -0.000000 8.774814 -0.000001 -15.700227 16.410538 5.685058 -1.844031 2.498502 -2.507275 -10.163589 4.678940 4.621104 -20.975998 -0.000005 0.000003 -21.226254 2.451692 -3.593992 0.000000 -0.000006 -0.000000 -1.362681 2.240796 -0.746323 -21.334887 0.584907 3.008320 -13.821195 -0.000003 0.000003 -23.887129 -0.249079 -0.839480 -58.009525 0.961978 -1.644864 -0.294021 1.679686 0.833255 -14.218194 0.093214 1.300579 -34.211998 -0.287566 0.967171 -20.033176 0.964534 1.212842 -0.000000 0.000000 -0.000000 -3.440385 0.788232 0.501656 -15.928167 -3.167307 2.999704 -6.338818 -0.000001 0.000001 -18.123413 3.648177 -4.905661 -0.000003 0.000000 -0.000002 -23.223433 -0.314098 8.054778 56.604092 49.780327 33.839760 0.021728 44.203266 0.272670 -71.516541 19.003084 1.115626 2.243540 -5.255032 -3.180154 14.282877 -0.826593 6.952497 -0.000003 -12.690591 0.000000 14.374651 -17.049652 3.014440 1.665665 -1.955920 -2.878297 4.727797 -4.170583 4.993918 11.020513 0.000003 -0.000001 12.109034 -3.735710 -2.866780 0.000001 0.000000 0.000000 1.291984 -1.928547 -1.498088 14.800113 0.567467 3.865602 14.242554 -1.341735 -6.660648 19.631939 0.143926 -0.648243 48.773891 -0.045707 -6.046675 0.353029 -1.511149 -0.031940 20.222773 3.684306 2.316628 18.787247 0.000004 0.000000 10.751610 -0.479868 1.397904 0.000000 -0.000000 0.000000 3.273804 0.305947 -0.580110 21.486794 11.830364 2.266132 8.162917 0.000001 -0.000000 18.399055 -3.798978 -4.940567 0.000003 -0.000002 -0.000001 21.203184 57.858284 8.666891 -0.273009 -40.130573 43.937820 -6.237556 -24.090450 -35.476727 1.870105 -1.400445 -13.597724 0.000000 0.000000 0.000003 -24.303137 -46.876804 9.322592 2.426636 35.273258 30.954617 17.100931 23.758862 -22.938314 -1.723493 0.592778 -18.313368 0.000000 -0.000000 -0.000001 
-13.539505 34.843815 -17.381201 -3.859326 -2.303259 64.681259 3.413658 1.585592 -3.141311 2.082282 -0.237425 -5.860901 2.960110 -2.409391 14.110915 2.819458 2.320968 23.552931 -1.334628 0.204144 -3.728062 -5.374876 0.106055 13.278557 0.000077 -0.000023 0.000006 0.143216 0.042788 -0.204696 1.261812 -3.460235 -10.501299 -0.991260 3.557863 -10.590434 21.729099 -0.618307 9.133813 -65.519699 -41.445065 44.094341 3.164029 -41.252705 -1.243096 70.217712 -9.956527 -6.433386 -5.882101 9.861279 0.702590 -10.936860 -0.360575 7.156196 0.000003 8.774815 -0.000001 -15.498417 16.446461 5.878004 -1.844033 2.498502 -2.507275 -10.163589 4.678940 4.621103 -20.975996 -0.000004 0.000002 -21.226255 2.451694 -3.593994 0.000000 -0.000006 -0.000000 -1.362682 2.240797 -0.746323 -21.334890 0.584909 3.008320 -13.821197 -0.000002 0.000002 -23.887133 -0.249078 -0.839481 -58.081699 1.072026 -1.733533 -0.294025 1.679686 0.833255 -14.218190 0.093215 1.300579 -34.212006 -0.287564 0.967169 -20.033176 0.964535 1.212841 0.000000 0.000000 0.000000 -3.440383 0.788233 0.501655 -15.928165 -3.167306 2.999703 -6.338817 -0.000001 0.000000 -18.123415 3.648177 -4.905662 -0.000004 0.000000 -0.000002 -22.891428 -0.776247 7.877951 53.464401 53.467564 29.245182 -0.017187 42.225674 0.257372 -71.056854 18.720062 -0.256061 2.243541 -5.255033 -3.180155 14.282877 -0.826595 6.952495 -0.000002 -12.690590 0.000001 14.391785 -17.012583 2.877016 1.665665 -1.955920 -2.878296 4.727794 -4.170584 4.993918 11.020512 0.000002 -0.000001 12.109032 -3.735710 -2.866779 -0.000000 -0.000000 0.000000 1.291983 -1.928548 -1.498088 14.800111 0.567467 3.865603 14.242553 -1.341736 -6.660648 19.631939 0.143924 -0.648244 48.724102 -0.166843 -6.106341 0.353028 -1.511149 -0.031941 20.222771 3.684304 2.316627 18.787245 0.000003 -0.000001 10.751611 -0.479868 1.397903 0.000001 -0.000000 -0.000000 3.273803 0.305946 -0.580110 21.486792 11.830361 2.266130 8.162913 0.000001 -0.000000 18.399055 -3.798981 -4.940570 0.000003 -0.000001 -0.000001 12.938630 51.618973 -2.420030 -0.573285 -33.107059 48.453178 -6.742098 -24.063744 -34.874344 1.905572 -1.436005 -13.245506 0.000000 0.000000 0.000003 -15.769354 -41.265514 -2.659994 2.138779 29.065535 40.121716 15.342397 23.212923 -25.372175 -1.653344 0.590388 -18.300278 0.000000 0.000000 -0.000001 
-14.504684 38.693459 -20.038956 -3.279697 -2.488770 65.644821 3.624631 1.669347 -1.278490 1.884475 0.007677 -5.002893 2.814928 -2.142008 14.788397 2.547369 2.814029 22.701199 -1.290699 -0.226586 -3.754604 -5.637948 -0.362172 11.847900 0.000077 -0.000023 0.000006 0.140434 0.056228 -0.211055 1.226349 -3.421160 -10.436176 -0.962465 3.547733 -10.519425 22.223618 -0.380095 8.864840 -63.245178 -45.168880 41.772461 3.557909 -39.818542 -0.977852 68.068611 -8.700949 -7.057498 -5.882101 9.861279 0.702590 -10.936855 -0.360575 7.156196 0.000003 8.774814 -0.000001 -15.370495 16.488575 6.064118 -1.844031 2.498502 -2.507276 -10.163586 4.678940 4.621103 -20.975994 -0.000004 0.000002 -21.226250 2.451693 -3.593993 0.000000 -0.000006 -0.000000 -1.362680 2.240797 -0.746323 -21.334887 0.584908 3.008320 -13.821197 -0.000004 0.000002 -23.887131 -0.249079 -0.839481 -58.307873 1.193029 -1.798731 -0.294023 1.679687 0.833255 -14.218190 0.093214 1.300579 -34.211998 -0.287564 0.967169 -20.033176 0.964534 1.212842 -0.000000 0.000000 -0.000000 -3.440385 0.788232 0.501655 -15.928169 -3.167307 2.999703 -6.338818 -0.000001 0.000001 -18.123413 3.648177 -4.905661 -0.000004 0.000001 -0.000002 -22.571564 -1.400780 7.727374 49.154434 56.283081 23.421841 0.098572 41.789421 0.290157 -70.598022 18.987818 -1.114734 2.243538 -5.255032 -3.180154 14.282877 -0.826595 6.952495 -0.000003 -12.690592 0.000002 14.385663 -16.979095 2.771596 1.665664 -1.955919 -2.878296 4.727793 -4.170584 4.993919 11.020509 0.000003 -0.000001 12.109031 -3.735709 -2.866778 0.000001 0.000000 0.000000 1.291984 -1.928547 -1.498088 14.800113 0.567467 3.865602 14.242551 -1.341735 -6.660649 19.631939 0.143927 -0.648245 48.769058 -0.246852 -6.134204 0.353027 -1.511149 -0.031940 20.222767 3.684305 2.316626 18.787247 0.000004 -0.000001 10.751613 -0.479868 1.397903 -0.000001 0.000000 -0.000000 3.273803 0.305947 -0.580111 21.486788 11.830363 2.266128 8.162919 0.000001 -0.000001 18.399050 -3.798980 -4.940569 0.000003 -0.000000 -0.000001 7.542347 46.213886 -11.472597 -1.066572 -27.259785 53.244148 -7.229800 -24.204985 -34.161560 1.952526 -1.477125 -12.845374 0.000000 0.000000 0.000003 -10.335350 -36.505547 -12.255823 1.879472 24.403202 48.112087 13.783033 22.234907 -27.289068 -1.582203 0.568298 -18.208509 0.000000 -0.000000 -0.000001 
-15.379563 42.309361 -22.587364 -2.723680 -2.889317 66.857964 3.747175 1.741032 0.229588 1.628495 0.236629 -4.044018 2.743696 -1.924801 15.325496 2.229982 3.196230 21.808098 -1.149165 -0.569676 -3.729855 -6.108293 -0.965711 10.812214 0.000077 -0.000023 0.000005 0.128547 0.074200 -0.213998 1.183770 -3.398628 -10.387467 -0.940644 3.563094 -10.472169 22.386869 0.092563 8.833646 -60.167618 -48.308899 38.218086 3.783312 -39.286739 -0.599490 65.762756 -8.228854 -7.552221 -5.882099 9.861278 0.702590 -10.936858 -0.360575 7.156196 0.000001 8.774814 -0.000001 -15.164334 16.543598 6.202139 -1.844030 2.498502 -2.507276 -10.163590 4.678939 4.621104 -20.975994 -0.000003 0.000002 -21.226254 2.451693 -3.593994 0.000000 -0.000006 -0.000000 -1.362682 2.240797 -0.746323 -21.334892 0.584908 3.008320 -13.821197 -0.000003 0.000001 -23.887131 -0.249079 -0.839482 -58.611504 1.152315 -1.729252 -0.294024 1.679686 0.833255 -14.218190 0.093215 1.300579 -34.212006 -0.287563 0.967169 -20.033176 0.964535 1.212841 -0.000000 0.000000 -0.000000 -3.440386 0.788233 0.501655 -15.928167 -3.167307 2.999703 -6.338817 -0.000001 0.000001 -18.123411 3.648177 -4.905662 -0.000004 0.000000 -0.000002 -22.275019 -2.063065 7.742458 43.147293 58.600498 16.362183 0.300663 42.689869 0.312920 -69.931938 19.367752 -1.206847 2.243540 -5.255033 -3.180155 14.282877 -0.826594 6.952496 -0.000002 -12.690590 0.000001 14.344277 -16.876284 2.670467 1.665665 -1.955920 -2.878296 4.727792 -4.170583 4.993918 11.020512 0.000002 -0.000001 12.109034 -3.735710 -2.866780 -0.000000 0.000000 -0.000000 1.291985 -1.928548 -1.498088 14.800111 0.567467 3.865603 14.242554 -1.341734 -6.660648 19.631939 0.143925 -0.648244 48.724731 -0.185977 -6.099220 0.353027 -1.511149 -0.031939 20.222771 3.684306 2.316628 18.787245 0.000003 0.000000 10.751610 -0.479869 1.397903 -0.000001 -0.000000 -0.000000 3.273804 0.305946 -0.580110 21.486792 11.830363 2.266131 8.162916 0.000002 -0.000001 18.399054 -3.798980 -4.940567 0.000004 0.000001 -0.000001 3.430382 42.091492 -19.590700 -1.733166 -22.444220 58.143749 -7.748210 -24.105923 -33.237877 1.992970 -1.549298 -12.276769 0.000000 0.000000 0.000004 -7.382234 -32.567650 -19.640236 1.526498 20.980833 53.728069 12.561053 21.616032 -28.242352 -1.487866 0.553732 -18.372232 0.000000 -0.000000 -0.000001 
-16.188496 45.280548 -25.004801 -2.462503 -3.507197 67.994225 3.883677 1.814627 1.576375 1.517929 0.382820 -3.258062 2.565747 -1.635105 15.803131 1.609243 3.534024 21.252731 -0.861747 -0.766150 -3.720098 -6.565150 -1.542741 9.984557 0.000077 -0.000023 0.000006 0.123392 0.082758 -0.207286 1.120306 -3.384908 -10.313437 -0.890069 3.570637 -10.375714 22.152645 0.495383 8.611356 -57.109020 -50.359077 34.227917 3.844366 -38.962822 -0.273287 64.048767 -8.419162 -8.002175 -5.882101 9.861278 0.702589 -10.936857 -0.360575 7.156197 -0.000001 8.774816 -0.000002 -15.132345 16.657490 6.271852 -1.844031 2.498503 -2.507276 -10.163588 4.678939 4.621104 -20.975990 -0.000004 0.000003 -21.226244 2.451693 -3.593993 0.000000 -0.000006 -0.000000 -1.362677 2.240797 -0.746322 -21.334885 0.584908 3.008322 -13.821191 -0.000003 0.000003 -23.887123 -0.249077 -0.839479 -58.913990 1.154992 -1.770254 -0.294024 1.679687 0.833255 -14.218189 0.093214 1.300580 -34.211998 -0.287563 0.967171 -20.033173 0.964535 1.212843 -0.000001 -0.000000 0.000000 -3.440383 0.788233 0.501656 -15.928164 -3.167306 2.999705 -6.338814 -0.000002 0.000002 -18.123411 3.648178 -4.905660 -0.000004 0.000001 -0.000002 -22.246576 -2.634259 7.594488 36.753662 60.394539 9.139464 0.827251 43.989719 0.677116 -69.413704 19.729776 -1.244266 2.243539 -5.255033 -3.180155 14.282879 -0.826593 6.952497 -0.000004 -12.690590 0.000002 14.351446 -16.846281 2.586095 1.665664 -1.955920 -2.878295 4.727793 -4.170583 4.993918 11.020513 0.000004 -0.000001 12.109033 -3.735708 -2.866779 0.000000 -0.000000 -0.000000 1.291983 -1.928548 -1.498089 14.800111 0.567468 3.865605 14.242553 -1.341734 -6.660647 19.631939 0.143927 -0.648242 48.730270 -0.069168 -5.995172 0.353029 -1.511149 -0.031941 20.222767 3.684308 2.316628 18.787243 0.000005 0.000001 10.751609 -0.479868 1.397905 0.000000 -0.000001 0.000000 3.273803 0.305947 -0.580110 21.486792 11.830364 2.266131 8.162917 0.000002 -0.000000 18.399052 -3.798979 -4.940565 0.000003 -0.000000 -0.000001 0.150645 39.137058 -26.703054 -2.202844 -18.723175 62.772247 -8.188589 -23.598734 -32.305981 1.987509 -1.593346 -11.790859 0.000000 0.000000 0.000003 -6.154979 -29.446266 -25.146214 1.258831 18.499338 57.134743 12.091519 21.556622 -28.283859 -1.449001 0.555341 -18.029606 -0.000000 -0.000000 -0.000002 
-16.867619 47.821274 -27.172413 -2.545545 -4.392120 69.028870 3.987513 1.880356 2.704378 1.507052 0.457435 -2.595308 2.294480 -1.318721 16.192268 0.847695 3.832742 20.905455 -0.587864 -0.859946 -3.678182 -6.932848 -2.006109 9.470607 0.000077 -0.000022 0.000006 0.118062 0.095253 -0.205024 1.053212 -3.369710 -10.240218 -0.831864 3.582010 -10.274672 21.591198 0.672854 8.329264 -54.402481 -51.581585 29.923391 3.718972 -38.543179 0.016629 62.655529 -8.991059 -8.403717 -5.882102 9.861279 0.702589 -10.936859 -0.360576 7.156198 0.000002 8.774815 -0.000002 -15.115059 16.845917 6.318771 -1.844031 2.498503 -2.507277 -10.163591 4.678938 4.621102 -20.975996 -0.000004 0.000003 -21.226255 2.451692 -3.593993 0.000000 -0.000006 -0.000000 -1.362681 2.240797 -0.746323 -21.334892 0.584907 3.008321 -13.821197 -0.000003 0.000003 -23.887131 -0.249078 -0.839479 -59.208118 1.133993 -1.790321 -0.294026 1.679686 0.833255 -14.218190 0.093214 1.300579 -34.212006 -0.287564 0.967172 -20.033180 0.964534 1.212844 0.000000 -0.000000 -0.000000 -3.440387 0.788232 0.501655 -15.928167 -3.167307 2.999705 -6.338816 -0.000002 0.000002 -18.123415 3.648177 -4.905661 -0.000004 0.000000 -0.000002 -22.331558 -3.052799 7.447061 29.742819 61.919529 1.743095 1.511089 45.203297 1.172897 -68.932892 19.894962 -1.116364 2.243539 -5.255032 -3.180155 14.282878 -0.826594 6.952496 -0.000003 -12.690590 0.000002 14.290966 -16.865719 2.541013 1.665665 -1.955919 -2.878296 4.727794 -4.170583 4.993918 11.020510 0.000003 -0.000001 12.109031 -3.735708 -2.866779 0.000000 0.000000 0.000001 1.291984 -1.928548 -1.498088 14.800111 0.567468 3.865602 14.242553 -1.341735 -6.660648 19.631939 0.143927 -0.648243 48.784306 0.024816 -5.850797 0.353029 -1.511150 -0.031939 20.222771 3.684307 2.316628 18.787247 0.000004 -0.000001 10.751611 -0.479867 1.397905 0.000001 0.000000 -0.000000 3.273803 0.305947 -0.580111 21.486792 11.830361 2.266131 8.162914 0.000001 -0.000000 18.399052 -3.798978 -4.940567 0.000002 -0.000000 -0.000001 -2.508386 36.999031 -32.874401 -2.568760 -15.648147 67.050064 -8.664430 -22.693480 -31.409498 1.982616 -1.630859 -11.252965 0.000000 0.000000 0.000003 -5.850638 -27.017498 -29.289370 1.150666 16.644081 58.786739 11.826277 21.865561 -27.860125 -1.425445 0.550813 -18.018549 0.000000 0.000000 -0.000001 
-17.394037 49.794170 -29.339140 -2.852695 -5.336253 69.985275 3.991092 1.861961 3.614815 1.546187 0.534298 -2.048000 1.910452 -1.059103 16.451391 -0.035514 4.012718 20.600023 -0.171348 -0.726696 -3.683956 -7.466178 -2.426741 9.218259 0.000077 -0.000022 0.000006 0.124610 0.102638 -0.210525 0.993817 -3.383744 -10.198570 -0.760277 3.610117 -10.203603 20.735914 0.758515 7.986012 -52.002285 -52.368942 25.749279 3.447058 -37.847942 0.360008 61.486656 -9.874002 -8.971268 -5.882098 9.861278 0.702591 -10.936858 -0.360574 7.156197 0.000002 8.774813 -0.000000 -15.007069 17.084389 6.298069 -1.844030 2.498503 -2.507275 -10.163590 4.678940 4.621105 -20.976000 -0.000003 0.000003 -21.226257 2.451694 -3.593992 0.000000 -0.000006 -0.000000 -1.362681 2.240796 -0.746322 -21.334892 0.584909 3.008321 -13.821198 -0.000001 0.000002 -23.887135 -0.249076 -0.839480 -59.132851 1.047200 -1.883273 -0.294023 1.679686 0.833256 -14.218195 0.093215 1.300580 -34.212009 -0.287562 0.967170 -20.033184 0.964536 1.212841 0.000000 0.000000 0.000000 -3.440386 0.788232 0.501656 -15.928169 -3.167305 2.999704 -6.338818 -0.000002 0.000001 -18.123415 3.648178 -4.905660 -0.000004 0.000000 -0.000002 -22.544014 -3.479163 7.297287 22.657532 63.356327 -4.772923 1.715087 45.916012 1.489073 -68.938629 19.190462 -0.909468 2.243540 -5.255033 -3.180157 14.282875 -0.826593 6.952496 -0.000004 -12.690588 0.000000 14.202425 -16.964882 2.640097 1.665666 -1.955920 -2.878298 4.727794 -4.170583 4.993919 11.020512 0.000002 -0.000001 12.109032 -3.735710 -2.866781 -0.000001 -0.000000 0.000001 1.291984 -1.928548 -1.498089 14.800113 0.567467 3.865603 14.242553 -1.341734 -6.660651 19.631939 0.143927 -0.648244 49.071522 0.187543 -5.662506 0.353027 -1.511149 -0.031940 20.222769 3.684307 2.316627 18.787249 0.000004 -0.000001 10.751611 -0.479868 1.397904 0.000001 0.000000 -0.000000 3.273803 0.305947 -0.580110 21.486792 11.830360 2.266131 8.162914 0.000002 -0.000000 18.399052 -3.798977 -4.940568 0.000003 0.000000 -0.000000 -4.731735 35.686558 -38.188187 -2.845848 -13.358805 70.796722 -9.079079 -21.621799 -30.499763 1.937892 -1.662403 -10.879077 0.000000 0.000000 0.000003 -6.065484 -25.232557 -32.403053 1.161471 15.257494 59.522930 11.836319 22.329973 -27.149368 -1.440033 0.543704 -18.479717 0.000000 0.000000 -0.000002 
-17.823822 51.221966 -31.363144 -3.401104 -6.198380 70.620216 4.023318 1.956790 4.360873 1.520136 0.496155 -1.590060 1.518844 -0.948249 16.754555 -0.599691 3.891891 20.276358 -0.349292 -0.688262 -3.691308 -7.494071 -2.373581 8.908564 0.000077 -0.000023 0.000006 0.099347 0.090070 -0.222247 0.946984 -3.387570 -10.157452 -0.763502 3.593231 -10.148935 19.672543 0.538972 7.532394 -49.991047 -52.367901 22.287392 3.966501 -37.275963 0.194186 60.128296 -10.759628 -8.865004 -5.882101 9.861277 0.702589 -10.936861 -0.360575 7.156198 0.000002 8.774811 -0.000002 -14.955431 17.159090 6.390936 -1.844030 2.498503 -2.507276 -10.163592 4.678938 4.621105 -20.975994 -0.000003 0.000002 -21.226255 2.451692 -3.593994 0.000000 -0.000006 -0.000000 -1.362681 2.240796 -0.746322 -21.334890 0.584909 3.008321 -13.821197 -0.000002 0.000003 -23.887133 -0.249077 -0.839480 -59.436008 1.244642 -1.753923 -0.294024 1.679685 0.833255 -14.218197 0.093215 1.300579 -34.212013 -0.287562 0.967169 -20.033180 0.964535 1.212842 0.000001 -0.000001 -0.000000 -3.440388 0.788233 0.501655 -15.928171 -3.167305 2.999704 -6.338817 -0.000001 0.000002 -18.123415 3.648175 -4.905662 -0.000004 0.000000 -0.000002 -22.579796 -3.795516 6.909750 16.207560 64.763565 -11.276865 2.695198 45.623211 2.076108 -68.953896 18.963655 -0.716610 2.243540 -5.255032 -3.180154 14.282879 -0.826592 6.952495 -0.000002 -12.690588 -0.000002 14.327895 -17.042496 2.572796 1.665664 -1.955919 -2.878297 4.727797 -4.170583 4.993918 11.020512 0.000003 -0.000001 12.109030 -3.735709 -2.866779 -0.000000 -0.000000 0.000000 1.291983 -1.928547 -1.498088 14.800117 0.567469 3.865603 14.242553 -1.341734 -6.660647 19.631941 0.143927 -0.648242 49.203217 -0.014540 -5.650762 0.353028 -1.511149 -0.031940 20.222773 3.684306 2.316629 18.787249 0.000005 -0.000000 10.751613 -0.479866 1.397903 -0.000000 0.000000 -0.000000 3.273805 0.305946 -0.580109 21.486795 11.830362 2.266132 8.162918 0.000002 -0.000001 18.399057 -3.798978 -4.940568 0.000002 0.000000 -0.000001 -5.919003 34.434319 -42.674728 -2.893889 -11.384245 74.743668 -9.630593 -19.779148 -29.733225 1.904040 -1.708537 -10.806286 0.000000 0.000000 0.000002 -6.431804 -23.991171 -34.726295 1.286946 14.116759 59.989796 11.540527 22.952017 -27.095455 -1.431807 0.548783 -18.263174 0.000000 0.000000 -0.000003 
-18.176136 52.244576 -33.417809 -3.854016 -6.943692 70.970604 3.987731 2.001114 5.007723 1.420017 0.482519 -1.211298 1.094207 -0.959021 17.057165 -1.024892 3.680598 19.971497 -0.375363 -0.532939 -3.729722 -7.772455 -2.345012 8.671214 0.000077 -0.000022 0.000007 0.111370 0.091996 -0.228166 0.949566 -3.393130 -10.130507 -0.738413 3.600563 -10.107879 18.622091 0.253885 7.055688 -48.216183 -52.128780 19.135750 4.316754 -37.103329 0.099615 58.919743 -11.940642 -8.577416 -5.882103 9.861278 0.702590 -10.936862 -0.360575 7.156197 0.000002 8.774813 -0.000001 -14.918498 17.230997 6.339965 -1.844030 2.498502 -2.507275 -10.163589 4.678940 4.621103 -20.975998 -0.000004 0.000001 -21.226255 2.451693 -3.593994 0.000000 -0.000006 -0.000000 -1.362682 2.240796 -0.746323 -21.334896 0.584909 3.008319 -13.821197 -0.000002 0.000002 -23.887133 -0.249079 -0.839482 -59.343685 1.282770 -1.762392 -0.294027 1.679686 0.833255 -14.218194 0.093214 1.300578 -34.212006 -0.287564 0.967168 -20.033178 0.964534 1.212841 0.000000 0.000000 -0.000000 -3.440386 0.788233 0.501655 -15.928167 -3.167305 2.999702 -6.338816 -0.000001 0.000001 -18.123413 3.648175 -4.905662 -0.000004 0.000000 -0.000002 -22.535162 -4.188354 6.531388 10.246583 66.229752 -16.712250 2.930006 44.545868 2.206567 -69.152908 18.276690 -0.731322 2.243541 -5.255032 -3.180157 14.282875 -0.826593 6.952496 -0.000002 -12.690588 -0.000001 14.449220 -17.136377 2.621455 1.665665 -1.955920 -2.878298 4.727794 -4.170584 4.993918 11.020514 0.000002 -0.000002 12.109034 -3.735709 -2.866781 -0.000000 -0.000001 0.000001 1.291984 -1.928549 -1.498088 14.800117 0.567467 3.865602 14.242551 -1.341734 -6.660650 19.631939 0.143925 -0.648243 49.441788 -0.084583 -5.561729 0.353028 -1.511149 -0.031941 20.222769 3.684304 2.316627 18.787245 0.000004 -0.000002 10.751611 -0.479867 1.397903 -0.000000 0.000000 -0.000000 3.273804 0.305946 -0.580110 21.486790 11.830362 2.266131 8.162914 0.000002 -0.000001 18.399050 -3.798979 -4.940567 0.000003 0.000001 -0.000001 -6.436347 33.538521 -46.271366 -2.842795 -9.948073 78.280991 -10.191829 -17.967291 -28.650251 1.900601 -1.753864 -10.686861 0.000000 0.000000 0.000003 -6.855169 -23.051790 -36.563843 1.412168 13.214466 60.730274 11.487062 23.389137 -26.645361 -1.434880 0.551867 -18.745255 -0.000000 0.000000 -0.000003 
-18.597975 52.918655 -35.439484 -4.122684 -7.662261 71.084679 3.805019 2.040606 5.535908 1.324224 0.411216 -0.851997 0.614490 -1.095585 17.318993 -1.268170 3.485490 19.746426 -0.378804 -0.422078 -3.722407 -8.042811 -2.293762 8.445874 0.000077 -0.000023 0.000006 0.123144 0.096103 -0.221739 0.957231 -3.397596 -10.125462 -0.726749 3.612927 -10.085200 17.518095 -0.142250 6.660914 -46.485909 -51.395695 15.838579 4.497206 -37.625191 -0.035404 57.789570 -13.493454 -8.163239 -5.882103 9.861278 0.702589 -10.936858 -0.360575 7.156196 0.000001 8.774812 -0.000001 -14.950156 17.264511 6.270041 -1.844028 2.498503 -2.507275 -10.163589 4.678940 4.621103 -20.975994 -0.000004 0.000002 -21.226255 2.451693 -3.593994 0.000000 -0.000006 -0.000000 -1.362680 2.240797 -0.746323 -21.334892 0.584909 3.008319 -13.821197 -0.000003 0.000002 -23.887133 -0.249078 -0.839482 -59.318897 1.277315 -1.727983 -0.294024 1.679686 0.833255 -14.218192 0.093214 1.300579 -34.212006 -0.287563 0.967169 -20.033180 0.964535 1.212842 0.000001 0.000000 0.000000 -3.440386 0.788233 0.501655 -15.928167 -3.167306 2.999703 -6.338815 -0.000000 0.000001 -18.123411 3.648174 -4.905661 -0.000004 0.000000 -0.000002 -22.275007 -4.474437 6.185657 4.366312 67.756660 -22.110102 2.964314 42.725510 2.202859 -69.238731 17.598112 -0.878004 2.243538 -5.255033 -3.180153 14.282875 -0.826591 6.952497 -0.000003 -12.690590 -0.000001 14.506890 -17.230576 2.677714 1.665666 -1.955920 -2.878295 4.727793 -4.170583 4.993918 11.020510 0.000004 -0.000001 12.109035 -3.735709 -2.866779 0.000000 -0.000000 -0.000000 1.291985 -1.928547 -1.498089 14.800111 0.567470 3.865604 14.242551 -1.341734 -6.660647 19.631939 0.143926 -0.648241 49.672554 -0.141559 -5.488192 0.353028 -1.511149 -0.031940 20.222771 3.684308 2.316628 18.787245 0.000007 0.000001 10.751610 -0.479867 1.397905 0.000000 -0.000001 -0.000000 3.273802 0.305947 -0.580110 21.486788 11.830364 2.266132 8.162916 0.000003 0.000000 18.399052 -3.798979 -4.940565 0.000003 0.000000 -0.000001 -6.465168 32.708469 -49.298859 -2.726865 -8.774084 81.710320 -10.689902 -15.916682 -27.473564 1.947271 -1.789314 -10.793351 0.000001 0.000000 0.000003 -7.450495 -22.309093 -38.153709 1.576025 12.407354 62.148632 11.460287 23.554785 -26.121433 -1.432771 0.561180 -18.975237 0.000000 0.000000 -0.000003 
-19.070560 53.369186 -37.442459 -4.052197 -8.304066 70.992424 3.537585 2.012653 5.957613 1.161993 0.292570 -0.503497 0.145778 -1.352290 17.542385 -1.404497 3.354358 19.776531 -0.346066 -0.381369 -3.714980 -8.293736 -2.267670 8.326468 0.000077 -0.000022 0.000003 0.122042 0.097065 -0.202462 0.969683 -3.419060 -10.152300 -0.738310 3.634394 -10.101051 16.385206 -0.687807 6.404774 -44.755173 -50.227947 12.434459 4.595114 -38.930431 -0.192728 56.674423 -15.204497 -7.665562 -5.882098 9.861278 0.702589 -10.936857 -0.360576 7.156197 0.000002 8.774813 -0.000002 -15.012033 17.213434 6.184034 -1.844030 2.498502 -2.507276 -10.163591 4.678940 4.621104 -20.975992 -0.000004 0.000002 -21.226246 2.451691 -3.593993 0.000000 -0.000006 -0.000000 -1.362681 2.240798 -0.746323 -21.334887 0.584907 3.008321 -13.821190 -0.000003 0.000003 -23.887125 -0.249079 -0.839480 -59.200790 1.224872 -1.620046 -0.294025 1.679686 0.833255 -14.218189 0.093214 1.300579 -34.211990 -0.287564 0.967171 -20.033175 0.964535 1.212843 0.000002 0.000000 0.000000 -3.440384 0.788233 0.501655 -15.928164 -3.167307 2.999705 -6.338815 -0.000000 0.000002 -18.123411 3.648177 -4.905660 -0.000004 0.000000 -0.000002 -21.824858 -4.686488 5.864267 -1.634681 69.332489 -27.752455 2.844967 40.358173 2.092301 -69.075417 16.939230 -1.066571 2.243539 -5.255033 -3.180154 14.282878 -0.826593 6.952496 -0.000003 -12.690592 -0.000001 14.556729 -17.323605 2.693959 1.665663 -1.955920 -2.878296 4.727793 -4.170583 4.993918 11.020510 0.000004 -0.000000 12.109030 -3.735709 -2.866780 0.000000 -0.000000 0.000000 1.291984 -1.928548 -1.498087 14.800111 0.567469 3.865605 14.242553 -1.341734 -6.660648 19.631939 0.143926 -0.648242 49.738827 -0.200691 -5.498362 0.353029 -1.511149 -0.031940 20.222763 3.684308 2.316629 18.787245 0.000006 0.000001 10.751608 -0.479868 1.397905 -0.000000 0.000000 -0.000000 3.273803 0.305947 -0.580109 21.486792 11.830366 2.266133 8.162916 0.000003 0.000001 18.399050 -3.798979 -4.940566 0.000003 0.000000 -0.000001 -6.078061 31.835739 -51.869957 -2.600893 -7.803091 85.025009 -11.092340 -13.848866 -26.354702 2.003155 -1.812774 -11.051985 0.000000 -0.000000 0.000003 -8.124478 -21.882847 -39.644093 1.810662 11.582021 64.394203 11.447198 23.283287 -25.770988 -1.376796 0.561238 -18.713570 0.000000 0.000000 -0.000003 
-19.616076 53.573692 -39.535378 -3.474835 -8.899331 70.638580 3.192735 1.905604 6.364747 0.924209 0.129945 -0.210560 -0.288245 -1.772987 17.811510 -1.451819 3.180118 20.225004 -0.315609 -0.382651 -3.710549 -8.493484 -2.330288 8.341747 0.000077 -0.000023 0.000004 0.124048 0.103965 -0.201886 0.979313 -3.428667 -10.169588 -0.743707 3.654734 -10.121752 15.296889 -1.305336 6.205852 -43.246124 -48.748150 9.115972 4.597606 -40.917484 -0.311244 55.655861 -16.858780 -7.037682 -5.882101 9.861278 0.702590 -10.936860 -0.360574 7.156197 0.000003 8.774813 -0.000000 -15.027822 17.145784 6.122561 -1.844030 2.498503 -2.507276 -10.163590 4.678940 4.621104 -20.975996 -0.000004 0.000002 -21.226255 2.451693 -3.593994 0.000001 -0.000006 -0.000000 -1.362682 2.240797 -0.746323 -21.334892 0.584909 3.008320 -13.821197 -0.000003 0.000002 -23.887131 -0.249078 -0.839480 -59.113045 1.177087 -1.472562 -0.294024 1.679687 0.833256 -14.218192 0.093214 1.300579 -34.212006 -0.287564 0.967170 -20.033186 0.964535 1.212842 -0.000000 -0.000001 0.000000 -3.440387 0.788233 0.501656 -15.928167 -3.167306 2.999703 -6.338819 -0.000000 0.000001 -18.123415 3.648175 -4.905661 -0.000004 0.000000 -0.000002 -21.270655 -4.976849 5.520143 -8.127024 70.920219 -34.070732 2.649334 37.696903 1.933906 -68.880157 16.326464 -1.157836 2.243541 -5.255033 -3.180155 14.282878 -0.826595 6.952496 -0.000002 -12.690590 0.000001 14.591896 -17.432461 2.715375 1.665666 -1.955920 -2.878297 4.727796 -4.170584 4.993919 11.020512 0.000003 -0.000001 12.109034 -3.735710 -2.866780 0.000000 0.000000 -0.000000 1.291984 -1.928548 -1.498087 14.800113 0.567467 3.865602 14.242551 -1.341735 -6.660649 19.631941 0.143925 -0.648243 49.793930 -0.219643 -5.569484 0.353028 -1.511149 -0.031940 20.222769 3.684304 2.316628 18.787245 0.000004 -0.000001 10.751610 -0.479867 1.397904 0.000000 -0.000001 -0.000000 3.273803 0.305947 -0.580110 21.486797 11.830362 2.266133 8.162917 0.000000 0.000000 18.399054 -3.798980 -4.940568 0.000003 -0.000000 -0.000001 -5.501475 30.778337 -54.109310 -2.530765 -6.958777 88.288689 -11.299077 -11.999406 -25.200117 2.044505 -1.835321 -11.242281 -0.000000 -0.000000 0.000002 -8.920724 -21.868385 -41.099075 2.093342 10.672811 67.439407 11.482574 22.604053 -25.477278 -1.321902 0.566991 -18.429380 0.000000 -0.000000 -0.000002 
-20.133873 53.344200 -41.546291 -2.291090 -9.422255 69.975159 2.858719 1.727632 6.846303 0.727538 -0.071182 -0.064009 -0.826301 -2.292223 18.267284 -1.327679 2.823615 21.229116 -0.381857 -0.423158 -3.764855 -8.584595 -2.529653 8.433456 0.000077 -0.000023 0.000007 0.145077 0.119330 -0.190393 0.994398 -3.420741 -10.132665 -0.715289 3.671738 -10.081732 14.418636 -1.990218 5.783093 -42.378071 -47.101776 6.272058 4.502467 -43.250580 -0.444156 54.746376 -18.375072 -6.400418 -5.882101 9.861279 0.702589 -10.936858 -0.360575 7.156198 0.000002 8.774813 -0.000002 -15.044836 17.157051 6.146252 -1.844031 2.498504 -2.507276 -10.163588 4.678940 4.621104 -20.975992 -0.000003 0.000003 -21.226250 2.451693 -3.593994 0.000000 -0.000007 -0.000001 -1.362680 2.240796 -0.746323 -21.334887 0.584908 3.008322 -13.821192 -0.000003 0.000003 -23.887123 -0.249077 -0.839481 -59.138691 1.257823 -1.473796 -0.294025 1.679686 0.833255 -14.218194 0.093215 1.300580 -34.211998 -0.287563 0.967170 -20.033176 0.964537 1.212841 -0.000001 0.000000 -0.000001 -3.440385 0.788233 0.501656 -15.928165 -3.167306 2.999704 -6.338817 -0.000001 0.000001 -18.123413 3.648177 -4.905662 -0.000004 -0.000000 -0.000002 -20.695704 -5.495235 5.087399 -15.198497 72.393318 -41.296810 2.457077 34.762463 1.794597 -68.625008 15.876861 -1.250472 2.243539 -5.255033 -3.180157 14.282878 -0.826594 6.952495 -0.000001 -12.690590 -0.000000 14.438484 -17.654808 2.923237 1.665665 -1.955921 -2.878296 4.727796 -4.170584 4.993918 11.020513 0.000003 -0.000001 12.109035 -3.735710 -2.866780 0.000000 0.000000 -0.000001 1.291984 -1.928548 -1.498087 14.800114 0.567467 3.865603 14.242553 -1.341735 -6.660648 19.631937 0.143925 -0.648243 49.951023 -0.236482 -5.679304 0.353028 -1.511149 -0.031940 20.222771 3.684305 2.316628 18.787245 0.000004 0.000001 10.751614 -0.479868 1.397904 0.000000 -0.000000 -0.000000 3.273805 0.305947 -0.580110 21.486795 11.830361 2.266131 8.162916 0.000003 -0.000001 18.399054 -3.798979 -4.940568 0.000003 -0.000000 -0.000001 -4.791645 29.378780 -56.141788 -2.435626 -6.171394 91.571884 -11.191814 -10.596974 -24.136127 2.072173 -1.829980 -11.806668 0.000000 0.000000 0.000002 -9.898745 -22.287598 -42.494267 2.369008 9.667692 71.336517 11.641779 21.440273 -25.899277 -1.291952 0.573496 -18.411325 -0.000000 -0.000000 -0.000002 
-20.556656 53.442703 -43.736992 -0.666784 -9.885223 69.323929 2.487546 1.434928 7.154698 0.489904 -0.310255 0.233166 -1.352018 -2.882836 18.603941 -0.854716 2.499208 22.515146 -0.535983 -0.344869 -3.747942 -8.582217 -2.923522 8.830591 0.000077 -0.000022 0.000005 0.127783 0.128823 -0.203515 0.958938 -3.435868 -10.179706 -0.712734 3.708983 -10.111808 13.711863 -2.528217 5.505040 -41.455807 -46.050621 3.517312 4.256457 -45.541805 -0.223475 53.907902 -18.717009 -5.508891 -5.882099 9.861277 0.702589 -10.936856 -0.360576 7.156197 0.000002 8.774813 -0.000002 -14.879766 17.086166 6.207603 -1.844029 2.498502 -2.507276 -10.163589 4.678939 4.621104 -20.975994 -0.000003 0.000003 -21.226255 2.451692 -3.593994 0.000000 -0.000006 -0.000000 -1.362680 2.240796 -0.746323 -21.334887 0.584907 3.008320 -13.821195 -0.000003 0.000002 -23.887125 -0.249079 -0.839480 -59.027084 1.091240 -1.214965 -0.294027 1.679686 0.833255 -14.218192 0.093214 1.300579 -34.212002 -0.287565 0.967171 -20.033180 0.964535 1.212843 -0.000001 0.000000 -0.000000 -3.440384 0.788232 0.501656 -15.928165 -3.167306 2.999704 -6.338817 -0.000001 0.000001 -18.123413 3.648175 -4.905662 -0.000004 -0.000000 -0.000002 -20.132517 -6.342306 4.943282 -24.608868 73.339218 -50.436958 1.968010 32.251659 1.489378 -68.435577 15.034077 -0.832428 2.243541 -5.255032 -3.180156 14.282878 -0.826593 6.952496 -0.000003 -12.690587 -0.000000 14.704271 -17.797199 2.940248 1.665665 -1.955920 -2.878296 4.727794 -4.170582 4.993919 11.020513 0.000003 -0.000002 12.109032 -3.735708 -2.866780 0.000000 0.000000 0.000000 1.291985 -1.928548 -1.498088 14.800114 0.567468 3.865603 14.242553 -1.341734 -6.660648 19.631941 0.143927 -0.648243 50.104725 -0.134400 -5.656849 0.353028 -1.511150 -0.031940 20.222771 3.684306 2.316627 18.787247 0.000006 -0.000000 10.751612 -0.479866 1.397903 0.000000 -0.000000 -0.000000 3.273805 0.305947 -0.580110 21.486792 11.830361 2.266130 8.162916 0.000003 0.000000 18.399052 -3.798977 -4.940567 0.000002 -0.000001 -0.000001 -4.144564 27.530741 -58.721127 -2.449375 -5.277339 95.341850 -11.043887 -10.048696 -23.376890 2.027412 -1.866952 -11.751001 0.000000 0.000000 0.000002 -10.975696 -23.316820 -44.260006 2.621333 8.868955 75.830139 11.070392 20.724915 -27.778526 -1.243079 0.579298 -17.998520 -0.000000 -0.000000 -0.000001 
-20.969206 53.207069 -46.300976 1.008995 -10.224405 68.549515 2.186081 1.202209 7.560894 0.408644 -0.506523 0.438820 -1.926214 -3.388416 19.109501 -0.228264 2.027646 23.752298 -0.831269 -0.339213 -3.782307 -8.308494 -3.367049 9.235945 0.000077 -0.000022 0.000004 0.126633 0.140986 -0.180394 0.919087 -3.447627 -10.185613 -0.673082 3.743094 -10.080824 13.402951 -3.075646 4.973482 -41.105515 -45.572750 1.252745 4.197042 -47.504105 -0.298982 53.204319 -18.965168 -4.347567 -5.882100 9.861278 0.702589 -10.936858 -0.360574 7.156195 0.000001 8.774813 -0.000001 -14.808307 17.036886 6.291309 -1.844033 2.498502 -2.507276 -10.163589 4.678940 4.621102 -20.975998 -0.000003 -0.000001 -21.226254 2.451692 -3.593996 0.000000 -0.000006 -0.000000 -1.362681 2.240796 -0.746323 -21.334887 0.584910 3.008316 -13.821197 -0.000002 0.000000 -23.887131 -0.249080 -0.839484 -58.981018 1.040103 -1.061587 -0.294026 1.679687 0.833255 -14.218194 0.093216 1.300577 -34.211998 -0.287567 0.967165 -20.033176 0.964533 1.212840 0.000000 -0.000000 -0.000000 -3.440384 0.788233 0.501655 -15.928169 -3.167306 2.999701 -6.338818 -0.000000 -0.000000 -18.123413 3.648175 -4.905663 -0.000004 -0.000000 -0.000002 -19.683498 -7.257400 4.764016 -34.437874 73.254089 -60.130638 1.523980 30.059710 1.219687 -67.956123 14.074565 -0.571076 2.243540 -5.255032 -3.180155 14.282877 -0.826594 6.952493 -0.000001 -12.690590 0.000000 14.729285 -17.846767 2.986872 1.665665 -1.955920 -2.878296 4.727796 -4.170583 4.993918 11.020512 0.000003 -0.000001 12.109033 -3.735710 -2.866780 0.000000 -0.000000 -0.000000 1.291984 -1.928548 -1.498089 14.800117 0.567467 3.865602 14.242554 -1.341734 -6.660648 19.631941 0.143925 -0.648245 49.999405 0.016766 -5.745150 0.353029 -1.511149 -0.031940 20.222773 3.684304 2.316626 18.787247 0.000005 -0.000001 10.751611 -0.479868 1.397903 0.000000 -0.000000 -0.000000 3.273804 0.305947 -0.580111 21.486792 11.830362 2.266129 8.162916 0.000001 -0.000000 18.399055 -3.798978 -4.940569 0.000003 -0.000001 -0.000001 -3.120286 25.674316 -61.978027 -2.365778 -4.380115 100.160561 -10.482905 -9.998073 -23.229055 1.990211 -1.890371 -11.380959 0.000000 0.000000 0.000003 -12.203328 -24.474926 -46.108391 2.785168 7.952802 80.620300 10.892714 19.719831 -29.703362 -1.258868 0.594153 -17.599068 0.000000 -0.000000 -0.000001 
-21.225662 52.985538 -49.090630 2.471353 -10.484712 67.743317 1.942146 1.056887 7.990182 0.342206 -0.631143 0.715480 -2.435480 -3.795582 19.630785 0.406642 1.543220 24.418602 -1.108123 -0.335114 -3.807159 -8.080421 -3.688449 9.678552 0.000077 -0.000023 0.000005 0.148686 0.169799 -0.172788 0.904304 -3.426178 -10.148267 -0.613110 3.779283 -10.027582 13.374253 -3.560440 4.368215 -40.921829 -45.759647 -0.739095 4.314756 -49.153534 -0.558990 52.689793 -19.283064 -3.040831 -5.882102 9.861279 0.702590 -10.936857 -0.360575 7.156197 0.000001 8.774812 -0.000001 -14.792678 17.011377 6.274567 -1.844030 2.498503 -2.507276 -10.163590 4.678939 4.621104 -20.975996 -0.000003 0.000003 -21.226254 2.451693 -3.593993 0.000000 -0.000005 -0.000000 -1.362681 2.240797 -0.746322 -21.334890 0.584909 3.008320 -13.821197 -0.000003 0.000003 -23.887131 -0.249077 -0.839481 -58.868885 1.087134 -0.995196 -0.294025 1.679686 0.833255 -14.218192 0.093214 1.300579 -34.211998 -0.287564 0.967170 -20.033178 0.964535 1.212842 0.000001 0.000001 0.000000 -3.440385 0.788233 0.501656 -15.928169 -3.167305 2.999703 -6.338817 -0.000001 0.000001 -18.123413 3.648177 -4.905661 -0.000004 -0.000000 -0.000002 -19.343945 -8.105415 4.466196 -42.460106 72.257484 -68.205635 1.092050 28.403557 0.963840 -67.142944 13.171722 -0.524836 2.243539 -5.255033 -3.180156 14.282877 -0.826594 6.952496 -0.000002 -12.690590 0.000001 14.727506 -17.861698 3.055429 1.665665 -1.955920 -2.878298 4.727795 -4.170583 4.993918 11.020513 0.000003 -0.000001 12.109033 -3.735709 -2.866780 0.000000 0.000000 0.000000 1.291984 -1.928548 -1.498088 14.800113 0.567468 3.865602 14.242554 -1.341734 -6.660649 19.631939 0.143926 -0.648243 49.964046 0.019711 -5.761624 0.353028 -1.511150 -0.031939 20.222769 3.684307 2.316628 18.787241 0.000005 -0.000000 10.751607 -0.479868 1.397904 0.000001 0.000000 -0.000000 3.273804 0.305947 -0.580111 21.486792 11.830363 2.266130 8.162918 -0.000000 0.000000 18.399054 -3.798980 -4.940568 0.000002 0.000000 -0.000001 -1.749460 24.000240 -66.121063 -2.195050 -3.421756 105.805595 -9.787658 -10.112418 -23.514402 1.917243 -1.894732 -10.571073 0.000000 0.000000 0.000002 -13.566378 -25.673622 -48.189182 2.896842 7.005661 85.543701 10.722499 18.595232 -31.592745 -1.322367 0.611212 -17.456867 0.000000 -0.000000 -0.000002 
-21.349796 52.668308 -52.090973 3.613809 -10.606463 67.011612 1.745784 1.055082 8.413790 0.310205 -0.756994 1.058842 -2.838745 -4.076440 20.086044 0.974140 1.172771 24.096506 -1.298543 -0.329934 -3.827344 -8.001408 -3.869480 9.970615 0.000077 -0.000023 0.000004 0.177212 0.195483 -0.181748 0.915912 -3.388540 -10.111956 -0.568585 3.797031 -9.981886 13.547372 -4.019279 3.774029 -40.833576 -46.528839 -2.748171 4.720829 -50.594643 -1.118237 52.571648 -19.855064 -1.911467 -5.882100 9.861278 0.702590 -10.936859 -0.360574 7.156198 0.000001 8.774812 -0.000000 -14.859905 17.081970 6.110568 -1.844033 2.498502 -2.507276 -10.163590 4.678940 4.621104 -20.975996 -0.000004 0.000001 -21.226255 2.451692 -3.593993 0.000000 -0.000006 -0.000000 -1.362680 2.240797 -0.746323 -21.334892 0.584908 3.008321 -13.821197 -0.000002 0.000002 -23.887131 -0.249079 -0.839481 -58.623672 1.297583 -1.094344 -0.294023 1.679686 0.833256 -14.218192 0.093214 1.300578 -34.212006 -0.287563 0.967169 -20.033176 0.964534 1.212842 -0.000001 0.000001 -0.000000 -3.440385 0.788233 0.501656 -15.928167 -3.167306 2.999704 -6.338817 -0.000002 0.000001 -18.123413 3.648175 -4.905661 -0.000004 -0.000000 -0.000002 -19.070011 -8.807276 4.112442 -47.945724 70.550980 -74.176064 0.820349 27.199673 0.757900 -65.913864 12.460764 -0.247678 2.243540 -5.255032 -3.180156 14.282878 -0.826594 6.952495 -0.000001 -12.690588 -0.000000 14.680791 -17.865801 3.193316 1.665665 -1.955920 -2.878297 4.727794 -4.170582 4.993918 11.020513 0.000003 -0.000001 12.109034 -3.735709 -2.866779 0.000000 -0.000000 0.000000 1.291984 -1.928547 -1.498088 14.800117 0.567468 3.865603 14.242554 -1.341734 -6.660648 19.631941 0.143925 -0.648244 50.074219 -0.081930 -5.646001 0.353029 -1.511150 -0.031940 20.222771 3.684305 2.316627 18.787245 0.000005 -0.000001 10.751613 -0.479867 1.397903 0.000001 -0.000001 -0.000000 3.273805 0.305947 -0.580110 21.486795 11.830361 2.266130 8.162917 0.000001 0.000000 18.399054 -3.798977 -4.940568 0.000003 -0.000001 -0.000001 -0.325964 22.630877 -71.230820 -1.929845 -2.549873 111.781387 -8.976841 -10.307888 -23.942907 1.823653 -1.877003 -10.206551 0.000000 0.000000 0.000003 -15.086738 -26.930998 -50.497028 2.951423 6.160737 90.544846 10.811489 17.606863 -33.192066 -1.371379 0.626402 -17.301521 0.000000 0.000000 -0.000001 
-21.339460 52.142120 -55.165527 4.481528 -10.655650 66.183540 1.654017 1.128635 8.850258 0.261496 -0.820302 1.421778 -3.147919 -4.231567 20.491989 1.381388 1.033471 22.991573 -1.451971 -0.531186 -3.855340 -8.046017 -3.959815 10.120802 0.000077 -0.000022 0.000005 0.197461 0.207608 -0.204975 0.947634 -3.345351 -10.069823 -0.559911 3.781473 -9.965709 13.775442 -4.406191 3.136754 -41.041168 -47.774433 -4.732019 5.008207 -52.023197 -1.786312 52.985577 -21.004257 -0.850212 -5.882102 9.861278 0.702590 -10.936858 -0.360575 7.156196 0.000002 8.774812 -0.000001 -15.054729 17.226221 5.843861 -1.844032 2.498503 -2.507275 -10.163591 4.678942 4.621104 -20.975998 -0.000003 0.000001 -21.226250 2.451693 -3.593994 0.000000 -0.000006 -0.000000 -1.362682 2.240795 -0.746322 -21.334892 0.584910 3.008319 -13.821197 -0.000001 0.000002 -23.887133 -0.249078 -0.839483 -58.502331 1.581834 -1.277216 -0.294027 1.679686 0.833255 -14.218194 0.093215 1.300578 -34.212002 -0.287562 0.967168 -20.033178 0.964535 1.212841 -0.000001 0.000000 -0.000000 -3.440386 0.788233 0.501655 -15.928165 -3.167305 2.999703 -6.338818 0.000001 0.000000 -18.123415 3.648176 -4.905662 -0.000004 0.000001 -0.000002 -18.824417 -9.120325 3.736865 -51.143372 68.402847 -78.303619 0.768594 25.897856 0.608495 -64.417236 12.141252 -0.108776 2.243541 -5.255033 -3.180155 14.282878 -0.826594 6.952496 0.000001 -12.690590 -0.000001 14.704976 -17.880802 3.293114 1.665665 -1.955920 -2.878297 4.727796 -4.170583 4.993918 11.020512 0.000003 -0.000002 12.109033 -3.735709 -2.866780 0.000001 -0.000000 -0.000000 1.291985 -1.928548 -1.498089 14.800113 0.567467 3.865602 14.242554 -1.341735 -6.660648 19.631939 0.143926 -0.648245 50.274281 -0.224936 -5.425478 0.353028 -1.511149 -0.031940 20.222773 3.684305 2.316627 18.787249 0.000004 -0.000002 10.751610 -0.479868 1.397903 0.000001 -0.000000 -0.000000 3.273805 0.305946 -0.580110 21.486794 11.830362 2.266129 8.162917 0.000002 -0.000000 18.399052 -3.798977 -4.940568 0.000003 -0.000001 -0.000001 1.119663 21.530884 -76.666016 -1.588755 -1.726140 117.859879 -8.132753 -10.322469 -24.096935 1.751583 -1.852652 -10.199155 -0.000000 -0.000000 0.000002 -16.892437 -28.195770 -52.815891 2.915282 5.432753 95.739723 11.176785 17.115898 -34.486511 -1.388731 0.637909 -17.123251 0.000000 0.000000 -0.000001 
-21.149155 51.314472 -58.352619 5.138331 -10.685566 65.107841 1.654567 1.285251 9.268709 0.242651 -0.796312 1.767814 -3.385229 -4.214206 20.786070 1.536772 1.134762 21.640833 -1.491529 -0.971709 -3.843372 -8.232471 -4.061902 10.194028 0.000077 -0.000022 0.000004 0.203871 0.208723 -0.206010 0.994434 -3.325745 -10.093543 -0.595632 3.773154 -10.022603 14.041818 -4.637142 2.567552 -41.684555 -49.394825 -6.157326 5.064568 -53.343513 -2.274371 53.770130 -22.497978 0.104470 -5.882102 9.861278 0.702590 -10.936858 -0.360574 7.156196 0.000001 8.774812 -0.000001 -15.256982 17.331215 5.587011 -1.844031 2.498501 -2.507276 -10.163591 4.678941 4.621103 -20.975998 -0.000003 0.000002 -21.226255 2.451692 -3.593994 0.000000 -0.000006 -0.000000 -1.362680 2.240796 -0.746322 -21.334892 0.584910 3.008320 -13.821198 -0.000003 0.000002 -23.887133 -0.249079 -0.839482 -58.438084 1.811020 -1.464988 -0.294023 1.679686 0.833256 -14.218195 0.093215 1.300579 -34.212006 -0.287564 0.967168 -20.033180 0.964535 1.212841 0.000000 0.000001 0.000000 -3.440385 0.788232 0.501655 -15.928165 -3.167306 2.999703 -6.338819 -0.000001 0.000000 -18.123415 3.648175 -4.905661 -0.000004 0.000001 -0.000001 -18.788666 -8.928505 3.460773 -52.366787 66.039581 -81.140221 0.850662 24.342335 0.513900 -62.768696 12.276106 -0.310777 2.243540 -5.255033 -3.180156 14.282879 -0.826595 6.952497 -0.000001 -12.690591 0.000001 14.816074 -17.899857 3.324856 1.665665 -1.955920 -2.878297 4.727794 -4.170583 4.993919 11.020514 0.000002 -0.000001 12.109035 -3.735710 -2.866780 -0.000001 0.000000 0.000000 1.291985 -1.928548 -1.498088 14.800114 0.567466 3.865604 14.242556 -1.341735 -6.660648 19.631941 0.143924 -0.648244 50.477901 -0.308696 -5.195124 0.353029 -1.511149 -0.031940 20.222773 3.684304 2.316628 18.787249 0.000003 -0.000000 10.751609 -0.479868 1.397904 0.000000 -0.000000 -0.000000 3.273804 0.305947 -0.580110 21.486797 11.830362 2.266129 8.162917 0.000001 -0.000000 18.399055 -3.798980 -4.940568 0.000001 -0.000002 0.000000 2.567645 20.645493 -81.674728 -1.180616 -1.041896 123.894676 -7.332214 -9.877966 -24.067036 1.687163 -1.850458 -10.329507 -0.000000 -0.000001 0.000003 -19.261509 -29.437025 -54.683514 2.824761 4.985393 101.070038 11.637300 17.979219 -35.624165 -1.399372 0.660930 -17.095980 0.000000 0.000000 -0.000003 
-20.714788 50.082661 -61.676414 5.606524 -10.672162 63.614971 1.696149 1.548718 9.639099 0.254758 -0.637559 2.016319 -3.435882 -3.998977 21.071970 1.375522 1.218124 20.571058 -1.450000 -1.440331 -3.886273 -8.425180 -4.213366 10.189240 0.000077 -0.000023 0.000005 0.181867 0.195270 -0.199231 1.035018 -3.338637 -10.159628 -0.682365 3.768372 -10.123119 14.392244 -4.556330 1.922231 -43.035408 -51.341572 -6.441374 4.529107 -54.169033 -2.175745 54.960457 -24.067734 0.717968 -5.882103 9.861278 0.702588 -10.936860 -0.360575 7.156196 -0.000001 8.774812 -0.000002 -15.556815 17.377705 5.339016 -1.844030 2.498502 -2.507276 -10.163589 4.678939 4.621105 -20.975992 -0.000004 0.000001 -21.226255 2.451692 -3.593994 0.000000 -0.000004 -0.000000 -1.362681 2.240797 -0.746323 -21.334892 0.584909 3.008319 -13.821197 -0.000003 0.000001 -23.887131 -0.249079 -0.839482 -58.533924 1.938279 -1.605669 -0.294026 1.679685 0.833254 -14.218194 0.093214 1.300578 -34.212002 -0.287563 0.967167 -20.033180 0.964535 1.212841 -0.000000 0.000000 -0.000000 -3.440386 0.788233 0.501655 -15.928167 -3.167307 2.999703 -6.338815 -0.000001 0.000001 -18.123415 3.648175 -4.905662 -0.000004 0.000001 -0.000002 -19.159502 -8.226647 3.195463 -51.655552 63.889313 -83.124817 0.934690 22.524212 0.416950 -61.427986 13.090615 -0.888347 2.243539 -5.255032 -3.180156 14.282877 -0.826594 6.952495 -0.000003 -12.690590 0.000001 15.074038 -17.931093 3.328941 1.665665 -1.955919 -2.878296 4.727794 -4.170584 4.993918 11.020510 0.000002 -0.000001 12.109033 -3.735710 -2.866779 -0.000001 0.000000 0.000000 1.291984 -1.928547 -1.498088 14.800113 0.567467 3.865603 14.242553 -1.341735 -6.660648 19.631937 0.143925 -0.648243 50.741489 -0.317877 -5.067620 0.353028 -1.511149 -0.031940 20.222773 3.684305 2.316627 18.787245 0.000004 -0.000001 10.751610 -0.479868 1.397903 -0.000001 0.000000 0.000000 3.273804 0.305947 -0.580110 21.486794 11.830361 2.266130 8.162919 0.000001 0.000000 18.399055 -3.798980 -4.940568 0.000002 -0.000001 -0.000001 4.237704 19.753977 -85.381264 -0.781516 -0.506721 129.466324 -6.851892 -9.449368 -24.055130 1.601236 -1.839370 -10.601024 -0.000000 -0.000000 0.000002 -22.317106 -30.406471 -55.538006 2.724593 4.878274 106.259102 12.103429 20.727440 -36.854176 -1.436691 0.654271 -17.215504 -0.000000 0.000000 -0.000000 
-20.098488 48.476608 -64.961891 5.913859 -10.601535 61.785213 1.822280 1.881656 9.927434 0.229423 -0.322003 2.114625 -3.290032 -3.603768 21.295731 0.847370 1.236865 20.278929 -1.419212 -1.763848 -3.936291 -8.356273 -4.433078 10.151411 0.000077 -0.000023 0.000004 0.116947 0.166271 -0.207007 1.028041 -3.385468 -10.281181 -0.808197 3.770196 -10.252397 14.941636 -3.888767 1.240455 -45.220249 -53.706821 -5.119743 3.616056 -54.081196 -1.596670 55.792950 -24.899969 1.081479 -5.882102 9.861278 0.702590 -10.936858 -0.360573 7.156197 -0.000002 8.774815 -0.000000 -15.856693 17.478781 5.258296 -1.844033 2.498503 -2.507274 -10.163589 4.678942 4.621105 -20.975996 -0.000002 0.000001 -21.226255 2.451692 -3.593996 0.000000 -0.000005 -0.000000 -1.362681 2.240797 -0.746321 -21.334887 0.584911 3.008319 -13.821197 -0.000002 0.000002 -23.887129 -0.249078 -0.839483 -58.646671 1.908306 -1.680174 -0.294026 1.679686 0.833254 -14.218195 0.093216 1.300579 -34.212009 -0.287560 0.967165 -20.033180 0.964535 1.212839 0.000000 0.000001 0.000000 -3.440387 0.788233 0.501656 -15.928171 -3.167305 2.999703 -6.338814 -0.000000 0.000002 -18.123413 3.648178 -4.905662 -0.000004 -0.000000 -0.000001 -19.993065 -7.129338 3.051808 -49.324657 62.065693 -84.224274 0.976465 20.880617 0.277352 -60.354424 14.310605 -1.314937 2.243540 -5.255033 -3.180156 14.282877 -0.826593 6.952495 -0.000003 -12.690590 -0.000001 15.227332 -17.818592 3.359918 1.665665 -1.955920 -2.878297 4.727795 -4.170583 4.993917 11.020513 0.000003 -0.000002 12.109035 -3.735709 -2.866780 0.000000 -0.000000 0.000000 1.291985 -1.928548 -1.498088 14.800113 0.567468 3.865602 14.242554 -1.341735 -6.660649 19.631941 0.143927 -0.648244 50.636982 -0.205901 -5.051025 0.353028 -1.511150 -0.031940 20.222771 3.684306 2.316627 18.787247 0.000005 -0.000002 10.751612 -0.479867 1.397903 -0.000001 0.000001 0.000001 3.273804 0.305947 -0.580110 21.486792 11.830363 2.266132 8.162915 0.000001 0.000000 18.399054 -3.798978 -4.940567 0.000003 -0.000001 -0.000001 6.452640 18.997471 -87.568047 -0.440783 -0.052151 134.390686 -6.803156 -9.526487 -24.271456 1.536449 -1.817087 -10.658040 0.000001 -0.000001 0.000003 -25.846579 -30.852503 -55.291641 2.727113 5.010107 111.157341 12.336117 24.321297 -38.736973 -1.476301 0.628503 -17.135529 -0.000000 0.000000 -0.000001 
-19.444790 46.730560 -68.211990 6.248776 -10.364919 59.577293 1.925161 2.192708 10.121749 0.262327 0.054849 2.089531 -2.979362 -3.157321 21.469414 0.071098 1.162117 20.897182 -1.523464 -1.777041 -3.984562 -7.855874 -4.545300 10.518204 0.000077 -0.000022 0.000007 0.041595 0.146177 -0.199783 0.991375 -3.441813 -10.443626 -0.922182 3.792663 -10.400090 15.585425 -2.738601 0.792258 -47.846031 -56.381035 -2.750114 2.538199 -52.454903 -0.765543 55.032543 -24.268032 1.326821 -5.882102 9.861278 0.702590 -10.936856 -0.360576 7.156196 -0.000000 8.774813 -0.000002 -16.106380 17.493599 5.268029 -1.844031 2.498503 -2.507275 -10.163589 4.678939 4.621104 -20.975996 -0.000005 0.000003 -21.226250 2.451692 -3.593992 -0.000000 -0.000004 -0.000001 -1.362680 2.240796 -0.746323 -21.334892 0.584908 3.008321 -13.821197 -0.000002 0.000003 -23.887129 -0.249079 -0.839480 -58.742443 1.692226 -1.609702 -0.294026 1.679686 0.833255 -14.218190 0.093214 1.300580 -34.211998 -0.287564 0.967171 -20.033180 0.964534 1.212842 -0.000000 0.000001 -0.000000 -3.440384 0.788232 0.501654 -15.928164 -3.167307 2.999705 -6.338817 -0.000002 0.000001 -18.123415 3.648175 -4.905660 -0.000005 -0.000000 -0.000001 -21.244917 -5.739377 3.099721 -44.734303 60.769104 -82.826752 0.796736 20.857117 0.121033 -59.186810 15.274682 -0.323609 2.243540 -5.255033 -3.180154 14.282877 -0.826591 6.952495 -0.000002 -12.690592 -0.000001 15.130760 -17.631569 3.446559 1.665665 -1.955920 -2.878295 4.727794 -4.170583 4.993918 11.020513 0.000004 -0.000001 12.109034 -3.735709 -2.866780 0.000001 -0.000000 0.000001 1.291985 -1.928548 -1.498087 14.800114 0.567469 3.865603 14.242553 -1.341734 -6.660648 19.631937 0.143926 -0.648241 50.073765 -0.027354 -5.118039 0.353029 -1.511149 -0.031940 20.222771 3.684308 2.316628 18.787247 0.000005 0.000000 10.751614 -0.479867 1.397904 -0.000003 0.000000 0.000000 3.273804 0.305947 -0.580111 21.486795 11.830364 2.266132 8.162919 0.000002 -0.000001 18.399059 -3.798977 -4.940567 0.000003 -0.000001 -0.000001 9.069328 18.327957 -88.175072 -0.240368 0.278158 138.313980 -6.833405 -10.305161 -24.590601 1.467372 -1.786088 -10.970806 0.000000 -0.000001 0.000003 -29.669592 -30.532959 -53.835567 2.882111 4.981777 115.388115 12.148272 27.510815 -41.124306 -1.564947 0.637020 -16.763014 0.000000 0.000000 0.000000 
-18.853024 45.411869 -71.576103 7.065033 -9.705451 56.688496 1.990587 2.231703 10.300606 0.251538 0.371105 2.051121 -2.837889 -3.049835 22.008982 -0.384523 1.279285 21.926157 -1.603752 -1.679582 -4.092999 -7.103379 -4.356262 11.252602 0.000077 -0.000023 0.000005 -0.030108 0.140740 -0.204367 0.964014 -3.481374 -10.538260 -1.034601 3.822713 -10.525626 16.253592 -2.000041 0.494995 -49.137897 -58.916729 -1.387580 1.461738 -49.157650 0.101384 52.721657 -21.674492 1.513232 -5.882099 9.861278 0.702590 -10.936858 -0.360575 7.156197 0.000001 8.774813 0.000000 -16.285374 17.505985 5.129498 -1.844032 2.498501 -2.507277 -10.163589 4.678939 4.621104 -20.975998 -0.000004 0.000003 -21.226254 2.451693 -3.593993 0.000000 -0.000005 0.000000 -1.362680 2.240797 -0.746323 -21.334892 0.584907 3.008319 -13.821197 -0.000002 0.000001 -23.887129 -0.249079 -0.839481 -58.467667 1.440779 -1.700887 -0.294027 1.679686 0.833255 -14.218192 0.093214 1.300579 -34.212002 -0.287566 0.967168 -20.033178 0.964534 1.212841 0.000000 0.000002 0.000000 -3.440386 0.788232 0.501655 -15.928169 -3.167306 2.999703 -6.338817 -0.000002 0.000001 -18.123411 3.648176 -4.905662 -0.000004 0.000001 -0.000002 -22.383413 -3.936838 3.293672 -35.355911 59.891003 -76.956253 0.482548 25.094032 0.101233 -57.434608 16.534418 3.882273 2.243540 -5.255032 -3.180154 14.282877 -0.826592 6.952494 -0.000003 -12.690590 0.000000 14.721343 -17.580631 3.479247 1.665665 -1.955919 -2.878297 4.727792 -4.170582 4.993918 11.020513 0.000004 -0.000001 12.109032 -3.735708 -2.866779 -0.000000 0.000000 -0.000000 1.291984 -1.928548 -1.498089 14.800111 0.567469 3.865604 14.242556 -1.341733 -6.660648 19.631939 0.143928 -0.648243 49.323006 0.123999 -5.138039 0.353029 -1.511149 -0.031940 20.222769 3.684307 2.316628 18.787245 0.000006 -0.000000 10.751609 -0.479867 1.397904 0.000000 0.000000 0.000000 3.273804 0.305947 -0.580111 21.486792 11.830364 2.266129 8.162914 0.000002 0.000000 18.399052 -3.798978 -4.940566 0.000003 -0.000000 -0.000001 11.545074 17.243994 -87.503601 -0.194094 0.352184 140.872650 -6.308195 -11.970428 -25.275255 1.329834 -1.746094 -12.202381 -0.000000 -0.000000 0.000002 -33.113533 -29.501867 -51.464615 2.916399 4.845369 118.790672 11.940208 29.710974 -43.310673 -1.681471 0.660697 -17.280478 -0.000000 -0.000000 -0.000003 
-18.551489 44.795654 -75.088326 8.312557 -8.422089 53.653645 1.904533 1.974920 10.511619 0.235726 0.381745 2.087054 -3.185096 -3.433840 22.947834 0.214483 1.591512 22.231222 -1.707530 -1.676993 -4.151008 -6.423552 -3.957966 12.029037 0.000077 -0.000022 0.000007 -0.069414 0.143105 -0.216008 0.946093 -3.482526 -10.553310 -1.097145 3.818852 -10.552702 16.836109 -2.330653 0.269658 -47.376179 -60.228989 -3.377544 0.730078 -46.294624 0.664320 49.888958 -18.758940 1.726993 -5.882102 9.861279 0.702589 -10.936859 -0.360573 7.156197 -0.000002 8.774813 -0.000001 -16.263845 17.484056 4.967042 -1.844030 2.498503 -2.507274 -10.163591 4.678941 4.621103 -20.975998 -0.000000 0.000003 -21.226255 2.451697 -3.593994 0.000000 -0.000006 -0.000000 -1.362680 2.240797 -0.746323 -21.334890 0.584912 3.008320 -13.821197 -0.000000 0.000002 -23.887133 -0.249075 -0.839483 -57.927021 1.396586 -1.871094 -0.294025 1.679687 0.833255 -14.218195 0.093216 1.300580 -34.212002 -0.287557 0.967170 -20.033180 0.964538 1.212840 0.000000 0.000001 -0.000000 -3.440385 0.788233 0.501656 -15.928167 -3.167305 2.999705 -6.338817 -0.000000 0.000002 -18.123415 3.648179 -4.905662 -0.000004 -0.000001 -0.000002 -22.249739 -2.336986 3.675318 -22.067057 58.869724 -68.144356 0.616953 34.449474 0.501834 -55.419483 18.697193 10.877291 2.243540 -5.255032 -3.180155 14.282877 -0.826594 6.952496 -0.000002 -12.690588 0.000001 14.278179 -17.658564 3.516984 1.665665 -1.955920 -2.878297 4.727793 -4.170583 4.993918 11.020513 0.000003 -0.000002 12.109033 -3.735709 -2.866779 0.000001 -0.000000 -0.000000 1.291984 -1.928548 -1.498088 14.800113 0.567468 3.865602 14.242554 -1.341734 -6.660649 19.631939 0.143926 -0.648244 48.794361 0.105164 -5.103587 0.353029 -1.511149 -0.031940 20.222769 3.684306 2.316627 18.787245 0.000005 -0.000001 10.751609 -0.479866 1.397904 -0.000002 0.000000 0.000000 3.273804 0.305947 -0.580110 21.486790 11.830361 2.266130 8.162915 0.000001 -0.000001 18.399050 -3.798980 -4.940569 0.000001 -0.000001 -0.000000 13.764011 16.037655 -86.825409 -0.158513 0.396356 142.479141 -4.764903 -14.414789 -26.438227 1.243861 -1.687336 -13.355743 0.000000 0.000000 0.000003 -34.890224 -28.504421 -49.417442 2.777546 4.706639 121.837479 11.782315 30.982658 -44.643543 -1.751470 0.687030 -18.565588 0.000000 0.000000 -0.000004 
-18.633175 44.642426 -78.590195 9.297569 -6.523969 50.943775 1.647188 1.690608 10.891212 0.170250 0.064296 2.267054 -3.770741 -4.006244 24.103018 1.828211 1.797268 21.649433 -1.929778 -1.648039 -4.095386 -5.795232 -3.427103 12.571343 0.000077 -0.000023 0.000005 -0.056973 0.143683 -0.222668 0.967583 -3.434002 -10.462069 -1.093031 3.758776 -10.481335 17.108253 -3.576401 0.200144 -42.184494 -59.725220 -8.881294 0.365159 -45.853039 0.817976 47.142658 -17.326427 2.858030 -5.882102 9.861279 0.702589 -10.936859 -0.360574 7.156196 -0.000003 8.774813 -0.000002 -16.132545 17.570686 4.920731 -1.844029 2.498502 -2.507276 -10.163589 4.678941 4.621104 -20.975998 -0.000002 0.000003 -21.226255 2.451695 -3.593995 -0.000000 -0.000005 0.000000 -1.362679 2.240795 -0.746324 -21.334887 0.584910 3.008320 -13.821195 -0.000001 0.000002 -23.887131 -0.249076 -0.839482 -57.599377 1.549889 -2.033910 -0.294025 1.679686 0.833255 -14.218190 0.093216 1.300578 -34.212002 -0.287560 0.967167 -20.033176 0.964536 1.212840 0.000000 -0.000000 -0.000000 -3.440386 0.788233 0.501656 -15.928167 -3.167306 2.999703 -6.338815 -0.000001 0.000001 -18.123413 3.648178 -4.905662 -0.000004 -0.000000 -0.000001 -20.274178 -1.650469 4.668992 -6.301092 57.395374 -57.785637 2.188044 48.144161 2.023440 -53.163017 21.163002 20.181385 2.243540 -5.255032 -3.180155 14.282877 -0.826594 6.952497 -0.000002 -12.690590 0.000000 14.238155 -17.892191 3.540322 1.665665 -1.955920 -2.878297 4.727794 -4.170583 4.993918 11.020513 0.000003 -0.000000 12.109034 -3.735709 -2.866779 0.000001 -0.000000 0.000000 1.291985 -1.928548 -1.498088 14.800114 0.567468 3.865605 14.242554 -1.341734 -6.660649 19.631937 0.143925 -0.648243 49.056095 -0.011009 -5.074789 0.353029 -1.511149 -0.031941 20.222771 3.684305 2.316628 18.787247 0.000004 -0.000000 10.751613 -0.479868 1.397904 -0.000001 -0.000000 0.000000 3.273805 0.305947 -0.580111 21.486794 11.830361 2.266131 8.162916 0.000001 0.000001 18.399052 -3.798979 -4.940566 0.000002 -0.000000 -0.000000 15.996964 15.124140 -86.826874 -0.121621 0.444586 143.862305 -2.644402 -16.399422 -28.103380 1.229977 -1.649009 -13.559685 -0.000000 -0.000000 0.000003 -34.535648 -27.614040 -48.290741 2.597430 4.518340 124.658035 11.784486 31.549707 -45.656796 -1.755283 0.725925 -20.233057 0.000000 0.000000 -0.000004 
-19.068163 44.741577 -81.938721 9.459418 -4.362000 48.561462 1.297992 1.583667 11.479486 -0.001439 -0.372934 2.527853 -4.308481 -4.518188 25.495678 3.798861 1.908070 20.572535 -2.204679 -1.446336 -3.922350 -4.864774 -2.669236 12.940494 0.000077 -0.000022 0.000005 -0.052819 0.112276 -0.221384 0.954860 -3.395458 -10.337139 -1.071754 3.648071 -10.357226 17.077745 -5.341910 0.281634 -34.668663 -57.333042 -16.132952 0.058834 -47.944229 0.926244 44.507915 -16.705027 5.370712 -5.882100 9.861279 0.702589 -10.936858 -0.360576 7.156197 -0.000000 8.774815 -0.000001 -16.190651 17.739767 4.940629 -1.844031 2.498502 -2.507277 -10.163589 4.678940 4.621103 -20.975996 -0.000006 0.000002 -21.226255 2.451691 -3.593995 0.000000 -0.000005 -0.000001 -1.362680 2.240796 -0.746325 -21.334894 0.584908 3.008320 -13.821197 -0.000004 0.000002 -23.887131 -0.249079 -0.839481 -57.696754 1.749282 -2.244566 -0.294026 1.679686 0.833255 -14.218192 0.093214 1.300579 -34.212006 -0.287565 0.967168 -20.033186 0.964535 1.212842 -0.000001 0.000000 -0.000000 -3.440387 0.788233 0.501656 -15.928167 -3.167308 2.999701 -6.338817 -0.000002 0.000000 -18.123415 3.648175 -4.905662 -0.000004 0.000000 -0.000002 -17.225473 -1.416118 6.184112 11.909967 54.918606 -45.655052 7.120861 63.212559 6.309803 -50.631145 23.383551 30.708549 2.243540 -5.255032 -3.180154 14.282878 -0.826594 6.952496 -0.000003 -12.690590 0.000002 14.596381 -18.072664 3.375709 1.665665 -1.955920 -2.878296 4.727794 -4.170583 4.993920 11.020512 0.000003 -0.000001 12.109031 -3.735709 -2.866778 0.000002 -0.000000 -0.000000 1.291985 -1.928547 -1.498088 14.800114 0.567468 3.865603 14.242554 -1.341733 -6.660648 19.631941 0.143926 -0.648242 49.603817 -0.125709 -5.127171 0.353029 -1.511149 -0.031940 20.222773 3.684306 2.316628 18.787249 0.000004 0.000000 10.751615 -0.479868 1.397904 -0.000001 -0.000000 0.000000 3.273804 0.305947 -0.580110 21.486795 11.830364 2.266131 8.162916 0.000000 -0.000000 18.399055 -3.798980 -4.940568 0.000003 -0.000000 -0.000000 18.526758 14.607414 -87.123802 -0.154106 0.393842 144.835648 -0.625099 -17.898909 -29.763634 1.250029 -1.566251 -13.942415 -0.000000 -0.000001 0.000003 -32.536514 -26.476458 -47.920471 2.344201 4.231729 127.183884 11.856048 31.844156 -46.477074 -1.752961 0.754607 -21.977934 0.000000 0.000000 -0.000003 
-19.885960 44.965778 -85.379074 9.017102 -2.081950 46.114361 0.862953 1.550838 12.284365 -0.270373 -0.842572 2.901343 -4.799720 -4.942097 27.039972 5.541612 2.095823 19.254099 -2.154719 -0.961744 -3.670873 -3.896700 -1.700689 13.175036 0.000077 -0.000023 0.000005 -0.070706 0.078417 -0.187877 0.899969 -3.381600 -10.226337 -1.050657 3.557170 -10.254353 16.833914 -7.727756 0.663627 -25.443542 -53.201519 -23.950792 -0.111440 -51.011379 0.905676 41.538601 -16.137577 8.817832 -5.882102 9.861278 0.702588 -10.936858 -0.360577 7.156196 -0.000002 8.774812 -0.000002 -16.433531 17.780874 4.900141 -1.844029 2.498503 -2.507277 -10.163586 4.678938 4.621104 -20.975992 -0.000005 0.000003 -21.226248 2.451693 -3.593993 0.000000 -0.000005 0.000000 -1.362681 2.240797 -0.746324 -21.334892 0.584907 3.008321 -13.821195 -0.000003 0.000003 -23.887125 -0.249078 -0.839480 -57.878235 1.818089 -2.499585 -0.294025 1.679686 0.833255 -14.218189 0.093213 1.300579 -34.211998 -0.287566 0.967172 -20.033175 0.964535 1.212843 0.000000 0.000001 0.000000 -3.440385 0.788232 0.501655 -15.928163 -3.167306 2.999704 -6.338816 -0.000001 0.000002 -18.123411 3.648173 -4.905661 -0.000005 0.000000 -0.000002 -13.659447 -1.072622 8.019760 30.082443 51.355358 -32.169350 17.043308 74.540497 15.471402 -49.264977 25.363111 38.232506 2.243540 -5.255032 -3.180155 14.282875 -0.826593 6.952496 -0.000003 -12.690588 0.000000 14.807453 -18.149704 3.133238 1.665665 -1.955920 -2.878296 4.727793 -4.170582 4.993918 11.020513 0.000004 -0.000001 12.109035 -3.735708 -2.866779 0.000002 -0.000000 0.000000 1.291984 -1.928547 -1.498088 14.800114 0.567468 3.865603 14.242551 -1.341734 -6.660649 19.631937 0.143927 -0.648243 49.859337 -0.194784 -5.232260 0.353028 -1.511149 -0.031940 20.222769 3.684307 2.316628 18.787245 0.000005 -0.000000 10.751609 -0.479867 1.397905 -0.000002 -0.000000 0.000000 3.273804 0.305947 -0.580110 21.486794 11.830363 2.266131 8.162918 0.000001 0.000000 18.399048 -3.798977 -4.940565 0.000002 0.000000 -0.000001 21.439508 14.206367 -87.527908 -0.305325 0.213016 145.406860 0.998107 -18.980087 -31.222988 1.333685 -1.482368 -14.976259 0.000000 0.000000 0.000003 -29.916237 -25.171452 -47.707207 2.119327 3.910948 129.614441 12.147987 32.054909 -46.822201 -1.752014 0.780963 -23.555422 0.000000 0.000000 -0.000002 
-20.893276 45.230652 -89.028824 8.480636 0.364081 43.430222 0.321762 1.497934 13.151435 -0.636288 -1.359993 3.360966 -5.307621 -5.397338 28.635044 6.955730 2.348296 17.620249 -1.745955 -0.189032 -3.391117 -3.115374 -0.546488 13.425854 0.000077 -0.000022 0.000006 -0.077642 0.061625 -0.174788 0.862504 -3.361017 -10.145577 -1.029033 3.497151 -10.193207 16.295925 -10.971650 1.225913 -15.809348 -47.024509 -30.715448 -0.185153 -53.779232 1.008039 37.899551 -15.267022 12.506709 -5.882102 9.861278 0.702590 -10.936859 -0.360573 7.156198 -0.000001 8.774813 -0.000000 -16.552017 17.650501 4.884828 -1.844031 2.498502 -2.507276 -10.163590 4.678940 4.621104 -20.976000 -0.000003 0.000001 -21.226255 2.451693 -3.593995 0.000000 -0.000005 -0.000000 -1.362680 2.240797 -0.746322 -21.334892 0.584910 3.008319 -13.821198 -0.000001 0.000002 -23.887133 -0.249077 -0.839482 -58.078941 1.816003 -2.735061 -0.294025 1.679686 0.833254 -14.218197 0.093216 1.300578 -34.212006 -0.287562 0.967166 -20.033182 0.964535 1.212840 0.000000 0.000000 0.000000 -3.440387 0.788232 0.501655 -15.928171 -3.167304 2.999704 -6.338815 -0.000001 0.000001 -18.123415 3.648177 -4.905663 -0.000003 0.000001 -0.000002 -9.892477 -0.585763 9.900603 46.340992 46.741432 -18.773195 27.605219 80.018417 26.091013 -50.166431 26.979177 40.966576 2.243539 -5.255032 -3.180156 14.282878 -0.826592 6.952497 -0.000003 -12.690588 0.000000 14.669314 -18.336550 2.951738 1.665665 -1.955920 -2.878297 4.727794 -4.170582 4.993918 11.020514 0.000004 -0.000000 12.109035 -3.735708 -2.866779 0.000001 0.000000 0.000000 1.291984 -1.928547 -1.498088 14.800114 0.567469 3.865604 14.242554 -1.341733 -6.660647 19.631939 0.143926 -0.648241 49.656036 -0.276400 -5.429992 0.353029 -1.511149 -0.031940 20.222773 3.684307 2.316629 18.787249 0.000006 0.000001 10.751613 -0.479867 1.397905 0.000000 -0.000000 -0.000000 3.273804 0.305947 -0.580110 21.486797 11.830363 2.266132 8.162919 0.000003 -0.000000 18.399059 -3.798979 -4.940566 0.000002 -0.000001 -0.000001 24.510298 13.657342 -88.310005 -0.576636 -0.035918 145.482391 2.163082 -19.524454 -32.231842 1.504358 -1.454596 -15.627788 -0.000001 0.000000 0.000001 -27.508703 -23.963726 -47.274269 1.880765 3.467167 132.145309 12.553320 31.882195 -47.107544 -1.716351 0.765697 -24.698492 0.000001 0.000000 -0.000003 
-22.100452 45.351040 -92.834023 8.171197 2.831670 40.589832 -0.302076 1.446183 13.978788 -1.101273 -1.890188 3.813069 -5.849753 -5.927363 30.134464 8.154123 2.576145 15.661372 -1.175344 0.768293 -3.173149 -2.512322 0.672437 13.751386 0.000077 -0.000023 0.000006 -0.052137 0.066481 -0.182140 0.897428 -3.342401 -10.166597 -1.013015 3.482932 -10.201887 15.668656 -14.865798 1.908309 -7.096923 -39.549076 -35.180882 -0.421429 -55.025360 1.318847 33.832073 -14.276774 15.590236 -5.882100 9.861278 0.702590 -10.936859 -0.360575 7.156198 -0.000001 8.774813 -0.000002 -16.506119 17.468410 4.938549 -1.844032 2.498502 -2.507275 -10.163589 4.678940 4.621105 -20.975994 -0.000005 0.000003 -21.226255 2.451693 -3.593992 0.000000 -0.000006 -0.000000 -1.362680 2.240796 -0.746323 -21.334894 0.584907 3.008320 -13.821194 -0.000003 0.000003 -23.887131 -0.249079 -0.839480 -58.321323 1.844346 -2.832250 -0.294024 1.679686 0.833255 -14.218190 0.093213 1.300580 -34.212006 -0.287563 0.967172 -20.033178 0.964537 1.212843 -0.000000 -0.000000 -0.000000 -3.440386 0.788232 0.501655 -15.928165 -3.167307 2.999704 -6.338814 -0.000001 0.000002 -18.123413 3.648175 -4.905660 -0.000003 0.000001 -0.000002 -6.462916 -0.244116 11.517922 58.914902 42.013622 -7.579248 21.156929 79.737099 20.201487 -53.428097 27.739420 39.010189 2.243541 -5.255033 -3.180155 14.282875 -0.826594 6.952496 -0.000003 -12.690591 0.000001 14.290473 -18.472868 2.931767 1.665665 -1.955919 -2.878297 4.727794 -4.170584 4.993919 11.020512 0.000002 -0.000001 12.109031 -3.735712 -2.866780 0.000003 0.000000 -0.000001 1.291983 -1.928548 -1.498088 14.800114 0.567467 3.865604 14.242554 -1.341736 -6.660648 19.631941 0.143925 -0.648242 49.297127 -0.359486 -5.561305 0.353028 -1.511149 -0.031940 20.222769 3.684305 2.316628 18.787249 0.000003 -0.000000 10.751613 -0.479868 1.397904 0.000001 -0.000000 -0.000000 3.273802 0.305947 -0.580110 21.486792 11.830362 2.266131 8.162916 0.000001 -0.000000 18.399055 -3.798980 -4.940567 0.000003 0.000000 -0.000001 27.134184 13.046006 -89.649513 -0.974158 -0.202236 144.918594 2.952082 -19.440664 -32.477383 1.683069 -1.462934 -15.621755 0.000000 0.000000 0.000002 -25.760592 -23.008604 -46.635914 1.655332 3.005500 134.679977 12.982440 31.442787 -47.383671 -1.689458 0.744801 -25.682394 0.000000 -0.000000 -0.000003 
-23.346947 45.260632 -96.566887 8.025223 5.166822 37.505127 -0.870660 1.436713 14.730625 -1.652620 -2.331221 4.289935 -6.402292 -6.499182 31.475794 9.281919 2.604067 13.432832 -0.690823 1.756369 -3.062756 -2.133393 1.823711 14.148880 0.000077 -0.000022 0.000005 -0.015880 0.071374 -0.183168 0.989982 -3.343848 -10.215078 -1.035042 3.496703 -10.251828 14.940898 -19.034861 2.760706 0.300190 -32.080097 -37.286549 -0.898124 -54.364037 1.683231 29.253111 -13.487131 18.107859 -5.882102 9.861279 0.702589 -10.936858 -0.360575 7.156197 -0.000001 8.774813 -0.000002 -16.414623 17.299400 5.065200 -1.844031 2.498503 -2.507276 -10.163587 4.678939 4.621104 -20.975994 -0.000002 0.000003 -21.226248 2.451694 -3.593993 0.000000 -0.000006 -0.000000 -1.362682 2.240797 -0.746323 -21.334887 0.584908 3.008320 -13.821197 -0.000003 0.000002 -23.887131 -0.249077 -0.839481 -58.609688 1.937769 -2.792056 -0.294024 1.679687 0.833255 -14.218192 0.093214 1.300580 -34.212002 -0.287563 0.967170 -20.033180 0.964535 1.212842 0.000000 -0.000000 -0.000000 -3.440383 0.788232 0.501655 -15.928164 -3.167305 2.999704 -6.338816 -0.000001 0.000002 -18.123411 3.648179 -4.905662 -0.000004 0.000000 -0.000002 -3.868138 -0.116732 12.856932 67.726219 38.151855 0.766065 7.441656 74.635033 6.941168 -57.469749 27.259609 34.424835 2.243540 -5.255033 -3.180156 14.282875 -0.826595 6.952495 -0.000000 -12.690590 0.000000 13.802959 -18.407682 2.928979 1.665664 -1.955922 -2.878297 4.727794 -4.170583 4.993918 11.020512 0.000003 -0.000001 12.109031 -3.735710 -2.866778 0.000000 0.000000 -0.000001 1.291985 -1.928549 -1.498088 14.800107 0.567468 3.865604 14.242551 -1.341734 -6.660648 19.631939 0.143925 -0.648244 48.770237 -0.432256 -5.548115 0.353029 -1.511148 -0.031940 20.222769 3.684307 2.316629 18.787247 0.000004 -0.000000 10.751610 -0.479869 1.397905 0.000000 0.000000 0.000000 3.273802 0.305947 -0.580111 21.486795 11.830364 2.266132 8.162916 0.000001 -0.000000 18.399055 -3.798980 -4.940567 0.000003 0.000000 -0.000001 29.202335 12.459809 -91.138382 -1.288847 -0.211707 143.805222 3.452432 -18.953817 -32.084114 1.842913 -1.499542 -15.115054 0.000001 0.000000 -0.000002 -24.726830 -22.101917 -45.830345 1.476426 2.634662 137.256882 13.512494 30.996653 -47.363369 -1.676641 0.740874 -26.852598 0.000000 0.000000 -0.000003 
-24.314470 44.940212 -100.444290 7.907619 7.186761 34.062439 -1.326964 1.510461 15.429587 -2.189819 -2.694534 4.700920 -7.014349 -6.980880 32.717041 10.264041 2.442596 11.011261 -0.315109 2.743421 -3.033100 -1.884731 2.934900 14.725644 0.000077 -0.000023 0.000005 0.024531 0.077068 -0.179789 1.109859 -3.370945 -10.339844 -1.077307 3.540918 -10.356091 13.927898 -23.322767 3.827426 6.696943 -25.248869 -37.038658 -1.116360 -52.031738 1.634164 23.855659 -12.997898 20.300644 -5.882100 9.861279 0.702589 -10.936859 -0.360576 7.156197 -0.000001 8.774814 -0.000002 -16.328882 17.169172 5.233770 -1.844031 2.498503 -2.507276 -10.163591 4.678939 4.621103 -20.975998 -0.000004 0.000003 -21.226254 2.451693 -3.593992 0.000000 -0.000006 -0.000001 -1.362680 2.240797 -0.746322 -21.334887 0.584908 3.008322 -13.821197 -0.000003 0.000002 -23.887133 -0.249079 -0.839479 -58.917072 2.135638 -2.641602 -0.294024 1.679687 0.833255 -14.218194 0.093213 1.300579 -34.212002 -0.287564 0.967172 -20.033178 0.964535 1.212843 0.000000 0.000001 0.000000 -3.440385 0.788232 0.501655 -15.928169 -3.167306 2.999704 -6.338817 -0.000000 0.000001 -18.123411 3.648177 -4.905660 -0.000004 -0.000000 -0.000002 -2.212334 -0.037278 13.807536 73.350426 35.488377 7.245601 -0.164181 66.827705 -0.163100 -60.335674 25.514307 29.615337 2.243541 -5.255032 -3.180155 14.282877 -0.826596 6.952496 -0.000001 -12.690590 0.000002 13.301390 -18.201279 2.863646 1.665665 -1.955921 -2.878296 4.727792 -4.170586 4.993919 11.020511 0.000002 -0.000002 12.109030 -3.735711 -2.866779 -0.000001 0.000001 -0.000001 1.291986 -1.928548 -1.498088 14.800111 0.567466 3.865604 14.242553 -1.341736 -6.660649 19.631939 0.143925 -0.648244 48.131817 -0.525396 -5.557369 0.353030 -1.511150 -0.031940 20.222767 3.684304 2.316629 18.787247 0.000003 -0.000001 10.751610 -0.479870 1.397904 -0.000000 0.000000 0.000000 3.273807 0.305945 -0.580109 21.486790 11.830360 2.266131 8.162915 0.000001 -0.000000 18.399052 -3.798981 -4.940568 0.000003 0.000000 0.000000 30.541759 12.094335 -92.410873 -1.543090 -0.086426 142.395554 3.777342 -18.020662 -31.301147 1.992168 -1.550531 -14.478964 0.000000 -0.000000 0.000003 -24.360037 -21.020617 -44.925934 1.307689 2.262913 139.885376 14.204399 30.472784 -46.755203 -1.717340 0.752191 -28.389528 0.000000 -0.000001 -0.000003 
-25.338884 44.433731 -104.035820 7.765841 8.881488 30.237020 -1.684195 1.524859 16.036406 -2.694469 -2.954741 5.096919 -7.599277 -7.305691 33.824638 10.984243 2.188550 8.761158 0.074849 3.725321 -3.015007 -1.729395 3.994287 15.327680 0.000077 -0.000022 0.000006 0.081029 0.083538 -0.174944 1.234267 -3.407841 -10.454263 -1.088446 3.591591 -10.443654 12.793155 -27.365992 4.979686 12.160285 -19.697731 -34.750664 -0.806792 -48.220707 1.098548 17.883118 -12.910886 22.776590 -5.882101 9.861278 0.702590 -10.936858 -0.360574 7.156199 -0.000002 8.774813 -0.000001 -16.333744 17.233826 5.430714 -1.844029 2.498503 -2.507276 -10.163588 4.678939 4.621105 -20.975992 -0.000002 0.000003 -21.226248 2.451694 -3.593993 0.000000 -0.000006 -0.000000 -1.362681 2.240796 -0.746324 -21.334887 0.584909 3.008322 -13.821194 -0.000001 0.000002 -23.887123 -0.249076 -0.839482 -59.397343 2.326999 -2.520346 -0.294025 1.679687 0.833255 -14.218194 0.093216 1.300580 -34.211998 -0.287560 0.967170 -20.033176 0.964537 1.212842 0.000000 -0.000000 0.000000 -3.440385 0.788231 0.501656 -15.928169 -3.167306 2.999705 -6.338815 -0.000000 0.000002 -18.123411 3.648177 -4.905661 -0.000005 0.000001 -0.000002 -1.311730 0.013946 14.480784 76.174080 34.268501 12.701213 -2.966713 58.749802 -2.433104 -61.086136 23.712248 26.319986 2.243541 -5.255033 -3.180155 14.282875 -0.826594 6.952493 -0.000001 -12.690591 0.000001 13.081396 -18.019295 2.565426 1.665663 -1.955920 -2.878297 4.727794 -4.170584 4.993918 11.020510 0.000002 -0.000002 12.109033 -3.735708 -2.866781 -0.000000 0.000001 0.000001 1.291985 -1.928547 -1.498088 14.800109 0.567469 3.865602 14.242554 -1.341733 -6.660649 19.631939 0.143928 -0.648245 47.792500 -0.516996 -5.611765 0.353027 -1.511150 -0.031940 20.222769 3.684308 2.316627 18.787245 0.000005 -0.000002 10.751610 -0.479867 1.397902 -0.000000 0.000000 0.000002 3.273804 0.305947 -0.580112 21.486790 11.830366 2.266128 8.162916 0.000002 -0.000001 18.399048 -3.798978 -4.940569 0.000003 -0.000000 -0.000000 31.032444 12.074206 -93.614700 -1.706149 0.129616 140.962448 4.272898 -16.854298 -30.266541 2.079376 -1.548573 -13.445304 -0.000000 -0.000000 0.000002 -24.705591 -19.767239 -43.825577 1.218714 1.940126 142.493851 14.950981 30.367334 -45.344337 -1.824731 0.773830 -30.689909 0.000000 0.000000 -0.000003 
-26.223606 43.700771 -107.445587 7.541815 10.260107 26.088392 -2.010738 1.412492 16.495905 -3.062374 -3.124365 5.427944 -8.119576 -7.443209 34.821144 11.400451 1.904986 7.096963 0.457864 4.634944 -2.965794 -1.678275 4.892632 15.793575 0.000077 -0.000023 0.000006 0.126002 0.077794 -0.191108 1.331823 -3.450543 -10.525645 -1.095710 3.624149 -10.487223 11.873124 -30.531141 5.973058 16.297218 -16.063751 -31.575068 -0.238464 -43.463173 0.402225 12.104225 -12.942870 25.708105 -5.882101 9.861277 0.702590 -10.936858 -0.360574 7.156197 -0.000002 8.774812 -0.000001 -16.444355 17.427847 5.524899 -1.844031 2.498503 -2.507277 -10.163592 4.678941 4.621103 -20.975992 -0.000003 0.000002 -21.226250 2.451694 -3.593993 0.000000 -0.000006 -0.000000 -1.362683 2.240797 -0.746323 -21.334892 0.584909 3.008321 -13.821197 -0.000002 0.000002 -23.887129 -0.249077 -0.839481 -59.923958 2.476035 -2.452730 -0.294024 1.679686 0.833256 -14.218194 0.093214 1.300579 -34.212006 -0.287564 0.967169 -20.033180 0.964534 1.212842 -0.000001 -0.000000 0.000000 -3.440386 0.788233 0.501655 -15.928169 -3.167305 2.999704 -6.338817 -0.000002 0.000002 -18.123413 3.648175 -4.905660 -0.000004 -0.000000 -0.000003 -0.943033 0.189486 15.006107 76.531136 34.362701 17.118460 -2.911598 52.197662 -2.430604 -59.804436 23.417337 25.150497 2.243539 -5.255033 -3.180156 14.282873 -0.826593 6.952493 -0.000002 -12.690590 -0.000001 13.460830 -17.956310 2.083679 1.665665 -1.955919 -2.878296 4.727795 -4.170585 4.993919 11.020511 0.000004 -0.000002 12.109034 -3.735707 -2.866779 -0.000000 0.000000 -0.000001 1.291985 -1.928547 -1.498088 14.800111 0.567467 3.865602 14.242553 -1.341733 -6.660650 19.631941 0.143926 -0.648243 48.152573 -0.384671 -5.728675 0.353028 -1.511149 -0.031940 20.222769 3.684307 2.316627 18.787245 0.000006 -0.000000 10.751610 -0.479869 1.397904 0.000000 0.000000 0.000000 3.273805 0.305947 -0.580110 21.486792 11.830365 2.266130 8.162917 0.000002 -0.000000 18.399054 -3.798979 -4.940567 0.000003 0.000001 -0.000001 30.696245 12.669146 -94.811417 -1.792004 0.390171 139.741135 5.077795 -16.008709 -29.081982 2.121923 -1.552605 -11.947945 0.000000 0.000000 0.000001 -25.718895 -18.384758 -42.642403 1.195596 1.662461 145.101074 15.627600 30.770796 -43.155411 -1.989934 0.773784 -33.440300 -0.000000 0.000001 -0.000004 
-26.951536 42.728191 -110.632195 7.269881 11.442337 21.389305 -2.382947 1.068093 16.910215 -3.201501 -3.242623 5.632135 -8.350848 -7.225032 35.849159 11.359392 1.710810 6.191690 0.878877 5.134597 -2.891230 -1.811933 5.529391 15.988982 0.000077 -0.000022 0.000006 0.161845 0.063894 -0.189461 1.391183 -3.502200 -10.577688 -1.087602 3.640593 -10.511454 11.344930 -32.580841 6.656597 19.242887 -14.602641 -29.283291 -0.129865 -38.024376 0.038962 6.888760 -12.401758 29.092175 -5.882102 9.861277 0.702589 -10.936858 -0.360575 7.156196 -0.000001 8.774812 -0.000001 -16.626011 17.823280 5.553569 -1.844031 2.498504 -2.507276 -10.163590 4.678941 4.621102 -20.975992 -0.000002 0.000002 -21.226250 2.451694 -3.593996 0.000000 -0.000005 -0.000001 -1.362682 2.240796 -0.746321 -21.334887 0.584908 3.008320 -13.821195 -0.000002 0.000000 -23.887125 -0.249078 -0.839482 -60.236809 2.695697 -2.444218 -0.294027 1.679686 0.833254 -14.218192 0.093214 1.300578 -34.212002 -0.287564 0.967166 -20.033176 0.964535 1.212839 0.000000 0.000000 -0.000001 -3.440387 0.788233 0.501655 -15.928171 -3.167305 2.999705 -6.338816 -0.000001 0.000003 -18.123413 3.648176 -4.905663 -0.000004 -0.000000 -0.000003 -0.879833 0.466780 15.676735 74.631096 35.526524 19.851908 -1.756515 47.601204 -1.796950 -56.708771 25.328087 25.149206 2.243541 -5.255033 -3.180155 14.282877 -0.826594 6.952497 0.000000 -12.690590 0.000000 14.186282 -18.142389 1.897652 1.665665 -1.955921 -2.878296 4.727796 -4.170583 4.993919 11.020510 0.000003 -0.000000 12.109030 -3.735711 -2.866778 0.000000 0.000000 0.000000 1.291984 -1.928548 -1.498088 14.800114 0.567466 3.865604 14.242551 -1.341737 -6.660649 19.631935 0.143925 -0.648244 49.335541 -0.241484 -5.660734 0.353030 -1.511150 -0.031939 20.222767 3.684303 2.316629 18.787243 0.000002 -0.000000 10.751610 -0.479869 1.397904 0.000000 -0.000000 0.000000 3.273804 0.305946 -0.580109 21.486788 11.830361 2.266133 8.162917 0.000000 0.000000 18.399052 -3.798982 -4.940566 0.000003 0.000000 -0.000001 29.348150 14.110353 -96.015015 -1.885950 0.728262 138.534698 6.052265 -16.511421 -27.489481 2.190415 -1.580126 -10.067321 0.000001 0.000000 0.000003 -27.486240 -16.919210 -41.155590 1.163211 1.215974 147.609894 16.304504 31.460741 -41.122902 -2.197227 0.809494 -35.472656 0.000000 0.000000 -0.000003 
-27.435640 41.879116 -113.446106 7.026227 12.340278 16.761106 -2.845087 0.662356 17.352648 -3.082850 -3.358151 5.731902 -8.055246 -6.934004 36.585979 10.979791 1.646801 6.504629 1.013272 5.266099 -2.810850 -2.020965 5.695696 15.601341 0.000077 -0.000023 0.000006 0.109695 0.052546 -0.161286 1.315163 -3.568569 -10.595669 -1.108650 3.673428 -10.539641 11.891515 -32.926476 6.802639 20.573294 -15.380431 -28.552248 -0.114421 -32.537739 -0.141421 4.199570 -11.199673 31.427122 -5.882099 9.861278 0.702590 -10.936858 -0.360577 7.156197 0.000000 8.774811 0.000001 -16.937019 17.946161 5.399848 -1.844031 2.498502 -2.507275 -10.163589 4.678939 4.621105 -20.975992 -0.000005 0.000003 -21.226250 2.451691 -3.593994 0.000001 -0.000006 -0.000001 -1.362681 2.240795 -0.746323 -21.334892 0.584907 3.008321 -13.821197 -0.000004 0.000002 -23.887131 -0.249079 -0.839480 -60.187828 2.731982 -2.306961 -0.294025 1.679685 0.833256 -14.218194 0.093215 1.300579 -34.212002 -0.287566 0.967173 -20.033176 0.964534 1.212842 -0.000000 -0.000001 -0.000001 -3.440385 0.788232 0.501656 -15.928165 -3.167308 2.999705 -6.338815 -0.000002 0.000004 -18.123411 3.648174 -4.905660 -0.000004 -0.000001 -0.000002 -1.207134 1.356046 16.089483 70.976112 36.697334 19.624504 -0.452449 45.132000 -1.047351 -53.476227 27.768602 25.308123 2.243541 -5.255033 -3.180156 14.282877 -0.826594 6.952497 -0.000000 -12.690586 0.000000 14.845340 -18.492054 2.143878 1.665665 -1.955919 -2.878296 4.727793 -4.170582 4.993919 11.020514 0.000003 -0.000001 12.109033 -3.735708 -2.866781 0.000000 0.000001 0.000000 1.291983 -1.928548 -1.498088 14.800109 0.567466 3.865603 14.242553 -1.341733 -6.660650 19.631937 0.143926 -0.648244 50.411209 -0.171465 -5.525570 0.353027 -1.511150 -0.031940 20.222769 3.684305 2.316628 18.787245 0.000004 -0.000000 10.751612 -0.479868 1.397904 -0.000000 -0.000000 0.000000 3.273803 0.305947 -0.580111 21.486792 11.830361 2.266131 8.162916 0.000001 -0.000000 18.399054 -3.798979 -4.940567 0.000003 -0.000000 -0.000001 27.442017 15.714256 -97.234093 -1.810629 1.029284 137.309052 6.211305 -18.569462 -25.073235 2.181467 -1.635438 -8.278285 0.000001 0.000000 0.000003 -29.646051 -15.951831 -39.820049 1.080031 0.734810 150.202484 15.739564 31.861225 -39.931038 -2.305140 0.857135 -36.837234 -0.000000 0.000002 -0.000003 
-27.650202 41.545509 -115.893707 6.859190 12.915604 12.867159 -3.122936 0.248468 17.581570 -2.866315 -3.260789 5.869507 -7.235068 -6.708107 37.394421 10.703341 1.749712 7.196620 1.038293 4.987267 -2.850125 -2.511175 5.472634 15.408006 0.000077 -0.000023 0.000006 0.094632 0.056250 -0.148805 1.256344 -3.636179 -10.700165 -1.080894 3.750318 -10.680840 13.108029 -32.317825 6.492793 20.548759 -16.949631 -29.563711 0.012235 -28.733816 -0.388015 3.377977 -10.153875 29.691002 -5.882101 9.861279 0.702589 -10.936855 -0.360575 7.156198 -0.000004 8.774810 -0.000002 -17.119841 17.713474 5.273718 -1.844031 2.498502 -2.507277 -10.163589 4.678941 4.621104 -20.975994 -0.000002 0.000003 -21.226250 2.451692 -3.593994 0.000001 -0.000006 -0.000000 -1.362679 2.240798 -0.746324 -21.334887 0.584909 3.008320 -13.821195 -0.000002 0.000002 -23.887125 -0.249077 -0.839482 -59.908138 2.603884 -2.194928 -0.294026 1.679686 0.833254 -14.218190 0.093214 1.300579 -34.212006 -0.287562 0.967168 -20.033178 0.964537 1.212839 -0.000001 0.000000 0.000001 -3.440384 0.788234 0.501655 -15.928167 -3.167305 2.999704 -6.338815 -0.000001 0.000002 -18.123411 3.648177 -4.905660 -0.000005 -0.000000 -0.000002 -1.278255 3.046638 16.022816 66.035454 37.343506 16.959370 0.115817 42.836620 -0.395737 -50.639240 28.229925 25.164509 2.243539 -5.255033 -3.180155 14.282871 -0.826592 6.952495 -0.000002 -12.690591 0.000000 15.082579 -18.655512 2.600534 1.665665 -1.955920 -2.878297 4.727794 -4.170583 4.993918 11.020508 0.000003 -0.000001 12.109031 -3.735709 -2.866780 0.000000 -0.000000 -0.000000 1.291985 -1.928547 -1.498087 14.800113 0.567469 3.865602 14.242553 -1.341734 -6.660649 19.631935 0.143927 -0.648244 50.842918 -0.138770 -5.320211 0.353028 -1.511148 -0.031940 20.222765 3.684308 2.316627 18.787245 0.000005 -0.000000 10.751609 -0.479867 1.397904 0.000000 0.000000 0.000000 3.273806 0.305947 -0.580110 21.486788 11.830362 2.266130 8.162916 0.000002 -0.000000 18.399050 -3.798978 -4.940567 0.000003 0.000000 -0.000001 25.100912 16.959427 -98.324501 -1.474641 1.258051 136.177795 5.791883 -20.969007 -22.068449 2.138448 -1.705375 -6.833358 -0.000002 0.000000 0.000004 -31.971527 -15.237272 -40.134350 0.962501 0.355166 151.963333 15.501194 31.984095 -37.181576 -2.269981 0.903939 -37.250072 -0.000000 0.000001 -0.000003 
-27.552864 41.936008 -118.213181 6.927054 13.145310 10.172297 -3.165287 -0.064856 17.792669 -2.643592 -3.069537 5.998657 -5.989744 -6.628975 37.957108 10.617640 1.694246 7.485205 0.713115 4.457970 -2.838211 -3.000517 5.143784 15.355014 0.000077 -0.000022 0.000006 0.137414 0.065459 -0.143739 1.267630 -3.646190 -10.774538 -1.001796 3.771737 -10.797724 14.478228 -31.243988 5.752671 19.610945 -18.588718 -31.212826 0.079377 -26.902067 -0.556655 3.584626 -9.697203 23.780416 -5.882100 9.861279 0.702591 -10.936859 -0.360574 7.156197 0.000001 8.774814 -0.000000 -17.448162 17.423019 5.184811 -1.844032 2.498501 -2.507276 -10.163590 4.678940 4.621105 -20.975996 -0.000005 0.000003 -21.226254 2.451693 -3.593992 0.000000 -0.000006 -0.000000 -1.362680 2.240797 -0.746323 -21.334890 0.584909 3.008321 -13.821195 -0.000002 0.000003 -23.887131 -0.249077 -0.839482 -59.920856 2.375624 -2.034683 -0.294024 1.679686 0.833255 -14.218195 0.093214 1.300580 -34.212006 -0.287562 0.967173 -20.033180 0.964537 1.212842 -0.000001 0.000000 -0.000001 -3.440384 0.788233 0.501655 -15.928167 -3.167306 2.999704 -6.338817 -0.000001 0.000000 -18.123413 3.648176 -4.905662 -0.000005 -0.000000 -0.000001 -0.735142 5.296641 15.477016 59.783337 37.067635 12.757871 0.241002 40.036198 -0.129324 -47.484081 27.594717 25.602337 2.243542 -5.255033 -3.180155 14.282875 -0.826594 6.952495 -0.000001 -12.690592 0.000000 15.374207 -18.524260 2.804107 1.665663 -1.955920 -2.878297 4.727794 -4.170583 4.993918 11.020511 0.000002 -0.000002 12.109031 -3.735711 -2.866780 -0.000000 -0.000000 0.000000 1.291982 -1.928548 -1.498088 14.800109 0.567467 3.865602 14.242551 -1.341735 -6.660651 19.631937 0.143927 -0.648245 50.940372 -0.227735 -5.224389 0.353030 -1.511149 -0.031940 20.222767 3.684306 2.316628 18.787245 0.000004 -0.000001 10.751609 -0.479868 1.397903 -0.000000 -0.000000 0.000000 3.273803 0.305947 -0.580110 21.486782 11.830362 2.266130 8.162915 0.000001 -0.000000 18.399050 -3.798980 -4.940568 0.000004 -0.000000 -0.000001 22.203724 17.432123 -99.224083 -1.221048 1.262725 135.114731 5.285090 -22.603266 -19.305618 2.062594 -1.740665 -6.036659 -0.000001 0.000000 0.000003 -34.038414 -15.194585 -43.539181 0.894068 0.190516 152.935822 16.573513 31.380255 -31.715456 -2.206099 0.956598 -36.707893 0.000000 0.000000 -0.000003 
-27.256144 42.964546 -120.436646 7.373669 13.188225 8.914995 -3.063803 -0.345780 18.019688 -2.293269 -2.850740 6.280272 -4.647157 -6.592943 38.227367 10.380941 1.679581 6.750630 0.359690 3.773362 -2.907461 -3.163815 4.577418 15.099565 0.000077 -0.000022 0.000006 0.210577 0.075610 -0.143559 1.286348 -3.624831 -10.818131 -0.878998 3.765994 -10.874299 15.890242 -29.946180 4.955730 18.291573 -20.209131 -32.830524 0.526015 -25.855696 -0.757934 4.893932 -9.395033 14.795623 -5.882103 9.861277 0.702591 -10.936861 -0.360575 7.156197 0.000003 8.774814 -0.000000 -17.719793 17.203459 5.029543 -1.844032 2.498502 -2.507275 -10.163589 4.678939 4.621104 -20.975996 -0.000005 0.000003 -21.226255 2.451693 -3.593992 0.000000 -0.000005 -0.000000 -1.362682 2.240795 -0.746322 -21.334890 0.584907 3.008320 -13.821197 -0.000004 0.000004 -23.887129 -0.249079 -0.839479 -59.727814 2.015437 -1.929708 -0.294025 1.679686 0.833256 -14.218190 0.093213 1.300580 -34.212006 -0.287567 0.967171 -20.033176 0.964534 1.212843 -0.000001 -0.000000 0.000000 -3.440383 0.788232 0.501655 -15.928165 -3.167307 2.999703 -6.338817 -0.000001 0.000001 -18.123415 3.648175 -4.905660 -0.000004 0.000001 -0.000002 0.293040 8.215772 14.806008 52.177509 36.150620 8.079906 0.104396 36.805004 -0.128801 -44.011963 26.427307 26.734909 2.243539 -5.255033 -3.180155 14.282877 -0.826592 6.952496 -0.000002 -12.690590 -0.000001 15.620630 -18.217003 2.722704 1.665664 -1.955920 -2.878296 4.727794 -4.170582 4.993918 11.020513 0.000003 -0.000001 12.109034 -3.735709 -2.866779 0.000000 0.000001 0.000000 1.291983 -1.928547 -1.498088 14.800113 0.567469 3.865602 14.242553 -1.341733 -6.660649 19.631939 0.143926 -0.648243 50.499775 -0.254995 -5.317874 0.353027 -1.511149 -0.031940 20.222773 3.684309 2.316628 18.787245 0.000006 -0.000001 10.751612 -0.479867 1.397904 0.000000 0.000000 0.000000 3.273804 0.305947 -0.580110 21.486795 11.830364 2.266131 8.162917 0.000002 -0.000000 18.399054 -3.798978 -4.940567 0.000004 0.000000 -0.000001 18.258455 16.947371 -100.407761 -0.931844 1.027682 133.411011 4.232775 -23.424385 -16.083368 1.925009 -1.794226 -5.764124 0.000000 0.000001 0.000003 -35.992977 -15.953456 -46.237919 0.929161 0.072571 152.366379 17.047138 31.304865 -28.924870 -2.048142 0.972235 -35.224865 -0.000000 0.000001 -0.000003 
-26.661665 44.658123 -122.809448 8.330956 12.667688 9.477956 -2.781104 -0.577295 18.370779 -1.888089 -2.659936 6.612134 -3.383565 -6.375017 38.132801 9.870137 2.026343 4.146495 0.107160 2.774126 -2.972575 -3.382711 3.780324 14.836191 0.000077 -0.000022 0.000006 0.306507 0.072394 -0.155185 1.346441 -3.587112 -10.859206 -0.745763 3.723959 -10.910894 16.780363 -28.847841 4.165920 17.034239 -21.273895 -35.281326 1.187221 -25.347609 -0.998075 6.205644 -9.107344 6.623426 -5.882099 9.861279 0.702589 -10.936858 -0.360575 7.156196 0.000002 8.774815 -0.000001 -17.668652 17.261818 4.985413 -1.844033 2.498503 -2.507276 -10.163591 4.678940 4.621103 -20.975994 -0.000004 0.000001 -21.226250 2.451692 -3.593995 0.000000 -0.000006 -0.000000 -1.362682 2.240797 -0.746323 -21.334887 0.584908 3.008319 -13.821197 -0.000003 0.000001 -23.887129 -0.249079 -0.839482 -59.310291 1.882510 -1.960027 -0.294027 1.679686 0.833255 -14.218194 0.093214 1.300578 -34.212002 -0.287565 0.967168 -20.033180 0.964534 1.212841 -0.000002 -0.000000 -0.000000 -3.440385 0.788233 0.501655 -15.928167 -3.167307 2.999703 -6.338816 -0.000001 0.000001 -18.123411 3.648177 -4.905662 -0.000004 0.000000 -0.000002 1.156260 11.631149 13.891018 43.863777 34.392414 3.009284 0.206362 33.641891 0.110607 -41.323498 25.354170 27.751591 2.243540 -5.255033 -3.180155 14.282878 -0.826593 6.952495 -0.000002 -12.690591 -0.000001 15.840733 -17.878838 2.642764 1.665665 -1.955920 -2.878298 4.727795 -4.170582 4.993918 11.020513 0.000002 -0.000001 12.109032 -3.735708 -2.866780 0.000000 -0.000000 0.000000 1.291983 -1.928548 -1.498088 14.800111 0.567467 3.865602 14.242553 -1.341735 -6.660651 19.631937 0.143927 -0.648245 50.286270 -0.355998 -5.397592 0.353027 -1.511150 -0.031940 20.222767 3.684305 2.316628 18.787247 0.000004 -0.000001 10.751611 -0.479867 1.397903 -0.000000 0.000000 -0.000000 3.273803 0.305947 -0.580110 21.486792 11.830361 2.266130 8.162916 0.000001 -0.000001 18.399050 -3.798978 -4.940568 0.000004 0.000000 -0.000001 13.075649 15.467879 -101.904678 -0.666824 0.712104 130.569122 2.639365 -22.228928 -13.873802 1.844466 -1.823315 -5.350415 -0.000000 -0.000001 0.000003 -37.392666 -16.843513 -49.337399 1.023580 0.066304 150.009308 18.828499 30.332411 -27.504742 -1.920158 1.025794 -31.116983 0.000000 0.000000 -0.000003 
-25.872684 46.808380 -125.376038 9.916374 11.584669 11.814844 -2.433638 -0.787880 18.767752 -1.450855 -2.465193 7.008839 -2.486625 -6.041512 37.717690 8.723831 2.581640 -0.326731 -0.136779 1.781093 -3.033940 -3.486720 2.841513 14.608413 0.000077 -0.000022 0.000006 0.353405 0.064055 -0.169739 1.377462 -3.553581 -10.836937 -0.683724 3.671696 -10.895213 17.209787 -27.959230 3.389712 16.230040 -21.687311 -38.490089 1.654050 -24.889681 -1.066072 7.572566 -8.864824 -0.297328 -5.882101 9.861279 0.702589 -10.936860 -0.360574 7.156198 0.000003 8.774813 -0.000000 -17.475330 17.342255 4.991509 -1.844030 2.498502 -2.507276 -10.163589 4.678939 4.621104 -20.975996 -0.000003 0.000003 -21.226255 2.451693 -3.593993 0.000000 -0.000006 -0.000000 -1.362681 2.240797 -0.746323 -21.334892 0.584909 3.008321 -13.821197 -0.000002 0.000003 -23.887133 -0.249077 -0.839481 -58.942890 1.829691 -1.977412 -0.294024 1.679686 0.833255 -14.218195 0.093215 1.300580 -34.212002 -0.287562 0.967171 -20.033180 0.964536 1.212842 0.000000 0.000000 0.000000 -3.440386 0.788232 0.501655 -15.928169 -3.167305 2.999704 -6.338818 -0.000001 0.000001 -18.123413 3.648176 -4.905661 -0.000004 0.000000 -0.000002 1.081897 15.349732 12.701129 35.511578 31.609547 -2.773073 0.593381 31.532728 0.348246 -38.835423 24.303648 28.763384 2.243540 -5.255033 -3.180154 14.282877 -0.826594 6.952497 -0.000003 -12.690590 0.000001 16.148243 -17.579721 2.564622 1.665664 -1.955920 -2.878297 4.727794 -4.170584 4.993919 11.020513 0.000003 -0.000001 12.109034 -3.735711 -2.866779 0.000000 -0.000001 0.000000 1.291984 -1.928547 -1.498088 14.800113 0.567467 3.865603 14.242553 -1.341734 -6.660648 19.631941 0.143925 -0.648243 50.166096 -0.431836 -5.439797 0.353028 -1.511149 -0.031940 20.222771 3.684306 2.316628 18.787247 0.000005 0.000001 10.751612 -0.479868 1.397904 0.000000 0.000000 0.000000 3.273806 0.305948 -0.580110 21.486795 11.830361 2.266131 8.162916 0.000001 -0.000001 18.399054 -3.798980 -4.940567 0.000003 0.000000 -0.000000 7.241270 13.300508 -103.914566 -0.405587 0.391973 126.561729 1.199597 -19.564011 -12.295879 1.780826 -1.821938 -5.032693 0.000000 -0.000000 0.000004 -38.292461 -17.909065 -53.104683 1.106394 0.074911 146.596039 20.832251 27.224089 -26.684557 -1.821658 1.060769 -26.421898 0.000000 0.000000 -0.000003 
-24.849552 49.181217 -127.915146 12.033728 10.005016 15.179002 -2.083677 -0.994359 19.155737 -1.042292 -2.245013 7.490224 -2.017725 -5.708358 36.987160 6.950810 3.115146 -5.908829 -0.642775 0.780213 -3.073820 -3.480153 1.945202 14.327767 0.000077 -0.000023 0.000006 0.347158 0.061693 -0.168236 1.369431 -3.504250 -10.765664 -0.691477 3.616482 -10.837578 17.141205 -27.522558 2.600075 15.976480 -21.592676 -41.561943 1.584889 -24.044764 -0.855863 9.192608 -8.753430 -6.110054 -5.882101 9.861279 0.702589 -10.936858 -0.360576 7.156197 0.000001 8.774814 -0.000001 -17.180548 17.385235 5.099409 -1.844033 2.498503 -2.507276 -10.163587 4.678939 4.621103 -20.975994 -0.000004 0.000002 -21.226250 2.451692 -3.593994 0.000000 -0.000006 -0.000000 -1.362681 2.240796 -0.746323 -21.334890 0.584908 3.008320 -13.821197 -0.000003 0.000002 -23.887131 -0.249078 -0.839481 -58.647675 1.809070 -1.771742 -0.294024 1.679686 0.833255 -14.218190 0.093214 1.300579 -34.212006 -0.287564 0.967170 -20.033178 0.964534 1.212842 0.000000 -0.000000 -0.000000 -3.440385 0.788233 0.501655 -15.928169 -3.167307 2.999704 -6.338817 -0.000001 0.000001 -18.123413 3.648176 -4.905662 -0.000004 0.000000 -0.000002 -0.045782 19.214520 11.258010 27.346811 27.632912 -9.038841 1.218017 30.383341 0.645377 -35.749882 23.049702 30.120501 2.243541 -5.255033 -3.180153 14.282877 -0.826595 6.952496 -0.000002 -12.690591 0.000001 16.475044 -17.246384 2.473202 1.665661 -1.955920 -2.878296 4.727794 -4.170584 4.993919 11.020513 0.000004 -0.000001 12.109031 -3.735709 -2.866779 0.000000 0.000000 0.000000 1.291983 -1.928548 -1.498088 14.800113 0.567467 3.865603 14.242553 -1.341736 -6.660649 19.631939 0.143925 -0.648243 50.054150 -0.460407 -5.376465 0.353030 -1.511149 -0.031939 20.222769 3.684306 2.316628 18.787245 0.000003 -0.000001 10.751610 -0.479869 1.397902 0.000000 -0.000000 0.000001 3.273805 0.305947 -0.580111 21.486792 11.830363 2.266131 8.162916 0.000001 0.000000 18.399054 -3.798979 -4.940568 0.000003 0.000000 -0.000001 2.199266 11.456398 -104.380165 -0.315174 0.198630 122.082207 -0.105812 -17.153580 -14.436868 1.738070 -1.830946 -4.806386 -0.000000 -0.000000 0.000002 -39.059143 -19.388067 -57.023167 1.195419 0.112625 142.315262 22.387323 22.052456 -26.647526 -1.711569 1.092033 -21.909184 -0.000000 0.000001 -0.000004 
-23.565531 51.682125 -130.275833 13.974670 7.976985 18.992050 -1.661018 -1.173440 19.458563 -0.505876 -2.119427 7.959287 -1.943487 -5.317318 36.088081 4.060080 3.717005 -12.244692 -1.098420 -0.011821 -3.136532 -3.306815 0.994338 14.055553 0.000077 -0.000022 0.000006 0.296839 0.059515 -0.145940 1.308734 -3.496578 -10.730954 -0.736148 3.612582 -10.758375 16.699593 -27.741398 1.686648 15.836696 -20.847773 -43.675385 1.226751 -22.955473 -0.461247 10.887156 -8.288086 -11.356147 -5.882101 9.861279 0.702591 -10.936858 -0.360574 7.156196 0.000001 8.774813 0.000000 -16.839453 17.436872 5.195475 -1.844033 2.498502 -2.507275 -10.163591 4.678940 4.621103 -20.976002 -0.000004 0.000002 -21.226257 2.451692 -3.593995 0.000000 -0.000006 -0.000000 -1.362679 2.240796 -0.746322 -21.334892 0.584909 3.008318 -13.821197 -0.000002 0.000001 -23.887131 -0.249079 -0.839483 -58.190311 1.715157 -1.385330 -0.294026 1.679686 0.833255 -14.218195 0.093215 1.300578 -34.212006 -0.287564 0.967168 -20.033180 0.964534 1.212840 -0.000000 0.000000 -0.000000 -3.440388 0.788233 0.501655 -15.928169 -3.167306 2.999703 -6.338817 -0.000001 0.000001 -18.123417 3.648176 -4.905663 -0.000005 -0.000000 -0.000002 -2.216217 23.460760 9.681120 18.865217 22.611649 -15.067264 1.875329 29.591988 0.853870 -31.478355 21.434975 30.803133 2.243538 -5.255033 -3.180156 14.282875 -0.826594 6.952497 0.000000 -12.690590 0.000000 16.771679 -16.998669 2.361569 1.665665 -1.955920 -2.878297 4.727794 -4.170584 4.993921 11.020513 0.000003 -0.000002 12.109033 -3.735711 -2.866777 0.000000 0.000001 0.000000 1.291986 -1.928547 -1.498087 14.800111 0.567467 3.865604 14.242553 -1.341735 -6.660647 19.631939 0.143924 -0.648243 49.840023 -0.408041 -5.397907 0.353032 -1.511149 -0.031940 20.222771 3.684304 2.316629 18.787245 0.000003 -0.000000 10.751610 -0.479868 1.397904 0.000000 0.000000 -0.000001 3.273804 0.305946 -0.580109 21.486790 11.830361 2.266132 8.162916 0.000001 -0.000001 18.399050 -3.798981 -4.940567 0.000001 0.000000 -0.000002 -1.751873 9.809851 -103.589203 -0.234993 0.098643 116.844505 -2.327275 -14.414902 -18.975098 1.702011 -1.853353 -3.830821 0.000000 -0.000000 0.000002 -39.157421 -21.048006 -60.894192 1.290106 0.210364 137.249802 23.438477 15.999541 -26.933481 -1.579345 1.032755 -17.772482 0.000000 0.000001 -0.000003 
-22.185822 54.376793 -132.381119 15.288703 5.683987 22.714674 -1.133911 -1.373008 19.654438 0.016875 -2.026542 8.448417 -2.078039 -4.951298 35.309177 0.231254 4.106009 -19.390022 -1.302570 -0.371497 -3.215333 -3.570651 0.240357 14.071720 0.000077 -0.000023 0.000006 0.288855 0.047819 -0.154118 1.290507 -3.529155 -10.712176 -0.733763 3.621015 -10.693501 16.378527 -28.534452 0.346964 15.279583 -19.311863 -44.241016 0.445691 -22.296307 0.031229 12.487080 -7.339365 -16.214401 -5.882099 9.861279 0.702588 -10.936860 -0.360574 7.156197 -0.000000 8.774814 -0.000002 -16.638029 17.428728 5.292210 -1.844031 2.498502 -2.507277 -10.163589 4.678938 4.621103 -20.975992 -0.000005 0.000003 -21.226248 2.451691 -3.593992 0.000000 -0.000006 -0.000001 -1.362680 2.240796 -0.746324 -21.334890 0.584907 3.008321 -13.821197 -0.000004 0.000001 -23.887131 -0.249080 -0.839480 -57.919285 1.530885 -0.796301 -0.294024 1.679685 0.833255 -14.218192 0.093213 1.300579 -34.212002 -0.287566 0.967170 -20.033176 0.964534 1.212843 -0.000001 0.000000 0.000000 -3.440384 0.788232 0.501655 -15.928165 -3.167308 2.999706 -6.338814 -0.000002 0.000001 -18.123413 3.648175 -4.905661 -0.000004 0.000000 -0.000002 -5.457231 28.014200 7.681603 10.233857 16.775677 -20.096312 2.210792 28.706146 0.853622 -26.487673 19.335844 28.362959 2.243541 -5.255032 -3.180156 14.282877 -0.826592 6.952496 -0.000003 -12.690592 0.000001 16.740528 -16.939421 2.322605 1.665665 -1.955920 -2.878298 4.727794 -4.170582 4.993918 11.020513 0.000004 -0.000003 12.109032 -3.735709 -2.866779 0.000000 0.000000 0.000000 1.291986 -1.928547 -1.498088 14.800111 0.567468 3.865603 14.242553 -1.341733 -6.660650 19.631937 0.143928 -0.648244 49.395523 -0.305820 -5.645782 0.353030 -1.511149 -0.031939 20.222771 3.684307 2.316628 18.787245 0.000006 -0.000002 10.751610 -0.479868 1.397904 0.000000 0.000000 -0.000001 3.273806 0.305947 -0.580111 21.486792 11.830363 2.266130 8.162916 0.000002 0.000000 18.399054 -3.798977 -4.940567 0.000002 0.000001 -0.000003 -4.986145 8.005322 -102.906075 -0.053270 0.006240 111.105057 -4.663089 -11.091991 -22.701225 1.669924 -1.798185 -2.750427 -0.000000 0.000000 0.000002 -38.452644 -22.417109 -64.196495 1.229210 0.213274 131.480423 24.022230 10.164908 -27.349258 -1.471323 0.945859 -14.041835 0.000000 -0.000001 -0.000001 
-20.682022 57.296127 -134.248444 15.966686 3.342521 25.787561 -0.438565 -1.602459 20.064960 0.348355 -1.820000 8.972865 -2.209262 -4.668256 34.535259 -3.410937 3.624701 -26.537020 -1.730255 -0.113083 -3.177245 -4.289757 0.190662 14.212953 0.000076 -0.000023 0.000006 0.303145 0.016788 -0.139071 1.331639 -3.602368 -10.711635 -0.745996 3.627272 -10.668921 16.283875 -29.470547 -1.193882 14.668368 -17.614357 -42.227890 -0.738952 -22.784504 0.527157 13.928085 -6.666995 -20.213621 -5.882101 9.861279 0.702589 -10.936860 -0.360576 7.156199 0.000002 8.774815 -0.000002 -16.589123 17.340279 5.339328 -1.844031 2.498503 -2.507275 -10.163589 4.678937 4.621106 -20.975994 -0.000003 0.000005 -21.226254 2.451693 -3.593993 0.000000 -0.000006 -0.000002 -1.362681 2.240796 -0.746323 -21.334887 0.584908 3.008321 -13.821197 -0.000003 0.000002 -23.887131 -0.249078 -0.839479 -57.805904 1.529427 -0.528745 -0.294023 1.679686 0.833255 -14.218189 0.093214 1.300581 -34.212002 -0.287562 0.967172 -20.033180 0.964536 1.212844 0.000001 0.000000 -0.000001 -3.440386 0.788233 0.501655 -15.928171 -3.167306 2.999705 -6.338818 -0.000001 0.000001 -18.123415 3.648177 -4.905660 -0.000004 -0.000000 -0.000003 -9.359142 32.768471 5.517275 1.253644 10.564291 -25.051170 2.678894 26.791233 0.857197 -21.288748 17.083158 23.333796 2.243541 -5.255033 -3.180156 14.282877 -0.826593 6.952494 -0.000003 -12.690587 0.000001 16.756430 -16.934860 2.209164 1.665665 -1.955920 -2.878298 4.727793 -4.170583 4.993918 11.020513 0.000004 -0.000003 12.109032 -3.735710 -2.866781 0.000000 0.000000 0.000000 1.291982 -1.928548 -1.498088 14.800113 0.567469 3.865601 14.242554 -1.341734 -6.660649 19.631939 0.143926 -0.648245 49.176659 -0.399799 -5.716842 0.353030 -1.511150 -0.031940 20.222771 3.684306 2.316627 18.787245 0.000005 -0.000003 10.751611 -0.479867 1.397904 0.000000 -0.000000 -0.000000 3.273805 0.305947 -0.580109 21.486792 11.830362 2.266130 8.162916 0.000002 0.000000 18.399050 -3.798978 -4.940567 0.000003 -0.000000 -0.000003 -7.861741 5.889582 -103.682457 0.029793 -0.057440 105.703598 -5.586791 -7.245564 -21.644920 1.636173 -1.767577 -2.480599 0.000000 -0.000000 0.000002 -37.185833 -23.323887 -66.407463 1.250286 0.348110 125.521141 24.304707 4.952199 -27.648220 -1.419592 0.885214 -11.519688 -0.000000 0.000001 -0.000001 
-19.093441 60.223244 -135.933029 16.016434 1.161980 28.068384 0.225342 -1.750249 20.516426 0.777081 -1.565776 9.408998 -2.218456 -4.323044 33.808765 -6.836108 2.599998 -32.167561 -1.974265 0.441952 -3.119187 -5.381001 0.663312 13.968398 0.000077 -0.000023 0.000006 0.324389 -0.022784 -0.134829 1.357791 -3.692354 -10.715312 -0.729280 3.644225 -10.669239 16.383450 -29.765219 -2.574126 13.302204 -16.886820 -38.061363 -1.526602 -25.811089 0.932889 14.940120 -6.208146 -22.450117 -5.882100 9.861279 0.702591 -10.936860 -0.360574 7.156196 0.000001 8.774815 0.000000 -16.692404 17.164396 5.392797 -1.844030 2.498503 -2.507275 -10.163590 4.678941 4.621105 -20.975996 -0.000003 0.000002 -21.226255 2.451694 -3.593993 -0.000000 -0.000006 0.000000 -1.362679 2.240796 -0.746323 -21.334892 0.584909 3.008321 -13.821197 -0.000003 0.000004 -23.887133 -0.249077 -0.839481 -57.978722 1.512033 -0.477602 -0.294024 1.679686 0.833255 -14.218192 0.093215 1.300580 -34.212002 -0.287563 0.967170 -20.033180 0.964535 1.212840 0.000000 -0.000000 0.000000 -3.440386 0.788233 0.501655 -15.928171 -3.167306 2.999704 -6.338818 -0.000001 0.000001 -18.123413 3.648176 -4.905661 -0.000004 0.000000 -0.000002 -14.015735 37.098282 3.070806 -7.441854 5.330006 -29.148668 2.721565 23.029865 0.681055 -15.830832 14.129855 16.353783 2.243540 -5.255033 -3.180155 14.282875 -0.826593 6.952497 -0.000002 -12.690591 0.000000 16.513283 -17.038700 2.106048 1.665663 -1.955920 -2.878297 4.727792 -4.170583 4.993918 11.020510 0.000003 -0.000002 12.109032 -3.735709 -2.866780 0.000000 -0.000001 -0.000000 1.291984 -1.928548 -1.498089 14.800111 0.567468 3.865603 14.242553 -1.341735 -6.660648 19.631939 0.143926 -0.648243 48.911137 -0.568393 -5.848535 0.353027 -1.511150 -0.031939 20.222767 3.684307 2.316629 18.787245 0.000004 0.000000 10.751610 -0.479868 1.397904 0.000001 0.000000 0.000000 3.273806 0.305947 -0.580110 21.486790 11.830363 2.266132 8.162916 0.000002 -0.000001 18.399052 -3.798979 -4.940566 0.000003 -0.000000 -0.000000 -9.612469 4.227699 -103.681992 0.093893 -0.085825 100.441109 -6.299567 -4.027679 -20.318621 1.612090 -1.759746 -2.451761 -0.000000 -0.000000 0.000002 -35.541878 -23.627195 -67.470337 1.263060 0.540527 119.837715 24.333916 0.935409 -27.842798 -1.403174 0.825261 -9.724652 0.000000 -0.000001 -0.000001 
-17.434340 63.204945 -137.258865 15.766767 -0.750793 29.553200 0.746784 -1.808976 20.863888 1.281775 -1.286429 9.658688 -2.032629 -3.828241 33.216465 -9.928053 1.530246 -35.791889 -2.249993 0.860814 -3.145377 -6.570723 1.328110 13.286870 0.000077 -0.000023 0.000006 0.313097 -0.042014 -0.140686 1.334376 -3.767328 -10.735502 -0.726958 3.665826 -10.673228 16.133364 -29.058105 -3.505470 11.087281 -17.569374 -32.942482 -1.307030 -32.263626 0.983384 15.938618 -5.837336 -22.841995 -5.882103 9.861279 0.702589 -10.936859 -0.360574 7.156195 0.000001 8.774814 -0.000000 -16.884743 17.046261 5.449072 -1.844033 2.498502 -2.507276 -10.163589 4.678941 4.621103 -20.975996 -0.000002 0.000000 -21.226257 2.451693 -3.593996 -0.000001 -0.000006 0.000000 -1.362680 2.240796 -0.746322 -21.334894 0.584909 3.008320 -13.821197 -0.000002 0.000002 -23.887129 -0.249078 -0.839484 -58.409206 1.457964 -0.630322 -0.294026 1.679686 0.833255 -14.218192 0.093216 1.300578 -34.212006 -0.287563 0.967167 -20.033180 0.964535 1.212839 0.000000 0.000000 0.000001 -3.440386 0.788233 0.501655 -15.928165 -3.167305 2.999703 -6.338818 -0.000001 0.000000 -18.123413 3.648177 -4.905663 -0.000004 -0.000000 -0.000002 -18.617319 40.593285 0.806209 -15.494919 1.476624 -32.588993 2.189241 18.958708 0.374877 -10.921059 10.586251 9.005589 2.243539 -5.255032 -3.180155 14.282877 -0.826593 6.952496 -0.000003 -12.690590 -0.000000 15.951563 -17.069330 2.260595 1.665666 -1.955920 -2.878296 4.727794 -4.170582 4.993917 11.020510 0.000003 -0.000001 12.109032 -3.735709 -2.866779 0.000000 0.000000 0.000000 1.291982 -1.928548 -1.498088 14.800111 0.567469 3.865604 14.242553 -1.341734 -6.660648 19.631939 0.143926 -0.648243 48.697208 -0.868057 -5.973800 0.353028 -1.511149 -0.031940 20.222771 3.684307 2.316629 18.787245 0.000005 0.000000 10.751610 -0.479868 1.397904 0.000000 0.000000 0.000000 3.273804 0.305947 -0.580110 21.486792 11.830365 2.266132 8.162916 0.000002 -0.000000 18.399052 -3.798980 -4.940567 0.000003 0.000000 -0.000001 -10.718235 2.845419 -102.574509 0.112050 -0.116214 95.201370 -6.907042 -1.194152 -19.215294 1.597635 -1.721012 -2.306096 -0.000000 -0.000000 0.000002 -33.940292 -23.483192 -67.422249 1.348899 0.799902 114.255592 24.584723 -1.249741 -27.887486 -1.417067 0.810296 -8.809752 0.000000 -0.000001 -0.000001 
-15.700245 66.234116 -138.460266 15.443217 -2.482887 30.381582 1.135267 -1.804387 21.098083 1.759080 -0.951155 9.693145 -1.694446 -3.265858 32.853951 -12.737415 0.709285 -37.753582 -2.651315 1.117584 -3.237394 -7.612834 1.842016 12.325562 0.000076 -0.000021 0.000005 0.278661 -0.055103 -0.137622 1.281923 -3.812429 -10.780147 -0.741277 3.686466 -10.691221 15.115847 -27.500813 -3.701784 8.128179 -19.208260 -28.435257 0.245804 -41.809372 0.230693 16.979967 -5.460817 -21.719919 -5.882102 9.861278 0.702590 -10.936858 -0.360575 7.156198 0.000001 8.774812 -0.000001 -16.966660 17.092793 5.509231 -1.844031 2.498502 -2.507275 -10.163589 4.678939 4.621105 -20.975992 -0.000004 0.000004 -21.226248 2.451693 -3.593992 0.000001 -0.000006 -0.000000 -1.362679 2.240795 -0.746323 -21.334892 0.584908 3.008322 -13.821194 -0.000003 0.000003 -23.887129 -0.249078 -0.839479 -58.835915 1.447582 -0.873462 -0.294023 1.679686 0.833255 -14.218190 0.093215 1.300580 -34.211998 -0.287563 0.967171 -20.033178 0.964535 1.212843 0.000002 0.000001 0.000000 -3.440386 0.788233 0.501656 -15.928165 -3.167306 2.999703 -6.338817 -0.000002 0.000001 -18.123411 3.648176 -4.905659 -0.000004 -0.000000 -0.000001 -22.376917 43.007626 -0.907063 -22.665487 -1.167612 -36.254360 1.273500 16.926088 0.123495 -7.638966 7.420465 2.485792 2.243537 -5.255033 -3.180156 14.282875 -0.826594 6.952496 -0.000001 -12.690592 0.000001 15.509902 -16.920540 2.525566 1.665664 -1.955920 -2.878297 4.727795 -4.170584 4.993918 11.020511 0.000003 -0.000001 12.109032 -3.735710 -2.866780 -0.000000 -0.000000 0.000000 1.291984 -1.928548 -1.498088 14.800109 0.567467 3.865602 14.242553 -1.341735 -6.660651 19.631937 0.143926 -0.648244 48.729561 -1.166859 -6.018833 0.353028 -1.511149 -0.031940 20.222765 3.684305 2.316627 18.787245 0.000004 -0.000001 10.751609 -0.479868 1.397903 0.000000 0.000000 0.000000 3.273805 0.305947 -0.580110 21.486788 11.830362 2.266129 8.162916 0.000000 -0.000000 18.399050 -3.798980 -4.940568 0.000003 -0.000000 -0.000001 -11.522367 1.644813 -100.659370 0.092318 -0.131947 89.820007 -7.316274 1.297491 -17.877897 1.577500 -1.700990 -2.075812 -0.000000 0.000000 0.000002 -32.594620 -23.060711 -66.644363 1.423654 1.083011 108.559410 25.184542 -2.377560 -27.725681 -1.438094 0.827665 -8.375191 -0.000000 0.000002 -0.000001 
-14.000526 69.295082 -139.424973 15.150023 -3.857553 30.591251 1.456295 -1.789926 21.125097 2.070018 -0.600059 9.627657 -1.238692 -2.744469 32.664040 -15.130486 0.237346 -37.968807 -2.943535 1.188122 -3.343349 -8.699136 2.087982 10.846541 0.000078 -0.000022 0.000007 0.240343 -0.063185 -0.119608 1.221590 -3.835574 -10.829445 -0.753035 3.703138 -10.747573 13.343565 -25.510178 -2.946335 4.675131 -21.383280 -25.370983 3.005230 -52.849503 -1.769686 17.930410 -5.252423 -19.147980 -5.882100 9.861278 0.702590 -10.936858 -0.360576 7.156196 0.000002 8.774814 -0.000002 -16.969151 17.239414 5.570278 -1.844031 2.498503 -2.507276 -10.163590 4.678939 4.621103 -20.975994 -0.000005 0.000002 -21.226254 2.451692 -3.593993 0.000001 -0.000006 -0.000000 -1.362680 2.240797 -0.746323 -21.334887 0.584906 3.008320 -13.821195 -0.000003 0.000002 -23.887131 -0.249079 -0.839480 -59.049107 1.445373 -1.027114 -0.294024 1.679686 0.833254 -14.218190 0.093213 1.300579 -34.211998 -0.287565 0.967170 -20.033180 0.964533 1.212842 0.000002 0.000001 -0.000000 -3.440386 0.788233 0.501654 -15.928167 -3.167307 2.999703 -6.338817 -0.000001 0.000001 -18.123413 3.648176 -4.905661 -0.000003 0.000000 -0.000002 -24.646111 44.151684 -1.781037 -28.485752 -2.398947 -41.142334 0.058542 18.430248 -0.115185 -7.210600 5.101796 -3.489079 2.243539 -5.255033 -3.180153 14.282878 -0.826594 6.952497 -0.000002 -12.690591 0.000001 15.743068 -16.962557 2.579857 1.665662 -1.955920 -2.878296 4.727795 -4.170583 4.993918 11.020512 0.000003 -0.000001 12.109033 -3.735710 -2.866780 -0.000001 -0.000000 -0.000000 1.291985 -1.928548 -1.498087 14.800114 0.567467 3.865604 14.242554 -1.341733 -6.660649 19.631941 0.143925 -0.648243 49.047531 -1.444750 -6.205371 0.353029 -1.511150 -0.031940 20.222769 3.684306 2.316628 18.787247 0.000004 -0.000000 10.751611 -0.479868 1.397904 -0.000000 0.000000 -0.000000 3.273803 0.305947 -0.580110 21.486788 11.830363 2.266131 8.162916 0.000001 -0.000000 18.399052 -3.798978 -4.940567 0.000003 0.000000 -0.000001 -12.150447 0.620624 -97.896149 0.082296 -0.107345 84.322052 -7.522771 3.237233 -16.284370 1.555613 -1.688284 -1.863994 -0.000000 -0.000000 0.000002 -31.606716 -22.458073 -65.234619 1.421555 1.298672 102.858200 25.856091 -3.274398 -27.151060 -1.492575 0.856272 -7.960615 -0.000000 0.000002 -0.000001 
-12.557972 72.204155 -140.296585 14.894683 -4.750108 30.187178 1.763667 -1.751398 21.127567 2.287832 -0.294337 9.357531 -0.663382 -2.281175 32.759239 -17.112461 -0.135832 -36.763958 -3.079701 1.187664 -3.453912 -9.590772 2.012779 9.027434 0.000077 -0.000022 0.000006 0.248670 -0.088171 -0.144967 1.182227 -3.863459 -10.937532 -0.695459 3.674586 -10.843722 11.158670 -23.308834 -1.774237 0.775251 -23.970505 -23.154449 6.760852 -63.604855 -5.263495 18.706394 -5.339973 -16.044743 -5.882100 9.861277 0.702590 -10.936858 -0.360575 7.156198 0.000001 8.774814 -0.000001 -16.944506 17.512812 5.697587 -1.844029 2.498502 -2.507276 -10.163589 4.678940 4.621106 -20.975994 -0.000004 0.000004 -21.226248 2.451693 -3.593991 0.000003 -0.000005 -0.000000 -1.362681 2.240797 -0.746322 -21.334892 0.584907 3.008322 -13.821197 -0.000003 0.000003 -23.887129 -0.249078 -0.839479 -59.421787 1.642138 -1.207496 -0.294025 1.679685 0.833255 -14.218190 0.093214 1.300580 -34.211998 -0.287564 0.967173 -20.033176 0.964536 1.212844 0.000003 0.000001 0.000001 -3.440385 0.788232 0.501656 -15.928169 -3.167305 2.999705 -6.338817 -0.000002 0.000002 -18.123411 3.648175 -4.905659 -0.000004 0.000000 -0.000002 -25.273064 44.046848 -1.867952 -32.437977 -2.387290 -46.863525 -1.349852 23.991320 -0.404269 -9.761086 3.679766 -9.116437 2.243539 -5.255032 -3.180156 14.282877 -0.826595 6.952494 -0.000001 -12.690591 0.000002 16.271410 -17.673298 2.585971 1.665666 -1.955919 -2.878297 4.727793 -4.170584 4.993919 11.020512 0.000003 -0.000003 12.109032 -3.735708 -2.866780 0.000001 0.000000 0.000000 1.291987 -1.928548 -1.498089 14.800109 0.567467 3.865602 14.242551 -1.341733 -6.660650 19.631937 0.143926 -0.648245 49.937531 -1.788828 -6.623731 0.353029 -1.511149 -0.031941 20.222767 3.684307 2.316626 18.787245 0.000004 -0.000001 10.751611 -0.479868 1.397903 -0.000000 -0.000001 0.000000 3.273804 0.305947 -0.580110 21.486790 11.830361 2.266128 8.162916 0.000001 -0.000001 18.399052 -3.798979 -4.940567 0.000003 -0.000000 -0.000000 -12.641951 -0.056485 -94.489868 0.083205 -0.010516 78.788055 -7.575313 4.357407 -14.447627 1.567401 -1.693225 -1.718505 -0.000000 0.000000 0.000002 -30.775492 -21.565323 -63.521328 1.244769 1.344557 97.059288 26.494020 -4.955224 -26.476498 -1.509007 0.877080 -7.845491 -0.000000 0.000001 -0.000003 
-11.482750 75.194771 -141.048798 14.816252 -5.211430 29.463840 2.026405 -1.731275 20.870127 2.402745 0.041620 9.073045 -0.060326 -2.028878 32.941212 -18.763102 -0.058289 -34.541801 -3.163725 0.866624 -3.583528 -10.616061 1.864469 7.055238 0.000077 -0.000022 0.000007 0.263722 -0.110113 -0.127180 1.149179 -3.874202 -11.032068 -0.643104 3.655059 -10.966382 8.888233 -20.971979 -0.098963 -3.410073 -26.693245 -21.084673 13.301768 -73.129128 -11.383429 18.960892 -5.370967 -13.173777 -5.882102 9.861279 0.702588 -10.936857 -0.360574 7.156196 0.000000 8.774813 -0.000001 -16.842630 17.622482 5.768503 -1.844032 2.498502 -2.507276 -10.163589 4.678939 4.621102 -20.975998 -0.000004 -0.000000 -21.226254 2.451691 -3.593995 0.000002 -0.000005 -0.000000 -1.362680 2.240797 -0.746323 -21.334887 0.584908 3.008317 -13.821197 -0.000002 -0.000000 -23.887131 -0.249082 -0.839483 -59.507488 1.655340 -1.196140 -0.294025 1.679686 0.833256 -14.218190 0.093215 1.300577 -34.212002 -0.287566 0.967165 -20.033178 0.964532 1.212840 0.000001 0.000000 0.000001 -3.440384 0.788232 0.501655 -15.928165 -3.167306 2.999702 -6.338817 -0.000001 0.000000 -18.123415 3.648175 -4.905663 -0.000004 0.000000 -0.000002 -24.461946 43.238544 -1.079686 -34.585331 -1.566487 -52.754074 -2.722518 32.743046 -0.904978 -13.419923 3.463524 -12.687349 2.243540 -5.255032 -3.180155 14.282873 -0.826594 6.952499 -0.000004 -12.690590 0.000003 16.548502 -18.169672 2.504997 1.665665 -1.955919 -2.878298 4.727793 -4.170584 4.993921 11.020512 0.000004 -0.000001 12.109029 -3.735710 -2.866777 0.000001 -0.000000 -0.000000 1.291984 -1.928546 -1.498089 14.800111 0.567468 3.865603 14.242553 -1.341733 -6.660650 19.631939 0.143926 -0.648244 50.234985 -1.934859 -6.788091 0.353029 -1.511149 -0.031940 20.222769 3.684305 2.316629 18.787245 0.000005 -0.000000 10.751610 -0.479869 1.397904 -0.000000 0.000001 -0.000001 3.273804 0.305947 -0.580110 21.486790 11.830360 2.266130 8.162915 0.000002 0.000000 18.399054 -3.798979 -4.940564 0.000002 -0.000001 -0.000000 -13.301675 -0.416775 -90.453697 0.061475 0.062548 72.835632 -7.534472 5.105281 -11.947612 1.565141 -1.710375 -1.665437 0.000000 -0.000000 0.000002 -30.778917 -20.733974 -62.053482 1.151306 1.406691 91.453598 26.516878 -7.050638 -24.400705 -1.533077 0.890106 -7.211793 0.000000 0.000000 -0.000002 
-10.556890 78.107079 -141.662079 14.760226 -5.376239 28.551081 2.338531 -1.706118 20.436220 2.507178 0.371944 8.759701 0.555102 -1.863870 33.131348 -20.214640 0.212141 -31.945007 -3.240371 0.356147 -3.727544 -11.492069 1.669777 4.939107 0.000076 -0.000021 0.000006 0.296192 -0.147358 -0.112830 1.143733 -3.906703 -11.110574 -0.560069 3.616173 -11.065272 6.676778 -18.499596 1.830598 -7.939287 -29.244860 -18.737801 28.586914 -81.294823 -26.472404 19.035458 -5.329475 -10.570146 -5.882101 9.861278 0.702591 -10.936858 -0.360575 7.156197 0.000000 8.774813 -0.000001 -16.749653 17.758018 5.786477 -1.844033 2.498502 -2.507275 -10.163589 4.678941 4.621103 -20.975996 -0.000002 0.000002 -21.226255 2.451693 -3.593994 0.000002 -0.000005 -0.000000 -1.362682 2.240798 -0.746323 -21.334892 0.584908 3.008320 -13.821197 -0.000003 0.000002 -23.887131 -0.249078 -0.839481 -59.523796 1.690922 -1.124778 -0.294025 1.679686 0.833256 -14.218195 0.093214 1.300579 -34.212002 -0.287564 0.967169 -20.033176 0.964535 1.212840 0.000002 0.000000 0.000000 -3.440385 0.788231 0.501655 -15.928167 -3.167305 2.999703 -6.338817 -0.000001 0.000001 -18.123415 3.648177 -4.905662 -0.000004 0.000000 -0.000002 -22.745640 42.258717 0.269967 -34.912903 -0.133646 -57.882954 -4.363317 43.280685 -1.859122 -16.564938 3.576974 -13.705437 2.243540 -5.255033 -3.180155 14.282875 -0.826594 6.952497 -0.000004 -12.690590 0.000002 16.531435 -18.252707 2.512468 1.665665 -1.955920 -2.878296 4.727794 -4.170584 4.993920 11.020508 0.000003 -0.000002 12.109029 -3.735708 -2.866781 0.000001 -0.000001 -0.000001 1.291983 -1.928548 -1.498087 14.800111 0.567468 3.865603 14.242553 -1.341734 -6.660650 19.631939 0.143928 -0.648246 50.064117 -1.912484 -6.745143 0.353030 -1.511149 -0.031939 20.222763 3.684306 2.316626 18.787243 0.000003 -0.000001 10.751611 -0.479871 1.397904 0.000001 0.000001 0.000000 3.273803 0.305947 -0.580109 21.486790 11.830362 2.266130 8.162916 0.000003 -0.000001 18.399050 -3.798979 -4.940567 0.000003 -0.000001 -0.000002 -14.028420 -0.571280 -86.009796 0.053026 0.120137 66.614777 -7.381260 5.493591 -9.362340 1.567082 -1.715710 -1.707687 -0.000000 -0.000000 0.000002 -30.684408 -20.083879 -59.816696 1.079816 1.494467 85.737465 25.986845 -9.277699 -22.283840 -1.529407 0.862582 -6.688852 0.000000 0.000001 -0.000002 
-9.679832 80.879822 -142.078308 14.655362 -5.257728 27.463591 2.647990 -1.639362 19.939291 2.575832 0.650278 8.348907 1.231801 -1.725754 33.232796 -21.414303 0.629046 -29.262119 -3.334002 -0.098976 -3.884571 -12.269279 1.540441 2.682086 0.000077 -0.000022 0.000005 0.342273 -0.203285 -0.087311 1.141884 -3.973124 -11.206517 -0.469974 3.551783 -11.193045 4.621840 -15.936058 3.895668 -12.890488 -31.373148 -15.841650 93.815018 -85.960648 -91.580505 18.984522 -5.255571 -8.221794 -5.882098 9.861278 0.702591 -10.936858 -0.360575 7.156198 0.000001 8.774813 -0.000001 -16.637535 17.857138 5.761812 -1.844031 2.498500 -2.507277 -10.163589 4.678940 4.621104 -20.975996 -0.000004 0.000003 -21.226254 2.451692 -3.593992 0.000000 -0.000006 0.000000 -1.362679 2.240797 -0.746323 -21.334892 0.584910 3.008323 -13.821197 -0.000003 0.000004 -23.887129 -0.249078 -0.839478 -59.512630 1.787272 -1.045606 -0.294023 1.679684 0.833255 -14.218192 0.093214 1.300580 -34.211998 -0.287561 0.967172 -20.033178 0.964535 1.212843 0.000002 0.000002 -0.000001 -3.440383 0.788232 0.501655 -15.928167 -3.167308 2.999705 -6.338815 -0.000002 0.000002 -18.123411 3.648176 -4.905659 -0.000004 0.000001 -0.000002 -20.572962 41.214218 1.896884 -33.396244 2.009862 -62.353840 -6.427125 54.756401 -3.684292 -18.512026 3.888844 -12.707869 2.243540 -5.255033 -3.180153 14.282877 -0.826594 6.952496 -0.000001 -12.690592 -0.000002 16.397745 -18.155987 2.636294 1.665664 -1.955921 -2.878295 4.727794 -4.170583 4.993917 11.020511 0.000003 0.000000 12.109032 -3.735708 -2.866779 -0.000001 0.000001 -0.000001 1.291985 -1.928548 -1.498088 14.800113 0.567468 3.865605 14.242551 -1.341735 -6.660649 19.631939 0.143927 -0.648244 49.717464 -1.828374 -6.500477 0.353028 -1.511149 -0.031941 20.222769 3.684305 2.316628 18.787245 0.000004 0.000000 10.751610 -0.479868 1.397901 0.000000 0.000001 0.000001 3.273805 0.305947 -0.580110 21.486790 11.830361 2.266130 8.162918 0.000003 -0.000001 18.399052 -3.798978 -4.940567 0.000003 0.000000 -0.000001 -14.833830 -0.527270 -81.234093 0.008531 0.134852 60.301701 -7.066002 5.595882 -6.797635 1.568460 -1.706757 -1.849445 -0.000000 0.000000 0.000002 -30.509811 -19.748129 -56.821148 1.019969 1.576055 79.848625 24.933702 -11.457646 -20.193123 -1.513118 0.803070 -6.360951 0.000000 0.000003 -0.000002 
-9.043786 83.375229 -142.578857 14.367254 -4.930190 26.141195 2.912895 -1.521786 19.387249 2.625683 0.883164 7.914802 1.905489 -1.580461 33.153500 -22.333563 1.066698 -26.758968 -3.277688 -0.260182 -4.014121 -13.017483 1.673250 0.361875 0.000078 -0.000023 0.000008 0.387862 -0.285886 -0.086840 1.146174 -4.059389 -11.292583 -0.381182 3.479906 -11.293502 2.872852 -13.378695 5.954379 -18.279821 -32.749115 -12.318750 153.206909 -81.955132 -150.758224 18.800638 -5.100288 -6.167098 -5.882103 9.861278 0.702589 -10.936859 -0.360575 7.156196 0.000001 8.774815 -0.000002 -16.561527 17.968124 5.722960 -1.844031 2.498501 -2.507277 -10.163589 4.678941 4.621105 -20.975996 -0.000002 0.000002 -21.226254 2.451692 -3.593993 0.000000 -0.000007 0.000000 -1.362679 2.240795 -0.746323 -21.334887 0.584908 3.008319 -13.821197 -0.000001 0.000001 -23.887133 -0.249078 -0.839482 -59.405716 1.948524 -0.978134 -0.294026 1.679686 0.833254 -14.218194 0.093216 1.300578 -34.211998 -0.287563 0.967170 -20.033176 0.964536 1.212843 0.000001 0.000003 -0.000000 -3.440385 0.788232 0.501656 -15.928169 -3.167308 2.999703 -6.338817 -0.000001 0.000001 -18.123415 3.648176 -4.905662 -0.000004 0.000001 -0.000001 -18.106518 40.064575 3.629148 -30.163525 5.162613 -65.926186 -9.071595 66.305695 -6.582234 -19.178225 4.105959 -10.117527 2.243541 -5.255033 -3.180155 14.282877 -0.826594 6.952496 -0.000003 -12.690591 -0.000001 16.344757 -18.053307 2.742893 1.665665 -1.955921 -2.878296 4.727792 -4.170583 4.993917 11.020511 0.000003 0.000000 12.109033 -3.735710 -2.866781 0.000001 -0.000000 0.000001 1.291983 -1.928548 -1.498088 14.800111 0.567467 3.865602 14.242551 -1.341734 -6.660648 19.631935 0.143925 -0.648243 49.321526 -1.693031 -6.253842 0.353028 -1.511150 -0.031941 20.222769 3.684307 2.316627 18.787245 0.000004 0.000001 10.751610 -0.479867 1.397903 0.000002 0.000001 0.000000 3.273804 0.305947 -0.580109 21.486788 11.830361 2.266131 8.162916 0.000002 -0.000002 18.399054 -3.798978 -4.940569 0.000002 0.000001 -0.000002 -15.462895 -0.058932 -76.336197 -0.063522 0.120479 53.941940 -6.810164 5.473064 -4.203047 1.563982 -1.701636 -2.024553 0.000000 -0.000000 0.000002 -29.970774 -19.596294 -53.581902 0.973852 1.648670 74.203789 23.619514 -13.400929 -18.443460 -1.497377 0.750612 -6.126331 0.000000 0.000000 -0.000002 
-8.596246 85.470108 -143.079666 13.729750 -4.554706 24.560320 3.104029 -1.347699 18.778030 2.596616 1.116130 7.386308 2.561978 -1.444758 32.954418 -22.881599 1.515039 -24.592882 -3.056838 0.027464 -4.098600 -13.772403 2.148890 -2.011952 0.000078 -0.000024 0.000007 0.421968 -0.365612 -0.075332 1.146302 -4.157449 -11.359220 -0.317256 3.408420 -11.342244 1.464369 -10.959569 7.970823 -23.796402 -33.193474 -8.767127 167.332062 -76.604355 -164.605026 18.505312 -4.859582 -4.268902 -5.882103 9.861276 0.702589 -10.936858 -0.360573 7.156196 -0.000000 8.774813 -0.000001 -16.449116 18.101053 5.722695 -1.844032 2.498502 -2.507277 -10.163592 4.678940 4.621101 -20.975996 -0.000003 -0.000002 -21.226255 2.451692 -3.593997 0.000001 -0.000006 -0.000000 -1.362680 2.240795 -0.746324 -21.334892 0.584910 3.008317 -13.821197 -0.000003 0.000000 -23.887135 -0.249080 -0.839484 -59.273716 2.110180 -0.871013 -0.294024 1.679685 0.833256 -14.218194 0.093215 1.300578 -34.212006 -0.287564 0.967166 -20.033180 0.964534 1.212840 -0.000001 0.000002 -0.000002 -3.440386 0.788232 0.501653 -15.928167 -3.167306 2.999702 -6.338817 0.000002 0.000001 -18.123413 3.648176 -4.905663 -0.000003 0.000001 -0.000001 -15.457748 38.714516 5.387187 -25.259279 9.528647 -68.291069 -14.183781 77.446999 -12.208797 -18.673166 3.938947 -6.476846 2.243539 -5.255033 -3.180155 14.282873 -0.826594 6.952496 0.000000 -12.690592 -0.000000 16.395897 -18.046282 2.792266 1.665664 -1.955918 -2.878296 4.727792 -4.170585 4.993918 11.020510 0.000004 -0.000002 12.109033 -3.735711 -2.866781 0.000000 0.000000 -0.000000 1.291984 -1.928548 -1.498087 14.800107 0.567467 3.865602 14.242553 -1.341737 -6.660652 19.631933 0.143924 -0.648246 49.007111 -1.581794 -6.081288 0.353029 -1.511151 -0.031940 20.222767 3.684304 2.316628 18.787243 0.000003 0.000000 10.751610 -0.479867 1.397903 0.000003 -0.000000 -0.000000 3.273804 0.305947 -0.580110 21.486786 11.830361 2.266129 8.162916 0.000002 -0.000002 18.399048 -3.798980 -4.940568 0.000003 0.000000 0.000000 -15.673060 0.850506 -71.721359 -0.129819 0.095636 48.369682 -6.518651 5.206478 -1.644897 1.553614 -1.708732 -2.207547 0.000000 -0.000000 0.000002 -29.007879 -19.619535 -50.238373 0.908802 1.711202 69.035980 22.463102 -14.660005 -17.122814 -1.481839 0.769587 -5.922074 0.000000 0.000000 -0.000002 
-8.395568 87.050529 -143.470947 12.750010 -4.295318 22.710409 3.249948 -1.141906 18.168633 2.493145 1.336945 6.872061 3.047898 -1.300024 32.725060 -23.136232 1.947002 -22.942064 -2.723454 0.694608 -4.138216 -14.399390 2.966445 -4.225596 0.000077 -0.000023 0.000005 0.426660 -0.431857 -0.077612 1.132786 -4.233744 -11.370903 -0.287444 3.369521 -11.372751 0.425713 -8.895627 9.808239 -28.953638 -32.650040 -5.965652 173.441437 -71.956520 -170.570526 18.308908 -4.676034 -2.595416 -5.882098 9.861278 0.702590 -10.936858 -0.360577 7.156198 -0.000000 8.774814 -0.000002 -16.371939 18.216530 5.706485 -1.844030 2.498501 -2.507276 -10.163589 4.678939 4.621105 -20.975996 -0.000003 0.000004 -21.226255 2.451693 -3.593992 0.000001 -0.000005 -0.000000 -1.362680 2.240796 -0.746322 -21.334896 0.584909 3.008323 -13.821195 -0.000002 0.000003 -23.887129 -0.249079 -0.839479 -59.229019 2.300171 -0.804327 -0.294025 1.679687 0.833255 -14.218195 0.093214 1.300581 -34.212006 -0.287565 0.967173 -20.033180 0.964537 1.212843 -0.000000 0.000001 -0.000000 -3.440387 0.788232 0.501655 -15.928169 -3.167308 2.999704 -6.338818 0.000000 0.000002 -18.123413 3.648176 -4.905661 -0.000004 -0.000001 -0.000002 -12.978281 37.112396 6.895654 -18.970789 14.730262 -68.952972 -45.675346 86.961777 -44.251648 -17.650450 3.460864 -2.461747 2.243541 -5.255033 -3.180155 14.282873 -0.826593 6.952495 -0.000003 -12.690592 0.000001 16.572660 -18.161858 2.759043 1.665664 -1.955921 -2.878296 4.727793 -4.170583 4.993920 11.020511 0.000004 -0.000002 12.109032 -3.735709 -2.866780 0.000000 0.000001 0.000000 1.291986 -1.928548 -1.498088 14.800113 0.567469 3.865603 14.242553 -1.341732 -6.660649 19.631939 0.143927 -0.648243 49.015057 -1.548018 -6.023199 0.353029 -1.511149 -0.031940 20.222769 3.684308 2.316627 18.787245 0.000005 -0.000000 10.751611 -0.479867 1.397905 0.000001 0.000000 -0.000001 3.273804 0.305947 -0.580110 21.486792 11.830364 2.266131 8.162917 0.000002 -0.000002 18.399054 -3.798978 -4.940568 0.000002 -0.000001 -0.000001 -15.319962 2.150402 -67.710487 -0.166185 0.065991 44.336990 -6.306028 4.945066 0.396192 1.542469 -1.729651 -2.392345 0.000000 0.000000 0.000002 -27.719458 -19.769922 -46.906429 0.848015 1.699456 64.645157 21.599344 -15.195818 -16.512262 -1.471994 0.754407 -5.657696 -0.000000 0.000002 -0.000002 
-8.374392 88.093536 -143.702789 11.535435 -4.182971 20.660116 3.306180 -0.914996 17.616344 2.362400 1.536134 6.370167 3.296035 -1.101967 32.385483 -23.017174 2.378485 -21.654587 -2.297136 1.642064 -4.117596 -14.840740 4.011023 -6.219903 0.000076 -0.000023 0.000004 0.407081 -0.475964 -0.043230 1.111419 -4.281870 -11.340127 -0.295308 3.320918 -11.334769 -0.318548 -7.193231 11.447405 -33.549110 -31.488960 -4.114331 176.753189 -68.030746 -173.859833 18.160873 -4.493089 -1.231919 -5.882099 9.861279 0.702592 -10.936861 -0.360574 7.156199 0.000002 8.774813 -0.000002 -16.339268 18.304859 5.731647 -1.844031 2.498502 -2.507275 -10.163592 4.678939 4.621106 -20.975998 -0.000002 0.000004 -21.226255 2.451693 -3.593992 -0.000000 -0.000007 -0.000000 -1.362680 2.240795 -0.746322 -21.334892 0.584912 3.008322 -13.821197 -0.000002 0.000003 -23.887131 -0.249075 -0.839480 -59.312424 2.435003 -0.779369 -0.294025 1.679685 0.833254 -14.218195 0.093216 1.300581 -34.212002 -0.287562 0.967171 -20.033182 0.964536 1.212842 -0.000001 -0.000000 0.000000 -3.440385 0.788234 0.501657 -15.928169 -3.167308 2.999706 -6.338818 0.000001 0.000002 -18.123415 3.648178 -4.905658 -0.000004 -0.000000 -0.000002 -10.777708 35.251282 8.203943 -11.362980 20.236774 -67.810768 -170.146057 83.089645 -169.168015 -16.492699 2.827761 1.119754 2.243540 -5.255029 -3.180154 14.282878 -0.826593 6.952496 -0.000003 -12.690590 0.000002 16.623089 -18.161875 2.660774 1.665665 -1.955920 -2.878297 4.727795 -4.170584 4.993919 11.020513 0.000004 0.000000 12.109033 -3.735709 -2.866778 0.000003 0.000000 0.000000 1.291984 -1.928547 -1.498087 14.800113 0.567468 3.865604 14.242554 -1.341733 -6.660646 19.631939 0.143926 -0.648243 48.985931 -1.480011 -6.013362 0.353028 -1.511149 -0.031940 20.222769 3.684306 2.316629 18.787245 0.000005 0.000003 10.751610 -0.479869 1.397905 -0.000001 0.000000 0.000000 3.273803 0.305947 -0.580111 21.486794 11.830364 2.266131 8.162916 0.000001 0.000000 18.399057 -3.798980 -4.940566 0.000004 0.000000 0.000000 -14.535907 3.719492 -64.366486 -0.186130 0.018619 41.982082 -6.124108 4.513424 1.432441 1.532925 -1.763914 -2.502335 -0.000000 0.000000 0.000002 -26.258263 -20.113943 -43.541901 0.757676 1.626258 60.878273 21.223326 -15.124271 -17.103159 -1.462293 0.781015 -5.280894 -0.000000 0.000001 -0.000001 
-8.558951 88.741173 -143.808441 10.155621 -4.309223 18.428612 3.307528 -0.672858 17.107855 2.211513 1.691985 5.839575 3.318652 -0.802493 32.005550 -22.504358 2.742889 -20.547091 -1.814874 2.799085 -4.016492 -15.034711 5.155916 -7.925186 0.000077 -0.000022 0.000003 0.359834 -0.474176 -0.029232 1.066797 -4.274627 -11.261193 -0.344007 3.311946 -11.245268 -0.828243 -5.869469 12.854012 -37.619492 -30.078909 -3.186692 178.590714 -64.708664 -175.981674 18.050428 -4.372768 -0.258693 -5.882101 9.861279 0.702590 -10.936857 -0.360575 7.156196 -0.000000 8.774812 -0.000002 -16.332775 18.485321 5.753907 -1.844032 2.498502 -2.507277 -10.163587 4.678941 4.621102 -20.975994 -0.000005 0.000001 -21.226254 2.451689 -3.593995 0.000000 -0.000006 0.000000 -1.362683 2.240797 -0.746322 -21.334892 0.584909 3.008317 -13.821197 -0.000001 0.000000 -23.887129 -0.249080 -0.839484 -59.478500 2.488360 -0.840370 -0.294024 1.679687 0.833257 -14.218192 0.093215 1.300578 -34.211998 -0.287564 0.967167 -20.033178 0.964532 1.212840 -0.000001 0.000000 -0.000000 -3.440383 0.788232 0.501655 -15.928164 -3.167306 2.999703 -6.338817 -0.000001 0.000001 -18.123413 3.648178 -4.905662 -0.000004 0.000002 -0.000002 -8.869013 33.174416 9.430430 -2.692964 25.363373 -64.619682 -178.821854 75.522186 -178.181503 -15.424928 2.246529 3.903817 2.243541 -5.255033 -3.180154 14.282877 -0.826594 6.952497 -0.000002 -12.690592 -0.000001 16.583282 -18.077885 2.545189 1.665664 -1.955920 -2.878296 4.727793 -4.170583 4.993920 11.020511 0.000003 -0.000001 12.109031 -3.735710 -2.866779 0.000001 0.000000 0.000000 1.291983 -1.928548 -1.498088 14.800109 0.567468 3.865605 14.242550 -1.341735 -6.660651 19.631939 0.143927 -0.648242 48.972080 -1.361316 -6.051150 0.353029 -1.511149 -0.031940 20.222767 3.684305 2.316629 18.787247 0.000003 0.000003 10.751608 -0.479869 1.397903 0.000001 -0.000001 0.000001 3.273803 0.305947 -0.580111 21.486790 11.830362 2.266133 8.162916 -0.000002 -0.000001 18.399050 -3.798981 -4.940566 0.000005 0.000000 -0.000001 -13.270275 5.483111 -61.530090 -0.200619 -0.003937 41.028229 -5.973390 4.032514 1.621094 1.522642 -1.818369 -2.503844 -0.000000 -0.000000 0.000002 -24.645279 -20.658695 -40.091255 0.658593 1.537245 57.421280 21.433250 -14.542428 -18.868490 -1.456244 0.789852 -4.671107 -0.000000 -0.000000 -0.000001 
-8.957497 89.113548 -143.884796 8.740765 -4.701226 16.123238 3.245119 -0.443114 16.708534 2.032501 1.780406 5.454366 3.296315 -0.500671 31.432289 -21.861443 2.754737 -19.714560 -1.017127 4.248486 -3.906903 -15.248854 6.489284 -9.400298 0.000077 -0.000022 0.000006 0.321736 -0.497732 -0.040347 1.044415 -4.247468 -11.118004 -0.404226 3.265847 -11.079827 -1.227692 -4.952065 14.013594 -41.358501 -28.840046 -3.110717 179.700684 -62.027466 -177.461899 17.774059 -4.199421 0.103823 -5.882098 9.861277 0.702590 -10.936858 -0.360575 7.156197 0.000000 8.774814 0.000000 -16.326418 18.519569 5.724198 -1.844030 2.498502 -2.507276 -10.163587 4.678939 4.621102 -20.975994 -0.000005 0.000003 -21.226250 2.451692 -3.593994 0.000000 -0.000006 0.000001 -1.362682 2.240797 -0.746323 -21.334888 0.584908 3.008321 -13.821194 -0.000001 0.000003 -23.887129 -0.249079 -0.839480 -59.686829 2.528542 -0.864585 -0.294026 1.679686 0.833254 -14.218194 0.093214 1.300579 -34.212002 -0.287564 0.967170 -20.033180 0.964534 1.212841 -0.000001 0.000000 0.000000 -3.440384 0.788233 0.501654 -15.928165 -3.167308 2.999701 -6.338814 -0.000001 0.000001 -18.123411 3.648177 -4.905661 -0.000004 0.000002 -0.000001 -7.413853 31.170237 10.487338 6.407494 29.350048 -59.929066 178.488388 69.443001 179.038300 -14.471527 1.773595 5.922315 2.243540 -5.255033 -3.180155 14.282873 -0.826595 6.952497 -0.000000 -12.690591 0.000003 16.574203 -17.979139 2.524368 1.665665 -1.955921 -2.878297 4.727792 -4.170584 4.993919 11.020509 0.000002 0.000000 12.109029 -3.735712 -2.866779 0.000002 -0.000000 0.000000 1.291983 -1.928548 -1.498087 14.800111 0.567468 3.865604 14.242551 -1.341734 -6.660649 19.631933 0.143925 -0.648244 49.052769 -1.375553 -6.002982 0.353029 -1.511148 -0.031940 20.222763 3.684306 2.316628 18.787245 0.000004 -0.000000 10.751609 -0.479868 1.397902 0.000001 -0.000000 -0.000000 3.273804 0.305947 -0.580110 21.486792 11.830364 2.266131 8.162916 -0.000002 -0.000002 18.399050 -3.798981 -4.940566 0.000005 0.000000 -0.000001 -11.616705 7.281236 -59.013180 -0.207254 -0.053258 40.898483 -6.059157 3.551906 1.252552 1.540475 -1.874314 -2.513867 -0.000000 0.000000 0.000002 -23.104965 -21.261911 -36.866688 0.540378 1.338988 54.681923 21.853977 -13.220981 -20.686108 -1.429731 0.845788 -4.333456 -0.000000 0.000001 -0.000001 
-9.341629 89.456871 -144.011032 7.326946 -5.342091 14.029177 3.193984 -0.258750 16.252838 1.880162 1.884384 5.046978 3.101799 -0.181693 31.052076 -21.042713 2.871375 -19.118923 -0.414640 5.404301 -3.740050 -15.180276 7.698522 -10.530720 0.000076 -0.000023 0.000006 0.272350 -0.446790 -0.021012 1.024997 -4.213131 -11.029055 -0.478839 3.300070 -10.987841 -1.711547 -4.505954 14.852008 -44.069748 -27.789011 -3.768956 179.982712 -59.816948 -177.918777 17.522875 -4.076830 -0.266300 -5.882102 9.861274 0.702592 -10.936858 -0.360575 7.156197 0.000003 8.774811 -0.000001 -16.302013 18.664867 5.832130 -1.844034 2.498502 -2.507277 -10.163589 4.678939 4.621104 -20.975996 -0.000005 0.000004 -21.226254 2.451690 -3.593991 0.000000 -0.000005 -0.000000 -1.362681 2.240796 -0.746322 -21.334894 0.584909 3.008322 -13.821197 -0.000006 0.000004 -23.887133 -0.249078 -0.839478 -60.053089 2.561303 -0.976886 -0.294027 1.679684 0.833254 -14.218194 0.093214 1.300580 -34.212002 -0.287564 0.967170 -20.033176 0.964535 1.212842 -0.000000 -0.000001 0.000000 -3.440385 0.788233 0.501655 -15.928169 -3.167306 2.999705 -6.338816 -0.000001 0.000001 -18.123413 3.648173 -4.905659 -0.000004 0.000001 -0.000002 -6.404619 29.365301 11.479015 14.748512 31.953629 -54.699623 177.907867 65.081963 178.308319 -13.648795 1.725659 7.361591 2.243540 -5.255031 -3.180153 14.282875 -0.826596 6.952498 -0.000001 -12.690591 0.000003 16.474575 -17.879633 2.471409 1.665664 -1.955918 -2.878296 4.727793 -4.170584 4.993920 11.020513 0.000003 -0.000000 12.109028 -3.735708 -2.866779 0.000003 0.000000 0.000000 1.291985 -1.928548 -1.498087 14.800113 0.567468 3.865604 14.242553 -1.341734 -6.660648 19.631939 0.143926 -0.648243 49.135635 -1.348683 -6.049801 0.353029 -1.511149 -0.031940 20.222767 3.684305 2.316628 18.787245 0.000004 -0.000000 10.751610 -0.479869 1.397905 -0.000001 -0.000000 -0.000002 3.273804 0.305946 -0.580110 21.486792 11.830363 2.266130 8.162917 0.000000 -0.000002 18.399055 -3.798979 -4.940565 0.000003 0.000000 0.000000 -9.623754 8.680372 -56.649940 -0.177463 -0.088982 40.748257 -6.235342 3.527210 0.889611 1.540545 -1.929770 -2.484519 0.000000 -0.000000 0.000002 -21.737621 -21.594433 -34.449219 0.501840 1.219439 53.183754 21.584538 -11.743716 -20.579622 -1.443708 0.849719 -4.333717 -0.000000 0.000001 -0.000001 
-9.730103 89.831551 -144.220001 6.076630 -6.008475 12.214286 3.053735 -0.108431 15.791508 1.710199 1.923456 4.668075 2.795351 -0.025421 30.730595 -19.922289 3.048173 -18.652279 0.125316 6.346962 -3.585823 -15.043315 8.961580 -11.404241 0.000076 -0.000022 0.000007 0.231616 -0.404433 -0.017477 1.009617 -4.174189 -10.958906 -0.541080 3.344351 -10.914241 -2.040082 -4.416289 15.433503 -45.967567 -27.103086 -4.895092 -179.964615 -58.422443 -178.162079 17.262291 -4.025824 -1.339711 -5.882101 9.861278 0.702591 -10.936861 -0.360575 7.156198 -0.000000 8.774814 -0.000001 -16.254745 18.783478 5.876876 -1.844029 2.498502 -2.507276 -10.163589 4.678938 4.621104 -20.975994 -0.000002 0.000004 -21.226254 2.451695 -3.593992 0.000000 -0.000005 -0.000000 -1.362679 2.240797 -0.746322 -21.334887 0.584909 3.008322 -13.821197 -0.000004 0.000003 -23.887129 -0.249077 -0.839479 -60.277119 2.609526 -1.116925 -0.294024 1.679686 0.833255 -14.218190 0.093213 1.300578 -34.212002 -0.287561 0.967172 -20.033178 0.964538 1.212842 -0.000000 -0.000001 0.000000 -3.440385 0.788232 0.501655 -15.928169 -3.167306 2.999705 -6.338817 -0.000001 0.000002 -18.123415 3.648178 -4.905659 -0.000003 -0.000000 -0.000002 -5.699821 27.917801 12.334210 22.203787 33.483631 -49.550190 177.936127 62.122303 178.251877 -13.087406 1.925957 8.458868 2.243541 -5.255033 -3.180155 14.282875 -0.826594 6.952495 -0.000002 -12.690593 0.000001 16.500469 -17.941805 2.467547 1.665664 -1.955921 -2.878296 4.727794 -4.170581 4.993917 11.020514 0.000003 -0.000001 12.109031 -3.735709 -2.866777 0.000003 0.000000 0.000001 1.291984 -1.928547 -1.498087 14.800114 0.567467 3.865603 14.242553 -1.341736 -6.660648 19.631939 0.143926 -0.648246 49.257149 -1.404744 -6.106522 0.353028 -1.511149 -0.031940 20.222769 3.684305 2.316629 18.787249 0.000005 0.000002 10.751610 -0.479868 1.397903 0.000001 -0.000000 -0.000000 3.273802 0.305947 -0.580110 21.486790 11.830363 2.266131 8.162914 0.000001 0.000001 18.399054 -3.798980 -4.940569 0.000003 -0.000000 -0.000002 -7.705754 9.791014 -54.431362 -0.168059 -0.154384 40.338287 -6.440381 3.708195 0.914787 1.541865 -1.959690 -2.476162 0.000000 0.000000 0.000002 -20.526836 -21.794355 -32.393673 0.485050 1.130162 51.904682 21.035416 -10.722728 -20.012648 -1.451389 0.834207 -4.467969 -0.000000 0.000001 -0.000001 
-10.191547 90.232208 -144.615021 4.941468 -6.608966 10.685916 2.851774 0.019438 15.385011 1.514116 1.907318 4.312017 2.425665 -0.005054 30.378391 -18.544884 3.219003 -18.286642 0.604356 7.137985 -3.490920 -14.826512 10.224789 -11.999988 0.000076 -0.000022 0.000007 0.213501 -0.407319 -0.036448 0.999543 -4.167720 -10.924869 -0.570729 3.346318 -10.876390 -2.242191 -4.613488 15.735763 -47.019978 -26.580200 -6.281348 179.807526 -57.730431 -178.169617 16.951515 -4.014912 -2.723221 -5.882099 9.861279 0.702590 -10.936857 -0.360574 7.156195 -0.000002 8.774814 -0.000000 -16.119457 18.849718 5.924925 -1.844030 2.498504 -2.507276 -10.163589 4.678940 4.621104 -20.975992 -0.000003 0.000001 -21.226250 2.451695 -3.593995 0.000000 -0.000006 -0.000000 -1.362681 2.240797 -0.746323 -21.334892 0.584910 3.008320 -13.821194 -0.000001 0.000002 -23.887131 -0.249076 -0.839483 -60.371117 2.628978 -1.229270 -0.294023 1.679686 0.833254 -14.218190 0.093217 1.300579 -34.211998 -0.287563 0.967168 -20.033178 0.964535 1.212840 -0.000000 -0.000001 0.000000 -3.440384 0.788233 0.501655 -15.928167 -3.167304 2.999705 -6.338818 -0.000000 0.000002 -18.123411 3.648178 -4.905661 -0.000005 -0.000000 -0.000002 -5.197940 26.855722 12.988349 28.929277 34.199116 -44.788597 177.907104 60.182358 178.209030 -12.768666 2.310123 9.265357 2.243540 -5.255032 -3.180155 14.282877 -0.826593 6.952496 -0.000002 -12.690592 0.000002 16.613066 -18.013966 2.443645 1.665665 -1.955918 -2.878295 4.727794 -4.170583 4.993918 11.020513 0.000003 0.000001 12.109030 -3.735712 -2.866779 0.000002 0.000001 0.000000 1.291983 -1.928549 -1.498088 14.800114 0.567469 3.865605 14.242553 -1.341733 -6.660646 19.631941 0.143925 -0.648241 49.348228 -1.472959 -6.168466 0.353029 -1.511149 -0.031940 20.222771 3.684305 2.316629 18.787249 0.000004 0.000003 10.751612 -0.479868 1.397905 0.000002 0.000000 0.000000 3.273804 0.305947 -0.580110 21.486792 11.830361 2.266133 8.162919 0.000003 -0.000001 18.399054 -3.798980 -4.940565 0.000003 -0.000000 -0.000001 -5.818731 10.641424 -52.342392 -0.160419 -0.213008 39.453224 -6.742980 3.902160 1.375070 1.546083 -1.978780 -2.528485 0.000000 -0.000000 0.000002 -19.281651 -21.849556 -30.744209 0.478055 1.064927 50.769814 20.264534 -10.146651 -19.332985 -1.452628 0.820566 -4.695956 -0.000000 0.000002 -0.000001 
-10.680451 90.637375 -145.048965 3.846951 -7.120111 9.421412 2.615007 0.091057 15.037333 1.279029 1.862941 3.983891 2.054833 -0.075058 30.036636 -17.007364 3.343815 -18.043316 1.035249 7.801393 -3.418225 -14.477977 11.378411 -12.437675 0.000076 -0.000021 0.000006 0.213106 -0.432744 -0.040275 1.007622 -4.195191 -10.879627 -0.576051 3.307498 -10.828943 -2.387554 -5.074131 15.832176 -47.170074 -26.140131 -8.030531 179.495224 -57.608551 -178.045654 16.702152 -4.080919 -4.336544 -5.882102 9.861278 0.702588 -10.936857 -0.360575 7.156199 -0.000000 8.774814 -0.000002 -15.959660 18.889387 6.018056 -1.844030 2.498503 -2.507278 -10.163590 4.678938 4.621104 -20.975998 -0.000004 0.000002 -21.226255 2.451690 -3.593994 0.000000 -0.000005 -0.000000 -1.362681 2.240796 -0.746323 -21.334892 0.584908 3.008320 -13.821193 -0.000003 0.000002 -23.887129 -0.249079 -0.839483 -60.440845 2.651831 -1.284631 -0.294022 1.679686 0.833255 -14.218190 0.093214 1.300578 -34.212002 -0.287565 0.967169 -20.033176 0.964535 1.212841 -0.000000 -0.000001 0.000000 -3.440386 0.788232 0.501654 -15.928167 -3.167307 2.999703 -6.338817 0.000001 0.000002 -18.123413 3.648173 -4.905662 -0.000004 -0.000000 -0.000002 -4.664296 26.042690 13.548296 34.783459 34.477852 -40.471867 177.942902 59.047787 178.262970 -12.672179 2.811454 9.761379 2.243540 -5.255032 -3.180156 14.282875 -0.826594 6.952496 0.000001 -12.690591 0.000002 16.724699 -18.085896 2.425051 1.665664 -1.955920 -2.878296 4.727792 -4.170583 4.993918 11.020513 0.000004 -0.000000 12.109030 -3.735711 -2.866779 0.000000 0.000000 0.000000 1.291984 -1.928548 -1.498088 14.800114 0.567467 3.865604 14.242551 -1.341734 -6.660649 19.631939 0.143926 -0.648244 49.529591 -1.506170 -6.187499 0.353028 -1.511148 -0.031940 20.222767 3.684305 2.316628 18.787247 0.000004 0.000001 10.751610 -0.479868 1.397904 0.000001 0.000001 0.000000 3.273804 0.305947 -0.580109 21.486786 11.830360 2.266131 8.162916 0.000003 0.000000 18.399054 -3.798979 -4.940567 0.000003 0.000000 -0.000001 -3.915693 11.233764 -50.401585 -0.151402 -0.250606 38.348991 -7.017816 4.175261 1.995834 1.549212 -1.987274 -2.566601 -0.000000 0.000000 0.000002 -17.993727 -21.689968 -29.276253 0.470168 0.990254 49.592411 19.414246 -10.009949 -18.748396 -1.449565 0.810170 -4.877488 -0.000000 -0.000000 -0.000001 
-11.250459 91.045715 -145.459503 2.712209 -7.608590 8.498090 2.389829 0.203877 14.667198 1.116415 1.751347 3.550525 1.570033 -0.045309 29.909809 -15.251272 3.597583 -17.955107 1.202892 8.191662 -3.317490 -13.852186 12.243918 -12.520557 0.000077 -0.000022 0.000007 0.211067 -0.442816 -0.038068 1.006905 -4.216779 -10.891182 -0.585933 3.309899 -10.841014 -2.492525 -5.737757 15.852518 -46.298267 -25.821728 -10.317793 179.162537 -57.844635 -177.651108 16.635700 -4.309744 -6.113883 -5.882102 9.861279 0.702590 -10.936859 -0.360575 7.156196 -0.000000 8.774811 -0.000002 -15.754585 19.001013 6.241857 -1.844031 2.498502 -2.507275 -10.163589 4.678941 4.621103 -20.975994 -0.000003 0.000002 -21.226255 2.451690 -3.593995 0.000000 -0.000007 -0.000000 -1.362681 2.240797 -0.746322 -21.334892 0.584910 3.008321 -13.821194 -0.000003 0.000002 -23.887129 -0.249079 -0.839482 -60.336933 2.661294 -1.365827 -0.294026 1.679685 0.833255 -14.218194 0.093214 1.300579 -34.212006 -0.287564 0.967171 -20.033178 0.964535 1.212842 -0.000000 0.000000 -0.000000 -3.440387 0.788232 0.501654 -15.928171 -3.167307 2.999703 -6.338818 -0.000001 0.000001 -18.123417 3.648175 -4.905660 -0.000005 0.000001 -0.000002 -3.940635 25.365997 14.153185 39.570076 34.685688 -36.587933 178.258163 58.679081 178.583298 -12.840019 3.640498 9.934480 2.243539 -5.255032 -3.180155 14.282877 -0.826593 6.952496 -0.000002 -12.690588 0.000001 16.624775 -18.032932 2.398161 1.665665 -1.955919 -2.878297 4.727793 -4.170583 4.993918 11.020513 0.000003 -0.000002 12.109032 -3.735708 -2.866779 0.000002 0.000001 0.000000 1.291984 -1.928547 -1.498087 14.800113 0.567469 3.865602 14.242553 -1.341733 -6.660648 19.631939 0.143927 -0.648243 49.575459 -1.494835 -6.225992 0.353029 -1.511149 -0.031939 20.222769 3.684305 2.316627 18.787245 0.000004 0.000001 10.751610 -0.479867 1.397904 -0.000001 0.000001 0.000001 3.273804 0.305947 -0.580111 21.486792 11.830362 2.266129 8.162917 0.000003 -0.000001 18.399052 -3.798978 -4.940567 0.000003 -0.000001 -0.000001 -1.874839 11.620838 -48.700603 -0.144629 -0.246059 37.142200 -7.258849 4.690987 2.669067 1.536193 -1.984298 -2.556479 -0.000000 0.000000 0.000002 -16.471195 -21.334461 -28.029455 0.470311 0.973952 48.261650 18.412094 -10.324068 -18.397024 -1.471905 0.792404 -4.742884 0.000000 -0.000001 -0.000001 
-11.857476 91.513138 -145.908325 1.695332 -7.941260 7.727723 2.082311 0.211867 14.330297 0.811555 1.656955 3.332632 1.364636 -0.232493 29.621923 -13.560092 3.439956 -17.870340 1.679851 8.890985 -3.229963 -13.367558 12.889034 -12.627616 0.000077 -0.000022 0.000006 0.196043 -0.455260 -0.052416 1.008025 -4.224691 -10.853848 -0.611746 3.288650 -10.803600 -2.366392 -6.398623 15.736963 -45.283092 -25.646828 -12.680262 179.256363 -58.459564 -177.956039 16.626526 -4.355847 -8.269395 -5.882101 9.861277 0.702589 -10.936859 -0.360575 7.156199 0.000001 8.774811 -0.000001 -15.794402 18.904436 6.164220 -1.844031 2.498502 -2.507275 -10.163589 4.678939 4.621103 -20.975996 -0.000004 0.000002 -21.226254 2.451690 -3.593992 0.000000 -0.000007 -0.000001 -1.362679 2.240796 -0.746322 -21.334892 0.584908 3.008321 -13.821194 -0.000003 0.000002 -23.887129 -0.249080 -0.839481 -60.540798 2.598837 -1.330167 -0.294026 1.679686 0.833255 -14.218190 0.093213 1.300580 -34.212002 -0.287565 0.967171 -20.033178 0.964535 1.212843 0.000000 0.000001 0.000000 -3.440385 0.788233 0.501655 -15.928169 -3.167306 2.999703 -6.338818 -0.000002 0.000002 -18.123413 3.648175 -4.905660 -0.000003 -0.000000 -0.000002 -3.378493 24.851677 14.577865 44.021984 34.639542 -33.253300 178.061646 58.607372 178.373886 -13.107906 4.083908 9.905901 2.243541 -5.255032 -3.180154 14.282877 -0.826594 6.952499 -0.000002 -12.690590 0.000000 16.701290 -18.073275 2.361965 1.665665 -1.955920 -2.878297 4.727793 -4.170582 4.993918 11.020513 0.000003 -0.000001 12.109031 -3.735710 -2.866779 0.000002 0.000001 -0.000000 1.291985 -1.928548 -1.498087 14.800114 0.567468 3.865603 14.242553 -1.341733 -6.660648 19.631939 0.143926 -0.648243 49.661884 -1.429348 -6.184206 0.353028 -1.511149 -0.031940 20.222769 3.684306 2.316628 18.787249 0.000004 -0.000000 10.751610 -0.479868 1.397904 0.000000 0.000000 0.000000 3.273805 0.305946 -0.580110 21.486794 11.830361 2.266130 8.162920 0.000002 -0.000000 18.399057 -3.798980 -4.940565 0.000003 -0.000000 -0.000002 -0.037707 11.911876 -46.940990 -0.142107 -0.295053 35.441010 -7.432597 5.052659 3.647939 1.555034 -2.018117 -2.710021 -0.000000 -0.000000 0.000002 -15.025881 -20.941908 -26.721018 0.346689 0.770505 46.630108 17.842571 -10.550371 -18.162365 -1.448874 0.829167 -4.891686 -0.000000 0.000001 -0.000001 
-12.426801 92.004463 -146.403198 0.574088 -8.295178 7.181358 1.861664 0.251843 13.969651 0.572477 1.542045 3.060472 1.124736 -0.334771 29.545597 -11.854316 3.374140 -17.864834 1.997191 9.281748 -3.144067 -12.705922 13.362391 -12.381655 0.000077 -0.000021 0.000006 0.185884 -0.437219 -0.068004 1.006539 -4.203390 -10.839845 -0.638566 3.310295 -10.797764 -2.432058 -7.293766 15.607987 -43.483940 -25.564047 -15.230614 179.165085 -59.297310 -177.881912 16.685907 -4.498239 -10.192632 -5.882101 9.861278 0.702591 -10.936858 -0.360574 7.156199 -0.000000 8.774811 -0.000001 -15.735362 18.882780 6.251566 -1.844030 2.498503 -2.507275 -10.163588 4.678939 4.621105 -20.975992 -0.000004 0.000003 -21.226250 2.451691 -3.593993 0.000000 -0.000007 -0.000000 -1.362679 2.240796 -0.746322 -21.334887 0.584908 3.008322 -13.821193 -0.000002 0.000002 -23.887123 -0.249078 -0.839481 -60.539967 2.578040 -1.350524 -0.294024 1.679686 0.833255 -14.218192 0.093213 1.300580 -34.212006 -0.287564 0.967171 -20.033176 0.964534 1.212842 -0.000000 -0.000001 0.000000 -3.440385 0.788233 0.501656 -15.928167 -3.167306 2.999706 -6.338813 -0.000001 0.000001 -18.123411 3.648177 -4.905662 -0.000004 -0.000000 -0.000002 -2.765301 24.314489 15.018128 47.788208 34.864044 -30.156731 178.234604 58.987144 178.481979 -13.571888 4.747925 9.895754 2.243539 -5.255032 -3.180156 14.282875 -0.826593 6.952497 -0.000002 -12.690588 0.000001 16.574909 -18.011389 2.346252 1.665665 -1.955921 -2.878297 4.727794 -4.170584 4.993918 11.020512 0.000003 0.000001 12.109033 -3.735709 -2.866780 0.000002 0.000000 -0.000000 1.291984 -1.928548 -1.498088 14.800111 0.567468 3.865604 14.242554 -1.341734 -6.660650 19.631939 0.143925 -0.648243 49.703606 -1.321254 -6.223845 0.353028 -1.511151 -0.031939 20.222769 3.684305 2.316629 18.787247 0.000003 -0.000000 10.751610 -0.479868 1.397904 0.000002 0.000000 -0.000001 3.273803 0.305947 -0.580110 21.486788 11.830361 2.266131 8.162918 0.000002 0.000001 18.399052 -3.798982 -4.940566 0.000003 0.000000 -0.000001 1.906639 12.071349 -45.293274 -0.138374 -0.325599 33.516365 -7.627943 5.600471 4.762028 1.559629 -2.033434 -2.810887 0.000000 0.000000 0.000002 -13.406386 -20.415192 -25.711470 0.269901 0.618944 45.099728 17.040316 -10.948462 -17.501249 -1.448892 0.834469 -4.974846 0.000000 0.000000 -0.000001 
-12.963818 92.525398 -146.853729 -0.518349 -8.670415 6.783182 1.615490 0.329208 13.589227 0.374377 1.354556 2.783322 0.871607 -0.438220 29.533592 -10.040071 3.343750 -17.688007 2.227604 9.560381 -3.090149 -12.099072 13.756458 -11.909368 0.000077 -0.000023 0.000007 0.176805 -0.424706 -0.075056 1.000409 -4.182478 -10.833073 -0.647134 3.313980 -10.806802 -2.529479 -8.286025 15.570126 -41.286240 -25.475344 -17.857334 179.214539 -60.261677 -178.015976 16.786501 -4.616025 -11.681269 -5.882100 9.861278 0.702592 -10.936859 -0.360575 7.156199 0.000000 8.774812 0.000000 -15.718458 18.835258 6.281767 -1.844031 2.498502 -2.507276 -10.163589 4.678939 4.621105 -20.975994 -0.000003 0.000004 -21.226255 2.451692 -3.593991 0.000000 -0.000006 -0.000000 -1.362682 2.240796 -0.746324 -21.334887 0.584909 3.008322 -13.821194 -0.000003 0.000002 -23.887129 -0.249078 -0.839480 -60.529591 2.560824 -1.340133 -0.294023 1.679686 0.833255 -14.218197 0.093213 1.300579 -34.212006 -0.287562 0.967172 -20.033180 0.964537 1.212842 -0.000000 0.000000 -0.000000 -3.440386 0.788233 0.501655 -15.928167 -3.167306 2.999705 -6.338817 -0.000001 0.000001 -18.123411 3.648177 -4.905659 -0.000003 0.000000 -0.000002 -2.240605 23.827785 15.294334 51.364132 35.179111 -27.065638 178.585434 59.619011 178.686005 -14.140748 5.437908 10.278146 2.243540 -5.255032 -3.180156 14.282878 -0.826593 6.952497 -0.000002 -12.690588 0.000001 16.461088 -18.004232 2.366508 1.665665 -1.955920 -2.878299 4.727795 -4.170583 4.993920 11.020514 0.000003 0.000001 12.109032 -3.735710 -2.866780 -0.000000 0.000001 -0.000001 1.291984 -1.928549 -1.498089 14.800114 0.567467 3.865604 14.242556 -1.341734 -6.660647 19.631939 0.143925 -0.648242 49.752758 -1.266305 -6.257900 0.353028 -1.511149 -0.031941 20.222773 3.684305 2.316630 18.787249 0.000003 0.000001 10.751611 -0.479870 1.397905 0.000001 -0.000000 0.000003 3.273805 0.305947 -0.580110 21.486792 11.830362 2.266131 8.162920 0.000003 0.000001 18.399055 -3.798980 -4.940567 0.000003 0.000000 -0.000002 3.727603 12.290678 -43.642723 -0.144747 -0.366475 31.361053 -7.888684 6.164649 5.955437 1.562136 -2.035025 -2.911083 0.000000 -0.000000 0.000002 -11.812634 -19.879982 -24.724737 0.227230 0.479393 43.387264 16.275209 -11.279190 -16.732855 -1.453354 0.859585 -5.136278 0.000000 -0.000001 -0.000001 
-13.495025 93.034348 -147.328430 -1.532700 -9.053034 6.512292 1.380114 0.390351 13.194804 0.188794 1.146247 2.504764 0.606889 -0.508682 29.545929 -8.244272 3.373245 -17.350685 2.391765 9.716219 -3.042040 -11.499893 13.963313 -11.250925 0.000076 -0.000022 0.000005 0.170901 -0.406553 -0.075319 0.995537 -4.166878 -10.822233 -0.653591 3.336922 -10.801549 -2.641181 -9.285502 15.579561 -38.825916 -25.313499 -20.280493 179.341705 -61.400406 -178.276260 16.875275 -4.715601 -12.496476 -5.882102 9.861279 0.702589 -10.936859 -0.360575 7.156197 -0.000001 8.774813 -0.000002 -15.658549 18.819176 6.372478 -1.844030 2.498503 -2.507276 -10.163589 4.678941 4.621104 -20.975994 -0.000004 0.000001 -21.226246 2.451694 -3.593995 0.000000 -0.000005 -0.000000 -1.362681 2.240797 -0.746322 -21.334885 0.584909 3.008319 -13.821197 -0.000002 0.000000 -23.887131 -0.249079 -0.839483 -60.523087 2.556806 -1.335811 -0.294026 1.679686 0.833254 -14.218194 0.093215 1.300578 -34.211998 -0.287563 0.967168 -20.033180 0.964536 1.212841 0.000000 0.000000 0.000000 -3.440384 0.788232 0.501654 -15.928167 -3.167306 2.999704 -6.338817 -0.000001 0.000001 -18.123411 3.648177 -4.905662 -0.000003 0.000001 -0.000003 -1.805048 23.358004 15.460023 54.666992 35.512424 -24.120220 178.965607 60.260029 178.921173 -14.765632 6.098380 11.021474 2.243540 -5.255033 -3.180154 14.282878 -0.826595 6.952497 0.000000 -12.690590 -0.000001 16.386095 -17.992754 2.374049 1.665665 -1.955920 -2.878296 4.727794 -4.170583 4.993918 11.020513 0.000003 0.000000 12.109030 -3.735711 -2.866778 0.000002 0.000000 -0.000001 1.291984 -1.928548 -1.498087 14.800113 0.567467 3.865605 14.242554 -1.341736 -6.660649 19.631935 0.143924 -0.648245 49.827541 -1.267799 -6.269551 0.353028 -1.511149 -0.031941 20.222769 3.684304 2.316629 18.787245 0.000004 0.000002 10.751611 -0.479869 1.397903 0.000002 0.000000 0.000002 3.273804 0.305946 -0.580110 21.486790 11.830362 2.266133 8.162918 0.000002 0.000001 18.399048 -3.798981 -4.940567 0.000005 0.000000 -0.000002 5.392498 12.571920 -42.027935 -0.161874 -0.418551 28.972176 -8.196225 6.670618 7.229190 1.566305 -2.023299 -3.013789 -0.000000 0.000000 0.000002 -10.257597 -19.429928 -23.882725 0.201960 0.370406 41.674675 15.469886 -11.522055 -15.905628 -1.457724 0.875834 -5.279597 0.000000 0.000000 -0.000001 
-13.938102 93.502197 -147.691330 -2.457593 -9.446077 6.319691 1.169830 0.399907 12.797969 -0.001260 1.018548 2.255206 0.350721 -0.572012 29.510807 -6.517614 3.400252 -16.873644 2.533137 9.810994 -2.999535 -10.963749 14.109214 -10.472409 0.000076 -0.000023 0.000007 0.163692 -0.390004 -0.078615 0.989058 -4.158037 -10.808274 -0.663425 3.350285 -10.800504 -2.709035 -10.232669 15.611189 -36.363831 -24.991356 -22.163870 179.357285 -62.625183 -178.393677 16.905643 -4.843253 -12.681734 -5.882103 9.861279 0.702588 -10.936858 -0.360575 7.156197 0.000001 8.774813 -0.000001 -15.553566 18.819746 6.442571 -1.844030 2.498503 -2.507276 -10.163590 4.678940 4.621103 -20.975998 -0.000003 0.000004 -21.226254 2.451695 -3.593993 0.000000 -0.000006 -0.000001 -1.362681 2.240796 -0.746323 -21.334894 0.584909 3.008321 -13.821198 -0.000002 0.000003 -23.887133 -0.249077 -0.839481 -60.479942 2.557210 -1.342000 -0.294024 1.679686 0.833254 -14.218195 0.093215 1.300580 -34.212006 -0.287562 0.967169 -20.033180 0.964536 1.212840 -0.000000 -0.000000 0.000000 -3.440384 0.788233 0.501657 -15.928169 -3.167305 2.999705 -6.338815 -0.000001 0.000001 -18.123413 3.648177 -4.905661 -0.000003 -0.000000 -0.000002 -1.418874 22.893702 15.572692 57.669888 35.731014 -21.358454 179.301956 60.774841 179.135696 -15.390039 6.716331 11.926089 2.243540 -5.255033 -3.180155 14.282879 -0.826592 6.952497 -0.000003 -12.690587 0.000000 16.298990 -17.956945 2.419930 1.665665 -1.955920 -2.878297 4.727794 -4.170582 4.993918 11.020513 0.000004 -0.000000 12.109034 -3.735708 -2.866778 0.000002 -0.000000 0.000001 1.291984 -1.928546 -1.498088 14.800114 0.567468 3.865603 14.242556 -1.341734 -6.660648 19.631945 0.143927 -0.648242 49.841705 -1.258059 -6.279956 0.353028 -1.511149 -0.031941 20.222773 3.684308 2.316628 18.787245 0.000006 0.000001 10.751614 -0.479868 1.397905 -0.000002 0.000001 0.000001 3.273804 0.305947 -0.580111 21.486795 11.830364 2.266132 8.162921 0.000002 0.000001 18.399054 -3.798978 -4.940566 0.000005 0.000000 -0.000001 6.843060 12.913692 -40.535767 -0.164898 -0.458114 26.766912 -8.561023 7.062464 8.510127 1.570499 -2.001348 -3.087970 -0.000000 -0.000000 0.000002 -8.882848 -19.080757 -23.038425 0.188897 0.279088 39.958366 14.679633 -11.658132 -15.042388 -1.456886 0.906536 -5.454385 0.000000 0.000000 -0.000001 
-14.342788 93.922775 -148.028381 -3.280944 -9.817493 6.210110 0.986644 0.431276 12.428298 -0.167055 0.903132 2.007695 0.108211 -0.626988 29.396566 -4.914520 3.454057 -16.319118 2.638403 9.830198 -2.993303 -10.460506 14.162358 -9.599608 0.000077 -0.000021 0.000008 0.163253 -0.395056 -0.079249 0.989319 -4.164263 -10.810171 -0.660995 3.355444 -10.792956 -2.744226 -11.107214 15.672208 -33.982384 -24.467838 -23.589211 179.448868 -63.788006 -178.584412 16.874218 -4.911180 -12.337948 -5.882102 9.861279 0.702590 -10.936859 -0.360575 7.156198 -0.000000 8.774813 -0.000001 -15.507245 18.818817 6.512671 -1.844031 2.498502 -2.507275 -10.163588 4.678940 4.621104 -20.975994 -0.000003 0.000003 -21.226254 2.451694 -3.593994 0.000000 -0.000006 -0.000000 -1.362681 2.240797 -0.746324 -21.334892 0.584909 3.008321 -13.821197 -0.000001 0.000002 -23.887129 -0.249078 -0.839481 -60.420116 2.553675 -1.324018 -0.294025 1.679686 0.833256 -14.218194 0.093215 1.300579 -34.211998 -0.287563 0.967172 -20.033178 0.964535 1.212842 0.000000 -0.000000 0.000001 -3.440384 0.788233 0.501656 -15.928165 -3.167306 2.999705 -6.338815 -0.000001 0.000001 -18.123413 3.648177 -4.905662 -0.000004 -0.000000 -0.000003 -1.063934 22.445004 15.708428 60.211098 35.812973 -18.974413 179.494675 61.114738 179.228104 -15.959976 7.308301 12.864387 2.243539 -5.255032 -3.180154 14.282877 -0.826594 6.952496 -0.000002 -12.690590 -0.000000 16.278643 -17.941906 2.438859 1.665665 -1.955919 -2.878298 4.727794 -4.170582 4.993918 11.020513 0.000003 -0.000001 12.109031 -3.735709 -2.866779 -0.000001 -0.000000 -0.000001 1.291984 -1.928547 -1.498088 14.800111 0.567468 3.865605 14.242554 -1.341734 -6.660646 19.631935 0.143924 -0.648242 49.852112 -1.247873 -6.317919 0.353028 -1.511148 -0.031940 20.222769 3.684305 2.316629 18.787245 0.000003 0.000001 10.751610 -0.479869 1.397904 0.000001 -0.000002 -0.000000 3.273804 0.305947 -0.580110 21.486790 11.830362 2.266132 8.162918 0.000002 0.000001 18.399052 -3.798980 -4.940566 0.000005 0.000000 -0.000002 8.080172 13.360209 -39.298210 -0.171193 -0.485626 24.839100 -8.967640 7.354074 9.830363 1.572804 -1.991444 -3.180304 -0.000000 0.000000 0.000002 -7.634023 -18.788885 -22.320150 0.175430 0.198179 38.370308 13.888520 -11.693856 -14.184609 -1.462301 0.916940 -5.592870 0.000000 0.000001 -0.000001 
-14.685149 94.292625 -148.197586 -4.063934 -10.150691 6.176239 0.833635 0.480632 12.064209 -0.321434 0.805688 1.771381 -0.079482 -0.689930 29.202702 -3.388576 3.494734 -15.822927 2.735677 9.812506 -2.955719 -9.991939 14.135787 -8.655668 0.000077 -0.000022 0.000006 0.153270 -0.367960 -0.084190 0.982788 -4.135817 -10.798270 -0.677027 3.389220 -10.790479 -2.755939 -11.914515 15.671074 -31.594137 -23.652086 -24.506695 179.512344 -64.837372 -178.719315 16.714731 -4.946581 -11.713013 -5.882099 9.861279 0.702589 -10.936857 -0.360575 7.156196 -0.000000 8.774814 -0.000002 -15.401814 18.824076 6.602069 -1.844032 2.498502 -2.507276 -10.163589 4.678940 4.621103 -20.975994 -0.000003 -0.000000 -21.226250 2.451691 -3.593996 0.000000 -0.000007 -0.000000 -1.362680 2.240796 -0.746323 -21.334890 0.584907 3.008318 -13.821197 -0.000004 0.000001 -23.887131 -0.249080 -0.839483 -60.333046 2.549115 -1.305824 -0.294026 1.679686 0.833256 -14.218194 0.093214 1.300577 -34.211998 -0.287565 0.967167 -20.033180 0.964534 1.212839 -0.000000 -0.000001 -0.000001 -3.440386 0.788233 0.501655 -15.928171 -3.167307 2.999702 -6.338815 -0.000001 0.000000 -18.123411 3.648177 -4.905664 -0.000004 -0.000000 -0.000002 -0.663612 21.973682 15.819252 62.323395 35.644974 -16.870047 179.579163 61.249138 179.273834 -16.422045 7.827880 13.660973 2.243540 -5.255033 -3.180155 14.282878 -0.826594 6.952495 -0.000003 -12.690588 -0.000000 16.281656 -17.913143 2.458602 1.665665 -1.955919 -2.878297 4.727794 -4.170583 4.993917 11.020513 0.000003 -0.000001 12.109033 -3.735710 -2.866780 -0.000001 -0.000000 0.000000 1.291985 -1.928548 -1.498089 14.800114 0.567467 3.865603 14.242553 -1.341734 -6.660648 19.631939 0.143925 -0.648243 49.863232 -1.220958 -6.329848 0.353029 -1.511149 -0.031941 20.222769 3.684305 2.316629 18.787245 0.000004 -0.000002 10.751608 -0.479869 1.397902 0.000000 -0.000002 0.000000 3.273804 0.305947 -0.580110 21.486794 11.830363 2.266132 8.162918 0.000001 -0.000000 18.399054 -3.798980 -4.940569 0.000005 0.000000 -0.000002 9.162361 13.882926 -38.207569 -0.173902 -0.509823 23.202316 -9.397459 7.487434 10.818739 1.574003 -1.971613 -3.267990 0.000000 0.000000 0.000002 -6.505625 -18.541628 -21.579964 0.159095 0.147911 36.845261 13.147799 -11.685545 -13.364845 -1.464490 0.951456 -5.739709 0.000000 -0.000001 -0.000001 
-15.064056 94.610092 -148.385254 -4.797715 -10.392908 6.219671 0.704948 0.517616 11.726393 -0.461991 0.725323 1.549866 -0.212975 -0.761705 28.912701 -1.925484 3.531728 -15.431730 2.800036 9.733352 -2.946968 -9.549479 14.069742 -7.682869 0.000077 -0.000023 0.000006 0.150587 -0.361391 -0.083128 0.980377 -4.133563 -10.811246 -0.678244 3.384100 -10.801798 -2.745161 -12.633332 15.634760 -29.148626 -22.547621 -24.990625 179.578369 -65.583977 -178.843399 16.428732 -4.974818 -10.811296 -5.882101 9.861279 0.702591 -10.936860 -0.360575 7.156198 0.000001 8.774813 -0.000001 -15.315484 18.815750 6.633168 -1.844031 2.498502 -2.507275 -10.163589 4.678940 4.621106 -20.975996 -0.000004 0.000006 -21.226254 2.451694 -3.593991 0.000001 -0.000006 -0.000001 -1.362679 2.240797 -0.746321 -21.334894 0.584908 3.008322 -13.821198 -0.000002 0.000003 -23.887131 -0.249076 -0.839480 -60.230236 2.553455 -1.285777 -0.294026 1.679685 0.833255 -14.218190 0.093215 1.300581 -34.212002 -0.287563 0.967172 -20.033180 0.964536 1.212841 -0.000001 -0.000001 0.000000 -3.440387 0.788232 0.501656 -15.928169 -3.167306 2.999704 -6.338817 -0.000001 0.000003 -18.123415 3.648176 -4.905657 -0.000003 0.000000 -0.000002 -0.198674 21.496553 15.937986 63.991444 35.231754 -15.031404 179.624161 61.216934 179.297134 -16.742914 8.296804 14.293515 2.243539 -5.255033 -3.180155 14.282877 -0.826593 6.952497 -0.000003 -12.690588 -0.000001 16.269501 -17.840157 2.440344 1.665664 -1.955919 -2.878297 4.727794 -4.170582 4.993919 11.020513 0.000004 -0.000001 12.109033 -3.735709 -2.866777 -0.000001 0.000000 0.000000 1.291985 -1.928548 -1.498088 14.800114 0.567468 3.865604 14.242551 -1.341734 -6.660648 19.631939 0.143925 -0.648242 49.831509 -1.190068 -6.326797 0.353029 -1.511150 -0.031939 20.222771 3.684309 2.316629 18.787245 0.000005 0.000000 10.751612 -0.479868 1.397903 -0.000001 -0.000001 0.000000 3.273804 0.305947 -0.580111 21.486794 11.830361 2.266131 8.162919 0.000002 0.000001 18.399052 -3.798980 -4.940566 0.000005 0.000001 -0.000001 10.141884 14.458402 -37.299297 -0.182485 -0.544987 21.645924 -9.838031 7.553622 11.863231 1.575751 -1.958479 -3.347853 -0.000000 -0.000000 0.000002 -5.372110 -18.304901 -20.997629 0.135780 0.127741 35.498886 12.392944 -11.752354 -12.666463 -1.465429 0.952846 -5.890717 0.000000 -0.000001 -0.000001 
-15.308494 94.882782 -148.527740 -5.482580 -10.518100 6.337313 0.598296 0.547738 11.402316 -0.584956 0.650304 1.357818 -0.300882 -0.855226 28.574804 -0.579013 3.553142 -15.298037 2.858661 9.632481 -2.929328 -9.115991 13.962361 -6.675403 0.000077 -0.000023 0.000007 0.148596 -0.356928 -0.089810 0.976099 -4.124797 -10.816087 -0.685004 3.403609 -10.796836 -2.691728 -13.232791 15.494015 -26.596920 -21.089325 -25.139990 179.553864 -65.826637 -178.889847 15.997610 -4.961524 -9.696826 -5.882099 9.861278 0.702590 -10.936857 -0.360574 7.156198 0.000001 8.774813 -0.000000 -15.291114 18.827187 6.647702 -1.844030 2.498501 -2.507275 -10.163589 4.678941 4.621105 -20.975994 -0.000003 0.000001 -21.226254 2.451693 -3.593994 0.000000 -0.000006 -0.000000 -1.362682 2.240797 -0.746323 -21.334892 0.584910 3.008322 -13.821197 -0.000003 0.000002 -23.887125 -0.249080 -0.839480 -60.202419 2.559390 -1.266825 -0.294024 1.679686 0.833256 -14.218189 0.093215 1.300579 -34.211998 -0.287563 0.967169 -20.033175 0.964535 1.212841 0.000000 -0.000000 -0.000001 -3.440386 0.788231 0.501656 -15.928165 -3.167305 2.999705 -6.338817 -0.000000 0.000002 -18.123411 3.648177 -4.905660 -0.000003 0.000000 -0.000001 0.275625 21.034025 16.021891 65.190826 34.541622 -13.478418 179.651184 60.925941 179.306702 -16.990282 8.687812 14.788142 2.243540 -5.255033 -3.180157 14.282877 -0.826594 6.952497 -0.000002 -12.690590 0.000001 16.305342 -17.769011 2.405510 1.665665 -1.955919 -2.878296 4.727794 -4.170582 4.993920 11.020511 0.000002 -0.000001 12.109032 -3.735710 -2.866779 -0.000002 0.000000 0.000001 1.291984 -1.928547 -1.498089 14.800111 0.567468 3.865604 14.242553 -1.341735 -6.660648 19.631933 0.143925 -0.648243 49.861706 -1.142921 -6.327420 0.353028 -1.511149 -0.031940 20.222769 3.684304 2.316629 18.787245 0.000004 -0.000000 10.751613 -0.479867 1.397904 -0.000001 -0.000001 0.000001 3.273804 0.305948 -0.580110 21.486790 11.830361 2.266132 8.162917 0.000001 0.000000 18.399050 -3.798981 -4.940566 0.000004 0.000000 -0.000002 10.896302 15.053863 -36.645603 -0.205124 -0.587402 20.327324 -10.129632 7.548258 12.784803 1.573654 -1.944389 -3.431787 -0.000000 -0.000000 0.000002 -4.382548 -18.079758 -20.524916 0.130034 0.125445 34.296154 11.728862 -11.957889 -11.918798 -1.469896 0.949401 -6.026153 0.000000 0.000000 -0.000001 
-15.533998 95.080635 -148.656219 -6.110002 -10.506632 6.540710 0.516156 0.551261 11.123420 -0.712426 0.605401 1.216996 -0.328048 -0.959035 28.172979 0.655700 3.541631 -15.408100 2.907595 9.518728 -2.922158 -8.730993 13.851756 -5.699065 0.000077 -0.000023 0.000006 0.145397 -0.364064 -0.106639 0.975069 -4.132695 -10.831294 -0.689288 3.401606 -10.809327 -2.592898 -13.735207 15.330878 -23.925293 -19.357601 -25.151274 179.406677 -65.601372 -178.815552 15.330326 -4.913438 -8.386756 -5.882102 9.861280 0.702590 -10.936859 -0.360576 7.156198 -0.000000 8.774816 -0.000002 -15.390442 18.879183 6.627372 -1.844031 2.498504 -2.507275 -10.163589 4.678941 4.621103 -20.975994 -0.000004 0.000003 -21.226250 2.451694 -3.593993 0.000000 -0.000007 -0.000000 -1.362680 2.240797 -0.746322 -21.334892 0.584907 3.008322 -13.821197 -0.000003 0.000003 -23.887131 -0.249077 -0.839478 -60.213108 2.555147 -1.220106 -0.294026 1.679685 0.833256 -14.218194 0.093214 1.300580 -34.212002 -0.287566 0.967171 -20.033180 0.964534 1.212842 -0.000001 0.000000 0.000001 -3.440384 0.788233 0.501654 -15.928171 -3.167308 2.999705 -6.338817 -0.000002 0.000002 -18.123413 3.648175 -4.905660 -0.000005 0.000001 -0.000002 0.728095 20.565310 16.131838 65.934944 33.710167 -12.173717 179.782089 60.497818 179.430313 -17.154230 8.979673 15.234955 2.243539 -5.255033 -3.180155 14.282877 -0.826593 6.952497 -0.000002 -12.690592 0.000001 16.306477 -17.720226 2.399560 1.665665 -1.955920 -2.878296 4.727794 -4.170584 4.993921 11.020513 0.000003 -0.000002 12.109032 -3.735709 -2.866780 -0.000001 -0.000000 -0.000001 1.291984 -1.928547 -1.498088 14.800114 0.567468 3.865604 14.242553 -1.341735 -6.660650 19.631939 0.143925 -0.648242 49.901772 -1.090895 -6.332276 0.353028 -1.511149 -0.031940 20.222773 3.684307 2.316631 18.787247 0.000006 0.000000 10.751613 -0.479868 1.397905 -0.000002 -0.000000 -0.000000 3.273804 0.305947 -0.580111 21.486797 11.830365 2.266133 8.162919 0.000002 0.000001 18.399052 -3.798980 -4.940566 0.000004 0.000000 -0.000002 11.477529 15.680187 -36.331501 -0.227096 -0.644503 19.333849 -10.359691 7.444859 13.596521 1.571716 -1.941766 -3.499246 0.000000 0.000000 0.000002 -3.456084 -17.875637 -20.214190 0.112764 0.087710 33.292377 11.082299 -12.196247 -11.367307 -1.473248 0.940679 -6.153026 0.000000 0.000001 -0.000001 
-15.691090 95.222000 -148.731720 -6.678642 -10.419623 6.816403 0.432336 0.563908 10.902022 -0.815752 0.543515 1.115300 -0.335423 -1.057244 27.788637 1.791006 3.515514 -15.781874 2.927012 9.411560 -2.913713 -8.391883 13.679369 -4.869782 0.000077 -0.000023 0.000004 0.139632 -0.354475 -0.106491 0.976141 -4.131795 -10.824150 -0.695831 3.409138 -10.805159 -2.414386 -14.175466 15.154154 -21.230465 -17.440922 -25.268679 179.231232 -65.059914 -178.743912 14.537401 -4.799237 -7.075040 -5.882102 9.861280 0.702590 -10.936860 -0.360575 7.156199 -0.000001 8.774814 -0.000000 -15.524459 18.985300 6.606909 -1.844031 2.498502 -2.507276 -10.163590 4.678941 4.621105 -20.975992 -0.000002 0.000003 -21.226250 2.451693 -3.593994 0.000000 -0.000006 -0.000002 -1.362681 2.240796 -0.746323 -21.334887 0.584910 3.008321 -13.821195 -0.000002 0.000003 -23.887131 -0.249077 -0.839481 -60.256157 2.575865 -1.184772 -0.294026 1.679687 0.833256 -14.218190 0.093214 1.300580 -34.212002 -0.287561 0.967172 -20.033178 0.964537 1.212842 0.000000 -0.000001 -0.000000 -3.440386 0.788233 0.501655 -15.928167 -3.167306 2.999706 -6.338817 -0.000001 0.000003 -18.123411 3.648178 -4.905660 -0.000004 -0.000001 -0.000003 1.080373 20.146362 16.173740 66.307831 32.685936 -11.081568 -179.984634 59.921566 179.643997 -17.324398 9.180857 15.647111 2.243540 -5.255034 -3.180155 14.282877 -0.826594 6.952495 -0.000001 -12.690591 0.000000 16.325800 -17.664633 2.405640 1.665665 -1.955920 -2.878297 4.727795 -4.170584 4.993920 11.020513 0.000002 -0.000003 12.109033 -3.735711 -2.866780 -0.000001 -0.000000 -0.000001 1.291984 -1.928548 -1.498087 14.800111 0.567467 3.865601 14.242551 -1.341734 -6.660649 19.631935 0.143926 -0.648244 49.898724 -1.077896 -6.293497 0.353029 -1.511149 -0.031939 20.222769 3.684306 2.316628 18.787245 0.000004 -0.000001 10.751610 -0.479868 1.397905 -0.000003 -0.000001 0.000000 3.273804 0.305947 -0.580110 21.486790 11.830362 2.266130 8.162916 0.000001 -0.000002 18.399054 -3.798980 -4.940569 0.000003 0.000000 -0.000001 11.884313 16.318783 -36.296745 -0.248127 -0.693313 18.667782 -10.434510 7.295626 14.196182 1.569435 -1.940332 -3.538552 -0.000000 0.000000 0.000002 -2.634350 -17.651325 -20.060524 0.087542 0.047795 32.509663 10.537990 -12.519688 -10.899382 -1.475496 0.922446 -6.205671 0.000000 -0.000001 -0.000001 
-15.846482 95.292397 -148.733246 -7.183140 -10.275745 7.196125 0.343533 0.548122 10.757629 -0.916509 0.518061 1.069415 -0.316948 -1.146157 27.404556 2.799291 3.462179 -16.438507 2.942306 9.287990 -2.920984 -8.091374 13.458582 -4.186902 0.000077 -0.000023 0.000006 0.142925 -0.374596 -0.117032 0.983912 -4.148692 -10.828449 -0.702548 3.395599 -10.817158 -2.174306 -14.584466 14.947780 -18.616793 -15.358632 -25.558033 179.047836 -64.341957 -178.609253 13.810346 -4.607874 -5.924879 -5.882101 9.861279 0.702590 -10.936859 -0.360576 7.156199 0.000001 8.774812 -0.000003 -15.757247 19.094721 6.574240 -1.844031 2.498501 -2.507277 -10.163590 4.678938 4.621103 -20.975996 -0.000004 0.000002 -21.226255 2.451692 -3.593992 0.000000 -0.000006 -0.000000 -1.362681 2.240796 -0.746321 -21.334894 0.584909 3.008322 -13.821197 -0.000004 0.000003 -23.887135 -0.249080 -0.839479 -60.391777 2.569663 -1.119047 -0.294025 1.679687 0.833257 -14.218195 0.093213 1.300579 -34.212006 -0.287563 0.967172 -20.033180 0.964535 1.212843 -0.000001 0.000001 0.000002 -3.440386 0.788233 0.501654 -15.928169 -3.167306 2.999705 -6.338817 -0.000001 0.000001 -18.123415 3.648174 -4.905663 -0.000004 -0.000001 -0.000003 1.298890 19.719995 16.192753 66.384384 31.624292 -10.165781 -179.651413 59.291611 179.919113 -17.516432 9.252466 16.062767 2.243540 -5.255033 -3.180155 14.282877 -0.826593 6.952496 -0.000002 -12.690590 -0.000001 16.336905 -17.608070 2.430635 1.665665 -1.955920 -2.878296 4.727794 -4.170584 4.993919 11.020511 0.000003 -0.000000 12.109032 -3.735709 -2.866778 0.000001 0.000000 -0.000001 1.291984 -1.928548 -1.498088 14.800111 0.567469 3.865602 14.242553 -1.341734 -6.660649 19.631935 0.143926 -0.648243 49.904816 -1.045256 -6.257508 0.353029 -1.511149 -0.031939 20.222767 3.684308 2.316628 18.787247 0.000007 -0.000000 10.751610 -0.479867 1.397903 -0.000002 -0.000001 0.000000 3.273804 0.305947 -0.580110 21.486792 11.830363 2.266131 8.162918 0.000002 0.000000 18.399052 -3.798979 -4.940566 0.000003 0.000000 -0.000001 12.180799 16.925816 -36.646156 -0.264393 -0.730804 18.529871 -10.440717 7.105455 14.524527 1.569366 -1.941219 -3.529499 -0.000000 0.000000 0.000002 -1.869734 -17.435202 -20.104261 0.065486 0.033451 31.986765 10.059097 -12.896173 -10.653281 -1.476780 0.912874 -6.203656 -0.000000 -0.000000 -0.000001 
-15.929465 95.285645 -148.854004 -7.595167 -10.076325 7.687846 0.243238 0.542473 10.709720 -0.989985 0.485000 1.070101 -0.315353 -1.195074 27.055620 3.669583 3.401650 -17.328568 2.939709 9.117619 -2.932094 -7.812642 13.159804 -3.700152 0.000077 -0.000022 0.000007 0.144771 -0.398660 -0.126931 0.992486 -4.173470 -10.837734 -0.706706 3.370599 -10.822894 -1.873857 -14.979527 14.738277 -16.269361 -13.358066 -26.140226 178.965393 -63.757511 -178.554749 13.252906 -4.396876 -5.002208 -5.882101 9.861279 0.702590 -10.936858 -0.360575 7.156198 0.000002 8.774817 -0.000001 -15.964122 19.185150 6.541844 -1.844031 2.498503 -2.507274 -10.163590 4.678939 4.621106 -20.975994 -0.000004 0.000003 -21.226254 2.451690 -3.593992 0.000000 -0.000006 -0.000001 -1.362680 2.240797 -0.746325 -21.334890 0.584906 3.008320 -13.821197 -0.000004 0.000004 -23.887129 -0.249080 -0.839480 -60.516361 2.575657 -1.090386 -0.294025 1.679686 0.833257 -14.218194 0.093213 1.300580 -34.212006 -0.287568 0.967171 -20.033182 0.964535 1.212844 0.000001 0.000000 0.000000 -3.440387 0.788231 0.501654 -15.928171 -3.167308 2.999701 -6.338819 -0.000002 0.000000 -18.123413 3.648175 -4.905660 -0.000004 0.000000 -0.000002 1.383881 19.324659 16.125666 66.226105 30.557240 -9.474383 -179.456955 58.705124 -179.900284 -17.820820 9.170086 16.623688 2.243539 -5.255033 -3.180155 14.282878 -0.826592 6.952495 -0.000004 -12.690590 0.000001 16.313129 -17.557098 2.451309 1.665665 -1.955919 -2.878297 4.727794 -4.170582 4.993918 11.020513 0.000005 -0.000001 12.109035 -3.735708 -2.866779 -0.000001 0.000001 -0.000002 1.291984 -1.928547 -1.498088 14.800114 0.567469 3.865602 14.242553 -1.341733 -6.660645 19.631941 0.143927 -0.648244 49.894470 -1.005169 -6.206445 0.353028 -1.511149 -0.031939 20.222773 3.684309 2.316629 18.787247 0.000006 0.000000 10.751613 -0.479865 1.397903 -0.000001 -0.000001 0.000000 3.273804 0.305946 -0.580111 21.486794 11.830363 2.266129 8.162916 0.000003 -0.000001 18.399055 -3.798977 -4.940567 0.000003 -0.000000 -0.000001 12.285813 17.457449 -37.273026 -0.279154 -0.744098 18.409378 -10.373142 6.980305 14.836705 1.569920 -1.939519 -3.446703 0.000000 -0.000000 0.000002 -1.185132 -17.289551 -20.591297 0.045301 -0.005358 31.898109 9.733792 -13.329850 -10.512535 -1.473644 0.916981 -6.156381 0.000000 0.000001 -0.000001 
-15.988874 95.200958 -148.902145 -7.913726 -9.884373 8.285107 0.129478 0.540561 10.737753 -1.054848 0.469883 1.116926 -0.316087 -1.215350 26.783367 4.376869 3.334136 -18.339861 2.913772 8.905484 -2.957237 -7.529130 12.788520 -3.442798 0.000077 -0.000022 0.000004 0.149219 -0.422315 -0.133487 1.006457 -4.192649 -10.830377 -0.713440 3.347274 -10.825347 -1.511075 -15.377252 14.461376 -14.366909 -11.523751 -27.004463 179.040268 -63.421303 -178.572189 13.002479 -4.207998 -4.459575 -5.882100 9.861278 0.702591 -10.936858 -0.360575 7.156199 0.000001 8.774812 -0.000001 -16.153692 19.223860 6.473683 -1.844029 2.498502 -2.507275 -10.163589 4.678938 4.621103 -20.975998 -0.000004 0.000001 -21.226254 2.451691 -3.593993 0.000000 -0.000007 -0.000001 -1.362681 2.240796 -0.746324 -21.334887 0.584908 3.008317 -13.821195 -0.000003 0.000002 -23.887129 -0.249078 -0.839482 -60.595387 2.597157 -1.107299 -0.294025 1.679687 0.833252 -14.218192 0.093213 1.300578 -34.211998 -0.287567 0.967172 -20.033176 0.964535 1.212843 0.000001 0.000000 0.000000 -3.440386 0.788233 0.501655 -15.928169 -3.167306 2.999703 -6.338817 -0.000001 0.000003 -18.123413 3.648176 -4.905662 -0.000004 0.000001 -0.000002 1.381118 19.032227 15.959395 65.849739 29.588255 -8.994224 -179.399139 58.228363 -179.770325 -18.261566 8.984736 17.157785 2.243540 -5.255033 -3.180154 14.282877 -0.826596 6.952497 -0.000001 -12.690590 0.000001 16.264301 -17.530880 2.488071 1.665664 -1.955920 -2.878298 4.727795 -4.170584 4.993920 11.020512 0.000002 0.000000 12.109034 -3.735712 -2.866780 -0.000000 0.000001 -0.000001 1.291985 -1.928548 -1.498088 14.800113 0.567466 3.865603 14.242553 -1.341736 -6.660650 19.631939 0.143925 -0.648244 49.897339 -0.978373 -6.154462 0.353029 -1.511151 -0.031940 20.222769 3.684303 2.316627 18.787249 0.000003 0.000000 10.751611 -0.479868 1.397903 0.000001 0.000000 0.000000 3.273804 0.305946 -0.580110 21.486788 11.830360 2.266130 8.162917 0.000000 -0.000001 18.399054 -3.798982 -4.940570 0.000003 0.000000 -0.000001 12.229753 17.995640 -38.219093 -0.289657 -0.738846 18.713039 -10.424544 6.775034 14.785206 1.568781 -1.933972 -3.337859 -0.000000 0.000000 0.000002 -0.533702 -17.222368 -21.368231 0.025848 -0.043749 32.193272 9.518826 -13.618652 -10.679720 -1.471359 0.919247 -6.008732 0.000000 0.000001 -0.000001 
-15.992835 95.059013 -149.067657 -8.139061 -9.699195 8.954993 0.000907 0.540615 10.816395 -1.110016 0.462341 1.203496 -0.315146 -1.213665 26.676092 4.918510 3.273530 -19.411804 2.852527 8.633396 -3.002879 -7.238915 12.401788 -3.407190 0.000077 -0.000022 0.000006 0.153949 -0.440396 -0.125656 1.017988 -4.209691 -10.826530 -0.717720 3.322332 -10.826169 -1.133179 -15.695548 14.171110 -13.007915 -10.037212 -28.084801 179.154800 -63.310413 -178.573395 13.028971 -4.023919 -4.171522 -5.882102 9.861277 0.702586 -10.936861 -0.360576 7.156197 0.000001 8.774811 -0.000001 -16.328468 19.212158 6.404616 -1.844030 2.498502 -2.507277 -10.163591 4.678937 4.621101 -20.975996 -0.000005 0.000002 -21.226254 2.451691 -3.593995 0.000001 -0.000007 -0.000002 -1.362680 2.240797 -0.746324 -21.334894 0.584907 3.008319 -13.821197 -0.000005 0.000002 -23.887133 -0.249080 -0.839479 -60.681107 2.608043 -1.134325 -0.294024 1.679684 0.833255 -14.218192 0.093214 1.300576 -34.212002 -0.287567 0.967170 -20.033175 0.964532 1.212844 -0.000000 -0.000001 0.000001 -3.440386 0.788232 0.501653 -15.928167 -3.167308 2.999701 -6.338818 -0.000003 0.000002 -18.123411 3.648172 -4.905661 -0.000004 0.000001 -0.000003 1.389210 18.832729 15.759575 65.231422 28.876890 -8.719410 -179.466782 57.976234 -179.706863 -18.811440 8.747464 17.732681 2.243540 -5.255033 -3.180153 14.282873 -0.826594 6.952495 -0.000001 -12.690592 0.000002 16.182354 -17.541319 2.516169 1.665665 -1.955921 -2.878296 4.727793 -4.170583 4.993918 11.020510 0.000003 -0.000001 12.109030 -3.735709 -2.866781 0.000001 0.000000 -0.000002 1.291984 -1.928548 -1.498088 14.800111 0.567467 3.865603 14.242551 -1.341736 -6.660650 19.631933 0.143927 -0.648245 49.850891 -0.952350 -6.154811 0.353029 -1.511150 -0.031940 20.222763 3.684304 2.316627 18.787245 0.000004 -0.000000 10.751608 -0.479869 1.397903 -0.000001 -0.000000 -0.000000 3.273804 0.305947 -0.580111 21.486788 11.830362 2.266131 8.162915 0.000001 -0.000001 18.399050 -3.798978 -4.940566 0.000002 0.000000 -0.000001 11.986354 18.521269 -39.401623 -0.298413 -0.718722 19.078407 -10.520825 6.549701 14.803495 1.566826 -1.923685 -3.233962 -0.000000 0.000000 0.000002 -0.116473 -17.286091 -22.511585 0.042704 -0.071505 32.888561 9.567571 -13.764645 -10.713517 -1.466411 0.962231 -5.759062 -0.000000 -0.000001 -0.000001 
-15.954803 94.885567 -149.256104 -8.291245 -9.512227 9.675797 -0.122564 0.539034 10.909160 -1.159436 0.460005 1.311084 -0.296581 -1.220614 26.758408 5.266786 3.229266 -20.365255 2.742407 8.414762 -3.059097 -6.955804 11.978439 -3.609051 0.000077 -0.000023 0.000007 0.155566 -0.453746 -0.137508 1.028426 -4.220472 -10.837854 -0.724808 3.310543 -10.844963 -0.745565 -15.883324 13.897034 -12.289270 -9.075788 -29.303570 179.224930 -63.266529 -178.544098 13.256287 -3.834438 -4.152902 -5.882100 9.861280 0.702591 -10.936858 -0.360575 7.156198 0.000001 8.774815 -0.000002 -16.372299 19.154671 6.388168 -1.844029 2.498502 -2.507276 -10.163589 4.678941 4.621104 -20.975992 -0.000004 0.000001 -21.226254 2.451694 -3.593995 0.000000 -0.000008 -0.000003 -1.362681 2.240795 -0.746320 -21.334887 0.584909 3.008320 -13.821197 -0.000002 0.000000 -23.887125 -0.249081 -0.839481 -60.714996 2.632022 -1.140529 -0.294022 1.679687 0.833254 -14.218194 0.093213 1.300579 -34.212002 -0.287564 0.967170 -20.033180 0.964533 1.212843 0.000000 0.000000 0.000000 -3.440386 0.788232 0.501655 -15.928167 -3.167307 2.999706 -6.338816 0.000000 0.000003 -18.123411 3.648175 -4.905659 -0.000004 0.000000 -0.000001 1.424773 18.780102 15.599518 64.479050 28.497019 -8.561689 -179.580917 57.930309 -179.671143 -19.407883 8.492961 18.072020 2.243540 -5.255032 -3.180154 14.282875 -0.826594 6.952493 -0.000002 -12.690591 -0.000001 16.081163 -17.599783 2.541755 1.665665 -1.955920 -2.878297 4.727794 -4.170583 4.993919 11.020512 0.000003 -0.000002 12.109029 -3.735710 -2.866779 0.000001 0.000000 -0.000002 1.291984 -1.928547 -1.498089 14.800113 0.567467 3.865601 14.242554 -1.341735 -6.660650 19.631937 0.143924 -0.648244 49.837070 -0.964053 -6.182467 0.353029 -1.511149 -0.031941 20.222765 3.684305 2.316627 18.787243 0.000004 -0.000000 10.751611 -0.479869 1.397904 0.000000 0.000000 -0.000001 3.273804 0.305947 -0.580110 21.486788 11.830361 2.266130 8.162916 0.000000 -0.000001 18.399050 -3.798980 -4.940566 0.000002 0.000000 -0.000001 11.598960 19.010572 -40.745991 -0.298202 -0.691029 19.548462 -10.660766 6.296158 14.798854 1.564362 -1.908893 -3.180189 0.000000 -0.000000 0.000002 0.304543 -17.382462 -23.855350 0.052661 -0.090696 33.771805 9.614364 -13.828583 -10.870067 -1.465810 0.970568 -5.456462 0.000000 -0.000001 -0.000001 
-15.864079 94.710884 -149.452744 -8.383333 -9.295651 10.425944 -0.233877 0.552940 11.025241 -1.189459 0.442621 1.407914 -0.279841 -1.216856 26.961681 5.464006 3.206009 -21.143896 2.612813 8.201706 -3.112465 -6.700939 11.588862 -3.932659 0.000077 -0.000023 0.000005 0.155208 -0.448240 -0.132103 1.031144 -4.211365 -10.850882 -0.726790 3.314008 -10.852510 -0.360367 -15.941206 13.667203 -12.175108 -8.638392 -30.566484 179.250931 -63.136406 -178.538391 13.565553 -3.650927 -4.406747 -5.882101 9.861278 0.702588 -10.936859 -0.360577 7.156194 0.000001 8.774814 -0.000001 -16.359247 19.123777 6.362068 -1.844031 2.498502 -2.507275 -10.163590 4.678939 4.621105 -20.975994 -0.000006 0.000001 -21.226255 2.451692 -3.593994 0.000000 -0.000009 -0.000003 -1.362681 2.240798 -0.746323 -21.334887 0.584906 3.008320 -13.821197 -0.000002 0.000002 -23.887131 -0.249080 -0.839481 -60.705898 2.641209 -1.166514 -0.294023 1.679685 0.833255 -14.218190 0.093215 1.300579 -34.211998 -0.287568 0.967172 -20.033176 0.964533 1.212844 0.000001 0.000000 -0.000002 -3.440387 0.788232 0.501655 -15.928171 -3.167307 2.999705 -6.338817 -0.000001 0.000003 -18.123413 3.648174 -4.905661 -0.000004 0.000001 -0.000002 1.449518 18.842157 15.458425 63.806461 28.447350 -8.500993 -179.753693 58.133636 -179.754471 -19.966944 8.307452 18.156815 2.243540 -5.255032 -3.180154 14.282877 -0.826592 6.952494 -0.000003 -12.690590 -0.000002 15.954187 -17.606962 2.562771 1.665665 -1.955919 -2.878296 4.727793 -4.170582 4.993916 11.020512 0.000004 -0.000001 12.109033 -3.735708 -2.866779 -0.000001 -0.000001 -0.000001 1.291985 -1.928547 -1.498089 14.800117 0.567469 3.865602 14.242554 -1.341733 -6.660649 19.631939 0.143928 -0.648243 49.820274 -0.942468 -6.206334 0.353029 -1.511149 -0.031941 20.222773 3.684308 2.316627 18.787247 0.000006 -0.000000 10.751610 -0.479866 1.397903 0.000001 -0.000000 0.000001 3.273804 0.305947 -0.580110 21.486794 11.830363 2.266129 8.162917 0.000002 -0.000002 18.399054 -3.798975 -4.940567 0.000002 0.000000 -0.000002 11.120373 19.372091 -42.119816 -0.296676 -0.660104 19.949329 -10.726248 6.150549 14.807017 1.564834 -1.896375 -3.147269 -0.000000 -0.000000 0.000002 0.650844 -17.473526 -25.260410 0.059151 -0.098202 34.663502 9.702240 -13.890379 -10.997936 -1.466968 0.968821 -5.157291 0.000000 0.000000 -0.000001 
-15.757835 94.573006 -149.670044 -8.428387 -9.074425 11.182730 -0.330629 0.524715 11.139107 -1.225611 0.459987 1.536786 -0.271530 -1.212722 27.272688 5.516949 3.184477 -21.795334 2.482181 8.011288 -3.182315 -6.445912 11.262988 -4.204593 0.000077 -0.000023 0.000006 0.152640 -0.434394 -0.130153 1.026843 -4.196444 -10.863153 -0.727815 3.327066 -10.863270 0.017410 -15.917412 13.482823 -12.495226 -8.619265 -31.752857 179.073044 -62.866669 -178.311768 13.984941 -3.458530 -4.922500 -5.882102 9.861278 0.702588 -10.936858 -0.360574 7.156197 0.000001 8.774814 -0.000002 -16.340069 19.149439 6.365198 -1.844032 2.498503 -2.507276 -10.163588 4.678941 4.621106 -20.975994 -0.000002 0.000002 -21.226255 2.451692 -3.593993 0.000001 -0.000008 -0.000002 -1.362681 2.240796 -0.746323 -21.334892 0.584907 3.008321 -13.821195 -0.000002 0.000003 -23.887129 -0.249077 -0.839479 -60.699394 2.663263 -1.193249 -0.294026 1.679686 0.833256 -14.218194 0.093213 1.300580 -34.212006 -0.287562 0.967169 -20.033178 0.964536 1.212841 0.000001 0.000000 0.000000 -3.440388 0.788232 0.501658 -15.928167 -3.167307 2.999702 -6.338817 0.000000 -0.000000 -18.123415 3.648178 -4.905662 -0.000004 0.000002 -0.000002 1.430572 18.970686 15.293083 63.382690 28.690849 -8.308389 -179.898636 58.455681 -179.840958 -20.499651 8.254968 17.946671 2.243540 -5.255032 -3.180155 14.282875 -0.826593 6.952494 -0.000003 -12.690588 0.000000 15.839560 -17.577520 2.575576 1.665665 -1.955919 -2.878298 4.727792 -4.170582 4.993918 11.020510 0.000003 -0.000002 12.109032 -3.735707 -2.866781 0.000000 -0.000001 -0.000001 1.291984 -1.928547 -1.498088 14.800111 0.567468 3.865601 14.242553 -1.341733 -6.660649 19.631939 0.143927 -0.648245 49.787739 -0.921590 -6.213580 0.353029 -1.511148 -0.031940 20.222765 3.684307 2.316627 18.787243 0.000004 0.000001 10.751611 -0.479867 1.397904 0.000001 0.000001 0.000000 3.273804 0.305947 -0.580111 21.486788 11.830361 2.266128 8.162916 0.000003 -0.000000 18.399050 -3.798978 -4.940567 0.000002 0.000000 -0.000001 10.621716 19.598387 -43.396866 -0.296541 -0.642738 20.125496 -10.718100 6.119163 14.983314 1.560007 -1.870499 -3.133635 0.000000 -0.000000 0.000002 0.953487 -17.548599 -26.651886 0.074892 -0.091054 35.454685 9.814172 -13.996652 -11.020049 -1.469873 0.976097 -4.893673 0.000000 0.000000 -0.000001 
-15.769180 94.444977 -149.850998 -8.416912 -8.847499 11.953985 -0.407029 0.511218 11.241761 -1.248252 0.456003 1.698434 -0.314897 -1.192693 27.568958 5.473275 3.166660 -22.272793 2.353743 7.806329 -3.245088 -6.205507 10.958313 -4.394900 0.000077 -0.000022 0.000005 0.152941 -0.418321 -0.125359 1.016765 -4.184899 -10.890594 -0.718076 3.343285 -10.892504 0.349606 -15.859737 13.342763 -13.079698 -8.897781 -32.793293 178.844894 -62.448647 -178.109406 14.495245 -3.284844 -5.547698 -5.882100 9.861278 0.702588 -10.936860 -0.360576 7.156197 0.000003 8.774813 -0.000002 -16.265909 19.159027 6.406038 -1.844031 2.498501 -2.507276 -10.163589 4.678937 4.621103 -20.975994 -0.000008 0.000002 -21.226248 2.451688 -3.593990 0.000000 -0.000008 -0.000001 -1.362680 2.240796 -0.746324 -21.334892 0.584905 3.008322 -13.821192 -0.000003 0.000005 -23.887123 -0.249079 -0.839477 -60.676365 2.702641 -1.176580 -0.294024 1.679686 0.833255 -14.218194 0.093210 1.300580 -34.211998 -0.287569 0.967171 -20.033175 0.964533 1.212843 0.000000 0.000001 0.000000 -3.440387 0.788231 0.501654 -15.928165 -3.167308 2.999706 -6.338815 -0.000000 0.000003 -18.123411 3.648176 -4.905660 -0.000004 -0.000000 -0.000001 1.373903 19.159449 15.144837 63.122253 29.088049 -8.011016 -179.997452 58.784122 -179.924255 -21.046003 8.402740 17.636284 2.243540 -5.255033 -3.180155 14.282878 -0.826593 6.952495 -0.000003 -12.690591 0.000000 15.763889 -17.499607 2.605665 1.665665 -1.955920 -2.878296 4.727794 -4.170585 4.993917 11.020513 0.000003 -0.000002 12.109034 -3.735709 -2.866780 0.000001 -0.000001 -0.000001 1.291985 -1.928548 -1.498088 14.800113 0.567468 3.865603 14.242553 -1.341734 -6.660648 19.631939 0.143926 -0.648243 49.741596 -0.881039 -6.180541 0.353029 -1.511150 -0.031941 20.222773 3.684307 2.316629 18.787249 0.000006 -0.000001 10.751612 -0.479868 1.397903 0.000001 0.000001 0.000000 3.273804 0.305947 -0.580110 21.486797 11.830367 2.266130 8.162917 0.000003 -0.000000 18.399055 -3.798977 -4.940567 0.000003 0.000000 -0.000001 10.163841 19.772434 -44.550175 -0.305528 -0.644297 20.105318 -10.712694 6.141279 15.192729 1.561510 -1.841931 -3.107232 -0.000000 -0.000000 0.000002 1.273676 -17.594212 -28.042410 0.059314 -0.105210 36.269428 9.952144 -14.065488 -11.139523 -1.472779 0.951253 -4.722022 0.000000 0.000000 -0.000001 
-15.816726 94.315590 -149.979813 -8.391692 -8.610524 12.716405 -0.457566 0.486500 11.331286 -1.259998 0.445386 1.881047 -0.377091 -1.158792 27.834517 5.343888 3.158757 -22.639446 2.235746 7.618792 -3.297297 -5.982919 10.704413 -4.523608 0.000077 -0.000023 0.000004 0.154769 -0.410429 -0.138404 1.013213 -4.182629 -10.917759 -0.707614 3.349844 -10.921743 0.637182 -15.828602 13.193362 -13.803045 -9.357385 -33.533321 178.427338 -61.968781 -177.724533 14.995311 -3.187679 -6.115476 -5.882101 9.861277 0.702594 -10.936859 -0.360573 7.156198 0.000002 8.774814 -0.000000 -16.131113 19.159185 6.443159 -1.844030 2.498502 -2.507277 -10.163589 4.678939 4.621104 -20.975998 -0.000002 0.000001 -21.226255 2.451693 -3.593992 0.000000 -0.000008 0.000001 -1.362680 2.240797 -0.746322 -21.334890 0.584909 3.008322 -13.821197 -0.000003 0.000003 -23.887133 -0.249078 -0.839482 -60.651310 2.727581 -1.212773 -0.294024 1.679685 0.833255 -14.218192 0.093215 1.300579 -34.212006 -0.287563 0.967169 -20.033180 0.964535 1.212840 0.000000 0.000002 0.000002 -3.440384 0.788234 0.501655 -15.928165 -3.167305 2.999704 -6.338817 -0.000000 0.000001 -18.123415 3.648178 -4.905662 -0.000004 -0.000001 -0.000002 1.210474 19.353359 14.928105 63.095795 29.598421 -7.502495 -179.963776 59.115368 -179.865265 -21.579540 8.719249 17.157541 2.243540 -5.255033 -3.180154 14.282875 -0.826593 6.952494 -0.000003 -12.690590 0.000000 15.722903 -17.427280 2.628643 1.665665 -1.955920 -2.878296 4.727794 -4.170583 4.993918 11.020512 0.000003 -0.000001 12.109033 -3.735708 -2.866778 0.000000 -0.000000 -0.000000 1.291984 -1.928548 -1.498088 14.800111 0.567468 3.865600 14.242554 -1.341734 -6.660650 19.631939 0.143926 -0.648243 49.693081 -0.868997 -6.121266 0.353029 -1.511149 -0.031939 20.222771 3.684306 2.316628 18.787245 0.000005 -0.000001 10.751611 -0.479868 1.397903 -0.000001 0.000001 0.000000 3.273804 0.305947 -0.580110 21.486792 11.830361 2.266130 8.162916 0.000002 -0.000001 18.399054 -3.798977 -4.940569 0.000003 -0.000000 -0.000001 9.733728 19.839268 -45.643452 -0.311362 -0.652903 20.155176 -10.695844 6.135356 15.148802 1.561406 -1.813407 -3.049907 0.000000 -0.000000 0.000002 1.601375 -17.643330 -29.358999 0.046957 -0.078068 37.026661 10.100188 -14.085784 -11.347406 -1.478525 0.928539 -4.577981 0.000000 -0.000001 -0.000001 
-15.851892 94.165413 -150.072723 -8.345475 -8.409150 13.412416 -0.501915 0.451197 11.400735 -1.255178 0.422840 2.041479 -0.471473 -1.076026 28.096558 5.161377 3.139402 -22.931866 2.144110 7.460099 -3.320740 -5.776061 10.516313 -4.692265 0.000077 -0.000022 0.000005 0.161597 -0.408811 -0.144130 1.011126 -4.186282 -10.930243 -0.694206 3.360733 -10.932616 0.901259 -15.843513 13.023685 -14.622437 -9.952137 -33.978683 178.075775 -61.564175 -177.336502 15.468318 -3.103033 -6.637358 -5.882101 9.861279 0.702589 -10.936858 -0.360575 7.156194 -0.000000 8.774812 -0.000000 -16.014652 19.071531 6.453198 -1.844030 2.498503 -2.507278 -10.163589 4.678939 4.621104 -20.975998 -0.000001 0.000002 -21.226254 2.451692 -3.593994 0.000000 -0.000008 -0.000000 -1.362680 2.240797 -0.746324 -21.334892 0.584910 3.008319 -13.821197 -0.000000 0.000002 -23.887129 -0.249078 -0.839482 -60.624859 2.715748 -1.220002 -0.294024 1.679686 0.833256 -14.218192 0.093215 1.300579 -34.212009 -0.287561 0.967169 -20.033180 0.964537 1.212841 0.000001 0.000000 -0.000001 -3.440386 0.788231 0.501655 -15.928169 -3.167306 2.999702 -6.338818 -0.000001 0.000001 -18.123415 3.648174 -4.905662 -0.000004 -0.000000 -0.000003 0.967734 19.514921 14.720978 63.219872 30.132654 -6.894755 -179.879486 59.386921 -179.752594 -22.114012 9.184649 16.565680 2.243540 -5.255033 -3.180156 14.282878 -0.826593 6.952495 -0.000004 -12.690592 -0.000000 15.694882 -17.334238 2.593897 1.665665 -1.955920 -2.878296 4.727793 -4.170583 4.993918 11.020511 0.000003 0.000001 12.109032 -3.735709 -2.866779 0.000000 -0.000000 -0.000000 1.291984 -1.928548 -1.498088 14.800111 0.567469 3.865605 14.242554 -1.341734 -6.660648 19.631937 0.143924 -0.648242 49.576302 -0.853476 -6.114780 0.353028 -1.511149 -0.031940 20.222769 3.684308 2.316630 18.787245 0.000005 -0.000001 10.751610 -0.479868 1.397904 -0.000002 0.000001 0.000000 3.273804 0.305947 -0.580111 21.486794 11.830363 2.266132 8.162917 0.000002 0.000001 18.399052 -3.798980 -4.940566 0.000003 0.000000 -0.000001 9.416605 19.874939 -46.680866 -0.327120 -0.670457 20.203709 -10.662649 6.154422 15.264367 1.557035 -1.783990 -2.945003 0.000000 -0.000000 0.000002 1.855001 -17.666395 -30.529049 0.028252 -0.078971 37.679329 10.263886 -14.116050 -11.698373 -1.475371 0.916578 -4.418864 0.000000 0.000000 -0.000001 
-16.027504 94.060234 -150.173828 -8.284805 -8.246596 14.025652 -0.539010 0.424902 11.456094 -1.244428 0.390138 2.177413 -0.587654 -0.991694 28.312483 4.980362 3.119927 -23.101406 2.076691 7.359322 -3.356751 -5.592440 10.343592 -4.873281 0.000077 -0.000023 0.000005 0.165474 -0.397516 -0.126356 1.007399 -4.179390 -10.932342 -0.683702 3.376307 -10.937712 1.119148 -15.895589 12.854338 -15.433930 -10.606046 -34.209625 177.885986 -61.269226 -177.157486 15.957097 -3.062399 -7.123082 -5.882102 9.861279 0.702590 -10.936858 -0.360576 7.156199 0.000001 8.774813 -0.000001 -15.913234 18.982031 6.466057 -1.844031 2.498503 -2.507275 -10.163590 4.678941 4.621105 -20.975994 -0.000002 0.000003 -21.226254 2.451691 -3.593992 0.000000 -0.000008 -0.000000 -1.362680 2.240797 -0.746323 -21.334887 0.584907 3.008323 -13.821197 -0.000002 0.000005 -23.887131 -0.249078 -0.839478 -60.622196 2.700986 -1.241712 -0.294025 1.679687 0.833254 -14.218195 0.093214 1.300582 -34.212006 -0.287566 0.967174 -20.033180 0.964535 1.212845 0.000000 0.000001 -0.000001 -3.440386 0.788231 0.501655 -15.928167 -3.167306 2.999707 -6.338818 -0.000001 -0.000001 -18.123415 3.648175 -4.905661 -0.000004 -0.000000 -0.000003 0.685817 19.611059 14.498372 63.499844 30.670757 -6.214850 -179.982056 59.573814 -179.805618 -22.630386 9.666355 15.897739 2.243540 -5.255033 -3.180154 14.282877 -0.826594 6.952497 -0.000001 -12.690593 -0.000000 15.639625 -17.232477 2.601419 1.665665 -1.955920 -2.878296 4.727794 -4.170583 4.993918 11.020511 0.000003 0.000000 12.109035 -3.735710 -2.866778 -0.000000 -0.000001 0.000001 1.291984 -1.928548 -1.498087 14.800111 0.567468 3.865602 14.242554 -1.341735 -6.660647 19.631939 0.143925 -0.648242 49.449131 -0.847531 -6.089169 0.353029 -1.511149 -0.031939 20.222769 3.684307 2.316628 18.787245 0.000003 -0.000000 10.751610 -0.479869 1.397904 -0.000002 -0.000000 -0.000001 3.273804 0.305947 -0.580110 21.486792 11.830363 2.266131 8.162918 0.000003 0.000001 18.399052 -3.798979 -4.940566 0.000004 0.000001 -0.000001 9.182701 19.837585 -47.459248 -0.332604 -0.683107 20.035906 -10.587057 6.212593 15.447490 1.558159 -1.766282 -2.812021 0.000000 -0.000000 0.000002 2.167566 -17.714773 -31.625673 0.032084 -0.053196 38.376720 10.329817 -14.083861 -11.942835 -1.469982 0.914935 -4.263194 0.000000 0.000001 -0.000001 
-16.220261 93.981400 -150.254929 -8.198133 -8.156236 14.547683 -0.585952 0.400567 11.489213 -1.239910 0.360667 2.268546 -0.725333 -0.924270 28.509117 4.808371 3.100754 -23.204786 2.043144 7.308095 -3.339156 -5.442312 10.206006 -5.081317 0.000077 -0.000023 0.000005 0.165410 -0.381225 -0.126771 1.006236 -4.166984 -10.952316 -0.681449 3.393665 -10.950606 1.315800 -15.943892 12.709285 -16.237995 -11.273762 -34.200794 177.717148 -61.132442 -176.967499 16.430285 -3.062426 -7.623977 -5.882101 9.861278 0.702589 -10.936859 -0.360575 7.156200 -0.000000 8.774813 -0.000003 -15.799537 18.927057 6.507577 -1.844031 2.498503 -2.507276 -10.163590 4.678939 4.621105 -20.975994 -0.000002 0.000001 -21.226255 2.451693 -3.593992 0.000001 -0.000006 -0.000000 -1.362677 2.240798 -0.746325 -21.334892 0.584906 3.008322 -13.821197 -0.000002 0.000003 -23.887131 -0.249078 -0.839479 -60.669857 2.661037 -1.265869 -0.294024 1.679686 0.833255 -14.218192 0.093215 1.300579 -34.212002 -0.287565 0.967171 -20.033180 0.964534 1.212839 0.000000 0.000000 0.000001 -3.440384 0.788231 0.501654 -15.928167 -3.167306 2.999704 -6.338816 -0.000001 0.000001 -18.123411 3.648176 -4.905660 -0.000004 0.000000 -0.000003 0.360632 19.625368 14.302509 63.914818 31.182917 -5.415053 179.970123 59.731857 -179.884872 -23.077194 10.170095 15.409111 2.243540 -5.255033 -3.180156 14.282875 -0.826593 6.952497 -0.000004 -12.690592 0.000001 15.573668 -17.178265 2.586740 1.665665 -1.955920 -2.878296 4.727793 -4.170582 4.993919 11.020511 0.000003 -0.000002 12.109033 -3.735710 -2.866779 0.000000 -0.000000 -0.000000 1.291984 -1.928548 -1.498089 14.800111 0.567468 3.865606 14.242551 -1.341734 -6.660649 19.631935 0.143925 -0.648241 49.396492 -0.822881 -6.112492 0.353029 -1.511149 -0.031940 20.222767 3.684306 2.316632 18.787245 0.000003 -0.000001 10.751609 -0.479869 1.397905 -0.000001 -0.000000 -0.000001 3.273804 0.305947 -0.580110 21.486792 11.830362 2.266132 8.162918 0.000003 0.000001 18.399050 -3.798979 -4.940566 0.000003 0.000001 -0.000002 9.117452 19.805239 -47.972580 -0.327920 -0.688938 19.781647 -10.562449 6.326817 15.609048 1.554513 -1.760378 -2.673837 0.000000 0.000000 0.000002 2.416823 -17.757429 -32.548309 0.038897 -0.055216 38.943245 10.400796 -13.995564 -12.179585 -1.466378 0.913546 -4.102843 -0.000000 -0.000000 -0.000001 
-16.408960 93.961182 -150.323517 -8.102029 -8.089492 14.933400 -0.636511 0.362338 11.487815 -1.246459 0.365617 2.312579 -0.874645 -0.881732 28.667149 4.675917 3.060968 -23.206165 2.063516 7.299857 -3.349107 -5.326420 10.135881 -5.268276 0.000077 -0.000023 0.000005 0.161244 -0.360514 -0.107947 1.001359 -4.149824 -10.950960 -0.687241 3.418432 -10.955987 1.468387 -15.997973 12.573042 -16.930460 -11.947648 -33.945477 177.559616 -61.250469 -176.768631 16.927391 -3.106053 -7.972709 -5.882102 9.861278 0.702589 -10.936858 -0.360573 7.156196 0.000001 8.774813 -0.000003 -15.735312 18.900909 6.555037 -1.844032 2.498501 -2.507276 -10.163590 4.678939 4.621102 -20.975998 -0.000005 0.000001 -21.226255 2.451691 -3.593993 0.000001 -0.000006 -0.000001 -1.362681 2.240796 -0.746322 -21.334890 0.584907 3.008318 -13.821198 -0.000002 0.000001 -23.887135 -0.249079 -0.839484 -60.769943 2.632949 -1.293411 -0.294026 1.679685 0.833255 -14.218194 0.093215 1.300579 -34.212006 -0.287565 0.967168 -20.033178 0.964534 1.212839 0.000000 -0.000001 0.000001 -3.440386 0.788232 0.501654 -15.928165 -3.167306 2.999703 -6.338817 0.000000 0.000002 -18.123413 3.648175 -4.905662 -0.000003 0.000001 -0.000001 0.027592 19.550726 14.149829 64.457321 31.685116 -4.513869 179.964172 59.887272 -179.978821 -23.345812 10.641163 15.182065 2.243540 -5.255032 -3.180155 14.282877 -0.826594 6.952496 -0.000003 -12.690590 0.000001 15.510435 -17.125345 2.547487 1.665665 -1.955920 -2.878298 4.727794 -4.170583 4.993917 11.020511 0.000003 -0.000002 12.109031 -3.735709 -2.866780 0.000000 -0.000001 -0.000000 1.291984 -1.928548 -1.498088 14.800113 0.567468 3.865603 14.242554 -1.341733 -6.660650 19.631933 0.143926 -0.648245 49.396721 -0.789045 -6.148157 0.353029 -1.511149 -0.031940 20.222767 3.684305 2.316627 18.787245 0.000005 -0.000002 10.751610 -0.479868 1.397904 -0.000000 0.000000 -0.000001 3.273804 0.305947 -0.580110 21.486792 11.830361 2.266131 8.162916 0.000002 -0.000001 18.399050 -3.798978 -4.940567 0.000004 0.000001 -0.000002 9.078344 19.689762 -48.212925 -0.299689 -0.677919 19.312365 -10.416327 6.501884 15.907769 1.552466 -1.760566 -2.550504 -0.000000 0.000000 0.000002 2.605444 -17.797745 -33.202301 0.057104 -0.050501 39.289761 10.484848 -13.937885 -12.315340 -1.466378 0.913237 -3.961099 -0.000000 -0.000000 -0.000001 
-16.674259 94.018700 -150.342743 -8.009226 -8.019811 15.178043 -0.669355 0.323222 11.451600 -1.278892 0.389608 2.334414 -0.983411 -0.891532 28.731173 4.547251 3.040088 -23.083929 2.120355 7.296469 -3.363652 -5.196107 10.085623 -5.437802 0.000077 -0.000023 0.000006 0.157833 -0.348129 -0.114647 0.998973 -4.138016 -10.962613 -0.690872 3.434177 -10.959367 1.599100 -16.022949 12.522755 -17.480036 -12.613858 -33.535957 177.455917 -61.594944 -176.609467 17.330730 -3.155282 -8.010940 -5.882100 9.861277 0.702590 -10.936858 -0.360575 7.156198 -0.000000 8.774810 -0.000001 -15.624737 18.860355 6.610696 -1.844031 2.498502 -2.507277 -10.163589 4.678937 4.621104 -20.975994 -0.000004 0.000003 -21.226250 2.451692 -3.593994 0.000001 -0.000006 -0.000001 -1.362680 2.240797 -0.746322 -21.334892 0.584908 3.008321 -13.821195 -0.000002 0.000003 -23.887129 -0.249077 -0.839481 -60.768524 2.613441 -1.313052 -0.294022 1.679687 0.833256 -14.218194 0.093213 1.300578 -34.212006 -0.287566 0.967171 -20.033176 0.964533 1.212842 -0.000001 -0.000001 0.000000 -3.440386 0.788230 0.501655 -15.928167 -3.167308 2.999705 -6.338814 0.000000 0.000002 -18.123413 3.648174 -4.905660 -0.000004 -0.000000 -0.000003 -0.331564 19.397352 14.052194 65.084480 32.055244 -3.606509 179.876785 60.003563 179.869980 -23.397804 11.004390 15.126844 2.243540 -5.255031 -3.180156 14.282877 -0.826592 6.952495 -0.000004 -12.690590 0.000001 15.398062 -17.048035 2.533609 1.665665 -1.955920 -2.878295 4.727793 -4.170583 4.993918 11.020512 0.000004 -0.000003 12.109031 -3.735708 -2.866780 0.000000 -0.000000 -0.000001 1.291984 -1.928548 -1.498088 14.800114 0.567469 3.865603 14.242554 -1.341733 -6.660649 19.631937 0.143927 -0.648245 49.286644 -0.788667 -6.178358 0.353029 -1.511149 -0.031941 20.222767 3.684307 2.316625 18.787247 0.000006 -0.000003 10.751610 -0.479866 1.397904 -0.000002 0.000001 -0.000002 3.273804 0.305947 -0.580112 21.486794 11.830366 2.266130 8.162918 0.000001 -0.000001 18.399048 -3.798977 -4.940566 0.000004 0.000000 -0.000001 9.157146 19.571213 -48.102547 -0.278101 -0.680315 18.583899 -10.331695 6.725898 16.382313 1.551453 -1.752023 -2.449663 -0.000000 -0.000000 0.000002 2.801507 -17.864407 -33.555458 0.063241 -0.043140 39.440300 10.536983 -13.834510 -12.328513 -1.469210 0.929856 -3.872028 -0.000000 -0.000001 -0.000001 
-16.894686 94.103416 -150.345184 -7.899662 -7.989775 15.252990 -0.690214 0.331624 11.426945 -1.288936 0.378764 2.302939 -1.099516 -0.913524 28.729544 4.462341 3.036108 -22.844587 2.181248 7.317967 -3.364376 -5.075227 10.037167 -5.558054 0.000077 -0.000023 0.000004 0.159247 -0.342523 -0.115364 0.998099 -4.132358 -10.975385 -0.689096 3.441519 -10.974936 1.764638 -16.010439 12.511492 -17.908394 -13.226094 -33.007538 177.350327 -62.049545 -176.534729 17.615852 -3.243986 -7.565680 -5.882100 9.861279 0.702590 -10.936863 -0.360575 7.156199 -0.000002 8.774813 -0.000002 -15.545347 18.833881 6.655201 -1.844031 2.498503 -2.507276 -10.163591 4.678939 4.621102 -20.975994 -0.000002 0.000002 -21.226254 2.451693 -3.593992 0.000001 -0.000006 -0.000001 -1.362681 2.240797 -0.746323 -21.334892 0.584909 3.008320 -13.821198 -0.000002 0.000002 -23.887129 -0.249079 -0.839479 -60.746929 2.618222 -1.316673 -0.294024 1.679687 0.833254 -14.218192 0.093215 1.300580 -34.212006 -0.287561 0.967170 -20.033180 0.964534 1.212840 0.000000 -0.000001 0.000000 -3.440387 0.788233 0.501655 -15.928167 -3.167305 2.999704 -6.338817 -0.000001 0.000000 -18.123415 3.648175 -4.905662 -0.000003 -0.000000 -0.000003 -0.694501 19.215933 13.989500 65.569618 32.181232 -2.879771 179.759354 60.053295 179.637268 -23.294725 11.180819 15.189943 2.243539 -5.255032 -3.180156 14.282877 -0.826593 6.952497 -0.000001 -12.690590 0.000001 15.344172 -16.989832 2.493390 1.665665 -1.955920 -2.878297 4.727794 -4.170583 4.993918 11.020512 0.000003 -0.000001 12.109031 -3.735710 -2.866779 0.000000 -0.000001 -0.000000 1.291984 -1.928548 -1.498088 14.800111 0.567468 3.865604 14.242553 -1.341735 -6.660645 19.631939 0.143925 -0.648242 49.226250 -0.772832 -6.215084 0.353029 -1.511149 -0.031938 20.222771 3.684307 2.316630 18.787245 0.000004 -0.000000 10.751610 -0.479868 1.397904 -0.000001 0.000001 -0.000000 3.273804 0.305947 -0.580109 21.486794 11.830365 2.266132 8.162917 0.000002 0.000000 18.399050 -3.798979 -4.940566 0.000005 0.000001 -0.000000 9.247234 19.450085 -47.752037 -0.258701 -0.677770 17.805576 -10.287658 6.914304 16.844673 1.553484 -1.751631 -2.421297 0.000000 -0.000000 0.000002 2.899042 -17.999491 -33.633091 0.066155 -0.041013 39.419392 10.617696 -13.684463 -12.305737 -1.474802 0.947712 -3.814362 0.000000 -0.000001 -0.000001 
-17.102142 94.232437 -150.389465 -7.791315 -7.920102 15.178680 -0.683657 0.330463 11.382045 -1.308522 0.405993 2.262847 -1.174119 -0.981070 28.608831 4.389554 3.068696 -22.487059 2.270786 7.271609 -3.359270 -4.927791 10.018715 -5.621717 0.000077 -0.000023 0.000005 0.164441 -0.355221 -0.121955 1.002418 -4.148971 -10.990859 -0.681417 3.431942 -10.990325 1.953740 -15.972136 12.518176 -18.221819 -13.744135 -32.342693 177.225464 -62.472103 -176.478531 17.786463 -3.427929 -6.733453 -5.882101 9.861278 0.702592 -10.936861 -0.360576 7.156201 -0.000000 8.774810 -0.000003 -15.454040 18.852201 6.687667 -1.844030 2.498500 -2.507276 -10.163589 4.678938 4.621104 -20.975994 -0.000005 0.000006 -21.226255 2.451692 -3.593990 0.000000 -0.000006 -0.000001 -1.362682 2.240795 -0.746324 -21.334887 0.584907 3.008323 -13.821197 -0.000002 0.000004 -23.887129 -0.249077 -0.839477 -60.663120 2.642825 -1.337277 -0.294023 1.679687 0.833256 -14.218194 0.093214 1.300579 -34.212013 -0.287565 0.967174 -20.033180 0.964536 1.212846 -0.000000 -0.000001 0.000001 -3.440384 0.788233 0.501655 -15.928169 -3.167308 2.999704 -6.338819 -0.000002 0.000003 -18.123415 3.648174 -4.905657 -0.000003 -0.000001 -0.000003 -0.983812 19.019239 13.964389 65.978729 32.070751 -2.290698 179.519714 60.063805 179.412842 -23.042618 11.174859 15.233458 2.243539 -5.255032 -3.180155 14.282878 -0.826594 6.952497 -0.000002 -12.690588 -0.000001 15.370089 -16.949429 2.469493 1.665665 -1.955920 -2.878297 4.727794 -4.170582 4.993918 11.020513 0.000003 -0.000001 12.109034 -3.735709 -2.866778 -0.000001 -0.000001 -0.000000 1.291984 -1.928548 -1.498088 14.800113 0.567468 3.865603 14.242553 -1.341733 -6.660648 19.631941 0.143925 -0.648243 49.226833 -0.799381 -6.220291 0.353029 -1.511149 -0.031941 20.222771 3.684306 2.316628 18.787249 0.000005 -0.000000 10.751611 -0.479869 1.397905 -0.000001 0.000000 -0.000000 3.273804 0.305947 -0.580111 21.486795 11.830363 2.266131 8.162920 0.000002 0.000002 18.399055 -3.798979 -4.940566 0.000005 0.000001 -0.000000 9.362243 19.308846 -47.121479 -0.254058 -0.673915 16.724405 -10.235340 7.068459 17.538969 1.560431 -1.750157 -2.438521 0.000000 -0.000000 0.000002 2.972809 -18.214996 -33.507435 0.066548 -0.034061 39.269154 10.641325 -13.580487 -12.139028 -1.473017 0.962846 -3.798399 0.000000 0.000000 -0.000001 
-17.227749 94.351128 -150.254288 -7.682778 -7.831585 14.979674 -0.667264 0.363634 11.321724 -1.323426 0.430353 2.217440 -1.218856 -1.051351 28.378824 4.364450 3.094521 -22.061693 2.365846 7.243608 -3.362774 -4.747818 9.979082 -5.632527 0.000077 -0.000023 0.000005 0.172709 -0.371593 -0.123087 1.009826 -4.168495 -10.995933 -0.673589 3.418865 -11.001592 2.166245 -15.931930 12.529185 -18.445475 -14.150626 -31.598717 177.058014 -62.858707 -176.381363 17.812365 -3.691740 -5.579021 -5.882099 9.861279 0.702589 -10.936860 -0.360577 7.156197 -0.000000 8.774814 -0.000003 -15.441705 18.862274 6.658096 -1.844032 2.498503 -2.507275 -10.163589 4.678938 4.621104 -20.975998 -0.000004 0.000003 -21.226254 2.451690 -3.593993 0.000000 -0.000006 -0.000000 -1.362682 2.240795 -0.746323 -21.334890 0.584906 3.008318 -13.821197 -0.000003 0.000002 -23.887133 -0.249080 -0.839479 -60.507351 2.636157 -1.344780 -0.294024 1.679687 0.833255 -14.218190 0.093213 1.300579 -34.211998 -0.287567 0.967171 -20.033176 0.964534 1.212841 -0.000000 0.000001 0.000002 -3.440387 0.788231 0.501654 -15.928169 -3.167308 2.999702 -6.338818 -0.000001 0.000003 -18.123413 3.648173 -4.905662 -0.000003 0.000000 -0.000003 -1.165927 18.851759 13.966371 66.208969 31.712303 -1.968136 179.219482 60.014053 179.171555 -22.702629 11.039779 15.292221 2.243540 -5.255033 -3.180155 14.282877 -0.826592 6.952495 -0.000002 -12.690588 -0.000001 15.412751 -16.949142 2.457039 1.665664 -1.955920 -2.878296 4.727793 -4.170583 4.993919 11.020512 0.000004 -0.000002 12.109032 -3.735709 -2.866778 0.000000 -0.000001 0.000000 1.291984 -1.928548 -1.498089 14.800114 0.567468 3.865605 14.242551 -1.341734 -6.660648 19.631941 0.143927 -0.648240 49.239960 -0.832513 -6.227260 0.353029 -1.511149 -0.031939 20.222773 3.684308 2.316629 18.787245 0.000006 -0.000001 10.751611 -0.479868 1.397905 0.000001 0.000000 -0.000001 3.273804 0.305947 -0.580109 21.486792 11.830363 2.266130 8.162917 0.000002 0.000001 18.399052 -3.798978 -4.940567 0.000004 0.000001 -0.000001 9.451969 19.168278 -46.514896 -0.263374 -0.667134 16.163818 -10.231887 7.059024 17.759466 1.561311 -1.759068 -2.463583 0.000000 -0.000001 0.000002 2.892729 -18.447493 -33.037434 0.068227 -0.009883 38.968697 10.726278 -13.495557 -12.087967 -1.473152 0.955818 -3.812072 -0.000000 -0.000000 -0.000001 
-17.334759 94.469109 -150.158630 -7.569562 -7.773402 14.673326 -0.647388 0.389179 11.278023 -1.329208 0.475955 2.140051 -1.233578 -1.118939 28.135693 4.351024 3.118948 -21.653069 2.461676 7.179403 -3.359976 -4.553736 9.959818 -5.666214 0.000077 -0.000023 0.000005 0.176971 -0.386617 -0.124013 1.010680 -4.186804 -10.996428 -0.666124 3.410982 -11.005139 2.380927 -15.860614 12.480981 -18.534275 -14.428132 -30.990427 176.954971 -63.157356 -176.379425 17.722801 -3.963212 -4.422140 -5.882102 9.861278 0.702589 -10.936858 -0.360575 7.156197 0.000001 8.774813 -0.000002 -15.467518 18.915802 6.624237 -1.844029 2.498503 -2.507276 -10.163589 4.678940 4.621104 -20.975992 -0.000003 0.000000 -21.226254 2.451691 -3.593995 0.000001 -0.000006 -0.000000 -1.362679 2.240798 -0.746324 -21.334894 0.584910 3.008321 -13.821197 -0.000002 0.000002 -23.887129 -0.249077 -0.839481 -60.377865 2.640480 -1.365093 -0.294024 1.679688 0.833254 -14.218190 0.093215 1.300578 -34.211998 -0.287563 0.967170 -20.033175 0.964535 1.212842 0.000000 -0.000000 0.000001 -3.440385 0.788231 0.501656 -15.928167 -3.167305 2.999702 -6.338815 -0.000001 0.000001 -18.123413 3.648176 -4.905662 -0.000003 -0.000000 -0.000003 -1.245605 18.669416 13.987817 66.198555 31.248705 -1.870994 178.954910 59.901119 179.065582 -22.362930 10.798479 15.272944 2.243540 -5.255033 -3.180156 14.282878 -0.826593 6.952498 -0.000003 -12.690588 0.000001 15.477057 -16.965002 2.453171 1.665665 -1.955920 -2.878296 4.727793 -4.170582 4.993918 11.020512 0.000003 -0.000003 12.109030 -3.735709 -2.866782 0.000001 -0.000001 -0.000002 1.291984 -1.928548 -1.498088 14.800114 0.567468 3.865604 14.242554 -1.341734 -6.660648 19.631941 0.143926 -0.648243 49.327755 -0.838185 -6.206749 0.353029 -1.511149 -0.031938 20.222771 3.684306 2.316627 18.787245 0.000005 -0.000001 10.751613 -0.479868 1.397904 0.000001 0.000000 0.000000 3.273804 0.305947 -0.580110 21.486794 11.830361 2.266131 8.162919 0.000002 0.000000 18.399055 -3.798978 -4.940568 0.000004 0.000000 0.000000 9.531913 19.058199 -45.882622 -0.275285 -0.681023 15.729129 -10.223200 6.979532 18.052114 1.562947 -1.770883 -2.485300 0.000000 -0.000000 0.000002 2.755784 -18.682005 -32.492699 0.057714 -0.017048 38.703812 10.729080 -13.427792 -11.952306 -1.469356 0.955007 -3.842683 0.000000 0.000001 -0.000001 
-17.387428 94.546829 -149.972733 -7.467638 -7.723180 14.342193 -0.627081 0.430654 11.228110 -1.309034 0.487575 2.041682 -1.231824 -1.147907 27.878710 4.363727 3.116703 -21.277178 2.516951 7.175170 -3.367322 -4.346217 9.870743 -5.646864 0.000077 -0.000023 0.000005 0.175110 -0.383598 -0.113312 1.005819 -4.190564 -11.016336 -0.666730 3.417890 -11.020562 2.582283 -15.760364 12.410186 -18.549370 -14.553429 -30.563641 176.972427 -63.408058 -176.506714 17.558491 -4.146157 -3.410343 -5.882102 9.861279 0.702591 -10.936860 -0.360574 7.156198 -0.000000 8.774813 -0.000001 -15.551514 18.935862 6.556199 -1.844031 2.498504 -2.507275 -10.163590 4.678940 4.621103 -20.975996 -0.000004 0.000002 -21.226254 2.451692 -3.593993 0.000001 -0.000007 -0.000001 -1.362679 2.240796 -0.746324 -21.334892 0.584907 3.008319 -13.821197 -0.000003 0.000003 -23.887133 -0.249079 -0.839480 -60.369198 2.626974 -1.371784 -0.294023 1.679687 0.833256 -14.218194 0.093214 1.300580 -34.212006 -0.287563 0.967171 -20.033176 0.964534 1.212843 -0.000000 0.000000 0.000000 -3.440384 0.788233 0.501655 -15.928167 -3.167306 2.999702 -6.338815 -0.000001 0.000001 -18.123411 3.648178 -4.905662 -0.000003 -0.000001 -0.000002 -1.262326 18.511492 14.038917 66.027405 30.766880 -2.040707 178.649124 59.790436 178.945175 -22.099333 10.525408 15.054429 2.243539 -5.255032 -3.180155 14.282878 -0.826593 6.952496 -0.000003 -12.690591 0.000000 15.545254 -16.989098 2.457963 1.665665 -1.955919 -2.878296 4.727794 -4.170583 4.993918 11.020511 0.000004 -0.000002 12.109031 -3.735709 -2.866779 0.000001 -0.000000 -0.000001 1.291984 -1.928548 -1.498087 14.800114 0.567468 3.865604 14.242554 -1.341734 -6.660648 19.631939 0.143925 -0.648242 49.383499 -0.855990 -6.203046 0.353029 -1.511149 -0.031940 20.222771 3.684307 2.316627 18.787245 0.000006 -0.000001 10.751608 -0.479868 1.397903 -0.000000 0.000001 -0.000000 3.273804 0.305947 -0.580110 21.486797 11.830364 2.266131 8.162917 0.000002 0.000001 18.399055 -3.798978 -4.940567 0.000004 0.000000 -0.000000 9.590618 18.966509 -45.408489 -0.296758 -0.697544 15.764626 -10.217714 6.820601 17.955717 1.559263 -1.788077 -2.490803 0.000000 0.000000 0.000002 2.530819 -18.864574 -31.867563 0.061947 -0.023929 38.475819 10.787161 -13.459579 -11.927185 -1.469567 0.982485 -3.891160 0.000000 -0.000001 -0.000001 
-17.422638 94.628212 -149.730377 -7.366583 -7.679584 13.976817 -0.597605 0.446286 11.169631 -1.289219 0.536550 1.947034 -1.196410 -1.173702 27.608500 4.350379 3.085677 -20.888834 2.547839 7.168951 -3.369483 -4.143009 9.764798 -5.667573 0.000077 -0.000023 0.000005 0.167890 -0.382823 -0.119305 0.994875 -4.190024 -11.012978 -0.671106 3.424111 -11.031890 2.731401 -15.631145 12.342540 -18.477791 -14.639455 -30.151926 176.922211 -63.707329 -176.544022 17.311214 -4.238359 -2.610972 -5.882099 9.861278 0.702588 -10.936859 -0.360575 7.156199 0.000002 8.774814 0.000000 -15.651311 18.991205 6.507011 -1.844031 2.498502 -2.507275 -10.163590 4.678938 4.621106 -20.975996 -0.000005 0.000004 -21.226254 2.451690 -3.593991 0.000001 -0.000008 -0.000000 -1.362682 2.240796 -0.746324 -21.334890 0.584908 3.008321 -13.821197 -0.000004 0.000003 -23.887129 -0.249080 -0.839479 -60.382938 2.632701 -1.370361 -0.294027 1.679686 0.833257 -14.218194 0.093214 1.300580 -34.212006 -0.287563 0.967170 -20.033176 0.964533 1.212841 -0.000000 0.000000 -0.000000 -3.440387 0.788233 0.501654 -15.928165 -3.167307 2.999706 -6.338816 -0.000001 0.000002 -18.123411 3.648175 -4.905662 -0.000005 -0.000000 -0.000002 -1.214944 18.370550 14.140454 65.699089 30.353178 -2.449882 178.474426 59.791416 178.943085 -21.831747 10.241844 14.614832 2.243540 -5.255033 -3.180156 14.282878 -0.826592 6.952495 -0.000002 -12.690590 -0.000002 15.584520 -17.032551 2.490875 1.665665 -1.955920 -2.878297 4.727794 -4.170583 4.993919 11.020511 0.000003 -0.000000 12.109033 -3.735709 -2.866780 0.000000 -0.000001 -0.000002 1.291984 -1.928548 -1.498087 14.800114 0.567469 3.865602 14.242553 -1.341734 -6.660648 19.631937 0.143927 -0.648242 49.488548 -0.867712 -6.205224 0.353029 -1.511150 -0.031940 20.222769 3.684306 2.316629 18.787245 0.000005 -0.000002 10.751611 -0.479868 1.397905 0.000001 0.000000 0.000000 3.273804 0.305947 -0.580111 21.486792 11.830362 2.266132 8.162916 0.000003 0.000001 18.399052 -3.798979 -4.940566 0.000003 0.000000 -0.000001 9.657958 18.855272 -44.929718 -0.302108 -0.708536 15.949276 -10.230283 6.628482 17.732550 1.555617 -1.789319 -2.492024 0.000000 0.000000 0.000002 2.259483 -19.026205 -31.159645 0.053292 -0.032260 38.243641 10.838448 -13.500290 -11.864727 -1.466151 0.969303 -3.933680 -0.000000 -0.000000 -0.000001 
-17.474195 94.662247 -149.453430 -7.273356 -7.652555 13.641489 -0.552426 0.456021 11.104120 -1.276166 0.574421 1.859161 -1.129658 -1.159025 27.362610 4.362790 3.028506 -20.587999 2.532472 7.182073 -3.344596 -3.944447 9.620562 -5.746397 0.000077 -0.000023 0.000005 0.157184 -0.370818 -0.106526 0.984465 -4.176496 -11.014575 -0.681214 3.430321 -11.033974 2.902753 -15.468823 12.265720 -18.405819 -14.666865 -29.834412 176.827148 -63.977680 -176.524857 16.987408 -4.242080 -1.995634 -5.882102 9.861279 0.702589 -10.936858 -0.360574 7.156196 0.000000 8.774815 0.000000 -15.733234 19.066628 6.505715 -1.844031 2.498505 -2.507276 -10.163588 4.678942 4.621104 -20.975992 -0.000000 -0.000001 -21.226250 2.451693 -3.593996 0.000001 -0.000008 -0.000002 -1.362681 2.240797 -0.746322 -21.334890 0.584910 3.008319 -13.821197 -0.000003 0.000002 -23.887129 -0.249077 -0.839482 -60.466740 2.644837 -1.350751 -0.294025 1.679685 0.833256 -14.218189 0.093214 1.300579 -34.211998 -0.287561 0.967167 -20.033178 0.964534 1.212839 -0.000001 0.000000 0.000001 -3.440385 0.788233 0.501658 -15.928167 -3.167305 2.999701 -6.338817 -0.000001 0.000000 -18.123415 3.648180 -4.905664 -0.000004 -0.000001 -0.000002 -1.153511 18.244801 14.232751 65.227234 30.021460 -3.066061 178.270203 59.859890 178.869431 -21.620417 9.973060 14.074381 2.243540 -5.255033 -3.180156 14.282878 -0.826594 6.952497 -0.000002 -12.690590 0.000000 15.571305 -17.088114 2.508934 1.665665 -1.955920 -2.878298 4.727793 -4.170583 4.993918 11.020512 0.000003 -0.000001 12.109034 -3.735710 -2.866780 0.000001 -0.000001 -0.000002 1.291984 -1.928548 -1.498088 14.800111 0.567468 3.865604 14.242553 -1.341736 -6.660648 19.631939 0.143926 -0.648243 49.530685 -0.899536 -6.215033 0.353029 -1.511150 -0.031940 20.222769 3.684306 2.316628 18.787245 0.000003 -0.000001 10.751610 -0.479869 1.397904 -0.000001 0.000001 -0.000000 3.273804 0.305946 -0.580109 21.486792 11.830362 2.266134 8.162918 0.000002 0.000000 18.399052 -3.798980 -4.940568 0.000004 0.000001 -0.000000 9.754885 18.750240 -44.563931 -0.312445 -0.710222 16.357836 -10.287058 6.463874 17.264793 1.556799 -1.799191 -2.498869 -0.000000 0.000000 0.000002 1.990651 -19.124193 -30.489382 0.052302 -0.033847 38.081047 10.924990 -13.550746 -11.987242 -1.468287 0.975258 -3.987692 0.000000 -0.000001 -0.000001 
-17.469423 94.690254 -149.190460 -7.184938 -7.645728 13.364497 -0.511227 0.471031 11.037243 -1.260422 0.590731 1.779109 -1.055416 -1.147393 27.165600 4.360726 2.982219 -20.375668 2.513037 7.200544 -3.350951 -3.762281 9.495630 -5.859949 0.000077 -0.000022 0.000005 0.149046 -0.363411 -0.107621 0.977083 -4.168731 -11.021166 -0.690403 3.435792 -11.039292 3.025579 -15.263419 12.218349 -18.361097 -14.710279 -29.573706 176.672211 -64.282654 -176.402679 16.659607 -4.174380 -1.481092 -5.882102 9.861278 0.702593 -10.936860 -0.360574 7.156197 0.000001 8.774813 0.000000 -15.843800 19.154001 6.516095 -1.844031 2.498501 -2.507277 -10.163589 4.678938 4.621106 -20.975992 -0.000003 0.000002 -21.226250 2.451692 -3.593994 0.000001 -0.000008 -0.000002 -1.362679 2.240798 -0.746323 -21.334892 0.584909 3.008323 -13.821194 -0.000001 0.000004 -23.887123 -0.249076 -0.839479 -60.558243 2.652674 -1.345828 -0.294025 1.679686 0.833254 -14.218190 0.093215 1.300580 -34.212006 -0.287561 0.967172 -20.033178 0.964537 1.212842 -0.000000 0.000002 -0.000001 -3.440386 0.788231 0.501656 -15.928167 -3.167305 2.999705 -6.338818 -0.000002 0.000001 -18.123411 3.648177 -4.905659 -0.000004 -0.000001 -0.000002 -1.075338 18.183338 14.324880 64.677864 29.775661 -3.842823 178.093765 60.066319 178.790695 -21.411518 9.726382 13.469052 2.243539 -5.255033 -3.180155 14.282877 -0.826593 6.952497 -0.000003 -12.690588 0.000001 15.539437 -17.160738 2.549710 1.665664 -1.955920 -2.878296 4.727794 -4.170582 4.993918 11.020511 0.000002 -0.000001 12.109030 -3.735709 -2.866779 0.000001 -0.000000 -0.000002 1.291984 -1.928547 -1.498089 14.800111 0.567467 3.865604 14.242553 -1.341735 -6.660646 19.631939 0.143925 -0.648242 49.518288 -0.938033 -6.242154 0.353029 -1.511149 -0.031941 20.222769 3.684305 2.316629 18.787245 0.000004 -0.000001 10.751611 -0.479869 1.397904 -0.000000 0.000001 -0.000000 3.273804 0.305947 -0.580109 21.486792 11.830361 2.266133 8.162917 0.000002 0.000001 18.399052 -3.798981 -4.940567 0.000003 0.000000 -0.000001 9.803288 18.641550 -44.272461 -0.316193 -0.706335 16.766214 -10.323743 6.325666 16.773447 1.558116 -1.809426 -2.507595 -0.000000 0.000000 0.000002 1.705652 -19.169147 -29.884560 0.042756 -0.048004 37.880695 11.020547 -13.613564 -12.094712 -1.468984 0.973425 -4.014632 0.000000 -0.000001 -0.000001 
-17.415855 94.715332 -148.967392 -7.113516 -7.623885 13.170238 -0.464889 0.464957 10.965648 -1.240956 0.631142 1.717774 -0.952653 -1.161425 26.998446 4.316122 2.944594 -20.326885 2.509563 7.213285 -3.342987 -3.626154 9.399056 -5.999924 0.000077 -0.000023 0.000006 0.141533 -0.357551 -0.102357 0.969439 -4.159520 -11.000175 -0.697308 3.439125 -11.021400 3.058532 -15.039032 12.222379 -18.327538 -14.800610 -29.471420 176.660751 -64.524429 -176.392471 16.300673 -4.055832 -1.054073 -5.882102 9.861279 0.702589 -10.936856 -0.360575 7.156196 0.000001 8.774814 -0.000000 -15.922201 19.230839 6.526569 -1.844031 2.498501 -2.507277 -10.163589 4.678939 4.621104 -20.975996 -0.000004 -0.000001 -21.226255 2.451692 -3.593995 0.000000 -0.000007 -0.000000 -1.362680 2.240797 -0.746324 -21.334887 0.584909 3.008317 -13.821197 -0.000003 0.000002 -23.887129 -0.249079 -0.839482 -60.619907 2.679338 -1.306009 -0.294024 1.679686 0.833255 -14.218190 0.093214 1.300578 -34.212002 -0.287567 0.967168 -20.033175 0.964531 1.212840 -0.000000 0.000001 0.000001 -3.440386 0.788233 0.501655 -15.928169 -3.167307 2.999704 -6.338817 -0.000003 -0.000001 -18.123413 3.648174 -4.905665 -0.000004 -0.000000 -0.000003 -0.971732 18.179724 14.429087 64.023720 29.626610 -4.669578 178.024994 60.436432 178.815948 -21.202473 9.518672 12.833636 2.243540 -5.255033 -3.180155 14.282877 -0.826595 6.952496 -0.000001 -12.690590 -0.000001 15.494915 -17.248768 2.582093 1.665664 -1.955920 -2.878296 4.727793 -4.170584 4.993918 11.020511 0.000001 -0.000002 12.109029 -3.735711 -2.866781 0.000001 -0.000000 -0.000001 1.291984 -1.928548 -1.498087 14.800111 0.567466 3.865603 14.242553 -1.341736 -6.660650 19.631939 0.143924 -0.648243 49.442051 -0.962604 -6.285417 0.353028 -1.511149 -0.031939 20.222769 3.684304 2.316628 18.787245 0.000004 -0.000003 10.751612 -0.479868 1.397904 -0.000000 0.000000 -0.000000 3.273804 0.305946 -0.580111 21.486788 11.830361 2.266132 8.162916 0.000001 0.000001 18.399050 -3.798980 -4.940566 0.000003 0.000000 -0.000000 9.805893 18.527565 -44.076317 -0.324510 -0.699884 17.103632 -10.322602 6.251757 16.341724 1.561670 -1.818994 -2.520060 -0.000000 0.000000 0.000002 1.451932 -19.184227 -29.379921 0.034067 -0.054205 37.624657 11.120186 -13.700425 -12.191388 -1.469277 0.982198 -4.045977 0.000000 -0.000001 -0.000001 
-17.315302 94.742218 -148.770065 -7.049242 -7.603584 13.066354 -0.407935 0.474094 10.944217 -1.207231 0.640424 1.689624 -0.843929 -1.166094 26.877634 4.222095 2.920750 -20.442505 2.506591 7.208584 -3.344449 -3.527231 9.282212 -6.145595 0.000077 -0.000022 0.000005 0.136249 -0.358068 -0.107619 0.962105 -4.153056 -10.997430 -0.700827 3.432738 -11.010504 3.020036 -14.839062 12.218212 -18.433119 -14.983683 -29.500109 176.641968 -64.675026 -176.418350 15.930627 -3.942763 -0.619581 -5.882102 9.861279 0.702588 -10.936860 -0.360573 7.156195 0.000001 8.774813 -0.000001 -16.027859 19.257547 6.520644 -1.844030 2.498503 -2.507275 -10.163589 4.678939 4.621102 -20.975998 -0.000002 0.000001 -21.226254 2.451694 -3.593994 0.000000 -0.000008 -0.000001 -1.362681 2.240796 -0.746324 -21.334892 0.584909 3.008321 -13.821195 -0.000003 0.000002 -23.887131 -0.249078 -0.839480 -60.666405 2.657340 -1.273652 -0.294023 1.679687 0.833255 -14.218192 0.093216 1.300578 -34.212006 -0.287561 0.967165 -20.033176 0.964536 1.212838 0.000000 0.000001 0.000002 -3.440383 0.788233 0.501656 -15.928165 -3.167305 2.999703 -6.338817 -0.000002 0.000003 -18.123417 3.648175 -4.905663 -0.000004 0.000002 -0.000002 -0.856160 18.241493 14.490471 63.272972 29.588644 -5.521798 178.014084 60.978355 178.829239 -21.009277 9.392920 12.192677 2.243540 -5.255033 -3.180155 14.282877 -0.826594 6.952495 -0.000003 -12.690593 0.000000 15.507534 -17.309998 2.591479 1.665665 -1.955920 -2.878295 4.727794 -4.170584 4.993920 11.020510 0.000002 -0.000001 12.109030 -3.735710 -2.866779 0.000001 -0.000001 -0.000001 1.291984 -1.928548 -1.498088 14.800111 0.567467 3.865602 14.242553 -1.341735 -6.660648 19.631937 0.143925 -0.648244 49.410671 -0.956346 -6.319831 0.353029 -1.511149 -0.031939 20.222765 3.684304 2.316627 18.787243 0.000004 -0.000003 10.751608 -0.479869 1.397903 0.000001 0.000001 -0.000001 3.273803 0.305947 -0.580112 21.486788 11.830361 2.266129 8.162916 0.000002 0.000002 18.399050 -3.798980 -4.940568 0.000003 0.000000 -0.000002 9.745502 18.419928 -44.019569 -0.326568 -0.694346 17.461330 -10.293043 6.176493 15.974990 1.561820 -1.824971 -2.547755 0.000000 0.000000 0.000002 1.214960 -19.158121 -29.001528 0.024434 -0.054614 37.364262 11.237100 -13.775551 -12.234611 -1.467978 0.961853 -4.089172 0.000000 0.000000 -0.000001 
-17.241959 94.759163 -148.669983 -6.983318 -7.584002 13.068219 -0.353050 0.485997 10.960519 -1.161687 0.646802 1.694427 -0.735675 -1.183931 26.818872 4.114437 2.922495 -20.815916 2.476346 7.198077 -3.306148 -3.470252 9.156603 -6.291315 0.000077 -0.000023 0.000006 0.129110 -0.357619 -0.107389 0.955539 -4.149693 -10.982459 -0.707795 3.430809 -11.005716 2.930607 -14.657037 12.222003 -18.743820 -15.296183 -29.651196 176.681366 -64.734108 -176.474777 15.685906 -3.850830 -0.177817 -5.882101 9.861279 0.702594 -10.936861 -0.360574 7.156199 0.000001 8.774812 0.000000 -16.079699 19.280796 6.502109 -1.844031 2.498503 -2.507275 -10.163589 4.678941 4.621104 -20.975994 -0.000004 0.000003 -21.226255 2.451695 -3.593991 0.000000 -0.000008 -0.000000 -1.362680 2.240796 -0.746323 -21.334887 0.584910 3.008320 -13.821197 -0.000002 0.000003 -23.887131 -0.249077 -0.839480 -60.701412 2.634029 -1.270911 -0.294025 1.679686 0.833255 -14.218194 0.093215 1.300580 -34.212002 -0.287561 0.967173 -20.033180 0.964537 1.212842 -0.000000 0.000001 0.000001 -3.440383 0.788232 0.501657 -15.928167 -3.167305 2.999702 -6.338817 -0.000001 0.000002 -18.123415 3.648176 -4.905660 -0.000005 -0.000000 -0.000001 -0.688440 18.380877 14.524877 62.356209 29.615732 -6.380261 178.122009 61.756176 178.928696 -20.866903 9.355068 11.582625 2.243540 -5.255033 -3.180156 14.282877 -0.826594 6.952497 -0.000001 -12.690592 0.000001 15.539827 -17.363611 2.622929 1.665665 -1.955920 -2.878296 4.727794 -4.170584 4.993919 11.020512 0.000003 -0.000000 12.109033 -3.735711 -2.866780 0.000001 -0.000001 -0.000001 1.291984 -1.928548 -1.498088 14.800111 0.567468 3.865605 14.242551 -1.341735 -6.660648 19.631933 0.143926 -0.648244 49.374363 -0.952963 -6.328914 0.353029 -1.511149 -0.031942 20.222767 3.684305 2.316628 18.787243 0.000004 -0.000000 10.751610 -0.479869 1.397904 -0.000000 0.000002 -0.000000 3.273804 0.305947 -0.580110 21.486792 11.830361 2.266131 8.162916 0.000001 0.000001 18.399052 -3.798980 -4.940568 0.000004 0.000002 -0.000002 9.661111 18.328283 -44.049843 -0.325531 -0.677584 17.623346 -10.304172 6.126915 15.818507 1.562005 -1.829423 -2.590137 -0.000000 0.000000 0.000002 1.057855 -19.098186 -28.836426 0.014049 -0.074195 37.150021 11.351553 -13.923284 -12.314524 -1.465196 0.952764 -4.136333 0.000000 0.000001 -0.000001 
-17.118198 94.782715 -148.660339 -6.911120 -7.587439 13.198756 -0.288501 0.502064 10.985641 -1.102944 0.637646 1.732151 -0.624100 -1.172801 26.835171 3.913924 2.926884 -21.354622 2.418080 7.158529 -3.278923 -3.483238 9.035546 -6.534805 0.000077 -0.000023 0.000006 0.123078 -0.353617 -0.101965 0.953217 -4.142781 -10.975359 -0.718134 3.433871 -10.997783 2.747940 -14.545124 12.215293 -19.259689 -15.810880 -29.940372 176.834457 -64.873360 -176.659470 15.601501 -3.814929 0.174117 -5.882100 9.861276 0.702591 -10.936858 -0.360575 7.156193 0.000001 8.774812 -0.000001 -16.081163 19.249420 6.521012 -1.844032 2.498501 -2.507277 -10.163589 4.678939 4.621101 -20.975992 -0.000007 0.000000 -21.226248 2.451690 -3.593992 -0.000000 -0.000007 0.000001 -1.362680 2.240795 -0.746323 -21.334888 0.584906 3.008317 -13.821194 -0.000005 0.000001 -23.887129 -0.249081 -0.839481 -60.793304 2.635008 -1.246546 -0.294025 1.679686 0.833255 -14.218190 0.093214 1.300579 -34.211998 -0.287566 0.967171 -20.033175 0.964533 1.212843 -0.000000 0.000002 -0.000000 -3.440384 0.788232 0.501654 -15.928167 -3.167306 2.999702 -6.338815 0.000000 0.000001 -18.123411 3.648174 -4.905661 -0.000004 0.000000 -0.000002 -0.479712 18.572237 14.507939 61.259377 29.770845 -7.234516 178.289627 62.811016 179.068405 -20.756910 9.358530 11.068789 2.243540 -5.255032 -3.180155 14.282877 -0.826594 6.952495 -0.000004 -12.690590 0.000001 15.535214 -17.387281 2.682210 1.665665 -1.955920 -2.878298 4.727794 -4.170584 4.993920 11.020512 0.000003 -0.000001 12.109033 -3.735709 -2.866779 0.000001 -0.000001 -0.000002 1.291985 -1.928547 -1.498088 14.800111 0.567468 3.865603 14.242556 -1.341733 -6.660648 19.631941 0.143926 -0.648245 49.345119 -0.912369 -6.293623 0.353029 -1.511149 -0.031940 20.222769 3.684306 2.316627 18.787247 0.000005 -0.000002 10.751611 -0.479866 1.397903 -0.000000 0.000001 -0.000000 3.273804 0.305947 -0.580111 21.486795 11.830363 2.266130 8.162917 0.000002 0.000001 18.399054 -3.798977 -4.940568 0.000003 0.000001 -0.000001 9.499427 18.229429 -44.190563 -0.319567 -0.659838 17.598017 -10.229795 6.120275 15.861586 1.561212 -1.829701 -2.606549 -0.000000 0.000000 0.000002 0.943241 -19.073692 -28.934595 0.016207 -0.079798 37.005501 11.501094 -14.046591 -12.270308 -1.466133 0.964469 -4.197219 0.000000 0.000001 -0.000001 
-16.977343 94.761581 -148.653656 -6.795743 -7.615778 13.381180 -0.213277 0.500397 11.037714 -1.055512 0.647991 1.805869 -0.501769 -1.142534 26.952505 3.622696 2.899198 -22.032225 2.313479 7.095303 -3.269552 -3.527671 8.919120 -6.838962 0.000077 -0.000023 0.000006 0.116674 -0.344469 -0.088072 0.949991 -4.131057 -10.959705 -0.726770 3.437819 -10.983603 2.548601 -14.496098 12.181844 -20.055698 -16.539843 -30.226643 177.004440 -65.118431 -176.763214 15.737603 -3.845179 0.408546 -5.882102 9.861279 0.702589 -10.936858 -0.360573 7.156196 -0.000000 8.774814 -0.000001 -16.104725 19.227163 6.470932 -1.844031 2.498502 -2.507275 -10.163590 4.678940 4.621103 -20.975996 -0.000004 -0.000001 -21.226255 2.451692 -3.593994 0.000000 -0.000007 -0.000000 -1.362682 2.240795 -0.746322 -21.334887 0.584909 3.008320 -13.821197 -0.000003 0.000002 -23.887131 -0.249077 -0.839482 -60.858608 2.638623 -1.247388 -0.294024 1.679686 0.833256 -14.218195 0.093214 1.300576 -34.212002 -0.287563 0.967170 -20.033178 0.964535 1.212843 -0.000000 0.000000 0.000001 -3.440385 0.788234 0.501656 -15.928173 -3.167308 2.999704 -6.338817 -0.000002 0.000000 -18.123415 3.648176 -4.905662 -0.000004 -0.000000 -0.000001 -0.252447 18.792521 14.493627 59.884808 30.115116 -8.065155 178.599899 64.099655 179.304489 -20.702269 9.358659 10.792742 2.243539 -5.255033 -3.180156 14.282875 -0.826594 6.952498 -0.000003 -12.690592 0.000001 15.545568 -17.422651 2.736583 1.665665 -1.955920 -2.878296 4.727793 -4.170583 4.993918 11.020511 0.000003 -0.000002 12.109033 -3.735711 -2.866780 0.000001 -0.000001 -0.000002 1.291984 -1.928547 -1.498088 14.800111 0.567468 3.865604 14.242553 -1.341735 -6.660648 19.631937 0.143927 -0.648242 49.384186 -0.849311 -6.248200 0.353028 -1.511150 -0.031940 20.222769 3.684306 2.316630 18.787243 0.000004 0.000000 10.751610 -0.479868 1.397905 -0.000000 0.000001 -0.000000 3.273804 0.305947 -0.580110 21.486788 11.830361 2.266130 8.162916 0.000002 0.000001 18.399050 -3.798979 -4.940566 0.000003 0.000001 -0.000001 9.269295 18.126875 -44.518009 -0.312606 -0.645581 17.809519 -10.199223 6.099192 15.773525 1.558655 -1.821129 -2.611935 -0.000000 0.000000 0.000002 0.791441 -19.102715 -29.181465 0.027295 -0.083986 37.012932 11.707520 -14.095252 -12.340097 -1.464483 0.961167 -4.201930 -0.000000 0.000001 -0.000001 
-16.830704 94.703743 -148.681107 -6.655524 -7.660662 13.634659 -0.134340 0.498975 11.121171 -1.011066 0.649815 1.911860 -0.383009 -1.095719 27.227560 3.239369 2.833093 -22.859884 2.166632 7.039158 -3.273514 -3.608164 8.789419 -7.232558 0.000077 -0.000022 0.000007 0.106418 -0.328172 -0.098069 0.944109 -4.106299 -10.964614 -0.741219 3.449633 -10.983079 2.349835 -14.452418 12.167830 -20.984365 -17.460642 -30.572868 177.139099 -65.496803 -176.849030 16.151972 -3.937735 0.254422 -5.882099 9.861279 0.702590 -10.936858 -0.360576 7.156197 -0.000001 8.774812 -0.000001 -16.089119 19.148706 6.466954 -1.844032 2.498502 -2.507273 -10.163588 4.678938 4.621104 -20.975998 -0.000006 0.000000 -21.226255 2.451692 -3.593995 0.000000 -0.000007 -0.000001 -1.362679 2.240795 -0.746322 -21.334887 0.584906 3.008317 -13.821198 -0.000003 0.000001 -23.887135 -0.249080 -0.839481 -60.941525 2.659341 -1.268686 -0.294024 1.679685 0.833254 -14.218192 0.093214 1.300578 -34.212006 -0.287566 0.967167 -20.033180 0.964532 1.212843 -0.000001 0.000001 0.000002 -3.440385 0.788232 0.501655 -15.928169 -3.167306 2.999704 -6.338817 -0.000002 0.000004 -18.123415 3.648174 -4.905661 -0.000003 -0.000000 -0.000002 -0.009436 19.067553 14.446674 58.197361 30.657425 -8.943597 179.105255 65.557129 179.714340 -20.722521 9.309005 10.755048 2.243540 -5.255033 -3.180156 14.282873 -0.826593 6.952494 -0.000002 -12.690591 -0.000001 15.487897 -17.428299 2.803624 1.665665 -1.955920 -2.878296 4.727793 -4.170583 4.993917 11.020510 0.000004 -0.000002 12.109030 -3.735709 -2.866781 0.000001 -0.000001 -0.000002 1.291984 -1.928548 -1.498087 14.800114 0.567469 3.865603 14.242553 -1.341735 -6.660649 19.631937 0.143927 -0.648243 49.381809 -0.796182 -6.203689 0.353029 -1.511150 -0.031940 20.222767 3.684308 2.316628 18.787243 0.000006 -0.000001 10.751611 -0.479867 1.397904 -0.000001 0.000001 -0.000000 3.273803 0.305947 -0.580109 21.486790 11.830363 2.266131 8.162919 0.000003 0.000000 18.399050 -3.798978 -4.940567 0.000004 0.000001 -0.000002 8.991299 18.022007 -44.999123 -0.307481 -0.639303 18.113358 -10.158566 6.116430 15.646986 1.554576 -1.826434 -2.562755 0.000000 0.000000 0.000002 0.659525 -19.187958 -29.651072 0.033479 -0.069095 37.232014 11.933120 -14.050159 -12.433203 -1.461460 0.978610 -4.162701 0.000000 0.000000 -0.000001 
-16.555437 94.604614 -148.759430 -6.488448 -7.700288 13.905520 -0.050685 0.481406 11.207984 -0.954214 0.648616 2.062886 -0.228030 -1.047091 27.592455 2.723087 2.718080 -23.686117 2.026046 6.979187 -3.292421 -3.760418 8.642052 -7.727143 0.000077 -0.000022 0.000005 0.097035 -0.305222 -0.085419 0.941905 -4.078146 -10.950742 -0.753443 3.459515 -10.968225 2.162792 -14.419066 12.163692 -22.092001 -18.557730 -30.926348 177.499725 -66.083359 -177.048431 16.857012 -4.045259 -0.163442 -5.882100 9.861279 0.702590 -10.936857 -0.360573 7.156198 0.000001 8.774812 -0.000002 -16.027130 19.078154 6.466281 -1.844031 2.498502 -2.507276 -10.163590 4.678941 4.621105 -20.975992 -0.000002 0.000001 -21.226250 2.451694 -3.593995 0.000000 -0.000006 -0.000000 -1.362682 2.240795 -0.746323 -21.334888 0.584908 3.008321 -13.821193 -0.000002 0.000001 -23.887129 -0.249078 -0.839482 -60.951408 2.686525 -1.291973 -0.294025 1.679686 0.833256 -14.218194 0.093215 1.300580 -34.211998 -0.287563 0.967169 -20.033176 0.964537 1.212841 0.000000 0.000001 0.000000 -3.440386 0.788232 0.501657 -15.928165 -3.167306 2.999704 -6.338814 0.000000 0.000001 -18.123413 3.648178 -4.905662 -0.000003 -0.000000 -0.000001 0.196769 19.389433 14.395914 56.298248 31.348907 -9.943169 179.615555 67.040482 -179.844208 -20.854753 9.189264 11.075878 2.243540 -5.255032 -3.180156 14.282875 -0.826595 6.952499 -0.000002 -12.690590 -0.000000 15.393340 -17.417454 2.852772 1.665665 -1.955920 -2.878297 4.727794 -4.170583 4.993919 11.020513 0.000002 -0.000001 12.109034 -3.735710 -2.866780 -0.000000 0.000000 -0.000001 1.291984 -1.928548 -1.498087 14.800111 0.567467 3.865603 14.242553 -1.341736 -6.660648 19.631939 0.143926 -0.648243 49.401890 -0.739100 -6.154302 0.353028 -1.511149 -0.031939 20.222767 3.684304 2.316628 18.787245 0.000004 -0.000001 10.751612 -0.479869 1.397903 -0.000001 0.000001 -0.000001 3.273804 0.305947 -0.580111 21.486792 11.830361 2.266132 8.162918 0.000002 0.000003 18.399052 -3.798979 -4.940567 0.000004 0.000001 -0.000002 8.619101 17.830492 -45.661720 -0.299560 -0.620127 18.626169 -10.089765 6.109241 15.432343 1.555022 -1.820767 -2.514180 0.000000 0.000001 0.000002 0.442641 -19.340952 -30.266302 0.050598 -0.041819 37.592545 12.182156 -13.921939 -12.480657 -1.455179 0.957178 -4.083856 0.000000 0.000000 -0.000001 
-16.259966 94.458305 -148.939560 -6.299479 -7.744463 14.176778 0.016381 0.466252 11.369379 -0.884695 0.634089 2.240369 -0.082148 -0.986640 28.049824 2.193919 2.569693 -24.481903 1.892420 6.937919 -3.335368 -3.997369 8.547619 -8.258904 0.000077 -0.000023 0.000006 0.089412 -0.283615 -0.077613 0.937004 -4.054247 -10.941028 -0.763713 3.479177 -10.956712 2.059831 -14.382018 12.181404 -23.163795 -19.668911 -31.286736 177.941498 -66.852951 -177.244659 17.705553 -4.171928 -0.771571 -5.882100 9.861274 0.702589 -10.936857 -0.360576 7.156197 -0.000000 8.774811 -0.000001 -15.962554 19.006021 6.439203 -1.844031 2.498501 -2.507275 -10.163588 4.678939 4.621103 -20.975992 -0.000003 0.000003 -21.226246 2.451692 -3.593992 0.000000 -0.000004 -0.000001 -1.362680 2.240795 -0.746323 -21.334887 0.584907 3.008322 -13.821193 -0.000003 0.000002 -23.887125 -0.249079 -0.839480 -60.914268 2.689952 -1.331717 -0.294024 1.679686 0.833254 -14.218192 0.093214 1.300578 -34.211998 -0.287566 0.967171 -20.033176 0.964535 1.212841 -0.000000 -0.000000 0.000002 -3.440384 0.788232 0.501656 -15.928167 -3.167307 2.999704 -6.338815 -0.000001 0.000001 -18.123411 3.648175 -4.905660 -0.000004 -0.000000 -0.000002 0.250083 19.737480 14.295062 54.465927 32.149712 -11.003365 -179.728256 68.284218 -179.268845 -21.116348 8.973209 11.650510 2.243540 -5.255033 -3.180155 14.282875 -0.826594 6.952496 -0.000002 -12.690590 0.000001 15.312624 -17.413910 2.889287 1.665665 -1.955920 -2.878297 4.727793 -4.170583 4.993919 11.020509 0.000002 -0.000002 12.109032 -3.735710 -2.866779 0.000001 0.000000 -0.000001 1.291984 -1.928548 -1.498089 14.800111 0.567467 3.865604 14.242553 -1.341734 -6.660649 19.631937 0.143924 -0.648243 49.432621 -0.724901 -6.113178 0.353029 -1.511149 -0.031940 20.222763 3.684304 2.316630 18.787243 0.000003 -0.000001 10.751608 -0.479869 1.397905 0.000000 0.000001 0.000000 3.273804 0.305947 -0.580109 21.486790 11.830361 2.266134 8.162916 0.000002 0.000001 18.399052 -3.798979 -4.940565 0.000004 0.000002 -0.000002 8.201300 17.632610 -46.343319 -0.288406 -0.584846 19.018349 -10.028597 6.123589 15.241901 1.556048 -1.816275 -2.524203 -0.000000 0.000000 0.000002 0.230590 -19.548370 -31.045975 0.067808 -0.014168 38.114208 12.393228 -13.768291 -12.576785 -1.457642 0.944567 -3.987666 -0.000000 0.000001 -0.000001 
-15.919992 94.294586 -149.019409 -6.081177 -7.772220 14.441605 0.048448 0.433378 11.547132 -0.812470 0.609032 2.438096 0.049475 -0.952481 28.548101 1.711762 2.414089 -25.114124 1.815007 6.940833 -3.379542 -4.326558 8.476107 -8.784740 0.000077 -0.000023 0.000006 0.082340 -0.259928 -0.076673 0.932591 -4.029179 -10.941766 -0.772056 3.501122 -10.955572 2.063949 -14.294101 12.186273 -24.148207 -20.643965 -31.614267 178.530609 -67.606186 -177.566528 18.588762 -4.257133 -1.401490 -5.882101 9.861279 0.702591 -10.936860 -0.360574 7.156196 0.000001 8.774814 -0.000001 -15.886497 18.965195 6.470133 -1.844031 2.498503 -2.507277 -10.163589 4.678941 4.621105 -20.975994 -0.000001 0.000002 -21.226254 2.451694 -3.593994 0.000000 -0.000005 -0.000001 -1.362678 2.240798 -0.746324 -21.334892 0.584910 3.008322 -13.821195 -0.000001 0.000002 -23.887125 -0.249076 -0.839480 -60.849068 2.698362 -1.307273 -0.294026 1.679686 0.833256 -14.218189 0.093216 1.300581 -34.211998 -0.287560 0.967170 -20.033176 0.964536 1.212842 0.000000 -0.000000 -0.000000 -3.440384 0.788234 0.501656 -15.928164 -3.167304 2.999705 -6.338815 -0.000001 0.000003 -18.123415 3.648178 -4.905662 -0.000003 -0.000001 -0.000003 0.111049 20.063936 14.122274 52.968796 33.001278 -12.086270 -179.216812 69.065323 -178.854767 -21.470970 8.732703 12.300953 2.243540 -5.255033 -3.180154 14.282875 -0.826593 6.952496 -0.000002 -12.690590 -0.000000 15.279590 -17.411053 2.871736 1.665665 -1.955920 -2.878296 4.727794 -4.170583 4.993918 11.020511 0.000002 -0.000001 12.109033 -3.735711 -2.866779 0.000001 -0.000001 -0.000002 1.291984 -1.928548 -1.498087 14.800111 0.567468 3.865605 14.242553 -1.341734 -6.660649 19.631939 0.143924 -0.648242 49.418293 -0.736466 -6.095711 0.353029 -1.511149 -0.031940 20.222771 3.684305 2.316630 18.787245 0.000004 0.000001 10.751609 -0.479868 1.397904 0.000000 0.000000 0.000001 3.273804 0.305947 -0.580110 21.486794 11.830361 2.266132 8.162918 0.000002 0.000001 18.399054 -3.798979 -4.940568 0.000004 0.000001 -0.000002 7.716847 17.425652 -47.179943 -0.273148 -0.540583 19.814871 -10.000673 6.112910 14.839464 1.556822 -1.810056 -2.549773 0.000000 -0.000000 0.000002 -0.074470 -19.827826 -31.789499 0.083893 -0.001352 38.715736 12.611625 -13.564945 -12.638110 -1.460504 0.958216 -3.891901 0.000000 -0.000001 -0.000001 
-15.691769 94.129112 -149.178253 -5.830956 -7.768408 14.685015 0.060947 0.389850 11.732350 -0.742943 0.582548 2.615873 0.136693 -0.925783 29.067198 1.350137 2.270373 -25.520468 1.763848 6.950056 -3.403272 -4.706747 8.455165 -9.280770 0.000077 -0.000023 0.000005 0.079655 -0.248084 -0.069709 0.927853 -4.021904 -10.947097 -0.771129 3.511466 -10.955541 2.173221 -14.187523 12.185505 -24.906643 -21.399109 -31.765139 179.110031 -68.279320 -177.939224 19.400230 -4.335312 -1.976881 -5.882100 9.861279 0.702589 -10.936858 -0.360574 7.156199 0.000001 8.774814 -0.000001 -15.833513 18.922211 6.450745 -1.844031 2.498504 -2.507276 -10.163589 4.678941 4.621102 -20.975994 -0.000003 0.000003 -21.226255 2.451694 -3.593993 0.000000 -0.000005 -0.000000 -1.362681 2.240796 -0.746323 -21.334887 0.584907 3.008321 -13.821194 -0.000002 0.000003 -23.887129 -0.249079 -0.839482 -60.766018 2.680864 -1.296805 -0.294025 1.679687 0.833254 -14.218192 0.093215 1.300579 -34.212002 -0.287563 0.967170 -20.033176 0.964534 1.212842 0.000000 -0.000000 -0.000002 -3.440384 0.788233 0.501654 -15.928165 -3.167306 2.999705 -6.338815 -0.000002 0.000001 -18.123411 3.648176 -4.905661 -0.000003 -0.000001 -0.000002 -0.194512 20.294064 13.915957 51.885551 33.891689 -13.121444 -179.107681 69.394539 -178.787064 -21.902477 8.450878 12.870411 2.243540 -5.255033 -3.180155 14.282877 -0.826593 6.952495 -0.000002 -12.690592 -0.000001 15.252249 -17.422295 2.842579 1.665665 -1.955920 -2.878296 4.727793 -4.170584 4.993918 11.020510 0.000003 -0.000003 12.109032 -3.735709 -2.866781 0.000001 -0.000000 -0.000002 1.291984 -1.928548 -1.498089 14.800113 0.567468 3.865602 14.242551 -1.341735 -6.660650 19.631939 0.143927 -0.648243 49.355301 -0.731457 -6.111696 0.353029 -1.511149 -0.031940 20.222773 3.684308 2.316628 18.787243 0.000005 -0.000001 10.751608 -0.479868 1.397903 -0.000001 0.000001 -0.000000 3.273804 0.305947 -0.580110 21.486788 11.830364 2.266129 8.162917 0.000002 -0.000001 18.399054 -3.798978 -4.940568 0.000004 0.000001 -0.000003 7.206651 17.299109 -47.895679 -0.257373 -0.504800 20.273582 -10.035515 6.090237 14.674831 1.554983 -1.800771 -2.591566 0.000000 -0.000000 0.000002 -0.310224 -20.111994 -32.596611 0.101764 0.023037 39.396564 12.709494 -13.371785 -12.751387 -1.459545 0.940314 -3.791575 0.000000 0.000000 -0.000001 
-15.517135 93.979874 -149.197037 -5.564525 -7.758342 14.902379 0.064569 0.353138 11.902117 -0.678579 0.544024 2.774770 0.178607 -0.900926 29.533777 1.099222 2.146203 -25.618809 1.743138 6.939410 -3.446823 -5.073888 8.423489 -9.740993 0.000077 -0.000022 0.000006 0.080419 -0.242481 -0.071673 0.924259 -4.014135 -10.946754 -0.765352 3.517268 -10.954079 2.367545 -14.042575 12.205112 -25.466398 -21.935505 -31.736483 179.449326 -68.871300 -178.173782 20.059765 -4.373925 -2.464160 -5.882100 9.861278 0.702587 -10.936857 -0.360575 7.156196 -0.000001 8.774814 -0.000001 -15.760567 18.886936 6.468254 -1.844032 2.498503 -2.507276 -10.163589 4.678938 4.621104 -20.975994 -0.000004 0.000003 -21.226255 2.451691 -3.593992 0.000000 -0.000005 -0.000000 -1.362681 2.240795 -0.746322 -21.334892 0.584908 3.008321 -13.821195 -0.000003 0.000002 -23.887133 -0.249078 -0.839481 -60.668858 2.664025 -1.257476 -0.294025 1.679686 0.833255 -14.218194 0.093214 1.300579 -34.211998 -0.287565 0.967169 -20.033180 0.964532 1.212843 -0.000000 0.000001 -0.000001 -3.440383 0.788233 0.501655 -15.928167 -3.167308 2.999703 -6.338813 -0.000000 0.000000 -18.123415 3.648174 -4.905663 -0.000003 -0.000001 -0.000003 -0.552864 20.409790 13.718384 51.154110 34.709091 -13.998177 -179.327789 69.296867 -179.062546 -22.324266 8.154755 13.236030 2.243540 -5.255033 -3.180156 14.282875 -0.826594 6.952497 -0.000002 -12.690588 0.000000 15.244230 -17.448130 2.817276 1.665665 -1.955920 -2.878297 4.727794 -4.170583 4.993920 11.020510 0.000002 -0.000001 12.109033 -3.735710 -2.866780 0.000000 -0.000000 -0.000001 1.291984 -1.928548 -1.498089 14.800111 0.567467 3.865602 14.242553 -1.341735 -6.660652 19.631939 0.143924 -0.648245 49.317223 -0.729071 -6.156805 0.353029 -1.511149 -0.031939 20.222769 3.684304 2.316629 18.787245 0.000005 -0.000003 10.751612 -0.479869 1.397904 0.000001 0.000001 0.000001 3.273804 0.305947 -0.580109 21.486790 11.830361 2.266132 8.162916 0.000002 0.000000 18.399054 -3.798980 -4.940568 0.000003 -0.000000 -0.000002 6.686279 17.243584 -48.553627 -0.251239 -0.477924 20.852028 -10.117797 5.951532 14.343489 1.549853 -1.798969 -2.626333 -0.000000 0.000000 0.000002 -0.588486 -20.362528 -33.213902 0.122350 0.049897 39.979481 12.803922 -13.226010 -12.940734 -1.464029 0.940423 -3.715463 0.000000 -0.000001 -0.000001 
-15.394071 93.870361 -149.278442 -5.297107 -7.714648 15.077606 0.062613 0.305480 12.056849 -0.619446 0.521810 2.876174 0.199582 -0.886449 29.928528 0.934329 2.085188 -25.485861 1.723076 6.879864 -3.451953 -5.394527 8.401003 -10.118101 0.000077 -0.000022 0.000007 0.084116 -0.245350 -0.071977 0.917069 -4.016460 -10.954415 -0.751428 3.514697 -10.961703 2.579094 -13.908590 12.225977 -25.780710 -22.206625 -31.537100 179.510574 -69.230568 -178.180481 20.506762 -4.313846 -2.940881 -5.882102 9.861279 0.702588 -10.936862 -0.360575 7.156196 0.000001 8.774815 -0.000002 -15.693573 18.881851 6.510664 -1.844031 2.498502 -2.507276 -10.163590 4.678939 4.621105 -20.976000 -0.000003 0.000004 -21.226255 2.451695 -3.593992 -0.000000 -0.000005 -0.000000 -1.362681 2.240797 -0.746322 -21.334892 0.584907 3.008320 -13.821197 -0.000003 0.000003 -23.887131 -0.249079 -0.839482 -60.628143 2.668232 -1.221774 -0.294024 1.679686 0.833254 -14.218197 0.093212 1.300579 -34.212006 -0.287564 0.967173 -20.033180 0.964535 1.212842 0.000000 0.000001 0.000000 -3.440386 0.788233 0.501654 -15.928167 -3.167309 2.999703 -6.338817 -0.000002 0.000001 -18.123415 3.648175 -4.905662 -0.000003 -0.000001 -0.000003 -0.931717 20.414291 13.549988 50.767189 35.446789 -14.501492 -179.688797 68.912674 -179.479309 -22.628298 7.817571 13.378796 2.243540 -5.255032 -3.180154 14.282877 -0.826593 6.952494 -0.000003 -12.690591 0.000001 15.233767 -17.448927 2.773865 1.665665 -1.955920 -2.878297 4.727791 -4.170582 4.993918 11.020513 0.000003 -0.000002 12.109031 -3.735709 -2.866779 0.000002 -0.000000 -0.000002 1.291984 -1.928547 -1.498088 14.800114 0.567469 3.865603 14.242553 -1.341732 -6.660649 19.631939 0.143928 -0.648242 49.246269 -0.737096 -6.188697 0.353029 -1.511149 -0.031939 20.222771 3.684307 2.316627 18.787243 0.000006 -0.000001 10.751608 -0.479867 1.397904 0.000000 0.000001 0.000001 3.273804 0.305947 -0.580110 21.486794 11.830364 2.266129 8.162918 0.000002 0.000001 18.399054 -3.798978 -4.940567 0.000003 0.000000 -0.000001 6.180309 17.197279 -49.046009 -0.239877 -0.460669 21.101048 -10.179892 5.772368 14.301923 1.551344 -1.784085 -2.662990 -0.000000 -0.000000 0.000002 -0.836369 -20.553669 -33.778534 0.117244 0.044435 40.490990 12.833444 -13.122214 -13.043065 -1.468176 0.948194 -3.668209 -0.000000 0.000001 -0.000001 
-15.308897 93.800964 -149.346298 -5.068975 -7.637836 15.176764 0.085008 0.269725 12.192576 -0.566637 0.494271 2.970936 0.229114 -0.889895 30.183304 0.809583 2.068420 -25.169636 1.720659 6.792874 -3.455831 -5.649333 8.352993 -10.412505 0.000077 -0.000022 0.000005 0.089045 -0.246289 -0.070992 0.914099 -4.016255 -10.944426 -0.738161 3.514060 -10.952454 2.790894 -13.784658 12.248674 -25.881613 -22.221670 -31.169607 179.227554 -69.298798 -177.908844 20.717154 -4.195430 -3.415726 -5.882098 9.861280 0.702593 -10.936858 -0.360576 7.156196 0.000002 8.774816 0.000000 -15.606556 18.875200 6.562832 -1.844031 2.498502 -2.507274 -10.163589 4.678941 4.621105 -20.975992 -0.000002 0.000005 -21.226248 2.451693 -3.593992 0.000000 -0.000006 -0.000000 -1.362681 2.240797 -0.746323 -21.334887 0.584908 3.008322 -13.821194 -0.000002 0.000002 -23.887125 -0.249077 -0.839480 -60.588795 2.684282 -1.207549 -0.294025 1.679687 0.833257 -14.218194 0.093215 1.300580 -34.211998 -0.287562 0.967170 -20.033180 0.964537 1.212843 0.000000 -0.000000 -0.000000 -3.440386 0.788233 0.501654 -15.928169 -3.167308 2.999704 -6.338815 -0.000001 0.000001 -18.123411 3.648177 -4.905660 -0.000003 0.000001 -0.000002 -1.272138 20.342714 13.403102 50.642708 36.036030 -14.594391 179.964294 68.408348 -179.851654 -22.766041 7.424324 13.216450 2.243540 -5.255033 -3.180154 14.282877 -0.826594 6.952497 -0.000003 -12.690591 0.000001 15.226668 -17.410645 2.772332 1.665665 -1.955920 -2.878295 4.727792 -4.170584 4.993918 11.020511 0.000002 -0.000001 12.109028 -3.735711 -2.866780 0.000001 -0.000000 -0.000001 1.291984 -1.928548 -1.498089 14.800114 0.567467 3.865603 14.242553 -1.341736 -6.660648 19.631939 0.143925 -0.648244 49.170704 -0.759989 -6.177909 0.353029 -1.511149 -0.031939 20.222769 3.684306 2.316628 18.787245 0.000004 -0.000001 10.751610 -0.479868 1.397903 -0.000001 0.000001 -0.000000 3.273804 0.305947 -0.580111 21.486788 11.830361 2.266129 8.162916 0.000002 0.000001 18.399052 -3.798979 -4.940568 0.000004 0.000002 -0.000002 5.728224 17.199732 -49.373840 -0.241225 -0.452805 21.208652 -10.227047 5.558114 14.367717 1.550626 -1.775206 -2.716981 0.000000 -0.000000 0.000002 -1.053525 -20.665878 -34.186626 0.111048 0.067851 40.922535 12.826140 -13.033246 -13.055959 -1.473612 0.954488 -3.649026 -0.000000 0.000001 -0.000001 
-15.200327 93.762024 -149.471359 -4.866842 -7.533454 15.216773 0.121565 0.243572 12.307904 -0.518318 0.477847 3.020158 0.270492 -0.927587 30.368000 0.682279 2.094678 -24.777742 1.718403 6.704591 -3.484829 -5.832225 8.303797 -10.600077 0.000077 -0.000022 0.000005 0.094010 -0.241717 -0.078450 0.909165 -4.010339 -10.943346 -0.723423 3.516724 -10.948972 3.003212 -13.688411 12.276999 -25.784172 -22.043785 -30.791393 178.748932 -69.137398 -177.449875 20.730566 -4.002230 -3.968910 -5.882103 9.861279 0.702591 -10.936858 -0.360573 7.156197 -0.000000 8.774813 -0.000002 -15.563252 18.895264 6.584261 -1.844031 2.498503 -2.507275 -10.163591 4.678942 4.621105 -20.975996 0.000000 0.000001 -21.226255 2.451695 -3.593996 0.000000 -0.000006 -0.000000 -1.362681 2.240797 -0.746323 -21.334887 0.584912 3.008322 -13.821194 0.000001 0.000001 -23.887129 -0.249076 -0.839483 -60.525478 2.719985 -1.219647 -0.294026 1.679687 0.833254 -14.218195 0.093217 1.300579 -34.212002 -0.287559 0.967168 -20.033180 0.964535 1.212838 0.000000 0.000001 0.000000 -3.440386 0.788234 0.501657 -15.928167 -3.167304 2.999704 -6.338817 0.000000 0.000001 -18.123415 3.648178 -4.905663 -0.000004 0.000000 -0.000002 -1.535861 20.229738 13.352568 50.646858 36.519550 -14.374028 179.529266 67.796425 179.741562 -22.843540 7.007535 12.714979 2.243540 -5.255033 -3.180157 14.282877 -0.826594 6.952496 -0.000001 -12.690590 0.000000 15.256265 -17.327122 2.728987 1.665665 -1.955920 -2.878297 4.727794 -4.170583 4.993921 11.020510 0.000003 -0.000001 12.109031 -3.735711 -2.866778 0.000001 0.000000 -0.000001 1.291984 -1.928548 -1.498088 14.800111 0.567467 3.865604 14.242551 -1.341736 -6.660649 19.631933 0.143924 -0.648244 49.158638 -0.795707 -6.142057 0.353029 -1.511150 -0.031941 20.222769 3.684304 2.316631 18.787245 0.000003 -0.000001 10.751612 -0.479868 1.397906 -0.000000 -0.000000 0.000000 3.273804 0.305947 -0.580109 21.486790 11.830362 2.266134 8.162919 0.000001 0.000001 18.399054 -3.798982 -4.940566 0.000004 0.000001 -0.000001 5.285829 17.200800 -49.488544 -0.259121 -0.467956 20.949881 -10.219303 5.394396 14.560534 1.550037 -1.769106 -2.750668 0.000000 -0.000000 0.000002 -1.275798 -20.720625 -34.483307 0.095164 0.067684 41.206245 12.787087 -13.012926 -12.995355 -1.479325 0.960054 -3.655252 -0.000000 -0.000000 -0.000001 
-15.026485 93.763199 -149.585312 -4.699728 -7.436121 15.212132 0.182175 0.216662 12.391316 -0.489819 0.486574 3.079675 0.337175 -0.980742 30.439819 0.538331 2.140568 -24.412901 1.747224 6.602688 -3.497021 -5.962644 8.279234 -10.703806 0.000077 -0.000022 0.000006 0.097846 -0.245950 -0.085665 0.908441 -4.010134 -10.926670 -0.714303 3.512100 -10.934801 3.143173 -13.616131 12.324848 -25.459797 -21.744827 -30.513012 178.224060 -68.863350 -176.971222 20.590349 -3.810502 -4.487852 -5.882102 9.861278 0.702588 -10.936859 -0.360574 7.156196 0.000001 8.774815 -0.000002 -15.541439 18.956217 6.604546 -1.844032 2.498503 -2.507276 -10.163588 4.678939 4.621101 -20.975994 -0.000001 0.000002 -21.226250 2.451693 -3.593995 0.000000 -0.000005 -0.000000 -1.362681 2.240797 -0.746324 -21.334892 0.584909 3.008320 -13.821191 0.000000 0.000001 -23.887125 -0.249078 -0.839484 -60.476704 2.745188 -1.251644 -0.294023 1.679687 0.833255 -14.218192 0.093215 1.300577 -34.211998 -0.287563 0.967166 -20.033178 0.964534 1.212840 -0.000000 -0.000000 0.000001 -3.440385 0.788232 0.501655 -15.928167 -3.167305 2.999704 -6.338813 -0.000000 0.000001 -18.123415 3.648177 -4.905664 -0.000003 0.000000 -0.000002 -1.700741 20.089369 13.372311 50.712059 36.886284 -13.920781 179.233185 67.138512 179.456390 -22.839012 6.652771 11.908188 2.243540 -5.255033 -3.180155 14.282875 -0.826593 6.952494 0.000000 -12.690591 -0.000002 15.278408 -17.235409 2.699033 1.665665 -1.955920 -2.878296 4.727794 -4.170583 4.993917 11.020511 0.000002 -0.000001 12.109030 -3.735710 -2.866780 -0.000000 0.000000 -0.000002 1.291984 -1.928548 -1.498088 14.800113 0.567468 3.865602 14.242554 -1.341736 -6.660647 19.631937 0.143925 -0.648244 49.148190 -0.829492 -6.117742 0.353029 -1.511150 -0.031939 20.222773 3.684304 2.316629 18.787249 0.000003 -0.000001 10.751612 -0.479869 1.397903 -0.000000 0.000002 -0.000000 3.273804 0.305947 -0.580111 21.486790 11.830359 2.266133 8.162919 0.000002 0.000001 18.399055 -3.798980 -4.940570 0.000004 0.000001 -0.000001 4.843170 17.204470 -49.472164 -0.276472 -0.490194 20.560280 -10.204024 5.244362 14.785873 1.548879 -1.764075 -2.802983 0.000000 -0.000000 0.000002 -1.533072 -20.732962 -34.608978 0.087159 0.070143 41.265713 12.744748 -13.050085 -12.838200 -1.481111 0.936228 -3.639280 0.000000 0.000000 -0.000001 
-14.883801 93.814476 -149.644501 -4.556466 -7.329046 15.194848 0.238540 0.220763 12.461870 -0.455783 0.460810 3.096367 0.411478 -1.035848 30.470224 0.408887 2.189672 -24.133928 1.761851 6.553301 -3.473115 -6.025539 8.238262 -10.736979 0.000077 -0.000023 0.000005 0.103873 -0.248391 -0.080121 0.911453 -4.014266 -10.929367 -0.707377 3.505733 -10.936213 3.236279 -13.557566 12.393192 -24.975327 -21.398748 -30.357214 177.758667 -68.418777 -176.554169 20.418257 -3.597428 -4.953674 -5.882101 9.861277 0.702589 -10.936860 -0.360576 7.156197 -0.000001 8.774813 -0.000002 -15.606309 19.010237 6.610751 -1.844029 2.498503 -2.507276 -10.163589 4.678940 4.621104 -20.975992 -0.000003 0.000005 -21.226255 2.451692 -3.593991 0.000000 -0.000005 -0.000000 -1.362678 2.240797 -0.746324 -21.334894 0.584906 3.008321 -13.821192 -0.000003 0.000003 -23.887131 -0.249079 -0.839478 -60.523121 2.728870 -1.248004 -0.294025 1.679686 0.833256 -14.218194 0.093212 1.300580 -34.211998 -0.287567 0.967173 -20.033176 0.964533 1.212844 -0.000000 0.000001 -0.000001 -3.440386 0.788231 0.501654 -15.928165 -3.167307 2.999704 -6.338815 -0.000001 0.000002 -18.123413 3.648175 -4.905661 -0.000004 0.000000 -0.000002 -1.838440 19.961412 13.421031 50.830803 37.146648 -13.298729 179.143631 66.479774 179.391953 -22.870073 6.387175 10.873595 2.243539 -5.255033 -3.180155 14.282877 -0.826594 6.952495 -0.000002 -12.690590 0.000001 15.320310 -17.166418 2.670220 1.665665 -1.955920 -2.878297 4.727794 -4.170583 4.993919 11.020511 0.000003 -0.000002 12.109033 -3.735711 -2.866779 0.000002 -0.000000 -0.000002 1.291985 -1.928548 -1.498088 14.800111 0.567467 3.865603 14.242551 -1.341735 -6.660649 19.631939 0.143925 -0.648243 49.145531 -0.822971 -6.112053 0.353029 -1.511149 -0.031940 20.222769 3.684306 2.316626 18.787245 0.000004 -0.000002 10.751608 -0.479868 1.397905 -0.000001 0.000001 -0.000001 3.273805 0.305947 -0.580110 21.486792 11.830363 2.266130 8.162917 0.000001 -0.000000 18.399055 -3.798979 -4.940568 0.000003 0.000001 -0.000001 4.473083 17.196209 -49.390545 -0.289508 -0.501929 20.173708 -10.201515 5.130729 15.104949 1.547662 -1.757157 -2.848923 -0.000000 -0.000000 0.000002 -1.761677 -20.724840 -34.599392 0.070498 0.078636 41.179779 12.735082 -13.105422 -12.614148 -1.482069 0.932272 -3.652420 0.000000 0.000000 -0.000001 
-14.770454 93.858414 -149.633499 -4.432000 -7.207669 15.206597 0.278091 0.210362 12.491900 -0.424498 0.442298 3.124346 0.488472 -1.091511 30.445478 0.310493 2.230197 -23.985785 1.801725 6.496251 -3.469510 -6.056377 8.245310 -10.681459 0.000077 -0.000023 0.000005 0.109560 -0.259729 -0.087557 0.915884 -4.030378 -10.945168 -0.696196 3.494502 -10.941950 3.329949 -13.509301 12.443885 -24.404804 -21.038395 -30.344221 177.447174 -67.902267 -176.280106 20.271372 -3.437881 -5.346341 -5.882101 9.861279 0.702588 -10.936863 -0.360576 7.156198 0.000001 8.774813 -0.000001 -15.719406 19.049294 6.580971 -1.844033 2.498502 -2.507276 -10.163590 4.678941 4.621104 -20.976000 -0.000002 0.000003 -21.226255 2.451693 -3.593992 0.000000 -0.000005 -0.000000 -1.362679 2.240797 -0.746321 -21.334894 0.584910 3.008320 -13.821198 -0.000001 0.000002 -23.887133 -0.249079 -0.839482 -60.600418 2.719733 -1.261848 -0.294024 1.679686 0.833256 -14.218195 0.093215 1.300581 -34.212006 -0.287561 0.967171 -20.033180 0.964535 1.212842 0.000000 0.000001 0.000000 -3.440386 0.788232 0.501655 -15.928167 -3.167308 2.999704 -6.338817 -0.000000 0.000001 -18.123413 3.648176 -4.905661 -0.000004 0.000000 -0.000002 -1.963195 19.782133 13.457807 50.951962 37.316414 -12.738655 179.128906 65.822655 179.423782 -22.966690 6.181265 9.843327 2.243540 -5.255033 -3.180156 14.282878 -0.826592 6.952496 -0.000003 -12.690588 -0.000001 15.334441 -17.130434 2.653427 1.665665 -1.955920 -2.878296 4.727795 -4.170582 4.993918 11.020513 0.000004 -0.000001 12.109035 -3.735708 -2.866780 0.000001 -0.000000 0.000000 1.291984 -1.928548 -1.498088 14.800109 0.567468 3.865605 14.242553 -1.341735 -6.660645 19.631941 0.143925 -0.648241 49.162727 -0.792365 -6.104815 0.353028 -1.511149 -0.031939 20.222773 3.684306 2.316629 18.787245 0.000005 0.000000 10.751609 -0.479867 1.397905 0.000000 0.000001 0.000000 3.273805 0.305947 -0.580110 21.486794 11.830362 2.266132 8.162917 0.000002 -0.000001 18.399055 -3.798976 -4.940567 0.000003 0.000001 -0.000002 4.162146 17.166016 -49.315067 -0.297951 -0.506337 19.853180 -10.172639 5.051737 15.259576 1.539790 -1.761289 -2.881281 -0.000000 -0.000001 0.000002 -1.972345 -20.700981 -34.516014 0.066113 0.078412 41.009243 12.743447 -13.228374 -12.530887 -1.480975 0.929205 -3.655906 0.000000 0.000000 -0.000001 
-14.715693 93.905617 -149.580170 -4.335289 -7.087673 15.231094 0.315601 0.201416 12.497973 -0.410540 0.441171 3.132337 0.570990 -1.158977 30.388134 0.260414 2.264075 -23.891474 1.847922 6.462975 -3.465026 -6.071652 8.266343 -10.572667 0.000077 -0.000023 0.000006 0.118101 -0.285371 -0.087577 0.925528 -4.054187 -10.939815 -0.687667 3.470613 -10.944585 3.419264 -13.493160 12.488626 -23.876305 -20.736404 -30.449160 177.262115 -67.406448 -176.136169 20.134995 -3.347429 -5.577141 -5.882101 9.861278 0.702589 -10.936858 -0.360577 7.156196 -0.000000 8.774813 -0.000000 -15.808616 19.076483 6.539749 -1.844030 2.498503 -2.507276 -10.163589 4.678941 4.621103 -20.975994 -0.000003 0.000003 -21.226254 2.451690 -3.593994 0.000000 -0.000005 -0.000001 -1.362681 2.240796 -0.746324 -21.334896 0.584907 3.008320 -13.821194 -0.000002 0.000003 -23.887129 -0.249078 -0.839481 -60.647507 2.683295 -1.291863 -0.294024 1.679685 0.833256 -14.218192 0.093215 1.300580 -34.211998 -0.287563 0.967170 -20.033176 0.964535 1.212840 -0.000000 -0.000001 0.000000 -3.440383 0.788234 0.501654 -15.928165 -3.167306 2.999705 -6.338816 -0.000003 0.000000 -18.123411 3.648175 -4.905661 -0.000003 -0.000000 -0.000003 -2.039343 19.611898 13.484205 51.088268 37.447983 -12.273649 179.195801 65.287102 179.606445 -23.115299 6.024797 9.015474 2.243540 -5.255033 -3.180156 14.282873 -0.826593 6.952494 -0.000003 -12.690591 0.000002 15.355765 -17.128487 2.663808 1.665666 -1.955919 -2.878296 4.727793 -4.170582 4.993916 11.020510 0.000003 -0.000002 12.109028 -3.735708 -2.866780 0.000000 -0.000000 -0.000000 1.291985 -1.928548 -1.498088 14.800113 0.567468 3.865602 14.242556 -1.341735 -6.660651 19.631939 0.143927 -0.648244 49.202869 -0.762990 -6.101142 0.353028 -1.511149 -0.031941 20.222767 3.684306 2.316624 18.787243 0.000004 -0.000001 10.751610 -0.479867 1.397902 -0.000000 0.000001 -0.000001 3.273804 0.305947 -0.580110 21.486792 11.830362 2.266129 8.162916 0.000002 -0.000000 18.399046 -3.798979 -4.940568 0.000004 0.000000 -0.000001 3.962261 17.105526 -49.222836 -0.298265 -0.507266 19.577137 -10.170537 4.988346 15.357766 1.530141 -1.758238 -2.901852 -0.000000 -0.000000 0.000002 -2.116723 -20.682562 -34.406895 0.065883 0.091611 40.835293 12.739414 -13.347562 -12.491750 -1.479676 0.905366 -3.701518 -0.000000 0.000001 -0.000001 
-14.689557 93.956154 -149.546707 -4.253797 -6.968144 15.284856 0.320570 0.205919 12.470110 -0.387663 0.417612 3.127824 0.626611 -1.195889 30.346273 0.289114 2.285815 -23.879114 1.885433 6.428123 -3.449290 -6.049288 8.292458 -10.462348 0.000077 -0.000023 0.000005 0.128043 -0.302977 -0.076889 0.934047 -4.074452 -10.931126 -0.677451 3.453975 -10.935225 3.576516 -13.486764 12.508544 -23.497000 -20.502100 -30.648521 177.306900 -66.937111 -176.197250 20.093163 -3.224611 -5.765826 -5.882102 9.861278 0.702591 -10.936858 -0.360573 7.156198 -0.000001 8.774811 -0.000001 -15.893660 19.064840 6.533737 -1.844029 2.498502 -2.507277 -10.163589 4.678940 4.621106 -20.975994 -0.000003 0.000004 -21.226255 2.451694 -3.593991 0.000000 -0.000004 0.000000 -1.362681 2.240796 -0.746323 -21.334894 0.584909 3.008324 -13.821197 -0.000001 0.000004 -23.887131 -0.249077 -0.839479 -60.726921 2.659501 -1.280449 -0.294026 1.679685 0.833255 -14.218197 0.093215 1.300582 -34.212006 -0.287561 0.967175 -20.033180 0.964537 1.212844 0.000000 0.000001 0.000000 -3.440387 0.788231 0.501656 -15.928165 -3.167305 2.999705 -6.338817 0.000000 0.000001 -18.123415 3.648175 -4.905660 -0.000004 0.000000 -0.000002 -2.056496 19.445824 13.502069 51.093472 37.455441 -12.013833 179.252289 64.879974 179.738571 -23.330187 5.941222 8.436622 2.243539 -5.255033 -3.180156 14.282877 -0.826593 6.952497 -0.000002 -12.690590 0.000001 15.339705 -17.151312 2.719292 1.665664 -1.955920 -2.878295 4.727794 -4.170582 4.993919 11.020513 0.000004 -0.000001 12.109034 -3.735709 -2.866777 0.000001 0.000000 -0.000000 1.291985 -1.928548 -1.498087 14.800113 0.567468 3.865604 14.242551 -1.341733 -6.660647 19.631939 0.143927 -0.648242 49.221401 -0.769242 -6.076699 0.353028 -1.511149 -0.031941 20.222769 3.684306 2.316629 18.787245 0.000004 0.000001 10.751610 -0.479867 1.397905 -0.000000 0.000001 -0.000000 3.273804 0.305947 -0.580110 21.486792 11.830362 2.266135 8.162916 0.000001 0.000001 18.399052 -3.798980 -4.940566 0.000003 0.000000 -0.000001 3.831526 17.001223 -49.181114 -0.297255 -0.509226 19.338734 -10.161478 4.958290 15.542850 1.523443 -1.757625 -2.901448 -0.000000 0.000000 0.000002 -2.220552 -20.621815 -34.321011 0.066958 0.087366 40.626808 12.708070 -13.507535 -12.485096 -1.476249 0.921932 -3.730199 0.000000 0.000000 -0.000001 
-14.689090 93.990089 -149.533752 -4.216026 -6.835093 15.354961 0.323487 0.181770 12.435696 -0.387685 0.433275 3.128023 0.699986 -1.249732 30.303652 0.374589 2.312316 -23.915499 1.910265 6.374521 -3.411777 -6.009958 8.308386 -10.398171 0.000077 -0.000023 0.000006 0.132603 -0.321581 -0.077645 0.941261 -4.091685 -10.925668 -0.675284 3.437950 -10.927181 3.765216 -13.452119 12.464128 -23.282888 -20.374992 -30.766272 177.382034 -66.581665 -176.288940 20.079676 -3.139748 -5.877845 -5.882101 9.861279 0.702589 -10.936861 -0.360575 7.156197 0.000001 8.774812 -0.000001 -15.933842 19.097086 6.530921 -1.844032 2.498502 -2.507276 -10.163589 4.678939 4.621104 -20.975992 -0.000002 0.000004 -21.226255 2.451693 -3.593994 0.000000 -0.000004 -0.000001 -1.362682 2.240795 -0.746322 -21.334896 0.584909 3.008320 -13.821195 -0.000001 0.000001 -23.887135 -0.249079 -0.839481 -60.792492 2.627039 -1.311463 -0.294026 1.679685 0.833258 -14.218194 0.093214 1.300580 -34.212006 -0.287563 0.967171 -20.033180 0.964535 1.212841 -0.000000 -0.000000 0.000000 -3.440386 0.788232 0.501656 -15.928167 -3.167305 2.999702 -6.338816 0.000000 0.000001 -18.123413 3.648177 -4.905660 -0.000004 0.000001 -0.000001 -2.029142 19.304005 13.475258 51.049740 37.396893 -11.873443 179.323578 64.649612 179.851334 -23.541952 5.884014 8.144126 2.243540 -5.255031 -3.180156 14.282877 -0.826593 6.952496 -0.000003 -12.690586 0.000002 15.308468 -17.143450 2.768868 1.665665 -1.955920 -2.878296 4.727795 -4.170582 4.993918 11.020512 0.000004 -0.000000 12.109032 -3.735709 -2.866778 0.000002 0.000000 -0.000001 1.291984 -1.928547 -1.498088 14.800113 0.567468 3.865603 14.242556 -1.341733 -6.660647 19.631939 0.143926 -0.648243 49.235676 -0.767133 -6.037517 0.353028 -1.511149 -0.031941 20.222769 3.684305 2.316629 18.787247 0.000005 -0.000001 10.751613 -0.479867 1.397904 0.000000 0.000000 0.000000 3.273804 0.305947 -0.580110 21.486794 11.830360 2.266131 8.162916 0.000001 -0.000001 18.399054 -3.798977 -4.940566 0.000004 0.000000 -0.000001 3.803934 16.847746 -49.071846 -0.289548 -0.505696 18.944965 -10.190086 4.962437 15.666410 1.526163 -1.763561 -2.871321 0.000000 -0.000000 0.000002 -2.237478 -20.569866 -34.285084 0.066013 0.100082 40.463772 12.687605 -13.652253 -12.520577 -1.467738 0.910949 -3.750943 -0.000000 0.000001 -0.000001 
-14.675407 94.026848 -149.576843 -4.203657 -6.689433 15.433194 0.311059 0.177230 12.372261 -0.384309 0.410948 3.095754 0.778736 -1.281064 30.314440 0.495385 2.332238 -23.946064 1.918789 6.341414 -3.418215 -5.939935 8.274282 -10.397419 0.000077 -0.000023 0.000006 0.132380 -0.316895 -0.059724 0.944853 -4.082884 -10.904133 -0.680683 3.434716 -10.899649 3.966017 -13.390564 12.366627 -23.232405 -20.325727 -30.660704 177.324371 -66.305077 -176.190109 20.144930 -3.045214 -6.023985 -5.882099 9.861279 0.702589 -10.936857 -0.360576 7.156196 0.000001 8.774814 -0.000002 -15.985995 19.107595 6.556108 -1.844031 2.498504 -2.507277 -10.163588 4.678940 4.621102 -20.975994 -0.000002 0.000001 -21.226254 2.451692 -3.593995 0.000000 -0.000005 -0.000001 -1.362680 2.240797 -0.746324 -21.334887 0.584907 3.008319 -13.821195 -0.000002 0.000001 -23.887131 -0.249079 -0.839482 -60.924801 2.609226 -1.331094 -0.294025 1.679686 0.833256 -14.218189 0.093214 1.300578 -34.212002 -0.287565 0.967166 -20.033178 0.964533 1.212841 -0.000000 -0.000000 0.000000 -3.440384 0.788232 0.501654 -15.928165 -3.167305 2.999702 -6.338815 -0.000000 -0.000000 -18.123413 3.648175 -4.905663 -0.000004 0.000000 -0.000001 -1.953972 19.177692 13.470969 50.951942 37.274158 -11.864624 179.333771 64.561836 179.874313 -23.781364 5.920905 7.982864 2.243540 -5.255033 -3.180156 14.282878 -0.826593 6.952495 0.000000 -12.690590 -0.000001 15.270253 -17.142908 2.784202 1.665665 -1.955921 -2.878295 4.727794 -4.170582 4.993917 11.020513 0.000003 -0.000001 12.109032 -3.735711 -2.866779 0.000002 0.000000 -0.000000 1.291985 -1.928548 -1.498088 14.800114 0.567468 3.865603 14.242553 -1.341736 -6.660648 19.631941 0.143925 -0.648242 49.220905 -0.746626 -6.046759 0.353029 -1.511149 -0.031939 20.222771 3.684307 2.316628 18.787245 0.000004 -0.000000 10.751613 -0.479867 1.397904 0.000000 -0.000000 -0.000000 3.273804 0.305947 -0.580109 21.486794 11.830363 2.266134 8.162917 0.000002 -0.000001 18.399055 -3.798980 -4.940567 0.000003 -0.000000 -0.000001 3.787326 16.691830 -49.024189 -0.291027 -0.518776 18.567883 -10.219890 5.001039 15.930422 1.524812 -1.780583 -2.826281 -0.000000 0.000000 0.000002 -2.212893 -20.513365 -34.281628 0.062554 0.111033 40.269108 12.700182 -13.822806 -12.537530 -1.465006 0.914657 -3.699226 -0.000000 0.000001 -0.000001 
-14.572364 94.066879 -149.576019 -4.216399 -6.497314 15.518188 0.296554 0.157377 12.318344 -0.389431 0.397283 3.077152 0.853568 -1.312231 30.330315 0.668602 2.348530 -24.044794 1.934949 6.314820 -3.396116 -5.869244 8.259505 -10.471420 0.000077 -0.000022 0.000006 0.129581 -0.310471 -0.053414 0.943948 -4.077877 -10.878950 -0.684172 3.439886 -10.878496 4.148039 -13.308356 12.263817 -23.256268 -20.327097 -30.401966 177.221802 -66.064735 -176.045334 20.219688 -2.946694 -6.266942 -5.882102 9.861279 0.702590 -10.936858 -0.360573 7.156197 -0.000000 8.774812 -0.000002 -15.956192 19.130665 6.625988 -1.844033 2.498502 -2.507277 -10.163590 4.678940 4.621104 -20.975992 -0.000000 0.000001 -21.226250 2.451694 -3.593995 0.000000 -0.000005 -0.000000 -1.362680 2.240796 -0.746322 -21.334892 0.584910 3.008319 -13.821197 -0.000001 0.000001 -23.887129 -0.249077 -0.839483 -60.998161 2.608284 -1.343809 -0.294027 1.679684 0.833255 -14.218192 0.093214 1.300579 -34.212006 -0.287561 0.967169 -20.033178 0.964538 1.212842 -0.000000 0.000001 -0.000001 -3.440385 0.788234 0.501655 -15.928165 -3.167305 2.999704 -6.338813 0.000000 0.000001 -18.123413 3.648179 -4.905663 -0.000002 0.000000 -0.000001 -1.849080 19.075209 13.504279 50.833740 37.078941 -11.877404 179.505341 64.527824 -179.962585 -23.958233 6.035291 7.928986 2.243539 -5.255033 -3.180155 14.282877 -0.826594 6.952498 -0.000000 -12.690590 0.000001 15.224802 -17.141375 2.811437 1.665665 -1.955920 -2.878297 4.727794 -4.170583 4.993920 11.020512 0.000003 -0.000001 12.109031 -3.735711 -2.866779 0.000001 0.000000 -0.000001 1.291984 -1.928547 -1.498088 14.800111 0.567468 3.865603 14.242553 -1.341734 -6.660648 19.631939 0.143926 -0.648242 49.255547 -0.710680 -6.070425 0.353029 -1.511150 -0.031939 20.222767 3.684306 2.316629 18.787245 0.000003 0.000001 10.751610 -0.479869 1.397905 0.000000 0.000000 0.000000 3.273804 0.305947 -0.580111 21.486792 11.830363 2.266131 8.162916 0.000002 0.000001 18.399048 -3.798981 -4.940567 0.000004 0.000000 -0.000001 3.728483 16.504620 -49.048790 -0.285378 -0.514480 18.337404 -10.239710 5.007761 16.090607 1.523574 -1.794328 -2.789827 0.000000 -0.000000 0.000002 -2.240262 -20.491514 -34.198349 0.075542 0.107564 39.982487 12.802826 -13.948998 -12.517011 -1.461846 0.930514 -3.647313 0.000000 -0.000001 -0.000001 
-14.557970 94.107506 -149.485962 -4.257151 -6.301799 15.590488 0.291718 0.139360 12.232277 -0.400458 0.377170 3.082567 0.916326 -1.350877 30.325066 0.872137 2.386730 -24.152802 1.932866 6.289735 -3.360871 -5.773128 8.189824 -10.564958 0.000077 -0.000023 0.000006 0.125196 -0.298062 -0.059739 0.943179 -4.066808 -10.877788 -0.692551 3.451485 -10.870669 4.279840 -13.217560 12.227598 -23.331181 -20.371529 -30.060013 177.046677 -65.899040 -175.860275 20.337685 -2.919964 -6.493711 -5.882101 9.861277 0.702588 -10.936858 -0.360576 7.156196 0.000002 8.774814 -0.000001 -15.930690 19.120535 6.642922 -1.844033 2.498501 -2.507275 -10.163589 4.678939 4.621105 -20.975992 -0.000004 0.000005 -21.226254 2.451693 -3.593992 0.000001 -0.000005 -0.000000 -1.362681 2.240797 -0.746321 -21.334894 0.584904 3.008318 -13.821197 -0.000003 0.000002 -23.887136 -0.249080 -0.839477 -61.044197 2.603507 -1.347822 -0.294024 1.679686 0.833254 -14.218190 0.093214 1.300579 -34.212006 -0.287568 0.967174 -20.033180 0.964534 1.212845 -0.000000 0.000001 -0.000001 -3.440384 0.788233 0.501655 -15.928169 -3.167308 2.999704 -6.338817 -0.000001 0.000000 -18.123413 3.648174 -4.905661 -0.000003 0.000000 -0.000001 -1.715803 19.007101 13.593225 50.701279 36.824532 -11.918475 179.659012 64.598259 -179.860641 -24.140965 6.203300 7.920092 2.243540 -5.255033 -3.180155 14.282877 -0.826593 6.952497 -0.000000 -12.690590 0.000002 15.206476 -17.119213 2.795132 1.665665 -1.955919 -2.878296 4.727794 -4.170583 4.993920 11.020513 0.000004 -0.000002 12.109032 -3.735709 -2.866779 0.000001 0.000000 -0.000001 1.291985 -1.928547 -1.498086 14.800113 0.567468 3.865604 14.242553 -1.341734 -6.660648 19.631939 0.143927 -0.648243 49.230125 -0.681034 -6.105808 0.353028 -1.511150 -0.031940 20.222769 3.684307 2.316627 18.787245 0.000005 -0.000001 10.751610 -0.479867 1.397904 -0.000001 0.000000 -0.000001 3.273803 0.305947 -0.580110 21.486792 11.830364 2.266130 8.162918 0.000001 -0.000001 18.399048 -3.798982 -4.940566 0.000003 0.000000 -0.000001 3.712835 16.424475 -49.101238 -0.284951 -0.527014 18.301199 -10.341934 4.938374 16.123493 1.521243 -1.797107 -2.771767 -0.000000 0.000000 0.000002 -2.205350 -20.483818 -34.007538 0.075837 0.091791 39.662975 12.922285 -14.065516 -12.615993 -1.462643 0.937169 -3.593677 0.000000 -0.000001 -0.000001 
-14.596737 94.152870 -149.417084 -4.326364 -6.117575 15.636495 0.298123 0.139130 12.166177 -0.426120 0.369492 3.093562 0.956497 -1.373714 30.313877 1.109529 2.410188 -24.282532 1.899199 6.284474 -3.364959 -5.633867 8.099325 -10.665967 0.000077 -0.000023 0.000005 0.120839 -0.286259 -0.058418 0.939796 -4.058304 -10.866701 -0.698951 3.469952 -10.856202 4.366777 -13.150034 12.202142 -23.452366 -20.380739 -29.639959 176.850830 -65.703407 -175.623245 20.462984 -2.938177 -6.727902 -5.882102 9.861278 0.702589 -10.936859 -0.360575 7.156199 -0.000001 8.774812 -0.000001 -15.876009 19.072430 6.647714 -1.844032 2.498503 -2.507276 -10.163591 4.678938 4.621103 -20.975996 -0.000001 0.000004 -21.226255 2.451692 -3.593992 -0.000000 -0.000004 -0.000000 -1.362681 2.240796 -0.746321 -21.334894 0.584907 3.008320 -13.821197 -0.000003 0.000004 -23.887133 -0.249077 -0.839479 -61.029354 2.602356 -1.338746 -0.294026 1.679686 0.833254 -14.218194 0.093213 1.300579 -34.212002 -0.287565 0.967172 -20.033180 0.964534 1.212843 -0.000000 -0.000000 -0.000001 -3.440386 0.788231 0.501656 -15.928169 -3.167307 2.999703 -6.338817 -0.000001 0.000000 -18.123415 3.648176 -4.905660 -0.000002 0.000000 -0.000001 -1.578420 18.962099 13.689894 50.640411 36.515820 -12.049522 179.736771 64.687378 -179.827789 -24.324682 6.399369 8.059743 2.243540 -5.255032 -3.180154 14.282877 -0.826593 6.952496 -0.000002 -12.690591 0.000000 15.166506 -17.107496 2.780061 1.665665 -1.955920 -2.878298 4.727793 -4.170583 4.993918 11.020513 0.000003 -0.000002 12.109033 -3.735708 -2.866781 0.000002 0.000000 -0.000001 1.291985 -1.928548 -1.498087 14.800111 0.567468 3.865602 14.242554 -1.341734 -6.660649 19.631937 0.143927 -0.648243 49.193745 -0.671697 -6.139842 0.353029 -1.511149 -0.031940 20.222771 3.684307 2.316627 18.787245 0.000005 0.000000 10.751610 -0.479868 1.397904 -0.000000 0.000001 -0.000001 3.273804 0.305947 -0.580111 21.486792 11.830361 2.266130 8.162916 0.000003 0.000000 18.399050 -3.798979 -4.940567 0.000003 0.000000 -0.000001 3.746702 16.399458 -49.045826 -0.273650 -0.528158 18.098074 -10.462932 4.866905 16.203114 1.525472 -1.801812 -2.766041 0.000000 0.000000 0.000002 -2.089386 -20.496151 -33.811024 0.063077 0.089389 39.356663 13.029422 -14.131441 -12.717206 -1.463792 0.915018 -3.528852 -0.000000 0.000001 -0.000001 
-14.697605 94.204163 -149.275452 -4.403187 -5.954684 15.655399 0.291064 0.131459 12.114274 -0.460706 0.376826 3.115596 0.977715 -1.393394 30.295849 1.338407 2.437990 -24.394623 1.854203 6.262961 -3.368185 -5.454973 7.960720 -10.784904 0.000077 -0.000023 0.000006 0.118004 -0.277809 -0.059398 0.936157 -4.054210 -10.866042 -0.701527 3.487110 -10.855994 4.450296 -13.109814 12.242699 -23.646107 -20.353624 -29.240725 176.598495 -65.516525 -175.374405 20.595486 -3.040697 -6.904311 -5.882101 9.861279 0.702591 -10.936858 -0.360574 7.156197 0.000000 8.774814 0.000000 -15.791636 19.027401 6.631133 -1.844033 2.498502 -2.507276 -10.163589 4.678941 4.621104 -20.975994 -0.000001 0.000001 -21.226254 2.451691 -3.593994 0.000000 -0.000005 -0.000000 -1.362679 2.240797 -0.746323 -21.334887 0.584910 3.008320 -13.821193 0.000000 0.000001 -23.887129 -0.249077 -0.839482 -60.986099 2.609295 -1.346630 -0.294025 1.679686 0.833255 -14.218190 0.093216 1.300578 -34.211998 -0.287563 0.967169 -20.033178 0.964534 1.212841 -0.000000 0.000001 -0.000001 -3.440386 0.788231 0.501656 -15.928165 -3.167305 2.999703 -6.338814 0.000000 0.000001 -18.123415 3.648178 -4.905662 -0.000004 0.000000 -0.000002 -1.438895 18.927382 13.817571 50.525578 36.204506 -12.319861 179.686264 64.859558 -179.908386 -24.498098 6.599363 8.229328 2.243540 -5.255032 -3.180154 14.282875 -0.826593 6.952497 -0.000003 -12.690587 0.000001 15.138670 -17.136415 2.771271 1.665665 -1.955919 -2.878296 4.727794 -4.170582 4.993917 11.020510 0.000004 -0.000002 12.109033 -3.735708 -2.866779 0.000002 0.000001 -0.000001 1.291984 -1.928548 -1.498088 14.800113 0.567468 3.865605 14.242551 -1.341734 -6.660649 19.631935 0.143927 -0.648244 49.159988 -0.679869 -6.186054 0.353029 -1.511149 -0.031940 20.222769 3.684306 2.316628 18.787245 0.000005 0.000000 10.751609 -0.479867 1.397904 -0.000000 0.000001 -0.000001 3.273804 0.305947 -0.580110 21.486790 11.830360 2.266130 8.162916 0.000003 -0.000000 18.399054 -3.798979 -4.940567 0.000003 0.000000 -0.000002 3.838403 16.426638 -48.955292 -0.272816 -0.531235 18.007030 -10.591485 4.732305 16.177231 1.520567 -1.803235 -2.747791 -0.000000 0.000000 0.000002 -1.961171 -20.537907 -33.524464 0.067022 0.075689 39.046127 13.151648 -14.232244 -12.863815 -1.462557 0.942794 -3.451401 0.000000 0.000001 -0.000001 
-14.784743 94.286095 -149.194336 -4.473005 -5.797396 15.645848 0.274864 0.130046 12.063102 -0.500988 0.383378 3.118681 0.982723 -1.419868 30.277916 1.631142 2.475105 -24.434811 1.775338 6.227486 -3.381923 -5.276815 7.753548 -10.957052 0.000077 -0.000023 0.000005 0.114109 -0.269444 -0.064175 0.933203 -4.049895 -10.876618 -0.704101 3.500265 -10.860019 4.494914 -13.101506 12.338636 -23.897720 -20.265713 -28.846588 176.360107 -65.351318 -175.173859 20.716610 -3.187712 -7.004744 -5.882099 9.861279 0.702588 -10.936859 -0.360576 7.156197 0.000001 8.774815 -0.000002 -15.700976 18.957773 6.589509 -1.844029 2.498503 -2.507275 -10.163592 4.678940 4.621102 -20.975994 -0.000003 0.000003 -21.226255 2.451692 -3.593993 0.000000 -0.000004 -0.000000 -1.362681 2.240797 -0.746323 -21.334892 0.584907 3.008320 -13.821198 -0.000003 0.000002 -23.887133 -0.249080 -0.839480 -60.897923 2.603167 -1.339841 -0.294024 1.679687 0.833256 -14.218195 0.093212 1.300578 -34.211998 -0.287564 0.967172 -20.033178 0.964535 1.212842 -0.000000 0.000001 -0.000000 -3.440385 0.788233 0.501653 -15.928171 -3.167306 2.999703 -6.338814 -0.000001 0.000002 -18.123411 3.648177 -4.905661 -0.000004 -0.000000 -0.000002 -1.280003 18.906803 13.967846 50.344158 35.867390 -12.739180 179.560318 65.095695 179.909622 -24.631907 6.775613 8.528070 2.243540 -5.255033 -3.180155 14.282877 -0.826593 6.952496 -0.000003 -12.690590 0.000001 15.079259 -17.166365 2.759145 1.665665 -1.955920 -2.878297 4.727794 -4.170583 4.993920 11.020512 0.000003 -0.000002 12.109031 -3.735710 -2.866778 0.000001 0.000001 -0.000001 1.291985 -1.928548 -1.498088 14.800113 0.567468 3.865605 14.242551 -1.341735 -6.660646 19.631939 0.143926 -0.648242 49.112850 -0.670410 -6.216326 0.353028 -1.511149 -0.031941 20.222771 3.684307 2.316629 18.787245 0.000005 0.000000 10.751610 -0.479868 1.397904 -0.000000 0.000000 -0.000001 3.273805 0.305947 -0.580109 21.486794 11.830365 2.266132 8.162916 0.000002 0.000000 18.399055 -3.798980 -4.940566 0.000004 0.000001 -0.000001 3.931490 16.424387 -48.812302 -0.265031 -0.534257 17.799181 -10.666540 4.641829 16.391602 1.525138 -1.813901 -2.714787 -0.000000 0.000000 0.000002 -1.810714 -20.663563 -33.268013 0.053158 0.074057 38.741486 13.233244 -14.226618 -12.822998 -1.461072 0.930363 -3.367288 -0.000000 -0.000000 -0.000001 
-14.846039 94.382408 -149.159195 -4.551675 -5.635751 15.567484 0.247775 0.112962 12.015199 -0.564635 0.433393 3.143984 0.986252 -1.482192 30.229578 1.950550 2.523622 -24.411522 1.712360 6.132665 -3.432019 -5.103267 7.530566 -11.188881 0.000077 -0.000023 0.000006 0.110862 -0.259568 -0.056963 0.923638 -4.043154 -10.884997 -0.703396 3.514141 -10.869945 4.517525 -13.136901 12.424662 -24.221659 -20.084093 -28.420099 176.159683 -65.253151 -175.050171 20.830482 -3.361635 -7.058725 -5.882101 9.861279 0.702590 -10.936861 -0.360576 7.156197 0.000000 8.774815 0.000000 -15.633986 18.963055 6.591304 -1.844031 2.498502 -2.507276 -10.163592 4.678939 4.621103 -20.975994 -0.000004 0.000003 -21.226254 2.451692 -3.593991 0.000000 -0.000004 -0.000000 -1.362681 2.240796 -0.746321 -21.334890 0.584907 3.008320 -13.821197 -0.000002 0.000002 -23.887133 -0.249079 -0.839481 -60.863525 2.620971 -1.351461 -0.294025 1.679686 0.833256 -14.218192 0.093215 1.300578 -34.211998 -0.287565 0.967171 -20.033178 0.964533 1.212843 -0.000000 0.000001 -0.000001 -3.440386 0.788233 0.501656 -15.928169 -3.167307 2.999703 -6.338817 -0.000000 0.000001 -18.123415 3.648175 -4.905662 -0.000003 -0.000000 -0.000002 -1.094678 18.890825 14.142450 50.135475 35.499599 -13.362819 179.119354 65.407288 179.470978 -24.731592 6.854754 8.832042 2.243540 -5.255032 -3.180155 14.282878 -0.826593 6.952496 -0.000003 -12.690592 0.000000 15.025198 -17.193027 2.725363 1.665665 -1.955920 -2.878296 4.727795 -4.170582 4.993917 11.020513 0.000003 -0.000001 12.109031 -3.735709 -2.866778 0.000001 -0.000001 -0.000001 1.291984 -1.928548 -1.498087 14.800114 0.567468 3.865602 14.242553 -1.341735 -6.660649 19.631941 0.143925 -0.648244 49.034485 -0.682641 -6.240571 0.353029 -1.511149 -0.031939 20.222771 3.684306 2.316629 18.787245 0.000004 -0.000002 10.751611 -0.479868 1.397904 0.000000 0.000000 0.000000 3.273804 0.305947 -0.580110 21.486795 11.830362 2.266131 8.162916 0.000001 -0.000000 18.399055 -3.798979 -4.940568 0.000003 0.000001 -0.000002 4.055542 16.372414 -48.519863 -0.243388 -0.534551 17.401438 -10.765095 4.566127 16.703102 1.533566 -1.833072 -2.683909 0.000000 0.000000 0.000002 -1.664062 -20.873446 -32.949261 0.064726 0.095077 38.389847 13.253407 -14.258285 -12.685163 -1.460867 0.974441 -3.314187 0.000000 0.000000 -0.000001 
-14.917803 94.481430 -149.157974 -4.614483 -5.484758 15.460524 0.204374 0.117350 11.995343 -0.603660 0.425319 3.135307 0.957920 -1.501117 30.198717 2.235400 2.548871 -24.365040 1.655990 6.043880 -3.463789 -4.892135 7.267829 -11.371302 0.000077 -0.000023 0.000006 0.107463 -0.247403 -0.064471 0.915269 -4.033167 -10.923321 -0.701070 3.523899 -10.906277 4.493947 -13.208827 12.533085 -24.517998 -19.881689 -28.090170 176.011749 -65.241257 -175.072021 20.869717 -3.567235 -6.991984 -5.882100 9.861279 0.702589 -10.936859 -0.360575 7.156199 0.000003 8.774813 -0.000000 -15.584384 18.983393 6.606995 -1.844031 2.498503 -2.507277 -10.163588 4.678941 4.621105 -20.975992 -0.000004 0.000002 -21.226250 2.451693 -3.593993 0.000000 -0.000004 0.000000 -1.362678 2.240796 -0.746323 -21.334892 0.584909 3.008322 -13.821193 -0.000001 0.000003 -23.887125 -0.249077 -0.839480 -60.818199 2.653502 -1.359093 -0.294024 1.679687 0.833255 -14.218194 0.093214 1.300579 -34.212006 -0.287564 0.967172 -20.033176 0.964535 1.212843 0.000000 -0.000000 0.000000 -3.440387 0.788232 0.501656 -15.928165 -3.167306 2.999706 -6.338815 -0.000001 0.000003 -18.123411 3.648177 -4.905660 -0.000004 -0.000001 -0.000003 -0.914650 18.857061 14.320192 49.995644 35.102917 -13.820769 178.944595 65.730736 179.245926 -24.817280 6.881762 9.153689 2.243540 -5.255033 -3.180154 14.282875 -0.826594 6.952495 -0.000001 -12.690592 -0.000000 14.982268 -17.281246 2.749105 1.665665 -1.955920 -2.878297 4.727794 -4.170583 4.993918 11.020511 0.000003 -0.000003 12.109032 -3.735711 -2.866781 0.000000 0.000000 -0.000001 1.291985 -1.928548 -1.498088 14.800111 0.567467 3.865603 14.242551 -1.341736 -6.660648 19.631935 0.143925 -0.648245 49.030041 -0.677369 -6.258451 0.353029 -1.511149 -0.031941 20.222767 3.684305 2.316628 18.787245 0.000005 -0.000002 10.751612 -0.479867 1.397903 -0.000000 0.000001 -0.000001 3.273804 0.305947 -0.580111 21.486788 11.830361 2.266131 8.162916 0.000001 0.000001 18.399052 -3.798980 -4.940569 0.000003 0.000000 -0.000001 4.198678 16.303755 -48.128826 -0.243258 -0.550140 16.846214 -10.947282 4.504920 17.088989 1.538245 -1.872541 -2.680106 -0.000000 0.000000 0.000002 -1.524235 -21.082859 -32.673443 0.081249 0.141941 38.131100 13.222384 -14.297955 -12.473109 -1.462852 0.974864 -3.321990 0.000000 0.000000 -0.000001 
-14.949022 94.573929 -149.140808 -4.690243 -5.369566 15.313404 0.177414 0.122820 11.978093 -0.639413 0.411140 3.064330 0.929044 -1.491350 30.126392 2.459059 2.497031 -24.239683 1.684090 5.975036 -3.499788 -4.644457 7.076088 -11.417921 0.000077 -0.000023 0.000006 0.101617 -0.241123 -0.068811 0.904599 -4.026447 -10.956865 -0.701687 3.534461 -10.941075 4.396970 -13.321510 12.619706 -24.806635 -19.707706 -27.720947 175.878540 -65.407417 -175.089890 20.839108 -3.825542 -7.019657 -5.882102 9.861279 0.702590 -10.936859 -0.360575 7.156197 0.000000 8.774814 0.000000 -15.521812 18.989201 6.584568 -1.844032 2.498501 -2.507275 -10.163593 4.678940 4.621105 -20.975998 -0.000003 0.000005 -21.226255 2.451693 -3.593992 -0.000000 -0.000005 0.000000 -1.362681 2.240795 -0.746323 -21.334892 0.584908 3.008321 -13.821198 -0.000001 0.000003 -23.887133 -0.249078 -0.839481 -60.662712 2.703209 -1.349850 -0.294025 1.679686 0.833256 -14.218194 0.093214 1.300581 -34.212006 -0.287565 0.967170 -20.033184 0.964536 1.212842 0.000000 -0.000000 -0.000001 -3.440387 0.788233 0.501655 -15.928167 -3.167306 2.999702 -6.338814 -0.000001 0.000000 -18.123415 3.648176 -4.905661 -0.000004 -0.000001 -0.000002 -0.780228 18.839495 14.511259 50.060448 34.620708 -13.889338 179.460464 66.042763 179.658386 -24.788834 6.896916 9.396179 2.243539 -5.255033 -3.180154 14.282877 -0.826593 6.952494 -0.000003 -12.690590 0.000001 14.986139 -17.383329 2.777848 1.665665 -1.955920 -2.878298 4.727794 -4.170583 4.993918 11.020511 0.000003 -0.000002 12.109034 -3.735708 -2.866780 0.000001 -0.000001 -0.000001 1.291984 -1.928548 -1.498088 14.800111 0.567467 3.865602 14.242554 -1.341733 -6.660649 19.631939 0.143926 -0.648243 49.150505 -0.694835 -6.254683 0.353029 -1.511150 -0.031939 20.222771 3.684307 2.316628 18.787245 0.000004 -0.000000 10.751611 -0.479868 1.397904 -0.000000 0.000002 -0.000001 3.273804 0.305947 -0.580109 21.486794 11.830365 2.266132 8.162916 0.000001 0.000000 18.399052 -3.798981 -4.940566 0.000003 0.000001 -0.000001 4.331372 16.284887 -47.664406 -0.278731 -0.593547 16.270393 -11.196712 4.363142 17.362738 1.537747 -1.928188 -2.778754 0.000000 -0.000000 0.000002 -1.427303 -21.255451 -32.303123 0.088367 0.180213 37.784527 13.211534 -14.391741 -12.292361 -1.463625 1.011373 -3.404775 0.000000 -0.000001 -0.000001 
