HIERARCHY
ROOT Hips
{
	OFFSET 0.000000 0.000000 0.000000
	CHANNELS 6 Xposition Yposition Zposition Zrotation Yrotation Xrotation 
	JOINT Spine1
	{
		OFFSET -0.013727 5.003763 -0.053727
		CHANNELS 3 Zrotation Yrotation Xrotation
		JOINT Spine2
		{
			OFFSET -0.000000 7.125302 -0.029825
			CHANNELS 3 Zrotation Yrotation Xrotation
			JOINT Chest
			{
				OFFSET -0.000001 7.550064 -0.815971
				CHANNELS 3 Zrotation Yrotation Xrotation
				JOINT Neck1
				{
					OFFSET -0.181677 26.311296 -0.553348
					CHANNELS 3 Zrotation Yrotation Xrotation
					JOINT Neck2
					{
						OFFSET -0.000003 7.709398 2.302586
						CHANNELS 3 Zrotation Yrotation Xrotation
						JOINT Head
						{
							OFFSET -0.000005 6.128913 1.953708
							CHANNELS 3 Zrotation Yrotation Xrotation
							JOINT HeadEnd
							{
								OFFSET 0.003598 16.065399 -1.835379
								CHANNELS 3 Zrotation Yrotation Xrotation
								End Site
								{
									OFFSET 0.000000 0.000000 0.000000
								}
							}
							JOINT Jaw
							{
								OFFSET 0.002637 0.475591 3.094940
								CHANNELS 3 Zrotation Yrotation Xrotation
								End Site
								{
									OFFSET 0.000000 0.000000 0.000000
								}
							}
							JOINT LeftEye
							{
								OFFSET 3.206380 5.380207 7.586883
								CHANNELS 3 Zrotation Yrotation Xrotation
								End Site
								{
									OFFSET 0.000000 0.000000 0.000000
								}
							}
							JOINT RightEye
							{
								OFFSET -3.222440 5.361866 7.558233
								CHANNELS 3 Zrotation Yrotation Xrotation
								End Site
								{
									OFFSET 0.000000 0.000000 0.000000
								}
							}
						}
					}
				}
				JOINT LeftShoulder
				{
					OFFSET 1.621652 23.237164 5.113413
					CHANNELS 3 Zrotation Yrotation Xrotation
					JOINT LeftArm
					{
						OFFSET 14.919845 -0.000000 -5.502326
						CHANNELS 3 Zrotation Yrotation Xrotation
						JOINT LeftForeArm
						{
							OFFSET 28.739309 0.000003 -0.002588
							CHANNELS 3 Zrotation Yrotation Xrotation
							JOINT LeftHand
							{
								OFFSET 27.093979 -0.000003 0.002608
								CHANNELS 3 Zrotation Yrotation Xrotation
								JOINT LeftHandThumb1
								{
									OFFSET 2.276480 -1.392046 3.191413
									CHANNELS 3 Zrotation Yrotation Xrotation
									JOINT LeftHandThumb2
									{
										OFFSET 4.012841 -1.828125 1.641656
										CHANNELS 3 Zrotation Yrotation Xrotation
										JOINT LeftHandThumb3
										{
											OFFSET 2.798517 0.000001 -0.000003
											CHANNELS 3 Zrotation Yrotation Xrotation
											JOINT LeftHandThumbEnd
											{
												OFFSET 3.180790 -0.000002 0.000003
												CHANNELS 3 Zrotation Yrotation Xrotation
												End Site
												{
													OFFSET 0.000000 0.000000 0.000000
												}
											}
										}
									}
								}
								JOINT LeftHandIndex1
								{
									OFFSET 3.247552 -0.531998 2.296169
									CHANNELS 3 Zrotation Yrotation Xrotation
									JOINT LeftHandIndex2
									{
										OFFSET 6.364579 0.012062 0.178600
										CHANNELS 3 Zrotation Yrotation Xrotation
										JOINT LeftHandIndex3
										{
											OFFSET 3.662367 0.000001 -0.000000
											CHANNELS 3 Zrotation Yrotation Xrotation
											JOINT LeftHandIndex4
											{
												OFFSET 2.329242 0.000002 0.000004
												CHANNELS 3 Zrotation Yrotation Xrotation
												JOINT LeftHandIndexEnd
												{
													OFFSET 2.759619 -0.180539 -0.113024
													CHANNELS 3 Zrotation Yrotation Xrotation
													End Site
													{
														OFFSET 0.000000 0.000000 0.000000
													}
												}
											}
										}
									}
								}
								JOINT LeftHandMiddle1
								{
									OFFSET 3.163499 0.240982 1.000332
									CHANNELS 3 Zrotation Yrotation Xrotation
									JOINT LeftHandMiddle2
									{
										OFFSET 6.190778 -0.259276 -1.002549
										CHANNELS 3 Zrotation Yrotation Xrotation
										JOINT LeftHandMiddle3
										{
											OFFSET 4.356523 -0.000006 0.000001
											CHANNELS 3 Zrotation Yrotation Xrotation
											JOINT LeftHandMiddle4
											{
												OFFSET 2.996875 -0.000007 0.000001
												CHANNELS 3 Zrotation Yrotation Xrotation
												JOINT LeftHandMiddleEnd
												{
													OFFSET 2.304294 -0.294571 -0.031740
													CHANNELS 3 Zrotation Yrotation Xrotation
													End Site
													{
														OFFSET 0.000000 0.000000 0.000000
													}
												}
											}
										}
									}
								}
								JOINT LeftHandRing1
								{
									OFFSET 2.882642 -0.053650 -0.322543
									CHANNELS 3 Zrotation Yrotation Xrotation
									JOINT LeftHandRing2
									{
										OFFSET 5.854542 -0.486203 -1.373841
										CHANNELS 3 Zrotation Yrotation Xrotation
										JOINT LeftHandRing3
										{
											OFFSET 4.350581 0.000001 0.000004
											CHANNELS 3 Zrotation Yrotation Xrotation
											JOINT LeftHandRing4
											{
												OFFSET 2.651324 0.000007 0.000003
												CHANNELS 3 Zrotation Yrotation Xrotation
												JOINT LeftHandRingEnd
												{
													OFFSET 1.936111 0.077684 -0.000070
													CHANNELS 3 Zrotation Yrotation Xrotation
													End Site
													{
														OFFSET 0.000000 0.000000 0.000000
													}
												}
											}
										}
									}
								}
								JOINT LeftHandPinky1
								{
									OFFSET 2.865498 -0.310004 -1.600379
									CHANNELS 3 Zrotation Yrotation Xrotation
									JOINT LeftHandPinky2
									{
										OFFSET 5.087854 -1.331141 -1.771231
										CHANNELS 3 Zrotation Yrotation Xrotation
										JOINT LeftHandPinky3
										{
											OFFSET 3.070975 0.000003 0.000001
											CHANNELS 3 Zrotation Yrotation Xrotation
											JOINT LeftHandPinky4
											{
												OFFSET 1.549667 0.000000 0.000001
												CHANNELS 3 Zrotation Yrotation Xrotation
												JOINT LeftHandPinkyEnd
												{
													OFFSET 1.944895 -0.157802 0.057219
													CHANNELS 3 Zrotation Yrotation Xrotation
													End Site
													{
														OFFSET 0.000000 0.000000 0.000000
													}
												}
											}
										}
									}
								}
							}
						}
					}
				}
				JOINT RightShoulder
				{
					OFFSET -1.380118 23.180307 5.214158
					CHANNELS 3 Zrotation Yrotation Xrotation
					JOINT RightArm
					{
						OFFSET -15.037197 0.000012 -5.545604
						CHANNELS 3 Zrotation Yrotation Xrotation
						JOINT RightForeArm
						{
							OFFSET -28.736639 0.000003 -0.002598
							CHANNELS 3 Zrotation Yrotation Xrotation
							JOINT RightHand
							{
								OFFSET -27.133617 0.000000 0.002612
								CHANNELS 3 Zrotation Yrotation Xrotation
								JOINT RightHandThumb1
								{
									OFFSET -2.274037 -1.383990 3.163128
									CHANNELS 3 Zrotation Yrotation Xrotation
									JOINT RightHandThumb2
									{
										OFFSET -4.011428 -1.827468 1.640914
										CHANNELS 3 Zrotation Yrotation Xrotation
										JOINT RightHandThumb3
										{
											OFFSET -2.794934 -0.000003 -0.000003
											CHANNELS 3 Zrotation Yrotation Xrotation
											JOINT RightHandThumbEnd
											{
												OFFSET -3.183855 0.000003 0.000000
												CHANNELS 3 Zrotation Yrotation Xrotation
												End Site
												{
													OFFSET 0.000000 0.000000 0.000000
												}
											}
										}
									}
								}
								JOINT RightHandIndex1
								{
									OFFSET -3.253269 -0.520059 2.282866
									CHANNELS 3 Zrotation Yrotation Xrotation
									JOINT RightHandIndex2
									{
										OFFSET -6.341917 0.012473 0.178265
										CHANNELS 3 Zrotation Yrotation Xrotation
										JOINT RightHandIndex3
										{
											OFFSET -3.654875 -0.000009 -0.000000
											CHANNELS 3 Zrotation Yrotation Xrotation
											JOINT RightHandIndex4
											{
												OFFSET -2.327586 0.000000 0.000000
												CHANNELS 3 Zrotation Yrotation Xrotation
												JOINT RightHandIndexEnd
												{
													OFFSET -2.761789 -0.180657 -0.113079
													CHANNELS 3 Zrotation Yrotation Xrotation
													End Site
													{
														OFFSET 0.000000 0.000000 0.000000
													}
												}
											}
										}
									}
								}
								JOINT RightHandMiddle1
								{
									OFFSET -3.168107 0.246593 1.001030
									CHANNELS 3 Zrotation Yrotation Xrotation
									JOINT RightHandMiddle2
									{
										OFFSET -6.180830 -0.258836 -1.000896
										CHANNELS 3 Zrotation Yrotation Xrotation
										JOINT RightHandMiddle3
										{
											OFFSET -4.348904 -0.000001 -0.000001
											CHANNELS 3 Zrotation Yrotation Xrotation
											JOINT RightHandMiddle4
											{
												OFFSET -3.000243 -0.000004 -0.000002
												CHANNELS 3 Zrotation Yrotation Xrotation
												JOINT RightHandMiddleEnd
												{
													OFFSET -2.302518 -0.294371 -0.031706
													CHANNELS 3 Zrotation Yrotation Xrotation
													End Site
													{
														OFFSET 0.000000 0.000000 0.000000
													}
												}
											}
										}
									}
								}
								JOINT RightHandRing1
								{
									OFFSET -2.885693 -0.067952 -0.308858
									CHANNELS 3 Zrotation Yrotation Xrotation
									JOINT RightHandRing2
									{
										OFFSET -5.854196 -0.486132 -1.373732
										CHANNELS 3 Zrotation Yrotation Xrotation
										JOINT RightHandRing3
										{
											OFFSET -4.338814 -0.000003 -0.000000
											CHANNELS 3 Zrotation Yrotation Xrotation
											JOINT RightHandRing4
											{
												OFFSET -2.654906 -0.000004 0.000004
												CHANNELS 3 Zrotation Yrotation Xrotation
												JOINT RightHandRingEnd
												{
													OFFSET -1.933570 0.077523 -0.000052
													CHANNELS 3 Zrotation Yrotation Xrotation
													End Site
													{
														OFFSET 0.000000 0.000000 0.000000
													}
												}
											}
										}
									}
								}
								JOINT RightHandPinky1
								{
									OFFSET -2.866429 -0.342798 -1.584145
									CHANNELS 3 Zrotation Yrotation Xrotation
									JOINT RightHandPinky2
									{
										OFFSET -5.091370 -1.332054 -1.772385
										CHANNELS 3 Zrotation Yrotation Xrotation
										JOINT RightHandPinky3
										{
											OFFSET -3.062666 -0.000006 0.000000
											CHANNELS 3 Zrotation Yrotation Xrotation
											JOINT RightHandPinky4
											{
												OFFSET -1.546527 0.000005 -0.000003
												CHANNELS 3 Zrotation Yrotation Xrotation
												JOINT RightHandPinkyEnd
												{
													OFFSET -1.945122 -0.157721 0.057211
													CHANNELS 3 Zrotation Yrotation Xrotation
													End Site
													{
														OFFSET 0.000000 0.000000 0.000000
													}
												}
											}
										}
									}
								}
							}
						}
					}
				}
			}
		}
	}
	JOINT LeftLeg
	{
		OFFSET 10.043214 -8.434526 2.595655
		CHANNELS 3 Zrotation Yrotation Xrotation
		JOINT LeftShin
		{
			OFFSET -0.000001 -43.221752 -0.802913
			CHANNELS 3 Zrotation Yrotation Xrotation
			JOINT LeftFoot
			{
				OFFSET 0.000001 -42.155094 -3.481523
				CHANNELS 3 Zrotation Yrotation Xrotation
				JOINT LeftToeBase
				{
					OFFSET -0.000000 -5.059475 13.231529
					CHANNELS 3 Zrotation Yrotation Xrotation
					JOINT LeftToeEnd
					{
						OFFSET -0.009607 -1.647615 6.513017
						CHANNELS 3 Zrotation Yrotation Xrotation
						End Site
						{
							OFFSET 0.000000 0.000000 0.000000
						}
					}
				}
			}
		}
	}
	JOINT RightLeg
	{
		OFFSET -10.047277 -8.295259 2.620317
		CHANNELS 3 Zrotation Yrotation Xrotation
		JOINT RightShin
		{
			OFFSET 0.000001 -43.362209 -0.805556
			CHANNELS 3 Zrotation Yrotation Xrotation
			JOINT RightFoot
			{
				OFFSET 0.000002 -42.117393 -3.478399
				CHANNELS 3 Zrotation Yrotation Xrotation
				JOINT RightToeBase
				{
					OFFSET -0.000001 -5.079609 13.284196
					CHANNELS 3 Zrotation Yrotation Xrotation
					JOINT RightToeEnd
					{
						OFFSET 0.009532 -1.634383 6.460591
						CHANNELS 3 Zrotation Yrotation Xrotation
						End Site
						{
							OFFSET 0.000000 0.000000 0.000000
						}
					}
				}
			}
		}
	}
}
MOTION
Frames: 120
Frame Time: 0.033333
1.409191 98.690102 -5.542514 -2.549060 0.000546 -1.600983 2.399585 0.298430 0.808655 -0.092118 -0.389273 -5.192195 2.786526 -2.670894 15.412321 -2.878749 5.452363 19.191721 0.679133 5.209405 -3.443535 -7.833853 7.527856 7.314796 0.000077 -0.000023 0.000005 0.067724 -0.112283 -0.142567 0.844347 -3.847097 -10.669528 -0.724741 3.625144 -10.672579 23.597572 -19.575043 7.089903 -98.626305 -34.051239 -9.468965 178.803741 -31.367939 -179.570984 1.187886 -15.219834 -7.132661 -5.882100 9.861278 0.702590 -10.936858 -0.360575 7.156196 0.000000 8.774815 -0.000001 -16.562422 17.803591 5.944415 -1.844031 2.498503 -2.507277 -10.163587 4.678940 4.621105 -20.975990 -0.000004 0.000003 -21.226248 2.451693 -3.593993 0.000000 -0.000006 0.000000 -1.362680 2.240796 -0.746322 -21.334887 0.584908 3.008320 -13.821193 -0.000002 0.000002 -23.887123 -0.249078 -0.839479 -61.478939 2.132433 -1.541975 -0.294024 1.679686 0.833255 -14.218189 0.093214 1.300580 -34.211998 -0.287561 0.967171 -20.033175 0.964536 1.212843 0.000000 0.000000 0.000000 -3.440385 0.788232 0.501654 -15.928164 -3.167307 2.999705 -6.338814 -0.000001 0.000002 -18.123411 3.648178 -4.905662 -0.000007 0.000000 -0.000003 -15.876306 26.811575 5.649947 101.570061 42.272808 12.250756 179.475723 38.330635 179.816696 -6.720242 9.612322 -12.033206 2.243540 -5.255033 -3.180155 14.282875 -0.826593 6.952497 -0.000002 -12.690591 0.000000 16.695070 -18.520906 3.267562 1.665665 -1.955920 -2.878298 4.727794 -4.170583 4.993918 11.020513 0.000003 -0.000002 12.109032 -3.735710 -2.866782 -0.000001 0.000001 -0.000001 1.291984 -1.928548 -1.498090 14.800113 0.567467 3.865605 14.242551 -1.341735 -6.660649 19.631939 0.143926 -0.648243 50.865635 -1.059065 -5.831720 0.353028 -1.511150 -0.031940 20.222767 3.684306 2.316628 18.787245 0.000005 -0.000000 10.751610 -0.479866 1.397904 -0.000001 -0.000001 0.000000 3.273804 0.305947 -0.580113 21.486788 11.830363 2.266132 8.162916 0.000001 0.000000 18.399052 -3.798980 -4.940567 0.000003 0.000000 -0.000001 15.193423 21.680725 -11.255381 -0.227795 -0.768141 13.231993 -14.115084 -8.421600 7.226279 1.664083 -1.830788 -1.991621 -0.000000 0.000000 0.000002 -4.468002 -8.523976 0.270191 0.004905 0.285315 12.723056 7.179078 4.188519 -9.190208 -1.434742 0.927497 -1.081852 0.000000 0.000000 -0.000001 
1.476045 98.693260 -5.575449 -2.482436 -0.074590 -1.582736 2.378879 0.272092 0.796862 -0.061053 -0.436071 -5.209576 2.807899 -2.585737 15.398485 -2.871091 5.375299 19.144699 0.703731 5.255984 -3.417630 -7.913707 7.641209 7.295594 0.000077 -0.000023 0.000006 0.073978 -0.110325 -0.124278 0.852615 -3.854247 -10.660163 -0.711149 3.631153 -10.673752 23.804945 -19.612350 7.006892 -98.826836 -34.022030 -9.213701 178.714218 -31.161226 -179.513565 1.264314 -15.199981 -7.359056 -5.882102 9.861278 0.702589 -10.936860 -0.360575 7.156197 -0.000000 8.774813 -0.000001 -16.522526 17.824139 5.995975 -1.844031 2.498502 -2.507277 -10.163591 4.678939 4.621103 -20.975994 -0.000003 0.000004 -21.226255 2.451693 -3.593995 0.000001 -0.000006 -0.000000 -1.362680 2.240796 -0.746321 -21.334896 0.584909 3.008321 -13.821197 -0.000002 0.000002 -23.887133 -0.249077 -0.839481 -61.403976 2.092126 -1.490014 -0.294025 1.679686 0.833255 -14.218194 0.093215 1.300579 -34.211998 -0.287563 0.967171 -20.033176 0.964535 1.212842 -0.000000 0.000001 0.000000 -3.440387 0.788233 0.501655 -15.928169 -3.167305 2.999703 -6.338817 -0.000001 0.000001 -18.123413 3.648176 -4.905661 -0.000007 0.000000 -0.000003 -15.941320 26.909180 5.751032 101.717255 42.377045 12.241347 179.354645 38.187294 179.766251 -6.849157 9.626820 -12.069831 2.243540 -5.255033 -3.180156 14.282873 -0.826591 6.952495 -0.000004 -12.690591 -0.000002 16.613338 -18.479195 3.356215 1.665665 -1.955920 -2.878297 4.727793 -4.170582 4.993918 11.020511 0.000003 -0.000001 12.109033 -3.735710 -2.866779 -0.000000 0.000001 -0.000002 1.291984 -1.928548 -1.498089 14.800111 0.567469 3.865602 14.242553 -1.341733 -6.660646 19.631939 0.143927 -0.648241 50.856533 -1.054655 -5.799153 0.353028 -1.511149 -0.031940 20.222769 3.684308 2.316628 18.787245 0.000004 0.000001 10.751610 -0.479868 1.397904 -0.000001 0.000001 -0.000002 3.273804 0.305947 -0.580112 21.486790 11.830361 2.266129 8.162916 0.000003 0.000000 18.399054 -3.798977 -4.940566 0.000003 -0.000001 -0.000000 15.088763 21.612061 -11.346875 -0.228452 -0.714919 13.397960 -13.956463 -8.310352 7.172369 1.663019 -1.855454 -2.000843 0.000000 -0.000000 0.000002 -4.584719 -8.506769 0.147512 -0.007440 0.238157 12.859261 7.216572 4.320254 -9.181230 -1.437184 0.910293 -1.254534 -0.000000 -0.000000 -0.000001 
1.555046 98.671722 -5.607315 -2.422888 -0.017370 -1.569551 2.364962 0.270899 0.759558 -0.048810 -0.474388 -5.236848 2.830391 -2.515899 15.387379 -2.833105 5.274433 19.083033 0.752653 5.268985 -3.400651 -7.954498 7.745330 7.345401 0.000077 -0.000023 0.000006 0.085345 -0.132665 -0.138633 0.864057 -3.879965 -10.664165 -0.691622 3.614586 -10.674644 23.996399 -19.683321 6.923836 -98.902824 -33.993279 -9.092819 178.678207 -30.932428 -179.508469 1.356685 -15.161555 -7.457334 -5.882101 9.861278 0.702590 -10.936858 -0.360574 7.156196 0.000000 8.774811 0.000001 -16.468929 17.807026 6.024901 -1.844031 2.498502 -2.507276 -10.163589 4.678940 4.621106 -20.975994 -0.000003 0.000002 -21.226255 2.451693 -3.593993 0.000001 -0.000006 0.000001 -1.362680 2.240796 -0.746324 -21.334887 0.584909 3.008319 -13.821197 -0.000003 0.000000 -23.887131 -0.249077 -0.839481 -61.394814 2.104038 -1.471799 -0.294024 1.679685 0.833254 -14.218190 0.093215 1.300580 -34.212002 -0.287562 0.967169 -20.033180 0.964535 1.212842 0.000000 0.000000 0.000000 -3.440386 0.788233 0.501654 -15.928167 -3.167306 2.999703 -6.338817 -0.000001 0.000002 -18.123415 3.648175 -4.905661 -0.000007 0.000002 -0.000001 -15.997851 26.920683 5.796164 101.819389 42.515949 12.154957 179.200729 38.163139 179.695145 -7.004396 9.698106 -12.356543 2.243540 -5.255032 -3.180155 14.282877 -0.826594 6.952499 -0.000003 -12.690588 0.000000 16.475986 -18.420267 3.433028 1.665665 -1.955920 -2.878298 4.727794 -4.170583 4.993918 11.020512 0.000002 -0.000001 12.109033 -3.735708 -2.866782 -0.000001 0.000001 -0.000002 1.291985 -1.928548 -1.498089 14.800113 0.567467 3.865604 14.242554 -1.341733 -6.660649 19.631937 0.143925 -0.648244 50.805523 -1.038891 -5.815085 0.353029 -1.511149 -0.031940 20.222771 3.684305 2.316626 18.787249 0.000006 -0.000001 10.751610 -0.479867 1.397903 -0.000000 0.000001 -0.000001 3.273805 0.305947 -0.580112 21.486792 11.830362 2.266129 8.162916 0.000002 0.000000 18.399054 -3.798977 -4.940567 0.000002 0.000000 0.000000 14.947056 21.603670 -11.509768 -0.228662 -0.688900 13.603647 -13.814524 -8.296597 7.046243 1.663318 -1.873574 -1.999105 0.000000 -0.000000 0.000002 -4.704191 -8.566850 0.036152 -0.017878 0.213800 13.036939 7.216299 4.489640 -9.278443 -1.437336 0.902241 -1.342907 -0.000000 -0.000000 -0.000001 
1.583716 98.624855 -5.538856 -2.396498 0.100642 -1.546219 2.372440 0.265004 0.709806 -0.043120 -0.473031 -5.248509 2.852411 -2.492690 15.343155 -2.795126 5.186100 18.997805 0.802563 5.277606 -3.392611 -7.980013 7.809994 7.416451 0.000077 -0.000022 0.000006 0.095756 -0.150503 -0.131134 0.866998 -3.887658 -10.655363 -0.685646 3.601557 -10.668269 24.167421 -19.718004 6.802141 -98.922501 -33.943993 -9.106532 178.738846 -30.732306 -179.524231 1.481900 -15.074643 -7.529387 -5.882100 9.861279 0.702587 -10.936856 -0.360575 7.156196 0.000001 8.774814 -0.000001 -16.390797 17.733953 6.054294 -1.844030 2.498502 -2.507275 -10.163587 4.678938 4.621104 -20.975992 -0.000005 0.000004 -21.226246 2.451691 -3.593992 -0.000001 -0.000006 -0.000001 -1.362680 2.240796 -0.746323 -21.334887 0.584908 3.008322 -13.821197 -0.000003 0.000002 -23.887123 -0.249077 -0.839479 -61.298779 2.125762 -1.435484 -0.294025 1.679686 0.833256 -14.218190 0.093214 1.300578 -34.211998 -0.287566 0.967171 -20.033178 0.964534 1.212841 0.000000 0.000000 0.000000 -3.440385 0.788232 0.501654 -15.928165 -3.167307 2.999703 -6.338816 -0.000001 0.000001 -18.123413 3.648176 -4.905662 -0.000008 0.000000 -0.000001 -16.083481 26.895554 5.749312 101.919380 42.634735 11.998844 179.067139 38.158646 179.595551 -7.184321 9.762783 -12.794530 2.243540 -5.255033 -3.180155 14.282877 -0.826594 6.952493 -0.000002 -12.690588 -0.000001 16.399328 -18.382862 3.491004 1.665665 -1.955920 -2.878298 4.727795 -4.170583 4.993918 11.020513 0.000002 -0.000001 12.109034 -3.735710 -2.866779 -0.000000 0.000001 -0.000002 1.291985 -1.928548 -1.498088 14.800114 0.567466 3.865604 14.242554 -1.341735 -6.660650 19.631939 0.143925 -0.648245 50.874542 -1.057483 -5.788807 0.353029 -1.511149 -0.031942 20.222769 3.684304 2.316628 18.787247 0.000004 0.000001 10.751613 -0.479869 1.397905 -0.000000 0.000001 -0.000001 3.273804 0.305946 -0.580112 21.486788 11.830360 2.266131 8.162916 0.000002 -0.000001 18.399052 -3.798980 -4.940567 0.000003 -0.000001 -0.000001 14.876680 21.667564 -11.659561 -0.222017 -0.675421 13.848871 -13.773046 -8.462375 6.812649 1.661731 -1.886240 -1.998852 0.000000 -0.000000 0.000002 -4.758538 -8.626855 0.032415 -0.023626 0.197705 13.135741 7.235950 4.583861 -9.570553 -1.438035 0.904928 -1.380994 -0.000000 -0.000000 -0.000001 
1.599317 98.601128 -5.464263 -2.380100 0.206409 -1.520661 2.378663 0.290144 0.689037 -0.042437 -0.487785 -5.261225 2.870054 -2.476737 15.304305 -2.753411 5.090672 18.888069 0.816538 5.324645 -3.384936 -7.968609 7.807723 7.502803 0.000077 -0.000023 0.000005 0.092891 -0.140407 -0.139768 0.862153 -3.878241 -10.644723 -0.682573 3.596254 -10.668330 24.255934 -19.717535 6.761952 -98.855751 -33.957035 -9.065015 178.781448 -30.556824 -179.557816 1.575819 -14.962989 -7.628657 -5.882100 9.861277 0.702592 -10.936860 -0.360574 7.156198 0.000001 8.774812 0.000000 -16.323650 17.644442 6.045896 -1.844031 2.498502 -2.507276 -10.163590 4.678939 4.621104 -20.975998 -0.000004 0.000003 -21.226255 2.451691 -3.593991 0.000000 -0.000006 -0.000001 -1.362680 2.240796 -0.746325 -21.334892 0.584908 3.008320 -13.821197 -0.000003 0.000004 -23.887131 -0.249078 -0.839480 -61.136055 2.126604 -1.453782 -0.294025 1.679686 0.833256 -14.218190 0.093214 1.300578 -34.212002 -0.287564 0.967170 -20.033178 0.964536 1.212842 0.000000 0.000001 0.000001 -3.440386 0.788233 0.501656 -15.928167 -3.167306 2.999703 -6.338818 -0.000002 0.000000 -18.123413 3.648175 -4.905661 -0.000007 0.000001 -0.000002 -16.167679 26.871393 5.669719 101.920692 42.726971 11.826623 178.973724 38.188065 179.552292 -7.347910 9.793522 -13.229305 2.243540 -5.255032 -3.180155 14.282875 -0.826593 6.952495 -0.000003 -12.690591 -0.000001 16.374392 -18.361486 3.480207 1.665665 -1.955920 -2.878295 4.727794 -4.170583 4.993919 11.020513 0.000003 -0.000002 12.109031 -3.735708 -2.866780 -0.000001 0.000000 -0.000001 1.291984 -1.928547 -1.498088 14.800113 0.567468 3.865605 14.242553 -1.341733 -6.660647 19.631939 0.143926 -0.648242 50.943455 -1.041138 -5.783626 0.353029 -1.511149 -0.031941 20.222771 3.684307 2.316626 18.787245 0.000006 0.000002 10.751611 -0.479867 1.397904 -0.000001 0.000001 -0.000001 3.273804 0.305947 -0.580112 21.486794 11.830363 2.266134 8.162916 0.000003 -0.000001 18.399048 -3.798978 -4.940565 0.000003 0.000000 -0.000002 14.836490 21.774179 -11.774859 -0.233811 -0.668723 14.044151 -13.743124 -8.617782 6.691541 1.661254 -1.897877 -2.009533 0.000000 -0.000000 0.000002 -4.787060 -8.656020 0.035254 -0.029113 0.193074 13.218224 7.285297 4.634010 -9.590148 -1.438993 0.909510 -1.422749 -0.000000 0.000000 -0.000001 
1.594982 98.579964 -5.411006 -2.377185 0.323926 -1.484610 2.387322 0.287720 0.671319 -0.040533 -0.463261 -5.258271 2.878537 -2.491185 15.236985 -2.731259 5.036758 18.760506 0.851978 5.357685 -3.373208 -7.945758 7.836231 7.575161 0.000077 -0.000024 0.000006 0.087306 -0.138992 -0.138923 0.853693 -3.870776 -10.642363 -0.685321 3.595644 -10.657818 24.295511 -19.706497 6.720049 -98.747971 -34.010250 -9.087840 178.844574 -30.415977 -179.595596 1.647543 -14.814117 -7.732440 -5.882102 9.861279 0.702590 -10.936860 -0.360576 7.156196 -0.000001 8.774814 -0.000002 -16.316696 17.543646 6.020030 -1.844030 2.498502 -2.507276 -10.163591 4.678941 4.621104 -20.975992 -0.000004 0.000005 -21.226255 2.451694 -3.593992 0.000000 -0.000007 -0.000001 -1.362680 2.240797 -0.746321 -21.334890 0.584907 3.008320 -13.821197 -0.000004 0.000003 -23.887136 -0.249078 -0.839479 -60.952316 2.111316 -1.458546 -0.294025 1.679686 0.833256 -14.218194 0.093214 1.300580 -34.212006 -0.287562 0.967172 -20.033180 0.964534 1.212843 0.000000 0.000000 0.000000 -3.440385 0.788233 0.501657 -15.928165 -3.167307 2.999705 -6.338818 -0.000001 0.000001 -18.123413 3.648176 -4.905660 -0.000007 0.000001 -0.000002 -16.232016 26.882940 5.610579 101.919403 42.864052 11.719151 178.953110 38.237438 179.556091 -7.448607 9.824183 -13.490814 2.243539 -5.255033 -3.180153 14.282877 -0.826593 6.952494 -0.000003 -12.690590 -0.000001 16.361477 -18.374903 3.477305 1.665665 -1.955920 -2.878297 4.727794 -4.170583 4.993919 11.020513 0.000003 -0.000001 12.109032 -3.735709 -2.866781 -0.000001 0.000000 -0.000000 1.291984 -1.928547 -1.498087 14.800113 0.567468 3.865606 14.242553 -1.341735 -6.660647 19.631939 0.143925 -0.648242 50.976181 -1.035068 -5.779243 0.353028 -1.511149 -0.031941 20.222767 3.684306 2.316628 18.787243 0.000005 0.000001 10.751608 -0.479867 1.397905 -0.000000 0.000001 -0.000002 3.273804 0.305947 -0.580109 21.486788 11.830363 2.266129 8.162916 0.000002 -0.000001 18.399048 -3.798977 -4.940567 0.000003 -0.000001 -0.000002 14.801210 21.857237 -11.849693 -0.225807 -0.662449 14.086604 -13.738566 -8.749675 6.611304 1.662344 -1.894113 -2.005294 0.000000 -0.000000 0.000002 -4.779247 -8.684291 0.038543 -0.037417 0.191410 13.249095 7.350429 4.620135 -9.738431 -1.438768 0.914807 -1.446086 -0.000000 -0.000000 -0.000001 
1.628336 98.586517 -5.382795 -2.367732 0.416948 -1.439275 2.376033 0.279085 0.661368 -0.038775 -0.427736 -5.258927 2.877287 -2.491850 15.169893 -2.699654 4.994718 18.648127 0.857914 5.381278 -3.362510 -7.878201 7.835198 7.617482 0.000077 -0.000022 0.000006 0.087308 -0.135287 -0.112340 0.842877 -3.869527 -10.636660 -0.686094 3.599511 -10.644997 24.304482 -19.673870 6.650954 -98.636017 -34.026230 -9.100204 178.907959 -30.321432 -179.632004 1.663850 -14.679983 -7.837298 -5.882101 9.861278 0.702591 -10.936858 -0.360575 7.156197 -0.000000 8.774815 -0.000001 -16.379673 17.479052 5.975763 -1.844031 2.498503 -2.507275 -10.163588 4.678939 4.621104 -20.975994 -0.000004 0.000002 -21.226254 2.451693 -3.593993 0.000001 -0.000006 -0.000001 -1.362680 2.240796 -0.746321 -21.334887 0.584909 3.008318 -13.821197 -0.000002 0.000000 -23.887133 -0.249080 -0.839481 -60.871647 2.088321 -1.439203 -0.294024 1.679686 0.833254 -14.218190 0.093215 1.300579 -34.211998 -0.287564 0.967168 -20.033178 0.964535 1.212841 0.000000 0.000000 0.000000 -3.440385 0.788233 0.501653 -15.928164 -3.167307 2.999701 -6.338814 -0.000001 0.000002 -18.123415 3.648177 -4.905660 -0.000006 0.000001 -0.000002 -16.224756 26.882099 5.622060 101.882156 42.989689 11.634808 178.986374 38.237801 179.628601 -7.495871 9.895118 -13.739550 2.243540 -5.255033 -3.180157 14.282877 -0.826595 6.952495 -0.000002 -12.690587 0.000000 16.373762 -18.401941 3.481375 1.665665 -1.955920 -2.878294 4.727794 -4.170584 4.993919 11.020513 0.000002 -0.000002 12.109035 -3.735711 -2.866781 0.000000 0.000000 0.000000 1.291985 -1.928548 -1.498087 14.800111 0.567467 3.865604 14.242553 -1.341734 -6.660652 19.631939 0.143926 -0.648245 50.968029 -1.051484 -5.768073 0.353029 -1.511149 -0.031939 20.222767 3.684304 2.316628 18.787245 0.000003 -0.000001 10.751611 -0.479867 1.397903 -0.000001 0.000001 -0.000001 3.273804 0.305947 -0.580110 21.486788 11.830360 2.266127 8.162916 0.000001 0.000000 18.399050 -3.798980 -4.940569 0.000003 0.000000 0.000000 14.733917 21.913263 -11.922626 -0.229660 -0.660021 14.093496 -13.712563 -8.836391 6.613850 1.663032 -1.893116 -1.972650 0.000000 -0.000000 0.000002 -4.803287 -8.725874 0.028215 -0.042826 0.201157 13.242767 7.401962 4.590900 -9.714598 -1.438607 0.915882 -1.451508 -0.000000 -0.000000 -0.000001 
1.644845 98.598549 -5.362368 -2.351006 0.492281 -1.396588 2.351545 0.299658 0.661023 -0.039615 -0.412574 -5.258646 2.883876 -2.502223 15.113791 -2.677498 4.977005 18.549622 0.834903 5.419772 -3.364590 -7.810119 7.810243 7.699578 0.000077 -0.000023 0.000006 0.072056 -0.116750 -0.123939 0.827636 -3.844987 -10.637526 -0.694383 3.603801 -10.659531 24.302759 -19.657465 6.562342 -98.511391 -34.034912 -9.117297 178.939789 -30.268078 -179.662720 1.658362 -14.617439 -7.910587 -5.882101 9.861278 0.702589 -10.936858 -0.360576 7.156196 0.000001 8.774813 -0.000001 -16.422201 17.444849 5.957425 -1.844031 2.498502 -2.507276 -10.163589 4.678940 4.621104 -20.975994 -0.000004 0.000003 -21.226250 2.451693 -3.593993 0.000000 -0.000006 -0.000001 -1.362680 2.240796 -0.746323 -21.334888 0.584908 3.008319 -13.821194 -0.000003 0.000003 -23.887129 -0.249079 -0.839481 -60.872021 2.047852 -1.417897 -0.294025 1.679686 0.833255 -14.218190 0.093214 1.300579 -34.211998 -0.287563 0.967169 -20.033180 0.964534 1.212841 0.000000 0.000001 0.000000 -3.440385 0.788233 0.501655 -15.928164 -3.167306 2.999703 -6.338817 -0.000001 0.000001 -18.123413 3.648176 -4.905659 -0.000007 0.000001 -0.000001 -16.221102 26.882986 5.672404 101.851807 43.151421 11.581116 178.985596 38.269642 179.641174 -7.537094 10.014089 -13.951303 2.243539 -5.255033 -3.180155 14.282877 -0.826594 6.952497 -0.000003 -12.690590 -0.000001 16.408314 -18.405651 3.448086 1.665664 -1.955920 -2.878297 4.727794 -4.170582 4.993918 11.020512 0.000002 -0.000001 12.109032 -3.735710 -2.866779 -0.000000 0.000000 -0.000002 1.291984 -1.928548 -1.498091 14.800113 0.567467 3.865605 14.242554 -1.341735 -6.660652 19.631937 0.143926 -0.648242 50.993938 -1.050657 -5.760845 0.353029 -1.511149 -0.031939 20.222767 3.684304 2.316627 18.787245 0.000004 0.000001 10.751610 -0.479867 1.397904 -0.000001 0.000001 -0.000001 3.273804 0.305947 -0.580112 21.486790 11.830360 2.266131 8.162915 0.000000 0.000000 18.399052 -3.798980 -4.940567 0.000001 0.000001 -0.000001 14.671756 21.954306 -11.921030 -0.231162 -0.656626 13.960934 -13.702194 -8.905308 6.660130 1.664608 -1.886042 -1.957337 0.000000 -0.000000 0.000002 -4.827428 -8.767356 -0.001094 -0.043356 0.208958 13.265006 7.419220 4.583703 -9.680382 -1.439817 0.918695 -1.476942 -0.000000 -0.000000 -0.000001 
1.686361 98.603943 -5.338664 -2.329719 0.552487 -1.363172 2.322833 0.314048 0.665630 -0.041070 -0.403055 -5.256829 2.882948 -2.491558 15.076784 -2.694674 4.972455 18.495758 0.821367 5.447200 -3.357061 -7.752240 7.806579 7.747136 0.000078 -0.000023 0.000006 0.068459 -0.117797 -0.122837 0.829027 -3.847298 -10.633080 -0.700575 3.610320 -10.656294 24.323437 -19.655968 6.483535 -98.415558 -34.025585 -9.171126 178.976318 -30.193352 -179.684219 1.615127 -14.571827 -8.006252 -5.882102 9.861279 0.702590 -10.936859 -0.360574 7.156198 -0.000002 8.774813 -0.000002 -16.446644 17.436869 5.951314 -1.844031 2.498503 -2.507276 -10.163589 4.678940 4.621102 -20.975998 -0.000003 0.000003 -21.226255 2.451694 -3.593992 0.000000 -0.000006 -0.000001 -1.362681 2.240797 -0.746321 -21.334892 0.584909 3.008320 -13.821198 -0.000002 0.000002 -23.887133 -0.249077 -0.839482 -60.858887 2.041101 -1.400220 -0.294025 1.679686 0.833255 -14.218195 0.093215 1.300581 -34.212002 -0.287562 0.967169 -20.033180 0.964537 1.212841 0.000000 0.000001 0.000000 -3.440386 0.788233 0.501654 -15.928167 -3.167306 2.999706 -6.338818 -0.000001 0.000002 -18.123417 3.648177 -4.905661 -0.000007 0.000001 -0.000002 -16.212484 26.884598 5.746222 101.830879 43.263702 11.534836 178.932999 38.295021 179.647400 -7.547764 10.170501 -14.253702 2.243540 -5.255033 -3.180155 14.282877 -0.826593 6.952494 -0.000003 -12.690588 -0.000001 16.451317 -18.408615 3.411978 1.665665 -1.955920 -2.878298 4.727793 -4.170582 4.993916 11.020513 0.000004 -0.000001 12.109034 -3.735710 -2.866781 -0.000001 0.000001 -0.000001 1.291984 -1.928548 -1.498088 14.800111 0.567468 3.865604 14.242553 -1.341734 -6.660650 19.631939 0.143926 -0.648245 51.025639 -1.074790 -5.756774 0.353029 -1.511149 -0.031940 20.222771 3.684307 2.316627 18.787247 0.000004 -0.000002 10.751611 -0.479865 1.397902 -0.000001 0.000001 -0.000000 3.273804 0.305947 -0.580111 21.486794 11.830364 2.266133 8.162918 0.000002 -0.000001 18.399052 -3.798975 -4.940567 0.000002 -0.000001 -0.000002 14.595255 21.997849 -11.944114 -0.234853 -0.666852 13.915860 -13.670792 -9.000259 6.642788 1.664877 -1.882677 -1.959807 0.000000 -0.000000 0.000002 -4.879166 -8.831130 0.010444 -0.049172 0.207452 13.224244 7.451255 4.641615 -9.654198 -1.441668 0.907865 -1.483573 0.000000 0.000000 -0.000001 
1.674774 98.621162 -5.345018 -2.315947 0.590524 -1.317954 2.298778 0.324689 0.650782 -0.040284 -0.379729 -5.257013 2.879467 -2.474766 15.057965 -2.740405 4.976946 18.449123 0.843122 5.449278 -3.361811 -7.712692 7.840121 7.841478 0.000077 -0.000022 0.000005 0.070437 -0.111880 -0.119756 0.829745 -3.850200 -10.634630 -0.693604 3.604257 -10.653861 24.384705 -19.662170 6.389586 -98.391747 -34.015568 -9.320535 179.059357 -30.106943 -179.724030 1.532428 -14.514240 -8.081251 -5.882099 9.861278 0.702589 -10.936859 -0.360575 7.156196 0.000000 8.774812 -0.000001 -16.474340 17.408079 5.928456 -1.844030 2.498503 -2.507277 -10.163590 4.678938 4.621103 -20.975994 -0.000006 0.000004 -21.226254 2.451690 -3.593992 0.000001 -0.000006 -0.000001 -1.362680 2.240796 -0.746323 -21.334887 0.584907 3.008321 -13.821197 -0.000003 0.000002 -23.887131 -0.249079 -0.839480 -60.815613 2.028850 -1.379064 -0.294024 1.679686 0.833255 -14.218194 0.093213 1.300577 -34.212002 -0.287566 0.967170 -20.033176 0.964534 1.212843 0.000000 -0.000000 0.000000 -3.440385 0.788232 0.501654 -15.928169 -3.167308 2.999703 -6.338817 -0.000001 0.000001 -18.123411 3.648176 -4.905661 -0.000007 0.000002 -0.000002 -16.203295 26.892342 5.849216 101.866013 43.361851 11.525816 178.933197 38.287571 179.653976 -7.452830 10.262087 -14.409113 2.243540 -5.255034 -3.180156 14.282878 -0.826594 6.952499 -0.000002 -12.690591 -0.000001 16.447613 -18.421141 3.387702 1.665664 -1.955920 -2.878294 4.727794 -4.170585 4.993919 11.020513 0.000003 0.000000 12.109033 -3.735710 -2.866779 -0.000001 0.000000 -0.000001 1.291984 -1.928548 -1.498088 14.800114 0.567468 3.865604 14.242553 -1.341735 -6.660645 19.631939 0.143927 -0.648242 51.020401 -1.088042 -5.784580 0.353029 -1.511150 -0.031942 20.222773 3.684306 2.316629 18.787249 0.000004 -0.000000 10.751610 -0.479868 1.397906 -0.000002 0.000000 0.000000 3.273804 0.305947 -0.580109 21.486794 11.830364 2.266134 8.162916 0.000001 -0.000001 18.399054 -3.798980 -4.940567 0.000004 0.000001 -0.000002 14.551627 22.067974 -11.929084 -0.233437 -0.673138 13.738605 -13.669921 -9.071496 6.761255 1.665901 -1.889284 -1.998550 0.000000 0.000000 0.000002 -4.890147 -8.907461 -0.054478 -0.044168 0.204825 13.265036 7.435217 4.733042 -9.599738 -1.443769 0.904436 -1.524826 -0.000000 -0.000000 -0.000001 
1.670085 98.632927 -5.342797 -2.303947 0.620798 -1.298383 2.280911 0.357215 0.649388 -0.037493 -0.385889 -5.262242 2.877902 -2.428646 15.057753 -2.801110 5.006779 18.427120 0.872184 5.477084 -3.355852 -7.688874 7.832044 7.970534 0.000077 -0.000021 0.000006 0.079767 -0.123404 -0.112544 0.837246 -3.853356 -10.650508 -0.689712 3.601176 -10.668118 24.421963 -19.680967 6.339833 -98.347137 -34.027817 -9.527589 179.162735 -30.055529 -179.770859 1.456057 -14.423400 -8.188457 -5.882101 9.861279 0.702589 -10.936858 -0.360575 7.156197 0.000000 8.774814 -0.000001 -16.468851 17.392214 5.894610 -1.844031 2.498502 -2.507275 -10.163589 4.678939 4.621103 -20.975992 -0.000003 0.000003 -21.226254 2.451693 -3.593993 -0.000001 -0.000007 0.000000 -1.362680 2.240796 -0.746323 -21.334887 0.584908 3.008320 -13.821194 -0.000003 0.000002 -23.887133 -0.249077 -0.839482 -60.793633 2.013500 -1.404100 -0.294025 1.679686 0.833255 -14.218192 0.093214 1.300579 -34.212006 -0.287564 0.967169 -20.033180 0.964535 1.212842 0.000000 0.000000 0.000000 -3.440386 0.788232 0.501654 -15.928167 -3.167306 2.999702 -6.338815 -0.000001 0.000001 -18.123411 3.648176 -4.905662 -0.000007 0.000001 -0.000002 -16.174623 26.877258 5.950407 101.855064 43.407433 11.552467 178.940323 38.291061 179.668091 -7.354174 10.270983 -14.450636 2.243541 -5.255033 -3.180156 14.282878 -0.826594 6.952494 -0.000002 -12.690590 -0.000001 16.484339 -18.453106 3.394058 1.665666 -1.955920 -2.878299 4.727795 -4.170582 4.993917 11.020513 0.000002 -0.000001 12.109035 -3.735709 -2.866781 -0.000000 0.000000 -0.000000 1.291985 -1.928548 -1.498087 14.800114 0.567468 3.865603 14.242553 -1.341734 -6.660648 19.631941 0.143928 -0.648246 50.992912 -1.125458 -5.790151 0.353029 -1.511149 -0.031939 20.222771 3.684306 2.316625 18.787247 0.000004 -0.000000 10.751611 -0.479868 1.397903 -0.000001 0.000001 -0.000003 3.273804 0.305946 -0.580112 21.486790 11.830360 2.266128 8.162916 0.000001 -0.000001 18.399055 -3.798977 -4.940570 0.000002 -0.000001 -0.000003 14.523153 22.095617 -11.903449 -0.232459 -0.677024 13.619580 -13.668698 -9.087247 6.831758 1.664953 -1.892906 -2.011727 0.000000 0.000000 0.000002 -4.909782 -8.974492 -0.077484 -0.038213 0.197485 13.287194 7.430345 4.878336 -9.556274 -1.445449 0.894098 -1.534041 0.000000 0.000000 -0.000001 
1.690141 98.620201 -5.355204 -2.292956 0.653942 -1.298550 2.261549 0.341511 0.643163 -0.038785 -0.350764 -5.246486 2.895629 -2.403856 15.070770 -2.880846 5.048460 18.394480 0.893718 5.504108 -3.361945 -7.651114 7.821505 8.096385 0.000078 -0.000023 0.000004 0.075531 -0.127882 -0.118952 0.834329 -3.859677 -10.658532 -0.687348 3.598181 -10.673788 24.485598 -19.677021 6.272010 -98.367867 -33.994461 -9.681971 179.269363 -29.991123 -179.791595 1.375371 -14.305804 -8.258086 -5.882101 9.861279 0.702590 -10.936859 -0.360574 7.156196 -0.000000 8.774813 -0.000000 -16.490257 17.382042 5.878623 -1.844031 2.498503 -2.507276 -10.163589 4.678940 4.621104 -20.975992 -0.000004 0.000002 -21.226248 2.451693 -3.593993 0.000000 -0.000006 0.000001 -1.362679 2.240796 -0.746322 -21.334887 0.584908 3.008321 -13.821198 -0.000003 0.000002 -23.887129 -0.249079 -0.839480 -60.803795 2.008473 -1.431541 -0.294025 1.679686 0.833255 -14.218192 0.093215 1.300580 -34.211998 -0.287563 0.967168 -20.033176 0.964536 1.212841 -0.000000 0.000001 0.000000 -3.440384 0.788232 0.501655 -15.928167 -3.167306 2.999703 -6.338815 -0.000000 0.000002 -18.123415 3.648176 -4.905662 -0.000007 0.000001 -0.000002 -16.115667 26.842049 6.044780 101.844040 43.339394 11.663390 179.035599 38.254463 179.765900 -7.162337 10.268231 -14.263713 2.243539 -5.255033 -3.180158 14.282877 -0.826592 6.952494 -0.000003 -12.690588 0.000001 16.508139 -18.464504 3.390396 1.665664 -1.955920 -2.878298 4.727793 -4.170583 4.993921 11.020511 0.000003 0.000000 12.109031 -3.735708 -2.866779 -0.000001 0.000000 -0.000002 1.291984 -1.928548 -1.498086 14.800111 0.567468 3.865604 14.242553 -1.341734 -6.660650 19.631937 0.143927 -0.648244 50.953388 -1.143044 -5.814528 0.353029 -1.511149 -0.031940 20.222767 3.684307 2.316626 18.787245 0.000004 0.000001 10.751610 -0.479868 1.397905 -0.000000 -0.000000 -0.000001 3.273804 0.305947 -0.580111 21.486790 11.830363 2.266131 8.162914 0.000003 -0.000001 18.399052 -3.798978 -4.940566 0.000003 0.000000 0.000000 14.490843 22.047077 -11.905579 -0.232763 -0.657751 13.583682 -13.641756 -9.088016 6.767698 1.664280 -1.889880 -2.040821 -0.000000 0.000000 0.000002 -4.947495 -9.062249 -0.128361 -0.032862 0.212610 13.392889 7.423212 4.988650 -9.604430 -1.444823 0.885692 -1.558262 0.000000 0.000000 -0.000001 
1.689878 98.594498 -5.355750 -2.294305 0.682957 -1.323192 2.239892 0.347294 0.639375 -0.043483 -0.339201 -5.247017 2.933738 -2.369157 15.110304 -2.967782 5.103084 18.383102 0.888165 5.540901 -3.363938 -7.580751 7.754238 8.200310 0.000077 -0.000023 0.000005 0.077933 -0.123880 -0.107761 0.834855 -3.851110 -10.667143 -0.684236 3.603180 -10.679331 24.518967 -19.636702 6.246367 -98.379066 -33.956188 -9.775246 179.336899 -30.010334 -179.779327 1.288264 -14.176669 -8.282904 -5.882101 9.861278 0.702589 -10.936860 -0.360574 7.156197 0.000000 8.774815 -0.000001 -16.506079 17.399084 5.879558 -1.844031 2.498503 -2.507276 -10.163588 4.678939 4.621104 -20.975992 -0.000003 0.000003 -21.226250 2.451693 -3.593992 0.000000 -0.000006 -0.000000 -1.362680 2.240796 -0.746323 -21.334896 0.584909 3.008323 -13.821197 -0.000003 0.000003 -23.887125 -0.249077 -0.839479 -60.874249 2.023621 -1.448329 -0.294024 1.679686 0.833255 -14.218192 0.093214 1.300580 -34.212002 -0.287563 0.967173 -20.033176 0.964536 1.212843 -0.000000 0.000000 -0.000000 -3.440385 0.788232 0.501658 -15.928167 -3.167306 2.999705 -6.338819 -0.000001 0.000003 -18.123411 3.648176 -4.905660 -0.000006 0.000000 -0.000003 -15.950301 26.801573 6.115160 101.726257 43.187355 11.648029 179.036377 38.211090 179.808060 -7.023847 10.279601 -13.929101 2.243540 -5.255032 -3.180156 14.282878 -0.826594 6.952495 -0.000003 -12.690587 -0.000001 16.525324 -18.470123 3.419079 1.665665 -1.955920 -2.878298 4.727795 -4.170584 4.993918 11.020511 0.000002 0.000000 12.109034 -3.735709 -2.866779 -0.000000 0.000000 -0.000001 1.291984 -1.928548 -1.498086 14.800113 0.567467 3.865606 14.242553 -1.341735 -6.660646 19.631941 0.143926 -0.648244 50.928009 -1.169073 -5.801574 0.353029 -1.511150 -0.031940 20.222767 3.684305 2.316626 18.787247 0.000003 0.000000 10.751610 -0.479868 1.397905 -0.000002 0.000001 -0.000001 3.273805 0.305947 -0.580110 21.486792 11.830361 2.266132 8.162917 0.000003 -0.000001 18.399054 -3.798979 -4.940567 0.000003 0.000001 -0.000001 14.500772 21.966442 -11.871826 -0.234281 -0.650209 13.552121 -13.619783 -9.043856 6.644716 1.662384 -1.891101 -2.064382 0.000000 -0.000000 0.000002 -4.958413 -9.133376 -0.170479 -0.035497 0.223634 13.549756 7.419535 5.112220 -9.707126 -1.443336 0.883126 -1.576938 -0.000000 -0.000000 -0.000001 
1.672504 98.563301 -5.410124 -2.301906 0.706272 -1.377499 2.213305 0.347410 0.643962 -0.050586 -0.317998 -5.251715 2.998270 -2.360605 15.191090 -3.077632 5.174927 18.409172 0.880659 5.529418 -3.377706 -7.523205 7.713242 8.305596 0.000077 -0.000022 0.000006 0.074740 -0.119202 -0.111448 0.831701 -3.854478 -10.684235 -0.690003 3.612192 -10.709159 24.504042 -19.609524 6.232741 -98.334084 -33.884148 -9.815712 179.379898 -30.032429 -179.752823 1.182101 -14.056252 -8.269181 -5.882101 9.861279 0.702590 -10.936858 -0.360576 7.156197 0.000002 8.774816 -0.000001 -16.518612 17.443157 5.886091 -1.844031 2.498504 -2.507277 -10.163589 4.678939 4.621102 -20.975992 -0.000004 0.000003 -21.226250 2.451693 -3.593994 0.000000 -0.000006 0.000000 -1.362680 2.240797 -0.746322 -21.334887 0.584908 3.008320 -13.821197 -0.000003 0.000003 -23.887131 -0.249077 -0.839480 -60.948460 2.028757 -1.463594 -0.294024 1.679686 0.833255 -14.218194 0.093214 1.300579 -34.211998 -0.287565 0.967172 -20.033175 0.964535 1.212843 0.000000 0.000000 -0.000000 -3.440385 0.788233 0.501655 -15.928167 -3.167308 2.999705 -6.338817 -0.000001 0.000002 -18.123411 3.648177 -4.905662 -0.000007 0.000000 -0.000002 -15.707923 26.721113 6.228681 101.553177 43.034214 11.556784 178.946747 38.151421 179.771805 -6.883593 10.327601 -13.543459 2.243540 -5.255033 -3.180152 14.282877 -0.826594 6.952494 -0.000002 -12.690590 -0.000001 16.534115 -18.443377 3.405828 1.665665 -1.955920 -2.878297 4.727795 -4.170584 4.993919 11.020513 0.000002 -0.000001 12.109033 -3.735711 -2.866779 -0.000000 0.000001 -0.000000 1.291984 -1.928548 -1.498088 14.800113 0.567467 3.865602 14.242554 -1.341736 -6.660648 19.631941 0.143924 -0.648244 50.910103 -1.149358 -5.804618 0.353029 -1.511149 -0.031941 20.222771 3.684305 2.316628 18.787245 0.000002 -0.000000 10.751613 -0.479869 1.397903 -0.000000 0.000001 -0.000002 3.273804 0.305947 -0.580107 21.486794 11.830362 2.266130 8.162917 0.000001 -0.000001 18.399054 -3.798979 -4.940571 0.000002 0.000001 -0.000002 14.535974 21.825617 -11.849824 -0.245626 -0.642865 13.542798 -13.603868 -9.017382 6.555283 1.662601 -1.889011 -2.078691 0.000000 -0.000000 0.000002 -4.953518 -9.189900 -0.296081 -0.031555 0.229638 13.868620 7.401720 5.198494 -9.770878 -1.440724 0.877762 -1.572899 -0.000000 -0.000000 -0.000001 
1.672802 98.514984 -5.367816 -2.323875 0.744841 -1.457573 2.187067 0.334463 0.654595 -0.058843 -0.302223 -5.250994 3.088840 -2.349589 15.276409 -3.180099 5.221742 18.411562 0.866858 5.502163 -3.365037 -7.478063 7.666246 8.358562 0.000076 -0.000023 0.000005 0.073479 -0.111025 -0.108266 0.828950 -3.850760 -10.690942 -0.689279 3.620922 -10.696630 24.454859 -19.608036 6.228359 -98.277161 -33.768936 -9.854502 179.438034 -30.012629 -179.733658 1.081355 -13.907323 -8.210089 -5.882102 9.861277 0.702589 -10.936858 -0.360574 7.156196 0.000002 8.774811 -0.000000 -16.545656 17.501644 5.882749 -1.844031 2.498502 -2.507276 -10.163590 4.678940 4.621104 -20.975994 -0.000004 0.000002 -21.226255 2.451693 -3.593993 0.000000 -0.000006 -0.000000 -1.362680 2.240797 -0.746324 -21.334892 0.584909 3.008320 -13.821197 -0.000002 0.000001 -23.887133 -0.249077 -0.839480 -61.016495 2.052845 -1.477333 -0.294024 1.679686 0.833255 -14.218192 0.093215 1.300578 -34.212002 -0.287563 0.967169 -20.033176 0.964536 1.212841 0.000000 0.000000 0.000000 -3.440386 0.788233 0.501654 -15.928165 -3.167305 2.999702 -6.338818 -0.000001 0.000000 -18.123413 3.648176 -4.905660 -0.000007 0.000000 -0.000001 -15.421152 26.669840 6.340644 101.355942 42.867069 11.380441 178.755707 38.072079 179.666046 -6.740183 10.393184 -13.188819 2.243539 -5.255032 -3.180153 14.282877 -0.826594 6.952495 -0.000003 -12.690587 0.000001 16.505861 -18.413599 3.397096 1.665664 -1.955920 -2.878295 4.727794 -4.170583 4.993919 11.020510 0.000003 0.000000 12.109033 -3.735708 -2.866780 -0.000001 0.000000 -0.000002 1.291984 -1.928547 -1.498088 14.800114 0.567468 3.865602 14.242553 -1.341734 -6.660648 19.631939 0.143926 -0.648242 50.969433 -1.127323 -5.802073 0.353028 -1.511149 -0.031938 20.222769 3.684306 2.316629 18.787245 0.000004 0.000002 10.751612 -0.479866 1.397905 -0.000000 -0.000001 -0.000001 3.273804 0.305947 -0.580109 21.486790 11.830360 2.266131 8.162916 0.000001 0.000000 18.399052 -3.798979 -4.940566 0.000003 0.000001 -0.000002 14.605386 21.660387 -11.805619 -0.248689 -0.639238 13.672807 -13.612862 -9.042243 6.285707 1.665048 -1.894020 -2.062712 0.000000 -0.000000 0.000002 -4.957861 -9.228708 -0.268418 -0.026308 0.230379 14.073302 7.401805 5.311165 -9.949813 -1.441405 0.886591 -1.541325 0.000000 0.000000 -0.000001 
1.628335 98.477608 -5.387443 -2.343913 0.759765 -1.549410 2.156232 0.343962 0.679879 -0.066690 -0.315102 -5.252212 3.166083 -2.347897 15.377593 -3.260537 5.243837 18.404711 0.846173 5.469873 -3.375453 -7.452794 7.624164 8.407046 0.000077 -0.000021 0.000005 0.073266 -0.115838 -0.107831 0.832628 -3.849630 -10.696054 -0.693601 3.615928 -10.704228 24.393171 -19.625132 6.271742 -98.182884 -33.710030 -9.952276 179.500046 -29.934671 -179.777359 0.990206 -13.782868 -8.238581 -5.882102 9.861278 0.702590 -10.936859 -0.360575 7.156198 0.000000 8.774814 -0.000000 -16.516092 17.584080 5.905449 -1.844031 2.498502 -2.507276 -10.163591 4.678941 4.621103 -20.975994 -0.000003 0.000002 -21.226255 2.451693 -3.593992 -0.000000 -0.000005 0.000001 -1.362680 2.240796 -0.746324 -21.334892 0.584909 3.008320 -13.821195 -0.000003 0.000002 -23.887133 -0.249078 -0.839481 -61.037766 2.094397 -1.498529 -0.294024 1.679686 0.833255 -14.218194 0.093215 1.300581 -34.212002 -0.287565 0.967169 -20.033180 0.964535 1.212842 0.000000 0.000000 0.000000 -3.440386 0.788233 0.501655 -15.928169 -3.167306 2.999704 -6.338817 -0.000001 0.000001 -18.123413 3.648176 -4.905662 -0.000006 0.000000 -0.000003 -15.177998 26.621305 6.439105 101.237534 42.725853 11.316800 178.526505 37.969418 179.525681 -6.633842 10.486032 -12.827591 2.243540 -5.255032 -3.180158 14.282877 -0.826595 6.952495 -0.000002 -12.690588 0.000000 16.465820 -18.429482 3.409162 1.665665 -1.955920 -2.878296 4.727795 -4.170583 4.993916 11.020513 0.000001 0.000000 12.109034 -3.735712 -2.866779 -0.000000 0.000001 -0.000001 1.291984 -1.928547 -1.498086 14.800114 0.567465 3.865604 14.242554 -1.341736 -6.660649 19.631939 0.143924 -0.648245 51.052143 -1.092283 -5.832770 0.353029 -1.511149 -0.031941 20.222773 3.684301 2.316628 18.787247 0.000002 -0.000001 10.751613 -0.479869 1.397903 -0.000000 0.000001 -0.000002 3.273804 0.305946 -0.580110 21.486790 11.830359 2.266126 8.162916 0.000001 -0.000002 18.399057 -3.798980 -4.940568 0.000002 -0.000001 -0.000002 14.695175 21.473185 -11.752208 -0.250455 -0.642162 13.738264 -13.627330 -9.001405 6.159411 1.666179 -1.898337 -2.062827 0.000000 -0.000000 0.000002 -4.923205 -9.239894 -0.335135 -0.025379 0.239110 14.399623 7.381830 5.410353 -10.160212 -1.443884 0.906788 -1.520323 0.000000 0.000000 -0.000001 
1.597445 98.437813 -5.351074 -2.373825 0.772039 -1.638836 2.136828 0.328514 0.696326 -0.070584 -0.313477 -5.235661 3.219022 -2.361638 15.454242 -3.288591 5.226697 18.347240 0.820145 5.429159 -3.382470 -7.425841 7.615408 8.436895 0.000076 -0.000022 0.000006 0.072907 -0.122656 -0.118352 0.831031 -3.848027 -10.706086 -0.696276 3.613061 -10.708295 24.344740 -19.716667 6.331515 -98.136215 -33.709152 -10.078096 179.574875 -29.841299 -179.835480 0.905222 -13.675022 -8.147270 -5.882102 9.861276 0.702591 -10.936856 -0.360574 7.156197 -0.000000 8.774810 -0.000000 -16.538895 17.608654 5.888443 -1.844031 2.498502 -2.507276 -10.163589 4.678940 4.621104 -20.975996 -0.000004 0.000002 -21.226255 2.451692 -3.593994 -0.000001 -0.000005 0.000000 -1.362680 2.240797 -0.746323 -21.334894 0.584908 3.008319 -13.821197 -0.000003 0.000001 -23.887129 -0.249078 -0.839481 -61.049328 2.120516 -1.501437 -0.294025 1.679686 0.833255 -14.218190 0.093214 1.300578 -34.211998 -0.287564 0.967168 -20.033180 0.964534 1.212841 -0.000000 0.000000 0.000000 -3.440385 0.788233 0.501655 -15.928165 -3.167305 2.999703 -6.338817 -0.000001 0.000000 -18.123413 3.648174 -4.905661 -0.000006 0.000000 -0.000001 -15.008759 26.599949 6.479649 101.189568 42.558483 11.313110 178.387650 37.835415 179.390121 -6.491409 10.553806 -12.420859 2.243539 -5.255032 -3.180155 14.282873 -0.826594 6.952496 -0.000001 -12.690592 -0.000001 16.449289 -18.437796 3.412398 1.665665 -1.955920 -2.878298 4.727793 -4.170583 4.993917 11.020509 0.000004 -0.000001 12.109028 -3.735708 -2.866780 0.000001 0.000001 -0.000002 1.291984 -1.928548 -1.498090 14.800111 0.567468 3.865605 14.242550 -1.341733 -6.660648 19.631937 0.143926 -0.648242 51.126362 -1.110313 -5.846946 0.353029 -1.511149 -0.031941 20.222767 3.684306 2.316629 18.787243 0.000004 0.000002 10.751606 -0.479866 1.397905 0.000000 0.000000 -0.000001 3.273803 0.305947 -0.580111 21.486788 11.830363 2.266132 8.162915 0.000002 -0.000001 18.399048 -3.798977 -4.940565 0.000003 0.000000 -0.000002 14.796479 21.285776 -11.705359 -0.243555 -0.648209 13.890436 -13.630159 -8.954284 5.949000 1.667923 -1.892244 -2.094513 0.000000 0.000000 0.000002 -4.899645 -9.268080 -0.277014 -0.018777 0.235583 14.543454 7.373401 5.499845 -10.290259 -1.446963 0.924867 -1.533918 0.000000 0.000000 -0.000001 
1.558215 98.407486 -5.312548 -2.403756 0.750991 -1.714697 2.128290 0.340831 0.711460 -0.071815 -0.336729 -5.230229 3.244569 -2.385852 15.534009 -3.327819 5.223276 18.285471 0.801697 5.402401 -3.382356 -7.382007 7.587276 8.426035 0.000077 -0.000022 0.000004 0.079349 -0.128510 -0.126797 0.846322 -3.856860 -10.690580 -0.693685 3.594165 -10.690416 24.271641 -19.846592 6.434613 -97.995872 -33.761650 -10.267273 179.623795 -29.757935 -179.897614 0.906026 -13.616979 -7.921910 -5.882102 9.861280 0.702590 -10.936858 -0.360576 7.156197 -0.000001 8.774816 -0.000002 -16.547014 17.623707 5.842778 -1.844029 2.498503 -2.507276 -10.163589 4.678939 4.621104 -20.975994 -0.000005 0.000004 -21.226250 2.451693 -3.593993 0.000000 -0.000006 0.000001 -1.362680 2.240797 -0.746321 -21.334887 0.584907 3.008320 -13.821197 -0.000003 0.000002 -23.887131 -0.249078 -0.839480 -61.018818 2.117226 -1.534373 -0.294024 1.679687 0.833255 -14.218192 0.093214 1.300579 -34.211998 -0.287564 0.967171 -20.033178 0.964536 1.212842 -0.000000 0.000000 0.000000 -3.440384 0.788232 0.501655 -15.928167 -3.167307 2.999705 -6.338817 -0.000001 0.000001 -18.123415 3.648177 -4.905662 -0.000007 0.000001 -0.000001 -14.927354 26.582636 6.524333 101.155304 42.429527 11.346764 178.355576 37.705257 179.313797 -6.325637 10.647265 -11.957093 2.243539 -5.255033 -3.180153 14.282877 -0.826593 6.952495 -0.000001 -12.690591 -0.000002 16.459898 -18.438360 3.425405 1.665665 -1.955920 -2.878294 4.727795 -4.170584 4.993918 11.020514 0.000003 -0.000001 12.109033 -3.735711 -2.866778 0.000000 0.000000 -0.000001 1.291985 -1.928548 -1.498090 14.800114 0.567469 3.865603 14.242553 -1.341734 -6.660649 19.631939 0.143925 -0.648242 51.178936 -1.102952 -5.832122 0.353029 -1.511149 -0.031940 20.222773 3.684306 2.316631 18.787247 0.000004 -0.000000 10.751611 -0.479868 1.397906 -0.000001 -0.000000 -0.000001 3.273804 0.305947 -0.580111 21.486797 11.830366 2.266134 8.162918 0.000002 -0.000001 18.399054 -3.798980 -4.940567 0.000003 0.000000 -0.000002 14.908477 21.116436 -11.649942 -0.243239 -0.654655 14.026417 -13.609948 -8.894056 5.776048 1.669108 -1.880950 -2.134285 -0.000000 0.000000 0.000002 -4.866480 -9.286959 -0.233111 -0.013067 0.242866 14.674980 7.347622 5.589553 -10.413715 -1.447086 0.942040 -1.539123 0.000000 0.000000 -0.000001 
1.533675 98.390320 -5.253125 -2.445066 0.737190 -1.778964 2.138648 0.342809 0.735971 -0.077148 -0.349031 -5.214745 3.270369 -2.411516 15.565674 -3.367042 5.231948 18.187941 0.769315 5.361885 -3.396034 -7.326156 7.548007 8.446853 0.000077 -0.000024 0.000005 0.074668 -0.128754 -0.130327 0.849957 -3.857855 -10.693581 -0.699273 3.589130 -10.693823 24.224157 -19.994911 6.518017 -97.896309 -33.784332 -10.419884 179.656128 -29.677761 -179.933502 0.952245 -13.616064 -7.821672 -5.882101 9.861280 0.702589 -10.936858 -0.360575 7.156196 -0.000001 8.774816 -0.000002 -16.517170 17.627735 5.817351 -1.844030 2.498503 -2.507275 -10.163588 4.678941 4.621105 -20.975992 -0.000004 0.000002 -21.226254 2.451694 -3.593995 0.000000 -0.000006 0.000000 -1.362680 2.240797 -0.746323 -21.334885 0.584908 3.008321 -13.821194 -0.000002 0.000002 -23.887123 -0.249077 -0.839481 -60.963043 2.085304 -1.546961 -0.294025 1.679687 0.833254 -14.218189 0.093214 1.300579 -34.211998 -0.287564 0.967170 -20.033175 0.964535 1.212842 0.000000 0.000000 0.000000 -3.440384 0.788233 0.501656 -15.928164 -3.167307 2.999705 -6.338817 -0.000001 0.000001 -18.123411 3.648178 -4.905661 -0.000007 0.000000 -0.000001 -14.922416 26.576406 6.488626 101.169472 42.252113 11.393846 178.393112 37.553249 179.274551 -6.185173 10.773746 -11.378100 2.243540 -5.255033 -3.180156 14.282877 -0.826594 6.952496 -0.000003 -12.690587 -0.000001 16.481682 -18.488621 3.431690 1.665665 -1.955920 -2.878297 4.727793 -4.170582 4.993918 11.020513 0.000002 -0.000001 12.109031 -3.735710 -2.866780 -0.000000 0.000001 -0.000002 1.291985 -1.928548 -1.498091 14.800113 0.567468 3.865602 14.242551 -1.341734 -6.660649 19.631937 0.143925 -0.648242 51.206306 -1.135905 -5.834389 0.353028 -1.511150 -0.031939 20.222767 3.684304 2.316629 18.787247 0.000004 0.000001 10.751609 -0.479867 1.397904 -0.000000 0.000001 -0.000001 3.273804 0.305947 -0.580110 21.486788 11.830360 2.266132 8.162916 0.000001 0.000000 18.399054 -3.798980 -4.940566 0.000003 -0.000001 -0.000002 15.021346 20.917427 -11.626931 -0.239695 -0.660321 14.223701 -13.554887 -8.847608 5.610936 1.669337 -1.865157 -2.160754 0.000000 -0.000000 0.000002 -4.837549 -9.373091 -0.123745 -0.011496 0.262363 14.679409 7.325150 5.686825 -10.489763 -1.446777 0.941671 -1.565886 0.000000 0.000000 -0.000001 
1.528714 98.366997 -5.187075 -2.499585 0.732206 -1.838248 2.161549 0.350637 0.771572 -0.076521 -0.359105 -5.189721 3.299987 -2.440284 15.555960 -3.419876 5.282104 18.083529 0.745532 5.310884 -3.410936 -7.295496 7.510015 8.476792 0.000078 -0.000023 0.000005 0.074821 -0.128786 -0.130192 0.852066 -3.855276 -10.696669 -0.700438 3.587562 -10.693433 24.206455 -20.192255 6.558045 -97.808777 -33.762093 -10.502271 179.627396 -29.548950 -179.924072 1.041884 -13.672509 -7.814204 -5.882102 9.861278 0.702589 -10.936858 -0.360575 7.156196 0.000000 8.774813 -0.000001 -16.506250 17.631117 5.822638 -1.844031 2.498503 -2.507275 -10.163589 4.678940 4.621103 -20.975994 -0.000003 0.000001 -21.226254 2.451693 -3.593996 0.000000 -0.000006 0.000000 -1.362680 2.240797 -0.746321 -21.334896 0.584908 3.008320 -13.821197 -0.000003 0.000000 -23.887133 -0.249078 -0.839481 -60.949799 2.053580 -1.574925 -0.294025 1.679686 0.833255 -14.218192 0.093215 1.300579 -34.212002 -0.287564 0.967169 -20.033178 0.964533 1.212842 0.000000 0.000000 0.000000 -3.440385 0.788233 0.501654 -15.928171 -3.167306 2.999704 -6.338816 -0.000001 0.000002 -18.123421 3.648177 -4.905664 -0.000007 0.000001 -0.000003 -14.993984 26.586111 6.401895 101.081375 42.025230 11.335726 178.455826 37.351242 179.320786 -6.099632 10.872224 -10.892589 2.243539 -5.255031 -3.180153 14.282873 -0.826593 6.952498 -0.000003 -12.690587 0.000002 16.468367 -18.518633 3.471861 1.665665 -1.955919 -2.878296 4.727794 -4.170582 4.993918 11.020511 0.000003 0.000000 12.109032 -3.735710 -2.866778 -0.000001 0.000001 -0.000002 1.291984 -1.928547 -1.498086 14.800114 0.567469 3.865603 14.242553 -1.341734 -6.660646 19.631937 0.143927 -0.648243 51.232960 -1.166865 -5.833733 0.353029 -1.511149 -0.031941 20.222769 3.684306 2.316630 18.787245 0.000005 0.000002 10.751611 -0.479868 1.397904 -0.000000 0.000001 -0.000000 3.273804 0.305947 -0.580110 21.486788 11.830359 2.266130 8.162916 0.000002 0.000000 18.399052 -3.798979 -4.940563 0.000002 0.000000 -0.000002 15.139276 20.751909 -11.624636 -0.253055 -0.669714 14.457710 -13.493097 -8.832595 5.394580 1.668193 -1.856848 -2.156638 0.000000 0.000000 0.000002 -4.817935 -9.507749 -0.001611 -0.009572 0.269974 14.662488 7.325926 5.821847 -10.524245 -1.445498 0.926304 -1.603456 0.000000 0.000000 -0.000001 
1.530098 98.350922 -5.142743 -2.550644 0.719397 -1.924881 2.198851 0.351329 0.838733 -0.077930 -0.372425 -5.166904 3.325623 -2.469197 15.541284 -3.490802 5.382228 17.972622 0.714024 5.235755 -3.402470 -7.288230 7.452851 8.519823 0.000078 -0.000021 0.000005 0.073097 -0.124772 -0.130014 0.850365 -3.854420 -10.703079 -0.700714 3.595483 -10.689027 24.218569 -20.397652 6.586738 -97.791344 -33.721920 -10.525291 179.554306 -29.392851 -179.903564 1.101769 -13.746361 -7.914949 -5.882101 9.861278 0.702591 -10.936859 -0.360573 7.156197 0.000000 8.774814 -0.000001 -16.383503 17.622252 5.860924 -1.844031 2.498502 -2.507277 -10.163589 4.678941 4.621105 -20.975994 -0.000004 0.000002 -21.226257 2.451694 -3.593993 -0.000001 -0.000006 0.000001 -1.362681 2.240796 -0.746323 -21.334887 0.584909 3.008319 -13.821197 -0.000002 0.000003 -23.887131 -0.249078 -0.839480 -60.894447 2.022142 -1.608842 -0.294024 1.679686 0.833255 -14.218194 0.093215 1.300579 -34.212006 -0.287562 0.967170 -20.033180 0.964537 1.212842 0.000000 0.000000 0.000000 -3.440385 0.788233 0.501655 -15.928169 -3.167306 2.999705 -6.338818 -0.000002 0.000001 -18.123413 3.648177 -4.905661 -0.000007 0.000000 -0.000002 -15.110166 26.607653 6.333775 100.937500 41.791153 11.254082 178.540192 37.091248 179.394379 -6.090209 11.001145 -10.497022 2.243541 -5.255032 -3.180153 14.282875 -0.826596 6.952496 -0.000002 -12.690587 0.000004 16.450403 -18.535625 3.496813 1.665665 -1.955920 -2.878294 4.727794 -4.170584 4.993920 11.020513 0.000002 -0.000001 12.109035 -3.735710 -2.866779 -0.000000 0.000001 -0.000001 1.291985 -1.928548 -1.498086 14.800114 0.567465 3.865605 14.242554 -1.341735 -6.660647 19.631939 0.143925 -0.648247 51.178558 -1.200703 -5.844059 0.353029 -1.511149 -0.031938 20.222771 3.684302 2.316627 18.787245 0.000003 -0.000001 10.751612 -0.479870 1.397903 0.000000 0.000000 -0.000001 3.273804 0.305946 -0.580112 21.486790 11.830358 2.266124 8.162916 0.000001 -0.000002 18.399057 -3.798980 -4.940568 0.000003 -0.000001 -0.000001 15.252797 20.573822 -11.623587 -0.260190 -0.679099 14.728722 -13.456076 -8.814460 5.230676 1.669885 -1.854849 -2.143878 0.000000 -0.000000 0.000002 -4.816699 -9.659842 0.126968 -0.002521 0.276361 14.663763 7.326565 6.001902 -10.541932 -1.445960 0.910895 -1.618330 0.000000 0.000000 -0.000001 
1.529369 98.328682 -5.081402 -2.576825 0.732132 -2.019795 2.236834 0.344682 0.927371 -0.078587 -0.367836 -5.133758 3.333387 -2.500465 15.511349 -3.588847 5.483839 17.866909 0.681996 5.162476 -3.419595 -7.299417 7.403665 8.629865 0.000077 -0.000022 0.000006 0.075995 -0.121827 -0.138515 0.858676 -3.853257 -10.713320 -0.705238 3.594988 -10.708096 24.288273 -20.596844 6.555310 -97.851822 -33.644535 -10.555001 179.484512 -29.243078 -179.882065 1.126958 -13.792395 -8.125135 -5.882098 9.861278 0.702590 -10.936858 -0.360575 7.156196 0.000001 8.774814 -0.000002 -16.294495 17.633808 5.891821 -1.844031 2.498502 -2.507277 -10.163589 4.678939 4.621103 -20.975994 -0.000004 0.000002 -21.226250 2.451691 -3.593994 0.000000 -0.000005 -0.000001 -1.362680 2.240796 -0.746324 -21.334887 0.584908 3.008320 -13.821197 -0.000004 0.000001 -23.887131 -0.249080 -0.839483 -60.794395 2.031109 -1.651972 -0.294024 1.679687 0.833255 -14.218190 0.093214 1.300579 -34.212006 -0.287566 0.967169 -20.033176 0.964535 1.212842 0.000000 0.000000 0.000001 -3.440385 0.788232 0.501655 -15.928167 -3.167306 2.999703 -6.338815 -0.000001 0.000001 -18.123415 3.648176 -4.905662 -0.000007 0.000000 -0.000002 -15.284878 26.592922 6.261286 100.713081 41.570324 11.138783 178.666840 36.851181 179.504166 -6.133888 11.131117 -10.185308 2.243539 -5.255032 -3.180156 14.282875 -0.826591 6.952494 -0.000003 -12.690588 -0.000002 16.387741 -18.546995 3.541825 1.665664 -1.955920 -2.878294 4.727793 -4.170582 4.993919 11.020511 0.000004 -0.000002 12.109032 -3.735708 -2.866781 -0.000000 0.000000 -0.000002 1.291985 -1.928547 -1.498089 14.800111 0.567470 3.865602 14.242553 -1.341733 -6.660648 19.631939 0.143928 -0.648242 51.092201 -1.225929 -5.830856 0.353028 -1.511149 -0.031937 20.222765 3.684308 2.316628 18.787243 0.000007 0.000001 10.751610 -0.479866 1.397906 -0.000000 0.000002 -0.000001 3.273804 0.305947 -0.580110 21.486790 11.830363 2.266131 8.162915 0.000002 0.000001 18.399050 -3.798978 -4.940566 0.000003 -0.000001 -0.000001 15.338379 20.414803 -11.603757 -0.260759 -0.682490 14.982994 -13.447525 -8.818871 5.061599 1.669824 -1.857758 -2.129962 0.000000 -0.000000 0.000002 -4.847929 -9.836100 0.272903 0.006076 0.291512 14.684373 7.321710 6.164999 -10.546977 -1.447826 0.899167 -1.658003 0.000000 0.000000 -0.000001 
1.491546 98.293297 -4.983963 -2.572995 0.786948 -2.167325 2.262793 0.347068 1.040134 -0.071826 -0.376009 -5.084095 3.318135 -2.525859 15.484023 -3.703411 5.589198 17.799322 0.622214 5.078007 -3.432196 -7.311113 7.318741 8.799138 0.000077 -0.000023 0.000004 0.077482 -0.116194 -0.127073 0.862483 -3.851687 -10.731977 -0.710137 3.602490 -10.716923 24.413237 -20.792608 6.486812 -97.894669 -33.544655 -10.649486 179.449722 -29.147041 -179.866791 1.150688 -13.865834 -8.369970 -5.882102 9.861279 0.702589 -10.936859 -0.360574 7.156196 0.000001 8.774812 -0.000000 -16.221231 17.669056 5.928768 -1.844031 2.498502 -2.507277 -10.163589 4.678940 4.621102 -20.975996 -0.000003 0.000003 -21.226254 2.451691 -3.593995 0.000000 -0.000006 0.000001 -1.362681 2.240796 -0.746324 -21.334892 0.584909 3.008319 -13.821197 -0.000002 0.000001 -23.887131 -0.249078 -0.839483 -60.815292 2.042410 -1.680756 -0.294024 1.679686 0.833256 -14.218190 0.093215 1.300580 -34.212002 -0.287563 0.967169 -20.033182 0.964535 1.212841 -0.000000 0.000000 0.000000 -3.440386 0.788232 0.501655 -15.928167 -3.167306 2.999705 -6.338814 -0.000001 0.000001 -18.123415 3.648178 -4.905662 -0.000007 0.000001 -0.000002 -15.537870 26.571617 6.177922 100.396805 41.291157 10.937143 178.843323 36.627190 179.636734 -6.250168 11.297114 -9.988035 2.243541 -5.255033 -3.180156 14.282878 -0.826595 6.952496 -0.000001 -12.690590 0.000001 16.368437 -18.528925 3.549209 1.665665 -1.955920 -2.878296 4.727793 -4.170584 4.993920 11.020512 0.000002 -0.000002 12.109031 -3.735710 -2.866781 -0.000001 0.000000 -0.000002 1.291985 -1.928548 -1.498087 14.800113 0.567466 3.865605 14.242554 -1.341735 -6.660649 19.631939 0.143925 -0.648244 51.114956 -1.240907 -5.862865 0.353029 -1.511150 -0.031941 20.222769 3.684304 2.316628 18.787245 0.000004 -0.000001 10.751607 -0.479866 1.397905 -0.000000 0.000001 -0.000003 3.273804 0.305947 -0.580111 21.486788 11.830360 2.266129 8.162916 0.000001 0.000000 18.399052 -3.798980 -4.940568 0.000003 0.000000 0.000000 15.438204 20.263906 -11.523237 -0.262850 -0.676355 15.253165 -13.509185 -8.875962 4.904050 1.672462 -1.859525 -2.120387 -0.000000 0.000000 0.000002 -4.898115 -9.995330 0.478253 0.014608 0.301788 14.770708 7.309425 6.291553 -10.602384 -1.450793 0.885579 -1.664765 0.000000 0.000000 -0.000001 
1.483761 98.248520 -4.922558 -2.537731 0.903146 -2.368495 2.283830 0.344988 1.182575 -0.064627 -0.379783 -5.011562 3.270795 -2.588817 15.477174 -3.836111 5.713787 17.734385 0.559960 4.945670 -3.433070 -7.313945 7.201938 8.960697 0.000078 -0.000022 0.000006 0.069732 -0.111990 -0.122354 0.849832 -3.848446 -10.741376 -0.720348 3.625977 -10.726577 24.617430 -21.011181 6.415454 -97.843361 -33.505146 -10.821885 179.406662 -29.097994 -179.809372 1.163302 -13.926172 -8.706212 -5.882103 9.861277 0.702589 -10.936862 -0.360573 7.156196 0.000001 8.774810 0.000001 -16.170410 17.668650 5.947370 -1.844031 2.498502 -2.507275 -10.163590 4.678939 4.621104 -20.975998 -0.000003 0.000002 -21.226257 2.451693 -3.593994 -0.000001 -0.000006 -0.000001 -1.362680 2.240796 -0.746323 -21.334890 0.584910 3.008319 -13.821197 -0.000003 0.000002 -23.887133 -0.249077 -0.839481 -60.871906 2.037905 -1.680821 -0.294025 1.679686 0.833255 -14.218194 0.093216 1.300579 -34.212013 -0.287562 0.967166 -20.033180 0.964536 1.212840 -0.000000 0.000002 0.000000 -3.440387 0.788233 0.501656 -15.928169 -3.167304 2.999702 -6.338815 -0.000001 0.000001 -18.123415 3.648175 -4.905661 -0.000006 0.000001 -0.000001 -15.801002 26.491648 6.107532 99.993874 40.987476 10.700686 179.058685 36.457829 179.804016 -6.460740 11.411494 -9.732838 2.243540 -5.255033 -3.180154 14.282879 -0.826594 6.952494 -0.000003 -12.690590 -0.000001 16.346842 -18.528339 3.583094 1.665665 -1.955920 -2.878294 4.727795 -4.170584 4.993918 11.020513 0.000003 -0.000001 12.109032 -3.735710 -2.866779 -0.000001 0.000001 -0.000001 1.291985 -1.928548 -1.498088 14.800117 0.567469 3.865602 14.242554 -1.341735 -6.660648 19.631939 0.143927 -0.648244 51.161430 -1.250105 -5.890562 0.353029 -1.511150 -0.031940 20.222773 3.684307 2.316628 18.787245 0.000005 -0.000000 10.751612 -0.479867 1.397903 -0.000000 0.000001 -0.000001 3.273805 0.305947 -0.580109 21.486792 11.830365 2.266133 8.162916 0.000002 -0.000002 18.399055 -3.798979 -4.940568 0.000003 -0.000001 -0.000001 15.479190 20.106070 -11.475773 -0.261891 -0.666368 15.608878 -13.534451 -9.005612 4.750619 1.675923 -1.867591 -2.137272 0.000000 -0.000000 0.000002 -4.999349 -10.108951 0.716413 0.022040 0.305170 14.882848 7.328066 6.341160 -10.827680 -1.450943 0.871095 -1.639577 -0.000000 -0.000000 -0.000001 
1.473516 98.184967 -4.803817 -2.479954 1.092839 -2.594323 2.294623 0.330711 1.354584 -0.061639 -0.386089 -4.927013 3.213455 -2.650269 15.523955 -3.991999 5.851922 17.654921 0.472633 4.763319 -3.434490 -7.307912 7.066340 9.051085 0.000077 -0.000023 0.000004 0.066881 -0.113355 -0.129116 0.849425 -3.865310 -10.761826 -0.714639 3.620642 -10.749098 24.772682 -21.212269 6.383144 -97.550163 -33.581146 -11.014408 179.320129 -29.144241 -179.736923 1.160513 -14.050969 -8.969171 -5.882101 9.861278 0.702590 -10.936858 -0.360577 7.156196 0.000000 8.774815 -0.000002 -16.150261 17.714474 5.954978 -1.844031 2.498503 -2.507277 -10.163589 4.678939 4.621104 -20.975994 -0.000004 0.000005 -21.226250 2.451693 -3.593991 -0.000001 -0.000006 -0.000001 -1.362680 2.240796 -0.746323 -21.334892 0.584907 3.008320 -13.821197 -0.000003 0.000004 -23.887129 -0.249078 -0.839479 -60.914082 2.055590 -1.688128 -0.294024 1.679687 0.833255 -14.218194 0.093213 1.300579 -34.211998 -0.287563 0.967173 -20.033176 0.964536 1.212843 -0.000000 0.000001 0.000000 -3.440385 0.788232 0.501656 -15.928169 -3.167306 2.999705 -6.338816 -0.000001 0.000002 -18.123413 3.648176 -4.905661 -0.000007 0.000001 -0.000001 -15.982941 26.282162 6.099878 99.416878 40.618790 10.507348 179.299973 36.324551 179.974838 -6.776126 11.484594 -9.425115 2.243539 -5.255033 -3.180157 14.282877 -0.826592 6.952496 -0.000003 -12.690593 0.000000 16.328205 -18.566315 3.574532 1.665664 -1.955920 -2.878298 4.727794 -4.170583 4.993919 11.020511 0.000003 -0.000001 12.109031 -3.735711 -2.866779 -0.000001 0.000000 -0.000001 1.291984 -1.928548 -1.498089 14.800113 0.567468 3.865606 14.242553 -1.341732 -6.660650 19.631941 0.143925 -0.648243 51.264172 -1.273972 -5.875342 0.353029 -1.511149 -0.031940 20.222771 3.684308 2.316630 18.787247 0.000006 0.000002 10.751608 -0.479868 1.397908 -0.000001 -0.000000 -0.000001 3.273804 0.305947 -0.580112 21.486794 11.830365 2.266133 8.162917 0.000004 -0.000001 18.399054 -3.798980 -4.940565 0.000003 -0.000002 -0.000001 15.505281 19.960983 -11.459715 -0.262055 -0.659070 16.105417 -13.591154 -9.277670 4.536473 1.679913 -1.874541 -2.175887 -0.000000 -0.000000 0.000002 -5.115500 -10.156650 1.020409 0.026203 0.317592 15.020906 7.346522 6.249574 -11.113499 -1.448726 0.859514 -1.630773 0.000000 0.000000 -0.000001 
1.501297 98.135918 -4.759221 -2.427997 1.327067 -2.836161 2.310001 0.325102 1.620437 -0.061899 -0.435472 -4.823681 3.167363 -2.703828 15.623331 -4.187742 5.991526 17.439728 0.368095 4.571691 -3.436725 -7.301343 6.900796 9.015397 0.000078 -0.000024 0.000006 0.069700 -0.117511 -0.136310 0.840814 -3.863534 -10.796419 -0.709405 3.628161 -10.775653 24.907295 -21.384684 6.408580 -97.015533 -33.734112 -11.320513 179.193054 -29.175745 -179.656952 1.185688 -14.225403 -9.280067 -5.882099 9.861277 0.702589 -10.936855 -0.360575 7.156196 0.000002 8.774812 -0.000001 -16.139757 17.761356 5.948030 -1.844030 2.498502 -2.507277 -10.163588 4.678939 4.621103 -20.975992 -0.000005 0.000002 -21.226244 2.451692 -3.593993 -0.000001 -0.000006 -0.000001 -1.362680 2.240796 -0.746323 -21.334892 0.584908 3.008322 -13.821193 -0.000004 0.000001 -23.887125 -0.249080 -0.839481 -60.949783 2.091851 -1.737563 -0.294024 1.679686 0.833255 -14.218192 0.093214 1.300579 -34.211998 -0.287565 0.967171 -20.033176 0.964534 1.212844 -0.000000 0.000000 0.000001 -3.440385 0.788232 0.501655 -15.928165 -3.167306 2.999704 -6.338813 -0.000002 0.000001 -18.123411 3.648175 -4.905660 -0.000006 0.000000 -0.000001 -16.008377 25.965965 6.246564 98.559128 40.273262 10.285607 179.421402 36.173912 -179.909607 -7.304102 11.533568 -9.327342 2.243540 -5.255032 -3.180157 14.282875 -0.826594 6.952498 -0.000002 -12.690586 0.000001 16.305605 -18.592592 3.517824 1.665665 -1.955919 -2.878297 4.727793 -4.170583 4.993920 11.020510 0.000002 -0.000001 12.109030 -3.735708 -2.866777 -0.000000 0.000001 -0.000001 1.291984 -1.928547 -1.498086 14.800113 0.567467 3.865604 14.242553 -1.341733 -6.660650 19.631937 0.143927 -0.648243 51.342598 -1.240358 -5.875870 0.353029 -1.511149 -0.031940 20.222769 3.684305 2.316627 18.787245 0.000004 0.000001 10.751610 -0.479868 1.397903 -0.000002 0.000002 -0.000002 3.273804 0.305947 -0.580110 21.486790 11.830359 2.266134 8.162916 0.000001 0.000000 18.399054 -3.798978 -4.940568 0.000003 0.000000 0.000000 15.498390 19.853678 -11.570520 -0.279204 -0.647691 16.755005 -13.586646 -9.619882 4.446651 1.680242 -1.882283 -2.248015 0.000000 -0.000000 0.000002 -5.226238 -10.112863 1.242738 0.031865 0.324275 15.270724 7.413336 6.080754 -11.312708 -1.445153 0.850485 -1.626856 0.000000 0.000000 -0.000001 
1.590786 98.072639 -4.820852 -2.414461 1.551179 -3.042129 2.327882 0.274080 2.020310 -0.053550 -0.481337 -4.665272 3.170320 -2.725856 15.728232 -4.441429 6.121808 16.981188 0.301980 4.338706 -3.455293 -7.334033 6.800046 8.707503 0.000077 -0.000024 0.000005 0.068637 -0.118715 -0.135856 0.828430 -3.874570 -10.821694 -0.698261 3.633435 -10.804782 25.041861 -21.535942 6.390195 -96.290520 -33.799084 -11.608501 179.009842 -29.180923 -179.535522 1.203737 -14.535883 -9.644753 -5.882101 9.861277 0.702590 -10.936859 -0.360574 7.156197 0.000001 8.774813 -0.000001 -16.162321 17.778397 5.900411 -1.844031 2.498503 -2.507275 -10.163589 4.678939 4.621103 -20.975992 -0.000003 0.000002 -21.226246 2.451692 -3.593994 -0.000001 -0.000006 0.000001 -1.362680 2.240796 -0.746321 -21.334892 0.584910 3.008319 -13.821197 -0.000002 0.000002 -23.887129 -0.249078 -0.839483 -60.986961 2.107080 -1.781872 -0.294024 1.679685 0.833256 -14.218194 0.093215 1.300580 -34.212002 -0.287562 0.967168 -20.033180 0.964536 1.212841 0.000000 0.000000 0.000000 -3.440386 0.788233 0.501656 -15.928164 -3.167305 2.999705 -6.338815 -0.000000 0.000002 -18.123411 3.648175 -4.905661 -0.000005 0.000001 -0.000000 -15.831018 25.552650 6.610108 97.390709 39.936214 10.145867 179.480743 35.967926 -179.826294 -8.056375 11.574767 -9.474129 2.243539 -5.255031 -3.180153 14.282875 -0.826594 6.952500 -0.000002 -12.690588 -0.000001 16.283033 -18.541904 3.412163 1.665665 -1.955919 -2.878298 4.727793 -4.170582 4.993920 11.020512 0.000003 0.000000 12.109032 -3.735708 -2.866781 -0.000000 0.000000 -0.000001 1.291984 -1.928548 -1.498089 14.800113 0.567468 3.865603 14.242553 -1.341733 -6.660645 19.631935 0.143927 -0.648242 51.389023 -1.189009 -5.874366 0.353028 -1.511149 -0.031941 20.222769 3.684306 2.316629 18.787245 0.000005 -0.000001 10.751610 -0.479868 1.397903 -0.000000 0.000002 -0.000003 3.273804 0.305947 -0.580110 21.486788 11.830360 2.266132 8.162915 0.000002 0.000000 18.399050 -3.798978 -4.940564 0.000003 -0.000001 -0.000002 15.453445 19.708128 -11.824412 -0.298077 -0.635403 17.465588 -13.543548 -9.929655 4.290744 1.681038 -1.886696 -2.304646 0.000000 -0.000000 0.000002 -5.309333 -10.020343 1.291591 0.038264 0.324282 15.638227 7.527422 5.961093 -11.512706 -1.437887 0.847622 -1.572254 -0.000000 -0.000000 -0.000001 
1.836362 98.036652 -5.037559 -2.450157 1.674966 -3.103880 2.349683 0.227598 2.637036 -0.029637 -0.571715 -4.428569 3.229159 -2.700607 15.913862 -4.819942 6.208489 15.997443 0.272707 4.137093 -3.473001 -7.416325 6.675409 7.829284 0.000077 -0.000023 0.000006 0.056880 -0.114345 -0.126021 0.796689 -3.860344 -10.800226 -0.687043 3.630123 -10.790413 25.184237 -21.675795 6.335133 -95.325058 -33.543232 -11.823507 178.750702 -29.151974 -179.338120 1.146581 -15.042760 -10.120988 -5.882101 9.861279 0.702590 -10.936858 -0.360576 7.156198 0.000000 8.774814 -0.000002 -16.270687 17.818289 5.847325 -1.844030 2.498502 -2.507277 -10.163589 4.678939 4.621102 -20.975992 -0.000004 0.000003 -21.226255 2.451691 -3.593994 -0.000001 -0.000005 0.000000 -1.362681 2.240797 -0.746323 -21.334887 0.584907 3.008320 -13.821197 -0.000003 0.000003 -23.887129 -0.249079 -0.839481 -61.117001 2.121533 -1.839346 -0.294024 1.679686 0.833254 -14.218192 0.093215 1.300580 -34.211998 -0.287564 0.967170 -20.033176 0.964536 1.212841 -0.000000 0.000001 -0.000000 -3.440385 0.788233 0.501655 -15.928165 -3.167306 2.999703 -6.338815 -0.000001 0.000003 -18.123411 3.648176 -4.905662 -0.000005 0.000001 -0.000002 -15.359293 24.997547 7.225852 95.629326 39.518562 10.042668 179.422607 35.749683 -179.764999 -9.109427 11.759130 -9.810073 2.243540 -5.255033 -3.180154 14.282878 -0.826595 6.952495 -0.000001 -12.690592 -0.000001 16.190281 -18.408461 3.254902 1.665665 -1.955920 -2.878297 4.727794 -4.170584 4.993919 11.020514 0.000003 -0.000001 12.109034 -3.735709 -2.866781 -0.000001 0.000001 -0.000002 1.291984 -1.928548 -1.498087 14.800113 0.567468 3.865603 14.242553 -1.341734 -6.660648 19.631939 0.143926 -0.648244 51.314510 -1.102226 -5.830841 0.353029 -1.511149 -0.031939 20.222769 3.684306 2.316628 18.787249 0.000003 0.000001 10.751611 -0.479868 1.397902 0.000000 0.000000 -0.000001 3.273804 0.305947 -0.580108 21.486792 11.830364 2.266128 8.162918 0.000002 -0.000002 18.399054 -3.798979 -4.940568 0.000004 0.000000 -0.000001 15.285423 19.505192 -12.432325 -0.317768 -0.629040 18.420181 -13.283476 -10.057469 4.126457 1.679421 -1.876967 -2.324600 -0.000000 0.000000 0.000002 -5.407371 -9.882333 1.057571 0.060546 0.304763 16.001965 7.755973 5.940922 -11.484860 -1.431704 0.865502 -1.478472 0.000000 0.000000 -0.000001 
2.235888 98.135849 -5.557478 -2.498839 1.515995 -2.788957 2.399813 0.186563 3.624322 0.016812 -0.676790 -4.023956 3.318137 -2.670230 16.216970 -5.512713 6.245161 13.924796 0.298813 3.961222 -3.521630 -7.502511 6.663797 5.904211 0.000077 -0.000023 0.000005 0.030019 -0.091176 -0.116743 0.742357 -3.818672 -10.743503 -0.683030 3.622926 -10.734785 25.673048 -21.867371 6.268916 -94.353394 -32.634682 -12.509255 178.397797 -28.977455 -179.012451 1.050309 -15.749896 -10.821221 -5.882101 9.861279 0.702589 -10.936859 -0.360575 7.156199 0.000000 8.774813 -0.000002 -16.486423 17.954649 5.772045 -1.844031 2.498503 -2.507277 -10.163590 4.678941 4.621104 -20.975992 -0.000005 0.000003 -21.226250 2.451692 -3.593994 -0.000001 -0.000006 0.000001 -1.362680 2.240796 -0.746322 -21.334888 0.584907 3.008321 -13.821195 -0.000004 0.000003 -23.887131 -0.249078 -0.839479 -61.427158 2.162535 -1.869205 -0.294024 1.679686 0.833257 -14.218192 0.093214 1.300580 -34.212002 -0.287565 0.967171 -20.033180 0.964535 1.212842 0.000000 0.000002 0.000000 -3.440384 0.788232 0.501655 -15.928167 -3.167308 2.999704 -6.338816 -0.000001 0.000002 -18.123411 3.648176 -4.905663 -0.000006 0.000001 -0.000002 -14.778247 24.421177 8.101167 92.945946 38.910126 9.965876 179.334839 35.723377 -179.705429 -10.675906 12.326633 -9.962938 2.243539 -5.255032 -3.180156 14.282873 -0.826593 6.952495 -0.000004 -12.690591 0.000001 16.195141 -18.379572 3.110495 1.665665 -1.955920 -2.878298 4.727792 -4.170583 4.993922 11.020510 0.000005 -0.000001 12.109030 -3.735709 -2.866779 0.000000 0.000001 -0.000001 1.291984 -1.928548 -1.498087 14.800111 0.567469 3.865604 14.242551 -1.341732 -6.660651 19.631937 0.143928 -0.648242 51.417545 -0.985137 -5.879569 0.353028 -1.511149 -0.031940 20.222765 3.684309 2.316627 18.787241 0.000007 0.000001 10.751608 -0.479867 1.397906 0.000000 -0.000001 -0.000001 3.273804 0.305947 -0.580109 21.486790 11.830364 2.266130 8.162916 0.000002 -0.000001 18.399048 -3.798978 -4.940567 0.000004 0.000000 -0.000001 14.854954 19.082541 -13.494717 -0.311791 -0.671793 19.221067 -12.691074 -9.595687 4.378414 1.683622 -1.860300 -2.385206 -0.000000 0.000000 0.000002 -5.515638 -9.769790 0.142749 0.110325 0.335046 16.371376 8.090872 6.173596 -10.797107 -1.426196 0.882797 -1.496374 0.000000 0.000000 -0.000001 
2.862734 98.411819 -6.534508 -2.532641 0.772397 -1.846344 2.491433 0.256676 5.197141 0.088238 -0.831717 -3.448742 3.229800 -2.531901 16.527063 -6.270682 6.095801 10.394023 0.121303 4.041939 -3.573812 -7.451867 6.624612 2.368628 0.000077 -0.000023 0.000006 -0.007092 -0.023613 -0.093074 0.673224 -3.724365 -10.641717 -0.695934 3.671906 -10.635399 26.960627 -21.876774 6.058938 -94.359650 -31.006304 -13.603387 178.177734 -28.921389 -178.708450 1.584436 -16.198326 -12.667332 -5.882101 9.861279 0.702590 -10.936859 -0.360576 7.156196 0.000001 8.774815 -0.000001 -16.447653 18.217735 5.965818 -1.844030 2.498503 -2.507277 -10.163590 4.678940 4.621104 -20.975992 -0.000004 0.000003 -21.226248 2.451692 -3.593992 -0.000000 -0.000005 0.000000 -1.362681 2.240797 -0.746322 -21.334887 0.584908 3.008320 -13.821195 -0.000003 0.000003 -23.887123 -0.249079 -0.839480 -61.743534 2.282701 -1.828601 -0.294025 1.679687 0.833255 -14.218190 0.093213 1.300578 -34.212002 -0.287564 0.967171 -20.033180 0.964536 1.212841 0.000000 0.000002 0.000000 -3.440384 0.788232 0.501654 -15.928167 -3.167307 2.999704 -6.338817 -0.000001 0.000002 -18.123415 3.648177 -4.905662 -0.000006 0.000001 -0.000002 -14.649299 24.064024 9.109284 89.857674 38.083755 8.553652 178.683289 35.901814 179.826294 -12.385299 12.519092 -9.430516 2.243540 -5.255033 -3.180157 14.282877 -0.826594 6.952497 -0.000003 -12.690592 0.000000 16.216185 -18.355427 3.061495 1.665665 -1.955920 -2.878299 4.727793 -4.170585 4.993919 11.020511 0.000003 -0.000001 12.109028 -3.735709 -2.866777 0.000001 -0.000000 -0.000001 1.291984 -1.928548 -1.498086 14.800111 0.567469 3.865603 14.242553 -1.341735 -6.660645 19.631937 0.143925 -0.648241 51.157272 -1.081770 -5.783657 0.353029 -1.511148 -0.031939 20.222769 3.684307 2.316631 18.787247 0.000003 0.000003 10.751610 -0.479867 1.397906 -0.000000 -0.000001 0.000002 3.273804 0.305946 -0.580107 21.486790 11.830363 2.266134 8.162917 0.000001 0.000002 18.399054 -3.798980 -4.940566 0.000004 0.000001 -0.000003 14.064081 18.557264 -15.141253 -0.298339 -0.726416 19.595949 -11.720282 -8.409185 5.224518 1.678111 -1.887574 -2.464444 0.000000 0.000000 0.000002 -5.684212 -10.056555 -1.830838 0.168452 0.553194 16.613474 8.307238 6.785398 -9.193664 -1.420364 0.818566 -1.422651 -0.000000 -0.000000 -0.000001 
3.753683 98.612450 -8.078141 -2.286319 -0.410486 -0.193753 2.514779 0.266818 7.250383 0.095774 -0.800450 -2.713917 2.832658 -2.158720 16.993944 -7.206884 5.376444 5.119037 0.207757 4.304319 -3.579683 -7.723351 6.668756 -2.883671 0.000077 -0.000022 0.000006 0.009497 -0.058796 -0.098180 0.749524 -3.709379 -10.531649 -0.732474 3.575909 -10.496623 28.914310 -21.751690 5.645781 -94.729713 -28.544313 -15.178660 178.328308 -28.953075 -178.451569 3.645702 -14.886699 -16.915915 -5.882101 9.861277 0.702591 -10.936860 -0.360575 7.156197 0.000000 8.774814 -0.000001 -16.450569 18.682911 6.194761 -1.844031 2.498500 -2.507276 -10.163590 4.678940 4.621104 -20.976002 -0.000002 0.000001 -21.226255 2.451694 -3.593995 0.000000 -0.000006 -0.000002 -1.362682 2.240795 -0.746323 -21.334892 0.584908 3.008318 -13.821200 -0.000003 0.000003 -23.887133 -0.249078 -0.839483 -61.553852 2.253354 -1.411919 -0.294024 1.679686 0.833256 -14.218195 0.093216 1.300579 -34.212013 -0.287563 0.967168 -20.033180 0.964534 1.212840 0.000000 0.000001 0.000000 -3.440385 0.788233 0.501655 -15.928173 -3.167304 2.999702 -6.338817 -0.000001 0.000000 -18.123415 3.648175 -4.905662 -0.000005 0.000001 -0.000002 -15.999442 23.969078 9.802311 87.346428 36.004158 6.204160 178.077316 36.527309 179.807404 -14.139515 12.250036 -7.687266 2.243540 -5.255032 -3.180156 14.282877 -0.826594 6.952495 -0.000001 -12.690585 0.000002 16.130926 -18.054047 3.305262 1.665665 -1.955918 -2.878297 4.727793 -4.170582 4.993918 11.020513 0.000003 -0.000001 12.109033 -3.735708 -2.866779 -0.000000 0.000001 -0.000002 1.291985 -1.928545 -1.498088 14.800113 0.567466 3.865603 14.242554 -1.341734 -6.660647 19.631941 0.143926 -0.648244 50.484447 -0.838242 -5.539298 0.353028 -1.511148 -0.031939 20.222773 3.684304 2.316627 18.787245 0.000004 -0.000000 10.751611 -0.479868 1.397904 0.000001 0.000000 -0.000001 3.273804 0.305947 -0.580109 21.486794 11.830360 2.266129 8.162918 0.000001 0.000001 18.399055 -3.798979 -4.940566 0.000003 -0.000000 0.000002 12.512410 18.398697 -17.671213 -0.208634 -0.708590 19.619076 -10.409908 -6.733700 6.116153 1.746965 -1.980632 -2.690652 -0.000000 -0.000000 0.000002 -6.047392 -9.605437 -5.146150 0.182920 0.459171 16.946438 8.534534 6.945461 -7.862877 -1.407070 0.816570 -1.698925 -0.000000 -0.000000 -0.000001 
4.874374 98.802078 -9.855518 -2.367657 -1.724591 1.912602 2.575446 0.275891 9.265187 0.107784 -0.632863 -1.931912 2.463310 -2.074430 18.147541 -8.310320 4.619115 -0.406838 0.426200 4.480413 -3.572598 -7.679087 6.681960 -7.527886 0.000077 -0.000023 0.000006 0.015554 -0.082273 -0.096965 0.807259 -3.707075 -10.540587 -0.776404 3.535471 -10.493342 29.449951 -21.884151 6.311925 -93.571190 -27.634048 -15.836040 178.361267 -29.585133 -178.598038 5.878585 -12.416657 -19.877878 -5.882102 9.861278 0.702589 -10.936858 -0.360573 7.156196 -0.000000 8.774810 -0.000001 -15.991918 18.945572 6.289030 -1.844031 2.498504 -2.507274 -10.163589 4.678937 4.621103 -20.975992 -0.000004 0.000003 -21.226254 2.451693 -3.593994 0.000000 -0.000005 -0.000002 -1.362681 2.240796 -0.746322 -21.334896 0.584910 3.008321 -13.821195 -0.000003 0.000001 -23.887133 -0.249078 -0.839480 -60.819614 2.369736 -1.525147 -0.294024 1.679688 0.833255 -14.218192 0.093214 1.300579 -34.212002 -0.287562 0.967168 -20.033178 0.964534 1.212841 0.000000 0.000000 0.000002 -3.440386 0.788231 0.501654 -15.928165 -3.167306 2.999703 -6.338819 -0.000000 0.000002 -18.123415 3.648176 -4.905661 -0.000005 0.000002 -0.000003 -17.017399 23.737909 10.607232 83.797066 33.747059 2.788090 177.916138 38.272476 179.666031 -15.196805 11.409986 -4.830484 2.243539 -5.255031 -3.180155 14.282878 -0.826591 6.952495 -0.000003 -12.690592 -0.000001 16.038038 -17.808550 3.112724 1.665666 -1.955920 -2.878296 4.727794 -4.170582 4.993918 11.020512 0.000004 -0.000001 12.109034 -3.735711 -2.866778 0.000000 -0.000002 -0.000001 1.291984 -1.928548 -1.498088 14.800114 0.567469 3.865604 14.242554 -1.341735 -6.660646 19.631939 0.143926 -0.648243 50.028709 -0.872088 -5.673293 0.353028 -1.511150 -0.031940 20.222771 3.684308 2.316630 18.787249 0.000005 0.000001 10.751614 -0.479868 1.397904 0.000000 0.000001 -0.000001 3.273804 0.305945 -0.580110 21.486797 11.830364 2.266132 8.162917 0.000003 0.000000 18.399054 -3.798977 -4.940567 0.000002 0.000000 0.000000 10.962995 18.800655 -20.468708 -0.098261 -0.633575 18.793793 -9.606460 -5.858638 7.040562 1.717249 -2.026078 -2.665985 0.000000 -0.000000 0.000002 -6.082554 -9.669938 -8.538665 0.161690 0.459755 15.973015 9.149454 7.568935 -5.852210 -1.411954 0.796222 -1.624994 0.000000 0.000000 -0.000001 
5.993314 98.747429 -11.686267 -2.452113 -2.974324 3.991927 2.533364 0.256305 11.005682 0.130812 -0.544111 -1.295123 1.906702 -1.822765 19.739653 -9.456056 4.169914 -3.671375 0.638345 4.674184 -3.669913 -7.881104 6.776044 -10.157664 0.000077 -0.000023 0.000005 0.028403 -0.068345 -0.067412 0.838934 -3.671608 -10.499818 -0.778870 3.529187 -10.457477 28.489199 -22.120819 7.717669 -90.687653 -28.177168 -14.362763 178.023941 -31.596607 -178.396484 8.171720 -9.643901 -23.227776 -5.882099 9.861279 0.702590 -10.936855 -0.360574 7.156197 0.000002 8.774813 -0.000002 -15.436124 18.935137 6.487262 -1.844029 2.498501 -2.507274 -10.163589 4.678942 4.621102 -20.975992 -0.000003 0.000002 -21.226248 2.451693 -3.593993 0.000001 -0.000005 -0.000001 -1.362681 2.240798 -0.746323 -21.334887 0.584905 3.008320 -13.821197 -0.000002 0.000002 -23.887125 -0.249080 -0.839478 -59.674164 2.532735 -1.195204 -0.294025 1.679685 0.833256 -14.218190 0.093212 1.300581 -34.211998 -0.287566 0.967171 -20.033175 0.964533 1.212843 0.000001 -0.000000 -0.000001 -3.440385 0.788233 0.501656 -15.928165 -3.167309 2.999705 -6.338815 -0.000002 0.000003 -18.123407 3.648177 -4.905662 -0.000005 -0.000000 -0.000003 -16.974972 23.772453 11.466694 79.736183 32.072609 -0.575450 178.117920 41.594959 179.786774 -16.559725 10.822697 -1.838935 2.243540 -5.255031 -3.180156 14.282877 -0.826592 6.952498 -0.000002 -12.690592 -0.000001 16.380938 -17.590590 2.859278 1.665666 -1.955919 -2.878297 4.727794 -4.170582 4.993918 11.020510 0.000003 -0.000000 12.109033 -3.735710 -2.866779 0.000000 0.000000 -0.000001 1.291985 -1.928548 -1.498087 14.800111 0.567468 3.865606 14.242554 -1.341736 -6.660646 19.631937 0.143925 -0.648242 50.671638 -0.692429 -5.666481 0.353028 -1.511147 -0.031941 20.222767 3.684306 2.316630 18.787245 0.000005 0.000002 10.751610 -0.479869 1.397903 0.000001 -0.000000 -0.000000 3.273804 0.305947 -0.580110 21.486790 11.830364 2.266133 8.162915 0.000001 0.000003 18.399052 -3.798980 -4.940565 0.000003 -0.000000 -0.000001 9.316796 19.725300 -22.859177 -0.062952 -0.572409 16.941996 -8.958012 -5.824961 7.301360 1.723959 -2.081096 -2.190591 -0.000000 0.000000 0.000002 -6.044766 -9.853019 -11.525736 0.180226 0.621113 14.147270 10.157025 7.839769 -4.428030 -1.401411 0.835123 -1.635493 0.000000 0.000000 -0.000001 
7.237142 98.598473 -13.380386 -2.690946 -3.686208 5.706353 2.530782 0.189270 12.343085 0.117330 -0.245188 -0.647773 1.768132 -1.846464 21.803976 -11.020406 4.415971 -4.435018 0.581358 4.165796 -3.716353 -8.109780 6.258196 -10.667832 0.000077 -0.000023 0.000006 0.045241 -0.075500 -0.061591 0.789442 -3.689866 -10.479815 -0.697084 3.525773 -10.466233 26.416222 -22.846163 9.655537 -87.849236 -29.665405 -11.943728 178.235611 -34.321598 -178.326645 11.407415 -7.776358 -26.276396 -5.882101 9.861279 0.702591 -10.936858 -0.360573 7.156197 -0.000000 8.774814 -0.000001 -15.513068 18.497143 6.280290 -1.844030 2.498502 -2.507277 -10.163589 4.678940 4.621105 -20.975986 -0.000003 0.000002 -21.226250 2.451693 -3.593994 -0.000000 -0.000007 0.000000 -1.362681 2.240793 -0.746324 -21.334887 0.584908 3.008319 -13.821195 -0.000001 0.000002 -23.887131 -0.249078 -0.839480 -60.070007 2.363225 -1.378372 -0.294026 1.679685 0.833255 -14.218189 0.093214 1.300579 -34.211998 -0.287562 0.967168 -20.033175 0.964534 1.212841 0.000000 0.000000 0.000001 -3.440384 0.788233 0.501656 -15.928169 -3.167306 2.999705 -6.338816 -0.000001 0.000002 -18.123411 3.648174 -4.905660 -0.000006 0.000001 -0.000002 -16.321007 23.895988 12.154479 75.715279 30.942139 -3.582022 178.939743 44.617912 -179.790039 -17.664192 10.050982 -0.634100 2.243540 -5.255035 -3.180155 14.282877 -0.826594 6.952496 -0.000001 -12.690592 0.000001 16.522221 -17.202635 2.393993 1.665665 -1.955921 -2.878296 4.727794 -4.170583 4.993919 11.020511 0.000002 0.000001 12.109034 -3.735711 -2.866778 0.000001 0.000001 0.000000 1.291984 -1.928548 -1.498087 14.800111 0.567467 3.865604 14.242553 -1.341735 -6.660647 19.631939 0.143923 -0.648242 50.811405 -0.386587 -5.760861 0.353030 -1.511150 -0.031940 20.222769 3.684304 2.316630 18.787245 0.000003 0.000001 10.751614 -0.479868 1.397905 0.000001 0.000000 -0.000002 3.273804 0.305946 -0.580109 21.486792 11.830363 2.266133 8.162916 0.000001 0.000000 18.399054 -3.798981 -4.940567 0.000002 0.000000 -0.000002 7.638449 20.823463 -24.303650 -0.036756 -0.533245 13.693236 -8.878157 -6.338246 7.477990 1.651860 -2.049703 -1.810717 -0.000000 -0.000000 0.000002 -5.975840 -10.590976 -14.577149 0.212963 0.627776 13.697028 11.345100 8.370297 -2.759180 -1.414391 0.846941 -1.610674 0.000000 0.000000 -0.000001 
8.458003 98.296455 -14.913140 -2.216511 -3.499651 6.848428 2.190933 0.087619 13.669376 0.029128 -0.030887 -0.032280 1.563637 -1.934932 23.978140 -12.323265 4.875281 -2.955297 0.212123 3.555924 -3.766515 -8.083733 5.049538 -9.452814 0.000077 -0.000023 0.000006 0.065094 -0.084009 -0.050144 0.733789 -3.731827 -10.527086 -0.605953 3.553095 -10.545223 24.063974 -23.417576 11.109721 -85.845703 -31.333584 -8.655908 178.757431 -37.660488 -178.365005 14.350401 -6.382535 -28.754122 -5.882100 9.861278 0.702590 -10.936859 -0.360576 7.156199 -0.000000 8.774813 -0.000002 -15.436512 18.119776 6.284750 -1.844032 2.498503 -2.507275 -10.163589 4.678936 4.621104 -20.975992 -0.000005 0.000003 -21.226248 2.451691 -3.593993 0.000000 -0.000005 -0.000000 -1.362681 2.240795 -0.746323 -21.334887 0.584904 3.008321 -13.821197 -0.000003 0.000003 -23.887129 -0.249078 -0.839479 -59.966324 2.276165 -1.344748 -0.294023 1.679686 0.833255 -14.218194 0.093212 1.300580 -34.212002 -0.287566 0.967172 -20.033176 0.964535 1.212844 -0.000001 0.000002 -0.000001 -3.440386 0.788232 0.501655 -15.928167 -3.167306 2.999707 -6.338815 -0.000002 0.000001 -18.123411 3.648177 -4.905661 -0.000005 0.000003 -0.000002 -14.479295 24.392859 12.924874 72.398338 30.266848 -7.515769 179.404236 45.983868 -179.433746 -18.734423 8.798381 -0.828801 2.243540 -5.255031 -3.180156 14.282875 -0.826593 6.952494 -0.000002 -12.690587 -0.000000 16.272533 -16.928034 2.428713 1.665665 -1.955919 -2.878297 4.727792 -4.170581 4.993917 11.020511 0.000004 -0.000002 12.109029 -3.735709 -2.866780 0.000000 0.000000 0.000000 1.291985 -1.928547 -1.498088 14.800113 0.567469 3.865602 14.242553 -1.341734 -6.660650 19.631939 0.143929 -0.648245 50.412586 -0.135773 -5.607963 0.353029 -1.511150 -0.031940 20.222763 3.684305 2.316626 18.787245 0.000008 -0.000001 10.751610 -0.479866 1.397904 0.000002 0.000000 -0.000001 3.273804 0.305946 -0.580110 21.486790 11.830366 2.266129 8.162914 0.000002 -0.000001 18.399048 -3.798976 -4.940567 0.000003 0.000000 -0.000001 5.279373 21.201706 -27.496952 -0.026437 -0.463040 14.683098 -8.357638 -7.436007 7.823475 1.617453 -2.030858 -1.468601 -0.000000 0.000000 0.000002 -6.762262 -11.776236 -17.829096 0.288300 0.672404 15.486162 12.286782 8.699124 -2.165645 -1.404509 0.844182 -1.632814 -0.000000 -0.000000 -0.000001 
9.481251 98.001740 -16.177906 -1.475130 -2.165221 7.557608 1.963549 -0.044490 14.690309 -0.036149 0.120017 0.610084 1.569565 -1.981184 26.186527 -12.686595 5.681165 1.141176 -0.480884 2.203150 -3.724311 -7.609909 2.973277 -6.340199 0.000078 -0.000023 0.000006 0.080174 -0.077268 -0.027876 0.706217 -3.764629 -10.689596 -0.535694 3.600011 -10.753158 22.260744 -23.518492 12.236961 -85.976959 -33.219074 -3.832880 179.576263 -41.652710 -178.752502 16.305355 -5.996440 -27.791796 -5.882099 9.861278 0.702591 -10.936858 -0.360575 7.156199 -0.000000 8.774814 -0.000001 -15.503430 17.956507 6.164484 -1.844032 2.498501 -2.507278 -10.163589 4.678941 4.621106 -20.975994 -0.000003 0.000003 -21.226250 2.451693 -3.593993 0.000000 -0.000007 -0.000001 -1.362680 2.240796 -0.746322 -21.334892 0.584910 3.008322 -13.821195 -0.000004 0.000004 -23.887129 -0.249075 -0.839480 -59.908516 2.185645 -1.290216 -0.294025 1.679685 0.833255 -14.218194 0.093215 1.300581 -34.211998 -0.287562 0.967173 -20.033176 0.964536 1.212844 0.000000 0.000000 0.000000 -3.440386 0.788233 0.501655 -15.928167 -3.167305 2.999706 -6.338819 0.000001 0.000001 -18.123411 3.648173 -4.905659 -0.000004 0.000002 -0.000001 -11.773692 24.858736 13.950463 70.650505 29.479143 -11.410147 179.973618 46.154179 -179.222397 -19.305708 7.870193 0.885061 2.243540 -5.255033 -3.180155 14.282877 -0.826594 6.952497 -0.000002 -12.690588 -0.000002 15.926072 -16.683493 2.636355 1.665664 -1.955919 -2.878296 4.727793 -4.170582 4.993918 11.020511 0.000002 -0.000001 12.109030 -3.735710 -2.866780 0.000002 -0.000000 -0.000000 1.291984 -1.928548 -1.498088 14.800109 0.567467 3.865603 14.242553 -1.341736 -6.660649 19.631937 0.143924 -0.648242 49.964993 0.014037 -5.464594 0.353028 -1.511150 -0.031940 20.222771 3.684307 2.316629 18.787245 0.000004 -0.000002 10.751612 -0.479869 1.397904 0.000002 -0.000000 0.000001 3.273803 0.305946 -0.580110 21.486790 11.830361 2.266132 8.162916 0.000002 0.000000 18.399050 -3.798979 -4.940566 0.000002 -0.000001 -0.000000 2.905539 20.627159 -29.988695 -0.048568 -0.397660 15.153390 -7.822633 -8.636313 8.673792 1.603613 -2.002308 -1.361365 -0.000000 0.000000 0.000002 -7.837024 -13.333335 -20.049265 0.333546 0.700662 17.169888 12.982284 8.384109 -2.078083 -1.393635 0.859437 -1.588312 0.000000 0.000000 -0.000001 
10.270123 97.674118 -17.050161 -0.791600 -0.047498 8.020701 1.911143 -0.212994 15.422428 -0.014429 0.269373 1.185895 1.984526 -1.906400 28.021809 -11.497284 6.215233 7.124752 -0.983541 0.517669 -3.677133 -6.831711 0.736317 -2.034310 0.000077 -0.000023 0.000006 0.070222 -0.047035 -0.030110 0.718251 -3.779646 -10.990431 -0.581851 3.691435 -11.074690 21.292061 -23.109407 12.819357 -87.749268 -34.401299 2.339692 -179.853729 -46.116764 -179.175079 17.162546 -5.889091 -23.746586 -5.882103 9.861279 0.702589 -10.936860 -0.360574 7.156197 0.000001 8.774815 -0.000001 -15.741174 18.092588 5.931618 -1.844031 2.498503 -2.507275 -10.163589 4.678940 4.621104 -20.975998 -0.000003 0.000001 -21.226255 2.451691 -3.593995 0.000001 -0.000007 -0.000000 -1.362680 2.240797 -0.746324 -21.334887 0.584909 3.008320 -13.821198 -0.000003 0.000001 -23.887131 -0.249078 -0.839483 -59.867062 2.148572 -1.243693 -0.294025 1.679686 0.833255 -14.218190 0.093215 1.300579 -34.211998 -0.287564 0.967168 -20.033178 0.964534 1.212840 -0.000000 0.000000 -0.000000 -3.440384 0.788232 0.501655 -15.928169 -3.167305 2.999703 -6.338817 -0.000001 0.000000 -18.123415 3.648177 -4.905663 -0.000004 -0.000000 -0.000002 -8.634973 25.281393 15.163449 69.991608 28.465214 -14.737982 -179.753418 46.093521 -179.314484 -19.519999 7.312298 3.672184 2.243540 -5.255033 -3.180155 14.282877 -0.826592 6.952495 -0.000003 -12.690590 -0.000001 15.855125 -16.398802 2.697553 1.665665 -1.955918 -2.878296 4.727794 -4.170584 4.993918 11.020513 0.000003 -0.000001 12.109033 -3.735710 -2.866779 0.000002 0.000000 0.000000 1.291984 -1.928546 -1.498088 14.800111 0.567469 3.865603 14.242551 -1.341735 -6.660648 19.631939 0.143925 -0.648242 49.782909 0.110505 -5.407677 0.353029 -1.511150 -0.031940 20.222771 3.684306 2.316629 18.787247 0.000004 0.000001 10.751610 -0.479868 1.397904 -0.000001 0.000000 0.000001 3.273804 0.305948 -0.580110 21.486794 11.830362 2.266132 8.162916 0.000003 -0.000000 18.399057 -3.798980 -4.940567 0.000003 -0.000001 -0.000003 0.950191 19.418053 -32.006657 -0.076710 -0.318253 15.750728 -7.298969 -9.922424 9.303524 1.603274 -1.979237 -1.325407 -0.000000 0.000000 0.000002 -8.880031 -14.983344 -21.481813 0.367169 0.733426 18.991554 13.398894 7.648303 -2.642833 -1.390303 0.915169 -1.549357 0.000000 0.000000 -0.000001 
10.920368 97.342628 -17.816662 -0.160052 2.282219 8.483467 1.956582 -0.322868 16.074570 0.106012 0.394889 1.628624 2.600084 -1.817113 29.582834 -9.173336 6.103090 13.663706 -1.036465 -1.017891 -3.715514 -6.149207 -1.097207 2.017292 0.000077 -0.000022 0.000007 0.083102 -0.027655 -0.071201 0.848529 -3.790191 -11.388860 -0.686136 3.755572 -11.482313 20.989124 -22.399212 13.083285 -89.856674 -35.052692 8.336330 -179.585526 -50.027081 -179.299484 17.227436 -5.904917 -19.435240 -5.882101 9.861278 0.702589 -10.936859 -0.360575 7.156198 0.000001 8.774813 -0.000002 -16.009104 18.268061 5.670641 -1.844032 2.498502 -2.507277 -10.163589 4.678940 4.621105 -20.975992 -0.000004 0.000003 -21.226254 2.451690 -3.593992 -0.000000 -0.000005 0.000001 -1.362681 2.240796 -0.746324 -21.334887 0.584907 3.008320 -13.821197 -0.000002 0.000002 -23.887129 -0.249078 -0.839481 -59.729771 2.167847 -1.213264 -0.294024 1.679686 0.833256 -14.218194 0.093214 1.300580 -34.211998 -0.287566 0.967170 -20.033178 0.964535 1.212842 -0.000000 -0.000001 0.000000 -3.440384 0.788232 0.501654 -15.928165 -3.167307 2.999702 -6.338817 -0.000002 0.000001 -18.123411 3.648175 -4.905661 -0.000004 0.000001 -0.000002 -5.804328 25.660505 16.248251 69.933403 27.445005 -17.128458 -179.980453 45.979546 -179.739197 -19.604080 7.549730 6.444857 2.243540 -5.255033 -3.180155 14.282875 -0.826594 6.952495 -0.000002 -12.690592 0.000001 15.920231 -16.236929 2.716411 1.665665 -1.955920 -2.878296 4.727794 -4.170584 4.993918 11.020513 0.000002 -0.000001 12.109033 -3.735710 -2.866780 0.000002 0.000000 -0.000000 1.291984 -1.928548 -1.498088 14.800111 0.567468 3.865602 14.242553 -1.341735 -6.660649 19.631939 0.143926 -0.648245 49.763504 0.071909 -5.446642 0.353029 -1.511150 -0.031940 20.222771 3.684305 2.316627 18.787245 0.000003 -0.000002 10.751611 -0.479868 1.397904 -0.000002 -0.000000 -0.000000 3.273804 0.305947 -0.580110 21.486790 11.830362 2.266130 8.162916 0.000003 -0.000001 18.399054 -3.798978 -4.940568 0.000003 0.000000 -0.000001 -0.731961 17.918068 -33.715382 -0.116764 -0.216715 16.129272 -6.889358 -11.191321 10.014565 1.603267 -1.961334 -1.332123 -0.000000 0.000000 0.000002 -9.854916 -16.446613 -22.631317 0.380951 0.781885 20.727245 13.643501 6.676774 -3.392877 -1.389932 0.987655 -1.456778 0.000000 0.000000 -0.000001 
11.552556 96.966110 -18.469984 0.470545 4.369203 8.971094 2.043177 -0.418588 16.698833 0.248579 0.541774 2.012613 3.182721 -1.726945 30.994020 -6.460059 5.401799 20.069311 -0.799979 -2.083592 -3.758579 -5.479004 -2.587154 5.587674 0.000076 -0.000022 0.000005 0.129259 -0.006684 -0.116400 1.046374 -3.746136 -11.686303 -0.790208 3.770747 -11.751468 21.155807 -21.572380 13.233917 -91.450157 -35.387581 13.080401 -179.643829 -52.441696 -179.062088 16.704309 -6.322622 -16.348366 -5.882100 9.861278 0.702588 -10.936858 -0.360574 7.156196 0.000002 8.774812 -0.000001 -16.152409 18.339769 5.490636 -1.844031 2.498502 -2.507276 -10.163588 4.678939 4.621101 -20.975992 -0.000004 0.000002 -21.226248 2.451692 -3.593993 0.000000 -0.000007 -0.000001 -1.362679 2.240796 -0.746323 -21.334894 0.584908 3.008318 -13.821197 -0.000002 0.000002 -23.887131 -0.249079 -0.839483 -59.430832 2.248667 -1.144929 -0.294024 1.679686 0.833256 -14.218190 0.093214 1.300578 -34.211998 -0.287565 0.967167 -20.033176 0.964535 1.212840 0.000000 0.000001 0.000000 -3.440387 0.788232 0.501655 -15.928167 -3.167305 2.999703 -6.338817 -0.000001 0.000001 -18.123411 3.648175 -4.905663 -0.000005 -0.000001 -0.000002 -3.818641 25.973295 17.006720 70.150185 26.703785 -18.057791 179.821899 45.929989 179.917542 -19.420031 8.611076 9.008162 2.243540 -5.255032 -3.180155 14.282877 -0.826592 6.952496 -0.000003 -12.690590 -0.000001 15.952963 -16.272366 2.724815 1.665665 -1.955920 -2.878296 4.727795 -4.170583 4.993918 11.020513 0.000003 -0.000001 12.109035 -3.735709 -2.866779 0.000002 0.000000 -0.000000 1.291985 -1.928548 -1.498088 14.800114 0.567469 3.865603 14.242554 -1.341733 -6.660648 19.631941 0.143926 -0.648243 49.719742 -0.072287 -5.523580 0.353028 -1.511150 -0.031940 20.222771 3.684307 2.316628 18.787245 0.000005 -0.000000 10.751612 -0.479867 1.397904 -0.000002 0.000000 0.000000 3.273804 0.305947 -0.580110 21.486790 11.830364 2.266131 8.162915 0.000002 -0.000000 18.399054 -3.798979 -4.940567 0.000003 0.000000 -0.000000 -2.235042 16.369194 -35.358913 -0.163697 -0.114344 16.855656 -6.599375 -12.317829 10.454681 1.597911 -1.954013 -1.306189 0.000000 -0.000000 0.000002 -10.877401 -17.612123 -23.751173 0.367045 0.787860 22.555428 13.857653 5.695148 -4.247468 -1.391254 1.052141 -1.391405 0.000000 0.000000 -0.000001 
12.130965 96.585999 -19.066772 1.108463 5.854115 9.486946 2.096293 -0.466036 17.353062 0.356363 0.682558 2.322945 3.584332 -1.635834 32.149971 -3.924604 4.420640 25.775368 -0.595779 -2.640023 -3.744886 -4.923198 -3.669087 8.690700 0.000077 -0.000023 0.000006 0.177748 0.033785 -0.173345 1.217795 -3.649068 -11.722390 -0.871400 3.768224 -11.748180 21.397415 -20.774120 13.390812 -92.158096 -35.656433 16.195606 179.857758 -53.397091 -178.666870 16.167192 -7.095044 -14.557699 -5.882100 9.861280 0.702589 -10.936858 -0.360576 7.156197 0.000002 8.774817 -0.000001 -16.181170 18.335241 5.405302 -1.844030 2.498504 -2.507276 -10.163588 4.678941 4.621104 -20.975996 -0.000005 0.000003 -21.226248 2.451693 -3.593993 -0.000000 -0.000005 0.000001 -1.362680 2.240796 -0.746323 -21.334887 0.584907 3.008322 -13.821195 -0.000003 0.000003 -23.887123 -0.249080 -0.839480 -59.153950 2.306631 -1.077121 -0.294023 1.679685 0.833256 -14.218190 0.093214 1.300580 -34.211998 -0.287566 0.967172 -20.033175 0.964535 1.212843 -0.000000 -0.000000 0.000000 -3.440385 0.788233 0.501655 -15.928165 -3.167309 2.999705 -6.338816 -0.000003 0.000001 -18.123407 3.648175 -4.905662 -0.000005 0.000001 -0.000002 -2.743294 26.211838 17.453699 70.079285 26.311085 -17.800756 179.686188 46.089149 179.781509 -18.856699 10.056655 11.284973 2.243540 -5.255032 -3.180155 14.282875 -0.826593 6.952496 -0.000003 -12.690590 -0.000001 15.983405 -16.425522 2.697436 1.665664 -1.955920 -2.878296 4.727794 -4.170583 4.993918 11.020513 0.000003 0.000000 12.109032 -3.735711 -2.866779 0.000002 0.000000 0.000000 1.291984 -1.928548 -1.498088 14.800114 0.567469 3.865605 14.242553 -1.341735 -6.660648 19.631937 0.143926 -0.648242 49.595001 -0.190104 -5.631945 0.353028 -1.511149 -0.031940 20.222769 3.684307 2.316629 18.787247 0.000005 0.000001 10.751610 -0.479868 1.397905 -0.000002 -0.000000 -0.000000 3.273804 0.305947 -0.580110 21.486790 11.830364 2.266133 8.162915 0.000000 0.000001 18.399050 -3.798980 -4.940567 0.000003 -0.000000 -0.000001 -3.640138 15.187066 -36.852737 -0.204331 -0.033162 17.643166 -6.364094 -13.186589 10.744959 1.588685 -1.965705 -1.227902 0.000000 -0.000000 0.000002 -11.903546 -18.363174 -24.943254 0.358130 0.757568 24.298267 14.056078 4.870968 -4.981994 -1.390321 1.073075 -1.382206 0.000000 0.000000 -0.000001 
12.655887 96.198494 -19.535435 1.721835 6.796053 10.061412 2.066703 -0.497362 17.998840 0.431064 0.736043 2.604812 3.767702 -1.478053 33.103436 -1.859521 3.506011 30.653522 -0.455458 -2.927132 -3.717515 -4.584385 -4.431891 11.072698 0.000077 -0.000022 0.000006 0.199851 0.081403 -0.219703 1.309276 -3.564169 -11.562795 -0.918321 3.792382 -11.555270 21.534521 -20.159912 13.572102 -91.926979 -35.855225 17.758392 179.228363 -53.704739 -178.308182 15.869271 -7.884424 -13.865458 -5.882103 9.861280 0.702590 -10.936859 -0.360574 7.156197 0.000001 8.774813 -0.000000 -16.232037 18.301285 5.332475 -1.844032 2.498502 -2.507275 -10.163592 4.678941 4.621104 -20.975996 -0.000003 0.000005 -21.226255 2.451694 -3.593994 0.000001 -0.000005 0.000002 -1.362679 2.240797 -0.746323 -21.334892 0.584909 3.008322 -13.821198 -0.000001 0.000003 -23.887131 -0.249077 -0.839479 -58.964283 2.295274 -1.024899 -0.294025 1.679686 0.833256 -14.218194 0.093215 1.300581 -34.212006 -0.287561 0.967171 -20.033180 0.964535 1.212842 -0.000000 0.000000 0.000000 -3.440385 0.788232 0.501656 -15.928171 -3.167305 2.999706 -6.338817 -0.000001 0.000001 -18.123413 3.648176 -4.905659 -0.000004 0.000000 -0.000002 -2.278170 26.428152 17.629494 69.589951 25.979795 -16.967646 179.643875 46.528103 179.821716 -18.053093 11.472569 13.423162 2.243540 -5.255033 -3.180156 14.282879 -0.826593 6.952496 -0.000004 -12.690590 0.000000 15.942339 -16.606401 2.650140 1.665666 -1.955919 -2.878296 4.727796 -4.170583 4.993919 11.020513 0.000004 -0.000001 12.109031 -3.735709 -2.866779 0.000001 0.000000 0.000000 1.291984 -1.928547 -1.498088 14.800114 0.567469 3.865603 14.242553 -1.341733 -6.660647 19.631941 0.143927 -0.648242 49.404072 -0.234624 -5.747991 0.353028 -1.511149 -0.031940 20.222773 3.684308 2.316628 18.787251 0.000006 -0.000000 10.751611 -0.479866 1.397903 0.000000 0.000000 0.000000 3.273804 0.305947 -0.580110 21.486795 11.830364 2.266131 8.162918 0.000002 -0.000000 18.399055 -3.798977 -4.940567 0.000003 0.000000 -0.000000 -4.882635 14.247451 -38.345249 -0.231041 0.019334 18.710287 -5.984088 -13.676023 10.674695 1.573017 -1.982303 -1.134127 -0.000000 0.000000 0.000002 -12.881124 -18.753725 -26.236952 0.360707 0.731126 26.001350 14.265976 4.235579 -5.678605 -1.390459 1.064064 -1.390202 -0.000000 0.000000 -0.000001 
13.170088 95.876816 -19.932907 2.226082 7.386109 10.654251 1.948740 -0.542478 18.634434 0.468345 0.727344 2.840278 3.782445 -1.323487 33.895401 -0.409406 2.807345 34.608280 -0.338912 -3.038018 -3.680902 -4.325345 -4.967871 12.698505 0.000077 -0.000023 0.000007 0.208477 0.124296 -0.259764 1.345072 -3.524929 -11.364738 -0.935809 3.843009 -11.326565 21.546219 -19.759819 13.747843 -90.893822 -35.927467 18.039682 178.582520 -54.003880 -177.909714 15.605100 -8.375827 -13.936125 -5.882102 9.861278 0.702591 -10.936858 -0.360575 7.156196 0.000001 8.774815 -0.000001 -16.182215 18.325155 5.314765 -1.844031 2.498502 -2.507274 -10.163589 4.678939 4.621104 -20.975994 -0.000004 0.000001 -21.226255 2.451691 -3.593992 0.000001 -0.000006 -0.000000 -1.362681 2.240797 -0.746323 -21.334890 0.584909 3.008318 -13.821197 -0.000003 0.000002 -23.887129 -0.249079 -0.839482 -58.782867 2.303179 -1.029570 -0.294025 1.679687 0.833256 -14.218194 0.093215 1.300577 -34.212002 -0.287565 0.967167 -20.033176 0.964533 1.212840 -0.000000 0.000001 -0.000000 -3.440386 0.788233 0.501656 -15.928164 -3.167307 2.999703 -6.338817 -0.000001 0.000001 -18.123413 3.648176 -4.905662 -0.000003 0.000002 -0.000002 -2.089297 26.588703 17.679239 68.853127 25.597103 -16.056986 179.654037 47.064415 179.948471 -17.236109 12.757515 15.091697 2.243540 -5.255032 -3.180155 14.282877 -0.826593 6.952495 -0.000004 -12.690591 0.000001 15.813483 -16.769453 2.579669 1.665665 -1.955919 -2.878297 4.727796 -4.170583 4.993919 11.020513 0.000003 -0.000002 12.109036 -3.735708 -2.866780 0.000002 -0.000000 0.000000 1.291985 -1.928548 -1.498088 14.800117 0.567468 3.865602 14.242558 -1.341733 -6.660649 19.631941 0.143927 -0.648244 49.119171 -0.245819 -5.888710 0.353029 -1.511150 -0.031940 20.222769 3.684306 2.316627 18.787247 0.000005 -0.000000 10.751610 -0.479867 1.397904 0.000001 -0.000000 -0.000000 3.273804 0.305947 -0.580110 21.486795 11.830362 2.266128 8.162916 0.000002 -0.000001 18.399054 -3.798977 -4.940568 0.000003 -0.000000 -0.000001 -5.871009 13.342197 -39.630272 -0.247724 0.027887 19.568188 -5.486134 -13.797609 10.529035 1.558119 -1.989998 -1.053955 -0.000000 0.000000 0.000002 -13.746652 -18.892216 -27.369114 0.384269 0.688567 27.211584 14.525523 3.608532 -6.117011 -1.393360 1.058569 -1.350898 -0.000000 -0.000000 -0.000001 
13.549701 95.595856 -20.222731 2.558274 7.774010 11.197981 1.797216 -0.564776 19.243721 0.457498 0.667471 3.033518 3.709884 -1.201696 34.534142 0.507462 2.308230 37.657444 -0.254094 -3.049572 -3.674700 -4.048167 -5.321819 13.787191 0.000077 -0.000023 0.000004 0.196551 0.146439 -0.286394 1.347811 -3.530335 -11.221487 -0.963286 3.896265 -11.153471 21.525318 -19.551807 13.870844 -89.419228 -35.775089 17.524681 178.139267 -54.423294 -177.567581 15.242934 -8.529619 -14.028655 -5.882100 9.861278 0.702591 -10.936859 -0.360576 7.156196 -0.000000 8.774813 -0.000001 -16.040962 18.388931 5.343981 -1.844031 2.498502 -2.507277 -10.163588 4.678939 4.621103 -20.975994 -0.000005 0.000002 -21.226255 2.451692 -3.593993 0.000000 -0.000006 0.000000 -1.362681 2.240796 -0.746324 -21.334887 0.584907 3.008319 -13.821197 -0.000004 0.000002 -23.887131 -0.249080 -0.839481 -58.610691 2.328952 -1.060830 -0.294024 1.679688 0.833255 -14.218194 0.093214 1.300579 -34.211998 -0.287565 0.967167 -20.033178 0.964535 1.212842 -0.000000 0.000001 0.000001 -3.440385 0.788232 0.501656 -15.928167 -3.167306 2.999702 -6.338814 -0.000002 0.000001 -18.123411 3.648175 -4.905663 -0.000004 0.000001 -0.000003 -2.078562 26.647343 17.634396 68.148865 25.061460 -15.323885 179.713943 47.521141 -179.836960 -16.522909 13.783933 15.940342 2.243539 -5.255031 -3.180155 14.282877 -0.826593 6.952496 -0.000002 -12.690588 0.000001 15.769892 -16.889570 2.499062 1.665664 -1.955920 -2.878297 4.727793 -4.170583 4.993918 11.020509 0.000003 -0.000001 12.109035 -3.735709 -2.866780 0.000000 -0.000000 -0.000000 1.291985 -1.928548 -1.498088 14.800111 0.567468 3.865603 14.242554 -1.341734 -6.660648 19.631941 0.143926 -0.648243 48.853771 -0.248747 -5.997365 0.353029 -1.511149 -0.031940 20.222765 3.684305 2.316627 18.787245 0.000005 -0.000000 10.751610 -0.479868 1.397904 0.000001 -0.000000 -0.000000 3.273804 0.305947 -0.580110 21.486788 11.830360 2.266130 8.162916 0.000001 -0.000000 18.399052 -3.798980 -4.940568 0.000003 -0.000000 -0.000001 -6.524596 12.569366 -40.808609 -0.227510 0.026667 20.455057 -4.983979 -13.734898 10.251125 1.545973 -1.994275 -0.989220 -0.000000 0.000000 0.000002 -14.358413 -18.789806 -28.384428 0.394617 0.648363 28.237919 14.750503 3.027466 -6.537722 -1.400984 1.088896 -1.272244 -0.000000 -0.000000 -0.000001 
13.814110 95.388756 -20.418352 2.711685 8.037191 11.627902 1.640756 -0.572509 19.755081 0.397163 0.622642 3.207135 3.610920 -1.155529 35.007874 1.036167 1.964920 39.852909 -0.210984 -3.017326 -3.686129 -3.702421 -5.502209 14.419649 0.000077 -0.000022 0.000006 0.171402 0.148662 -0.312642 1.337991 -3.556607 -11.125122 -1.000414 3.932331 -11.005411 21.647638 -19.537476 13.838099 -88.144218 -35.399071 16.684237 177.961884 -54.832237 -177.342133 14.843226 -8.523725 -13.821079 -5.882103 9.861278 0.702590 -10.936861 -0.360574 7.156196 0.000000 8.774811 0.000000 -15.893373 18.481199 5.403699 -1.844029 2.498501 -2.507275 -10.163589 4.678939 4.621105 -20.975994 -0.000002 0.000003 -21.226255 2.451694 -3.593993 0.000001 -0.000006 -0.000002 -1.362680 2.240796 -0.746323 -21.334892 0.584909 3.008318 -13.821195 -0.000002 0.000003 -23.887129 -0.249078 -0.839482 -58.509731 2.376685 -1.125103 -0.294025 1.679686 0.833255 -14.218192 0.093214 1.300578 -34.211998 -0.287563 0.967167 -20.033180 0.964535 1.212840 0.000000 0.000000 0.000000 -3.440384 0.788231 0.501656 -15.928169 -3.167306 2.999704 -6.338818 -0.000001 0.000001 -18.123415 3.648175 -4.905662 -0.000004 -0.000000 -0.000002 -2.224257 26.626408 17.540880 67.606796 24.283051 -14.872497 179.744812 47.748756 -179.650345 -15.862340 14.573285 16.107340 2.243540 -5.255033 -3.180155 14.282875 -0.826593 6.952496 -0.000003 -12.690593 -0.000000 15.808506 -16.933962 2.428763 1.665664 -1.955920 -2.878296 4.727793 -4.170583 4.993918 11.020512 0.000003 -0.000001 12.109033 -3.735710 -2.866780 0.000003 -0.000001 0.000000 1.291983 -1.928548 -1.498088 14.800114 0.567468 3.865603 14.242553 -1.341735 -6.660648 19.631937 0.143926 -0.648243 48.685852 -0.289512 -6.040703 0.353030 -1.511149 -0.031940 20.222767 3.684305 2.316628 18.787245 0.000004 -0.000000 10.751608 -0.479868 1.397903 0.000002 -0.000000 0.000000 3.273803 0.305947 -0.580110 21.486790 11.830362 2.266131 8.162917 0.000001 0.000000 18.399052 -3.798980 -4.940568 0.000003 -0.000000 -0.000001 -6.881080 11.991435 -41.745651 -0.220430 -0.016343 21.185308 -4.555655 -13.623591 9.980201 1.541936 -1.991001 -0.948786 -0.000000 -0.000000 0.000002 -14.727888 -18.543638 -29.132530 0.406197 0.612092 28.933281 14.936750 2.456525 -6.865454 -1.407330 1.136995 -1.195748 0.000000 0.000000 -0.000001 
13.969535 95.197357 -20.572449 2.732200 8.239584 11.917072 1.497966 -0.525596 20.208174 0.346498 0.546618 3.345614 3.480242 -1.130831 35.286068 1.314625 1.743680 41.358025 -0.190641 -2.963651 -3.716718 -3.404572 -5.498899 14.767611 0.000076 -0.000023 0.000005 0.164423 0.154472 -0.308318 1.348833 -3.576575 -11.045363 -1.037595 3.962999 -10.890722 21.886856 -19.638754 13.746576 -87.311447 -35.045345 15.880925 177.993103 -55.036865 -177.281815 14.520136 -8.523653 -13.614851 -5.882101 9.861279 0.702589 -10.936860 -0.360574 7.156196 0.000001 8.774814 -0.000000 -15.735099 18.532354 5.463133 -1.844031 2.498504 -2.507276 -10.163589 4.678939 4.621104 -20.975994 -0.000004 0.000004 -21.226250 2.451694 -3.593994 0.000000 -0.000006 -0.000002 -1.362679 2.240797 -0.746323 -21.334887 0.584908 3.008322 -13.821198 -0.000001 0.000004 -23.887125 -0.249077 -0.839479 -58.446266 2.452490 -1.176878 -0.294025 1.679687 0.833257 -14.218192 0.093215 1.300579 -34.211998 -0.287564 0.967169 -20.033178 0.964535 1.212844 0.000000 0.000000 0.000000 -3.440387 0.788232 0.501655 -15.928164 -3.167306 2.999703 -6.338817 -0.000002 0.000001 -18.123415 3.648178 -4.905661 -0.000003 0.000000 -0.000002 -2.434960 26.530891 17.447292 67.248932 23.308308 -14.580213 179.758545 47.661015 -179.528946 -15.253320 15.226697 15.809690 2.243539 -5.255033 -3.180155 14.282877 -0.826593 6.952497 -0.000002 -12.690590 0.000001 15.892743 -16.951864 2.368541 1.665666 -1.955920 -2.878297 4.727795 -4.170584 4.993919 11.020513 0.000003 -0.000000 12.109033 -3.735710 -2.866779 0.000002 -0.000000 -0.000000 1.291982 -1.928548 -1.498088 14.800117 0.567468 3.865604 14.242554 -1.341735 -6.660648 19.631941 0.143925 -0.648242 48.616436 -0.340848 -6.048029 0.353028 -1.511149 -0.031940 20.222767 3.684306 2.316629 18.787247 0.000004 0.000001 10.751611 -0.479868 1.397904 0.000000 0.000000 -0.000000 3.273805 0.305947 -0.580110 21.486795 11.830366 2.266133 8.162917 0.000003 0.000000 18.399052 -3.798980 -4.940566 0.000004 0.000000 -0.000001 -7.000404 11.558501 -42.568390 -0.213065 -0.047902 21.985092 -4.226853 -13.496044 9.664710 1.532899 -1.993295 -0.940470 -0.000000 -0.000000 0.000002 -14.907464 -18.231586 -29.746965 0.405146 0.578116 29.598991 15.093575 2.072288 -7.209661 -1.410911 1.189799 -1.186062 0.000000 0.000000 -0.000001 
14.052131 95.024506 -20.679232 2.645482 8.472563 12.052196 1.369071 -0.487648 20.577673 0.294555 0.505756 3.493067 3.378703 -1.156467 35.424137 1.572148 1.546318 42.334660 -0.234922 -2.875406 -3.733868 -3.261117 -5.361896 14.991434 0.000077 -0.000022 0.000007 0.156677 0.158827 -0.316795 1.363583 -3.587845 -10.990020 -1.056357 3.988508 -10.835819 22.288094 -19.796146 13.590015 -87.052315 -34.845860 15.281311 178.099014 -55.052673 -177.280487 14.307566 -8.680925 -13.411227 -5.882100 9.861278 0.702590 -10.936857 -0.360576 7.156197 0.000001 8.774817 -0.000001 -15.667207 18.513016 5.487502 -1.844030 2.498503 -2.507275 -10.163588 4.678940 4.621104 -20.975994 -0.000004 0.000002 -21.226255 2.451692 -3.593994 0.000000 -0.000006 -0.000003 -1.362680 2.240797 -0.746323 -21.334887 0.584909 3.008320 -13.821197 -0.000002 0.000002 -23.887129 -0.249080 -0.839479 -58.394432 2.518146 -1.192917 -0.294024 1.679687 0.833255 -14.218190 0.093214 1.300579 -34.211998 -0.287564 0.967170 -20.033178 0.964535 1.212844 0.000000 0.000000 0.000001 -3.440386 0.788231 0.501655 -15.928169 -3.167307 2.999704 -6.338817 -0.000002 0.000001 -18.123415 3.648175 -4.905661 -0.000004 -0.000000 -0.000003 -2.642319 26.415049 17.343485 67.007721 22.256422 -14.416001 179.788422 47.255970 -179.417465 -14.627073 15.725864 15.342462 2.243540 -5.255033 -3.180155 14.282878 -0.826593 6.952497 -0.000001 -12.690590 -0.000000 15.981802 -17.005461 2.334198 1.665665 -1.955920 -2.878296 4.727793 -4.170582 4.993918 11.020514 0.000003 -0.000000 12.109028 -3.735710 -2.866780 0.000002 0.000000 -0.000000 1.291985 -1.928548 -1.498088 14.800109 0.567468 3.865603 14.242554 -1.341735 -6.660648 19.631937 0.143925 -0.648243 48.569218 -0.414455 -6.056708 0.353028 -1.511149 -0.031940 20.222771 3.684305 2.316629 18.787245 0.000004 0.000000 10.751610 -0.479868 1.397904 -0.000001 0.000000 0.000000 3.273804 0.305947 -0.580110 21.486794 11.830362 2.266132 8.162916 0.000001 0.000000 18.399055 -3.798980 -4.940567 0.000003 0.000000 -0.000001 -6.939663 11.213571 -43.238503 -0.205231 -0.075742 22.818165 -4.012442 -13.409119 9.332722 1.524699 -1.990311 -0.966626 -0.000000 -0.000000 0.000002 -14.929825 -18.000198 -30.154280 0.399606 0.566350 30.200367 15.285728 1.806097 -7.553275 -1.411728 1.228277 -1.200442 -0.000000 0.000000 -0.000001 
14.011896 94.915718 -20.815884 2.493310 8.695759 12.005033 1.262732 -0.469325 20.861982 0.234661 0.487492 3.594063 3.287507 -1.187642 35.499744 1.762264 1.431227 43.016083 -0.298008 -2.748531 -3.736322 -3.139795 -5.165083 15.027643 0.000077 -0.000023 0.000005 0.164181 0.170233 -0.309182 1.377830 -3.594278 -10.950855 -1.052103 4.019471 -10.785577 22.797596 -20.031290 13.404602 -87.236832 -34.839207 14.762728 178.151688 -54.912716 -177.287277 14.187625 -8.854511 -13.275565 -5.882102 9.861279 0.702590 -10.936858 -0.360576 7.156198 0.000001 8.774816 -0.000000 -15.619747 18.489359 5.469466 -1.844031 2.498503 -2.507277 -10.163590 4.678942 4.621103 -20.975994 -0.000002 0.000004 -21.226254 2.451695 -3.593994 0.000000 -0.000006 -0.000002 -1.362681 2.240797 -0.746324 -21.334890 0.584908 3.008320 -13.821197 -0.000001 0.000003 -23.887129 -0.249078 -0.839479 -58.299431 2.550270 -1.211002 -0.294025 1.679687 0.833254 -14.218192 0.093216 1.300580 -34.212002 -0.287563 0.967170 -20.033176 0.964537 1.212843 0.000000 0.000000 0.000000 -3.440386 0.788233 0.501655 -15.928171 -3.167306 2.999705 -6.338817 -0.000001 0.000001 -18.123411 3.648179 -4.905661 -0.000004 -0.000000 -0.000002 -2.825085 26.333323 17.292088 66.957504 21.317995 -14.359975 179.685226 46.651958 -179.499359 -14.059585 16.118258 14.954239 2.243539 -5.255033 -3.180155 14.282878 -0.826593 6.952496 -0.000003 -12.690588 -0.000001 16.039539 -17.026720 2.296668 1.665666 -1.955920 -2.878296 4.727797 -4.170582 4.993918 11.020514 0.000003 -0.000001 12.109035 -3.735709 -2.866779 -0.000000 -0.000000 0.000000 1.291986 -1.928547 -1.498088 14.800117 0.567468 3.865603 14.242554 -1.341734 -6.660648 19.631939 0.143925 -0.648242 48.495659 -0.467946 -6.042473 0.353028 -1.511149 -0.031940 20.222771 3.684306 2.316628 18.787247 0.000005 0.000000 10.751610 -0.479868 1.397904 0.000001 -0.000000 0.000000 3.273804 0.305947 -0.580110 21.486797 11.830362 2.266132 8.162921 0.000002 -0.000000 18.399055 -3.798978 -4.940567 0.000003 0.000000 -0.000001 -6.721929 10.998076 -43.556717 -0.220356 -0.101895 23.268135 -3.925619 -13.351600 9.226907 1.521024 -1.978716 -1.003358 -0.000000 -0.000000 0.000002 -14.828236 -17.736475 -30.323408 0.399277 0.561874 30.607914 15.382147 1.534876 -7.804357 -1.410022 1.242866 -1.235200 -0.000000 0.000000 -0.000001 
13.900990 94.843491 -20.898577 2.300889 8.898456 11.776937 1.140076 -0.451393 21.097855 0.184251 0.467997 3.651034 3.206313 -1.206540 35.576019 1.938864 1.393074 43.540833 -0.414590 -2.596190 -3.744973 -3.003480 -4.884545 15.062132 0.000076 -0.000023 0.000006 0.168243 0.170345 -0.336630 1.385696 -3.602306 -10.953155 -1.062445 4.025282 -10.783614 23.343830 -20.284424 13.218780 -87.766457 -34.981167 14.310651 178.245529 -54.638264 -177.419556 14.261036 -9.026830 -13.045878 -5.882101 9.861277 0.702591 -10.936859 -0.360574 7.156197 0.000001 8.774812 0.000001 -15.660539 18.424370 5.418047 -1.844032 2.498503 -2.507277 -10.163589 4.678938 4.621102 -20.975996 -0.000005 0.000002 -21.226255 2.451691 -3.593993 0.000000 -0.000006 -0.000002 -1.362680 2.240795 -0.746322 -21.334892 0.584907 3.008318 -13.821197 -0.000005 0.000002 -23.887135 -0.249081 -0.839481 -58.343658 2.563133 -1.235428 -0.294026 1.679686 0.833254 -14.218194 0.093213 1.300578 -34.212006 -0.287567 0.967168 -20.033176 0.964533 1.212841 0.000000 0.000000 0.000001 -3.440386 0.788232 0.501656 -15.928167 -3.167308 2.999701 -6.338816 -0.000002 0.000001 -18.123413 3.648175 -4.905663 -0.000003 0.000001 -0.000003 -3.024408 26.233028 17.291763 67.150665 20.571857 -14.184668 179.638931 45.944851 -179.546066 -13.522504 16.428873 14.834195 2.243539 -5.255032 -3.180155 14.282875 -0.826593 6.952496 -0.000001 -12.690590 0.000001 16.131615 -17.014622 2.237613 1.665664 -1.955920 -2.878296 4.727793 -4.170583 4.993919 11.020511 0.000003 -0.000001 12.109029 -3.735709 -2.866779 0.000002 0.000000 -0.000000 1.291985 -1.928547 -1.498088 14.800111 0.567468 3.865604 14.242553 -1.341733 -6.660648 19.631939 0.143927 -0.648243 48.509117 -0.503549 -6.041317 0.353028 -1.511149 -0.031940 20.222767 3.684307 2.316628 18.787245 0.000005 0.000001 10.751611 -0.479868 1.397904 0.000001 0.000000 0.000000 3.273805 0.305947 -0.580110 21.486792 11.830362 2.266130 8.162916 0.000002 0.000000 18.399052 -3.798979 -4.940566 0.000003 0.000000 -0.000001 -6.370692 10.853354 -43.611191 -0.233881 -0.121870 23.641230 -3.901064 -13.318285 9.118669 1.517518 -1.968636 -1.020876 -0.000000 -0.000000 0.000002 -14.667532 -17.464314 -30.238247 0.387188 0.556917 30.917742 15.398589 1.345107 -8.047594 -1.408636 1.251236 -1.261306 -0.000000 -0.000000 -0.000001 
13.715145 94.807480 -20.959259 2.043781 9.065296 11.363618 1.025461 -0.438298 21.223518 0.147269 0.442485 3.672385 3.129336 -1.203643 35.626106 2.022211 1.406293 43.943386 -0.522202 -2.361305 -3.742127 -2.915953 -4.556250 15.044580 0.000078 -0.000023 0.000006 0.157003 0.170495 -0.326482 1.380933 -3.605354 -10.938238 -1.074776 4.025042 -10.773795 23.815186 -20.578297 13.084072 -88.505989 -35.240276 13.904569 178.336441 -54.300034 -177.593521 14.374266 -9.236984 -12.654312 -5.882102 9.861278 0.702590 -10.936859 -0.360574 7.156197 -0.000001 8.774811 -0.000000 -15.690592 18.357464 5.368321 -1.844030 2.498502 -2.507274 -10.163589 4.678937 4.621104 -20.975996 -0.000003 0.000005 -21.226255 2.451694 -3.593992 0.000001 -0.000006 -0.000002 -1.362681 2.240796 -0.746322 -21.334894 0.584908 3.008321 -13.821193 -0.000002 0.000003 -23.887133 -0.249076 -0.839481 -58.426262 2.565749 -1.279855 -0.294024 1.679686 0.833256 -14.218192 0.093215 1.300580 -34.212002 -0.287561 0.967169 -20.033178 0.964535 1.212841 0.000000 0.000001 -0.000001 -3.440385 0.788233 0.501656 -15.928169 -3.167304 2.999703 -6.338815 -0.000001 0.000002 -18.123415 3.648175 -4.905661 -0.000003 0.000000 -0.000002 -3.298595 26.143190 17.287643 67.601112 20.046366 -13.833320 179.653961 45.279659 -179.573196 -13.010236 16.628786 15.002739 2.243539 -5.255033 -3.180155 14.282878 -0.826595 6.952497 0.000001 -12.690590 -0.000001 16.220421 -17.021160 2.195976 1.665664 -1.955920 -2.878296 4.727795 -4.170585 4.993919 11.020512 0.000002 -0.000001 12.109035 -3.735711 -2.866779 0.000001 0.000000 0.000000 1.291983 -1.928548 -1.498088 14.800111 0.567466 3.865605 14.242554 -1.341737 -6.660648 19.631939 0.143924 -0.648243 48.523785 -0.538303 -6.069322 0.353030 -1.511150 -0.031940 20.222769 3.684304 2.316629 18.787245 0.000002 0.000000 10.751611 -0.479869 1.397904 -0.000001 0.000000 0.000000 3.273803 0.305947 -0.580110 21.486788 11.830360 2.266132 8.162912 -0.000000 0.000001 18.399055 -3.798982 -4.940568 0.000003 0.000000 -0.000001 -5.870672 10.794888 -43.413101 -0.241439 -0.133719 23.914261 -3.937813 -13.288561 9.037364 1.511862 -1.959463 -1.022184 -0.000000 -0.000000 0.000002 -14.442019 -17.139317 -29.914024 0.403206 0.538018 31.115047 15.290094 1.177656 -8.262869 -1.406929 1.247093 -1.309832 -0.000000 -0.000000 -0.000001 
13.443373 94.812469 -20.943911 1.734385 9.167046 10.782062 0.915786 -0.435370 21.245073 0.093798 0.433459 3.643438 3.035317 -1.207121 35.680508 1.990203 1.483170 44.262634 -0.628379 -2.052257 -3.722377 -2.817329 -4.184412 15.031193 0.000077 -0.000023 0.000004 0.136722 0.151135 -0.337279 1.356038 -3.622283 -10.919001 -1.094524 4.003495 -10.761780 24.230001 -20.889648 13.003402 -89.319862 -35.424866 13.489769 178.473343 -53.887531 -177.848206 14.635829 -9.416580 -12.104286 -5.882099 9.861279 0.702591 -10.936858 -0.360575 7.156196 0.000002 8.774816 -0.000001 -15.727206 18.291353 5.329364 -1.844030 2.498503 -2.507275 -10.163589 4.678940 4.621104 -20.975992 -0.000005 0.000004 -21.226248 2.451690 -3.593992 0.000000 -0.000006 -0.000001 -1.362682 2.240797 -0.746322 -21.334887 0.584906 3.008321 -13.821194 -0.000005 0.000003 -23.887125 -0.249079 -0.839480 -58.477386 2.570580 -1.317131 -0.294024 1.679685 0.833256 -14.218192 0.093212 1.300580 -34.211998 -0.287566 0.967173 -20.033178 0.964534 1.212843 0.000000 0.000000 -0.000001 -3.440385 0.788231 0.501655 -15.928169 -3.167309 2.999703 -6.338818 -0.000001 0.000002 -18.123411 3.648175 -4.905660 -0.000003 0.000002 -0.000003 -3.662954 26.095976 17.264299 68.344742 19.738628 -13.317226 179.675415 44.573948 -179.673691 -12.526389 16.754290 15.361609 2.243540 -5.255033 -3.180155 14.282875 -0.826594 6.952496 -0.000002 -12.690591 0.000001 16.311012 -16.993402 2.127852 1.665664 -1.955920 -2.878297 4.727793 -4.170584 4.993918 11.020510 0.000003 -0.000002 12.109032 -3.735710 -2.866781 0.000001 -0.000000 0.000000 1.291984 -1.928548 -1.498088 14.800109 0.567468 3.865602 14.242551 -1.341735 -6.660649 19.631939 0.143926 -0.648245 48.543068 -0.543838 -6.090009 0.353028 -1.511149 -0.031940 20.222767 3.684306 2.316627 18.787245 0.000005 -0.000001 10.751610 -0.479868 1.397904 0.000000 0.000000 0.000001 3.273803 0.305947 -0.580110 21.486788 11.830365 2.266129 8.162918 0.000002 -0.000001 18.399048 -3.798980 -4.940568 0.000003 -0.000000 -0.000000 -5.225049 10.849180 -42.964565 -0.258623 -0.171936 24.133764 -4.043945 -13.230594 8.922103 1.514560 -1.958818 -1.024786 0.000000 -0.000000 0.000002 -14.144785 -16.709108 -29.348091 0.416474 0.515074 31.208523 15.118056 0.970811 -8.492274 -1.408951 1.242396 -1.380328 -0.000000 -0.000000 -0.000001 
13.084706 94.884842 -20.955507 1.400130 9.218133 10.029860 0.794830 -0.403998 21.186020 0.042360 0.404736 3.564414 2.910143 -1.218058 35.691917 1.813809 1.624052 44.484219 -0.734114 -1.685825 -3.701856 -2.813307 -3.812994 15.061812 0.000077 -0.000023 0.000005 0.115471 0.137080 -0.337435 1.332804 -3.627176 -10.906764 -1.109520 3.974642 -10.759013 24.541737 -21.200743 13.060430 -90.071190 -35.464813 13.146758 178.473816 -53.422771 -177.955551 14.914227 -9.450332 -11.338432 -5.882102 9.861280 0.702592 -10.936861 -0.360573 7.156198 0.000002 8.774815 -0.000001 -15.805618 18.200293 5.275538 -1.844032 2.498503 -2.507275 -10.163591 4.678941 4.621105 -20.975998 -0.000003 0.000004 -21.226255 2.451694 -3.593991 -0.000000 -0.000006 0.000002 -1.362680 2.240798 -0.746322 -21.334898 0.584909 3.008322 -13.821197 -0.000002 0.000003 -23.887131 -0.249078 -0.839481 -58.539383 2.561218 -1.352347 -0.294024 1.679686 0.833257 -14.218194 0.093215 1.300580 -34.212006 -0.287563 0.967171 -20.033186 0.964536 1.212841 0.000000 0.000001 0.000000 -3.440387 0.788233 0.501655 -15.928169 -3.167305 2.999702 -6.338819 -0.000000 0.000003 -18.123413 3.648176 -4.905661 -0.000006 0.000001 -0.000001 -4.098660 25.989632 17.238625 69.418991 19.716698 -12.558230 179.720673 43.909821 -179.804474 -12.168733 16.733353 15.755859 2.243539 -5.255033 -3.180156 14.282878 -0.826593 6.952496 -0.000001 -12.690590 -0.000001 16.290085 -16.956257 2.117389 1.665665 -1.955920 -2.878296 4.727796 -4.170582 4.993918 11.020513 0.000003 -0.000000 12.109033 -3.735709 -2.866779 0.000002 -0.000000 0.000000 1.291984 -1.928548 -1.498088 14.800114 0.567468 3.865604 14.242554 -1.341734 -6.660649 19.631937 0.143925 -0.648243 48.571476 -0.588462 -6.083685 0.353028 -1.511149 -0.031940 20.222773 3.684305 2.316628 18.787247 0.000004 0.000000 10.751611 -0.479868 1.397905 0.000001 0.000000 0.000000 3.273805 0.305947 -0.580110 21.486797 11.830361 2.266132 8.162917 0.000002 0.000000 18.399052 -3.798979 -4.940567 0.000003 0.000000 -0.000001 -4.480402 10.991531 -42.147392 -0.271872 -0.199200 23.957584 -4.237041 -13.175760 9.010401 1.516334 -1.958403 -1.023482 -0.000000 0.000000 0.000002 -13.792676 -16.144569 -28.533432 0.409364 0.489138 31.066833 14.895696 0.737339 -8.614311 -1.409585 1.244554 -1.468583 -0.000000 -0.000000 -0.000001 
12.681222 94.984924 -20.873564 1.073346 9.245965 9.100319 0.661635 -0.407211 20.994183 -0.028011 0.409827 3.453806 2.763186 -1.271808 35.648468 1.468092 1.859174 44.571178 -0.780913 -1.317001 -3.690811 -2.858111 -3.424760 15.081723 0.000077 -0.000022 0.000005 0.104147 0.124461 -0.340520 1.302649 -3.614916 -10.884093 -1.102918 3.940701 -10.738688 24.715631 -21.525162 13.177887 -90.598419 -35.174423 12.670103 178.426041 -52.882759 -178.008057 15.155100 -9.217992 -10.540767 -5.882100 9.861278 0.702590 -10.936857 -0.360575 7.156198 0.000003 8.774812 -0.000000 -15.763189 18.130621 5.291943 -1.844030 2.498501 -2.507275 -10.163588 4.678939 4.621103 -20.975994 -0.000004 0.000005 -21.226254 2.451692 -3.593991 0.000000 -0.000005 0.000000 -1.362680 2.240796 -0.746323 -21.334888 0.584909 3.008321 -13.821194 -0.000002 0.000003 -23.887129 -0.249078 -0.839480 -58.493683 2.578557 -1.352855 -0.294023 1.679686 0.833255 -14.218190 0.093214 1.300579 -34.211998 -0.287563 0.967172 -20.033178 0.964536 1.212843 0.000000 0.000001 -0.000001 -3.440386 0.788232 0.501655 -15.928167 -3.167306 2.999703 -6.338817 -0.000000 0.000002 -18.123415 3.648176 -4.905660 -0.000007 0.000001 -0.000002 -4.637672 25.861336 17.141514 70.826309 19.888544 -11.629308 179.809814 43.308357 -179.903076 -11.838872 16.487572 16.192987 2.243539 -5.255033 -3.180155 14.282875 -0.826594 6.952497 -0.000002 -12.690587 0.000001 16.341005 -16.950651 2.121784 1.665664 -1.955920 -2.878297 4.727794 -4.170582 4.993918 11.020512 0.000003 -0.000001 12.109034 -3.735709 -2.866779 0.000001 -0.000000 -0.000000 1.291985 -1.928547 -1.498088 14.800111 0.567468 3.865604 14.242553 -1.341735 -6.660649 19.631937 0.143926 -0.648243 48.584457 -0.676105 -6.062582 0.353029 -1.511149 -0.031940 20.222771 3.684307 2.316628 18.787245 0.000005 -0.000000 10.751609 -0.479868 1.397903 -0.000001 0.000000 0.000000 3.273804 0.305947 -0.580110 21.486788 11.830361 2.266131 8.162914 0.000002 -0.000000 18.399050 -3.798979 -4.940567 0.000003 0.000000 -0.000001 -3.665524 11.176190 -41.054951 -0.274981 -0.233966 23.760458 -4.459503 -13.108255 9.028233 1.522504 -1.961503 -1.046733 -0.000000 -0.000000 0.000002 -13.467363 -15.477623 -27.446638 0.406838 0.476304 30.884502 14.651180 0.499873 -8.771398 -1.410911 1.244981 -1.544824 0.000000 0.000000 -0.000001 
12.224299 95.086159 -20.756933 0.812885 9.189852 8.038480 0.510141 -0.402746 20.675770 -0.105801 0.421341 3.329856 2.555898 -1.336408 35.459354 0.925580 2.262192 44.444675 -0.719778 -1.023544 -3.675819 -3.044199 -3.073481 15.062546 0.000077 -0.000023 0.000005 0.095193 0.115588 -0.333263 1.281050 -3.605360 -10.886816 -1.096648 3.912296 -10.752564 24.806070 -21.829386 13.314895 -90.914299 -34.481323 11.988818 178.430252 -52.268520 -178.039764 15.269220 -8.715695 -9.697948 -5.882100 9.861278 0.702588 -10.936859 -0.360576 7.156197 0.000002 8.774812 0.000000 -15.764371 18.138834 5.348475 -1.844030 2.498502 -2.507277 -10.163589 4.678938 4.621104 -20.975994 -0.000006 0.000002 -21.226250 2.451690 -3.593993 -0.000001 -0.000006 0.000000 -1.362681 2.240796 -0.746323 -21.334892 0.584907 3.008321 -13.821191 -0.000004 0.000002 -23.887125 -0.249081 -0.839481 -58.466122 2.627066 -1.355384 -0.294025 1.679686 0.833256 -14.218190 0.093214 1.300580 -34.211998 -0.287567 0.967170 -20.033176 0.964533 1.212843 0.000000 0.000001 0.000000 -3.440384 0.788232 0.501655 -15.928164 -3.167308 2.999703 -6.338815 -0.000001 0.000002 -18.123413 3.648175 -4.905660 -0.000006 0.000000 -0.000002 -5.324784 25.732798 16.969740 72.577980 20.251390 -10.686614 179.843964 42.834126 -179.977951 -11.664388 16.098661 16.409306 2.243539 -5.255033 -3.180155 14.282877 -0.826592 6.952497 -0.000003 -12.690592 -0.000000 16.368811 -16.904448 2.144927 1.665667 -1.955920 -2.878297 4.727791 -4.170583 4.993918 11.020512 0.000004 0.000000 12.109029 -3.735709 -2.866779 0.000001 0.000000 0.000000 1.291983 -1.928548 -1.498087 14.800113 0.567469 3.865605 14.242553 -1.341734 -6.660649 19.631937 0.143926 -0.648241 48.681469 -0.826365 -5.993989 0.353028 -1.511150 -0.031940 20.222771 3.684308 2.316630 18.787245 0.000005 0.000001 10.751610 -0.479867 1.397904 0.000000 0.000000 0.000000 3.273804 0.305947 -0.580110 21.486790 11.830364 2.266133 8.162916 0.000003 0.000000 18.399052 -3.798978 -4.940567 0.000003 -0.000000 -0.000000 -2.817590 11.365685 -39.749832 -0.278995 -0.259901 23.531994 -4.656715 -12.960643 8.999353 1.532489 -1.963269 -1.077923 -0.000000 0.000000 0.000002 -13.193884 -14.733543 -26.261835 0.386836 0.468141 30.794504 14.403299 0.283556 -8.962548 -1.409281 1.250218 -1.621821 0.000000 0.000000 -0.000001 
11.748348 95.192429 -20.654018 0.614353 9.016040 6.885368 0.349987 -0.348745 20.316732 -0.170786 0.415627 3.157085 2.310263 -1.427208 35.112949 0.122781 2.832797 44.084660 -0.619549 -0.810667 -3.661419 -3.297065 -2.735098 14.988332 0.000077 -0.000022 0.000007 0.102589 0.108069 -0.338802 1.277016 -3.585490 -10.906083 -1.084510 3.870701 -10.773828 24.803486 -22.030550 13.424274 -90.983727 -33.391731 11.063376 178.507935 -51.383793 -178.113495 15.107783 -7.922064 -8.741147 -5.882101 9.861279 0.702591 -10.936860 -0.360574 7.156197 -0.000000 8.774815 -0.000001 -15.746952 18.155331 5.437798 -1.844031 2.498502 -2.507276 -10.163589 4.678941 4.621106 -20.975994 -0.000002 0.000004 -21.226250 2.451694 -3.593992 0.000000 -0.000006 -0.000001 -1.362681 2.240797 -0.746323 -21.334887 0.584909 3.008322 -13.821198 -0.000001 0.000004 -23.887131 -0.249077 -0.839480 -58.435162 2.677396 -1.360252 -0.294025 1.679687 0.833255 -14.218194 0.093216 1.300580 -34.212009 -0.287560 0.967171 -20.033180 0.964537 1.212841 -0.000000 0.000000 0.000000 -3.440387 0.788232 0.501655 -15.928167 -3.167306 2.999704 -6.338817 -0.000001 0.000001 -18.123413 3.648178 -4.905660 -0.000006 0.000000 -0.000002 -6.174862 25.625582 16.694019 74.521599 20.827888 -9.755241 179.827362 42.396629 179.873428 -11.544610 15.597443 16.247217 2.243539 -5.255032 -3.180155 14.282873 -0.826594 6.952495 -0.000004 -12.690590 0.000001 16.442017 -16.853266 2.153009 1.665665 -1.955919 -2.878297 4.727793 -4.170584 4.993919 11.020511 0.000003 -0.000001 12.109032 -3.735709 -2.866779 0.000002 -0.000000 -0.000000 1.291983 -1.928548 -1.498088 14.800114 0.567467 3.865603 14.242554 -1.341733 -6.660650 19.631939 0.143927 -0.648244 48.818066 -0.962279 -5.916183 0.353030 -1.511149 -0.031940 20.222769 3.684306 2.316627 18.787245 0.000004 -0.000001 10.751610 -0.479867 1.397903 0.000001 0.000000 0.000000 3.273803 0.305947 -0.580110 21.486792 11.830362 2.266129 8.162916 0.000002 -0.000000 18.399046 -3.798977 -4.940566 0.000003 -0.000000 -0.000000 -2.000819 11.619501 -38.264935 -0.282924 -0.297809 23.188978 -4.860289 -12.746461 9.005154 1.543465 -1.980001 -1.143135 -0.000000 0.000000 0.000002 -12.977008 -13.919583 -25.079298 0.361408 0.456703 30.824310 14.099179 0.126512 -9.057465 -1.407099 1.261066 -1.676265 0.000000 0.000000 -0.000001 
11.208879 95.258240 -20.524637 0.479829 8.722430 5.667133 0.189257 -0.310742 19.912050 -0.242564 0.450603 2.980417 2.023702 -1.503831 34.613094 -0.826291 3.533111 43.509918 -0.515899 -0.673660 -3.638830 -3.662924 -2.404450 14.869124 0.000077 -0.000022 0.000006 0.114796 0.106361 -0.313126 1.286715 -3.554762 -10.922381 -1.070826 3.837058 -10.785139 24.780481 -22.114096 13.532309 -90.810982 -32.078678 9.887408 178.622696 -50.180950 -178.205261 14.616496 -6.963200 -7.654757 -5.882100 9.861279 0.702591 -10.936858 -0.360575 7.156197 -0.000000 8.774814 -0.000001 -15.727106 18.183826 5.515567 -1.844031 2.498502 -2.507276 -10.163590 4.678940 4.621103 -20.975992 -0.000003 0.000002 -21.226254 2.451694 -3.593995 -0.000000 -0.000006 0.000001 -1.362681 2.240796 -0.746324 -21.334887 0.584910 3.008320 -13.821195 -0.000002 0.000001 -23.887129 -0.249077 -0.839481 -58.430420 2.723724 -1.382048 -0.294026 1.679686 0.833255 -14.218192 0.093215 1.300580 -34.212002 -0.287563 0.967171 -20.033180 0.964536 1.212842 -0.000000 0.000000 0.000001 -3.440386 0.788233 0.501657 -15.928164 -3.167306 2.999704 -6.338817 -0.000000 0.000002 -18.123411 3.648176 -4.905662 -0.000005 0.000001 -0.000001 -7.153217 25.536436 16.345541 76.515274 21.659451 -8.746756 179.840485 42.031132 179.743347 -11.394523 15.045421 15.549261 2.243539 -5.255032 -3.180156 14.282877 -0.826592 6.952496 -0.000004 -12.690587 0.000000 16.586527 -16.850512 2.145559 1.665666 -1.955919 -2.878297 4.727793 -4.170582 4.993919 11.020513 0.000004 -0.000002 12.109035 -3.735708 -2.866780 0.000002 0.000000 0.000000 1.291984 -1.928548 -1.498088 14.800114 0.567469 3.865603 14.242553 -1.341732 -6.660648 19.631939 0.143928 -0.648243 49.022945 -1.106651 -5.822799 0.353030 -1.511148 -0.031940 20.222771 3.684308 2.316627 18.787245 0.000006 0.000001 10.751612 -0.479867 1.397904 0.000001 -0.000000 0.000000 3.273803 0.305947 -0.580110 21.486790 11.830363 2.266130 8.162916 0.000002 0.000000 18.399054 -3.798977 -4.940566 0.000003 0.000000 -0.000000 -1.176008 11.950907 -36.747009 -0.288971 -0.334455 23.005434 -5.036888 -12.484938 8.892942 1.551945 -1.996823 -1.205595 -0.000000 0.000000 0.000002 -12.762251 -13.125106 -23.921406 0.326816 0.447782 31.002207 13.687989 0.041168 -9.301760 -1.403103 1.252241 -1.729641 0.000000 0.000000 -0.000001 
10.692189 95.312660 -20.390247 0.384244 8.326140 4.437762 0.044678 -0.280510 19.439474 -0.315993 0.520800 2.773672 1.739613 -1.565065 34.034088 -1.787755 4.308102 42.877148 -0.400476 -0.584809 -3.609444 -4.157998 -2.080636 14.809535 0.000077 -0.000022 0.000006 0.128403 0.107477 -0.295469 1.305481 -3.542990 -10.971355 -1.055724 3.821236 -10.842641 24.713911 -22.171820 13.627966 -90.408272 -30.723234 8.455650 178.695709 -48.784222 -178.276855 13.897615 -6.048570 -6.554381 -5.882101 9.861279 0.702590 -10.936862 -0.360575 7.156197 0.000001 8.774813 -0.000001 -15.733818 18.259104 5.586802 -1.844031 2.498502 -2.507276 -10.163590 4.678941 4.621103 -20.975994 -0.000003 0.000003 -21.226255 2.451694 -3.593992 0.000001 -0.000006 0.000000 -1.362680 2.240796 -0.746322 -21.334887 0.584908 3.008321 -13.821198 -0.000002 0.000002 -23.887131 -0.249078 -0.839480 -58.529007 2.785834 -1.418023 -0.294024 1.679686 0.833255 -14.218194 0.093214 1.300579 -34.212006 -0.287562 0.967171 -20.033180 0.964536 1.212842 0.000000 0.000000 0.000000 -3.440385 0.788232 0.501654 -15.928167 -3.167305 2.999704 -6.338818 -0.000001 0.000002 -18.123415 3.648176 -4.905661 -0.000006 0.000001 -0.000001 -8.166936 25.512016 15.966101 78.480011 22.670361 -7.757786 179.848694 41.858875 179.664200 -11.200475 14.466864 14.457981 2.243539 -5.255032 -3.180156 14.282877 -0.826593 6.952496 -0.000003 -12.690590 0.000000 16.715521 -16.866791 2.150158 1.665666 -1.955920 -2.878297 4.727794 -4.170583 4.993918 11.020512 0.000003 -0.000001 12.109035 -3.735710 -2.866781 0.000001 0.000000 -0.000000 1.291983 -1.928548 -1.498088 14.800109 0.567469 3.865603 14.242553 -1.341733 -6.660650 19.631941 0.143927 -0.648244 49.216797 -1.174831 -5.741390 0.353030 -1.511149 -0.031940 20.222773 3.684307 2.316627 18.787249 0.000006 -0.000001 10.751610 -0.479868 1.397905 -0.000001 -0.000000 -0.000001 3.273806 0.305947 -0.580111 21.486792 11.830363 2.266131 8.162917 0.000002 0.000000 18.399050 -3.798979 -4.940567 0.000003 -0.000000 -0.000001 -0.378408 12.324255 -35.193058 -0.293754 -0.357237 22.847584 -5.171464 -12.162910 8.737280 1.562562 -2.015342 -1.238299 0.000000 -0.000000 0.000002 -12.569973 -12.447380 -22.766481 0.294854 0.427587 31.164803 13.241489 0.061192 -9.510212 -1.398756 1.228382 -1.772107 0.000000 0.000000 -0.000001 
10.147201 95.356659 -20.252928 0.292765 7.858705 3.215272 -0.080828 -0.214660 18.909594 -0.358222 0.576932 2.561031 1.445725 -1.605486 33.449795 -2.659147 5.082219 42.300491 -0.381038 -0.455746 -3.598135 -4.543127 -1.743534 14.856883 0.000077 -0.000023 0.000005 0.126366 0.095560 -0.289883 1.299725 -3.536612 -11.011884 -1.062559 3.788020 -10.902441 24.624386 -22.205013 13.718891 -89.971329 -29.457577 6.639621 178.794846 -47.237617 -178.399231 13.028847 -5.222147 -5.362688 -5.882101 9.861278 0.702590 -10.936858 -0.360575 7.156195 0.000003 8.774813 -0.000001 -15.895446 18.291361 5.601817 -1.844031 2.498503 -2.507276 -10.163589 4.678941 4.621103 -20.975996 -0.000004 -0.000000 -21.226254 2.451691 -3.593994 0.000000 -0.000006 -0.000000 -1.362680 2.240797 -0.746324 -21.334887 0.584909 3.008317 -13.821197 -0.000003 0.000001 -23.887129 -0.249080 -0.839483 -58.793919 2.823373 -1.497818 -0.294024 1.679686 0.833254 -14.218189 0.093214 1.300577 -34.212006 -0.287565 0.967167 -20.033176 0.964534 1.212841 -0.000000 -0.000000 0.000000 -3.440385 0.788233 0.501654 -15.928169 -3.167306 2.999702 -6.338817 -0.000001 0.000001 -18.123413 3.648176 -4.905663 -0.000005 0.000000 -0.000002 -9.228462 25.588949 15.589927 80.419388 23.770584 -6.793078 179.857361 41.896889 179.575974 -10.877679 13.895200 13.278960 2.243539 -5.255032 -3.180155 14.282875 -0.826593 6.952494 -0.000002 -12.690590 -0.000000 16.795568 -16.927671 2.141343 1.665664 -1.955920 -2.878297 4.727794 -4.170583 4.993918 11.020509 0.000003 -0.000001 12.109030 -3.735709 -2.866779 0.000002 -0.000000 0.000000 1.291985 -1.928548 -1.498088 14.800113 0.567469 3.865604 14.242553 -1.341734 -6.660648 19.631939 0.143926 -0.648242 49.384533 -1.239958 -5.707599 0.353028 -1.511150 -0.031940 20.222769 3.684307 2.316629 18.787245 0.000004 -0.000000 10.751610 -0.479867 1.397903 0.000001 -0.000000 -0.000000 3.273804 0.305947 -0.580110 21.486788 11.830364 2.266131 8.162917 0.000003 0.000001 18.399050 -3.798978 -4.940567 0.000003 0.000000 -0.000002 0.441573 12.767209 -33.630432 -0.300434 -0.384508 22.692638 -5.332834 -11.887096 8.585429 1.573996 -2.028907 -1.306925 -0.000000 -0.000000 0.000002 -12.329410 -11.910719 -21.666801 0.266583 0.400047 31.379461 12.811992 0.222610 -9.687736 -1.395920 1.207111 -1.792697 0.000000 0.000000 -0.000001 
9.584186 95.405968 -20.048826 0.172876 7.366535 2.027969 -0.168453 -0.177372 18.349026 -0.396412 0.638065 2.286015 1.168814 -1.665433 32.864048 -3.410260 5.828545 41.808769 -0.364683 -0.283456 -3.576406 -4.945472 -1.355481 14.966815 0.000078 -0.000022 0.000005 0.130754 0.085495 -0.271206 1.316938 -3.532477 -11.052420 -1.054637 3.762643 -10.959601 24.555376 -22.194880 13.744337 -89.538094 -28.376335 4.408837 178.954971 -45.628830 -178.612869 11.956253 -4.532294 -4.229479 -5.882101 9.861278 0.702589 -10.936859 -0.360575 7.156196 0.000002 8.774813 -0.000001 -16.010513 18.280100 5.602521 -1.844032 2.498502 -2.507275 -10.163591 4.678938 4.621102 -20.975996 -0.000005 0.000001 -21.226254 2.451691 -3.593995 0.000000 -0.000006 -0.000000 -1.362680 2.240796 -0.746323 -21.334890 0.584907 3.008318 -13.821197 -0.000004 0.000001 -23.887133 -0.249080 -0.839482 -59.062199 2.832060 -1.572469 -0.294026 1.679686 0.833255 -14.218192 0.093214 1.300578 -34.212006 -0.287565 0.967167 -20.033180 0.964533 1.212840 -0.000000 0.000000 -0.000000 -3.440384 0.788233 0.501655 -15.928167 -3.167306 2.999703 -6.338817 -0.000001 0.000000 -18.123415 3.648175 -4.905663 -0.000005 -0.000000 -0.000002 -10.399256 25.709728 15.130991 82.559898 24.939137 -5.869835 179.719833 42.104233 179.459427 -10.521189 13.321597 11.868949 2.243540 -5.255031 -3.180156 14.282871 -0.826591 6.952495 -0.000003 -12.690591 0.000001 16.834097 -16.932230 2.110608 1.665666 -1.955919 -2.878297 4.727792 -4.170582 4.993918 11.020510 0.000004 -0.000002 12.109030 -3.735708 -2.866781 0.000001 0.000000 0.000000 1.291984 -1.928547 -1.498088 14.800111 0.567468 3.865602 14.242553 -1.341733 -6.660648 19.631939 0.143928 -0.648243 49.503387 -1.275727 -5.683613 0.353028 -1.511149 -0.031940 20.222769 3.684308 2.316627 18.787243 0.000006 -0.000001 10.751610 -0.479866 1.397904 0.000000 -0.000000 0.000000 3.273804 0.305947 -0.580111 21.486788 11.830366 2.266130 8.162915 0.000003 0.000000 18.399052 -3.798977 -4.940567 0.000002 -0.000001 -0.000003 1.329590 13.219080 -32.065495 -0.290176 -0.385992 22.567200 -5.517242 -11.625589 8.385307 1.582626 -2.027790 -1.393895 -0.000000 0.000000 0.000002 -11.985385 -11.526319 -20.613096 0.251641 0.360482 31.532919 12.347791 0.481604 -9.824060 -1.392786 1.187481 -1.810061 0.000000 0.000000 -0.000001 
9.017502 95.457275 -19.852882 0.033239 6.835958 0.848516 -0.222945 -0.104084 17.725658 -0.416639 0.617392 1.971959 0.884635 -1.741269 32.270805 -3.956176 6.509781 41.391342 -0.432050 -0.079207 -3.555433 -5.308400 -0.914362 15.205543 0.000078 -0.000023 0.000006 0.127652 0.076034 -0.252908 1.309535 -3.537525 -11.100121 -1.064215 3.742825 -11.019700 24.474045 -22.212736 13.755050 -89.081833 -27.575331 1.897909 179.006348 -44.092197 -178.793716 10.710752 -4.058206 -3.332423 -5.882102 9.861279 0.702589 -10.936852 -0.360576 7.156196 0.000002 8.774814 -0.000000 -16.169811 18.218002 5.557683 -1.844031 2.498503 -2.507277 -10.163589 4.678939 4.621104 -20.975992 -0.000005 0.000000 -21.226255 2.451691 -3.593995 0.000000 -0.000006 -0.000000 -1.362680 2.240796 -0.746323 -21.334887 0.584907 3.008319 -13.821194 -0.000004 0.000002 -23.887123 -0.249081 -0.839482 -59.381538 2.831223 -1.642717 -0.294024 1.679686 0.833255 -14.218190 0.093214 1.300577 -34.211998 -0.287566 0.967167 -20.033176 0.964533 1.212841 0.000000 -0.000000 0.000000 -3.440385 0.788233 0.501655 -15.928164 -3.167307 2.999702 -6.338814 -0.000003 0.000001 -18.123411 3.648175 -4.905663 -0.000003 0.000001 -0.000002 -11.553939 25.923189 14.666802 84.825859 26.090174 -5.092443 179.486221 42.446545 179.243973 -10.250989 12.824973 10.262603 2.243539 -5.255033 -3.180155 14.282873 -0.826593 6.952496 -0.000002 -12.690592 0.000000 16.824694 -16.888252 2.089727 1.665666 -1.955920 -2.878296 4.727792 -4.170584 4.993917 11.020510 0.000003 -0.000001 12.109030 -3.735710 -2.866780 0.000001 0.000000 0.000000 1.291984 -1.928548 -1.498088 14.800109 0.567467 3.865602 14.242553 -1.341735 -6.660648 19.631939 0.143926 -0.648244 49.566586 -1.292975 -5.645790 0.353029 -1.511150 -0.031939 20.222765 3.684307 2.316627 18.787243 0.000003 -0.000001 10.751609 -0.479867 1.397904 0.000001 -0.000000 0.000001 3.273803 0.305947 -0.580110 21.486788 11.830364 2.266132 8.162917 0.000002 -0.000001 18.399048 -3.798979 -4.940569 0.000002 -0.000001 -0.000002 2.250200 13.720263 -30.468008 -0.273327 -0.370455 22.378857 -5.749213 -11.453912 8.238474 1.593574 -2.032386 -1.537382 0.000000 -0.000000 0.000002 -11.621012 -11.241670 -19.394253 0.226515 0.307866 31.581011 11.874971 0.866395 -10.056426 -1.392326 1.178657 -1.875757 0.000000 0.000000 -0.000001 
8.395754 95.517639 -19.575764 -0.123067 6.328266 -0.289397 -0.248197 -0.058653 17.044060 -0.445533 0.608737 1.652811 0.634179 -1.867248 31.643896 -4.284709 7.052291 40.981102 -0.447468 0.172195 -3.519668 -5.738470 -0.405026 15.482933 0.000077 -0.000022 0.000006 0.130600 0.064912 -0.247544 1.298270 -3.549597 -11.152888 -1.052063 3.729771 -11.089972 24.465881 -22.269430 13.657331 -88.671837 -27.124763 -0.735764 178.973129 -42.855484 -178.900070 9.314180 -3.827805 -2.817770 -5.882102 9.861279 0.702591 -10.936862 -0.360574 7.156196 -0.000000 8.774816 -0.000001 -16.252127 18.158323 5.552837 -1.844031 2.498502 -2.507275 -10.163591 4.678941 4.621104 -20.976000 -0.000003 0.000003 -21.226255 2.451694 -3.593994 0.000000 -0.000006 -0.000000 -1.362680 2.240797 -0.746322 -21.334894 0.584909 3.008320 -13.821197 -0.000002 0.000002 -23.887131 -0.249076 -0.839481 -59.695141 2.818777 -1.690781 -0.294023 1.679687 0.833255 -14.218195 0.093215 1.300579 -34.212002 -0.287562 0.967169 -20.033180 0.964535 1.212841 0.000000 -0.000000 -0.000000 -3.440386 0.788233 0.501655 -15.928169 -3.167306 2.999704 -6.338819 -0.000001 0.000001 -18.123415 3.648178 -4.905662 -0.000003 0.000000 -0.000002 -12.551446 26.179012 14.239779 87.037041 27.136282 -4.516473 179.252182 42.845699 179.044449 -10.002012 12.354752 8.569101 2.243541 -5.255031 -3.180155 14.282877 -0.826593 6.952496 -0.000004 -12.690587 0.000000 16.778059 -16.901960 2.105628 1.665664 -1.955920 -2.878296 4.727794 -4.170582 4.993918 11.020510 0.000003 -0.000000 12.109028 -3.735710 -2.866779 0.000001 -0.000000 -0.000000 1.291985 -1.928547 -1.498088 14.800113 0.567468 3.865604 14.242554 -1.341735 -6.660648 19.631937 0.143925 -0.648242 49.590206 -1.312181 -5.630179 0.353028 -1.511149 -0.031939 20.222771 3.684304 2.316629 18.787245 0.000004 -0.000000 10.751611 -0.479869 1.397905 0.000001 0.000000 0.000000 3.273803 0.305947 -0.580110 21.486788 11.830360 2.266132 8.162917 0.000003 0.000000 18.399054 -3.798978 -4.940567 0.000003 0.000000 -0.000002 3.312721 14.238221 -28.874350 -0.259128 -0.360158 22.227226 -6.143878 -11.335627 8.174595 1.602433 -2.030364 -1.714024 -0.000000 0.000000 0.000002 -11.219313 -11.118347 -18.153719 0.213760 0.282672 31.527203 11.363678 1.308478 -10.251007 -1.391027 1.171073 -1.937332 0.000000 0.000000 -0.000001 
7.734451 95.586456 -19.305771 -0.278186 5.867407 -1.353394 -0.233372 -0.000567 16.368217 -0.454058 0.542302 1.294509 0.398174 -1.988432 30.996944 -4.350914 7.430827 40.584641 -0.519503 0.431223 -3.490309 -6.094007 0.092751 15.783319 0.000078 -0.000022 0.000006 0.105994 0.053535 -0.227329 1.257685 -3.567595 -11.199956 -1.047001 3.721383 -11.161523 24.500210 -22.360273 13.441477 -88.284599 -26.957952 -3.314645 178.898163 -42.038139 -178.950348 7.915659 -3.744191 -2.847279 -5.882100 9.861278 0.702591 -10.936859 -0.360574 7.156199 0.000002 8.774813 -0.000000 -16.341833 18.103029 5.560246 -1.844030 2.498502 -2.507275 -10.163590 4.678941 4.621106 -20.975992 -0.000002 0.000003 -21.226254 2.451694 -3.593992 0.000001 -0.000006 -0.000000 -1.362680 2.240796 -0.746322 -21.334887 0.584909 3.008322 -13.821197 -0.000002 0.000002 -23.887131 -0.249076 -0.839480 -60.032345 2.792302 -1.712579 -0.294027 1.679685 0.833255 -14.218194 0.093215 1.300580 -34.212006 -0.287561 0.967170 -20.033180 0.964536 1.212841 0.000000 -0.000000 -0.000000 -3.440387 0.788232 0.501656 -15.928167 -3.167304 2.999704 -6.338814 -0.000000 0.000002 -18.123415 3.648176 -4.905660 -0.000004 0.000001 -0.000002 -13.286124 26.461132 13.950647 89.012070 28.001616 -4.029113 179.003922 43.287262 178.866684 -9.891110 12.047606 6.947128 2.243540 -5.255031 -3.180155 14.282875 -0.826593 6.952498 -0.000004 -12.690587 0.000002 16.715090 -16.914337 2.149858 1.665663 -1.955920 -2.878296 4.727795 -4.170582 4.993919 11.020510 0.000002 -0.000000 12.109032 -3.735709 -2.866779 0.000001 0.000000 0.000000 1.291984 -1.928547 -1.498088 14.800111 0.567466 3.865604 14.242551 -1.341734 -6.660648 19.631939 0.143925 -0.648241 49.641804 -1.305732 -5.618784 0.353028 -1.511149 -0.031940 20.222769 3.684306 2.316629 18.787247 0.000002 0.000001 10.751610 -0.479869 1.397905 0.000000 0.000000 0.000000 3.273803 0.305947 -0.580110 21.486792 11.830361 2.266133 8.162916 0.000000 0.000000 18.399054 -3.798979 -4.940564 0.000003 0.000001 -0.000001 4.252099 14.727596 -27.302677 -0.264658 -0.351532 21.934994 -6.477690 -11.266555 8.137892 1.613259 -2.035873 -1.883346 -0.000000 0.000000 0.000002 -10.800687 -11.112612 -16.910225 0.191012 0.258794 31.393095 10.867670 1.805193 -10.448059 -1.390157 1.170229 -2.024635 -0.000000 -0.000000 -0.000001 
7.099838 95.676323 -19.017273 -0.423213 5.497718 -2.301856 -0.196790 0.040208 15.665719 -0.454599 0.453726 0.926561 0.222446 -2.103498 30.345139 -4.178822 7.615909 40.124519 -0.584610 0.676383 -3.470455 -6.365726 0.584468 16.021257 0.000077 -0.000023 0.000006 0.081356 0.044660 -0.212368 1.205783 -3.585706 -11.240402 -1.034351 3.717102 -11.219078 24.526056 -22.508846 13.210730 -87.904213 -26.994135 -5.708584 178.872482 -41.516411 -178.971649 6.640165 -3.787361 -3.403310 -5.882100 9.861278 0.702590 -10.936858 -0.360575 7.156197 0.000002 8.774814 -0.000001 -16.374128 18.065643 5.616135 -1.844031 2.498503 -2.507276 -10.163590 4.678940 4.621104 -20.975992 -0.000004 0.000001 -21.226248 2.451692 -3.593994 0.000001 -0.000006 -0.000001 -1.362682 2.240797 -0.746323 -21.334885 0.584907 3.008321 -13.821197 -0.000002 0.000002 -23.887129 -0.249078 -0.839481 -60.363262 2.766064 -1.717760 -0.294027 1.679685 0.833255 -14.218192 0.093213 1.300579 -34.211998 -0.287564 0.967169 -20.033176 0.964535 1.212842 0.000000 0.000000 0.000000 -3.440384 0.788232 0.501656 -15.928167 -3.167306 2.999703 -6.338817 0.000000 0.000001 -18.123411 3.648176 -4.905661 -0.000003 0.000001 -0.000002 -13.702738 26.721697 13.819298 90.550133 28.645212 -3.649464 178.793854 43.685753 178.739685 -9.772930 11.879799 5.383873 2.243540 -5.255033 -3.180155 14.282877 -0.826594 6.952496 -0.000002 -12.690591 -0.000000 16.662949 -16.940554 2.208835 1.665664 -1.955920 -2.878295 4.727794 -4.170583 4.993919 11.020512 0.000002 -0.000000 12.109035 -3.735712 -2.866779 0.000001 0.000000 0.000001 1.291984 -1.928546 -1.498088 14.800111 0.567466 3.865603 14.242551 -1.341736 -6.660648 19.631939 0.143924 -0.648244 49.751293 -1.306069 -5.604383 0.353028 -1.511150 -0.031940 20.222773 3.684306 2.316629 18.787245 0.000002 -0.000001 10.751610 -0.479868 1.397905 -0.000002 0.000000 0.000002 3.273803 0.305946 -0.580109 21.486792 11.830363 2.266133 8.162916 -0.000001 -0.000001 18.399055 -3.798980 -4.940568 0.000003 -0.000000 -0.000003 5.155138 15.146667 -25.774231 -0.262041 -0.357141 21.486639 -6.858484 -11.252189 8.219473 1.620986 -2.022380 -2.059772 -0.000000 0.000000 0.000002 -10.401729 -11.205382 -15.665458 0.179570 0.246831 31.098648 10.398646 2.263424 -10.620635 -1.389971 1.171690 -2.069692 -0.000000 -0.000000 -0.000001 
6.450208 95.782890 -18.687599 -0.566246 5.189869 -3.131638 -0.127117 0.077755 14.943548 -0.450337 0.325514 0.557348 0.090758 -2.205339 29.705290 -3.850419 7.585777 39.473080 -0.659420 0.950280 -3.452222 -6.541473 1.061131 16.097334 0.000076 -0.000022 0.000006 0.071393 0.037181 -0.206619 1.157412 -3.600372 -11.267501 -1.024690 3.711192 -11.258420 24.586628 -22.663044 12.891735 -87.581985 -27.072475 -7.877634 178.965652 -41.114262 -179.063583 5.508703 -3.845993 -4.340834 -5.882100 9.861280 0.702589 -10.936857 -0.360576 7.156197 -0.000000 8.774816 -0.000002 -16.419014 18.035528 5.648812 -1.844030 2.498503 -2.507276 -10.163590 4.678940 4.621104 -20.975992 -0.000003 0.000002 -21.226255 2.451693 -3.593995 0.000001 -0.000006 -0.000000 -1.362680 2.240796 -0.746323 -21.334887 0.584909 3.008320 -13.821193 -0.000003 0.000002 -23.887129 -0.249079 -0.839481 -60.601227 2.745461 -1.705694 -0.294026 1.679688 0.833255 -14.218194 0.093214 1.300579 -34.212002 -0.287564 0.967171 -20.033180 0.964535 1.212842 0.000000 0.000000 0.000000 -3.440386 0.788232 0.501655 -15.928171 -3.167308 2.999704 -6.338815 -0.000001 0.000001 -18.123411 3.648178 -4.905660 -0.000003 0.000000 -0.000001 -13.822787 26.927048 13.835950 91.653862 29.095724 -3.353606 178.449249 43.850815 178.497070 -9.710649 11.724170 3.695867 2.243539 -5.255032 -3.180155 14.282875 -0.826592 6.952495 -0.000002 -12.690592 -0.000000 16.662729 -16.965437 2.242165 1.665664 -1.955921 -2.878297 4.727794 -4.170582 4.993917 11.020511 0.000002 -0.000002 12.109028 -3.735710 -2.866779 0.000001 -0.000001 -0.000000 1.291984 -1.928547 -1.498088 14.800111 0.567469 3.865604 14.242553 -1.341736 -6.660649 19.631929 0.143927 -0.648242 49.908394 -1.298921 -5.608743 0.353029 -1.511149 -0.031940 20.222769 3.684306 2.316629 18.787245 0.000005 0.000001 10.751610 -0.479868 1.397905 0.000003 0.000001 0.000003 3.273803 0.305946 -0.580110 21.486788 11.830365 2.266134 8.162916 0.000000 -0.000001 18.399048 -3.798980 -4.940566 0.000003 0.000000 -0.000003 6.132350 15.535302 -24.314899 -0.258002 -0.349783 20.964596 -7.389635 -11.338938 8.482793 1.630490 -2.003040 -2.219321 -0.000000 0.000000 0.000002 -9.977308 -11.315514 -14.476378 0.155443 0.230038 30.730829 9.938200 2.676169 -10.784544 -1.390747 1.172961 -2.081522 -0.000000 -0.000000 -0.000001 
5.818844 95.895493 -18.361279 -0.706915 4.906990 -3.843574 -0.032340 0.095149 14.207760 -0.469123 0.228298 0.197901 0.013238 -2.319728 29.053276 -3.443472 7.347027 38.617344 -0.690751 1.243091 -3.432721 -6.757061 1.579647 15.953663 0.000077 -0.000023 0.000006 0.079312 0.031968 -0.189448 1.117305 -3.614276 -11.260541 -0.976272 3.710351 -11.266045 24.602978 -22.847805 12.613418 -87.160927 -27.243183 -9.816109 179.017776 -40.676052 -179.101913 4.455330 -3.945410 -5.415448 -5.882101 9.861279 0.702589 -10.936860 -0.360575 7.156196 0.000001 8.774813 -0.000001 -16.413998 18.052437 5.708661 -1.844032 2.498502 -2.507277 -10.163591 4.678940 4.621103 -20.975996 -0.000004 0.000002 -21.226250 2.451692 -3.593995 0.000001 -0.000006 -0.000001 -1.362681 2.240797 -0.746323 -21.334887 0.584910 3.008318 -13.821195 -0.000003 0.000002 -23.887129 -0.249079 -0.839483 -60.789494 2.721370 -1.689163 -0.294026 1.679685 0.833255 -14.218194 0.093215 1.300579 -34.211998 -0.287564 0.967168 -20.033178 0.964534 1.212840 0.000000 0.000000 0.000001 -3.440384 0.788232 0.501656 -15.928169 -3.167305 2.999703 -6.338815 -0.000002 0.000000 -18.123413 3.648177 -4.905663 -0.000003 0.000001 -0.000001 -13.699195 27.034403 13.946575 92.353165 29.450506 -2.934280 178.177933 43.820927 178.382538 -9.587710 11.558668 1.949830 2.243540 -5.255032 -3.180155 14.282875 -0.826593 6.952497 -0.000002 -12.690590 0.000001 16.646847 -16.987818 2.284850 1.665664 -1.955920 -2.878297 4.727795 -4.170582 4.993919 11.020511 0.000004 -0.000001 12.109029 -3.735711 -2.866779 -0.000000 -0.000000 0.000000 1.291985 -1.928547 -1.498088 14.800111 0.567467 3.865604 14.242550 -1.341733 -6.660648 19.631937 0.143926 -0.648242 49.992611 -1.234750 -5.604937 0.353029 -1.511147 -0.031941 20.222767 3.684306 2.316628 18.787245 0.000005 0.000002 10.751610 -0.479867 1.397904 0.000001 0.000001 0.000000 3.273804 0.305946 -0.580111 21.486788 11.830360 2.266130 8.162915 0.000001 0.000001 18.399050 -3.798979 -4.940565 0.000004 0.000000 0.000000 7.023072 15.893975 -22.963856 -0.267673 -0.370757 20.386316 -7.849536 -11.371797 8.767416 1.635980 -1.983152 -2.381625 0.000000 -0.000000 0.000002 -9.534356 -11.400381 -13.382678 0.139712 0.216828 30.323843 9.472804 2.991504 -10.947286 -1.392071 1.169241 -2.107236 0.000000 0.000000 -0.000001 
5.216554 95.990341 -18.046703 -0.847262 4.630256 -4.483910 0.081907 0.088138 13.465621 -0.483663 0.101871 -0.170358 -0.042131 -2.426124 28.387703 -3.058499 7.016704 37.461006 -0.709584 1.566620 -3.403858 -6.894664 2.109418 15.615388 0.000078 -0.000023 0.000006 0.093651 0.023290 -0.180128 1.086895 -3.633587 -11.223337 -0.906795 3.706614 -11.236171 24.585522 -23.027309 12.353469 -86.674385 -27.462482 -11.621698 179.006943 -40.135735 -179.077316 3.501227 -4.061547 -6.657301 -5.882099 9.861279 0.702589 -10.936855 -0.360576 7.156196 0.000001 8.774814 -0.000001 -16.375071 18.059286 5.749863 -1.844031 2.498502 -2.507276 -10.163589 4.678939 4.621105 -20.975994 -0.000004 0.000002 -21.226250 2.451692 -3.593994 0.000000 -0.000006 -0.000001 -1.362680 2.240796 -0.746323 -21.334885 0.584907 3.008320 -13.821192 -0.000004 0.000002 -23.887123 -0.249078 -0.839483 -60.904137 2.677831 -1.649556 -0.294025 1.679685 0.833255 -14.218192 0.093213 1.300577 -34.212002 -0.287566 0.967170 -20.033180 0.964534 1.212842 0.000000 -0.000000 0.000001 -3.440386 0.788231 0.501655 -15.928165 -3.167309 2.999703 -6.338817 -0.000000 -0.000001 -18.123407 3.648177 -4.905662 -0.000003 -0.000000 -0.000001 -13.452031 27.113804 14.048252 92.803940 29.802040 -2.314811 178.016113 43.612106 178.339081 -9.422835 11.426661 0.125836 2.243539 -5.255033 -3.180155 14.282877 -0.826593 6.952496 -0.000003 -12.690591 0.000002 16.648081 -17.068710 2.348244 1.665664 -1.955920 -2.878296 4.727793 -4.170585 4.993918 11.020512 0.000002 -0.000002 12.109033 -3.735712 -2.866781 0.000001 -0.000000 -0.000001 1.291985 -1.928548 -1.498089 14.800111 0.567466 3.865602 14.242553 -1.341732 -6.660650 19.631941 0.143926 -0.648244 50.160408 -1.138940 -5.622360 0.353028 -1.511151 -0.031940 20.222771 3.684307 2.316627 18.787245 0.000004 -0.000001 10.751611 -0.479868 1.397903 0.000000 0.000000 -0.000001 3.273804 0.305946 -0.580109 21.486788 11.830361 2.266128 8.162916 0.000002 -0.000002 18.399054 -3.798980 -4.940568 0.000003 0.000000 -0.000002 7.875140 16.225719 -21.670349 -0.258028 -0.379120 19.754524 -8.264558 -11.436440 9.003965 1.642035 -1.961969 -2.581619 -0.000000 0.000000 0.000002 -9.094610 -11.438421 -12.423025 0.115613 0.201059 30.077539 9.024426 3.277557 -11.102541 -1.395294 1.154332 -2.140519 -0.000000 -0.000000 -0.000001 
4.616755 96.082619 -17.704321 -0.992704 4.305873 -5.004778 0.202965 0.070247 12.729614 -0.502732 -0.017972 -0.535415 -0.073805 -2.524244 27.653444 -2.726266 6.628489 36.129436 -0.698297 1.911571 -3.387040 -7.029545 2.655804 15.090624 0.000078 -0.000022 0.000006 0.121011 0.010123 -0.166904 1.071961 -3.664735 -11.167497 -0.829517 3.701467 -11.178141 24.454884 -23.182138 12.160541 -86.093269 -27.640781 -13.239128 179.047775 -39.656288 -179.054443 2.653379 -4.262750 -7.916348 -5.882101 9.861276 0.702591 -10.936861 -0.360575 7.156196 0.000002 8.774810 -0.000000 -16.313231 18.060953 5.800648 -1.844031 2.498502 -2.507276 -10.163587 4.678937 4.621104 -20.975992 -0.000004 0.000002 -21.226248 2.451690 -3.593993 -0.000000 -0.000006 0.000001 -1.362678 2.240796 -0.746323 -21.334887 0.584907 3.008320 -13.821197 -0.000004 0.000003 -23.887129 -0.249081 -0.839481 -60.929752 2.621874 -1.608607 -0.294025 1.679686 0.833255 -14.218190 0.093214 1.300579 -34.212002 -0.287567 0.967171 -20.033176 0.964533 1.212841 -0.000000 0.000000 -0.000001 -3.440385 0.788231 0.501655 -15.928167 -3.167308 2.999703 -6.338817 0.000000 0.000000 -18.123413 3.648173 -4.905661 -0.000003 -0.000000 -0.000002 -13.073329 27.093689 14.183222 92.941574 30.163162 -1.522649 177.977249 43.262436 178.408035 -9.241236 11.281602 -1.659423 2.243540 -5.255032 -3.180155 14.282877 -0.826594 6.952496 -0.000002 -12.690591 -0.000001 16.655949 -17.120687 2.391153 1.665666 -1.955918 -2.878297 4.727794 -4.170583 4.993918 11.020514 0.000003 -0.000000 12.109033 -3.735709 -2.866778 0.000001 -0.000000 -0.000001 1.291985 -1.928548 -1.498088 14.800113 0.567467 3.865605 14.242553 -1.341734 -6.660647 19.631937 0.143924 -0.648243 50.252098 -1.049464 -5.620897 0.353028 -1.511150 -0.031940 20.222771 3.684306 2.316628 18.787247 0.000004 -0.000001 10.751611 -0.479867 1.397903 0.000000 0.000000 0.000000 3.273806 0.305947 -0.580109 21.486794 11.830362 2.266132 8.162917 0.000002 -0.000002 18.399055 -3.798978 -4.940567 0.000003 0.000001 0.000000 8.718921 16.577038 -20.477514 -0.246768 -0.411226 19.127977 -8.638311 -11.401173 9.202503 1.647933 -1.940067 -2.757851 -0.000000 -0.000000 0.000002 -8.620253 -11.396442 -11.607583 0.078216 0.189179 29.837536 8.581443 3.552586 -11.243278 -1.399946 1.135193 -2.195646 -0.000000 -0.000000 -0.000001 
4.047963 96.172211 -17.404102 -1.138383 3.941643 -5.398846 0.335097 0.044178 12.017020 -0.519108 -0.154995 -0.900767 -0.081762 -2.616787 26.907585 -2.489534 6.256607 34.650921 -0.665665 2.287167 -3.366821 -7.112195 3.182723 14.376217 0.000076 -0.000022 0.000006 0.136882 -0.008183 -0.154118 1.038772 -3.700883 -11.109953 -0.768132 3.698181 -11.100754 24.253119 -23.279041 11.973370 -85.458511 -27.819220 -14.674700 179.066452 -39.245716 -179.001389 1.890519 -4.551733 -9.062864 -5.882102 9.861281 0.702591 -10.936858 -0.360576 7.156196 0.000002 8.774816 -0.000002 -16.287386 18.084810 5.826796 -1.844031 2.498503 -2.507276 -10.163589 4.678940 4.621106 -20.975992 -0.000001 0.000003 -21.226248 2.451693 -3.593994 -0.000000 -0.000006 -0.000002 -1.362680 2.240796 -0.746322 -21.334892 0.584909 3.008322 -13.821197 -0.000004 0.000001 -23.887131 -0.249078 -0.839478 -60.982830 2.597790 -1.586006 -0.294026 1.679687 0.833255 -14.218192 0.093215 1.300580 -34.212006 -0.287561 0.967174 -20.033180 0.964537 1.212843 0.000000 0.000000 -0.000001 -3.440384 0.788235 0.501655 -15.928167 -3.167307 2.999705 -6.338815 -0.000003 0.000004 -18.123413 3.648178 -4.905660 -0.000004 -0.000000 -0.000002 -12.724813 26.999140 14.191866 92.924469 30.675798 -0.751806 177.944962 42.943928 178.475586 -9.097295 11.156145 -3.318973 2.243540 -5.255033 -3.180155 14.282878 -0.826593 6.952496 -0.000004 -12.690593 0.000000 16.596394 -17.204924 2.443084 1.665666 -1.955921 -2.878297 4.727792 -4.170584 4.993917 11.020508 0.000003 -0.000001 12.109032 -3.735708 -2.866781 0.000002 -0.000000 0.000002 1.291985 -1.928545 -1.498087 14.800111 0.567467 3.865603 14.242553 -1.341734 -6.660648 19.631937 0.143925 -0.648243 50.309620 -0.997117 -5.633131 0.353028 -1.511148 -0.031940 20.222771 3.684306 2.316627 18.787245 0.000007 0.000001 10.751608 -0.479866 1.397906 0.000001 0.000001 -0.000001 3.273803 0.305947 -0.580110 21.486788 11.830362 2.266131 8.162916 0.000001 0.000000 18.399052 -3.798978 -4.940566 0.000003 0.000001 0.000000 9.519324 16.916361 -19.414043 -0.230928 -0.420409 18.458067 -8.974756 -11.331451 9.444161 1.653728 -1.921201 -2.900604 0.000000 0.000000 0.000002 -8.046041 -11.271432 -10.999632 0.065701 0.168161 29.593088 8.054421 3.737321 -11.407808 -1.403600 1.129936 -2.235921 0.000000 0.000000 -0.000001 
3.516288 96.255966 -17.029316 -1.277783 3.540107 -5.689739 0.465550 0.018402 11.332928 -0.524809 -0.337738 -1.273738 -0.065622 -2.678585 26.153439 -2.368673 5.964551 33.138664 -0.583198 2.648722 -3.343191 -7.101381 3.690433 13.640797 0.000078 -0.000023 0.000006 0.146888 -0.022574 -0.149401 1.013797 -3.726508 -11.040461 -0.729860 3.689583 -11.013263 24.116724 -23.395794 11.636771 -84.933250 -27.869833 -15.973913 179.097656 -38.844742 -178.953522 1.220710 -4.949751 -10.008068 -5.882101 9.861278 0.702591 -10.936858 -0.360576 7.156198 -0.000000 8.774814 -0.000003 -16.255917 18.099094 5.873398 -1.844030 2.498501 -2.507275 -10.163589 4.678940 4.621104 -20.975994 -0.000003 0.000005 -21.226254 2.451693 -3.593991 0.000000 -0.000006 -0.000001 -1.362679 2.240795 -0.746323 -21.334887 0.584910 3.008322 -13.821197 -0.000002 0.000002 -23.887133 -0.249076 -0.839480 -61.053276 2.579037 -1.553935 -0.294026 1.679685 0.833255 -14.218195 0.093215 1.300579 -34.212002 -0.287564 0.967172 -20.033178 0.964537 1.212842 -0.000000 0.000000 -0.000001 -3.440386 0.788233 0.501655 -15.928169 -3.167305 2.999703 -6.338817 -0.000001 0.000002 -18.123415 3.648178 -4.905661 -0.000005 0.000000 -0.000003 -12.484740 26.795628 14.046699 92.827904 31.285172 -0.173829 177.779785 42.612381 178.405716 -9.037842 11.034135 -4.773395 2.243539 -5.255031 -3.180154 14.282875 -0.826594 6.952496 -0.000002 -12.690590 -0.000001 16.602970 -17.292742 2.431422 1.665663 -1.955919 -2.878296 4.727794 -4.170582 4.993919 11.020513 0.000002 -0.000001 12.109031 -3.735711 -2.866780 0.000000 0.000001 0.000001 1.291986 -1.928546 -1.498087 14.800111 0.567466 3.865605 14.242553 -1.341736 -6.660647 19.631939 0.143927 -0.648244 50.380886 -0.952109 -5.677939 0.353029 -1.511149 -0.031940 20.222769 3.684305 2.316628 18.787247 0.000004 -0.000001 10.751611 -0.479867 1.397905 0.000000 0.000001 -0.000001 3.273803 0.305946 -0.580111 21.486790 11.830361 2.266132 8.162917 0.000002 -0.000001 18.399057 -3.798980 -4.940566 0.000003 -0.000001 -0.000000 10.295218 17.322018 -18.442087 -0.236889 -0.440939 17.888039 -9.245755 -11.300138 9.552927 1.658990 -1.889780 -2.995298 0.000000 -0.000000 0.000002 -7.561621 -11.094607 -10.421369 0.053551 0.150191 29.353590 7.613448 3.930583 -11.584498 -1.406920 1.132854 -2.231446 0.000000 0.000000 -0.000001 
2.995294 96.341385 -16.640326 -1.409483 3.081005 -5.884887 0.595770 -0.025009 10.643017 -0.528604 -0.476313 -1.613175 -0.015581 -2.777457 25.335386 -2.327882 5.755603 31.833458 -0.502691 2.985786 -3.305591 -7.047644 4.183535 12.924786 0.000076 -0.000022 0.000005 0.139142 -0.034473 -0.133692 0.973222 -3.748754 -10.957112 -0.693163 3.681824 -10.933813 24.098450 -23.523205 11.223204 -84.704552 -27.912998 -17.066973 179.159912 -38.447227 -178.901077 0.702975 -5.471273 -10.839612 -5.882100 9.861278 0.702589 -10.936857 -0.360575 7.156198 0.000003 8.774816 -0.000001 -16.239504 18.171703 5.961995 -1.844030 2.498502 -2.507276 -10.163590 4.678940 4.621103 -20.975992 -0.000003 0.000004 -21.226250 2.451693 -3.593992 0.000000 -0.000006 -0.000001 -1.362680 2.240799 -0.746323 -21.334887 0.584909 3.008320 -13.821194 -0.000003 0.000001 -23.887129 -0.249080 -0.839480 -61.150761 2.591720 -1.514258 -0.294025 1.679687 0.833255 -14.218190 0.093214 1.300579 -34.211998 -0.287564 0.967169 -20.033176 0.964535 1.212841 0.000000 0.000000 0.000001 -3.440386 0.788234 0.501656 -15.928167 -3.167305 2.999704 -6.338819 0.000000 0.000001 -18.123413 3.648176 -4.905662 -0.000006 0.000001 -0.000003 -12.431372 26.571653 13.763663 92.772461 32.045380 0.224988 177.540512 42.352997 178.364044 -9.093479 10.875882 -6.056705 2.243539 -5.255034 -3.180156 14.282873 -0.826594 6.952495 -0.000003 -12.690592 -0.000000 16.571075 -17.358597 2.421996 1.665664 -1.955921 -2.878298 4.727791 -4.170582 4.993918 11.020511 0.000004 -0.000002 12.109028 -3.735709 -2.866779 0.000001 -0.000000 -0.000000 1.291984 -1.928548 -1.498087 14.800113 0.567471 3.865605 14.242551 -1.341734 -6.660648 19.631935 0.143926 -0.648242 50.409134 -0.926693 -5.689784 0.353028 -1.511149 -0.031939 20.222767 3.684307 2.316628 18.787245 0.000006 0.000001 10.751608 -0.479867 1.397904 -0.000000 -0.000000 -0.000001 3.273803 0.305947 -0.580110 21.486790 11.830363 2.266132 8.162916 0.000004 -0.000001 18.399046 -3.798981 -4.940565 0.000002 -0.000000 -0.000003 11.044953 17.748955 -17.494061 -0.224845 -0.459249 17.226158 -9.575188 -11.269567 9.659738 1.662407 -1.863845 -3.063895 -0.000000 0.000000 0.000002 -7.063368 -10.909991 -9.942081 0.041881 0.154640 29.105783 7.156802 4.145772 -11.709809 -1.411361 1.141926 -2.225342 -0.000000 -0.000000 -0.000001 
2.538744 96.440521 -16.267040 -1.537035 2.544650 -6.004644 0.733650 -0.036470 9.978706 -0.520471 -0.632140 -1.939479 0.047612 -2.890751 24.502296 -2.382923 5.638208 30.717081 -0.446694 3.356110 -3.297046 -6.947201 4.619567 12.301734 0.000076 -0.000022 0.000006 0.121030 -0.036500 -0.124931 0.923174 -3.756431 -10.903715 -0.678885 3.675947 -10.850933 24.284702 -23.635712 10.694777 -84.845802 -27.974836 -18.041565 179.243164 -37.902771 -178.893005 0.304641 -6.155311 -11.681186 -5.882102 9.861276 0.702590 -10.936860 -0.360575 7.156198 0.000001 8.774813 -0.000001 -16.193190 18.197102 6.052919 -1.844029 2.498503 -2.507274 -10.163589 4.678940 4.621102 -20.975994 -0.000003 0.000001 -21.226250 2.451693 -3.593995 -0.000000 -0.000006 0.000001 -1.362681 2.240799 -0.746323 -21.334888 0.584910 3.008319 -13.821197 -0.000000 0.000004 -23.887129 -0.249078 -0.839482 -61.172825 2.588858 -1.468145 -0.294023 1.679685 0.833255 -14.218192 0.093217 1.300578 -34.212002 -0.287562 0.967166 -20.033176 0.964535 1.212840 -0.000000 -0.000000 -0.000001 -3.440384 0.788235 0.501655 -15.928164 -3.167304 2.999705 -6.338817 -0.000001 0.000001 -18.123411 3.648179 -4.905663 -0.000005 0.000001 -0.000003 -12.669572 26.370686 13.301705 92.805672 33.092728 0.584147 177.357498 42.083805 178.354095 -9.312487 10.785217 -7.047212 2.243541 -5.255033 -3.180154 14.282877 -0.826594 6.952499 -0.000003 -12.690591 0.000001 16.547100 -17.393105 2.384977 1.665666 -1.955919 -2.878297 4.727794 -4.170583 4.993919 11.020513 0.000003 -0.000001 12.109033 -3.735710 -2.866779 0.000001 -0.000001 -0.000001 1.291984 -1.928548 -1.498087 14.800114 0.567465 3.865604 14.242553 -1.341734 -6.660648 19.631937 0.143925 -0.648242 50.360882 -0.888314 -5.730471 0.353027 -1.511150 -0.031940 20.222767 3.684305 2.316630 18.787245 0.000004 0.000001 10.751610 -0.479870 1.397902 -0.000001 0.000000 0.000001 3.273803 0.305947 -0.580110 21.486790 11.830361 2.266132 8.162917 0.000001 -0.000001 18.399054 -3.798980 -4.940567 0.000002 0.000000 -0.000003 11.748022 18.234180 -16.589615 -0.221049 -0.484154 16.539223 -9.939054 -11.194680 9.808315 1.665677 -1.837038 -3.153987 -0.000000 -0.000000 0.000002 -6.590831 -10.684780 -9.516606 0.028355 0.146638 28.758507 6.715031 4.415787 -11.770952 -1.417807 1.143863 -2.243036 -0.000000 -0.000000 -0.000001 
2.177448 96.558693 -15.836504 -1.673680 1.948250 -6.025493 0.893217 -0.043109 9.310729 -0.511606 -0.759336 -2.248240 0.147104 -3.025504 23.632860 -2.546400 5.608822 29.611286 -0.333441 3.725834 -3.254245 -6.921528 5.107378 11.684799 0.000077 -0.000023 0.000004 0.123380 -0.047521 -0.111498 0.895264 -3.761053 -10.835179 -0.664378 3.667987 -10.763085 24.726652 -23.760305 10.031829 -85.373825 -28.066534 -18.927374 179.297729 -37.232208 -178.921600 0.034276 -7.124079 -12.592683 -5.882103 9.861280 0.702589 -10.936860 -0.360575 7.156196 0.000002 8.774815 -0.000002 -16.088593 18.178236 6.122462 -1.844031 2.498503 -2.507275 -10.163589 4.678940 4.621103 -20.975992 -0.000004 0.000003 -21.226250 2.451693 -3.593995 0.000000 -0.000006 -0.000002 -1.362679 2.240798 -0.746323 -21.334892 0.584912 3.008319 -13.821195 -0.000003 0.000001 -23.887131 -0.249079 -0.839483 -61.088211 2.534161 -1.440864 -0.294023 1.679686 0.833254 -14.218192 0.093214 1.300579 -34.211998 -0.287566 0.967171 -20.033180 0.964535 1.212842 0.000000 -0.000000 -0.000001 -3.440386 0.788233 0.501654 -15.928169 -3.167305 2.999702 -6.338818 0.000000 0.000002 -18.123411 3.648177 -4.905662 -0.000005 0.000000 -0.000003 -13.167816 26.183319 12.746073 92.979996 34.582287 1.158988 177.352478 41.847034 178.469147 -9.648008 10.773403 -7.516985 2.243539 -5.255033 -3.180155 14.282877 -0.826592 6.952495 -0.000002 -12.690587 0.000000 16.471209 -17.427219 2.415572 1.665665 -1.955920 -2.878295 4.727792 -4.170586 4.993919 11.020513 0.000002 -0.000002 12.109031 -3.735708 -2.866779 0.000002 -0.000001 -0.000000 1.291984 -1.928549 -1.498088 14.800111 0.567468 3.865604 14.242554 -1.341733 -6.660649 19.631939 0.143925 -0.648243 50.307644 -0.886799 -5.774934 0.353029 -1.511151 -0.031941 20.222771 3.684305 2.316628 18.787245 0.000005 -0.000000 10.751610 -0.479869 1.397904 -0.000000 -0.000001 0.000002 3.273805 0.305947 -0.580110 21.486788 11.830362 2.266131 8.162916 0.000001 -0.000001 18.399052 -3.798981 -4.940566 0.000002 0.000001 -0.000001 12.396251 18.767544 -15.731846 -0.210042 -0.507802 15.873439 -10.292219 -11.058772 9.866103 1.671239 -1.826621 -3.281609 0.000000 -0.000000 0.000002 -6.142646 -10.383778 -9.092761 0.011465 0.152886 28.261127 6.309525 4.689631 -11.777246 -1.424688 1.127857 -2.292788 -0.000000 -0.000000 -0.000001 
1.850186 96.673103 -15.389931 -1.808744 1.297752 -5.954545 1.070866 -0.040479 8.649699 -0.499630 -0.890468 -2.542421 0.289281 -3.138063 22.716906 -2.780097 5.665903 28.456518 -0.182388 4.139438 -3.232691 -6.919016 5.595872 11.052568 0.000077 -0.000023 0.000007 0.121297 -0.058946 -0.103521 0.886275 -3.781975 -10.783984 -0.636326 3.656415 -10.722371 25.274694 -23.828836 9.332112 -86.096794 -28.316072 -19.666058 179.350937 -36.546204 -179.035919 -0.113861 -8.276136 -13.577925 -5.882100 9.861278 0.702590 -10.936859 -0.360575 7.156196 -0.000001 8.774815 -0.000004 -15.978526 18.120455 6.161260 -1.844031 2.498502 -2.507277 -10.163589 4.678941 4.621103 -20.975996 -0.000001 0.000001 -21.226255 2.451693 -3.593995 0.000000 -0.000006 0.000001 -1.362680 2.240797 -0.746324 -21.334887 0.584909 3.008322 -13.821197 -0.000002 0.000004 -23.887129 -0.249075 -0.839479 -60.888573 2.426081 -1.395651 -0.294025 1.679687 0.833255 -14.218190 0.093216 1.300580 -34.211998 -0.287563 0.967172 -20.033178 0.964536 1.212841 0.000000 0.000000 0.000002 -3.440384 0.788232 0.501655 -15.928167 -3.167306 2.999705 -6.338819 0.000000 0.000002 -18.123415 3.648176 -4.905662 -0.000005 0.000000 -0.000002 -13.816916 26.005905 12.110994 93.224182 36.568394 2.057375 177.520523 41.701103 178.680969 -9.997606 10.796425 -7.436308 2.243540 -5.255031 -3.180154 14.282875 -0.826594 6.952495 -0.000003 -12.690588 0.000000 16.475601 -17.548601 2.479607 1.665664 -1.955920 -2.878297 4.727791 -4.170586 4.993918 11.020511 0.000003 -0.000001 12.109030 -3.735712 -2.866779 0.000001 0.000000 -0.000001 1.291984 -1.928551 -1.498088 14.800113 0.567466 3.865605 14.242550 -1.341733 -6.660648 19.631937 0.143928 -0.648240 50.327591 -0.875381 -5.787198 0.353028 -1.511147 -0.031940 20.222769 3.684308 2.316629 18.787245 0.000004 0.000001 10.751610 -0.479867 1.397902 -0.000000 -0.000000 -0.000001 3.273805 0.305947 -0.580111 21.486788 11.830364 2.266129 8.162916 0.000002 0.000001 18.399052 -3.798980 -4.940566 0.000001 0.000000 -0.000002 13.019454 19.350130 -14.968880 -0.212485 -0.526070 15.279983 -10.587740 -10.914814 9.866812 1.673287 -1.818034 -3.405935 0.000000 -0.000000 0.000002 -5.698618 -9.998727 -8.765306 0.001399 0.152214 27.768267 5.962558 4.948677 -11.779989 -1.431255 1.085844 -2.360336 -0.000000 0.000000 -0.000001 
1.530352 96.793167 -14.946969 -1.909743 0.709197 -5.830739 1.244615 -0.033360 8.021971 -0.471740 -1.013820 -2.824696 0.467536 -3.206930 21.830503 -3.059624 5.774845 27.289263 0.004360 4.549781 -3.249893 -6.929721 6.074781 10.382918 0.000076 -0.000022 0.000005 0.141468 -0.085578 -0.110146 0.891128 -3.817744 -10.776386 -0.616525 3.637094 -10.724714 25.808083 -23.810377 8.634199 -86.746445 -28.677494 -20.028172 179.271088 -35.936104 -179.123703 -0.163624 -9.433721 -14.543216 -5.882100 9.861277 0.702590 -10.936858 -0.360577 7.156198 0.000001 8.774812 0.000000 -15.850131 18.026291 6.158501 -1.844032 2.498502 -2.507276 -10.163589 4.678938 4.621104 -20.975996 -0.000005 -0.000001 -21.226250 2.451692 -3.593995 0.000000 -0.000005 -0.000001 -1.362681 2.240797 -0.746323 -21.334892 0.584909 3.008318 -13.821197 -0.000002 0.000002 -23.887129 -0.249080 -0.839482 -60.612209 2.274044 -1.366006 -0.294024 1.679688 0.833255 -14.218189 0.093211 1.300579 -34.212006 -0.287564 0.967171 -20.033180 0.964535 1.212840 -0.000000 0.000000 0.000001 -3.440385 0.788232 0.501656 -15.928167 -3.167305 2.999702 -6.338820 0.000000 0.000002 -18.123413 3.648175 -4.905661 -0.000005 0.000001 -0.000003 -14.490216 25.817562 11.441558 93.462227 38.628971 3.208453 177.805267 41.556362 178.944122 -10.112305 10.809099 -6.812084 2.243540 -5.255034 -3.180156 14.282873 -0.826593 6.952494 -0.000001 -12.690590 -0.000002 16.528028 -17.715513 2.557978 1.665665 -1.955921 -2.878297 4.727792 -4.170582 4.993919 11.020513 0.000004 -0.000001 12.109029 -3.735708 -2.866780 0.000001 -0.000000 -0.000001 1.291984 -1.928548 -1.498089 14.800114 0.567470 3.865604 14.242553 -1.341734 -6.660648 19.631939 0.143927 -0.648242 50.344707 -0.890624 -5.801924 0.353029 -1.511148 -0.031941 20.222771 3.684306 2.316626 18.787245 0.000007 0.000000 10.751610 -0.479867 1.397907 -0.000000 0.000000 -0.000002 3.273803 0.305946 -0.580110 21.486790 11.830361 2.266131 8.162916 0.000002 0.000001 18.399054 -3.798977 -4.940568 0.000002 -0.000000 -0.000000 13.565989 19.884102 -14.287756 -0.209107 -0.535793 14.703610 -10.897325 -10.743834 9.958982 1.669584 -1.827036 -3.504400 0.000000 -0.000000 0.000002 -5.299180 -9.624516 -8.470644 -0.002192 0.153704 27.260540 5.684068 5.192575 -11.774794 -1.434193 1.031259 -2.466040 0.000000 0.000000 -0.000001 
1.356819 96.878769 -14.504483 -1.991773 0.253220 -5.681990 1.391447 -0.064815 7.446622 -0.433873 -1.051497 -3.057756 0.698398 -3.252652 21.010004 -3.370796 5.914861 26.091173 0.224952 4.910398 -3.254083 -6.878688 6.531812 9.648148 0.000077 -0.000023 0.000006 0.149289 -0.110198 -0.139270 0.894087 -3.845970 -10.789468 -0.589731 3.620945 -10.737897 26.286575 -23.758314 7.973170 -87.289825 -29.053831 -20.074551 179.140839 -35.440136 -179.143784 -0.164317 -10.323298 -15.375040 -5.882101 9.861279 0.702589 -10.936860 -0.360573 7.156197 -0.000002 8.774813 -0.000001 -15.823826 17.878035 6.108391 -1.844030 2.498500 -2.507274 -10.163590 4.678939 4.621102 -20.975996 -0.000002 0.000001 -21.226255 2.451693 -3.593993 0.000000 -0.000005 -0.000001 -1.362682 2.240798 -0.746323 -21.334894 0.584907 3.008322 -13.821198 -0.000001 0.000003 -23.887135 -0.249077 -0.839481 -60.344269 2.178081 -1.367554 -0.294025 1.679685 0.833256 -14.218194 0.093215 1.300579 -34.212009 -0.287561 0.967171 -20.033180 0.964535 1.212842 0.000000 0.000000 0.000001 -3.440384 0.788232 0.501657 -15.928167 -3.167305 2.999704 -6.338818 -0.000001 0.000002 -18.123415 3.648176 -4.905657 -0.000004 -0.000000 -0.000001 -15.057230 25.590275 10.785441 93.700264 40.431049 4.535590 178.184052 41.422207 179.273178 -9.965959 10.801419 -5.785089 2.243539 -5.255034 -3.180155 14.282878 -0.826593 6.952496 -0.000000 -12.690591 -0.000002 16.500940 -17.882555 2.642104 1.665665 -1.955920 -2.878296 4.727793 -4.170584 4.993918 11.020513 0.000003 0.000000 12.109032 -3.735712 -2.866778 0.000000 -0.000000 -0.000002 1.291985 -1.928548 -1.498087 14.800111 0.567468 3.865606 14.242553 -1.341736 -6.660647 19.631937 0.143925 -0.648241 50.428795 -0.896215 -5.858324 0.353029 -1.511149 -0.031942 20.222769 3.684306 2.316631 18.787245 0.000006 0.000002 10.751613 -0.479869 1.397905 0.000000 0.000000 0.000000 3.273805 0.305947 -0.580109 21.486794 11.830365 2.266132 8.162916 0.000001 0.000002 18.399054 -3.798980 -4.940566 0.000003 0.000001 0.000001 13.944413 20.294724 -13.814069 -0.191436 -0.533596 14.399943 -11.096800 -10.605371 9.791922 1.667534 -1.821193 -3.541217 0.000000 -0.000000 0.000002 -5.041134 -9.306743 -8.216596 0.000320 0.158110 26.845751 5.580528 5.349720 -11.811289 -1.438050 0.999672 -2.540253 0.000000 0.000000 -0.000001 
1.209752 96.951431 -14.047185 -2.045764 -0.091336 -5.550028 1.511050 -0.042901 6.923497 -0.380508 -1.105472 -3.271322 0.936257 -3.264827 20.288675 -3.645305 6.043871 25.025364 0.401842 5.257542 -3.258036 -6.776894 6.896587 8.857746 0.000076 -0.000022 0.000006 0.137047 -0.110521 -0.116673 0.868326 -3.855260 -10.756372 -0.597324 3.625129 -10.733956 26.752115 -23.682245 7.347569 -87.731743 -29.367104 -19.878525 178.993744 -35.112156 -179.131470 -0.113061 -10.996133 -15.961664 -5.882100 9.861279 0.702589 -10.936858 -0.360574 7.156199 -0.000000 8.774814 -0.000001 -15.833071 17.810436 6.062770 -1.844030 2.498503 -2.507275 -10.163589 4.678939 4.621106 -20.975994 -0.000005 0.000002 -21.226254 2.451691 -3.593994 0.000000 -0.000005 -0.000002 -1.362680 2.240798 -0.746323 -21.334892 0.584909 3.008321 -13.821197 -0.000003 0.000002 -23.887133 -0.249078 -0.839481 -60.192131 2.149633 -1.417334 -0.294026 1.679685 0.833256 -14.218192 0.093213 1.300580 -34.211998 -0.287565 0.967169 -20.033178 0.964533 1.212842 0.000000 0.000000 -0.000001 -3.440386 0.788232 0.501654 -15.928169 -3.167307 2.999704 -6.338820 -0.000001 0.000002 -18.123415 3.648175 -4.905661 -0.000004 0.000000 -0.000002 -15.487972 25.381752 10.191952 93.982513 41.839127 5.710542 178.462936 41.292656 179.519882 -9.795914 10.711909 -4.678317 2.243539 -5.255032 -3.180155 14.282877 -0.826594 6.952494 -0.000003 -12.690591 0.000000 16.440987 -18.052393 2.729802 1.665664 -1.955918 -2.878296 4.727793 -4.170582 4.993918 11.020512 0.000003 -0.000001 12.109031 -3.735710 -2.866781 0.000001 0.000000 -0.000002 1.291984 -1.928548 -1.498089 14.800114 0.567467 3.865604 14.242554 -1.341734 -6.660648 19.631941 0.143926 -0.648244 50.536232 -0.910603 -5.913953 0.353029 -1.511150 -0.031941 20.222771 3.684308 2.316626 18.787245 0.000006 0.000000 10.751610 -0.479866 1.397903 0.000000 -0.000001 -0.000000 3.273804 0.305947 -0.580110 21.486792 11.830362 2.266130 8.162916 0.000002 0.000001 18.399050 -3.798978 -4.940565 0.000003 0.000001 0.000000 14.262645 20.614040 -13.438547 -0.194802 -0.546164 14.279598 -11.280820 -10.467223 9.580873 1.664437 -1.838475 -3.514277 0.000000 -0.000000 0.000002 -4.861046 -9.076290 -7.929901 0.006126 0.158938 26.476116 5.489978 5.469626 -11.893332 -1.440560 0.983282 -2.600596 0.000000 0.000000 -0.000001 
1.077603 97.021637 -13.628624 -2.066594 -0.291808 -5.399892 1.607158 -0.021116 6.421591 -0.327322 -1.110498 -3.458492 1.166921 -3.310535 19.643023 -3.908231 6.145099 23.922226 0.573391 5.541032 -3.269527 -6.670482 7.243477 8.058959 0.000077 -0.000023 0.000004 0.110127 -0.099414 -0.125165 0.834203 -3.838402 -10.734464 -0.610251 3.626800 -10.692331 27.126787 -23.555557 6.694859 -88.062195 -29.567919 -19.669628 178.941406 -34.883404 -179.157288 -0.015707 -11.406553 -16.405668 -5.882100 9.861279 0.702590 -10.936859 -0.360578 7.156199 0.000001 8.774814 -0.000003 -15.879779 17.849237 6.000573 -1.844033 2.498502 -2.507277 -10.163589 4.678938 4.621102 -20.975994 -0.000005 0.000003 -21.226254 2.451692 -3.593992 0.000001 -0.000005 -0.000002 -1.362680 2.240797 -0.746323 -21.334887 0.584906 3.008320 -13.821197 -0.000003 0.000002 -23.887129 -0.249079 -0.839479 -60.122738 2.133594 -1.456497 -0.294025 1.679687 0.833255 -14.218195 0.093214 1.300578 -34.212006 -0.287566 0.967173 -20.033176 0.964533 1.212843 0.000000 0.000001 0.000001 -3.440386 0.788233 0.501656 -15.928167 -3.167308 2.999706 -6.338817 -0.000002 0.000000 -18.123411 3.648175 -4.905661 -0.000003 -0.000000 -0.000003 -15.845645 25.197809 9.588579 94.355438 42.938652 6.617826 178.581223 41.136635 179.656219 -9.647587 10.526647 -3.843820 2.243539 -5.255033 -3.180155 14.282878 -0.826594 6.952496 -0.000002 -12.690588 0.000001 16.367403 -18.217810 2.825328 1.665665 -1.955920 -2.878296 4.727793 -4.170583 4.993918 11.020512 0.000005 -0.000002 12.109031 -3.735708 -2.866780 0.000000 0.000000 -0.000001 1.291985 -1.928547 -1.498088 14.800114 0.567469 3.865604 14.242554 -1.341734 -6.660649 19.631937 0.143926 -0.648245 50.618717 -0.924520 -5.966835 0.353028 -1.511150 -0.031941 20.222769 3.684305 2.316628 18.787245 0.000005 0.000001 10.751611 -0.479867 1.397902 -0.000000 -0.000000 0.000001 3.273804 0.305947 -0.580109 21.486790 11.830360 2.266132 8.162918 0.000001 0.000000 18.399055 -3.798979 -4.940568 0.000003 0.000000 -0.000002 14.476978 20.853304 -13.141081 -0.199721 -0.547456 14.112331 -11.486061 -10.412992 9.463010 1.663892 -1.842898 -3.459866 0.000000 -0.000000 0.000002 -4.731019 -8.896967 -7.674582 0.003023 0.157534 26.131224 5.412518 5.507259 -11.983330 -1.443592 0.975861 -2.657204 0.000000 0.000000 -0.000001 
1.008653 97.094185 -13.141968 -2.070770 -0.420023 -5.240148 1.691027 0.015465 5.965020 -0.278384 -1.135745 -3.619423 1.374273 -3.348346 19.054083 -4.141646 6.211339 22.984810 0.679360 5.831841 -3.257053 -6.600503 7.560163 7.239636 0.000078 -0.000022 0.000008 0.089205 -0.093961 -0.122760 0.809688 -3.825718 -10.696627 -0.632093 3.625984 -10.681573 27.432350 -23.412527 6.117297 -88.417877 -29.675001 -19.557741 178.894150 -34.693779 -179.202225 0.086825 -11.699283 -16.545767 -5.882102 9.861278 0.702589 -10.936857 -0.360577 7.156197 -0.000000 8.774814 -0.000001 -15.914490 17.875711 5.946914 -1.844031 2.498503 -2.507275 -10.163589 4.678938 4.621103 -20.975994 -0.000004 0.000003 -21.226255 2.451691 -3.593995 0.000000 -0.000005 -0.000001 -1.362681 2.240797 -0.746324 -21.334888 0.584906 3.008321 -13.821197 -0.000004 0.000004 -23.887131 -0.249078 -0.839479 -60.090595 2.122772 -1.489585 -0.294023 1.679686 0.833256 -14.218194 0.093214 1.300580 -34.212002 -0.287564 0.967171 -20.033176 0.964534 1.212842 0.000001 0.000001 0.000000 -3.440386 0.788233 0.501655 -15.928167 -3.167306 2.999704 -6.338817 -0.000002 0.000002 -18.123411 3.648175 -4.905660 -0.000003 0.000001 -0.000002 -16.168720 25.102901 9.080897 94.838806 43.822269 7.423544 178.686325 40.926823 179.723831 -9.506813 10.249158 -3.223068 2.243540 -5.255033 -3.180156 14.282875 -0.826593 6.952493 -0.000001 -12.690588 0.000000 16.346409 -18.297667 2.883819 1.665665 -1.955920 -2.878296 4.727793 -4.170584 4.993919 11.020511 0.000003 -0.000001 12.109033 -3.735708 -2.866781 -0.000000 0.000000 0.000001 1.291984 -1.928548 -1.498087 14.800113 0.567468 3.865603 14.242553 -1.341734 -6.660649 19.631939 0.143927 -0.648242 50.702141 -0.922880 -5.983714 0.353028 -1.511149 -0.031940 20.222767 3.684307 2.316625 18.787243 0.000006 -0.000001 10.751610 -0.479867 1.397904 -0.000000 -0.000000 0.000001 3.273804 0.305947 -0.580111 21.486788 11.830362 2.266131 8.162916 0.000002 0.000000 18.399052 -3.798977 -4.940569 0.000003 0.000000 -0.000002 14.622432 21.067808 -12.944077 -0.207431 -0.556700 14.166108 -11.672179 -10.410141 9.237933 1.663875 -1.839803 -3.421059 -0.000000 0.000000 0.000002 -4.675017 -8.741790 -7.338440 0.002076 0.163374 25.723436 5.384837 5.549510 -12.091194 -1.446865 0.969370 -2.691954 0.000000 0.000000 -0.000001 
0.966603 97.123161 -12.699644 -2.062117 -0.502159 -5.041548 1.768866 0.030542 5.541156 -0.239748 -1.103616 -3.748024 1.550503 -3.387627 18.502073 -4.390382 6.298284 22.143522 0.804612 6.080828 -3.260895 -6.562662 7.860107 6.421698 0.000077 -0.000022 0.000006 0.078245 -0.087742 -0.112779 0.799901 -3.815685 -10.651297 -0.636919 3.624079 -10.652418 27.640398 -23.244520 5.626828 -88.815201 -29.709152 -19.489948 178.836029 -34.484142 -179.250061 0.249241 -11.905909 -16.523441 -5.882100 9.861278 0.702589 -10.936858 -0.360574 7.156196 0.000001 8.774812 -0.000001 -15.941010 17.876553 5.908397 -1.844030 2.498503 -2.507277 -10.163589 4.678937 4.621105 -20.975994 -0.000005 0.000004 -21.226255 2.451692 -3.593994 0.000000 -0.000006 -0.000001 -1.362680 2.240795 -0.746322 -21.334890 0.584909 3.008320 -13.821197 -0.000002 0.000002 -23.887133 -0.249077 -0.839481 -60.058594 2.106120 -1.518712 -0.294025 1.679687 0.833255 -14.218194 0.093213 1.300579 -34.212002 -0.287566 0.967170 -20.033178 0.964533 1.212843 0.000000 0.000001 0.000001 -3.440385 0.788234 0.501657 -15.928169 -3.167308 2.999703 -6.338817 -0.000002 0.000001 -18.123415 3.648177 -4.905662 -0.000004 0.000001 -0.000003 -16.471590 25.056820 8.618760 95.471764 44.505848 8.325207 178.808182 40.719814 179.818359 -9.315884 10.031182 -2.710041 2.243540 -5.255031 -3.180155 14.282879 -0.826594 6.952499 -0.000001 -12.690590 -0.000001 16.344522 -18.367247 2.951556 1.665665 -1.955919 -2.878297 4.727794 -4.170582 4.993920 11.020513 0.000001 -0.000002 12.109035 -3.735712 -2.866780 0.000001 -0.000000 0.000002 1.291984 -1.928549 -1.498090 14.800111 0.567467 3.865604 14.242553 -1.341735 -6.660647 19.631935 0.143923 -0.648245 50.795788 -0.944257 -5.992358 0.353029 -1.511149 -0.031940 20.222771 3.684304 2.316627 18.787247 0.000003 -0.000000 10.751610 -0.479869 1.397902 0.000001 -0.000001 0.000002 3.273805 0.305947 -0.580109 21.486788 11.830360 2.266130 8.162916 0.000001 0.000001 18.399055 -3.798980 -4.940569 0.000003 0.000001 -0.000002 14.685020 21.294680 -12.855000 -0.201402 -0.572878 14.239338 -11.835212 -10.419974 8.876522 1.663085 -1.843854 -3.393331 -0.000000 -0.000000 0.000002 -4.643793 -8.575208 -7.182362 -0.001155 0.160041 25.549355 5.381613 5.569392 -12.289684 -1.450451 0.959855 -2.673660 0.000000 0.000000 -0.000001 
0.924937 97.184196 -12.233776 -2.040502 -0.554816 -4.814480 1.838719 0.057298 5.147621 -0.208519 -1.074423 -3.860552 1.697202 -3.400801 17.997549 -4.620984 6.363780 21.381754 0.914925 6.318505 -3.255097 -6.558893 8.139563 5.702127 0.000076 -0.000023 0.000005 0.081694 -0.099289 -0.104030 0.804511 -3.819160 -10.635303 -0.639174 3.604322 -10.638101 27.729679 -23.046551 5.259694 -89.203247 -29.744383 -19.335585 178.705612 -34.300701 -179.240173 0.397281 -12.064801 -16.395132 -5.882100 9.861279 0.702587 -10.936857 -0.360577 7.156197 -0.000001 8.774815 -0.000001 -15.959186 17.833923 5.868412 -1.844031 2.498503 -2.507277 -10.163588 4.678939 4.621102 -20.975994 -0.000007 0.000001 -21.226254 2.451689 -3.593993 0.000000 -0.000005 -0.000001 -1.362680 2.240797 -0.746323 -21.334887 0.584906 3.008317 -13.821197 -0.000004 0.000003 -23.887129 -0.249080 -0.839481 -60.054764 2.055777 -1.538473 -0.294024 1.679687 0.833255 -14.218190 0.093214 1.300577 -34.212006 -0.287568 0.967169 -20.033176 0.964533 1.212843 0.000000 -0.000000 0.000001 -3.440386 0.788232 0.501653 -15.928167 -3.167309 2.999701 -6.338815 -0.000002 0.000001 -18.123411 3.648174 -4.905663 -0.000004 0.000001 -0.000003 -16.690903 25.016909 8.228533 96.092148 45.076775 9.240721 178.954102 40.559559 179.902206 -9.118381 9.855228 -2.334166 2.243540 -5.255034 -3.180156 14.282878 -0.826594 6.952495 -0.000001 -12.690591 -0.000001 16.373615 -18.428123 3.013760 1.665665 -1.955921 -2.878298 4.727795 -4.170584 4.993918 11.020513 0.000002 0.000000 12.109033 -3.735710 -2.866779 -0.000000 0.000001 0.000001 1.291985 -1.928547 -1.498090 14.800114 0.567469 3.865604 14.242553 -1.341736 -6.660648 19.631939 0.143926 -0.648243 50.878876 -0.980279 -5.974241 0.353029 -1.511150 -0.031940 20.222771 3.684306 2.316629 18.787247 0.000004 -0.000001 10.751610 -0.479867 1.397903 -0.000001 0.000000 -0.000000 3.273804 0.305947 -0.580110 21.486790 11.830362 2.266132 8.162918 0.000002 0.000001 18.399054 -3.798979 -4.940567 0.000003 0.000001 -0.000001 14.722615 21.482977 -12.774199 -0.193656 -0.569826 14.278878 -11.979153 -10.423923 8.639911 1.662875 -1.841379 -3.357920 0.000000 -0.000000 0.000002 -4.624543 -8.428225 -6.953073 -0.013222 0.148590 25.204128 5.434506 5.593598 -12.412411 -1.452704 0.946707 -2.629043 0.000000 0.000000 -0.000001 
0.924115 97.251038 -11.823388 -2.012885 -0.589735 -4.572049 1.889318 0.074957 4.779540 -0.185516 -1.039353 -3.954000 1.833483 -3.389132 17.556467 -4.857860 6.488811 20.682596 1.033783 6.499621 -3.266032 -6.548949 8.390102 5.147851 0.000077 -0.000022 0.000006 0.079536 -0.118602 -0.110046 0.807214 -3.833271 -10.649573 -0.650559 3.592929 -10.665945 27.722355 -22.808798 4.969180 -89.612106 -29.739130 -19.063944 178.600800 -34.134892 -179.246353 0.501735 -12.193700 -16.197311 -5.882102 9.861278 0.702591 -10.936859 -0.360573 7.156196 -0.000001 8.774815 -0.000000 -16.003311 17.773840 5.847778 -1.844031 2.498504 -2.507275 -10.163590 4.678940 4.621103 -20.975996 -0.000004 0.000001 -21.226254 2.451692 -3.593992 0.000000 -0.000005 -0.000002 -1.362681 2.240797 -0.746322 -21.334887 0.584907 3.008319 -13.821197 -0.000003 0.000001 -23.887129 -0.249081 -0.839479 -60.054264 2.027537 -1.564047 -0.294023 1.679687 0.833256 -14.218194 0.093215 1.300576 -34.211998 -0.287565 0.967168 -20.033176 0.964533 1.212840 0.000001 0.000001 0.000001 -3.440386 0.788233 0.501655 -15.928169 -3.167306 2.999703 -6.338818 -0.000002 0.000001 -18.123415 3.648177 -4.905663 -0.000005 0.000001 -0.000003 -16.793320 25.022554 7.903607 96.747879 45.472706 10.155279 179.068054 40.418755 179.973099 -8.894997 9.737082 -2.035632 2.243540 -5.255032 -3.180155 14.282877 -0.826594 6.952496 -0.000001 -12.690591 -0.000002 16.408356 -18.491354 3.079529 1.665665 -1.955919 -2.878294 4.727793 -4.170583 4.993918 11.020512 0.000003 -0.000001 12.109033 -3.735709 -2.866781 0.000000 -0.000000 0.000002 1.291985 -1.928547 -1.498088 14.800114 0.567468 3.865603 14.242554 -1.341734 -6.660650 19.631937 0.143927 -0.648245 50.924873 -1.034652 -5.978176 0.353029 -1.511149 -0.031941 20.222767 3.684305 2.316627 18.787243 0.000005 -0.000001 10.751609 -0.479868 1.397904 -0.000001 0.000000 0.000001 3.273804 0.305947 -0.580110 21.486788 11.830360 2.266129 8.162917 0.000001 -0.000001 18.399050 -3.798979 -4.940568 0.000002 0.000001 -0.000001 14.705311 21.602140 -12.718850 -0.189346 -0.557051 14.244968 -12.097384 -10.346138 8.444803 1.663654 -1.850279 -3.332518 -0.000000 0.000000 0.000002 -4.635905 -8.275358 -6.757554 -0.010985 0.140152 24.819763 5.517587 5.548379 -12.474837 -1.453313 0.931328 -2.595100 0.000000 0.000000 -0.000001 
0.937672 97.314735 -11.483295 -1.995160 -0.616887 -4.318710 1.918818 0.105148 4.432581 -0.164575 -1.020648 -4.052653 1.962039 -3.336637 17.210827 -5.068368 6.591930 20.069246 1.119776 6.649977 -3.277029 -6.541692 8.555365 4.706547 0.000077 -0.000022 0.000003 0.087340 -0.138500 -0.109663 0.821029 -3.845628 -10.629947 -0.648820 3.576886 -10.655762 27.603348 -22.534788 4.779284 -89.991776 -29.774054 -18.626326 178.545151 -34.014297 -179.276398 0.593526 -12.244916 -16.055117 -5.882102 9.861278 0.702588 -10.936857 -0.360574 7.156197 -0.000001 8.774813 -0.000000 -16.053373 17.736202 5.844217 -1.844031 2.498503 -2.507275 -10.163589 4.678940 4.621104 -20.975994 -0.000005 0.000001 -21.226255 2.451693 -3.593994 0.000001 -0.000006 -0.000002 -1.362681 2.240797 -0.746322 -21.334892 0.584910 3.008320 -13.821197 -0.000002 0.000001 -23.887129 -0.249079 -0.839485 -60.089008 2.020602 -1.606082 -0.294024 1.679686 0.833255 -14.218192 0.093214 1.300578 -34.212006 -0.287564 0.967168 -20.033176 0.964535 1.212839 0.000001 0.000000 -0.000001 -3.440386 0.788231 0.501655 -15.928165 -3.167306 2.999704 -6.338817 -0.000001 0.000001 -18.123413 3.648174 -4.905662 -0.000004 0.000001 -0.000002 -16.710594 24.995989 7.693946 97.359146 45.709934 11.057240 179.077026 40.270069 -179.995590 -8.737544 9.654390 -1.897566 2.243539 -5.255033 -3.180156 14.282877 -0.826592 6.952495 -0.000001 -12.690591 -0.000002 16.421583 -18.569536 3.144388 1.665665 -1.955919 -2.878293 4.727793 -4.170583 4.993919 11.020512 0.000003 -0.000001 12.109031 -3.735710 -2.866780 0.000000 0.000001 0.000001 1.291985 -1.928548 -1.498091 14.800111 0.567469 3.865606 14.242553 -1.341734 -6.660649 19.631937 0.143927 -0.648243 50.927513 -1.072980 -5.996477 0.353029 -1.511149 -0.031940 20.222771 3.684308 2.316628 18.787245 0.000006 -0.000001 10.751610 -0.479867 1.397905 -0.000001 0.000000 0.000001 3.273804 0.305946 -0.580110 21.486792 11.830362 2.266129 8.162916 0.000002 0.000001 18.399052 -3.798978 -4.940567 0.000002 0.000000 -0.000001 14.659194 21.695017 -12.735015 -0.181546 -0.565736 14.215534 -12.222268 -10.235394 8.299108 1.665160 -1.861712 -3.318844 -0.000000 0.000000 0.000002 -4.629753 -8.133095 -6.630720 -0.018916 0.147914 24.451088 5.612037 5.482737 -12.497005 -1.451089 0.907115 -2.587748 0.000000 0.000000 -0.000001 
0.956303 97.374504 -11.185815 -1.996612 -0.622738 -4.081464 1.932269 0.138175 4.131804 -0.147747 -1.023968 -4.150264 2.091203 -3.265790 16.939203 -5.267943 6.696707 19.518028 1.182471 6.752580 -3.310719 -6.505906 8.655594 4.351868 0.000077 -0.000022 0.000004 0.082954 -0.135712 -0.120995 0.830723 -3.851079 -10.659112 -0.663213 3.578284 -10.677505 27.397636 -22.210796 4.630476 -90.319275 -29.754873 -18.056658 178.481949 -33.910999 -179.281601 0.611851 -12.314216 -16.001041 -5.882102 9.861279 0.702590 -10.936859 -0.360573 7.156199 -0.000002 8.774812 -0.000001 -16.123360 17.711058 5.817860 -1.844031 2.498503 -2.507274 -10.163589 4.678940 4.621105 -20.975994 -0.000004 0.000001 -21.226254 2.451693 -3.593993 0.000000 -0.000006 -0.000002 -1.362679 2.240795 -0.746323 -21.334894 0.584909 3.008319 -13.821197 -0.000002 0.000001 -23.887133 -0.249077 -0.839483 -60.162651 2.028500 -1.648063 -0.294025 1.679687 0.833256 -14.218190 0.093215 1.300581 -34.212002 -0.287563 0.967168 -20.033176 0.964533 1.212841 0.000001 0.000000 0.000000 -3.440386 0.788234 0.501654 -15.928167 -3.167306 2.999703 -6.338818 -0.000000 0.000000 -18.123415 3.648176 -4.905663 -0.000006 -0.000000 -0.000003 -16.501013 24.979685 7.532382 97.934250 45.795727 11.930540 179.075790 40.130844 -179.957413 -8.643992 9.553894 -1.979693 2.243539 -5.255033 -3.180156 14.282877 -0.826592 6.952496 -0.000003 -12.690592 -0.000001 16.465483 -18.573845 3.175101 1.665665 -1.955920 -2.878298 4.727792 -4.170582 4.993920 11.020512 0.000004 -0.000001 12.109030 -3.735708 -2.866779 0.000000 0.000001 0.000001 1.291984 -1.928548 -1.498086 14.800111 0.567469 3.865605 14.242553 -1.341734 -6.660648 19.631941 0.143927 -0.648243 50.891277 -1.078315 -6.003815 0.353029 -1.511150 -0.031941 20.222771 3.684308 2.316630 18.787245 0.000006 0.000000 10.751610 -0.479867 1.397904 -0.000001 0.000001 -0.000001 3.273804 0.305947 -0.580109 21.486792 11.830366 2.266133 8.162916 0.000002 0.000002 18.399054 -3.798978 -4.940566 0.000002 0.000000 -0.000002 14.632744 21.745596 -12.771773 -0.200142 -0.586301 14.192661 -12.319775 -10.078357 8.170040 1.666714 -1.863018 -3.293022 0.000000 0.000000 0.000002 -4.615624 -8.026505 -6.509857 -0.011678 0.158873 24.081617 5.678141 5.385154 -12.495181 -1.447283 0.897801 -2.626255 -0.000000 -0.000000 -0.000001 
1.034779 97.414795 -10.920553 -2.023535 -0.560799 -3.860292 1.941164 0.130226 3.859766 -0.138652 -0.975772 -4.231126 2.238177 -3.208817 16.703712 -5.434401 6.777563 19.055567 1.212318 6.785928 -3.355094 -6.493755 8.719644 3.955382 0.000077 -0.000022 0.000007 0.077611 -0.137513 -0.107920 0.833992 -3.854246 -10.667025 -0.674751 3.569801 -10.679724 27.190943 -21.915302 4.468662 -90.692848 -29.785088 -17.483335 178.486755 -33.794075 -179.284119 0.614380 -12.377228 -16.030869 -5.882100 9.861279 0.702589 -10.936860 -0.360575 7.156196 0.000000 8.774815 -0.000001 -16.233212 17.733461 5.786119 -1.844030 2.498503 -2.507275 -10.163589 4.678940 4.621105 -20.975994 -0.000003 0.000002 -21.226254 2.451693 -3.593995 0.000001 -0.000007 -0.000002 -1.362681 2.240797 -0.746325 -21.334887 0.584908 3.008320 -13.821198 -0.000002 0.000001 -23.887133 -0.249077 -0.839480 -60.294865 2.026189 -1.668806 -0.294024 1.679685 0.833254 -14.218192 0.093215 1.300581 -34.212002 -0.287562 0.967171 -20.033178 0.964536 1.212842 0.000000 0.000000 0.000000 -3.440384 0.788232 0.501655 -15.928167 -3.167307 2.999703 -6.338818 -0.000000 0.000000 -18.123415 3.648176 -4.905662 -0.000006 0.000001 -0.000003 -16.183582 24.979065 7.404791 98.473976 45.795177 12.666925 179.011139 40.002857 -179.954590 -8.522064 9.471836 -2.405206 2.243540 -5.255033 -3.180156 14.282877 -0.826593 6.952495 -0.000003 -12.690588 -0.000001 16.434305 -18.579937 3.211176 1.665665 -1.955920 -2.878297 4.727794 -4.170583 4.993919 11.020512 0.000002 -0.000001 12.109032 -3.735710 -2.866778 -0.000001 0.000001 0.000002 1.291985 -1.928547 -1.498090 14.800113 0.567468 3.865603 14.242553 -1.341734 -6.660648 19.631939 0.143926 -0.648242 50.798225 -1.066479 -5.982628 0.353029 -1.511150 -0.031940 20.222771 3.684306 2.316630 18.787251 0.000004 -0.000002 10.751610 -0.479866 1.397904 -0.000000 0.000001 0.000001 3.273804 0.305947 -0.580111 21.486792 11.830363 2.266131 8.162917 0.000001 0.000000 18.399054 -3.798979 -4.940567 0.000003 0.000000 -0.000001 14.566945 21.774218 -12.957642 -0.201601 -0.592355 14.393869 -12.367864 -10.019506 7.938682 1.668211 -1.856762 -3.229338 0.000000 0.000000 0.000002 -4.616630 -7.967168 -6.402860 -0.005860 0.186690 23.756636 5.794093 5.288634 -12.499173 -1.444221 0.892597 -2.643307 -0.000000 -0.000000 -0.000001 
1.069424 97.436943 -10.632195 -2.075288 -0.493838 -3.689378 1.948121 0.141857 3.631784 -0.134890 -0.938022 -4.306410 2.383956 -3.136420 16.540243 -5.571935 6.837227 18.693146 1.211147 6.766047 -3.361810 -6.475165 8.681032 3.608546 0.000077 -0.000022 0.000005 0.072721 -0.132329 -0.106066 0.828689 -3.842391 -10.675742 -0.688241 3.571501 -10.689630 27.051399 -21.660885 4.350532 -91.138123 -29.900665 -16.891180 178.439682 -33.670479 -179.262192 0.557789 -12.421231 -15.971369 -5.882102 9.861278 0.702590 -10.936858 -0.360575 7.156196 -0.000000 8.774813 -0.000001 -16.284622 17.759502 5.782888 -1.844031 2.498503 -2.507274 -10.163591 4.678940 4.621103 -20.976000 -0.000003 0.000004 -21.226259 2.451694 -3.593993 0.000000 -0.000006 -0.000003 -1.362680 2.240797 -0.746321 -21.334896 0.584910 3.008319 -13.821198 -0.000004 0.000002 -23.887133 -0.249079 -0.839482 -60.405022 2.052223 -1.679050 -0.294024 1.679685 0.833256 -14.218195 0.093215 1.300578 -34.212013 -0.287565 0.967166 -20.033186 0.964533 1.212841 0.000000 0.000001 0.000000 -3.440386 0.788233 0.501654 -15.928169 -3.167305 2.999705 -6.338819 -0.000001 0.000000 -18.123415 3.648175 -4.905662 -0.000005 0.000001 -0.000003 -15.803343 24.934940 7.319450 98.935555 45.694855 13.294375 178.887985 39.948048 179.980515 -8.443699 9.417534 -3.033591 2.243540 -5.255033 -3.180155 14.282875 -0.826593 6.952494 -0.000001 -12.690590 -0.000002 16.393240 -18.555916 3.199281 1.665665 -1.955921 -2.878298 4.727793 -4.170582 4.993918 11.020513 0.000002 -0.000002 12.109031 -3.735709 -2.866779 0.000001 0.000001 0.000003 1.291985 -1.928547 -1.498087 14.800111 0.567468 3.865603 14.242553 -1.341733 -6.660651 19.631935 0.143927 -0.648243 50.811375 -1.060177 -5.955289 0.353029 -1.511149 -0.031938 20.222769 3.684306 2.316624 18.787245 0.000005 -0.000002 10.751612 -0.479868 1.397903 0.000000 0.000003 0.000000 3.273804 0.305947 -0.580112 21.486792 11.830362 2.266129 8.162916 0.000003 0.000001 18.399052 -3.798978 -4.940569 0.000003 0.000001 0.000000 14.584096 21.808151 -13.075665 -0.202634 -0.597112 14.602346 -12.468716 -10.014965 7.664993 1.667105 -1.858768 -3.160793 0.000000 0.000000 0.000002 -4.573787 -7.889257 -6.253517 -0.000311 0.192643 23.496304 5.879261 5.210857 -12.646194 -1.443789 0.899778 -2.638494 -0.000000 0.000000 -0.000001 
1.111625 97.468086 -10.372035 -2.133683 -0.369711 -3.565066 1.949081 0.163842 3.419736 -0.132968 -0.923861 -4.364517 2.513623 -3.081659 16.424093 -5.678639 6.877821 18.480421 1.196163 6.737599 -3.381673 -6.500449 8.647272 3.322895 0.000077 -0.000024 0.000004 0.067192 -0.131425 -0.105962 0.828613 -3.838322 -10.656297 -0.691327 3.561639 -10.682786 26.939587 -21.454754 4.264455 -91.659309 -30.034800 -16.404793 178.464706 -33.464912 -179.297974 0.510422 -12.437601 -15.854110 -5.882101 9.861278 0.702591 -10.936858 -0.360574 7.156199 0.000001 8.774812 0.000000 -16.306597 17.768934 5.766312 -1.844031 2.498503 -2.507276 -10.163589 4.678941 4.621103 -20.975996 -0.000003 0.000001 -21.226254 2.451693 -3.593995 -0.000000 -0.000006 0.000001 -1.362680 2.240796 -0.746324 -21.334892 0.584909 3.008321 -13.821197 -0.000002 0.000002 -23.887131 -0.249077 -0.839483 -60.470501 2.044627 -1.683389 -0.294026 1.679687 0.833255 -14.218195 0.093215 1.300578 -34.211998 -0.287565 0.967167 -20.033178 0.964533 1.212842 0.000000 0.000000 -0.000001 -3.440385 0.788232 0.501655 -15.928167 -3.167305 2.999703 -6.338820 -0.000000 0.000001 -18.123413 3.648176 -4.905662 -0.000004 0.000001 -0.000004 -15.400937 24.956247 7.336280 99.393120 45.605118 13.765105 178.751419 39.947941 179.929855 -8.378110 9.410855 -3.724663 2.243540 -5.255032 -3.180157 14.282875 -0.826594 6.952497 -0.000001 -12.690587 0.000001 16.376036 -18.533388 3.172424 1.665665 -1.955920 -2.878298 4.727793 -4.170584 4.993917 11.020510 0.000002 0.000001 12.109031 -3.735708 -2.866780 0.000001 -0.000000 0.000003 1.291985 -1.928548 -1.498088 14.800111 0.567469 3.865606 14.242553 -1.341734 -6.660651 19.631937 0.143926 -0.648242 50.867077 -1.037813 -5.964047 0.353028 -1.511149 -0.031939 20.222767 3.684305 2.316628 18.787245 0.000005 -0.000001 10.751613 -0.479867 1.397902 0.000000 0.000003 0.000000 3.273804 0.305947 -0.580112 21.486788 11.830360 2.266130 8.162916 0.000001 -0.000001 18.399050 -3.798979 -4.940565 0.000003 0.000000 -0.000001 14.602632 21.820181 -13.223234 -0.205886 -0.594774 14.888604 -12.530535 -10.064975 7.476007 1.667829 -1.860457 -3.136861 -0.000000 0.000000 0.000002 -4.531483 -7.823437 -6.023239 -0.002609 0.189640 23.155842 6.002740 5.115575 -12.655740 -1.443889 0.909275 -2.620369 0.000000 0.000000 -0.000001 
1.122328 97.474197 -10.097597 -2.194672 -0.222747 -3.491156 1.953419 0.156404 3.226987 -0.128425 -0.874921 -4.396182 2.615829 -3.029390 16.330154 -5.764306 6.884289 18.317308 1.177804 6.672826 -3.401498 -6.517205 8.617489 3.093302 0.000076 -0.000023 0.000004 0.063522 -0.134031 -0.115519 0.826896 -3.827679 -10.644114 -0.694839 3.548889 -10.669681 26.827650 -21.265083 4.212570 -92.230713 -30.234251 -15.918585 178.537018 -33.302219 -179.348907 0.468008 -12.500120 -15.687626 -5.882098 9.861279 0.702591 -10.936858 -0.360576 7.156197 0.000001 8.774811 -0.000001 -16.293215 17.807983 5.747774 -1.844030 2.498501 -2.507277 -10.163589 4.678938 4.621106 -20.975998 -0.000005 0.000003 -21.226255 2.451692 -3.593993 0.000000 -0.000006 -0.000001 -1.362680 2.240795 -0.746323 -21.334890 0.584909 3.008320 -13.821197 -0.000003 0.000004 -23.887125 -0.249079 -0.839480 -60.437870 2.066586 -1.685371 -0.294025 1.679686 0.833255 -14.218190 0.093214 1.300580 -34.211998 -0.287566 0.967172 -20.033175 0.964535 1.212843 0.000000 0.000001 0.000000 -3.440384 0.788232 0.501656 -15.928167 -3.167307 2.999702 -6.338817 -0.000001 0.000001 -18.123411 3.648175 -4.905660 -0.000006 0.000002 -0.000003 -15.017364 24.943773 7.384905 99.789444 45.470596 14.221125 178.658325 39.988220 179.870010 -8.318248 9.360888 -4.318620 2.243540 -5.255033 -3.180155 14.282878 -0.826591 6.952495 -0.000003 -12.690591 -0.000001 16.398302 -18.514046 3.122395 1.665665 -1.955919 -2.878298 4.727794 -4.170582 4.993919 11.020512 0.000004 0.000000 12.109031 -3.735708 -2.866778 -0.000000 -0.000001 0.000002 1.291984 -1.928548 -1.498089 14.800113 0.567470 3.865603 14.242551 -1.341733 -6.660646 19.631939 0.143927 -0.648242 50.963280 -1.032538 -5.978272 0.353028 -1.511150 -0.031941 20.222767 3.684308 2.316629 18.787245 0.000005 0.000002 10.751608 -0.479867 1.397904 -0.000001 0.000001 -0.000001 3.273804 0.305947 -0.580110 21.486794 11.830366 2.266131 8.162916 0.000002 0.000001 18.399054 -3.798977 -4.940567 0.000004 0.000000 0.000000 14.660255 21.857565 -13.272343 -0.206756 -0.595649 15.092833 -12.619954 -10.197927 7.222344 1.666568 -1.864107 -3.117871 0.000000 0.000000 0.000002 -4.478551 -7.785468 -5.781497 0.000130 0.194964 22.936974 6.100013 5.029428 -12.676353 -1.443424 0.916255 -2.630950 0.000000 0.000000 -0.000001 
1.114337 97.486832 -9.815095 -2.255908 -0.080662 -3.457974 1.961131 0.173437 3.049577 -0.121648 -0.850334 -4.429841 2.696341 -2.984527 16.278137 -5.820497 6.898914 18.220757 1.167513 6.595152 -3.405892 -6.531287 8.569942 2.906811 0.000077 -0.000021 0.000006 0.062762 -0.139584 -0.115772 0.824556 -3.823877 -10.649763 -0.699326 3.545788 -10.672018 26.670263 -21.076393 4.195849 -92.757095 -30.475586 -15.457066 178.607559 -33.160744 -179.426086 0.341088 -12.567103 -15.355126 -5.882101 9.861276 0.702592 -10.936861 -0.360574 7.156196 0.000000 8.774812 0.000000 -16.284237 17.815657 5.730622 -1.844031 2.498501 -2.507276 -10.163590 4.678941 4.621102 -20.975998 -0.000002 0.000004 -21.226255 2.451694 -3.593994 -0.000000 -0.000007 0.000000 -1.362680 2.240796 -0.746322 -21.334894 0.584909 3.008320 -13.821197 -0.000002 0.000004 -23.887131 -0.249077 -0.839481 -60.402924 2.067754 -1.671988 -0.294023 1.679686 0.833255 -14.218192 0.093215 1.300578 -34.212006 -0.287562 0.967168 -20.033180 0.964536 1.212841 0.000000 0.000000 0.000000 -3.440386 0.788233 0.501654 -15.928167 -3.167305 2.999705 -6.338817 -0.000001 0.000001 -18.123417 3.648177 -4.905662 -0.000004 0.000001 -0.000003 -14.639627 24.952053 7.469887 100.077034 45.321617 14.593074 178.628296 40.030956 179.864975 -8.292250 9.361573 -4.819413 2.243540 -5.255032 -3.180156 14.282877 -0.826593 6.952495 -0.000002 -12.690590 -0.000001 16.416349 -18.525221 3.121445 1.665665 -1.955920 -2.878295 4.727793 -4.170582 4.993917 11.020513 0.000002 -0.000002 12.109033 -3.735711 -2.866779 0.000001 0.000000 0.000000 1.291985 -1.928548 -1.498087 14.800113 0.567468 3.865602 14.242554 -1.341734 -6.660649 19.631939 0.143926 -0.648242 51.036373 -1.057826 -5.995008 0.353029 -1.511149 -0.031941 20.222771 3.684306 2.316628 18.787251 0.000004 -0.000000 10.751611 -0.479868 1.397904 -0.000000 0.000001 -0.000000 3.273804 0.305946 -0.580111 21.486795 11.830364 2.266130 8.162915 0.000001 0.000001 18.399054 -3.798980 -4.940566 0.000003 0.000000 -0.000001 14.751733 21.867903 -13.250275 -0.203765 -0.595717 15.263289 -12.720950 -10.280869 7.011069 1.665861 -1.868719 -3.105436 -0.000000 -0.000000 0.000002 -4.421740 -7.747241 -5.463426 -0.000751 0.177945 22.663322 6.180400 4.948839 -12.755021 -1.442896 0.924036 -2.662974 0.000000 0.000000 -0.000001 
1.126696 97.494461 -9.605399 -2.311934 0.064837 -3.464369 1.969823 0.189641 2.884004 -0.114653 -0.834477 -4.461922 2.760952 -2.944695 16.241127 -5.869229 6.934990 18.130545 1.152492 6.511121 -3.429722 -6.520779 8.502622 2.739824 0.000077 -0.000023 0.000005 0.069067 -0.140749 -0.110078 0.830466 -3.825444 -10.637371 -0.698400 3.550048 -10.657251 26.470068 -20.891649 4.182924 -93.266884 -30.689369 -14.977669 178.692719 -33.047443 -179.518875 0.212281 -12.727881 -14.973463 -5.882101 9.861278 0.702590 -10.936859 -0.360575 7.156196 -0.000000 8.774814 -0.000002 -16.323961 17.812059 5.701022 -1.844031 2.498503 -2.507277 -10.163589 4.678939 4.621102 -20.975998 -0.000004 0.000002 -21.226255 2.451693 -3.593992 -0.000001 -0.000006 0.000000 -1.362681 2.240798 -0.746324 -21.334890 0.584907 3.008321 -13.821195 -0.000003 0.000002 -23.887129 -0.249080 -0.839481 -60.375877 2.075790 -1.681695 -0.294024 1.679685 0.833255 -14.218190 0.093213 1.300579 -34.211998 -0.287565 0.967171 -20.033176 0.964533 1.212843 0.000000 0.000003 0.000000 -3.440385 0.788232 0.501654 -15.928167 -3.167306 2.999702 -6.338817 -0.000002 0.000002 -18.123415 3.648175 -4.905662 -0.000007 0.000001 -0.000002 -14.283956 24.992687 7.528000 100.291809 45.167538 14.855297 178.587997 40.101017 179.813049 -8.280179 9.339211 -5.244006 2.243540 -5.255033 -3.180155 14.282875 -0.826592 6.952494 -0.000002 -12.690591 0.000000 16.438334 -18.544321 3.107215 1.665665 -1.955920 -2.878296 4.727794 -4.170584 4.993917 11.020514 0.000003 -0.000001 12.109034 -3.735710 -2.866780 0.000000 0.000000 0.000001 1.291985 -1.928548 -1.498087 14.800113 0.567468 3.865602 14.242554 -1.341735 -6.660649 19.631939 0.143926 -0.648243 51.056747 -1.057688 -6.010756 0.353029 -1.511148 -0.031938 20.222773 3.684306 2.316626 18.787247 0.000005 0.000001 10.751612 -0.479868 1.397905 -0.000000 0.000002 -0.000001 3.273804 0.305947 -0.580110 21.486790 11.830365 2.266128 8.162917 0.000002 -0.000001 18.399054 -3.798979 -4.940567 0.000003 0.000000 -0.000001 14.825624 21.849117 -13.211202 -0.211109 -0.598302 15.385340 -12.825668 -10.373561 6.839952 1.667608 -1.871120 -3.098507 -0.000000 -0.000000 0.000002 -4.384051 -7.763520 -5.170061 -0.001051 0.192674 22.426914 6.244959 4.869573 -12.805353 -1.442609 0.928259 -2.714642 0.000000 0.000000 -0.000001 
1.135149 97.504143 -9.442306 -2.370177 0.214091 -3.497653 1.978225 0.236630 2.735911 -0.113797 -0.847716 -4.509300 2.811838 -2.902627 16.241203 -5.874827 6.943795 18.081070 1.124144 6.438498 -3.439849 -6.488196 8.438762 2.580895 0.000077 -0.000023 0.000007 0.069370 -0.152124 -0.115091 0.835690 -3.838485 -10.645153 -0.700873 3.535180 -10.664222 26.231647 -20.718079 4.213644 -93.732506 -30.940510 -14.466025 178.720337 -32.974041 -179.573685 0.063635 -12.973493 -14.565574 -5.882102 9.861279 0.702589 -10.936859 -0.360574 7.156196 -0.000001 8.774813 -0.000003 -16.347309 17.776606 5.682263 -1.844031 2.498502 -2.507277 -10.163592 4.678941 4.621104 -20.975996 -0.000001 0.000005 -21.226255 2.451694 -3.593993 0.000000 -0.000006 0.000000 -1.362680 2.240797 -0.746324 -21.334892 0.584910 3.008321 -13.821198 -0.000002 0.000004 -23.887131 -0.249076 -0.839481 -60.411983 2.080172 -1.666284 -0.294025 1.679687 0.833255 -14.218194 0.093216 1.300581 -34.212002 -0.287561 0.967169 -20.033182 0.964537 1.212841 0.000000 0.000001 -0.000000 -3.440385 0.788233 0.501656 -15.928169 -3.167306 2.999704 -6.338815 -0.000001 0.000000 -18.123415 3.648177 -4.905663 -0.000006 0.000000 -0.000002 -13.933825 25.032148 7.594768 100.374176 44.996658 14.922699 178.503494 40.201561 179.727341 -8.277602 9.311553 -5.653449 2.243540 -5.255032 -3.180155 14.282878 -0.826593 6.952495 -0.000003 -12.690588 -0.000001 16.428848 -18.521753 3.148349 1.665665 -1.955920 -2.878295 4.727793 -4.170582 4.993921 11.020512 0.000003 -0.000001 12.109033 -3.735708 -2.866780 -0.000000 0.000000 -0.000000 1.291984 -1.928547 -1.498086 14.800114 0.567468 3.865602 14.242553 -1.341734 -6.660647 19.631941 0.143926 -0.648242 51.047119 -1.057215 -5.999609 0.353029 -1.511149 -0.031941 20.222771 3.684307 2.316627 18.787247 0.000004 0.000001 10.751614 -0.479868 1.397904 -0.000000 0.000003 -0.000000 3.273805 0.305947 -0.580111 21.486792 11.830362 2.266129 8.162917 0.000003 0.000001 18.399052 -3.798975 -4.940568 0.000003 0.000000 -0.000001 14.901235 21.831034 -13.170826 -0.219536 -0.609415 15.493312 -12.925312 -10.443271 6.735751 1.665722 -1.865684 -3.113473 -0.000000 0.000000 0.000002 -4.344262 -7.783297 -4.876876 0.000344 0.195220 22.187063 6.294223 4.824130 -12.824609 -1.441797 0.935128 -2.757922 0.000000 0.000000 -0.000001 
1.186347 97.514305 -9.285477 -2.441375 0.361557 -3.555161 1.997553 0.245186 2.598961 -0.111306 -0.807046 -4.559187 2.855639 -2.892081 16.252235 -5.879075 6.927481 18.051086 1.101253 6.386031 -3.442737 -6.471750 8.357880 2.392427 0.000077 -0.000023 0.000005 0.069003 -0.141016 -0.109743 0.832162 -3.826726 -10.629599 -0.698698 3.535747 -10.658600 25.969297 -20.594084 4.267565 -94.104942 -31.174885 -14.036484 178.687881 -32.929100 -179.569748 -0.161511 -13.238751 -14.165391 -5.882101 9.861278 0.702590 -10.936860 -0.360575 7.156198 -0.000001 8.774813 -0.000001 -16.375381 17.747473 5.674658 -1.844030 2.498502 -2.507275 -10.163589 4.678938 4.621106 -20.975996 -0.000003 0.000003 -21.226254 2.451694 -3.593992 0.000000 -0.000006 -0.000001 -1.362679 2.240796 -0.746322 -21.334896 0.584909 3.008321 -13.821197 -0.000002 0.000003 -23.887131 -0.249078 -0.839481 -60.463959 2.072694 -1.655781 -0.294025 1.679686 0.833255 -14.218192 0.093215 1.300579 -34.212002 -0.287561 0.967170 -20.033178 0.964534 1.212843 -0.000000 0.000002 -0.000000 -3.440384 0.788232 0.501657 -15.928165 -3.167305 2.999705 -6.338817 -0.000001 0.000002 -18.123413 3.648177 -4.905660 -0.000006 0.000000 -0.000001 -13.638472 25.080538 7.683068 100.483337 44.874001 14.873407 178.380325 40.319954 179.625931 -8.264167 9.283439 -6.055801 2.243540 -5.255033 -3.180155 14.282877 -0.826594 6.952499 -0.000002 -12.690592 0.000000 16.428728 -18.493212 3.148403 1.665665 -1.955920 -2.878299 4.727794 -4.170583 4.993917 11.020513 0.000003 -0.000001 12.109031 -3.735709 -2.866779 -0.000000 0.000000 0.000001 1.291985 -1.928548 -1.498086 14.800114 0.567467 3.865602 14.242553 -1.341734 -6.660648 19.631939 0.143925 -0.648243 51.062584 -1.068720 -5.977848 0.353029 -1.511150 -0.031937 20.222767 3.684305 2.316628 18.787247 0.000003 0.000001 10.751611 -0.479867 1.397903 0.000000 0.000000 -0.000001 3.273804 0.305946 -0.580112 21.486788 11.830362 2.266132 8.162917 0.000000 0.000000 18.399055 -3.798978 -4.940566 0.000004 0.000000 -0.000001 14.968055 21.824142 -13.187301 -0.222159 -0.623590 15.757685 -12.953376 -10.570217 6.590271 1.662993 -1.851408 -3.112607 0.000000 0.000000 0.000002 -4.324240 -7.830006 -4.536737 0.001517 0.208239 21.895592 6.371390 4.773044 -12.808827 -1.440215 0.937406 -2.782999 0.000000 0.000000 -0.000001 
1.160286 97.524193 -9.129609 -2.525075 0.511939 -3.615597 2.030469 0.249887 2.470002 -0.113080 -0.774049 -4.593360 2.891376 -2.894388 16.247297 -5.862677 6.904930 18.036518 1.084372 6.343702 -3.468347 -6.458285 8.312177 2.240483 0.000077 -0.000022 0.000006 0.068686 -0.147870 -0.108428 0.840164 -3.833064 -10.619627 -0.701034 3.531408 -10.650459 25.722929 -20.474403 4.321207 -94.436737 -31.380230 -13.693352 178.633957 -32.898323 -179.556488 -0.438054 -13.494939 -13.769682 -5.882103 9.861279 0.702590 -10.936861 -0.360573 7.156196 -0.000000 8.774814 -0.000002 -16.391129 17.698866 5.645945 -1.844031 2.498503 -2.507275 -10.163592 4.678942 4.621104 -20.975996 -0.000002 0.000004 -21.226255 2.451695 -3.593993 0.000000 -0.000006 0.000001 -1.362681 2.240797 -0.746324 -21.334896 0.584910 3.008320 -13.821198 -0.000002 0.000003 -23.887131 -0.249075 -0.839482 -60.476761 2.057921 -1.647181 -0.294025 1.679686 0.833254 -14.218195 0.093215 1.300579 -34.212013 -0.287562 0.967169 -20.033180 0.964535 1.212842 0.000000 0.000001 0.000000 -3.440386 0.788233 0.501655 -15.928167 -3.167305 2.999704 -6.338819 -0.000001 0.000000 -18.123423 3.648177 -4.905664 -0.000006 0.000001 -0.000002 -13.380605 25.133152 7.776223 100.551399 44.777668 14.720464 178.240341 40.451534 179.484009 -8.279875 9.285256 -6.386498 2.243540 -5.255033 -3.180155 14.282878 -0.826596 6.952495 -0.000001 -12.690590 0.000001 16.449402 -18.476650 3.178552 1.665666 -1.955920 -2.878297 4.727795 -4.170583 4.993917 11.020513 0.000001 -0.000001 12.109035 -3.735709 -2.866783 0.000000 0.000000 0.000001 1.291984 -1.928548 -1.498088 14.800113 0.567466 3.865605 14.242554 -1.341735 -6.660651 19.631941 0.143923 -0.648244 51.122868 -1.079701 -5.946196 0.353029 -1.511149 -0.031940 20.222767 3.684304 2.316627 18.787247 0.000002 -0.000001 10.751610 -0.479867 1.397904 0.000000 -0.000001 -0.000001 3.273804 0.305946 -0.580109 21.486790 11.830360 2.266130 8.162916 0.000001 0.000001 18.399055 -3.798980 -4.940570 0.000004 0.000000 -0.000001 15.103694 21.846794 -13.151339 -0.228380 -0.627756 15.918848 -13.030867 -10.713449 6.543032 1.663023 -1.852511 -3.111352 -0.000000 -0.000000 0.000002 -4.238469 -7.850613 -4.207181 0.006580 0.203221 21.631636 6.368611 4.719533 -12.819146 -1.439129 0.929974 -2.760723 0.000000 -0.000000 -0.000001 
1.189002 97.526581 -8.994358 -2.592004 0.623011 -3.691879 2.056421 0.248266 2.356991 -0.114816 -0.739141 -4.628927 2.908638 -2.894925 16.260490 -5.819404 6.880962 18.001329 1.071739 6.297977 -3.466860 -6.445919 8.252200 2.091995 0.000077 -0.000023 0.000006 0.067725 -0.146642 -0.114505 0.841073 -3.833949 -10.622975 -0.703458 3.525389 -10.655621 25.482357 -20.378271 4.397909 -94.702820 -31.601446 -13.467352 178.592407 -32.878727 -179.540146 -0.723788 -13.740638 -13.385007 -5.882100 9.861279 0.702590 -10.936859 -0.360576 7.156197 0.000002 8.774817 -0.000001 -16.419300 17.677183 5.632575 -1.844030 2.498503 -2.507277 -10.163589 4.678938 4.621103 -20.975992 -0.000005 0.000005 -21.226246 2.451692 -3.593992 0.000000 -0.000006 -0.000000 -1.362680 2.240796 -0.746324 -21.334892 0.584907 3.008321 -13.821197 -0.000003 0.000004 -23.887131 -0.249079 -0.839479 -60.475067 2.058674 -1.641474 -0.294025 1.679686 0.833254 -14.218192 0.093212 1.300579 -34.212006 -0.287566 0.967173 -20.033180 0.964533 1.212844 -0.000000 0.000001 0.000001 -3.440386 0.788233 0.501655 -15.928165 -3.167309 2.999704 -6.338819 -0.000002 0.000001 -18.123411 3.648178 -4.905660 -0.000005 0.000001 -0.000003 -13.130270 25.178799 7.856244 100.571228 44.677414 14.573217 178.138748 40.581596 179.405426 -8.294548 9.313160 -6.668307 2.243539 -5.255033 -3.180155 14.282877 -0.826592 6.952493 -0.000003 -12.690593 0.000000 16.464630 -18.478132 3.193631 1.665665 -1.955920 -2.878297 4.727794 -4.170584 4.993921 11.020513 0.000003 0.000001 12.109032 -3.735711 -2.866778 0.000000 0.000000 0.000000 1.291984 -1.928548 -1.498088 14.800113 0.567469 3.865604 14.242554 -1.341735 -6.660648 19.631939 0.143926 -0.648242 51.185532 -1.085219 -5.927793 0.353028 -1.511150 -0.031941 20.222771 3.684306 2.316630 18.787245 0.000004 0.000002 10.751612 -0.479868 1.397904 0.000000 0.000000 -0.000001 3.273804 0.305947 -0.580109 21.486792 11.830367 2.266132 8.162916 0.000002 -0.000001 18.399055 -3.798977 -4.940567 0.000003 -0.000001 -0.000001 15.195114 21.856243 -13.152959 -0.228899 -0.630900 16.193815 -13.027249 -10.856827 6.413799 1.663437 -1.857982 -3.092853 -0.000000 0.000000 0.000002 -4.205295 -7.864075 -3.899734 0.005958 0.208178 21.403744 6.400447 4.661708 -12.822714 -1.438626 0.929374 -2.720971 0.000000 0.000000 -0.000001 
1.196765 97.527275 -8.849594 -2.657561 0.746526 -3.776484 2.084333 0.253070 2.253672 -0.113633 -0.724838 -4.656374 2.920431 -2.891577 16.264362 -5.779336 6.858664 17.969812 1.072403 6.262788 -3.476970 -6.439071 8.201532 2.001245 0.000077 -0.000022 0.000006 0.068306 -0.146669 -0.121535 0.839085 -3.826674 -10.631102 -0.711095 3.526671 -10.656733 25.270329 -20.300268 4.462799 -94.917969 -31.808569 -13.194423 178.538040 -32.843479 -179.524811 -1.000327 -13.927258 -12.928527 -5.882100 9.861279 0.702592 -10.936858 -0.360574 7.156196 0.000002 8.774812 0.000000 -16.436113 17.641102 5.630379 -1.844030 2.498502 -2.507275 -10.163589 4.678941 4.621105 -20.975994 -0.000003 0.000005 -21.226250 2.451694 -3.593993 -0.000001 -0.000005 -0.000001 -1.362679 2.240796 -0.746322 -21.334892 0.584908 3.008321 -13.821197 -0.000001 0.000004 -23.887129 -0.249076 -0.839480 -60.456741 2.038561 -1.625842 -0.294024 1.679686 0.833256 -14.218192 0.093214 1.300580 -34.211998 -0.287562 0.967172 -20.033175 0.964536 1.212843 0.000000 0.000000 0.000000 -3.440386 0.788232 0.501654 -15.928164 -3.167307 2.999705 -6.338815 -0.000001 0.000002 -18.123411 3.648177 -4.905659 -0.000006 0.000000 -0.000001 -12.873969 25.210295 7.960686 100.545120 44.609516 14.480511 178.084976 40.714771 179.361450 -8.296280 9.413947 -6.889236 2.243540 -5.255033 -3.180152 14.282877 -0.826593 6.952492 -0.000003 -12.690592 0.000000 16.417650 -18.483946 3.232468 1.665665 -1.955920 -2.878295 4.727794 -4.170583 4.993918 11.020512 0.000003 0.000000 12.109032 -3.735710 -2.866778 -0.000000 -0.000001 0.000001 1.291984 -1.928547 -1.498085 14.800111 0.567469 3.865600 14.242554 -1.341735 -6.660648 19.631939 0.143927 -0.648244 51.182667 -1.077436 -5.911791 0.353028 -1.511149 -0.031938 20.222769 3.684306 2.316625 18.787245 0.000005 -0.000001 10.751611 -0.479868 1.397904 0.000000 0.000001 -0.000001 3.273804 0.305947 -0.580110 21.486792 11.830365 2.266130 8.162916 0.000002 -0.000001 18.399050 -3.798980 -4.940568 0.000004 0.000000 -0.000001 15.304016 21.848738 -13.092780 -0.227625 -0.618366 16.369532 -13.077139 -10.991559 6.300016 1.663525 -1.864616 -3.060455 0.000000 0.000000 0.000002 -4.162547 -7.887922 -3.578772 0.001396 0.204634 21.184853 6.408176 4.609767 -12.841969 -1.438637 0.926579 -2.678935 -0.000000 -0.000000 -0.000001 
1.242428 97.537155 -8.735575 -2.713079 0.860741 -3.864001 2.103340 0.261034 2.163290 -0.110347 -0.734465 -4.681544 2.931389 -2.859097 16.273640 -5.726386 6.833125 17.939672 1.057133 6.237724 -3.487452 -6.424683 8.121177 1.959242 0.000077 -0.000021 0.000005 0.077185 -0.159074 -0.115464 0.852522 -3.839195 -10.627325 -0.708782 3.523778 -10.645630 25.087212 -20.248318 4.533355 -95.082413 -31.979927 -12.978727 178.498856 -32.793095 -179.524048 -1.231490 -14.111316 -12.406747 -5.882098 9.861278 0.702590 -10.936857 -0.360576 7.156199 0.000002 8.774814 -0.000001 -16.434198 17.611437 5.643762 -1.844031 2.498503 -2.507275 -10.163587 4.678938 4.621104 -20.975990 -0.000005 0.000005 -21.226242 2.451691 -3.593991 -0.000001 -0.000006 0.000001 -1.362680 2.240797 -0.746324 -21.334887 0.584906 3.008321 -13.821190 -0.000004 0.000003 -23.887121 -0.249079 -0.839478 -60.473343 2.032306 -1.649329 -0.294025 1.679686 0.833255 -14.218189 0.093213 1.300581 -34.211998 -0.287565 0.967175 -20.033173 0.964534 1.212845 -0.000000 0.000001 -0.000000 -3.440386 0.788233 0.501655 -15.928163 -3.167309 2.999704 -6.338815 -0.000001 0.000003 -18.123407 3.648177 -4.905659 -0.000006 0.000001 -0.000003 -12.609364 25.236845 8.097425 100.505905 44.578785 14.462113 178.095062 40.823917 179.331039 -8.288118 9.513763 -7.009028 2.243539 -5.255032 -3.180156 14.282878 -0.826592 6.952495 -0.000004 -12.690586 -0.000000 16.421953 -18.435989 3.232682 1.665665 -1.955920 -2.878296 4.727794 -4.170582 4.993915 11.020513 0.000003 -0.000001 12.109033 -3.735707 -2.866778 0.000001 0.000000 0.000000 1.291984 -1.928547 -1.498088 14.800114 0.567468 3.865606 14.242554 -1.341733 -6.660647 19.631939 0.143928 -0.648242 51.155922 -1.065439 -5.895400 0.353028 -1.511149 -0.031941 20.222773 3.684306 2.316629 18.787245 0.000006 0.000004 10.751610 -0.479866 1.397905 0.000000 0.000000 -0.000001 3.273804 0.305947 -0.580110 21.486794 11.830362 2.266128 8.162917 0.000003 0.000000 18.399057 -3.798980 -4.940564 0.000004 0.000001 -0.000001 15.378716 21.842939 -13.086234 -0.248257 -0.629583 16.627638 -13.084171 -11.107299 6.216424 1.662730 -1.875843 -3.029521 0.000000 -0.000000 0.000002 -4.157429 -7.915601 -3.251012 -0.003274 0.190382 20.912016 6.436953 4.586668 -12.804817 -1.438002 0.924813 -2.641319 -0.000000 -0.000000 -0.000001 
1.270933 97.542389 -8.669344 -2.761420 0.954086 -3.929605 2.125056 0.274499 2.084029 -0.105957 -0.728300 -4.691320 2.936277 -2.850530 16.259224 -5.692151 6.826595 17.877785 1.051473 6.205456 -3.510890 -6.411526 8.070319 1.973364 0.000077 -0.000022 0.000006 0.075282 -0.165356 -0.113746 0.859638 -3.851925 -10.623150 -0.706592 3.511200 -10.641458 24.942917 -20.197882 4.566939 -95.282455 -32.196457 -12.801243 178.498444 -32.747551 -179.511932 -1.436316 -14.240537 -11.840245 -5.882102 9.861278 0.702590 -10.936858 -0.360575 7.156196 0.000000 8.774815 -0.000002 -16.471928 17.575203 5.668540 -1.844031 2.498502 -2.507276 -10.163590 4.678940 4.621103 -20.975998 -0.000002 0.000003 -21.226254 2.451694 -3.593995 0.000000 -0.000005 -0.000000 -1.362680 2.240796 -0.746322 -21.334892 0.584909 3.008320 -13.821198 -0.000001 0.000002 -23.887133 -0.249077 -0.839482 -60.467068 2.030880 -1.629958 -0.294024 1.679686 0.833255 -14.218192 0.093215 1.300579 -34.212006 -0.287563 0.967169 -20.033178 0.964536 1.212839 0.000000 0.000001 0.000000 -3.440384 0.788233 0.501655 -15.928169 -3.167305 2.999702 -6.338818 -0.000000 0.000004 -18.123415 3.648177 -4.905663 -0.000006 0.000000 -0.000003 -12.336483 25.294537 8.243593 100.372246 44.542007 14.459735 178.146606 40.880497 179.371201 -8.274438 9.586702 -7.165018 2.243540 -5.255032 -3.180153 14.282875 -0.826593 6.952499 -0.000004 -12.690590 -0.000000 16.369389 -18.400249 3.263010 1.665664 -1.955920 -2.878298 4.727793 -4.170582 4.993919 11.020511 0.000004 0.000000 12.109031 -3.735709 -2.866779 -0.000001 0.000000 -0.000002 1.291984 -1.928547 -1.498088 14.800114 0.567468 3.865604 14.242551 -1.341734 -6.660648 19.631933 0.143926 -0.648241 51.046146 -1.053311 -5.868052 0.353028 -1.511149 -0.031938 20.222767 3.684308 2.316627 18.787245 0.000005 0.000002 10.751608 -0.479867 1.397904 -0.000001 -0.000000 -0.000001 3.273804 0.305947 -0.580110 21.486788 11.830363 2.266133 8.162916 0.000002 -0.000001 18.399052 -3.798979 -4.940566 0.000004 0.000000 -0.000001 15.431780 21.871559 -13.098888 -0.248790 -0.626970 16.815439 -13.118587 -11.217864 6.187072 1.663088 -1.873187 -2.992402 0.000000 0.000000 0.000002 -4.137483 -7.943248 -3.027029 -0.004822 0.200929 20.726185 6.452962 4.566873 -12.777472 -1.437651 0.921440 -2.623391 -0.000000 -0.000000 -0.000001 
1.316388 97.552811 -8.602727 -2.799297 1.023751 -3.982364 2.131054 0.264742 2.017948 -0.103531 -0.690402 -4.712614 2.955212 -2.838246 16.253138 -5.649405 6.804788 17.849680 1.042929 6.137459 -3.511856 -6.414545 8.030559 1.992035 0.000077 -0.000020 0.000006 0.087124 -0.170774 -0.116229 0.866815 -3.859110 -10.631174 -0.701707 3.508802 -10.648705 24.827417 -20.165751 4.628832 -95.451447 -32.447155 -12.622759 178.524323 -32.747601 -179.526627 -1.547513 -14.365530 -11.349307 -5.882100 9.861278 0.702589 -10.936856 -0.360576 7.156197 0.000002 8.774814 -0.000001 -16.493206 17.560753 5.682530 -1.844031 2.498503 -2.507276 -10.163587 4.678938 4.621104 -20.975994 -0.000005 0.000002 -21.226250 2.451690 -3.593993 -0.000001 -0.000005 0.000000 -1.362680 2.240796 -0.746323 -21.334887 0.584906 3.008319 -13.821194 -0.000003 0.000002 -23.887123 -0.249080 -0.839481 -60.472313 2.030202 -1.644236 -0.294025 1.679685 0.833255 -14.218189 0.093214 1.300578 -34.211998 -0.287565 0.967169 -20.033175 0.964535 1.212842 0.000000 0.000002 0.000000 -3.440386 0.788232 0.501653 -15.928165 -3.167308 2.999702 -6.338814 -0.000001 0.000003 -18.123411 3.648175 -4.905662 -0.000007 0.000001 -0.000001 -12.064098 25.304224 8.367238 100.319710 44.507488 14.515243 178.174179 40.975643 179.412537 -8.251640 9.725777 -7.382723 2.243540 -5.255032 -3.180156 14.282877 -0.826593 6.952496 -0.000002 -12.690591 0.000001 16.336241 -18.377447 3.247177 1.665665 -1.955920 -2.878297 4.727794 -4.170583 4.993919 11.020513 0.000002 -0.000001 12.109033 -3.735710 -2.866778 0.000000 -0.000001 -0.000000 1.291985 -1.928548 -1.498090 14.800113 0.567467 3.865602 14.242551 -1.341735 -6.660647 19.631941 0.143925 -0.648243 50.973076 -1.038922 -5.870777 0.353029 -1.511149 -0.031941 20.222769 3.684306 2.316629 18.787245 0.000004 -0.000000 10.751611 -0.479868 1.397904 -0.000000 0.000000 0.000001 3.273804 0.305947 -0.580111 21.486794 11.830361 2.266133 8.162916 0.000001 0.000000 18.399055 -3.798980 -4.940565 0.000004 0.000000 -0.000001 15.459678 21.857559 -13.078630 -0.244825 -0.636435 16.929274 -13.156106 -11.309099 6.136168 1.663220 -1.867217 -2.984270 0.000000 0.000000 0.000002 -4.144649 -7.983046 -2.807706 -0.000394 0.211080 20.514702 6.458766 4.565569 -12.729032 -1.435209 0.921964 -2.601892 -0.000000 -0.000000 -0.000001 
1.362261 97.569115 -8.562614 -2.832015 1.072858 -4.022360 2.130475 0.269067 1.963623 -0.103863 -0.663112 -4.722158 2.981939 -2.817902 16.254091 -5.611508 6.781518 17.804344 1.025970 6.079760 -3.518959 -6.419046 7.977841 2.037805 0.000077 -0.000022 0.000006 0.088005 -0.175367 -0.121888 0.869082 -3.853486 -10.625814 -0.703009 3.511229 -10.640744 24.789083 -20.159519 4.670081 -95.605408 -32.705215 -12.420515 178.504547 -32.758720 -179.502945 -1.668088 -14.439982 -10.931151 -5.882100 9.861279 0.702587 -10.936856 -0.360576 7.156196 0.000002 8.774815 -0.000002 -16.539127 17.553545 5.669672 -1.844030 2.498503 -2.507275 -10.163589 4.678940 4.621105 -20.975992 -0.000005 0.000004 -21.226254 2.451692 -3.593992 -0.000001 -0.000005 0.000000 -1.362680 2.240797 -0.746323 -21.334887 0.584907 3.008321 -13.821195 -0.000002 0.000003 -23.887129 -0.249079 -0.839479 -60.494785 2.025551 -1.620979 -0.294024 1.679686 0.833255 -14.218190 0.093213 1.300579 -34.211998 -0.287563 0.967173 -20.033175 0.964534 1.212843 0.000000 0.000002 -0.000000 -3.440384 0.788232 0.501656 -15.928163 -3.167308 2.999705 -6.338815 -0.000002 0.000001 -18.123411 3.648175 -4.905661 -0.000006 -0.000000 -0.000001 -11.821928 25.304638 8.465943 100.122093 44.452885 14.438990 178.157303 41.035755 179.437256 -8.294418 9.815612 -7.596686 2.243539 -5.255032 -3.180153 14.282877 -0.826591 6.952495 -0.000004 -12.690591 -0.000000 16.359594 -18.358284 3.231579 1.665665 -1.955920 -2.878295 4.727792 -4.170583 4.993919 11.020512 0.000004 0.000000 12.109032 -3.735708 -2.866779 0.000000 0.000000 -0.000001 1.291984 -1.928548 -1.498086 14.800114 0.567470 3.865605 14.242553 -1.341733 -6.660647 19.631939 0.143930 -0.648242 50.982464 -1.048603 -5.888378 0.353028 -1.511149 -0.031940 20.222773 3.684310 2.316628 18.787245 0.000007 0.000003 10.751610 -0.479866 1.397905 0.000000 0.000000 0.000000 3.273804 0.305947 -0.580109 21.486792 11.830366 2.266132 8.162916 0.000003 0.000000 18.399052 -3.798977 -4.940567 0.000003 0.000000 -0.000001 15.478148 21.816307 -13.048439 -0.241542 -0.632500 16.976665 -13.153997 -11.327561 6.111696 1.663802 -1.877006 -2.950041 -0.000000 -0.000001 0.000002 -4.144320 -7.995384 -2.621873 -0.002104 0.229306 20.295219 6.474796 4.550773 -12.655857 -1.434118 0.922468 -2.619898 0.000000 -0.000000 -0.000001 
1.411558 97.583939 -8.514107 -2.857546 1.120240 -4.065010 2.119054 0.266601 1.928556 -0.106404 -0.658594 -4.750885 3.014775 -2.775971 16.285646 -5.582023 6.761038 17.758249 1.003132 6.017219 -3.501310 -6.436607 7.912179 2.071699 0.000077 -0.000022 0.000006 0.082238 -0.169432 -0.120609 0.868943 -3.854719 -10.628448 -0.702127 3.502813 -10.641458 24.806412 -20.157202 4.722003 -95.794968 -32.998333 -12.213474 178.487976 -32.776085 -179.497009 -1.788805 -14.482493 -10.613791 -5.882102 9.861279 0.702589 -10.936859 -0.360573 7.156196 0.000000 8.774813 0.000001 -16.532751 17.569880 5.695395 -1.844031 2.498503 -2.507276 -10.163591 4.678941 4.621102 -20.976000 -0.000002 0.000002 -21.226255 2.451695 -3.593994 0.000000 -0.000006 -0.000000 -1.362680 2.240796 -0.746324 -21.334898 0.584910 3.008320 -13.821198 -0.000001 0.000002 -23.887133 -0.249076 -0.839483 -60.489532 2.049710 -1.606469 -0.294024 1.679686 0.833256 -14.218194 0.093216 1.300579 -34.212009 -0.287561 0.967168 -20.033182 0.964535 1.212840 0.000000 0.000001 0.000000 -3.440386 0.788233 0.501654 -15.928167 -3.167305 2.999705 -6.338817 0.000000 0.000002 -18.123421 3.648177 -4.905662 -0.000006 0.000001 -0.000002 -11.602205 25.338055 8.556638 99.956116 44.435307 14.382233 178.112411 41.079590 179.469650 -8.350889 9.873966 -7.810103 2.243540 -5.255033 -3.180155 14.282877 -0.826595 6.952496 -0.000001 -12.690591 0.000000 16.379244 -18.373529 3.238641 1.665665 -1.955919 -2.878294 4.727794 -4.170583 4.993921 11.020513 0.000003 -0.000001 12.109034 -3.735711 -2.866778 0.000000 0.000000 0.000000 1.291984 -1.928548 -1.498090 14.800114 0.567466 3.865603 14.242553 -1.341737 -6.660649 19.631939 0.143924 -0.648245 50.980053 -1.034016 -5.872653 0.353029 -1.511150 -0.031940 20.222771 3.684304 2.316629 18.787247 0.000002 0.000000 10.751612 -0.479869 1.397904 0.000000 -0.000001 -0.000000 3.273804 0.305947 -0.580110 21.486788 11.830361 2.266132 8.162916 0.000001 0.000000 18.399054 -3.798980 -4.940567 0.000004 0.000000 -0.000002 15.490513 21.756603 -13.034663 -0.236702 -0.630176 17.076571 -13.110022 -11.315857 6.064441 1.664036 -1.891097 -2.942552 0.000000 0.000000 0.000002 -4.158687 -7.997768 -2.429779 -0.001938 0.229783 20.081593 6.482303 4.549998 -12.590771 -1.434797 0.924018 -2.626221 0.000000 -0.000000 -0.000001 
1.467997 97.609467 -8.481156 -2.883213 1.170402 -4.089273 2.105124 0.249479 1.884125 -0.111560 -0.640376 -4.758239 3.043521 -2.748616 16.311012 -5.567487 6.748092 17.694071 0.999049 5.938114 -3.495597 -6.499227 7.902909 2.113112 0.000077 -0.000022 0.000005 0.088406 -0.182036 -0.120271 0.874604 -3.854720 -10.606754 -0.701127 3.500890 -10.625069 24.867905 -20.178780 4.736445 -95.979607 -33.241528 -12.096389 178.463165 -32.770298 -179.476089 -1.908300 -14.466669 -10.460072 -5.882102 9.861278 0.702591 -10.936857 -0.360575 7.156197 0.000001 8.774812 -0.000001 -16.516897 17.564152 5.701322 -1.844031 2.498502 -2.507276 -10.163589 4.678941 4.621105 -20.975998 -0.000003 0.000003 -21.226254 2.451693 -3.593992 0.000000 -0.000006 0.000001 -1.362680 2.240796 -0.746323 -21.334887 0.584909 3.008320 -13.821197 -0.000002 0.000003 -23.887129 -0.249078 -0.839482 -60.469357 2.045727 -1.577267 -0.294025 1.679686 0.833256 -14.218192 0.093215 1.300577 -34.212006 -0.287562 0.967167 -20.033180 0.964536 1.212840 0.000000 0.000001 0.000000 -3.440385 0.788233 0.501655 -15.928167 -3.167305 2.999703 -6.338819 -0.000000 0.000002 -18.123415 3.648177 -4.905661 -0.000006 0.000001 -0.000002 -11.430268 25.375290 8.668920 99.847801 44.445465 14.406291 178.093933 41.120663 179.514725 -8.424345 9.888713 -8.046159 2.243540 -5.255032 -3.180156 14.282877 -0.826595 6.952494 -0.000001 -12.690588 -0.000002 16.360144 -18.370012 3.230217 1.665665 -1.955920 -2.878297 4.727794 -4.170584 4.993919 11.020512 0.000002 0.000000 12.109033 -3.735709 -2.866780 0.000000 0.000000 0.000000 1.291985 -1.928548 -1.498088 14.800111 0.567466 3.865603 14.242553 -1.341736 -6.660650 19.631939 0.143924 -0.648243 51.006264 -1.005762 -5.878870 0.353029 -1.511149 -0.031937 20.222769 3.684303 2.316628 18.787245 0.000002 -0.000001 10.751608 -0.479869 1.397903 0.000000 0.000000 0.000001 3.273804 0.305946 -0.580109 21.486788 11.830359 2.266134 8.162917 0.000001 0.000000 18.399054 -3.798981 -4.940570 0.000003 0.000000 -0.000001 15.489243 21.687904 -13.033467 -0.237403 -0.620923 17.138643 -13.059048 -11.345672 6.065467 1.664611 -1.893263 -2.941072 0.000000 0.000000 0.000002 -4.164267 -7.968195 -2.241669 -0.005992 0.231910 19.810387 6.492285 4.508367 -12.488213 -1.435683 0.922670 -2.648902 -0.000000 -0.000000 -0.000001 
1.521788 97.641815 -8.459015 -2.909862 1.177932 -4.100236 2.092235 0.258904 1.852527 -0.118305 -0.645254 -4.771782 3.068264 -2.727476 16.323280 -5.564447 6.757202 17.642239 0.980082 5.888384 -3.477632 -6.569441 7.869582 2.182507 0.000076 -0.000022 0.000006 0.095061 -0.187808 -0.121087 0.877862 -3.860889 -10.589704 -0.697129 3.489381 -10.609085 24.931986 -20.140846 4.731754 -96.125214 -33.454372 -11.985507 178.444214 -32.774212 -179.471512 -1.993104 -14.466437 -10.482769 -5.882101 9.861278 0.702591 -10.936858 -0.360575 7.156196 0.000002 8.774813 -0.000001 -16.490454 17.587368 5.713460 -1.844031 2.498502 -2.507276 -10.163589 4.678940 4.621105 -20.975992 -0.000004 0.000002 -21.226250 2.451692 -3.593995 -0.000001 -0.000006 0.000001 -1.362680 2.240796 -0.746324 -21.334887 0.584908 3.008320 -13.821195 -0.000004 0.000001 -23.887125 -0.249080 -0.839481 -60.469894 2.043540 -1.577069 -0.294025 1.679686 0.833255 -14.218190 0.093213 1.300578 -34.211998 -0.287566 0.967170 -20.033178 0.964533 1.212842 0.000000 0.000002 0.000000 -3.440386 0.788233 0.501656 -15.928164 -3.167307 2.999702 -6.338815 -0.000001 0.000003 -18.123411 3.648175 -4.905660 -0.000005 0.000001 -0.000002 -11.276563 25.412516 8.802840 99.702469 44.446690 14.456188 178.081467 41.130302 179.544815 -8.517918 9.902443 -8.305951 2.243540 -5.255031 -3.180154 14.282877 -0.826593 6.952496 -0.000003 -12.690590 0.000000 16.367746 -18.361715 3.231529 1.665665 -1.955920 -2.878296 4.727792 -4.170583 4.993918 11.020512 0.000003 0.000000 12.109031 -3.735709 -2.866781 -0.000001 0.000001 -0.000002 1.291984 -1.928548 -1.498088 14.800114 0.567468 3.865605 14.242553 -1.341734 -6.660650 19.631937 0.143928 -0.648243 51.031719 -1.023650 -5.868031 0.353029 -1.511149 -0.031939 20.222769 3.684305 2.316629 18.787245 0.000006 -0.000001 10.751611 -0.479867 1.397903 0.000000 0.000000 -0.000001 3.273803 0.305947 -0.580108 21.486788 11.830361 2.266130 8.162916 0.000002 -0.000002 18.399054 -3.798979 -4.940565 0.000004 0.000001 -0.000001 15.491364 21.645267 -13.019078 -0.229046 -0.599864 17.162388 -13.023805 -11.354938 6.100143 1.662831 -1.886095 -2.946777 0.000000 -0.000000 0.000002 -4.167387 -7.935823 -2.069546 -0.005549 0.231273 19.511761 6.496357 4.497813 -12.353660 -1.435221 0.922808 -2.685313 -0.000000 -0.000000 -0.000001 
1.549568 97.662064 -8.418743 -2.943225 1.157121 -4.096546 2.082669 0.255887 1.826702 -0.127705 -0.646744 -4.785820 3.093761 -2.687111 16.327658 -5.568133 6.750212 17.619444 0.938872 5.822450 -3.490889 -6.606147 7.831590 2.227650 0.000076 -0.000021 0.000007 0.089156 -0.176954 -0.108438 0.869684 -3.845986 -10.574246 -0.695326 3.495564 -10.593731 24.981821 -20.115992 4.745527 -96.244698 -33.634464 -11.888592 178.435577 -32.778599 -179.459152 -2.046968 -14.440372 -10.488385 -5.882102 9.861280 0.702590 -10.936858 -0.360574 7.156196 -0.000000 8.774813 -0.000000 -16.482893 17.584743 5.713725 -1.844030 2.498502 -2.507276 -10.163589 4.678941 4.621103 -20.975994 -0.000002 0.000002 -21.226250 2.451694 -3.593995 -0.000001 -0.000006 0.000000 -1.362679 2.240796 -0.746321 -21.334887 0.584909 3.008320 -13.821194 -0.000002 0.000002 -23.887125 -0.249078 -0.839483 -60.462601 2.049663 -1.568375 -0.294025 1.679687 0.833257 -14.218192 0.093216 1.300578 -34.211998 -0.287563 0.967168 -20.033176 0.964535 1.212840 0.000000 0.000001 0.000000 -3.440385 0.788232 0.501656 -15.928167 -3.167306 2.999703 -6.338814 -0.000001 0.000001 -18.123411 3.648178 -4.905662 -0.000006 0.000001 -0.000003 -11.136830 25.455601 8.923149 99.565910 44.428101 14.478607 178.076248 41.160263 179.554474 -8.545872 9.940437 -8.407723 2.243540 -5.255032 -3.180156 14.282877 -0.826593 6.952494 -0.000002 -12.690592 0.000000 16.365450 -18.371025 3.232198 1.665665 -1.955920 -2.878297 4.727794 -4.170583 4.993916 11.020513 0.000002 0.000001 12.109031 -3.735709 -2.866778 -0.000001 0.000001 -0.000001 1.291984 -1.928548 -1.498088 14.800113 0.567467 3.865607 14.242553 -1.341734 -6.660647 19.631939 0.143925 -0.648243 51.012249 -1.022909 -5.867453 0.353029 -1.511149 -0.031938 20.222771 3.684307 2.316630 18.787247 0.000006 0.000000 10.751612 -0.479867 1.397904 -0.000001 0.000001 -0.000002 3.273804 0.305947 -0.580111 21.486794 11.830363 2.266132 8.162917 0.000003 0.000000 18.399055 -3.798978 -4.940565 0.000004 0.000000 0.000000 15.527022 21.619576 -12.982732 -0.232251 -0.598750 17.158791 -12.988503 -11.304898 6.073351 1.660925 -1.880141 -2.942228 0.000000 0.000000 0.000002 -4.142953 -7.902129 -1.947388 -0.007004 0.240835 19.297466 6.478612 4.487778 -12.271727 -1.435442 0.929837 -2.705330 0.000000 0.000000 -0.000001 
1.565365 97.685013 -8.405409 -2.984958 1.156785 -4.068959 2.073724 0.259829 1.787326 -0.131758 -0.650774 -4.796757 3.109037 -2.665581 16.323410 -5.577486 6.744368 17.594482 0.900728 5.781138 -3.493191 -6.622802 7.752516 2.263957 0.000076 -0.000020 0.000006 0.085984 -0.175620 -0.119574 0.865097 -3.834741 -10.575358 -0.701187 3.497177 -10.597332 24.970951 -20.073654 4.792038 -96.308327 -33.798622 -11.754790 178.441711 -32.767464 -179.442566 -2.056054 -14.452263 -10.506217 -5.882102 9.861278 0.702589 -10.936858 -0.360575 7.156197 0.000002 8.774812 0.000000 -16.480597 17.599133 5.708800 -1.844030 2.498502 -2.507276 -10.163591 4.678940 4.621104 -20.975998 -0.000004 0.000002 -21.226255 2.451693 -3.593993 -0.000001 -0.000005 0.000000 -1.362681 2.240796 -0.746323 -21.334887 0.584908 3.008320 -13.821197 -0.000003 0.000001 -23.887129 -0.249078 -0.839482 -60.460148 2.040664 -1.560595 -0.294024 1.679686 0.833255 -14.218194 0.093214 1.300578 -34.212002 -0.287564 0.967169 -20.033180 0.964533 1.212841 0.000000 0.000001 0.000000 -3.440387 0.788232 0.501655 -15.928171 -3.167306 2.999702 -6.338817 -0.000001 0.000002 -18.123413 3.648175 -4.905660 -0.000005 -0.000000 -0.000002 -10.971444 25.488735 9.074574 99.411507 44.428337 14.493061 178.064804 41.168613 179.563553 -8.559412 9.984902 -8.426893 2.243540 -5.255032 -3.180155 14.282878 -0.826593 6.952494 -0.000002 -12.690590 -0.000001 16.362177 -18.346939 3.224938 1.665665 -1.955919 -2.878297 4.727794 -4.170583 4.993917 11.020513 0.000003 0.000000 12.109034 -3.735710 -2.866781 -0.000001 -0.000001 -0.000001 1.291984 -1.928548 -1.498089 14.800111 0.567468 3.865604 14.242553 -1.341733 -6.660650 19.631939 0.143925 -0.648243 50.994625 -1.032653 -5.857662 0.353029 -1.511150 -0.031941 20.222771 3.684306 2.316627 18.787245 0.000004 0.000001 10.751614 -0.479869 1.397903 -0.000000 0.000001 -0.000001 3.273804 0.305947 -0.580110 21.486790 11.830362 2.266132 8.162917 0.000003 -0.000001 18.399054 -3.798978 -4.940566 0.000003 0.000000 0.000000 15.558228 21.591766 -12.958044 -0.235645 -0.585066 17.068491 -12.978786 -11.249188 6.095512 1.658514 -1.875728 -2.920849 -0.000000 -0.000000 0.000002 -4.101031 -7.914296 -1.869533 -0.010149 0.251326 19.090130 6.450295 4.497717 -12.173744 -1.434619 0.934057 -2.705902 -0.000000 -0.000000 -0.000001 
1.597784 97.700798 -8.370425 -3.026739 1.157781 -4.041407 2.060227 0.252512 1.741089 -0.139003 -0.653782 -4.812873 3.120629 -2.634685 16.325140 -5.561088 6.723825 17.600084 0.861468 5.760640 -3.513227 -6.633574 7.678326 2.255832 0.000076 -0.000023 0.000006 0.083536 -0.159857 -0.108631 0.864493 -3.825815 -10.554893 -0.700765 3.506300 -10.577953 24.927187 -20.047529 4.856806 -96.303261 -33.956394 -11.614111 178.448471 -32.779240 -179.423706 -2.076294 -14.463078 -10.445159 -5.882102 9.861278 0.702589 -10.936859 -0.360575 7.156199 0.000001 8.774813 -0.000001 -16.466921 17.610435 5.712764 -1.844030 2.498502 -2.507275 -10.163589 4.678940 4.621105 -20.975992 -0.000004 0.000004 -21.226255 2.451693 -3.593994 -0.000001 -0.000006 0.000000 -1.362680 2.240797 -0.746322 -21.334890 0.584908 3.008322 -13.821197 -0.000003 0.000004 -23.887131 -0.249079 -0.839480 -60.429619 2.040470 -1.535598 -0.294024 1.679686 0.833255 -14.218194 0.093214 1.300581 -34.211998 -0.287563 0.967171 -20.033176 0.964535 1.212843 0.000000 0.000002 0.000000 -3.440385 0.788233 0.501655 -15.928171 -3.167307 2.999706 -6.338817 -0.000001 0.000002 -18.123415 3.648177 -4.905660 -0.000007 0.000001 -0.000002 -10.784390 25.531618 9.249185 99.210434 44.460880 14.381804 178.021149 41.176914 179.548203 -8.580397 10.037116 -8.397819 2.243540 -5.255033 -3.180156 14.282875 -0.826592 6.952497 -0.000003 -12.690592 -0.000001 16.343025 -18.333210 3.226484 1.665664 -1.955920 -2.878296 4.727793 -4.170583 4.993917 11.020512 0.000002 -0.000001 12.109035 -3.735710 -2.866781 0.000000 0.000001 -0.000001 1.291984 -1.928548 -1.498091 14.800111 0.567468 3.865605 14.242551 -1.341734 -6.660648 19.631939 0.143926 -0.648243 50.987583 -1.023407 -5.854010 0.353029 -1.511149 -0.031938 20.222769 3.684308 2.316629 18.787243 0.000006 0.000001 10.751608 -0.479867 1.397904 0.000000 0.000000 -0.000002 3.273804 0.305947 -0.580111 21.486792 11.830366 2.266131 8.162916 0.000003 0.000001 18.399048 -3.798977 -4.940566 0.000003 0.000001 0.000000 15.578025 21.577095 -12.949167 -0.237043 -0.596753 17.036179 -12.942819 -11.209393 6.044546 1.655986 -1.864579 -2.893502 0.000000 0.000000 0.000002 -4.075564 -7.923632 -1.784903 -0.010402 0.252965 18.901670 6.473333 4.504138 -12.095016 -1.434850 0.930919 -2.670810 -0.000000 -0.000000 -0.000001 
1.593510 97.738014 -8.303003 -3.068185 1.160465 -4.011661 2.046012 0.259491 1.686955 -0.144648 -0.653859 -4.841215 3.118375 -2.621114 16.343761 -5.534069 6.697461 17.619322 0.828483 5.764572 -3.534485 -6.651393 7.621906 2.254994 0.000076 -0.000023 0.000007 0.080398 -0.163162 -0.119353 0.862280 -3.827608 -10.567965 -0.709213 3.500895 -10.590055 24.877531 -20.014452 4.947156 -96.297623 -34.105305 -11.470942 178.430954 -32.760792 -179.418015 -2.105074 -14.459759 -10.240877 -5.882102 9.861278 0.702591 -10.936862 -0.360574 7.156196 0.000000 8.774813 0.000000 -16.483305 17.622984 5.717067 -1.844031 2.498502 -2.507276 -10.163589 4.678940 4.621105 -20.975998 -0.000002 0.000004 -21.226255 2.451694 -3.593994 -0.000001 -0.000005 0.000000 -1.362680 2.240796 -0.746322 -21.334890 0.584909 3.008320 -13.821194 -0.000002 0.000003 -23.887129 -0.249078 -0.839482 -60.457314 2.032542 -1.523940 -0.294025 1.679686 0.833254 -14.218192 0.093215 1.300578 -34.211998 -0.287563 0.967169 -20.033176 0.964535 1.212841 0.000000 -0.000000 0.000000 -3.440386 0.788232 0.501655 -15.928171 -3.167305 2.999703 -6.338819 0.000000 0.000001 -18.123415 3.648175 -4.905662 -0.000006 0.000001 -0.000002 -10.622830 25.574610 9.386104 99.036926 44.464817 14.265989 177.966385 41.136906 179.527603 -8.553466 10.055366 -8.421971 2.243540 -5.255033 -3.180156 14.282878 -0.826594 6.952494 -0.000001 -12.690590 -0.000002 16.335516 -18.308372 3.211600 1.665665 -1.955920 -2.878299 4.727794 -4.170584 4.993917 11.020513 0.000002 -0.000001 12.109034 -3.735709 -2.866783 0.000000 0.000000 -0.000001 1.291984 -1.928548 -1.498090 14.800114 0.567467 3.865602 14.242553 -1.341736 -6.660646 19.631937 0.143925 -0.648245 50.941540 -1.045284 -5.822519 0.353029 -1.511149 -0.031939 20.222771 3.684305 2.316628 18.787247 0.000004 -0.000001 10.751611 -0.479868 1.397902 -0.000001 0.000001 -0.000001 3.273805 0.305947 -0.580109 21.486792 11.830363 2.266130 8.162916 0.000002 -0.000002 18.399054 -3.798980 -4.940568 0.000003 0.000000 -0.000002 15.627928 21.591822 -12.921318 -0.236696 -0.612406 17.003223 -12.956571 -11.215852 6.113779 1.657853 -1.863660 -2.874811 0.000000 0.000000 0.000002 -4.024762 -7.925569 -1.610004 -0.010034 0.255809 18.566984 6.477284 4.514709 -11.967571 -1.435610 0.922757 -2.614190 0.000000 0.000000 -0.000001 
1.602818 97.757980 -8.202463 -3.106791 1.175121 -3.970453 2.033466 0.269545 1.621124 -0.153964 -0.634863 -4.860970 3.115147 -2.620472 16.334682 -5.501511 6.690139 17.622332 0.818441 5.722658 -3.548345 -6.679062 7.600583 2.270560 0.000076 -0.000022 0.000006 0.081277 -0.163276 -0.126131 0.869573 -3.821734 -10.576952 -0.715086 3.502879 -10.600446 24.805386 -19.976389 5.012794 -96.235115 -34.192673 -11.329374 178.442596 -32.726891 -179.419846 -2.091274 -14.461182 -10.026796 -5.882101 9.861279 0.702588 -10.936858 -0.360575 7.156195 0.000001 8.774813 -0.000001 -16.494423 17.624033 5.715355 -1.844030 2.498503 -2.507275 -10.163589 4.678940 4.621102 -20.975996 -0.000004 0.000002 -21.226254 2.451692 -3.593996 0.000000 -0.000006 -0.000001 -1.362680 2.240797 -0.746323 -21.334892 0.584908 3.008318 -13.821194 -0.000003 0.000000 -23.887131 -0.249081 -0.839482 -60.503712 2.012376 -1.516278 -0.294024 1.679686 0.833255 -14.218190 0.093214 1.300579 -34.211998 -0.287567 0.967168 -20.033176 0.964533 1.212842 0.000000 0.000000 -0.000000 -3.440384 0.788233 0.501655 -15.928169 -3.167305 2.999702 -6.338816 -0.000001 0.000000 -18.123413 3.648175 -4.905663 -0.000006 0.000001 -0.000001 -10.495057 25.591806 9.476437 98.923561 44.446655 14.223962 177.934647 41.124756 179.563248 -8.569869 10.060714 -8.559949 2.243539 -5.255033 -3.180155 14.282875 -0.826593 6.952496 -0.000002 -12.690590 -0.000001 16.336273 -18.297882 3.230348 1.665665 -1.955919 -2.878296 4.727793 -4.170583 4.993919 11.020510 0.000003 -0.000001 12.109031 -3.735710 -2.866777 0.000000 0.000000 -0.000002 1.291984 -1.928548 -1.498088 14.800113 0.567468 3.865604 14.242553 -1.341734 -6.660648 19.631937 0.143927 -0.648242 50.898178 -1.058151 -5.815448 0.353028 -1.511149 -0.031941 20.222767 3.684305 2.316630 18.787245 0.000003 0.000001 10.751608 -0.479868 1.397904 -0.000000 0.000001 -0.000001 3.273804 0.305946 -0.580111 21.486790 11.830360 2.266131 8.162916 0.000002 0.000001 18.399050 -3.798978 -4.940566 0.000003 0.000000 -0.000001 15.669488 21.609856 -12.893356 -0.238709 -0.620115 16.985149 -12.992303 -11.241440 6.070436 1.659361 -1.860017 -2.861025 -0.000000 -0.000000 0.000002 -3.992417 -7.941119 -1.463911 -0.007558 0.254580 18.318972 6.488171 4.540904 -11.905286 -1.436130 0.913613 -2.570505 -0.000000 -0.000000 -0.000001 
1.547376 97.801323 -8.119245 -3.135481 1.195497 -3.931535 2.016572 0.274254 1.549477 -0.163041 -0.600436 -4.883834 3.097904 -2.637167 16.333786 -5.460442 6.692203 17.625254 0.820933 5.681438 -3.549807 -6.704543 7.608524 2.284263 0.000076 -0.000022 0.000007 0.090649 -0.181978 -0.118605 0.879077 -3.840293 -10.573566 -0.701530 3.478493 -10.595704 24.718409 -19.904200 5.092535 -96.163002 -34.315460 -11.212640 178.450638 -32.700523 -179.413055 -2.071171 -14.475739 -9.832537 -5.882101 9.861278 0.702590 -10.936859 -0.360574 7.156198 0.000001 8.774814 -0.000001 -16.506559 17.620480 5.726361 -1.844030 2.498502 -2.507275 -10.163589 4.678940 4.621105 -20.975992 -0.000003 0.000003 -21.226250 2.451692 -3.593993 0.000000 -0.000006 -0.000000 -1.362680 2.240796 -0.746324 -21.334894 0.584909 3.008320 -13.821193 -0.000003 0.000002 -23.887129 -0.249078 -0.839482 -60.559143 1.990949 -1.522000 -0.294024 1.679686 0.833255 -14.218194 0.093215 1.300578 -34.212002 -0.287563 0.967170 -20.033176 0.964535 1.212841 0.000000 0.000002 0.000000 -3.440386 0.788233 0.501655 -15.928169 -3.167306 2.999703 -6.338818 -0.000001 0.000001 -18.123413 3.648174 -4.905663 -0.000006 0.000002 -0.000002 -10.379191 25.619257 9.570437 98.849869 44.409756 14.357412 178.004272 41.097301 179.673233 -8.541199 10.099353 -8.721086 2.243539 -5.255033 -3.180155 14.282877 -0.826594 6.952495 -0.000001 -12.690593 -0.000003 16.362589 -18.289188 3.229965 1.665665 -1.955919 -2.878296 4.727794 -4.170583 4.993920 11.020512 0.000002 -0.000001 12.109031 -3.735709 -2.866784 0.000000 0.000001 -0.000001 1.291984 -1.928548 -1.498087 14.800113 0.567467 3.865604 14.242551 -1.341735 -6.660648 19.631939 0.143926 -0.648242 50.852097 -1.084045 -5.815216 0.353029 -1.511150 -0.031942 20.222769 3.684307 2.316628 18.787245 0.000005 -0.000000 10.751610 -0.479868 1.397903 0.000000 0.000000 -0.000002 3.273804 0.305947 -0.580112 21.486790 11.830364 2.266130 8.162916 0.000002 0.000000 18.399052 -3.798981 -4.940568 0.000003 0.000001 -0.000001 15.740564 21.605684 -12.831927 -0.245788 -0.632181 16.874922 -13.040598 -11.216728 6.215819 1.660513 -1.855706 -2.833980 0.000000 0.000000 0.000002 -3.924771 -7.972882 -1.279106 -0.012082 0.245033 17.972231 6.419485 4.555415 -11.789188 -1.436717 0.900262 -2.562643 0.000000 -0.000000 -0.000001 
1.509618 97.836014 -8.034192 -3.168655 1.201251 -3.904037 2.004527 0.287795 1.487252 -0.172968 -0.589141 -4.908802 3.087463 -2.634057 16.344494 -5.428398 6.724246 17.665779 0.827126 5.659831 -3.577060 -6.744089 7.630665 2.338820 0.000076 -0.000021 0.000006 0.102911 -0.193813 -0.120616 0.889981 -3.853208 -10.588697 -0.691858 3.467046 -10.614024 24.622660 -19.810976 5.193962 -96.087357 -34.424984 -11.035778 178.400558 -32.666538 -179.410202 -2.117232 -14.452782 -9.559178 -5.882101 9.861279 0.702590 -10.936858 -0.360574 7.156196 0.000001 8.774815 -0.000001 -16.517292 17.621737 5.721786 -1.844031 2.498503 -2.507276 -10.163589 4.678939 4.621103 -20.975992 -0.000004 0.000002 -21.226254 2.451692 -3.593993 -0.000001 -0.000006 0.000001 -1.362680 2.240797 -0.746324 -21.334890 0.584908 3.008318 -13.821197 -0.000003 0.000001 -23.887129 -0.249079 -0.839482 -60.631695 1.991184 -1.547631 -0.294024 1.679686 0.833256 -14.218192 0.093214 1.300579 -34.211998 -0.287565 0.967168 -20.033178 0.964534 1.212841 0.000000 0.000001 0.000000 -3.440384 0.788232 0.501656 -15.928167 -3.167306 2.999705 -6.338817 -0.000001 0.000001 -18.123415 3.648176 -4.905662 -0.000006 0.000001 -0.000002 -10.284382 25.683380 9.660565 98.806419 44.382042 14.554528 178.114197 41.046543 179.749008 -8.461378 10.115919 -8.797293 2.243540 -5.255032 -3.180155 14.282878 -0.826595 6.952495 -0.000001 -12.690588 0.000001 16.403728 -18.271425 3.221222 1.665665 -1.955920 -2.878297 4.727795 -4.170584 4.993920 11.020513 0.000002 -0.000001 12.109034 -3.735711 -2.866779 0.000000 0.000001 -0.000001 1.291984 -1.928548 -1.498090 14.800113 0.567468 3.865601 14.242554 -1.341735 -6.660648 19.631937 0.143924 -0.648243 50.823952 -1.101575 -5.811810 0.353028 -1.511150 -0.031938 20.222767 3.684305 2.316628 18.787243 0.000004 0.000001 10.751610 -0.479869 1.397905 -0.000001 0.000002 -0.000001 3.273804 0.305947 -0.580111 21.486795 11.830361 2.266131 8.162917 0.000001 -0.000001 18.399055 -3.798980 -4.940566 0.000003 0.000000 -0.000001 15.813091 21.617437 -12.775887 -0.252172 -0.646768 16.815807 -13.064513 -11.183166 6.299720 1.661382 -1.857981 -2.833834 0.000000 -0.000001 0.000002 -3.870723 -8.006014 -1.097991 -0.009307 0.238980 17.657932 6.357944 4.582952 -11.687241 -1.437136 0.892416 -2.549659 0.000000 0.000000 -0.000001 
1.463338 97.859749 -7.989574 -3.198612 1.219776 -3.862863 1.999832 0.305580 1.428205 -0.190001 -0.582978 -4.940567 3.086717 -2.607647 16.351788 -5.412772 6.746562 17.691996 0.834543 5.674669 -3.582056 -6.764745 7.638266 2.377218 0.000076 -0.000022 0.000007 0.104474 -0.204589 -0.124896 0.894268 -3.865568 -10.611093 -0.688165 3.454307 -10.625413 24.492666 -19.712826 5.302171 -96.001999 -34.560223 -10.848584 178.379532 -32.663036 -179.397202 -2.114396 -14.424419 -9.334213 -5.882101 9.861281 0.702590 -10.936861 -0.360574 7.156199 0.000001 8.774816 -0.000001 -16.510805 17.625986 5.723271 -1.844031 2.498503 -2.507277 -10.163590 4.678941 4.621105 -20.975996 -0.000003 0.000005 -21.226255 2.451694 -3.593992 -0.000001 -0.000006 0.000000 -1.362680 2.240797 -0.746322 -21.334898 0.584909 3.008323 -13.821197 -0.000002 0.000004 -23.887133 -0.249077 -0.839479 -60.631210 2.005867 -1.553772 -0.294025 1.679687 0.833256 -14.218194 0.093214 1.300579 -34.212002 -0.287561 0.967172 -20.033186 0.964537 1.212842 0.000000 0.000000 0.000000 -3.440386 0.788232 0.501654 -15.928169 -3.167308 2.999704 -6.338817 -0.000001 0.000003 -18.123421 3.648179 -4.905661 -0.000006 0.000001 -0.000001 -10.166806 25.738468 9.727479 98.706375 44.328327 14.809446 178.276321 41.018452 179.863174 -8.397905 10.134480 -8.734546 2.243540 -5.255033 -3.180154 14.282877 -0.826595 6.952494 -0.000000 -12.690590 -0.000002 16.418428 -18.260252 3.199662 1.665665 -1.955920 -2.878296 4.727795 -4.170584 4.993917 11.020513 0.000002 -0.000001 12.109034 -3.735713 -2.866779 0.000000 0.000001 -0.000001 1.291984 -1.928549 -1.498089 14.800113 0.567465 3.865604 14.242554 -1.341736 -6.660649 19.631941 0.143922 -0.648243 50.812122 -1.097006 -5.793571 0.353029 -1.511150 -0.031940 20.222773 3.684304 2.316629 18.787249 0.000002 0.000001 10.751612 -0.479869 1.397905 -0.000000 0.000001 -0.000002 3.273804 0.305946 -0.580111 21.486790 11.830360 2.266132 8.162917 0.000001 -0.000001 18.399057 -3.798980 -4.940567 0.000003 0.000001 -0.000002 15.866628 21.638948 -12.751084 -0.256938 -0.656521 16.717510 -13.058491 -11.143040 6.383956 1.662545 -1.865793 -2.811513 -0.000000 -0.000000 0.000002 -3.809402 -8.068092 -1.016990 -0.015516 0.234560 17.466047 6.301590 4.603529 -11.619642 -1.438113 0.891901 -2.518561 0.000000 0.000000 -0.000001 
1.442459 97.874100 -7.941599 -3.235900 1.243320 -3.837673 2.000458 0.286471 1.363213 -0.204902 -0.546457 -4.959168 3.102319 -2.596688 16.350933 -5.414719 6.755672 17.760849 0.846218 5.699641 -3.600041 -6.797939 7.698570 2.373954 0.000076 -0.000022 0.000006 0.103534 -0.193584 -0.120493 0.888524 -3.861409 -10.621131 -0.682054 3.467275 -10.634182 24.398582 -19.634773 5.407183 -95.918678 -34.708061 -10.688072 178.326675 -32.645340 -179.328308 -2.064316 -14.358232 -9.219951 -5.882101 9.861278 0.702590 -10.936858 -0.360576 7.156196 0.000001 8.774817 -0.000002 -16.502092 17.634552 5.740993 -1.844030 2.498502 -2.507276 -10.163589 4.678941 4.621102 -20.975994 -0.000004 0.000002 -21.226250 2.451691 -3.593995 -0.000001 -0.000006 -0.000001 -1.362680 2.240797 -0.746325 -21.334890 0.584907 3.008318 -13.821195 -0.000004 0.000001 -23.887131 -0.249080 -0.839483 -60.592072 2.007096 -1.542234 -0.294025 1.679686 0.833254 -14.218194 0.093214 1.300577 -34.212006 -0.287566 0.967169 -20.033180 0.964534 1.212842 -0.000000 0.000001 -0.000000 -3.440386 0.788232 0.501654 -15.928169 -3.167308 2.999702 -6.338817 -0.000000 0.000000 -18.123415 3.648177 -4.905663 -0.000007 0.000001 -0.000002 -10.085275 25.818438 9.785588 98.657272 44.266376 15.024296 178.438599 40.956699 179.970367 -8.324414 10.128799 -8.658679 2.243539 -5.255033 -3.180153 14.282875 -0.826595 6.952495 -0.000003 -12.690588 0.000002 16.458107 -18.240671 3.188318 1.665664 -1.955920 -2.878294 4.727794 -4.170583 4.993919 11.020512 0.000004 -0.000001 12.109029 -3.735709 -2.866780 -0.000000 0.000001 -0.000002 1.291984 -1.928548 -1.498088 14.800111 0.567468 3.865604 14.242553 -1.341735 -6.660648 19.631939 0.143927 -0.648241 50.818150 -1.093762 -5.771737 0.353029 -1.511149 -0.031941 20.222769 3.684306 2.316629 18.787241 0.000005 0.000003 10.751613 -0.479869 1.397902 -0.000000 0.000002 -0.000002 3.273804 0.305946 -0.580110 21.486790 11.830362 2.266128 8.162916 0.000003 0.000001 18.399054 -3.798981 -4.940567 0.000003 0.000001 -0.000001 15.914031 21.649523 -12.730598 -0.251926 -0.659051 16.662836 -13.040102 -11.142665 6.396210 1.664925 -1.866476 -2.793038 -0.000000 -0.000000 0.000002 -3.771297 -8.170559 -0.926518 -0.009570 0.244507 17.301168 6.267905 4.626475 -11.564611 -1.437502 0.886572 -2.462249 -0.000000 -0.000000 -0.000001 
1.366358 97.895378 -7.930611 -3.257743 1.296661 -3.830676 2.002484 0.272299 1.323055 -0.214372 -0.534943 -4.981962 3.117478 -2.567276 16.354347 -5.444239 6.776245 17.860023 0.849373 5.753619 -3.607502 -6.828946 7.740687 2.355021 0.000076 -0.000021 0.000007 0.097311 -0.187806 -0.119394 0.881989 -3.861763 -10.639421 -0.687012 3.484413 -10.650447 24.334263 -19.592812 5.489552 -95.872658 -34.822689 -10.587063 178.308792 -32.606552 -179.287598 -1.957358 -14.309592 -9.133616 -5.882101 9.861279 0.702591 -10.936858 -0.360575 7.156196 -0.000001 8.774812 -0.000001 -16.500145 17.667358 5.740379 -1.844031 2.498502 -2.507277 -10.163589 4.678939 4.621103 -20.975994 -0.000005 0.000002 -21.226255 2.451692 -3.593995 0.000000 -0.000005 -0.000001 -1.362681 2.240796 -0.746323 -21.334892 0.584908 3.008319 -13.821197 -0.000004 0.000002 -23.887131 -0.249080 -0.839481 -60.594135 2.016760 -1.549006 -0.294025 1.679686 0.833255 -14.218190 0.093214 1.300580 -34.211998 -0.287566 0.967169 -20.033175 0.964533 1.212842 0.000000 -0.000000 0.000000 -3.440385 0.788232 0.501655 -15.928165 -3.167307 2.999702 -6.338818 -0.000001 0.000002 -18.123415 3.648175 -4.905662 -0.000006 0.000001 -0.000003 -10.032520 25.876827 9.847023 98.721382 44.233784 15.243125 178.446304 40.896431 179.954361 -8.290048 10.078656 -8.536649 2.243540 -5.255033 -3.180156 14.282875 -0.826591 6.952495 -0.000004 -12.690591 -0.000000 16.524862 -18.230726 3.180503 1.665665 -1.955920 -2.878299 4.727792 -4.170584 4.993918 11.020510 0.000004 -0.000001 12.109030 -3.735708 -2.866781 -0.000000 0.000001 -0.000001 1.291984 -1.928548 -1.498087 14.800109 0.567469 3.865603 14.242551 -1.341733 -6.660648 19.631937 0.143930 -0.648243 50.829144 -1.075346 -5.729789 0.353028 -1.511150 -0.031940 20.222767 3.684308 2.316628 18.787243 0.000006 0.000001 10.751610 -0.479868 1.397905 -0.000000 -0.000000 -0.000002 3.273804 0.305947 -0.580109 21.486794 11.830365 2.266128 8.162916 0.000003 0.000000 18.399055 -3.798976 -4.940567 0.000003 0.000001 -0.000001 15.976249 21.672836 -12.682755 -0.262272 -0.666784 16.518181 -13.059560 -11.128022 6.562964 1.665372 -1.873681 -2.753828 0.000000 -0.000000 0.000002 -3.712366 -8.291066 -0.848145 -0.006986 0.251730 17.159609 6.228765 4.646163 -11.505403 -1.436107 0.877292 -2.400271 -0.000000 -0.000000 -0.000001 
1.307397 97.906937 -7.895981 -3.265624 1.375706 -3.829517 2.002266 0.271527 1.286899 -0.217905 -0.533049 -5.006790 3.132884 -2.536687 16.366186 -5.449128 6.804585 17.941772 0.840145 5.757637 -3.625456 -6.837939 7.771811 2.337017 0.000077 -0.000022 0.000007 0.088354 -0.171184 -0.119627 0.871751 -3.843819 -10.649561 -0.694788 3.494872 -10.655091 24.246729 -19.542883 5.577707 -95.799179 -34.939156 -10.516655 178.300674 -32.569637 -179.242722 -1.857563 -14.286183 -9.090239 -5.882101 9.861279 0.702589 -10.936860 -0.360575 7.156197 -0.000000 8.774813 -0.000001 -16.488474 17.713303 5.787470 -1.844031 2.498503 -2.507277 -10.163590 4.678941 4.621103 -20.975996 -0.000005 0.000002 -21.226257 2.451691 -3.593995 -0.000001 -0.000006 0.000001 -1.362680 2.240797 -0.746323 -21.334898 0.584908 3.008318 -13.821198 -0.000003 0.000001 -23.887135 -0.249079 -0.839482 -60.616192 2.031319 -1.513831 -0.294024 1.679686 0.833254 -14.218197 0.093215 1.300578 -34.212002 -0.287565 0.967166 -20.033186 0.964533 1.212841 -0.000000 0.000001 -0.000000 -3.440386 0.788232 0.501655 -15.928176 -3.167307 2.999703 -6.338819 -0.000001 0.000001 -18.123415 3.648178 -4.905664 -0.000007 0.000001 -0.000001 -9.977823 25.890139 9.874844 98.788063 44.197563 15.328692 178.333374 40.822548 179.914597 -8.302766 10.027769 -8.542048 2.243540 -5.255033 -3.180153 14.282877 -0.826594 6.952495 -0.000001 -12.690592 -0.000002 16.582392 -18.232819 3.166928 1.665665 -1.955920 -2.878295 4.727794 -4.170584 4.993918 11.020513 0.000003 -0.000002 12.109032 -3.735712 -2.866779 0.000000 0.000001 0.000000 1.291985 -1.928548 -1.498091 14.800113 0.567467 3.865604 14.242553 -1.341736 -6.660649 19.631939 0.143926 -0.648243 50.848545 -1.053912 -5.722363 0.353028 -1.511150 -0.031940 20.222769 3.684306 2.316628 18.787247 0.000003 0.000001 10.751610 -0.479868 1.397904 -0.000000 -0.000000 -0.000002 3.273804 0.305947 -0.580109 21.486792 11.830363 2.266130 8.162917 0.000002 -0.000002 18.399054 -3.798980 -4.940570 0.000003 0.000000 0.000000 16.011093 21.641516 -12.632686 -0.262895 -0.669923 16.395046 -13.090177 -11.117895 6.653097 1.665390 -1.883702 -2.711303 0.000000 -0.000000 0.000002 -3.682759 -8.411044 -0.765432 -0.008635 0.250438 17.065739 6.200948 4.667284 -11.490325 -1.435859 0.875259 -2.322516 -0.000000 -0.000000 -0.000001 
1.264825 97.924278 -7.811285 -3.252882 1.435844 -3.839824 1.991801 0.278277 1.256245 -0.213428 -0.518758 -5.020893 3.149101 -2.510426 16.384653 -5.480217 6.818149 17.993097 0.834916 5.759003 -3.623931 -6.813812 7.800240 2.343574 0.000077 -0.000021 0.000005 0.078798 -0.152690 -0.127112 0.859221 -3.815537 -10.658286 -0.712103 3.511506 -10.662638 24.122936 -19.500395 5.663090 -95.718491 -35.053322 -10.433560 178.302185 -32.545914 -179.235062 -1.817415 -14.290544 -8.988400 -5.882102 9.861278 0.702589 -10.936857 -0.360576 7.156196 0.000001 8.774813 -0.000001 -16.469353 17.743532 5.844663 -1.844031 2.498503 -2.507276 -10.163587 4.678938 4.621104 -20.975992 -0.000005 0.000001 -21.226244 2.451691 -3.593994 -0.000001 -0.000006 0.000000 -1.362679 2.240797 -0.746323 -21.334887 0.584907 3.008320 -13.821193 -0.000003 0.000002 -23.887123 -0.249080 -0.839481 -60.642208 2.057268 -1.502049 -0.294025 1.679686 0.833256 -14.218189 0.093214 1.300579 -34.211998 -0.287565 0.967169 -20.033178 0.964535 1.212842 -0.000000 0.000000 0.000000 -3.440384 0.788232 0.501654 -15.928164 -3.167308 2.999705 -6.338813 -0.000001 0.000002 -18.123415 3.648176 -4.905662 -0.000007 -0.000000 -0.000002 -9.910130 25.877350 9.917567 98.845131 44.168552 15.463484 178.230362 40.790989 179.852463 -8.284505 10.020125 -8.565455 2.243540 -5.255033 -3.180157 14.282875 -0.826593 6.952497 -0.000002 -12.690588 0.000000 16.601974 -18.245914 3.151367 1.665665 -1.955920 -2.878294 4.727794 -4.170583 4.993917 11.020513 0.000003 -0.000001 12.109033 -3.735711 -2.866780 -0.000000 0.000001 -0.000002 1.291984 -1.928548 -1.498087 14.800114 0.567468 3.865603 14.242554 -1.341735 -6.660648 19.631939 0.143924 -0.648248 50.880852 -1.004265 -5.729220 0.353028 -1.511149 -0.031939 20.222771 3.684305 2.316627 18.787245 0.000004 -0.000000 10.751610 -0.479868 1.397904 -0.000001 0.000001 -0.000001 3.273804 0.305946 -0.580110 21.486790 11.830360 2.266131 8.162916 0.000002 -0.000002 18.399054 -3.798978 -4.940567 0.000003 -0.000001 -0.000000 16.041431 21.582653 -12.530874 -0.261983 -0.650696 16.290295 -13.118646 -11.076157 6.704170 1.664861 -1.888994 -2.671946 -0.000000 -0.000000 0.000002 -3.689177 -8.508971 -0.601970 -0.014275 0.246537 16.896343 6.191959 4.706148 -11.466566 -1.437434 0.879977 -2.274979 0.000000 0.000000 -0.000001 
1.192174 97.931793 -7.742778 -3.239237 1.544929 -3.854990 1.987277 0.285923 1.214331 -0.204202 -0.511581 -5.026640 3.167679 -2.516963 16.411198 -5.533949 6.850071 18.068966 0.857737 5.747537 -3.635528 -6.779459 7.846708 2.330242 0.000077 -0.000021 0.000006 0.075008 -0.147258 -0.127196 0.859476 -3.807625 -10.668966 -0.714188 3.511226 -10.665597 24.013865 -19.493986 5.721672 -95.704819 -35.116642 -10.369352 178.323029 -32.508804 -179.223389 -1.797709 -14.337507 -8.823512 -5.882103 9.861278 0.702589 -10.936860 -0.360575 7.156196 -0.000000 8.774813 -0.000001 -16.448513 17.781860 5.890509 -1.844031 2.498503 -2.507275 -10.163590 4.678939 4.621102 -20.976000 -0.000002 0.000002 -21.226255 2.451694 -3.593995 0.000000 -0.000006 -0.000000 -1.362681 2.240796 -0.746323 -21.334890 0.584909 3.008318 -13.821197 -0.000002 0.000002 -23.887135 -0.249078 -0.839482 -60.632378 2.069498 -1.490788 -0.294025 1.679686 0.833255 -14.218195 0.093216 1.300579 -34.212006 -0.287563 0.967169 -20.033184 0.964535 1.212841 0.000000 0.000002 -0.000000 -3.440387 0.788233 0.501656 -15.928169 -3.167305 2.999703 -6.338820 -0.000001 0.000003 -18.123415 3.648178 -4.905663 -0.000007 0.000000 -0.000002 -9.856746 25.872541 9.993095 98.958183 44.157589 15.622938 178.152496 40.786686 179.782639 -8.195958 10.116660 -8.586585 2.243540 -5.255033 -3.180154 14.282877 -0.826596 6.952499 -0.000001 -12.690587 0.000002 16.583185 -18.257875 3.164822 1.665665 -1.955920 -2.878296 4.727795 -4.170583 4.993919 11.020513 0.000002 -0.000002 12.109035 -3.735711 -2.866778 -0.000001 0.000000 -0.000001 1.291985 -1.928547 -1.498085 14.800113 0.567466 3.865604 14.242556 -1.341735 -6.660650 19.631941 0.143925 -0.648246 50.921715 -1.011405 -5.715949 0.353029 -1.511149 -0.031941 20.222771 3.684303 2.316626 18.787251 0.000003 -0.000001 10.751614 -0.479869 1.397903 -0.000000 -0.000000 -0.000002 3.273805 0.305946 -0.580109 21.486790 11.830359 2.266128 8.162916 0.000001 -0.000001 18.399055 -3.798980 -4.940568 0.000003 -0.000001 -0.000001 16.066999 21.535706 -12.419520 -0.255903 -0.650704 16.105122 -13.196486 -11.094982 6.783796 1.663401 -1.873324 -2.641466 0.000000 0.000000 0.000002 -3.675745 -8.614594 -0.483482 -0.017034 0.244400 16.823847 6.130636 4.750601 -11.497787 -1.439255 0.893674 -2.247209 0.000000 0.000000 -0.000001 
1.115179 97.933372 -7.724510 -3.224422 1.662382 -3.862063 1.987370 0.296105 1.172082 -0.195430 -0.495481 -5.034366 3.176521 -2.527492 16.434113 -5.565847 6.853045 18.149733 0.883759 5.775565 -3.629223 -6.744515 7.910016 2.261368 0.000077 -0.000021 0.000008 0.074025 -0.135593 -0.116088 0.860546 -3.803232 -10.641461 -0.713893 3.512384 -10.645482 23.864183 -19.526743 5.795681 -95.653099 -35.190712 -10.286339 178.337494 -32.461967 -179.222610 -1.747316 -14.405829 -8.561971 -5.882102 9.861279 0.702590 -10.936863 -0.360573 7.156197 -0.000000 8.774814 -0.000001 -16.450191 17.809511 5.929239 -1.844030 2.498502 -2.507276 -10.163590 4.678941 4.621105 -20.975996 -0.000004 0.000002 -21.226255 2.451694 -3.593994 0.000000 -0.000006 -0.000001 -1.362680 2.240797 -0.746322 -21.334892 0.584909 3.008321 -13.821195 -0.000003 0.000001 -23.887131 -0.249078 -0.839481 -60.658318 2.086658 -1.471298 -0.294024 1.679686 0.833255 -14.218194 0.093215 1.300579 -34.211998 -0.287564 0.967170 -20.033182 0.964535 1.212842 0.000000 0.000001 0.000000 -3.440385 0.788233 0.501655 -15.928171 -3.167306 2.999703 -6.338817 -0.000001 0.000000 -18.123413 3.648176 -4.905662 -0.000006 -0.000000 -0.000001 -9.796410 25.867863 10.103295 99.103806 44.200077 15.879737 178.179001 40.790695 179.727264 -8.101569 10.235520 -8.527656 2.243540 -5.255033 -3.180155 14.282877 -0.826592 6.952493 -0.000001 -12.690592 0.000001 16.588295 -18.268641 3.186506 1.665665 -1.955920 -2.878295 4.727794 -4.170584 4.993917 11.020511 0.000003 -0.000001 12.109033 -3.735710 -2.866782 -0.000001 0.000000 -0.000001 1.291985 -1.928548 -1.498087 14.800111 0.567468 3.865605 14.242553 -1.341733 -6.660652 19.631939 0.143928 -0.648246 50.945919 -1.004078 -5.721920 0.353028 -1.511150 -0.031941 20.222767 3.684306 2.316625 18.787245 0.000004 -0.000001 10.751609 -0.479868 1.397905 -0.000000 -0.000001 -0.000002 3.273804 0.305947 -0.580110 21.486790 11.830361 2.266129 8.162916 0.000001 -0.000001 18.399054 -3.798978 -4.940569 0.000003 0.000000 0.000000 16.068041 21.524902 -12.337149 -0.250342 -0.675972 15.874595 -13.257006 -11.140806 6.892916 1.661789 -1.860043 -2.607132 0.000000 0.000000 0.000002 -3.654577 -8.714159 -0.453180 -0.015966 0.245830 16.845966 6.068474 4.763875 -11.546041 -1.440980 0.905583 -2.249095 -0.000000 -0.000000 -0.000001 
1.038955 97.952675 -7.736767 -3.203530 1.795806 -3.861991 1.988721 0.303669 1.132244 -0.190588 -0.476629 -5.032588 3.185439 -2.553623 16.440409 -5.574707 6.878031 18.216793 0.908176 5.795672 -3.640184 -6.703584 7.977136 2.206105 0.000076 -0.000022 0.000008 0.074106 -0.140589 -0.121903 0.858095 -3.796616 -10.644760 -0.717622 3.519816 -10.647628 23.675173 -19.570419 5.889408 -95.539742 -35.254761 -10.279986 178.353546 -32.438225 -179.228195 -1.682975 -14.534336 -8.299303 -5.882100 9.861279 0.702590 -10.936858 -0.360576 7.156199 0.000002 8.774814 -0.000002 -16.424566 17.840794 5.943635 -1.844031 2.498503 -2.507277 -10.163589 4.678938 4.621103 -20.975994 -0.000005 0.000004 -21.226248 2.451693 -3.593992 0.000000 -0.000005 0.000000 -1.362681 2.240797 -0.746324 -21.334887 0.584907 3.008321 -13.821195 -0.000004 0.000003 -23.887125 -0.249078 -0.839479 -60.671104 2.087048 -1.460494 -0.294025 1.679687 0.833255 -14.218190 0.093213 1.300581 -34.211998 -0.287566 0.967173 -20.033178 0.964536 1.212844 -0.000000 0.000001 0.000000 -3.440385 0.788233 0.501655 -15.928167 -3.167307 2.999704 -6.338817 -0.000000 0.000002 -18.123413 3.648176 -4.905660 -0.000005 0.000000 -0.000001 -9.727644 25.888290 10.214765 99.133682 44.245968 16.067093 178.203583 40.764847 179.687698 -8.013611 10.356300 -8.536093 2.243539 -5.255033 -3.180155 14.282877 -0.826592 6.952495 -0.000003 -12.690590 -0.000001 16.631256 -18.321066 3.234271 1.665665 -1.955920 -2.878295 4.727793 -4.170583 4.993918 11.020513 0.000004 -0.000001 12.109033 -3.735708 -2.866780 -0.000000 0.000000 -0.000002 1.291985 -1.928548 -1.498088 14.800113 0.567469 3.865603 14.242553 -1.341732 -6.660650 19.631945 0.143927 -0.648243 51.008251 -1.031240 -5.749382 0.353029 -1.511149 -0.031941 20.222773 3.684308 2.316627 18.787249 0.000005 0.000001 10.751614 -0.479868 1.397905 -0.000000 0.000001 -0.000001 3.273804 0.305947 -0.580111 21.486792 11.830365 2.266129 8.162917 0.000003 0.000002 18.399054 -3.798978 -4.940567 0.000001 -0.000001 -0.000001 16.047377 21.538322 -12.278989 -0.243669 -0.683715 15.619767 -13.312951 -11.198539 7.125759 1.662803 -1.833439 -2.571548 0.000000 -0.000000 0.000002 -3.631874 -8.801157 -0.402770 -0.016425 0.245741 16.770620 5.995638 4.753670 -11.528636 -1.440535 0.902309 -2.262928 -0.000000 0.000000 -0.000001 
0.943119 97.948349 -7.751657 -3.187414 1.940879 -3.862274 1.994284 0.302042 1.104415 -0.188631 -0.478094 -5.039860 3.190410 -2.548931 16.445959 -5.560260 6.894889 18.255100 0.931065 5.833742 -3.664941 -6.656273 8.029335 2.173120 0.000076 -0.000021 0.000006 0.071695 -0.129132 -0.116463 0.854606 -3.790116 -10.648026 -0.712355 3.518492 -10.647758 23.476347 -19.621101 5.982082 -95.489433 -35.321331 -10.221327 178.300674 -32.383255 -179.216019 -1.625408 -14.648165 -8.026487 -5.882100 9.861280 0.702590 -10.936860 -0.360576 7.156199 0.000000 8.774817 -0.000002 -16.414663 17.852037 5.947008 -1.844031 2.498503 -2.507275 -10.163589 4.678940 4.621105 -20.975996 -0.000005 0.000002 -21.226254 2.451691 -3.593995 -0.000001 -0.000006 0.000000 -1.362681 2.240797 -0.746324 -21.334894 0.584907 3.008320 -13.821197 -0.000005 0.000001 -23.887133 -0.249081 -0.839479 -60.735706 2.090255 -1.460901 -0.294024 1.679687 0.833257 -14.218190 0.093213 1.300579 -34.212002 -0.287567 0.967171 -20.033178 0.964534 1.212843 0.000000 -0.000000 0.000000 -3.440386 0.788232 0.501655 -15.928165 -3.167310 2.999705 -6.338818 -0.000002 0.000002 -18.123415 3.648175 -4.905663 -0.000006 0.000000 -0.000002 -9.681565 25.891371 10.338822 99.229485 44.287552 16.243610 178.203674 40.702961 179.643906 -7.940241 10.474567 -8.478814 2.243540 -5.255033 -3.180156 14.282877 -0.826592 6.952497 -0.000003 -12.690591 -0.000001 16.756071 -18.374805 3.223823 1.665665 -1.955920 -2.878299 4.727794 -4.170582 4.993919 11.020512 0.000004 -0.000001 12.109033 -3.735709 -2.866782 -0.000001 0.000000 -0.000001 1.291984 -1.928547 -1.498089 14.800111 0.567470 3.865603 14.242553 -1.341734 -6.660649 19.631941 0.143928 -0.648245 51.048473 -1.034500 -5.799229 0.353028 -1.511149 -0.031938 20.222771 3.684309 2.316624 18.787247 0.000005 -0.000001 10.751611 -0.479865 1.397903 -0.000000 -0.000000 -0.000001 3.273804 0.305947 -0.580109 21.486790 11.830365 2.266131 8.162914 0.000002 0.000000 18.399052 -3.798978 -4.940566 0.000003 0.000000 -0.000001 16.044250 21.524195 -12.208471 -0.247423 -0.705895 15.327895 -13.357064 -11.254987 7.270770 1.664542 -1.819300 -2.559555 0.000000 -0.000000 0.000002 -3.597926 -8.925149 -0.440224 -0.016068 0.247961 16.878731 5.901268 4.743774 -11.605080 -1.441093 0.896369 -2.261710 0.000000 0.000000 -0.000001 
0.846193 97.953590 -7.739087 -3.173824 2.112312 -3.856293 1.994835 0.272999 1.072308 -0.185369 -0.454790 -5.042700 3.196378 -2.569192 16.461092 -5.556761 6.932264 18.275251 0.946670 5.887514 -3.672809 -6.624248 8.083162 2.142044 0.000076 -0.000021 0.000006 0.068275 -0.129331 -0.122482 0.844554 -3.788547 -10.652730 -0.708157 3.528053 -10.661989 23.277771 -19.665783 6.100253 -95.414696 -35.438339 -10.242535 178.256882 -32.313358 -179.218277 -1.591302 -14.719665 -7.872052 -5.882103 9.861279 0.702589 -10.936859 -0.360573 7.156196 0.000000 8.774815 0.000000 -16.405949 17.881857 5.926536 -1.844031 2.498502 -2.507276 -10.163589 4.678941 4.621105 -20.975998 -0.000003 0.000002 -21.226255 2.451693 -3.593994 -0.000001 -0.000006 0.000000 -1.362680 2.240797 -0.746322 -21.334892 0.584909 3.008320 -13.821197 -0.000003 0.000002 -23.887131 -0.249079 -0.839482 -60.806301 2.092448 -1.476836 -0.294024 1.679686 0.833254 -14.218194 0.093215 1.300579 -34.212002 -0.287563 0.967169 -20.033178 0.964534 1.212841 0.000000 0.000000 0.000000 -3.440385 0.788233 0.501657 -15.928169 -3.167306 2.999704 -6.338817 -0.000001 0.000001 -18.123411 3.648176 -4.905661 -0.000005 0.000001 -0.000001 -9.659905 25.906775 10.466130 99.313080 44.399677 16.465782 178.271606 40.625652 179.653061 -7.864713 10.661637 -8.359757 2.243540 -5.255033 -3.180155 14.282877 -0.826595 6.952496 -0.000001 -12.690591 -0.000001 16.798197 -18.450417 3.265069 1.665665 -1.955920 -2.878298 4.727795 -4.170584 4.993920 11.020513 0.000002 -0.000001 12.109034 -3.735712 -2.866779 -0.000001 0.000001 -0.000001 1.291985 -1.928548 -1.498088 14.800113 0.567466 3.865603 14.242551 -1.341736 -6.660649 19.631939 0.143924 -0.648243 51.016529 -1.061848 -5.852539 0.353028 -1.511150 -0.031938 20.222769 3.684303 2.316626 18.787245 0.000003 -0.000001 10.751609 -0.479868 1.397902 -0.000001 -0.000000 -0.000001 3.273804 0.305947 -0.580110 21.486792 11.830364 2.266132 8.162913 0.000001 -0.000002 18.399054 -3.798982 -4.940567 0.000003 -0.000001 -0.000000 16.043676 21.483376 -12.149906 -0.245579 -0.711338 15.062581 -13.418213 -11.317533 7.443384 1.669905 -1.809274 -2.558125 0.000000 0.000000 0.000002 -3.562671 -9.062833 -0.413119 -0.010807 0.260497 16.886946 5.815073 4.735524 -11.653047 -1.440221 0.881188 -2.241935 0.000000 0.000000 -0.000001 
0.749127 97.935776 -7.685318 -3.174419 2.290301 -3.848984 1.993865 0.273202 1.047631 -0.191891 -0.464444 -5.064157 3.219892 -2.583668 16.475965 -5.538976 6.969095 18.274649 0.946944 5.943109 -3.693356 -6.596033 8.132860 2.174175 0.000076 -0.000021 0.000008 0.068013 -0.128837 -0.148993 0.835855 -3.789993 -10.677333 -0.702287 3.528275 -10.687093 23.161320 -19.682270 6.165223 -95.401817 -35.497849 -10.350823 178.227997 -32.244209 -179.207291 -1.569284 -14.738504 -7.942184 -5.882099 9.861278 0.702591 -10.936858 -0.360577 7.156196 0.000001 8.774815 -0.000001 -16.327948 17.912378 5.944494 -1.844030 2.498503 -2.507276 -10.163589 4.678939 4.621103 -20.975996 -0.000005 0.000002 -21.226255 2.451692 -3.593994 -0.000001 -0.000005 0.000001 -1.362681 2.240797 -0.746321 -21.334890 0.584907 3.008321 -13.821197 -0.000004 0.000002 -23.887129 -0.249081 -0.839481 -60.814137 2.109563 -1.485616 -0.294025 1.679686 0.833255 -14.218190 0.093214 1.300579 -34.211998 -0.287567 0.967170 -20.033176 0.964533 1.212842 -0.000000 0.000000 -0.000000 -3.440387 0.788233 0.501656 -15.928167 -3.167308 2.999704 -6.338818 -0.000001 0.000001 -18.123415 3.648174 -4.905662 -0.000006 0.000000 -0.000002 -9.678709 25.869505 10.587787 99.423141 44.489704 16.702929 178.334503 40.533108 179.702957 -7.836163 10.904939 -8.116010 2.243539 -5.255033 -3.180151 14.282877 -0.826593 6.952495 -0.000003 -12.690587 0.000000 16.858925 -18.538124 3.253736 1.665665 -1.955920 -2.878294 4.727794 -4.170584 4.993919 11.020511 0.000002 0.000001 12.109029 -3.735709 -2.866781 -0.000000 -0.000000 -0.000001 1.291984 -1.928548 -1.498091 14.800114 0.567468 3.865605 14.242554 -1.341734 -6.660649 19.631939 0.143925 -0.648242 50.932060 -1.082077 -5.895575 0.353028 -1.511149 -0.031941 20.222767 3.684304 2.316629 18.787245 0.000003 -0.000000 10.751611 -0.479868 1.397905 -0.000000 -0.000000 -0.000001 3.273804 0.305946 -0.580109 21.486790 11.830359 2.266134 8.162916 0.000001 -0.000001 18.399054 -3.798979 -4.940567 0.000003 -0.000001 -0.000000 16.073713 21.424314 -12.100152 -0.248775 -0.706665 14.866995 -13.489046 -11.408950 7.475688 1.675054 -1.806854 -2.580589 0.000000 -0.000000 0.000002 -3.511707 -9.207547 -0.415147 -0.022305 0.259335 17.010719 5.749029 4.721015 -11.786233 -1.439078 0.873394 -2.207336 0.000000 0.000000 -0.000001 
0.684425 97.899963 -7.569201 -3.172632 2.480482 -3.858181 1.997187 0.264293 1.046050 -0.207871 -0.479340 -5.100285 3.242924 -2.593580 16.482254 -5.505711 7.012869 18.293665 0.973748 5.952858 -3.705446 -6.557347 8.166243 2.227269 0.000077 -0.000021 0.000006 0.066896 -0.129383 -0.155418 0.828209 -3.792405 -10.685926 -0.694550 3.526953 -10.689186 23.115971 -19.722464 6.159692 -95.389832 -35.475044 -10.589703 178.223526 -32.179596 -179.141113 -1.473486 -14.702801 -8.193057 -5.882102 9.861279 0.702591 -10.936860 -0.360574 7.156197 0.000002 8.774814 0.000000 -16.307272 17.939251 5.957273 -1.844032 2.498502 -2.507276 -10.163589 4.678941 4.621104 -20.975996 -0.000003 0.000001 -21.226255 2.451692 -3.593995 -0.000001 -0.000006 0.000000 -1.362681 2.240796 -0.746322 -21.334890 0.584909 3.008320 -13.821197 -0.000003 0.000002 -23.887131 -0.249078 -0.839481 -60.818985 2.088849 -1.480129 -0.294025 1.679686 0.833255 -14.218194 0.093215 1.300579 -34.212006 -0.287564 0.967168 -20.033178 0.964535 1.212841 0.000000 0.000001 0.000000 -3.440385 0.788233 0.501656 -15.928169 -3.167307 2.999703 -6.338815 -0.000002 0.000001 -18.123415 3.648177 -4.905663 -0.000005 0.000001 -0.000000 -9.751697 25.815889 10.687343 99.599609 44.593372 16.992620 178.434631 40.473309 179.864594 -7.909410 11.148181 -7.934922 2.243540 -5.255033 -3.180156 14.282875 -0.826594 6.952498 -0.000002 -12.690590 0.000001 16.913216 -18.583532 3.205813 1.665665 -1.955920 -2.878299 4.727794 -4.170583 4.993919 11.020511 0.000002 -0.000002 12.109029 -3.735710 -2.866777 -0.000001 0.000001 -0.000001 1.291984 -1.928548 -1.498090 14.800111 0.567467 3.865603 14.242553 -1.341736 -6.660649 19.631939 0.143927 -0.648244 50.783512 -1.103139 -5.914400 0.353029 -1.511149 -0.031938 20.222769 3.684305 2.316629 18.787245 0.000004 -0.000000 10.751612 -0.479869 1.397904 -0.000001 0.000001 -0.000000 3.273803 0.305947 -0.580109 21.486788 11.830362 2.266130 8.162915 0.000001 -0.000001 18.399054 -3.798979 -4.940566 0.000002 0.000000 -0.000001 16.104174 21.278311 -12.048200 -0.251893 -0.704440 14.787995 -13.566818 -11.462918 7.323646 1.680515 -1.830092 -2.588592 -0.000000 -0.000000 0.000002 -3.497119 -9.347458 -0.374361 -0.022635 0.268966 17.179544 5.719174 4.645606 -11.986259 -1.436690 0.867176 -2.179502 0.000000 0.000000 -0.000001 
0.686358 97.869263 -7.523015 -3.180969 2.661997 -3.840646 2.026439 0.268503 1.026449 -0.222989 -0.487682 -5.157226 3.257217 -2.602127 16.477478 -5.488761 7.062909 18.301027 1.018778 5.879353 -3.727771 -6.425252 8.140006 2.369175 0.000077 -0.000022 0.000008 0.072010 -0.140765 -0.155543 0.828670 -3.803262 -10.698148 -0.688378 3.519739 -10.710521 23.130711 -19.694681 6.134230 -95.454948 -35.363728 -10.994342 178.332443 -32.205685 -179.131897 -1.354214 -14.816524 -8.507281 -5.882099 9.861278 0.702590 -10.936858 -0.360575 7.156198 0.000001 8.774812 -0.000000 -16.318321 18.069475 6.003485 -1.844030 2.498502 -2.507275 -10.163589 4.678939 4.621105 -20.975992 -0.000003 0.000002 -21.226248 2.451693 -3.593993 -0.000001 -0.000005 0.000000 -1.362680 2.240796 -0.746322 -21.334887 0.584908 3.008321 -13.821193 -0.000003 0.000002 -23.887129 -0.249078 -0.839480 -60.843540 2.066461 -1.496017 -0.294025 1.679686 0.833256 -14.218190 0.093214 1.300580 -34.211998 -0.287563 0.967171 -20.033176 0.964535 1.212843 0.000000 -0.000000 0.000000 -3.440385 0.788232 0.501656 -15.928167 -3.167305 2.999704 -6.338815 -0.000001 0.000002 -18.123411 3.648176 -4.905661 -0.000005 0.000002 -0.000001 -9.855205 25.727819 10.678080 99.769562 44.570625 17.107901 178.451981 40.408180 -179.965210 -7.973179 11.203546 -8.089279 2.243539 -5.255033 -3.180153 14.282878 -0.826593 6.952496 -0.000004 -12.690590 -0.000000 16.969204 -18.596207 3.102475 1.665665 -1.955920 -2.878297 4.727793 -4.170582 4.993918 11.020513 0.000004 -0.000001 12.109032 -3.735708 -2.866780 -0.000001 0.000001 -0.000001 1.291984 -1.928548 -1.498089 14.800113 0.567469 3.865602 14.242551 -1.341733 -6.660648 19.631937 0.143926 -0.648242 50.602795 -1.129907 -5.928256 0.353028 -1.511150 -0.031939 20.222767 3.684307 2.316628 18.787245 0.000005 0.000002 10.751609 -0.479869 1.397906 -0.000001 0.000001 -0.000001 3.273804 0.305947 -0.580108 21.486794 11.830366 2.266132 8.162916 0.000002 -0.000001 18.399050 -3.798980 -4.940565 0.000002 -0.000001 -0.000001 16.077297 21.082674 -12.112645 -0.268818 -0.724280 14.793814 -13.574830 -11.545431 7.149799 1.682100 -1.862090 -2.605631 0.000000 -0.000000 0.000002 -3.508555 -9.500105 -0.402168 -0.023029 0.279657 17.329271 5.707159 4.533972 -12.119777 -1.434360 0.866213 -2.160336 -0.000000 -0.000000 -0.000001 
