HIERARCHY
ROOT Hips
{
	OFFSET 0.000000 0.000000 0.000000
	CHANNELS 6 Xposition Yposition Zposition Zrotation Yrotation Xrotation 
	JOINT Spine1
	{
		OFFSET -0.013727 5.003763 -0.053727
		CHANNELS 3 Zrotation Yrotation Xrotation
		JOINT Spine2
		{
			OFFSET -0.000000 7.125302 -0.029825
			CHANNELS 3 Zrotation Yrotation Xrotation
			JOINT Chest
			{
				OFFSET -0.000001 7.550063 -0.815971
				CHANNELS 3 Zrotation Yrotation Xrotation
				JOINT Neck1
				{
					OFFSET -0.181677 26.311296 -0.553348
					CHANNELS 3 Zrotation Yrotation Xrotation
					JOINT Neck2
					{
						OFFSET -0.000003 7.709398 2.302585
						CHANNELS 3 Zrotation Yrotation Xrotation
						JOINT Head
						{
							OFFSET -0.000005 6.128912 1.953709
							CHANNELS 3 Zrotation Yrotation Xrotation
							JOINT HeadEnd
							{
								OFFSET 0.003598 16.065403 -1.835380
								CHANNELS 3 Zrotation Yrotation Xrotation
								End Site
								{
									OFFSET 0.000000 0.000000 0.000000
								}
							}
							JOINT Jaw
							{
								OFFSET 0.002637 0.475592 3.094941
								CHANNELS 3 Zrotation Yrotation Xrotation
								End Site
								{
									OFFSET 0.000000 0.000000 0.000000
								}
							}
							JOINT LeftEye
							{
								OFFSET 3.206381 5.380208 7.586883
								CHANNELS 3 Zrotation Yrotation Xrotation
								End Site
								{
									OFFSET 0.000000 0.000000 0.000000
								}
							}
							JOINT RightEye
							{
								OFFSET -3.222440 5.361867 7.558233
								CHANNELS 3 Zrotation Yrotation Xrotation
								End Site
								{
									OFFSET 0.000000 0.000000 0.000000
								}
							}
						}
					}
				}
				JOINT LeftShoulder
				{
					OFFSET 1.621651 23.237165 5.113413
					CHANNELS 3 Zrotation Yrotation Xrotation
					JOINT LeftArm
					{
						OFFSET 14.919845 -0.000001 -5.502326
						CHANNELS 3 Zrotation Yrotation Xrotation
						JOINT LeftForeArm
						{
							OFFSET 28.739309 0.000004 -0.002588
							CHANNELS 3 Zrotation Yrotation Xrotation
							JOINT LeftHand
							{
								OFFSET 27.093983 -0.000003 0.002609
								CHANNELS 3 Zrotation Yrotation Xrotation
								JOINT LeftHandThumb1
								{
									OFFSET 2.276480 -1.392046 3.191413
									CHANNELS 3 Zrotation Yrotation Xrotation
									JOINT LeftHandThumb2
									{
										OFFSET 4.012841 -1.828126 1.641655
										CHANNELS 3 Zrotation Yrotation Xrotation
										JOINT LeftHandThumb3
										{
											OFFSET 2.798517 0.000002 -0.000003
											CHANNELS 3 Zrotation Yrotation Xrotation
											JOINT LeftHandThumbEnd
											{
												OFFSET 3.180790 -0.000003 0.000002
												CHANNELS 3 Zrotation Yrotation Xrotation
												End Site
												{
													OFFSET 0.000000 0.000000 0.000000
												}
											}
										}
									}
								}
								JOINT LeftHandIndex1
								{
									OFFSET 3.247553 -0.531998 2.296169
									CHANNELS 3 Zrotation Yrotation Xrotation
									JOINT LeftHandIndex2
									{
										OFFSET 6.364580 0.012062 0.178600
										CHANNELS 3 Zrotation Yrotation Xrotation
										JOINT LeftHandIndex3
										{
											OFFSET 3.662366 0.000000 -0.000001
											CHANNELS 3 Zrotation Yrotation Xrotation
											JOINT LeftHandIndex4
											{
												OFFSET 2.329242 0.000002 0.000004
												CHANNELS 3 Zrotation Yrotation Xrotation
												JOINT LeftHandIndexEnd
												{
													OFFSET 2.759619 -0.180539 -0.113023
													CHANNELS 3 Zrotation Yrotation Xrotation
													End Site
													{
														OFFSET 0.000000 0.000000 0.000000
													}
												}
											}
										}
									}
								}
								JOINT LeftHandMiddle1
								{
									OFFSET 3.163499 0.240982 1.000332
									CHANNELS 3 Zrotation Yrotation Xrotation
									JOINT LeftHandMiddle2
									{
										OFFSET 6.190778 -0.259276 -1.002548
										CHANNELS 3 Zrotation Yrotation Xrotation
										JOINT LeftHandMiddle3
										{
											OFFSET 4.356523 -0.000006 0.000001
											CHANNELS 3 Zrotation Yrotation Xrotation
											JOINT LeftHandMiddle4
											{
												OFFSET 2.996875 -0.000007 0.000001
												CHANNELS 3 Zrotation Yrotation Xrotation
												JOINT LeftHandMiddleEnd
												{
													OFFSET 2.304294 -0.294571 -0.031740
													CHANNELS 3 Zrotation Yrotation Xrotation
													End Site
													{
														OFFSET 0.000000 0.000000 0.000000
													}
												}
											}
										}
									}
								}
								JOINT LeftHandRing1
								{
									OFFSET 2.882641 -0.053650 -0.322543
									CHANNELS 3 Zrotation Yrotation Xrotation
									JOINT LeftHandRing2
									{
										OFFSET 5.854541 -0.486204 -1.373841
										CHANNELS 3 Zrotation Yrotation Xrotation
										JOINT LeftHandRing3
										{
											OFFSET 4.350581 0.000001 0.000003
											CHANNELS 3 Zrotation Yrotation Xrotation
											JOINT LeftHandRing4
											{
												OFFSET 2.651324 0.000007 0.000004
												CHANNELS 3 Zrotation Yrotation Xrotation
												JOINT LeftHandRingEnd
												{
													OFFSET 1.936111 0.077685 -0.000070
													CHANNELS 3 Zrotation Yrotation Xrotation
													End Site
													{
														OFFSET 0.000000 0.000000 0.000000
													}
												}
											}
										}
									}
								}
								JOINT LeftHandPinky1
								{
									OFFSET 2.865499 -0.310004 -1.600378
									CHANNELS 3 Zrotation Yrotation Xrotation
									JOINT LeftHandPinky2
									{
										OFFSET 5.087853 -1.331141 -1.771231
										CHANNELS 3 Zrotation Yrotation Xrotation
										JOINT LeftHandPinky3
										{
											OFFSET 3.070975 0.000003 0.000001
											CHANNELS 3 Zrotation Yrotation Xrotation
											JOINT LeftHandPinky4
											{
												OFFSET 1.549667 0.000000 0.000001
												CHANNELS 3 Zrotation Yrotation Xrotation
												JOINT LeftHandPinkyEnd
												{
													OFFSET 1.944894 -0.157802 0.057219
													CHANNELS 3 Zrotation Yrotation Xrotation
													End Site
													{
														OFFSET 0.000000 0.000000 0.000000
													}
												}
											}
										}
									}
								}
							}
						}
					}
				}
				JOINT RightShoulder
				{
					OFFSET -1.380118 23.180309 5.214158
					CHANNELS 3 Zrotation Yrotation Xrotation
					JOINT RightArm
					{
						OFFSET -15.037197 0.000012 -5.545604
						CHANNELS 3 Zrotation Yrotation Xrotation
						JOINT RightForeArm
						{
							OFFSET -28.736639 0.000004 -0.002597
							CHANNELS 3 Zrotation Yrotation Xrotation
							JOINT RightHand
							{
								OFFSET -27.133617 -0.000000 0.002612
								CHANNELS 3 Zrotation Yrotation Xrotation
								JOINT RightHandThumb1
								{
									OFFSET -2.274036 -1.383990 3.163128
									CHANNELS 3 Zrotation Yrotation Xrotation
									JOINT RightHandThumb2
									{
										OFFSET -4.011429 -1.827468 1.640914
										CHANNELS 3 Zrotation Yrotation Xrotation
										JOINT RightHandThumb3
										{
											OFFSET -2.794935 -0.000003 -0.000003
											CHANNELS 3 Zrotation Yrotation Xrotation
											JOINT RightHandThumbEnd
											{
												OFFSET -3.183855 0.000003 0.000000
												CHANNELS 3 Zrotation Yrotation Xrotation
												End Site
												{
													OFFSET 0.000000 0.000000 0.000000
												}
											}
										}
									}
								}
								JOINT RightHandIndex1
								{
									OFFSET -3.253269 -0.520060 2.282866
									CHANNELS 3 Zrotation Yrotation Xrotation
									JOINT RightHandIndex2
									{
										OFFSET -6.341918 0.012473 0.178265
										CHANNELS 3 Zrotation Yrotation Xrotation
										JOINT RightHandIndex3
										{
											OFFSET -3.654875 -0.000009 -0.000001
											CHANNELS 3 Zrotation Yrotation Xrotation
											JOINT RightHandIndex4
											{
												OFFSET -2.327586 -0.000000 0.000000
												CHANNELS 3 Zrotation Yrotation Xrotation
												JOINT RightHandIndexEnd
												{
													OFFSET -2.761788 -0.180657 -0.113079
													CHANNELS 3 Zrotation Yrotation Xrotation
													End Site
													{
														OFFSET 0.000000 0.000000 0.000000
													}
												}
											}
										}
									}
								}
								JOINT RightHandMiddle1
								{
									OFFSET -3.168106 0.246593 1.001030
									CHANNELS 3 Zrotation Yrotation Xrotation
									JOINT RightHandMiddle2
									{
										OFFSET -6.180830 -0.258836 -1.000896
										CHANNELS 3 Zrotation Yrotation Xrotation
										JOINT RightHandMiddle3
										{
											OFFSET -4.348905 -0.000001 -0.000001
											CHANNELS 3 Zrotation Yrotation Xrotation
											JOINT RightHandMiddle4
											{
												OFFSET -3.000243 -0.000002 -0.000003
												CHANNELS 3 Zrotation Yrotation Xrotation
												JOINT RightHandMiddleEnd
												{
													OFFSET -2.302517 -0.294372 -0.031706
													CHANNELS 3 Zrotation Yrotation Xrotation
													End Site
													{
														OFFSET 0.000000 0.000000 0.000000
													}
												}
											}
										}
									}
								}
								JOINT RightHandRing1
								{
									OFFSET -2.885693 -0.067952 -0.308858
									CHANNELS 3 Zrotation Yrotation Xrotation
									JOINT RightHandRing2
									{
										OFFSET -5.854196 -0.486133 -1.373731
										CHANNELS 3 Zrotation Yrotation Xrotation
										JOINT RightHandRing3
										{
											OFFSET -4.338814 -0.000003 -0.000000
											CHANNELS 3 Zrotation Yrotation Xrotation
											JOINT RightHandRing4
											{
												OFFSET -2.654906 -0.000005 0.000003
												CHANNELS 3 Zrotation Yrotation Xrotation
												JOINT RightHandRingEnd
												{
													OFFSET -1.933569 0.077523 -0.000052
													CHANNELS 3 Zrotation Yrotation Xrotation
													End Site
													{
														OFFSET 0.000000 0.000000 0.000000
													}
												}
											}
										}
									}
								}
								JOINT RightHandPinky1
								{
									OFFSET -2.866428 -0.342799 -1.584145
									CHANNELS 3 Zrotation Yrotation Xrotation
									JOINT RightHandPinky2
									{
										OFFSET -5.091370 -1.332053 -1.772385
										CHANNELS 3 Zrotation Yrotation Xrotation
										JOINT RightHandPinky3
										{
											OFFSET -3.062667 -0.000007 -0.000000
											CHANNELS 3 Zrotation Yrotation Xrotation
											JOINT RightHandPinky4
											{
												OFFSET -1.546526 0.000005 -0.000003
												CHANNELS 3 Zrotation Yrotation Xrotation
												JOINT RightHandPinkyEnd
												{
													OFFSET -1.945122 -0.157721 0.057211
													CHANNELS 3 Zrotation Yrotation Xrotation
													End Site
													{
														OFFSET 0.000000 0.000000 0.000000
													}
												}
											}
										}
									}
								}
							}
						}
					}
				}
			}
		}
	}
	JOINT LeftLeg
	{
		OFFSET 10.043214 -8.434525 2.595655
		CHANNELS 3 Zrotation Yrotation Xrotation
		JOINT LeftShin
		{
			OFFSET -0.000002 -43.221752 -0.802913
			CHANNELS 3 Zrotation Yrotation Xrotation
			JOINT LeftFoot
			{
				OFFSET 0.000001 -42.155094 -3.481522
				CHANNELS 3 Zrotation Yrotation Xrotation
				JOINT LeftToeBase
				{
					OFFSET 0.000000 -5.059474 13.231529
					CHANNELS 3 Zrotation Yrotation Xrotation
					JOINT LeftToeEnd
					{
						OFFSET -0.009607 -1.647615 6.513017
						CHANNELS 3 Zrotation Yrotation Xrotation
						End Site
						{
							OFFSET 0.000000 0.000000 0.000000
						}
					}
				}
			}
		}
	}
	JOINT RightLeg
	{
		OFFSET -10.047277 -8.295259 2.620317
		CHANNELS 3 Zrotation Yrotation Xrotation
		JOINT RightShin
		{
			OFFSET 0.000000 -43.362209 -0.805555
			CHANNELS 3 Zrotation Yrotation Xrotation
			JOINT RightFoot
			{
				OFFSET 0.000002 -42.117393 -3.478398
				CHANNELS 3 Zrotation Yrotation Xrotation
				JOINT RightToeBase
				{
					OFFSET -0.000001 -5.079609 13.284196
					CHANNELS 3 Zrotation Yrotation Xrotation
					JOINT RightToeEnd
					{
						OFFSET 0.009532 -1.634383 6.460591
						CHANNELS 3 Zrotation Yrotation Xrotation
						End Site
						{
							OFFSET 0.000000 0.000000 0.000000
						}
					}
				}
			}
		}
	}
}
MOTION
Frames: 120
Frame Time: 0.033333
-4.358645 93.093529 3.843596 5.694930 0.190184 -7.828811 -4.563738 -0.030780 -0.351786 -1.671023 -1.374473 -4.758652 -5.878377 -3.046070 7.921298 5.728334 -0.192781 11.999409 -1.184908 -2.803295 -3.794707 2.169236 -4.313862 -4.185631 0.000077 -0.000023 0.000006 -0.018221 0.061267 0.003820 0.711988 -3.652127 -10.705876 -0.761498 3.774971 -10.742979 -11.325096 -21.769611 7.396224 -49.065674 -50.865105 -7.906678 -179.962280 -64.601433 -179.785416 4.329292 -1.913857 -15.334037 -5.882102 9.861279 0.702590 -10.936859 -0.360573 7.156196 -0.000000 8.774814 -0.000001 -16.004269 18.194893 6.120208 -1.844032 2.498503 -2.507276 -10.163589 4.678941 4.621104 -20.975994 -0.000003 0.000001 -21.226255 2.451692 -3.593995 -0.000000 -0.000007 -0.000001 -1.362682 2.240797 -0.746322 -21.334887 0.584911 3.008321 -13.821197 -0.000001 0.000000 -23.887129 -0.249078 -0.839482 -61.221825 2.625008 -1.997109 -0.294025 1.679687 0.833255 -14.218194 0.093216 1.300579 -34.212006 -0.287561 0.967168 -20.033180 0.964536 1.212840 0.000000 -0.000001 -0.000000 -3.440386 0.788232 0.501655 -15.928164 -3.167305 2.999703 -6.338818 0.000001 0.000001 -18.123411 3.648177 -4.905662 -0.000005 0.000002 -0.000002 19.042986 18.669981 8.359468 30.187662 35.672470 -29.095201 -178.582092 68.707413 -178.695267 6.535904 7.991187 -1.011037 2.243538 -5.255033 -3.180155 14.282877 -0.826594 6.952497 -0.000002 -12.690592 0.000002 15.729942 -17.662989 2.682197 1.665664 -1.955919 -2.878296 4.727793 -4.170584 4.993919 11.020514 0.000003 -0.000000 12.109030 -3.735710 -2.866778 0.000000 -0.000000 0.000000 1.291984 -1.928548 -1.498087 14.800111 0.567468 3.865604 14.242553 -1.341736 -6.660647 19.631937 0.143927 -0.648243 49.548290 -0.853378 -6.555556 0.353029 -1.511150 -0.031939 20.222767 3.684307 2.316629 18.787245 0.000005 0.000001 10.751611 -0.479868 1.397904 0.000000 -0.000000 0.000000 3.273806 0.305948 -0.580109 21.486792 11.830363 2.266132 8.162917 0.000001 0.000000 18.399055 -3.798980 -4.940566 0.000003 0.000000 -0.000001 0.406272 8.378285 5.377869 0.121576 -0.409782 31.056780 -10.474616 13.358844 -25.849529 1.679704 -2.003370 -0.936860 0.000000 0.000000 0.000002 -18.495468 0.449188 -23.255676 0.158851 0.332724 36.544186 15.288162 -9.099255 -5.655038 -1.445127 1.019362 -0.695707 0.000000 -0.000000 -0.000001 
-4.590628 93.117615 4.080965 5.716955 0.151587 -7.785134 -4.600785 0.003912 -0.370538 -1.638968 -1.406224 -4.765379 -5.897765 -3.035601 7.955492 5.683956 -0.232708 11.853493 -1.167338 -2.822618 -3.804808 2.082504 -4.262930 -4.103074 0.000077 -0.000023 0.000006 -0.011499 0.081414 0.001075 0.711806 -3.631302 -10.704294 -0.747936 3.792925 -10.746974 -11.415710 -21.702904 7.324541 -49.057446 -50.865246 -8.002809 -179.906021 -64.665649 179.923904 4.136389 -2.012960 -15.560416 -5.882101 9.861278 0.702591 -10.936860 -0.360573 7.156196 -0.000000 8.774815 -0.000001 -16.132671 18.277113 6.035167 -1.844030 2.498502 -2.507274 -10.163589 4.678938 4.621102 -20.975996 -0.000005 0.000002 -21.226254 2.451692 -3.593995 0.000000 -0.000007 -0.000000 -1.362680 2.240796 -0.746320 -21.334887 0.584908 3.008322 -13.821197 -0.000002 0.000003 -23.887131 -0.249077 -0.839480 -61.294483 2.529802 -2.066246 -0.294024 1.679686 0.833257 -14.218192 0.093214 1.300580 -34.211998 -0.287564 0.967170 -20.033176 0.964536 1.212841 0.000000 0.000000 -0.000000 -3.440385 0.788232 0.501656 -15.928167 -3.167306 2.999703 -6.338817 -0.000001 0.000003 -18.123415 3.648176 -4.905662 -0.000006 0.000001 -0.000001 19.094791 18.662945 8.341819 30.113468 35.711403 -29.102383 -178.961563 68.697571 -178.930923 6.566401 8.077231 -1.586640 2.243540 -5.255032 -3.180157 14.282875 -0.826594 6.952495 -0.000001 -12.690591 0.000000 15.774372 -17.574648 2.726702 1.665665 -1.955919 -2.878296 4.727790 -4.170584 4.993918 11.020511 0.000002 -0.000001 12.109029 -3.735710 -2.866781 0.000001 -0.000000 0.000001 1.291985 -1.928548 -1.498088 14.800109 0.567469 3.865602 14.242553 -1.341734 -6.660650 19.631937 0.143928 -0.648244 49.447884 -0.863262 -6.453706 0.353027 -1.511150 -0.031941 20.222767 3.684307 2.316627 18.787245 0.000006 -0.000002 10.751610 -0.479867 1.397903 -0.000000 -0.000000 -0.000000 3.273805 0.305947 -0.580110 21.486792 11.830365 2.266131 8.162916 0.000002 -0.000000 18.399050 -3.798979 -4.940568 0.000003 -0.000000 -0.000001 0.553874 8.338342 5.583546 0.114681 -0.420204 30.883396 -10.646569 13.461750 -25.610020 1.682543 -2.015576 -0.952456 -0.000000 -0.000001 0.000002 -18.359549 0.525669 -23.288540 0.136300 0.295358 36.825291 15.170312 -9.062070 -5.956197 -1.442595 0.999644 -0.746943 0.000000 0.000000 -0.000001 
-4.685951 93.126450 4.204542 5.729859 0.169545 -7.735135 -4.616819 0.005672 -0.374887 -1.625276 -1.409237 -4.768552 -5.917778 -3.048831 7.948502 5.643500 -0.237825 11.789715 -1.133559 -2.793116 -3.822963 1.998168 -4.246149 -4.043232 0.000077 -0.000023 0.000006 -0.006686 0.071401 -0.002432 0.709096 -3.643088 -10.707289 -0.736039 3.792874 -10.751536 -11.477071 -21.692717 7.273387 -48.979809 -50.809772 -8.257378 -179.648743 -64.675117 179.605835 3.985722 -2.116280 -15.688864 -5.882100 9.861278 0.702587 -10.936859 -0.360575 7.156198 0.000000 8.774814 -0.000001 -16.121014 18.275696 6.031860 -1.844031 2.498502 -2.507274 -10.163589 4.678940 4.621104 -20.975992 -0.000004 0.000004 -21.226248 2.451694 -3.593992 -0.000000 -0.000006 0.000001 -1.362679 2.240797 -0.746322 -21.334887 0.584907 3.008322 -13.821193 -0.000003 0.000003 -23.887129 -0.249079 -0.839479 -61.312992 2.478537 -2.071553 -0.294024 1.679686 0.833255 -14.218190 0.093213 1.300580 -34.211998 -0.287563 0.967173 -20.033175 0.964537 1.212844 0.000000 0.000000 -0.000000 -3.440385 0.788232 0.501654 -15.928164 -3.167306 2.999707 -6.338817 -0.000002 0.000003 -18.123411 3.648175 -4.905657 -0.000005 0.000001 -0.000002 19.157261 18.699238 8.330638 29.970886 35.703522 -29.267977 -179.546890 68.784035 -179.441681 6.545825 8.282034 -1.938186 2.243539 -5.255033 -3.180155 14.282875 -0.826595 6.952497 -0.000001 -12.690588 0.000001 15.817739 -17.530758 2.749676 1.665663 -1.955919 -2.878297 4.727795 -4.170585 4.993919 11.020513 0.000001 -0.000000 12.109030 -3.735710 -2.866779 0.000000 0.000002 -0.000000 1.291985 -1.928548 -1.498088 14.800114 0.567469 3.865605 14.242553 -1.341735 -6.660648 19.631939 0.143925 -0.648242 49.431980 -0.837485 -6.409452 0.353029 -1.511149 -0.031939 20.222771 3.684304 2.316629 18.787247 0.000003 0.000000 10.751610 -0.479869 1.397904 0.000000 0.000000 0.000000 3.273804 0.305946 -0.580109 21.486790 11.830360 2.266131 8.162918 0.000001 0.000000 18.399054 -3.798980 -4.940566 0.000003 0.000000 -0.000001 0.608948 8.310076 5.638466 0.111358 -0.430823 30.833084 -10.792414 13.551699 -25.513523 1.677735 -2.029966 -0.894384 -0.000000 0.000000 0.000002 -18.321142 0.526895 -23.316107 0.133120 0.271597 36.967163 15.062637 -9.025705 -6.102833 -1.443084 0.975397 -0.750716 0.000000 0.000000 -0.000001 
-4.721840 93.118423 4.276376 5.743854 0.239965 -7.667526 -4.627117 0.017100 -0.387757 -1.625258 -1.424760 -4.771777 -5.934761 -3.066451 7.929904 5.605536 -0.235239 11.734282 -1.114358 -2.772003 -3.814666 1.918927 -4.284348 -3.968439 0.000077 -0.000023 0.000006 -0.003792 0.074784 -0.004703 0.702698 -3.639745 -10.698802 -0.723123 3.788388 -10.748803 -11.496907 -21.673187 7.237417 -48.921219 -50.788666 -8.428016 -179.456619 -64.723587 179.427261 3.897702 -2.243344 -15.828552 -5.882102 9.861279 0.702590 -10.936861 -0.360574 7.156197 0.000000 8.774813 -0.000002 -16.052320 18.267197 6.044850 -1.844031 2.498503 -2.507273 -10.163589 4.678940 4.621102 -20.975998 -0.000003 0.000001 -21.226254 2.451692 -3.593995 -0.000001 -0.000006 -0.000001 -1.362682 2.240797 -0.746322 -21.334890 0.584909 3.008319 -13.821197 -0.000002 0.000003 -23.887131 -0.249078 -0.839481 -61.321037 2.498993 -2.081256 -0.294025 1.679686 0.833254 -14.218194 0.093214 1.300579 -34.212006 -0.287565 0.967168 -20.033180 0.964534 1.212843 -0.000000 -0.000000 -0.000000 -3.440386 0.788232 0.501654 -15.928169 -3.167306 2.999704 -6.338818 -0.000001 0.000001 -18.123415 3.648176 -4.905662 -0.000006 -0.000000 -0.000003 19.199780 18.707598 8.299132 29.839224 35.718399 -29.375559 -179.920761 68.916496 -179.826965 6.567951 8.477233 -2.235674 2.243540 -5.255033 -3.180154 14.282879 -0.826593 6.952497 -0.000001 -12.690591 0.000001 15.854650 -17.472286 2.773157 1.665664 -1.955920 -2.878296 4.727793 -4.170584 4.993919 11.020512 0.000003 0.000000 12.109032 -3.735709 -2.866779 0.000000 0.000000 -0.000000 1.291985 -1.928548 -1.498088 14.800113 0.567468 3.865604 14.242553 -1.341733 -6.660647 19.631941 0.143925 -0.648242 49.497772 -0.818963 -6.375204 0.353029 -1.511150 -0.031940 20.222769 3.684306 2.316628 18.787245 0.000005 0.000001 10.751611 -0.479868 1.397905 0.000000 0.000000 -0.000000 3.273806 0.305947 -0.580110 21.486795 11.830362 2.266131 8.162919 0.000002 -0.000000 18.399055 -3.798979 -4.940567 0.000002 -0.000000 -0.000001 0.610224 8.237120 5.569462 0.108669 -0.414136 30.916611 -10.929842 13.578144 -25.494574 1.674330 -2.043917 -0.842708 0.000000 0.000001 0.000002 -18.335047 0.468597 -23.369404 0.133508 0.255716 37.091805 15.037695 -9.019988 -6.214310 -1.443341 0.967401 -0.739985 0.000000 0.000000 -0.000001 
-4.711692 93.117859 4.314373 5.754172 0.340161 -7.608951 -4.636060 0.020014 -0.394104 -1.630848 -1.419256 -4.769536 -5.933115 -3.099290 7.906245 5.556460 -0.206039 11.694476 -1.102466 -2.791668 -3.808087 1.849656 -4.357635 -3.885797 0.000077 -0.000023 0.000006 -0.002424 0.084985 -0.003699 0.696696 -3.619070 -10.681153 -0.715329 3.801843 -10.731306 -11.526878 -21.647806 7.244036 -48.829872 -50.785221 -8.595368 -179.370560 -64.808022 179.415543 3.809438 -2.341200 -15.912532 -5.882101 9.861279 0.702591 -10.936858 -0.360575 7.156196 0.000000 8.774814 0.000000 -15.972773 18.237555 6.079982 -1.844030 2.498502 -2.507275 -10.163590 4.678941 4.621104 -20.975992 -0.000004 0.000001 -21.226250 2.451691 -3.593992 0.000000 -0.000006 -0.000000 -1.362680 2.240796 -0.746325 -21.334887 0.584907 3.008318 -13.821195 -0.000003 0.000004 -23.887129 -0.249080 -0.839481 -61.258728 2.516697 -2.091952 -0.294024 1.679685 0.833255 -14.218192 0.093214 1.300578 -34.211998 -0.287565 0.967168 -20.033176 0.964535 1.212841 0.000000 0.000000 -0.000000 -3.440387 0.788233 0.501656 -15.928164 -3.167306 2.999703 -6.338818 -0.000000 0.000000 -18.123411 3.648175 -4.905661 -0.000006 -0.000000 -0.000002 19.218922 18.720686 8.263100 29.670815 35.724525 -29.471994 179.984406 69.081795 179.996414 6.681431 8.641948 -2.414780 2.243539 -5.255033 -3.180155 14.282875 -0.826594 6.952496 -0.000002 -12.690592 0.000001 15.858657 -17.472204 2.794480 1.665666 -1.955920 -2.878297 4.727792 -4.170582 4.993918 11.020511 0.000003 -0.000000 12.109034 -3.735709 -2.866779 0.000001 0.000000 -0.000000 1.291983 -1.928549 -1.498088 14.800113 0.567468 3.865603 14.242553 -1.341735 -6.660648 19.631937 0.143926 -0.648243 49.541508 -0.810928 -6.363794 0.353028 -1.511149 -0.031940 20.222767 3.684307 2.316628 18.787245 0.000005 0.000000 10.751610 -0.479868 1.397905 0.000000 0.000000 -0.000000 3.273803 0.305947 -0.580110 21.486788 11.830361 2.266130 8.162916 0.000002 0.000000 18.399054 -3.798980 -4.940567 0.000003 -0.000000 -0.000001 0.589688 8.186656 5.497880 0.108459 -0.407457 30.968977 -10.979605 13.584157 -25.480330 1.672747 -2.062989 -0.803926 0.000000 -0.000000 0.000002 -18.375170 0.388858 -23.378214 0.135488 0.256585 37.126064 15.062421 -9.068937 -6.271114 -1.443485 0.966634 -0.731141 0.000000 -0.000000 -0.000001 
-4.730987 93.113068 4.325670 5.760709 0.457265 -7.539937 -4.648643 0.028615 -0.399677 -1.630598 -1.428651 -4.769619 -5.930163 -3.130908 7.880411 5.509257 -0.185627 11.652275 -1.106470 -2.802315 -3.798409 1.792833 -4.448766 -3.787181 0.000077 -0.000023 0.000006 -0.001920 0.111949 -0.002530 0.694981 -3.601326 -10.669518 -0.711550 3.827850 -10.726996 -11.530572 -21.610458 7.246030 -48.762398 -50.792686 -8.704370 -179.254730 -64.904343 179.354187 3.742507 -2.431510 -15.921002 -5.882099 9.861278 0.702589 -10.936860 -0.360576 7.156199 0.000001 8.774815 -0.000002 -15.944502 18.216103 6.074280 -1.844031 2.498502 -2.507277 -10.163587 4.678937 4.621106 -20.975994 -0.000004 0.000003 -21.226246 2.451690 -3.593994 0.000000 -0.000008 -0.000000 -1.362680 2.240797 -0.746323 -21.334887 0.584905 3.008322 -13.821197 -0.000003 0.000004 -23.887131 -0.249078 -0.839479 -61.206108 2.553103 -2.109259 -0.294025 1.679686 0.833254 -14.218192 0.093212 1.300578 -34.211998 -0.287565 0.967173 -20.033175 0.964535 1.212843 0.000000 0.000000 -0.000000 -3.440386 0.788232 0.501657 -15.928167 -3.167306 2.999706 -6.338815 -0.000002 0.000002 -18.123413 3.648174 -4.905660 -0.000006 0.000003 -0.000002 19.248175 18.747341 8.190028 29.548374 35.710567 -29.464918 179.992111 69.223236 179.925171 6.797278 8.808195 -2.489244 2.243542 -5.255033 -3.180155 14.282873 -0.826591 6.952495 -0.000002 -12.690592 -0.000000 15.832377 -17.451279 2.798575 1.665664 -1.955920 -2.878297 4.727795 -4.170582 4.993918 11.020511 0.000004 -0.000001 12.109033 -3.735709 -2.866781 0.000000 0.000001 -0.000000 1.291985 -1.928547 -1.498088 14.800111 0.567469 3.865602 14.242551 -1.341733 -6.660649 19.631933 0.143928 -0.648243 49.542622 -0.806071 -6.355817 0.353028 -1.511149 -0.031940 20.222767 3.684308 2.316628 18.787245 0.000006 -0.000000 10.751610 -0.479868 1.397904 -0.000000 -0.000000 0.000000 3.273805 0.305947 -0.580110 21.486790 11.830366 2.266131 8.162917 0.000002 0.000000 18.399050 -3.798977 -4.940567 0.000003 0.000000 -0.000001 0.587100 8.130867 5.366534 0.103284 -0.425886 31.079042 -11.027511 13.549001 -25.467762 1.670077 -2.081702 -0.783915 0.000000 0.000000 0.000002 -18.396946 0.314403 -23.421291 0.139353 0.252750 37.183949 15.150830 -9.148821 -6.340303 -1.444974 0.960549 -0.693158 0.000000 0.000000 -0.000001 
-4.723115 93.108955 4.358160 5.778006 0.600714 -7.462511 -4.667759 0.035305 -0.400809 -1.627710 -1.435475 -4.783928 -5.936799 -3.150332 7.847473 5.485639 -0.175461 11.629756 -1.132318 -2.824999 -3.780910 1.737648 -4.549531 -3.720581 0.000077 -0.000022 0.000006 -0.002076 0.132389 -0.000015 0.692876 -3.574752 -10.666815 -0.711805 3.847526 -10.721282 -11.517936 -21.597570 7.256124 -48.770172 -50.805611 -8.793675 -179.174423 -65.064980 179.341431 3.606428 -2.545114 -15.862249 -5.882100 9.861279 0.702590 -10.936858 -0.360576 7.156197 0.000001 8.774814 -0.000002 -15.936726 18.203976 6.053065 -1.844032 2.498503 -2.507275 -10.163589 4.678939 4.621106 -20.975992 -0.000005 0.000003 -21.226250 2.451692 -3.593991 -0.000000 -0.000007 0.000000 -1.362680 2.240796 -0.746323 -21.334887 0.584906 3.008320 -13.821197 -0.000003 0.000004 -23.887129 -0.249080 -0.839481 -61.154869 2.552324 -2.153252 -0.294024 1.679686 0.833255 -14.218192 0.093214 1.300580 -34.211998 -0.287566 0.967171 -20.033180 0.964535 1.212844 0.000000 -0.000001 -0.000000 -3.440384 0.788233 0.501655 -15.928165 -3.167307 2.999705 -6.338818 -0.000000 0.000002 -18.123413 3.648176 -4.905659 -0.000006 0.000002 -0.000002 19.269848 18.772520 8.109012 29.392170 35.664898 -29.527678 -179.964905 69.377411 179.866455 6.850844 9.011819 -2.571918 2.243540 -5.255033 -3.180156 14.282878 -0.826595 6.952495 -0.000001 -12.690591 0.000000 15.845821 -17.450718 2.799720 1.665666 -1.955920 -2.878297 4.727793 -4.170583 4.993917 11.020513 0.000002 -0.000001 12.109033 -3.735710 -2.866779 0.000001 0.000000 0.000000 1.291985 -1.928547 -1.498088 14.800113 0.567468 3.865603 14.242553 -1.341734 -6.660649 19.631939 0.143926 -0.648244 49.537762 -0.820963 -6.370235 0.353031 -1.511150 -0.031940 20.222767 3.684305 2.316627 18.787245 0.000005 -0.000002 10.751610 -0.479868 1.397903 0.000000 0.000000 -0.000000 3.273804 0.305947 -0.580110 21.486788 11.830362 2.266130 8.162916 0.000002 -0.000001 18.399050 -3.798979 -4.940568 0.000003 -0.000000 -0.000001 0.551114 8.056699 5.241611 0.097756 -0.444590 31.181881 -11.052877 13.492247 -25.450403 1.666860 -2.083464 -0.746818 0.000000 0.000000 0.000002 -18.451305 0.226535 -23.444527 0.131171 0.246474 37.236614 15.245644 -9.221260 -6.419896 -1.445851 0.957097 -0.640432 -0.000000 -0.000000 -0.000001 
-4.742276 93.086014 4.410310 5.787102 0.737461 -7.392440 -4.685527 0.018301 -0.400466 -1.624175 -1.424074 -4.762668 -5.940378 -3.184178 7.798137 5.481266 -0.166036 11.603255 -1.159433 -2.880144 -3.768006 1.675326 -4.616405 -3.695041 0.000077 -0.000023 0.000006 -0.002476 0.142618 0.002910 0.690610 -3.561072 -10.664156 -0.711790 3.861504 -10.727276 -11.503277 -21.579992 7.265149 -48.744179 -50.781483 -8.916917 -179.080826 -65.198608 179.216278 3.425707 -2.635597 -15.741635 -5.882102 9.861278 0.702591 -10.936858 -0.360574 7.156195 -0.000003 8.774814 0.000001 -15.930507 18.196341 6.044506 -1.844032 2.498501 -2.507278 -10.163589 4.678941 4.621103 -20.976000 -0.000001 0.000001 -21.226255 2.451694 -3.593994 -0.000000 -0.000007 0.000001 -1.362682 2.240796 -0.746324 -21.334892 0.584910 3.008320 -13.821198 -0.000001 0.000003 -23.887129 -0.249077 -0.839482 -61.126213 2.540593 -2.118628 -0.294026 1.679686 0.833255 -14.218194 0.093217 1.300580 -34.212006 -0.287562 0.967167 -20.033178 0.964536 1.212839 -0.000000 0.000002 -0.000000 -3.440385 0.788233 0.501654 -15.928169 -3.167304 2.999704 -6.338819 -0.000002 0.000001 -18.123415 3.648179 -4.905662 -0.000006 0.000002 -0.000003 19.295115 18.799524 8.029210 29.260359 35.633915 -29.651396 179.895172 69.495415 179.661972 6.902248 9.214478 -2.592955 2.243540 -5.255033 -3.180155 14.282873 -0.826595 6.952497 0.000001 -12.690592 0.000001 15.827701 -17.445900 2.795449 1.665664 -1.955920 -2.878297 4.727793 -4.170584 4.993919 11.020512 0.000003 -0.000001 12.109033 -3.735711 -2.866778 0.000000 0.000000 0.000000 1.291985 -1.928549 -1.498088 14.800111 0.567468 3.865603 14.242553 -1.341735 -6.660649 19.631937 0.143926 -0.648244 49.513512 -0.842133 -6.374605 0.353029 -1.511149 -0.031940 20.222769 3.684304 2.316628 18.787243 0.000003 -0.000000 10.751611 -0.479868 1.397904 0.000000 0.000000 0.000000 3.273804 0.305946 -0.580110 21.486790 11.830360 2.266131 8.162916 0.000001 -0.000000 18.399052 -3.798979 -4.940566 0.000003 -0.000000 -0.000001 0.517428 7.981912 5.228131 0.094667 -0.462875 31.246304 -11.077888 13.375195 -25.485527 1.669342 -2.096467 -0.702863 0.000000 -0.000001 0.000002 -18.478819 0.118321 -23.499590 0.133981 0.250202 37.388233 15.288713 -9.272755 -6.552372 -1.446255 0.959515 -0.587781 0.000000 0.000000 -0.000001 
-4.764601 93.058472 4.483554 5.801240 0.851109 -7.337497 -4.697138 0.027985 -0.378405 -1.623950 -1.417588 -4.762101 -5.944716 -3.204637 7.755599 5.482471 -0.169833 11.598393 -1.181266 -2.940140 -3.755614 1.611607 -4.679342 -3.665206 0.000077 -0.000022 0.000006 -0.003100 0.152850 0.002681 0.690079 -3.560204 -10.663970 -0.710619 3.871784 -10.730350 -11.503546 -21.576284 7.289116 -48.763435 -50.774147 -9.006660 -178.894165 -65.382256 179.047287 3.290517 -2.767850 -15.650920 -5.882102 9.861278 0.702589 -10.936859 -0.360572 7.156198 -0.000001 8.774815 0.000002 -15.947109 18.208221 6.022007 -1.844031 2.498502 -2.507276 -10.163589 4.678939 4.621102 -20.976000 -0.000003 0.000003 -21.226257 2.451694 -3.593993 0.000000 -0.000007 -0.000002 -1.362680 2.240796 -0.746322 -21.334894 0.584911 3.008319 -13.821197 -0.000001 0.000002 -23.887133 -0.249077 -0.839483 -61.128174 2.525621 -2.119267 -0.294025 1.679686 0.833255 -14.218197 0.093216 1.300578 -34.212009 -0.287563 0.967167 -20.033180 0.964534 1.212840 -0.000000 -0.000001 -0.000000 -3.440386 0.788232 0.501655 -15.928167 -3.167305 2.999702 -6.338817 -0.000002 0.000001 -18.123411 3.648178 -4.905662 -0.000004 -0.000000 -0.000001 19.328167 18.847750 7.982083 29.089020 35.602482 -29.876348 179.734329 69.571159 179.431458 6.902478 9.435171 -2.654698 2.243540 -5.255032 -3.180155 14.282877 -0.826593 6.952496 -0.000001 -12.690588 0.000001 15.791989 -17.419458 2.786784 1.665664 -1.955919 -2.878297 4.727794 -4.170582 4.993918 11.020513 0.000004 -0.000001 12.109029 -3.735709 -2.866779 0.000000 0.000000 -0.000000 1.291985 -1.928547 -1.498088 14.800111 0.567468 3.865604 14.242554 -1.341734 -6.660649 19.631937 0.143925 -0.648243 49.460415 -0.860212 -6.374930 0.353028 -1.511149 -0.031940 20.222769 3.684307 2.316628 18.787245 0.000004 0.000000 10.751610 -0.479868 1.397904 0.000000 -0.000000 0.000000 3.273805 0.305947 -0.580110 21.486792 11.830361 2.266132 8.162916 0.000002 0.000000 18.399052 -3.798979 -4.940567 0.000003 -0.000000 -0.000001 0.508484 7.891371 5.148225 0.091901 -0.474932 31.336323 -11.110904 13.327076 -25.543180 1.669088 -2.102207 -0.701647 0.000000 -0.000000 0.000002 -18.567173 0.026186 -23.599949 0.127108 0.239147 37.570976 15.366566 -9.273450 -6.521914 -1.449325 0.958549 -0.516892 -0.000000 -0.000000 -0.000001 
-4.785918 93.045494 4.565381 5.801949 0.972756 -7.284844 -4.698802 0.029260 -0.371730 -1.625100 -1.407393 -4.747150 -5.948908 -3.202026 7.708887 5.492594 -0.191908 11.620315 -1.206046 -3.044264 -3.753108 1.558580 -4.720158 -3.622233 0.000077 -0.000023 0.000006 -0.002848 0.152570 0.002583 0.688723 -3.555495 -10.655677 -0.709107 3.864941 -10.724775 -11.519758 -21.605772 7.324418 -48.692162 -50.762207 -9.163332 -178.698151 -65.519356 178.856247 3.140695 -2.826294 -15.661073 -5.882101 9.861279 0.702590 -10.936858 -0.360574 7.156197 -0.000001 8.774812 -0.000002 -15.954602 18.208769 6.005939 -1.844031 2.498502 -2.507275 -10.163589 4.678938 4.621104 -20.975996 -0.000004 0.000004 -21.226255 2.451693 -3.593993 0.000000 -0.000006 -0.000001 -1.362681 2.240795 -0.746321 -21.334888 0.584908 3.008321 -13.821197 -0.000002 0.000003 -23.887131 -0.249076 -0.839480 -61.125362 2.518291 -2.099505 -0.294025 1.679686 0.833256 -14.218195 0.093215 1.300579 -34.212006 -0.287565 0.967170 -20.033178 0.964535 1.212843 -0.000000 -0.000001 0.000000 -3.440386 0.788232 0.501655 -15.928165 -3.167307 2.999703 -6.338818 -0.000001 0.000003 -18.123413 3.648175 -4.905660 -0.000004 0.000002 -0.000002 19.345848 18.865580 7.907047 28.925743 35.576733 -30.074381 179.552704 69.574348 179.239090 6.855627 9.609772 -2.719483 2.243542 -5.255033 -3.180156 14.282875 -0.826595 6.952496 -0.000001 -12.690591 -0.000000 15.724353 -17.379459 2.778805 1.665663 -1.955919 -2.878297 4.727793 -4.170584 4.993918 11.020514 0.000003 -0.000001 12.109034 -3.735711 -2.866781 0.000000 -0.000001 0.000000 1.291985 -1.928548 -1.498088 14.800107 0.567467 3.865602 14.242553 -1.341735 -6.660650 19.631939 0.143926 -0.648245 49.347683 -0.859424 -6.383065 0.353030 -1.511149 -0.031940 20.222767 3.684305 2.316628 18.787243 0.000004 -0.000001 10.751610 -0.479869 1.397903 0.000000 0.000000 0.000000 3.273805 0.305946 -0.580110 21.486790 11.830362 2.266131 8.162916 0.000001 -0.000000 18.399054 -3.798979 -4.940568 0.000003 -0.000000 -0.000001 0.513155 7.788500 5.078828 0.091340 -0.500087 31.417431 -11.136718 13.271623 -25.542667 1.669163 -2.114758 -0.690652 -0.000000 -0.000001 0.000002 -18.564053 -0.073918 -23.622839 0.121140 0.229854 37.697819 15.358174 -9.308239 -6.647393 -1.451642 0.938173 -0.455237 -0.000000 -0.000000 -0.000001 
-4.781443 93.029198 4.601770 5.791730 1.055178 -7.252708 -4.689989 0.067647 -0.359129 -1.626277 -1.439325 -4.748788 -5.930258 -3.181483 7.689780 5.497518 -0.219983 11.646803 -1.202729 -3.112313 -3.748295 1.494037 -4.788395 -3.572664 0.000077 -0.000023 0.000006 -0.002006 0.139202 0.001980 0.685254 -3.572273 -10.655951 -0.702489 3.852046 -10.724908 -11.534940 -21.612600 7.383431 -48.621792 -50.834888 -9.302687 -178.474899 -65.722389 178.673447 3.004569 -2.903603 -15.724767 -5.882100 9.861276 0.702590 -10.936859 -0.360575 7.156197 -0.000000 8.774813 0.000002 -15.973759 18.209175 5.991568 -1.844032 2.498502 -2.507277 -10.163589 4.678940 4.621104 -20.975994 -0.000005 0.000002 -21.226255 2.451690 -3.593993 0.000000 -0.000006 -0.000001 -1.362681 2.240796 -0.746321 -21.334892 0.584908 3.008322 -13.821197 -0.000002 0.000003 -23.887129 -0.249079 -0.839478 -61.129574 2.529301 -2.117765 -0.294024 1.679685 0.833256 -14.218194 0.093215 1.300580 -34.211998 -0.287565 0.967169 -20.033176 0.964535 1.212840 0.000000 0.000000 0.000000 -3.440386 0.788233 0.501657 -15.928167 -3.167306 2.999704 -6.338819 -0.000001 0.000001 -18.123413 3.648176 -4.905660 -0.000005 -0.000000 -0.000003 19.362522 18.900396 7.863887 28.710255 35.572266 -30.240633 179.521530 69.560593 179.136292 6.797985 9.713567 -2.674224 2.243538 -5.255033 -3.180155 14.282873 -0.826593 6.952495 -0.000002 -12.690592 0.000001 15.634678 -17.315109 2.746002 1.665665 -1.955920 -2.878296 4.727792 -4.170583 4.993918 11.020510 0.000003 -0.000001 12.109030 -3.735709 -2.866779 -0.000001 -0.000000 -0.000000 1.291985 -1.928548 -1.498088 14.800109 0.567469 3.865602 14.242550 -1.341733 -6.660649 19.631937 0.143928 -0.648243 49.201900 -0.833551 -6.402711 0.353030 -1.511149 -0.031939 20.222769 3.684309 2.316628 18.787245 0.000005 0.000000 10.751608 -0.479868 1.397904 0.000000 0.000000 0.000000 3.273805 0.305948 -0.580110 21.486790 11.830364 2.266130 8.162916 0.000002 0.000000 18.399050 -3.798978 -4.940566 0.000003 0.000000 -0.000001 0.523499 7.680151 5.011559 0.091280 -0.499090 31.554564 -11.173266 13.235272 -25.533785 1.668874 -2.132463 -0.702370 0.000000 -0.000000 0.000002 -18.545357 -0.133849 -23.601162 0.121162 0.219298 37.778049 15.344969 -9.345706 -6.843525 -1.454405 0.936314 -0.410911 0.000000 -0.000000 -0.000001 
-4.777024 93.025223 4.674107 5.781310 1.142724 -7.213321 -4.687733 0.067367 -0.365918 -1.623929 -1.428077 -4.737856 -5.895576 -3.166425 7.663679 5.505048 -0.246084 11.680628 -1.194793 -3.180126 -3.755610 1.451011 -4.835989 -3.504794 0.000077 -0.000023 0.000006 -0.002099 0.122162 0.001974 0.683367 -3.580844 -10.651464 -0.702537 3.834789 -10.718204 -11.552075 -21.630716 7.434219 -48.583508 -50.875423 -9.338444 -178.394424 -65.840416 178.636215 2.917054 -2.926176 -15.794392 -5.882099 9.861278 0.702590 -10.936857 -0.360577 7.156199 0.000000 8.774813 -0.000001 -16.025345 18.191618 5.983331 -1.844030 2.498502 -2.507277 -10.163589 4.678937 4.621104 -20.976000 -0.000004 0.000002 -21.226254 2.451692 -3.593990 -0.000000 -0.000006 0.000001 -1.362680 2.240796 -0.746323 -21.334890 0.584906 3.008320 -13.821198 -0.000002 0.000003 -23.887131 -0.249080 -0.839478 -61.168331 2.541209 -2.134733 -0.294025 1.679686 0.833251 -14.218192 0.093212 1.300582 -34.211998 -0.287565 0.967174 -20.033178 0.964534 1.212844 -0.000000 0.000000 0.000000 -3.440386 0.788232 0.501655 -15.928167 -3.167308 2.999705 -6.338818 -0.000001 0.000002 -18.123415 3.648175 -4.905662 -0.000005 -0.000000 -0.000001 19.335787 18.905960 7.808214 28.561047 35.618759 -30.319099 179.714737 69.580704 179.254410 6.738873 9.826211 -2.526473 2.243542 -5.255034 -3.180156 14.282877 -0.826593 6.952494 0.000002 -12.690593 -0.000002 15.645049 -17.323959 2.719628 1.665664 -1.955920 -2.878297 4.727792 -4.170583 4.993917 11.020510 0.000003 -0.000001 12.109031 -3.735710 -2.866781 0.000000 0.000001 0.000000 1.291984 -1.928548 -1.498088 14.800109 0.567468 3.865602 14.242553 -1.341735 -6.660649 19.631937 0.143926 -0.648243 49.161243 -0.819558 -6.434519 0.353027 -1.511150 -0.031940 20.222763 3.684307 2.316628 18.787241 0.000005 -0.000001 10.751609 -0.479867 1.397903 0.000000 -0.000000 0.000000 3.273803 0.305946 -0.580110 21.486790 11.830363 2.266132 8.162916 0.000002 -0.000001 18.399050 -3.798979 -4.940568 0.000003 -0.000000 -0.000001 0.511220 7.531665 4.978395 0.099052 -0.485511 31.599571 -11.203886 13.249706 -25.522545 1.668366 -2.136295 -0.750277 -0.000000 0.000001 0.000002 -18.532618 -0.234467 -23.572573 0.128492 0.218882 37.836025 15.322433 -9.342021 -6.968254 -1.455051 0.928757 -0.368725 0.000000 -0.000000 -0.000001 
-4.798352 93.016991 4.724185 5.769180 1.200418 -7.185986 -4.674714 0.081471 -0.351145 -1.620718 -1.424023 -4.746298 -5.869309 -3.171865 7.651766 5.506890 -0.254965 11.712151 -1.199273 -3.217046 -3.756131 1.445209 -4.890383 -3.464949 0.000077 -0.000023 0.000006 -0.001456 0.115346 0.003631 0.683299 -3.590733 -10.660041 -0.698742 3.828012 -10.720910 -11.544975 -21.602554 7.446159 -48.585247 -50.931446 -9.285695 -178.465927 -66.008842 178.716248 2.840795 -2.967553 -15.861331 -5.882100 9.861279 0.702590 -10.936858 -0.360575 7.156197 -0.000001 8.774815 -0.000002 -16.056940 18.170034 5.952471 -1.844031 2.498502 -2.507277 -10.163589 4.678941 4.621102 -20.975998 -0.000003 -0.000000 -21.226255 2.451693 -3.593994 -0.000000 -0.000006 0.000000 -1.362679 2.240795 -0.746324 -21.334887 0.584907 3.008319 -13.821195 -0.000002 0.000001 -23.887125 -0.249081 -0.839480 -61.158482 2.533204 -2.126707 -0.294025 1.679687 0.833253 -14.218194 0.093215 1.300577 -34.211998 -0.287565 0.967169 -20.033176 0.964533 1.212842 0.000000 0.000000 0.000000 -3.440385 0.788233 0.501657 -15.928167 -3.167307 2.999703 -6.338816 -0.000000 0.000002 -18.123415 3.648175 -4.905663 -0.000006 -0.000000 -0.000002 19.273226 18.940422 7.734347 28.440077 35.679016 -30.385475 179.904816 69.622612 179.350922 6.650939 9.912208 -2.471161 2.243544 -5.255033 -3.180155 14.282877 -0.826595 6.952497 -0.000000 -12.690591 0.000001 15.674551 -17.300158 2.698716 1.665664 -1.955920 -2.878297 4.727794 -4.170584 4.993919 11.020510 0.000004 -0.000001 12.109034 -3.735711 -2.866779 0.000000 0.000000 -0.000000 1.291984 -1.928549 -1.498088 14.800113 0.567467 3.865604 14.242551 -1.341736 -6.660649 19.631939 0.143925 -0.648243 49.127514 -0.803935 -6.433355 0.353027 -1.511150 -0.031939 20.222769 3.684305 2.316628 18.787249 0.000003 -0.000000 10.751612 -0.479868 1.397904 0.000000 -0.000000 0.000000 3.273806 0.305947 -0.580110 21.486795 11.830364 2.266132 8.162918 0.000001 -0.000000 18.399054 -3.798982 -4.940568 0.000003 -0.000000 -0.000001 0.501304 7.400136 4.948166 0.104960 -0.477309 31.664577 -11.247444 13.258325 -25.523748 1.666768 -2.117004 -0.796221 -0.000000 -0.000001 0.000002 -18.518147 -0.339069 -23.553747 0.130066 0.230314 37.913780 15.331501 -9.303940 -7.080900 -1.454842 0.921614 -0.352463 0.000000 -0.000000 -0.000001 
-4.753278 93.007240 4.802447 5.750004 1.250369 -7.142469 -4.653872 0.085770 -0.349094 -1.616999 -1.401683 -4.733946 -5.834569 -3.197004 7.611142 5.522892 -0.216178 11.755226 -1.212939 -3.282183 -3.757303 1.449954 -4.961178 -3.438880 0.000077 -0.000023 0.000006 -0.001015 0.112192 0.008228 0.682053 -3.598880 -10.659378 -0.697801 3.826366 -10.723860 -11.544254 -21.563427 7.440886 -48.652283 -50.984745 -9.120600 -178.644867 -66.152725 178.849548 2.813212 -3.002872 -15.969704 -5.882101 9.861279 0.702590 -10.936861 -0.360576 7.156197 0.000001 8.774814 -0.000001 -16.058958 18.179453 5.938482 -1.844031 2.498503 -2.507277 -10.163589 4.678937 4.621105 -20.975994 -0.000004 0.000002 -21.226255 2.451693 -3.593993 -0.000000 -0.000007 0.000000 -1.362682 2.240796 -0.746323 -21.334892 0.584907 3.008318 -13.821197 -0.000003 0.000002 -23.887129 -0.249079 -0.839480 -61.150776 2.532631 -2.115561 -0.294025 1.679687 0.833254 -14.218194 0.093214 1.300579 -34.212002 -0.287566 0.967170 -20.033180 0.964533 1.212842 -0.000000 0.000000 0.000000 -3.440385 0.788233 0.501654 -15.928171 -3.167306 2.999703 -6.338818 -0.000000 0.000001 -18.123413 3.648174 -4.905660 -0.000006 -0.000000 -0.000002 19.191271 19.001440 7.637115 28.337357 35.724052 -30.464699 -179.994125 69.698792 179.325531 6.562223 9.994565 -2.506900 2.243539 -5.255033 -3.180155 14.282877 -0.826594 6.952497 -0.000002 -12.690592 0.000003 15.676024 -17.328978 2.689848 1.665664 -1.955920 -2.878297 4.727792 -4.170583 4.993919 11.020513 0.000003 -0.000001 12.109029 -3.735706 -2.866779 -0.000001 0.000001 0.000000 1.291983 -1.928547 -1.498088 14.800113 0.567468 3.865604 14.242553 -1.341733 -6.660648 19.631937 0.143927 -0.648242 49.097034 -0.801568 -6.441132 0.353031 -1.511149 -0.031940 20.222769 3.684306 2.316628 18.787247 0.000004 0.000001 10.751610 -0.479868 1.397904 0.000000 -0.000000 0.000000 3.273805 0.305947 -0.580110 21.486790 11.830362 2.266130 8.162917 0.000001 0.000000 18.399052 -3.798980 -4.940566 0.000003 -0.000000 -0.000001 0.489421 7.274721 4.924497 0.112836 -0.463110 31.692097 -11.291186 13.228841 -25.564152 1.668046 -2.121953 -0.847223 0.000000 -0.000000 0.000002 -18.504757 -0.448020 -23.545694 0.139240 0.239653 37.957745 15.346022 -9.255188 -7.193429 -1.454554 0.924667 -0.349276 0.000000 -0.000000 -0.000001 
-4.734900 92.997948 4.869527 5.731998 1.310487 -7.098453 -4.623665 0.099798 -0.311860 -1.617898 -1.420989 -4.729516 -5.802408 -3.191344 7.564140 5.543093 -0.191544 11.766559 -1.226405 -3.329465 -3.746212 1.469574 -5.046482 -3.413873 0.000077 -0.000023 0.000006 -0.001458 0.108540 0.011129 0.683890 -3.605300 -10.668743 -0.699828 3.833858 -10.723770 -11.521537 -21.552406 7.420244 -48.824791 -51.028400 -8.901318 -178.838898 -66.256744 179.015289 2.810774 -3.072354 -16.191889 -5.882102 9.861279 0.702590 -10.936860 -0.360574 7.156198 -0.000000 8.774814 -0.000001 -16.073404 18.200436 5.923676 -1.844031 2.498503 -2.507277 -10.163588 4.678937 4.621105 -20.975994 -0.000003 0.000002 -21.226255 2.451692 -3.593994 0.000000 -0.000006 -0.000001 -1.362680 2.240796 -0.746322 -21.334890 0.584908 3.008319 -13.821197 -0.000001 0.000001 -23.887125 -0.249079 -0.839482 -61.110901 2.521182 -2.086813 -0.294025 1.679686 0.833255 -14.218190 0.093214 1.300582 -34.211998 -0.287563 0.967170 -20.033180 0.964536 1.212843 0.000000 -0.000001 0.000000 -3.440386 0.788233 0.501656 -15.928165 -3.167306 2.999706 -6.338819 -0.000001 0.000001 -18.123411 3.648176 -4.905662 -0.000006 0.000001 -0.000002 19.095049 19.039078 7.542366 28.274960 35.797451 -30.551807 -179.972778 69.833107 179.214874 6.474801 10.056535 -2.617221 2.243541 -5.255031 -3.180156 14.282873 -0.826593 6.952495 -0.000002 -12.690587 0.000001 15.633378 -17.353296 2.693292 1.665663 -1.955920 -2.878297 4.727794 -4.170582 4.993918 11.020513 0.000002 -0.000001 12.109030 -3.735708 -2.866779 0.000001 0.000001 0.000000 1.291985 -1.928547 -1.498088 14.800114 0.567468 3.865605 14.242553 -1.341735 -6.660650 19.631939 0.143925 -0.648244 49.052013 -0.783764 -6.437973 0.353029 -1.511149 -0.031940 20.222767 3.684306 2.316628 18.787245 0.000005 -0.000000 10.751611 -0.479868 1.397904 -0.000000 -0.000000 -0.000000 3.273807 0.305947 -0.580110 21.486788 11.830360 2.266130 8.162916 0.000001 -0.000000 18.399052 -3.798978 -4.940567 0.000003 0.000000 -0.000001 0.488461 7.176121 4.898368 0.111675 -0.448657 31.702223 -11.335855 13.157533 -25.621002 1.667434 -2.116876 -0.847610 0.000000 0.000001 0.000002 -18.516090 -0.534149 -23.561773 0.147372 0.240601 38.015862 15.395537 -9.134652 -7.236269 -1.455993 0.918707 -0.323280 0.000000 -0.000000 -0.000001 
-4.723667 92.995041 4.959792 5.704497 1.427019 -7.035110 -4.594838 0.099526 -0.246324 -1.615067 -1.425686 -4.717609 -5.765305 -3.216936 7.506876 5.574852 -0.166784 11.742124 -1.237422 -3.371419 -3.741131 1.491501 -5.133126 -3.431763 0.000077 -0.000022 0.000006 -0.002875 0.105376 0.011902 0.683026 -3.609976 -10.679526 -0.700958 3.836354 -10.732001 -11.514235 -21.569254 7.408739 -48.994564 -51.108330 -8.747331 -178.942169 -66.330109 179.043945 2.818800 -3.130008 -16.464661 -5.882102 9.861278 0.702589 -10.936861 -0.360575 7.156197 0.000001 8.774812 -0.000001 -16.093592 18.177078 5.897119 -1.844032 2.498502 -2.507276 -10.163589 4.678939 4.621104 -20.975998 -0.000003 0.000003 -21.226250 2.451692 -3.593992 -0.000000 -0.000007 0.000000 -1.362680 2.240795 -0.746325 -21.334890 0.584909 3.008321 -13.821197 -0.000003 0.000003 -23.887136 -0.249077 -0.839478 -61.075058 2.517499 -2.051972 -0.294025 1.679687 0.833255 -14.218195 0.093214 1.300580 -34.212006 -0.287565 0.967173 -20.033178 0.964535 1.212843 -0.000000 -0.000000 -0.000000 -3.440386 0.788233 0.501657 -15.928167 -3.167305 2.999705 -6.338819 -0.000001 0.000001 -18.123415 3.648175 -4.905660 -0.000006 0.000001 -0.000001 19.024969 19.082321 7.466985 28.181456 35.820332 -30.708641 179.929840 69.900940 179.018112 6.390319 10.054804 -2.832949 2.243540 -5.255032 -3.180155 14.282877 -0.826593 6.952495 -0.000001 -12.690588 0.000001 15.553551 -17.367029 2.693674 1.665664 -1.955919 -2.878296 4.727794 -4.170582 4.993917 11.020512 0.000003 -0.000001 12.109031 -3.735708 -2.866780 0.000000 -0.000001 0.000000 1.291987 -1.928548 -1.498087 14.800111 0.567470 3.865602 14.242554 -1.341733 -6.660648 19.631939 0.143927 -0.648243 49.000652 -0.791098 -6.424234 0.353028 -1.511150 -0.031940 20.222771 3.684308 2.316627 18.787247 0.000006 -0.000001 10.751610 -0.479867 1.397904 0.000000 -0.000000 0.000000 3.273804 0.305947 -0.580110 21.486794 11.830364 2.266130 8.162916 0.000002 -0.000000 18.399055 -3.798977 -4.940567 0.000003 0.000000 -0.000001 0.506495 7.116190 4.879936 0.109560 -0.445220 31.664015 -11.368901 13.054947 -25.683140 1.665468 -2.107639 -0.794631 -0.000000 0.000001 0.000002 -18.528069 -0.627708 -23.573351 0.161908 0.239650 38.069920 15.455556 -9.043210 -7.271803 -1.455462 0.938169 -0.335693 -0.000000 -0.000000 -0.000001 
-4.737988 93.022507 5.016100 5.666575 1.603602 -6.912024 -4.574421 0.111631 -0.193818 -1.610685 -1.445485 -4.691604 -5.722233 -3.254386 7.439658 5.617445 -0.160360 11.655186 -1.232986 -3.413662 -3.735216 1.510864 -5.253276 -3.464077 0.000077 -0.000022 0.000006 -0.004817 0.109031 0.008203 0.685378 -3.603427 -10.672500 -0.706585 3.836106 -10.723001 -11.529404 -21.612436 7.393259 -49.171883 -51.200832 -8.632700 -178.897079 -66.398727 178.987213 2.876529 -3.194514 -16.820364 -5.882102 9.861279 0.702588 -10.936859 -0.360576 7.156196 -0.000001 8.774813 -0.000003 -16.144260 18.188589 5.888596 -1.844031 2.498503 -2.507275 -10.163589 4.678939 4.621103 -20.975996 -0.000003 0.000003 -21.226255 2.451692 -3.593993 0.000000 -0.000006 0.000000 -1.362680 2.240795 -0.746322 -21.334890 0.584908 3.008322 -13.821197 -0.000001 0.000003 -23.887131 -0.249076 -0.839481 -61.117111 2.487099 -2.036640 -0.294024 1.679686 0.833255 -14.218192 0.093213 1.300580 -34.212002 -0.287563 0.967171 -20.033178 0.964538 1.212843 -0.000000 0.000001 -0.000000 -3.440385 0.788232 0.501654 -15.928169 -3.167306 2.999706 -6.338817 -0.000000 0.000002 -18.123415 3.648175 -4.905662 -0.000006 0.000001 -0.000003 19.006094 19.043303 7.375006 28.075354 35.792141 -30.793766 179.833145 69.921623 178.885452 6.357335 9.997331 -3.047426 2.243539 -5.255033 -3.180155 14.282875 -0.826592 6.952495 -0.000000 -12.690586 0.000000 15.533391 -17.410366 2.638466 1.665665 -1.955920 -2.878297 4.727794 -4.170582 4.993918 11.020513 0.000004 -0.000000 12.109032 -3.735708 -2.866779 0.000001 0.000002 0.000000 1.291987 -1.928547 -1.498088 14.800114 0.567468 3.865603 14.242551 -1.341734 -6.660649 19.631939 0.143925 -0.648244 48.956116 -0.787756 -6.425595 0.353029 -1.511149 -0.031941 20.222769 3.684305 2.316628 18.787247 0.000005 -0.000001 10.751611 -0.479868 1.397904 0.000000 0.000000 0.000000 3.273803 0.305947 -0.580111 21.486790 11.830360 2.266130 8.162916 0.000002 -0.000000 18.399052 -3.798978 -4.940567 0.000003 0.000000 -0.000001 0.526719 7.070030 4.834144 0.105716 -0.456522 31.499748 -11.403190 12.919291 -25.725216 1.662997 -2.087398 -0.723758 0.000000 -0.000000 0.000002 -18.532763 -0.757698 -23.573105 0.162360 0.233318 38.020123 15.520754 -9.069575 -7.254864 -1.455106 0.971534 -0.343220 -0.000000 -0.000000 -0.000001 
-4.733771 93.105049 5.079441 5.595953 1.944458 -6.716678 -4.575377 0.096684 -0.160789 -1.601202 -1.440245 -4.672764 -5.646714 -3.324487 7.387406 5.649370 -0.214852 11.518931 -1.215510 -3.440082 -3.714978 1.542145 -5.382249 -3.494129 0.000077 -0.000023 0.000006 -0.007678 0.115360 -0.002906 0.687258 -3.595108 -10.661793 -0.714279 3.834415 -10.713368 -11.617002 -21.692501 7.455966 -49.270721 -51.404499 -8.522669 -178.849716 -66.487190 178.899506 2.980555 -3.253327 -17.172737 -5.882100 9.861277 0.702590 -10.936855 -0.360576 7.156198 0.000001 8.774811 -0.000001 -16.179804 18.232758 5.889822 -1.844031 2.498502 -2.507277 -10.163589 4.678938 4.621103 -20.975994 -0.000006 0.000001 -21.226250 2.451690 -3.593991 0.000000 -0.000006 0.000000 -1.362680 2.240797 -0.746322 -21.334888 0.584906 3.008321 -13.821197 -0.000002 0.000002 -23.887131 -0.249079 -0.839480 -61.157604 2.505429 -2.043649 -0.294023 1.679685 0.833255 -14.218190 0.093212 1.300579 -34.211998 -0.287566 0.967172 -20.033176 0.964534 1.212843 -0.000000 0.000000 0.000000 -3.440385 0.788232 0.501654 -15.928165 -3.167308 2.999705 -6.338816 -0.000001 0.000002 -18.123413 3.648173 -4.905661 -0.000006 0.000001 -0.000003 19.079010 18.884411 7.275632 27.806730 35.624256 -30.930021 179.691605 69.906097 178.717133 6.336438 9.776014 -3.301574 2.243541 -5.255032 -3.180155 14.282875 -0.826595 6.952496 -0.000002 -12.690591 0.000002 15.488259 -17.429255 2.590046 1.665664 -1.955919 -2.878297 4.727791 -4.170584 4.993919 11.020513 0.000004 -0.000001 12.109033 -3.735709 -2.866779 0.000000 -0.000001 -0.000000 1.291982 -1.928547 -1.498088 14.800111 0.567467 3.865602 14.242553 -1.341734 -6.660649 19.631939 0.143926 -0.648243 48.913822 -0.784187 -6.443311 0.353026 -1.511149 -0.031940 20.222771 3.684307 2.316628 18.787243 0.000004 -0.000000 10.751611 -0.479868 1.397904 0.000000 0.000000 -0.000000 3.273805 0.305947 -0.580110 21.486792 11.830362 2.266130 8.162918 0.000002 0.000000 18.399052 -3.798979 -4.940567 0.000003 0.000000 -0.000001 0.564320 6.938996 4.749411 0.104481 -0.486245 31.210714 -11.416799 12.767869 -25.639877 1.660468 -2.066672 -0.680549 0.000000 0.000000 0.000002 -18.515312 -1.026670 -23.385235 0.175964 0.246032 37.764050 15.619743 -9.178336 -7.348557 -1.453219 0.998757 -0.418092 -0.000000 -0.000000 -0.000001 
-4.785070 93.248444 5.137011 5.486252 2.486960 -6.440183 -4.594770 0.087791 -0.151991 -1.586814 -1.467993 -4.637416 -5.568329 -3.428759 7.305315 5.736468 -0.326672 11.386849 -1.207270 -3.505342 -3.700887 1.600695 -5.521852 -3.493321 0.000077 -0.000023 0.000006 -0.009005 0.122196 -0.017446 0.687817 -3.577407 -10.643339 -0.716168 3.831403 -10.700199 -11.775103 -21.806622 7.608281 -49.256813 -51.640694 -8.283167 -178.767700 -66.557838 178.804337 3.208831 -3.400983 -17.461836 -5.882101 9.861278 0.702588 -10.936859 -0.360574 7.156196 -0.000001 8.774813 -0.000002 -16.227766 18.295374 5.897101 -1.844031 2.498502 -2.507275 -10.163589 4.678940 4.621105 -20.975998 -0.000004 0.000002 -21.226254 2.451690 -3.593993 -0.000000 -0.000007 0.000000 -1.362679 2.240795 -0.746323 -21.334892 0.584909 3.008318 -13.821197 -0.000003 -0.000001 -23.887133 -0.249081 -0.839484 -61.259060 2.545583 -2.042737 -0.294024 1.679685 0.833255 -14.218194 0.093215 1.300580 -34.212006 -0.287567 0.967167 -20.033176 0.964532 1.212840 -0.000000 0.000000 0.000000 -3.440386 0.788233 0.501656 -15.928167 -3.167307 2.999705 -6.338815 -0.000001 0.000001 -18.123415 3.648175 -4.905663 -0.000006 0.000002 -0.000002 19.225128 18.603159 7.176761 27.378706 35.316139 -31.077017 179.994934 69.842850 178.958984 6.427424 9.457330 -3.234258 2.243537 -5.255033 -3.180155 14.282877 -0.826596 6.952496 -0.000003 -12.690591 0.000002 15.502404 -17.518785 2.523265 1.665664 -1.955920 -2.878296 4.727795 -4.170583 4.993918 11.020514 0.000003 -0.000000 12.109033 -3.735710 -2.866779 0.000000 0.000002 -0.000000 1.291982 -1.928548 -1.498087 14.800117 0.567467 3.865604 14.242553 -1.341735 -6.660648 19.631939 0.143925 -0.648243 48.949223 -0.795848 -6.476087 0.353031 -1.511149 -0.031939 20.222769 3.684305 2.316628 18.787245 0.000003 -0.000000 10.751610 -0.479868 1.397904 -0.000000 0.000000 0.000000 3.273804 0.305946 -0.580110 21.486790 11.830361 2.266130 8.162916 0.000001 -0.000000 18.399052 -3.798980 -4.940567 0.000003 0.000000 -0.000001 0.658000 6.713833 4.620492 0.109466 -0.529312 30.773132 -11.465976 12.479367 -25.411648 1.658293 -2.026521 -0.707050 -0.000000 -0.000001 0.000002 -18.431103 -1.445494 -23.242479 0.206088 0.297087 37.472191 15.652978 -9.503341 -7.183855 -1.451686 1.018045 -0.552440 -0.000000 -0.000000 -0.000001 
-4.844664 93.404305 5.202855 5.316806 3.368535 -6.099545 -4.595122 0.087399 -0.096729 -1.565187 -1.551338 -4.596297 -5.490221 -3.576539 7.174324 5.869623 -0.482956 11.275998 -1.227919 -3.587024 -3.661281 1.682053 -5.713001 -3.473428 0.000077 -0.000022 0.000006 -0.009315 0.115375 -0.022891 0.688137 -3.582941 -10.632874 -0.716071 3.816019 -10.684446 -11.973585 -21.934395 7.758487 -49.105831 -51.878010 -7.766274 -178.816727 -66.647942 178.904175 3.520782 -3.585786 -17.841852 -5.882102 9.861278 0.702589 -10.936858 -0.360575 7.156194 -0.000000 8.774814 -0.000002 -16.194483 18.389740 5.924015 -1.844031 2.498503 -2.507277 -10.163590 4.678941 4.621102 -20.975996 -0.000003 -0.000001 -21.226255 2.451691 -3.593997 -0.000000 -0.000007 0.000000 -1.362679 2.240796 -0.746322 -21.334887 0.584911 3.008319 -13.821197 -0.000002 0.000001 -23.887131 -0.249077 -0.839483 -61.302650 2.598440 -2.069253 -0.294025 1.679687 0.833257 -14.218194 0.093215 1.300577 -34.212006 -0.287564 0.967168 -20.033178 0.964536 1.212840 -0.000000 -0.000001 0.000000 -3.440385 0.788233 0.501653 -15.928167 -3.167305 2.999703 -6.338818 -0.000000 -0.000001 -18.123415 3.648175 -4.905664 -0.000006 0.000002 -0.000003 19.368164 18.262215 7.077178 26.857323 34.730240 -31.307772 -179.231339 69.613564 179.598526 6.537378 8.924577 -3.002630 2.243540 -5.255033 -3.180155 14.282877 -0.826592 6.952495 -0.000003 -12.690592 0.000000 15.556260 -17.559870 2.523774 1.665665 -1.955920 -2.878297 4.727793 -4.170583 4.993918 11.020511 0.000003 -0.000001 12.109032 -3.735708 -2.866781 0.000000 0.000000 0.000000 1.291986 -1.928547 -1.498088 14.800111 0.567469 3.865602 14.242551 -1.341734 -6.660647 19.631937 0.143927 -0.648242 49.019054 -0.833166 -6.502634 0.353030 -1.511150 -0.031939 20.222767 3.684307 2.316628 18.787247 0.000004 0.000000 10.751610 -0.479868 1.397904 -0.000000 0.000000 0.000000 3.273805 0.305947 -0.580110 21.486792 11.830366 2.266132 8.162916 0.000002 -0.000000 18.399052 -3.798979 -4.940567 0.000003 -0.000000 -0.000001 0.861271 6.312258 4.315910 0.100088 -0.572655 30.507233 -11.551166 11.943602 -25.092596 1.656516 -2.013920 -0.840819 -0.000000 -0.000001 0.000002 -18.328037 -1.992306 -23.002716 0.231082 0.353718 37.153576 15.714622 -9.988716 -7.068666 -1.449765 1.009451 -0.716335 0.000000 0.000000 -0.000001 
-4.955807 93.485878 5.295602 5.104427 4.617890 -5.715440 -4.537170 0.101322 0.011724 -1.522613 -1.630658 -4.530114 -5.411995 -3.764761 7.006714 6.006470 -0.635698 11.246846 -1.274104 -3.757270 -3.635365 1.794016 -5.989085 -3.444651 0.000077 -0.000023 0.000006 -0.010216 0.101643 -0.017545 0.689358 -3.597165 -10.631613 -0.718367 3.808690 -10.679519 -12.096484 -22.015236 7.767805 -48.821293 -52.149330 -6.874591 -179.066605 -66.876534 179.338257 3.937401 -3.684982 -18.247498 -5.882102 9.861277 0.702590 -10.936858 -0.360573 7.156199 -0.000001 8.774813 -0.000000 -16.073193 18.429213 5.963179 -1.844031 2.498502 -2.507278 -10.163590 4.678941 4.621105 -20.975994 -0.000002 0.000001 -21.226255 2.451693 -3.593994 0.000000 -0.000006 -0.000001 -1.362681 2.240796 -0.746323 -21.334892 0.584909 3.008318 -13.821198 -0.000000 0.000001 -23.887131 -0.249079 -0.839483 -61.194038 2.664801 -2.118421 -0.294025 1.679686 0.833256 -14.218192 0.093215 1.300579 -34.212002 -0.287563 0.967167 -20.033176 0.964537 1.212838 0.000000 0.000001 0.000000 -3.440385 0.788233 0.501656 -15.928165 -3.167305 2.999701 -6.338817 0.000000 0.000001 -18.123413 3.648176 -4.905660 -0.000005 0.000002 -0.000002 19.258009 17.888565 6.967792 26.472965 33.895889 -31.654612 -178.263107 69.243645 -179.611694 6.215013 8.247301 -2.923577 2.243539 -5.255033 -3.180156 14.282875 -0.826593 6.952496 -0.000001 -12.690590 0.000000 15.634959 -17.627388 2.616294 1.665665 -1.955919 -2.878296 4.727792 -4.170583 4.993918 11.020512 0.000003 -0.000002 12.109031 -3.735710 -2.866780 0.000001 -0.000000 0.000000 1.291985 -1.928548 -1.498088 14.800114 0.567469 3.865603 14.242554 -1.341735 -6.660648 19.631939 0.143926 -0.648243 49.046528 -0.911312 -6.521760 0.353029 -1.511150 -0.031940 20.222765 3.684306 2.316628 18.787245 0.000005 -0.000001 10.751610 -0.479867 1.397904 -0.000000 0.000000 0.000000 3.273805 0.305947 -0.580110 21.486788 11.830364 2.266130 8.162916 0.000002 -0.000000 18.399052 -3.798979 -4.940567 0.000003 0.000000 -0.000001 1.165578 5.695358 3.698536 0.089725 -0.638745 30.654909 -11.663682 11.154007 -24.938061 1.655456 -2.015472 -0.993165 -0.000000 -0.000001 0.000002 -18.211077 -2.547536 -22.761353 0.248413 0.400664 37.073238 15.887953 -10.644833 -7.306076 -1.447779 1.007069 -0.803902 0.000000 0.000000 -0.000001 
-5.154490 93.409706 5.344176 4.920614 6.232656 -5.271915 -4.437595 0.107641 0.171294 -1.446376 -1.613769 -4.438017 -5.394461 -3.954430 6.783432 6.122846 -0.749377 11.276604 -1.320407 -4.053007 -3.625647 1.988686 -6.370272 -3.414392 0.000077 -0.000023 0.000006 -0.012026 0.089118 -0.005535 0.697837 -3.617281 -10.650471 -0.731130 3.813880 -10.694250 -12.039032 -22.040909 7.554081 -48.440136 -52.297443 -5.902298 -179.010895 -67.133163 179.531860 4.302999 -3.526493 -18.655153 -5.882102 9.861278 0.702589 -10.936857 -0.360574 7.156198 -0.000001 8.774814 -0.000002 -15.876122 18.510599 6.038574 -1.844031 2.498503 -2.507275 -10.163589 4.678941 4.621104 -20.975992 -0.000003 0.000002 -21.226250 2.451692 -3.593993 -0.000000 -0.000007 0.000001 -1.362679 2.240797 -0.746322 -21.334887 0.584909 3.008318 -13.821197 -0.000001 0.000003 -23.887131 -0.249078 -0.839482 -60.998108 2.704656 -2.193091 -0.294025 1.679686 0.833255 -14.218190 0.093214 1.300580 -34.212002 -0.287562 0.967167 -20.033178 0.964535 1.212841 -0.000000 -0.000001 0.000000 -3.440385 0.788232 0.501655 -15.928165 -3.167306 2.999704 -6.338818 -0.000001 0.000002 -18.123413 3.648178 -4.905662 -0.000004 0.000001 -0.000003 18.856298 17.571222 6.854579 26.503593 32.546650 -31.611534 -177.714340 68.751694 -179.243835 5.249389 7.598868 -3.096759 2.243539 -5.255031 -3.180154 14.282878 -0.826592 6.952497 -0.000004 -12.690590 0.000001 15.649704 -17.666861 2.819526 1.665665 -1.955919 -2.878296 4.727793 -4.170582 4.993918 11.020515 0.000003 0.000000 12.109034 -3.735711 -2.866778 0.000001 0.000001 0.000000 1.291984 -1.928548 -1.498088 14.800117 0.567469 3.865603 14.242554 -1.341733 -6.660646 19.631941 0.143925 -0.648241 49.039661 -0.970523 -6.554609 0.353028 -1.511149 -0.031940 20.222771 3.684306 2.316627 18.787245 0.000005 0.000000 10.751610 -0.479868 1.397904 -0.000000 0.000000 0.000000 3.273802 0.305946 -0.580110 21.486795 11.830360 2.266130 8.162918 0.000002 -0.000001 18.399054 -3.798978 -4.940566 0.000003 -0.000000 -0.000001 1.568147 4.773220 2.565629 0.083304 -0.682869 31.531921 -11.882287 10.114484 -25.060835 1.647820 -2.025278 -1.081818 0.000000 0.000000 0.000002 -18.184978 -2.999470 -22.736116 0.247637 0.412085 37.426292 16.262297 -11.495422 -7.968894 -1.446914 0.983220 -0.842791 0.000000 0.000000 -0.000001 
-5.458706 93.164635 5.442594 4.927135 8.170407 -4.817152 -4.349789 0.127151 0.408335 -1.378700 -1.514834 -4.337619 -5.493810 -4.046077 6.586484 6.203065 -0.752810 11.317737 -1.368121 -4.513292 -3.611353 2.348035 -6.847888 -3.493247 0.000077 -0.000022 0.000006 -0.014267 0.103095 0.003605 0.719565 -3.622068 -10.676514 -0.756692 3.842852 -10.709007 -11.689878 -21.919138 7.109371 -48.020966 -52.240936 -5.034392 -178.591293 -67.117180 179.388626 4.536342 -3.279796 -18.936623 -5.882099 9.861277 0.702590 -10.936858 -0.360575 7.156200 0.000001 8.774814 -0.000001 -15.740454 18.528980 6.146907 -1.844031 2.498503 -2.507276 -10.163589 4.678938 4.621103 -20.975994 -0.000004 0.000003 -21.226254 2.451693 -3.593992 0.000000 -0.000007 -0.000001 -1.362682 2.240796 -0.746323 -21.334887 0.584908 3.008321 -13.821194 -0.000002 0.000001 -23.887131 -0.249078 -0.839480 -60.787319 2.663066 -2.168278 -0.294025 1.679686 0.833255 -14.218194 0.093215 1.300580 -34.211998 -0.287565 0.967171 -20.033176 0.964534 1.212843 0.000000 0.000000 0.000000 -3.440384 0.788232 0.501654 -15.928164 -3.167306 2.999703 -6.338817 0.000000 0.000002 -18.123411 3.648174 -4.905660 -0.000006 0.000001 -0.000003 18.202250 17.312304 6.838056 27.205202 30.625179 -30.456276 -178.122894 68.540504 -179.667816 4.162860 6.952168 -2.801829 2.243541 -5.255033 -3.180156 14.282877 -0.826594 6.952495 0.000001 -12.690588 -0.000000 15.655741 -17.750805 3.071925 1.665665 -1.955921 -2.878297 4.727796 -4.170584 4.993919 11.020511 0.000004 -0.000002 12.109032 -3.735708 -2.866781 0.000001 0.000001 0.000000 1.291985 -1.928548 -1.498088 14.800111 0.567467 3.865602 14.242553 -1.341735 -6.660651 19.631935 0.143927 -0.648246 49.222961 -0.963686 -6.592953 0.353029 -1.511150 -0.031940 20.222765 3.684304 2.316626 18.787243 0.000004 -0.000002 10.751609 -0.479869 1.397903 -0.000000 0.000000 -0.000000 3.273805 0.305947 -0.580110 21.486788 11.830361 2.266130 8.162916 0.000001 -0.000001 18.399052 -3.798979 -4.940569 0.000003 0.000000 -0.000001 1.774647 3.588271 1.179641 0.067099 -0.702273 32.950020 -12.102125 8.997390 -25.440809 1.640416 -2.032378 -1.023292 0.000000 0.000000 0.000002 -18.336416 -3.260710 -22.831102 0.188266 0.381306 38.528507 16.805532 -12.530396 -9.404588 -1.447464 0.960657 -0.852822 0.000000 0.000000 -0.000001 
-5.893042 92.699448 5.486517 5.302620 10.221590 -4.414451 -4.355711 0.112450 0.677932 -1.382349 -1.275508 -4.234722 -5.801026 -3.974790 6.559968 6.327451 -0.614664 11.382852 -1.444863 -5.023977 -3.590971 2.815874 -7.434801 -3.758071 0.000077 -0.000022 0.000006 -0.020258 0.153967 0.002441 0.737712 -3.582872 -10.680783 -0.787702 3.890356 -10.709627 -11.092424 -21.603317 6.529866 -47.267220 -51.758583 -4.253135 -178.823578 -66.647675 179.453918 4.803586 -3.439445 -18.993937 -5.882102 9.861279 0.702590 -10.936860 -0.360575 7.156197 -0.000001 8.774813 -0.000001 -15.734909 18.548164 6.220768 -1.844030 2.498503 -2.507274 -10.163589 4.678939 4.621105 -20.975998 -0.000002 0.000003 -21.226255 2.451694 -3.593993 0.000000 -0.000007 -0.000001 -1.362680 2.240797 -0.746323 -21.334894 0.584910 3.008321 -13.821198 -0.000001 0.000003 -23.887133 -0.249078 -0.839481 -60.668945 2.637441 -2.052891 -0.294025 1.679685 0.833255 -14.218195 0.093215 1.300580 -34.212002 -0.287563 0.967169 -20.033180 0.964534 1.212841 0.000000 -0.000001 0.000000 -3.440385 0.788232 0.501656 -15.928167 -3.167305 2.999703 -6.338818 -0.000000 0.000003 -18.123415 3.648177 -4.905660 -0.000004 -0.000001 -0.000002 17.504450 17.267132 7.012503 28.472223 28.279825 -27.643660 -179.689514 69.446541 178.971848 4.306834 5.792177 -0.343220 2.243539 -5.255031 -3.180154 14.282877 -0.826593 6.952495 -0.000002 -12.690591 -0.000000 15.842285 -17.812174 3.193426 1.665664 -1.955918 -2.878297 4.727793 -4.170583 4.993918 11.020513 0.000003 0.000000 12.109032 -3.735709 -2.866779 -0.000000 0.000002 -0.000000 1.291986 -1.928548 -1.498087 14.800111 0.567468 3.865601 14.242553 -1.341733 -6.660648 19.631939 0.143928 -0.648242 49.879894 -0.810332 -6.577566 0.353029 -1.511149 -0.031940 20.222769 3.684308 2.316628 18.787245 0.000006 -0.000000 10.751610 -0.479868 1.397905 0.000000 0.000000 -0.000000 3.273804 0.305947 -0.580111 21.486790 11.830365 2.266131 8.162917 0.000002 -0.000001 18.399048 -3.798979 -4.940567 0.000003 0.000000 -0.000001 1.676786 2.241567 -0.350510 0.036564 -0.708591 34.765755 -12.436281 7.912364 -26.168343 1.634524 -2.034152 -0.791776 -0.000000 0.000000 0.000002 -18.756159 -3.273038 -23.412912 0.134136 0.316732 40.681118 17.167898 -13.632614 -11.233011 -1.444676 0.955528 -0.721663 -0.000000 0.000000 -0.000001 
-6.439867 92.135513 5.643185 6.067994 12.038960 -4.142667 -4.442154 0.159060 0.973415 -1.491670 -0.955615 -4.113682 -6.343588 -3.483096 6.770998 6.442519 -0.558210 11.424177 -1.535343 -5.234901 -3.591325 3.523301 -8.280000 -3.786403 0.000077 -0.000022 0.000006 -0.025352 0.225494 -0.029266 0.750479 -3.516093 -10.706661 -0.810971 3.965940 -10.728745 -10.635056 -21.124237 6.114805 -46.190067 -50.731354 -3.556739 -179.595276 -65.779991 -179.992538 5.377428 -4.159383 -18.370729 -5.882102 9.861278 0.702588 -10.936859 -0.360576 7.156198 -0.000001 8.774814 -0.000003 -15.850513 18.566555 6.383518 -1.844030 2.498503 -2.507273 -10.163589 4.678941 4.621103 -20.975998 -0.000004 0.000004 -21.226250 2.451692 -3.593993 -0.000000 -0.000005 0.000001 -1.362682 2.240797 -0.746322 -21.334892 0.584907 3.008322 -13.821195 -0.000002 0.000004 -23.887129 -0.249078 -0.839480 -60.676643 2.651165 -1.783562 -0.294025 1.679686 0.833254 -14.218194 0.093214 1.300578 -34.212006 -0.287564 0.967170 -20.033180 0.964535 1.212843 0.000000 0.000001 0.000000 -3.440386 0.788232 0.501656 -15.928165 -3.167308 2.999705 -6.338817 -0.000002 0.000002 -18.123415 3.648175 -4.905663 -0.000004 -0.000001 -0.000003 17.031143 17.349264 7.343249 29.586384 26.164495 -23.225397 177.655060 72.265549 176.956635 7.492023 3.068183 5.230076 2.243538 -5.255032 -3.180156 14.282878 -0.826595 6.952496 -0.000002 -12.690591 -0.000000 16.283760 -17.864544 2.946803 1.665666 -1.955920 -2.878297 4.727795 -4.170582 4.993917 11.020514 0.000003 -0.000002 12.109034 -3.735710 -2.866780 -0.000000 0.000001 -0.000000 1.291983 -1.928548 -1.498089 14.800113 0.567469 3.865603 14.242553 -1.341737 -6.660649 19.631941 0.143924 -0.648243 50.484272 -0.644387 -6.486299 0.353030 -1.511148 -0.031940 20.222773 3.684305 2.316629 18.787249 0.000004 0.000000 10.751612 -0.479868 1.397904 -0.000000 0.000000 0.000001 3.273805 0.305947 -0.580110 21.486797 11.830360 2.266133 8.162918 0.000001 -0.000001 18.399057 -3.798979 -4.940568 0.000003 0.000000 -0.000003 1.243986 0.848241 -1.529248 0.007301 -0.666190 36.543900 -12.883171 6.840602 -26.785683 1.624157 -1.956950 -0.390669 0.000000 0.000001 0.000002 -19.561768 -3.023343 -24.606607 0.199882 0.482401 44.420094 17.503954 -14.669159 -12.220678 -1.454898 1.052673 -0.692041 0.000000 0.000000 -0.000001 
-7.208506 91.560974 5.961724 6.623178 13.597066 -3.970751 -4.329783 0.092547 1.243824 -1.588804 -0.401609 -3.884535 -7.158325 -3.002522 7.097696 6.734739 -0.800963 11.389531 -1.693555 -5.357529 -3.551148 4.278523 -9.110399 -3.277224 0.000077 -0.000023 0.000006 -0.025016 0.281229 -0.045397 0.729782 -3.474658 -10.669744 -0.789197 4.033184 -10.705127 -10.166102 -20.458300 5.783030 -45.381241 -49.435387 -2.519991 179.793167 -64.859993 -179.882690 6.469060 -4.705889 -16.794426 -5.882102 9.861279 0.702589 -10.936856 -0.360575 7.156196 0.000001 8.774814 -0.000001 -15.715407 18.293821 6.427186 -1.844032 2.498502 -2.507277 -10.163589 4.678940 4.621104 -20.975996 -0.000003 0.000004 -21.226254 2.451692 -3.593994 -0.000000 -0.000006 0.000001 -1.362681 2.240797 -0.746323 -21.334887 0.584908 3.008321 -13.821197 -0.000001 0.000003 -23.887129 -0.249077 -0.839479 -60.462006 2.523375 -1.628760 -0.294025 1.679687 0.833255 -14.218194 0.093214 1.300580 -34.211998 -0.287563 0.967170 -20.033178 0.964537 1.212842 -0.000000 0.000001 0.000000 -3.440385 0.788232 0.501656 -15.928169 -3.167307 2.999704 -6.338815 -0.000001 0.000002 -18.123411 3.648175 -4.905662 -0.000004 -0.000001 -0.000002 17.063093 17.381596 7.628882 29.296238 25.818281 -18.962511 174.257797 77.148895 174.999588 12.605542 0.552347 11.978889 2.243540 -5.255035 -3.180155 14.282877 -0.826595 6.952495 -0.000002 -12.690587 0.000000 15.752542 -17.580439 2.742791 1.665665 -1.955919 -2.878296 4.727795 -4.170582 4.993919 11.020513 0.000000 -0.000001 12.109033 -3.735709 -2.866780 -0.000001 0.000000 0.000001 1.291984 -1.928547 -1.498087 14.800113 0.567470 3.865603 14.242554 -1.341734 -6.660652 19.631939 0.143927 -0.648243 50.057606 -0.653570 -6.357720 0.353030 -1.511150 -0.031940 20.222767 3.684304 2.316628 18.787245 0.000004 -0.000000 10.751610 -0.479867 1.397904 -0.000001 0.000001 0.000002 3.273805 0.305947 -0.580110 21.486788 11.830360 2.266129 8.162916 0.000000 -0.000001 18.399052 -3.798980 -4.940568 0.000002 0.000000 0.000000 1.216821 -0.365865 -2.432786 0.018050 -0.712122 38.140434 -13.126988 5.401466 -27.323389 1.607505 -1.906508 -0.098228 -0.000000 0.000000 0.000002 -19.862854 -3.208305 -26.759916 0.264077 0.572812 49.856682 17.691788 -15.642802 -11.747615 -1.473480 1.169722 -1.302336 0.000000 0.000000 -0.000001 
-8.316606 90.940231 6.445045 6.154381 14.982108 -4.035597 -3.913654 0.123413 1.772688 -1.601809 -0.209375 -3.650354 -7.388373 -2.669757 7.236305 7.017023 -1.143844 11.249694 -1.783198 -5.647406 -3.490408 5.101225 -9.726341 -2.663175 0.000077 -0.000022 0.000006 -0.030052 0.333204 -0.061909 0.716338 -3.426088 -10.644125 -0.786938 4.091742 -10.691822 -9.943226 -19.876846 5.533126 -45.550827 -48.229534 -1.931675 -178.995560 -63.668411 178.845001 6.911830 -4.290705 -15.372523 -5.882100 9.861278 0.702590 -10.936858 -0.360575 7.156198 -0.000000 8.774815 -0.000001 -15.784140 18.323696 6.396659 -1.844030 2.498503 -2.507277 -10.163590 4.678940 4.621104 -20.975996 -0.000003 0.000005 -21.226248 2.451692 -3.593990 -0.000000 -0.000006 0.000001 -1.362679 2.240798 -0.746324 -21.334887 0.584906 3.008320 -13.821197 -0.000003 0.000005 -23.887133 -0.249079 -0.839479 -60.419018 2.480087 -1.614447 -0.294024 1.679686 0.833255 -14.218190 0.093213 1.300579 -34.212006 -0.287563 0.967172 -20.033178 0.964534 1.212844 -0.000000 -0.000000 0.000000 -3.440384 0.788233 0.501655 -15.928167 -3.167307 2.999705 -6.338817 -0.000002 0.000002 -18.123415 3.648175 -4.905662 -0.000005 0.000001 -0.000001 16.296936 18.045525 7.477864 27.035765 26.567554 -19.149446 174.685684 81.467484 175.999146 13.597903 0.899076 14.778564 2.243541 -5.255032 -3.180156 14.282875 -0.826595 6.952495 -0.000003 -12.690592 0.000000 15.470063 -17.428480 2.728418 1.665664 -1.955920 -2.878297 4.727793 -4.170583 4.993917 11.020512 0.000002 -0.000002 12.109034 -3.735709 -2.866782 -0.000000 0.000001 0.000001 1.291984 -1.928547 -1.498088 14.800114 0.567466 3.865602 14.242553 -1.341735 -6.660650 19.631937 0.143927 -0.648246 49.454899 -0.728556 -6.259780 0.353029 -1.511148 -0.031940 20.222767 3.684306 2.316627 18.787245 0.000006 -0.000002 10.751608 -0.479868 1.397903 -0.000001 0.000000 0.000001 3.273804 0.305946 -0.580110 21.486790 11.830360 2.266129 8.162916 0.000003 -0.000000 18.399050 -3.798978 -4.940570 0.000001 0.000000 0.000000 2.783607 -0.986663 -3.493953 -0.033192 -0.821769 40.181427 -13.708544 3.596913 -27.953394 1.609364 -1.905211 0.007506 0.000000 0.000001 0.000002 -18.834248 -4.468742 -30.280647 0.348781 0.545072 57.312649 17.407831 -14.700284 -8.884361 -1.503447 1.197373 -3.052606 0.000000 0.000000 -0.000001 
-9.600708 90.285789 7.144341 5.347615 16.241932 -4.108992 -3.475670 0.169712 2.364620 -1.554990 -0.159651 -3.398998 -7.549139 -2.416081 7.186124 7.706673 -1.703873 10.806252 -1.889885 -5.913496 -3.412101 5.956557 -10.319374 -2.169990 0.000077 -0.000022 0.000006 -0.028981 0.306316 -0.070635 0.734224 -3.449137 -10.657520 -0.803396 4.064110 -10.689173 -9.950334 -19.604147 5.228330 -46.690010 -47.719471 -0.801795 -178.114349 -62.151516 178.027283 7.183615 -3.634182 -14.465474 -5.882099 9.861278 0.702591 -10.936860 -0.360574 7.156196 0.000000 8.774817 -0.000001 -15.901383 18.215988 6.259988 -1.844031 2.498502 -2.507276 -10.163589 4.678941 4.621103 -20.975996 -0.000006 0.000002 -21.226254 2.451691 -3.593994 -0.000000 -0.000006 0.000001 -1.362680 2.240796 -0.746324 -21.334892 0.584906 3.008320 -13.821197 -0.000004 0.000001 -23.887131 -0.249081 -0.839480 -60.500885 2.436501 -1.687025 -0.294024 1.679686 0.833255 -14.218190 0.093214 1.300579 -34.211998 -0.287567 0.967170 -20.033180 0.964534 1.212842 -0.000000 -0.000000 0.000000 -3.440386 0.788232 0.501655 -15.928167 -3.167308 2.999703 -6.338817 -0.000001 0.000002 -18.123413 3.648175 -4.905661 -0.000006 -0.000000 -0.000001 14.661501 19.004578 6.632547 22.201172 27.532455 -24.637398 -175.561356 84.438835 -174.351883 11.492488 1.628839 15.263792 2.243539 -5.255030 -3.180155 14.282875 -0.826592 6.952496 -0.000004 -12.690594 0.000002 16.144382 -17.269510 2.472289 1.665665 -1.955920 -2.878296 4.727793 -4.170584 4.993919 11.020511 0.000004 -0.000001 12.109031 -3.735708 -2.866778 0.000000 -0.000001 -0.000000 1.291984 -1.928547 -1.498087 14.800111 0.567471 3.865603 14.242553 -1.341734 -6.660647 19.631937 0.143929 -0.648242 49.804180 -0.788320 -6.211572 0.353029 -1.511148 -0.031940 20.222765 3.684306 2.316626 18.787245 0.000005 -0.000000 10.751610 -0.479867 1.397903 -0.000000 0.000000 0.000001 3.273804 0.305946 -0.580110 21.486790 11.830364 2.266129 8.162916 -0.000000 0.000000 18.399052 -3.798979 -4.940567 0.000002 -0.000000 0.000001 5.031157 -1.073571 -4.607553 -0.074887 -1.017052 42.266823 -14.339858 1.571602 -28.349291 1.608587 -1.922626 -0.151630 0.000000 0.000000 0.000002 -17.806564 -5.782762 -34.338474 0.398159 0.398825 64.896919 17.607899 -12.057860 -4.627575 -1.545117 1.172366 -4.830698 0.000000 0.000000 -0.000001 
-10.976705 89.757668 8.177487 4.623648 17.310621 -4.090983 -3.018057 0.242868 2.771655 -1.465695 -0.076627 -3.203651 -7.941622 -2.284603 7.168825 8.419865 -2.121862 10.079598 -2.042521 -6.275162 -3.309072 6.779058 -11.048730 -1.959970 0.000077 -0.000023 0.000006 -0.027350 0.242146 -0.070852 0.766045 -3.509542 -10.720463 -0.830290 3.997827 -10.724347 -10.677805 -19.575699 5.157485 -47.740280 -48.425049 0.856289 -177.751144 -61.022602 177.683975 7.379714 -3.478383 -14.218997 -5.882102 9.861279 0.702588 -10.936860 -0.360574 7.156198 -0.000001 8.774812 -0.000001 -15.819380 18.074739 6.114129 -1.844031 2.498503 -2.507276 -10.163589 4.678941 4.621103 -20.975996 -0.000004 0.000001 -21.226255 2.451693 -3.593996 -0.000001 -0.000006 0.000001 -1.362679 2.240797 -0.746322 -21.334890 0.584910 3.008318 -13.821198 -0.000002 0.000002 -23.887133 -0.249079 -0.839485 -60.381565 2.424199 -1.867705 -0.294024 1.679686 0.833255 -14.218195 0.093216 1.300578 -34.212006 -0.287564 0.967165 -20.033180 0.964534 1.212840 0.000000 -0.000001 -0.000000 -3.440386 0.788233 0.501655 -15.928167 -3.167305 2.999702 -6.338818 -0.000001 0.000000 -18.123415 3.648176 -4.905664 -0.000004 -0.000000 -0.000001 12.927633 19.965622 5.698500 14.426668 27.650091 -33.297657 -146.371582 87.715263 -145.113297 8.103478 1.157061 14.970053 2.243538 -5.255034 -3.180156 14.282875 -0.826593 6.952495 -0.000002 -12.690585 0.000000 16.690868 -17.176443 2.350350 1.665664 -1.955920 -2.878296 4.727793 -4.170584 4.993919 11.020512 0.000000 -0.000001 12.109030 -3.735709 -2.866779 0.000000 0.000001 0.000000 1.291983 -1.928548 -1.498087 14.800111 0.567468 3.865605 14.242553 -1.341735 -6.660649 19.631939 0.143926 -0.648243 50.557049 -0.921768 -6.213978 0.353029 -1.511149 -0.031939 20.222767 3.684304 2.316629 18.787243 0.000003 0.000000 10.751609 -0.479866 1.397904 0.000000 0.000001 0.000000 3.273806 0.305948 -0.580110 21.486790 11.830362 2.266130 8.162917 0.000000 -0.000000 18.399052 -3.798977 -4.940566 0.000002 -0.000001 -0.000000 7.317605 -1.067602 -5.249935 -0.110461 -1.209805 43.511955 -14.950098 -0.291814 -28.252573 1.603734 -1.936732 -0.455064 -0.000000 0.000000 0.000002 -17.853161 -6.422839 -37.540554 0.435334 0.310406 70.182861 19.084467 -9.007092 -1.608858 -1.558491 1.145971 -4.760917 0.000000 0.000000 -0.000002 
-12.503965 89.365471 9.626028 4.149346 18.521574 -3.981802 -2.605509 0.242790 3.032755 -1.333480 0.054889 -3.052177 -8.591363 -2.416896 7.073274 8.980734 -2.226287 9.337001 -2.162169 -6.772503 -3.242621 7.279354 -11.738023 -1.874854 0.000077 -0.000022 0.000006 -0.031156 0.203797 -0.073670 0.771174 -3.552082 -10.797539 -0.845929 3.965437 -10.778481 -11.618263 -19.853830 5.023968 -48.941666 -49.716984 3.050572 -177.340408 -60.656796 177.517502 7.291549 -3.569133 -14.258428 -5.882100 9.861279 0.702590 -10.936858 -0.360574 7.156195 0.000000 8.774812 -0.000001 -15.721225 18.052217 6.028543 -1.844030 2.498502 -2.507276 -10.163591 4.678939 4.621105 -20.975994 -0.000004 0.000003 -21.226254 2.451692 -3.593993 -0.000001 -0.000006 0.000001 -1.362681 2.240796 -0.746322 -21.334890 0.584907 3.008321 -13.821197 -0.000003 0.000002 -23.887131 -0.249078 -0.839481 -60.212418 2.393652 -1.990752 -0.294023 1.679685 0.833255 -14.218190 0.093214 1.300580 -34.212006 -0.287564 0.967171 -20.033178 0.964534 1.212842 -0.000000 0.000000 0.000000 -3.440385 0.788233 0.501655 -15.928169 -3.167306 2.999704 -6.338817 -0.000001 0.000002 -18.123415 3.648177 -4.905661 -0.000004 0.000000 -0.000002 10.994623 20.726162 4.718083 5.532044 26.290125 -40.973358 -26.166143 85.310982 -24.388172 6.569973 0.012884 14.522011 2.243540 -5.255033 -3.180155 14.282877 -0.826592 6.952495 -0.000002 -12.690587 -0.000002 16.950817 -17.245558 2.292375 1.665666 -1.955921 -2.878297 4.727793 -4.170583 4.993917 11.020513 0.000004 -0.000001 12.109034 -3.735707 -2.866780 -0.000000 -0.000003 -0.000000 1.291985 -1.928548 -1.498088 14.800117 0.567470 3.865603 14.242556 -1.341735 -6.660648 19.631939 0.143928 -0.648243 51.328312 -1.073439 -6.362301 0.353028 -1.511149 -0.031940 20.222769 3.684304 2.316627 18.787245 0.000004 0.000000 10.751612 -0.479868 1.397903 -0.000001 -0.000000 -0.000001 3.273804 0.305947 -0.580110 21.486794 11.830360 2.266131 8.162917 0.000003 -0.000001 18.399055 -3.798978 -4.940567 0.000003 0.000001 -0.000001 9.488239 -1.310986 -5.262800 -0.143072 -1.379364 43.632454 -15.730003 -1.852960 -27.684710 1.605622 -1.948804 -0.724724 0.000000 -0.000000 0.000002 -19.430969 -6.476884 -39.363468 0.494255 0.386223 72.420029 20.932570 -7.135222 -0.429491 -1.550355 1.135337 -3.935141 -0.000000 -0.000000 -0.000002 
-14.287186 89.108780 11.551425 3.832447 19.833532 -3.807300 -2.210796 0.167239 3.168620 -1.194377 0.104483 -2.957871 -9.361560 -2.722507 6.890394 9.365723 -2.064752 8.645638 -2.268712 -7.316229 -3.207325 7.459946 -12.351424 -1.790107 0.000077 -0.000022 0.000006 -0.034416 0.196879 -0.072385 0.755912 -3.561154 -10.846034 -0.836777 3.964196 -10.814553 -12.536150 -20.316992 4.848194 -50.116638 -51.345493 5.600079 -176.873779 -61.339195 177.256119 6.979594 -3.731532 -14.478508 -5.882102 9.861278 0.702590 -10.936859 -0.360575 7.156197 -0.000000 8.774814 -0.000001 -15.575766 18.036528 6.045971 -1.844032 2.498503 -2.507276 -10.163591 4.678941 4.621104 -20.975996 -0.000004 0.000002 -21.226255 2.451693 -3.593993 -0.000000 -0.000006 -0.000001 -1.362680 2.240796 -0.746323 -21.334890 0.584909 3.008318 -13.821197 -0.000002 0.000002 -23.887135 -0.249077 -0.839483 -60.001106 2.329506 -1.982923 -0.294025 1.679686 0.833255 -14.218194 0.093215 1.300579 -34.212006 -0.287563 0.967170 -20.033180 0.964534 1.212842 -0.000000 -0.000000 0.000000 -3.440386 0.788233 0.501656 -15.928171 -3.167306 2.999704 -6.338819 -0.000001 0.000001 -18.123417 3.648175 -4.905662 -0.000005 0.000001 -0.000001 8.641151 21.313894 3.735603 -2.702035 23.670315 -45.653194 -12.071439 77.139626 -9.668955 7.522585 -1.078560 13.523767 2.243540 -5.255033 -3.180155 14.282875 -0.826594 6.952495 -0.000002 -12.690590 0.000001 17.105108 -17.287230 2.023564 1.665663 -1.955918 -2.878296 4.727791 -4.170585 4.993920 11.020513 0.000003 -0.000001 12.109030 -3.735708 -2.866779 0.000000 0.000001 0.000000 1.291983 -1.928547 -1.498088 14.800111 0.567469 3.865604 14.242551 -1.341736 -6.660647 19.631939 0.143925 -0.648241 51.629696 -1.147399 -6.546467 0.353028 -1.511148 -0.031941 20.222771 3.684306 2.316629 18.787245 0.000003 0.000000 10.751609 -0.479866 1.397905 0.000001 0.000003 0.000000 3.273803 0.305947 -0.580112 21.486792 11.830366 2.266132 8.162917 0.000004 0.000000 18.399055 -3.798981 -4.940566 0.000004 0.000000 -0.000001 11.719704 -1.789668 -4.531809 -0.125350 -1.528936 42.310108 -16.871433 -3.041952 -26.691219 1.610123 -1.960752 -0.909669 -0.000000 -0.000001 0.000002 -22.270760 -5.993587 -40.059513 0.637469 0.592189 71.963699 22.086351 -7.164326 -0.118054 -1.532514 1.138177 -3.351306 -0.000000 0.000000 -0.000002 
-16.325493 88.910896 13.924909 3.658868 21.361500 -3.515874 -1.868586 0.054501 3.165384 -1.070469 0.002387 -2.936247 -10.195175 -3.113548 6.670972 9.596073 -1.846190 8.011593 -2.394043 -7.737942 -3.184636 7.461464 -12.951099 -1.864164 0.000077 -0.000022 0.000006 -0.037215 0.210580 -0.068074 0.733096 -3.552230 -10.854253 -0.820886 3.977123 -10.809649 -13.363967 -20.955444 4.676699 -51.393463 -53.151478 8.521027 -176.569717 -62.805355 177.016235 6.462672 -3.905966 -14.853651 -5.882102 9.861279 0.702590 -10.936859 -0.360575 7.156196 0.000001 8.774815 -0.000002 -15.551529 17.988091 6.049524 -1.844030 2.498503 -2.507274 -10.163591 4.678941 4.621103 -20.975996 -0.000003 0.000004 -21.226254 2.451694 -3.593992 -0.000000 -0.000005 0.000000 -1.362679 2.240796 -0.746321 -21.334887 0.584909 3.008318 -13.821197 -0.000001 0.000003 -23.887129 -0.249077 -0.839481 -59.825706 2.266999 -1.967535 -0.294024 1.679686 0.833255 -14.218192 0.093215 1.300578 -34.212006 -0.287563 0.967169 -20.033176 0.964535 1.212841 0.000000 -0.000000 0.000000 -3.440386 0.788232 0.501655 -15.928169 -3.167307 2.999702 -6.338817 -0.000000 0.000001 -18.123415 3.648176 -4.905662 -0.000005 0.000000 -0.000003 5.751815 21.757215 2.581920 -9.717954 20.328999 -47.165558 -7.441425 66.948647 -4.922982 10.090576 -1.650638 11.762070 2.243541 -5.255033 -3.180155 14.282877 -0.826592 6.952496 -0.000003 -12.690590 -0.000000 17.235945 -17.213419 1.605065 1.665667 -1.955921 -2.878296 4.727793 -4.170583 4.993917 11.020512 0.000003 -0.000001 12.109031 -3.735708 -2.866779 -0.000000 0.000001 -0.000000 1.291985 -1.928548 -1.498087 14.800114 0.567470 3.865603 14.242554 -1.341732 -6.660648 19.631939 0.143925 -0.648243 51.505608 -1.113574 -6.630358 0.353028 -1.511149 -0.031940 20.222773 3.684306 2.316628 18.787245 0.000004 -0.000000 10.751610 -0.479867 1.397905 0.000000 0.000001 0.000001 3.273805 0.305946 -0.580110 21.486790 11.830360 2.266130 8.162916 0.000001 -0.000001 18.399052 -3.798980 -4.940568 0.000004 -0.000001 -0.000001 14.043296 -2.499184 -3.173860 -0.084893 -1.666007 39.556740 -18.411251 -3.894378 -25.311874 1.623174 -1.964060 -1.047732 -0.000000 0.000001 0.000002 -26.049339 -5.111345 -39.701389 0.837610 0.839656 69.192253 22.590481 -8.736760 0.487979 -1.518621 1.175548 -2.944268 0.000000 -0.000000 -0.000001 
-18.696009 88.798050 16.681068 3.561125 23.027344 -3.108961 -1.635799 -0.079426 3.049733 -0.977499 -0.200139 -3.014421 -11.028667 -3.532430 6.440653 9.685916 -1.620189 7.373402 -2.516746 -8.093547 -3.183785 7.358352 -13.454090 -2.123455 0.000077 -0.000023 0.000006 -0.035601 0.216966 -0.060112 0.713205 -3.547186 -10.840862 -0.800375 3.985253 -10.793928 -13.845189 -21.713402 4.629560 -52.841835 -54.714035 11.320655 -176.515030 -64.449631 176.967804 5.962258 -4.027456 -14.913827 -5.882102 9.861280 0.702589 -10.936858 -0.360576 7.156197 0.000001 8.774814 -0.000002 -15.581455 17.949244 6.006473 -1.844030 2.498502 -2.507276 -10.163589 4.678940 4.621103 -20.975994 -0.000004 0.000003 -21.226254 2.451691 -3.593994 -0.000000 -0.000006 0.000001 -1.362681 2.240797 -0.746321 -21.334890 0.584908 3.008319 -13.821197 -0.000003 0.000001 -23.887131 -0.249080 -0.839481 -59.854073 2.210657 -2.004434 -0.294022 1.679686 0.833256 -14.218195 0.093215 1.300579 -34.212006 -0.287565 0.967169 -20.033180 0.964535 1.212841 -0.000000 0.000000 0.000000 -3.440386 0.788232 0.501654 -15.928171 -3.167306 2.999703 -6.338815 -0.000002 0.000000 -18.123415 3.648175 -4.905663 -0.000005 -0.000000 -0.000002 2.617057 22.081224 1.374745 -14.757082 17.032310 -45.918186 -4.805201 55.997032 -2.877865 13.111816 -1.286808 9.444208 2.243541 -5.255034 -3.180156 14.282877 -0.826592 6.952495 -0.000003 -12.690592 -0.000000 17.118727 -17.127104 1.255054 1.665666 -1.955920 -2.878297 4.727793 -4.170582 4.993919 11.020511 0.000003 -0.000000 12.109032 -3.735711 -2.866779 0.000000 0.000000 -0.000000 1.291985 -1.928548 -1.498088 14.800109 0.567469 3.865604 14.242551 -1.341734 -6.660648 19.631937 0.143926 -0.648242 51.041374 -1.061943 -6.698827 0.353027 -1.511151 -0.031940 20.222769 3.684306 2.316629 18.787245 0.000005 0.000001 10.751610 -0.479866 1.397904 0.000000 0.000003 0.000002 3.273803 0.305947 -0.580111 21.486790 11.830364 2.266134 8.162916 -0.000000 0.000000 18.399052 -3.798982 -4.940568 0.000003 0.000001 -0.000001 16.576967 -3.372829 -1.182098 -0.043642 -1.809716 35.129337 -20.414225 -4.468409 -23.072098 1.649632 -1.956298 -1.325665 0.000000 0.000001 0.000002 -29.835686 -4.346245 -38.405098 1.034563 1.086765 64.804680 22.359074 -11.106832 1.563136 -1.507098 1.225487 -2.454366 0.000000 -0.000000 -0.000001 
-21.473370 88.869049 19.893520 3.303818 24.741533 -2.635382 -1.472120 -0.190164 2.828791 -0.936047 -0.370571 -3.238366 -11.730491 -3.904720 6.268345 9.729826 -1.472837 6.567406 -2.686532 -8.326570 -3.173398 7.117457 -13.979543 -2.367395 0.000077 -0.000022 0.000006 -0.029603 0.251764 -0.054006 0.713439 -3.507357 -10.816679 -0.788017 4.025186 -10.769241 -13.999333 -22.482397 4.643912 -54.580246 -55.687317 14.102335 -177.046402 -65.907944 177.369064 5.667762 -4.157595 -14.518881 -5.882099 9.861279 0.702590 -10.936859 -0.360577 7.156197 0.000001 8.774815 -0.000001 -15.716265 18.002089 5.984480 -1.844031 2.498503 -2.507274 -10.163589 4.678939 4.621104 -20.975992 -0.000004 0.000005 -21.226246 2.451692 -3.593991 -0.000000 -0.000006 0.000000 -1.362681 2.240797 -0.746322 -21.334890 0.584907 3.008322 -13.821194 -0.000004 0.000003 -23.887125 -0.249078 -0.839479 -60.284763 2.260940 -2.025162 -0.294025 1.679686 0.833255 -14.218194 0.093213 1.300580 -34.211998 -0.287564 0.967172 -20.033178 0.964535 1.212844 0.000000 0.000001 0.000000 -3.440385 0.788232 0.501655 -15.928167 -3.167308 2.999705 -6.338817 -0.000001 0.000003 -18.123407 3.648176 -4.905659 -0.000005 0.000001 -0.000002 -0.457589 22.234030 0.224148 -17.640694 14.185402 -42.541588 -3.221869 45.511303 -2.070394 15.953626 -0.373841 7.280110 2.243539 -5.255033 -3.180155 14.282878 -0.826594 6.952497 -0.000002 -12.690590 -0.000000 16.854931 -17.227108 1.152110 1.665666 -1.955920 -2.878297 4.727793 -4.170584 4.993919 11.020513 0.000002 -0.000001 12.109033 -3.735709 -2.866779 -0.000000 -0.000000 -0.000000 1.291985 -1.928548 -1.498088 14.800113 0.567468 3.865603 14.242553 -1.341734 -6.660649 19.631941 0.143926 -0.648243 50.476360 -1.155034 -6.774263 0.353028 -1.511150 -0.031940 20.222769 3.684304 2.316628 18.787245 0.000005 0.000001 10.751610 -0.479868 1.397904 0.000001 0.000001 0.000001 3.273803 0.305947 -0.580110 21.486794 11.830364 2.266132 8.162917 0.000001 -0.000000 18.399055 -3.798978 -4.940567 0.000003 0.000000 -0.000001 19.619501 -4.436005 1.655730 -0.052069 -2.050262 28.565414 -23.005011 -4.192758 -18.858789 1.707124 -1.955359 -1.960097 0.000000 -0.000000 0.000002 -32.674675 -4.205874 -36.543964 1.220273 1.317339 59.324764 21.533958 -13.329363 3.429094 -1.514145 1.274109 -1.855210 -0.000000 0.000000 -0.000000 
-24.659657 89.137032 23.406496 2.840885 26.574871 -2.038003 -1.398925 -0.348223 2.542305 -0.939948 -0.626386 -3.464979 -12.079190 -4.019637 5.997765 9.526311 -1.419353 5.395174 -2.875639 -8.616685 -3.068755 6.704355 -14.377165 -2.792689 0.000077 -0.000022 0.000006 -0.010277 0.220174 -0.061751 0.731140 -3.527606 -10.795822 -0.770119 3.982580 -10.762094 -13.863058 -23.124189 4.843399 -56.872757 -56.046913 16.432915 -176.876404 -66.812614 177.346436 5.413160 -4.514459 -13.669919 -5.882101 9.861281 0.702591 -10.936857 -0.360575 7.156196 0.000002 8.774815 -0.000001 -15.637314 17.887430 5.973456 -1.844032 2.498503 -2.507276 -10.163589 4.678941 4.621103 -20.975996 -0.000002 0.000000 -21.226254 2.451692 -3.593996 0.000000 -0.000006 0.000002 -1.362680 2.240796 -0.746323 -21.334894 0.584909 3.008319 -13.821197 -0.000003 0.000001 -23.887133 -0.249079 -0.839483 -60.654602 2.323906 -2.207876 -0.294024 1.679687 0.833254 -14.218194 0.093216 1.300578 -34.211998 -0.287564 0.967168 -20.033180 0.964535 1.212841 0.000000 -0.000001 -0.000000 -3.440386 0.788233 0.501653 -15.928167 -3.167306 2.999704 -6.338815 -0.000001 0.000002 -18.123417 3.648178 -4.905662 -0.000005 0.000000 -0.000002 -3.342965 22.224771 -0.559476 -18.177910 11.956797 -38.892799 -2.219523 36.579018 -1.604712 17.871092 0.313404 5.950700 2.243539 -5.255033 -3.180155 14.282875 -0.826593 6.952497 -0.000003 -12.690591 0.000000 16.715080 -17.158794 1.109826 1.665663 -1.955920 -2.878296 4.727794 -4.170583 4.993918 11.020511 0.000003 -0.000001 12.109032 -3.735710 -2.866779 0.000000 -0.000000 0.000000 1.291986 -1.928547 -1.498088 14.800111 0.567468 3.865604 14.242553 -1.341734 -6.660650 19.631937 0.143926 -0.648243 50.389149 -1.088871 -6.790230 0.353029 -1.511149 -0.031940 20.222767 3.684307 2.316628 18.787247 0.000004 -0.000000 10.751610 -0.479868 1.397903 0.000001 0.000000 -0.000000 3.273803 0.305947 -0.580110 21.486790 11.830360 2.266130 8.162917 0.000002 0.000000 18.399054 -3.798979 -4.940567 0.000003 0.000000 -0.000002 22.928860 -5.963426 3.521348 -0.039420 -2.226347 22.498833 -25.645809 -3.187497 -12.769297 1.750425 -1.955095 -3.892890 0.000000 0.000000 0.000002 -33.928307 -4.979219 -34.263542 1.249182 1.504366 52.919479 20.538233 -15.467504 6.003517 -1.510312 1.305254 -1.297937 0.000001 0.000000 -0.000001 
-28.244076 89.634926 27.037113 2.083234 28.203211 -1.386666 -1.327012 -0.409093 2.220717 -0.960127 -0.600190 -3.651419 -12.211449 -4.215540 5.719643 9.224265 -1.351176 4.145204 -3.153897 -8.856396 -3.087019 6.278034 -14.937759 -3.114424 0.000077 -0.000022 0.000006 0.012277 0.211435 -0.075737 0.746851 -3.516483 -10.774306 -0.742010 3.960174 -10.767383 -13.330268 -23.536240 4.909785 -59.401367 -55.767212 18.323910 -176.222229 -67.318100 176.814484 5.573959 -4.957035 -12.517909 -5.882102 9.861279 0.702591 -10.936858 -0.360576 7.156196 -0.000001 8.774814 -0.000000 -15.519795 17.735357 6.098562 -1.844032 2.498503 -2.507276 -10.163589 4.678938 4.621104 -20.975996 -0.000002 0.000002 -21.226255 2.451693 -3.593995 0.000001 -0.000006 -0.000000 -1.362680 2.240796 -0.746322 -21.334890 0.584909 3.008318 -13.821197 -0.000003 0.000001 -23.887135 -0.249077 -0.839481 -61.224926 2.393608 -2.413835 -0.294025 1.679686 0.833255 -14.218194 0.093215 1.300579 -34.212002 -0.287563 0.967169 -20.033180 0.964535 1.212841 0.000000 0.000000 -0.000000 -3.440385 0.788232 0.501655 -15.928165 -3.167306 2.999704 -6.338815 -0.000002 0.000003 -18.123415 3.648178 -4.905662 -0.000004 -0.000000 -0.000002 -5.448704 22.552832 -1.309810 -17.072742 10.248871 -35.746883 -1.722296 29.979528 -0.984386 18.145555 -0.275558 5.976371 2.243540 -5.255032 -3.180156 14.282878 -0.826593 6.952496 -0.000002 -12.690586 -0.000000 16.698635 -17.170710 1.232060 1.665667 -1.955920 -2.878297 4.727794 -4.170582 4.993918 11.020513 0.000003 -0.000001 12.109033 -3.735708 -2.866779 0.000000 0.000000 -0.000000 1.291986 -1.928548 -1.498088 14.800114 0.567468 3.865604 14.242553 -1.341734 -6.660649 19.631941 0.143926 -0.648243 50.698872 -0.861242 -6.714330 0.353031 -1.511149 -0.031940 20.222769 3.684306 2.316628 18.787247 0.000005 -0.000000 10.751612 -0.479868 1.397904 -0.000001 0.000000 0.000000 3.273804 0.305947 -0.580110 21.486790 11.830360 2.266131 8.162918 0.000002 -0.000000 18.399054 -3.798978 -4.940567 0.000003 0.000000 -0.000001 26.521845 -7.264678 3.764401 0.066970 -2.478652 18.394772 -27.138311 -1.150360 -5.233763 1.827690 -1.981351 -6.911227 0.000000 0.000000 0.000002 -33.653442 -6.165995 -31.945988 1.265086 1.517410 45.953068 19.535099 -16.719955 9.299501 -1.529703 1.188987 -0.952946 -0.000000 -0.000000 -0.000000 
-32.099152 90.061279 30.740610 1.264242 29.691910 -0.843756 -1.279370 -0.381499 1.971577 -0.988007 -0.466765 -3.777783 -12.087299 -4.272310 5.570266 8.826214 -1.190577 2.999162 -3.427495 -9.392254 -3.028881 5.919692 -15.384589 -3.469097 0.000077 -0.000023 0.000006 0.029864 0.189430 -0.062441 0.763782 -3.522357 -10.717649 -0.724421 3.923388 -10.739458 -12.372258 -23.982201 4.711174 -62.134071 -55.186920 19.739941 -175.431107 -67.462105 175.969391 5.797322 -5.096196 -11.011796 -5.882102 9.861279 0.702590 -10.936858 -0.360574 7.156196 -0.000000 8.774814 -0.000001 -15.375154 17.520195 6.239960 -1.844030 2.498503 -2.507276 -10.163590 4.678941 4.621104 -20.975994 -0.000002 0.000001 -21.226255 2.451694 -3.593995 0.000000 -0.000006 0.000000 -1.362680 2.240796 -0.746322 -21.334890 0.584910 3.008318 -13.821197 -0.000002 0.000002 -23.887133 -0.249077 -0.839483 -61.488434 2.462194 -2.600621 -0.294024 1.679686 0.833255 -14.218194 0.093216 1.300578 -34.212006 -0.287562 0.967165 -20.033180 0.964536 1.212838 -0.000000 0.000000 -0.000000 -3.440386 0.788233 0.501654 -15.928169 -3.167305 2.999702 -6.338819 -0.000001 0.000001 -18.123415 3.648177 -4.905662 -0.000005 0.000000 -0.000001 -6.408889 23.117371 -1.526007 -15.313828 9.199907 -34.074551 -1.913030 25.592922 -0.446564 15.874163 -2.439945 6.700948 2.243540 -5.255033 -3.180156 14.282875 -0.826594 6.952496 -0.000003 -12.690590 0.000001 16.521679 -16.995256 1.435011 1.665665 -1.955920 -2.878297 4.727792 -4.170582 4.993918 11.020511 0.000003 -0.000002 12.109033 -3.735710 -2.866781 -0.000000 0.000000 -0.000000 1.291983 -1.928548 -1.498088 14.800111 0.567468 3.865602 14.242553 -1.341734 -6.660651 19.631937 0.143926 -0.648245 50.830967 -0.667761 -6.582278 0.353028 -1.511149 -0.031940 20.222767 3.684305 2.316627 18.787245 0.000005 -0.000001 10.751608 -0.479868 1.397903 -0.000001 0.000000 -0.000000 3.273805 0.305947 -0.580110 21.486790 11.830360 2.266129 8.162916 0.000001 -0.000001 18.399050 -3.798978 -4.940568 0.000003 0.000000 -0.000001 29.790859 -8.271755 2.401818 0.188150 -2.632241 16.753284 -26.173779 1.986850 1.586262 1.915901 -2.013809 -8.219346 0.000000 0.000001 0.000002 -32.494690 -6.999788 -29.653572 1.219442 1.486034 39.700737 20.407757 -17.373175 13.112999 -1.565288 1.092359 -1.093976 -0.000000 -0.000000 -0.000000 
-36.007481 89.960861 34.308102 0.543772 31.089981 -0.712416 -1.287573 -0.293604 2.013299 -1.058214 -0.357087 -3.766925 -11.682611 -4.302896 5.626053 8.586568 -1.026222 2.231776 -3.747417 -10.124033 -2.942041 5.529483 -15.633557 -3.920257 0.000077 -0.000023 0.000006 0.029852 0.128610 -0.019094 0.767984 -3.578253 -10.686668 -0.730754 3.858106 -10.725317 -10.819734 -24.542786 4.390373 -65.065109 -55.053490 20.520737 -175.140106 -67.349144 175.388123 6.101850 -4.731324 -9.065980 -5.882102 9.861279 0.702592 -10.936855 -0.360574 7.156196 0.000000 8.774813 0.000000 -15.251847 17.422050 6.455032 -1.844031 2.498503 -2.507275 -10.163589 4.678940 4.621104 -20.975994 -0.000002 0.000004 -21.226250 2.451693 -3.593992 -0.000000 -0.000006 0.000000 -1.362680 2.240796 -0.746322 -21.334892 0.584911 3.008320 -13.821192 -0.000002 0.000002 -23.887129 -0.249077 -0.839481 -61.606003 2.556383 -2.613920 -0.294025 1.679687 0.833256 -14.218190 0.093216 1.300579 -34.211998 -0.287561 0.967170 -20.033176 0.964536 1.212842 -0.000000 -0.000000 -0.000000 -3.440386 0.788232 0.501655 -15.928165 -3.167305 2.999705 -6.338817 -0.000000 0.000002 -18.123415 3.648177 -4.905661 -0.000006 0.000000 -0.000003 -6.134411 23.968489 -1.182729 -13.270028 9.003438 -34.466869 -2.666006 24.090147 -0.070862 10.039113 -6.145295 7.484933 2.243540 -5.255032 -3.180155 14.282877 -0.826593 6.952495 -0.000002 -12.690588 -0.000000 16.171236 -16.510885 1.852950 1.665665 -1.955920 -2.878297 4.727793 -4.170582 4.993918 11.020513 0.000002 -0.000002 12.109033 -3.735710 -2.866780 -0.000000 -0.000001 0.000000 1.291984 -1.928547 -1.498088 14.800111 0.567468 3.865602 14.242551 -1.341735 -6.660648 19.631937 0.143926 -0.648244 50.556038 -0.630779 -6.480585 0.353029 -1.511149 -0.031940 20.222771 3.684306 2.316628 18.787245 0.000004 -0.000001 10.751608 -0.479868 1.397903 0.000000 -0.000000 0.000000 3.273804 0.305947 -0.580110 21.486790 11.830361 2.266130 8.162916 0.000002 -0.000001 18.399052 -3.798979 -4.940568 0.000003 0.000000 -0.000001 32.108875 -8.470614 -0.175273 0.268007 -2.532106 17.803629 -22.749084 5.480364 4.277393 1.971252 -2.062658 -5.872294 -0.000000 -0.000001 0.000003 -30.988440 -6.863141 -27.387070 1.082257 1.500954 36.348763 24.385178 -17.736818 14.926847 -1.594957 1.125593 -2.268616 -0.000000 -0.000000 -0.000001 
-39.964783 89.181213 37.579632 0.149703 32.588505 -0.950987 -1.455448 -0.327880 2.437633 -1.223123 -0.272642 -3.513795 -11.103948 -4.555923 5.769675 8.828898 -1.069352 2.127596 -4.101757 -10.855024 -2.840814 5.085297 -15.739895 -4.664975 0.000077 -0.000023 0.000006 0.023102 0.115707 0.037662 0.767150 -3.608835 -10.714691 -0.742587 3.864331 -10.755459 -8.457973 -25.165613 3.768972 -68.454407 -55.323254 20.881144 -176.138855 -66.533058 175.932129 6.415588 -3.858265 -7.261747 -5.882100 9.861278 0.702590 -10.936858 -0.360575 7.156196 0.000000 8.774811 -0.000001 -15.110365 17.390364 6.726090 -1.844032 2.498502 -2.507276 -10.163588 4.678940 4.621103 -20.975992 -0.000004 0.000002 -21.226250 2.451693 -3.593993 -0.000000 -0.000006 0.000001 -1.362680 2.240797 -0.746322 -21.334888 0.584908 3.008319 -13.821195 -0.000003 0.000001 -23.887125 -0.249079 -0.839482 -61.721149 2.615044 -2.499992 -0.294024 1.679686 0.833256 -14.218192 0.093215 1.300579 -34.211998 -0.287564 0.967169 -20.033175 0.964535 1.212842 0.000000 -0.000000 -0.000000 -3.440385 0.788233 0.501655 -15.928165 -3.167306 2.999703 -6.338813 -0.000001 0.000001 -18.123413 3.648177 -4.905662 -0.000005 0.000000 -0.000002 -4.012477 24.780346 -0.447502 -11.563968 9.788160 -36.329941 -2.736011 27.843508 0.751678 2.243431 -9.041330 6.899168 2.243540 -5.255033 -3.180155 14.282875 -0.826593 6.952494 -0.000003 -12.690590 0.000001 15.886683 -16.020140 2.263139 1.665666 -1.955920 -2.878296 4.727794 -4.170583 4.993918 11.020511 0.000003 -0.000002 12.109033 -3.735709 -2.866780 0.000000 -0.000000 0.000000 1.291984 -1.928547 -1.498088 14.800111 0.567468 3.865603 14.242554 -1.341734 -6.660649 19.631939 0.143927 -0.648245 50.160358 -0.659752 -6.494834 0.353028 -1.511149 -0.031940 20.222767 3.684307 2.316626 18.787245 0.000005 -0.000002 10.751610 -0.479867 1.397903 0.000001 -0.000000 0.000000 3.273804 0.305947 -0.580110 21.486790 11.830362 2.266129 8.162916 0.000001 -0.000001 18.399050 -3.798978 -4.940567 0.000002 0.000000 -0.000001 33.150406 -7.143721 -4.451930 0.160806 -2.403162 22.688797 -20.875183 6.725455 1.015842 1.979439 -2.086238 -3.685627 0.000001 0.000001 0.000003 -29.213970 -6.420434 -25.328226 0.917585 1.628280 36.992161 30.463676 -16.654070 9.285663 -1.597853 1.255049 -3.705476 0.000000 0.000000 -0.000000 
-43.775806 87.790688 40.298019 0.025501 33.446323 -1.380904 -1.610834 -0.274671 3.152358 -1.434311 -0.378483 -3.056268 -10.455581 -4.688870 5.846895 9.477683 -1.086904 2.514476 -4.226500 -11.249757 -2.845018 4.680640 -15.841284 -5.422155 0.000077 -0.000022 0.000006 0.016617 0.133248 0.022579 0.742449 -3.590533 -10.783210 -0.738711 3.879603 -10.783790 -6.538698 -25.388103 2.715726 -71.200653 -55.372826 20.912071 -178.175140 -64.970970 177.033310 6.576301 -2.710830 -5.591313 -5.882102 9.861279 0.702589 -10.936858 -0.360575 7.156197 0.000001 8.774815 -0.000002 -14.950102 17.430550 6.986279 -1.844031 2.498502 -2.507277 -10.163589 4.678939 4.621102 -20.975992 -0.000005 0.000001 -21.226255 2.451692 -3.593993 0.000001 -0.000006 -0.000000 -1.362680 2.240797 -0.746323 -21.334887 0.584906 3.008320 -13.821197 -0.000004 0.000003 -23.887131 -0.249080 -0.839481 -61.921352 2.595421 -2.272510 -0.294024 1.679686 0.833256 -14.218192 0.093214 1.300579 -34.212006 -0.287565 0.967171 -20.033180 0.964533 1.212842 -0.000000 -0.000000 -0.000000 -3.440384 0.788232 0.501656 -15.928167 -3.167308 2.999705 -6.338817 -0.000002 0.000001 -18.123411 3.648175 -4.905663 -0.000005 0.000001 -0.000003 0.598011 25.793594 0.580975 -11.413766 11.478359 -38.082458 -1.302967 37.557339 1.876174 -4.010944 -8.036760 5.218188 2.243542 -5.255033 -3.180155 14.282879 -0.826594 6.952498 -0.000002 -12.690590 0.000000 16.537924 -15.576731 2.206399 1.665664 -1.955920 -2.878296 4.727796 -4.170583 4.993918 11.020513 0.000003 0.000001 12.109033 -3.735710 -2.866777 0.000000 -0.000000 -0.000000 1.291983 -1.928548 -1.498088 14.800114 0.567467 3.865604 14.242553 -1.341736 -6.660646 19.631939 0.143925 -0.648241 51.108898 -0.799625 -6.242334 0.353027 -1.511149 -0.031940 20.222771 3.684306 2.316629 18.787247 0.000003 0.000001 10.751614 -0.479868 1.397905 -0.000002 -0.000000 -0.000000 3.273803 0.305947 -0.580111 21.486794 11.830364 2.266132 8.162917 0.000002 0.000000 18.399057 -3.798980 -4.940566 0.000003 -0.000001 -0.000001 32.820732 -3.831225 -10.372956 -0.303780 -2.320497 33.096962 -21.394917 4.819884 -6.154639 1.936096 -2.122596 -2.867404 -0.000000 0.000000 0.000001 -26.748320 -6.268985 -24.999992 0.822413 1.454312 40.506348 32.624634 -13.502383 -2.386179 -1.514126 1.418877 -1.390309 0.000000 0.000000 -0.000001 
-47.135822 86.490341 42.227684 0.097262 32.414322 -1.622700 -1.700398 -0.157605 3.891657 -1.610947 -0.476583 -2.687698 -9.605149 -4.315828 6.019172 10.128056 -1.145769 2.740097 -3.915644 -10.727879 -3.034097 4.228813 -15.647224 -6.003795 0.000077 -0.000022 0.000006 0.029015 0.165138 -0.019982 0.735527 -3.549596 -10.781061 -0.699728 3.897464 -10.770304 -6.633321 -24.999125 1.588629 -71.569397 -54.952461 21.141308 178.694382 -62.984402 179.856201 6.680827 -1.759215 -5.511695 -5.882102 9.861277 0.702590 -10.936858 -0.360572 7.156196 -0.000000 8.774810 0.000001 -14.973403 17.754311 7.157032 -1.844031 2.498502 -2.507277 -10.163590 4.678940 4.621104 -20.975996 -0.000002 0.000001 -21.226254 2.451693 -3.593994 -0.000000 -0.000006 -0.000001 -1.362681 2.240796 -0.746323 -21.334887 0.584910 3.008321 -13.821194 -0.000001 0.000001 -23.887133 -0.249077 -0.839483 -62.225063 2.393122 -2.158303 -0.294025 1.679686 0.833255 -14.218192 0.093216 1.300579 -34.212002 -0.287561 0.967166 -20.033180 0.964536 1.212840 0.000000 0.000001 0.000000 -3.440386 0.788233 0.501655 -15.928165 -3.167304 2.999704 -6.338817 -0.000001 0.000001 -18.123413 3.648177 -4.905662 -0.000006 0.000000 -0.000002 7.187942 26.898090 2.282678 -12.479549 14.536792 -40.002365 0.673279 50.711269 3.040800 -6.603633 -1.165463 1.132098 2.243539 -5.255031 -3.180157 14.282875 -0.826595 6.952496 -0.000002 -12.690588 -0.000000 16.709957 -15.579232 1.850519 1.665665 -1.955920 -2.878297 4.727794 -4.170582 4.993918 11.020509 0.000004 -0.000000 12.109029 -3.735708 -2.866779 0.000000 -0.000000 0.000001 1.291985 -1.928545 -1.498088 14.800109 0.567467 3.865603 14.242551 -1.341735 -6.660649 19.631939 0.143926 -0.648243 51.532558 -0.866236 -6.034616 0.353029 -1.511150 -0.031941 20.222767 3.684308 2.316630 18.787245 0.000003 0.000001 10.751611 -0.479867 1.397904 -0.000000 0.000002 0.000000 3.273802 0.305948 -0.580109 21.486788 11.830360 2.266133 8.162916 0.000003 0.000000 18.399054 -3.798978 -4.940566 0.000002 -0.000001 -0.000001 31.086094 0.680525 -16.795135 -0.741992 -2.074177 47.730080 -21.862524 0.763605 -12.382689 1.783155 -2.043192 -2.793966 -0.000000 -0.000001 0.000003 -24.014009 -6.052887 -28.185287 0.716618 1.354602 45.940289 30.500950 -10.692822 -10.777822 -1.478915 1.403450 0.157752 0.000000 0.000000 -0.000001 
-49.750328 85.435501 43.671097 0.330015 29.818739 -1.766609 -1.774170 -0.082810 4.297283 -1.724700 -0.361685 -2.487297 -8.721878 -3.814582 6.506128 10.161584 -1.058035 3.094160 -3.370397 -10.019923 -3.191016 4.147386 -14.329709 -6.702504 0.000077 -0.000022 0.000006 0.025992 0.077814 -0.056423 0.718225 -3.639631 -10.803616 -0.688180 3.811729 -10.757628 -7.053239 -23.817369 0.951033 -70.149818 -54.662861 19.522387 178.259491 -60.910839 -179.729004 7.033296 -1.209745 -6.775084 -5.882101 9.861278 0.702589 -10.936858 -0.360575 7.156197 0.000000 8.774813 -0.000001 -15.517774 18.069233 6.955577 -1.844031 2.498502 -2.507275 -10.163589 4.678940 4.621103 -20.975992 -0.000004 0.000002 -21.226254 2.451693 -3.593993 0.000001 -0.000006 -0.000000 -1.362680 2.240796 -0.746321 -21.334894 0.584908 3.008320 -13.821197 -0.000002 0.000003 -23.887133 -0.249078 -0.839481 -61.988552 2.151016 -2.006116 -0.294024 1.679686 0.833256 -14.218190 0.093214 1.300578 -34.212006 -0.287564 0.967169 -20.033178 0.964535 1.212841 -0.000000 0.000000 -0.000000 -3.440385 0.788232 0.501654 -15.928169 -3.167307 2.999702 -6.338814 -0.000001 0.000001 -18.123415 3.648176 -4.905662 -0.000006 0.000001 -0.000002 10.870033 27.687931 3.488006 -8.710218 19.840849 -42.680756 0.032960 64.372810 2.478909 -7.575799 5.514633 -1.378236 2.243538 -5.255033 -3.180155 14.282877 -0.826594 6.952495 -0.000003 -12.690592 0.000002 16.232222 -16.156374 2.230522 1.665664 -1.955920 -2.878296 4.727794 -4.170582 4.993918 11.020513 0.000002 -0.000001 12.109031 -3.735711 -2.866779 0.000000 -0.000001 0.000000 1.291985 -1.928549 -1.498088 14.800111 0.567467 3.865602 14.242553 -1.341735 -6.660648 19.631939 0.143926 -0.648244 50.673687 -1.009115 -6.032901 0.353030 -1.511148 -0.031939 20.222771 3.684306 2.316627 18.787245 0.000003 -0.000001 10.751611 -0.479871 1.397904 0.000000 0.000001 0.000000 3.273805 0.305948 -0.580111 21.486790 11.830362 2.266130 8.162917 0.000000 -0.000001 18.399052 -3.798980 -4.940568 0.000003 0.000000 -0.000000 28.481758 4.216560 -21.918335 -0.927112 -1.572400 61.683018 -22.153820 -4.200813 -15.717667 1.690399 -1.970510 -3.361856 -0.000000 -0.000001 0.000002 -21.977186 -4.617744 -31.917677 0.604671 1.143921 50.941811 28.122398 -9.328240 -14.931143 -1.470335 1.350069 0.820852 0.000000 0.000000 -0.000001 
-51.527744 84.741737 45.091671 0.316254 27.104179 -2.351758 -2.019585 -0.029692 4.634506 -1.772299 -0.299572 -2.362707 -7.712251 -3.406173 6.954302 9.944786 -1.508227 4.153555 -2.925439 -9.133635 -3.271428 4.457568 -12.719786 -7.715372 0.000077 -0.000023 0.000006 0.014835 0.069612 -0.051379 0.722510 -3.652689 -10.836341 -0.713015 3.805029 -10.768777 -7.170660 -22.620571 1.263426 -68.342285 -54.447845 16.962589 179.600327 -59.297966 179.232666 7.008890 -1.032043 -8.668883 -5.882101 9.861278 0.702589 -10.936860 -0.360575 7.156199 0.000001 8.774812 -0.000001 -15.546120 18.275686 6.757288 -1.844030 2.498503 -2.507276 -10.163589 4.678939 4.621105 -20.975994 -0.000004 0.000003 -21.226255 2.451693 -3.593992 -0.000000 -0.000006 -0.000001 -1.362680 2.240796 -0.746322 -21.334894 0.584908 3.008321 -13.821197 -0.000003 0.000004 -23.887133 -0.249078 -0.839480 -61.193371 2.128711 -1.903665 -0.294024 1.679686 0.833255 -14.218194 0.093213 1.300581 -34.212013 -0.287564 0.967174 -20.033180 0.964536 1.212843 0.000000 0.000000 -0.000000 -3.440386 0.788232 0.501655 -15.928171 -3.167307 2.999705 -6.338816 -0.000001 0.000001 -18.123415 3.648175 -4.905659 -0.000005 0.000001 -0.000002 12.003270 27.116550 4.374542 0.742374 26.115303 -45.071667 -1.442317 78.374138 0.879201 -6.555988 7.865911 -1.563468 2.243542 -5.255033 -3.180156 14.282875 -0.826595 6.952495 -0.000001 -12.690585 0.000000 15.253424 -16.453348 2.881682 1.665666 -1.955920 -2.878296 4.727795 -4.170584 4.993918 11.020512 0.000003 -0.000001 12.109032 -3.735710 -2.866780 0.000001 0.000002 0.000000 1.291983 -1.928549 -1.498088 14.800114 0.567467 3.865602 14.242554 -1.341735 -6.660650 19.631939 0.143925 -0.648243 49.434589 -0.919168 -6.033108 0.353030 -1.511150 -0.031940 20.222769 3.684305 2.316628 18.787245 0.000003 -0.000001 10.751611 -0.479869 1.397903 -0.000000 0.000001 0.000000 3.273805 0.305946 -0.580110 21.486790 11.830360 2.266130 8.162916 0.000002 -0.000001 18.399052 -3.798979 -4.940568 0.000003 -0.000001 -0.000001 25.607254 5.719878 -25.104128 -1.093434 -1.231897 71.066704 -24.210615 -10.566842 -17.340271 1.650102 -1.908647 -3.818897 0.000000 -0.000000 0.000001 -20.237320 -3.210069 -34.543213 0.574783 1.008312 55.162724 25.590080 -8.512240 -16.265966 -1.476836 1.303809 1.282932 0.000000 0.000000 -0.000001 
-52.813358 84.650436 46.531033 -0.108425 24.711178 -3.341540 -2.367994 -0.064984 4.838581 -1.782014 -0.356274 -2.318465 -6.801193 -3.247171 7.253721 10.111990 -2.123772 5.609470 -2.662531 -8.174505 -3.383970 4.675008 -11.292997 -8.291538 0.000077 -0.000023 0.000006 0.006909 0.098380 -0.042808 0.714786 -3.621629 -10.835135 -0.720091 3.830564 -10.781933 -6.679441 -21.944983 2.134913 -66.427032 -53.571606 14.332103 -179.062057 -57.894688 177.881393 6.669949 -1.057593 -9.548744 -5.882102 9.861278 0.702590 -10.936859 -0.360575 7.156198 0.000001 8.774813 -0.000001 -15.502108 18.397026 6.596786 -1.844031 2.498502 -2.507276 -10.163592 4.678941 4.621103 -20.976000 -0.000003 0.000002 -21.226255 2.451694 -3.593994 0.000001 -0.000006 0.000002 -1.362681 2.240797 -0.746321 -21.334890 0.584909 3.008321 -13.821198 -0.000002 0.000003 -23.887131 -0.249076 -0.839481 -60.674438 2.217137 -1.752326 -0.294024 1.679687 0.833255 -14.218195 0.093216 1.300580 -34.212006 -0.287562 0.967170 -20.033178 0.964535 1.212841 0.000000 0.000000 0.000000 -3.440386 0.788233 0.501655 -15.928171 -3.167305 2.999704 -6.338819 -0.000000 0.000003 -18.123415 3.648177 -4.905661 -0.000007 0.000000 -0.000001 13.248558 25.275787 4.978773 13.610911 30.949703 -43.293327 152.420258 88.267761 154.289246 -4.709751 7.716858 -1.870487 2.243538 -5.255033 -3.180156 14.282878 -0.826592 6.952496 -0.000001 -12.690591 0.000001 15.091367 -16.593306 3.045877 1.665665 -1.955920 -2.878296 4.727794 -4.170584 4.993918 11.020513 0.000003 -0.000000 12.109034 -3.735711 -2.866779 0.000001 0.000001 0.000002 1.291986 -1.928549 -1.498088 14.800113 0.567468 3.865603 14.242553 -1.341734 -6.660649 19.631939 0.143925 -0.648241 49.007526 -0.762062 -6.032855 0.353031 -1.511150 -0.031940 20.222769 3.684307 2.316629 18.787249 0.000004 0.000001 10.751613 -0.479868 1.397904 -0.000000 0.000000 -0.000000 3.273804 0.305947 -0.580111 21.486792 11.830363 2.266132 8.162917 0.000001 -0.000000 18.399054 -3.798979 -4.940567 0.000003 -0.000000 -0.000002 22.559988 5.581355 -26.126770 -1.190516 -1.195491 74.308273 -26.803856 -16.455112 -18.090832 1.656356 -1.903953 -4.151312 0.000001 -0.000001 0.000001 -18.229471 -2.330061 -35.365562 0.562637 0.939760 57.329311 23.223555 -8.576138 -16.605196 -1.483948 1.268158 1.503902 -0.000000 -0.000000 -0.000001 
-53.610832 84.924332 47.930080 -0.731856 22.082151 -4.541439 -2.678024 -0.183229 4.884216 -1.779837 -0.534741 -2.314819 -5.915380 -3.248323 7.466995 10.249355 -2.357685 7.059299 -2.447418 -7.223167 -3.518359 4.741449 -9.950162 -8.592846 0.000077 -0.000022 0.000006 0.002667 0.128952 -0.025654 0.701677 -3.578430 -10.767318 -0.713113 3.844357 -10.730229 -5.492028 -21.664032 2.916559 -64.878143 -52.126278 11.838386 -178.944824 -56.914284 177.367676 6.199656 -0.874464 -9.481787 -5.882104 9.861280 0.702588 -10.936861 -0.360574 7.156196 0.000000 8.774816 -0.000002 -15.470050 18.418093 6.476446 -1.844032 2.498503 -2.507274 -10.163589 4.678939 4.621101 -20.975998 -0.000001 0.000004 -21.226255 2.451694 -3.593995 -0.000001 -0.000006 0.000000 -1.362680 2.240797 -0.746323 -21.334894 0.584909 3.008320 -13.821197 -0.000002 0.000002 -23.887133 -0.249076 -0.839481 -60.407242 2.352445 -1.611507 -0.294025 1.679685 0.833256 -14.218192 0.093214 1.300578 -34.212002 -0.287563 0.967170 -20.033180 0.964536 1.212842 0.000000 0.000002 0.000000 -3.440386 0.788233 0.501655 -15.928167 -3.167306 2.999704 -6.338817 -0.000001 0.000002 -18.123413 3.648178 -4.905663 -0.000006 0.000000 -0.000003 14.886043 23.067842 5.880109 26.105274 32.933525 -38.422272 168.941193 78.091240 170.424103 -3.084836 6.565857 -2.036968 2.243541 -5.255033 -3.180155 14.282879 -0.826593 6.952497 -0.000001 -12.690588 -0.000000 15.390221 -16.757193 2.886908 1.665666 -1.955919 -2.878296 4.727793 -4.170583 4.993918 11.020513 0.000003 -0.000000 12.109034 -3.735711 -2.866778 -0.000000 0.000001 -0.000002 1.291984 -1.928549 -1.498087 14.800114 0.567466 3.865604 14.242553 -1.341736 -6.660648 19.631939 0.143924 -0.648244 49.026848 -0.592887 -6.064706 0.353030 -1.511149 -0.031940 20.222771 3.684305 2.316630 18.787249 0.000003 -0.000001 10.751611 -0.479869 1.397904 0.000000 0.000000 -0.000000 3.273804 0.305947 -0.580110 21.486797 11.830360 2.266133 8.162916 0.000001 0.000001 18.399057 -3.798979 -4.940568 0.000003 0.000000 -0.000000 19.491966 4.192664 -24.760525 -1.141235 -1.306704 72.454330 -26.161463 -17.947809 -19.690624 1.643805 -1.929060 -4.632765 0.000000 -0.000001 0.000002 -16.185797 -1.675365 -35.002979 0.585038 0.884401 57.884388 21.076727 -8.826403 -16.516310 -1.476395 1.211200 1.359600 0.000000 0.000000 -0.000001 
-53.895466 85.191360 49.234474 -1.323561 18.456112 -5.672794 -2.821492 -0.285061 4.695343 -1.790773 -0.870982 -2.449408 -4.982291 -3.198494 7.573506 9.953148 -2.403427 8.636415 -2.127196 -5.999821 -3.608843 4.505238 -8.541929 -8.780536 0.000077 -0.000023 0.000006 0.003407 0.106386 0.000508 0.684005 -3.589967 -10.712011 -0.692588 3.811178 -10.692931 -4.290575 -21.362066 3.391338 -63.754299 -50.468231 9.350735 -179.650452 -56.360687 177.966629 5.633527 -0.336225 -9.637075 -5.882099 9.861277 0.702589 -10.936858 -0.360575 7.156195 -0.000000 8.774813 -0.000003 -15.312336 18.482969 6.579103 -1.844031 2.498503 -2.507274 -10.163589 4.678938 4.621103 -20.975992 -0.000004 0.000002 -21.226250 2.451691 -3.593995 -0.000000 -0.000006 0.000001 -1.362680 2.240797 -0.746321 -21.334887 0.584908 3.008318 -13.821195 -0.000002 0.000003 -23.887129 -0.249078 -0.839481 -60.372307 2.524901 -1.735690 -0.294025 1.679686 0.833255 -14.218194 0.093216 1.300578 -34.211998 -0.287562 0.967167 -20.033180 0.964534 1.212840 0.000000 0.000002 0.000000 -3.440384 0.788232 0.501654 -15.928164 -3.167306 2.999704 -6.338813 -0.000001 0.000002 -18.123413 3.648176 -4.905662 -0.000006 0.000001 -0.000001 16.364210 21.224224 7.041044 35.817425 32.748528 -32.235634 171.848511 70.889221 172.744553 -2.115871 5.540221 -1.737448 2.243539 -5.255033 -3.180155 14.282877 -0.826594 6.952497 -0.000003 -12.690591 -0.000000 15.794077 -16.824003 2.586383 1.665666 -1.955922 -2.878296 4.727795 -4.170583 4.993919 11.020508 0.000004 -0.000001 12.109030 -3.735708 -2.866778 -0.000000 -0.000001 -0.000002 1.291982 -1.928547 -1.498088 14.800109 0.567469 3.865603 14.242553 -1.341733 -6.660648 19.631939 0.143926 -0.648240 49.157425 -0.536076 -6.052022 0.353029 -1.511150 -0.031940 20.222771 3.684306 2.316630 18.787245 0.000004 0.000001 10.751611 -0.479868 1.397904 0.000000 -0.000000 0.000001 3.273804 0.305947 -0.580110 21.486794 11.830364 2.266133 8.162917 0.000002 -0.000000 18.399054 -3.798980 -4.940565 0.000003 -0.000000 -0.000000 16.373821 1.237220 -21.005079 -0.765283 -1.095274 68.049026 -18.744230 -10.506317 -24.686653 1.720366 -1.944951 -5.729210 0.000000 0.000001 0.000002 -14.326173 -0.527238 -34.409882 0.566248 0.861202 57.609646 19.460178 -8.588098 -16.574297 -1.464169 1.115989 1.248967 0.000000 0.000000 -0.000001 
-53.637142 85.515144 50.338310 -1.495448 13.792863 -6.194973 -2.985414 -0.384847 4.156331 -1.791081 -1.076400 -2.849733 -4.154634 -3.271874 7.431847 9.216199 -2.411657 10.358700 -1.616609 -4.660207 -3.675145 4.173788 -6.825596 -8.883703 0.000077 -0.000023 0.000006 -0.000870 0.080001 0.000367 0.670993 -3.621559 -10.698202 -0.687136 3.788686 -10.719498 -4.181475 -20.664492 4.157938 -62.253387 -49.701511 7.258145 178.960953 -56.171585 179.064407 5.729054 0.254860 -10.082241 -5.882099 9.861279 0.702590 -10.936858 -0.360577 7.156197 0.000002 8.774815 -0.000001 -15.551882 18.391844 6.568092 -1.844030 2.498503 -2.507275 -10.163589 4.678938 4.621106 -20.975994 -0.000006 0.000006 -21.226250 2.451691 -3.593992 -0.000000 -0.000007 -0.000001 -1.362679 2.240796 -0.746322 -21.334887 0.584906 3.008322 -13.821195 -0.000004 0.000005 -23.887125 -0.249080 -0.839477 -60.886139 2.333091 -1.999785 -0.294024 1.679687 0.833255 -14.218190 0.093213 1.300579 -34.211998 -0.287567 0.967173 -20.033175 0.964535 1.212845 0.000000 0.000002 0.000000 -3.440385 0.788232 0.501655 -15.928167 -3.167308 2.999705 -6.338814 -0.000002 0.000003 -18.123415 3.648175 -4.905661 -0.000006 0.000000 -0.000002 17.280369 20.039228 8.076793 41.523914 31.819937 -27.389238 173.669205 65.875351 174.374176 -1.298346 5.017863 -2.234272 2.243541 -5.255032 -3.180154 14.282877 -0.826591 6.952497 -0.000003 -12.690593 0.000000 16.003305 -16.981249 2.280164 1.665665 -1.955921 -2.878297 4.727793 -4.170583 4.993919 11.020509 0.000004 0.000000 12.109031 -3.735708 -2.866780 0.000000 0.000001 0.000000 1.291984 -1.928548 -1.498087 14.800113 0.567467 3.865604 14.242553 -1.341735 -6.660648 19.631939 0.143925 -0.648243 49.290466 -0.529374 -6.264307 0.353028 -1.511149 -0.031940 20.222769 3.684307 2.316631 18.787245 0.000003 0.000001 10.751611 -0.479868 1.397905 0.000001 0.000000 0.000000 3.273805 0.305947 -0.580110 21.486792 11.830362 2.266132 8.162916 0.000001 0.000000 18.399052 -3.798980 -4.940567 0.000003 0.000000 0.000000 13.804342 -1.743088 -15.616537 -0.363049 -0.916968 63.626404 -14.777032 0.076698 -30.327879 1.736670 -1.966523 -3.260605 0.000000 0.000001 0.000002 -13.194198 1.461685 -34.401707 0.467702 0.792843 56.953865 18.183657 -6.994004 -15.964064 -1.477372 1.007462 0.847048 -0.000000 -0.000000 -0.000001 
-53.179680 86.102966 51.159351 -0.659893 9.484903 -6.220163 -3.375695 -0.320172 3.601457 -1.852952 -1.352116 -3.157884 -4.274293 -3.275301 7.272211 8.798095 -2.315364 11.234768 -1.198262 -3.602350 -3.762526 3.872167 -5.343675 -8.680639 0.000077 -0.000023 0.000006 0.001535 0.076598 -0.009059 0.693913 -3.616745 -10.680690 -0.704365 3.778343 -10.713288 -4.586543 -20.357794 4.723760 -60.304699 -49.324711 4.820249 178.182938 -55.954967 179.735474 5.479207 0.425702 -10.979525 -5.882100 9.861279 0.702590 -10.936860 -0.360576 7.156197 0.000004 8.774814 -0.000001 -15.455396 18.225412 6.665206 -1.844031 2.498503 -2.507274 -10.163589 4.678937 4.621105 -20.975992 -0.000006 0.000003 -21.226250 2.451691 -3.593992 -0.000000 -0.000006 0.000001 -1.362679 2.240796 -0.746323 -21.334890 0.584907 3.008320 -13.821197 -0.000004 0.000002 -23.887129 -0.249079 -0.839479 -60.753376 2.254277 -1.824198 -0.294025 1.679686 0.833254 -14.218190 0.093212 1.300581 -34.211998 -0.287566 0.967173 -20.033176 0.964534 1.212845 0.000000 0.000001 0.000000 -3.440385 0.788233 0.501656 -15.928167 -3.167309 2.999705 -6.338815 -0.000002 0.000002 -18.123415 3.648176 -4.905660 -0.000006 -0.000000 -0.000002 17.736633 18.823465 8.776609 44.164513 31.959406 -24.397362 174.974808 62.287086 175.675613 -0.285178 4.751350 -3.576657 2.243540 -5.255032 -3.180156 14.282879 -0.826594 6.952497 -0.000003 -12.690591 0.000001 15.821661 -17.051590 2.467767 1.665664 -1.955921 -2.878297 4.727791 -4.170581 4.993919 11.020511 0.000004 -0.000002 12.109032 -3.735708 -2.866780 0.000000 0.000001 -0.000001 1.291984 -1.928548 -1.498088 14.800113 0.567467 3.865602 14.242556 -1.341732 -6.660647 19.631941 0.143926 -0.648244 49.236477 -0.643080 -6.158041 0.353029 -1.511149 -0.031940 20.222767 3.684305 2.316626 18.787245 0.000005 -0.000001 10.751610 -0.479867 1.397904 0.000001 -0.000000 0.000001 3.273806 0.305947 -0.580110 21.486794 11.830361 2.266129 8.162916 0.000001 -0.000000 18.399052 -3.798978 -4.940567 0.000003 -0.000000 -0.000001 11.843387 -1.342083 -12.211824 -0.189952 -0.871161 61.708023 -14.642374 4.306465 -29.848236 1.732705 -2.024099 -3.222598 -0.000000 0.000000 0.000002 -13.459258 3.388067 -34.533543 0.466986 0.763692 55.913296 17.403910 -5.621387 -14.746888 -1.475613 1.024845 0.514441 0.000000 0.000000 -0.000001 
-52.642685 86.823967 52.042442 0.208762 5.728830 -6.275020 -3.558066 -0.274008 3.123193 -1.855715 -1.514190 -3.378692 -4.513406 -3.479294 6.959692 8.106016 -1.954454 11.883755 -0.906798 -2.727378 -3.806679 3.592857 -4.318271 -8.050991 0.000077 -0.000023 0.000006 -0.002538 0.094524 -0.036689 0.700827 -3.589176 -10.652642 -0.719360 3.783511 -10.694324 -5.239891 -20.240408 5.186216 -59.008953 -48.615929 2.258560 178.628845 -55.579945 179.686829 5.376372 0.461571 -12.617648 -5.882103 9.861279 0.702590 -10.936858 -0.360575 7.156199 -0.000001 8.774815 -0.000003 -15.370558 18.308981 6.707617 -1.844030 2.498502 -2.507276 -10.163591 4.678941 4.621105 -20.976000 -0.000002 0.000001 -21.226255 2.451694 -3.593996 0.000000 -0.000007 0.000000 -1.362680 2.240797 -0.746324 -21.334892 0.584909 3.008319 -13.821198 -0.000002 0.000002 -23.887131 -0.249079 -0.839482 -60.545998 2.268590 -1.757363 -0.294025 1.679687 0.833256 -14.218192 0.093215 1.300578 -34.212006 -0.287560 0.967168 -20.033178 0.964535 1.212840 0.000000 0.000001 0.000000 -3.440386 0.788232 0.501653 -15.928167 -3.167306 2.999702 -6.338817 -0.000001 0.000001 -18.123413 3.648178 -4.905661 -0.000006 0.000001 -0.000001 17.200912 18.163652 8.973867 45.846458 32.376495 -22.058455 176.142502 59.707794 176.752563 0.616907 4.668557 -5.021986 2.243541 -5.255032 -3.180156 14.282877 -0.826594 6.952496 -0.000001 -12.690591 0.000001 15.801094 -17.264460 2.511647 1.665665 -1.955922 -2.878296 4.727795 -4.170583 4.993919 11.020513 0.000004 -0.000001 12.109033 -3.735708 -2.866780 0.000001 0.000001 -0.000001 1.291985 -1.928548 -1.498088 14.800117 0.567468 3.865604 14.242553 -1.341733 -6.660647 19.631941 0.143925 -0.648242 49.256107 -0.734579 -6.281049 0.353028 -1.511148 -0.031940 20.222769 3.684306 2.316628 18.787247 0.000004 0.000001 10.751611 -0.479868 1.397904 0.000001 -0.000000 0.000001 3.273804 0.305947 -0.580111 21.486794 11.830361 2.266132 8.162917 0.000001 0.000000 18.399052 -3.798979 -4.940566 0.000003 -0.000000 -0.000001 10.256314 0.478412 -8.864630 -0.183547 -0.903466 59.027306 -14.750264 6.450729 -29.224432 1.742288 -2.028455 -3.537110 0.000000 0.000000 0.000002 -13.933285 4.903895 -34.299644 0.479875 0.747597 54.559139 16.760307 -4.353162 -13.467632 -1.474856 0.999508 0.196367 -0.000000 -0.000000 -0.000001 
-52.204197 87.526268 53.044746 0.960757 2.732601 -6.250041 -3.633315 -0.245131 2.690089 -1.795067 -1.671278 -3.563729 -4.684335 -3.716386 6.521884 7.491807 -1.539195 12.186544 -0.789480 -2.139204 -3.837183 3.260639 -3.681387 -7.285334 0.000077 -0.000022 0.000006 -0.005316 0.092867 -0.044817 0.703989 -3.589216 -10.633316 -0.726650 3.778358 -10.676965 -6.168816 -20.348629 5.645617 -58.010864 -47.875313 -0.027107 179.367126 -55.338741 179.484268 5.187423 0.681405 -14.002958 -5.882099 9.861278 0.702588 -10.936858 -0.360575 7.156199 0.000000 8.774813 -0.000001 -15.333888 18.365555 6.694380 -1.844030 2.498503 -2.507275 -10.163589 4.678938 4.621106 -20.975994 -0.000006 0.000004 -21.226254 2.451691 -3.593991 -0.000000 -0.000007 0.000001 -1.362680 2.240795 -0.746323 -21.334887 0.584907 3.008324 -13.821197 -0.000004 0.000003 -23.887123 -0.249079 -0.839478 -60.436359 2.258192 -1.800599 -0.294024 1.679687 0.833255 -14.218190 0.093213 1.300580 -34.211998 -0.287564 0.967173 -20.033178 0.964535 1.212842 -0.000000 0.000001 -0.000000 -3.440385 0.788233 0.501654 -15.928165 -3.167307 2.999705 -6.338817 -0.000002 0.000004 -18.123411 3.648173 -4.905660 -0.000005 0.000002 -0.000001 16.698179 17.811563 8.898653 46.404900 33.049618 -20.515125 177.086777 58.045418 177.661041 1.106140 4.771883 -6.393562 2.243539 -5.255033 -3.180155 14.282875 -0.826594 6.952495 -0.000000 -12.690592 -0.000002 15.766552 -17.400345 2.556739 1.665666 -1.955919 -2.878296 4.727793 -4.170582 4.993918 11.020510 0.000004 -0.000001 12.109031 -3.735711 -2.866779 0.000000 0.000001 -0.000001 1.291983 -1.928546 -1.498087 14.800111 0.567468 3.865605 14.242554 -1.341737 -6.660649 19.631939 0.143924 -0.648243 49.161209 -0.825895 -6.372952 0.353028 -1.511151 -0.031940 20.222763 3.684306 2.316628 18.787245 0.000003 -0.000000 10.751610 -0.479868 1.397904 0.000000 -0.000000 -0.000001 3.273804 0.305947 -0.580110 21.486788 11.830361 2.266133 8.162917 0.000001 0.000001 18.399048 -3.798979 -4.940567 0.000003 0.000000 -0.000000 9.078206 2.446741 -5.762628 -0.166285 -0.940493 55.815208 -14.879356 7.702140 -28.948942 1.746198 -2.030847 -3.709515 -0.000000 -0.000001 0.000002 -14.380310 6.020053 -33.921158 0.506988 0.739015 53.272831 16.152214 -3.325933 -12.574082 -1.473870 0.940747 -0.134296 -0.000000 -0.000000 -0.000001 
-51.935272 88.118210 53.992401 1.639692 0.486973 -6.145742 -3.679675 -0.218902 2.257596 -1.713578 -1.846615 -3.754930 -4.817675 -3.872285 6.135495 7.021032 -1.192342 12.137156 -0.736660 -1.720818 -3.848571 2.912792 -3.265383 -6.587178 0.000077 -0.000023 0.000006 -0.008092 0.084952 -0.045807 0.698904 -3.602820 -10.629086 -0.725070 3.770403 -10.675958 -7.176464 -20.565115 6.085224 -57.101555 -47.388863 -1.920754 -179.928894 -55.402927 179.174423 5.016916 1.055154 -14.985020 -5.882102 9.861278 0.702590 -10.936859 -0.360576 7.156198 0.000000 8.774812 -0.000001 -15.326445 18.363907 6.641198 -1.844031 2.498503 -2.507275 -10.163589 4.678940 4.621105 -20.975994 -0.000003 0.000003 -21.226254 2.451690 -3.593994 0.000000 -0.000006 -0.000001 -1.362681 2.240796 -0.746324 -21.334887 0.584908 3.008320 -13.821198 -0.000003 0.000004 -23.887129 -0.249079 -0.839479 -60.427513 2.270865 -1.851906 -0.294026 1.679687 0.833253 -14.218194 0.093214 1.300581 -34.211998 -0.287567 0.967171 -20.033178 0.964536 1.212842 -0.000000 0.000002 -0.000000 -3.440385 0.788232 0.501657 -15.928171 -3.167306 2.999702 -6.338818 -0.000001 0.000002 -18.123415 3.648175 -4.905661 -0.000006 0.000001 -0.000001 16.532602 17.646641 8.766100 46.078911 33.887886 -19.830956 177.794571 57.116943 178.257324 1.092989 4.843879 -7.366676 2.243539 -5.255033 -3.180155 14.282878 -0.826593 6.952496 -0.000002 -12.690590 -0.000001 15.640326 -17.456427 2.655100 1.665665 -1.955920 -2.878296 4.727795 -4.170583 4.993919 11.020511 0.000003 -0.000001 12.109028 -3.735709 -2.866780 0.000000 -0.000001 -0.000001 1.291985 -1.928549 -1.498088 14.800113 0.567468 3.865603 14.242551 -1.341734 -6.660648 19.631939 0.143926 -0.648243 48.935871 -0.854459 -6.394341 0.353028 -1.511150 -0.031940 20.222769 3.684306 2.316629 18.787249 0.000004 -0.000001 10.751610 -0.479868 1.397904 0.000000 0.000000 0.000000 3.273806 0.305947 -0.580110 21.486794 11.830363 2.266132 8.162919 0.000002 -0.000000 18.399055 -3.798979 -4.940566 0.000004 -0.000000 -0.000001 8.146133 4.066009 -3.207726 -0.133625 -0.976483 52.749229 -15.124306 8.526419 -28.686222 1.748088 -2.038589 -3.754274 -0.000000 0.000000 0.000002 -14.830694 6.889607 -33.606628 0.517882 0.712783 52.257820 15.721372 -2.628124 -12.072947 -1.473402 0.888994 -0.391995 0.000000 0.000000 -0.000001 
-51.768024 88.527985 54.847954 2.247654 -1.156457 -6.055445 -3.707349 -0.233142 1.863478 -1.622999 -1.947732 -3.914591 -4.913582 -3.970797 5.792297 6.646219 -0.868921 11.887026 -0.722068 -1.484462 -3.842143 2.639352 -2.948191 -6.054467 0.000077 -0.000022 0.000006 -0.010835 0.068457 -0.043403 0.693816 -3.623209 -10.644189 -0.725360 3.765330 -10.680028 -8.002555 -20.745758 6.436687 -56.280128 -47.171192 -3.381218 -179.566589 -55.707424 179.033585 4.903866 1.443366 -15.689627 -5.882101 9.861278 0.702589 -10.936858 -0.360576 7.156198 0.000000 8.774812 -0.000001 -15.349413 18.349798 6.595127 -1.844031 2.498502 -2.507276 -10.163589 4.678939 4.621105 -20.975996 -0.000004 0.000002 -21.226254 2.451691 -3.593993 -0.000001 -0.000006 -0.000001 -1.362680 2.240796 -0.746321 -21.334890 0.584906 3.008320 -13.821197 -0.000002 0.000004 -23.887133 -0.249081 -0.839480 -60.380619 2.291786 -1.835189 -0.294024 1.679685 0.833252 -14.218194 0.093213 1.300578 -34.212006 -0.287565 0.967171 -20.033176 0.964534 1.212844 0.000000 0.000000 -0.000000 -3.440386 0.788231 0.501654 -15.928165 -3.167308 2.999702 -6.338816 -0.000001 0.000000 -18.123415 3.648174 -4.905660 -0.000005 0.000001 -0.000001 16.523214 17.646536 8.641527 45.591137 34.652996 -19.559814 178.343872 56.766235 178.644669 0.909578 4.892797 -7.741319 2.243538 -5.255033 -3.180155 14.282873 -0.826591 6.952495 -0.000002 -12.690593 -0.000001 15.501114 -17.520081 2.786451 1.665665 -1.955920 -2.878296 4.727795 -4.170584 4.993918 11.020510 0.000004 -0.000001 12.109031 -3.735710 -2.866782 0.000000 0.000000 -0.000001 1.291982 -1.928548 -1.498088 14.800109 0.567468 3.865602 14.242553 -1.341735 -6.660649 19.631939 0.143927 -0.648243 48.686218 -0.846172 -6.408657 0.353030 -1.511151 -0.031940 20.222769 3.684307 2.316627 18.787245 0.000005 0.000000 10.751609 -0.479867 1.397904 0.000001 0.000000 -0.000000 3.273803 0.305946 -0.580110 21.486788 11.830365 2.266130 8.162916 0.000002 -0.000000 18.399050 -3.798980 -4.940567 0.000003 -0.000000 -0.000000 7.353079 5.232571 -1.120567 -0.088253 -0.975722 50.101089 -15.429272 9.134141 -28.613068 1.740649 -2.028658 -3.784868 0.000000 -0.000000 0.000002 -15.267955 7.528985 -33.302860 0.505443 0.693330 51.510052 15.505833 -2.223588 -12.124302 -1.470453 0.849192 -0.544725 0.000000 0.000000 -0.000001 
-51.376408 88.697174 55.352135 2.794224 -2.285196 -6.018955 -3.723452 -0.233479 1.536028 -1.559295 -2.007390 -4.038979 -4.997875 -4.006797 5.476518 6.350465 -0.592097 11.641283 -0.737011 -1.327589 -3.850193 2.455063 -2.699856 -5.718021 0.000077 -0.000022 0.000006 -0.011674 0.071766 -0.038818 0.694647 -3.634360 -10.679793 -0.727532 3.776483 -10.718358 -8.493101 -20.841824 6.655790 -55.432507 -47.150471 -4.402946 -179.571533 -56.187084 179.145782 4.911489 1.776532 -16.254578 -5.882102 9.861279 0.702590 -10.936858 -0.360575 7.156197 -0.000000 8.774813 -0.000003 -15.492297 18.299688 6.469940 -1.844031 2.498503 -2.507275 -10.163589 4.678941 4.621102 -20.975996 -0.000002 0.000004 -21.226254 2.451692 -3.593995 -0.000000 -0.000005 0.000000 -1.362681 2.240797 -0.746323 -21.334887 0.584908 3.008318 -13.821197 -0.000001 0.000002 -23.887129 -0.249079 -0.839485 -60.496292 2.274219 -1.856625 -0.294025 1.679686 0.833255 -14.218190 0.093215 1.300577 -34.211998 -0.287562 0.967168 -20.033176 0.964533 1.212839 0.000000 0.000002 0.000000 -3.440385 0.788232 0.501655 -15.928165 -3.167306 2.999703 -6.338819 0.000001 0.000002 -18.123415 3.648177 -4.905663 -0.000005 -0.000000 -0.000001 16.486540 17.749718 8.542897 45.198395 35.271400 -19.468252 178.794815 56.923977 178.943787 0.837863 4.860959 -7.592806 2.243539 -5.255032 -3.180155 14.282877 -0.826594 6.952495 -0.000002 -12.690593 0.000001 15.475653 -17.543997 2.864554 1.665664 -1.955920 -2.878297 4.727793 -4.170582 4.993918 11.020512 0.000004 -0.000001 12.109031 -3.735709 -2.866779 0.000001 0.000000 0.000000 1.291984 -1.928548 -1.498088 14.800111 0.567469 3.865603 14.242553 -1.341733 -6.660648 19.631939 0.143926 -0.648243 48.614620 -0.799457 -6.379727 0.353029 -1.511149 -0.031940 20.222767 3.684306 2.316628 18.787247 0.000005 0.000000 10.751611 -0.479868 1.397903 0.000000 0.000000 0.000001 3.273804 0.305947 -0.580110 21.486790 11.830360 2.266129 8.162916 0.000002 -0.000001 18.399052 -3.798978 -4.940567 0.000003 0.000000 -0.000001 6.486472 6.157424 0.134908 -0.064661 -0.982881 48.536209 -15.565982 9.589441 -28.876734 1.739219 -2.059638 -3.675272 0.000000 -0.000000 0.000002 -15.949852 8.032300 -33.180695 0.474334 0.673240 51.003132 15.691510 -1.976764 -12.287221 -1.465759 0.828950 -0.549487 -0.000000 -0.000000 -0.000001 
-51.217567 88.640022 55.788128 3.298595 -2.950880 -6.035356 -3.753107 -0.243843 1.275176 -1.532148 -2.004555 -4.140201 -5.108013 -3.991393 5.236670 6.108484 -0.364833 11.440903 -0.730503 -1.237296 -3.850060 2.365504 -2.495972 -5.548449 0.000077 -0.000023 0.000006 -0.011057 0.088731 -0.026018 0.695326 -3.628851 -10.711284 -0.727649 3.800355 -10.734572 -8.721032 -20.882013 6.768355 -54.464481 -47.263966 -5.071158 179.991013 -56.709461 179.623657 4.949323 2.066155 -16.766758 -5.882100 9.861279 0.702591 -10.936858 -0.360573 7.156196 0.000000 8.774813 0.000000 -15.637460 18.257931 6.403378 -1.844032 2.498503 -2.507276 -10.163589 4.678941 4.621105 -20.975994 -0.000002 0.000000 -21.226255 2.451692 -3.593995 -0.000000 -0.000005 -0.000001 -1.362680 2.240797 -0.746320 -21.334887 0.584908 3.008317 -13.821197 -0.000002 0.000003 -23.887131 -0.249080 -0.839482 -60.645077 2.273405 -1.824235 -0.294024 1.679686 0.833255 -14.218192 0.093216 1.300579 -34.212002 -0.287563 0.967165 -20.033175 0.964535 1.212841 0.000000 0.000002 0.000000 -3.440385 0.788233 0.501656 -15.928169 -3.167307 2.999701 -6.338815 -0.000001 -0.000001 -18.123413 3.648175 -4.905663 -0.000006 -0.000000 -0.000002 16.462416 17.910297 8.454296 44.849274 35.689339 -19.369812 179.238815 57.361675 179.269089 0.946705 4.729172 -7.160192 2.243539 -5.255031 -3.180155 14.282878 -0.826593 6.952495 -0.000002 -12.690591 0.000001 15.523772 -17.612755 2.900748 1.665666 -1.955921 -2.878297 4.727794 -4.170582 4.993919 11.020513 0.000003 -0.000001 12.109035 -3.735710 -2.866781 0.000000 0.000000 -0.000001 1.291984 -1.928547 -1.498088 14.800113 0.567468 3.865602 14.242553 -1.341733 -6.660649 19.631941 0.143927 -0.648243 48.691151 -0.759692 -6.346080 0.353029 -1.511149 -0.031940 20.222769 3.684307 2.316626 18.787249 0.000006 -0.000001 10.751610 -0.479867 1.397904 0.000000 0.000000 0.000000 3.273805 0.305947 -0.580111 21.486795 11.830362 2.266128 8.162919 0.000002 -0.000001 18.399052 -3.798977 -4.940567 0.000002 0.000000 -0.000001 5.870612 6.759984 1.041775 -0.048619 -0.990547 47.525982 -15.803083 9.675408 -29.483265 1.737130 -2.063542 -3.396599 -0.000000 -0.000001 0.000002 -16.514294 8.401028 -33.227943 0.432874 0.653456 51.148014 15.797297 -1.859078 -12.956285 -1.460019 0.828967 -0.358517 0.000000 0.000000 -0.000001 
-51.322914 88.464317 56.235863 3.760497 -3.172553 -6.074982 -3.780909 -0.265169 1.061214 -1.540288 -1.950919 -4.205038 -5.288389 -3.961051 5.089330 5.948684 -0.219574 11.282140 -0.703603 -1.182312 -3.851207 2.313282 -2.291161 -5.522849 0.000077 -0.000023 0.000006 -0.010012 0.095473 -0.017390 0.697333 -3.617148 -10.715846 -0.727414 3.818512 -10.734697 -8.849900 -20.934481 6.859254 -53.247837 -47.426563 -5.681666 179.433716 -57.205692 -179.827957 4.930044 2.204234 -17.113689 -5.882098 9.861279 0.702592 -10.936857 -0.360578 7.156195 0.000001 8.774813 0.000000 -15.816154 18.241669 6.320023 -1.844031 2.498502 -2.507278 -10.163589 4.678939 4.621105 -20.975996 -0.000004 0.000002 -21.226250 2.451689 -3.593993 0.000000 -0.000004 0.000001 -1.362681 2.240797 -0.746323 -21.334887 0.584906 3.008319 -13.821197 -0.000004 0.000003 -23.887123 -0.249081 -0.839479 -60.748989 2.258916 -1.780259 -0.294025 1.679687 0.833257 -14.218190 0.093212 1.300579 -34.211998 -0.287567 0.967171 -20.033175 0.964534 1.212844 0.000000 0.000000 0.000000 -3.440386 0.788233 0.501655 -15.928167 -3.167308 2.999703 -6.338816 -0.000002 0.000001 -18.123411 3.648174 -4.905662 -0.000006 -0.000000 -0.000002 16.523735 18.022509 8.353038 44.532112 35.958797 -19.294209 179.494995 57.764725 179.520264 1.247289 4.525501 -6.827590 2.243540 -5.255033 -3.180156 14.282877 -0.826593 6.952497 -0.000001 -12.690590 0.000001 15.554290 -17.656225 2.902002 1.665666 -1.955920 -2.878296 4.727793 -4.170584 4.993919 11.020513 0.000004 -0.000000 12.109028 -3.735710 -2.866779 0.000001 0.000001 0.000001 1.291984 -1.928548 -1.498088 14.800109 0.567468 3.865603 14.242551 -1.341733 -6.660648 19.631939 0.143927 -0.648243 48.819473 -0.724927 -6.318898 0.353029 -1.511149 -0.031940 20.222769 3.684307 2.316628 18.787245 0.000005 0.000001 10.751611 -0.479868 1.397904 0.000000 -0.000000 0.000000 3.273804 0.305947 -0.580110 21.486790 11.830363 2.266130 8.162916 0.000002 0.000000 18.399050 -3.798979 -4.940566 0.000003 0.000000 0.000000 5.534523 7.085863 1.751299 -0.041345 -1.026781 46.852505 -16.116238 9.468011 -30.093737 1.730407 -2.072257 -3.071191 -0.000000 -0.000001 0.000002 -16.925697 8.603370 -33.400646 0.403628 0.640533 51.947994 15.732162 -1.816565 -13.811220 -1.454751 0.846353 -0.198365 0.000000 0.000000 -0.000001 
-51.414215 88.255157 56.624748 4.129210 -3.126223 -6.122810 -3.787938 -0.242440 0.919094 -1.564687 -1.934082 -4.261341 -5.459726 -3.926019 5.028680 5.831309 -0.132904 11.161501 -0.684752 -1.145246 -3.858106 2.272521 -2.150465 -5.539964 0.000077 -0.000022 0.000006 -0.007829 0.129405 -0.014463 0.697563 -3.588748 -10.714681 -0.722683 3.844664 -10.734832 -8.969954 -20.980263 6.996646 -52.052052 -47.563946 -6.250623 178.989731 -57.565174 -179.421509 4.829215 2.205478 -17.448790 -5.882101 9.861279 0.702589 -10.936861 -0.360575 7.156197 -0.000001 8.774814 -0.000002 -15.914237 18.235283 6.230708 -1.844031 2.498502 -2.507276 -10.163589 4.678939 4.621107 -20.975998 -0.000002 0.000003 -21.226254 2.451694 -3.593994 -0.000000 -0.000006 0.000000 -1.362680 2.240796 -0.746326 -21.334892 0.584908 3.008321 -13.821197 -0.000001 0.000004 -23.887133 -0.249076 -0.839479 -60.799343 2.247874 -1.775493 -0.294025 1.679686 0.833255 -14.218192 0.093213 1.300578 -34.212006 -0.287563 0.967172 -20.033176 0.964535 1.212843 0.000000 0.000001 0.000000 -3.440385 0.788233 0.501656 -15.928167 -3.167306 2.999706 -6.338818 -0.000001 0.000001 -18.123413 3.648178 -4.905660 -0.000006 -0.000000 -0.000002 16.575312 18.057888 8.260508 44.235329 36.148869 -19.345087 179.642242 58.073208 179.715729 1.570665 4.398026 -6.703791 2.243539 -5.255032 -3.180155 14.282877 -0.826592 6.952497 -0.000002 -12.690591 0.000001 15.542362 -17.715338 2.871674 1.665664 -1.955920 -2.878296 4.727795 -4.170585 4.993919 11.020509 0.000003 0.000000 12.109030 -3.735710 -2.866778 0.000000 -0.000001 0.000001 1.291985 -1.928547 -1.498088 14.800111 0.567467 3.865603 14.242553 -1.341735 -6.660648 19.631937 0.143926 -0.648243 49.035934 -0.716313 -6.313888 0.353029 -1.511149 -0.031940 20.222765 3.684307 2.316629 18.787245 0.000005 0.000001 10.751610 -0.479868 1.397905 0.000001 0.000000 0.000000 3.273805 0.305947 -0.580110 21.486788 11.830364 2.266131 8.162916 0.000001 0.000000 18.399050 -3.798979 -4.940566 0.000003 0.000000 -0.000001 5.326319 7.287973 2.230461 -0.039522 -1.071219 46.530010 -16.318541 9.092740 -30.614313 1.725317 -2.073211 -2.850937 -0.000000 -0.000002 0.000002 -17.300398 8.690561 -33.538185 0.366286 0.601308 52.834644 15.645217 -1.778157 -14.665752 -1.450289 0.869957 -0.103582 0.000000 0.000000 -0.000001 
-51.556526 88.077415 56.948273 4.372295 -2.943180 -6.158983 -3.762007 -0.232452 0.812630 -1.579417 -1.937873 -4.301887 -5.553135 -3.896225 5.023246 5.659154 -0.049080 11.045932 -0.672240 -1.162809 -3.841548 2.252598 -2.047918 -5.459879 0.000077 -0.000023 0.000006 -0.007985 0.136388 -0.021359 0.698166 -3.587605 -10.708729 -0.725037 3.856397 -10.732563 -9.122119 -20.964380 7.158351 -51.102776 -47.631584 -6.748036 178.882935 -57.757816 -179.237427 4.751915 2.154981 -17.843065 -5.882100 9.861278 0.702592 -10.936859 -0.360577 7.156196 0.000001 8.774814 -0.000002 -15.935322 18.234293 6.142795 -1.844029 2.498501 -2.507274 -10.163590 4.678938 4.621103 -20.975994 -0.000006 0.000005 -21.226255 2.451692 -3.593990 0.000000 -0.000005 0.000001 -1.362680 2.240796 -0.746322 -21.334888 0.584905 3.008322 -13.821195 -0.000003 0.000004 -23.887129 -0.249080 -0.839478 -60.664864 2.227082 -1.792262 -0.294024 1.679686 0.833255 -14.218194 0.093212 1.300581 -34.211998 -0.287567 0.967174 -20.033176 0.964534 1.212844 0.000000 0.000000 0.000000 -3.440386 0.788233 0.501655 -15.928167 -3.167307 2.999706 -6.338819 -0.000002 0.000001 -18.123411 3.648175 -4.905658 -0.000006 -0.000001 -0.000002 16.547222 18.066370 8.146570 44.082844 36.279758 -19.375484 179.846573 58.273354 179.995544 1.794621 4.313066 -6.736958 2.243539 -5.255033 -3.180156 14.282877 -0.826594 6.952496 -0.000002 -12.690591 0.000001 15.531274 -17.722071 2.868008 1.665665 -1.955920 -2.878297 4.727793 -4.170583 4.993918 11.020512 0.000004 -0.000001 12.109030 -3.735710 -2.866780 0.000001 0.000001 0.000001 1.291985 -1.928548 -1.498088 14.800111 0.567468 3.865603 14.242551 -1.341733 -6.660648 19.631941 0.143926 -0.648244 49.183064 -0.717434 -6.322121 0.353029 -1.511150 -0.031940 20.222771 3.684306 2.316627 18.787245 0.000005 -0.000001 10.751612 -0.479867 1.397904 0.000001 0.000000 0.000001 3.273804 0.305947 -0.580110 21.486792 11.830365 2.266131 8.162918 0.000002 -0.000000 18.399054 -3.798980 -4.940567 0.000003 0.000000 -0.000000 5.281213 7.346705 2.585879 -0.051726 -1.110377 46.299583 -16.458010 8.728087 -31.021250 1.722369 -2.060865 -2.709124 0.000000 -0.000001 0.000003 -17.521156 8.683902 -33.641438 0.350748 0.563284 53.679996 15.533464 -1.800338 -15.264036 -1.449502 0.888726 -0.090296 0.000000 0.000000 -0.000001 
-51.693111 87.910118 57.235901 4.545164 -2.730524 -6.184031 -3.723712 -0.214540 0.729819 -1.588786 -1.935496 -4.346027 -5.591385 -3.882395 5.046978 5.459735 0.009623 10.969564 -0.668949 -1.141061 -3.830724 2.237581 -1.996879 -5.355665 0.000077 -0.000023 0.000006 -0.007665 0.146727 -0.030164 0.703445 -3.578163 -10.712716 -0.729634 3.870079 -10.737187 -9.266432 -20.927469 7.314862 -50.421089 -47.648952 -7.135295 178.904556 -57.887825 -179.167038 4.751711 2.074676 -18.081007 -5.882102 9.861279 0.702588 -10.936859 -0.360575 7.156196 0.000001 8.774813 0.000000 -15.931567 18.243629 6.078862 -1.844032 2.498502 -2.507278 -10.163589 4.678940 4.621101 -20.975994 -0.000002 0.000002 -21.226254 2.451693 -3.593995 -0.000000 -0.000005 0.000001 -1.362680 2.240796 -0.746324 -21.334887 0.584911 3.008320 -13.821197 -0.000001 0.000002 -23.887135 -0.249077 -0.839483 -60.512276 2.218093 -1.823364 -0.294025 1.679686 0.833257 -14.218192 0.093215 1.300578 -34.212002 -0.287563 0.967168 -20.033178 0.964535 1.212842 -0.000000 0.000000 0.000000 -3.440384 0.788233 0.501658 -15.928167 -3.167304 2.999705 -6.338818 0.000000 0.000001 -18.123417 3.648177 -4.905663 -0.000006 -0.000000 -0.000002 16.453800 18.108206 8.088346 43.866219 36.396423 -19.490669 -179.918030 58.512505 -179.749420 1.939834 4.300331 -6.686509 2.243541 -5.255033 -3.180155 14.282878 -0.826591 6.952496 -0.000001 -12.690592 -0.000001 15.553829 -17.762169 2.875823 1.665665 -1.955919 -2.878296 4.727795 -4.170583 4.993917 11.020514 0.000003 0.000000 12.109032 -3.735710 -2.866779 0.000001 -0.000000 0.000001 1.291985 -1.928548 -1.498088 14.800114 0.567468 3.865603 14.242554 -1.341735 -6.660647 19.631941 0.143926 -0.648242 49.288433 -0.749610 -6.317800 0.353028 -1.511149 -0.031940 20.222771 3.684307 2.316628 18.787247 0.000005 0.000000 10.751610 -0.479868 1.397904 0.000001 0.000000 0.000000 3.273807 0.305947 -0.580110 21.486794 11.830364 2.266132 8.162917 0.000002 -0.000000 18.399055 -3.798978 -4.940568 0.000003 0.000000 -0.000000 5.294949 7.350011 2.867198 -0.060867 -1.140207 46.141449 -16.529999 8.386673 -31.394236 1.714093 -2.038227 -2.544607 0.000000 -0.000000 0.000002 -17.671194 8.654491 -33.703625 0.342451 0.525051 54.414005 15.450313 -1.841065 -15.841447 -1.450010 0.908348 -0.128231 0.000000 -0.000000 -0.000001 
-51.867790 87.792580 57.492794 4.685174 -2.516684 -6.189878 -3.691577 -0.191326 0.654530 -1.589794 -1.922256 -4.376575 -5.590762 -3.845479 5.065225 5.268636 0.069864 10.921582 -0.685056 -1.112776 -3.833921 2.227554 -1.992788 -5.222928 0.000077 -0.000022 0.000006 -0.008275 0.153633 -0.033711 0.708929 -3.568809 -10.719209 -0.737453 3.872841 -10.745214 -9.375313 -20.842184 7.414687 -50.076527 -47.648083 -7.274533 178.972168 -57.954174 -179.131317 4.772260 1.941723 -18.118118 -5.882100 9.861279 0.702590 -10.936859 -0.360577 7.156199 0.000001 8.774815 -0.000002 -15.971724 18.242132 6.004897 -1.844030 2.498502 -2.507277 -10.163589 4.678939 4.621103 -20.975996 -0.000004 0.000003 -21.226254 2.451693 -3.593992 -0.000000 -0.000006 0.000000 -1.362679 2.240797 -0.746320 -21.334890 0.584907 3.008322 -13.821197 -0.000002 0.000004 -23.887131 -0.249078 -0.839477 -60.457382 2.224334 -1.844528 -0.294023 1.679686 0.833255 -14.218192 0.093214 1.300578 -34.212006 -0.287564 0.967173 -20.033178 0.964535 1.212843 -0.000000 0.000002 -0.000000 -3.440386 0.788232 0.501653 -15.928169 -3.167308 2.999706 -6.338817 -0.000000 0.000001 -18.123415 3.648178 -4.905661 -0.000006 -0.000000 -0.000002 16.356640 18.141661 8.047630 43.620304 36.458752 -19.629898 -179.714706 58.796253 -179.517258 2.084657 4.349844 -6.454233 2.243539 -5.255032 -3.180155 14.282875 -0.826593 6.952497 -0.000002 -12.690591 0.000000 15.585253 -17.753578 2.882892 1.665664 -1.955920 -2.878297 4.727793 -4.170584 4.993918 11.020511 0.000004 -0.000001 12.109031 -3.735711 -2.866780 0.000001 -0.000000 0.000001 1.291984 -1.928548 -1.498088 14.800111 0.567468 3.865603 14.242553 -1.341734 -6.660647 19.631937 0.143926 -0.648243 49.344017 -0.770613 -6.295825 0.353029 -1.511150 -0.031940 20.222771 3.684306 2.316628 18.787245 0.000004 0.000000 10.751610 -0.479868 1.397904 0.000001 -0.000000 0.000000 3.273805 0.305946 -0.580110 21.486788 11.830362 2.266131 8.162918 0.000001 -0.000000 18.399054 -3.798979 -4.940566 0.000003 -0.000000 -0.000001 5.332362 7.277802 3.138621 -0.062784 -1.156922 45.888405 -16.576204 8.114762 -31.668859 1.711217 -2.034859 -2.363518 -0.000000 -0.000001 0.000002 -17.740215 8.612245 -33.718491 0.353068 0.516299 54.994587 15.326779 -1.916177 -16.380863 -1.449872 0.926629 -0.151330 0.000000 0.000000 -0.000001 
-52.076351 87.706894 57.637428 4.804764 -2.297998 -6.181580 -3.665057 -0.157266 0.578146 -1.580883 -1.912885 -4.420784 -5.578381 -3.786233 5.108237 5.086088 0.118354 10.875099 -0.716367 -1.068781 -3.835332 2.218461 -2.030692 -5.067511 0.000077 -0.000023 0.000006 -0.009310 0.150277 -0.034646 0.713153 -3.568070 -10.733399 -0.744187 3.874324 -10.761400 -9.456300 -20.774860 7.469437 -49.875957 -47.616360 -7.329547 179.078964 -57.996460 -179.145737 4.792002 1.789292 -17.973570 -5.882101 9.861278 0.702588 -10.936857 -0.360574 7.156193 0.000001 8.774811 -0.000001 -15.972140 18.232786 6.022289 -1.844032 2.498502 -2.507279 -10.163589 4.678939 4.621101 -20.975998 -0.000005 -0.000001 -21.226250 2.451691 -3.593993 -0.000000 -0.000006 0.000001 -1.362680 2.240797 -0.746320 -21.334887 0.584906 3.008319 -13.821198 -0.000002 0.000001 -23.887129 -0.249078 -0.839482 -60.416660 2.219994 -1.837517 -0.294025 1.679687 0.833255 -14.218190 0.093214 1.300580 -34.212006 -0.287566 0.967167 -20.033176 0.964533 1.212841 -0.000000 -0.000000 -0.000000 -3.440384 0.788231 0.501653 -15.928167 -3.167308 2.999702 -6.338818 -0.000001 0.000001 -18.123413 3.648175 -4.905662 -0.000006 0.000001 -0.000001 16.276501 18.188650 8.077077 43.283302 36.483494 -19.883951 -179.591385 59.117722 -179.363068 2.254387 4.499603 -6.008325 2.243539 -5.255032 -3.180155 14.282877 -0.826593 6.952496 -0.000001 -12.690586 -0.000000 15.615002 -17.754787 2.891202 1.665665 -1.955920 -2.878296 4.727795 -4.170583 4.993918 11.020510 0.000004 -0.000001 12.109034 -3.735708 -2.866778 0.000001 0.000000 0.000000 1.291985 -1.928548 -1.498088 14.800111 0.567469 3.865604 14.242554 -1.341735 -6.660647 19.631939 0.143925 -0.648243 49.324398 -0.770655 -6.287649 0.353029 -1.511148 -0.031940 20.222769 3.684305 2.316629 18.787245 0.000005 0.000000 10.751610 -0.479868 1.397904 0.000000 0.000000 0.000000 3.273804 0.305946 -0.580110 21.486788 11.830361 2.266131 8.162916 0.000002 -0.000000 18.399054 -3.798979 -4.940567 0.000003 0.000000 -0.000001 5.377677 7.133559 3.290003 -0.055376 -1.146603 45.663342 -16.611349 7.867110 -31.893082 1.706060 -2.024897 -2.220937 -0.000000 0.000001 0.000002 -17.742275 8.509888 -33.728939 0.353889 0.529560 55.392689 15.211874 -1.989897 -16.800150 -1.448608 0.945234 -0.173861 0.000000 -0.000000 -0.000001 
-52.238167 87.687378 57.757874 4.888167 -2.098943 -6.150220 -3.637753 -0.152958 0.492797 -1.563624 -1.873166 -4.448116 -5.525815 -3.724918 5.134706 4.900645 0.170960 10.822835 -0.731346 -1.088020 -3.837958 2.199501 -2.049098 -4.923628 0.000077 -0.000022 0.000006 -0.008649 0.150241 -0.036345 0.719870 -3.566666 -10.740020 -0.750232 3.867530 -10.774004 -9.530139 -20.703924 7.550902 -49.793961 -47.613983 -7.312582 179.219040 -58.014977 -179.227814 4.824540 1.609128 -17.693159 -5.882099 9.861279 0.702590 -10.936858 -0.360575 7.156197 0.000001 8.774815 -0.000001 -15.995812 18.225243 6.015152 -1.844032 2.498504 -2.507275 -10.163589 4.678941 4.621103 -20.975994 -0.000005 -0.000000 -21.226255 2.451690 -3.593996 -0.000000 -0.000005 0.000000 -1.362679 2.240796 -0.746322 -21.334894 0.584908 3.008320 -13.821198 -0.000003 0.000003 -23.887133 -0.249082 -0.839480 -60.484203 2.230405 -1.841265 -0.294024 1.679686 0.833255 -14.218192 0.093213 1.300577 -34.211998 -0.287568 0.967167 -20.033180 0.964534 1.212842 -0.000000 0.000000 0.000000 -3.440385 0.788232 0.501654 -15.928169 -3.167307 2.999703 -6.338814 -0.000002 0.000001 -18.123415 3.648175 -4.905663 -0.000005 0.000002 -0.000002 16.207012 18.204506 8.136498 42.997852 36.486725 -20.146585 -179.631149 59.379395 -179.344345 2.433512 4.664059 -5.637921 2.243540 -5.255032 -3.180155 14.282878 -0.826593 6.952495 -0.000004 -12.690590 0.000001 15.643932 -17.744381 2.890755 1.665665 -1.955920 -2.878296 4.727794 -4.170583 4.993918 11.020513 0.000003 -0.000001 12.109033 -3.735709 -2.866779 0.000001 -0.000000 0.000001 1.291984 -1.928548 -1.498088 14.800114 0.567469 3.865604 14.242553 -1.341734 -6.660648 19.631939 0.143927 -0.648241 49.309017 -0.779610 -6.265384 0.353027 -1.511150 -0.031940 20.222771 3.684308 2.316628 18.787245 0.000006 0.000000 10.751610 -0.479867 1.397904 0.000001 0.000000 0.000000 3.273804 0.305947 -0.580110 21.486790 11.830365 2.266131 8.162916 0.000002 0.000000 18.399050 -3.798978 -4.940567 0.000003 0.000000 -0.000001 5.400311 6.986064 3.447268 -0.048454 -1.145195 45.316360 -16.614918 7.703480 -32.037136 1.705144 -2.020611 -2.130932 0.000000 0.000000 0.000002 -17.735983 8.372955 -33.656216 0.355832 0.522730 55.537437 15.142757 -2.057431 -17.081343 -1.447381 0.952428 -0.196694 0.000000 -0.000000 -0.000001 
-52.448643 87.716301 57.842667 4.953464 -1.890849 -6.107370 -3.623006 -0.142672 0.410322 -1.548203 -1.845484 -4.478925 -5.479112 -3.677045 5.147511 4.753869 0.207132 10.788286 -0.749852 -1.084396 -3.844896 2.193290 -2.101759 -4.794551 0.000077 -0.000022 0.000006 -0.006557 0.159838 -0.038830 0.725245 -3.558599 -10.747419 -0.750383 3.874742 -10.775909 -9.572082 -20.619623 7.609677 -49.776150 -47.571262 -7.253873 179.340378 -58.024334 -179.260742 4.846736 1.440759 -17.407080 -5.882102 9.861277 0.702588 -10.936859 -0.360573 7.156196 0.000001 8.774811 0.000000 -15.994126 18.233898 6.047192 -1.844032 2.498502 -2.507275 -10.163589 4.678940 4.621105 -20.975996 -0.000002 -0.000000 -21.226254 2.451690 -3.593993 -0.000000 -0.000006 0.000000 -1.362679 2.240796 -0.746326 -21.334892 0.584909 3.008319 -13.821197 -0.000002 0.000001 -23.887133 -0.249080 -0.839480 -60.545498 2.254541 -1.834278 -0.294024 1.679686 0.833255 -14.218194 0.093214 1.300579 -34.212006 -0.287565 0.967169 -20.033176 0.964535 1.212841 -0.000000 0.000000 0.000000 -3.440386 0.788233 0.501655 -15.928167 -3.167306 2.999702 -6.338817 -0.000001 0.000001 -18.123413 3.648173 -4.905662 -0.000006 0.000001 -0.000002 16.172037 18.195217 8.189607 42.781178 36.445942 -20.383129 -179.679016 59.550598 -179.366745 2.557293 4.803017 -5.398543 2.243538 -5.255032 -3.180155 14.282878 -0.826596 6.952495 -0.000001 -12.690590 0.000002 15.716077 -17.748247 2.883072 1.665665 -1.955920 -2.878297 4.727792 -4.170584 4.993918 11.020513 0.000004 -0.000001 12.109030 -3.735708 -2.866780 0.000001 -0.000000 0.000000 1.291984 -1.928548 -1.498088 14.800109 0.567469 3.865602 14.242551 -1.341734 -6.660647 19.631939 0.143926 -0.648244 49.336563 -0.780326 -6.268019 0.353030 -1.511149 -0.031939 20.222771 3.684306 2.316628 18.787245 0.000004 -0.000000 10.751610 -0.479868 1.397903 -0.000000 0.000000 0.000000 3.273805 0.305947 -0.580110 21.486790 11.830362 2.266130 8.162919 0.000001 -0.000000 18.399050 -3.798980 -4.940566 0.000003 0.000000 -0.000001 5.435809 6.760271 3.583313 -0.040892 -1.143397 44.907654 -16.688747 7.588511 -32.056549 1.704209 -2.022471 -2.041121 -0.000000 -0.000002 0.000001 -17.668062 8.218896 -33.573704 0.364185 0.525453 55.604446 15.051772 -2.140813 -17.283657 -1.447370 0.955950 -0.221230 0.000000 -0.000000 -0.000001 
-52.608604 87.754753 57.948772 5.001257 -1.691271 -6.067162 -3.614711 -0.155421 0.324481 -1.532166 -1.810221 -4.506868 -5.423365 -3.632168 5.165550 4.620092 0.235919 10.764253 -0.752443 -1.104571 -3.848401 2.181083 -2.148794 -4.675990 0.000077 -0.000023 0.000006 -0.004563 0.163896 -0.040234 0.727247 -3.537470 -10.745594 -0.749017 3.881316 -10.775361 -9.618651 -20.527107 7.656307 -49.761757 -47.522480 -7.165593 179.426041 -58.009682 -179.315918 4.866995 1.324094 -17.079229 -5.882101 9.861278 0.702588 -10.936859 -0.360576 7.156198 0.000002 8.774814 -0.000002 -16.014900 18.230726 6.052046 -1.844032 2.498503 -2.507275 -10.163590 4.678938 4.621103 -20.975996 -0.000005 0.000002 -21.226255 2.451691 -3.593991 0.000000 -0.000006 -0.000000 -1.362680 2.240796 -0.746325 -21.334890 0.584907 3.008320 -13.821197 -0.000003 0.000004 -23.887133 -0.249078 -0.839478 -60.609177 2.292883 -1.836652 -0.294023 1.679686 0.833255 -14.218194 0.093213 1.300581 -34.211998 -0.287565 0.967174 -20.033178 0.964534 1.212844 -0.000000 0.000000 0.000000 -3.440385 0.788233 0.501654 -15.928167 -3.167308 2.999704 -6.338819 -0.000002 0.000001 -18.123411 3.648175 -4.905660 -0.000004 0.000001 -0.000001 16.156153 18.165991 8.272053 42.578720 36.410202 -20.561811 -179.656265 59.672478 -179.352921 2.646630 4.873160 -5.293447 2.243541 -5.255033 -3.180155 14.282878 -0.826593 6.952495 0.000000 -12.690590 -0.000001 15.768970 -17.742899 2.874996 1.665665 -1.955921 -2.878296 4.727794 -4.170584 4.993917 11.020513 0.000003 -0.000001 12.109033 -3.735710 -2.866780 0.000001 0.000001 0.000001 1.291984 -1.928548 -1.498088 14.800114 0.567467 3.865602 14.242554 -1.341735 -6.660649 19.631941 0.143925 -0.648243 49.364799 -0.780770 -6.256699 0.353030 -1.511149 -0.031940 20.222771 3.684306 2.316628 18.787247 0.000005 -0.000001 10.751612 -0.479867 1.397903 -0.000001 -0.000000 0.000000 3.273805 0.305947 -0.580110 21.486794 11.830364 2.266132 8.162916 0.000002 -0.000001 18.399054 -3.798979 -4.940568 0.000003 0.000000 -0.000001 5.441643 6.518259 3.779740 -0.027879 -1.126744 44.399601 -16.741875 7.521234 -32.153332 1.705761 -2.051156 -2.000441 -0.000000 0.000000 0.000001 -17.615433 8.052467 -33.441002 0.379005 0.525325 55.603455 14.995215 -2.197182 -17.548157 -1.447387 0.952096 -0.272729 0.000000 0.000000 -0.000001 
-52.738392 87.791695 58.025955 5.058716 -1.525764 -6.036167 -3.606465 -0.134529 0.243039 -1.532213 -1.815653 -4.550688 -5.400158 -3.580834 5.193116 4.516758 0.286618 10.752111 -0.759312 -1.093200 -3.846923 2.189751 -2.243720 -4.586234 0.000077 -0.000023 0.000006 -0.001946 0.177577 -0.040764 0.729492 -3.532740 -10.755553 -0.746304 3.892574 -10.779490 -9.682445 -20.426775 7.696988 -49.764706 -47.492229 -7.013376 179.445389 -58.009094 -179.282761 4.826815 1.218107 -16.861744 -5.882101 9.861278 0.702590 -10.936860 -0.360574 7.156197 0.000001 8.774813 -0.000002 -16.042097 18.243071 6.060309 -1.844031 2.498501 -2.507274 -10.163589 4.678939 4.621102 -20.975994 -0.000001 0.000002 -21.226254 2.451693 -3.593994 -0.000000 -0.000007 0.000001 -1.362679 2.240795 -0.746323 -21.334887 0.584909 3.008320 -13.821197 0.000000 0.000002 -23.887133 -0.249076 -0.839481 -60.673195 2.317041 -1.837094 -0.294026 1.679686 0.833255 -14.218190 0.093214 1.300581 -34.211998 -0.287562 0.967169 -20.033176 0.964536 1.212842 -0.000000 0.000001 -0.000000 -3.440385 0.788233 0.501658 -15.928165 -3.167305 2.999702 -6.338815 0.000000 0.000001 -18.123415 3.648177 -4.905662 -0.000006 0.000002 -0.000001 16.199795 18.152853 8.368962 42.362865 36.402531 -20.719013 -179.616180 59.779861 -179.336884 2.717219 4.920424 -5.249968 2.243540 -5.255031 -3.180155 14.282877 -0.826594 6.952496 -0.000000 -12.690590 0.000001 15.808830 -17.733334 2.874714 1.665665 -1.955919 -2.878297 4.727793 -4.170583 4.993918 11.020514 0.000002 -0.000000 12.109033 -3.735710 -2.866779 0.000000 -0.000000 0.000001 1.291982 -1.928547 -1.498088 14.800113 0.567467 3.865602 14.242553 -1.341734 -6.660647 19.631939 0.143925 -0.648244 49.377838 -0.778040 -6.241816 0.353030 -1.511149 -0.031940 20.222767 3.684304 2.316627 18.787247 0.000004 -0.000001 10.751612 -0.479868 1.397904 -0.000001 0.000000 0.000000 3.273805 0.305947 -0.580110 21.486790 11.830360 2.266130 8.162916 0.000001 -0.000000 18.399052 -3.798979 -4.940567 0.000003 0.000000 -0.000001 5.417033 6.315975 3.926628 -0.021918 -1.128914 44.001167 -16.788080 7.440846 -32.190086 1.704137 -2.056041 -1.954296 0.000000 -0.000000 0.000001 -17.583883 7.939465 -33.339649 0.371551 0.538848 55.607590 14.993323 -2.249372 -17.697081 -1.447435 0.951108 -0.309886 0.000000 0.000000 -0.000001 
-52.853756 87.809113 58.110325 5.112735 -1.391801 -6.011630 -3.599070 -0.151609 0.158182 -1.527375 -1.774062 -4.576679 -5.388841 -3.544553 5.229508 4.410516 0.348134 10.736352 -0.775548 -1.130437 -3.844726 2.211967 -2.308530 -4.519492 0.000077 -0.000022 0.000006 -0.001468 0.177506 -0.036380 0.730260 -3.533593 -10.755672 -0.745864 3.896434 -10.777053 -9.764973 -20.345396 7.761934 -49.692455 -47.456223 -6.887494 179.341904 -57.981335 -179.162811 4.766219 1.122191 -16.677519 -5.882101 9.861278 0.702588 -10.936859 -0.360574 7.156198 0.000001 8.774814 -0.000001 -16.054907 18.255726 6.060396 -1.844031 2.498503 -2.507275 -10.163589 4.678939 4.621102 -20.975994 -0.000003 -0.000000 -21.226250 2.451693 -3.593995 -0.000000 -0.000006 0.000000 -1.362680 2.240797 -0.746323 -21.334887 0.584908 3.008319 -13.821197 -0.000004 0.000001 -23.887131 -0.249079 -0.839482 -60.723782 2.348310 -1.833004 -0.294025 1.679686 0.833255 -14.218190 0.093214 1.300577 -34.211998 -0.287564 0.967169 -20.033176 0.964534 1.212842 -0.000000 0.000001 0.000000 -3.440385 0.788233 0.501652 -15.928167 -3.167306 2.999704 -6.338817 -0.000001 0.000001 -18.123415 3.648177 -4.905663 -0.000005 0.000003 -0.000000 16.205038 18.143063 8.441832 42.223095 36.411392 -20.771599 -179.520630 59.886909 -179.259613 2.773681 4.989602 -5.196241 2.243540 -5.255032 -3.180155 14.282877 -0.826596 6.952496 -0.000001 -12.690590 0.000000 15.890285 -17.747751 2.869607 1.665666 -1.955919 -2.878296 4.727792 -4.170584 4.993918 11.020513 0.000003 -0.000000 12.109031 -3.735711 -2.866780 0.000001 -0.000000 0.000001 1.291983 -1.928548 -1.498088 14.800111 0.567468 3.865603 14.242553 -1.341735 -6.660649 19.631935 0.143926 -0.648243 49.422401 -0.793909 -6.211998 0.353029 -1.511149 -0.031940 20.222769 3.684306 2.316628 18.787245 0.000003 0.000000 10.751610 -0.479869 1.397904 -0.000001 0.000000 0.000000 3.273805 0.305947 -0.580110 21.486790 11.830361 2.266130 8.162916 0.000001 -0.000000 18.399052 -3.798979 -4.940566 0.000003 0.000000 -0.000001 5.371282 6.095643 4.082707 -0.016348 -1.121723 43.625874 -16.818886 7.422780 -32.293633 1.705370 -2.063329 -1.918662 -0.000000 0.000000 0.000002 -17.569031 7.817795 -33.270214 0.376279 0.534194 55.664719 14.978108 -2.265291 -17.842587 -1.446851 0.940822 -0.331657 0.000000 0.000000 -0.000001 
-52.947174 87.805656 58.159401 5.177144 -1.316495 -6.009009 -3.585070 -0.111059 0.103813 -1.529493 -1.785384 -4.617659 -5.407233 -3.490947 5.270137 4.322324 0.418332 10.725305 -0.796567 -1.140345 -3.838965 2.218385 -2.407365 -4.477505 0.000077 -0.000022 0.000006 -0.000743 0.193826 -0.032007 0.730817 -3.520278 -10.749081 -0.745686 3.908649 -10.774456 -9.856687 -20.244448 7.820644 -49.691231 -47.468254 -6.695849 179.191620 -58.021267 -179.032669 4.730364 1.012276 -16.555433 -5.882099 9.861277 0.702590 -10.936857 -0.360575 7.156197 0.000001 8.774811 0.000000 -16.066114 18.208185 6.036243 -1.844030 2.498503 -2.507275 -10.163587 4.678940 4.621106 -20.975994 -0.000002 0.000002 -21.226250 2.451692 -3.593992 -0.000000 -0.000006 0.000000 -1.362679 2.240796 -0.746321 -21.334888 0.584908 3.008320 -13.821197 -0.000001 0.000002 -23.887125 -0.249078 -0.839481 -60.730583 2.321625 -1.847410 -0.294025 1.679686 0.833256 -14.218189 0.093215 1.300579 -34.211998 -0.287563 0.967169 -20.033175 0.964536 1.212839 -0.000000 0.000000 0.000000 -3.440385 0.788233 0.501655 -15.928163 -3.167306 2.999701 -6.338818 -0.000000 0.000002 -18.123413 3.648177 -4.905659 -0.000006 0.000002 -0.000002 16.225672 18.169308 8.485878 42.050751 36.403252 -20.837605 -179.499130 59.982281 -179.313751 2.830939 5.005976 -5.087703 2.243539 -5.255031 -3.180155 14.282878 -0.826592 6.952497 -0.000001 -12.690585 0.000001 15.903283 -17.737619 2.880818 1.665664 -1.955919 -2.878297 4.727795 -4.170583 4.993920 11.020514 0.000004 0.000000 12.109033 -3.735708 -2.866778 0.000002 0.000001 0.000000 1.291984 -1.928547 -1.498088 14.800114 0.567467 3.865604 14.242554 -1.341733 -6.660647 19.631939 0.143926 -0.648242 49.466602 -0.806659 -6.190040 0.353029 -1.511149 -0.031940 20.222773 3.684305 2.316628 18.787245 0.000005 0.000001 10.751613 -0.479868 1.397904 -0.000000 0.000000 0.000000 3.273804 0.305947 -0.580110 21.486794 11.830360 2.266131 8.162917 0.000001 0.000000 18.399054 -3.798979 -4.940566 0.000002 -0.000000 -0.000001 5.321756 5.955579 4.186854 -0.010322 -1.118392 43.405952 -16.810102 7.387379 -32.362076 1.704084 -2.077410 -1.874522 0.000000 0.000000 0.000002 -17.575607 7.743896 -33.257965 0.373319 0.533924 55.770794 14.977921 -2.227189 -17.864601 -1.447590 0.937008 -0.297065 0.000000 0.000000 -0.000001 
-53.026188 87.794212 58.245659 5.228598 -1.259373 -6.017506 -3.571794 -0.117691 0.049770 -1.522147 -1.751536 -4.640975 -5.425528 -3.455899 5.317343 4.239503 0.497379 10.728374 -0.819397 -1.201017 -3.832029 2.218882 -2.468982 -4.475994 0.000077 -0.000022 0.000006 -0.001794 0.200658 -0.026745 0.728315 -3.515618 -10.749817 -0.745595 3.913491 -10.778254 -9.946305 -20.165298 7.913201 -49.607540 -47.514641 -6.608548 179.015152 -58.083767 -178.951675 4.733352 0.903465 -16.462643 -5.882099 9.861277 0.702590 -10.936859 -0.360575 7.156199 -0.000000 8.774813 -0.000003 -16.065321 18.176512 5.997334 -1.844031 2.498503 -2.507275 -10.163591 4.678939 4.621106 -20.976000 -0.000002 0.000004 -21.226255 2.451695 -3.593993 -0.000000 -0.000007 0.000001 -1.362681 2.240797 -0.746321 -21.334892 0.584910 3.008322 -13.821197 -0.000001 0.000004 -23.887135 -0.249074 -0.839479 -60.735138 2.323377 -1.846650 -0.294025 1.679686 0.833255 -14.218190 0.093215 1.300582 -34.212006 -0.287559 0.967172 -20.033180 0.964538 1.212841 -0.000000 0.000001 0.000000 -3.440385 0.788233 0.501655 -15.928167 -3.167306 2.999704 -6.338819 0.000001 0.000003 -18.123413 3.648179 -4.905661 -0.000005 0.000002 -0.000002 16.221869 18.193981 8.519549 41.870037 36.434132 -20.989202 -179.551163 60.155514 -179.392944 2.898566 5.046259 -5.075327 2.243538 -5.255033 -3.180155 14.282873 -0.826593 6.952495 -0.000001 -12.690592 -0.000001 15.862474 -17.746256 2.917361 1.665665 -1.955919 -2.878297 4.727793 -4.170582 4.993918 11.020512 0.000003 -0.000001 12.109031 -3.735709 -2.866779 0.000001 -0.000001 0.000000 1.291985 -1.928547 -1.498088 14.800111 0.567468 3.865604 14.242553 -1.341734 -6.660649 19.631937 0.143926 -0.648243 49.467361 -0.823545 -6.172689 0.353028 -1.511150 -0.031940 20.222771 3.684306 2.316628 18.787243 0.000004 -0.000000 10.751609 -0.479868 1.397904 -0.000001 0.000000 0.000000 3.273804 0.305947 -0.580110 21.486794 11.830361 2.266131 8.162916 0.000001 -0.000000 18.399052 -3.798978 -4.940567 0.000003 0.000000 -0.000001 5.294597 5.851787 4.340443 -0.010544 -1.122311 43.180748 -16.783001 7.323015 -32.435356 1.707318 -2.087981 -1.837916 -0.000000 -0.000002 0.000002 -17.581451 7.658511 -33.224453 0.379685 0.520369 55.897179 14.961125 -2.176264 -18.021177 -1.448123 0.930923 -0.262820 -0.000000 -0.000000 -0.000001 
-53.068775 87.765160 58.277557 5.275583 -1.201304 -6.045874 -3.555367 -0.104975 0.015233 -1.519307 -1.733813 -4.663988 -5.447508 -3.431489 5.365472 4.163361 0.551695 10.737856 -0.850908 -1.230826 -3.823543 2.216752 -2.533073 -4.483329 0.000077 -0.000023 0.000006 -0.001409 0.204916 -0.027718 0.726253 -3.511002 -10.751253 -0.742456 3.923417 -10.777355 -10.051675 -20.089025 7.984967 -49.585335 -47.531036 -6.535301 179.021286 -58.156113 -178.979034 4.761512 0.762361 -16.434938 -5.882102 9.861279 0.702591 -10.936862 -0.360574 7.156199 -0.000000 8.774815 -0.000002 -16.026932 18.132412 5.986374 -1.844031 2.498502 -2.507276 -10.163592 4.678940 4.621102 -20.975994 -0.000004 0.000002 -21.226255 2.451692 -3.593992 -0.000000 -0.000006 0.000000 -1.362681 2.240797 -0.746325 -21.334892 0.584908 3.008321 -13.821197 -0.000002 0.000002 -23.887131 -0.249076 -0.839481 -60.720501 2.305071 -1.847939 -0.294024 1.679685 0.833254 -14.218195 0.093215 1.300581 -34.212006 -0.287563 0.967170 -20.033180 0.964535 1.212841 -0.000000 0.000000 0.000000 -3.440386 0.788232 0.501657 -15.928169 -3.167307 2.999706 -6.338819 -0.000001 0.000002 -18.123415 3.648175 -4.905660 -0.000006 0.000002 -0.000002 16.223406 18.226246 8.539939 41.675037 36.474197 -21.218361 -179.773010 60.374916 -179.613510 2.923063 5.107153 -5.107225 2.243540 -5.255033 -3.180155 14.282878 -0.826592 6.952496 -0.000001 -12.690591 -0.000001 15.822149 -17.723343 2.935730 1.665664 -1.955920 -2.878296 4.727794 -4.170583 4.993918 11.020514 0.000004 -0.000000 12.109034 -3.735709 -2.866779 0.000001 -0.000000 0.000001 1.291983 -1.928548 -1.498088 14.800114 0.567468 3.865603 14.242553 -1.341735 -6.660648 19.631939 0.143926 -0.648243 49.486103 -0.822945 -6.165044 0.353028 -1.511150 -0.031940 20.222769 3.684307 2.316628 18.787247 0.000004 -0.000000 10.751612 -0.479867 1.397904 -0.000000 0.000000 0.000000 3.273804 0.305947 -0.580110 21.486795 11.830363 2.266131 8.162917 0.000002 -0.000001 18.399054 -3.798979 -4.940567 0.000003 0.000000 -0.000001 5.273157 5.798294 4.397395 -0.011965 -1.127774 43.147209 -16.765255 7.259982 -32.488583 1.707811 -2.103664 -1.783020 -0.000000 -0.000001 0.000002 -17.611656 7.589052 -33.212894 0.379217 0.507476 56.023624 14.956990 -2.096883 -18.109625 -1.449720 0.928315 -0.213941 -0.000000 -0.000000 -0.000001 
-53.052979 87.727203 58.297028 5.307357 -1.169590 -6.058754 -3.533559 -0.111171 -0.030704 -1.518386 -1.722293 -4.669790 -5.455287 -3.408025 5.398381 4.091923 0.605483 10.764390 -0.867445 -1.306165 -3.801914 2.185529 -2.574191 -4.503180 0.000077 -0.000022 0.000006 -0.001758 0.211788 -0.026095 0.722552 -3.495702 -10.739527 -0.739765 3.927799 -10.769510 -10.155713 -20.034040 8.045769 -49.527626 -47.539703 -6.541716 179.028427 -58.232754 -179.009674 4.777300 0.656580 -16.503359 -5.882101 9.861279 0.702591 -10.936860 -0.360574 7.156198 -0.000001 8.774814 -0.000002 -16.017487 18.138365 5.968992 -1.844030 2.498503 -2.507276 -10.163590 4.678941 4.621106 -20.975992 -0.000002 0.000002 -21.226248 2.451694 -3.593991 -0.000001 -0.000007 0.000000 -1.362680 2.240797 -0.746323 -21.334887 0.584908 3.008323 -13.821198 -0.000002 0.000005 -23.887129 -0.249076 -0.839478 -60.710617 2.288434 -1.823051 -0.294023 1.679686 0.833257 -14.218195 0.093216 1.300581 -34.212002 -0.287562 0.967171 -20.033180 0.964537 1.212842 -0.000000 0.000001 0.000001 -3.440385 0.788232 0.501657 -15.928169 -3.167307 2.999706 -6.338817 0.000000 0.000002 -18.123415 3.648178 -4.905658 -0.000005 0.000003 -0.000001 16.221018 18.265882 8.567189 41.496487 36.494087 -21.385782 -179.931793 60.580853 -179.730621 2.907105 5.190833 -5.076683 2.243541 -5.255033 -3.180155 14.282875 -0.826593 6.952494 -0.000001 -12.690590 -0.000001 15.776752 -17.725750 2.943306 1.665664 -1.955920 -2.878296 4.727795 -4.170583 4.993918 11.020512 0.000004 -0.000002 12.109029 -3.735710 -2.866780 0.000001 -0.000000 0.000001 1.291983 -1.928548 -1.498088 14.800114 0.567468 3.865603 14.242554 -1.341734 -6.660648 19.631939 0.143926 -0.648244 49.490131 -0.799343 -6.161745 0.353028 -1.511150 -0.031940 20.222767 3.684305 2.316627 18.787245 0.000005 -0.000001 10.751611 -0.479867 1.397903 -0.000001 0.000000 0.000000 3.273805 0.305946 -0.580110 21.486790 11.830361 2.266130 8.162915 0.000002 -0.000000 18.399052 -3.798978 -4.940568 0.000002 0.000000 -0.000001 5.231929 5.785668 4.406921 -0.013551 -1.132390 43.179482 -16.717743 7.208567 -32.596050 1.708367 -2.107377 -1.737234 -0.000000 0.000000 0.000002 -17.667259 7.499753 -33.229946 0.372362 0.494770 56.130428 14.970193 -2.011664 -18.179922 -1.451485 0.924569 -0.172357 -0.000000 0.000000 -0.000001 
-53.007572 87.697342 58.288704 5.331151 -1.155689 -6.056600 -3.513293 -0.112401 -0.073591 -1.510650 -1.715921 -4.684220 -5.460643 -3.393569 5.438197 4.032524 0.638817 10.792879 -0.898172 -1.356088 -3.781893 2.173346 -2.614006 -4.524817 0.000077 -0.000022 0.000006 -0.001268 0.218627 -0.026178 0.721590 -3.488557 -10.727688 -0.737969 3.930249 -10.765599 -10.232385 -20.009483 8.110095 -49.454391 -47.550404 -6.617823 179.103180 -58.317810 -179.068176 4.784551 0.574630 -16.578844 -5.882101 9.861276 0.702589 -10.936858 -0.360574 7.156196 0.000001 8.774810 -0.000002 -16.012239 18.166912 5.972330 -1.844031 2.498502 -2.507275 -10.163591 4.678940 4.621104 -20.975994 -0.000001 0.000000 -21.226255 2.451695 -3.593995 0.000000 -0.000006 -0.000001 -1.362680 2.240797 -0.746322 -21.334892 0.584910 3.008320 -13.821197 -0.000000 0.000001 -23.887129 -0.249077 -0.839483 -60.700249 2.285747 -1.810251 -0.294025 1.679686 0.833256 -14.218192 0.093215 1.300579 -34.212002 -0.287561 0.967166 -20.033180 0.964536 1.212839 0.000000 0.000001 0.000000 -3.440385 0.788232 0.501655 -15.928169 -3.167303 2.999704 -6.338819 0.000000 0.000001 -18.123413 3.648177 -4.905659 -0.000006 0.000002 -0.000000 16.231176 18.298460 8.584066 41.319317 36.528702 -21.466944 -179.979584 60.781597 -179.759293 2.859866 5.260749 -4.958111 2.243539 -5.255033 -3.180155 14.282878 -0.826594 6.952496 -0.000003 -12.690591 -0.000001 15.728806 -17.737984 2.950394 1.665663 -1.955920 -2.878296 4.727792 -4.170584 4.993918 11.020514 0.000003 0.000000 12.109031 -3.735709 -2.866778 0.000000 -0.000000 0.000001 1.291985 -1.928548 -1.498088 14.800114 0.567468 3.865604 14.242553 -1.341735 -6.660646 19.631941 0.143924 -0.648242 49.474075 -0.791701 -6.154759 0.353029 -1.511149 -0.031940 20.222773 3.684306 2.316630 18.787249 0.000004 0.000001 10.751612 -0.479868 1.397904 -0.000000 0.000000 0.000000 3.273804 0.305947 -0.580110 21.486794 11.830361 2.266132 8.162917 0.000002 -0.000000 18.399055 -3.798979 -4.940567 0.000003 0.000000 -0.000001 5.183486 5.802266 4.361556 -0.019390 -1.134037 43.263077 -16.677586 7.101454 -32.687954 1.708322 -2.109473 -1.697844 0.000000 -0.000000 0.000001 -17.739408 7.416523 -33.266850 0.378610 0.484647 56.186974 14.972609 -1.914416 -18.194351 -1.452946 0.916561 -0.157290 -0.000000 0.000000 -0.000001 
-52.950745 87.682793 58.280327 5.359208 -1.156629 -6.051669 -3.499998 -0.110873 -0.110083 -1.506001 -1.713236 -4.699327 -5.448897 -3.382647 5.463580 3.976363 0.646198 10.856773 -0.913118 -1.371575 -3.771405 2.161659 -2.712094 -4.531078 0.000077 -0.000022 0.000006 -0.001410 0.223820 -0.024626 0.721663 -3.486103 -10.717045 -0.738105 3.929677 -10.753398 -10.303415 -19.974173 8.189164 -49.401924 -47.553104 -6.710924 179.231949 -58.373512 -179.156433 4.794621 0.513926 -16.700340 -5.882103 9.861279 0.702590 -10.936858 -0.360574 7.156196 -0.000001 8.774813 -0.000002 -16.032141 18.196007 5.960810 -1.844031 2.498502 -2.507276 -10.163590 4.678940 4.621103 -20.976000 -0.000003 -0.000000 -21.226255 2.451694 -3.593995 -0.000000 -0.000007 0.000001 -1.362679 2.240796 -0.746322 -21.334892 0.584911 3.008321 -13.821195 -0.000001 0.000003 -23.887133 -0.249077 -0.839481 -60.674828 2.258332 -1.784500 -0.294026 1.679687 0.833254 -14.218194 0.093215 1.300578 -34.212006 -0.287561 0.967168 -20.033180 0.964536 1.212839 0.000000 0.000002 0.000000 -3.440385 0.788232 0.501654 -15.928165 -3.167305 2.999703 -6.338820 -0.000000 0.000002 -18.123415 3.648178 -4.905663 -0.000006 0.000003 -0.000000 16.244799 18.297350 8.607318 41.157276 36.568161 -21.542467 179.875870 60.967152 -179.884354 2.776407 5.327576 -4.782879 2.243539 -5.255033 -3.180155 14.282878 -0.826593 6.952496 -0.000001 -12.690592 -0.000001 15.780597 -17.728752 2.923112 1.665665 -1.955920 -2.878296 4.727794 -4.170584 4.993917 11.020513 0.000003 -0.000000 12.109032 -3.735709 -2.866779 0.000000 -0.000000 0.000001 1.291985 -1.928548 -1.498088 14.800114 0.567467 3.865604 14.242553 -1.341735 -6.660648 19.631939 0.143925 -0.648242 49.480690 -0.755868 -6.151992 0.353030 -1.511149 -0.031940 20.222771 3.684306 2.316629 18.787247 0.000004 0.000000 10.751612 -0.479867 1.397905 -0.000001 0.000000 0.000000 3.273803 0.305947 -0.580110 21.486794 11.830363 2.266132 8.162917 0.000002 -0.000000 18.399055 -3.798979 -4.940568 0.000003 0.000000 -0.000001 5.110708 5.819710 4.317996 -0.019604 -1.139911 43.339699 -16.603586 6.993710 -32.721958 1.706707 -2.111769 -1.648469 -0.000000 -0.000002 0.000001 -17.814030 7.347968 -33.288879 0.380942 0.487583 56.198582 14.980296 -1.818322 -18.169334 -1.453120 0.915115 -0.149369 0.000000 0.000000 -0.000001 
-52.805649 87.663284 58.171738 5.384506 -1.170622 -6.052582 -3.494545 -0.115041 -0.139873 -1.498733 -1.718662 -4.691085 -5.418631 -3.378117 5.480198 3.947515 0.638696 10.916987 -0.927964 -1.389092 -3.761317 2.137923 -2.769918 -4.543114 0.000077 -0.000022 0.000006 -0.001792 0.214339 -0.023665 0.722054 -3.484371 -10.718661 -0.739145 3.922571 -10.750051 -10.369786 -19.964464 8.268927 -49.297180 -47.565701 -6.903449 179.477264 -58.466354 -179.358521 4.840373 0.454167 -16.875704 -5.882101 9.861279 0.702588 -10.936861 -0.360575 7.156197 -0.000001 8.774813 -0.000001 -16.035196 18.207821 5.959166 -1.844031 2.498502 -2.507276 -10.163589 4.678941 4.621104 -20.975998 -0.000003 0.000002 -21.226254 2.451694 -3.593992 0.000000 -0.000006 -0.000001 -1.362681 2.240796 -0.746322 -21.334896 0.584909 3.008322 -13.821198 -0.000001 0.000004 -23.887136 -0.249077 -0.839481 -60.659584 2.254913 -1.795361 -0.294025 1.679686 0.833255 -14.218194 0.093214 1.300581 -34.211998 -0.287563 0.967168 -20.033178 0.964537 1.212841 -0.000000 0.000001 0.000001 -3.440385 0.788233 0.501657 -15.928165 -3.167306 2.999704 -6.338818 0.000001 0.000003 -18.123415 3.648176 -4.905662 -0.000006 0.000002 -0.000002 16.245611 18.299055 8.654604 40.982346 36.610508 -21.625576 179.820450 61.113171 -179.917419 2.728879 5.364170 -4.539765 2.243541 -5.255033 -3.180155 14.282879 -0.826594 6.952496 -0.000001 -12.690587 -0.000002 15.789259 -17.720171 2.883640 1.665665 -1.955920 -2.878296 4.727794 -4.170582 4.993917 11.020515 0.000003 -0.000000 12.109034 -3.735709 -2.866778 0.000001 0.000001 0.000000 1.291984 -1.928548 -1.498087 14.800114 0.567467 3.865603 14.242556 -1.341735 -6.660646 19.631945 0.143924 -0.648242 49.442268 -0.725375 -6.160008 0.353029 -1.511149 -0.031940 20.222773 3.684305 2.316629 18.787251 0.000004 0.000000 10.751614 -0.479868 1.397904 -0.000001 -0.000000 0.000000 3.273807 0.305947 -0.580110 21.486794 11.830360 2.266132 8.162917 0.000001 -0.000000 18.399059 -3.798979 -4.940568 0.000003 0.000000 -0.000001 4.980869 5.871002 4.168013 -0.026887 -1.132419 43.507690 -16.471989 6.932062 -32.876606 1.704332 -2.114398 -1.599877 0.000000 -0.000000 0.000002 -17.957018 7.297874 -33.350571 0.375428 0.487068 56.131283 15.096174 -1.733530 -18.015493 -1.453325 0.915162 -0.124006 -0.000000 -0.000000 -0.000001 
-52.718712 87.670929 58.125938 5.412691 -1.193373 -6.054681 -3.503074 -0.121148 -0.170254 -1.481488 -1.708778 -4.693143 -5.378566 -3.378221 5.505808 3.917045 0.647917 10.991799 -0.932356 -1.418141 -3.764652 2.126587 -2.839378 -4.520067 0.000077 -0.000022 0.000006 -0.003251 0.207493 -0.022232 0.723761 -3.493462 -10.714795 -0.742753 3.910811 -10.748940 -10.421090 -19.909443 8.339664 -49.266186 -47.599445 -6.985352 179.709274 -58.532875 -179.487869 4.875478 0.422498 -17.190651 -5.882100 9.861278 0.702592 -10.936858 -0.360575 7.156197 -0.000001 8.774815 -0.000000 -16.033325 18.218773 5.939493 -1.844030 2.498502 -2.507277 -10.163589 4.678940 4.621105 -20.975994 -0.000005 0.000002 -21.226254 2.451692 -3.593992 -0.000000 -0.000006 0.000000 -1.362681 2.240796 -0.746321 -21.334890 0.584909 3.008322 -13.821197 -0.000001 0.000003 -23.887131 -0.249079 -0.839481 -60.632107 2.263496 -1.801237 -0.294025 1.679686 0.833255 -14.218192 0.093215 1.300578 -34.211998 -0.287565 0.967170 -20.033178 0.964532 1.212842 -0.000000 -0.000001 0.000001 -3.440384 0.788232 0.501656 -15.928167 -3.167305 2.999705 -6.338817 -0.000000 0.000002 -18.123415 3.648176 -4.905661 -0.000005 0.000002 -0.000002 16.245733 18.275669 8.718343 40.770439 36.647022 -21.694220 179.808762 61.245033 -179.964951 2.658316 5.428172 -4.260726 2.243541 -5.255032 -3.180155 14.282877 -0.826594 6.952496 -0.000002 -12.690588 0.000001 15.818606 -17.732109 2.870575 1.665663 -1.955920 -2.878297 4.727793 -4.170584 4.993919 11.020510 0.000004 -0.000001 12.109032 -3.735709 -2.866779 0.000001 -0.000000 0.000001 1.291983 -1.928548 -1.498088 14.800111 0.567468 3.865602 14.242553 -1.341733 -6.660648 19.631937 0.143926 -0.648244 49.428986 -0.718798 -6.152249 0.353030 -1.511149 -0.031939 20.222767 3.684306 2.316628 18.787245 0.000004 -0.000001 10.751609 -0.479867 1.397904 -0.000000 0.000000 0.000000 3.273805 0.305946 -0.580110 21.486792 11.830361 2.266130 8.162916 0.000001 -0.000000 18.399052 -3.798979 -4.940567 0.000003 0.000000 -0.000001 4.865040 5.876959 4.131616 -0.018360 -1.124988 43.519848 -16.390594 6.895309 -32.934597 1.702343 -2.109634 -1.568424 -0.000000 -0.000001 0.000002 -18.053841 7.284163 -33.357101 0.379256 0.486284 56.051575 15.156599 -1.708725 -17.941666 -1.452800 0.908710 -0.065673 -0.000000 0.000000 -0.000001 
-52.654190 87.677643 58.119087 5.432742 -1.177104 -6.041850 -3.501945 -0.121897 -0.194140 -1.469024 -1.719212 -4.695061 -5.340226 -3.376756 5.522354 3.918257 0.642584 11.053835 -0.949092 -1.436975 -3.770587 2.111876 -2.915421 -4.502996 0.000077 -0.000022 0.000006 -0.003610 0.197953 -0.021154 0.722242 -3.497711 -10.718542 -0.742704 3.909490 -10.749628 -10.465578 -19.878630 8.380833 -49.204868 -47.628414 -7.096192 179.961487 -58.611580 -179.680008 4.907459 0.386841 -17.438702 -5.882102 9.861278 0.702590 -10.936858 -0.360574 7.156195 -0.000001 8.774815 -0.000000 -16.038357 18.223682 5.920599 -1.844031 2.498503 -2.507275 -10.163589 4.678940 4.621105 -20.975994 -0.000004 0.000002 -21.226255 2.451691 -3.593994 -0.000000 -0.000008 0.000000 -1.362681 2.240797 -0.746324 -21.334887 0.584908 3.008319 -13.821197 -0.000002 0.000002 -23.887133 -0.249079 -0.839481 -60.568893 2.276024 -1.793271 -0.294025 1.679687 0.833259 -14.218190 0.093215 1.300580 -34.212002 -0.287563 0.967170 -20.033178 0.964536 1.212841 -0.000000 -0.000001 0.000000 -3.440386 0.788233 0.501654 -15.928167 -3.167306 2.999705 -6.338816 -0.000001 0.000001 -18.123413 3.648175 -4.905661 -0.000005 0.000001 -0.000002 16.235865 18.222229 8.761660 40.616478 36.671200 -21.721394 179.676056 61.326550 179.964401 2.577212 5.499885 -3.978559 2.243540 -5.255032 -3.180156 14.282877 -0.826592 6.952496 -0.000003 -12.690592 0.000001 15.870741 -17.730587 2.847687 1.665666 -1.955920 -2.878297 4.727793 -4.170583 4.993918 11.020509 0.000004 -0.000001 12.109035 -3.735709 -2.866780 0.000002 -0.000001 0.000001 1.291985 -1.928548 -1.498088 14.800109 0.567468 3.865602 14.242550 -1.341734 -6.660651 19.631937 0.143927 -0.648244 49.390953 -0.729488 -6.154318 0.353029 -1.511149 -0.031940 20.222767 3.684307 2.316627 18.787245 0.000005 -0.000001 10.751612 -0.479868 1.397904 -0.000000 0.000000 -0.000000 3.273804 0.305947 -0.580110 21.486792 11.830363 2.266129 8.162915 0.000002 -0.000000 18.399048 -3.798977 -4.940566 0.000003 0.000000 -0.000001 4.774203 5.844946 4.108243 -0.016626 -1.119720 43.515114 -16.337751 6.896966 -32.970242 1.702386 -2.112902 -1.544289 -0.000000 -0.000001 0.000002 -18.130472 7.285516 -33.346268 0.385423 0.487820 56.001667 15.220393 -1.708504 -17.947250 -1.452188 0.911742 -0.013429 -0.000000 -0.000000 -0.000001 
-52.588070 87.683456 58.076340 5.444162 -1.162363 -6.034256 -3.490873 -0.104150 -0.203758 -1.457279 -1.741454 -4.698514 -5.309276 -3.381728 5.523605 3.930748 0.646601 11.138132 -0.958676 -1.451807 -3.775197 2.101646 -3.002925 -4.493926 0.000077 -0.000022 0.000006 -0.004288 0.206711 -0.016027 0.721487 -3.493754 -10.716352 -0.743097 3.905986 -10.740976 -10.481941 -19.829985 8.418107 -49.202793 -47.682625 -7.092606 -179.920990 -58.674259 -179.804214 4.951064 0.367753 -17.630491 -5.882099 9.861276 0.702588 -10.936858 -0.360574 7.156199 0.000000 8.774814 0.000000 -16.028748 18.189253 5.910435 -1.844030 2.498502 -2.507274 -10.163587 4.678939 4.621104 -20.975992 -0.000005 0.000002 -21.226248 2.451690 -3.593991 -0.000000 -0.000006 -0.000001 -1.362680 2.240797 -0.746323 -21.334888 0.584908 3.008320 -13.821197 -0.000003 0.000002 -23.887129 -0.249080 -0.839482 -60.574089 2.259545 -1.779239 -0.294026 1.679686 0.833255 -14.218192 0.093213 1.300579 -34.211998 -0.287564 0.967169 -20.033176 0.964534 1.212842 -0.000000 0.000001 0.000000 -3.440385 0.788232 0.501655 -15.928165 -3.167306 2.999703 -6.338818 -0.000000 0.000000 -18.123411 3.648175 -4.905659 -0.000005 0.000002 -0.000000 16.201153 18.175917 8.774361 40.453171 36.669521 -21.780472 179.560287 61.403957 179.853729 2.457919 5.570424 -3.705526 2.243539 -5.255033 -3.180155 14.282873 -0.826593 6.952494 -0.000001 -12.690590 -0.000000 15.874253 -17.748192 2.843014 1.665666 -1.955920 -2.878297 4.727793 -4.170584 4.993918 11.020510 0.000002 -0.000002 12.109029 -3.735711 -2.866781 0.000002 -0.000002 0.000000 1.291983 -1.928548 -1.498088 14.800111 0.567468 3.865602 14.242553 -1.341735 -6.660651 19.631937 0.143926 -0.648245 49.385357 -0.754381 -6.154891 0.353028 -1.511148 -0.031940 20.222767 3.684306 2.316627 18.787245 0.000004 -0.000001 10.751610 -0.479868 1.397903 -0.000000 0.000001 -0.000000 3.273804 0.305947 -0.580110 21.486788 11.830362 2.266129 8.162916 0.000001 -0.000000 18.399048 -3.798979 -4.940568 0.000003 -0.000000 -0.000001 4.628660 5.840246 4.040194 -0.020708 -1.116810 43.574081 -16.227871 6.932121 -33.066185 1.702308 -2.121185 -1.505708 -0.000000 0.000000 0.000002 -18.203175 7.305960 -33.396240 0.373560 0.473220 55.935528 15.266931 -1.689056 -17.867577 -1.451482 0.919150 0.023066 0.000000 0.000000 -0.000001 
-52.556801 87.684387 58.085258 5.444156 -1.134848 -6.003149 -3.483239 -0.131976 -0.220641 -1.447004 -1.729432 -4.707257 -5.265493 -3.406849 5.526500 3.936106 0.634263 11.214568 -0.963026 -1.469490 -3.776834 2.101378 -3.040491 -4.492892 0.000077 -0.000023 0.000006 -0.005527 0.194451 -0.015895 0.721113 -3.499244 -10.717302 -0.744272 3.896520 -10.741282 -10.473801 -19.822893 8.447706 -49.193245 -47.694237 -7.079835 -179.893188 -58.673656 -179.808578 4.991024 0.350521 -17.738747 -5.882101 9.861279 0.702590 -10.936861 -0.360573 7.156197 0.000001 8.774813 -0.000002 -16.066090 18.209938 5.910107 -1.844032 2.498503 -2.507276 -10.163589 4.678940 4.621103 -20.975992 -0.000004 0.000001 -21.226255 2.451691 -3.593997 -0.000000 -0.000007 0.000000 -1.362683 2.240797 -0.746326 -21.334887 0.584910 3.008318 -13.821197 -0.000001 0.000001 -23.887129 -0.249078 -0.839483 -60.586376 2.254972 -1.784438 -0.294026 1.679686 0.833255 -14.218192 0.093216 1.300579 -34.212006 -0.287562 0.967167 -20.033180 0.964535 1.212839 -0.000000 0.000000 0.000000 -3.440385 0.788233 0.501654 -15.928171 -3.167304 2.999704 -6.338817 -0.000002 0.000002 -18.123411 3.648175 -4.905663 -0.000005 0.000002 -0.000001 16.169825 18.136560 8.770139 40.338615 36.657913 -21.804358 179.510010 61.461193 179.868042 2.378579 5.645841 -3.471274 2.243538 -5.255031 -3.180155 14.282877 -0.826594 6.952496 -0.000002 -12.690591 0.000002 15.871197 -17.767323 2.811242 1.665665 -1.955920 -2.878296 4.727793 -4.170584 4.993918 11.020513 0.000003 -0.000001 12.109033 -3.735711 -2.866780 0.000002 -0.000001 0.000001 1.291986 -1.928548 -1.498087 14.800117 0.567467 3.865605 14.242553 -1.341733 -6.660646 19.631939 0.143926 -0.648242 49.368500 -0.765953 -6.173633 0.353027 -1.511149 -0.031939 20.222769 3.684306 2.316629 18.787247 0.000004 0.000001 10.751612 -0.479867 1.397904 -0.000000 0.000000 -0.000000 3.273805 0.305946 -0.580110 21.486792 11.830362 2.266130 8.162917 0.000001 -0.000000 18.399052 -3.798978 -4.940566 0.000003 -0.000000 -0.000001 4.592976 5.770270 4.031765 -0.024671 -1.112767 43.504902 -16.213758 6.945455 -33.153629 1.701602 -2.115811 -1.481762 -0.000000 0.000000 0.000001 -18.210966 7.302359 -33.391029 0.372813 0.472532 55.921593 15.242524 -1.710035 -17.874746 -1.451629 0.923060 0.040540 0.000000 0.000000 -0.000001 
-52.535618 87.690849 58.060307 5.433974 -1.112962 -5.975717 -3.468734 -0.113741 -0.224930 -1.443043 -1.752742 -4.724529 -5.227967 -3.434955 5.532918 3.954108 0.621881 11.282008 -0.970068 -1.465189 -3.770989 2.097199 -3.085867 -4.480083 0.000077 -0.000022 0.000006 -0.005805 0.194431 -0.014130 0.719458 -3.498575 -10.711074 -0.742829 3.896539 -10.735382 -10.454579 -19.809769 8.445593 -49.176910 -47.667534 -7.029822 -179.989380 -58.683567 -179.768082 4.979260 0.332876 -17.735939 -5.882102 9.861279 0.702590 -10.936858 -0.360574 7.156195 0.000000 8.774815 -0.000003 -16.089102 18.239126 5.907666 -1.844031 2.498503 -2.507276 -10.163591 4.678941 4.621104 -20.975998 -0.000004 0.000003 -21.226255 2.451694 -3.593992 0.000000 -0.000007 -0.000001 -1.362679 2.240797 -0.746321 -21.334892 0.584907 3.008319 -13.821197 -0.000003 0.000002 -23.887131 -0.249076 -0.839482 -60.636803 2.255670 -1.776107 -0.294025 1.679687 0.833256 -14.218192 0.093214 1.300581 -34.212002 -0.287564 0.967172 -20.033180 0.964534 1.212842 0.000000 0.000001 0.000000 -3.440386 0.788232 0.501653 -15.928169 -3.167307 2.999706 -6.338817 -0.000002 0.000001 -18.123413 3.648176 -4.905660 -0.000005 0.000002 -0.000002 16.163687 18.125010 8.765107 40.221096 36.637524 -21.855597 179.328583 61.481159 179.732391 2.271185 5.656556 -3.353935 2.243540 -5.255033 -3.180155 14.282878 -0.826594 6.952497 -0.000002 -12.690591 0.000000 15.819897 -17.780546 2.827484 1.665665 -1.955919 -2.878297 4.727793 -4.170585 4.993918 11.020513 0.000004 -0.000001 12.109032 -3.735709 -2.866779 0.000002 -0.000000 0.000000 1.291984 -1.928548 -1.498088 14.800114 0.567468 3.865604 14.242556 -1.341733 -6.660650 19.631939 0.143925 -0.648244 49.325634 -0.781918 -6.188217 0.353029 -1.511150 -0.031940 20.222771 3.684308 2.316628 18.787247 0.000004 0.000000 10.751610 -0.479868 1.397904 -0.000000 0.000001 -0.000000 3.273804 0.305947 -0.580111 21.486795 11.830364 2.266132 8.162916 0.000001 -0.000000 18.399054 -3.798979 -4.940567 0.000003 0.000000 -0.000001 4.582998 5.731320 4.014690 -0.026140 -1.101834 43.431179 -16.216162 6.965070 -33.242645 1.701021 -2.104852 -1.448897 0.000000 0.000000 0.000002 -18.218296 7.300750 -33.384914 0.367556 0.470004 55.882168 15.232815 -1.698831 -17.861471 -1.453113 0.933746 0.017723 -0.000000 -0.000000 -0.000001 
-52.518559 87.703712 58.084904 5.411699 -1.084970 -5.953450 -3.459947 -0.107478 -0.240843 -1.438850 -1.759287 -4.727376 -5.185727 -3.471824 5.550125 3.972016 0.598361 11.336551 -0.974534 -1.466183 -3.767716 2.111380 -3.132642 -4.462200 0.000077 -0.000023 0.000006 -0.006884 0.207475 -0.013479 0.721670 -3.493069 -10.713511 -0.747874 3.908759 -10.734563 -10.426967 -19.813213 8.438281 -49.247208 -47.634331 -6.953141 179.968323 -58.691082 -179.707718 4.962565 0.301792 -17.652760 -5.882102 9.861280 0.702590 -10.936858 -0.360576 7.156196 0.000000 8.774815 -0.000002 -16.170303 18.250473 5.869014 -1.844032 2.498502 -2.507276 -10.163589 4.678940 4.621106 -20.975998 -0.000004 -0.000001 -21.226255 2.451691 -3.593994 -0.000000 -0.000007 0.000001 -1.362681 2.240797 -0.746321 -21.334890 0.584908 3.008321 -13.821197 -0.000002 0.000001 -23.887125 -0.249081 -0.839482 -60.748650 2.254765 -1.776195 -0.294025 1.679686 0.833255 -14.218194 0.093214 1.300577 -34.212006 -0.287563 0.967167 -20.033180 0.964533 1.212840 0.000000 0.000001 0.000000 -3.440385 0.788232 0.501654 -15.928167 -3.167306 2.999704 -6.338818 -0.000000 0.000000 -18.123413 3.648175 -4.905661 -0.000004 0.000003 -0.000001 16.169662 18.103188 8.790389 40.085300 36.614281 -21.845173 179.373291 61.482723 179.740036 2.196545 5.678365 -3.190111 2.243539 -5.255032 -3.180155 14.282877 -0.826594 6.952497 -0.000000 -12.690590 0.000001 15.817727 -17.778429 2.809340 1.665664 -1.955919 -2.878296 4.727792 -4.170584 4.993919 11.020512 0.000002 -0.000000 12.109033 -3.735711 -2.866779 0.000002 -0.000000 0.000000 1.291985 -1.928548 -1.498088 14.800117 0.567467 3.865604 14.242551 -1.341734 -6.660648 19.631939 0.143925 -0.648243 49.353245 -0.770023 -6.195598 0.353028 -1.511149 -0.031940 20.222765 3.684305 2.316629 18.787247 0.000003 0.000000 10.751610 -0.479868 1.397904 0.000000 0.000000 -0.000000 3.273806 0.305947 -0.580110 21.486794 11.830360 2.266131 8.162917 0.000001 0.000000 18.399054 -3.798980 -4.940566 0.000003 -0.000000 -0.000001 4.587648 5.715088 4.023808 -0.022559 -1.103766 43.314682 -16.194494 6.972455 -33.342690 1.700481 -2.106287 -1.446493 0.000000 -0.000000 0.000002 -18.205284 7.296216 -33.376461 0.381375 0.472622 55.843559 15.215260 -1.694062 -17.833866 -1.454579 0.935138 0.011796 0.000000 0.000000 -0.000001 
-52.519054 87.717232 58.065002 5.383910 -1.057830 -5.944901 -3.452132 -0.107232 -0.239809 -1.434209 -1.763755 -4.723299 -5.143797 -3.488806 5.573647 4.015510 0.579453 11.367634 -0.986389 -1.493117 -3.762991 2.129239 -3.166611 -4.421534 0.000077 -0.000022 0.000006 -0.008645 0.200716 -0.018821 0.723562 -3.503555 -10.710956 -0.752124 3.898780 -10.729244 -10.411275 -19.845814 8.465323 -49.234901 -47.593987 -6.959816 179.914062 -58.657188 -179.682358 4.885383 0.288764 -17.516323 -5.882098 9.861277 0.702590 -10.936858 -0.360575 7.156199 0.000001 8.774811 -0.000001 -16.194416 18.277155 5.859193 -1.844031 2.498502 -2.507274 -10.163589 4.678941 4.621106 -20.975994 -0.000003 0.000002 -21.226250 2.451691 -3.593993 0.000000 -0.000006 0.000000 -1.362682 2.240797 -0.746323 -21.334892 0.584909 3.008319 -13.821197 -0.000002 0.000002 -23.887123 -0.249080 -0.839483 -60.783844 2.246962 -1.764527 -0.294025 1.679686 0.833257 -14.218192 0.093215 1.300581 -34.211998 -0.287562 0.967169 -20.033175 0.964536 1.212842 0.000000 0.000001 0.000000 -3.440385 0.788231 0.501654 -15.928165 -3.167303 2.999702 -6.338815 0.000000 0.000002 -18.123413 3.648175 -4.905662 -0.000006 0.000002 -0.000001 16.183697 18.067715 8.822716 39.992523 36.591732 -21.892975 179.319229 61.457970 179.654831 2.161513 5.701939 -2.991315 2.243540 -5.255033 -3.180155 14.282873 -0.826591 6.952495 -0.000001 -12.690593 0.000000 15.818104 -17.780613 2.791128 1.665664 -1.955920 -2.878297 4.727791 -4.170583 4.993918 11.020511 0.000004 -0.000001 12.109029 -3.735710 -2.866780 0.000001 -0.000000 0.000001 1.291984 -1.928548 -1.498088 14.800106 0.567470 3.865603 14.242551 -1.341734 -6.660650 19.631937 0.143928 -0.648243 49.369831 -0.761480 -6.223312 0.353029 -1.511150 -0.031940 20.222765 3.684308 2.316627 18.787241 0.000005 -0.000000 10.751608 -0.479867 1.397904 0.000000 0.000000 -0.000000 3.273803 0.305947 -0.580111 21.486790 11.830364 2.266131 8.162916 0.000002 -0.000000 18.399048 -3.798979 -4.940567 0.000003 0.000000 -0.000001 4.610801 5.683162 4.011762 -0.019350 -1.089342 43.253464 -16.196848 6.970613 -33.396824 1.698097 -2.096817 -1.432136 0.000000 -0.000001 0.000002 -18.195118 7.304861 -33.352776 0.381696 0.477831 55.793186 15.247389 -1.667402 -17.814520 -1.455062 0.933747 0.002221 -0.000000 -0.000000 -0.000001 
-52.512772 87.731056 58.016350 5.348972 -1.058811 -5.953386 -3.438989 -0.094691 -0.228898 -1.431853 -1.764180 -4.721043 -5.102788 -3.512771 5.602280 4.066467 0.575502 11.408870 -0.990493 -1.538645 -3.764693 2.131462 -3.176969 -4.394395 0.000077 -0.000022 0.000006 -0.009102 0.197984 -0.022897 0.724499 -3.498484 -10.720590 -0.754241 3.902461 -10.739594 -10.401303 -19.886143 8.525280 -49.176067 -47.606403 -7.006823 179.876648 -58.689095 -179.715057 4.853275 0.282268 -17.388126 -5.882102 9.861279 0.702590 -10.936862 -0.360574 7.156196 0.000000 8.774814 -0.000001 -16.194960 18.266066 5.877507 -1.844031 2.498503 -2.507274 -10.163592 4.678941 4.621106 -20.975996 -0.000001 0.000003 -21.226255 2.451694 -3.593992 0.000000 -0.000008 0.000000 -1.362680 2.240797 -0.746323 -21.334892 0.584909 3.008322 -13.821200 -0.000001 0.000004 -23.887131 -0.249076 -0.839480 -60.823467 2.271327 -1.763247 -0.294024 1.679686 0.833255 -14.218195 0.093215 1.300581 -34.212006 -0.287561 0.967170 -20.033180 0.964536 1.212841 0.000000 0.000002 0.000000 -3.440386 0.788232 0.501656 -15.928169 -3.167306 2.999706 -6.338821 0.000000 0.000002 -18.123415 3.648178 -4.905659 -0.000004 0.000002 -0.000002 16.206974 18.050264 8.850861 39.851158 36.544167 -21.920004 179.335129 61.434776 179.632034 2.102762 5.713741 -2.674895 2.243540 -5.255032 -3.180155 14.282879 -0.826596 6.952496 -0.000000 -12.690588 0.000001 15.825910 -17.772833 2.790742 1.665664 -1.955920 -2.878297 4.727796 -4.170583 4.993919 11.020515 0.000003 -0.000001 12.109034 -3.735707 -2.866779 0.000002 -0.000001 0.000000 1.291985 -1.928548 -1.498088 14.800117 0.567467 3.865603 14.242554 -1.341734 -6.660648 19.631939 0.143926 -0.648244 49.380768 -0.775780 -6.229249 0.353030 -1.511149 -0.031940 20.222767 3.684304 2.316627 18.787247 0.000004 -0.000001 10.751611 -0.479868 1.397904 -0.000000 0.000000 -0.000000 3.273803 0.305947 -0.580110 21.486794 11.830361 2.266129 8.162916 0.000001 -0.000001 18.399052 -3.798979 -4.940567 0.000003 0.000000 -0.000001 4.639273 5.684007 4.007662 -0.017360 -1.083478 43.224327 -16.180420 6.962276 -33.427338 1.697949 -2.097878 -1.428179 0.000000 0.000001 0.000002 -18.166290 7.336115 -33.315174 0.377192 0.482326 55.722065 15.298216 -1.632681 -17.755762 -1.456013 0.929228 -0.005551 0.000000 0.000000 -0.000001 
-52.530907 87.746964 58.005680 5.324632 -1.059710 -5.970727 -3.437520 -0.096979 -0.220150 -1.432808 -1.752320 -4.718951 -5.072263 -3.538368 5.636024 4.112297 0.578985 11.463835 -0.991333 -1.582997 -3.763051 2.132292 -3.190166 -4.368498 0.000077 -0.000023 0.000006 -0.010355 0.193989 -0.026831 0.722283 -3.508454 -10.715697 -0.754078 3.893945 -10.734175 -10.378490 -19.917337 8.588682 -49.161007 -47.608345 -7.051894 179.888046 -58.687126 -179.775513 4.850360 0.275976 -17.224205 -5.882100 9.861280 0.702590 -10.936858 -0.360577 7.156197 0.000002 8.774817 0.000000 -16.187195 18.266417 5.866372 -1.844030 2.498502 -2.507276 -10.163588 4.678938 4.621103 -20.975994 -0.000008 0.000003 -21.226255 2.451690 -3.593994 0.000000 -0.000008 0.000000 -1.362680 2.240797 -0.746322 -21.334896 0.584905 3.008320 -13.821198 -0.000004 0.000002 -23.887133 -0.249080 -0.839479 -60.818195 2.283272 -1.784111 -0.294023 1.679686 0.833256 -14.218194 0.093214 1.300580 -34.211998 -0.287568 0.967172 -20.033180 0.964535 1.212844 -0.000001 0.000000 0.000000 -3.440386 0.788233 0.501657 -15.928165 -3.167310 2.999706 -6.338818 -0.000001 0.000000 -18.123413 3.648175 -4.905660 -0.000005 0.000002 -0.000000 16.222675 18.037796 8.869915 39.790726 36.520649 -21.876387 179.454941 61.407490 179.774185 2.097920 5.719007 -2.341847 2.243539 -5.255035 -3.180156 14.282877 -0.826593 6.952497 -0.000001 -12.690593 -0.000000 15.809500 -17.786886 2.825014 1.665666 -1.955921 -2.878297 4.727794 -4.170584 4.993921 11.020512 0.000004 -0.000001 12.109032 -3.735709 -2.866781 0.000002 -0.000001 0.000000 1.291983 -1.928548 -1.498088 14.800109 0.567469 3.865603 14.242553 -1.341734 -6.660651 19.631939 0.143928 -0.648243 49.335918 -0.794896 -6.235637 0.353029 -1.511149 -0.031940 20.222769 3.684308 2.316628 18.787245 0.000005 -0.000001 10.751610 -0.479867 1.397904 -0.000000 0.000000 -0.000000 3.273802 0.305947 -0.580111 21.486792 11.830366 2.266131 8.162914 0.000002 -0.000000 18.399050 -3.798980 -4.940568 0.000003 0.000000 -0.000001 4.649145 5.669138 4.019525 -0.012433 -1.085556 43.161022 -16.168434 6.962212 -33.475681 1.699917 -2.111376 -1.422143 -0.000000 -0.000001 0.000002 -18.155148 7.345246 -33.297558 0.378926 0.485465 55.677498 15.329778 -1.624994 -17.737915 -1.455052 0.919722 -0.002053 0.000000 0.000000 -0.000001 
-52.511299 87.756691 57.960796 5.313459 -1.062389 -6.004774 -3.429693 -0.089436 -0.188961 -1.437428 -1.762783 -4.729269 -5.058992 -3.553744 5.669542 4.145443 0.601665 11.548064 -0.985257 -1.603131 -3.760492 2.134619 -3.193404 -4.384842 0.000077 -0.000022 0.000006 -0.011444 0.189934 -0.025200 0.718499 -3.505415 -10.711926 -0.752996 3.888708 -10.733175 -10.367563 -19.936613 8.638606 -49.129749 -47.636272 -7.049213 179.790405 -58.733524 -179.715866 4.828742 0.272834 -17.148655 -5.882102 9.861279 0.702592 -10.936861 -0.360573 7.156199 0.000001 8.774814 0.000000 -16.170013 18.251213 5.888433 -1.844031 2.498503 -2.507277 -10.163592 4.678941 4.621102 -20.975994 -0.000004 0.000001 -21.226255 2.451694 -3.593993 -0.000001 -0.000006 0.000000 -1.362679 2.240796 -0.746320 -21.334892 0.584910 3.008321 -13.821197 -0.000002 0.000002 -23.887133 -0.249080 -0.839482 -60.853260 2.269580 -1.794979 -0.294026 1.679686 0.833255 -14.218194 0.093215 1.300581 -34.212002 -0.287564 0.967169 -20.033176 0.964537 1.212841 0.000000 0.000000 0.000000 -3.440386 0.788232 0.501656 -15.928169 -3.167305 2.999702 -6.338819 0.000001 0.000001 -18.123415 3.648176 -4.905662 -0.000005 0.000002 -0.000001 16.228073 18.054522 8.888195 39.718510 36.464642 -21.819056 179.634171 61.367001 179.962402 2.064587 5.726429 -1.974125 2.243540 -5.255033 -3.180155 14.282875 -0.826594 6.952495 -0.000003 -12.690587 0.000000 15.819531 -17.764357 2.828691 1.665666 -1.955920 -2.878297 4.727793 -4.170584 4.993918 11.020511 0.000004 -0.000001 12.109033 -3.735710 -2.866781 0.000002 -0.000000 0.000000 1.291985 -1.928547 -1.498088 14.800113 0.567469 3.865602 14.242551 -1.341733 -6.660650 19.631939 0.143926 -0.648245 49.337929 -0.804000 -6.239609 0.353028 -1.511149 -0.031940 20.222771 3.684307 2.316628 18.787245 0.000005 -0.000001 10.751610 -0.479867 1.397903 0.000000 -0.000000 0.000000 3.273803 0.305946 -0.580110 21.486790 11.830363 2.266130 8.162918 0.000002 -0.000001 18.399052 -3.798978 -4.940568 0.000003 0.000000 -0.000001 4.652717 5.665956 4.009197 -0.014866 -1.090730 43.217403 -16.159124 6.959665 -33.420540 1.703315 -2.131605 -1.405922 0.000000 0.000000 0.000002 -18.140118 7.355684 -33.251286 0.374777 0.490405 55.615685 15.326578 -1.582149 -17.652781 -1.453498 0.908850 -0.012137 0.000000 0.000000 -0.000001 
-52.505707 87.761757 57.871998 5.309792 -1.051782 -6.048059 -3.421206 -0.091996 -0.146829 -1.441869 -1.749380 -4.713660 -5.056260 -3.565396 5.681496 4.161733 0.616695 11.646107 -0.983432 -1.629529 -3.756207 2.145766 -3.207227 -4.397189 0.000077 -0.000022 0.000006 -0.013617 0.183077 -0.021924 0.712448 -3.521227 -10.707028 -0.750299 3.881752 -10.721694 -10.354750 -19.975849 8.644107 -49.144119 -47.615211 -7.057014 179.716858 -58.768078 -179.667862 4.802273 0.233457 -17.117994 -5.882102 9.861279 0.702590 -10.936859 -0.360573 7.156195 0.000000 8.774812 -0.000003 -16.185755 18.289635 5.911496 -1.844031 2.498503 -2.507276 -10.163589 4.678938 4.621101 -20.975998 -0.000003 0.000001 -21.226255 2.451694 -3.593995 -0.000000 -0.000007 0.000000 -1.362680 2.240797 -0.746322 -21.334887 0.584909 3.008317 -13.821197 -0.000001 0.000000 -23.887133 -0.249079 -0.839484 -60.869530 2.294742 -1.822498 -0.294026 1.679686 0.833255 -14.218190 0.093214 1.300577 -34.212006 -0.287562 0.967165 -20.033180 0.964535 1.212838 -0.000000 0.000002 -0.000000 -3.440387 0.788233 0.501655 -15.928165 -3.167306 2.999701 -6.338817 -0.000000 -0.000001 -18.123415 3.648177 -4.905663 -0.000005 0.000002 -0.000001 16.212315 18.069101 8.860920 39.709019 36.411381 -21.702724 179.798370 61.347950 -179.873566 2.070745 5.747030 -1.729747 2.243540 -5.255032 -3.180155 14.282877 -0.826592 6.952496 -0.000001 -12.690591 -0.000001 15.753349 -17.748274 2.859717 1.665664 -1.955920 -2.878296 4.727793 -4.170583 4.993918 11.020513 0.000003 -0.000000 12.109032 -3.735709 -2.866778 0.000002 -0.000001 0.000000 1.291983 -1.928548 -1.498088 14.800114 0.567468 3.865603 14.242553 -1.341734 -6.660649 19.631939 0.143926 -0.648242 49.303291 -0.800834 -6.225992 0.353028 -1.511149 -0.031940 20.222767 3.684306 2.316628 18.787247 0.000004 0.000000 10.751610 -0.479867 1.397904 -0.000000 0.000000 0.000000 3.273803 0.305948 -0.580111 21.486792 11.830366 2.266132 8.162916 0.000002 -0.000000 18.399050 -3.798979 -4.940567 0.000003 0.000000 -0.000001 4.659076 5.674431 3.979846 -0.012323 -1.094371 43.258335 -16.112080 6.940448 -33.424126 1.706089 -2.142478 -1.395987 -0.000000 -0.000002 0.000002 -18.146709 7.335311 -33.205170 0.383427 0.500867 55.558998 15.340128 -1.561579 -17.608364 -1.451419 0.900319 -0.034869 0.000000 0.000000 -0.000001 
-52.441883 87.756500 57.792984 5.316752 -1.073794 -6.105225 -3.410274 -0.073960 -0.108862 -1.447597 -1.762999 -4.710589 -5.072700 -3.566531 5.692278 4.160767 0.630965 11.752704 -0.968752 -1.631200 -3.741796 2.140005 -3.232652 -4.387159 0.000077 -0.000022 0.000006 -0.014840 0.173302 -0.015109 0.708145 -3.528696 -10.704066 -0.748122 3.882188 -10.717454 -10.359294 -19.988670 8.662673 -49.148178 -47.601101 -7.124866 179.774811 -58.832405 -179.662613 4.786362 0.200101 -17.153625 -5.882099 9.861278 0.702591 -10.936859 -0.360575 7.156196 0.000001 8.774816 0.000000 -16.206436 18.302130 5.935316 -1.844031 2.498502 -2.507274 -10.163589 4.678938 4.621104 -20.975996 -0.000006 0.000001 -21.226254 2.451690 -3.593994 -0.000000 -0.000007 0.000000 -1.362680 2.240796 -0.746322 -21.334887 0.584909 3.008318 -13.821197 -0.000003 0.000001 -23.887133 -0.249081 -0.839483 -60.905544 2.297305 -1.814163 -0.294024 1.679686 0.833254 -14.218194 0.093214 1.300580 -34.212006 -0.287564 0.967170 -20.033178 0.964534 1.212842 -0.000000 0.000001 -0.000000 -3.440384 0.788231 0.501656 -15.928167 -3.167306 2.999704 -6.338817 0.000000 0.000001 -18.123413 3.648177 -4.905662 -0.000005 0.000002 -0.000003 16.222305 18.099121 8.870527 39.658558 36.398598 -21.679140 179.858353 61.336975 -179.814072 2.030697 5.803905 -1.638303 2.243539 -5.255032 -3.180155 14.282881 -0.826592 6.952496 -0.000001 -12.690590 -0.000000 15.715706 -17.744774 2.842960 1.665664 -1.955920 -2.878296 4.727795 -4.170583 4.993918 11.020513 0.000004 -0.000000 12.109033 -3.735708 -2.866778 0.000002 -0.000001 0.000000 1.291984 -1.928547 -1.498088 14.800117 0.567469 3.865602 14.242553 -1.341734 -6.660647 19.631941 0.143926 -0.648242 49.276192 -0.793884 -6.244540 0.353029 -1.511150 -0.031939 20.222773 3.684307 2.316628 18.787249 0.000004 0.000001 10.751610 -0.479867 1.397904 -0.000000 0.000000 -0.000000 3.273806 0.305947 -0.580110 21.486792 11.830363 2.266130 8.162919 0.000002 -0.000000 18.399057 -3.798979 -4.940566 0.000003 -0.000000 -0.000001 4.664847 5.702573 3.948175 -0.011706 -1.088605 43.385193 -16.064096 6.885673 -33.360268 1.706756 -2.144900 -1.381001 -0.000000 -0.000001 0.000002 -18.169638 7.351433 -33.163040 0.378744 0.499348 55.499283 15.328790 -1.526164 -17.582336 -1.451121 0.902621 -0.044479 -0.000000 -0.000000 -0.000001 
-52.366596 87.750610 57.676346 5.329353 -1.071872 -6.150815 -3.406268 -0.083720 -0.084389 -1.447402 -1.734627 -4.696725 -5.094274 -3.586415 5.710608 4.141791 0.661972 11.834435 -0.953025 -1.631522 -3.726288 2.103941 -3.254885 -4.360538 0.000077 -0.000022 0.000006 -0.016087 0.176665 -0.009545 0.706191 -3.529897 -10.700295 -0.747425 3.882819 -10.716716 -10.381732 -19.994179 8.655047 -49.173809 -47.562042 -7.169490 179.847366 -58.833244 -179.697739 4.744628 0.161902 -17.145687 -5.882099 9.861281 0.702590 -10.936858 -0.360577 7.156197 0.000000 8.774817 -0.000003 -16.196608 18.334408 5.937779 -1.844031 2.498504 -2.507273 -10.163589 4.678939 4.621103 -20.975992 -0.000007 0.000004 -21.226250 2.451691 -3.593991 0.000000 -0.000006 0.000000 -1.362680 2.240797 -0.746323 -21.334894 0.584904 3.008323 -13.821195 -0.000003 0.000004 -23.887131 -0.249081 -0.839475 -60.876858 2.265509 -1.835103 -0.294024 1.679687 0.833254 -14.218192 0.093212 1.300581 -34.211998 -0.287566 0.967177 -20.033180 0.964534 1.212846 -0.000000 -0.000001 0.000000 -3.440385 0.788233 0.501655 -15.928169 -3.167311 2.999706 -6.338815 -0.000001 0.000003 -18.123405 3.648175 -4.905660 -0.000005 0.000002 -0.000001 16.227869 18.111847 8.855694 39.655148 36.383808 -21.650063 179.828003 61.299259 -179.835022 1.967859 5.827703 -1.605480 2.243539 -5.255033 -3.180155 14.282875 -0.826593 6.952495 -0.000003 -12.690592 -0.000000 15.664816 -17.706188 2.823898 1.665665 -1.955920 -2.878296 4.727792 -4.170582 4.993918 11.020513 0.000003 -0.000001 12.109031 -3.735710 -2.866781 0.000001 -0.000001 -0.000000 1.291984 -1.928548 -1.498088 14.800111 0.567468 3.865603 14.242553 -1.341735 -6.660649 19.631939 0.143926 -0.648243 49.264202 -0.773654 -6.278927 0.353028 -1.511149 -0.031939 20.222767 3.684306 2.316627 18.787247 0.000005 -0.000001 10.751608 -0.479867 1.397904 0.000000 -0.000000 0.000000 3.273804 0.305947 -0.580110 21.486788 11.830361 2.266130 8.162912 0.000002 -0.000000 18.399050 -3.798978 -4.940568 0.000003 0.000000 -0.000001 4.656881 5.739981 3.884344 -0.014980 -1.079443 43.552864 -16.006573 6.833117 -33.280869 1.706604 -2.132102 -1.364794 -0.000000 -0.000001 0.000002 -18.240200 7.362895 -33.225067 0.387380 0.502919 55.422291 15.361139 -1.524414 -17.424028 -1.450135 0.909626 -0.067518 -0.000000 -0.000000 -0.000001 
-52.298313 87.737473 57.591557 5.347964 -1.081230 -6.211006 -3.401040 -0.085157 -0.062161 -1.441832 -1.723856 -4.697589 -5.116901 -3.590042 5.756736 4.103706 0.705428 11.915442 -0.945589 -1.639809 -3.720558 2.079987 -3.267602 -4.323725 0.000077 -0.000022 0.000006 -0.016878 0.177220 -0.007111 0.704981 -3.524559 -10.700675 -0.748369 3.887305 -10.717420 -10.430872 -19.984703 8.682180 -49.133301 -47.523594 -7.252149 179.890549 -58.836769 -179.732346 4.738886 0.123575 -17.208126 -5.882101 9.861279 0.702590 -10.936858 -0.360575 7.156196 0.000001 8.774815 0.000000 -16.161388 18.365269 5.965907 -1.844031 2.498502 -2.507277 -10.163589 4.678939 4.621103 -20.975996 -0.000005 0.000003 -21.226255 2.451694 -3.593993 -0.000000 -0.000007 0.000001 -1.362681 2.240796 -0.746320 -21.334892 0.584909 3.008321 -13.821197 -0.000001 0.000004 -23.887131 -0.249079 -0.839480 -60.828400 2.295057 -1.847966 -0.294024 1.679687 0.833257 -14.218194 0.093215 1.300580 -34.212006 -0.287563 0.967171 -20.033180 0.964534 1.212842 -0.000000 0.000000 0.000000 -3.440387 0.788232 0.501654 -15.928169 -3.167307 2.999702 -6.338818 -0.000001 0.000001 -18.123411 3.648176 -4.905659 -0.000005 0.000002 -0.000001 16.238224 18.121609 8.885548 39.656532 36.388233 -21.602535 179.847351 61.246815 -179.835190 1.908657 5.844522 -1.644656 2.243540 -5.255033 -3.180156 14.282878 -0.826593 6.952496 -0.000001 -12.690590 -0.000001 15.628161 -17.714731 2.813082 1.665664 -1.955920 -2.878297 4.727795 -4.170583 4.993918 11.020512 0.000004 -0.000001 12.109035 -3.735713 -2.866781 0.000002 0.000001 0.000000 1.291985 -1.928547 -1.498088 14.800114 0.567468 3.865604 14.242551 -1.341736 -6.660648 19.631941 0.143925 -0.648243 49.276989 -0.771423 -6.300858 0.353029 -1.511150 -0.031940 20.222767 3.684307 2.316628 18.787243 0.000004 -0.000000 10.751611 -0.479868 1.397904 -0.000000 -0.000000 -0.000000 3.273803 0.305946 -0.580110 21.486788 11.830366 2.266132 8.162916 0.000002 -0.000000 18.399050 -3.798979 -4.940568 0.000003 0.000000 -0.000001 4.576903 5.807604 3.786180 -0.011674 -1.063708 43.694065 -15.884241 6.822013 -33.395321 1.703577 -2.137509 -1.352905 0.000000 -0.000000 0.000002 -18.307646 7.382089 -33.212994 0.390156 0.509619 55.381191 15.407043 -1.518887 -17.361019 -1.450656 0.919705 -0.089208 -0.000000 -0.000000 -0.000001 
-52.286411 87.694153 57.559006 5.367554 -1.083521 -6.277654 -3.403225 -0.093917 -0.031714 -1.435146 -1.717573 -4.685910 -5.122324 -3.562040 5.778661 4.064278 0.723393 11.993818 -0.942691 -1.635990 -3.716716 2.052063 -3.282840 -4.313114 0.000077 -0.000023 0.000006 -0.017788 0.190322 -0.007570 0.703844 -3.519098 -10.692436 -0.750271 3.897968 -10.709424 -10.485159 -19.981501 8.705707 -49.132702 -47.468761 -7.330606 -179.951172 -58.772053 -179.876465 4.758264 0.099806 -17.270441 -5.882100 9.861278 0.702589 -10.936859 -0.360576 7.156196 0.000002 8.774812 -0.000001 -16.155544 18.384617 5.977515 -1.844030 2.498503 -2.507274 -10.163591 4.678939 4.621102 -20.975992 -0.000005 0.000001 -21.226255 2.451690 -3.593991 -0.000000 -0.000008 0.000000 -1.362681 2.240797 -0.746323 -21.334885 0.584908 3.008320 -13.821197 -0.000003 0.000003 -23.887129 -0.249079 -0.839480 -60.796700 2.300051 -1.852842 -0.294026 1.679686 0.833254 -14.218192 0.093215 1.300581 -34.211998 -0.287566 0.967170 -20.033178 0.964533 1.212842 -0.000000 0.000001 -0.000000 -3.440386 0.788233 0.501654 -15.928167 -3.167308 2.999704 -6.338817 -0.000001 0.000001 -18.123413 3.648174 -4.905661 -0.000005 0.000002 -0.000002 16.247755 18.113754 8.916681 39.718040 36.375401 -21.487112 179.891083 61.144398 -179.776031 1.860626 5.841474 -1.706464 2.243540 -5.255033 -3.180155 14.282877 -0.826594 6.952495 -0.000003 -12.690588 0.000000 15.684758 -17.760498 2.779440 1.665665 -1.955919 -2.878296 4.727795 -4.170583 4.993918 11.020510 0.000004 -0.000001 12.109031 -3.735710 -2.866780 0.000002 -0.000000 0.000000 1.291985 -1.928548 -1.498088 14.800114 0.567468 3.865604 14.242554 -1.341734 -6.660649 19.631937 0.143927 -0.648243 49.291161 -0.782156 -6.330952 0.353027 -1.511150 -0.031940 20.222767 3.684308 2.316627 18.787245 0.000004 -0.000001 10.751610 -0.479867 1.397903 0.000000 0.000000 -0.000000 3.273803 0.305947 -0.580111 21.486790 11.830362 2.266129 8.162916 0.000002 -0.000000 18.399050 -3.798979 -4.940567 0.000003 0.000000 -0.000001 4.630712 5.819363 3.873573 -0.007980 -1.053019 43.746380 -15.908005 6.716602 -33.397354 1.705833 -2.129490 -1.333005 -0.000000 -0.000001 0.000002 -18.346178 7.428390 -33.220982 0.395682 0.499000 55.473839 15.410645 -1.511673 -17.402559 -1.451163 0.927701 -0.142792 0.000000 -0.000000 -0.000001 
-52.240211 87.679352 57.482891 5.380338 -1.081519 -6.342524 -3.402762 -0.095341 -0.012631 -1.428923 -1.721913 -4.691769 -5.113789 -3.528395 5.828362 4.010127 0.761976 12.070454 -0.936255 -1.661553 -3.722975 2.025849 -3.260352 -4.301860 0.000077 -0.000023 0.000006 -0.016723 0.193733 -0.009409 0.704093 -3.513623 -10.699985 -0.747317 3.900428 -10.715390 -10.514772 -19.956942 8.706920 -49.169094 -47.440250 -7.372828 -179.876190 -58.727139 179.987274 4.789443 0.068053 -17.285290 -5.882102 9.861278 0.702589 -10.936858 -0.360573 7.156196 0.000001 8.774812 -0.000001 -16.189890 18.369701 5.949005 -1.844030 2.498503 -2.507273 -10.163589 4.678938 4.621105 -20.975994 -0.000004 0.000002 -21.226250 2.451692 -3.593995 -0.000000 -0.000007 0.000000 -1.362681 2.240797 -0.746322 -21.334892 0.584910 3.008319 -13.821197 -0.000001 0.000002 -23.887125 -0.249079 -0.839483 -60.807503 2.290045 -1.872972 -0.294024 1.679685 0.833254 -14.218194 0.093217 1.300579 -34.212002 -0.287561 0.967167 -20.033180 0.964533 1.212839 -0.000000 -0.000001 0.000000 -3.440385 0.788233 0.501655 -15.928167 -3.167303 2.999703 -6.338815 0.000001 -0.000000 -18.123415 3.648178 -4.905661 -0.000005 0.000001 -0.000000 16.247438 18.103321 8.934971 39.744114 36.383671 -21.364393 -179.956268 61.102867 -179.633377 1.783426 5.848508 -1.802376 2.243540 -5.255033 -3.180155 14.282875 -0.826591 6.952495 -0.000002 -12.690590 -0.000001 15.690428 -17.785765 2.780166 1.665664 -1.955920 -2.878296 4.727795 -4.170583 4.993918 11.020511 0.000003 -0.000000 12.109030 -3.735709 -2.866778 0.000002 0.000000 -0.000000 1.291985 -1.928548 -1.498088 14.800117 0.567468 3.865604 14.242553 -1.341733 -6.660647 19.631939 0.143926 -0.648242 49.284046 -0.780925 -6.336138 0.353028 -1.511149 -0.031940 20.222771 3.684306 2.316628 18.787245 0.000005 0.000000 10.751611 -0.479868 1.397904 -0.000000 0.000000 0.000000 3.273804 0.305947 -0.580110 21.486794 11.830363 2.266132 8.162918 0.000002 -0.000000 18.399050 -3.798978 -4.940567 0.000003 0.000000 -0.000001 4.551104 5.884751 3.781891 -0.002431 -1.045738 43.861294 -15.791253 6.718022 -33.560032 1.702288 -2.131968 -1.278506 -0.000000 -0.000001 0.000002 -18.389057 7.432353 -33.200699 0.402719 0.510228 55.451435 15.419605 -1.509446 -17.368286 -1.450971 0.932893 -0.185929 0.000000 -0.000000 -0.000001 
-52.207069 87.652351 57.449005 5.389975 -1.085133 -6.412880 -3.396350 -0.083110 0.013731 -1.427256 -1.715712 -4.689854 -5.104747 -3.515481 5.862305 3.968139 0.784647 12.107429 -0.938977 -1.661055 -3.724171 2.003342 -3.239326 -4.263927 0.000077 -0.000022 0.000006 -0.016231 0.187526 -0.012409 0.703002 -3.520129 -10.706644 -0.745996 3.902508 -10.727205 -10.539245 -19.934723 8.686236 -49.226673 -47.418835 -7.318333 -179.903549 -58.693001 179.942963 4.852710 0.007995 -17.294691 -5.882102 9.861279 0.702590 -10.936859 -0.360575 7.156197 -0.000000 8.774814 -0.000002 -16.177475 18.366556 5.960207 -1.844030 2.498502 -2.507276 -10.163590 4.678939 4.621104 -20.975996 -0.000004 0.000003 -21.226255 2.451692 -3.593992 -0.000000 -0.000007 0.000000 -1.362681 2.240797 -0.746324 -21.334892 0.584909 3.008319 -13.821197 -0.000001 0.000003 -23.887131 -0.249078 -0.839482 -60.839790 2.309490 -1.888061 -0.294023 1.679686 0.833256 -14.218197 0.093213 1.300578 -34.212006 -0.287563 0.967171 -20.033182 0.964536 1.212841 0.000000 0.000000 -0.000000 -3.440385 0.788232 0.501655 -15.928167 -3.167306 2.999701 -6.338818 0.000001 0.000002 -18.123415 3.648176 -4.905660 -0.000005 0.000003 -0.000002 16.280743 18.106474 8.953360 39.792164 36.387508 -21.262474 -179.892776 61.021889 -179.555603 1.707567 5.826758 -1.962243 2.243540 -5.255033 -3.180155 14.282878 -0.826594 6.952496 -0.000001 -12.690591 0.000002 15.677571 -17.806383 2.793349 1.665664 -1.955920 -2.878296 4.727792 -4.170583 4.993919 11.020513 0.000004 -0.000000 12.109035 -3.735709 -2.866780 0.000002 -0.000001 0.000000 1.291985 -1.928549 -1.498088 14.800111 0.567468 3.865602 14.242551 -1.341733 -6.660648 19.631939 0.143926 -0.648243 49.250076 -0.807885 -6.343595 0.353030 -1.511148 -0.031939 20.222769 3.684307 2.316628 18.787245 0.000005 -0.000000 10.751610 -0.479868 1.397904 -0.000000 0.000000 0.000000 3.273804 0.305947 -0.580110 21.486794 11.830364 2.266130 8.162915 0.000002 -0.000001 18.399052 -3.798979 -4.940568 0.000004 -0.000000 -0.000001 4.547648 5.933836 3.820166 -0.000901 -1.042059 43.900658 -15.736641 6.701632 -33.654484 1.700674 -2.133074 -1.254961 0.000000 0.000001 0.000002 -18.428211 7.451347 -33.174473 0.396977 0.491461 55.483974 15.424977 -1.450080 -17.274376 -1.451220 0.935700 -0.203001 -0.000000 -0.000000 -0.000001 
-52.207447 87.649376 57.434528 5.389925 -1.096443 -6.456255 -3.392782 -0.078277 0.025485 -1.424167 -1.688712 -4.688548 -5.088272 -3.523523 5.898206 3.916371 0.800851 12.142536 -0.930279 -1.661834 -3.724388 1.992223 -3.189667 -4.236760 0.000077 -0.000022 0.000006 -0.016298 0.179994 -0.010876 0.702805 -3.528937 -10.697723 -0.746386 3.893246 -10.724421 -10.551430 -19.890701 8.661611 -49.318676 -47.389389 -7.238945 -179.939606 -58.611546 179.956268 4.863284 -0.005659 -17.294184 -5.882098 9.861279 0.702588 -10.936858 -0.360578 7.156199 0.000001 8.774815 -0.000002 -16.199629 18.349407 5.952826 -1.844031 2.498503 -2.507276 -10.163589 4.678939 4.621106 -20.975994 -0.000005 0.000004 -21.226250 2.451692 -3.593992 -0.000000 -0.000006 0.000001 -1.362680 2.240796 -0.746324 -21.334887 0.584906 3.008322 -13.821197 -0.000004 0.000005 -23.887129 -0.249079 -0.839477 -60.887115 2.301854 -1.853254 -0.294026 1.679687 0.833255 -14.218194 0.093213 1.300580 -34.211998 -0.287567 0.967175 -20.033176 0.964533 1.212846 -0.000000 0.000002 0.000000 -3.440386 0.788232 0.501656 -15.928167 -3.167308 2.999706 -6.338815 -0.000002 0.000003 -18.123411 3.648174 -4.905657 -0.000004 0.000001 -0.000000 16.306664 18.115488 8.963465 39.847672 36.422375 -21.180262 -179.913177 60.987003 -179.532837 1.665551 5.813782 -2.152570 2.243541 -5.255034 -3.180156 14.282873 -0.826594 6.952495 0.000001 -12.690592 -0.000002 15.688737 -17.818485 2.797111 1.665664 -1.955920 -2.878297 4.727792 -4.170584 4.993918 11.020510 0.000003 -0.000002 12.109032 -3.735711 -2.866782 0.000002 0.000001 0.000000 1.291984 -1.928549 -1.498088 14.800107 0.567469 3.865602 14.242551 -1.341734 -6.660651 19.631937 0.143928 -0.648244 49.240814 -0.814900 -6.340414 0.353029 -1.511150 -0.031940 20.222765 3.684308 2.316627 18.787245 0.000006 -0.000001 10.751609 -0.479866 1.397903 -0.000000 0.000000 0.000000 3.273806 0.305947 -0.580110 21.486788 11.830366 2.266132 8.162912 0.000002 -0.000000 18.399048 -3.798978 -4.940569 0.000003 0.000000 -0.000001 4.600437 5.948389 3.928613 0.011783 -1.033996 43.876934 -15.715460 6.658979 -33.554844 1.701284 -2.134110 -1.221647 0.000000 0.000001 0.000002 -18.421213 7.461249 -33.143318 0.400738 0.492895 55.481533 15.416781 -1.401637 -17.343363 -1.452248 0.939467 -0.221516 -0.000000 -0.000000 -0.000001 
-52.150108 87.638649 57.390068 5.392420 -1.122934 -6.491611 -3.393476 -0.065269 0.033353 -1.423618 -1.677440 -4.697361 -5.067038 -3.512044 5.928738 3.870507 0.812434 12.178069 -0.922091 -1.641289 -3.717390 1.993250 -3.135470 -4.223449 0.000077 -0.000022 0.000006 -0.017015 0.183411 -0.010852 0.703211 -3.529416 -10.704924 -0.747045 3.893446 -10.736133 -10.569870 -19.862961 8.655943 -49.317307 -47.368099 -7.254835 179.969772 -58.558014 -179.965820 4.838004 0.002399 -17.314562 -5.882100 9.861277 0.702591 -10.936858 -0.360574 7.156199 -0.000000 8.774815 0.000001 -16.168730 18.342957 5.947260 -1.844031 2.498502 -2.507276 -10.163589 4.678941 4.621103 -20.975994 -0.000006 0.000002 -21.226254 2.451690 -3.593995 0.000000 -0.000006 -0.000000 -1.362679 2.240795 -0.746322 -21.334890 0.584908 3.008319 -13.821197 -0.000002 0.000000 -23.887131 -0.249077 -0.839481 -60.856743 2.315737 -1.870511 -0.294025 1.679687 0.833253 -14.218192 0.093213 1.300579 -34.211998 -0.287564 0.967171 -20.033176 0.964536 1.212843 -0.000000 0.000000 0.000001 -3.440386 0.788233 0.501656 -15.928164 -3.167307 2.999701 -6.338819 -0.000000 0.000000 -18.123415 3.648176 -4.905662 -0.000005 0.000002 -0.000002 16.353882 18.143211 8.978932 39.860958 36.432777 -21.213583 179.992233 60.971943 -179.633682 1.650314 5.778056 -2.275718 2.243539 -5.255033 -3.180155 14.282877 -0.826592 6.952497 -0.000000 -12.690590 -0.000001 15.668196 -17.822948 2.823713 1.665665 -1.955919 -2.878297 4.727794 -4.170584 4.993919 11.020511 0.000004 -0.000000 12.109031 -3.735708 -2.866779 0.000002 -0.000001 0.000001 1.291983 -1.928548 -1.498088 14.800109 0.567468 3.865603 14.242553 -1.341734 -6.660648 19.631939 0.143926 -0.648242 49.223545 -0.835599 -6.316172 0.353029 -1.511150 -0.031941 20.222769 3.684307 2.316629 18.787245 0.000004 0.000000 10.751610 -0.479868 1.397904 0.000000 0.000000 0.000000 3.273803 0.305947 -0.580110 21.486792 11.830363 2.266132 8.162916 0.000002 -0.000000 18.399052 -3.798980 -4.940567 0.000004 0.000000 -0.000001 4.541347 6.021553 3.857766 0.014083 -1.023546 43.934414 -15.582123 6.732762 -33.716400 1.699504 -2.139567 -1.190112 0.000000 0.000001 0.000002 -18.467598 7.491968 -33.140327 0.407940 0.489025 55.452976 15.435651 -1.364875 -17.272120 -1.452665 0.943702 -0.230854 -0.000000 -0.000000 -0.000001 
-52.083618 87.631279 57.374046 5.391521 -1.132462 -6.523596 -3.393460 -0.073783 0.029596 -1.426883 -1.674281 -4.699302 -5.046211 -3.490021 5.956878 3.831549 0.812744 12.215826 -0.917232 -1.603437 -3.709833 1.991929 -3.085968 -4.197562 0.000077 -0.000023 0.000006 -0.016975 0.177250 -0.013055 0.706701 -3.536103 -10.714925 -0.751239 3.892814 -10.746507 -10.582268 -19.841314 8.669218 -49.347805 -47.372292 -7.265266 179.903473 -58.536480 -179.903976 4.801537 0.017341 -17.378229 -5.882101 9.861279 0.702590 -10.936862 -0.360574 7.156197 -0.000001 8.774814 -0.000002 -16.132046 18.307749 5.937490 -1.844032 2.498502 -2.507277 -10.163590 4.678939 4.621102 -20.975996 -0.000001 0.000002 -21.226255 2.451693 -3.593994 0.000000 -0.000008 -0.000000 -1.362681 2.240797 -0.746321 -21.334894 0.584911 3.008321 -13.821197 -0.000002 0.000002 -23.887133 -0.249077 -0.839481 -60.827919 2.304785 -1.855758 -0.294024 1.679686 0.833255 -14.218195 0.093215 1.300580 -34.212006 -0.287561 0.967169 -20.033184 0.964535 1.212840 -0.000000 0.000001 0.000001 -3.440386 0.788233 0.501656 -15.928169 -3.167305 2.999701 -6.338819 -0.000002 0.000001 -18.123413 3.648176 -4.905659 -0.000005 0.000002 -0.000001 16.393148 18.159431 9.001558 39.869389 36.428680 -21.265026 179.876236 60.957523 -179.753922 1.639270 5.774327 -2.342541 2.243539 -5.255032 -3.180155 14.282879 -0.826595 6.952497 -0.000002 -12.690591 0.000000 15.644139 -17.848495 2.840148 1.665666 -1.955919 -2.878296 4.727794 -4.170582 4.993918 11.020513 0.000004 -0.000000 12.109034 -3.735710 -2.866778 0.000002 -0.000000 0.000001 1.291983 -1.928548 -1.498087 14.800113 0.567469 3.865603 14.242553 -1.341734 -6.660648 19.631941 0.143925 -0.648242 49.211731 -0.839787 -6.336791 0.353029 -1.511150 -0.031940 20.222771 3.684306 2.316629 18.787247 0.000006 0.000001 10.751612 -0.479868 1.397905 -0.000000 0.000001 -0.000000 3.273803 0.305947 -0.580110 21.486794 11.830363 2.266132 8.162917 0.000002 -0.000000 18.399054 -3.798978 -4.940566 0.000003 0.000000 -0.000001 4.500722 6.035616 3.888608 0.023420 -1.000540 43.920044 -15.481244 6.769797 -33.803307 1.696930 -2.142839 -1.156908 -0.000000 -0.000001 0.000002 -18.513197 7.523401 -33.108849 0.406481 0.489604 55.421162 15.448212 -1.341214 -17.242907 -1.452352 0.947269 -0.227755 -0.000000 -0.000000 -0.000001 
-52.005409 87.632072 57.315224 5.391224 -1.152565 -6.554334 -3.397544 -0.086048 0.018326 -1.421376 -1.657576 -4.694386 -5.030536 -3.485597 5.987247 3.811591 0.829370 12.237819 -0.915738 -1.584306 -3.702680 1.979882 -3.045161 -4.160286 0.000077 -0.000022 0.000006 -0.016830 0.179954 -0.013056 0.710399 -3.539357 -10.712105 -0.755304 3.893917 -10.747740 -10.603339 -19.837105 8.675547 -49.384098 -47.324379 -7.280357 179.917847 -58.473190 -179.959641 4.800756 0.029693 -17.296322 -5.882102 9.861278 0.702590 -10.936859 -0.360575 7.156196 0.000001 8.774810 -0.000001 -16.124641 18.283220 5.916815 -1.844031 2.498502 -2.507275 -10.163590 4.678941 4.621104 -20.975998 -0.000002 0.000002 -21.226257 2.451692 -3.593995 -0.000000 -0.000008 0.000000 -1.362679 2.240796 -0.746323 -21.334890 0.584909 3.008318 -13.821198 -0.000001 0.000003 -23.887135 -0.249077 -0.839483 -60.794617 2.296440 -1.866306 -0.294025 1.679687 0.833256 -14.218194 0.093214 1.300579 -34.212013 -0.287563 0.967169 -20.033180 0.964535 1.212840 -0.000000 0.000001 -0.000000 -3.440385 0.788233 0.501658 -15.928169 -3.167304 2.999706 -6.338818 -0.000000 0.000002 -18.123415 3.648175 -4.905662 -0.000005 0.000002 -0.000003 16.454046 18.172041 9.030883 39.885204 36.414070 -21.260000 179.807755 60.920761 -179.812836 1.654647 5.739594 -2.382687 2.243540 -5.255033 -3.180155 14.282873 -0.826593 6.952497 -0.000002 -12.690592 0.000000 15.623946 -17.826677 2.873496 1.665665 -1.955920 -2.878297 4.727794 -4.170583 4.993919 11.020513 0.000003 0.000000 12.109031 -3.735709 -2.866778 0.000002 -0.000001 0.000000 1.291982 -1.928548 -1.498088 14.800111 0.567467 3.865605 14.242551 -1.341736 -6.660649 19.631937 0.143924 -0.648242 49.190731 -0.837364 -6.312996 0.353028 -1.511149 -0.031940 20.222765 3.684305 2.316629 18.787245 0.000003 0.000001 10.751609 -0.479869 1.397904 -0.000000 0.000000 0.000000 3.273804 0.305947 -0.580110 21.486788 11.830360 2.266131 8.162913 0.000001 0.000000 18.399054 -3.798980 -4.940567 0.000003 0.000000 -0.000001 4.444847 6.063837 3.864271 0.031348 -0.989370 43.959198 -15.389178 6.800601 -33.862473 1.694966 -2.132964 -1.128590 -0.000000 -0.000001 0.000002 -18.570646 7.565739 -33.092960 0.408131 0.488038 55.342945 15.480905 -1.352061 -17.154591 -1.451998 0.945320 -0.215080 -0.000000 -0.000000 -0.000001 
-51.873772 87.625702 57.279499 5.384426 -1.181377 -6.585415 -3.395754 -0.089383 0.001772 -1.415618 -1.662802 -4.700287 -5.020708 -3.476228 6.027257 3.802687 0.860582 12.252322 -0.923190 -1.564095 -3.710051 1.960893 -3.000445 -4.145075 0.000077 -0.000022 0.000006 -0.016159 0.177252 -0.013852 0.710779 -3.533432 -10.715896 -0.754409 3.888431 -10.758029 -10.636169 -19.818703 8.701609 -49.417599 -47.312046 -7.273927 179.905731 -58.408638 -179.985092 4.815950 0.077293 -17.214705 -5.882102 9.861280 0.702593 -10.936860 -0.360571 7.156197 0.000001 8.774815 0.000001 -16.112261 18.270309 5.929879 -1.844031 2.498502 -2.507277 -10.163589 4.678941 4.621102 -20.975996 -0.000002 0.000000 -21.226254 2.451694 -3.593996 -0.000000 -0.000007 0.000001 -1.362681 2.240796 -0.746325 -21.334890 0.584909 3.008318 -13.821197 -0.000002 0.000002 -23.887131 -0.249075 -0.839483 -60.842236 2.291337 -1.876364 -0.294024 1.679685 0.833255 -14.218194 0.093216 1.300579 -34.212002 -0.287564 0.967167 -20.033180 0.964534 1.212839 -0.000000 -0.000000 -0.000000 -3.440386 0.788233 0.501655 -15.928167 -3.167306 2.999703 -6.338819 -0.000000 0.000001 -18.123413 3.648178 -4.905662 -0.000005 0.000002 -0.000001 16.526718 18.180119 9.096725 39.871288 36.448540 -21.233963 179.827164 60.943848 -179.813492 1.658755 5.714901 -2.360960 2.243539 -5.255033 -3.180155 14.282878 -0.826594 6.952497 -0.000000 -12.690587 0.000001 15.634125 -17.806242 2.886815 1.665665 -1.955920 -2.878296 4.727794 -4.170583 4.993919 11.020513 0.000005 -0.000000 12.109031 -3.735710 -2.866778 0.000002 -0.000000 0.000001 1.291986 -1.928547 -1.498088 14.800114 0.567467 3.865603 14.242553 -1.341735 -6.660648 19.631939 0.143925 -0.648242 49.156464 -0.842996 -6.308037 0.353029 -1.511149 -0.031940 20.222769 3.684305 2.316627 18.787249 0.000004 0.000000 10.751612 -0.479868 1.397904 -0.000000 0.000000 -0.000000 3.273804 0.305946 -0.580110 21.486794 11.830363 2.266131 8.162916 0.000001 -0.000000 18.399055 -3.798979 -4.940567 0.000003 0.000000 -0.000001 4.365184 6.113318 3.849175 0.036050 -0.979328 44.026474 -15.254504 6.832374 -33.943920 1.695128 -2.131288 -1.107029 -0.000000 0.000001 0.000001 -18.653322 7.602552 -33.059605 0.410805 0.498713 55.257111 15.530101 -1.363880 -17.097584 -1.450725 0.933533 -0.173484 -0.000000 -0.000000 -0.000001 
-51.826836 87.632278 57.227074 5.365633 -1.216565 -6.607895 -3.384547 -0.096036 -0.013012 -1.411717 -1.650487 -4.695821 -5.009074 -3.496145 6.042742 3.798515 0.890831 12.276564 -0.923479 -1.551815 -3.725558 1.949888 -2.973544 -4.108491 0.000077 -0.000022 0.000006 -0.015181 0.177254 -0.015276 0.712403 -3.540046 -10.713796 -0.753941 3.889098 -10.750843 -10.657425 -19.791941 8.721488 -49.501045 -47.319748 -7.213187 179.879959 -58.379295 179.998779 4.854706 0.116849 -17.095329 -5.882102 9.861278 0.702592 -10.936859 -0.360574 7.156198 0.000001 8.774812 -0.000001 -16.131006 18.257473 5.933792 -1.844031 2.498502 -2.507275 -10.163589 4.678939 4.621104 -20.975994 -0.000002 0.000001 -21.226250 2.451694 -3.593996 -0.000001 -0.000007 0.000000 -1.362679 2.240795 -0.746323 -21.334896 0.584911 3.008321 -13.821197 -0.000001 0.000003 -23.887133 -0.249074 -0.839480 -60.856621 2.290803 -1.891620 -0.294025 1.679686 0.833255 -14.218190 0.093216 1.300581 -34.212002 -0.287564 0.967168 -20.033176 0.964537 1.212840 -0.000001 0.000001 -0.000000 -3.440385 0.788232 0.501655 -15.928167 -3.167304 2.999703 -6.338819 0.000000 0.000001 -18.123413 3.648174 -4.905662 -0.000005 0.000001 -0.000001 16.591827 18.176411 9.152250 39.867233 36.464096 -21.141514 179.940247 60.963657 -179.701401 1.665124 5.722262 -2.336885 2.243539 -5.255032 -3.180155 14.282877 -0.826592 6.952496 -0.000002 -12.690588 -0.000000 15.604502 -17.801239 2.917678 1.665665 -1.955919 -2.878296 4.727791 -4.170582 4.993918 11.020513 0.000004 -0.000001 12.109031 -3.735708 -2.866779 0.000002 -0.000000 0.000001 1.291983 -1.928547 -1.498087 14.800113 0.567468 3.865603 14.242550 -1.341733 -6.660648 19.631937 0.143926 -0.648243 49.116211 -0.845993 -6.268594 0.353028 -1.511148 -0.031940 20.222767 3.684306 2.316628 18.787247 0.000006 0.000001 10.751610 -0.479867 1.397904 0.000000 0.000001 -0.000000 3.273803 0.305947 -0.580110 21.486792 11.830363 2.266131 8.162916 0.000002 0.000000 18.399054 -3.798978 -4.940566 0.000003 0.000000 -0.000001 4.348755 6.137815 3.828094 0.031213 -0.979873 44.054958 -15.169204 6.857457 -33.975586 1.696651 -2.127214 -1.084645 -0.000000 -0.000001 0.000002 -18.658527 7.659021 -33.051392 0.393077 0.497809 55.179337 15.552434 -1.384164 -17.046730 -1.449235 0.927070 -0.168047 -0.000000 -0.000000 -0.000001 
-51.770187 87.644943 57.224731 5.341826 -1.256686 -6.625288 -3.371061 -0.094329 -0.031222 -1.410880 -1.656811 -4.704742 -4.997436 -3.496398 6.074400 3.817725 0.913151 12.290081 -0.928625 -1.532348 -3.724489 1.938063 -2.952857 -4.098636 0.000077 -0.000022 0.000006 -0.013508 0.163514 -0.016128 0.711220 -3.545958 -10.718066 -0.749675 3.881805 -10.756822 -10.683196 -19.773727 8.792864 -49.516689 -47.355396 -7.218907 179.840683 -58.377857 179.967712 4.914525 0.128398 -16.945980 -5.882101 9.861279 0.702591 -10.936858 -0.360576 7.156196 0.000000 8.774812 0.000001 -16.130966 18.221371 5.935979 -1.844031 2.498502 -2.507275 -10.163589 4.678940 4.621103 -20.975994 -0.000005 0.000000 -21.226254 2.451690 -3.593993 -0.000001 -0.000006 0.000000 -1.362681 2.240797 -0.746322 -21.334892 0.584906 3.008317 -13.821197 -0.000003 0.000001 -23.887131 -0.249081 -0.839482 -60.850719 2.257426 -1.864456 -0.294024 1.679686 0.833256 -14.218190 0.093215 1.300577 -34.212006 -0.287564 0.967167 -20.033176 0.964532 1.212841 -0.000000 0.000001 0.000001 -3.440384 0.788233 0.501655 -15.928169 -3.167307 2.999703 -6.338817 -0.000002 0.000000 -18.123411 3.648175 -4.905662 -0.000005 0.000001 -0.000000 16.644642 18.177551 9.202826 39.857052 36.477039 -21.067892 -179.971634 61.016960 -179.652313 1.662850 5.760923 -2.360481 2.243540 -5.255032 -3.180155 14.282875 -0.826593 6.952496 -0.000001 -12.690592 -0.000001 15.585113 -17.779913 2.927614 1.665664 -1.955920 -2.878297 4.727792 -4.170584 4.993918 11.020511 0.000004 -0.000001 12.109033 -3.735709 -2.866780 0.000002 -0.000001 0.000000 1.291985 -1.928548 -1.498088 14.800111 0.567468 3.865604 14.242554 -1.341735 -6.660649 19.631935 0.143927 -0.648244 49.075848 -0.819872 -6.258265 0.353029 -1.511150 -0.031940 20.222767 3.684308 2.316628 18.787243 0.000005 0.000000 10.751611 -0.479867 1.397904 0.000000 0.000001 -0.000000 3.273804 0.305947 -0.580110 21.486794 11.830362 2.266132 8.162916 0.000002 -0.000000 18.399054 -3.798979 -4.940567 0.000003 0.000000 -0.000001 4.324512 6.153896 3.855004 0.044155 -0.972744 44.048721 -15.075850 6.906468 -33.966099 1.696987 -2.126306 -1.089148 -0.000000 -0.000002 0.000002 -18.664255 7.693268 -33.010811 0.391210 0.497758 55.099167 15.552328 -1.378084 -17.004248 -1.446366 0.929403 -0.149535 -0.000000 -0.000000 -0.000001 
-51.772953 87.664207 57.235558 5.317775 -1.291840 -6.645929 -3.366929 -0.087988 -0.045664 -1.412192 -1.665856 -4.714726 -4.977330 -3.500655 6.109601 3.825416 0.916274 12.298921 -0.920771 -1.503160 -3.717606 1.931104 -2.941917 -4.109664 0.000077 -0.000022 0.000006 -0.012586 0.163499 -0.014463 0.709270 -3.551442 -10.715441 -0.746371 3.881880 -10.752551 -10.726266 -19.746672 8.847412 -49.568203 -47.398499 -7.203674 179.852829 -58.397617 179.950592 4.959435 0.103265 -16.877520 -5.882101 9.861278 0.702591 -10.936858 -0.360575 7.156197 -0.000001 8.774814 -0.000002 -16.108311 18.207211 5.957217 -1.844031 2.498502 -2.507277 -10.163589 4.678941 4.621104 -20.975998 -0.000003 0.000003 -21.226255 2.451693 -3.593993 -0.000000 -0.000007 0.000000 -1.362682 2.240797 -0.746322 -21.334887 0.584909 3.008319 -13.821197 -0.000002 0.000002 -23.887133 -0.249078 -0.839479 -60.766907 2.267423 -1.854544 -0.294025 1.679686 0.833254 -14.218195 0.093214 1.300579 -34.212002 -0.287564 0.967170 -20.033178 0.964536 1.212841 0.000000 0.000001 0.000000 -3.440386 0.788233 0.501657 -15.928169 -3.167307 2.999704 -6.338817 -0.000000 0.000002 -18.123411 3.648175 -4.905659 -0.000006 0.000002 -0.000001 16.688259 18.165035 9.250556 39.838764 36.507393 -21.020782 -179.903122 61.091927 -179.605423 1.621467 5.820278 -2.454606 2.243540 -5.255033 -3.180156 14.282875 -0.826591 6.952495 -0.000003 -12.690590 -0.000000 15.593230 -17.763390 2.927862 1.665665 -1.955920 -2.878296 4.727793 -4.170582 4.993918 11.020511 0.000004 -0.000001 12.109032 -3.735707 -2.866780 0.000001 -0.000000 0.000001 1.291985 -1.928547 -1.498088 14.800113 0.567470 3.865603 14.242551 -1.341733 -6.660650 19.631933 0.143928 -0.648243 49.068321 -0.815784 -6.233466 0.353029 -1.511150 -0.031940 20.222767 3.684308 2.316627 18.787243 0.000006 -0.000000 10.751610 -0.479866 1.397904 0.000000 0.000000 -0.000000 3.273803 0.305947 -0.580110 21.486790 11.830364 2.266130 8.162917 0.000002 -0.000000 18.399052 -3.798977 -4.940567 0.000003 0.000000 -0.000001 4.335426 6.131680 3.915944 0.046531 -0.966774 43.989815 -15.030222 7.022877 -33.922852 1.697018 -2.125700 -1.075985 -0.000000 0.000001 0.000002 -18.620897 7.731978 -32.964596 0.381895 0.498335 55.044064 15.492340 -1.367431 -16.905449 -1.445401 0.933821 -0.122359 -0.000000 -0.000000 -0.000001 
-51.743889 87.690208 57.205627 5.279258 -1.321843 -6.653892 -3.359325 -0.098471 -0.065523 -1.408301 -1.688205 -4.732473 -4.954173 -3.491050 6.142672 3.819914 0.904671 12.264660 -0.907287 -1.470048 -3.707907 1.906438 -2.908899 -4.102271 0.000077 -0.000022 0.000006 -0.011867 0.160026 -0.010444 0.705132 -3.548934 -10.711998 -0.741761 3.872572 -10.753657 -10.733995 -19.682575 8.880397 -49.668022 -47.449989 -7.134510 179.832260 -58.424301 179.962189 4.980025 0.083561 -16.873341 -5.882102 9.861279 0.702591 -10.936858 -0.360574 7.156196 0.000000 8.774813 -0.000002 -16.062393 18.198414 5.961334 -1.844030 2.498502 -2.507274 -10.163589 4.678940 4.621103 -20.975994 -0.000003 0.000002 -21.226250 2.451692 -3.593996 -0.000000 -0.000008 0.000000 -1.362681 2.240797 -0.746324 -21.334892 0.584906 3.008318 -13.821197 -0.000002 0.000001 -23.887131 -0.249079 -0.839482 -60.666222 2.284379 -1.833716 -0.294023 1.679685 0.833255 -14.218195 0.093215 1.300578 -34.212006 -0.287568 0.967166 -20.033176 0.964534 1.212840 -0.000000 0.000000 0.000000 -3.440384 0.788233 0.501655 -15.928167 -3.167307 2.999702 -6.338818 0.000000 0.000001 -18.123413 3.648175 -4.905663 -0.000005 0.000003 -0.000003 16.702267 18.149914 9.252514 39.888519 36.536594 -20.886671 -179.816757 61.139103 -179.540176 1.609154 5.822751 -2.613812 2.243540 -5.255032 -3.180154 14.282875 -0.826595 6.952495 -0.000002 -12.690588 0.000000 15.596774 -17.744299 2.926314 1.665663 -1.955919 -2.878296 4.727794 -4.170583 4.993917 11.020513 0.000003 -0.000000 12.109034 -3.735709 -2.866778 0.000002 -0.000000 0.000001 1.291984 -1.928547 -1.498088 14.800113 0.567467 3.865602 14.242558 -1.341735 -6.660647 19.631939 0.143925 -0.648243 49.054428 -0.795219 -6.225993 0.353029 -1.511149 -0.031940 20.222771 3.684304 2.316628 18.787249 0.000004 -0.000000 10.751612 -0.479869 1.397903 0.000000 0.000000 -0.000000 3.273806 0.305947 -0.580110 21.486795 11.830360 2.266131 8.162916 0.000001 -0.000001 18.399055 -3.798979 -4.940568 0.000003 0.000000 -0.000001 4.318312 6.087830 3.922697 0.052032 -0.960296 43.944336 -14.929688 7.168660 -33.922894 1.696410 -2.124506 -1.085817 0.000000 -0.000002 0.000002 -18.597326 7.752945 -32.931747 0.380624 0.485547 54.930573 15.464423 -1.396316 -16.824028 -1.445095 0.941101 -0.114019 -0.000000 -0.000000 -0.000001 
-51.714653 87.730797 57.233494 5.243077 -1.335411 -6.643577 -3.358446 -0.118946 -0.085137 -1.407575 -1.693100 -4.740963 -4.929793 -3.484414 6.163103 3.833057 0.889455 12.230921 -0.894570 -1.475090 -3.702108 1.877826 -2.865316 -4.112571 0.000077 -0.000022 0.000006 -0.012026 0.156568 -0.006042 0.704870 -3.559901 -10.703039 -0.740641 3.866935 -10.737998 -10.721158 -19.669506 8.883553 -49.807053 -47.429646 -7.102640 179.958160 -58.375282 179.876404 5.034075 0.103178 -16.948156 -5.882102 9.861277 0.702590 -10.936860 -0.360576 7.156194 -0.000001 8.774812 -0.000001 -16.040215 18.203680 5.965504 -1.844031 2.498502 -2.507275 -10.163589 4.678941 4.621103 -20.975992 -0.000002 0.000002 -21.226255 2.451694 -3.593995 0.000000 -0.000006 0.000000 -1.362682 2.240796 -0.746324 -21.334894 0.584911 3.008321 -13.821195 -0.000002 0.000002 -23.887131 -0.249079 -0.839481 -60.598690 2.301352 -1.819212 -0.294026 1.679685 0.833256 -14.218194 0.093215 1.300578 -34.212002 -0.287560 0.967168 -20.033178 0.964538 1.212840 -0.000000 0.000000 0.000000 -3.440385 0.788232 0.501654 -15.928167 -3.167304 2.999703 -6.338817 -0.000000 0.000002 -18.123413 3.648176 -4.905661 -0.000006 0.000001 -0.000001 16.698919 18.128973 9.253303 39.903782 36.534084 -20.797192 -179.728531 61.174599 -179.478134 1.620800 5.807146 -2.799575 2.243538 -5.255032 -3.180155 14.282878 -0.826594 6.952497 -0.000000 -12.690592 0.000001 15.576364 -17.720854 2.923493 1.665663 -1.955920 -2.878296 4.727792 -4.170581 4.993918 11.020513 0.000003 -0.000000 12.109032 -3.735710 -2.866777 0.000002 -0.000000 0.000000 1.291982 -1.928547 -1.498088 14.800111 0.567468 3.865604 14.242553 -1.341735 -6.660648 19.631939 0.143924 -0.648242 49.041134 -0.792883 -6.208815 0.353030 -1.511149 -0.031940 20.222771 3.684305 2.316630 18.787245 0.000003 0.000002 10.751611 -0.479869 1.397905 -0.000000 0.000001 -0.000000 3.273806 0.305947 -0.580110 21.486794 11.830360 2.266132 8.162919 0.000001 0.000000 18.399055 -3.798979 -4.940566 0.000003 -0.000000 -0.000001 4.287588 6.004389 3.971602 0.058175 -0.947012 43.846645 -14.847661 7.264964 -33.859905 1.695670 -2.112153 -1.089373 -0.000000 0.000000 0.000002 -18.576273 7.772765 -32.859726 0.379893 0.472676 54.805641 15.433580 -1.449814 -16.786135 -1.444959 0.945020 -0.123643 -0.000000 -0.000000 -0.000001 
-51.647110 87.759636 57.230984 5.205598 -1.356426 -6.635334 -3.361260 -0.119715 -0.101311 -1.405709 -1.708879 -4.740602 -4.904551 -3.491008 6.168638 3.839202 0.894572 12.184744 -0.895290 -1.493706 -3.695937 1.845490 -2.847485 -4.108994 0.000077 -0.000022 0.000006 -0.011203 0.153096 -0.002494 0.704963 -3.563449 -10.687973 -0.740295 3.860372 -10.725632 -10.717827 -19.646111 8.873958 -49.948223 -47.415199 -7.052585 -179.924042 -58.339470 179.790771 5.050993 0.129448 -17.020702 -5.882101 9.861278 0.702590 -10.936858 -0.360576 7.156195 0.000001 8.774815 -0.000002 -15.995805 18.190592 5.959469 -1.844031 2.498503 -2.507276 -10.163590 4.678940 4.621103 -20.975994 -0.000005 0.000002 -21.226250 2.451691 -3.593991 -0.000000 -0.000007 0.000001 -1.362679 2.240797 -0.746321 -21.334892 0.584908 3.008320 -13.821197 -0.000002 0.000002 -23.887131 -0.249080 -0.839479 -60.532520 2.288119 -1.812228 -0.294024 1.679686 0.833255 -14.218192 0.093214 1.300580 -34.212002 -0.287566 0.967169 -20.033180 0.964537 1.212842 -0.000000 0.000001 0.000000 -3.440385 0.788233 0.501654 -15.928169 -3.167308 2.999703 -6.338817 -0.000001 0.000001 -18.123413 3.648174 -4.905659 -0.000005 0.000001 -0.000000 16.702793 18.110281 9.244634 39.928818 36.562134 -20.755377 -179.768021 61.212929 -179.454559 1.604886 5.788000 -3.033346 2.243540 -5.255032 -3.180155 14.282877 -0.826594 6.952496 -0.000002 -12.690586 0.000002 15.559737 -17.734758 2.943381 1.665663 -1.955919 -2.878297 4.727795 -4.170584 4.993920 11.020513 0.000003 -0.000001 12.109031 -3.735709 -2.866779 0.000000 -0.000001 -0.000000 1.291985 -1.928548 -1.498088 14.800114 0.567467 3.865603 14.242554 -1.341733 -6.660648 19.631939 0.143926 -0.648243 49.017929 -0.808188 -6.213306 0.353029 -1.511149 -0.031940 20.222769 3.684305 2.316627 18.787245 0.000004 0.000000 10.751610 -0.479868 1.397904 -0.000000 0.000001 -0.000000 3.273805 0.305946 -0.580110 21.486788 11.830361 2.266129 8.162918 0.000001 -0.000000 18.399055 -3.798980 -4.940566 0.000003 -0.000000 -0.000001 4.243125 5.964760 3.968454 0.056237 -0.949138 43.829914 -14.770196 7.379147 -33.835152 1.694925 -2.112056 -1.074635 0.000000 0.000001 0.000002 -18.583765 7.817804 -32.810272 0.371484 0.460319 54.673466 15.436922 -1.483383 -16.723476 -1.444825 0.948126 -0.136896 0.000000 0.000000 -0.000001 
-51.631027 87.788437 57.272339 5.166092 -1.356529 -6.611287 -3.362833 -0.122216 -0.118414 -1.402428 -1.740391 -4.754439 -4.882743 -3.468940 6.180818 3.849644 0.882851 12.116879 -0.910277 -1.503428 -3.704646 1.818416 -2.860212 -4.110230 0.000077 -0.000022 0.000006 -0.010093 0.146234 -0.002951 0.706755 -3.565252 -10.677391 -0.740113 3.852377 -10.715184 -10.694183 -19.602331 8.823530 -50.155663 -47.412186 -6.908468 -179.875854 -58.308224 179.804825 5.052554 0.121268 -17.094587 -5.882100 9.861278 0.702589 -10.936858 -0.360576 7.156196 0.000001 8.774814 -0.000002 -15.995677 18.194014 5.956832 -1.844031 2.498503 -2.507277 -10.163589 4.678938 4.621102 -20.975996 -0.000006 0.000003 -21.226255 2.451693 -3.593992 -0.000000 -0.000007 0.000001 -1.362679 2.240796 -0.746324 -21.334887 0.584907 3.008322 -13.821197 -0.000002 0.000002 -23.887133 -0.249079 -0.839480 -60.546951 2.281446 -1.804855 -0.294024 1.679686 0.833255 -14.218194 0.093214 1.300581 -34.212006 -0.287564 0.967169 -20.033178 0.964533 1.212842 -0.000000 -0.000000 -0.000000 -3.440385 0.788233 0.501656 -15.928165 -3.167307 2.999703 -6.338817 -0.000000 0.000002 -18.123413 3.648174 -4.905662 -0.000005 0.000002 -0.000001 16.719528 18.062923 9.243052 39.923275 36.587444 -20.739510 -179.817749 61.251930 -179.453125 1.600747 5.762390 -3.178140 2.243540 -5.255033 -3.180155 14.282873 -0.826595 6.952495 0.000000 -12.690591 -0.000000 15.576509 -17.751011 2.946371 1.665665 -1.955920 -2.878296 4.727793 -4.170583 4.993919 11.020512 0.000003 -0.000002 12.109032 -3.735709 -2.866781 0.000001 -0.000001 -0.000000 1.291986 -1.928548 -1.498088 14.800114 0.567467 3.865602 14.242553 -1.341735 -6.660649 19.631939 0.143926 -0.648245 49.000481 -0.812726 -6.236760 0.353030 -1.511149 -0.031940 20.222765 3.684305 2.316627 18.787245 0.000004 -0.000001 10.751609 -0.479867 1.397903 0.000000 0.000000 0.000000 3.273803 0.305947 -0.580111 21.486790 11.830362 2.266130 8.162919 0.000001 -0.000001 18.399052 -3.798979 -4.940568 0.000003 0.000000 -0.000001 4.237351 5.886654 4.042949 0.062023 -0.923542 43.655071 -14.753537 7.484838 -33.880505 1.689837 -2.100052 -1.050384 0.000000 -0.000000 0.000002 -18.554192 7.851095 -32.759769 0.367686 0.447902 54.593746 15.397274 -1.522530 -16.722641 -1.444840 0.955989 -0.141382 -0.000000 -0.000000 -0.000001 
-51.642464 87.823235 57.306068 5.125466 -1.359151 -6.575877 -3.370233 -0.137842 -0.144807 -1.395358 -1.726478 -4.766360 -4.856389 -3.471513 6.200003 3.848577 0.853543 12.047829 -0.931578 -1.496655 -3.715856 1.786115 -2.909137 -4.112345 0.000077 -0.000022 0.000006 -0.008935 0.149671 -0.005585 0.710127 -3.557676 -10.670950 -0.739883 3.855518 -10.709289 -10.708732 -19.565313 8.830286 -50.289349 -47.418854 -6.818178 -179.825119 -58.261879 179.743362 5.095850 0.070985 -17.132578 -5.882100 9.861279 0.702589 -10.936860 -0.360575 7.156198 -0.000001 8.774816 -0.000003 -16.036707 18.203730 5.953573 -1.844031 2.498502 -2.507277 -10.163591 4.678941 4.621106 -20.975996 -0.000003 0.000004 -21.226254 2.451694 -3.593992 -0.000001 -0.000007 0.000001 -1.362680 2.240797 -0.746320 -21.334896 0.584908 3.008322 -13.821198 -0.000002 0.000004 -23.887135 -0.249079 -0.839478 -60.588459 2.268674 -1.803133 -0.294024 1.679686 0.833256 -14.218194 0.093213 1.300581 -34.212002 -0.287562 0.967173 -20.033182 0.964537 1.212843 -0.000000 0.000001 0.000001 -3.440386 0.788233 0.501656 -15.928169 -3.167308 2.999706 -6.338818 -0.000000 0.000002 -18.123415 3.648176 -4.905662 -0.000005 0.000002 -0.000001 16.756876 18.026373 9.290845 39.844952 36.605236 -20.744156 -179.812332 61.262669 -179.419312 1.616109 5.774939 -3.275155 2.243541 -5.255033 -3.180156 14.282875 -0.826590 6.952495 -0.000002 -12.690592 -0.000002 15.562325 -17.770344 2.952726 1.665665 -1.955921 -2.878296 4.727796 -4.170582 4.993918 11.020510 0.000004 -0.000001 12.109034 -3.735710 -2.866781 0.000001 -0.000000 0.000000 1.291984 -1.928548 -1.498088 14.800111 0.567469 3.865602 14.242553 -1.341735 -6.660650 19.631939 0.143928 -0.648243 49.018532 -0.822693 -6.241844 0.353029 -1.511149 -0.031941 20.222769 3.684309 2.316628 18.787243 0.000005 -0.000001 10.751610 -0.479867 1.397904 -0.000000 0.000000 -0.000000 3.273803 0.305947 -0.580111 21.486792 11.830369 2.266133 8.162917 0.000002 -0.000000 18.399052 -3.798978 -4.940567 0.000003 0.000000 -0.000001 4.261032 5.840077 4.082893 0.065098 -0.921889 43.523182 -14.756838 7.566502 -33.850376 1.689476 -2.089526 -1.036414 0.000000 -0.000001 0.000002 -18.499765 7.853541 -32.726089 0.379056 0.449040 54.513115 15.345527 -1.583581 -16.713297 -1.446681 0.960961 -0.153489 0.000000 0.000000 -0.000001 
-51.648926 87.851570 57.304615 5.088868 -1.370726 -6.540913 -3.379698 -0.118572 -0.170887 -1.396305 -1.745056 -4.777588 -4.829515 -3.459869 6.218434 3.856641 0.837885 11.970297 -0.949729 -1.458116 -3.722879 1.744743 -2.971198 -4.118306 0.000077 -0.000023 0.000006 -0.007408 0.156546 -0.009027 0.713618 -3.546940 -10.663301 -0.741008 3.853676 -10.698256 -10.723554 -19.505194 8.856197 -50.370598 -47.479034 -6.700007 -179.877625 -58.256813 179.737564 5.106676 0.052614 -17.154665 -5.882101 9.861278 0.702591 -10.936858 -0.360574 7.156198 0.000000 8.774814 -0.000002 -16.040211 18.211178 5.927843 -1.844030 2.498503 -2.507277 -10.163589 4.678942 4.621104 -20.975998 -0.000003 0.000001 -21.226254 2.451692 -3.593995 -0.000000 -0.000006 0.000001 -1.362680 2.240797 -0.746321 -21.334887 0.584909 3.008316 -13.821197 -0.000001 0.000002 -23.887133 -0.249080 -0.839483 -60.575947 2.265868 -1.820367 -0.294024 1.679686 0.833256 -14.218190 0.093215 1.300581 -34.211998 -0.287563 0.967168 -20.033180 0.964534 1.212840 -0.000000 0.000000 0.000000 -3.440384 0.788232 0.501655 -15.928167 -3.167306 2.999702 -6.338817 0.000001 0.000002 -18.123415 3.648177 -4.905661 -0.000005 0.000002 -0.000001 16.807570 18.005247 9.366722 39.757370 36.628368 -20.759253 -179.782684 61.251541 -179.442688 1.630917 5.765030 -3.251197 2.243538 -5.255032 -3.180155 14.282877 -0.826594 6.952497 -0.000000 -12.690590 -0.000000 15.600076 -17.798553 2.927868 1.665664 -1.955920 -2.878297 4.727795 -4.170584 4.993918 11.020513 0.000003 -0.000001 12.109035 -3.735711 -2.866780 0.000001 -0.000001 0.000000 1.291985 -1.928548 -1.498088 14.800113 0.567467 3.865605 14.242548 -1.341735 -6.660648 19.631937 0.143927 -0.648243 49.012154 -0.832545 -6.262551 0.353028 -1.511150 -0.031939 20.222769 3.684308 2.316629 18.787245 0.000004 0.000000 10.751610 -0.479868 1.397904 0.000000 0.000000 -0.000000 3.273803 0.305947 -0.580111 21.486788 11.830364 2.266132 8.162917 0.000001 0.000000 18.399052 -3.798980 -4.940567 0.000003 -0.000000 -0.000001 4.272719 5.805401 4.085305 0.071806 -0.924348 43.420258 -14.769204 7.651837 -33.861519 1.686953 -2.108269 -1.013984 0.000000 -0.000001 0.000002 -18.450514 7.857389 -32.723335 0.377484 0.452985 54.432449 15.341695 -1.648432 -16.673761 -1.446885 0.954752 -0.161654 0.000000 0.000000 -0.000001 
-51.707817 87.876060 57.377411 5.051312 -1.366183 -6.503461 -3.387956 -0.117587 -0.195033 -1.394619 -1.720977 -4.781359 -4.809639 -3.460118 6.241849 3.864635 0.808775 11.877823 -0.958393 -1.442994 -3.719243 1.705904 -3.002817 -4.121533 0.000077 -0.000022 0.000006 -0.006109 0.156550 -0.012047 0.713443 -3.538862 -10.657448 -0.738778 3.855280 -10.692622 -10.739455 -19.501375 8.866613 -50.424362 -47.496513 -6.584506 -179.967499 -58.273758 179.738480 5.105979 0.031752 -17.026026 -5.882101 9.861279 0.702591 -10.936859 -0.360574 7.156197 0.000002 8.774815 0.000000 -16.028482 18.206530 5.931913 -1.844032 2.498504 -2.507275 -10.163590 4.678941 4.621103 -20.975996 -0.000004 0.000002 -21.226255 2.451692 -3.593993 -0.000000 -0.000008 0.000001 -1.362682 2.240798 -0.746323 -21.334887 0.584908 3.008320 -13.821195 -0.000002 0.000000 -23.887131 -0.249079 -0.839482 -60.597874 2.254666 -1.831152 -0.294025 1.679686 0.833255 -14.218192 0.093214 1.300581 -34.212002 -0.287561 0.967170 -20.033180 0.964534 1.212841 -0.000001 -0.000001 0.000000 -3.440384 0.788232 0.501656 -15.928167 -3.167306 2.999704 -6.338817 0.000000 0.000002 -18.123411 3.648178 -4.905663 -0.000005 0.000001 -0.000003 16.823128 17.994173 9.409317 39.701916 36.663189 -20.839077 -179.771790 61.268761 -179.448929 1.664103 5.778088 -3.317848 2.243539 -5.255032 -3.180155 14.282879 -0.826594 6.952496 -0.000001 -12.690590 -0.000000 15.639318 -17.813511 2.908108 1.665664 -1.955920 -2.878296 4.727794 -4.170584 4.993918 11.020515 0.000004 -0.000001 12.109032 -3.735709 -2.866779 0.000001 0.000000 0.000000 1.291984 -1.928547 -1.498088 14.800113 0.567469 3.865603 14.242551 -1.341736 -6.660648 19.631941 0.143926 -0.648242 48.982533 -0.843728 -6.279131 0.353028 -1.511149 -0.031940 20.222771 3.684307 2.316628 18.787247 0.000004 -0.000000 10.751611 -0.479869 1.397903 -0.000000 0.000001 -0.000000 3.273805 0.305947 -0.580110 21.486792 11.830361 2.266130 8.162916 0.000001 -0.000001 18.399054 -3.798979 -4.940567 0.000003 0.000000 -0.000001 4.337310 5.757887 4.180496 0.080425 -0.916350 43.221947 -14.792514 7.660508 -33.854698 1.685338 -2.108366 -1.016240 0.000000 -0.000000 0.000002 -18.358521 7.846049 -32.695599 0.382905 0.461785 54.426689 15.319871 -1.709434 -16.728891 -1.446866 0.936394 -0.143177 -0.000000 -0.000000 -0.000001 
-51.708366 87.887688 57.387661 5.018950 -1.349714 -6.470988 -3.390238 -0.106378 -0.211513 -1.398951 -1.715395 -4.787392 -4.789767 -3.457577 6.251556 3.888313 0.811766 11.807447 -0.970032 -1.478400 -3.714162 1.669809 -3.009596 -4.124817 0.000077 -0.000023 0.000006 -0.004585 0.149688 -0.015529 0.714046 -3.546720 -10.666595 -0.736515 3.845824 -10.697209 -10.737864 -19.483561 8.875740 -50.464142 -47.555004 -6.550301 179.978195 -58.299576 179.723923 5.052861 0.022954 -16.871508 -5.882101 9.861279 0.702589 -10.936858 -0.360576 7.156196 -0.000001 8.774815 -0.000003 -16.052437 18.179346 5.895516 -1.844032 2.498503 -2.507277 -10.163589 4.678940 4.621103 -20.975996 -0.000004 0.000001 -21.226255 2.451692 -3.593995 -0.000001 -0.000007 0.000000 -1.362679 2.240797 -0.746322 -21.334892 0.584906 3.008322 -13.821194 -0.000004 0.000003 -23.887131 -0.249081 -0.839479 -60.612167 2.234081 -1.828516 -0.294025 1.679686 0.833254 -14.218192 0.093213 1.300579 -34.212002 -0.287566 0.967170 -20.033182 0.964533 1.212841 -0.000000 0.000001 0.000000 -3.440385 0.788232 0.501654 -15.928169 -3.167308 2.999704 -6.338820 -0.000001 0.000003 -18.123415 3.648174 -4.905661 -0.000006 0.000001 -0.000003 16.827181 17.995390 9.431457 39.616791 36.667412 -20.909306 -179.728653 61.313770 -179.491577 1.646267 5.796475 -3.240238 2.243539 -5.255032 -3.180155 14.282877 -0.826594 6.952495 -0.000001 -12.690588 0.000001 15.701259 -17.783714 2.895574 1.665665 -1.955919 -2.878296 4.727795 -4.170583 4.993918 11.020513 0.000004 -0.000001 12.109033 -3.735708 -2.866779 0.000001 0.000001 0.000000 1.291984 -1.928548 -1.498088 14.800111 0.567468 3.865603 14.242556 -1.341733 -6.660648 19.631939 0.143926 -0.648242 49.016727 -0.840804 -6.270240 0.353028 -1.511149 -0.031940 20.222773 3.684306 2.316628 18.787249 0.000004 -0.000000 10.751610 -0.479867 1.397904 -0.000000 0.000001 -0.000000 3.273804 0.305947 -0.580110 21.486792 11.830361 2.266130 8.162916 0.000002 -0.000000 18.399052 -3.798979 -4.940567 0.000003 -0.000000 -0.000001 4.363220 5.739215 4.148935 0.083869 -0.920918 43.222324 -14.748133 7.626428 -33.828419 1.685670 -2.114722 -1.017600 0.000000 -0.000000 0.000002 -18.323593 7.844649 -32.694347 0.370806 0.460736 54.393120 15.323668 -1.739214 -16.724583 -1.447692 0.916504 -0.115083 0.000000 -0.000000 -0.000001 
-51.718510 87.904121 57.371670 4.986144 -1.344749 -6.441571 -3.386093 -0.097186 -0.226446 -1.400822 -1.699984 -4.793651 -4.790902 -3.473319 6.263392 3.928626 0.839486 11.758159 -0.984657 -1.526352 -3.710726 1.650080 -3.011564 -4.138681 0.000077 -0.000023 0.000006 -0.003451 0.129797 -0.017606 0.712142 -3.563321 -10.676661 -0.732488 3.834041 -10.709505 -10.721071 -19.472263 8.887897 -50.441185 -47.605465 -6.535910 179.886032 -58.321781 179.766846 5.001737 0.022003 -16.731775 -5.882101 9.861278 0.702589 -10.936858 -0.360573 7.156197 -0.000000 8.774814 -0.000002 -16.025290 18.167055 5.892588 -1.844030 2.498502 -2.507275 -10.163589 4.678940 4.621103 -20.975994 -0.000002 0.000001 -21.226254 2.451693 -3.593994 -0.000000 -0.000008 -0.000001 -1.362681 2.240797 -0.746322 -21.334887 0.584910 3.008322 -13.821194 -0.000001 0.000001 -23.887129 -0.249078 -0.839482 -60.657001 2.227189 -1.843196 -0.294024 1.679686 0.833256 -14.218194 0.093216 1.300579 -34.212002 -0.287560 0.967168 -20.033178 0.964536 1.212839 -0.000000 0.000000 0.000000 -3.440385 0.788233 0.501657 -15.928167 -3.167305 2.999703 -6.338817 0.000000 0.000003 -18.123411 3.648178 -4.905661 -0.000006 0.000002 -0.000000 16.825445 18.008890 9.418855 39.580425 36.667656 -20.943897 -179.704041 61.379356 -179.461975 1.618754 5.840454 -3.253572 2.243540 -5.255031 -3.180156 14.282875 -0.826593 6.952497 -0.000002 -12.690590 -0.000001 15.723923 -17.734625 2.892771 1.665665 -1.955920 -2.878297 4.727794 -4.170582 4.993919 11.020513 0.000004 -0.000001 12.109033 -3.735709 -2.866780 0.000001 0.000001 0.000000 1.291984 -1.928548 -1.498088 14.800111 0.567469 3.865603 14.242551 -1.341734 -6.660648 19.631941 0.143926 -0.648242 48.995201 -0.841852 -6.264214 0.353029 -1.511150 -0.031940 20.222769 3.684307 2.316628 18.787247 0.000004 -0.000000 10.751612 -0.479868 1.397904 -0.000000 0.000001 -0.000000 3.273804 0.305947 -0.580111 21.486794 11.830363 2.266132 8.162916 0.000002 0.000000 18.399052 -3.798979 -4.940567 0.000003 -0.000000 -0.000001 4.391209 5.703525 4.065933 0.076432 -0.921522 43.311291 -14.743279 7.615830 -33.728893 1.689544 -2.119559 -1.051996 0.000000 -0.000001 0.000002 -18.281815 7.856810 -32.705456 0.363934 0.459596 54.341183 15.301947 -1.810663 -16.692070 -1.447704 0.895187 -0.081100 0.000000 -0.000000 -0.000001 
-51.703709 87.906036 57.357628 4.954119 -1.310207 -6.418679 -3.386260 -0.106642 -0.222099 -1.400652 -1.672277 -4.786376 -4.792402 -3.509915 6.256120 3.968174 0.879727 11.728650 -1.003490 -1.575028 -3.713408 1.646270 -3.018381 -4.173365 0.000077 -0.000022 0.000006 -0.002900 0.126369 -0.019371 0.711675 -3.572531 -10.685173 -0.729241 3.832627 -10.710546 -10.676784 -19.430481 8.865451 -50.464634 -47.674023 -6.423786 179.698135 -58.366776 179.913162 4.918125 0.048319 -16.600731 -5.882098 9.861276 0.702590 -10.936857 -0.360575 7.156195 0.000001 8.774814 0.000001 -16.023626 18.153675 5.868515 -1.844032 2.498502 -2.507276 -10.163587 4.678939 4.621105 -20.975994 -0.000005 -0.000000 -21.226255 2.451690 -3.593994 0.000000 -0.000007 -0.000001 -1.362679 2.240796 -0.746322 -21.334887 0.584907 3.008318 -13.821197 -0.000003 0.000001 -23.887129 -0.249081 -0.839481 -60.601997 2.226317 -1.888172 -0.294024 1.679686 0.833255 -14.218190 0.093214 1.300578 -34.211998 -0.287567 0.967168 -20.033175 0.964532 1.212841 0.000000 0.000001 0.000000 -3.440385 0.788232 0.501657 -15.928164 -3.167307 2.999703 -6.338815 -0.000001 0.000001 -18.123415 3.648175 -4.905662 -0.000006 0.000001 -0.000003 16.788122 18.027840 9.371669 39.569019 36.657063 -20.927334 -179.559906 61.444229 -179.349670 1.661711 5.859363 -3.234706 2.243538 -5.255033 -3.180155 14.282871 -0.826593 6.952495 -0.000002 -12.690588 0.000001 15.702501 -17.707434 2.910045 1.665664 -1.955919 -2.878297 4.727794 -4.170583 4.993919 11.020512 0.000004 -0.000002 12.109032 -3.735708 -2.866778 0.000002 0.000001 0.000001 1.291984 -1.928548 -1.498087 14.800113 0.567468 3.865602 14.242553 -1.341734 -6.660650 19.631935 0.143927 -0.648244 48.960030 -0.853291 -6.250882 0.353029 -1.511150 -0.031940 20.222769 3.684307 2.316628 18.787245 0.000004 -0.000001 10.751610 -0.479867 1.397904 0.000000 0.000000 -0.000000 3.273804 0.305947 -0.580110 21.486788 11.830363 2.266130 8.162916 0.000002 -0.000000 18.399050 -3.798979 -4.940567 0.000003 -0.000000 -0.000001 4.402043 5.666664 3.981837 0.076925 -0.929225 43.409718 -14.704319 7.617330 -33.696949 1.696353 -2.123964 -1.090173 0.000000 -0.000001 0.000002 -18.261738 7.859514 -32.708397 0.351091 0.461297 54.313023 15.290569 -1.884017 -16.678867 -1.449084 0.876555 -0.052918 0.000000 0.000000 -0.000001 
-51.694370 87.898376 57.312202 4.924176 -1.279541 -6.404752 -3.378195 -0.099748 -0.213935 -1.409438 -1.694377 -4.788599 -4.799472 -3.498679 6.255396 4.008058 0.879948 11.710893 -1.004077 -1.597696 -3.714917 1.637497 -3.028004 -4.242201 0.000077 -0.000022 0.000006 -0.003117 0.129100 -0.018580 0.704516 -3.571027 -10.678810 -0.723167 3.832112 -10.705014 -10.612166 -19.395370 8.858866 -50.507515 -47.782093 -6.279403 179.464447 -58.496338 -179.931030 4.911005 0.022407 -16.526791 -5.882101 9.861277 0.702589 -10.936859 -0.360574 7.156196 0.000001 8.774812 0.000000 -15.987732 18.144819 5.876184 -1.844030 2.498503 -2.507275 -10.163589 4.678938 4.621103 -20.975998 -0.000002 0.000004 -21.226255 2.451692 -3.593993 -0.000000 -0.000006 0.000000 -1.362680 2.240796 -0.746326 -21.334890 0.584907 3.008321 -13.821197 -0.000002 0.000003 -23.887131 -0.249077 -0.839480 -60.571236 2.243169 -1.922059 -0.294025 1.679685 0.833252 -14.218194 0.093213 1.300579 -34.212013 -0.287563 0.967172 -20.033180 0.964533 1.212843 -0.000000 -0.000001 0.000001 -3.440386 0.788233 0.501657 -15.928169 -3.167307 2.999704 -6.338818 -0.000000 0.000001 -18.123415 3.648174 -4.905659 -0.000006 0.000002 -0.000001 16.747618 18.060490 9.322496 39.555786 36.661018 -20.886044 -179.445801 61.533539 -179.292297 1.670796 5.865419 -3.284186 2.243541 -5.255033 -3.180155 14.282877 -0.826595 6.952496 -0.000002 -12.690591 0.000001 15.690771 -17.651299 2.909426 1.665665 -1.955921 -2.878297 4.727794 -4.170583 4.993919 11.020513 0.000004 -0.000001 12.109029 -3.735710 -2.866778 0.000002 -0.000000 0.000001 1.291985 -1.928548 -1.498088 14.800111 0.567468 3.865603 14.242551 -1.341735 -6.660649 19.631939 0.143927 -0.648243 48.933281 -0.861366 -6.240583 0.353028 -1.511150 -0.031940 20.222769 3.684305 2.316628 18.787247 0.000004 0.000000 10.751611 -0.479867 1.397904 -0.000000 0.000001 -0.000000 3.273804 0.305947 -0.580110 21.486792 11.830363 2.266131 8.162916 0.000001 -0.000000 18.399052 -3.798980 -4.940567 0.000003 0.000000 -0.000001 4.411156 5.612238 3.831891 0.072006 -0.931211 43.634598 -14.683065 7.633555 -33.621765 1.701114 -2.134891 -1.119808 0.000000 -0.000000 0.000002 -18.247417 7.887705 -32.737041 0.343690 0.456964 54.300350 15.298334 -1.949093 -16.654116 -1.448221 0.874727 0.005601 0.000000 -0.000000 -0.000001 
-51.748825 87.886604 57.335503 4.885330 -1.214577 -6.392787 -3.372958 -0.120165 -0.206825 -1.417892 -1.687389 -4.771630 -4.805063 -3.503628 6.239960 4.043604 0.872869 11.706232 -0.989227 -1.656198 -3.714288 1.634713 -2.978123 -4.339846 0.000077 -0.000023 0.000006 -0.003254 0.135945 -0.015061 0.698804 -3.564880 -10.674857 -0.718657 3.837638 -10.696872 -10.562210 -19.387911 8.845272 -50.548973 -47.862293 -6.136367 179.318390 -58.570686 -179.798538 4.910120 0.021731 -16.548449 -5.882099 9.861278 0.702591 -10.936858 -0.360575 7.156199 0.000000 8.774813 -0.000001 -15.987626 18.116405 5.845965 -1.844031 2.498502 -2.507276 -10.163589 4.678938 4.621105 -20.975992 -0.000005 0.000002 -21.226250 2.451690 -3.593993 -0.000000 -0.000006 0.000000 -1.362680 2.240796 -0.746322 -21.334887 0.584907 3.008322 -13.821197 -0.000001 0.000004 -23.887131 -0.249080 -0.839478 -60.498863 2.265739 -1.947729 -0.294025 1.679685 0.833256 -14.218194 0.093212 1.300579 -34.211998 -0.287564 0.967174 -20.033178 0.964535 1.212843 -0.000001 0.000001 0.000001 -3.440384 0.788232 0.501655 -15.928173 -3.167306 2.999703 -6.338818 -0.000001 0.000002 -18.123415 3.648175 -4.905661 -0.000006 0.000003 -0.000003 16.689789 18.075775 9.269111 39.568703 36.671116 -20.919804 -179.418518 61.597702 -179.304413 1.708074 5.837725 -3.294734 2.243539 -5.255033 -3.180155 14.282877 -0.826593 6.952496 -0.000002 -12.690592 -0.000001 15.661373 -17.653107 2.896444 1.665663 -1.955919 -2.878296 4.727792 -4.170582 4.993918 11.020511 0.000004 -0.000001 12.109034 -3.735711 -2.866779 0.000002 -0.000001 0.000001 1.291985 -1.928549 -1.498088 14.800111 0.567469 3.865603 14.242553 -1.341735 -6.660648 19.631937 0.143926 -0.648242 48.893440 -0.880468 -6.222123 0.353028 -1.511150 -0.031940 20.222767 3.684307 2.316629 18.787245 0.000005 0.000001 10.751609 -0.479868 1.397904 -0.000000 -0.000000 -0.000000 3.273804 0.305947 -0.580110 21.486790 11.830366 2.266133 8.162917 0.000002 0.000000 18.399052 -3.798979 -4.940567 0.000003 0.000000 -0.000001 4.489983 5.543624 3.789140 0.067536 -0.937003 43.721130 -14.694004 7.611671 -33.574280 1.704891 -2.145515 -1.149613 -0.000000 0.000000 0.000002 -18.178316 7.911385 -32.733398 0.341711 0.450885 54.365406 15.277124 -2.050302 -16.728960 -1.448665 0.875654 0.075184 -0.000000 -0.000000 -0.000001 
-51.813919 87.871735 57.380398 4.839379 -1.143776 -6.403322 -3.358833 -0.141050 -0.182022 -1.421103 -1.676004 -4.772359 -4.819617 -3.512575 6.242051 4.078252 0.863821 11.695830 -0.968842 -1.712326 -3.715212 1.606928 -2.925115 -4.440267 0.000077 -0.000022 0.000006 -0.002362 0.146202 -0.010589 0.695376 -3.560030 -10.675978 -0.712233 3.848731 -10.690485 -10.505576 -19.376629 8.864819 -50.539597 -47.979671 -6.131733 179.275513 -58.662796 -179.754776 4.919376 0.028630 -16.689352 -5.882099 9.861279 0.702589 -10.936858 -0.360574 7.156197 0.000001 8.774813 -0.000001 -15.969062 18.105669 5.842980 -1.844031 2.498503 -2.507276 -10.163588 4.678940 4.621104 -20.975994 -0.000004 0.000002 -21.226248 2.451690 -3.593993 -0.000000 -0.000007 0.000000 -1.362680 2.240796 -0.746322 -21.334887 0.584908 3.008320 -13.821195 -0.000003 0.000001 -23.887129 -0.249079 -0.839479 -60.424358 2.257680 -1.954763 -0.294025 1.679687 0.833255 -14.218190 0.093214 1.300581 -34.212002 -0.287564 0.967168 -20.033175 0.964534 1.212841 -0.000000 0.000001 -0.000000 -3.440384 0.788233 0.501657 -15.928165 -3.167306 2.999706 -6.338817 0.000001 0.000002 -18.123413 3.648175 -4.905663 -0.000005 0.000002 -0.000002 16.645433 18.095556 9.214276 39.604736 36.674957 -20.947622 -179.464355 61.638416 -179.382675 1.694945 5.787583 -3.297846 2.243540 -5.255033 -3.180155 14.282875 -0.826594 6.952497 -0.000001 -12.690591 0.000001 15.671382 -17.651939 2.876125 1.665665 -1.955920 -2.878297 4.727792 -4.170583 4.993919 11.020511 0.000003 -0.000001 12.109030 -3.735711 -2.866779 0.000002 -0.000000 0.000001 1.291984 -1.928548 -1.498088 14.800111 0.567467 3.865603 14.242546 -1.341735 -6.660649 19.631939 0.143926 -0.648244 48.859989 -0.886373 -6.219229 0.353029 -1.511149 -0.031940 20.222765 3.684306 2.316628 18.787243 0.000003 0.000000 10.751610 -0.479869 1.397904 -0.000000 0.000001 0.000000 3.273803 0.305947 -0.580110 21.486788 11.830363 2.266132 8.162917 0.000001 0.000000 18.399052 -3.798980 -4.940567 0.000003 0.000000 -0.000001 4.587464 5.461626 3.766292 0.065356 -0.943788 43.858753 -14.727296 7.561166 -33.460392 1.707192 -2.145132 -1.129487 -0.000000 -0.000002 0.000002 -18.098005 7.955116 -32.697109 0.342054 0.430075 54.449631 15.241634 -2.143063 -16.833277 -1.448201 0.878015 0.144973 0.000000 0.000000 -0.000001 
-51.863934 87.839714 57.417774 4.796420 -1.033489 -6.408785 -3.353647 -0.151937 -0.159533 -1.422519 -1.687701 -4.758008 -4.835539 -3.522374 6.235903 4.119584 0.835345 11.660797 -0.954548 -1.775519 -3.723891 1.568926 -2.909752 -4.539683 0.000077 -0.000022 0.000006 -0.001786 0.156486 -0.009194 0.693908 -3.549798 -10.676023 -0.710004 3.866557 -10.689013 -10.439727 -19.379955 8.899947 -50.566452 -48.079575 -6.147189 179.382004 -58.734863 -179.800339 4.931897 -0.004698 -16.861254 -5.882102 9.861278 0.702590 -10.936858 -0.360574 7.156196 0.000001 8.774814 0.000001 -15.953913 18.119040 5.849346 -1.844031 2.498502 -2.507277 -10.163588 4.678940 4.621104 -20.975996 -0.000003 0.000002 -21.226250 2.451693 -3.593992 -0.000000 -0.000008 0.000000 -1.362681 2.240797 -0.746325 -21.334887 0.584910 3.008322 -13.821197 0.000002 0.000002 -23.887131 -0.249076 -0.839481 -60.368256 2.267243 -1.951732 -0.294025 1.679687 0.833255 -14.218190 0.093215 1.300581 -34.212002 -0.287563 0.967170 -20.033176 0.964537 1.212840 -0.000000 0.000001 -0.000000 -3.440387 0.788233 0.501652 -15.928167 -3.167305 2.999702 -6.338817 0.000001 0.000003 -18.123411 3.648176 -4.905662 -0.000006 0.000002 -0.000001 16.585108 18.095789 9.167397 39.681736 36.681503 -20.942438 -179.500320 61.664337 -179.404587 1.714477 5.697041 -3.339765 2.243537 -5.255032 -3.180155 14.282875 -0.826593 6.952496 -0.000003 -12.690591 -0.000000 15.658930 -17.663574 2.845679 1.665665 -1.955920 -2.878296 4.727790 -4.170582 4.993918 11.020509 0.000003 -0.000001 12.109030 -3.735709 -2.866780 0.000001 -0.000000 0.000001 1.291983 -1.928548 -1.498088 14.800111 0.567468 3.865604 14.242551 -1.341735 -6.660650 19.631933 0.143927 -0.648243 48.836365 -0.873388 -6.221797 0.353029 -1.511150 -0.031940 20.222763 3.684307 2.316628 18.787241 0.000005 -0.000000 10.751608 -0.479867 1.397904 -0.000000 0.000000 -0.000000 3.273803 0.305947 -0.580110 21.486788 11.830366 2.266131 8.162914 0.000002 0.000000 18.399048 -3.798979 -4.940567 0.000003 -0.000000 -0.000001 4.669522 5.359034 3.743890 0.054485 -0.954373 43.946522 -14.774457 7.518955 -33.500881 1.707202 -2.155916 -1.121141 0.000000 0.000000 0.000001 -18.031025 7.938699 -32.672897 0.347792 0.429377 54.568977 15.212071 -2.215234 -16.951908 -1.448783 0.887815 0.165671 -0.000000 -0.000000 -0.000001 
-51.849972 87.812462 57.454830 4.747855 -0.927205 -6.417172 -3.344602 -0.150638 -0.133536 -1.417580 -1.689368 -4.748298 -4.848394 -3.556000 6.248919 4.146526 0.790756 11.605649 -0.943436 -1.834045 -3.730863 1.530764 -2.938978 -4.623592 0.000077 -0.000022 0.000006 -0.001628 0.172920 -0.009253 0.691100 -3.527949 -10.669744 -0.707037 3.878819 -10.685864 -10.379010 -19.383474 8.926872 -50.592937 -48.181828 -6.300021 179.699203 -58.797489 179.935822 4.898375 -0.025079 -17.110962 -5.882102 9.861279 0.702589 -10.936861 -0.360574 7.156198 0.000002 8.774815 -0.000001 -15.956322 18.136782 5.844919 -1.844031 2.498504 -2.507275 -10.163589 4.678939 4.621103 -20.976000 -0.000005 0.000003 -21.226250 2.451692 -3.593992 -0.000000 -0.000007 0.000000 -1.362681 2.240797 -0.746324 -21.334892 0.584909 3.008322 -13.821197 -0.000003 0.000002 -23.887131 -0.249078 -0.839481 -60.340935 2.266403 -1.953076 -0.294025 1.679687 0.833255 -14.218192 0.093213 1.300578 -34.211998 -0.287564 0.967170 -20.033180 0.964534 1.212841 -0.000000 0.000002 -0.000001 -3.440386 0.788233 0.501658 -15.928169 -3.167306 2.999705 -6.338820 0.000001 0.000002 -18.123413 3.648178 -4.905662 -0.000005 0.000002 -0.000001 16.539370 18.070864 9.118908 39.688511 36.690956 -20.999264 -179.565567 61.712223 -179.455673 1.698358 5.631040 -3.393310 2.243540 -5.255033 -3.180156 14.282875 -0.826591 6.952497 -0.000000 -12.690591 -0.000000 15.641298 -17.698402 2.825988 1.665664 -1.955919 -2.878296 4.727792 -4.170582 4.993919 11.020511 0.000005 -0.000000 12.109032 -3.735709 -2.866778 0.000001 0.000001 0.000001 1.291984 -1.928548 -1.498088 14.800113 0.567468 3.865605 14.242553 -1.341735 -6.660649 19.631939 0.143926 -0.648243 48.804569 -0.852589 -6.253866 0.353030 -1.511150 -0.031939 20.222767 3.684306 2.316629 18.787245 0.000005 0.000001 10.751610 -0.479868 1.397905 -0.000000 0.000000 -0.000000 3.273804 0.305947 -0.580110 21.486792 11.830363 2.266132 8.162917 0.000001 0.000000 18.399052 -3.798979 -4.940565 0.000003 0.000000 -0.000001 4.714818 5.270828 3.711184 0.039108 -0.963893 44.068859 -14.794354 7.481930 -33.539688 1.705253 -2.149777 -1.105606 0.000000 -0.000002 0.000002 -18.002491 7.914554 -32.620178 0.344672 0.425197 54.632843 15.204668 -2.241892 -17.039101 -1.449277 0.898800 0.150075 -0.000000 -0.000000 -0.000001 
-51.840179 87.786575 57.472366 4.702039 -0.807059 -6.428603 -3.350753 -0.141374 -0.112291 -1.411523 -1.682970 -4.737473 -4.857168 -3.607738 6.256231 4.168393 0.752125 11.547448 -0.929164 -1.890294 -3.719665 1.488688 -2.983756 -4.692666 0.000077 -0.000023 0.000006 -0.001189 0.177048 -0.009294 0.693284 -3.526195 -10.663671 -0.707982 3.884167 -10.677563 -10.319866 -19.403553 8.951825 -50.606606 -48.268539 -6.372848 179.889252 -58.846661 179.766281 4.860059 -0.034362 -17.362507 -5.882103 9.861279 0.702589 -10.936858 -0.360574 7.156199 0.000001 8.774809 -0.000001 -15.979015 18.160311 5.852333 -1.844031 2.498502 -2.507276 -10.163589 4.678941 4.621104 -20.975992 -0.000003 0.000001 -21.226250 2.451693 -3.593993 -0.000000 -0.000006 0.000001 -1.362681 2.240797 -0.746322 -21.334892 0.584911 3.008322 -13.821197 0.000000 0.000002 -23.887131 -0.249077 -0.839482 -60.338474 2.272938 -1.962552 -0.294024 1.679685 0.833256 -14.218194 0.093216 1.300578 -34.212002 -0.287561 0.967169 -20.033178 0.964534 1.212841 -0.000000 0.000001 -0.000000 -3.440385 0.788232 0.501654 -15.928169 -3.167304 2.999703 -6.338817 0.000000 0.000002 -18.123411 3.648177 -4.905661 -0.000006 0.000002 -0.000001 16.505089 18.046122 9.057868 39.697906 36.638950 -21.039335 -179.617767 61.722000 -179.504868 1.671414 5.582082 -3.408240 2.243541 -5.255032 -3.180155 14.282877 -0.826593 6.952494 -0.000003 -12.690591 0.000002 15.637555 -17.694704 2.806614 1.665665 -1.955920 -2.878297 4.727795 -4.170582 4.993918 11.020513 0.000003 -0.000002 12.109033 -3.735707 -2.866780 0.000001 0.000001 0.000001 1.291985 -1.928548 -1.498088 14.800113 0.567469 3.865602 14.242554 -1.341732 -6.660650 19.631939 0.143928 -0.648244 48.818745 -0.837944 -6.257751 0.353029 -1.511149 -0.031940 20.222771 3.684308 2.316626 18.787245 0.000006 -0.000002 10.751610 -0.479867 1.397903 -0.000000 0.000000 -0.000000 3.273806 0.305947 -0.580110 21.486795 11.830365 2.266128 8.162916 0.000002 -0.000001 18.399054 -3.798977 -4.940568 0.000003 0.000000 -0.000001 4.756250 5.166750 3.664847 0.035459 -0.959425 44.186905 -14.830894 7.444289 -33.590645 1.704515 -2.150605 -1.095373 0.000000 -0.000001 0.000002 -17.983849 7.888177 -32.570068 0.346504 0.408848 54.688427 15.210388 -2.236382 -17.111364 -1.451522 0.905975 0.118415 -0.000000 -0.000000 -0.000001 
-51.843937 87.775269 57.429611 4.653764 -0.696444 -6.434275 -3.359914 -0.136691 -0.091714 -1.407495 -1.663030 -4.728907 -4.847871 -3.653372 6.254808 4.188466 0.674131 11.511838 -0.908644 -1.937298 -3.709604 1.444082 -3.039862 -4.759933 0.000077 -0.000023 0.000006 -0.000997 0.186685 -0.008474 0.691711 -3.515256 -10.640348 -0.706781 3.886302 -10.661593 -10.261007 -19.423840 8.948071 -50.642467 -48.329945 -6.363651 -179.918137 -58.911541 179.596863 4.862013 -0.067656 -17.494267 -5.882101 9.861279 0.702590 -10.936857 -0.360576 7.156197 -0.000001 8.774812 -0.000002 -15.967547 18.179722 5.848890 -1.844031 2.498504 -2.507274 -10.163589 4.678939 4.621103 -20.975998 -0.000003 0.000002 -21.226254 2.451691 -3.593993 -0.000000 -0.000007 0.000000 -1.362682 2.240796 -0.746323 -21.334887 0.584909 3.008319 -13.821197 -0.000004 0.000002 -23.887131 -0.249080 -0.839481 -60.338638 2.246469 -1.949444 -0.294024 1.679686 0.833258 -14.218194 0.093215 1.300577 -34.212002 -0.287565 0.967170 -20.033180 0.964534 1.212843 -0.000000 0.000002 0.000000 -3.440385 0.788233 0.501656 -15.928169 -3.167305 2.999703 -6.338819 -0.000000 0.000001 -18.123415 3.648176 -4.905661 -0.000005 0.000003 -0.000002 16.486904 17.996159 9.016603 39.702679 36.585838 -21.046703 -179.603455 61.711643 -179.452515 1.647484 5.570688 -3.428579 2.243540 -5.255031 -3.180155 14.282875 -0.826593 6.952495 -0.000001 -12.690588 0.000002 15.668952 -17.719084 2.786497 1.665665 -1.955919 -2.878297 4.727795 -4.170584 4.993919 11.020513 0.000003 -0.000001 12.109031 -3.735708 -2.866780 0.000002 -0.000000 0.000000 1.291983 -1.928547 -1.498088 14.800113 0.567468 3.865602 14.242553 -1.341732 -6.660648 19.631937 0.143927 -0.648245 48.833286 -0.810278 -6.279162 0.353030 -1.511150 -0.031940 20.222769 3.684305 2.316627 18.787245 0.000005 -0.000001 10.751610 -0.479867 1.397904 -0.000000 0.000000 0.000000 3.273805 0.305947 -0.580110 21.486792 11.830363 2.266129 8.162917 0.000001 -0.000000 18.399054 -3.798979 -4.940567 0.000003 0.000000 -0.000001 4.803544 5.070020 3.555562 0.040566 -0.951042 44.330780 -14.861966 7.387237 -33.606403 1.701556 -2.138956 -1.074184 0.000000 -0.000000 0.000001 -17.939072 7.837502 -32.545254 0.343450 0.416750 54.688648 15.213431 -2.268769 -17.108570 -1.453066 0.919394 0.091216 -0.000000 -0.000000 -0.000001 
-51.832264 87.774902 57.438816 4.608221 -0.572731 -6.434274 -3.373890 -0.138598 -0.076062 -1.407495 -1.645876 -4.728451 -4.821692 -3.676763 6.253573 4.254146 0.613292 11.515979 -0.906537 -1.972579 -3.703342 1.391762 -3.137133 -4.807708 0.000077 -0.000022 0.000006 0.000104 0.193543 -0.012253 0.692948 -3.500629 -10.628096 -0.705030 3.893086 -10.648479 -10.209891 -19.471037 8.917587 -50.739559 -48.317017 -6.324594 -179.760452 -58.931824 179.467712 4.871173 -0.078634 -17.602312 -5.882102 9.861279 0.702590 -10.936861 -0.360573 7.156196 0.000002 8.774813 0.000001 -15.994296 18.211100 5.860235 -1.844030 2.498502 -2.507274 -10.163590 4.678942 4.621101 -20.976002 -0.000001 0.000001 -21.226255 2.451694 -3.593993 -0.000000 -0.000006 0.000000 -1.362681 2.240797 -0.746323 -21.334890 0.584910 3.008319 -13.821197 -0.000001 0.000001 -23.887133 -0.249079 -0.839481 -60.355942 2.255472 -1.934723 -0.294025 1.679686 0.833255 -14.218194 0.093217 1.300579 -34.212006 -0.287565 0.967167 -20.033180 0.964536 1.212840 -0.000000 0.000001 -0.000000 -3.440384 0.788232 0.501654 -15.928169 -3.167304 2.999703 -6.338817 0.000000 0.000000 -18.123415 3.648176 -4.905662 -0.000006 0.000003 -0.000001 16.467430 17.953100 8.982206 39.707741 36.505085 -21.110567 -179.639053 61.670349 -179.431396 1.627432 5.500782 -3.406699 2.243540 -5.255032 -3.180155 14.282878 -0.826594 6.952496 -0.000001 -12.690586 0.000002 15.724042 -17.707418 2.766258 1.665666 -1.955920 -2.878296 4.727794 -4.170584 4.993918 11.020512 0.000004 -0.000001 12.109034 -3.735709 -2.866779 0.000001 -0.000000 0.000000 1.291985 -1.928547 -1.498088 14.800113 0.567467 3.865603 14.242556 -1.341734 -6.660648 19.631941 0.143925 -0.648243 48.879620 -0.782975 -6.269552 0.353030 -1.511150 -0.031940 20.222769 3.684305 2.316627 18.787249 0.000004 -0.000001 10.751610 -0.479868 1.397904 -0.000000 0.000000 0.000000 3.273804 0.305947 -0.580110 21.486794 11.830360 2.266129 8.162918 0.000001 -0.000000 18.399055 -3.798978 -4.940567 0.000003 0.000000 -0.000001 4.827551 4.950786 3.530473 0.045968 -0.943029 44.343864 -14.863302 7.374581 -33.652771 1.699902 -2.134410 -1.044374 -0.000000 0.000001 0.000002 -17.906439 7.780529 -32.472721 0.340334 0.423782 54.673458 15.229494 -2.297926 -17.140705 -1.455414 0.920188 0.071087 -0.000000 -0.000000 -0.000001 
-51.854263 87.766556 57.418472 4.572547 -0.437884 -6.426961 -3.399269 -0.151494 -0.068806 -1.409450 -1.624284 -4.717072 -4.793252 -3.719424 6.244668 4.341136 0.552167 11.544179 -0.928293 -1.976142 -3.703604 1.356852 -3.180140 -4.824844 0.000077 -0.000022 0.000006 0.000430 0.200405 -0.015762 0.694111 -3.486807 -10.608515 -0.705488 3.896973 -10.637889 -10.175593 -19.506021 8.926910 -50.774105 -48.334610 -6.336042 -179.601959 -58.958286 179.356857 4.871838 -0.108361 -17.690895 -5.882100 9.861279 0.702588 -10.936858 -0.360576 7.156198 0.000000 8.774815 -0.000001 -16.017506 18.227819 5.830134 -1.844031 2.498503 -2.507275 -10.163589 4.678939 4.621103 -20.975994 -0.000002 0.000003 -21.226254 2.451692 -3.593994 -0.000000 -0.000006 0.000000 -1.362680 2.240797 -0.746322 -21.334892 0.584908 3.008319 -13.821198 -0.000002 0.000002 -23.887133 -0.249076 -0.839481 -60.379116 2.236355 -1.912556 -0.294023 1.679686 0.833254 -14.218194 0.093215 1.300579 -34.212002 -0.287563 0.967172 -20.033176 0.964535 1.212843 -0.000000 -0.000001 -0.000000 -3.440386 0.788232 0.501655 -15.928167 -3.167306 2.999702 -6.338816 -0.000000 -0.000001 -18.123415 3.648178 -4.905662 -0.000005 0.000003 -0.000002 16.461254 17.937439 8.978127 39.668259 36.390228 -21.264830 -179.698059 61.599861 -179.450882 1.595616 5.510420 -3.276845 2.243540 -5.255033 -3.180155 14.282875 -0.826594 6.952494 -0.000000 -12.690588 -0.000000 15.806650 -17.707468 2.738143 1.665666 -1.955920 -2.878296 4.727795 -4.170583 4.993918 11.020512 0.000004 -0.000001 12.109030 -3.735708 -2.866778 0.000002 0.000001 0.000001 1.291984 -1.928548 -1.498087 14.800114 0.567468 3.865603 14.242554 -1.341735 -6.660650 19.631935 0.143926 -0.648243 48.975414 -0.759409 -6.286623 0.353029 -1.511150 -0.031940 20.222765 3.684306 2.316627 18.787245 0.000005 -0.000001 10.751610 -0.479868 1.397903 -0.000000 0.000000 -0.000000 3.273805 0.305947 -0.580110 21.486790 11.830360 2.266130 8.162914 0.000002 -0.000001 18.399054 -3.798979 -4.940567 0.000003 0.000000 -0.000001 4.850368 4.788680 3.480408 0.045580 -0.925183 44.332592 -14.861045 7.377572 -33.766964 1.701085 -2.118273 -1.024443 0.000000 -0.000000 0.000001 -17.862448 7.669914 -32.443726 0.347587 0.439425 54.692680 15.223841 -2.309456 -17.160990 -1.456716 0.907198 0.068099 -0.000000 -0.000000 -0.000001 
-51.945370 87.760559 57.447147 4.537716 -0.295354 -6.441410 -3.430213 -0.164143 -0.049121 -1.411978 -1.610388 -4.709593 -4.758974 -3.765943 6.255190 4.435488 0.505718 11.589796 -0.954269 -1.938669 -3.709235 1.318487 -3.236090 -4.808312 0.000077 -0.000022 0.000006 -0.000659 0.207245 -0.019938 0.693666 -3.478059 -10.611186 -0.706141 3.901103 -10.642649 -10.144158 -19.552704 8.961262 -50.805916 -48.358204 -6.367079 -179.494949 -58.953682 179.265289 4.838214 -0.129996 -17.692265 -5.882101 9.861279 0.702590 -10.936860 -0.360575 7.156198 0.000001 8.774815 -0.000002 -16.032711 18.232241 5.810746 -1.844031 2.498503 -2.507274 -10.163589 4.678940 4.621105 -20.975992 -0.000004 0.000002 -21.226255 2.451693 -3.593996 -0.000000 -0.000006 0.000001 -1.362681 2.240797 -0.746322 -21.334887 0.584910 3.008320 -13.821197 -0.000002 0.000001 -23.887131 -0.249079 -0.839482 -60.380363 2.232770 -1.905236 -0.294023 1.679685 0.833256 -14.218194 0.093214 1.300578 -34.212006 -0.287564 0.967166 -20.033178 0.964532 1.212841 -0.000000 0.000000 0.000000 -3.440385 0.788233 0.501655 -15.928167 -3.167307 2.999701 -6.338817 0.000000 0.000002 -18.123415 3.648175 -4.905663 -0.000006 0.000002 -0.000001 16.431574 17.944376 8.994257 39.649651 36.297882 -21.388676 -179.712280 61.500427 -179.456528 1.493084 5.515557 -3.075389 2.243539 -5.255033 -3.180155 14.282877 -0.826593 6.952495 -0.000003 -12.690593 0.000001 15.907376 -17.696888 2.714952 1.665666 -1.955920 -2.878296 4.727791 -4.170583 4.993917 11.020510 0.000004 -0.000001 12.109030 -3.735711 -2.866779 0.000001 -0.000000 0.000001 1.291985 -1.928549 -1.498087 14.800111 0.567470 3.865602 14.242553 -1.341735 -6.660648 19.631939 0.143926 -0.648243 49.025154 -0.747072 -6.291078 0.353027 -1.511149 -0.031940 20.222767 3.684308 2.316628 18.787245 0.000005 -0.000000 10.751609 -0.479867 1.397904 0.000000 0.000000 0.000000 3.273804 0.305947 -0.580110 21.486794 11.830364 2.266132 8.162916 0.000002 -0.000000 18.399052 -3.798978 -4.940567 0.000003 0.000000 -0.000001 4.914799 4.586868 3.498996 0.046135 -0.917541 44.299217 -14.916500 7.385056 -33.783569 1.703937 -2.115155 -1.009751 0.000000 -0.000000 0.000002 -17.767977 7.550696 -32.378304 0.357749 0.442091 54.766911 15.175788 -2.296117 -17.242760 -1.457339 0.889375 0.084635 -0.000000 -0.000000 -0.000001 
-52.006584 87.735992 57.516937 4.526464 -0.126354 -6.453963 -3.472597 -0.187254 -0.009706 -1.416321 -1.593939 -4.710391 -4.737277 -3.830121 6.253053 4.543803 0.485280 11.648893 -0.996656 -1.889943 -3.708364 1.299643 -3.269507 -4.767638 0.000077 -0.000023 0.000006 -0.003339 0.214157 -0.021030 0.691718 -3.481714 -10.605505 -0.709263 3.905565 -10.632613 -10.124597 -19.601362 9.052512 -50.768475 -48.432896 -6.481693 -179.460190 -58.932762 179.261932 4.755260 -0.106350 -17.709465 -5.882103 9.861279 0.702590 -10.936858 -0.360574 7.156199 -0.000000 8.774812 -0.000001 -16.016872 18.255898 5.772564 -1.844032 2.498503 -2.507277 -10.163589 4.678939 4.621105 -20.975996 -0.000003 0.000002 -21.226254 2.451692 -3.593994 -0.000000 -0.000008 0.000001 -1.362681 2.240796 -0.746324 -21.334887 0.584909 3.008320 -13.821197 -0.000002 0.000001 -23.887133 -0.249078 -0.839482 -60.316269 2.230025 -1.910135 -0.294025 1.679686 0.833253 -14.218192 0.093214 1.300579 -34.212006 -0.287561 0.967169 -20.033180 0.964536 1.212841 0.000000 0.000002 0.000000 -3.440385 0.788232 0.501654 -15.928169 -3.167307 2.999704 -6.338817 0.000000 0.000002 -18.123415 3.648175 -4.905661 -0.000005 0.000003 -0.000000 16.396912 17.974873 9.047751 39.644600 36.216518 -21.563662 -179.755127 61.400242 -179.449326 1.402075 5.492740 -2.905492 2.243539 -5.255031 -3.180155 14.282878 -0.826593 6.952496 -0.000001 -12.690590 -0.000001 15.973443 -17.731321 2.686472 1.665664 -1.955920 -2.878296 4.727795 -4.170583 4.993919 11.020514 0.000002 -0.000000 12.109033 -3.735711 -2.866780 0.000002 -0.000000 0.000000 1.291984 -1.928548 -1.498088 14.800113 0.567468 3.865604 14.242553 -1.341735 -6.660647 19.631939 0.143925 -0.648242 49.027073 -0.730162 -6.333814 0.353029 -1.511149 -0.031940 20.222771 3.684306 2.316629 18.787247 0.000004 0.000001 10.751612 -0.479867 1.397905 -0.000000 0.000000 -0.000000 3.273805 0.305948 -0.580110 21.486795 11.830363 2.266132 8.162919 0.000002 0.000000 18.399055 -3.798979 -4.940567 0.000003 -0.000000 -0.000001 4.919171 4.347446 3.569864 0.053992 -0.900369 44.196045 -14.965543 7.432226 -33.918388 1.709383 -2.144923 -0.995648 0.000000 -0.000001 0.000002 -17.714025 7.463668 -32.301311 0.363573 0.471783 54.896667 15.189416 -2.263377 -17.401655 -1.455839 0.867919 0.120846 -0.000000 -0.000000 -0.000001 
-52.086353 87.701187 57.613434 4.543695 0.013382 -6.494763 -3.499253 -0.201004 0.053073 -1.429063 -1.594447 -4.723881 -4.750065 -3.878803 6.257065 4.637476 0.483513 11.726147 -1.019940 -1.890789 -3.711884 1.277648 -3.240115 -4.729339 0.000077 -0.000023 0.000006 -0.006322 0.197779 -0.020373 0.688552 -3.488657 -10.611448 -0.710716 3.892062 -10.641947 -10.085366 -19.620255 9.144631 -50.811050 -48.508724 -6.575729 -179.496140 -58.922523 179.408127 4.628658 -0.046841 -17.726677 -5.882098 9.861278 0.702590 -10.936858 -0.360577 7.156196 0.000000 8.774814 -0.000003 -15.935298 18.261644 5.802334 -1.844031 2.498502 -2.507275 -10.163589 4.678939 4.621105 -20.975992 -0.000003 0.000002 -21.226250 2.451692 -3.593993 -0.000000 -0.000007 0.000000 -1.362680 2.240797 -0.746324 -21.334887 0.584908 3.008321 -13.821195 -0.000003 0.000005 -23.887133 -0.249079 -0.839480 -60.213886 2.202147 -1.922533 -0.294025 1.679687 0.833256 -14.218189 0.093214 1.300578 -34.211998 -0.287564 0.967168 -20.033175 0.964536 1.212841 -0.000001 0.000002 -0.000001 -3.440386 0.788233 0.501654 -15.928169 -3.167307 2.999704 -6.338816 -0.000000 0.000001 -18.123411 3.648175 -4.905661 -0.000006 0.000002 -0.000002 16.331234 18.056877 9.120823 39.619957 36.170609 -21.704819 -179.722519 61.327198 -179.336197 1.303891 5.439814 -2.723158 2.243538 -5.255033 -3.180155 14.282875 -0.826594 6.952495 -0.000003 -12.690592 0.000001 15.956023 -17.777451 2.644782 1.665664 -1.955919 -2.878296 4.727794 -4.170584 4.993918 11.020513 0.000004 -0.000001 12.109033 -3.735709 -2.866779 0.000002 -0.000000 0.000000 1.291984 -1.928547 -1.498087 14.800111 0.567469 3.865602 14.242554 -1.341733 -6.660648 19.631939 0.143927 -0.648243 48.879410 -0.740624 -6.409433 0.353029 -1.511148 -0.031940 20.222769 3.684306 2.316627 18.787245 0.000005 -0.000001 10.751610 -0.479866 1.397904 -0.000000 -0.000000 -0.000000 3.273805 0.305947 -0.580110 21.486788 11.830362 2.266129 8.162916 0.000002 -0.000001 18.399055 -3.798978 -4.940567 0.000003 0.000000 -0.000001 4.900251 4.113549 3.722259 0.035522 -0.914215 44.035667 -14.990661 7.524574 -34.081383 1.715729 -2.174750 -0.985792 -0.000000 0.000000 0.000002 -17.675066 7.443804 -32.216423 0.354375 0.486511 55.080582 15.221469 -2.219576 -17.605928 -1.452321 0.850860 0.116604 -0.000000 -0.000000 -0.000001 
-52.202328 87.721985 57.659794 4.560378 0.181526 -6.551111 -3.490694 -0.251294 0.130520 -1.444847 -1.583972 -4.703567 -4.804823 -3.929653 6.236857 4.698617 0.556716 11.780629 -1.003725 -2.076246 -3.710906 1.299520 -3.116497 -4.707945 0.000077 -0.000022 0.000006 -0.007335 0.156590 -0.014257 0.685663 -3.539027 -10.603926 -0.710037 3.855198 -10.626480 -9.984385 -19.592285 9.202283 -50.951756 -48.559292 -6.740205 -179.354507 -58.873421 179.527145 4.440795 0.003791 -17.823067 -5.882102 9.861278 0.702589 -10.936858 -0.360575 7.156196 0.000000 8.774814 -0.000001 -15.874438 18.346487 5.876951 -1.844030 2.498502 -2.507275 -10.163589 4.678940 4.621103 -20.975992 -0.000004 0.000002 -21.226250 2.451693 -3.593994 -0.000001 -0.000007 0.000000 -1.362681 2.240797 -0.746321 -21.334885 0.584910 3.008321 -13.821197 -0.000001 0.000004 -23.887131 -0.249078 -0.839480 -60.108845 2.239135 -1.881291 -0.294025 1.679686 0.833256 -14.218194 0.093216 1.300581 -34.212002 -0.287563 0.967166 -20.033180 0.964536 1.212839 -0.000000 -0.000001 -0.000000 -3.440386 0.788233 0.501654 -15.928169 -3.167305 2.999705 -6.338818 0.000000 0.000001 -18.123415 3.648175 -4.905662 -0.000005 0.000001 -0.000003 16.250237 18.170271 9.117376 39.606392 36.134945 -21.843538 -179.808304 61.266056 -179.252838 1.244545 5.319849 -2.764940 2.243541 -5.255032 -3.180155 14.282875 -0.826594 6.952494 -0.000001 -12.690587 -0.000001 15.770392 -17.896561 2.611041 1.665665 -1.955919 -2.878296 4.727793 -4.170584 4.993918 11.020513 0.000002 -0.000001 12.109033 -3.735708 -2.866779 0.000002 -0.000000 0.000000 1.291985 -1.928547 -1.498088 14.800113 0.567467 3.865602 14.242554 -1.341734 -6.660649 19.631939 0.143925 -0.648244 48.601944 -0.780790 -6.525572 0.353028 -1.511149 -0.031940 20.222769 3.684306 2.316627 18.787245 0.000004 -0.000001 10.751610 -0.479867 1.397903 0.000000 0.000001 -0.000000 3.273804 0.305947 -0.580110 21.486790 11.830361 2.266130 8.162915 0.000002 -0.000001 18.399052 -3.798979 -4.940568 0.000003 -0.000000 -0.000001 4.878889 3.806908 3.881294 0.038155 -0.901508 43.784958 -15.045123 7.554158 -34.105831 1.721445 -2.227577 -0.994912 0.000000 -0.000001 0.000002 -17.609934 7.419364 -32.066177 0.359443 0.497590 55.123482 15.223828 -2.269702 -17.711819 -1.447520 0.846418 0.076723 -0.000000 -0.000000 -0.000001 
