HIERARCHY
ROOT Hips
{
	OFFSET 0.000000 0.000000 0.000000
	CHANNELS 6 Xposition Yposition Zposition Zrotation Yrotation Xrotation 
	JOINT Spine1
	{
		OFFSET -0.013727 5.003762 -0.053727
		CHANNELS 3 Zrotation Yrotation Xrotation
		JOINT Spine2
		{
			OFFSET -0.000000 7.125302 -0.029825
			CHANNELS 3 Zrotation Yrotation Xrotation
			JOINT Chest
			{
				OFFSET -0.000001 7.550064 -0.815971
				CHANNELS 3 Zrotation Yrotation Xrotation
				JOINT Neck1
				{
					OFFSET -0.181676 26.311296 -0.553348
					CHANNELS 3 Zrotation Yrotation Xrotation
					JOINT Neck2
					{
						OFFSET -0.000003 7.709400 2.302586
						CHANNELS 3 Zrotation Yrotation Xrotation
						JOINT Head
						{
							OFFSET -0.000005 6.128913 1.953709
							CHANNELS 3 Zrotation Yrotation Xrotation
							JOINT HeadEnd
							{
								OFFSET 0.003598 16.065401 -1.835379
								CHANNELS 3 Zrotation Yrotation Xrotation
								End Site
								{
									OFFSET 0.000000 0.000000 0.000000
								}
							}
							JOINT Jaw
							{
								OFFSET 0.002637 0.475592 3.094940
								CHANNELS 3 Zrotation Yrotation Xrotation
								End Site
								{
									OFFSET 0.000000 0.000000 0.000000
								}
							}
							JOINT LeftEye
							{
								OFFSET 3.206381 5.380207 7.586883
								CHANNELS 3 Zrotation Yrotation Xrotation
								End Site
								{
									OFFSET 0.000000 0.000000 0.000000
								}
							}
							JOINT RightEye
							{
								OFFSET -3.222440 5.361867 7.558233
								CHANNELS 3 Zrotation Yrotation Xrotation
								End Site
								{
									OFFSET 0.000000 0.000000 0.000000
								}
							}
						}
					}
				}
				JOINT LeftShoulder
				{
					OFFSET 1.621652 23.237164 5.113413
					CHANNELS 3 Zrotation Yrotation Xrotation
					JOINT LeftArm
					{
						OFFSET 14.919845 -0.000001 -5.502326
						CHANNELS 3 Zrotation Yrotation Xrotation
						JOINT LeftForeArm
						{
							OFFSET 28.739309 0.000002 -0.002588
							CHANNELS 3 Zrotation Yrotation Xrotation
							JOINT LeftHand
							{
								OFFSET 27.093979 -0.000003 0.002609
								CHANNELS 3 Zrotation Yrotation Xrotation
								JOINT LeftHandThumb1
								{
									OFFSET 2.276480 -1.392046 3.191413
									CHANNELS 3 Zrotation Yrotation Xrotation
									JOINT LeftHandThumb2
									{
										OFFSET 4.012842 -1.828126 1.641656
										CHANNELS 3 Zrotation Yrotation Xrotation
										JOINT LeftHandThumb3
										{
											OFFSET 2.798516 0.000000 -0.000003
											CHANNELS 3 Zrotation Yrotation Xrotation
											JOINT LeftHandThumbEnd
											{
												OFFSET 3.180791 -0.000002 0.000003
												CHANNELS 3 Zrotation Yrotation Xrotation
												End Site
												{
													OFFSET 0.000000 0.000000 0.000000
												}
											}
										}
									}
								}
								JOINT LeftHandIndex1
								{
									OFFSET 3.247554 -0.531998 2.296169
									CHANNELS 3 Zrotation Yrotation Xrotation
									JOINT LeftHandIndex2
									{
										OFFSET 6.364579 0.012062 0.178600
										CHANNELS 3 Zrotation Yrotation Xrotation
										JOINT LeftHandIndex3
										{
											OFFSET 3.662366 0.000001 0.000000
											CHANNELS 3 Zrotation Yrotation Xrotation
											JOINT LeftHandIndex4
											{
												OFFSET 2.329243 0.000003 0.000004
												CHANNELS 3 Zrotation Yrotation Xrotation
												JOINT LeftHandIndexEnd
												{
													OFFSET 2.759619 -0.180539 -0.113024
													CHANNELS 3 Zrotation Yrotation Xrotation
													End Site
													{
														OFFSET 0.000000 0.000000 0.000000
													}
												}
											}
										}
									}
								}
								JOINT LeftHandMiddle1
								{
									OFFSET 3.163499 0.240981 1.000332
									CHANNELS 3 Zrotation Yrotation Xrotation
									JOINT LeftHandMiddle2
									{
										OFFSET 6.190778 -0.259276 -1.002549
										CHANNELS 3 Zrotation Yrotation Xrotation
										JOINT LeftHandMiddle3
										{
											OFFSET 4.356523 -0.000006 0.000000
											CHANNELS 3 Zrotation Yrotation Xrotation
											JOINT LeftHandMiddle4
											{
												OFFSET 2.996875 -0.000007 0.000001
												CHANNELS 3 Zrotation Yrotation Xrotation
												JOINT LeftHandMiddleEnd
												{
													OFFSET 2.304294 -0.294572 -0.031740
													CHANNELS 3 Zrotation Yrotation Xrotation
													End Site
													{
														OFFSET 0.000000 0.000000 0.000000
													}
												}
											}
										}
									}
								}
								JOINT LeftHandRing1
								{
									OFFSET 2.882642 -0.053650 -0.322543
									CHANNELS 3 Zrotation Yrotation Xrotation
									JOINT LeftHandRing2
									{
										OFFSET 5.854543 -0.486203 -1.373841
										CHANNELS 3 Zrotation Yrotation Xrotation
										JOINT LeftHandRing3
										{
											OFFSET 4.350580 0.000000 0.000004
											CHANNELS 3 Zrotation Yrotation Xrotation
											JOINT LeftHandRing4
											{
												OFFSET 2.651324 0.000008 0.000002
												CHANNELS 3 Zrotation Yrotation Xrotation
												JOINT LeftHandRingEnd
												{
													OFFSET 1.936110 0.077684 -0.000069
													CHANNELS 3 Zrotation Yrotation Xrotation
													End Site
													{
														OFFSET 0.000000 0.000000 0.000000
													}
												}
											}
										}
									}
								}
								JOINT LeftHandPinky1
								{
									OFFSET 2.865499 -0.310004 -1.600378
									CHANNELS 3 Zrotation Yrotation Xrotation
									JOINT LeftHandPinky2
									{
										OFFSET 5.087853 -1.331142 -1.771231
										CHANNELS 3 Zrotation Yrotation Xrotation
										JOINT LeftHandPinky3
										{
											OFFSET 3.070975 0.000003 0.000001
											CHANNELS 3 Zrotation Yrotation Xrotation
											JOINT LeftHandPinky4
											{
												OFFSET 1.549668 0.000001 0.000001
												CHANNELS 3 Zrotation Yrotation Xrotation
												JOINT LeftHandPinkyEnd
												{
													OFFSET 1.944894 -0.157802 0.057219
													CHANNELS 3 Zrotation Yrotation Xrotation
													End Site
													{
														OFFSET 0.000000 0.000000 0.000000
													}
												}
											}
										}
									}
								}
							}
						}
					}
				}
				JOINT RightShoulder
				{
					OFFSET -1.380118 23.180309 5.214158
					CHANNELS 3 Zrotation Yrotation Xrotation
					JOINT RightArm
					{
						OFFSET -15.037197 0.000012 -5.545604
						CHANNELS 3 Zrotation Yrotation Xrotation
						JOINT RightForeArm
						{
							OFFSET -28.736639 0.000003 -0.002597
							CHANNELS 3 Zrotation Yrotation Xrotation
							JOINT RightHand
							{
								OFFSET -27.133617 0.000000 0.002613
								CHANNELS 3 Zrotation Yrotation Xrotation
								JOINT RightHandThumb1
								{
									OFFSET -2.274037 -1.383990 3.163127
									CHANNELS 3 Zrotation Yrotation Xrotation
									JOINT RightHandThumb2
									{
										OFFSET -4.011428 -1.827468 1.640914
										CHANNELS 3 Zrotation Yrotation Xrotation
										JOINT RightHandThumb3
										{
											OFFSET -2.794935 -0.000003 -0.000003
											CHANNELS 3 Zrotation Yrotation Xrotation
											JOINT RightHandThumbEnd
											{
												OFFSET -3.183855 0.000003 -0.000001
												CHANNELS 3 Zrotation Yrotation Xrotation
												End Site
												{
													OFFSET 0.000000 0.000000 0.000000
												}
											}
										}
									}
								}
								JOINT RightHandIndex1
								{
									OFFSET -3.253270 -0.520060 2.282866
									CHANNELS 3 Zrotation Yrotation Xrotation
									JOINT RightHandIndex2
									{
										OFFSET -6.341918 0.012473 0.178265
										CHANNELS 3 Zrotation Yrotation Xrotation
										JOINT RightHandIndex3
										{
											OFFSET -3.654875 -0.000009 -0.000001
											CHANNELS 3 Zrotation Yrotation Xrotation
											JOINT RightHandIndex4
											{
												OFFSET -2.327586 -0.000000 -0.000000
												CHANNELS 3 Zrotation Yrotation Xrotation
												JOINT RightHandIndexEnd
												{
													OFFSET -2.761789 -0.180657 -0.113078
													CHANNELS 3 Zrotation Yrotation Xrotation
													End Site
													{
														OFFSET 0.000000 0.000000 0.000000
													}
												}
											}
										}
									}
								}
								JOINT RightHandMiddle1
								{
									OFFSET -3.168106 0.246593 1.001030
									CHANNELS 3 Zrotation Yrotation Xrotation
									JOINT RightHandMiddle2
									{
										OFFSET -6.180830 -0.258836 -1.000896
										CHANNELS 3 Zrotation Yrotation Xrotation
										JOINT RightHandMiddle3
										{
											OFFSET -4.348905 -0.000000 -0.000001
											CHANNELS 3 Zrotation Yrotation Xrotation
											JOINT RightHandMiddle4
											{
												OFFSET -3.000242 -0.000003 -0.000003
												CHANNELS 3 Zrotation Yrotation Xrotation
												JOINT RightHandMiddleEnd
												{
													OFFSET -2.302518 -0.294371 -0.031706
													CHANNELS 3 Zrotation Yrotation Xrotation
													End Site
													{
														OFFSET 0.000000 0.000000 0.000000
													}
												}
											}
										}
									}
								}
								JOINT RightHandRing1
								{
									OFFSET -2.885694 -0.067952 -0.308858
									CHANNELS 3 Zrotation Yrotation Xrotation
									JOINT RightHandRing2
									{
										OFFSET -5.854196 -0.486132 -1.373732
										CHANNELS 3 Zrotation Yrotation Xrotation
										JOINT RightHandRing3
										{
											OFFSET -4.338814 -0.000003 -0.000000
											CHANNELS 3 Zrotation Yrotation Xrotation
											JOINT RightHandRing4
											{
												OFFSET -2.654905 -0.000004 0.000004
												CHANNELS 3 Zrotation Yrotation Xrotation
												JOINT RightHandRingEnd
												{
													OFFSET -1.933569 0.077523 -0.000052
													CHANNELS 3 Zrotation Yrotation Xrotation
													End Site
													{
														OFFSET 0.000000 0.000000 0.000000
													}
												}
											}
										}
									}
								}
								JOINT RightHandPinky1
								{
									OFFSET -2.866429 -0.342798 -1.584145
									CHANNELS 3 Zrotation Yrotation Xrotation
									JOINT RightHandPinky2
									{
										OFFSET -5.091370 -1.332054 -1.772385
										CHANNELS 3 Zrotation Yrotation Xrotation
										JOINT RightHandPinky3
										{
											OFFSET -3.062666 -0.000006 -0.000000
											CHANNELS 3 Zrotation Yrotation Xrotation
											JOINT RightHandPinky4
											{
												OFFSET -1.546526 0.000005 -0.000003
												CHANNELS 3 Zrotation Yrotation Xrotation
												JOINT RightHandPinkyEnd
												{
													OFFSET -1.945122 -0.157721 0.057211
													CHANNELS 3 Zrotation Yrotation Xrotation
													End Site
													{
														OFFSET 0.000000 0.000000 0.000000
													}
												}
											}
										}
									}
								}
							}
						}
					}
				}
			}
		}
	}
	JOINT LeftLeg
	{
		OFFSET 10.043214 -8.434526 2.595655
		CHANNELS 3 Zrotation Yrotation Xrotation
		JOINT LeftShin
		{
			OFFSET -0.000001 -43.221752 -0.802913
			CHANNELS 3 Zrotation Yrotation Xrotation
			JOINT LeftFoot
			{
				OFFSET 0.000001 -42.155094 -3.481523
				CHANNELS 3 Zrotation Yrotation Xrotation
				JOINT LeftToeBase
				{
					OFFSET -0.000000 -5.059475 13.231529
					CHANNELS 3 Zrotation Yrotation Xrotation
					JOINT LeftToeEnd
					{
						OFFSET -0.009607 -1.647616 6.513017
						CHANNELS 3 Zrotation Yrotation Xrotation
						End Site
						{
							OFFSET 0.000000 0.000000 0.000000
						}
					}
				}
			}
		}
	}
	JOINT RightLeg
	{
		OFFSET -10.047277 -8.295259 2.620317
		CHANNELS 3 Zrotation Yrotation Xrotation
		JOINT RightShin
		{
			OFFSET 0.000001 -43.362209 -0.805556
			CHANNELS 3 Zrotation Yrotation Xrotation
			JOINT RightFoot
			{
				OFFSET 0.000002 -42.117393 -3.478398
				CHANNELS 3 Zrotation Yrotation Xrotation
				JOINT RightToeBase
				{
					OFFSET -0.000001 -5.079609 13.284196
					CHANNELS 3 Zrotation Yrotation Xrotation
					JOINT RightToeEnd
					{
						OFFSET 0.009532 -1.634383 6.460591
						CHANNELS 3 Zrotation Yrotation Xrotation
						End Site
						{
							OFFSET 0.000000 0.000000 0.000000
						}
					}
				}
			}
		}
	}
}
MOTION
Frames: 150
Frame Time: 0.033333
1.320782 99.804001 5.927193 0.347676 0.327343 -2.040696 0.142287 0.029311 -1.850979 -0.188605 -0.143435 -5.359807 1.854021 -1.777330 7.182964 -2.636445 4.120969 5.550214 0.283219 2.972608 -3.554577 1.368711 2.315148 -4.607804 0.000077 -0.000022 0.000006 0.000768 0.098977 0.005927 0.736514 -3.646512 -10.605145 -0.741027 3.847805 -10.610147 -16.977743 -3.551410 11.763247 -59.490002 -9.509771 23.315578 0.006347 -21.278391 -0.036051 0.167248 1.397665 -6.522694 -5.882101 9.861279 0.702589 -10.936859 -0.360574 7.156198 0.000000 8.774813 0.000000 -15.912023 18.262491 6.147075 -1.844032 2.498503 -2.507274 -10.163589 4.678940 4.621106 -20.975996 -0.000003 0.000000 -21.226254 2.451694 -3.593995 0.000002 -0.000005 0.000001 -1.362680 2.240796 -0.746323 -21.334887 0.584911 3.008320 -13.821195 -0.000002 0.000001 -23.887129 -0.249075 -0.839484 -60.190601 2.758800 -1.266850 -0.294024 1.679686 0.833255 -14.218192 0.093216 1.300581 -34.211998 -0.287562 0.967167 -20.033176 0.964536 1.212840 0.000000 0.000000 -0.000001 -3.440385 0.788233 0.501655 -15.928164 -3.167305 2.999703 -6.338817 -0.000001 0.000001 -18.123415 3.648176 -4.905663 -0.000005 0.000000 -0.000002 13.688483 12.276950 12.227132 62.782379 6.808130 14.765869 0.335750 25.031124 0.149362 0.195110 1.299656 5.203403 2.243540 -5.255033 -3.180156 14.282877 -0.826594 6.952495 -0.000002 -12.690591 -0.000001 16.016356 -17.911083 2.602078 1.665665 -1.955920 -2.878297 4.727795 -4.170583 4.993920 11.020513 0.000002 -0.000001 12.109034 -3.735709 -2.866782 -0.000001 0.000000 -0.000000 1.291985 -1.928548 -1.498086 14.800113 0.567469 3.865605 14.242554 -1.341735 -6.660647 19.631939 0.143926 -0.648242 49.512802 -0.917947 -6.594091 0.353028 -1.511149 -0.031941 20.222771 3.684308 2.316628 18.787249 0.000006 -0.000001 10.751610 -0.479867 1.397903 0.000002 0.000000 -0.000003 3.273804 0.305948 -0.580109 21.486794 11.830362 2.266132 8.162916 0.000001 -0.000001 18.399055 -3.798977 -4.940567 0.000003 0.000001 -0.000001 3.396678 6.491018 0.595115 0.006729 -0.253436 8.803734 -6.636084 0.675075 -7.124790 1.644346 -1.979764 -0.193635 0.000000 -0.000000 0.000002 -4.976420 -6.370212 0.448911 0.004637 0.156414 9.287398 6.888176 -0.406739 -7.247375 -1.414684 0.931984 0.535836 -0.000000 -0.000000 -0.000001 
1.349348 99.824463 6.093040 0.383551 0.377032 -2.097249 0.108968 0.021585 -1.841375 -0.174284 -0.159937 -5.389419 1.869389 -1.766822 7.217057 -2.624965 4.053172 5.586269 0.249214 3.051404 -3.569959 1.354552 2.260906 -4.465371 0.000077 -0.000023 0.000006 0.008147 0.117594 0.003309 0.735424 -3.624199 -10.618669 -0.726080 3.869150 -10.626010 -16.982204 -3.596556 11.794383 -59.349068 -9.446809 23.395214 -0.025360 -21.245487 0.000297 0.073583 1.355202 -6.290351 -5.882100 9.861277 0.702590 -10.936859 -0.360575 7.156196 0.000001 8.774813 -0.000001 -15.949307 18.239305 6.175590 -1.844030 2.498502 -2.507277 -10.163589 4.678940 4.621104 -20.975992 -0.000004 0.000002 -21.226255 2.451692 -3.593995 0.000001 -0.000005 -0.000000 -1.362681 2.240796 -0.746322 -21.334887 0.584908 3.008322 -13.821194 -0.000004 0.000002 -23.887131 -0.249080 -0.839482 -60.274143 2.752030 -1.232723 -0.294024 1.679687 0.833255 -14.218194 0.093215 1.300581 -34.211998 -0.287563 0.967169 -20.033176 0.964536 1.212841 0.000000 -0.000001 -0.000000 -3.440385 0.788233 0.501654 -15.928167 -3.167307 2.999703 -6.338817 -0.000002 0.000000 -18.123413 3.648175 -4.905663 -0.000005 0.000000 -0.000002 13.702330 12.213659 12.287685 62.716370 6.756293 14.731573 0.230448 25.220539 0.122298 0.183965 1.237739 4.859275 2.243539 -5.255033 -3.180155 14.282875 -0.826594 6.952495 -0.000002 -12.690590 -0.000002 16.026909 -17.908382 2.573281 1.665664 -1.955920 -2.878297 4.727795 -4.170585 4.993919 11.020510 0.000001 0.000000 12.109030 -3.735710 -2.866780 -0.000001 0.000000 -0.000001 1.291984 -1.928548 -1.498087 14.800109 0.567467 3.865602 14.242553 -1.341736 -6.660651 19.631937 0.143925 -0.648244 49.555477 -0.869162 -6.612811 0.353029 -1.511149 -0.031940 20.222765 3.684304 2.316629 18.787245 0.000004 -0.000002 10.751610 -0.479867 1.397904 0.000001 0.000002 -0.000003 3.273804 0.305946 -0.580111 21.486788 11.830360 2.266130 8.162916 0.000001 -0.000001 18.399052 -3.798981 -4.940567 0.000002 -0.000000 -0.000001 3.347739 6.400291 1.108979 -0.001918 -0.278698 8.105486 -6.555408 0.768751 -6.940636 1.640511 -1.985620 -0.232298 0.000000 0.000000 0.000002 -5.054836 -6.384198 0.906230 -0.008344 0.139195 8.729933 6.995772 -0.412245 -7.115077 -1.412563 0.927901 0.478656 -0.000000 -0.000000 -0.000001 
1.364004 99.831093 6.139120 0.403456 0.443809 -2.145903 0.088996 0.019351 -1.841384 -0.176853 -0.178933 -5.413492 1.890689 -1.775237 7.267307 -2.619242 4.027498 5.682071 0.219527 3.078131 -3.584143 1.360566 2.260987 -4.367701 0.000077 -0.000023 0.000006 0.009988 0.112502 0.003175 0.726880 -3.634141 -10.613411 -0.713841 3.861144 -10.634120 -16.984230 -3.640413 11.775406 -59.182362 -9.374292 23.562635 -0.034483 -21.195719 -0.028920 -0.041401 1.365227 -6.149716 -5.882099 9.861277 0.702592 -10.936858 -0.360576 7.156191 0.000002 8.774813 0.000001 -15.967580 18.225574 6.209516 -1.844031 2.498502 -2.507276 -10.163589 4.678938 4.621103 -20.975994 -0.000006 0.000001 -21.226255 2.451690 -3.593993 0.000001 -0.000005 -0.000000 -1.362680 2.240795 -0.746322 -21.334894 0.584907 3.008318 -13.821197 -0.000004 0.000001 -23.887131 -0.249081 -0.839480 -60.348297 2.729580 -1.167235 -0.294024 1.679687 0.833256 -14.218194 0.093212 1.300579 -34.212006 -0.287568 0.967171 -20.033178 0.964535 1.212841 0.000001 0.000001 0.000000 -3.440385 0.788232 0.501654 -15.928167 -3.167306 2.999703 -6.338817 -0.000002 -0.000001 -18.123415 3.648174 -4.905660 -0.000004 0.000000 -0.000000 13.753913 12.166701 12.306909 62.643936 6.698655 14.736850 0.116130 25.330050 0.108774 0.205864 1.181151 4.536829 2.243539 -5.255031 -3.180153 14.282875 -0.826591 6.952497 -0.000004 -12.690593 0.000001 16.025349 -17.904634 2.554510 1.665664 -1.955918 -2.878298 4.727794 -4.170583 4.993920 11.020510 0.000004 -0.000001 12.109033 -3.735709 -2.866776 0.000000 0.000000 -0.000001 1.291984 -1.928548 -1.498090 14.800114 0.567470 3.865604 14.242553 -1.341734 -6.660647 19.631939 0.143926 -0.648241 49.532520 -0.856846 -6.630749 0.353029 -1.511148 -0.031940 20.222769 3.684308 2.316628 18.787245 0.000007 -0.000001 10.751611 -0.479867 1.397906 0.000003 0.000003 -0.000003 3.273803 0.305948 -0.580110 21.486792 11.830368 2.266130 8.162916 0.000003 -0.000002 18.399052 -3.798976 -4.940566 0.000003 -0.000000 0.000001 3.318126 6.329476 1.313391 -0.000971 -0.281664 7.842476 -6.544568 0.787045 -6.856287 1.638837 -1.992636 -0.205109 -0.000000 0.000000 0.000002 -5.095243 -6.393196 1.107832 -0.016485 0.112851 8.517585 7.026811 -0.391352 -7.062680 -1.409077 0.917189 0.471355 -0.000000 -0.000000 -0.000001 
1.380152 99.824821 6.152401 0.421668 0.508424 -2.202079 0.075548 0.014533 -1.834646 -0.185749 -0.200228 -5.432562 1.909646 -1.790225 7.318295 -2.596374 4.028856 5.789746 0.189230 3.074165 -3.600255 1.345612 2.248501 -4.282845 0.000077 -0.000023 0.000006 0.010953 0.110911 0.005533 0.720007 -3.635952 -10.624441 -0.704981 3.858997 -10.638640 -16.946028 -3.683631 11.753617 -59.111187 -9.296991 23.694649 -0.023027 -21.152256 -0.026246 -0.112254 1.382427 -6.087570 -5.882102 9.861279 0.702591 -10.936858 -0.360575 7.156198 0.000000 8.774813 0.000000 -15.993586 18.230730 6.214495 -1.844031 2.498502 -2.507275 -10.163589 4.678941 4.621105 -20.975994 -0.000002 0.000001 -21.226250 2.451693 -3.593992 0.000000 -0.000005 0.000001 -1.362680 2.240797 -0.746322 -21.334892 0.584909 3.008319 -13.821195 -0.000001 0.000003 -23.887129 -0.249077 -0.839482 -60.409790 2.690319 -1.136768 -0.294024 1.679686 0.833255 -14.218190 0.093214 1.300581 -34.211998 -0.287561 0.967169 -20.033175 0.964536 1.212842 0.000000 0.000000 0.000000 -3.440385 0.788233 0.501655 -15.928167 -3.167306 2.999706 -6.338816 -0.000001 0.000000 -18.123413 3.648178 -4.905659 -0.000004 0.000000 -0.000001 13.793448 12.112617 12.324284 62.551861 6.696109 14.795452 0.073518 25.317503 0.088412 0.192497 1.179290 4.316535 2.243540 -5.255033 -3.180157 14.282875 -0.826594 6.952497 -0.000003 -12.690590 0.000000 16.040979 -17.888624 2.545467 1.665664 -1.955919 -2.878294 4.727794 -4.170583 4.993918 11.020512 0.000004 -0.000001 12.109030 -3.735709 -2.866779 0.000000 0.000000 0.000001 1.291984 -1.928546 -1.498089 14.800109 0.567469 3.865600 14.242553 -1.341734 -6.660648 19.631939 0.143925 -0.648243 49.532051 -0.855532 -6.601901 0.353029 -1.511148 -0.031939 20.222771 3.684307 2.316627 18.787245 0.000008 -0.000001 10.751611 -0.479867 1.397900 0.000002 0.000003 -0.000003 3.273804 0.305947 -0.580111 21.486790 11.830364 2.266129 8.162918 0.000003 -0.000001 18.399052 -3.798980 -4.940566 0.000004 -0.000000 -0.000001 3.290184 6.272757 1.369935 0.005170 -0.279139 7.847054 -6.567235 0.792936 -6.864846 1.637379 -1.997849 -0.163333 0.000000 0.000000 0.000002 -5.128489 -6.394304 1.178771 -0.023418 0.098102 8.541656 7.042054 -0.375549 -7.097217 -1.404432 0.911682 0.485616 -0.000000 -0.000000 -0.000001 
1.381724 99.803429 6.089081 0.435809 0.569213 -2.245503 0.066282 0.017005 -1.836362 -0.197370 -0.224360 -5.435953 1.933189 -1.802192 7.350949 -2.579671 4.037115 5.891850 0.174073 3.040684 -3.613240 1.326731 2.237655 -4.170528 0.000077 -0.000023 0.000006 0.011022 0.108915 0.009956 0.717590 -3.636172 -10.617426 -0.703558 3.856243 -10.634954 -16.913130 -3.724987 11.720812 -59.082829 -9.223568 23.780500 -0.023343 -21.093462 -0.008018 -0.176088 1.408334 -6.040650 -5.882102 9.861279 0.702590 -10.936859 -0.360575 7.156197 0.000001 8.774813 -0.000001 -16.006300 18.236214 6.224545 -1.844031 2.498502 -2.507276 -10.163589 4.678940 4.621106 -20.975994 -0.000004 0.000002 -21.226250 2.451692 -3.593993 0.000000 -0.000005 0.000001 -1.362680 2.240796 -0.746322 -21.334887 0.584908 3.008320 -13.821197 -0.000003 0.000000 -23.887133 -0.249078 -0.839481 -60.428513 2.660574 -1.080625 -0.294025 1.679686 0.833255 -14.218194 0.093214 1.300577 -34.211998 -0.287562 0.967170 -20.033178 0.964537 1.212841 0.000001 -0.000002 -0.000001 -3.440385 0.788233 0.501656 -15.928169 -3.167308 2.999706 -6.338817 -0.000002 0.000001 -18.123411 3.648175 -4.905661 -0.000004 -0.000000 -0.000002 13.833601 12.061222 12.326459 62.463150 6.686010 14.897886 0.040959 25.184813 0.053682 0.194496 1.202748 4.225762 2.243540 -5.255033 -3.180155 14.282877 -0.826593 6.952497 -0.000002 -12.690592 0.000000 16.028919 -17.895672 2.541486 1.665664 -1.955919 -2.878295 4.727794 -4.170583 4.993919 11.020512 0.000004 -0.000001 12.109033 -3.735711 -2.866779 -0.000001 0.000000 -0.000001 1.291984 -1.928548 -1.498089 14.800113 0.567466 3.865602 14.242553 -1.341735 -6.660648 19.631937 0.143924 -0.648243 49.533752 -0.869806 -6.580199 0.353029 -1.511149 -0.031940 20.222771 3.684306 2.316629 18.787245 0.000005 -0.000001 10.751612 -0.479868 1.397902 0.000001 0.000002 -0.000002 3.273805 0.305946 -0.580110 21.486794 11.830363 2.266130 8.162916 0.000001 -0.000002 18.399054 -3.798977 -4.940568 0.000003 0.000001 0.000001 3.275073 6.234635 1.168967 0.003117 -0.279460 8.239080 -6.606573 0.789348 -6.989547 1.635493 -2.011783 -0.118335 0.000000 -0.000000 0.000002 -5.138912 -6.402600 1.003950 -0.030787 0.087710 8.932591 7.055362 -0.356144 -7.244527 -1.402933 0.911214 0.497835 -0.000000 -0.000000 -0.000001 
1.372811 99.790634 6.031085 0.449499 0.664077 -2.279163 0.059114 0.014642 -1.830264 -0.202804 -0.248412 -5.442805 1.948027 -1.803564 7.388516 -2.574877 4.036785 5.975852 0.166961 2.996609 -3.623075 1.306700 2.224660 -4.060693 0.000077 -0.000023 0.000006 0.009968 0.112436 0.010057 0.716962 -3.630892 -10.617785 -0.705799 3.861134 -10.631647 -16.860371 -3.765443 11.702741 -59.084740 -9.182948 23.820623 -0.035394 -21.068321 -0.006473 -0.241245 1.429622 -5.975955 -5.882100 9.861277 0.702590 -10.936857 -0.360575 7.156198 0.000001 8.774813 -0.000001 -15.993767 18.247377 6.267782 -1.844030 2.498501 -2.507276 -10.163589 4.678939 4.621105 -20.975994 -0.000004 0.000003 -21.226255 2.451692 -3.593994 0.000000 -0.000006 -0.000000 -1.362680 2.240796 -0.746321 -21.334892 0.584908 3.008321 -13.821197 -0.000003 0.000001 -23.887131 -0.249079 -0.839478 -60.472237 2.654825 -1.067867 -0.294024 1.679687 0.833255 -14.218192 0.093215 1.300579 -34.211998 -0.287563 0.967172 -20.033178 0.964532 1.212841 0.000000 -0.000000 0.000001 -3.440385 0.788232 0.501654 -15.928167 -3.167307 2.999706 -6.338817 0.000000 0.000000 -18.123413 3.648175 -4.905662 -0.000003 -0.000000 -0.000002 13.866282 12.008759 12.330496 62.380741 6.667493 15.042123 0.002172 25.025339 0.029631 0.171694 1.220745 4.135992 2.243540 -5.255032 -3.180156 14.282877 -0.826594 6.952496 -0.000002 -12.690591 0.000000 15.998599 -17.865305 2.558534 1.665665 -1.955921 -2.878298 4.727794 -4.170585 4.993917 11.020513 0.000003 -0.000001 12.109032 -3.735709 -2.866779 -0.000001 0.000000 -0.000001 1.291984 -1.928548 -1.498089 14.800113 0.567467 3.865605 14.242553 -1.341733 -6.660647 19.631937 0.143925 -0.648241 49.532471 -0.876616 -6.544132 0.353029 -1.511150 -0.031939 20.222773 3.684308 2.316629 18.787245 0.000006 0.000000 10.751613 -0.479868 1.397903 0.000001 0.000001 -0.000001 3.273804 0.305946 -0.580109 21.486792 11.830363 2.266133 8.162917 0.000002 0.000000 18.399054 -3.798978 -4.940567 0.000002 -0.000001 -0.000000 3.263412 6.197330 1.025993 0.008223 -0.281485 8.488585 -6.634508 0.762837 -7.046077 1.633270 -2.013400 -0.065698 0.000000 -0.000000 0.000002 -5.147689 -6.422792 0.897333 -0.027578 0.079589 9.183825 7.056031 -0.379523 -7.339964 -1.403461 0.919221 0.501736 -0.000000 -0.000000 -0.000001 
1.333139 99.777580 5.978677 0.457346 0.766022 -2.306689 0.055669 0.018479 -1.812809 -0.206507 -0.258033 -5.442505 1.957027 -1.814864 7.414377 -2.560344 4.028018 6.037927 0.161206 2.981334 -3.623682 1.297782 2.169440 -3.967941 0.000077 -0.000023 0.000006 0.009296 0.128260 0.013922 0.719251 -3.619020 -10.618232 -0.709103 3.872377 -10.637420 -16.830183 -3.765790 11.673542 -59.095974 -9.165958 23.819313 -0.025069 -21.059843 -0.031489 -0.308218 1.425438 -5.886851 -5.882101 9.861279 0.702590 -10.936857 -0.360574 7.156199 -0.000000 8.774814 -0.000003 -15.981966 18.260153 6.287589 -1.844030 2.498503 -2.507275 -10.163589 4.678940 4.621104 -20.975992 -0.000004 0.000002 -21.226250 2.451694 -3.593993 0.000000 -0.000005 -0.000000 -1.362681 2.240796 -0.746320 -21.334892 0.584910 3.008319 -13.821197 -0.000002 -0.000001 -23.887129 -0.249077 -0.839481 -60.484444 2.657734 -1.050535 -0.294024 1.679684 0.833255 -14.218192 0.093216 1.300579 -34.211998 -0.287562 0.967170 -20.033175 0.964536 1.212840 0.000000 0.000000 0.000000 -3.440384 0.788232 0.501654 -15.928167 -3.167305 2.999705 -6.338816 -0.000001 0.000000 -18.123413 3.648177 -4.905663 -0.000004 0.000000 0.000001 13.895608 11.977724 12.363977 62.325268 6.638407 15.191794 -0.022627 24.852940 0.011759 0.117936 1.258730 4.074553 2.243541 -5.255034 -3.180154 14.282875 -0.826592 6.952495 -0.000003 -12.690590 0.000000 15.975704 -17.836557 2.556902 1.665665 -1.955922 -2.878299 4.727793 -4.170582 4.993917 11.020513 0.000002 0.000000 12.109032 -3.735710 -2.866781 0.000000 0.000000 0.000000 1.291984 -1.928547 -1.498089 14.800113 0.567468 3.865603 14.242551 -1.341734 -6.660649 19.631939 0.143925 -0.648243 49.510983 -0.841878 -6.548299 0.353028 -1.511148 -0.031940 20.222767 3.684307 2.316631 18.787245 0.000006 -0.000003 10.751612 -0.479867 1.397902 0.000002 0.000002 -0.000002 3.273805 0.305947 -0.580109 21.486792 11.830363 2.266130 8.162917 0.000002 -0.000001 18.399052 -3.798980 -4.940566 0.000003 0.000001 0.000000 3.278865 6.159888 0.885276 0.009929 -0.284518 8.724454 -6.693453 0.728172 -7.096738 1.633132 -2.009821 -0.017639 0.000000 -0.000000 0.000002 -5.130345 -6.475914 0.786057 -0.030577 0.078700 9.440504 7.005640 -0.407527 -7.443468 -1.405968 0.920607 0.502657 -0.000000 -0.000000 -0.000001 
1.338520 99.770203 5.934045 0.460773 0.859976 -2.326398 0.049051 0.022073 -1.802225 -0.204693 -0.244167 -5.435431 1.969726 -1.832121 7.440382 -2.541242 4.004029 6.091484 0.148903 2.948504 -3.615045 1.288309 2.131841 -3.901298 0.000077 -0.000023 0.000006 0.008409 0.135130 0.020283 0.718892 -3.613245 -10.620292 -0.713103 3.877791 -10.638197 -16.811544 -3.738989 11.649426 -59.152195 -9.164777 23.831947 -0.004348 -21.087227 -0.018136 -0.354513 1.438875 -5.845965 -5.882101 9.861279 0.702589 -10.936858 -0.360575 7.156197 0.000000 8.774814 -0.000001 -15.995571 18.265059 6.285025 -1.844031 2.498502 -2.507276 -10.163589 4.678939 4.621103 -20.975994 -0.000004 0.000002 -21.226250 2.451692 -3.593992 0.000001 -0.000005 -0.000000 -1.362680 2.240796 -0.746323 -21.334887 0.584909 3.008320 -13.821195 -0.000002 0.000002 -23.887125 -0.249078 -0.839481 -60.494503 2.656058 -1.045786 -0.294025 1.679687 0.833255 -14.218194 0.093215 1.300579 -34.212002 -0.287560 0.967172 -20.033176 0.964539 1.212845 0.000000 -0.000000 0.000001 -3.440385 0.788233 0.501655 -15.928164 -3.167305 2.999705 -6.338815 -0.000001 0.000000 -18.123415 3.648176 -4.905660 -0.000004 -0.000000 -0.000002 13.920959 11.967869 12.425214 62.254181 6.611573 15.348119 -0.070236 24.658155 0.010381 0.059251 1.272069 4.003648 2.243539 -5.255033 -3.180156 14.282878 -0.826592 6.952499 -0.000004 -12.690591 0.000000 15.967839 -17.826059 2.565921 1.665664 -1.955920 -2.878296 4.727793 -4.170584 4.993917 11.020511 0.000004 -0.000000 12.109030 -3.735709 -2.866779 0.000000 -0.000000 -0.000001 1.291983 -1.928548 -1.498090 14.800113 0.567469 3.865604 14.242554 -1.341732 -6.660649 19.631939 0.143926 -0.648240 49.490635 -0.853132 -6.557616 0.353028 -1.511149 -0.031941 20.222769 3.684309 2.316630 18.787247 0.000007 0.000002 10.751610 -0.479869 1.397908 0.000002 0.000002 -0.000002 3.273805 0.305948 -0.580111 21.486788 11.830366 2.266131 8.162917 0.000003 0.000001 18.399054 -3.798977 -4.940568 0.000004 0.000001 -0.000001 3.268671 6.122211 0.769905 0.011117 -0.290455 8.905844 -6.696522 0.679594 -7.132367 1.635139 -2.013394 0.005535 0.000000 -0.000000 0.000002 -5.141441 -6.542081 0.737920 -0.032119 0.074909 9.560420 6.967993 -0.433647 -7.483710 -1.409315 0.915208 0.494029 -0.000000 -0.000000 -0.000001 
1.344648 99.780754 5.911952 0.466014 0.948508 -2.347857 0.039577 0.042963 -1.785497 -0.205186 -0.243533 -5.436974 1.983479 -1.821294 7.473990 -2.511063 3.983369 6.144045 0.137106 2.912552 -3.603826 1.268588 2.069801 -3.858112 0.000077 -0.000022 0.000006 0.008087 0.139968 0.027394 0.721198 -3.605140 -10.632385 -0.712816 3.891935 -10.650668 -16.790735 -3.695599 11.622927 -59.193989 -9.186806 23.852291 -0.016187 -21.162390 -0.019739 -0.372628 1.415370 -5.882582 -5.882100 9.861279 0.702590 -10.936860 -0.360575 7.156198 0.000001 8.774814 0.000000 -16.014235 18.271343 6.281563 -1.844029 2.498502 -2.507275 -10.163589 4.678941 4.621104 -20.975994 -0.000004 0.000002 -21.226255 2.451692 -3.593993 -0.000000 -0.000006 -0.000001 -1.362680 2.240797 -0.746321 -21.334887 0.584909 3.008323 -13.821195 -0.000003 0.000001 -23.887133 -0.249078 -0.839481 -60.488400 2.651585 -1.035276 -0.294024 1.679685 0.833257 -14.218194 0.093214 1.300578 -34.212006 -0.287563 0.967167 -20.033176 0.964535 1.212841 0.000001 -0.000001 0.000001 -3.440386 0.788233 0.501653 -15.928165 -3.167306 2.999701 -6.338816 -0.000000 -0.000001 -18.123415 3.648176 -4.905663 -0.000004 0.000001 -0.000002 13.952889 11.989409 12.521248 62.169647 6.615691 15.458293 -0.029182 24.437206 -0.007329 0.001502 1.266060 4.007201 2.243540 -5.255033 -3.180154 14.282875 -0.826592 6.952494 -0.000003 -12.690592 0.000002 15.976460 -17.829630 2.557697 1.665664 -1.955920 -2.878298 4.727793 -4.170583 4.993920 11.020511 0.000003 -0.000001 12.109033 -3.735710 -2.866780 0.000000 -0.000000 -0.000001 1.291985 -1.928547 -1.498088 14.800114 0.567467 3.865604 14.242553 -1.341735 -6.660647 19.631939 0.143927 -0.648246 49.479649 -0.820727 -6.560882 0.353029 -1.511150 -0.031940 20.222771 3.684307 2.316627 18.787245 0.000006 -0.000003 10.751612 -0.479866 1.397904 0.000001 0.000000 -0.000002 3.273803 0.305947 -0.580110 21.486788 11.830365 2.266130 8.162915 0.000003 -0.000002 18.399048 -3.798979 -4.940568 0.000004 -0.000000 -0.000001 3.257771 6.087157 0.827960 0.011445 -0.299782 8.778071 -6.687596 0.681026 -7.050649 1.632346 -2.013938 0.005743 0.000000 0.000000 0.000002 -5.158816 -6.604606 0.840215 -0.032815 0.061406 9.407977 6.925230 -0.433469 -7.412066 -1.411012 0.904566 0.491215 -0.000000 -0.000000 -0.000001 
1.353813 99.777725 5.902386 0.468089 1.035610 -2.356228 0.031533 0.041338 -1.774988 -0.206735 -0.212700 -5.419392 2.002753 -1.798742 7.487589 -2.479766 3.970299 6.177305 0.133806 2.834028 -3.589410 1.252241 2.046584 -3.832523 0.000077 -0.000023 0.000006 0.008160 0.136448 0.032612 0.721813 -3.609436 -10.625487 -0.714538 3.884142 -10.641859 -16.766144 -3.650275 11.620389 -59.266819 -9.208466 23.890020 0.000755 -21.254339 -0.006977 -0.398204 1.379724 -5.909243 -5.882101 9.861279 0.702591 -10.936859 -0.360574 7.156196 0.000000 8.774814 0.000002 -16.021208 18.294945 6.282917 -1.844031 2.498504 -2.507275 -10.163590 4.678941 4.621102 -20.975994 -0.000004 0.000002 -21.226254 2.451693 -3.593992 0.000000 -0.000005 -0.000001 -1.362681 2.240797 -0.746321 -21.334887 0.584908 3.008320 -13.821197 -0.000003 0.000002 -23.887129 -0.249079 -0.839481 -60.483261 2.649356 -1.029547 -0.294025 1.679687 0.833255 -14.218194 0.093215 1.300580 -34.211998 -0.287562 0.967167 -20.033180 0.964533 1.212842 0.000000 0.000000 0.000000 -3.440385 0.788233 0.501657 -15.928169 -3.167306 2.999703 -6.338817 -0.000001 0.000000 -18.123411 3.648178 -4.905660 -0.000004 -0.000000 -0.000001 13.984257 12.003140 12.597611 62.098812 6.610394 15.583226 -0.025668 24.175295 0.006510 -0.013206 1.267434 4.045156 2.243540 -5.255033 -3.180156 14.282877 -0.826594 6.952495 -0.000003 -12.690588 -0.000000 15.974883 -17.810490 2.599402 1.665665 -1.955920 -2.878298 4.727794 -4.170583 4.993916 11.020513 0.000003 0.000001 12.109034 -3.735708 -2.866780 0.000000 0.000000 -0.000001 1.291985 -1.928548 -1.498087 14.800114 0.567468 3.865600 14.242553 -1.341734 -6.660651 19.631941 0.143927 -0.648244 49.466915 -0.828098 -6.521156 0.353029 -1.511150 -0.031939 20.222771 3.684308 2.316625 18.787247 0.000007 -0.000001 10.751611 -0.479865 1.397903 0.000001 0.000000 -0.000001 3.273805 0.305948 -0.580110 21.486794 11.830367 2.266129 8.162917 0.000004 -0.000002 18.399054 -3.798977 -4.940566 0.000004 -0.000000 -0.000000 3.242285 6.018749 0.775547 0.015454 -0.301702 8.855639 -6.668513 0.668796 -7.067902 1.634028 -2.017883 0.008002 0.000000 -0.000000 0.000002 -5.175532 -6.660811 0.852459 -0.027761 0.048821 9.425507 6.888537 -0.470285 -7.426744 -1.413059 0.887381 0.486513 -0.000000 -0.000000 -0.000001 
1.324490 99.775780 5.892311 0.468749 1.114825 -2.368139 0.029656 0.072261 -1.762840 -0.212107 -0.226545 -5.428469 2.017821 -1.752794 7.535767 -2.436259 3.941899 6.212328 0.143103 2.780305 -3.580831 1.208045 2.012926 -3.830637 0.000077 -0.000022 0.000006 0.007523 0.127509 0.035104 0.721680 -3.619183 -10.627439 -0.716033 3.875956 -10.649951 -16.729397 -3.630678 11.624454 -59.325024 -9.215165 23.886475 -0.036564 -21.391205 0.004985 -0.378503 1.341976 -5.806207 -5.882102 9.861279 0.702590 -10.936859 -0.360574 7.156197 0.000000 8.774813 0.000001 -16.039261 18.303936 6.290747 -1.844031 2.498502 -2.507277 -10.163589 4.678939 4.621105 -20.975994 -0.000003 0.000002 -21.226255 2.451691 -3.593994 0.000001 -0.000005 -0.000001 -1.362681 2.240796 -0.746321 -21.334890 0.584909 3.008320 -13.821194 -0.000003 0.000001 -23.887133 -0.249081 -0.839482 -60.514450 2.654251 -0.994237 -0.294024 1.679686 0.833255 -14.218195 0.093214 1.300580 -34.212002 -0.287563 0.967171 -20.033180 0.964536 1.212842 0.000002 0.000000 0.000000 -3.440385 0.788233 0.501656 -15.928169 -3.167305 2.999704 -6.338817 -0.000002 -0.000001 -18.123415 3.648176 -4.905662 -0.000004 0.000000 -0.000002 14.006009 12.014120 12.676815 62.019440 6.644825 15.743268 0.002660 23.950623 0.000984 -0.062937 1.296029 4.084846 2.243539 -5.255034 -3.180156 14.282877 -0.826593 6.952494 -0.000003 -12.690590 -0.000001 16.003017 -17.818058 2.589119 1.665665 -1.955921 -2.878296 4.727793 -4.170583 4.993917 11.020511 0.000003 0.000000 12.109032 -3.735710 -2.866779 -0.000001 -0.000001 0.000000 1.291984 -1.928547 -1.498087 14.800113 0.567469 3.865604 14.242553 -1.341735 -6.660649 19.631935 0.143926 -0.648244 49.504093 -0.816916 -6.500567 0.353028 -1.511148 -0.031938 20.222769 3.684305 2.316629 18.787247 0.000007 0.000000 10.751611 -0.479867 1.397904 0.000002 0.000001 -0.000001 3.273804 0.305947 -0.580110 21.486792 11.830364 2.266128 8.162917 0.000004 -0.000001 18.399054 -3.798977 -4.940568 0.000003 0.000000 0.000000 3.255472 5.945591 0.750881 0.014013 -0.303874 8.888052 -6.687013 0.670074 -7.064724 1.633150 -2.022033 0.009451 0.000000 -0.000000 0.000002 -5.162904 -6.710679 0.856990 -0.027987 0.031474 9.461271 6.829590 -0.500766 -7.450439 -1.414425 0.884051 0.493956 -0.000000 -0.000000 -0.000001 
1.305510 99.769325 5.866354 0.463928 1.198864 -2.376005 0.031854 0.080706 -1.756949 -0.218267 -0.214838 -5.429925 2.025567 -1.731494 7.570728 -2.383965 3.928086 6.252321 0.142916 2.717783 -3.581859 1.171101 1.994893 -3.841111 0.000077 -0.000022 0.000006 0.006548 0.113667 0.035722 0.721887 -3.628039 -10.631032 -0.714088 3.861221 -10.646659 -16.704006 -3.604043 11.629494 -59.350838 -9.233648 23.900579 -0.071264 -21.498726 0.012501 -0.366361 1.295109 -5.661610 -5.882102 9.861279 0.702590 -10.936861 -0.360575 7.156198 0.000000 8.774814 -0.000003 -16.015265 18.305918 6.285495 -1.844031 2.498504 -2.507276 -10.163589 4.678941 4.621102 -20.975998 -0.000003 0.000001 -21.226255 2.451693 -3.593994 0.000000 -0.000006 0.000001 -1.362680 2.240796 -0.746323 -21.334892 0.584908 3.008320 -13.821197 -0.000003 -0.000001 -23.887131 -0.249080 -0.839480 -60.499779 2.632907 -0.993726 -0.294024 1.679687 0.833255 -14.218194 0.093215 1.300575 -34.212006 -0.287565 0.967167 -20.033184 0.964535 1.212841 0.000002 -0.000001 -0.000000 -3.440385 0.788233 0.501656 -15.928171 -3.167306 2.999703 -6.338817 -0.000002 0.000000 -18.123415 3.648177 -4.905663 -0.000004 0.000000 -0.000001 14.022405 12.020006 12.730227 62.010956 6.664491 15.931520 -0.025168 23.758612 -0.025784 -0.101430 1.318764 3.998132 2.243540 -5.255032 -3.180154 14.282877 -0.826594 6.952497 -0.000003 -12.690588 0.000000 16.003942 -17.821911 2.598920 1.665664 -1.955921 -2.878297 4.727793 -4.170583 4.993921 11.020512 0.000002 -0.000002 12.109030 -3.735710 -2.866780 -0.000001 0.000000 -0.000001 1.291985 -1.928548 -1.498087 14.800111 0.567468 3.865605 14.242554 -1.341735 -6.660651 19.631935 0.143926 -0.648244 49.501442 -0.826741 -6.505988 0.353028 -1.511149 -0.031941 20.222769 3.684306 2.316628 18.787245 0.000003 -0.000000 10.751610 -0.479869 1.397904 0.000002 0.000001 -0.000001 3.273804 0.305946 -0.580108 21.486788 11.830362 2.266133 8.162916 0.000002 -0.000001 18.399052 -3.798980 -4.940566 0.000003 0.000000 0.000000 3.269890 5.889776 0.653505 0.011772 -0.300559 9.034850 -6.712117 0.663613 -7.099524 1.633600 -2.016168 0.002568 0.000000 0.000000 0.000002 -5.146592 -6.751931 0.815993 -0.029765 0.018943 9.560156 6.791645 -0.574400 -7.495243 -1.415565 0.880923 0.502435 0.000000 0.000000 -0.000001 
1.284978 99.774681 5.813116 0.458193 1.270504 -2.384522 0.034407 0.090675 -1.746469 -0.220443 -0.193940 -5.438373 2.026252 -1.727782 7.603718 -2.341250 3.930522 6.301605 0.144548 2.703189 -3.586362 1.158947 1.954942 -3.846029 0.000077 -0.000023 0.000006 0.007261 0.108709 0.035621 0.721818 -3.637720 -10.636355 -0.714509 3.854410 -10.653059 -16.690672 -3.568134 11.637434 -59.369297 -9.242651 23.977791 -0.104652 -21.562855 0.042246 -0.317867 1.250825 -5.569201 -5.882100 9.861279 0.702589 -10.936858 -0.360576 7.156197 0.000001 8.774815 0.000002 -16.011892 18.305332 6.296496 -1.844031 2.498503 -2.507276 -10.163590 4.678940 4.621103 -20.975996 -0.000005 0.000003 -21.226254 2.451692 -3.593993 0.000000 -0.000004 -0.000000 -1.362680 2.240797 -0.746320 -21.334890 0.584907 3.008322 -13.821194 -0.000003 0.000001 -23.887133 -0.249080 -0.839480 -60.464634 2.640583 -0.976722 -0.294024 1.679685 0.833257 -14.218194 0.093214 1.300579 -34.211998 -0.287566 0.967169 -20.033178 0.964534 1.212843 0.000000 -0.000001 -0.000001 -3.440385 0.788232 0.501656 -15.928167 -3.167306 2.999704 -6.338817 -0.000001 -0.000001 -18.123413 3.648176 -4.905662 -0.000005 0.000001 -0.000002 14.010103 12.056343 12.738428 62.043278 6.630702 16.008467 -0.047760 23.655952 -0.019636 -0.160247 1.330783 3.929177 2.243541 -5.255033 -3.180156 14.282878 -0.826594 6.952493 -0.000002 -12.690588 -0.000002 16.016914 -17.786163 2.593428 1.665665 -1.955919 -2.878293 4.727794 -4.170584 4.993919 11.020513 0.000003 0.000000 12.109033 -3.735709 -2.866777 -0.000001 0.000000 0.000001 1.291985 -1.928547 -1.498088 14.800114 0.567467 3.865602 14.242553 -1.341735 -6.660648 19.631941 0.143925 -0.648244 49.484951 -0.820690 -6.476207 0.353028 -1.511149 -0.031940 20.222769 3.684306 2.316627 18.787245 0.000005 -0.000000 10.751610 -0.479868 1.397902 0.000001 0.000001 -0.000003 3.273805 0.305946 -0.580112 21.486794 11.830363 2.266132 8.162917 0.000004 -0.000001 18.399055 -3.798977 -4.940567 0.000004 0.000000 -0.000001 3.285590 5.866952 0.609835 0.012001 -0.306562 9.045076 -6.752850 0.657650 -7.056161 1.635436 -2.025832 -0.013034 0.000000 -0.000000 0.000002 -5.123801 -6.779261 0.813672 -0.030536 0.017982 9.539355 6.775212 -0.669002 -7.467816 -1.417005 0.879320 0.508533 0.000000 -0.000000 -0.000001 
1.253801 99.774857 5.821076 0.447469 1.317593 -2.404569 0.042078 0.104465 -1.738644 -0.216995 -0.177916 -5.439998 2.027704 -1.716206 7.625955 -2.312499 3.924308 6.343985 0.153284 2.713416 -3.580986 1.137216 1.928297 -3.849990 0.000077 -0.000023 0.000006 0.007066 0.110722 0.035950 0.722614 -3.638491 -10.634807 -0.716048 3.858996 -10.648288 -16.697369 -3.528002 11.641772 -59.398792 -9.251946 24.106327 -0.098265 -21.567835 0.061502 -0.273438 1.229174 -5.480373 -5.882101 9.861278 0.702590 -10.936859 -0.360576 7.156197 0.000002 8.774814 0.000001 -15.993543 18.278940 6.293203 -1.844031 2.498503 -2.507275 -10.163589 4.678939 4.621106 -20.975996 -0.000006 0.000003 -21.226255 2.451691 -3.593991 0.000001 -0.000004 0.000001 -1.362680 2.240797 -0.746325 -21.334892 0.584908 3.008321 -13.821197 -0.000003 0.000000 -23.887131 -0.249078 -0.839479 -60.432583 2.609619 -0.989465 -0.294025 1.679685 0.833255 -14.218194 0.093213 1.300581 -34.212002 -0.287567 0.967171 -20.033184 0.964533 1.212844 0.000000 -0.000002 -0.000000 -3.440386 0.788232 0.501656 -15.928167 -3.167307 2.999702 -6.338817 -0.000001 0.000001 -18.123415 3.648173 -4.905661 -0.000004 0.000000 -0.000001 13.984179 12.093527 12.743675 62.101471 6.616235 16.019152 -0.072318 23.641666 -0.013413 -0.214641 1.353435 3.787718 2.243540 -5.255033 -3.180156 14.282877 -0.826592 6.952496 -0.000004 -12.690592 -0.000000 16.004446 -17.773073 2.585830 1.665664 -1.955919 -2.878297 4.727794 -4.170582 4.993917 11.020513 0.000004 0.000000 12.109032 -3.735709 -2.866776 -0.000001 0.000000 -0.000000 1.291984 -1.928548 -1.498086 14.800111 0.567470 3.865600 14.242551 -1.341733 -6.660648 19.631939 0.143929 -0.648240 49.448933 -0.822362 -6.476405 0.353028 -1.511148 -0.031940 20.222771 3.684310 2.316626 18.787245 0.000007 0.000001 10.751610 -0.479867 1.397904 0.000002 0.000001 -0.000001 3.273805 0.305947 -0.580109 21.486794 11.830366 2.266131 8.162916 0.000003 -0.000001 18.399052 -3.798978 -4.940565 0.000004 0.000001 0.000000 3.325194 5.869864 0.636160 0.007635 -0.311877 9.029573 -6.786224 0.629146 -7.043696 1.635201 -2.026777 -0.044105 0.000000 0.000000 0.000002 -5.100274 -6.824859 0.870385 -0.028083 0.015225 9.498491 6.769994 -0.707119 -7.465361 -1.418512 0.879275 0.529514 0.000000 0.000000 -0.000001 
1.256202 99.770775 5.830181 0.435918 1.353779 -2.438665 0.052693 0.105959 -1.726485 -0.212649 -0.151914 -5.445839 2.021392 -1.717225 7.659740 -2.295457 3.923163 6.390809 0.161752 2.741199 -3.581781 1.131478 1.896678 -3.851724 0.000077 -0.000023 0.000006 0.006956 0.115564 0.039580 0.724309 -3.633306 -10.641650 -0.719494 3.862747 -10.659591 -16.682858 -3.496601 11.639744 -59.423367 -9.230161 24.229649 -0.078877 -21.548058 0.039998 -0.240568 1.213944 -5.381444 -5.882100 9.861278 0.702592 -10.936857 -0.360574 7.156200 -0.000000 8.774814 -0.000001 -15.993361 18.269777 6.277852 -1.844031 2.498503 -2.507274 -10.163589 4.678939 4.621103 -20.975992 -0.000003 0.000002 -21.226246 2.451694 -3.593995 0.000001 -0.000005 -0.000000 -1.362680 2.240797 -0.746322 -21.334887 0.584910 3.008321 -13.821194 -0.000002 0.000002 -23.887129 -0.249075 -0.839480 -60.426750 2.611283 -0.979175 -0.294024 1.679686 0.833255 -14.218190 0.093215 1.300580 -34.211998 -0.287561 0.967170 -20.033175 0.964537 1.212842 0.000001 0.000000 0.000000 -3.440385 0.788232 0.501656 -15.928164 -3.167307 2.999705 -6.338817 -0.000002 -0.000001 -18.123411 3.648178 -4.905662 -0.000003 0.000001 -0.000000 13.921620 12.140827 12.723527 62.200554 6.620955 15.979729 -0.074587 23.711868 0.000894 -0.262516 1.386477 3.603474 2.243540 -5.255033 -3.180156 14.282877 -0.826593 6.952496 -0.000003 -12.690591 -0.000001 16.016478 -17.772657 2.594327 1.665665 -1.955919 -2.878294 4.727793 -4.170582 4.993918 11.020512 0.000004 0.000000 12.109031 -3.735708 -2.866781 -0.000001 0.000000 -0.000001 1.291984 -1.928546 -1.498088 14.800113 0.567467 3.865603 14.242553 -1.341735 -6.660648 19.631937 0.143924 -0.648245 49.449829 -0.847092 -6.497618 0.353029 -1.511148 -0.031939 20.222771 3.684306 2.316628 18.787245 0.000006 -0.000001 10.751613 -0.479866 1.397905 0.000001 0.000001 -0.000001 3.273804 0.305948 -0.580109 21.486790 11.830363 2.266131 8.162917 0.000003 -0.000002 18.399054 -3.798978 -4.940565 0.000003 -0.000000 -0.000000 3.345912 5.888422 0.646131 0.005219 -0.321315 9.084376 -6.798190 0.591572 -7.067730 1.635167 -2.029091 -0.066762 0.000000 -0.000000 0.000002 -5.100688 -6.881008 0.934562 -0.026310 0.024626 9.472451 6.785197 -0.723488 -7.466539 -1.419806 0.884344 0.563995 -0.000000 -0.000000 -0.000001 
1.236560 99.774200 5.890225 0.423648 1.376135 -2.478378 0.061161 0.103093 -1.703976 -0.204765 -0.138280 -5.442383 2.025662 -1.691407 7.666446 -2.295870 3.913661 6.434972 0.169795 2.776335 -3.586312 1.122660 1.888720 -3.869490 0.000077 -0.000023 0.000006 0.007780 0.118964 0.041988 0.727885 -3.629529 -10.640779 -0.720988 3.870278 -10.656271 -16.677752 -3.489088 11.640123 -59.487885 -9.189095 24.265930 -0.052164 -21.494545 0.037861 -0.190827 1.216734 -5.216714 -5.882101 9.861279 0.702590 -10.936858 -0.360575 7.156197 0.000001 8.774813 -0.000001 -16.019863 18.235348 6.258762 -1.844030 2.498503 -2.507276 -10.163589 4.678939 4.621106 -20.975994 -0.000004 0.000002 -21.226250 2.451693 -3.593992 0.000001 -0.000006 0.000001 -1.362680 2.240797 -0.746321 -21.334888 0.584908 3.008322 -13.821193 -0.000003 0.000003 -23.887125 -0.249078 -0.839481 -60.439636 2.598415 -0.983076 -0.294025 1.679686 0.833255 -14.218194 0.093214 1.300578 -34.212002 -0.287562 0.967172 -20.033176 0.964536 1.212843 0.000001 0.000000 0.000000 -3.440385 0.788232 0.501656 -15.928167 -3.167307 2.999705 -6.338816 -0.000002 0.000000 -18.123415 3.648176 -4.905659 -0.000004 0.000000 -0.000002 13.858357 12.174891 12.683846 62.306736 6.608614 15.912420 -0.072761 23.817373 -0.021139 -0.319358 1.432971 3.326449 2.243539 -5.255032 -3.180156 14.282877 -0.826593 6.952499 -0.000004 -12.690592 0.000000 16.023010 -17.770178 2.566110 1.665665 -1.955921 -2.878297 4.727793 -4.170582 4.993918 11.020512 0.000003 -0.000001 12.109033 -3.735709 -2.866778 0.000000 0.000000 0.000000 1.291984 -1.928547 -1.498089 14.800114 0.567468 3.865603 14.242554 -1.341734 -6.660648 19.631939 0.143927 -0.648244 49.429817 -0.869980 -6.510956 0.353028 -1.511150 -0.031941 20.222771 3.684307 2.316627 18.787247 0.000008 -0.000001 10.751610 -0.479868 1.397904 0.000002 0.000000 -0.000001 3.273804 0.305948 -0.580109 21.486795 11.830361 2.266131 8.162916 0.000003 -0.000001 18.399057 -3.798977 -4.940567 0.000003 0.000001 0.000001 3.383202 5.888370 0.800169 0.004704 -0.326941 8.933938 -6.836211 0.599112 -7.038835 1.634933 -2.031603 -0.067306 0.000000 0.000000 0.000002 -5.090173 -6.910115 1.114374 -0.019903 0.023337 9.287078 6.794825 -0.724675 -7.429020 -1.422041 0.897918 0.596352 -0.000000 -0.000000 -0.000001 
1.237334 99.773911 5.908107 0.416233 1.373494 -2.517829 0.073861 0.116766 -1.682222 -0.199003 -0.137097 -5.447608 2.023172 -1.665013 7.679469 -2.296403 3.911344 6.459602 0.184415 2.810627 -3.589575 1.132339 1.898994 -3.885086 0.000077 -0.000023 0.000006 0.007557 0.118943 0.043957 0.729349 -3.628804 -10.648554 -0.722023 3.874192 -10.660723 -16.655466 -3.480743 11.641441 -59.546551 -9.166309 24.260834 -0.046538 -21.414352 0.029250 -0.137898 1.197714 -5.069478 -5.882100 9.861278 0.702589 -10.936858 -0.360575 7.156197 0.000001 8.774814 0.000000 -16.067400 18.221447 6.202147 -1.844031 2.498503 -2.507277 -10.163589 4.678941 4.621105 -20.975992 -0.000004 0.000002 -21.226250 2.451693 -3.593992 0.000000 -0.000005 -0.000000 -1.362680 2.240796 -0.746322 -21.334887 0.584908 3.008320 -13.821195 -0.000002 0.000002 -23.887131 -0.249078 -0.839482 -60.424870 2.597371 -0.990395 -0.294025 1.679686 0.833255 -14.218194 0.093215 1.300582 -34.212006 -0.287564 0.967170 -20.033178 0.964534 1.212842 0.000000 -0.000001 0.000001 -3.440385 0.788232 0.501659 -15.928167 -3.167308 2.999707 -6.338816 -0.000002 0.000001 -18.123413 3.648175 -4.905662 -0.000004 0.000000 -0.000001 13.798060 12.211602 12.661860 62.390659 6.619054 15.864198 -0.079951 23.972950 -0.021738 -0.376637 1.508726 3.013832 2.243539 -5.255033 -3.180156 14.282877 -0.826592 6.952497 -0.000002 -12.690592 0.000000 16.052301 -17.782887 2.546698 1.665663 -1.955919 -2.878296 4.727793 -4.170582 4.993918 11.020513 0.000004 -0.000000 12.109032 -3.735710 -2.866779 0.000000 0.000000 -0.000001 1.291985 -1.928550 -1.498089 14.800109 0.567467 3.865606 14.242553 -1.341737 -6.660646 19.631941 0.143926 -0.648242 49.430302 -0.901506 -6.542897 0.353028 -1.511150 -0.031941 20.222767 3.684307 2.316629 18.787245 0.000005 -0.000000 10.751610 -0.479868 1.397903 0.000001 0.000001 -0.000001 3.273804 0.305948 -0.580109 21.486792 11.830362 2.266129 8.162918 0.000003 -0.000002 18.399055 -3.798978 -4.940567 0.000003 -0.000000 0.000001 3.401549 5.923610 0.876268 0.002365 -0.343385 8.893437 -6.854595 0.620069 -7.036360 1.635173 -2.023855 -0.086552 0.000000 -0.000000 0.000002 -5.094406 -6.930850 1.206687 -0.014018 0.029049 9.211956 6.816652 -0.724648 -7.409025 -1.422193 0.904722 0.614111 -0.000000 -0.000000 -0.000001 
1.225333 99.772118 5.976343 0.407624 1.364204 -2.541576 0.078912 0.119181 -1.677906 -0.194426 -0.119723 -5.435447 2.019758 -1.652667 7.685716 -2.295675 3.899153 6.439727 0.200885 2.839518 -3.593170 1.160463 1.910970 -3.897961 0.000077 -0.000023 0.000006 0.006882 0.127958 0.042522 0.732023 -3.624428 -10.648085 -0.726139 3.873842 -10.656586 -16.622429 -3.469208 11.657655 -59.590481 -9.179366 24.289436 -0.026308 -21.307587 0.000727 -0.105896 1.164548 -5.036026 -5.882101 9.861279 0.702590 -10.936857 -0.360574 7.156198 0.000001 8.774813 0.000001 -16.068819 18.210522 6.192878 -1.844031 2.498503 -2.507277 -10.163589 4.678940 4.621105 -20.975992 -0.000003 0.000001 -21.226246 2.451693 -3.593995 0.000000 -0.000004 -0.000000 -1.362680 2.240798 -0.746325 -21.334887 0.584910 3.008321 -13.821195 -0.000002 0.000000 -23.887125 -0.249077 -0.839481 -60.401272 2.614596 -0.999344 -0.294024 1.679686 0.833255 -14.218190 0.093216 1.300580 -34.211998 -0.287561 0.967168 -20.033175 0.964536 1.212839 0.000000 0.000001 0.000000 -3.440385 0.788232 0.501657 -15.928165 -3.167306 2.999704 -6.338815 -0.000001 -0.000002 -18.123411 3.648175 -4.905661 -0.000004 0.000000 -0.000002 13.755337 12.246006 12.640779 62.434429 6.669297 15.861938 -0.108988 24.097553 -0.031203 -0.411352 1.582824 2.720782 2.243540 -5.255032 -3.180154 14.282877 -0.826595 6.952495 -0.000000 -12.690590 0.000000 16.048521 -17.782497 2.531610 1.665665 -1.955920 -2.878297 4.727794 -4.170584 4.993917 11.020510 0.000001 0.000000 12.109033 -3.735711 -2.866782 0.000000 -0.000000 -0.000001 1.291985 -1.928549 -1.498088 14.800111 0.567466 3.865601 14.242554 -1.341735 -6.660650 19.631939 0.143922 -0.648246 49.414745 -0.904482 -6.563795 0.353029 -1.511150 -0.031940 20.222769 3.684302 2.316628 18.787243 0.000004 -0.000004 10.751608 -0.479869 1.397904 0.000002 0.000000 -0.000001 3.273804 0.305947 -0.580111 21.486788 11.830360 2.266130 8.162917 0.000002 -0.000002 18.399052 -3.798980 -4.940569 0.000003 -0.000000 -0.000001 3.429144 5.958676 0.991217 0.007205 -0.353076 8.806948 -6.885456 0.630034 -7.044390 1.633055 -2.024411 -0.107745 0.000000 -0.000000 0.000002 -5.093503 -6.977659 1.327915 -0.007706 0.044809 9.108340 6.825688 -0.723685 -7.406367 -1.420861 0.904889 0.603233 -0.000000 -0.000000 -0.000001 
1.272234 99.780037 6.002770 0.400512 1.371097 -2.556502 0.082706 0.136962 -1.675252 -0.193407 -0.124102 -5.433700 2.015646 -1.648120 7.689044 -2.278714 3.907043 6.412481 0.208021 2.845389 -3.599514 1.178244 1.899795 -3.901733 0.000077 -0.000023 0.000006 0.006112 0.125911 0.038893 0.735029 -3.623078 -10.654743 -0.731152 3.877203 -10.665812 -16.584280 -3.466157 11.683879 -59.626530 -9.192485 24.256561 -0.031682 -21.192917 0.008091 -0.088766 1.138739 -5.029763 -5.882101 9.861279 0.702590 -10.936858 -0.360575 7.156197 0.000000 8.774813 0.000000 -16.077309 18.219353 6.178934 -1.844031 2.498503 -2.507273 -10.163589 4.678939 4.621107 -20.975994 -0.000005 0.000003 -21.226250 2.451693 -3.593992 0.000000 -0.000005 0.000001 -1.362680 2.240796 -0.746324 -21.334887 0.584910 3.008320 -13.821197 -0.000003 0.000001 -23.887129 -0.249078 -0.839481 -60.403805 2.661023 -0.978598 -0.294026 1.679686 0.833255 -14.218192 0.093213 1.300581 -34.211998 -0.287565 0.967172 -20.033178 0.964534 1.212843 0.000000 0.000000 0.000000 -3.440384 0.788231 0.501653 -15.928167 -3.167306 2.999703 -6.338817 -0.000000 -0.000001 -18.123413 3.648175 -4.905659 -0.000004 0.000000 -0.000002 13.724030 12.278342 12.635249 62.467972 6.723905 15.861078 -0.107537 24.163296 -0.039082 -0.474389 1.654033 2.531875 2.243539 -5.255031 -3.180155 14.282878 -0.826592 6.952495 -0.000003 -12.690590 -0.000000 16.045948 -17.801893 2.550519 1.665666 -1.955920 -2.878294 4.727794 -4.170582 4.993917 11.020514 0.000004 0.000001 12.109035 -3.735710 -2.866779 -0.000001 -0.000000 -0.000001 1.291984 -1.928547 -1.498088 14.800117 0.567470 3.865603 14.242553 -1.341734 -6.660650 19.631941 0.143927 -0.648243 49.430393 -0.910297 -6.573504 0.353029 -1.511148 -0.031941 20.222771 3.684307 2.316629 18.787247 0.000008 0.000000 10.751611 -0.479865 1.397905 0.000002 0.000000 -0.000001 3.273804 0.305949 -0.580109 21.486795 11.830366 2.266131 8.162917 0.000002 0.000000 18.399054 -3.798980 -4.940568 0.000003 -0.000000 -0.000000 3.417934 6.005057 1.083288 0.008930 -0.347056 8.690257 -6.848815 0.617077 -7.009225 1.632424 -2.021123 -0.115129 0.000000 -0.000000 0.000002 -5.125573 -7.016572 1.478493 -0.007576 0.044819 8.876052 6.865269 -0.701883 -7.314807 -1.421083 0.896371 0.591597 -0.000000 -0.000000 -0.000001 
1.299175 99.777451 6.031841 0.389667 1.389704 -2.568812 0.087778 0.150329 -1.677017 -0.195796 -0.121593 -5.433597 2.011624 -1.646419 7.682469 -2.244781 3.906952 6.379799 0.204411 2.850333 -3.604430 1.183184 1.885965 -3.913793 0.000077 -0.000022 0.000006 0.008234 0.125924 0.036053 0.739500 -3.620984 -10.656382 -0.731457 3.874679 -10.664877 -16.548868 -3.475993 11.701054 -59.662479 -9.231312 24.224722 -0.044509 -21.072052 0.005854 -0.079220 1.158752 -5.009791 -5.882101 9.861279 0.702590 -10.936858 -0.360575 7.156195 0.000001 8.774813 -0.000001 -16.075121 18.208731 6.179565 -1.844031 2.498502 -2.507275 -10.163589 4.678940 4.621103 -20.975994 -0.000005 0.000002 -21.226255 2.451691 -3.593994 0.000000 -0.000005 -0.000000 -1.362680 2.240795 -0.746323 -21.334892 0.584907 3.008320 -13.821197 -0.000004 0.000001 -23.887133 -0.249080 -0.839480 -60.426426 2.667787 -0.993048 -0.294024 1.679687 0.833256 -14.218192 0.093215 1.300578 -34.211998 -0.287564 0.967169 -20.033176 0.964535 1.212840 0.000001 -0.000001 -0.000000 -3.440386 0.788233 0.501655 -15.928167 -3.167308 2.999703 -6.338817 -0.000001 -0.000001 -18.123413 3.648176 -4.905660 -0.000004 -0.000000 -0.000002 13.713666 12.320584 12.622561 62.472252 6.766922 15.830332 -0.097937 24.149977 -0.055821 -0.544431 1.698110 2.442434 2.243540 -5.255033 -3.180153 14.282877 -0.826592 6.952494 -0.000004 -12.690590 0.000002 16.042061 -17.792583 2.535457 1.665666 -1.955919 -2.878294 4.727795 -4.170585 4.993918 11.020513 0.000003 -0.000001 12.109034 -3.735709 -2.866780 -0.000000 0.000000 -0.000000 1.291985 -1.928548 -1.498089 14.800113 0.567469 3.865602 14.242553 -1.341735 -6.660649 19.631939 0.143926 -0.648243 49.432140 -0.911223 -6.583776 0.353028 -1.511152 -0.031941 20.222771 3.684307 2.316627 18.787245 0.000006 -0.000001 10.751610 -0.479868 1.397904 0.000002 0.000001 -0.000001 3.273805 0.305946 -0.580110 21.486794 11.830361 2.266131 8.162917 0.000002 -0.000001 18.399057 -3.798978 -4.940566 0.000004 -0.000000 0.000002 3.422701 6.036648 1.095183 0.009547 -0.340638 8.726747 -6.822033 0.593606 -7.040705 1.630410 -2.017530 -0.103497 0.000000 0.000000 0.000002 -5.116976 -7.054784 1.624790 -0.011163 0.045570 8.798338 6.856548 -0.692517 -7.336513 -1.419773 0.886171 0.575580 -0.000000 -0.000000 -0.000001 
1.338198 99.778893 6.072350 0.377357 1.413939 -2.574126 0.091620 0.153219 -1.682317 -0.199120 -0.112235 -5.433460 2.007705 -1.645067 7.665468 -2.213928 3.907654 6.339787 0.197173 2.846059 -3.611700 1.170574 1.888501 -3.945699 0.000077 -0.000023 0.000006 0.008350 0.124617 0.031856 0.744833 -3.623464 -10.662876 -0.734367 3.876105 -10.672959 -16.506351 -3.495145 11.694997 -59.705776 -9.237706 24.164557 -0.058913 -20.925577 0.007380 -0.077748 1.197801 -4.996104 -5.882102 9.861279 0.702590 -10.936859 -0.360574 7.156198 0.000001 8.774813 0.000000 -16.075632 18.192726 6.171042 -1.844031 2.498502 -2.507275 -10.163589 4.678939 4.621104 -20.975998 -0.000005 0.000002 -21.226250 2.451692 -3.593992 0.000001 -0.000005 0.000001 -1.362681 2.240797 -0.746322 -21.334887 0.584908 3.008320 -13.821197 -0.000003 0.000001 -23.887133 -0.249078 -0.839482 -60.417419 2.669333 -0.989085 -0.294024 1.679686 0.833256 -14.218194 0.093214 1.300578 -34.212013 -0.287563 0.967171 -20.033184 0.964534 1.212840 0.000001 0.000000 -0.000001 -3.440385 0.788233 0.501655 -15.928169 -3.167307 2.999704 -6.338817 -0.000002 0.000000 -18.123413 3.648176 -4.905663 -0.000004 0.000000 0.000000 13.697185 12.353124 12.608096 62.478127 6.804201 15.783289 -0.083038 24.104332 -0.030987 -0.636931 1.722260 2.402097 2.243541 -5.255033 -3.180156 14.282875 -0.826594 6.952496 -0.000003 -12.690592 -0.000001 16.034525 -17.786676 2.534232 1.665665 -1.955919 -2.878296 4.727793 -4.170583 4.993918 11.020511 0.000003 -0.000001 12.109029 -3.735709 -2.866780 -0.000001 0.000000 0.000000 1.291984 -1.928548 -1.498089 14.800113 0.567466 3.865602 14.242554 -1.341735 -6.660649 19.631939 0.143927 -0.648244 49.460384 -0.894484 -6.570929 0.353029 -1.511149 -0.031941 20.222769 3.684305 2.316628 18.787245 0.000004 -0.000002 10.751610 -0.479870 1.397907 0.000002 0.000000 -0.000002 3.273804 0.305947 -0.580110 21.486788 11.830360 2.266130 8.162916 0.000003 -0.000002 18.399050 -3.798980 -4.940567 0.000003 0.000001 -0.000001 3.421173 6.049686 1.134701 0.008711 -0.321329 8.705759 -6.783164 0.574304 -7.054098 1.631918 -2.017094 -0.082939 0.000000 -0.000000 0.000002 -5.152454 -7.073873 1.674223 -0.013882 0.045778 8.629601 6.876693 -0.727913 -7.253667 -1.418700 0.877676 0.579230 -0.000000 -0.000000 -0.000001 
1.342785 99.775475 6.113850 0.366261 1.448255 -2.577653 0.093476 0.152635 -1.685873 -0.201879 -0.090989 -5.433286 2.000522 -1.652711 7.658465 -2.209424 3.899261 6.255221 0.206824 2.844124 -3.610615 1.133531 1.896938 -3.972073 0.000077 -0.000023 0.000006 0.007536 0.113550 0.027938 0.746808 -3.631841 -10.668268 -0.738483 3.859685 -10.668766 -16.454506 -3.526284 11.688153 -59.760887 -9.272976 24.083353 -0.068722 -20.806244 0.012753 -0.044246 1.226592 -5.017203 -5.882101 9.861278 0.702590 -10.936859 -0.360575 7.156197 0.000001 8.774812 -0.000002 -16.081551 18.205505 6.187383 -1.844030 2.498502 -2.507277 -10.163589 4.678940 4.621104 -20.975994 -0.000003 0.000002 -21.226248 2.451692 -3.593992 0.000000 -0.000004 0.000000 -1.362679 2.240795 -0.746322 -21.334892 0.584907 3.008320 -13.821195 -0.000003 0.000002 -23.887129 -0.249079 -0.839479 -60.439823 2.669705 -0.988066 -0.294024 1.679687 0.833254 -14.218194 0.093215 1.300578 -34.212006 -0.287564 0.967170 -20.033178 0.964534 1.212841 0.000002 -0.000001 -0.000000 -3.440385 0.788232 0.501657 -15.928167 -3.167306 2.999704 -6.338817 -0.000001 0.000000 -18.123413 3.648175 -4.905662 -0.000004 0.000001 -0.000000 13.674244 12.379469 12.575340 62.478809 6.815989 15.729070 -0.080388 24.047873 -0.015629 -0.679319 1.732842 2.355477 2.243540 -5.255033 -3.180154 14.282875 -0.826591 6.952497 -0.000003 -12.690590 -0.000001 16.026428 -17.780798 2.541052 1.665665 -1.955920 -2.878296 4.727793 -4.170582 4.993917 11.020511 0.000003 0.000000 12.109032 -3.735709 -2.866780 0.000000 0.000000 -0.000001 1.291984 -1.928547 -1.498087 14.800113 0.567469 3.865602 14.242553 -1.341734 -6.660647 19.631937 0.143927 -0.648242 49.462555 -0.870880 -6.584149 0.353028 -1.511149 -0.031941 20.222771 3.684307 2.316628 18.787247 0.000007 -0.000001 10.751610 -0.479867 1.397904 0.000001 0.000001 -0.000001 3.273803 0.305947 -0.580110 21.486788 11.830361 2.266133 8.162915 0.000002 0.000001 18.399052 -3.798977 -4.940567 0.000003 0.000001 0.000000 3.439785 6.063497 1.146849 0.008232 -0.310662 8.732123 -6.785691 0.559316 -7.085386 1.629769 -2.029076 -0.083333 0.000000 -0.000000 0.000002 -5.147950 -7.099191 1.742830 -0.014448 0.044410 8.567117 6.853022 -0.731279 -7.258200 -1.419024 0.874323 0.581513 -0.000000 -0.000000 -0.000001 
1.358173 99.773102 6.143549 0.354463 1.475142 -2.589086 0.091567 0.147221 -1.681542 -0.205881 -0.081430 -5.433154 1.992826 -1.656877 7.663422 -2.201195 3.896077 6.137136 0.211338 2.823472 -3.602608 1.088546 1.895578 -4.010517 0.000077 -0.000023 0.000006 0.008094 0.112287 0.023496 0.749068 -3.638682 -10.674344 -0.740751 3.856497 -10.671081 -16.403744 -3.546142 11.648938 -59.793446 -9.283655 24.035912 -0.055627 -20.712214 -0.015781 0.019328 1.257990 -5.047888 -5.882102 9.861279 0.702589 -10.936859 -0.360575 7.156193 0.000001 8.774814 -0.000002 -16.089169 18.222542 6.183116 -1.844031 2.498502 -2.507276 -10.163591 4.678941 4.621105 -20.975994 -0.000003 0.000001 -21.226254 2.451693 -3.593993 0.000000 -0.000005 0.000001 -1.362681 2.240797 -0.746323 -21.334890 0.584908 3.008318 -13.821198 -0.000003 0.000000 -23.887133 -0.249078 -0.839481 -60.480988 2.689285 -0.979205 -0.294025 1.679688 0.833256 -14.218192 0.093214 1.300579 -34.212002 -0.287564 0.967169 -20.033180 0.964535 1.212839 0.000002 0.000002 0.000000 -3.440385 0.788233 0.501657 -15.928169 -3.167306 2.999703 -6.338815 -0.000001 0.000000 -18.123413 3.648177 -4.905663 -0.000004 -0.000000 -0.000002 13.631097 12.419938 12.529855 62.518322 6.798713 15.707776 -0.084520 24.014591 -0.011008 -0.729152 1.750280 2.264305 2.243540 -5.255033 -3.180157 14.282875 -0.826595 6.952495 -0.000002 -12.690592 -0.000001 16.031324 -17.813242 2.543767 1.665665 -1.955921 -2.878299 4.727793 -4.170584 4.993917 11.020510 0.000002 -0.000001 12.109031 -3.735713 -2.866781 -0.000001 0.000000 -0.000001 1.291984 -1.928547 -1.498087 14.800111 0.567467 3.865601 14.242553 -1.341737 -6.660651 19.631939 0.143926 -0.648243 49.494144 -0.858059 -6.587481 0.353028 -1.511147 -0.031940 20.222765 3.684305 2.316628 18.787245 0.000004 -0.000001 10.751610 -0.479868 1.397905 0.000002 0.000003 -0.000003 3.273804 0.305947 -0.580110 21.486788 11.830360 2.266131 8.162915 0.000003 -0.000002 18.399050 -3.798980 -4.940563 0.000003 0.000001 0.000002 3.448808 6.051958 1.160297 0.005025 -0.305294 8.760299 -6.775105 0.550730 -7.114820 1.631455 -2.034616 -0.091625 -0.000000 0.000000 0.000002 -5.152539 -7.136818 1.819203 -0.013692 0.046576 8.488943 6.830734 -0.719703 -7.245183 -1.419469 0.867546 0.598723 0.000000 0.000000 -0.000001 
1.364940 99.775108 6.179495 0.347915 1.525741 -2.592515 0.081141 0.147182 -1.678812 -0.208536 -0.069639 -5.431272 1.976889 -1.658593 7.683766 -2.181899 3.901130 5.987062 0.211538 2.791024 -3.587866 1.034399 1.848715 -4.065026 0.000077 -0.000023 0.000006 0.007916 0.114391 0.023524 0.751398 -3.631598 -10.671916 -0.740367 3.860810 -10.665835 -16.366203 -3.568918 11.626893 -59.813091 -9.315179 23.975340 -0.029445 -20.660265 -0.030433 0.084048 1.310038 -5.147472 -5.882101 9.861278 0.702590 -10.936860 -0.360575 7.156198 0.000001 8.774813 -0.000001 -16.076864 18.232313 6.201460 -1.844031 2.498502 -2.507276 -10.163589 4.678938 4.621103 -20.975996 -0.000005 0.000002 -21.226255 2.451692 -3.593991 -0.000000 -0.000005 0.000001 -1.362681 2.240796 -0.746323 -21.334892 0.584907 3.008320 -13.821198 -0.000004 0.000002 -23.887135 -0.249080 -0.839478 -60.501526 2.686235 -0.987457 -0.294024 1.679686 0.833257 -14.218195 0.093213 1.300579 -34.212006 -0.287565 0.967174 -20.033178 0.964536 1.212843 0.000001 0.000001 0.000000 -3.440386 0.788233 0.501656 -15.928171 -3.167306 2.999705 -6.338817 -0.000002 0.000000 -18.123415 3.648174 -4.905662 -0.000004 0.000000 -0.000001 13.616994 12.457598 12.485621 62.513363 6.732194 15.620557 -0.058088 24.024864 -0.003926 -0.749757 1.744528 2.288220 2.243539 -5.255031 -3.180154 14.282877 -0.826593 6.952495 -0.000004 -12.690587 0.000001 16.026243 -17.787500 2.548049 1.665665 -1.955920 -2.878297 4.727794 -4.170582 4.993917 11.020512 0.000005 -0.000001 12.109032 -3.735708 -2.866780 -0.000000 0.000000 -0.000001 1.291985 -1.928547 -1.498087 14.800114 0.567469 3.865602 14.242553 -1.341731 -6.660650 19.631941 0.143928 -0.648243 49.464176 -0.859953 -6.587578 0.353029 -1.511149 -0.031940 20.222771 3.684307 2.316630 18.787245 0.000007 -0.000001 10.751610 -0.479868 1.397905 0.000002 0.000000 -0.000002 3.273805 0.305946 -0.580110 21.486792 11.830361 2.266130 8.162917 0.000003 0.000000 18.399054 -3.798976 -4.940568 0.000003 0.000001 0.000001 3.458908 6.030503 1.204609 0.000068 -0.290964 8.708466 -6.793859 0.535172 -7.106583 1.631680 -2.040295 -0.101324 -0.000000 0.000000 0.000002 -5.158232 -7.189453 1.922917 -0.014676 0.035001 8.353438 6.816615 -0.690971 -7.211711 -1.418235 0.864045 0.629689 0.000000 0.000000 -0.000001 
1.380902 99.780991 6.170264 0.348831 1.592239 -2.591426 0.067855 0.142524 -1.672594 -0.215841 -0.056766 -5.434483 1.965553 -1.658445 7.716043 -2.178249 3.898824 5.815845 0.200647 2.757567 -3.581675 1.003700 1.788070 -4.098495 0.000077 -0.000023 0.000006 0.008707 0.115780 0.022428 0.753114 -3.626087 -10.655088 -0.742439 3.856900 -10.647415 -16.334581 -3.607379 11.619530 -59.788052 -9.369808 23.924580 -0.045431 -20.653934 -0.040259 0.160528 1.357298 -5.355000 -5.882101 9.861278 0.702591 -10.936859 -0.360574 7.156196 -0.000000 8.774813 -0.000003 -16.063675 18.244743 6.215384 -1.844030 2.498502 -2.507278 -10.163589 4.678940 4.621104 -20.975992 -0.000003 0.000003 -21.226254 2.451694 -3.593992 0.000001 -0.000004 -0.000000 -1.362680 2.240797 -0.746323 -21.334894 0.584909 3.008322 -13.821194 -0.000002 0.000002 -23.887131 -0.249076 -0.839478 -60.490631 2.701311 -1.005618 -0.294024 1.679685 0.833256 -14.218194 0.093215 1.300582 -34.211998 -0.287562 0.967169 -20.033178 0.964536 1.212844 0.000001 0.000001 0.000000 -3.440386 0.788233 0.501655 -15.928169 -3.167306 2.999702 -6.338818 -0.000001 0.000000 -18.123415 3.648175 -4.905663 -0.000004 0.000001 -0.000001 13.589820 12.473985 12.442453 62.498112 6.680348 15.523658 -0.007100 24.025740 0.000728 -0.762393 1.731243 2.301539 2.243540 -5.255032 -3.180156 14.282878 -0.826595 6.952496 -0.000002 -12.690592 0.000000 16.019377 -17.749969 2.524400 1.665665 -1.955921 -2.878294 4.727794 -4.170584 4.993919 11.020512 0.000002 0.000001 12.109033 -3.735710 -2.866783 0.000000 0.000000 -0.000001 1.291984 -1.928549 -1.498088 14.800111 0.567467 3.865602 14.242553 -1.341735 -6.660645 19.631937 0.143923 -0.648244 49.480209 -0.831915 -6.608994 0.353029 -1.511148 -0.031941 20.222771 3.684304 2.316627 18.787245 0.000005 -0.000001 10.751612 -0.479868 1.397902 0.000002 0.000000 -0.000001 3.273804 0.305947 -0.580110 21.486792 11.830363 2.266133 8.162917 0.000002 -0.000001 18.399054 -3.798980 -4.940565 0.000003 0.000001 0.000001 3.449289 6.015550 1.207628 -0.003470 -0.291420 8.665442 -6.795646 0.488533 -7.068532 1.630622 -2.040169 -0.118847 -0.000000 0.000000 0.000002 -5.172849 -7.271771 1.984369 -0.020787 0.046690 8.240758 6.811898 -0.685885 -7.161044 -1.416205 0.860411 0.622019 0.000000 0.000000 -0.000001 
1.391338 99.786354 6.165121 0.350273 1.659577 -2.575461 0.054747 0.147907 -1.653228 -0.220510 -0.064958 -5.430820 1.953628 -1.644922 7.732214 -2.174534 3.906322 5.656588 0.172502 2.718039 -3.591243 0.971792 1.720023 -4.120496 0.000077 -0.000023 0.000006 0.007040 0.115805 0.022625 0.751112 -3.620802 -10.641803 -0.744448 3.852068 -10.628917 -16.302298 -3.643426 11.611456 -59.810863 -9.397998 23.856695 -0.023020 -20.674288 -0.066360 0.229856 1.400809 -5.630169 -5.882102 9.861278 0.702590 -10.936860 -0.360575 7.156195 0.000001 8.774814 -0.000002 -16.041380 18.254456 6.233384 -1.844031 2.498503 -2.507276 -10.163590 4.678939 4.621101 -20.976000 -0.000004 0.000003 -21.226255 2.451692 -3.593995 0.000001 -0.000006 -0.000001 -1.362680 2.240796 -0.746321 -21.334894 0.584907 3.008319 -13.821198 -0.000004 0.000001 -23.887135 -0.249080 -0.839482 -60.500999 2.705957 -1.007796 -0.294024 1.679687 0.833255 -14.218194 0.093214 1.300579 -34.212013 -0.287566 0.967170 -20.033182 0.964534 1.212841 0.000001 0.000002 0.000000 -3.440386 0.788233 0.501655 -15.928171 -3.167307 2.999703 -6.338817 -0.000001 0.000000 -18.123415 3.648175 -4.905662 -0.000004 0.000000 -0.000001 13.558163 12.491948 12.414850 62.504166 6.634608 15.420698 0.039091 23.989828 0.015193 -0.793874 1.703095 2.268049 2.243540 -5.255033 -3.180156 14.282878 -0.826595 6.952495 -0.000003 -12.690591 0.000002 16.002853 -17.722258 2.564204 1.665665 -1.955918 -2.878295 4.727794 -4.170583 4.993921 11.020512 0.000004 -0.000000 12.109032 -3.735709 -2.866779 0.000000 0.000000 0.000000 1.291985 -1.928547 -1.498089 14.800114 0.567469 3.865602 14.242554 -1.341733 -6.660650 19.631941 0.143927 -0.648242 49.473888 -0.836733 -6.557751 0.353029 -1.511150 -0.031938 20.222771 3.684307 2.316625 18.787249 0.000006 0.000000 10.751612 -0.479867 1.397902 0.000002 0.000002 -0.000003 3.273804 0.305947 -0.580110 21.486792 11.830364 2.266130 8.162918 0.000003 -0.000001 18.399054 -3.798979 -4.940567 0.000004 0.000001 0.000001 3.446135 6.013581 1.191718 -0.011474 -0.282362 8.632864 -6.797910 0.439218 -7.034462 1.632371 -2.036375 -0.120794 -0.000000 0.000000 0.000002 -5.183720 -7.344733 2.020649 -0.024399 0.046149 8.151399 6.834766 -0.674784 -7.122056 -1.417382 0.872209 0.598246 0.000000 -0.000000 -0.000001 
1.371138 99.801567 6.128719 0.342889 1.720161 -2.561395 0.047657 0.152551 -1.606916 -0.223123 -0.052261 -5.418396 1.949765 -1.640190 7.732930 -2.173078 3.924838 5.499749 0.126371 2.681041 -3.597183 0.944254 1.646640 -4.145783 0.000077 -0.000023 0.000006 0.008401 0.121436 0.016256 0.754102 -3.614818 -10.646952 -0.745075 3.859547 -10.633438 -16.251024 -3.690016 11.609357 -59.866074 -9.400080 23.736168 -0.009671 -20.750496 -0.058196 0.291178 1.413434 -5.870751 -5.882101 9.861277 0.702589 -10.936860 -0.360575 7.156198 0.000001 8.774814 -0.000001 -16.039150 18.259317 6.234681 -1.844030 2.498502 -2.507277 -10.163589 4.678937 4.621105 -20.975992 -0.000004 0.000006 -21.226254 2.451692 -3.593989 0.000000 -0.000005 0.000001 -1.362680 2.240797 -0.746324 -21.334890 0.584908 3.008321 -13.821197 -0.000003 0.000003 -23.887133 -0.249079 -0.839481 -60.498665 2.693102 -1.000855 -0.294024 1.679686 0.833254 -14.218192 0.093213 1.300581 -34.211998 -0.287564 0.967174 -20.033176 0.964535 1.212842 0.000001 0.000002 0.000002 -3.440385 0.788232 0.501655 -15.928169 -3.167307 2.999705 -6.338817 -0.000000 -0.000001 -18.123415 3.648174 -4.905661 -0.000004 0.000000 -0.000002 13.498402 12.551523 12.419264 62.563095 6.633565 15.311825 0.073933 23.882504 0.031423 -0.846399 1.681562 2.244968 2.243540 -5.255033 -3.180155 14.282875 -0.826592 6.952496 -0.000004 -12.690587 0.000000 16.019871 -17.748228 2.556737 1.665664 -1.955920 -2.878298 4.727793 -4.170581 4.993922 11.020512 0.000004 -0.000002 12.109032 -3.735709 -2.866780 0.000000 0.000000 0.000000 1.291985 -1.928547 -1.498089 14.800114 0.567468 3.865602 14.242554 -1.341734 -6.660651 19.631937 0.143927 -0.648243 49.503433 -0.814471 -6.570930 0.353029 -1.511150 -0.031937 20.222769 3.684307 2.316627 18.787245 0.000007 -0.000002 10.751610 -0.479869 1.397906 0.000001 0.000000 -0.000002 3.273805 0.305947 -0.580111 21.486790 11.830360 2.266132 8.162917 0.000003 -0.000001 18.399050 -3.798981 -4.940566 0.000004 0.000001 0.000001 3.465718 5.991076 1.209359 -0.018951 -0.278642 8.494071 -6.805854 0.436582 -6.935302 1.632374 -2.025877 -0.116919 -0.000000 0.000000 0.000002 -5.164554 -7.413879 2.082195 -0.021343 0.054724 7.969095 6.833578 -0.646903 -7.021510 -1.415511 0.885442 0.605983 0.000000 0.000000 -0.000001 
1.377538 99.798378 6.101558 0.328852 1.774876 -2.534339 0.042157 0.143139 -1.566811 -0.223474 -0.024561 -5.402640 1.958054 -1.643027 7.737048 -2.190847 3.933210 5.362230 0.080785 2.646818 -3.606954 0.921270 1.637724 -4.193409 0.000077 -0.000023 0.000006 0.009292 0.115868 0.013508 0.754785 -3.620358 -10.655864 -0.744270 3.850656 -10.636821 -16.204178 -3.718625 11.614758 -59.929714 -9.421377 23.634165 0.022800 -20.836435 -0.068633 0.336326 1.382313 -6.097436 -5.882100 9.861278 0.702590 -10.936858 -0.360576 7.156195 0.000001 8.774814 -0.000001 -16.037281 18.248690 6.221402 -1.844030 2.498503 -2.507275 -10.163589 4.678939 4.621103 -20.975994 -0.000005 0.000002 -21.226250 2.451690 -3.593992 0.000000 -0.000005 -0.000001 -1.362680 2.240796 -0.746321 -21.334894 0.584906 3.008321 -13.821197 -0.000004 0.000005 -23.887129 -0.249079 -0.839478 -60.507202 2.698260 -1.002418 -0.294025 1.679687 0.833255 -14.218192 0.093214 1.300578 -34.212006 -0.287566 0.967172 -20.033178 0.964532 1.212843 0.000000 0.000001 0.000000 -3.440386 0.788233 0.501655 -15.928165 -3.167308 2.999705 -6.338815 -0.000001 0.000000 -18.123413 3.648174 -4.905661 -0.000004 0.000000 -0.000001 13.451447 12.616630 12.436597 62.621910 6.669121 15.279952 0.044954 23.738871 0.044699 -0.827445 1.634104 2.150509 2.243539 -5.255032 -3.180155 14.282875 -0.826592 6.952494 -0.000004 -12.690591 -0.000000 16.020956 -17.769159 2.568268 1.665665 -1.955921 -2.878295 4.727793 -4.170582 4.993917 11.020513 0.000003 -0.000001 12.109031 -3.735708 -2.866781 0.000000 0.000000 0.000000 1.291984 -1.928548 -1.498091 14.800113 0.567468 3.865602 14.242554 -1.341734 -6.660650 19.631941 0.143928 -0.648244 49.488838 -0.791663 -6.583115 0.353028 -1.511149 -0.031941 20.222769 3.684308 2.316627 18.787247 0.000008 -0.000003 10.751613 -0.479866 1.397904 0.000001 0.000001 -0.000002 3.273804 0.305947 -0.580111 21.486792 11.830363 2.266131 8.162916 0.000003 -0.000002 18.399054 -3.798977 -4.940569 0.000004 0.000001 0.000000 3.470501 5.967098 1.063887 -0.020667 -0.275243 8.670380 -6.781097 0.413687 -6.983851 1.632646 -2.015309 -0.127677 -0.000000 0.000000 0.000002 -5.152778 -7.472591 2.011592 -0.022170 0.061747 8.036524 6.849948 -0.604121 -7.034352 -1.413723 0.893605 0.606692 0.000000 0.000000 -0.000001 
1.362078 99.809509 6.035501 0.305315 1.806206 -2.505763 0.037859 0.165062 -1.525676 -0.223069 -0.013474 -5.399015 1.967539 -1.648011 7.771573 -2.212984 3.942106 5.224414 0.046293 2.639936 -3.615905 0.886003 1.613252 -4.242985 0.000077 -0.000023 0.000006 0.009072 0.121525 0.007160 0.756944 -3.612089 -10.655416 -0.746892 3.854231 -10.638864 -16.131691 -3.723145 11.617458 -60.000927 -9.444984 23.606598 0.073797 -20.928162 -0.100333 0.369442 1.380285 -6.343715 -5.882101 9.861279 0.702590 -10.936859 -0.360575 7.156194 -0.000000 8.774814 -0.000000 -16.000011 18.240089 6.231447 -1.844031 2.498502 -2.507277 -10.163589 4.678940 4.621105 -20.975994 -0.000004 0.000002 -21.226250 2.451692 -3.593992 0.000000 -0.000005 -0.000000 -1.362680 2.240796 -0.746323 -21.334887 0.584909 3.008317 -13.821197 -0.000002 0.000002 -23.887129 -0.249077 -0.839480 -60.491367 2.699699 -0.979955 -0.294024 1.679685 0.833256 -14.218192 0.093214 1.300579 -34.212006 -0.287565 0.967171 -20.033178 0.964533 1.212841 0.000000 0.000000 0.000001 -3.440385 0.788231 0.501655 -15.928167 -3.167305 2.999702 -6.338817 -0.000002 0.000000 -18.123413 3.648176 -4.905661 -0.000004 -0.000000 -0.000001 13.417410 12.691840 12.475125 62.645248 6.730288 15.297356 0.047993 23.590979 0.017413 -0.815162 1.595237 2.131745 2.243539 -5.255033 -3.180154 14.282875 -0.826593 6.952499 -0.000003 -12.690590 0.000000 16.005709 -17.764320 2.573461 1.665664 -1.955920 -2.878297 4.727792 -4.170583 4.993918 11.020510 0.000004 0.000000 12.109029 -3.735710 -2.866778 0.000000 -0.000000 0.000001 1.291983 -1.928547 -1.498088 14.800113 0.567468 3.865606 14.242551 -1.341734 -6.660648 19.631935 0.143926 -0.648242 49.447071 -0.779141 -6.580988 0.353029 -1.511151 -0.031941 20.222767 3.684305 2.316628 18.787245 0.000005 -0.000002 10.751608 -0.479869 1.397904 0.000002 0.000001 -0.000002 3.273804 0.305947 -0.580111 21.486788 11.830360 2.266132 8.162916 0.000002 -0.000002 18.399050 -3.798980 -4.940566 0.000004 -0.000000 -0.000001 3.495677 5.948052 0.970868 -0.021539 -0.273119 8.691524 -6.765209 0.406136 -6.939469 1.632806 -2.008193 -0.140841 -0.000000 0.000000 0.000002 -5.113218 -7.528083 1.983986 -0.021509 0.074355 7.950034 6.844106 -0.550634 -6.949445 -1.412826 0.893153 0.586752 -0.000000 -0.000000 -0.000001 
1.357125 99.817764 6.007117 0.271975 1.816761 -2.469534 0.036224 0.173312 -1.492502 -0.220577 -0.001590 -5.385291 1.992200 -1.641377 7.797766 -2.258724 3.955947 5.108866 0.036714 2.620872 -3.621375 0.829746 1.634178 -4.309110 0.000077 -0.000023 0.000006 0.009855 0.124167 0.004589 0.759762 -3.606595 -10.648530 -0.747867 3.851666 -10.629131 -16.061401 -3.733441 11.618428 -60.061813 -9.466860 23.514090 0.085190 -20.987499 -0.093025 0.386126 1.359440 -6.563090 -5.882102 9.861279 0.702590 -10.936861 -0.360575 7.156196 0.000000 8.774815 -0.000001 -15.966072 18.236105 6.244221 -1.844031 2.498503 -2.507276 -10.163589 4.678939 4.621102 -20.975996 -0.000003 0.000001 -21.226254 2.451692 -3.593994 -0.000001 -0.000006 0.000000 -1.362680 2.240797 -0.746321 -21.334894 0.584909 3.008320 -13.821197 -0.000003 0.000002 -23.887136 -0.249079 -0.839481 -60.450073 2.706307 -0.965119 -0.294024 1.679686 0.833256 -14.218194 0.093215 1.300581 -34.212002 -0.287564 0.967168 -20.033180 0.964535 1.212839 -0.000000 0.000000 0.000001 -3.440385 0.788232 0.501656 -15.928167 -3.167307 2.999701 -6.338817 -0.000002 -0.000001 -18.123415 3.648177 -4.905663 -0.000004 0.000000 -0.000002 13.386320 12.755780 12.506977 62.685677 6.802839 15.357058 0.040581 23.483957 0.019363 -0.779094 1.556347 2.172184 2.243541 -5.255033 -3.180153 14.282875 -0.826593 6.952495 -0.000002 -12.690592 0.000000 15.981368 -17.758835 2.593030 1.665665 -1.955920 -2.878296 4.727794 -4.170583 4.993919 11.020513 0.000002 -0.000002 12.109032 -3.735709 -2.866781 0.000000 0.000000 0.000000 1.291984 -1.928546 -1.498087 14.800113 0.567467 3.865602 14.242556 -1.341734 -6.660651 19.631939 0.143926 -0.648243 49.416275 -0.761508 -6.583180 0.353028 -1.511149 -0.031939 20.222767 3.684305 2.316628 18.787247 0.000006 -0.000002 10.751614 -0.479867 1.397901 0.000002 0.000001 -0.000001 3.273804 0.305946 -0.580109 21.486790 11.830363 2.266129 8.162919 0.000003 -0.000002 18.399052 -3.798979 -4.940568 0.000003 0.000001 0.000001 3.579299 5.943705 0.942376 -0.016505 -0.274223 8.733968 -6.815331 0.412765 -6.931995 1.631267 -2.001006 -0.152774 -0.000000 -0.000000 0.000002 -5.069950 -7.562586 1.988570 -0.017945 0.087695 7.820533 6.830857 -0.494430 -6.866681 -1.411041 0.883933 0.548847 -0.000000 -0.000000 -0.000001 
1.367500 99.819511 5.942183 0.223481 1.799466 -2.433609 0.033131 0.186184 -1.457562 -0.217251 -0.005023 -5.387101 2.033191 -1.622750 7.831237 -2.299849 3.969072 5.017859 0.038567 2.589855 -3.614041 0.754122 1.668469 -4.377577 0.000077 -0.000023 0.000006 0.010512 0.126294 0.003325 0.757055 -3.599951 -10.647147 -0.742469 3.857963 -10.620455 -15.964264 -3.758372 11.635405 -60.124737 -9.482329 23.390022 0.076307 -21.027079 -0.088675 0.396610 1.335451 -6.672270 -5.882102 9.861279 0.702590 -10.936857 -0.360574 7.156196 -0.000000 8.774813 -0.000003 -15.964663 18.229191 6.230839 -1.844030 2.498502 -2.507275 -10.163589 4.678940 4.621103 -20.975994 -0.000003 0.000001 -21.226250 2.451693 -3.593994 -0.000001 -0.000005 -0.000001 -1.362680 2.240797 -0.746324 -21.334892 0.584909 3.008319 -13.821197 -0.000002 0.000002 -23.887129 -0.249079 -0.839482 -60.473297 2.693490 -0.988962 -0.294024 1.679687 0.833256 -14.218192 0.093214 1.300580 -34.211998 -0.287563 0.967170 -20.033178 0.964536 1.212842 0.000000 0.000001 0.000000 -3.440385 0.788233 0.501655 -15.928167 -3.167306 2.999703 -6.338817 -0.000001 0.000001 -18.123413 3.648177 -4.905663 -0.000005 -0.000001 -0.000002 13.367148 12.823073 12.542905 62.686142 6.854129 15.475292 0.058484 23.444160 -0.004695 -0.762680 1.522585 2.181607 2.243541 -5.255033 -3.180153 14.282877 -0.826593 6.952496 -0.000002 -12.690590 0.000001 15.964467 -17.756784 2.593899 1.665665 -1.955919 -2.878299 4.727793 -4.170582 4.993920 11.020513 0.000002 0.000001 12.109033 -3.735709 -2.866777 -0.000001 0.000000 0.000000 1.291984 -1.928546 -1.498088 14.800111 0.567468 3.865603 14.242554 -1.341734 -6.660648 19.631939 0.143927 -0.648241 49.421661 -0.757437 -6.568330 0.353028 -1.511150 -0.031940 20.222771 3.684307 2.316627 18.787245 0.000005 -0.000002 10.751612 -0.479867 1.397903 0.000002 0.000002 -0.000001 3.273805 0.305946 -0.580110 21.486790 11.830363 2.266129 8.162916 0.000004 -0.000001 18.399054 -3.798979 -4.940567 0.000003 0.000001 0.000000 3.618237 5.975082 0.750853 -0.021321 -0.273541 8.965673 -6.818022 0.418408 -6.992958 1.630429 -1.989231 -0.184945 -0.000000 0.000000 0.000002 -5.011132 -7.561379 1.904291 -0.019746 0.100035 7.813097 6.824810 -0.450260 -6.811849 -1.409492 0.876607 0.500834 -0.000000 -0.000000 -0.000001 
1.386266 99.822685 5.922757 0.165319 1.770641 -2.408327 0.032030 0.188461 -1.431432 -0.216874 -0.002776 -5.378594 2.083638 -1.600116 7.861453 -2.332424 3.979426 4.964042 0.032679 2.586493 -3.597891 0.698012 1.679243 -4.425960 0.000077 -0.000022 0.000006 0.012545 0.136614 0.001426 0.758279 -3.593002 -10.642561 -0.739755 3.865841 -10.624310 -15.850382 -3.800715 11.612675 -60.204090 -9.431382 23.346537 0.101412 -21.015682 -0.094986 0.350194 1.324088 -6.673056 -5.882101 9.861278 0.702590 -10.936859 -0.360575 7.156196 0.000001 8.774814 -0.000003 -15.959243 18.216467 6.210409 -1.844031 2.498503 -2.507277 -10.163589 4.678939 4.621102 -20.975996 -0.000004 0.000002 -21.226255 2.451692 -3.593995 0.000001 -0.000005 -0.000001 -1.362681 2.240797 -0.746321 -21.334892 0.584908 3.008318 -13.821197 -0.000003 0.000001 -23.887131 -0.249080 -0.839480 -60.477989 2.662104 -0.991991 -0.294025 1.679686 0.833255 -14.218195 0.093215 1.300576 -34.212002 -0.287564 0.967169 -20.033182 0.964534 1.212842 0.000000 0.000000 0.000002 -3.440386 0.788233 0.501656 -15.928171 -3.167307 2.999703 -6.338817 -0.000002 -0.000001 -18.123415 3.648175 -4.905663 -0.000004 0.000000 -0.000001 13.348248 12.888325 12.563212 62.727879 6.914268 15.722246 0.017597 23.455166 0.004273 -0.767714 1.496894 2.105872 2.243540 -5.255033 -3.180155 14.282877 -0.826593 6.952496 -0.000002 -12.690590 -0.000001 15.964023 -17.742401 2.579274 1.665666 -1.955921 -2.878295 4.727795 -4.170583 4.993916 11.020512 0.000002 -0.000002 12.109033 -3.735710 -2.866783 -0.000000 -0.000000 -0.000001 1.291986 -1.928548 -1.498089 14.800113 0.567466 3.865603 14.242553 -1.341735 -6.660648 19.631937 0.143925 -0.648245 49.414963 -0.751831 -6.572095 0.353028 -1.511148 -0.031941 20.222771 3.684305 2.316627 18.787247 0.000006 -0.000002 10.751610 -0.479868 1.397902 0.000002 0.000001 -0.000001 3.273805 0.305947 -0.580110 21.486790 11.830361 2.266129 8.162917 0.000003 -0.000002 18.399055 -3.798977 -4.940571 0.000003 -0.000000 -0.000000 3.672040 6.020091 0.613998 -0.025435 -0.274841 9.122060 -6.845736 0.398897 -7.039214 1.629672 -1.988548 -0.223742 -0.000000 0.000000 0.000002 -4.950206 -7.536650 1.930106 -0.019009 0.097116 7.658125 6.811316 -0.423595 -6.721124 -1.410334 0.864295 0.445641 0.000000 -0.000000 -0.000001 
1.377560 99.825745 5.874696 0.106266 1.731348 -2.404904 0.033218 0.174132 -1.427196 -0.214407 0.010944 -5.366548 2.134013 -1.577428 7.891037 -2.371755 3.993333 4.980346 0.037707 2.588966 -3.591210 0.645396 1.697152 -4.438750 0.000077 -0.000022 0.000006 0.014129 0.135258 0.004728 0.755579 -3.593371 -10.642447 -0.737153 3.862015 -10.627466 -15.734410 -3.851792 11.617466 -60.240543 -9.389637 23.380594 0.128704 -20.974367 -0.115769 0.277853 1.336035 -6.706416 -5.882102 9.861279 0.702589 -10.936861 -0.360574 7.156197 0.000001 8.774813 -0.000002 -15.961043 18.211197 6.227123 -1.844031 2.498502 -2.507277 -10.163591 4.678940 4.621105 -20.975996 -0.000004 0.000003 -21.226254 2.451691 -3.593995 0.000001 -0.000006 -0.000001 -1.362680 2.240794 -0.746320 -21.334890 0.584909 3.008317 -13.821198 -0.000003 0.000002 -23.887135 -0.249080 -0.839482 -60.488316 2.639499 -0.991194 -0.294025 1.679686 0.833254 -14.218195 0.093216 1.300579 -34.212013 -0.287563 0.967170 -20.033182 0.964536 1.212843 0.000001 -0.000001 0.000002 -3.440386 0.788231 0.501655 -15.928171 -3.167307 2.999705 -6.338817 -0.000001 0.000002 -18.123417 3.648175 -4.905661 -0.000004 -0.000000 -0.000001 13.327889 12.942649 12.598437 62.810390 6.935217 15.994502 -0.028369 23.546543 -0.042958 -0.778814 1.496143 2.085543 2.243540 -5.255033 -3.180153 14.282875 -0.826592 6.952495 -0.000003 -12.690591 -0.000001 15.967699 -17.729757 2.545882 1.665665 -1.955921 -2.878296 4.727794 -4.170584 4.993918 11.020512 0.000002 -0.000002 12.109033 -3.735711 -2.866779 -0.000000 0.000000 -0.000001 1.291986 -1.928549 -1.498087 14.800111 0.567467 3.865601 14.242556 -1.341734 -6.660648 19.631941 0.143927 -0.648245 49.412323 -0.741599 -6.602009 0.353028 -1.511148 -0.031938 20.222771 3.684309 2.316626 18.787245 0.000006 -0.000003 10.751611 -0.479868 1.397903 0.000001 0.000001 -0.000002 3.273804 0.305946 -0.580109 21.486790 11.830363 2.266132 8.162915 0.000002 -0.000001 18.399054 -3.798980 -4.940566 0.000003 0.000001 0.000000 3.734215 6.063307 0.515787 -0.030675 -0.268454 9.276386 -6.882067 0.349178 -7.083258 1.628134 -1.985086 -0.289533 -0.000000 0.000000 0.000002 -4.873410 -7.505304 1.933424 -0.017257 0.093509 7.558943 6.774288 -0.414013 -6.639689 -1.410927 0.859196 0.397603 0.000000 0.000000 -0.000001 
1.407713 99.819633 5.868880 0.060132 1.693670 -2.457217 0.033036 0.168251 -1.396703 -0.213287 0.008610 -5.359685 2.170797 -1.543050 7.919118 -2.410060 3.990849 5.060509 0.053170 2.634178 -3.595555 0.572949 1.714380 -4.396477 0.000077 -0.000023 0.000006 0.015020 0.128335 0.004477 0.756034 -3.604284 -10.654556 -0.734075 3.863012 -10.641566 -15.601553 -3.914055 11.604789 -60.290993 -9.314440 23.397842 0.130559 -20.906796 -0.108855 0.200855 1.327898 -6.742465 -5.882099 9.861279 0.702591 -10.936858 -0.360574 7.156197 0.000000 8.774814 -0.000002 -15.975892 18.222113 6.224612 -1.844030 2.498501 -2.507274 -10.163589 4.678941 4.621105 -20.975992 -0.000004 0.000003 -21.226248 2.451693 -3.593992 0.000001 -0.000006 -0.000001 -1.362680 2.240797 -0.746322 -21.334887 0.584908 3.008320 -13.821195 -0.000002 0.000002 -23.887125 -0.249077 -0.839481 -60.520641 2.624336 -0.992700 -0.294024 1.679687 0.833255 -14.218190 0.093214 1.300579 -34.211998 -0.287563 0.967168 -20.033178 0.964535 1.212841 0.000001 -0.000001 0.000001 -3.440385 0.788231 0.501656 -15.928165 -3.167306 2.999705 -6.338816 -0.000001 0.000001 -18.123411 3.648176 -4.905661 -0.000003 0.000001 -0.000000 13.296105 12.985415 12.608365 62.883938 6.906413 16.248240 -0.062511 23.716665 -0.020214 -0.782367 1.511591 1.992867 2.243541 -5.255033 -3.180156 14.282877 -0.826593 6.952496 -0.000002 -12.690588 0.000000 15.989921 -17.737223 2.534216 1.665666 -1.955921 -2.878295 4.727792 -4.170582 4.993916 11.020513 0.000003 -0.000001 12.109034 -3.735710 -2.866781 -0.000000 0.000000 0.000001 1.291983 -1.928546 -1.498087 14.800113 0.567469 3.865602 14.242553 -1.341733 -6.660649 19.631941 0.143926 -0.648245 49.398827 -0.715740 -6.606562 0.353029 -1.511149 -0.031940 20.222769 3.684307 2.316625 18.787247 0.000006 -0.000002 10.751610 -0.479869 1.397904 0.000002 0.000001 -0.000001 3.273804 0.305947 -0.580111 21.486792 11.830363 2.266130 8.162917 0.000002 -0.000002 18.399054 -3.798975 -4.940569 0.000003 0.000001 0.000001 3.779506 6.102670 0.483559 -0.030236 -0.274609 9.442872 -6.922603 0.318402 -7.156584 1.626584 -1.991447 -0.326298 -0.000000 0.000000 0.000002 -4.847468 -7.485369 2.023773 -0.019227 0.091643 7.465591 6.775840 -0.360797 -6.589087 -1.411964 0.864776 0.346533 0.000000 0.000000 -0.000001 
1.388189 99.807518 5.878455 0.012966 1.647182 -2.537498 0.040724 0.164912 -1.375040 -0.214534 0.021511 -5.352660 2.202991 -1.508846 7.962354 -2.454618 4.021502 5.161262 0.064440 2.653528 -3.600899 0.494793 1.702346 -4.350744 0.000077 -0.000023 0.000006 0.016731 0.135185 0.009542 0.752978 -3.599615 -10.662227 -0.728719 3.866753 -10.649916 -15.480430 -3.976433 11.578424 -60.270828 -9.196161 23.369709 0.135419 -20.883295 -0.102085 0.142197 1.326371 -6.800823 -5.882100 9.861279 0.702591 -10.936858 -0.360575 7.156196 0.000000 8.774814 -0.000003 -15.996107 18.245325 6.224913 -1.844030 2.498503 -2.507277 -10.163589 4.678940 4.621106 -20.975992 -0.000003 0.000004 -21.226250 2.451694 -3.593994 0.000000 -0.000006 -0.000000 -1.362681 2.240797 -0.746324 -21.334887 0.584908 3.008320 -13.821197 -0.000002 0.000002 -23.887123 -0.249077 -0.839480 -60.547535 2.603865 -0.990869 -0.294025 1.679686 0.833254 -14.218190 0.093214 1.300579 -34.211998 -0.287564 0.967171 -20.033175 0.964536 1.212841 0.000001 0.000001 0.000000 -3.440385 0.788232 0.501656 -15.928167 -3.167308 2.999704 -6.338816 -0.000000 0.000003 -18.123413 3.648176 -4.905656 -0.000005 -0.000000 -0.000001 13.278577 13.028995 12.621872 62.970058 6.885161 16.480917 -0.100638 23.885628 -0.053716 -0.801335 1.552468 1.866804 2.243540 -5.255033 -3.180155 14.282877 -0.826595 6.952498 -0.000001 -12.690591 -0.000001 16.010279 -17.737055 2.494652 1.665665 -1.955919 -2.878296 4.727795 -4.170584 4.993920 11.020512 0.000001 -0.000001 12.109030 -3.735711 -2.866780 0.000000 -0.000000 -0.000000 1.291983 -1.928548 -1.498087 14.800111 0.567467 3.865602 14.242553 -1.341736 -6.660650 19.631937 0.143924 -0.648245 49.386112 -0.708904 -6.638973 0.353028 -1.511150 -0.031940 20.222767 3.684304 2.316628 18.787245 0.000002 -0.000001 10.751613 -0.479870 1.397904 0.000002 0.000001 -0.000001 3.273804 0.305947 -0.580111 21.486790 11.830360 2.266131 8.162916 0.000000 -0.000003 18.399054 -3.798980 -4.940566 0.000003 0.000000 -0.000002 3.825434 6.106325 0.485501 -0.028619 -0.266315 9.608067 -6.962891 0.311330 -7.254532 1.625008 -1.987189 -0.341788 -0.000000 0.000000 0.000002 -4.741197 -7.457142 2.086562 -0.019458 0.090421 7.470821 6.676105 -0.307307 -6.619453 -1.412392 0.873795 0.319144 -0.000000 -0.000000 -0.000001 
1.362421 99.789879 5.885277 -0.019355 1.618457 -2.646391 0.042659 0.169684 -1.340181 -0.222620 0.025259 -5.345626 2.237194 -1.471630 7.987781 -2.502719 4.036606 5.277293 0.075676 2.694596 -3.602629 0.427065 1.686333 -4.286237 0.000077 -0.000023 0.000006 0.016619 0.136447 0.012956 0.749127 -3.597826 -10.671242 -0.724619 3.868037 -10.657619 -15.355474 -4.022767 11.546622 -60.276012 -9.078896 23.326366 0.124602 -20.878475 -0.113912 0.099487 1.317892 -6.820116 -5.882101 9.861278 0.702588 -10.936861 -0.360575 7.156198 0.000001 8.774814 0.000001 -15.995568 18.242861 6.235147 -1.844032 2.498503 -2.507275 -10.163591 4.678939 4.621104 -20.975996 -0.000005 0.000002 -21.226255 2.451691 -3.593992 0.000000 -0.000006 -0.000001 -1.362681 2.240797 -0.746323 -21.334890 0.584907 3.008321 -13.821195 -0.000003 0.000004 -23.887131 -0.249078 -0.839481 -60.561481 2.581478 -0.969737 -0.294025 1.679685 0.833255 -14.218194 0.093213 1.300579 -34.212002 -0.287566 0.967172 -20.033180 0.964532 1.212842 0.000000 0.000001 0.000000 -3.440385 0.788231 0.501657 -15.928169 -3.167307 2.999704 -6.338817 -0.000002 0.000000 -18.123417 3.648174 -4.905660 -0.000004 -0.000000 -0.000001 13.257520 13.049898 12.638778 63.030937 6.849041 16.657204 -0.105626 24.021828 -0.036646 -0.859039 1.612335 1.660385 2.243540 -5.255032 -3.180154 14.282875 -0.826594 6.952495 -0.000002 -12.690592 -0.000001 16.014734 -17.748089 2.500547 1.665666 -1.955921 -2.878297 4.727793 -4.170585 4.993916 11.020512 0.000002 -0.000001 12.109032 -3.735713 -2.866778 0.000000 -0.000000 0.000001 1.291983 -1.928548 -1.498089 14.800111 0.567468 3.865601 14.242551 -1.341735 -6.660650 19.631939 0.143925 -0.648242 49.405685 -0.709041 -6.631759 0.353030 -1.511152 -0.031939 20.222769 3.684306 2.316628 18.787245 0.000003 -0.000001 10.751612 -0.479869 1.397905 0.000001 0.000001 -0.000002 3.273803 0.305947 -0.580109 21.486792 11.830361 2.266134 8.162914 0.000001 -0.000001 18.399052 -3.798980 -4.940566 0.000003 -0.000000 -0.000001 3.843206 6.065394 0.517311 -0.025043 -0.261326 9.787063 -6.974665 0.330035 -7.371444 1.624320 -1.982528 -0.347960 0.000000 0.000000 0.000002 -4.733194 -7.397831 2.146290 -0.023140 0.085483 7.580273 6.646422 -0.274409 -6.662231 -1.411716 0.881367 0.285252 -0.000000 -0.000000 -0.000001 
1.404715 99.777832 5.904892 -0.054414 1.596166 -2.753555 0.037927 0.185895 -1.320958 -0.225508 0.030463 -5.352360 2.282386 -1.453517 8.016512 -2.559171 4.078501 5.392984 0.086556 2.707332 -3.603831 0.357298 1.705962 -4.239935 0.000077 -0.000022 0.000006 0.016421 0.135200 0.021603 0.744398 -3.593902 -10.656838 -0.720587 3.868482 -10.648417 -15.229209 -4.029044 11.542501 -60.292591 -8.977701 23.222336 0.101348 -20.917345 -0.091128 0.116485 1.310263 -6.765252 -5.882100 9.861278 0.702589 -10.936857 -0.360575 7.156197 0.000000 8.774814 -0.000001 -16.007259 18.237141 6.239119 -1.844031 2.498502 -2.507275 -10.163589 4.678940 4.621103 -20.975992 -0.000004 0.000002 -21.226250 2.451692 -3.593995 0.000000 -0.000006 0.000000 -1.362680 2.240796 -0.746324 -21.334892 0.584909 3.008320 -13.821197 -0.000003 0.000001 -23.887133 -0.249079 -0.839482 -60.601070 2.556019 -0.969612 -0.294024 1.679686 0.833256 -14.218190 0.093215 1.300580 -34.211998 -0.287564 0.967170 -20.033178 0.964535 1.212840 0.000000 0.000002 0.000000 -3.440385 0.788233 0.501656 -15.928167 -3.167307 2.999704 -6.338816 -0.000000 0.000000 -18.123415 3.648174 -4.905659 -0.000004 -0.000000 -0.000001 13.230625 13.084679 12.603250 63.123764 6.755836 16.840870 -0.108531 24.090258 -0.020288 -0.943253 1.673127 1.541644 2.243540 -5.255033 -3.180155 14.282875 -0.826593 6.952498 -0.000003 -12.690588 0.000000 16.017635 -17.747442 2.510814 1.665664 -1.955919 -2.878298 4.727793 -4.170583 4.993920 11.020511 0.000003 -0.000001 12.109033 -3.735708 -2.866776 0.000000 -0.000001 -0.000000 1.291985 -1.928548 -1.498089 14.800113 0.567467 3.865603 14.242553 -1.341733 -6.660649 19.631937 0.143927 -0.648242 49.430023 -0.705073 -6.630484 0.353030 -1.511150 -0.031941 20.222769 3.684306 2.316628 18.787245 0.000004 0.000001 10.751610 -0.479867 1.397905 0.000001 0.000001 -0.000001 3.273805 0.305947 -0.580110 21.486790 11.830360 2.266129 8.162916 0.000002 -0.000001 18.399054 -3.798981 -4.940567 0.000004 0.000000 0.000000 3.868310 6.024015 0.579348 -0.026373 -0.269492 9.924928 -7.015252 0.365397 -7.465099 1.624729 -1.988313 -0.366519 -0.000000 0.000000 0.000002 -4.736913 -7.316621 2.317054 -0.027485 0.077438 7.490224 6.635158 -0.256647 -6.638466 -1.411795 0.890441 0.233279 -0.000000 -0.000000 -0.000001 
1.445588 99.769653 5.967018 -0.095066 1.593112 -2.855894 0.034610 0.162290 -1.304422 -0.222473 0.074987 -5.347327 2.330832 -1.427173 8.030038 -2.623824 4.100807 5.479426 0.102648 2.709236 -3.602930 0.294773 1.739785 -4.218729 0.000077 -0.000022 0.000006 0.014596 0.126127 0.028563 0.739342 -3.603131 -10.643342 -0.718587 3.863375 -10.641610 -15.101377 -4.047769 11.562629 -60.287254 -8.904209 23.106892 0.058563 -20.973181 -0.066920 0.167173 1.249113 -6.682524 -5.882102 9.861279 0.702591 -10.936859 -0.360576 7.156196 0.000001 8.774813 -0.000001 -16.006311 18.230946 6.242884 -1.844031 2.498502 -2.507276 -10.163590 4.678939 4.621103 -20.975992 -0.000005 0.000002 -21.226255 2.451693 -3.593992 0.000000 -0.000006 -0.000001 -1.362680 2.240795 -0.746323 -21.334890 0.584907 3.008321 -13.821197 -0.000004 0.000003 -23.887133 -0.249078 -0.839478 -60.593269 2.552316 -0.972024 -0.294025 1.679687 0.833255 -14.218194 0.093214 1.300578 -34.212013 -0.287566 0.967170 -20.033184 0.964534 1.212841 0.000000 0.000002 0.000002 -3.440386 0.788232 0.501657 -15.928167 -3.167307 2.999701 -6.338817 -0.000001 0.000000 -18.123415 3.648175 -4.905662 -0.000005 -0.000000 -0.000002 13.185516 13.098465 12.587414 63.219013 6.694693 17.089239 -0.155730 24.104416 -0.036492 -1.018569 1.721175 1.422701 2.243540 -5.255033 -3.180155 14.282877 -0.826592 6.952495 -0.000004 -12.690592 0.000000 16.012739 -17.742954 2.522052 1.665665 -1.955920 -2.878297 4.727793 -4.170583 4.993917 11.020512 0.000003 -0.000001 12.109032 -3.735709 -2.866780 0.000000 -0.000000 0.000002 1.291984 -1.928549 -1.498087 14.800114 0.567470 3.865604 14.242553 -1.341734 -6.660645 19.631939 0.143928 -0.648242 49.475197 -0.693390 -6.606078 0.353028 -1.511148 -0.031941 20.222769 3.684309 2.316628 18.787245 0.000006 0.000000 10.751611 -0.479865 1.397904 0.000003 0.000001 -0.000002 3.273804 0.305947 -0.580109 21.486794 11.830369 2.266128 8.162918 0.000005 -0.000002 18.399052 -3.798976 -4.940568 0.000003 0.000000 0.000000 3.894670 5.983981 0.673119 -0.027509 -0.284365 9.979816 -7.077990 0.389153 -7.535403 1.625297 -1.987874 -0.397022 -0.000000 0.000000 0.000002 -4.720561 -7.249746 2.562068 -0.028680 0.071702 7.239820 6.616179 -0.272492 -6.571909 -1.410220 0.894184 0.168600 -0.000000 -0.000000 -0.000001 
1.469102 99.764229 6.022020 -0.131184 1.571124 -2.935946 0.033945 0.157961 -1.273021 -0.222392 0.084201 -5.344002 2.374572 -1.383313 8.038648 -2.702300 4.123852 5.498267 0.125655 2.725755 -3.600319 0.224362 1.795707 -4.224130 0.000077 -0.000022 0.000006 0.014204 0.126148 0.031119 0.737748 -3.602899 -10.634954 -0.718000 3.856144 -10.637504 -14.976618 -4.074706 11.560521 -60.297569 -8.811496 23.024778 0.029638 -21.061430 -0.065849 0.235709 1.184312 -6.603530 -5.882102 9.861280 0.702589 -10.936859 -0.360575 7.156196 0.000001 8.774815 -0.000001 -16.013659 18.219378 6.247720 -1.844031 2.498503 -2.507274 -10.163589 4.678941 4.621104 -20.975996 -0.000004 0.000002 -21.226257 2.451693 -3.593992 0.000000 -0.000005 -0.000001 -1.362681 2.240797 -0.746322 -21.334892 0.584909 3.008319 -13.821197 -0.000002 0.000004 -23.887133 -0.249078 -0.839483 -60.602688 2.543472 -0.969783 -0.294025 1.679685 0.833254 -14.218194 0.093214 1.300578 -34.212002 -0.287563 0.967171 -20.033178 0.964536 1.212841 0.000002 0.000002 0.000002 -3.440386 0.788233 0.501656 -15.928167 -3.167307 2.999703 -6.338815 -0.000001 -0.000001 -18.123415 3.648176 -4.905660 -0.000004 -0.000000 -0.000001 13.175800 13.130860 12.586975 63.254581 6.662536 17.382576 -0.156713 24.061462 -0.026745 -1.094861 1.737549 1.339554 2.243540 -5.255032 -3.180155 14.282877 -0.826593 6.952497 -0.000003 -12.690588 0.000002 16.010952 -17.747791 2.517290 1.665664 -1.955919 -2.878295 4.727794 -4.170582 4.993918 11.020513 0.000005 -0.000001 12.109033 -3.735707 -2.866780 0.000000 -0.000000 0.000001 1.291984 -1.928548 -1.498085 14.800113 0.567467 3.865605 14.242554 -1.341734 -6.660645 19.631939 0.143927 -0.648243 49.523117 -0.691956 -6.576957 0.353027 -1.511148 -0.031940 20.222767 3.684307 2.316629 18.787247 0.000006 0.000002 10.751612 -0.479869 1.397905 0.000001 0.000001 -0.000001 3.273805 0.305947 -0.580111 21.486790 11.830361 2.266132 8.162916 0.000002 -0.000001 18.399054 -3.798979 -4.940567 0.000002 -0.000002 -0.000000 3.916210 5.970125 0.758920 -0.026559 -0.286670 10.002172 -7.164949 0.399764 -7.587746 1.624960 -1.989506 -0.423509 0.000000 -0.000000 0.000002 -4.708705 -7.151360 2.761702 -0.021704 0.073030 7.018249 6.578178 -0.307274 -6.503951 -1.410009 0.897821 0.107663 -0.000000 -0.000000 -0.000001 
1.517784 99.751518 6.078813 -0.159304 1.519606 -2.976486 0.031640 0.158984 -1.243347 -0.223303 0.097891 -5.333707 2.410597 -1.343519 8.042192 -2.794622 4.159431 5.436725 0.135641 2.733675 -3.596760 0.147949 1.873238 -4.270033 0.000077 -0.000023 0.000006 0.014119 0.119278 0.028346 0.737839 -3.606857 -10.630573 -0.717968 3.849978 -10.638146 -14.828767 -4.112750 11.538006 -60.342777 -8.724786 22.988394 -0.010277 -21.155336 -0.045495 0.260292 1.099306 -6.494614 -5.882101 9.861279 0.702590 -10.936858 -0.360575 7.156199 0.000001 8.774812 0.000000 -16.043831 18.211287 6.205823 -1.844031 2.498503 -2.507276 -10.163589 4.678938 4.621105 -20.975994 -0.000004 0.000002 -21.226254 2.451690 -3.593994 0.000000 -0.000006 -0.000001 -1.362680 2.240797 -0.746325 -21.334892 0.584908 3.008320 -13.821197 -0.000003 0.000002 -23.887131 -0.249078 -0.839480 -60.584171 2.553804 -0.992927 -0.294025 1.679686 0.833255 -14.218190 0.093216 1.300578 -34.211998 -0.287565 0.967169 -20.033180 0.964532 1.212842 0.000000 0.000001 0.000001 -3.440385 0.788233 0.501654 -15.928169 -3.167305 2.999705 -6.338815 -0.000001 0.000002 -18.123413 3.648175 -4.905659 -0.000004 -0.000000 -0.000001 13.149012 13.173008 12.573956 63.292107 6.631650 17.652020 -0.130081 24.067354 -0.014631 -1.185512 1.727648 1.218424 2.243539 -5.255032 -3.180155 14.282875 -0.826594 6.952495 -0.000003 -12.690592 0.000000 16.032167 -17.762947 2.535139 1.665665 -1.955920 -2.878294 4.727793 -4.170583 4.993920 11.020513 0.000004 -0.000000 12.109031 -3.735709 -2.866779 0.000000 -0.000000 -0.000000 1.291984 -1.928547 -1.498088 14.800114 0.567466 3.865603 14.242553 -1.341733 -6.660647 19.631937 0.143927 -0.648242 49.613953 -0.686255 -6.553344 0.353028 -1.511150 -0.031941 20.222771 3.684307 2.316627 18.787243 0.000003 0.000001 10.751610 -0.479869 1.397905 0.000002 0.000001 -0.000001 3.273804 0.305947 -0.580110 21.486792 11.830363 2.266130 8.162917 0.000003 -0.000001 18.399055 -3.798978 -4.940566 0.000001 -0.000000 -0.000000 3.958233 6.014206 0.846380 -0.026385 -0.298426 10.131012 -7.294755 0.375132 -7.708837 1.623321 -1.991891 -0.465765 -0.000000 -0.000000 0.000002 -4.724584 -7.063166 2.923812 -0.018627 0.069033 6.971428 6.596536 -0.299577 -6.534192 -1.410238 0.898565 0.040162 -0.000000 -0.000000 -0.000001 
1.570287 99.742935 6.104062 -0.197241 1.454305 -2.983871 0.043876 0.152266 -1.197258 -0.224181 0.120364 -5.325155 2.448711 -1.296877 8.060949 -2.942320 4.183833 5.316710 0.149795 2.778398 -3.596048 0.074316 1.948288 -4.374963 0.000077 -0.000022 0.000006 0.014345 0.111290 0.020940 0.739615 -3.611190 -10.627917 -0.717779 3.836373 -10.636509 -14.678469 -4.180953 11.510536 -60.366650 -8.647868 22.975567 -0.063818 -21.260561 -0.008970 0.212457 1.022469 -6.369454 -5.882101 9.861279 0.702589 -10.936858 -0.360575 7.156196 0.000000 8.774815 -0.000002 -16.090492 18.205658 6.158714 -1.844031 2.498502 -2.507274 -10.163589 4.678940 4.621104 -20.975996 -0.000003 0.000002 -21.226254 2.451694 -3.593993 0.000000 -0.000007 -0.000001 -1.362681 2.240796 -0.746324 -21.334892 0.584907 3.008321 -13.821194 -0.000003 0.000003 -23.887135 -0.249079 -0.839478 -60.624100 2.551976 -1.034853 -0.294025 1.679688 0.833254 -14.218194 0.093215 1.300581 -34.211998 -0.287563 0.967170 -20.033178 0.964534 1.212843 0.000001 0.000001 0.000002 -3.440386 0.788232 0.501656 -15.928167 -3.167305 2.999704 -6.338817 0.000000 0.000000 -18.123411 3.648178 -4.905660 -0.000004 0.000000 0.000000 13.096749 13.220160 12.577378 63.317272 6.645585 17.899231 -0.103798 24.114513 -0.001019 -1.261660 1.768320 1.069548 2.243539 -5.255031 -3.180155 14.282875 -0.826593 6.952497 -0.000003 -12.690587 -0.000000 16.054209 -17.769516 2.525246 1.665664 -1.955918 -2.878298 4.727793 -4.170583 4.993918 11.020512 0.000004 -0.000000 12.109030 -3.735708 -2.866778 -0.000001 0.000000 0.000000 1.291983 -1.928547 -1.498089 14.800113 0.567469 3.865603 14.242553 -1.341735 -6.660648 19.631935 0.143925 -0.648242 49.681187 -0.676363 -6.511532 0.353029 -1.511149 -0.031939 20.222771 3.684304 2.316627 18.787245 0.000005 0.000000 10.751610 -0.479868 1.397905 0.000001 0.000001 -0.000001 3.273805 0.305946 -0.580110 21.486792 11.830361 2.266129 8.162916 0.000002 -0.000001 18.399052 -3.798977 -4.940565 0.000002 -0.000000 -0.000002 3.977887 6.123369 0.806563 -0.024521 -0.321909 10.289627 -7.398276 0.354138 -7.809766 1.619992 -1.980603 -0.513397 -0.000000 0.000000 0.000002 -4.711156 -6.983264 2.949786 -0.016690 0.067553 6.935037 6.630897 -0.303711 -6.521049 -1.411324 0.891080 -0.034524 -0.000000 -0.000000 -0.000001 
1.626658 99.728081 6.136451 -0.246837 1.361179 -2.971183 0.075786 0.161799 -1.130438 -0.220907 0.113822 -5.302830 2.493319 -1.254080 8.083365 -3.156673 4.236583 5.182655 0.177503 2.859914 -3.578382 0.007118 2.015919 -4.548836 0.000077 -0.000022 0.000006 0.013659 0.104429 0.015500 0.742231 -3.615049 -10.623699 -0.722432 3.824848 -10.639489 -14.528039 -4.253967 11.491247 -60.387714 -8.604664 23.077288 -0.104935 -21.340311 -0.002968 0.077667 0.959692 -6.202788 -5.882099 9.861278 0.702590 -10.936858 -0.360576 7.156196 0.000001 8.774814 -0.000001 -16.155334 18.204021 6.096914 -1.844030 2.498502 -2.507275 -10.163589 4.678938 4.621104 -20.975994 -0.000006 0.000004 -21.226250 2.451691 -3.593991 0.000001 -0.000005 0.000001 -1.362680 2.240797 -0.746322 -21.334892 0.584907 3.008321 -13.821195 -0.000004 0.000004 -23.887125 -0.249079 -0.839479 -60.638123 2.516246 -1.076598 -0.294025 1.679686 0.833256 -14.218190 0.093213 1.300578 -34.211998 -0.287565 0.967171 -20.033178 0.964533 1.212843 0.000000 0.000002 0.000000 -3.440385 0.788232 0.501656 -15.928167 -3.167307 2.999705 -6.338816 -0.000001 0.000000 -18.123411 3.648175 -4.905659 -0.000004 -0.000000 -0.000002 13.029113 13.293096 12.631425 63.306450 6.703298 18.166981 -0.117428 24.253593 -0.024573 -1.371873 1.840561 0.778261 2.243540 -5.255033 -3.180156 14.282877 -0.826592 6.952497 -0.000004 -12.690591 -0.000001 16.065184 -17.791136 2.531832 1.665665 -1.955920 -2.878298 4.727793 -4.170584 4.993918 11.020513 0.000004 -0.000001 12.109032 -3.735708 -2.866780 0.000000 -0.000000 0.000001 1.291983 -1.928547 -1.498089 14.800114 0.567469 3.865602 14.242554 -1.341734 -6.660649 19.631939 0.143926 -0.648242 49.732761 -0.689471 -6.513431 0.353028 -1.511149 -0.031938 20.222771 3.684307 2.316628 18.787245 0.000006 0.000001 10.751610 -0.479866 1.397905 0.000001 0.000001 -0.000002 3.273805 0.305947 -0.580111 21.486795 11.830367 2.266132 8.162917 0.000004 0.000000 18.399054 -3.798980 -4.940564 0.000003 -0.000000 -0.000000 4.009244 6.251945 0.710440 -0.021724 -0.330174 10.538814 -7.496391 0.341399 -7.963233 1.618044 -1.971495 -0.558820 -0.000000 0.000000 0.000002 -4.685086 -6.898983 2.898841 -0.017123 0.065786 7.006726 6.673734 -0.291862 -6.549980 -1.412510 0.887722 -0.107911 -0.000000 -0.000000 -0.000001 
1.664190 99.683418 6.086706 -0.310237 1.276480 -2.948972 0.127116 0.153041 -1.038446 -0.211662 0.129055 -5.279043 2.527889 -1.255574 8.114084 -3.410027 4.304033 5.113484 0.208655 2.953720 -3.570083 -0.047602 2.059989 -4.753162 0.000077 -0.000022 0.000006 0.013437 0.101068 0.015294 0.744938 -3.614362 -10.625114 -0.724862 3.817482 -10.638261 -14.357311 -4.368232 11.471527 -60.434002 -8.582546 23.222281 -0.163132 -21.378052 0.031393 -0.104850 0.922564 -5.968674 -5.882101 9.861278 0.702589 -10.936860 -0.360576 7.156199 0.000002 8.774814 0.000000 -16.215525 18.205580 6.081739 -1.844030 2.498501 -2.507277 -10.163589 4.678938 4.621103 -20.975994 -0.000005 0.000002 -21.226255 2.451691 -3.593992 0.000001 -0.000006 -0.000001 -1.362680 2.240793 -0.746324 -21.334892 0.584906 3.008324 -13.821197 -0.000005 0.000004 -23.887131 -0.249081 -0.839479 -60.668163 2.511579 -1.082022 -0.294024 1.679685 0.833254 -14.218194 0.093213 1.300580 -34.212013 -0.287568 0.967172 -20.033182 0.964534 1.212844 0.000001 0.000001 0.000001 -3.440385 0.788233 0.501656 -15.928169 -3.167308 2.999704 -6.338817 -0.000001 0.000000 -18.123415 3.648173 -4.905659 -0.000005 0.000001 -0.000002 12.906250 13.380659 12.677220 63.330589 6.752891 18.472481 -0.219041 24.442438 -0.054586 -1.524068 1.981354 0.284408 2.243539 -5.255031 -3.180155 14.282877 -0.826592 6.952495 -0.000005 -12.690591 0.000001 16.091873 -17.797663 2.509951 1.665665 -1.955920 -2.878296 4.727795 -4.170583 4.993919 11.020513 0.000005 0.000000 12.109032 -3.735708 -2.866777 -0.000001 0.000000 -0.000000 1.291984 -1.928547 -1.498088 14.800114 0.567469 3.865605 14.242554 -1.341731 -6.660648 19.631941 0.143927 -0.648243 49.739742 -0.695371 -6.513045 0.353028 -1.511150 -0.031940 20.222773 3.684307 2.316629 18.787249 0.000008 0.000003 10.751613 -0.479866 1.397905 0.000001 0.000002 -0.000002 3.273804 0.305948 -0.580109 21.486799 11.830368 2.266133 8.162918 0.000004 0.000001 18.399055 -3.798977 -4.940566 0.000003 -0.000000 -0.000001 4.064143 6.405533 0.341225 -0.019581 -0.339018 11.209010 -7.584562 0.266709 -8.265789 1.615684 -1.963925 -0.625086 -0.000000 -0.000000 0.000002 -4.633849 -6.839255 2.488028 -0.015448 0.060212 7.709574 6.704592 -0.233258 -6.813795 -1.413038 0.888405 -0.156604 -0.000000 -0.000000 -0.000001 
1.680960 99.629425 6.019197 -0.374271 1.192526 -2.923697 0.197122 0.153211 -0.930767 -0.199116 0.145035 -5.258500 2.541631 -1.296306 8.177451 -3.663455 4.396841 5.140068 0.233943 3.057077 -3.549793 -0.094422 2.083136 -4.961651 0.000077 -0.000022 0.000006 0.012918 0.102103 0.015182 0.749373 -3.606915 -10.622954 -0.730784 3.820325 -10.643579 -14.183134 -4.483953 11.455904 -60.462048 -8.675035 23.422554 -0.267258 -21.333057 0.058511 -0.287174 0.945468 -5.725099 -5.882102 9.861279 0.702590 -10.936860 -0.360574 7.156197 0.000001 8.774815 -0.000001 -16.235395 18.195316 6.072659 -1.844031 2.498503 -2.507275 -10.163589 4.678940 4.621101 -20.975996 -0.000004 0.000002 -21.226254 2.451694 -3.593992 0.000000 -0.000006 -0.000001 -1.362680 2.240796 -0.746322 -21.334887 0.584909 3.008321 -13.821197 -0.000003 0.000001 -23.887129 -0.249077 -0.839481 -60.696369 2.506384 -1.069867 -0.294025 1.679686 0.833256 -14.218194 0.093215 1.300578 -34.212006 -0.287564 0.967170 -20.033180 0.964536 1.212841 0.000001 0.000001 0.000002 -3.440385 0.788232 0.501656 -15.928169 -3.167305 2.999704 -6.338817 -0.000002 0.000000 -18.123417 3.648176 -4.905662 -0.000004 0.000000 -0.000001 12.740566 13.487710 12.653298 63.363636 6.794595 18.742237 -0.305167 24.623867 -0.077002 -1.689447 2.147462 -0.233693 2.243539 -5.255032 -3.180157 14.282875 -0.826593 6.952494 -0.000004 -12.690591 0.000002 16.110485 -17.780083 2.499035 1.665666 -1.955920 -2.878297 4.727793 -4.170582 4.993920 11.020511 0.000003 -0.000001 12.109030 -3.735710 -2.866780 0.000000 -0.000000 0.000001 1.291984 -1.928549 -1.498088 14.800109 0.567469 3.865602 14.242551 -1.341734 -6.660648 19.631937 0.143928 -0.648245 49.694771 -0.699427 -6.529538 0.353027 -1.511149 -0.031941 20.222765 3.684307 2.316629 18.787245 0.000005 0.000000 10.751610 -0.479868 1.397904 0.000002 0.000001 -0.000003 3.273805 0.305948 -0.580109 21.486790 11.830363 2.266129 8.162916 0.000003 0.000001 18.399050 -3.798977 -4.940566 0.000003 0.000000 -0.000001 4.139158 6.587444 -0.073552 -0.018581 -0.330690 11.941281 -7.704313 0.155129 -8.585060 1.613987 -1.969202 -0.698839 0.000000 -0.000000 0.000002 -4.565994 -6.783452 1.991685 -0.018141 0.051134 8.553352 6.721646 -0.165055 -7.129890 -1.413897 0.896318 -0.177682 -0.000000 -0.000000 -0.000001 
1.717947 99.560059 5.999318 -0.446795 1.127365 -2.894469 0.282151 0.132062 -0.834649 -0.190973 0.179037 -5.229377 2.562463 -1.356884 8.242674 -3.914580 4.502850 5.301282 0.270306 3.118688 -3.534401 -0.096485 2.131823 -5.127862 0.000077 -0.000022 0.000006 0.010952 0.098782 0.018820 0.751639 -3.611235 -10.619199 -0.738226 3.811476 -10.640496 -14.010195 -4.587420 11.435313 -60.526279 -8.843952 23.570986 -0.354924 -21.152849 0.067933 -0.428388 1.033930 -5.573344 -5.882102 9.861278 0.702591 -10.936860 -0.360575 7.156198 0.000001 8.774814 -0.000001 -16.216890 18.185671 6.097470 -1.844030 2.498503 -2.507276 -10.163590 4.678939 4.621103 -20.975998 -0.000005 0.000004 -21.226255 2.451692 -3.593991 0.000000 -0.000005 -0.000000 -1.362681 2.240797 -0.746324 -21.334892 0.584908 3.008319 -13.821197 -0.000004 0.000001 -23.887133 -0.249078 -0.839480 -60.738335 2.507547 -1.038119 -0.294024 1.679686 0.833255 -14.218194 0.093214 1.300580 -34.212006 -0.287565 0.967171 -20.033180 0.964534 1.212841 0.000001 0.000001 0.000001 -3.440386 0.788233 0.501655 -15.928171 -3.167308 2.999701 -6.338817 -0.000001 0.000000 -18.123415 3.648175 -4.905663 -0.000004 -0.000000 -0.000001 12.529691 13.591816 12.581967 63.386623 6.834925 18.947092 -0.371330 24.692324 -0.117897 -1.838320 2.322877 -0.551622 2.243540 -5.255033 -3.180155 14.282877 -0.826594 6.952497 -0.000002 -12.690590 0.000000 16.113995 -17.766178 2.485167 1.665664 -1.955919 -2.878296 4.727794 -4.170584 4.993917 11.020511 0.000003 -0.000001 12.109031 -3.735711 -2.866777 -0.000001 0.000000 0.000001 1.291984 -1.928548 -1.498091 14.800113 0.567468 3.865606 14.242551 -1.341737 -6.660649 19.631937 0.143927 -0.648245 49.631119 -0.717416 -6.543285 0.353029 -1.511150 -0.031938 20.222765 3.684308 2.316631 18.787243 0.000005 -0.000000 10.751608 -0.479869 1.397904 0.000001 0.000001 -0.000003 3.273803 0.305947 -0.580112 21.486788 11.830363 2.266131 8.162916 0.000002 -0.000001 18.399050 -3.798980 -4.940567 0.000003 0.000000 -0.000001 4.216969 6.792545 -0.506698 -0.014018 -0.321188 12.763313 -7.827056 -0.035899 -8.974416 1.616352 -1.961950 -0.803382 -0.000000 0.000000 0.000002 -4.505977 -6.769845 1.519476 -0.025709 0.051913 9.406881 6.760927 -0.093106 -7.490003 -1.411585 0.901003 -0.228000 -0.000000 -0.000000 -0.000001 
1.737922 99.464127 5.971655 -0.531531 1.046018 -2.901919 0.381910 0.122429 -0.744496 -0.182440 0.206127 -5.191134 2.580682 -1.423984 8.320300 -4.116772 4.615586 5.650664 0.291121 3.184466 -3.521196 -0.052507 2.150520 -5.197668 0.000077 -0.000023 0.000006 0.008893 0.097966 0.022538 0.757425 -3.607313 -10.598115 -0.746240 3.806002 -10.621192 -13.832628 -4.687894 11.405422 -60.669731 -9.058244 23.552876 -0.443562 -20.815018 0.123828 -0.436151 1.132328 -5.487738 -5.882101 9.861279 0.702590 -10.936860 -0.360574 7.156198 0.000001 8.774814 0.000000 -16.190243 18.179346 6.141538 -1.844030 2.498502 -2.507275 -10.163590 4.678940 4.621105 -20.975996 -0.000003 0.000002 -21.226255 2.451695 -3.593992 -0.000000 -0.000005 0.000001 -1.362680 2.240796 -0.746321 -21.334887 0.584910 3.008320 -13.821197 -0.000002 0.000001 -23.887129 -0.249077 -0.839481 -60.756618 2.539583 -1.010941 -0.294024 1.679685 0.833255 -14.218194 0.093215 1.300581 -34.212002 -0.287561 0.967171 -20.033178 0.964535 1.212841 0.000000 0.000002 0.000002 -3.440385 0.788232 0.501654 -15.928169 -3.167306 2.999702 -6.338817 -0.000000 -0.000002 -18.123415 3.648177 -4.905663 -0.000004 -0.000001 -0.000002 12.312338 13.698942 12.503316 63.378860 6.889903 19.183777 -0.413809 24.617479 -0.128540 -2.015933 2.472189 -0.760990 2.243541 -5.255033 -3.180156 14.282878 -0.826592 6.952497 -0.000002 -12.690590 0.000000 16.097990 -17.736361 2.500229 1.665665 -1.955919 -2.878297 4.727794 -4.170581 4.993920 11.020513 0.000004 -0.000001 12.109031 -3.735709 -2.866778 0.000000 0.000001 0.000001 1.291984 -1.928548 -1.498088 14.800113 0.567468 3.865601 14.242556 -1.341734 -6.660648 19.631941 0.143927 -0.648247 49.575165 -0.719705 -6.515663 0.353029 -1.511148 -0.031941 20.222771 3.684306 2.316626 18.787245 0.000005 -0.000001 10.751611 -0.479868 1.397904 0.000002 0.000001 -0.000002 3.273803 0.305947 -0.580110 21.486790 11.830360 2.266130 8.162917 0.000002 0.000000 18.399054 -3.798980 -4.940567 0.000004 0.000000 0.000000 4.332191 7.027926 -0.992963 -0.017513 -0.315907 13.774503 -8.024406 -0.235968 -9.455810 1.617556 -1.958635 -0.930565 -0.000000 0.000000 0.000002 -4.426646 -6.733193 0.987850 -0.028073 0.053168 10.446441 6.805324 0.000380 -7.952991 -1.410305 0.911220 -0.295093 0.000000 0.000000 -0.000001 
1.734979 99.343887 6.010677 -0.639015 0.968444 -2.989901 0.505847 0.129166 -0.651065 -0.174388 0.200533 -5.170389 2.598190 -1.469716 8.406678 -4.258347 4.738465 6.284608 0.311737 3.227032 -3.512890 0.040869 2.143778 -5.130672 0.000077 -0.000023 0.000006 0.008056 0.108345 0.025409 0.763739 -3.597760 -10.576691 -0.753135 3.813496 -10.602818 -13.624593 -4.785392 11.367089 -60.912483 -9.225123 23.397900 -0.436646 -20.397589 0.119528 -0.363011 1.260937 -5.497760 -5.882101 9.861278 0.702589 -10.936860 -0.360576 7.156196 0.000001 8.774813 -0.000002 -16.214329 18.157852 6.148571 -1.844031 2.498502 -2.507275 -10.163589 4.678939 4.621105 -20.975994 -0.000005 0.000001 -21.226255 2.451692 -3.593991 -0.000000 -0.000005 0.000001 -1.362680 2.240797 -0.746321 -21.334890 0.584907 3.008319 -13.821197 -0.000004 0.000001 -23.887133 -0.249081 -0.839481 -60.822620 2.560611 -1.022776 -0.294024 1.679686 0.833254 -14.218194 0.093214 1.300579 -34.211998 -0.287567 0.967171 -20.033180 0.964532 1.212842 0.000001 0.000001 0.000001 -3.440386 0.788232 0.501655 -15.928169 -3.167308 2.999705 -6.338817 -0.000001 -0.000002 -18.123413 3.648175 -4.905662 -0.000004 -0.000001 -0.000001 12.068814 13.785840 12.470896 63.348293 6.961400 19.406742 -0.404046 24.432964 -0.159243 -2.234515 2.602731 -0.765355 2.243540 -5.255033 -3.180156 14.282878 -0.826594 6.952494 -0.000002 -12.690588 -0.000002 16.056814 -17.719049 2.506790 1.665664 -1.955921 -2.878298 4.727794 -4.170583 4.993917 11.020513 0.000004 -0.000001 12.109033 -3.735709 -2.866779 -0.000000 -0.000000 0.000001 1.291985 -1.928548 -1.498086 14.800111 0.567468 3.865601 14.242554 -1.341735 -6.660646 19.631939 0.143926 -0.648244 49.531765 -0.733145 -6.509142 0.353029 -1.511150 -0.031940 20.222769 3.684305 2.316629 18.787245 0.000005 -0.000001 10.751612 -0.479867 1.397902 0.000001 0.000000 -0.000002 3.273805 0.305946 -0.580110 21.486792 11.830361 2.266134 8.162916 0.000002 -0.000002 18.399055 -3.798979 -4.940567 0.000001 -0.000001 -0.000000 4.520078 7.310547 -1.376862 -0.031395 -0.315133 14.854280 -8.274805 -0.443824 -10.016527 1.620867 -1.939392 -1.062365 0.000000 0.000000 0.000002 -4.318833 -6.653804 0.602067 -0.027006 0.045963 11.459682 6.814027 0.077698 -8.482652 -1.411094 0.921337 -0.343138 0.000000 -0.000000 -0.000001 
1.728541 99.206390 6.132312 -0.747991 0.881927 -3.176479 0.615324 0.136970 -0.580929 -0.162080 0.174321 -5.174920 2.614809 -1.499467 8.501102 -4.292306 4.847636 7.201062 0.319594 3.251276 -3.499850 0.231910 2.106364 -4.789247 0.000077 -0.000022 0.000006 0.005754 0.112743 0.027329 0.765782 -3.590321 -10.555070 -0.760179 3.812716 -10.587626 -13.397167 -4.848952 11.320029 -61.239902 -9.327815 23.180082 -0.395192 -19.980042 0.117981 -0.143251 1.337301 -5.693039 -5.882101 9.861278 0.702589 -10.936859 -0.360575 7.156197 0.000001 8.774814 -0.000001 -16.237452 18.141266 6.141954 -1.844030 2.498501 -2.507273 -10.163589 4.678939 4.621105 -20.975994 -0.000004 0.000003 -21.226250 2.451692 -3.593993 -0.000000 -0.000005 0.000002 -1.362681 2.240797 -0.746323 -21.334890 0.584907 3.008318 -13.821197 -0.000004 0.000002 -23.887135 -0.249080 -0.839482 -60.837448 2.564160 -1.037903 -0.294025 1.679686 0.833255 -14.218194 0.093215 1.300581 -34.212002 -0.287564 0.967169 -20.033176 0.964535 1.212841 0.000001 -0.000000 0.000001 -3.440385 0.788232 0.501655 -15.928165 -3.167306 2.999701 -6.338817 -0.000002 -0.000001 -18.123413 3.648175 -4.905663 -0.000004 0.000000 -0.000001 11.859127 13.838155 12.507174 63.260723 6.981658 19.629234 -0.360931 24.201948 -0.163611 -2.477803 2.721527 -0.657144 2.243539 -5.255033 -3.180155 14.282875 -0.826592 6.952495 -0.000003 -12.690590 0.000001 16.015280 -17.739883 2.553453 1.665666 -1.955920 -2.878298 4.727793 -4.170583 4.993917 11.020513 0.000003 -0.000001 12.109031 -3.735709 -2.866779 -0.000000 -0.000001 0.000001 1.291984 -1.928548 -1.498087 14.800114 0.567469 3.865603 14.242553 -1.341733 -6.660647 19.631939 0.143927 -0.648243 49.497631 -0.781425 -6.514921 0.353029 -1.511148 -0.031938 20.222769 3.684309 2.316628 18.787245 0.000007 0.000000 10.751610 -0.479867 1.397903 0.000003 0.000002 -0.000002 3.273804 0.305947 -0.580110 21.486795 11.830363 2.266133 8.162916 0.000003 -0.000001 18.399054 -3.798979 -4.940564 0.000002 -0.000000 -0.000001 4.743177 7.633803 -1.568717 -0.045406 -0.324357 15.888112 -8.508108 -0.634760 -10.619085 1.622524 -1.934030 -1.226298 0.000000 -0.000000 0.000002 -4.200026 -6.547033 0.340636 -0.027874 0.034022 12.401713 6.776397 0.166856 -9.036940 -1.411546 0.924150 -0.408022 -0.000000 -0.000000 -0.000001 
1.726817 99.058495 6.362914 -0.850256 0.811261 -3.473058 0.695094 0.136800 -0.571620 -0.149192 0.154676 -5.204225 2.596145 -1.555787 8.590842 -4.191379 4.927839 8.504745 0.320340 3.286406 -3.492867 0.573440 2.037694 -4.106386 0.000077 -0.000022 0.000006 0.000893 0.116109 0.021526 0.765292 -3.577779 -10.544879 -0.770081 3.811764 -10.581417 -13.132687 -4.897836 11.315530 -61.608513 -9.349872 22.931002 -0.370352 -19.602993 0.117115 0.156035 1.391270 -5.872427 -5.882101 9.861278 0.702590 -10.936860 -0.360575 7.156196 0.000001 8.774814 0.000000 -16.246687 18.148788 6.148996 -1.844031 2.498502 -2.507277 -10.163590 4.678939 4.621104 -20.975998 -0.000005 0.000003 -21.226254 2.451691 -3.593992 0.000001 -0.000005 0.000001 -1.362681 2.240796 -0.746321 -21.334890 0.584908 3.008321 -13.821197 -0.000004 0.000001 -23.887135 -0.249080 -0.839480 -60.818130 2.604307 -1.074190 -0.294025 1.679686 0.833254 -14.218194 0.093213 1.300578 -34.212006 -0.287563 0.967172 -20.033175 0.964536 1.212844 0.000000 0.000000 0.000000 -3.440385 0.788232 0.501655 -15.928169 -3.167307 2.999703 -6.338817 -0.000002 0.000000 -18.123415 3.648175 -4.905662 -0.000004 -0.000001 -0.000002 11.705339 13.809159 12.574529 63.206261 6.898832 19.898487 -0.334965 23.967896 -0.153320 -2.703850 2.859658 -0.419973 2.243539 -5.255032 -3.180156 14.282877 -0.826593 6.952499 -0.000004 -12.690592 0.000001 15.994037 -17.719545 2.564410 1.665665 -1.955920 -2.878295 4.727793 -4.170582 4.993918 11.020512 0.000003 -0.000001 12.109033 -3.735708 -2.866777 0.000000 -0.000000 -0.000000 1.291983 -1.928545 -1.498087 14.800111 0.567467 3.865606 14.242554 -1.341735 -6.660647 19.631939 0.143927 -0.648243 49.464539 -0.780635 -6.550993 0.353028 -1.511148 -0.031941 20.222771 3.684308 2.316630 18.787245 0.000007 0.000000 10.751610 -0.479868 1.397904 0.000002 0.000001 -0.000001 3.273804 0.305947 -0.580110 21.486792 11.830361 2.266133 8.162916 0.000003 -0.000001 18.399055 -3.798977 -4.940568 0.000003 -0.000000 -0.000001 4.982790 7.935490 -1.503930 -0.054101 -0.343545 16.795532 -8.713607 -0.764954 -11.246095 1.620728 -1.931232 -1.380881 0.000000 -0.000000 0.000002 -4.114565 -6.420454 0.434964 -0.024340 0.027467 13.205433 6.726909 0.246432 -9.643547 -1.411625 0.927483 -0.531598 -0.000000 -0.000000 -0.000001 
1.626796 98.890961 6.737601 -0.943354 0.781171 -3.912402 0.721032 0.117867 -0.677475 -0.136310 0.136080 -5.252947 2.547409 -1.633866 8.680881 -3.917670 4.953316 10.311391 0.318941 3.269154 -3.492439 1.072909 1.911886 -2.944021 0.000077 -0.000023 0.000006 -0.005391 0.119433 0.013516 0.765025 -3.568812 -10.542073 -0.781663 3.815884 -10.591887 -12.814418 -4.964670 11.377345 -62.025608 -9.301827 22.732977 -0.353804 -19.197184 0.122263 0.459740 1.382631 -5.977419 -5.882101 9.861279 0.702588 -10.936858 -0.360575 7.156198 0.000001 8.774813 -0.000001 -16.229208 18.173452 6.155465 -1.844031 2.498503 -2.507274 -10.163589 4.678940 4.621104 -20.975992 -0.000005 0.000003 -21.226255 2.451691 -3.593993 0.000000 -0.000005 -0.000000 -1.362680 2.240795 -0.746324 -21.334890 0.584907 3.008321 -13.821197 -0.000004 0.000003 -23.887125 -0.249080 -0.839480 -60.773769 2.631390 -1.140819 -0.294025 1.679686 0.833255 -14.218194 0.093213 1.300578 -34.211998 -0.287565 0.967173 -20.033180 0.964535 1.212843 0.000001 0.000001 0.000003 -3.440385 0.788232 0.501656 -15.928169 -3.167308 2.999705 -6.338817 -0.000003 0.000000 -18.123413 3.648175 -4.905660 -0.000004 -0.000000 0.000000 11.624008 13.629428 12.669153 63.170025 6.696586 20.238869 -0.290856 23.706327 -0.149486 -2.988164 3.058487 -0.148005 2.243541 -5.255031 -3.180155 14.282878 -0.826593 6.952495 -0.000004 -12.690591 -0.000000 15.995336 -17.708822 2.570801 1.665665 -1.955918 -2.878294 4.727793 -4.170583 4.993918 11.020513 0.000003 0.000000 12.109035 -3.735711 -2.866778 0.000000 0.000001 0.000001 1.291985 -1.928548 -1.498089 14.800114 0.567470 3.865604 14.242553 -1.341733 -6.660645 19.631939 0.143925 -0.648241 49.432861 -0.766597 -6.560526 0.353028 -1.511149 -0.031940 20.222767 3.684308 2.316628 18.787245 0.000004 -0.000001 10.751614 -0.479867 1.397902 0.000002 0.000001 -0.000002 3.273804 0.305947 -0.580109 21.486794 11.830361 2.266130 8.162919 0.000004 -0.000001 18.399055 -3.798979 -4.940570 0.000003 -0.000000 -0.000001 5.314079 8.169108 -1.124299 -0.058444 -0.368106 17.567905 -8.997762 -0.875224 -11.901897 1.616844 -1.903069 -1.548895 0.000000 -0.000000 0.000002 -4.051252 -6.345822 0.812601 -0.011520 0.016554 13.964622 6.632481 0.362460 -10.325703 -1.410015 0.930701 -0.697537 -0.000000 -0.000000 -0.000001 
1.528723 98.697754 7.266287 -1.027178 0.812278 -4.453372 0.708507 0.129120 -0.905048 -0.133633 0.090464 -5.345724 2.464998 -1.730862 8.741118 -3.505557 4.933119 12.522813 0.317987 3.229537 -3.476387 1.758913 1.664732 -1.241045 0.000077 -0.000023 0.000006 -0.010317 0.118100 0.006280 0.768103 -3.567999 -10.522221 -0.794223 3.811801 -10.589697 -12.461198 -5.039021 11.457912 -62.445679 -9.172393 22.840506 -0.368252 -18.789019 0.113924 0.697342 1.360079 -6.017065 -5.882102 9.861278 0.702590 -10.936858 -0.360575 7.156196 0.000001 8.774813 0.000000 -16.186558 18.198532 6.156113 -1.844031 2.498503 -2.507276 -10.163589 4.678938 4.621103 -20.975996 -0.000004 0.000004 -21.226254 2.451693 -3.593992 -0.000000 -0.000005 0.000000 -1.362679 2.240796 -0.746322 -21.334892 0.584909 3.008322 -13.821197 -0.000003 0.000001 -23.887131 -0.249078 -0.839480 -60.662689 2.697638 -1.194461 -0.294024 1.679686 0.833256 -14.218194 0.093214 1.300580 -34.212002 -0.287563 0.967172 -20.033178 0.964533 1.212841 0.000000 0.000001 0.000001 -3.440386 0.788233 0.501655 -15.928167 -3.167306 2.999704 -6.338817 -0.000001 0.000001 -18.123413 3.648176 -4.905662 -0.000004 -0.000000 -0.000001 11.605515 13.326677 12.674803 63.239475 6.229630 20.724737 -0.248674 23.436201 -0.145354 -3.422552 3.366201 0.015147 2.243541 -5.255033 -3.180156 14.282877 -0.826594 6.952496 -0.000001 -12.690587 -0.000001 16.026430 -17.713261 2.556481 1.665665 -1.955920 -2.878297 4.727793 -4.170584 4.993917 11.020513 0.000002 -0.000002 12.109033 -3.735711 -2.866778 -0.000001 0.000000 0.000001 1.291985 -1.928548 -1.498088 14.800111 0.567467 3.865602 14.242554 -1.341735 -6.660647 19.631939 0.143924 -0.648243 49.361687 -0.804228 -6.601936 0.353028 -1.511150 -0.031939 20.222767 3.684305 2.316629 18.787245 0.000003 -0.000000 10.751610 -0.479870 1.397904 0.000001 0.000002 -0.000001 3.273804 0.305947 -0.580111 21.486794 11.830361 2.266132 8.162918 0.000002 -0.000002 18.399054 -3.798982 -4.940568 0.000003 -0.000000 -0.000001 5.658665 8.279914 -0.513374 -0.056979 -0.372358 18.289633 -9.251089 -0.959986 -12.644229 1.610890 -1.896833 -1.674061 -0.000000 0.000000 0.000002 -4.003993 -6.307141 1.443176 -0.005291 0.012357 14.661339 6.532540 0.450694 -11.108656 -1.408278 0.934107 -0.904449 0.000000 -0.000000 -0.000001 
1.421800 98.468498 7.991583 -1.099282 0.954782 -5.149569 0.662786 0.110379 -1.249519 -0.134875 0.061120 -5.475463 2.339543 -1.832606 8.780929 -3.013673 4.891624 15.229941 0.342878 3.122925 -3.440073 2.699916 1.217993 1.142411 0.000077 -0.000023 0.000006 -0.012352 0.093345 -0.011986 0.778405 -3.591743 -10.500208 -0.808764 3.780514 -10.585073 -12.069738 -5.121731 11.526244 -62.837566 -9.022418 23.276173 -0.450408 -18.359451 0.136529 0.878602 1.367934 -6.081143 -5.882101 9.861279 0.702590 -10.936858 -0.360574 7.156196 0.000000 8.774814 0.000000 -16.147953 18.229994 6.145681 -1.844031 2.498502 -2.507276 -10.163589 4.678939 4.621102 -20.975994 -0.000002 0.000002 -21.226254 2.451694 -3.593995 -0.000001 -0.000006 0.000000 -1.362680 2.240796 -0.746323 -21.334887 0.584910 3.008320 -13.821194 -0.000002 0.000002 -23.887129 -0.249077 -0.839482 -60.589314 2.744257 -1.234103 -0.294025 1.679686 0.833256 -14.218190 0.093214 1.300578 -34.211998 -0.287564 0.967169 -20.033178 0.964536 1.212841 0.000001 0.000002 0.000001 -3.440386 0.788233 0.501656 -15.928165 -3.167305 2.999706 -6.338816 -0.000001 0.000001 -18.123413 3.648177 -4.905660 -0.000004 -0.000000 0.000000 11.597377 12.880449 12.633574 63.400108 5.447876 21.380106 -0.252190 23.164740 -0.183322 -3.983519 3.783628 0.155723 2.243540 -5.255034 -3.180157 14.282877 -0.826594 6.952497 -0.000002 -12.690590 0.000000 16.070257 -17.707848 2.522977 1.665666 -1.955920 -2.878299 4.727793 -4.170583 4.993921 11.020511 0.000003 -0.000001 12.109032 -3.735711 -2.866780 -0.000000 0.000000 0.000001 1.291983 -1.928547 -1.498089 14.800109 0.567467 3.865606 14.242551 -1.341734 -6.660648 19.631939 0.143926 -0.648242 49.266312 -0.858441 -6.621272 0.353028 -1.511151 -0.031941 20.222765 3.684305 2.316628 18.787245 0.000004 -0.000000 10.751611 -0.479869 1.397905 0.000000 0.000002 -0.000002 3.273804 0.305946 -0.580110 21.486788 11.830361 2.266131 8.162916 0.000003 -0.000001 18.399054 -3.798980 -4.940569 0.000003 -0.000000 -0.000000 6.024511 8.217233 0.411998 -0.049155 -0.363355 18.946726 -9.454817 -1.049093 -13.491585 1.608072 -1.878033 -1.819845 -0.000000 0.000000 0.000002 -3.983154 -6.381033 2.435650 0.002280 0.020577 15.270149 6.457005 0.478628 -12.025111 -1.404030 0.926329 -1.146368 0.000000 0.000000 -0.000001 
1.264466 98.193489 8.902104 -1.148317 1.217878 -5.988536 0.621607 0.108963 -1.671985 -0.136877 0.023752 -5.657895 2.185921 -1.899777 8.832149 -2.560159 4.852953 18.201731 0.386930 2.984144 -3.391250 3.809202 0.609335 3.924018 0.000077 -0.000023 0.000006 -0.013439 0.076740 -0.024904 0.783944 -3.605703 -10.484992 -0.820849 3.763107 -10.576097 -11.743947 -5.153426 11.591622 -63.173306 -8.902554 23.992298 -0.463598 -17.961670 0.102131 1.082566 1.416576 -6.094411 -5.882101 9.861278 0.702590 -10.936858 -0.360574 7.156197 -0.000000 8.774814 -0.000003 -16.131290 18.289049 6.170589 -1.844032 2.498502 -2.507276 -10.163589 4.678941 4.621104 -20.975996 -0.000003 0.000001 -21.226254 2.451694 -3.593993 -0.000000 -0.000006 0.000000 -1.362680 2.240797 -0.746324 -21.334890 0.584909 3.008319 -13.821195 -0.000003 0.000000 -23.887133 -0.249078 -0.839483 -60.526154 2.779203 -1.268574 -0.294026 1.679687 0.833255 -14.218192 0.093215 1.300579 -34.211998 -0.287561 0.967168 -20.033176 0.964536 1.212841 0.000000 0.000001 0.000002 -3.440385 0.788233 0.501655 -15.928165 -3.167306 2.999702 -6.338816 -0.000000 0.000001 -18.123413 3.648178 -4.905662 -0.000004 -0.000000 -0.000001 11.568324 12.409614 12.633669 63.613762 4.396369 22.253349 -0.272595 22.839861 -0.226553 -4.769355 4.257300 0.319190 2.243540 -5.255032 -3.180154 14.282877 -0.826595 6.952494 -0.000002 -12.690590 -0.000001 16.134209 -17.676958 2.484893 1.665665 -1.955920 -2.878298 4.727793 -4.170583 4.993916 11.020513 0.000004 -0.000001 12.109031 -3.735709 -2.866779 -0.000000 0.000000 0.000001 1.291985 -1.928548 -1.498087 14.800111 0.567468 3.865600 14.242551 -1.341734 -6.660651 19.631941 0.143926 -0.648243 49.180534 -0.941084 -6.644986 0.353029 -1.511151 -0.031940 20.222769 3.684305 2.316630 18.787247 0.000005 -0.000002 10.751609 -0.479869 1.397902 0.000001 0.000002 0.000000 3.273804 0.305946 -0.580111 21.486788 11.830359 2.266126 8.162916 0.000004 -0.000001 18.399054 -3.798980 -4.940568 0.000003 -0.000000 -0.000000 6.406467 7.904154 1.615356 -0.051194 -0.347719 19.556858 -9.564561 -1.050289 -14.455212 1.603793 -1.872565 -1.939710 0.000000 0.000000 0.000002 -4.039973 -6.563388 3.739054 0.011494 0.015762 15.865707 6.382762 0.498698 -13.077579 -1.398687 0.923347 -1.387641 0.000000 0.000000 -0.000001 
1.151822 97.866127 9.961900 -1.119150 1.605879 -6.866715 0.580075 0.082557 -2.149114 -0.134633 0.043773 -5.855124 2.025858 -1.878314 8.883065 -2.249721 4.844652 20.959049 0.468100 2.803178 -3.325683 4.875704 0.019307 6.586935 0.000077 -0.000022 0.000006 -0.018780 0.070840 -0.023840 0.780904 -3.622234 -10.464421 -0.821765 3.763703 -10.546968 -11.591812 -5.063971 11.649091 -63.392582 -8.885315 24.633295 -0.399250 -17.679342 0.059575 1.492561 1.419922 -6.209763 -5.882102 9.861278 0.702589 -10.936859 -0.360575 7.156196 0.000001 8.774813 0.000000 -16.140280 18.385536 6.195357 -1.844031 2.498502 -2.507277 -10.163590 4.678939 4.621104 -20.975994 -0.000003 0.000003 -21.226255 2.451693 -3.593992 -0.000000 -0.000005 0.000001 -1.362681 2.240796 -0.746323 -21.334887 0.584911 3.008320 -13.821197 -0.000002 0.000002 -23.887131 -0.249077 -0.839482 -60.537235 2.839113 -1.280247 -0.294024 1.679686 0.833256 -14.218195 0.093215 1.300579 -34.212006 -0.287563 0.967172 -20.033180 0.964535 1.212840 0.000000 0.000002 0.000001 -3.440386 0.788232 0.501656 -15.928173 -3.167306 2.999704 -6.338817 -0.000002 0.000000 -18.123415 3.648177 -4.905663 -0.000005 -0.000000 -0.000002 11.508015 12.016170 12.687918 63.827061 3.137861 23.118513 -0.277321 22.494633 -0.246242 -5.617772 4.640543 0.717111 2.243540 -5.255033 -3.180157 14.282877 -0.826593 6.952493 -0.000001 -12.690590 -0.000001 16.184778 -17.622082 2.450791 1.665665 -1.955919 -2.878295 4.727793 -4.170584 4.993918 11.020512 0.000003 -0.000001 12.109033 -3.735709 -2.866781 0.000000 0.000000 0.000000 1.291984 -1.928547 -1.498087 14.800114 0.567467 3.865602 14.242554 -1.341736 -6.660651 19.631941 0.143926 -0.648243 49.159065 -1.043870 -6.676305 0.353028 -1.511148 -0.031940 20.222771 3.684307 2.316627 18.787245 0.000005 -0.000001 10.751610 -0.479866 1.397902 0.000002 0.000002 0.000002 3.273804 0.305947 -0.580111 21.486790 11.830360 2.266130 8.162916 0.000003 0.000000 18.399055 -3.798975 -4.940569 0.000003 -0.000001 -0.000000 6.641067 7.387082 2.927115 -0.045820 -0.334641 20.184225 -9.583743 -0.983293 -15.541198 1.599402 -1.865491 -2.041808 0.000000 0.000000 0.000002 -4.329088 -6.847322 5.236651 0.031960 -0.000296 16.557425 6.413414 0.542255 -14.268877 -1.393616 0.925594 -1.615092 0.000000 0.000000 -0.000001 
1.080169 97.496346 11.180155 -1.013262 2.088401 -7.735492 0.545545 0.079763 -2.671773 -0.130433 0.112993 -6.086777 1.868418 -1.805925 8.959581 -2.049912 4.874478 23.540701 0.551042 2.624490 -3.267237 5.876489 -0.566838 9.126239 0.000077 -0.000022 0.000005 -0.027984 0.078444 -0.039049 0.761290 -3.625619 -10.481685 -0.823931 3.780368 -10.558003 -11.659363 -4.738071 11.604289 -63.554451 -8.891055 25.006710 -0.155205 -17.631611 -0.031186 2.282454 1.289243 -6.775293 -5.882100 9.861278 0.702589 -10.936859 -0.360574 7.156200 0.000001 8.774812 -0.000001 -16.091843 18.462322 6.282751 -1.844030 2.498502 -2.507277 -10.163589 4.678939 4.621105 -20.975994 -0.000004 0.000003 -21.226254 2.451691 -3.593992 -0.000000 -0.000006 0.000000 -1.362680 2.240796 -0.746323 -21.334890 0.584908 3.008322 -13.821197 -0.000004 0.000005 -23.887131 -0.249080 -0.839482 -60.510090 2.934396 -1.317013 -0.294025 1.679687 0.833256 -14.218194 0.093213 1.300581 -34.212002 -0.287565 0.967170 -20.033178 0.964534 1.212844 0.000002 0.000002 0.000000 -3.440386 0.788233 0.501657 -15.928169 -3.167306 2.999705 -6.338817 -0.000002 0.000000 -18.123415 3.648175 -4.905661 -0.000004 -0.000000 -0.000002 11.443894 11.744821 12.826870 63.958084 1.767310 23.979576 -0.194826 22.161577 -0.244637 -6.455150 4.805642 1.412147 2.243540 -5.255032 -3.180157 14.282877 -0.826595 6.952496 -0.000002 -12.690586 -0.000001 16.173187 -17.575151 2.421192 1.665664 -1.955920 -2.878297 4.727794 -4.170583 4.993917 11.020513 0.000003 -0.000001 12.109033 -3.735710 -2.866779 0.000000 0.000001 -0.000002 1.291984 -1.928547 -1.498086 14.800113 0.567469 3.865605 14.242553 -1.341734 -6.660645 19.631939 0.143925 -0.648242 49.158310 -1.094403 -6.709369 0.353028 -1.511150 -0.031940 20.222771 3.684306 2.316627 18.787247 0.000005 0.000001 10.751611 -0.479867 1.397904 0.000000 0.000001 0.000001 3.273804 0.305947 -0.580110 21.486792 11.830359 2.266131 8.162916 0.000002 -0.000002 18.399052 -3.798977 -4.940569 0.000003 -0.000001 -0.000000 6.741067 6.763579 4.354237 -0.041751 -0.330897 20.740166 -9.624948 -0.861414 -16.700644 1.596014 -1.867141 -2.139162 0.000000 0.000000 0.000002 -4.697308 -7.162651 6.815649 0.042101 -0.020551 17.228174 6.431928 0.547298 -15.593876 -1.390726 0.917763 -1.807892 0.000000 0.000000 -0.000001 
1.050863 97.053185 12.491225 -0.848291 2.725495 -8.586938 0.519985 0.109507 -3.238778 -0.119065 0.224896 -6.329567 1.706990 -1.667993 9.029224 -1.870116 4.895726 25.977997 0.640855 2.429143 -3.221808 6.811319 -1.123558 11.558493 0.000077 -0.000023 0.000004 -0.047516 0.103001 -0.037746 0.737443 -3.624547 -10.534180 -0.833891 3.834825 -10.601204 -11.870892 -4.226052 11.457520 -63.758324 -8.762956 24.972258 0.252627 -17.933088 -0.128326 3.522604 0.884867 -8.093915 -5.882100 9.861277 0.702589 -10.936859 -0.360576 7.156198 0.000001 8.774813 -0.000003 -16.065544 18.548429 6.331739 -1.844030 2.498503 -2.507275 -10.163589 4.678938 4.621105 -20.975996 -0.000004 0.000003 -21.226254 2.451691 -3.593992 0.000001 -0.000007 -0.000001 -1.362679 2.240796 -0.746323 -21.334890 0.584907 3.008323 -13.821198 -0.000003 0.000003 -23.887135 -0.249080 -0.839480 -60.422699 3.028086 -1.416543 -0.294025 1.679685 0.833255 -14.218195 0.093214 1.300581 -34.212006 -0.287564 0.967171 -20.033180 0.964533 1.212843 0.000001 0.000001 -0.000001 -3.440385 0.788234 0.501655 -15.928171 -3.167307 2.999706 -6.338817 -0.000002 0.000001 -18.123415 3.648175 -4.905661 -0.000005 0.000000 -0.000001 11.351486 11.566232 13.022327 64.071915 0.281417 24.790546 -0.044974 21.822855 -0.218867 -7.298227 4.844404 2.152584 2.243539 -5.255033 -3.180154 14.282878 -0.826594 6.952499 -0.000003 -12.690588 0.000000 16.133347 -17.583017 2.392463 1.665665 -1.955921 -2.878298 4.727794 -4.170583 4.993917 11.020513 0.000002 -0.000002 12.109032 -3.735711 -2.866781 0.000000 0.000000 0.000000 1.291984 -1.928547 -1.498088 14.800113 0.567469 3.865603 14.242554 -1.341735 -6.660647 19.631939 0.143923 -0.648242 49.138905 -1.125134 -6.754431 0.353029 -1.511150 -0.031940 20.222771 3.684304 2.316628 18.787245 0.000004 -0.000001 10.751611 -0.479868 1.397903 0.000002 0.000002 0.000000 3.273804 0.305947 -0.580111 21.486792 11.830361 2.266131 8.162917 0.000002 -0.000002 18.399054 -3.798980 -4.940570 0.000002 -0.000001 -0.000000 6.745189 6.116323 5.709877 -0.033662 -0.331693 21.488667 -9.693790 -0.767208 -18.000113 1.596924 -1.857246 -2.236884 -0.000000 0.000000 0.000002 -5.177648 -7.514966 8.391028 0.046148 -0.042918 18.088097 6.492944 0.580088 -17.103743 -1.387765 0.894932 -1.947647 -0.000000 -0.000000 -0.000001 
1.056789 96.545479 13.911481 -0.653910 3.465135 -9.298559 0.497203 0.166103 -3.779473 -0.107288 0.373766 -6.576206 1.549727 -1.513101 9.050583 -1.691062 4.880010 27.848299 0.691016 2.249573 -3.194564 7.619347 -1.608512 13.588266 0.000077 -0.000023 0.000006 -0.060966 0.117254 -0.048546 0.721470 -3.641749 -10.605706 -0.850486 3.872651 -10.677479 -12.140183 -3.672780 11.281174 -63.959843 -8.455629 24.876698 0.735563 -18.601187 -0.279926 4.810788 0.297882 -9.869022 -5.882099 9.861278 0.702592 -10.936858 -0.360574 7.156197 0.000000 8.774813 0.000000 -15.987831 18.584332 6.375766 -1.844031 2.498501 -2.507275 -10.163589 4.678940 4.621106 -20.975992 -0.000002 0.000004 -21.226248 2.451693 -3.593992 0.000001 -0.000006 -0.000001 -1.362681 2.240796 -0.746322 -21.334887 0.584907 3.008321 -13.821194 -0.000002 0.000003 -23.887129 -0.249078 -0.839482 -60.306614 3.107048 -1.476359 -0.294025 1.679685 0.833255 -14.218190 0.093215 1.300580 -34.211998 -0.287561 0.967170 -20.033175 0.964537 1.212841 0.000001 0.000000 -0.000001 -3.440384 0.788232 0.501657 -15.928167 -3.167305 2.999703 -6.338815 -0.000002 -0.000001 -18.123411 3.648178 -4.905663 -0.000004 -0.000000 -0.000003 11.298454 11.457410 13.231052 64.208275 -1.121318 25.333670 0.101326 21.549568 -0.216146 -8.154354 4.822764 2.837617 2.243541 -5.255033 -3.180154 14.282875 -0.826593 6.952493 -0.000003 -12.690590 0.000000 16.093039 -17.599428 2.320622 1.665665 -1.955920 -2.878294 4.727795 -4.170585 4.993920 11.020511 0.000003 -0.000001 12.109031 -3.735709 -2.866779 -0.000000 0.000000 -0.000001 1.291984 -1.928547 -1.498086 14.800113 0.567469 3.865604 14.242553 -1.341734 -6.660648 19.631937 0.143926 -0.648242 49.139996 -1.144034 -6.840438 0.353028 -1.511149 -0.031938 20.222765 3.684307 2.316628 18.787245 0.000005 -0.000000 10.751610 -0.479869 1.397904 0.000000 0.000000 0.000001 3.273803 0.305947 -0.580110 21.486788 11.830361 2.266130 8.162914 0.000002 -0.000002 18.399050 -3.798978 -4.940568 0.000003 -0.000000 -0.000002 6.711783 5.539376 6.900605 -0.025675 -0.340346 22.403234 -9.768307 -0.752353 -19.424776 1.601020 -1.869745 -2.336927 -0.000000 0.000001 0.000002 -5.714201 -7.911442 9.878785 0.048251 -0.038062 19.046419 6.570173 0.636024 -18.748610 -1.387998 0.842325 -2.057151 0.000000 0.000000 -0.000001 
1.085767 95.944748 15.470213 -0.495521 4.284307 -9.848240 0.474668 0.224108 -4.260843 -0.102082 0.521393 -6.827572 1.401706 -1.385578 9.054863 -1.473179 4.786736 29.050735 0.724025 2.161870 -3.160555 8.273674 -2.029551 15.162572 0.000077 -0.000022 0.000009 -0.063659 0.110168 -0.060344 0.727542 -3.666435 -10.667490 -0.861058 3.889566 -10.729865 -12.315525 -3.215031 11.133954 -64.069290 -8.021548 25.093496 1.105372 -19.317123 -0.405492 5.657688 -0.256656 -11.153610 -5.882100 9.861278 0.702589 -10.936860 -0.360576 7.156196 0.000002 8.774814 -0.000002 -15.909651 18.530485 6.378568 -1.844031 2.498503 -2.507276 -10.163589 4.678938 4.621104 -20.975998 -0.000004 0.000005 -21.226254 2.451692 -3.593992 0.000001 -0.000006 -0.000001 -1.362680 2.240796 -0.746323 -21.334890 0.584906 3.008317 -13.821197 -0.000004 0.000001 -23.887133 -0.249081 -0.839478 -60.166115 3.103971 -1.502640 -0.294025 1.679685 0.833255 -14.218195 0.093213 1.300579 -34.212013 -0.287567 0.967170 -20.033180 0.964533 1.212842 -0.000001 0.000001 -0.000000 -3.440386 0.788233 0.501655 -15.928169 -3.167308 2.999703 -6.338817 -0.000001 0.000002 -18.123413 3.648173 -4.905660 -0.000003 0.000001 -0.000003 11.274014 11.388694 13.363330 64.374840 -2.421499 25.583853 0.187756 21.390898 -0.211006 -9.013849 4.806832 3.459207 2.243540 -5.255033 -3.180156 14.282878 -0.826593 6.952497 -0.000003 -12.690591 0.000001 16.066929 -17.618324 2.269787 1.665665 -1.955920 -2.878297 4.727793 -4.170582 4.993919 11.020512 0.000003 -0.000001 12.109033 -3.735708 -2.866779 0.000000 -0.000000 0.000001 1.291984 -1.928546 -1.498085 14.800109 0.567468 3.865602 14.242553 -1.341734 -6.660649 19.631941 0.143928 -0.648244 49.178131 -1.166975 -6.957170 0.353028 -1.511149 -0.031940 20.222771 3.684309 2.316631 18.787245 0.000004 -0.000000 10.751611 -0.479868 1.397904 -0.000000 0.000001 -0.000000 3.273803 0.305947 -0.580111 21.486790 11.830360 2.266129 8.162916 0.000003 -0.000002 18.399055 -3.798979 -4.940564 0.000003 0.000000 0.000000 6.736982 5.014086 7.856679 -0.024081 -0.352082 23.630739 -9.842904 -0.867198 -21.070429 1.601381 -1.877513 -2.435061 -0.000000 0.000000 0.000002 -6.201187 -8.309719 11.253398 0.045219 -0.017510 20.138363 6.671762 0.637143 -20.572582 -1.386701 0.796258 -2.164556 -0.000000 -0.000000 -0.000001 
1.123746 95.224121 17.140108 -0.412962 5.200955 -10.241356 0.438881 0.256621 -4.671253 -0.104962 0.660096 -7.035445 1.310660 -1.288446 8.994851 -1.185568 4.569036 29.629400 0.727680 2.137618 -3.125035 8.792685 -2.380218 16.351082 0.000077 -0.000022 0.000007 -0.065474 0.097615 -0.085606 0.743672 -3.688774 -10.687976 -0.877378 3.883769 -10.759447 -12.326125 -2.964330 11.084917 -64.158279 -7.564948 25.720592 1.286527 -19.727789 -0.455320 6.002893 -0.652033 -11.524011 -5.882102 9.861280 0.702590 -10.936861 -0.360576 7.156197 0.000001 8.774816 -0.000001 -15.843497 18.463381 6.369172 -1.844031 2.498504 -2.507275 -10.163589 4.678938 4.621102 -20.975996 -0.000005 0.000004 -21.226257 2.451691 -3.593992 0.000001 -0.000006 -0.000001 -1.362680 2.240798 -0.746323 -21.334892 0.584908 3.008319 -13.821197 -0.000004 0.000003 -23.887131 -0.249079 -0.839482 -60.016514 3.086860 -1.443068 -0.294025 1.679689 0.833257 -14.218194 0.093213 1.300579 -34.212006 -0.287565 0.967166 -20.033180 0.964534 1.212841 -0.000001 -0.000000 -0.000001 -3.440384 0.788231 0.501656 -15.928171 -3.167307 2.999704 -6.338817 -0.000001 0.000001 -18.123415 3.648177 -4.905662 -0.000003 0.000000 -0.000002 11.260370 11.300588 13.407810 64.627167 -3.510205 25.639015 0.175278 21.193636 -0.252293 -9.972281 4.942869 3.991519 2.243540 -5.255032 -3.180154 14.282877 -0.826594 6.952493 -0.000003 -12.690593 0.000000 16.025288 -17.630125 2.263119 1.665665 -1.955920 -2.878295 4.727793 -4.170583 4.993918 11.020512 0.000003 0.000000 12.109033 -3.735709 -2.866778 -0.000000 -0.000000 0.000002 1.291984 -1.928548 -1.498088 14.800111 0.567468 3.865600 14.242553 -1.341734 -6.660647 19.631939 0.143926 -0.648242 49.153412 -1.227242 -7.025443 0.353029 -1.511147 -0.031938 20.222771 3.684306 2.316628 18.787247 0.000005 -0.000001 10.751611 -0.479866 1.397903 0.000000 0.000000 0.000000 3.273804 0.305947 -0.580111 21.486795 11.830364 2.266132 8.162917 0.000003 -0.000003 18.399055 -3.798979 -4.940569 0.000003 -0.000000 0.000001 6.874405 4.495537 8.494762 -0.030455 -0.375344 25.305927 -9.898574 -1.047831 -22.997259 1.603634 -1.880012 -2.510132 -0.000000 0.000000 0.000002 -6.537180 -8.648435 12.458762 0.036059 0.003183 21.450888 6.758218 0.467464 -22.623535 -1.385862 0.757728 -2.264891 0.000000 0.000000 -0.000001 
1.136729 94.372849 18.880507 -0.386368 6.089292 -10.445118 0.364905 0.248798 -5.031830 -0.117956 0.782190 -7.200428 1.258313 -1.218396 8.888090 -0.816366 4.241045 29.592306 0.733377 2.117773 -3.103303 9.140908 -2.627034 17.201111 0.000077 -0.000022 0.000007 -0.063591 0.095481 -0.104458 0.760140 -3.687481 -10.691937 -0.895557 3.876261 -10.769524 -12.202859 -2.878442 11.135995 -64.108704 -7.167276 26.822950 1.261373 -19.610460 -0.444119 5.865123 -0.876777 -11.134055 -5.882102 9.861278 0.702588 -10.936858 -0.360576 7.156197 0.000001 8.774814 -0.000002 -15.855332 18.444080 6.324106 -1.844029 2.498502 -2.507276 -10.163590 4.678940 4.621103 -20.975994 -0.000003 0.000004 -21.226255 2.451692 -3.593992 0.000002 -0.000006 -0.000000 -1.362680 2.240795 -0.746325 -21.334887 0.584908 3.008320 -13.821197 -0.000002 0.000002 -23.887133 -0.249080 -0.839483 -59.934353 3.054529 -1.388930 -0.294024 1.679686 0.833255 -14.218194 0.093215 1.300581 -34.211998 -0.287565 0.967170 -20.033180 0.964535 1.212842 -0.000001 -0.000000 0.000000 -3.440385 0.788232 0.501655 -15.928169 -3.167306 2.999704 -6.338818 0.000000 0.000002 -18.123415 3.648174 -4.905660 -0.000002 0.000000 -0.000001 11.298697 11.203911 13.395607 64.878181 -4.393457 25.440796 0.117528 21.019445 -0.269193 -11.011955 5.257229 4.521006 2.243538 -5.255032 -3.180153 14.282875 -0.826593 6.952497 -0.000003 -12.690590 -0.000001 15.950084 -17.597496 2.293385 1.665663 -1.955918 -2.878297 4.727793 -4.170583 4.993919 11.020512 0.000003 -0.000001 12.109030 -3.735709 -2.866779 -0.000000 -0.000000 0.000001 1.291984 -1.928547 -1.498089 14.800111 0.567468 3.865602 14.242553 -1.341734 -6.660651 19.631939 0.143926 -0.648242 49.111610 -1.306021 -7.058146 0.353028 -1.511148 -0.031941 20.222767 3.684307 2.316627 18.787245 0.000005 -0.000001 10.751610 -0.479868 1.397905 0.000000 0.000001 0.000000 3.273803 0.305946 -0.580110 21.486790 11.830362 2.266133 8.162916 0.000003 -0.000001 18.399050 -3.798982 -4.940567 0.000003 -0.000001 -0.000000 7.104172 3.992922 8.795531 -0.031770 -0.410852 27.393368 -9.954738 -1.289173 -25.183392 1.604969 -1.886746 -2.545923 -0.000000 0.000000 0.000002 -6.730657 -8.953362 13.349833 0.026911 0.028299 23.116465 6.814300 0.107803 -24.922102 -1.385183 0.748775 -2.357509 -0.000000 -0.000000 -0.000001 
1.142114 93.409904 20.683086 -0.373546 6.993667 -10.428281 0.239646 0.246243 -5.372188 -0.149172 0.834375 -7.324246 1.227200 -1.171738 8.750413 -0.390361 3.806517 29.043732 0.716557 2.130286 -3.102214 9.394552 -2.835541 17.717001 0.000077 -0.000022 0.000006 -0.070372 0.117531 -0.114651 0.770761 -3.654388 -10.653913 -0.925032 3.881436 -10.743635 -12.027420 -2.912487 11.251732 -63.885468 -6.889585 28.473476 1.161747 -18.951113 -0.417635 5.292313 -0.954321 -10.172375 -5.882102 9.861279 0.702589 -10.936858 -0.360575 7.156196 0.000001 8.774813 -0.000002 -15.888140 18.434177 6.273623 -1.844031 2.498504 -2.507276 -10.163589 4.678941 4.621102 -20.975998 -0.000003 0.000003 -21.226255 2.451692 -3.593992 0.000001 -0.000006 -0.000000 -1.362679 2.240797 -0.746323 -21.334890 0.584909 3.008317 -13.821197 -0.000003 0.000002 -23.887135 -0.249079 -0.839482 -59.848743 3.061048 -1.372736 -0.294025 1.679686 0.833255 -14.218192 0.093214 1.300578 -34.212006 -0.287564 0.967167 -20.033176 0.964534 1.212840 0.000000 -0.000000 -0.000000 -3.440386 0.788233 0.501656 -15.928167 -3.167306 2.999702 -6.338816 0.000001 0.000001 -18.123415 3.648177 -4.905662 -0.000002 0.000002 -0.000001 11.392591 11.093374 13.332313 65.068405 -5.041077 25.096233 0.051788 20.817812 -0.287374 -12.105644 5.748800 5.014141 2.243539 -5.255032 -3.180156 14.282875 -0.826593 6.952493 -0.000003 -12.690588 0.000000 15.863250 -17.585445 2.309138 1.665666 -1.955922 -2.878300 4.727796 -4.170582 4.993919 11.020511 0.000003 -0.000001 12.109034 -3.735709 -2.866781 -0.000000 -0.000000 0.000002 1.291983 -1.928547 -1.498088 14.800111 0.567468 3.865602 14.242553 -1.341734 -6.660649 19.631939 0.143926 -0.648242 49.058403 -1.364795 -7.062582 0.353029 -1.511150 -0.031939 20.222769 3.684305 2.316628 18.787247 0.000005 -0.000000 10.751611 -0.479869 1.397903 0.000000 -0.000000 -0.000000 3.273805 0.305946 -0.580110 21.486790 11.830360 2.266132 8.162917 0.000002 0.000000 18.399052 -3.798978 -4.940567 0.000003 -0.000002 -0.000000 7.369246 3.488153 8.802574 -0.023986 -0.443170 29.715618 -10.098395 -1.480921 -27.532196 1.608929 -1.875294 -2.622670 -0.000000 0.000000 0.000002 -6.813299 -9.232724 13.966342 0.013465 0.061653 24.994125 6.907657 -0.403576 -27.396362 -1.385963 0.752161 -2.544068 0.000000 0.000000 -0.000001 
1.179974 92.313385 22.620852 -0.322152 7.956339 -10.245811 0.053819 0.233648 -5.674335 -0.196457 0.871804 -7.418641 1.155891 -1.172420 8.587071 0.096639 3.299280 28.240248 0.686236 2.144544 -3.133870 9.581985 -2.974377 17.991034 0.000077 -0.000023 0.000007 -0.080406 0.132619 -0.132126 0.780807 -3.616735 -10.605410 -0.952682 3.883511 -10.696905 -11.749999 -3.053544 11.452017 -63.623074 -6.708724 30.287300 1.102630 -17.968164 -0.389141 4.593032 -1.020742 -9.269008 -5.882102 9.861279 0.702590 -10.936858 -0.360575 7.156199 -0.000000 8.774812 -0.000003 -15.943575 18.420635 6.216064 -1.844031 2.498504 -2.507277 -10.163589 4.678941 4.621103 -20.975996 -0.000004 0.000003 -21.226255 2.451694 -3.593993 0.000000 -0.000007 -0.000000 -1.362680 2.240796 -0.746321 -21.334888 0.584910 3.008321 -13.821195 -0.000004 0.000003 -23.887125 -0.249077 -0.839482 -59.773716 3.064372 -1.354355 -0.294024 1.679684 0.833256 -14.218190 0.093214 1.300578 -34.211998 -0.287564 0.967168 -20.033178 0.964535 1.212843 0.000000 0.000001 0.000000 -3.440385 0.788232 0.501654 -15.928167 -3.167306 2.999704 -6.338817 0.000000 0.000000 -18.123415 3.648176 -4.905661 -0.000002 0.000001 -0.000001 11.409353 11.026977 13.274645 65.334564 -5.460052 24.658751 -0.043226 20.550859 -0.308582 -13.126832 6.369327 5.734611 2.243539 -5.255033 -3.180157 14.282877 -0.826593 6.952495 -0.000001 -12.690591 -0.000002 15.802464 -17.575687 2.347636 1.665665 -1.955919 -2.878299 4.727792 -4.170583 4.993918 11.020511 0.000002 -0.000001 12.109030 -3.735711 -2.866779 -0.000000 -0.000000 0.000000 1.291984 -1.928547 -1.498086 14.800109 0.567468 3.865600 14.242553 -1.341735 -6.660648 19.631939 0.143926 -0.648243 49.048634 -1.395045 -6.988186 0.353028 -1.511149 -0.031941 20.222771 3.684305 2.316630 18.787247 0.000003 -0.000002 10.751610 -0.479869 1.397904 0.000000 0.000001 -0.000001 3.273802 0.305946 -0.580108 21.486788 11.830361 2.266130 8.162916 0.000002 0.000000 18.399050 -3.798979 -4.940568 0.000004 -0.000001 -0.000000 7.559057 2.880139 8.688273 -0.014802 -0.504205 32.156059 -10.354963 -1.521750 -30.062872 1.616845 -1.851229 -2.721422 -0.000000 0.000000 0.000002 -6.885633 -9.499691 14.496649 0.005899 0.101433 26.975998 7.053344 -1.001805 -30.003763 -1.387797 0.751153 -2.945243 -0.000000 -0.000000 -0.000001 
1.217575 91.164024 24.602081 -0.213079 8.933534 -9.993303 -0.169303 0.264856 -5.849277 -0.260818 0.873736 -7.414693 1.033972 -1.191275 8.317859 0.574975 2.773591 27.293011 0.673047 2.413033 -3.124724 9.640959 -3.234024 18.112406 0.000077 -0.000023 0.000006 -0.095343 0.185761 -0.145605 0.774456 -3.535572 -10.536324 -0.977785 3.907720 -10.633596 -11.394083 -3.245252 11.597271 -63.443302 -6.465858 31.926949 1.155734 -16.895847 -0.359982 4.075867 -1.150420 -9.066022 -5.882103 9.861279 0.702589 -10.936860 -0.360576 7.156196 0.000001 8.774814 0.000000 -15.980145 18.486147 6.217206 -1.844030 2.498501 -2.507277 -10.163590 4.678939 4.621103 -20.975998 -0.000004 0.000003 -21.226255 2.451693 -3.593992 0.000002 -0.000006 -0.000002 -1.362681 2.240795 -0.746323 -21.334892 0.584909 3.008320 -13.821198 -0.000003 0.000005 -23.887133 -0.249079 -0.839482 -59.837242 3.049058 -1.377869 -0.294023 1.679687 0.833255 -14.218194 0.093215 1.300579 -34.212006 -0.287563 0.967169 -20.033180 0.964535 1.212841 0.000000 0.000000 -0.000001 -3.440386 0.788232 0.501655 -15.928171 -3.167307 2.999705 -6.338817 0.000000 0.000002 -18.123415 3.648175 -4.905662 -0.000004 -0.000000 -0.000003 11.350960 11.001930 13.390459 65.591064 -5.541928 24.111364 -0.108203 20.287598 -0.305575 -14.087087 7.079576 6.774972 2.243540 -5.255032 -3.180154 14.282877 -0.826593 6.952495 -0.000003 -12.690592 0.000001 15.832796 -17.568401 2.370880 1.665664 -1.955919 -2.878296 4.727794 -4.170584 4.993919 11.020513 0.000003 -0.000002 12.109033 -3.735709 -2.866779 -0.000000 -0.000000 0.000000 1.291986 -1.928549 -1.498091 14.800114 0.567468 3.865604 14.242553 -1.341734 -6.660648 19.631939 0.143926 -0.648245 48.939781 -1.395782 -6.871849 0.353028 -1.511148 -0.031939 20.222771 3.684306 2.316627 18.787245 0.000004 -0.000002 10.751611 -0.479868 1.397903 0.000000 0.000001 -0.000002 3.273804 0.305947 -0.580110 21.486792 11.830363 2.266130 8.162916 0.000002 -0.000001 18.399052 -3.798978 -4.940567 0.000003 0.000000 -0.000002 7.641096 2.114717 8.654423 -0.014038 -0.569943 34.386078 -10.734052 -1.132703 -32.567394 1.618340 -1.787735 -2.707786 0.000000 0.000000 0.000002 -7.047671 -9.975341 15.128801 -0.024780 0.261236 28.757828 7.267048 -1.719623 -32.651058 -1.398517 0.744790 -3.568657 0.000000 0.000000 -0.000001 
1.275767 89.853195 26.604462 -0.015874 9.909979 -9.687226 -0.403683 0.284535 -5.959621 -0.336945 0.878482 -7.460513 0.858865 -1.194181 8.186439 1.131975 2.349930 26.375282 0.627782 2.291129 -3.131828 9.638292 -3.432856 18.197460 0.000077 -0.000023 0.000005 -0.088974 0.177613 -0.165818 0.796657 -3.535249 -10.520165 -0.991551 3.889275 -10.631047 -10.917861 -3.510652 11.750167 -63.313160 -6.386995 33.369778 1.147524 -16.020136 -0.299956 3.613408 -1.272633 -9.021184 -5.882102 9.861279 0.702590 -10.936858 -0.360574 7.156198 -0.000000 8.774814 -0.000002 -16.016138 18.478785 6.213238 -1.844030 2.498503 -2.507276 -10.163589 4.678941 4.621105 -20.975994 -0.000002 0.000004 -21.226254 2.451695 -3.593995 0.000002 -0.000006 -0.000001 -1.362680 2.240798 -0.746324 -21.334890 0.584912 3.008323 -13.821197 -0.000001 0.000003 -23.887125 -0.249074 -0.839482 -59.873367 3.050345 -1.312867 -0.294025 1.679685 0.833254 -14.218194 0.093215 1.300581 -34.211998 -0.287560 0.967169 -20.033180 0.964537 1.212840 0.000000 -0.000000 0.000001 -3.440385 0.788233 0.501655 -15.928169 -3.167305 2.999705 -6.338817 0.000000 0.000002 -18.123411 3.648178 -4.905663 -0.000005 -0.000000 -0.000003 11.099823 11.042282 13.273944 65.891411 -5.662373 23.817530 -0.240207 20.342876 -0.358058 -14.922460 7.688680 7.551526 2.243540 -5.255033 -3.180158 14.282875 -0.826594 6.952496 -0.000003 -12.690590 -0.000001 15.849149 -17.613213 2.357574 1.665664 -1.955920 -2.878297 4.727792 -4.170584 4.993917 11.020512 0.000002 -0.000002 12.109029 -3.735709 -2.866779 0.000000 -0.000000 0.000000 1.291983 -1.928548 -1.498086 14.800114 0.567467 3.865604 14.242551 -1.341734 -6.660651 19.631937 0.143926 -0.648243 48.944408 -1.380969 -6.933570 0.353028 -1.511149 -0.031941 20.222769 3.684307 2.316628 18.787245 0.000004 -0.000002 10.751610 -0.479867 1.397904 -0.000000 0.000000 -0.000002 3.273804 0.305947 -0.580111 21.486786 11.830363 2.266133 8.162916 0.000002 -0.000001 18.399048 -3.798979 -4.940566 0.000003 -0.000001 -0.000002 7.584767 1.244005 8.542936 0.009109 -0.616119 36.820625 -11.067271 -0.680817 -35.292076 1.637579 -1.788292 -2.938336 0.000000 -0.000001 0.000002 -7.147970 -10.179990 15.142964 -0.051791 0.378743 31.965792 7.442010 -2.630602 -34.932781 -1.397238 0.737527 -4.787138 -0.000000 0.000000 -0.000001 
1.364442 88.340202 28.635916 0.215441 10.968369 -9.351345 -0.640047 0.320082 -6.001467 -0.421474 0.836080 -7.497146 0.673153 -1.194658 8.108853 1.683624 1.986289 25.507206 0.588192 2.070514 -3.121778 9.569075 -3.719898 18.377224 0.000077 -0.000023 0.000006 -0.085064 0.169532 -0.179037 0.818902 -3.546801 -10.527370 -1.004789 3.883979 -10.636139 -10.373569 -3.810760 11.940867 -63.351887 -6.570280 34.894142 1.192262 -15.148601 -0.299511 3.133617 -1.304547 -8.870078 -5.882100 9.861278 0.702590 -10.936858 -0.360575 7.156195 0.000001 8.774815 -0.000001 -16.079981 18.476416 6.207277 -1.844031 2.498502 -2.507277 -10.163588 4.678937 4.621104 -20.975994 -0.000005 0.000005 -21.226255 2.451690 -3.593993 0.000002 -0.000007 -0.000000 -1.362680 2.240798 -0.746322 -21.334894 0.584907 3.008321 -13.821197 -0.000004 0.000003 -23.887133 -0.249081 -0.839480 -60.022503 3.038931 -1.240824 -0.294024 1.679685 0.833255 -14.218192 0.093212 1.300577 -34.212002 -0.287568 0.967169 -20.033178 0.964533 1.212842 0.000000 0.000000 0.000001 -3.440386 0.788231 0.501655 -15.928167 -3.167307 2.999703 -6.338817 -0.000001 0.000000 -18.123411 3.648176 -4.905662 -0.000005 -0.000000 -0.000002 10.726625 11.147257 13.113158 66.115448 -5.675230 23.604696 -0.368896 20.577751 -0.388811 -15.875637 8.248015 8.279848 2.243537 -5.255031 -3.180155 14.282877 -0.826593 6.952497 -0.000005 -12.690591 -0.000001 15.833964 -17.699730 2.382433 1.665666 -1.955919 -2.878295 4.727790 -4.170582 4.993919 11.020511 0.000003 -0.000002 12.109032 -3.735708 -2.866779 0.000000 0.000000 0.000000 1.291983 -1.928547 -1.498089 14.800114 0.567469 3.865605 14.242553 -1.341732 -6.660648 19.631939 0.143928 -0.648242 49.011009 -1.377586 -6.999104 0.353030 -1.511150 -0.031939 20.222767 3.684308 2.316628 18.787245 0.000005 -0.000002 10.751610 -0.479866 1.397904 0.000000 -0.000000 -0.000000 3.273804 0.305948 -0.580111 21.486790 11.830365 2.266129 8.162917 0.000001 0.000001 18.399055 -3.798977 -4.940566 0.000003 -0.000001 -0.000001 7.501921 0.291741 8.323465 0.016178 -0.668131 39.575005 -11.425600 -0.073603 -38.150124 1.668676 -1.796880 -3.382612 0.000000 0.000001 0.000002 -7.295908 -10.425301 14.393437 -0.057795 0.518720 37.297028 7.683671 -3.520533 -35.994396 -1.397735 0.722123 -6.788910 0.000000 0.000000 -0.000001 
1.442279 86.689407 30.705469 0.484662 12.076859 -9.014118 -0.901573 0.349745 -5.929517 -0.463674 0.880808 -7.543983 0.455752 -1.290285 8.107434 2.209571 1.645192 24.719246 0.547383 1.826884 -3.161117 9.337604 -4.073646 18.615797 0.000077 -0.000023 0.000006 -0.086563 0.190023 -0.203251 0.836856 -3.540329 -10.561994 -1.022464 3.907230 -10.683155 -9.758875 -4.158635 12.181816 -63.585724 -7.057257 36.479759 1.252671 -14.366388 -0.299947 2.585727 -1.239128 -8.495424 -5.882100 9.861279 0.702591 -10.936860 -0.360574 7.156196 0.000000 8.774814 -0.000003 -16.183964 18.554508 6.165408 -1.844032 2.498503 -2.507275 -10.163590 4.678938 4.621104 -20.975996 -0.000005 0.000003 -21.226255 2.451691 -3.593993 0.000001 -0.000006 -0.000001 -1.362679 2.240795 -0.746321 -21.334890 0.584908 3.008321 -13.821197 -0.000003 0.000003 -23.887133 -0.249079 -0.839482 -60.118858 2.937308 -1.331868 -0.294024 1.679687 0.833255 -14.218194 0.093214 1.300579 -34.211998 -0.287566 0.967169 -20.033180 0.964533 1.212843 0.000000 0.000001 0.000002 -3.440384 0.788231 0.501655 -15.928169 -3.167304 2.999704 -6.338817 -0.000002 -0.000002 -18.123415 3.648176 -4.905661 -0.000005 -0.000001 -0.000003 10.241030 11.239576 12.836590 66.438164 -5.543190 23.452480 -0.518092 20.808714 -0.444580 -16.843063 8.738311 8.890388 2.243540 -5.255033 -3.180155 14.282875 -0.826593 6.952495 -0.000002 -12.690592 0.000001 15.738669 -17.803904 2.446547 1.665666 -1.955919 -2.878296 4.727794 -4.170584 4.993921 11.020513 0.000002 -0.000002 12.109032 -3.735711 -2.866780 -0.000000 -0.000000 -0.000001 1.291983 -1.928547 -1.498088 14.800114 0.567466 3.865602 14.242551 -1.341734 -6.660647 19.631939 0.143927 -0.648245 49.132233 -1.425525 -7.035683 0.353027 -1.511149 -0.031941 20.222769 3.684306 2.316626 18.787247 0.000004 -0.000002 10.751611 -0.479869 1.397902 0.000000 -0.000001 0.000001 3.273803 0.305947 -0.580109 21.486788 11.830362 2.266129 8.162919 0.000002 0.000000 18.399054 -3.798979 -4.940569 0.000003 -0.000000 -0.000003 7.461318 -0.711810 8.185751 -0.010052 -0.680728 42.324741 -11.930903 0.909722 -41.102306 1.709694 -1.821394 -4.241396 0.000000 0.000000 0.000002 -7.513701 -10.856123 13.883801 -0.064521 0.739729 42.628288 7.889604 -4.318642 -36.156029 -1.398914 0.719545 -9.432023 -0.000000 -0.000000 -0.000001 
1.507936 84.920135 32.699192 0.797552 13.275297 -8.599634 -1.121898 0.395322 -5.802606 -0.529860 0.817206 -7.497412 0.250487 -1.252526 8.098674 2.701087 1.238097 23.840061 0.442664 1.445459 -3.180990 9.087964 -4.426011 18.889055 0.000077 -0.000022 0.000004 -0.074055 0.153858 -0.226036 0.861553 -3.575585 -10.567520 -1.018731 3.870017 -10.696927 -9.086276 -4.488001 12.393931 -63.967491 -7.908977 38.200233 1.191645 -13.820918 -0.286463 1.970558 -1.180466 -7.944760 -5.882101 9.861279 0.702590 -10.936859 -0.360575 7.156196 0.000001 8.774815 0.000000 -16.327127 18.555883 6.181569 -1.844031 2.498503 -2.507277 -10.163590 4.678940 4.621105 -20.975994 -0.000005 0.000003 -21.226255 2.451691 -3.593994 0.000001 -0.000006 -0.000001 -1.362680 2.240796 -0.746323 -21.334887 0.584906 3.008321 -13.821197 -0.000003 0.000003 -23.887129 -0.249080 -0.839481 -60.325573 2.905898 -1.249051 -0.294024 1.679686 0.833256 -14.218195 0.093214 1.300580 -34.212013 -0.287565 0.967170 -20.033178 0.964533 1.212841 0.000001 0.000002 0.000002 -3.440385 0.788232 0.501654 -15.928167 -3.167307 2.999703 -6.338816 -0.000001 0.000001 -18.123411 3.648176 -4.905660 -0.000005 -0.000001 -0.000003 9.664880 11.406968 12.638692 66.773254 -5.274539 23.167984 -0.625367 21.106453 -0.449012 -17.792595 9.067006 9.454583 2.243541 -5.255033 -3.180155 14.282878 -0.826594 6.952497 -0.000004 -12.690592 0.000001 15.656922 -17.948437 2.507177 1.665664 -1.955918 -2.878296 4.727794 -4.170584 4.993917 11.020513 0.000004 -0.000001 12.109034 -3.735709 -2.866777 0.000000 0.000000 0.000000 1.291984 -1.928547 -1.498089 14.800114 0.567469 3.865602 14.242551 -1.341733 -6.660649 19.631937 0.143926 -0.648243 49.253429 -1.401191 -7.069498 0.353029 -1.511151 -0.031939 20.222769 3.684307 2.316627 18.787245 0.000006 -0.000002 10.751611 -0.479867 1.397904 -0.000001 -0.000000 -0.000001 3.273804 0.305947 -0.580110 21.486792 11.830365 2.266129 8.162917 0.000004 0.000001 18.399052 -3.798978 -4.940567 0.000003 -0.000000 -0.000002 7.531530 -1.670108 7.255674 -0.029202 -0.729773 46.861855 -12.507835 1.435809 -42.473541 1.729834 -1.828031 -5.548174 -0.000000 -0.000001 0.000002 -7.746104 -11.356936 13.591867 -0.067077 0.885287 47.637901 8.049275 -4.982783 -35.670013 -1.400926 0.682940 -12.580557 -0.000000 -0.000000 -0.000001 
1.580120 83.028816 34.654709 1.135986 14.479169 -8.103580 -1.308293 0.407087 -5.590723 -0.578133 0.829072 -7.413213 0.052023 -1.228352 8.143884 3.177266 0.805830 22.860731 0.303679 1.008162 -3.205984 8.689135 -4.730484 18.954456 0.000077 -0.000022 0.000006 -0.064246 0.132491 -0.247311 0.876111 -3.594424 -10.593282 -1.010533 3.849560 -10.709521 -8.357224 -4.803059 12.579167 -64.496307 -9.082094 39.971424 1.051526 -13.758080 -0.273462 1.350462 -1.177078 -7.133293 -5.882101 9.861279 0.702591 -10.936859 -0.360575 7.156195 0.000000 8.774814 -0.000002 -16.417530 18.499735 6.154021 -1.844031 2.498503 -2.507276 -10.163589 4.678940 4.621103 -20.975994 -0.000004 0.000003 -21.226254 2.451691 -3.593993 0.000001 -0.000006 -0.000000 -1.362681 2.240796 -0.746320 -21.334890 0.584908 3.008320 -13.821198 -0.000004 0.000002 -23.887131 -0.249078 -0.839479 -60.402699 2.862454 -1.152217 -0.294024 1.679686 0.833257 -14.218192 0.093214 1.300581 -34.212006 -0.287564 0.967169 -20.033178 0.964534 1.212842 0.000000 0.000002 0.000001 -3.440386 0.788234 0.501655 -15.928169 -3.167307 2.999703 -6.338817 -0.000002 0.000000 -18.123415 3.648175 -4.905659 -0.000004 -0.000000 -0.000001 9.010312 11.678160 12.489008 67.141380 -4.919909 22.778133 -0.717615 21.500937 -0.444421 -18.710777 9.323929 9.880070 2.243538 -5.255033 -3.180155 14.282875 -0.826592 6.952498 -0.000003 -12.690591 0.000001 15.537635 -18.041973 2.539677 1.665665 -1.955920 -2.878297 4.727791 -4.170581 4.993918 11.020513 0.000003 -0.000001 12.109031 -3.735708 -2.866781 0.000000 -0.000000 0.000000 1.291985 -1.928547 -1.498088 14.800114 0.567469 3.865604 14.242553 -1.341733 -6.660649 19.631939 0.143927 -0.648242 49.321487 -1.375782 -7.079720 0.353028 -1.511149 -0.031940 20.222773 3.684306 2.316627 18.787245 0.000004 -0.000001 10.751610 -0.479867 1.397904 0.000000 0.000000 -0.000001 3.273805 0.305947 -0.580108 21.486792 11.830361 2.266132 8.162916 0.000003 0.000001 18.399052 -3.798978 -4.940566 0.000003 -0.000001 -0.000000 7.696924 -2.612699 6.173057 -0.072508 -0.783268 51.856186 -13.109897 1.710789 -42.911037 1.752728 -1.830797 -7.487209 0.000000 -0.000000 0.000002 -8.066927 -11.993247 13.571194 -0.049461 1.018079 52.261078 8.052296 -5.485537 -34.509304 -1.399577 0.644742 -15.954271 -0.000000 0.000000 -0.000001 
1.624130 80.936722 36.541485 1.459390 15.654650 -7.467200 -1.448617 0.468701 -5.293483 -0.622037 0.776492 -7.294509 -0.072366 -1.169299 8.207565 3.679561 0.412099 21.737068 0.093544 0.477626 -3.213464 8.140044 -4.996205 18.740507 0.000077 -0.000022 0.000005 -0.051491 0.106363 -0.243581 0.883974 -3.618465 -10.588205 -1.002010 3.817600 -10.715720 -7.561002 -5.142165 12.709629 -65.153351 -10.596136 41.852032 0.856062 -14.330293 -0.261979 0.810707 -1.255732 -6.001067 -5.882101 9.861277 0.702590 -10.936861 -0.360575 7.156197 0.000001 8.774814 -0.000001 -16.453827 18.399000 6.140629 -1.844031 2.498501 -2.507277 -10.163589 4.678939 4.621103 -20.975996 -0.000005 0.000003 -21.226254 2.451691 -3.593992 0.000002 -0.000006 -0.000001 -1.362680 2.240796 -0.746323 -21.334892 0.584908 3.008320 -13.821197 -0.000004 0.000002 -23.887131 -0.249079 -0.839479 -60.369473 2.778147 -1.015679 -0.294025 1.679686 0.833255 -14.218194 0.093215 1.300579 -34.212006 -0.287564 0.967171 -20.033180 0.964537 1.212845 0.000000 0.000001 0.000001 -3.440386 0.788231 0.501656 -15.928167 -3.167307 2.999702 -6.338816 -0.000002 0.000000 -18.123415 3.648175 -4.905660 -0.000005 -0.000001 -0.000002 8.297125 12.077778 12.346737 67.506065 -4.502915 22.256275 -0.756140 22.024366 -0.418667 -19.750055 9.593532 10.066985 2.243540 -5.255033 -3.180156 14.282879 -0.826594 6.952497 -0.000002 -12.690588 0.000000 15.445526 -18.161308 2.568781 1.665663 -1.955920 -2.878296 4.727796 -4.170583 4.993918 11.020512 0.000003 -0.000001 12.109031 -3.735709 -2.866778 -0.000000 -0.000000 -0.000001 1.291983 -1.928548 -1.498088 14.800113 0.567468 3.865604 14.242553 -1.341734 -6.660648 19.631939 0.143925 -0.648242 49.337997 -1.358542 -7.106562 0.353029 -1.511149 -0.031940 20.222773 3.684305 2.316628 18.787247 0.000005 -0.000001 10.751611 -0.479867 1.397903 -0.000000 -0.000000 0.000001 3.273804 0.305946 -0.580111 21.486797 11.830362 2.266133 8.162918 0.000002 -0.000000 18.399054 -3.798980 -4.940567 0.000003 -0.000001 -0.000001 8.062149 -3.480160 4.983604 -0.139821 -0.848233 57.015366 -13.723735 1.551085 -42.888618 1.772439 -1.824178 -9.951794 -0.000000 -0.000001 0.000002 -8.439366 -12.797152 13.677359 -0.023267 1.129782 56.630779 8.015705 -5.741046 -32.939693 -1.400717 0.619411 -19.111784 -0.000000 0.000000 -0.000001 
1.629071 78.676567 38.337933 1.749813 16.815695 -6.608104 -1.546395 0.452241 -4.970618 -0.637476 0.784337 -7.138252 -0.100360 -1.148438 8.299472 4.163584 0.040459 20.405104 -0.155547 -0.048481 -3.226341 7.501527 -5.258824 18.266724 0.000077 -0.000022 0.000004 -0.039780 0.067666 -0.234511 0.891131 -3.654830 -10.590274 -0.987817 3.781203 -10.718621 -6.696714 -5.520111 12.810617 -65.912117 -12.592927 43.930248 0.634715 -15.558036 -0.243674 0.346646 -1.421936 -4.545999 -5.882100 9.861278 0.702590 -10.936858 -0.360576 7.156197 0.000001 8.774814 -0.000001 -16.505123 18.259800 6.086520 -1.844030 2.498502 -2.507277 -10.163589 4.678938 4.621105 -20.975996 -0.000005 0.000001 -21.226250 2.451691 -3.593994 0.000000 -0.000006 0.000001 -1.362679 2.240795 -0.746321 -21.334887 0.584907 3.008319 -13.821197 -0.000005 0.000001 -23.887133 -0.249080 -0.839479 -60.298622 2.689092 -0.872193 -0.294024 1.679686 0.833256 -14.218194 0.093214 1.300578 -34.211998 -0.287566 0.967169 -20.033180 0.964534 1.212843 0.000000 0.000002 0.000002 -3.440386 0.788232 0.501657 -15.928169 -3.167307 2.999703 -6.338817 -0.000003 0.000001 -18.123415 3.648175 -4.905663 -0.000004 -0.000000 -0.000003 7.551658 12.617834 12.223280 67.800034 -4.046154 21.583820 -0.825974 22.744221 -0.392834 -20.869635 9.915782 10.091212 2.243541 -5.255033 -3.180156 14.282877 -0.826593 6.952496 -0.000002 -12.690587 -0.000001 15.354508 -18.250433 2.596756 1.665665 -1.955920 -2.878296 4.727793 -4.170582 4.993918 11.020509 0.000003 -0.000001 12.109031 -3.735710 -2.866778 -0.000000 0.000000 0.000001 1.291984 -1.928548 -1.498087 14.800111 0.567468 3.865601 14.242553 -1.341735 -6.660648 19.631939 0.143924 -0.648242 49.363163 -1.348054 -7.084527 0.353027 -1.511149 -0.031941 20.222767 3.684306 2.316629 18.787245 0.000004 0.000001 10.751610 -0.479868 1.397904 -0.000000 -0.000000 -0.000001 3.273804 0.305947 -0.580112 21.486792 11.830361 2.266131 8.162916 0.000002 0.000001 18.399054 -3.798980 -4.940566 0.000003 -0.000001 -0.000000 8.592171 -4.389306 3.659300 -0.232936 -0.916209 62.146591 -14.270831 1.164766 -42.474445 1.792838 -1.810292 -12.736169 -0.000000 0.000000 0.000002 -8.812937 -13.792344 13.802412 0.018220 1.245003 60.742638 7.935532 -5.696155 -30.787718 -1.397190 0.599089 -21.989491 -0.000000 -0.000000 -0.000001 
1.623918 76.233650 40.232658 1.989066 17.921043 -5.548122 -1.592468 0.412099 -4.618679 -0.641349 0.779314 -6.933183 -0.004947 -1.157150 8.390909 4.630955 -0.311118 18.791815 -0.404740 -0.551677 -3.240794 6.780196 -5.480586 17.542744 0.000076 -0.000022 0.000004 -0.030613 0.030782 -0.243165 0.907186 -3.686415 -10.580589 -0.972476 3.748374 -10.726669 -5.706164 -5.989977 12.952707 -66.739525 -15.185678 46.065174 0.360104 -17.559109 -0.203666 -0.082304 -1.651912 -2.524211 -5.882101 9.861278 0.702589 -10.936858 -0.360574 7.156197 -0.000000 8.774812 -0.000000 -16.505497 18.080914 6.059792 -1.844031 2.498502 -2.507275 -10.163590 4.678940 4.621105 -20.975992 -0.000003 0.000002 -21.226246 2.451693 -3.593994 0.000001 -0.000006 -0.000000 -1.362680 2.240796 -0.746322 -21.334892 0.584909 3.008321 -13.821192 -0.000002 0.000002 -23.887125 -0.249077 -0.839482 -60.155514 2.620988 -0.711592 -0.294025 1.679684 0.833258 -14.218190 0.093214 1.300582 -34.211998 -0.287563 0.967170 -20.033176 0.964536 1.212841 -0.000002 0.000000 0.000001 -3.440385 0.788232 0.501658 -15.928165 -3.167305 2.999703 -6.338815 -0.000001 0.000000 -18.123411 3.648175 -4.905662 -0.000005 -0.000000 -0.000002 6.780933 13.284001 12.132699 67.958870 -3.536255 20.726881 -0.846729 23.773615 -0.338367 -22.138243 10.245427 10.350150 2.243538 -5.255032 -3.180156 14.282875 -0.826593 6.952497 -0.000003 -12.690587 -0.000001 15.319685 -18.348345 2.626119 1.665664 -1.955921 -2.878296 4.727792 -4.170582 4.993918 11.020510 0.000003 -0.000001 12.109030 -3.735709 -2.866779 0.000000 0.000000 0.000000 1.291985 -1.928548 -1.498089 14.800113 0.567469 3.865605 14.242553 -1.341734 -6.660650 19.631939 0.143926 -0.648243 49.388172 -1.360412 -7.033889 0.353029 -1.511150 -0.031940 20.222771 3.684306 2.316629 18.787245 0.000005 -0.000001 10.751611 -0.479869 1.397903 0.000000 0.000001 0.000000 3.273803 0.305947 -0.580111 21.486790 11.830360 2.266134 8.162916 0.000003 0.000000 18.399052 -3.798978 -4.940566 0.000002 -0.000001 -0.000001 9.300196 -5.337086 2.535251 -0.322691 -0.996204 66.882370 -14.744040 0.630738 -41.846912 1.815956 -1.795158 -15.784762 -0.000000 0.000000 0.000002 -9.147898 -14.880208 14.195509 0.062493 1.352263 64.396889 7.748859 -5.067748 -27.665558 -1.398903 0.595546 -24.797955 -0.000000 -0.000000 -0.000002 
1.557061 73.662392 42.196766 2.097663 18.979086 -4.356486 -1.570996 0.361528 -4.244524 -0.636452 0.692557 -6.716153 0.267347 -1.141711 8.518434 5.140509 -0.603346 16.902267 -0.630507 -1.020081 -3.241187 6.011790 -5.744837 16.637423 0.000077 -0.000023 0.000005 -0.017031 0.020687 -0.220407 0.913441 -3.707742 -10.579165 -0.964427 3.739300 -10.727284 -4.562664 -6.579750 13.104053 -67.568222 -18.301056 47.630344 0.100706 -20.496737 -0.143215 -0.275917 -1.936159 -0.342482 -5.882100 9.861278 0.702590 -10.936857 -0.360575 7.156197 0.000001 8.774813 0.000001 -16.459251 17.937675 6.022006 -1.844030 2.498503 -2.507275 -10.163589 4.678938 4.621105 -20.975996 -0.000004 0.000003 -21.226255 2.451692 -3.593992 0.000001 -0.000005 -0.000001 -1.362680 2.240796 -0.746321 -21.334888 0.584908 3.008322 -13.821197 -0.000002 0.000001 -23.887133 -0.249077 -0.839479 -60.144047 2.529159 -0.578756 -0.294025 1.679686 0.833256 -14.218192 0.093214 1.300579 -34.212002 -0.287563 0.967171 -20.033176 0.964534 1.212844 -0.000001 -0.000001 0.000001 -3.440385 0.788232 0.501656 -15.928164 -3.167305 2.999706 -6.338814 -0.000001 0.000000 -18.123411 3.648176 -4.905661 -0.000005 -0.000001 0.000000 6.045716 14.077777 12.053882 67.992111 -3.096761 19.504780 -0.764694 25.202868 -0.268193 -23.559935 10.768236 10.784904 2.243538 -5.255033 -3.180156 14.282873 -0.826593 6.952495 -0.000003 -12.690591 0.000002 15.350557 -18.473412 2.660915 1.665666 -1.955920 -2.878296 4.727793 -4.170582 4.993919 11.020512 0.000003 -0.000001 12.109030 -3.735709 -2.866779 -0.000000 0.000000 0.000000 1.291984 -1.928547 -1.498087 14.800111 0.567468 3.865604 14.242553 -1.341734 -6.660649 19.631939 0.143927 -0.648242 49.442585 -1.338950 -6.999546 0.353028 -1.511150 -0.031942 20.222769 3.684306 2.316628 18.787243 0.000005 -0.000001 10.751610 -0.479868 1.397904 0.000000 0.000000 0.000001 3.273804 0.305947 -0.580111 21.486788 11.830362 2.266128 8.162916 0.000003 0.000001 18.399050 -3.798980 -4.940567 0.000003 -0.000000 -0.000000 10.267228 -6.404295 1.658707 -0.402119 -1.077174 71.090027 -15.224585 -0.012609 -41.045532 1.844909 -1.782058 -19.039228 0.000000 -0.000000 0.000002 -9.279225 -16.067875 14.877259 0.108683 1.484930 67.502480 7.405348 -3.565473 -23.716965 -1.406683 0.595431 -27.366215 -0.000000 0.000000 -0.000001 
1.420577 71.023758 44.283642 2.068507 20.059074 -3.051615 -1.451234 0.157815 -3.884723 -0.582593 0.760902 -6.473151 0.612324 -1.228823 8.648739 5.660398 -0.758277 14.651021 -0.845074 -1.649313 -3.249188 5.192459 -5.995750 15.579891 0.000077 -0.000023 0.000005 -0.025212 0.021507 -0.205967 0.916906 -3.705406 -10.590107 -0.985617 3.743415 -10.756035 -3.248306 -7.267972 13.069359 -68.352531 -21.842813 48.919945 -0.033588 -24.262693 -0.098088 -0.111405 -2.168930 1.335993 -5.882101 9.861278 0.702591 -10.936859 -0.360574 7.156197 0.000001 8.774813 -0.000002 -16.195721 17.839424 6.078154 -1.844032 2.498502 -2.507277 -10.163589 4.678939 4.621104 -20.975994 -0.000004 0.000002 -21.226254 2.451692 -3.593990 0.000000 -0.000007 -0.000002 -1.362682 2.240796 -0.746324 -21.334896 0.584909 3.008320 -13.821197 -0.000003 0.000002 -23.887129 -0.249079 -0.839481 -60.042400 2.384792 -0.332139 -0.294023 1.679686 0.833255 -14.218192 0.093213 1.300578 -34.212006 -0.287565 0.967170 -20.033180 0.964537 1.212841 -0.000001 -0.000000 0.000002 -3.440386 0.788231 0.501658 -15.928165 -3.167307 2.999703 -6.338818 -0.000001 0.000000 -18.123411 3.648175 -4.905661 -0.000004 0.000001 -0.000001 5.260551 14.811378 11.906304 67.982170 -2.563420 17.858362 -0.456131 26.874786 -0.152188 -25.149908 11.730255 10.997140 2.243540 -5.255033 -3.180155 14.282877 -0.826594 6.952496 -0.000001 -12.690592 -0.000000 15.339167 -18.611000 2.653904 1.665667 -1.955920 -2.878297 4.727792 -4.170583 4.993919 11.020510 0.000004 -0.000001 12.109031 -3.735709 -2.866780 -0.000000 0.000000 0.000001 1.291986 -1.928548 -1.498088 14.800107 0.567468 3.865603 14.242553 -1.341735 -6.660649 19.631939 0.143927 -0.648243 49.370594 -1.351929 -7.032547 0.353028 -1.511149 -0.031940 20.222769 3.684306 2.316628 18.787247 0.000003 -0.000001 10.751613 -0.479868 1.397904 0.000000 -0.000001 -0.000000 3.273804 0.305946 -0.580109 21.486794 11.830362 2.266131 8.162916 0.000002 -0.000000 18.399052 -3.798981 -4.940567 0.000003 -0.000001 -0.000000 11.484757 -7.643191 1.108293 -0.464955 -1.180925 74.522774 -15.724046 -0.657281 -40.258121 1.881521 -1.810371 -22.776369 0.000000 0.000000 0.000001 -9.570274 -17.065210 11.699487 0.163669 1.681693 74.457581 7.523142 -1.276584 -22.113590 -1.426746 0.594850 -30.359507 -0.000000 0.000000 -0.000002 
1.208385 68.187317 46.579594 2.004235 21.049538 -1.553662 -1.340712 -0.018513 -3.506840 -0.533004 0.642682 -6.297903 1.069186 -1.267116 8.827084 6.268115 -0.782530 12.143869 -1.015141 -2.200580 -3.250882 4.361405 -6.298058 14.413317 0.000077 -0.000023 0.000005 -0.025562 0.013510 -0.202234 0.925405 -3.727881 -10.633191 -0.985533 3.744246 -10.797453 -1.994752 -7.983850 13.077872 -68.587967 -25.819479 49.044262 -0.107989 -28.884035 -0.037110 0.644379 -2.259341 2.938489 -5.882101 9.861278 0.702591 -10.936858 -0.360575 7.156196 0.000000 8.774813 0.000000 -16.030308 17.898489 6.179833 -1.844031 2.498503 -2.507275 -10.163589 4.678939 4.621105 -20.975992 -0.000004 0.000003 -21.226248 2.451692 -3.593992 -0.000001 -0.000006 0.000001 -1.362681 2.240797 -0.746323 -21.334887 0.584908 3.008318 -13.821197 -0.000002 0.000004 -23.887131 -0.249078 -0.839479 -60.005054 2.355815 -0.313112 -0.294023 1.679684 0.833256 -14.218192 0.093214 1.300580 -34.212002 -0.287565 0.967169 -20.033178 0.964535 1.212841 0.000002 0.000001 0.000001 -3.440385 0.788234 0.501656 -15.928165 -3.167306 2.999704 -6.338818 -0.000002 0.000002 -18.123415 3.648176 -4.905663 -0.000005 -0.000001 0.000000 4.585346 15.679576 11.665986 67.850662 -2.026139 15.986434 -0.250387 28.961159 -0.033314 -26.747124 12.680422 10.892651 2.243539 -5.255033 -3.180155 14.282875 -0.826593 6.952495 -0.000003 -12.690590 0.000001 15.443899 -18.670168 2.625447 1.665665 -1.955919 -2.878298 4.727792 -4.170582 4.993918 11.020513 0.000003 -0.000001 12.109033 -3.735709 -2.866780 -0.000000 -0.000000 0.000002 1.291986 -1.928548 -1.498087 14.800109 0.567469 3.865602 14.242554 -1.341734 -6.660650 19.631939 0.143927 -0.648244 49.372662 -1.245657 -6.958740 0.353029 -1.511149 -0.031941 20.222767 3.684307 2.316627 18.787245 0.000004 -0.000001 10.751610 -0.479867 1.397904 -0.000000 0.000000 -0.000000 3.273806 0.305947 -0.580111 21.486794 11.830363 2.266130 8.162916 0.000002 -0.000001 18.399052 -3.798978 -4.940567 0.000003 0.000002 -0.000000 12.982145 -8.838264 0.905129 -0.541313 -1.327549 77.279335 -16.088337 -1.161532 -39.467865 1.907758 -1.806485 -26.019175 -0.000000 -0.000001 0.000001 -9.630219 -18.007355 6.711949 0.200748 1.881001 83.383965 7.416169 1.008247 -22.209599 -1.416200 0.585615 -32.076126 0.000000 -0.000000 -0.000003 
0.961985 65.119400 49.080971 1.990303 21.892086 0.238955 -1.185062 -0.280663 -3.150125 -0.430102 0.568612 -6.132734 1.510621 -1.291872 8.958932 6.763973 -0.646565 9.435098 -1.109382 -2.782670 -3.248674 3.467475 -6.415120 13.138897 0.000076 -0.000022 0.000005 -0.015296 -0.010016 -0.191675 0.941345 -3.755221 -10.641971 -0.980037 3.729828 -10.805198 -0.925148 -8.655764 12.948064 -68.304802 -29.965948 48.293068 0.048261 -33.951214 -0.029125 1.838203 -1.762824 4.265455 -5.882099 9.861279 0.702590 -10.936860 -0.360576 7.156197 0.000001 8.774813 -0.000001 -15.834289 17.986832 6.263310 -1.844032 2.498503 -2.507275 -10.163591 4.678939 4.621105 -20.975994 -0.000002 0.000001 -21.226255 2.451693 -3.593994 0.000000 -0.000006 -0.000001 -1.362681 2.240795 -0.746323 -21.334890 0.584908 3.008321 -13.821197 -0.000003 0.000003 -23.887133 -0.249079 -0.839482 -59.862587 2.340661 -0.442262 -0.294024 1.679685 0.833255 -14.218195 0.093215 1.300578 -34.212002 -0.287563 0.967170 -20.033176 0.964534 1.212841 0.000001 0.000001 0.000000 -3.440386 0.788233 0.501656 -15.928169 -3.167305 2.999704 -6.338818 -0.000000 0.000003 -18.123415 3.648176 -4.905661 -0.000004 -0.000000 -0.000002 3.843750 16.639559 11.299662 67.627426 -1.161757 13.757107 -0.034542 31.030777 0.108656 -28.360788 13.539864 10.472999 2.243537 -5.255033 -3.180155 14.282877 -0.826595 6.952495 -0.000004 -12.690592 0.000002 15.478731 -18.643467 2.651618 1.665664 -1.955919 -2.878297 4.727795 -4.170585 4.993918 11.020510 0.000004 -0.000002 12.109033 -3.735710 -2.866780 0.000002 0.000000 -0.000001 1.291985 -1.928547 -1.498088 14.800111 0.567468 3.865602 14.242554 -1.341734 -6.660648 19.631937 0.143926 -0.648244 49.344719 -1.131820 -6.785852 0.353028 -1.511149 -0.031939 20.222769 3.684305 2.316627 18.787245 0.000005 -0.000002 10.751611 -0.479868 1.397903 0.000000 0.000000 0.000000 3.273807 0.305946 -0.580110 21.486790 11.830361 2.266128 8.162916 0.000002 -0.000001 18.399054 -3.798980 -4.940567 0.000003 0.000000 -0.000001 14.567113 -9.981338 1.022487 -0.639700 -1.519319 79.371979 -16.387821 -1.595687 -38.701813 1.944296 -1.788367 -29.319235 -0.000000 0.000000 0.000002 -9.582355 -18.951336 2.010987 0.270752 2.061767 91.968216 7.274755 3.340370 -23.201595 -1.394619 0.576374 -33.330704 0.000000 -0.000000 -0.000003 
0.813833 61.788143 51.814205 1.968323 22.353941 2.384905 -0.907678 -0.553852 -2.789617 -0.311434 0.255306 -5.994104 2.203690 -1.077188 9.086069 6.862810 -0.328738 6.439533 -1.193535 -3.178188 -3.229086 2.566249 -6.509633 11.744219 0.000077 -0.000022 0.000005 0.015772 -0.077049 -0.196745 0.955022 -3.836966 -10.685418 -0.932770 3.680321 -10.846828 -0.263633 -9.281122 12.883225 -67.288315 -34.321091 46.152027 0.334955 -39.168526 -0.076622 3.074611 -0.897061 6.030426 -5.882102 9.861281 0.702589 -10.936858 -0.360574 7.156198 -0.000000 8.774814 -0.000001 -15.840029 17.964342 6.199017 -1.844032 2.498503 -2.507275 -10.163590 4.678940 4.621105 -20.975996 -0.000003 0.000003 -21.226248 2.451692 -3.593995 -0.000001 -0.000006 0.000000 -1.362680 2.240799 -0.746322 -21.334887 0.584909 3.008322 -13.821197 -0.000003 0.000002 -23.887131 -0.249079 -0.839480 -59.558762 2.399071 -0.786530 -0.294026 1.679687 0.833256 -14.218192 0.093215 1.300578 -34.211998 -0.287564 0.967170 -20.033180 0.964536 1.212842 0.000001 -0.000000 0.000000 -3.440385 0.788234 0.501655 -15.928169 -3.167307 2.999704 -6.338818 -0.000001 0.000002 -18.123415 3.648177 -4.905662 -0.000004 -0.000000 -0.000003 3.117024 17.873037 10.904519 66.876480 0.189843 10.532482 0.349079 32.983227 0.357278 -29.533470 14.369980 10.681265 2.243541 -5.255032 -3.180156 14.282878 -0.826593 6.952495 -0.000001 -12.690591 0.000002 15.648928 -18.567869 2.676345 1.665667 -1.955920 -2.878297 4.727794 -4.170585 4.993918 11.020510 0.000002 -0.000001 12.109034 -3.735710 -2.866779 0.000001 0.000000 0.000000 1.291985 -1.928547 -1.498088 14.800111 0.567467 3.865602 14.242551 -1.341735 -6.660648 19.631939 0.143927 -0.648244 49.490017 -1.063530 -6.642302 0.353028 -1.511149 -0.031941 20.222767 3.684305 2.316628 18.787247 0.000005 -0.000000 10.751610 -0.479869 1.397904 -0.000000 -0.000001 0.000000 3.273803 0.305947 -0.580111 21.486790 11.830361 2.266128 8.162919 0.000001 0.000000 18.399052 -3.798979 -4.940567 0.000003 0.000000 0.000000 14.088275 -8.823753 -8.495097 -0.687344 -1.728530 92.030479 -14.927818 -0.332950 -39.640327 1.975897 -1.758952 -32.235962 0.000000 -0.000000 0.000002 -9.344763 -19.955122 -0.691696 0.286974 2.193780 97.879463 6.812399 5.441442 -25.269182 -1.367504 0.607343 -32.622448 0.000000 0.000000 -0.000003 
0.665450 58.665508 54.598351 2.123784 22.090797 5.121132 -0.403666 -0.772675 -2.510152 -0.087166 0.303633 -5.716995 2.685292 -0.890858 9.167566 6.448424 0.366806 3.256367 -1.122775 -3.286063 -3.351003 1.744674 -6.444860 10.248903 0.000077 -0.000022 0.000003 0.001952 -0.018427 -0.205706 0.934824 -3.765235 -10.640991 -0.938762 3.719225 -10.778779 0.336687 -9.324759 12.422866 -66.188538 -38.305466 43.240955 0.739706 -44.221195 -0.311242 4.739445 0.267605 8.016479 -5.882098 9.861278 0.702589 -10.936860 -0.360575 7.156199 -0.000000 8.774814 -0.000001 -15.695809 18.123703 6.216870 -1.844032 2.498503 -2.507277 -10.163589 4.678940 4.621104 -20.975992 -0.000004 0.000006 -21.226248 2.451694 -3.593993 -0.000000 -0.000006 0.000001 -1.362680 2.240796 -0.746323 -21.334887 0.584907 3.008323 -13.821197 -0.000002 0.000004 -23.887131 -0.249077 -0.839478 -59.457375 2.464219 -1.058418 -0.294024 1.679687 0.833255 -14.218190 0.093214 1.300580 -34.211998 -0.287564 0.967174 -20.033180 0.964536 1.212843 -0.000001 -0.000000 -0.000000 -3.440385 0.788232 0.501656 -15.928167 -3.167309 2.999705 -6.338817 -0.000000 0.000002 -18.123411 3.648176 -4.905661 -0.000004 -0.000000 -0.000002 2.092058 19.437302 10.399021 65.785362 2.201513 8.039721 0.222275 34.353813 0.265507 -30.977993 14.916207 9.596793 2.243539 -5.255032 -3.180156 14.282877 -0.826592 6.952497 -0.000003 -12.690592 -0.000000 15.525474 -18.639393 2.823738 1.665665 -1.955920 -2.878297 4.727793 -4.170582 4.993920 11.020511 0.000003 -0.000000 12.109030 -3.735710 -2.866780 0.000002 0.000000 0.000001 1.291983 -1.928547 -1.498087 14.800111 0.567468 3.865605 14.242551 -1.341734 -6.660649 19.631935 0.143926 -0.648241 49.318748 -0.920891 -6.487550 0.353030 -1.511149 -0.031941 20.222765 3.684308 2.316629 18.787241 0.000005 0.000002 10.751609 -0.479867 1.397905 -0.000000 0.000000 -0.000000 3.273802 0.305947 -0.580109 21.486788 11.830362 2.266135 8.162914 0.000002 0.000002 18.399050 -3.798980 -4.940564 0.000003 -0.000001 -0.000000 12.972908 -7.164735 -17.848986 -0.810552 -1.884534 104.314827 -12.736335 0.129851 -40.575195 2.054393 -1.721556 -35.218357 0.000000 0.000001 0.000003 -9.094007 -20.659300 0.806183 0.348694 2.390561 98.457031 5.825670 6.485910 -28.790735 -1.335006 0.584369 -33.356281 0.000000 0.000000 -0.000004 
0.706752 55.715706 57.295204 2.214032 20.954271 8.387437 0.506467 -0.958806 -2.082196 0.170113 0.509301 -5.442062 3.388199 -0.478293 9.441175 5.219615 1.496336 -0.727288 -1.143886 -3.414769 -3.433029 0.866673 -6.186053 8.400358 0.000077 -0.000022 0.000006 0.015313 -0.016304 -0.216934 0.943910 -3.773046 -10.682571 -0.917702 3.722201 -10.837760 0.478212 -9.074290 11.652575 -64.399269 -41.971161 39.374851 1.271737 -49.663742 -0.738355 6.916937 1.872183 10.385880 -5.882102 9.861278 0.702592 -10.936859 -0.360575 7.156199 0.000001 8.774813 -0.000000 -15.662701 18.161943 6.256108 -1.844029 2.498502 -2.507277 -10.163590 4.678941 4.621104 -20.975994 -0.000002 0.000004 -21.226250 2.451694 -3.593992 0.000000 -0.000005 0.000001 -1.362681 2.240797 -0.746322 -21.334890 0.584909 3.008322 -13.821195 -0.000000 0.000004 -23.887131 -0.249076 -0.839481 -59.338795 2.568405 -1.142078 -0.294026 1.679687 0.833254 -14.218194 0.093215 1.300580 -34.212006 -0.287561 0.967171 -20.033176 0.964538 1.212842 0.000000 0.000000 0.000001 -3.440384 0.788233 0.501656 -15.928169 -3.167304 2.999707 -6.338817 0.000000 0.000002 -18.123415 3.648176 -4.905661 -0.000003 -0.000000 -0.000002 0.604888 21.371431 9.768540 63.624451 4.932122 4.946415 0.474351 35.406876 0.129505 -32.189720 15.508405 8.979436 2.243541 -5.255032 -3.180156 14.282875 -0.826594 6.952495 -0.000005 -12.690590 0.000003 15.427262 -18.747778 2.903412 1.665665 -1.955920 -2.878297 4.727792 -4.170583 4.993919 11.020513 0.000002 -0.000001 12.109034 -3.735710 -2.866781 0.000001 -0.000001 0.000001 1.291984 -1.928548 -1.498087 14.800113 0.567467 3.865602 14.242553 -1.341734 -6.660650 19.631939 0.143925 -0.648244 49.174797 -1.009248 -6.487149 0.353028 -1.511148 -0.031939 20.222769 3.684306 2.316628 18.787245 0.000005 -0.000001 10.751611 -0.479868 1.397904 0.000000 0.000001 0.000000 3.273802 0.305947 -0.580109 21.486792 11.830365 2.266129 8.162916 0.000002 -0.000000 18.399052 -3.798981 -4.940567 0.000003 0.000000 -0.000001 14.109138 -6.234550 -16.810564 -0.924376 -2.270705 105.184380 -12.136597 -1.610462 -39.974545 2.145237 -1.695490 -39.150768 0.000001 -0.000001 0.000003 -9.265533 -21.043406 0.882529 0.529191 2.861322 99.343399 4.991005 7.874685 -31.110741 -1.292170 0.596615 -33.019829 -0.000000 0.000000 -0.000004 
0.964399 52.846588 59.717224 2.130688 18.668634 12.087718 1.711341 -0.946647 -1.258200 0.521310 0.637112 -5.103586 4.269546 0.257670 10.080863 3.045362 2.783464 -5.732399 -1.130883 -3.071219 -3.467550 0.038435 -5.883619 5.815670 0.000077 -0.000022 0.000005 0.042176 -0.077548 -0.237154 0.932139 -3.865796 -10.798524 -0.857633 3.700393 -10.945782 0.441917 -8.554008 10.638196 -61.619682 -45.042385 33.753082 2.035869 -55.810913 -1.346187 8.896395 3.952667 13.206767 -5.882101 9.861278 0.702589 -10.936858 -0.360575 7.156197 0.000001 8.774813 -0.000001 -15.904513 18.134220 6.148085 -1.844031 2.498502 -2.507276 -10.163590 4.678941 4.621104 -20.975994 -0.000004 0.000003 -21.226250 2.451692 -3.593995 0.000000 -0.000006 -0.000000 -1.362680 2.240796 -0.746322 -21.334890 0.584909 3.008320 -13.821197 -0.000002 0.000002 -23.887131 -0.249079 -0.839481 -59.125023 2.776106 -1.437056 -0.294025 1.679686 0.833255 -14.218194 0.093214 1.300579 -34.212006 -0.287565 0.967167 -20.033180 0.964535 1.212840 0.000000 0.000001 0.000000 -3.440385 0.788233 0.501656 -15.928169 -3.167307 2.999703 -6.338818 -0.000000 0.000000 -18.123415 3.648176 -4.905662 -0.000005 -0.000002 -0.000001 -1.624069 23.892677 8.888225 60.413757 8.067442 0.780611 1.057608 36.948116 0.287279 -33.263683 15.858809 8.329195 2.243540 -5.255033 -3.180154 14.282875 -0.826595 6.952496 -0.000001 -12.690592 0.000001 15.701472 -18.719625 2.813645 1.665664 -1.955920 -2.878298 4.727795 -4.170582 4.993918 11.020512 0.000003 0.000000 12.109030 -3.735710 -2.866779 -0.000000 -0.000001 0.000001 1.291984 -1.928547 -1.498088 14.800111 0.567467 3.865602 14.242553 -1.341736 -6.660648 19.631939 0.143927 -0.648242 49.194855 -1.048756 -6.483707 0.353028 -1.511149 -0.031941 20.222769 3.684304 2.316628 18.787247 0.000003 -0.000001 10.751611 -0.479868 1.397903 -0.000000 -0.000001 0.000000 3.273803 0.305947 -0.580110 21.486788 11.830363 2.266130 8.162916 0.000001 0.000001 18.399052 -3.798981 -4.940567 0.000003 -0.000000 -0.000001 14.945527 -4.783453 -17.517059 -0.926046 -2.634135 107.166199 -11.696139 -3.589381 -39.312435 2.213160 -1.640607 -42.653812 0.000000 -0.000000 0.000003 -9.699858 -20.807032 -0.830563 0.660746 3.281909 101.215881 4.149600 8.584208 -32.071766 -1.262624 0.675141 -30.613008 0.000000 -0.000000 -0.000003 
1.194622 49.779274 61.827057 1.948606 15.661088 16.514980 2.953784 -0.694968 -0.081706 0.978226 0.855734 -4.636673 4.776830 1.038088 10.935227 0.352935 3.976006 -11.236307 -0.767296 -2.655230 -3.556207 -0.761595 -5.254889 2.446154 0.000077 -0.000023 0.000006 0.038855 -0.050769 -0.238989 0.895797 -3.833139 -10.794307 -0.818101 3.724243 -10.918438 0.594393 -7.829904 9.429274 -57.872543 -47.726753 26.709566 2.556737 -62.204388 -1.863437 11.212746 5.774961 15.469212 -5.882102 9.861278 0.702589 -10.936859 -0.360574 7.156198 -0.000003 8.774814 -0.000001 -15.871106 18.429585 6.157643 -1.844030 2.498503 -2.507276 -10.163590 4.678941 4.621102 -20.975996 -0.000005 0.000000 -21.226254 2.451692 -3.593995 -0.000000 -0.000004 0.000001 -1.362680 2.240797 -0.746323 -21.334887 0.584907 3.008319 -13.821197 -0.000003 0.000001 -23.887131 -0.249080 -0.839483 -59.261253 2.878213 -1.900614 -0.294024 1.679687 0.833256 -14.218190 0.093213 1.300578 -34.212006 -0.287564 0.967166 -20.033178 0.964535 1.212840 -0.000000 0.000002 -0.000000 -3.440384 0.788232 0.501655 -15.928164 -3.167306 2.999702 -6.338817 -0.000000 0.000001 -18.123411 3.648176 -4.905663 -0.000005 0.000000 -0.000001 -4.574441 26.511864 7.736438 56.409779 11.616250 -3.129472 0.960986 39.204971 0.114696 -35.632809 16.084175 6.372069 2.243540 -5.255033 -3.180155 14.282875 -0.826591 6.952496 -0.000002 -12.690590 0.000002 15.883505 -18.828840 2.799993 1.665665 -1.955921 -2.878297 4.727797 -4.170584 4.993919 11.020510 0.000004 -0.000002 12.109028 -3.735707 -2.866780 -0.000001 0.000000 0.000000 1.291985 -1.928547 -1.498089 14.800111 0.567468 3.865601 14.242553 -1.341732 -6.660650 19.631939 0.143928 -0.648245 49.430256 -0.659041 -6.244572 0.353028 -1.511149 -0.031940 20.222769 3.684308 2.316625 18.787245 0.000007 -0.000001 10.751610 -0.479868 1.397903 -0.000001 0.000001 -0.000000 3.273805 0.305946 -0.580111 21.486790 11.830363 2.266128 8.162916 0.000002 0.000000 18.399050 -3.798978 -4.940567 0.000003 -0.000002 -0.000001 15.659266 -2.640710 -19.563808 -1.020342 -2.967677 109.828133 -10.013339 -6.715947 -38.594437 2.336515 -1.571037 -45.714527 -0.000000 -0.000000 0.000003 -10.060490 -20.075552 -4.213761 0.794140 3.516897 104.056534 3.519799 7.938633 -31.851274 -1.267272 0.692850 -29.583662 0.000000 -0.000000 -0.000001 
1.245498 46.821590 63.465942 1.602373 12.615070 21.642223 3.953500 -0.319986 1.391984 1.529219 1.116842 -4.175133 5.181278 1.816799 12.165114 -2.784294 4.457644 -17.533382 -0.474984 -1.961014 -3.601429 -1.187660 -4.831285 -1.667028 0.000077 -0.000023 0.000006 0.063334 -0.031607 -0.224766 0.864733 -3.815192 -10.901172 -0.737413 3.746077 -11.029291 0.227663 -7.900337 8.143078 -50.969727 -50.122406 16.731667 0.968456 -68.472099 -0.679544 13.346532 7.250910 17.676563 -5.882102 9.861279 0.702589 -10.936858 -0.360575 7.156197 -0.000002 8.774814 -0.000002 -16.017376 18.104958 6.029563 -1.844031 2.498503 -2.507275 -10.163587 4.678939 4.621104 -20.975994 -0.000003 0.000003 -21.226250 2.451691 -3.593994 0.000000 -0.000005 -0.000000 -1.362679 2.240796 -0.746322 -21.334887 0.584908 3.008320 -13.821194 -0.000002 0.000002 -23.887125 -0.249080 -0.839481 -58.951134 2.538532 -1.884051 -0.294026 1.679687 0.833255 -14.218195 0.093214 1.300578 -34.212002 -0.287565 0.967168 -20.033178 0.964534 1.212842 -0.000000 0.000001 -0.000000 -3.440385 0.788232 0.501656 -15.928165 -3.167306 2.999703 -6.338814 -0.000001 0.000001 -18.123413 3.648176 -4.905663 -0.000004 0.000001 -0.000001 -7.295096 28.642704 6.689970 50.364044 15.279099 -9.726326 2.333117 42.384506 0.887794 -37.841228 16.763475 6.055290 2.243540 -5.255031 -3.180153 14.282877 -0.826591 6.952499 -0.000002 -12.690590 -0.000002 16.075338 -18.852650 2.831544 1.665663 -1.955920 -2.878296 4.727793 -4.170583 4.993918 11.020512 0.000005 -0.000002 12.109029 -3.735708 -2.866779 0.000001 0.000001 0.000000 1.291983 -1.928547 -1.498087 14.800113 0.567468 3.865605 14.242553 -1.341734 -6.660647 19.631939 0.143929 -0.648244 49.588276 -0.545466 -6.360030 0.353028 -1.511149 -0.031940 20.222769 3.684311 2.316629 18.787245 0.000006 -0.000001 10.751611 -0.479867 1.397905 -0.000000 0.000001 -0.000000 3.273806 0.305947 -0.580109 21.486792 11.830362 2.266133 8.162916 0.000000 0.000001 18.399048 -3.798976 -4.940565 0.000003 -0.000003 0.000000 16.344488 -0.063579 -22.352083 -1.141040 -3.471778 112.104881 -7.760033 -9.829878 -37.313301 2.374383 -1.402112 -49.220314 -0.000000 -0.000000 0.000003 -10.851696 -20.203978 -9.117054 0.992073 3.642234 107.138481 2.640300 8.603033 -31.299225 -1.345107 0.726630 -27.459604 0.000000 0.000000 -0.000002 
0.873894 44.370773 64.775597 1.849724 10.281943 27.576910 4.262518 -0.110276 3.084199 2.083906 1.465360 -3.608364 4.907259 2.253480 13.359684 -5.559692 4.195212 -23.742142 -0.230218 -0.988385 -3.713886 -1.264255 -4.653285 -6.789615 0.000077 -0.000023 0.000006 0.072985 0.108417 -0.192883 0.806065 -3.639237 -10.928201 -0.663779 3.854254 -11.055254 -0.015153 -8.703627 6.987658 -40.039909 -52.177334 4.577334 -2.063183 -73.211685 2.263778 14.995028 7.826742 18.818298 -5.882099 9.861279 0.702590 -10.936859 -0.360575 7.156196 -0.000003 8.774814 -0.000001 -15.855741 17.673191 6.034222 -1.844032 2.498503 -2.507277 -10.163589 4.678940 4.621103 -20.975994 -0.000003 0.000002 -21.226250 2.451693 -3.593994 0.000000 -0.000005 -0.000000 -1.362679 2.240797 -0.746323 -21.334888 0.584908 3.008320 -13.821197 -0.000002 0.000001 -23.887129 -0.249077 -0.839481 -58.388519 1.916544 -1.716671 -0.294027 1.679686 0.833256 -14.218194 0.093215 1.300579 -34.211998 -0.287562 0.967169 -20.033178 0.964535 1.212841 -0.000000 0.000001 -0.000000 -3.440387 0.788233 0.501655 -15.928167 -3.167306 2.999704 -6.338819 -0.000001 0.000001 -18.123413 3.648177 -4.905662 -0.000005 -0.000000 -0.000002 -9.253701 30.336571 5.435043 42.635815 18.395935 -15.982634 2.601239 44.833431 1.247163 -40.041225 17.106565 5.582162 2.243539 -5.255032 -3.180154 14.282875 -0.826591 6.952493 -0.000003 -12.690590 -0.000001 16.269073 -19.032810 2.917305 1.665665 -1.955920 -2.878296 4.727794 -4.170582 4.993918 11.020513 0.000004 -0.000002 12.109033 -3.735708 -2.866779 0.000001 -0.000000 0.000001 1.291984 -1.928548 -1.498089 14.800113 0.567470 3.865602 14.242556 -1.341732 -6.660648 19.631939 0.143927 -0.648242 49.808167 -0.485949 -6.432449 0.353029 -1.511149 -0.031940 20.222771 3.684306 2.316627 18.787245 0.000008 -0.000002 10.751611 -0.479866 1.397903 -0.000001 0.000000 0.000000 3.273804 0.305947 -0.580109 21.486794 11.830364 2.266133 8.162916 0.000001 0.000000 18.399052 -3.798977 -4.940569 0.000003 -0.000002 -0.000000 16.794456 2.690011 -26.947638 -1.367276 -3.908092 114.139008 -4.495504 -11.216860 -35.994602 2.438486 -1.308609 -49.428486 0.000000 -0.000000 0.000003 -11.817870 -21.827242 -14.965307 1.203018 3.522227 109.877808 1.378054 8.436970 -30.245384 -1.393114 0.715180 -25.882847 -0.000000 0.000000 -0.000001 
0.285578 43.382904 65.946495 2.613865 8.202289 35.080223 4.128029 0.251710 4.775845 2.294808 1.944547 -2.636693 4.203168 2.005313 14.205459 -7.997373 3.292583 -31.095097 -0.656777 0.071078 -3.818788 -0.761357 -4.389170 -13.614924 0.000076 -0.000023 0.000006 0.075511 0.236173 -0.169239 0.740324 -3.458943 -10.905562 -0.589189 3.950183 -11.040112 0.794246 -10.200926 5.198481 -25.984114 -52.602283 -10.309069 -6.573177 -75.008217 6.732000 15.855141 7.229233 17.046375 -5.882102 9.861278 0.702592 -10.936858 -0.360574 7.156199 -0.000000 8.774812 -0.000001 -15.583613 17.265160 6.194531 -1.844030 2.498502 -2.507275 -10.163589 4.678940 4.621104 -20.975998 -0.000002 0.000004 -21.226255 2.451694 -3.593992 0.000001 -0.000006 -0.000000 -1.362681 2.240796 -0.746323 -21.334890 0.584910 3.008322 -13.821198 -0.000000 0.000003 -23.887131 -0.249076 -0.839481 -57.741726 1.709510 -1.253624 -0.294025 1.679686 0.833254 -14.218194 0.093216 1.300580 -34.212002 -0.287560 0.967171 -20.033180 0.964538 1.212842 -0.000000 0.000001 -0.000000 -3.440385 0.788233 0.501656 -15.928165 -3.167305 2.999704 -6.338817 -0.000001 0.000002 -18.123415 3.648177 -4.905660 -0.000003 -0.000001 -0.000002 -11.533567 32.274952 3.871547 33.131084 20.844912 -22.834183 1.594588 45.032131 0.910330 -41.881836 16.363785 5.877953 2.243540 -5.255031 -3.180157 14.282879 -0.826595 6.952498 -0.000001 -12.690586 0.000002 16.224594 -18.957085 2.893525 1.665665 -1.955919 -2.878296 4.727794 -4.170582 4.993920 11.020513 0.000002 -0.000002 12.109033 -3.735710 -2.866778 0.000001 0.000000 -0.000001 1.291983 -1.928547 -1.498086 14.800114 0.567466 3.865603 14.242553 -1.341735 -6.660647 19.631939 0.143926 -0.648243 50.110420 -0.466777 -6.449784 0.353029 -1.511149 -0.031940 20.222769 3.684304 2.316627 18.787247 0.000005 -0.000002 10.751612 -0.479868 1.397903 -0.000000 0.000000 -0.000001 3.273805 0.305947 -0.580111 21.486795 11.830359 2.266130 8.162918 0.000002 0.000001 18.399054 -3.798980 -4.940567 0.000003 -0.000002 -0.000000 16.032883 6.178329 -33.532730 -1.491130 -4.124582 114.619255 -2.164233 -9.137791 -34.587414 2.364826 -1.278806 -46.076321 0.000000 -0.000000 0.000004 -11.548374 -25.532976 -22.812397 1.341801 3.560305 110.910400 -0.090581 6.619881 -27.539583 -1.441851 0.739008 -22.241810 0.000000 -0.000000 0.000000 
-0.557346 44.047638 68.155029 2.791636 5.745213 43.389790 3.980267 0.827036 6.252316 2.022884 2.524714 -1.143401 3.247577 1.363572 14.539370 -9.673830 1.785516 -38.365005 -1.737144 1.397744 -4.101594 0.805152 -3.865299 -19.633602 0.000077 -0.000023 0.000006 0.065658 0.364904 -0.157604 0.727121 -3.306422 -10.888254 -0.601970 4.050283 -10.956947 3.080277 -12.269571 2.668185 -12.767990 -50.440567 -24.575293 -5.297449 -71.343735 5.131816 15.875128 6.625813 12.729834 -5.882101 9.861278 0.702588 -10.936858 -0.360575 7.156197 -0.000000 8.774813 -0.000001 -15.853623 17.423056 6.489130 -1.844030 2.498502 -2.507275 -10.163589 4.678941 4.621105 -20.976000 -0.000004 0.000001 -21.226255 2.451691 -3.593994 0.000000 -0.000006 -0.000001 -1.362680 2.240796 -0.746321 -21.334892 0.584908 3.008321 -13.821197 -0.000003 0.000001 -23.887133 -0.249078 -0.839482 -58.483780 2.115656 -1.083915 -0.294024 1.679686 0.833254 -14.218192 0.093214 1.300578 -34.212002 -0.287565 0.967168 -20.033176 0.964534 1.212841 0.000000 0.000001 0.000000 -3.440384 0.788233 0.501656 -15.928167 -3.167306 2.999703 -6.338817 0.000000 0.000001 -18.123415 3.648175 -4.905663 -0.000004 0.000001 -0.000002 -15.932341 34.269566 0.311219 24.046621 22.017235 -29.373182 0.897455 41.957916 0.276851 -41.577103 14.112191 7.269375 2.243542 -5.255033 -3.180155 14.282878 -0.826593 6.952495 -0.000004 -12.690590 0.000001 15.960387 -18.932989 2.850283 1.665664 -1.955920 -2.878296 4.727792 -4.170582 4.993917 11.020513 0.000004 -0.000000 12.109030 -3.735708 -2.866779 0.000001 0.000000 0.000001 1.291985 -1.928548 -1.498087 14.800111 0.567468 3.865603 14.242554 -1.341734 -6.660647 19.631939 0.143927 -0.648242 50.426846 -0.216820 -6.309346 0.353029 -1.511149 -0.031941 20.222769 3.684307 2.316627 18.787245 0.000004 -0.000001 10.751609 -0.479865 1.397904 -0.000001 0.000000 0.000000 3.273803 0.305948 -0.580110 21.486794 11.830365 2.266130 8.162916 0.000002 -0.000000 18.399054 -3.798978 -4.940567 0.000004 -0.000001 -0.000000 13.759609 10.483439 -39.885422 -1.476411 -4.430854 111.810165 -0.891518 -4.887007 -33.564568 2.237655 -1.248734 -41.755547 0.000000 0.000000 0.000001 -7.881896 -29.463013 -32.306492 1.501998 4.185244 108.863998 -0.320236 1.800698 -24.202801 -1.260860 0.802428 -17.221117 -0.000000 0.000001 -0.000001 
-1.562217 44.866459 71.722130 1.975633 3.719538 51.366329 3.842555 1.374425 7.369620 1.868691 2.727594 -0.102305 2.338484 1.024537 14.171252 -10.740985 0.777564 -43.021889 -2.289473 1.568850 -4.570045 1.928947 -2.674166 -22.710110 0.000076 -0.000023 0.000006 0.037299 0.293995 -0.104416 0.694798 -3.360660 -10.872404 -0.619112 3.975790 -10.857502 5.647013 -14.743304 -0.072703 -1.722611 -47.472584 -35.651527 -1.311546 -58.643562 1.266426 14.004063 10.468736 9.944019 -5.882098 9.861277 0.702590 -10.936857 -0.360574 7.156199 0.000001 8.774813 -0.000001 -15.503463 17.491066 7.436255 -1.844030 2.498502 -2.507276 -10.163588 4.678939 4.621104 -20.975992 -0.000003 0.000003 -21.226248 2.451692 -3.593991 0.000000 -0.000006 -0.000000 -1.362680 2.240796 -0.746323 -21.334892 0.584909 3.008322 -13.821194 -0.000003 0.000003 -23.887129 -0.249078 -0.839479 -59.248150 2.269440 -0.820666 -0.294024 1.679686 0.833255 -14.218187 0.093213 1.300581 -34.211998 -0.287563 0.967172 -20.033176 0.964536 1.212843 -0.000001 -0.000000 0.000000 -3.440386 0.788232 0.501655 -15.928167 -3.167307 2.999706 -6.338815 -0.000002 0.000002 -18.123411 3.648176 -4.905660 -0.000004 -0.000000 -0.000002 -20.829693 35.597195 -3.999375 15.997549 22.393288 -33.756638 -0.712189 36.159142 -0.756183 -37.516911 8.997158 9.322501 2.243540 -5.255034 -3.180157 14.282878 -0.826594 6.952496 -0.000003 -12.690590 0.000001 15.517667 -19.106670 2.392886 1.665664 -1.955920 -2.878297 4.727793 -4.170583 4.993917 11.020513 0.000003 -0.000002 12.109029 -3.735710 -2.866780 0.000001 0.000000 -0.000000 1.291985 -1.928548 -1.498088 14.800113 0.567468 3.865603 14.242553 -1.341735 -6.660648 19.631941 0.143928 -0.648244 49.907749 -0.125150 -6.329538 0.353028 -1.511149 -0.031940 20.222767 3.684308 2.316628 18.787245 0.000005 -0.000001 10.751610 -0.479867 1.397904 0.000000 -0.000000 -0.000000 3.273804 0.305947 -0.580109 21.486792 11.830364 2.266130 8.162916 0.000002 -0.000001 18.399050 -3.798981 -4.940568 0.000003 -0.000000 -0.000001 11.509445 15.111732 -44.757072 -1.586937 -5.324181 106.718643 -0.829949 -2.062276 -33.549370 2.128192 -1.392194 -34.583004 -0.000000 0.000001 -0.000000 -2.412714 -31.112654 -39.945919 1.718974 5.029819 102.867500 0.623683 -1.163867 -20.462694 -1.056507 0.938214 -15.575975 0.000000 -0.000000 -0.000001 
-2.503180 44.907780 76.475906 0.745363 2.418671 59.896137 3.142754 1.867947 7.635524 1.639921 2.138107 0.177111 2.103947 0.713445 13.829216 -11.328293 -0.031401 -46.522102 -1.753286 2.243244 -4.833634 2.531324 -2.405109 -23.746771 0.000077 -0.000023 0.000006 0.032910 0.314725 -0.087961 0.599814 -3.324739 -10.886755 -0.531955 3.965218 -10.892824 7.180699 -18.563801 -1.463611 8.022977 -43.035568 -45.405590 1.995892 -42.309250 -0.373477 14.996536 17.041224 9.716584 -5.882102 9.861278 0.702589 -10.936861 -0.360575 7.156197 -0.000001 8.774813 -0.000000 -12.756694 15.601287 8.207220 -1.844030 2.498504 -2.507276 -10.163589 4.678940 4.621103 -20.976002 -0.000003 0.000003 -21.226254 2.451693 -3.593993 0.000000 -0.000006 0.000000 -1.362681 2.240797 -0.746323 -21.334890 0.584909 3.008320 -13.821197 -0.000002 0.000003 -23.887131 -0.249077 -0.839483 -56.137165 1.905078 -0.009796 -0.294024 1.679687 0.833255 -14.218194 0.093217 1.300579 -34.211998 -0.287563 0.967169 -20.033178 0.964535 1.212839 0.000000 0.000000 0.000001 -3.440386 0.788233 0.501656 -15.928167 -3.167305 2.999704 -6.338818 -0.000001 0.000002 -18.123415 3.648175 -4.905663 -0.000004 -0.000000 -0.000002 -22.787138 36.511978 -6.122746 9.103083 22.436176 -43.948227 -4.409309 39.261345 -2.208148 -33.422176 7.208291 17.634806 2.243540 -5.255032 -3.180155 14.282879 -0.826595 6.952494 -0.000002 -12.690587 0.000000 16.864956 -18.980925 1.174973 1.665665 -1.955920 -2.878296 4.727795 -4.170583 4.993918 11.020515 0.000001 -0.000001 12.109035 -3.735711 -2.866780 -0.000001 -0.000000 0.000001 1.291985 -1.928548 -1.498088 14.800113 0.567466 3.865601 14.242553 -1.341736 -6.660649 19.631939 0.143925 -0.648246 49.996769 -0.226375 -6.254481 0.353028 -1.511150 -0.031940 20.222769 3.684303 2.316626 18.787247 0.000003 -0.000002 10.751613 -0.479868 1.397902 0.000000 0.000000 0.000000 3.273805 0.305947 -0.580110 21.486790 11.830359 2.266129 8.162914 0.000001 -0.000001 18.399054 -3.798977 -4.940569 0.000003 -0.000001 -0.000001 8.936435 19.925686 -47.887905 -1.905058 -7.238822 99.584320 -2.395482 0.708760 -33.941170 1.927273 -1.482109 -27.375172 -0.000000 -0.000001 0.000002 3.017221 -31.834578 -45.464005 1.861357 6.035848 94.953934 1.394598 -3.383822 -19.535084 -1.090844 0.940641 -13.633931 0.000000 -0.000000 -0.000001 
-3.855804 43.099831 82.206406 -0.626489 1.848971 67.337379 2.399168 1.844593 7.230436 1.459771 2.050973 0.501967 1.610997 0.166133 13.329277 -11.007338 -0.157023 -45.294472 -0.805824 2.851581 -4.760791 4.097146 -1.960171 -25.769581 0.000076 -0.000022 0.000006 0.004812 0.348720 -0.065154 0.477123 -3.267436 -10.868810 -0.476390 3.981862 -10.864856 6.817041 -18.498022 -1.241491 2.723536 -40.115013 -52.800030 6.676902 -51.479332 -3.631713 25.408201 16.854040 1.397876 -5.882100 9.861278 0.702590 -10.936858 -0.360576 7.156195 -0.000001 8.774814 0.000001 -12.018474 15.097056 7.455838 -1.844030 2.498502 -2.507276 -10.163589 4.678938 4.621103 -20.975994 -0.000008 0.000002 -21.226254 2.451688 -3.593992 0.000000 -0.000006 -0.000001 -1.362679 2.240796 -0.746323 -21.334888 0.584905 3.008320 -13.821195 -0.000005 0.000003 -23.887131 -0.249080 -0.839477 -54.757069 1.154066 0.176700 -0.294025 1.679687 0.833254 -14.218192 0.093214 1.300578 -34.211998 -0.287569 0.967172 -20.033176 0.964532 1.212844 0.000000 0.000000 0.000001 -3.440384 0.788233 0.501654 -15.928165 -3.167310 2.999703 -6.338817 -0.000002 0.000001 -18.123411 3.648174 -4.905659 -0.000004 -0.000000 -0.000001 -19.198826 33.648151 -4.613937 10.008948 27.267630 -60.625095 -11.157259 69.310814 -9.528121 -30.142794 6.444057 35.267471 2.243539 -5.255033 -3.180156 14.282871 -0.826591 6.952495 -0.000004 -12.690591 0.000000 15.774787 -17.641111 1.662532 1.665664 -1.955920 -2.878296 4.727793 -4.170583 4.993919 11.020509 0.000004 0.000000 12.109030 -3.735708 -2.866778 0.000001 -0.000000 0.000001 1.291984 -1.928548 -1.498087 14.800113 0.567469 3.865605 14.242548 -1.341733 -6.660648 19.631937 0.143927 -0.648242 48.593353 0.051794 -5.869749 0.353028 -1.511149 -0.031940 20.222769 3.684307 2.316631 18.787245 0.000005 0.000002 10.751610 -0.479868 1.397905 -0.000001 -0.000001 0.000001 3.273803 0.305947 -0.580110 21.486788 11.830363 2.266132 8.162916 0.000002 0.000001 18.399050 -3.798979 -4.940564 0.000003 -0.000001 -0.000001 6.693106 26.138510 -48.903419 -2.693985 -10.583570 92.868248 -3.579396 1.884014 -35.415096 1.739304 -1.444613 -20.455166 -0.000001 0.000000 0.000003 8.654695 -34.398556 -48.013378 1.818240 8.430611 86.348717 0.143102 -5.667457 -21.780262 -1.546719 0.712424 -12.230461 0.000000 0.000000 -0.000001 
-5.434907 39.939182 87.767906 -1.651702 1.856908 71.935135 1.559272 1.715641 6.692461 1.234091 2.031425 0.064042 1.146300 -0.231711 13.096401 -9.064611 0.707125 -39.270145 0.533970 3.317288 -4.802893 5.196471 0.465531 -24.544033 0.000077 -0.000022 0.000004 -0.024527 0.156835 -0.064432 0.438745 -3.504819 -11.190853 -0.489784 3.832381 -11.080457 4.869065 -16.136133 -0.603542 -10.554180 -39.400509 -55.748116 14.173449 -72.702744 -11.324228 36.019314 14.243641 9.423892 -5.882101 9.861280 0.702589 -10.936858 -0.360574 7.156197 0.000002 8.774816 -0.000001 -13.977497 16.608765 6.305523 -1.844032 2.498503 -2.507278 -10.163589 4.678938 4.621104 -20.975992 -0.000006 0.000002 -21.226254 2.451692 -3.593992 0.000000 -0.000006 0.000001 -1.362681 2.240796 -0.746323 -21.334887 0.584908 3.008320 -13.821197 -0.000003 0.000002 -23.887129 -0.249080 -0.839479 -57.700314 1.359402 -0.409111 -0.294025 1.679687 0.833254 -14.218190 0.093214 1.300580 -34.211998 -0.287566 0.967170 -20.033175 0.964533 1.212843 -0.000000 0.000000 0.000002 -3.440385 0.788232 0.501654 -15.928165 -3.167308 2.999704 -6.338816 -0.000002 0.000002 -18.123411 3.648175 -4.905658 -0.000006 0.000003 -0.000003 -13.595061 29.107485 -3.100772 14.678199 34.690418 -65.163513 -158.162827 81.060394 -158.658218 -30.836807 -3.640974 50.236588 2.243539 -5.255033 -3.180155 14.282873 -0.826593 6.952496 -0.000003 -12.690590 0.000001 15.572144 -17.020903 2.167908 1.665664 -1.955920 -2.878297 4.727793 -4.170582 4.993918 11.020510 0.000004 -0.000001 12.109029 -3.735708 -2.866781 -0.000002 0.000001 -0.000000 1.291984 -1.928547 -1.498089 14.800109 0.567469 3.865603 14.242550 -1.341734 -6.660648 19.631935 0.143927 -0.648244 48.671406 0.385779 -5.298736 0.353028 -1.511149 -0.031940 20.222769 3.684308 2.316628 18.787245 0.000006 -0.000001 10.751610 -0.479867 1.397903 -0.000002 -0.000000 -0.000001 3.273804 0.305947 -0.580111 21.486788 11.830364 2.266130 8.162916 0.000002 -0.000000 18.399048 -3.798977 -4.940566 0.000003 0.000001 -0.000001 6.995751 34.320457 -45.698299 -3.752293 -15.148112 87.896194 -5.185731 2.369923 -38.550758 1.712016 -1.449602 -14.454703 0.000000 0.000000 0.000003 13.083573 -39.839260 -45.483913 2.082234 12.172599 76.385254 -1.675261 -7.614541 -25.085619 -1.626156 0.604895 -13.176682 0.000000 0.000001 -0.000001 
-7.260564 34.872169 92.880821 -1.945192 2.296341 75.136971 0.817959 1.206765 5.043408 0.736563 1.478732 -1.126386 0.232381 -0.730992 12.675832 -5.548512 2.239795 -30.388746 1.851489 4.721771 -4.578582 5.061753 3.972733 -20.006496 0.000077 -0.000022 0.000006 0.106223 -0.084871 -0.077197 0.649290 -3.807791 -11.579130 -0.431024 3.627692 -11.434335 2.857559 -13.853836 0.686523 -23.888569 -35.826759 -55.969345 143.201584 -84.838432 -139.998688 42.610008 13.029080 22.414009 -5.882102 9.861282 0.702590 -10.936859 -0.360574 7.156198 0.000000 8.774817 -0.000003 -15.106323 17.445261 6.412377 -1.844031 2.498502 -2.507276 -10.163589 4.678941 4.621103 -20.975992 -0.000001 0.000004 -21.226248 2.451694 -3.593994 0.000001 -0.000007 -0.000002 -1.362680 2.240797 -0.746322 -21.334894 0.584908 3.008322 -13.821197 0.000000 0.000002 -23.887131 -0.249077 -0.839481 -59.394161 1.605294 -0.561891 -0.294025 1.679686 0.833257 -14.218192 0.093214 1.300580 -34.211998 -0.287562 0.967172 -20.033176 0.964536 1.212842 -0.000001 0.000000 0.000001 -3.440386 0.788232 0.501655 -15.928167 -3.167307 2.999705 -6.338815 -0.000002 0.000003 -18.123411 3.648176 -4.905663 -0.000006 0.000003 -0.000003 -7.303400 24.059032 -0.953395 23.648283 41.174290 -63.167862 -175.245804 62.312099 -175.634857 -36.813404 -13.978666 62.677822 2.243538 -5.255033 -3.180155 14.282877 -0.826593 6.952496 -0.000003 -12.690592 -0.000001 16.109781 -16.486914 2.041076 1.665664 -1.955919 -2.878296 4.727794 -4.170584 4.993918 11.020509 0.000004 -0.000000 12.109031 -3.735708 -2.866779 -0.000001 0.000000 0.000001 1.291984 -1.928548 -1.498087 14.800111 0.567469 3.865606 14.242551 -1.341736 -6.660646 19.631935 0.143925 -0.648241 48.916748 0.713224 -4.885771 0.353029 -1.511148 -0.031940 20.222769 3.684308 2.316629 18.787245 0.000005 0.000004 10.751610 -0.479867 1.397906 -0.000002 0.000000 -0.000000 3.273804 0.305948 -0.580111 21.486795 11.830365 2.266136 8.162917 0.000002 0.000001 18.399054 -3.798981 -4.940565 0.000003 0.000000 -0.000002 10.629401 43.274395 -38.651897 -4.692553 -22.093517 83.884834 -6.692792 0.786462 -40.864098 1.937957 -1.543369 -10.172269 0.000001 -0.000001 0.000002 15.429485 -46.556286 -39.937958 2.378079 17.006029 66.653801 -1.774469 -9.362284 -27.950701 -1.479834 0.542992 -13.226119 -0.000000 0.000000 0.000000 
-8.678164 28.879536 97.424469 -1.642277 2.549668 78.196007 0.472839 0.727226 2.699873 0.311241 0.796909 -2.482741 -0.901124 -1.135270 12.033531 -3.077446 3.003421 -23.364132 2.297564 5.745226 -4.042683 4.944047 6.042645 -15.708886 0.000077 -0.000023 0.000008 0.272539 -0.186726 -0.107180 0.958250 -3.879975 -11.610619 -0.410913 3.497869 -11.563884 1.365729 -11.944457 2.095589 -32.184399 -29.628321 -57.133499 172.106369 -69.395096 -169.163818 42.546196 12.396565 29.454096 -5.882102 9.861278 0.702589 -10.936858 -0.360572 7.156196 -0.000001 8.774812 -0.000001 -15.448196 17.843643 6.937290 -1.844030 2.498504 -2.507275 -10.163589 4.678942 4.621104 -20.975992 -0.000003 0.000001 -21.226254 2.451694 -3.593996 0.000001 -0.000008 -0.000002 -1.362680 2.240796 -0.746324 -21.334892 0.584909 3.008321 -13.821194 -0.000002 0.000003 -23.887131 -0.249077 -0.839480 -60.512066 1.700245 -0.500012 -0.294023 1.679688 0.833256 -14.218194 0.093215 1.300578 -34.212002 -0.287562 0.967168 -20.033178 0.964535 1.212841 -0.000002 0.000000 0.000000 -3.440385 0.788231 0.501656 -15.928167 -3.167306 2.999705 -6.338817 -0.000002 0.000002 -18.123413 3.648177 -4.905662 -0.000005 0.000001 -0.000002 -2.839883 18.855043 1.206185 33.176666 41.872356 -59.555874 -177.286194 50.127411 -177.298279 -39.137680 -19.670366 65.126396 2.243540 -5.255033 -3.180156 14.282877 -0.826592 6.952496 -0.000004 -12.690590 0.000000 15.890428 -16.259743 2.302415 1.665665 -1.955920 -2.878296 4.727793 -4.170584 4.993918 11.020513 0.000004 -0.000001 12.109032 -3.735709 -2.866780 -0.000000 0.000001 0.000000 1.291984 -1.928549 -1.498088 14.800111 0.567467 3.865604 14.242553 -1.341734 -6.660649 19.631939 0.143927 -0.648239 48.961903 0.745448 -4.905744 0.353028 -1.511149 -0.031939 20.222771 3.684308 2.316629 18.787247 0.000006 0.000001 10.751610 -0.479868 1.397904 -0.000001 0.000000 0.000001 3.273804 0.305948 -0.580110 21.486795 11.830367 2.266133 8.162916 0.000003 -0.000000 18.399054 -3.798978 -4.940566 0.000002 0.000001 0.000000 14.740217 52.748199 -30.133301 -5.206344 -31.786715 77.605652 -7.468573 -1.241817 -38.828701 2.160615 -1.556876 -9.376358 -0.000000 -0.000001 0.000003 15.492897 -53.486717 -33.898140 3.071129 23.161417 58.180695 -0.842138 -7.993855 -27.918806 -1.382133 0.481144 -13.376873 0.000000 -0.000001 -0.000001 
-9.628421 23.276096 100.680252 -0.841176 2.307451 81.525345 0.555528 0.412323 0.271799 0.181610 0.268225 -3.753864 -2.134197 -1.413686 11.235013 -2.283539 3.080867 -18.889006 2.164227 5.781835 -3.706198 5.377855 6.737766 -12.435670 0.000077 -0.000023 0.000008 0.357999 -0.213610 -0.162073 1.168340 -3.864947 -11.389303 -0.441180 3.424939 -11.408480 0.521503 -10.381424 3.386675 -37.138851 -23.585382 -58.592693 175.960236 -57.492355 -173.489059 38.617058 12.055007 30.274084 -5.882099 9.861278 0.702589 -10.936859 -0.360578 7.156197 0.000001 8.774812 -0.000002 -15.689994 17.962978 6.925847 -1.844030 2.498500 -2.507276 -10.163589 4.678938 4.621105 -20.975994 -0.000004 0.000005 -21.226250 2.451691 -3.593992 0.000003 -0.000005 -0.000000 -1.362681 2.240796 -0.746323 -21.334892 0.584906 3.008322 -13.821193 -0.000004 0.000003 -23.887123 -0.249080 -0.839479 -61.420807 1.667425 -0.642350 -0.294025 1.679686 0.833255 -14.218192 0.093213 1.300580 -34.212002 -0.287566 0.967174 -20.033178 0.964535 1.212843 -0.000000 -0.000001 0.000002 -3.440385 0.788232 0.501654 -15.928169 -3.167308 2.999704 -6.338816 0.000000 0.000003 -18.123411 3.648174 -4.905658 -0.000005 -0.000001 -0.000002 -0.704148 13.675436 3.008694 38.065689 37.807205 -57.905098 -176.338699 44.772385 -177.146240 -36.870075 -23.471281 59.135735 2.243540 -5.255032 -3.180155 14.282875 -0.826592 6.952496 -0.000003 -12.690588 0.000000 15.311285 -16.393450 2.733092 1.665665 -1.955920 -2.878297 4.727793 -4.170584 4.993917 11.020510 0.000004 -0.000002 12.109031 -3.735709 -2.866780 0.000000 0.000001 0.000000 1.291985 -1.928548 -1.498089 14.800109 0.567469 3.865603 14.242553 -1.341732 -6.660649 19.631935 0.143927 -0.648243 48.702499 0.594613 -5.129788 0.353029 -1.511147 -0.031941 20.222765 3.684307 2.316628 18.787245 0.000007 0.000000 10.751612 -0.479868 1.397904 -0.000003 0.000001 0.000001 3.273803 0.305946 -0.580111 21.486788 11.830363 2.266131 8.162916 0.000002 -0.000002 18.399048 -3.798976 -4.940569 0.000001 0.000001 0.000000 18.463087 63.898785 -20.598858 -5.250629 -44.162693 67.487038 -8.456285 -1.875092 -33.233772 2.251152 -1.506322 -9.579245 0.000001 0.000001 0.000002 14.417767 -61.619278 -29.286098 3.927005 31.327208 52.339775 0.110621 -3.706995 -26.342834 -1.375058 0.486484 -12.791980 0.000000 0.000000 -0.000001 
-10.318638 18.638212 102.711548 0.159783 1.922205 84.695877 0.917147 0.113026 -1.894015 0.303031 0.054356 -4.929032 -3.083121 -1.619757 10.430519 -2.931214 2.992424 -16.164858 1.941405 5.197160 -3.593793 6.042653 6.171784 -9.751933 0.000077 -0.000023 0.000005 0.346986 -0.184459 -0.216067 1.222360 -3.785347 -11.113467 -0.519787 3.417520 -11.182413 0.509372 -8.708669 4.534326 -41.355320 -18.593115 -59.183502 179.110611 -49.340145 -176.074432 33.552544 12.702621 26.902004 -5.882101 9.861276 0.702589 -10.936858 -0.360576 7.156196 0.000001 8.774812 -0.000002 -16.116121 17.834692 6.416707 -1.844032 2.498502 -2.507274 -10.163589 4.678941 4.621103 -20.975996 -0.000005 0.000003 -21.226255 2.451690 -3.593992 0.000002 -0.000006 -0.000001 -1.362680 2.240796 -0.746323 -21.334892 0.584909 3.008318 -13.821197 -0.000002 0.000002 -23.887135 -0.249079 -0.839483 -61.283321 1.367720 -0.721993 -0.294024 1.679687 0.833256 -14.218192 0.093215 1.300579 -34.212006 -0.287565 0.967167 -20.033178 0.964533 1.212841 0.000001 0.000000 -0.000001 -3.440386 0.788232 0.501655 -15.928167 -3.167307 2.999703 -6.338817 -0.000001 0.000001 -18.123413 3.648176 -4.905662 -0.000006 -0.000000 -0.000001 -0.350297 9.365277 4.666644 38.450790 31.128784 -58.289707 -175.627609 45.070587 -177.220764 -31.809469 -27.233282 48.248516 2.243539 -5.255033 -3.180155 14.282875 -0.826592 6.952495 -0.000004 -12.690587 0.000002 14.769624 -16.461102 2.871814 1.665665 -1.955919 -2.878296 4.727793 -4.170582 4.993918 11.020512 0.000003 -0.000003 12.109030 -3.735708 -2.866780 0.000001 0.000001 0.000001 1.291984 -1.928547 -1.498088 14.800113 0.567470 3.865603 14.242551 -1.341732 -6.660648 19.631939 0.143927 -0.648242 47.398655 0.481604 -5.602301 0.353028 -1.511149 -0.031940 20.222771 3.684307 2.316626 18.787245 0.000007 -0.000001 10.751610 -0.479867 1.397906 -0.000001 -0.000000 0.000000 3.273804 0.305947 -0.580110 21.486790 11.830362 2.266130 8.162915 0.000002 -0.000001 18.399052 -3.798977 -4.940566 0.000003 0.000000 -0.000001 29.098408 77.143219 -3.897840 -4.851799 -58.911144 54.196632 -10.201615 -0.344834 -24.565908 2.257438 -1.523067 -9.025863 0.000002 -0.000000 0.000002 11.672202 -71.718407 -24.423849 4.570141 42.407673 47.839672 1.758171 0.881675 -23.623442 -1.462498 0.580053 -11.459522 0.000000 0.000001 -0.000000 
-10.937740 15.321612 105.216919 1.203780 1.569775 87.269623 1.035941 0.138214 -3.986470 0.362053 -0.039900 -5.759808 -3.371802 -1.917488 10.205175 -4.303547 3.211352 -14.757220 1.797686 3.866465 -3.587729 6.589318 4.964098 -7.241769 0.000077 -0.000023 0.000005 0.241228 -0.122807 -0.195813 1.077278 -3.678636 -10.765817 -0.587592 3.422122 -10.916033 1.555867 -7.165053 6.024133 -46.339111 -13.514282 -61.513813 -176.484634 -44.115444 -178.413818 27.485004 14.888980 20.741520 -5.882101 9.861278 0.702589 -10.936859 -0.360575 7.156196 0.000002 8.774813 -0.000001 -16.328640 17.438978 5.550035 -1.844031 2.498503 -2.507278 -10.163589 4.678940 4.621102 -20.975994 -0.000007 0.000001 -21.226255 2.451689 -3.593995 0.000001 -0.000007 -0.000000 -1.362680 2.240795 -0.746322 -21.334890 0.584906 3.008319 -13.821197 -0.000004 0.000001 -23.887125 -0.249081 -0.839483 -59.969994 0.691634 -0.902537 -0.294025 1.679686 0.833255 -14.218194 0.093215 1.300579 -34.212013 -0.287567 0.967167 -20.033180 0.964533 1.212842 0.000000 0.000000 0.000000 -3.440385 0.788233 0.501655 -15.928167 -3.167307 2.999702 -6.338817 -0.000003 0.000001 -18.123411 3.648174 -4.905662 -0.000003 0.000001 -0.000003 -0.193734 6.899184 6.497500 36.079296 21.556021 -60.503780 -176.815323 46.178883 -178.626938 -23.634756 -28.668612 32.762707 2.243540 -5.255033 -3.180155 14.282877 -0.826593 6.952495 -0.000001 -12.690591 0.000001 14.603276 -16.877525 2.938828 1.665665 -1.955922 -2.878297 4.727793 -4.170583 4.993918 11.020510 0.000004 -0.000001 12.109030 -3.735709 -2.866781 0.000001 -0.000000 0.000000 1.291984 -1.928549 -1.498089 14.800114 0.567467 3.865603 14.242553 -1.341735 -6.660650 19.631937 0.143926 -0.648242 47.118988 0.395083 -5.846944 0.353029 -1.511148 -0.031940 20.222769 3.684306 2.316627 18.787243 0.000006 0.000000 10.751612 -0.479868 1.397904 0.000000 0.000000 0.000001 3.273804 0.305947 -0.580111 21.486790 11.830363 2.266129 8.162916 0.000002 0.000000 18.399052 -3.798977 -4.940567 0.000003 -0.000001 -0.000000 100.994682 85.663147 72.314758 -2.645478 -72.132324 40.404518 -11.558840 2.566143 -12.186472 2.295936 -1.621784 -6.575999 0.000002 -0.000001 0.000003 0.382924 -84.375549 -11.281009 4.511671 57.017376 42.972500 3.366314 3.335437 -17.960327 -1.702772 0.624504 -9.547052 -0.000000 -0.000001 -0.000001 
-11.328049 13.539958 107.489952 2.989747 1.263277 87.928375 0.854223 0.118666 -5.210952 0.175459 -0.198431 -6.118721 -3.371665 -2.712373 10.591632 -5.429271 3.680243 -14.863201 1.327316 2.522652 -3.446291 6.833752 3.865139 -5.927799 0.000077 -0.000023 0.000006 0.166853 -0.090823 -0.190239 1.029516 -3.586210 -10.433230 -0.688436 3.396502 -10.582201 2.085957 -6.298214 7.353743 -49.816509 -8.587038 -63.806461 -174.230331 -41.824154 -179.796707 25.607275 16.540499 16.798635 -5.882102 9.861278 0.702591 -10.936859 -0.360574 7.156197 0.000000 8.774812 -0.000001 -16.478506 16.985453 4.982328 -1.844031 2.498501 -2.507275 -10.163590 4.678942 4.621105 -20.975996 -0.000002 0.000004 -21.226255 2.451696 -3.593993 0.000001 -0.000006 -0.000000 -1.362681 2.240795 -0.746322 -21.334890 0.584910 3.008321 -13.821201 -0.000001 0.000002 -23.887135 -0.249076 -0.839482 -59.419666 0.259727 -0.878168 -0.294025 1.679686 0.833255 -14.218194 0.093214 1.300582 -34.212002 -0.287559 0.967168 -20.033176 0.964537 1.212840 -0.000001 0.000000 -0.000000 -3.440386 0.788233 0.501656 -15.928169 -3.167305 2.999704 -6.338816 0.000000 0.000001 -18.123415 3.648179 -4.905660 -0.000003 -0.000000 -0.000002 -0.511682 6.340127 7.298956 36.531788 12.158176 -61.304497 -176.699722 43.481503 -179.573624 -19.538532 -24.063370 19.070292 2.243541 -5.255033 -3.180156 14.282879 -0.826594 6.952497 -0.000002 -12.690590 0.000000 14.476538 -16.656506 3.179423 1.665665 -1.955919 -2.878295 4.727794 -4.170584 4.993918 11.020513 0.000002 -0.000000 12.109033 -3.735710 -2.866777 -0.000001 0.000000 0.000000 1.291984 -1.928548 -1.498086 14.800114 0.567465 3.865605 14.242556 -1.341736 -6.660647 19.631939 0.143924 -0.648244 47.206768 0.259188 -5.848148 0.353029 -1.511149 -0.031939 20.222773 3.684304 2.316630 18.787247 0.000003 0.000001 10.751614 -0.479868 1.397905 0.000001 0.000000 -0.000000 3.273804 0.305946 -0.580110 21.486797 11.830360 2.266130 8.162918 0.000002 -0.000002 18.399055 -3.798981 -4.940568 0.000004 -0.000000 -0.000000 157.078491 81.384583 129.971481 -3.671400 -80.644104 33.646328 -10.632918 2.170935 -0.720909 2.416575 -1.687864 -4.943608 0.000001 0.000001 0.000002 -162.944183 -77.950287 154.067154 1.323943 77.417023 35.227005 3.500375 4.275006 -8.892208 -1.770861 0.611149 -8.315913 -0.000000 0.000001 -0.000001 
-11.648393 12.636435 109.236549 4.720700 0.917520 87.698128 0.673036 -0.000588 -5.952808 0.074856 -0.309779 -6.260601 -3.781892 -3.504280 11.078595 -6.274775 3.615490 -14.623652 0.989693 1.787940 -3.368914 6.403121 3.191941 -5.371422 0.000077 -0.000022 0.000005 0.200149 -0.107698 -0.191697 1.103047 -3.562241 -10.171735 -0.700331 3.339653 -10.322414 1.300656 -6.134872 8.262406 -50.835926 -3.470726 -65.363663 -174.916138 -41.417675 179.599792 27.154139 17.595772 13.913835 -5.882101 9.861279 0.702589 -10.936858 -0.360575 7.156197 -0.000000 8.774811 -0.000001 -16.472624 17.033852 4.990189 -1.844031 2.498502 -2.507276 -10.163589 4.678941 4.621105 -20.975996 -0.000004 0.000005 -21.226250 2.451692 -3.593991 0.000001 -0.000006 0.000001 -1.362680 2.240796 -0.746323 -21.334896 0.584908 3.008321 -13.821197 -0.000004 0.000003 -23.887131 -0.249078 -0.839480 -59.243759 0.321629 -0.934949 -0.294024 1.679685 0.833255 -14.218194 0.093214 1.300580 -34.211998 -0.287564 0.967171 -20.033176 0.964535 1.212844 -0.000002 -0.000000 -0.000001 -3.440385 0.788233 0.501655 -15.928167 -3.167308 2.999705 -6.338818 0.000000 0.000002 -18.123413 3.648176 -4.905660 -0.000003 0.000001 -0.000002 -0.792580 5.559006 8.082260 38.939171 6.141212 -61.736603 -175.877335 40.056469 -179.759720 -18.355156 -20.343552 10.326636 2.243540 -5.255033 -3.180155 14.282878 -0.826593 6.952494 -0.000003 -12.690590 0.000001 14.820550 -16.445007 2.907481 1.665665 -1.955920 -2.878296 4.727793 -4.170583 4.993918 11.020513 0.000003 0.000000 12.109033 -3.735709 -2.866780 -0.000001 -0.000001 0.000000 1.291985 -1.928548 -1.498088 14.800117 0.567468 3.865601 14.242556 -1.341733 -6.660648 19.631941 0.143927 -0.648244 47.459003 0.299818 -5.858594 0.353029 -1.511149 -0.031940 20.222773 3.684305 2.316627 18.787247 0.000006 -0.000001 10.751610 -0.479866 1.397903 -0.000001 0.000001 -0.000000 3.273805 0.305947 -0.580111 21.486792 11.830361 2.266130 8.162917 0.000003 -0.000001 18.399052 -3.798977 -4.940567 0.000002 -0.000001 -0.000001 168.441452 78.588181 141.836075 -9.133115 -84.747223 35.382866 -9.141891 -3.593790 5.127411 2.503451 -1.613055 -4.901811 -0.000000 -0.000000 0.000003 -170.248962 -58.398277 161.861572 -171.014450 79.552292 -141.208084 3.451503 3.790046 0.560170 -1.739089 0.622958 -7.628911 -0.000000 0.000000 -0.000001 
-11.872671 11.907732 110.641266 5.573967 0.682352 87.362152 0.499754 0.032037 -6.438157 0.425145 -0.496616 -6.421642 -4.189423 -3.739946 11.457620 -7.449372 3.276526 -13.186760 1.352341 1.582948 -3.370288 5.529339 3.093433 -5.177513 0.000077 -0.000022 0.000006 0.265667 -0.134248 -0.215282 1.131134 -3.581997 -10.077645 -0.605088 3.307034 -10.249017 0.600448 -5.775161 8.742683 -50.851009 0.973603 -65.686394 -177.053329 -41.824638 179.940552 28.524567 18.112017 11.161443 -5.882102 9.861279 0.702590 -10.936860 -0.360574 7.156199 0.000001 8.774812 -0.000001 -16.562014 17.310192 5.141948 -1.844031 2.498502 -2.507275 -10.163589 4.678940 4.621106 -20.975996 -0.000003 0.000005 -21.226254 2.451694 -3.593992 -0.000000 -0.000007 0.000001 -1.362680 2.240797 -0.746323 -21.334892 0.584910 3.008323 -13.821197 0.000000 0.000004 -23.887133 -0.249074 -0.839478 -59.059448 0.456290 -1.253323 -0.294025 1.679685 0.833255 -14.218194 0.093214 1.300581 -34.212009 -0.287559 0.967173 -20.033178 0.964537 1.212843 -0.000001 -0.000000 -0.000001 -3.440386 0.788233 0.501657 -15.928169 -3.167304 2.999704 -6.338817 0.000000 0.000001 -18.123417 3.648177 -4.905658 -0.000004 0.000001 -0.000003 -1.167775 4.373240 9.249084 41.115128 3.157974 -62.905315 -175.339127 37.609890 179.950302 -17.445492 -18.812542 6.133910 2.243540 -5.255033 -3.180155 14.282879 -0.826593 6.952496 -0.000002 -12.690587 0.000001 15.018893 -16.365051 2.720639 1.665666 -1.955920 -2.878296 4.727796 -4.170583 4.993919 11.020513 0.000003 0.000001 12.109031 -3.735711 -2.866777 0.000002 -0.000000 0.000001 1.291984 -1.928547 -1.498088 14.800117 0.567467 3.865606 14.242553 -1.341735 -6.660645 19.631941 0.143923 -0.648241 47.901180 0.318092 -5.808664 0.353028 -1.511150 -0.031940 20.222771 3.684304 2.316629 18.787247 0.000003 0.000001 10.751612 -0.479869 1.397905 -0.000001 -0.000001 0.000001 3.273805 0.305947 -0.580110 21.486794 11.830360 2.266133 8.162920 0.000002 0.000000 18.399055 -3.798980 -4.940566 0.000002 0.000000 -0.000001 172.918350 78.134354 147.106781 -9.224815 -84.704124 33.793106 -8.585135 -9.369255 7.548557 2.595324 -1.548655 -5.100844 0.000001 -0.000000 0.000003 -173.949356 -44.535095 163.755829 -175.761383 63.298489 -149.211395 4.343277 1.914166 8.327854 -1.790617 0.657061 -6.936685 0.000000 0.000000 -0.000004 
-11.966977 11.429733 111.722969 5.709473 0.534374 86.695633 0.401835 0.207063 -6.461935 0.759332 -0.581841 -6.399287 -4.073519 -3.640130 11.736001 -8.543745 3.138486 -11.559278 1.621573 1.638124 -3.397668 4.685233 3.251165 -4.871288 0.000077 -0.000023 0.000008 0.261479 -0.127017 -0.215820 1.079311 -3.582674 -10.080038 -0.567744 3.312660 -10.259938 0.370555 -5.377699 9.452210 -50.407948 3.018059 -66.024986 -178.668579 -42.060513 -179.685089 28.673929 17.861330 9.570302 -5.882100 9.861282 0.702589 -10.936856 -0.360576 7.156196 0.000001 8.774817 -0.000001 -16.814608 17.359962 5.136763 -1.844031 2.498503 -2.507275 -10.163589 4.678939 4.621102 -20.975994 -0.000007 0.000003 -21.226254 2.451692 -3.593994 -0.000001 -0.000007 -0.000001 -1.362680 2.240797 -0.746323 -21.334888 0.584907 3.008319 -13.821197 -0.000003 0.000001 -23.887125 -0.249081 -0.839481 -59.230339 0.578307 -1.400737 -0.294024 1.679686 0.833255 -14.218190 0.093213 1.300578 -34.212002 -0.287567 0.967169 -20.033176 0.964532 1.212841 -0.000000 0.000000 -0.000001 -3.440385 0.788230 0.501655 -15.928167 -3.167309 2.999703 -6.338815 -0.000001 -0.000000 -18.123411 3.648174 -4.905659 -0.000004 0.000001 -0.000003 -1.446893 3.903973 10.232697 41.694096 1.731055 -64.801491 -174.799362 36.885254 179.802322 -17.223507 -18.062826 4.479117 2.243540 -5.255032 -3.180155 14.282875 -0.826593 6.952494 -0.000003 -12.690590 0.000002 15.103884 -16.291912 2.719072 1.665665 -1.955920 -2.878298 4.727792 -4.170584 4.993919 11.020511 0.000004 -0.000002 12.109034 -3.735709 -2.866780 0.000002 -0.000000 0.000000 1.291984 -1.928548 -1.498087 14.800113 0.567468 3.865601 14.242553 -1.341732 -6.660648 19.631941 0.143928 -0.648244 48.124146 0.309123 -5.699694 0.353029 -1.511149 -0.031940 20.222767 3.684308 2.316625 18.787245 0.000006 -0.000001 10.751610 -0.479867 1.397904 0.000002 -0.000001 -0.000000 3.273803 0.305947 -0.580110 21.486794 11.830364 2.266128 8.162915 0.000003 -0.000001 18.399050 -3.798977 -4.940567 0.000003 -0.000001 -0.000001 176.052322 77.948830 151.371490 -4.502161 -83.534546 28.122465 -8.726615 -12.633942 9.729622 2.658537 -1.486470 -4.939785 -0.000000 -0.000000 0.000003 -175.921860 -38.074249 163.363907 -176.800613 55.852249 -153.349442 5.675055 -0.066760 13.995879 -1.892118 0.627866 -6.534983 0.000000 -0.000000 -0.000004 
-11.901419 11.149812 112.580826 5.554081 0.325927 86.111267 0.417447 0.435225 -6.175682 1.006788 -0.451611 -6.231747 -3.691866 -3.461325 12.000518 -9.530683 3.218003 -10.445558 1.787683 1.723824 -3.390586 3.851028 3.426148 -4.774730 0.000077 -0.000023 0.000006 0.276261 -0.116801 -0.219334 1.088842 -3.584089 -10.165016 -0.547156 3.339467 -10.342382 0.470279 -5.068064 10.230537 -49.725376 2.810300 -66.599930 -179.652451 -42.315586 -179.650909 28.500708 17.091850 8.972775 -5.882100 9.861280 0.702590 -10.936858 -0.360574 7.156196 0.000001 8.774811 0.000000 -16.942558 17.453510 5.237642 -1.844031 2.498503 -2.507277 -10.163589 4.678939 4.621104 -20.975994 -0.000005 0.000002 -21.226254 2.451691 -3.593994 0.000001 -0.000006 -0.000000 -1.362680 2.240798 -0.746323 -21.334885 0.584906 3.008320 -13.821194 -0.000002 0.000002 -23.887123 -0.249079 -0.839482 -59.717728 0.788888 -1.459065 -0.294025 1.679686 0.833255 -14.218192 0.093214 1.300579 -34.212002 -0.287563 0.967170 -20.033180 0.964535 1.212842 -0.000000 0.000001 -0.000001 -3.440385 0.788232 0.501655 -15.928165 -3.167307 2.999703 -6.338814 -0.000001 0.000001 -18.123411 3.648176 -4.905662 -0.000004 -0.000000 -0.000003 -2.049378 3.985560 10.780645 41.338600 1.166071 -67.604233 -174.532867 37.657936 179.778870 -17.515268 -17.714983 4.670225 2.243540 -5.255032 -3.180155 14.282877 -0.826594 6.952497 -0.000004 -12.690591 0.000001 15.093365 -16.240141 2.809195 1.665665 -1.955919 -2.878296 4.727795 -4.170584 4.993919 11.020512 0.000003 -0.000000 12.109031 -3.735709 -2.866777 -0.000001 0.000000 0.000000 1.291985 -1.928548 -1.498088 14.800117 0.567468 3.865602 14.242553 -1.341733 -6.660648 19.631939 0.143926 -0.648243 48.242432 0.277837 -5.524622 0.353029 -1.511150 -0.031940 20.222771 3.684307 2.316629 18.787247 0.000006 -0.000000 10.751611 -0.479867 1.397904 -0.000003 -0.000000 0.000001 3.273805 0.305947 -0.580110 21.486795 11.830363 2.266130 8.162920 0.000002 0.000001 18.399054 -3.798978 -4.940568 0.000002 0.000001 -0.000001 -179.880554 76.494110 156.998138 -0.867883 -83.116837 22.644089 -9.270430 -14.807814 12.167836 2.666550 -1.429492 -4.340171 0.000000 -0.000001 0.000003 -177.654663 -34.828880 162.878632 -176.998825 52.146275 -157.031265 6.857933 -1.957968 18.555658 -1.967336 0.622107 -5.958772 0.000000 -0.000000 -0.000003 
-11.701077 11.062681 113.239029 5.353420 -0.073839 85.940010 0.505167 0.627297 -5.650512 1.105684 -0.240877 -5.985994 -3.263935 -3.169770 12.095001 -10.362812 3.382757 -9.873390 1.969269 1.994496 -3.369534 2.738544 3.738315 -4.871072 0.000076 -0.000022 0.000004 0.327082 -0.112571 -0.223379 1.156113 -3.592099 -10.273444 -0.522875 3.371279 -10.423542 0.600836 -5.065600 10.775019 -49.012463 1.255887 -68.087395 -179.979965 -42.572998 -179.859100 28.147457 16.173471 8.441070 -5.882100 9.861278 0.702589 -10.936860 -0.360575 7.156198 0.000000 8.774812 -0.000002 -16.788460 17.619347 5.593006 -1.844031 2.498503 -2.507275 -10.163591 4.678940 4.621104 -20.975994 -0.000003 0.000003 -21.226255 2.451692 -3.593992 -0.000000 -0.000006 0.000001 -1.362680 2.240796 -0.746322 -21.334892 0.584906 3.008322 -13.821197 -0.000002 0.000003 -23.887133 -0.249078 -0.839479 -60.289543 1.021672 -1.408091 -0.294024 1.679686 0.833255 -14.218194 0.093213 1.300579 -34.212013 -0.287565 0.967172 -20.033180 0.964536 1.212843 -0.000002 0.000000 -0.000000 -3.440386 0.788232 0.501655 -15.928167 -3.167308 2.999705 -6.338819 -0.000001 0.000001 -18.123413 3.648175 -4.905662 -0.000003 0.000001 -0.000003 -3.043855 4.384535 10.943790 40.457687 0.721680 -71.247505 -174.517227 39.202599 179.771881 -18.134565 -17.986771 5.990334 2.243540 -5.255033 -3.180157 14.282878 -0.826593 6.952495 -0.000003 -12.690590 -0.000002 14.941067 -16.233995 2.943488 1.665665 -1.955920 -2.878296 4.727793 -4.170582 4.993918 11.020511 0.000004 -0.000001 12.109034 -3.735709 -2.866781 0.000001 0.000001 0.000000 1.291984 -1.928548 -1.498087 14.800111 0.567469 3.865603 14.242553 -1.341735 -6.660649 19.631939 0.143927 -0.648245 48.090054 0.111609 -5.430134 0.353029 -1.511149 -0.031940 20.222771 3.684307 2.316628 18.787243 0.000005 -0.000001 10.751613 -0.479868 1.397904 -0.000003 -0.000000 0.000000 3.273805 0.305947 -0.580110 21.486790 11.830361 2.266131 8.162917 0.000002 -0.000001 18.399050 -3.798977 -4.940568 0.000003 0.000001 -0.000000 -174.335617 73.496124 164.498413 -2.546319 -83.499771 20.173342 -10.558395 -17.853176 14.977103 2.570289 -1.394736 -3.469337 0.000000 0.000000 0.000002 179.999222 -31.380844 163.032227 -176.966629 48.050797 -162.452850 7.680285 -3.633635 22.893372 -2.015141 0.627219 -5.302218 0.000000 -0.000000 -0.000003 
-11.444890 11.293280 113.888779 5.361379 -0.590396 86.580154 0.531308 0.640370 -4.967300 1.029623 -0.129925 -5.750535 -2.932487 -2.836036 11.843650 -10.972499 3.585553 -9.464322 2.438775 2.332808 -3.288059 1.403048 4.184600 -4.991818 0.000076 -0.000023 0.000006 0.375869 -0.097368 -0.210244 1.213624 -3.597183 -10.398323 -0.481872 3.405189 -10.506494 0.649763 -5.545077 10.908841 -48.804977 -1.059078 -71.362755 -179.544571 -42.579952 -179.809418 27.444445 15.780328 8.202512 -5.882100 9.861279 0.702588 -10.936858 -0.360575 7.156196 0.000002 8.774813 -0.000002 -16.400002 17.603800 5.967463 -1.844031 2.498502 -2.507276 -10.163588 4.678939 4.621102 -20.975992 -0.000004 -0.000000 -21.226250 2.451690 -3.593994 0.000000 -0.000006 0.000000 -1.362680 2.240797 -0.746323 -21.334887 0.584908 3.008318 -13.821194 -0.000003 0.000000 -23.887129 -0.249081 -0.839482 -60.352650 1.064968 -1.394275 -0.294024 1.679687 0.833255 -14.218190 0.093213 1.300578 -34.211998 -0.287566 0.967169 -20.033175 0.964534 1.212841 -0.000002 0.000000 0.000000 -3.440385 0.788232 0.501654 -15.928164 -3.167307 2.999702 -6.338813 -0.000002 0.000001 -18.123411 3.648176 -4.905663 -0.000004 0.000001 -0.000003 -4.312783 4.712981 10.932383 39.590977 0.182337 -75.349251 -174.825439 41.000740 179.577011 -18.530014 -18.186247 7.381767 2.243540 -5.255033 -3.180158 14.282875 -0.826592 6.952495 -0.000003 -12.690590 -0.000000 14.728996 -16.299253 2.931339 1.665665 -1.955920 -2.878297 4.727792 -4.170582 4.993918 11.020511 0.000004 -0.000002 12.109033 -3.735709 -2.866781 0.000001 0.000001 0.000001 1.291984 -1.928547 -1.498088 14.800111 0.567468 3.865603 14.242553 -1.341734 -6.660649 19.631935 0.143927 -0.648244 47.856670 0.095229 -5.325493 0.353029 -1.511149 -0.031940 20.222769 3.684305 2.316629 18.787245 0.000006 -0.000000 10.751610 -0.479867 1.397904 -0.000002 0.000000 0.000000 3.273804 0.305947 -0.580110 21.486788 11.830362 2.266130 8.162915 0.000002 -0.000000 18.399052 -3.798979 -4.940567 0.000004 0.000000 -0.000001 -167.591171 70.853027 173.340912 -15.124157 -82.629425 26.911034 -12.893437 -21.104233 18.798538 2.348282 -1.452368 -3.165563 0.000000 0.000000 0.000003 176.426010 -25.969959 164.744461 -177.338928 41.272064 -170.587723 7.995710 -4.641896 27.296949 -2.037101 0.675122 -4.395502 0.000000 -0.000000 -0.000003 
-11.371768 11.905986 114.427307 5.461591 -0.930608 87.579483 0.396068 0.542079 -4.099085 0.862338 -0.246346 -5.573826 -2.807062 -2.621957 11.316247 -10.594642 3.703136 -8.716455 2.420236 2.655598 -3.185058 0.174085 4.181327 -4.588778 0.000076 -0.000022 0.000006 0.310061 -0.015483 -0.235664 1.151022 -3.516855 -10.486647 -0.545428 3.484866 -10.581113 1.161856 -6.430298 10.668584 -49.206547 -3.224514 -75.026550 -179.212372 -42.230602 -179.780930 26.767162 15.203718 8.309590 -5.882102 9.861278 0.702591 -10.936860 -0.360574 7.156197 0.000001 8.774815 -0.000000 -15.830735 17.337713 5.959864 -1.844031 2.498504 -2.507276 -10.163590 4.678940 4.621104 -20.975998 -0.000002 0.000003 -21.226255 2.451696 -3.593994 0.000001 -0.000006 -0.000001 -1.362681 2.240798 -0.746323 -21.334892 0.584909 3.008320 -13.821197 -0.000002 0.000001 -23.887131 -0.249077 -0.839482 -59.931053 0.895925 -1.327362 -0.294025 1.679686 0.833255 -14.218194 0.093215 1.300579 -34.212006 -0.287562 0.967168 -20.033182 0.964536 1.212840 -0.000001 0.000000 0.000000 -3.440386 0.788232 0.501656 -15.928169 -3.167305 2.999703 -6.338817 -0.000002 0.000001 -18.123415 3.648178 -4.905663 -0.000004 -0.000000 -0.000002 -5.699312 4.797692 10.542523 39.688732 -0.170775 -78.144600 -175.350510 42.271801 179.375900 -19.207439 -18.243885 7.064226 2.243540 -5.255031 -3.180155 14.282879 -0.826595 6.952497 -0.000003 -12.690587 0.000000 14.209510 -16.349133 2.957782 1.665665 -1.955920 -2.878296 4.727795 -4.170584 4.993918 11.020513 0.000003 0.000000 12.109033 -3.735709 -2.866778 -0.000001 0.000001 -0.000000 1.291984 -1.928547 -1.498088 14.800114 0.567467 3.865605 14.242553 -1.341735 -6.660645 19.631941 0.143925 -0.648242 47.788635 0.294362 -5.101764 0.353029 -1.511150 -0.031939 20.222771 3.684304 2.316629 18.787245 0.000004 -0.000000 10.751611 -0.479868 1.397904 -0.000002 0.000000 0.000000 3.273804 0.305947 -0.580110 21.486794 11.830360 2.266130 8.162917 0.000001 0.000000 18.399055 -3.798978 -4.940568 0.000003 0.000001 -0.000000 -159.283096 71.048515 -176.032715 -20.299040 -79.609383 28.183804 -14.871814 -19.938452 22.054607 2.000244 -1.527736 -6.710159 0.000000 0.000000 0.000002 171.883606 -17.891472 167.798477 -178.567047 30.409346 -178.983383 8.091993 -4.863151 30.821524 -1.979935 0.771923 -3.526890 0.000000 0.000000 -0.000003 
-11.385799 12.304276 114.893257 5.264266 -1.077979 87.967941 0.139341 0.558325 -3.374609 0.700768 -0.333194 -5.390392 -2.569329 -2.613360 11.061597 -10.318443 3.873394 -7.462484 2.155284 3.107530 -3.208497 -0.711091 4.210594 -4.014388 0.000077 -0.000022 0.000006 0.266215 0.033750 -0.236640 1.083996 -3.448568 -10.435742 -0.567515 3.500802 -10.516440 1.781512 -7.318067 10.441582 -49.928055 -4.633934 -78.432739 -178.652130 -41.471615 179.571976 26.718452 14.541986 8.165372 -5.882100 9.861280 0.702590 -10.936858 -0.360576 7.156197 0.000000 8.774814 -0.000002 -15.863489 17.056776 5.692270 -1.844030 2.498502 -2.507275 -10.163589 4.678942 4.621106 -20.975992 -0.000004 0.000004 -21.226248 2.451695 -3.593992 0.000002 -0.000006 -0.000000 -1.362680 2.240798 -0.746323 -21.334887 0.584909 3.008322 -13.821194 -0.000003 0.000003 -23.887125 -0.249077 -0.839480 -59.671028 1.291240 -1.303375 -0.294024 1.679687 0.833255 -14.218190 0.093215 1.300580 -34.211998 -0.287564 0.967172 -20.033180 0.964535 1.212842 -0.000001 -0.000000 -0.000001 -3.440385 0.788235 0.501655 -15.928167 -3.167307 2.999704 -6.338815 -0.000002 0.000002 -18.123415 3.648176 -4.905660 -0.000003 -0.000002 -0.000002 -6.575818 4.874456 10.281140 39.853294 -0.200231 -79.303604 -175.404022 42.947491 179.342010 -20.324270 -17.707512 6.298591 2.243540 -5.255033 -3.180155 14.282873 -0.826592 6.952494 -0.000002 -12.690590 -0.000001 14.436451 -16.326607 2.798048 1.665665 -1.955920 -2.878297 4.727793 -4.170585 4.993919 11.020511 0.000003 -0.000001 12.109030 -3.735710 -2.866780 -0.000001 0.000001 0.000000 1.291984 -1.928548 -1.498088 14.800111 0.567469 3.865602 14.242553 -1.341736 -6.660648 19.631939 0.143927 -0.648242 48.054871 0.211379 -5.135056 0.353029 -1.511149 -0.031940 20.222769 3.684307 2.316627 18.787245 0.000005 0.000000 10.751608 -0.479867 1.397904 -0.000001 0.000000 0.000000 3.273804 0.305947 -0.580110 21.486790 11.830365 2.266132 8.162913 0.000002 0.000000 18.399052 -3.798981 -4.940568 0.000003 0.000001 -0.000000 -154.928711 72.236198 -169.919647 -13.656306 -77.248405 22.355066 -14.311095 -17.493486 18.355484 1.985084 -1.413249 -7.314334 0.000000 0.000000 0.000002 168.800003 -9.655868 170.478012 -179.165680 18.338476 174.751495 9.126610 -4.808672 33.540047 -1.826524 0.770867 -4.146968 -0.000000 0.000000 -0.000001 
-11.552480 12.668043 115.276947 5.275262 -1.099220 87.905121 0.010588 0.443883 -2.720341 0.484864 -0.345158 -5.276332 -2.364088 -2.734400 11.064454 -10.559430 4.196785 -6.369595 1.962794 3.267800 -3.211229 -1.388370 4.255309 -3.500843 0.000077 -0.000023 0.000006 0.304911 0.010322 -0.229382 1.106469 -3.419911 -10.308575 -0.514450 3.428382 -10.343136 2.293798 -8.123557 10.107828 -50.221184 -5.402283 -80.487747 -178.720825 -40.820702 179.194061 26.584444 13.464469 8.962632 -5.882102 9.861277 0.702589 -10.936859 -0.360576 7.156196 0.000001 8.774814 -0.000002 -15.968259 16.968451 5.410815 -1.844032 2.498503 -2.507276 -10.163590 4.678938 4.621101 -20.975998 -0.000003 0.000001 -21.226255 2.451690 -3.593994 0.000002 -0.000005 -0.000000 -1.362681 2.240796 -0.746323 -21.334898 0.584908 3.008318 -13.821197 -0.000003 0.000000 -23.887133 -0.249080 -0.839480 -59.453365 1.682098 -1.499775 -0.294024 1.679685 0.833255 -14.218194 0.093212 1.300579 -34.212013 -0.287566 0.967167 -20.033180 0.964533 1.212841 0.000000 0.000000 -0.000001 -3.440386 0.788232 0.501655 -15.928171 -3.167306 2.999702 -6.338818 -0.000002 0.000001 -18.123415 3.648175 -4.905662 -0.000003 -0.000000 -0.000002 -7.044949 5.153514 10.367662 39.977203 0.006895 -80.193031 -175.424286 43.161621 179.307892 -21.227724 -16.990370 5.280914 2.243540 -5.255032 -3.180156 14.282875 -0.826594 6.952495 -0.000002 -12.690588 0.000000 14.910840 -16.152843 2.574525 1.665665 -1.955920 -2.878296 4.727793 -4.170583 4.993918 11.020511 0.000002 -0.000002 12.109032 -3.735709 -2.866779 -0.000001 0.000000 -0.000000 1.291984 -1.928548 -1.498088 14.800113 0.567468 3.865604 14.242553 -1.341734 -6.660648 19.631937 0.143925 -0.648244 48.362377 0.052272 -5.249644 0.353029 -1.511149 -0.031941 20.222769 3.684307 2.316628 18.787245 0.000004 -0.000000 10.751608 -0.479868 1.397904 -0.000001 -0.000000 -0.000000 3.273804 0.305947 -0.580109 21.486788 11.830360 2.266131 8.162916 0.000001 0.000001 18.399052 -3.798978 -4.940566 0.000003 0.000000 -0.000001 -154.041672 72.739716 -168.251404 -10.898920 -77.194878 21.007633 -14.375015 -16.473801 14.158062 2.125043 -1.338684 -6.343311 0.000000 -0.000001 0.000002 167.312363 -2.070985 172.663849 -179.132309 6.739580 172.187851 9.510968 -5.968817 35.178963 -1.765506 0.674083 -6.882399 0.000000 0.000000 0.000000 
-11.800240 12.771946 115.539619 5.251306 -1.056533 87.758667 0.043705 0.330114 -2.315151 0.321903 -0.255779 -5.230453 -2.331406 -2.792001 11.248958 -11.075719 4.535852 -5.865562 1.913533 3.223229 -3.210798 -1.888869 4.203309 -3.099731 0.000078 -0.000023 0.000006 0.334114 -0.001888 -0.213435 1.146998 -3.411601 -10.291410 -0.513384 3.427626 -10.301736 2.620536 -8.647888 9.954880 -50.025513 -6.108870 -80.780563 -179.198029 -40.329594 179.115631 26.547129 12.430988 10.284905 -5.882099 9.861277 0.702590 -10.936858 -0.360575 7.156197 0.000001 8.774812 -0.000000 -15.942912 16.990940 5.333382 -1.844030 2.498502 -2.507276 -10.163589 4.678940 4.621105 -20.975992 -0.000004 0.000003 -21.226254 2.451693 -3.593992 0.000001 -0.000007 0.000001 -1.362681 2.240796 -0.746323 -21.334892 0.584908 3.008321 -13.821197 -0.000003 0.000002 -23.887131 -0.249078 -0.839479 -59.239292 1.767396 -1.666652 -0.294025 1.679686 0.833254 -14.218190 0.093213 1.300579 -34.211998 -0.287564 0.967172 -20.033178 0.964536 1.212843 0.000001 0.000000 -0.000000 -3.440386 0.788231 0.501655 -15.928165 -3.167307 2.999704 -6.338817 -0.000002 0.000002 -18.123411 3.648176 -4.905661 -0.000002 -0.000000 -0.000002 -7.426301 5.437585 10.392743 40.110210 0.375161 -80.384598 -175.165085 43.211384 179.535553 -21.904150 -16.096943 5.032401 2.243540 -5.255032 -3.180154 14.282877 -0.826594 6.952496 -0.000002 -12.690590 0.000001 15.221679 -15.967306 2.436091 1.665665 -1.955920 -2.878296 4.727794 -4.170584 4.993917 11.020513 0.000003 -0.000000 12.109034 -3.735709 -2.866779 -0.000002 0.000000 0.000001 1.291984 -1.928548 -1.498087 14.800114 0.567468 3.865603 14.242554 -1.341735 -6.660648 19.631939 0.143926 -0.648243 48.493893 0.038824 -5.260441 0.353029 -1.511149 -0.031939 20.222773 3.684306 2.316629 18.787249 0.000005 -0.000000 10.751610 -0.479868 1.397904 -0.000001 0.000000 -0.000000 3.273804 0.305947 -0.580110 21.486790 11.830361 2.266130 8.162916 0.000001 0.000000 18.399054 -3.798979 -4.940567 0.000003 -0.000000 -0.000001 -154.928024 72.800575 -168.723572 -8.369533 -78.357635 19.499138 -15.007498 -17.270834 10.869282 2.224546 -1.323979 -5.576800 0.000000 -0.000000 0.000002 166.736649 1.339097 173.576492 -179.215729 1.335194 173.043213 9.486569 -6.435040 34.269142 -1.683558 0.690114 -7.501276 -0.000000 0.000000 -0.000001 
-12.044043 12.808430 115.768112 5.109835 -1.050904 87.660812 0.105891 0.220621 -2.158383 0.291733 -0.130800 -5.204167 -2.389383 -2.710086 11.466265 -11.684241 4.837571 -5.651302 1.944929 3.184325 -3.189683 -2.330362 4.298721 -2.782603 0.000077 -0.000023 0.000006 0.338982 0.010983 -0.200128 1.163148 -3.412477 -10.283306 -0.516505 3.434213 -10.287463 2.885887 -8.940425 9.958326 -49.877651 -6.655882 -80.226532 -179.632629 -39.928249 179.286713 26.214287 11.832068 11.605700 -5.882101 9.861279 0.702589 -10.936857 -0.360575 7.156196 -0.000000 8.774816 -0.000002 -15.954508 17.094753 5.338899 -1.844031 2.498503 -2.507277 -10.163589 4.678938 4.621102 -20.975996 -0.000004 0.000000 -21.226255 2.451690 -3.593995 0.000002 -0.000006 0.000002 -1.362680 2.240797 -0.746323 -21.334887 0.584907 3.008318 -13.821197 -0.000003 0.000000 -23.887125 -0.249081 -0.839483 -59.342442 1.731035 -1.642541 -0.294024 1.679687 0.833255 -14.218190 0.093213 1.300577 -34.211998 -0.287567 0.967167 -20.033175 0.964533 1.212840 -0.000001 0.000000 0.000000 -3.440385 0.788233 0.501654 -15.928165 -3.167306 2.999701 -6.338817 -0.000001 0.000001 -18.123415 3.648175 -4.905664 -0.000003 -0.000001 -0.000001 -7.836726 5.814878 10.613714 40.207710 0.901185 -80.814285 -175.442886 43.313351 179.621628 -22.435493 -15.315436 5.123047 2.243539 -5.255033 -3.180155 14.282871 -0.826592 6.952496 -0.000004 -12.690593 0.000001 15.386431 -16.050005 2.379085 1.665664 -1.955920 -2.878295 4.727792 -4.170583 4.993918 11.020507 0.000004 -0.000002 12.109029 -3.735710 -2.866779 -0.000001 0.000000 0.000001 1.291984 -1.928548 -1.498089 14.800111 0.567469 3.865604 14.242551 -1.341735 -6.660648 19.631933 0.143928 -0.648242 48.596451 0.053944 -5.286298 0.353029 -1.511149 -0.031940 20.222763 3.684308 2.316628 18.787245 0.000005 -0.000000 10.751608 -0.479867 1.397904 -0.000001 0.000001 -0.000000 3.273804 0.305947 -0.580110 21.486788 11.830366 2.266132 8.162915 0.000002 0.000001 18.399050 -3.798980 -4.940567 0.000003 -0.000000 -0.000001 -157.330200 71.761887 -170.728699 -7.608014 -80.928528 19.308016 -15.678997 -18.427544 7.854616 2.259031 -1.336405 -5.469099 0.000000 0.000000 0.000002 166.581009 2.271224 174.565872 -179.143784 -0.434364 174.945282 9.693395 -5.702642 33.275703 -1.606951 0.731894 -7.541522 0.000000 0.000000 0.000000 
-12.196948 12.564426 115.879143 5.017797 -1.179405 87.494621 0.139966 0.127368 -1.865139 0.416524 -0.016315 -5.210875 -2.537545 -2.551215 11.492392 -12.395415 4.954682 -5.450001 2.045691 3.460635 -3.163641 -2.669983 4.703764 -2.599188 0.000077 -0.000022 0.000006 0.326939 0.009769 -0.193516 1.143799 -3.413149 -10.248592 -0.515332 3.424530 -10.230206 3.061682 -9.250000 9.788308 -50.128040 -6.622297 -79.965279 -179.575867 -39.363297 179.512192 24.684433 11.532280 12.449387 -5.882101 9.861277 0.702590 -10.936858 -0.360574 7.156196 0.000000 8.774811 -0.000001 -15.798723 17.303398 5.473003 -1.844031 2.498503 -2.507275 -10.163589 4.678939 4.621103 -20.975998 -0.000003 0.000001 -21.226255 2.451693 -3.593994 -0.000000 -0.000008 0.000001 -1.362680 2.240797 -0.746323 -21.334892 0.584909 3.008318 -13.821195 -0.000003 0.000001 -23.887125 -0.249079 -0.839481 -59.219662 1.848720 -1.706036 -0.294024 1.679686 0.833255 -14.218194 0.093214 1.300578 -34.212002 -0.287564 0.967168 -20.033175 0.964534 1.212840 0.000000 -0.000000 -0.000000 -3.440385 0.788233 0.501654 -15.928165 -3.167305 2.999703 -6.338817 -0.000001 0.000001 -18.123411 3.648175 -4.905662 -0.000003 -0.000000 -0.000000 -8.439034 6.214514 11.013212 40.535885 1.554861 -81.601166 -176.165268 43.460026 179.385117 -22.713165 -14.293286 5.236138 2.243540 -5.255032 -3.180155 14.282877 -0.826593 6.952497 -0.000004 -12.690587 -0.000000 15.716250 -16.402559 2.385202 1.665665 -1.955920 -2.878295 4.727794 -4.170583 4.993919 11.020512 0.000003 -0.000001 12.109033 -3.735708 -2.866779 -0.000002 0.000000 -0.000000 1.291984 -1.928548 -1.498088 14.800114 0.567467 3.865604 14.242554 -1.341734 -6.660648 19.631937 0.143926 -0.648242 48.903484 -0.150883 -5.486302 0.353029 -1.511149 -0.031940 20.222769 3.684305 2.316628 18.787249 0.000004 0.000000 10.751612 -0.479868 1.397904 -0.000002 0.000000 -0.000000 3.273804 0.305947 -0.580110 21.486794 11.830362 2.266131 8.162916 0.000000 -0.000000 18.399052 -3.798979 -4.940566 0.000002 -0.000000 -0.000001 -160.345322 70.317795 -173.318054 -9.700996 -83.892433 21.873468 -15.787432 -19.629915 4.510981 2.245612 -1.285448 -5.749666 0.000000 0.000000 0.000002 166.484344 2.204165 175.689758 -179.227783 -0.672898 177.506668 10.016187 -3.988468 32.360699 -1.602866 0.683165 -7.485152 -0.000000 0.000000 -0.000001 
-12.322032 12.383294 115.818871 5.018661 -1.203922 87.465034 0.202377 -0.012057 -1.497824 0.530262 0.100435 -5.120398 -2.618193 -2.374196 11.202431 -12.816108 5.067225 -5.417323 2.254338 3.884550 -3.131883 -3.368491 5.227505 -2.536062 0.000077 -0.000021 0.000006 0.341819 0.005213 -0.168705 1.164680 -3.417484 -10.249265 -0.516951 3.449382 -10.253089 3.175430 -9.535995 9.874841 -50.506584 -6.728514 -80.693893 -179.096085 -39.023258 179.758636 22.954929 11.139147 12.577720 -5.882102 9.861278 0.702589 -10.936859 -0.360574 7.156197 0.000000 8.774811 -0.000001 -15.605843 17.399456 5.623760 -1.844031 2.498502 -2.507276 -10.163589 4.678939 4.621104 -20.975996 -0.000003 0.000001 -21.226250 2.451693 -3.593995 -0.000001 -0.000007 0.000000 -1.362681 2.240797 -0.746323 -21.334892 0.584911 3.008319 -13.821194 -0.000002 0.000002 -23.887133 -0.249077 -0.839483 -59.293217 1.814912 -1.565214 -0.294024 1.679687 0.833255 -14.218190 0.093215 1.300579 -34.212002 -0.287563 0.967167 -20.033176 0.964535 1.212841 -0.000001 0.000000 0.000000 -3.440385 0.788232 0.501655 -15.928165 -3.167305 2.999703 -6.338816 0.000000 0.000001 -18.123413 3.648176 -4.905662 -0.000004 0.000000 -0.000002 -9.127533 6.541180 10.948144 40.975670 1.841022 -81.726883 -176.336945 43.462467 179.375809 -22.907564 -13.375963 6.002855 2.243540 -5.255033 -3.180156 14.282877 -0.826593 6.952495 -0.000003 -12.690591 -0.000001 15.764697 -16.566250 2.306126 1.665665 -1.955920 -2.878296 4.727793 -4.170582 4.993917 11.020511 0.000004 -0.000001 12.109031 -3.735708 -2.866781 0.000000 0.000001 0.000000 1.291985 -1.928548 -1.498088 14.800111 0.567469 3.865603 14.242553 -1.341733 -6.660648 19.631939 0.143927 -0.648244 48.870121 -0.108496 -5.579611 0.353028 -1.511149 -0.031940 20.222769 3.684307 2.316628 18.787245 0.000006 0.000000 10.751610 -0.479866 1.397904 -0.000001 0.000000 0.000000 3.273804 0.305947 -0.580111 21.486790 11.830361 2.266131 8.162916 0.000001 0.000000 18.399050 -3.798978 -4.940566 0.000002 0.000000 -0.000001 -161.422546 69.371414 -174.094589 -13.036510 -85.953339 25.829021 -15.758161 -20.777092 1.720738 2.221131 -1.294691 -5.750669 0.000000 0.000000 0.000002 166.576401 1.487190 177.277710 -179.005692 0.414601 -179.016769 10.519310 -2.665583 30.821472 -1.581306 0.678641 -7.533978 -0.000000 0.000000 -0.000001 
-12.575689 12.349373 115.822922 4.913238 -1.215708 87.402779 0.262416 0.003549 -1.270065 0.538393 0.205163 -5.040289 -2.663555 -2.232697 11.112672 -13.016696 5.161264 -5.337391 2.334300 4.328804 -3.117060 -3.741389 5.733729 -2.608768 0.000076 -0.000022 0.000006 0.361240 0.001582 -0.154920 1.196264 -3.439785 -10.257396 -0.499021 3.455298 -10.265092 3.312337 -9.779852 10.022236 -50.834648 -7.120626 -81.290390 -178.989334 -38.776485 179.808319 21.749939 10.526343 12.907880 -5.882102 9.861279 0.702590 -10.936860 -0.360574 7.156197 0.000000 8.774815 -0.000001 -15.574379 17.563581 5.735862 -1.844031 2.498503 -2.507275 -10.163589 4.678941 4.621104 -20.975994 -0.000005 0.000004 -21.226254 2.451693 -3.593991 0.000001 -0.000006 0.000001 -1.362680 2.240796 -0.746322 -21.334890 0.584908 3.008321 -13.821198 -0.000002 0.000003 -23.887136 -0.249077 -0.839479 -59.322033 1.903852 -1.501949 -0.294025 1.679686 0.833255 -14.218195 0.093215 1.300580 -34.212013 -0.287563 0.967172 -20.033180 0.964536 1.212842 -0.000001 0.000000 -0.000000 -3.440386 0.788232 0.501656 -15.928169 -3.167307 2.999704 -6.338818 -0.000002 0.000002 -18.123413 3.648178 -4.905661 -0.000003 -0.000000 -0.000002 -9.811243 6.740385 10.680108 41.454239 1.954539 -81.495903 -176.133896 43.482971 179.504974 -22.969578 -12.933867 6.780813 2.243540 -5.255033 -3.180155 14.282877 -0.826594 6.952495 -0.000003 -12.690591 -0.000000 15.736186 -16.595888 2.269022 1.665665 -1.955920 -2.878295 4.727793 -4.170584 4.993918 11.020512 0.000003 -0.000001 12.109034 -3.735711 -2.866780 0.000000 0.000000 -0.000000 1.291985 -1.928548 -1.498088 14.800114 0.567468 3.865603 14.242553 -1.341735 -6.660648 19.631939 0.143926 -0.648244 48.810028 -0.030516 -5.632725 0.353029 -1.511150 -0.031940 20.222769 3.684306 2.316629 18.787245 0.000006 -0.000000 10.751612 -0.479867 1.397904 -0.000000 0.000000 -0.000000 3.273804 0.305947 -0.580110 21.486790 11.830363 2.266129 8.162916 0.000001 -0.000000 18.399054 -3.798979 -4.940568 0.000002 -0.000000 -0.000001 -161.814926 68.700157 -174.355331 -18.237535 -87.185196 31.519968 -15.721933 -21.582851 -0.439741 2.201000 -1.305176 -5.888749 0.000000 0.000000 0.000002 166.650970 1.336441 178.201782 -179.052643 0.466374 -177.039032 10.515262 -2.106859 29.802191 -1.553128 0.694693 -7.830594 0.000000 0.000000 -0.000001 
-12.749000 12.446314 115.822342 4.833897 -1.170689 87.353592 0.320517 0.047368 -1.122983 0.483150 0.239936 -4.985365 -2.647521 -2.138788 11.094728 -13.041101 5.283534 -5.268927 2.344394 4.796337 -3.061836 -3.947581 6.273716 -2.788889 0.000076 -0.000022 0.000007 0.375488 0.018676 -0.156615 1.209508 -3.426059 -10.214748 -0.492550 3.455622 -10.239884 3.412099 -10.007780 10.097378 -50.970329 -7.329815 -81.543190 -179.228745 -38.662273 179.769196 21.020592 9.958966 13.255011 -5.882102 9.861277 0.702590 -10.936859 -0.360575 7.156197 -0.000001 8.774813 -0.000001 -15.664995 17.681055 5.734492 -1.844031 2.498503 -2.507275 -10.163589 4.678941 4.621105 -20.975994 -0.000004 0.000003 -21.226255 2.451694 -3.593993 0.000001 -0.000006 0.000002 -1.362680 2.240796 -0.746323 -21.334892 0.584909 3.008321 -13.821197 -0.000001 0.000002 -23.887133 -0.249077 -0.839481 -59.390881 1.954756 -1.496782 -0.294025 1.679686 0.833255 -14.218194 0.093215 1.300580 -34.212002 -0.287561 0.967170 -20.033178 0.964536 1.212842 0.000000 -0.000000 0.000000 -3.440386 0.788233 0.501656 -15.928171 -3.167305 2.999705 -6.338816 -0.000001 0.000002 -18.123413 3.648176 -4.905661 -0.000004 -0.000000 -0.000002 -10.352500 6.938279 10.381706 41.964996 1.998893 -81.303162 -175.943100 43.427883 179.690765 -22.923046 -12.804908 7.177683 2.243540 -5.255032 -3.180156 14.282875 -0.826594 6.952496 -0.000002 -12.690591 -0.000000 15.779488 -16.553782 2.247995 1.665665 -1.955920 -2.878297 4.727793 -4.170583 4.993918 11.020512 0.000003 -0.000002 12.109033 -3.735710 -2.866780 0.000000 0.000000 -0.000000 1.291985 -1.928548 -1.498089 14.800113 0.567467 3.865602 14.242553 -1.341735 -6.660648 19.631939 0.143925 -0.648244 48.843262 0.070856 -5.520372 0.353029 -1.511149 -0.031940 20.222767 3.684304 2.316626 18.787245 0.000004 -0.000000 10.751610 -0.479868 1.397903 0.000000 -0.000000 -0.000001 3.273804 0.305947 -0.580112 21.486792 11.830362 2.266130 8.162916 0.000002 0.000000 18.399054 -3.798978 -4.940568 0.000003 -0.000000 -0.000001 -161.521835 68.370079 -174.049896 -23.537987 -87.759460 37.020557 -15.561213 -22.161964 -1.894888 2.171638 -1.312235 -6.376649 0.000000 0.000000 0.000002 166.792969 1.696246 178.711502 -179.064240 -0.264877 -176.074646 10.351530 -1.737317 29.228594 -1.528768 0.694281 -8.018315 0.000000 0.000000 -0.000001 
-13.078245 12.481099 115.890381 4.794919 -1.113250 87.431534 0.438428 0.018042 -1.116799 0.415585 0.312116 -4.907854 -2.687890 -2.031501 11.075956 -12.952965 5.541382 -5.377712 2.520410 5.193046 -3.046186 -4.385225 6.954060 -2.736888 0.000078 -0.000024 0.000006 0.408118 0.022419 -0.172885 1.228504 -3.397244 -10.150036 -0.436867 3.458906 -10.171126 3.462011 -10.181080 10.077440 -50.930149 -7.365811 -81.822166 -179.342392 -38.598656 179.609375 20.372608 9.446773 13.274836 -5.882099 9.861278 0.702589 -10.936857 -0.360576 7.156196 0.000001 8.774813 -0.000001 -15.621921 17.729589 5.647752 -1.844031 2.498502 -2.507276 -10.163589 4.678939 4.621104 -20.975994 -0.000006 0.000001 -21.226250 2.451690 -3.593993 0.000002 -0.000006 0.000001 -1.362680 2.240796 -0.746323 -21.334892 0.584906 3.008320 -13.821197 -0.000004 0.000002 -23.887129 -0.249080 -0.839481 -59.311256 1.868057 -1.526740 -0.294024 1.679686 0.833255 -14.218190 0.093213 1.300578 -34.211998 -0.287568 0.967169 -20.033175 0.964533 1.212842 -0.000001 -0.000000 0.000000 -3.440385 0.788232 0.501655 -15.928165 -3.167308 2.999703 -6.338815 -0.000001 0.000001 -18.123411 3.648175 -4.905663 -0.000003 -0.000000 -0.000001 -10.626002 7.124747 10.425152 42.310455 1.935511 -81.599472 -175.921829 43.235867 179.929291 -22.577446 -13.152872 7.063383 2.243539 -5.255032 -3.180156 14.282877 -0.826594 6.952497 -0.000003 -12.690590 0.000001 15.781170 -16.653687 2.350450 1.665664 -1.955920 -2.878297 4.727795 -4.170583 4.993920 11.020511 0.000003 0.000001 12.109032 -3.735709 -2.866777 0.000000 0.000000 0.000000 1.291984 -1.928548 -1.498088 14.800114 0.567468 3.865605 14.242551 -1.341734 -6.660647 19.631937 0.143926 -0.648241 48.928501 0.120329 -5.367404 0.353028 -1.511149 -0.031940 20.222771 3.684306 2.316629 18.787245 0.000004 0.000001 10.751614 -0.479868 1.397904 -0.000001 0.000000 0.000000 3.273804 0.305947 -0.580111 21.486794 11.830363 2.266131 8.162916 0.000000 0.000001 18.399057 -3.798980 -4.940566 0.000001 -0.000000 -0.000001 -161.020493 67.844444 -173.574692 -31.869619 -88.215782 45.233688 -15.130443 -22.091459 -2.595577 2.162395 -1.260757 -7.418826 -0.000000 0.000000 0.000002 166.762253 1.978653 179.140793 -179.681137 -0.742540 -175.508743 9.822274 -1.321948 29.170914 -1.490758 0.668243 -8.792691 0.000000 -0.000000 0.000000 
-13.283065 12.519127 115.915749 4.787147 -1.044166 87.402672 0.408364 -0.026278 -0.994507 0.467015 0.348678 -4.859140 -2.737116 -2.000407 10.976676 -12.858394 5.686076 -5.473933 2.598412 5.726630 -2.974887 -4.593671 7.641308 -2.994192 0.000079 -0.000024 0.000006 0.409708 0.022311 -0.170101 1.228439 -3.391479 -10.109593 -0.431189 3.443608 -10.146181 3.527043 -10.325067 10.059543 -50.965420 -7.267584 -82.147835 -179.344604 -38.637878 179.597977 19.842869 9.110959 13.425013 -5.882099 9.861278 0.702590 -10.936857 -0.360574 7.156197 0.000001 8.774812 -0.000002 -15.598185 17.713890 5.650798 -1.844030 2.498503 -2.507275 -10.163589 4.678939 4.621103 -20.975994 -0.000003 0.000004 -21.226250 2.451694 -3.593992 0.000002 -0.000007 0.000001 -1.362680 2.240797 -0.746323 -21.334887 0.584908 3.008322 -13.821193 -0.000003 0.000002 -23.887129 -0.249077 -0.839479 -59.354710 1.889558 -1.471146 -0.294025 1.679686 0.833255 -14.218190 0.093213 1.300580 -34.211998 -0.287564 0.967172 -20.033176 0.964536 1.212843 0.000001 -0.000000 0.000000 -3.440385 0.788233 0.501655 -15.928164 -3.167307 2.999705 -6.338815 -0.000001 0.000002 -18.123411 3.648178 -4.905660 -0.000005 -0.000000 -0.000002 -10.891204 7.306683 10.359903 42.731544 1.894519 -81.584084 -176.047455 43.179020 179.959000 -22.471798 -13.122516 7.258043 2.243539 -5.255033 -3.180155 14.282875 -0.826591 6.952495 -0.000004 -12.690591 -0.000001 15.874866 -16.720707 2.308307 1.665665 -1.955920 -2.878297 4.727792 -4.170583 4.993918 11.020510 0.000003 -0.000001 12.109030 -3.735710 -2.866780 -0.000001 -0.000000 -0.000001 1.291984 -1.928548 -1.498088 14.800109 0.567469 3.865603 14.242553 -1.341734 -6.660649 19.631939 0.143928 -0.648243 49.000443 0.084724 -5.341703 0.353029 -1.511149 -0.031940 20.222765 3.684308 2.316628 18.787245 0.000005 0.000001 10.751611 -0.479867 1.397904 -0.000002 0.000000 -0.000000 3.273804 0.305947 -0.580111 21.486788 11.830365 2.266131 8.162916 0.000002 0.000000 18.399050 -3.798978 -4.940567 0.000001 0.000000 -0.000001 -161.118347 67.793854 -173.766785 -36.503323 -88.480957 49.509872 -15.161674 -21.582792 -1.756114 2.155798 -1.254836 -8.089786 0.000000 0.000000 0.000003 167.093018 1.821547 179.281342 -179.413208 -0.557966 -175.322189 9.803391 -0.914372 29.443710 -1.467392 0.668535 -8.931553 0.000000 0.000000 0.000000 
-13.561420 12.546760 115.978874 4.849204 -1.042861 87.428955 0.379870 -0.087578 -0.891343 0.482468 0.403284 -4.814919 -2.794259 -1.996736 10.846743 -12.710006 5.745398 -5.597116 2.662581 6.329768 -2.916645 -4.824844 8.394147 -3.326914 0.000077 -0.000024 0.000007 0.396039 0.027456 -0.168276 1.208404 -3.379789 -10.059875 -0.443898 3.440588 -10.108998 3.644425 -10.502090 10.055707 -51.083591 -7.080426 -82.509468 -179.272461 -38.656498 179.640778 19.376379 8.861330 13.498774 -5.882102 9.861280 0.702590 -10.936861 -0.360577 7.156198 0.000000 8.774815 -0.000002 -15.588598 17.698751 5.662848 -1.844031 2.498503 -2.507276 -10.163591 4.678940 4.621104 -20.975996 -0.000004 0.000004 -21.226255 2.451693 -3.593992 0.000002 -0.000007 -0.000000 -1.362680 2.240797 -0.746323 -21.334892 0.584908 3.008321 -13.821195 -0.000004 0.000003 -23.887133 -0.249077 -0.839480 -59.404247 1.889189 -1.498969 -0.294025 1.679686 0.833255 -14.218194 0.093213 1.300580 -34.212013 -0.287564 0.967171 -20.033182 0.964535 1.212843 0.000000 -0.000000 -0.000000 -3.440386 0.788233 0.501655 -15.928169 -3.167307 2.999704 -6.338817 -0.000001 0.000001 -18.123415 3.648177 -4.905661 -0.000004 -0.000000 -0.000001 -11.064616 7.408774 10.414179 43.127422 1.785841 -81.588234 -176.077591 43.077591 179.883057 -22.302101 -13.041656 7.417396 2.243540 -5.255033 -3.180155 14.282877 -0.826594 6.952495 -0.000002 -12.690590 -0.000001 15.939384 -16.819206 2.234670 1.665665 -1.955920 -2.878296 4.727794 -4.170584 4.993918 11.020512 0.000002 -0.000001 12.109032 -3.735711 -2.866779 -0.000001 -0.000000 -0.000000 1.291984 -1.928548 -1.498088 14.800111 0.567467 3.865603 14.242554 -1.341735 -6.660649 19.631939 0.143926 -0.648244 48.972073 0.058007 -5.398921 0.353029 -1.511149 -0.031941 20.222767 3.684306 2.316628 18.787245 0.000004 -0.000001 10.751611 -0.479868 1.397904 -0.000001 0.000001 -0.000000 3.273804 0.305947 -0.580110 21.486792 11.830361 2.266131 8.162915 0.000001 -0.000001 18.399052 -3.798979 -4.940567 0.000003 -0.000001 -0.000000 -161.861267 68.005859 -174.532074 -33.735893 -88.467743 45.821014 -15.449972 -21.451761 -1.116226 2.163510 -1.233774 -8.623098 0.000000 0.000000 0.000002 167.156799 1.579203 179.363739 -179.616425 -0.060683 -175.273483 9.577357 -0.641591 29.663855 -1.442480 0.673847 -9.080651 -0.000000 0.000000 -0.000001 
-13.747779 12.539207 115.941406 4.960336 -1.019337 87.479546 0.321577 -0.138768 -0.807998 0.478997 0.428340 -4.779348 -2.787847 -2.012274 10.736470 -12.569107 5.746536 -5.753759 2.708267 7.039355 -2.870916 -5.041298 9.197958 -3.706501 0.000078 -0.000022 0.000006 0.374966 0.027884 -0.163376 1.179041 -3.366315 -10.024426 -0.454718 3.434501 -10.098365 3.737648 -10.717564 10.088107 -51.190853 -6.934694 -82.997635 -179.263947 -38.677666 179.809738 18.924788 8.628939 13.610658 -5.882101 9.861278 0.702590 -10.936858 -0.360575 7.156197 0.000001 8.774813 -0.000001 -15.585290 17.754826 5.719397 -1.844031 2.498503 -2.507276 -10.163589 4.678939 4.621103 -20.975994 -0.000005 0.000003 -21.226254 2.451692 -3.593992 0.000001 -0.000006 -0.000000 -1.362680 2.240796 -0.746323 -21.334890 0.584907 3.008320 -13.821198 -0.000004 0.000002 -23.887135 -0.249079 -0.839480 -59.460487 1.914112 -1.537897 -0.294025 1.679686 0.833256 -14.218194 0.093215 1.300579 -34.212002 -0.287565 0.967171 -20.033176 0.964534 1.212842 0.000000 0.000000 -0.000000 -3.440386 0.788233 0.501655 -15.928169 -3.167307 2.999703 -6.338817 -0.000001 0.000001 -18.123413 3.648175 -4.905661 -0.000006 -0.000000 -0.000003 -11.217328 7.418162 10.428265 43.569397 1.690070 -81.489082 -176.044022 42.977493 179.806107 -22.142159 -12.934378 7.613981 2.243540 -5.255031 -3.180156 14.282873 -0.826593 6.952495 -0.000004 -12.690591 0.000001 15.949997 -16.877052 2.161545 1.665665 -1.955920 -2.878298 4.727791 -4.170582 4.993919 11.020510 0.000003 -0.000002 12.109032 -3.735708 -2.866781 -0.000002 0.000000 0.000000 1.291984 -1.928547 -1.498089 14.800111 0.567468 3.865603 14.242553 -1.341733 -6.660652 19.631939 0.143927 -0.648244 48.963581 0.077206 -5.489244 0.353029 -1.511149 -0.031939 20.222765 3.684306 2.316627 18.787243 0.000005 -0.000001 10.751611 -0.479868 1.397903 -0.000002 0.000000 0.000001 3.273804 0.305947 -0.580110 21.486788 11.830360 2.266129 8.162916 0.000001 0.000000 18.399048 -3.798977 -4.940566 0.000003 0.000000 -0.000000 -160.894989 68.279518 -173.752121 -29.262554 -88.103691 41.549000 -15.391899 -21.266388 -0.140882 2.167621 -1.232166 -9.085026 0.000000 0.000000 0.000003 167.277863 1.460939 -179.852081 -179.548706 0.309745 -173.794693 9.591022 -0.366639 29.246445 -1.427590 0.678155 -9.238759 0.000000 -0.000000 -0.000001 
-13.912390 12.521410 115.961197 5.073937 -1.033672 87.544205 0.238354 -0.166227 -0.760984 0.441447 0.422134 -4.739211 -2.746581 -2.033178 10.660829 -12.448416 5.763841 -5.897701 2.769931 7.768244 -2.820246 -5.256401 10.023810 -4.116867 0.000078 -0.000022 0.000006 0.353281 0.039487 -0.159840 1.151621 -3.354566 -9.968181 -0.464697 3.436508 -10.073451 3.813691 -10.918523 10.099777 -51.257420 -6.749244 -83.498566 -179.193024 -38.712681 179.867844 18.523806 8.481915 13.637272 -5.882100 9.861277 0.702589 -10.936858 -0.360575 7.156197 0.000001 8.774810 -0.000001 -15.663483 17.770294 5.724446 -1.844031 2.498502 -2.507276 -10.163589 4.678940 4.621105 -20.975994 -0.000003 0.000002 -21.226250 2.451692 -3.593992 0.000001 -0.000006 -0.000000 -1.362680 2.240797 -0.746323 -21.334888 0.584909 3.008320 -13.821192 -0.000003 0.000002 -23.887131 -0.249079 -0.839481 -59.609688 1.931208 -1.545541 -0.294024 1.679686 0.833255 -14.218190 0.093215 1.300579 -34.211998 -0.287564 0.967170 -20.033176 0.964535 1.212842 0.000001 -0.000000 -0.000000 -3.440385 0.788232 0.501655 -15.928167 -3.167306 2.999704 -6.338816 -0.000001 0.000002 -18.123411 3.648176 -4.905661 -0.000007 -0.000000 -0.000001 -11.344082 7.410497 10.412857 44.030354 1.572039 -81.392906 -176.025208 42.889263 179.763382 -21.976280 -12.912844 7.685248 2.243540 -5.255033 -3.180156 14.282875 -0.826593 6.952495 -0.000002 -12.690590 -0.000000 15.995132 -16.915867 2.079482 1.665665 -1.955919 -2.878295 4.727793 -4.170584 4.993918 11.020511 0.000003 -0.000000 12.109031 -3.735708 -2.866779 -0.000001 0.000000 0.000001 1.291984 -1.928548 -1.498088 14.800111 0.567468 3.865603 14.242553 -1.341734 -6.660647 19.631941 0.143926 -0.648243 48.931931 0.091786 -5.546896 0.353029 -1.511150 -0.031941 20.222767 3.684307 2.316628 18.787245 0.000005 0.000001 10.751614 -0.479868 1.397904 -0.000002 0.000000 -0.000000 3.273804 0.305947 -0.580111 21.486792 11.830362 2.266132 8.162916 0.000000 0.000000 18.399052 -3.798979 -4.940567 0.000002 -0.000000 -0.000001 -160.669235 68.712402 -173.614822 -23.835176 -87.506599 35.777267 -15.380585 -21.157602 0.992530 2.166553 -1.219427 -9.427143 0.000000 0.000000 0.000002 167.285385 1.440001 -179.607712 -179.633377 0.556024 -173.440979 9.528794 -0.219500 29.441622 -1.421366 0.677506 -9.298676 -0.000000 -0.000000 -0.000001 
-14.059195 12.489265 115.892937 5.180582 -1.022242 87.619400 0.173285 -0.186187 -0.702726 0.385109 0.385860 -4.709784 -2.675747 -2.065377 10.605710 -12.329352 5.808529 -6.007094 2.815048 8.523969 -2.774563 -5.494133 10.905560 -4.560468 0.000077 -0.000022 0.000006 0.345838 0.050578 -0.166144 1.121206 -3.331226 -9.912172 -0.454421 3.438622 -10.042329 3.904584 -11.124706 10.066665 -51.328007 -6.526901 -84.120789 -179.098221 -38.714451 179.839294 18.050611 8.418004 13.583546 -5.882101 9.861278 0.702590 -10.936858 -0.360575 7.156199 0.000001 8.774815 -0.000001 -15.761089 17.807667 5.703429 -1.844031 2.498502 -2.507276 -10.163589 4.678940 4.621105 -20.975992 -0.000004 0.000002 -21.226254 2.451692 -3.593992 0.000001 -0.000006 -0.000000 -1.362680 2.240797 -0.746323 -21.334892 0.584909 3.008321 -13.821195 -0.000002 0.000002 -23.887125 -0.249079 -0.839481 -59.638954 1.939560 -1.531985 -0.294024 1.679686 0.833256 -14.218192 0.093215 1.300579 -34.212002 -0.287563 0.967170 -20.033180 0.964535 1.212842 -0.000000 -0.000000 0.000000 -3.440385 0.788232 0.501655 -15.928169 -3.167307 2.999705 -6.338817 -0.000001 0.000001 -18.123415 3.648176 -4.905661 -0.000007 -0.000000 -0.000002 -11.470719 7.415475 10.324676 44.538544 1.439745 -81.230721 -176.032349 42.786087 179.694702 -21.819876 -12.842250 7.609670 2.243539 -5.255032 -3.180155 14.282877 -0.826593 6.952497 -0.000002 -12.690588 0.000001 16.023720 -16.890419 2.015425 1.665665 -1.955920 -2.878297 4.727793 -4.170583 4.993919 11.020513 0.000003 -0.000001 12.109031 -3.735710 -2.866779 -0.000001 0.000000 0.000000 1.291984 -1.928547 -1.498088 14.800114 0.567468 3.865605 14.242553 -1.341734 -6.660648 19.631937 0.143926 -0.648243 48.900875 0.071670 -5.589265 0.353029 -1.511149 -0.031941 20.222767 3.684305 2.316629 18.787245 0.000004 0.000001 10.751611 -0.479868 1.397904 -0.000001 0.000001 -0.000000 3.273804 0.305947 -0.580111 21.486790 11.830361 2.266131 8.162917 0.000001 0.000001 18.399050 -3.798979 -4.940566 0.000003 -0.000000 -0.000001 -159.152512 69.032516 -172.374817 -21.996220 -86.786964 34.465767 -15.031695 -21.067160 2.060133 2.173000 -1.215803 -9.567337 0.000000 0.000000 0.000002 167.362167 1.467246 -178.814957 -179.621582 0.698846 -171.983627 9.525321 0.020975 29.068832 -1.413771 0.672412 -9.457025 0.000000 0.000000 -0.000001 
-14.114827 12.480652 115.910194 5.279360 -1.004450 87.668137 0.127834 -0.196422 -0.657966 0.338355 0.342714 -4.678900 -2.628903 -2.099312 10.573866 -12.243068 5.872999 -6.098470 2.835715 9.250496 -2.743268 -5.681608 11.774406 -5.021613 0.000077 -0.000022 0.000006 0.346700 0.042752 -0.167272 1.105751 -3.308046 -9.859674 -0.432234 3.423619 -10.005818 3.992452 -11.295223 10.001524 -51.381813 -6.341933 -84.686012 -179.038406 -38.741573 179.765335 17.630732 8.347199 13.535994 -5.882101 9.861279 0.702590 -10.936858 -0.360573 7.156196 -0.000000 8.774814 -0.000001 -15.848941 17.828249 5.677476 -1.844031 2.498502 -2.507276 -10.163589 4.678940 4.621103 -20.975996 -0.000003 0.000001 -21.226250 2.451693 -3.593993 0.000001 -0.000006 -0.000000 -1.362681 2.240796 -0.746323 -21.334892 0.584909 3.008319 -13.821193 -0.000003 0.000001 -23.887129 -0.249077 -0.839483 -59.719044 1.959323 -1.496779 -0.294025 1.679686 0.833255 -14.218194 0.093215 1.300579 -34.212006 -0.287563 0.967168 -20.033178 0.964535 1.212841 0.000000 -0.000000 -0.000000 -3.440385 0.788234 0.501655 -15.928165 -3.167306 2.999703 -6.338813 -0.000001 0.000001 -18.123415 3.648177 -4.905662 -0.000006 -0.000000 -0.000002 -11.605471 7.414948 10.250563 45.095749 1.327993 -81.086884 -176.032227 42.690971 179.682770 -21.714357 -12.768973 7.314279 2.243540 -5.255033 -3.180155 14.282877 -0.826593 6.952495 -0.000002 -12.690590 0.000001 16.049376 -16.853222 1.962388 1.665665 -1.955920 -2.878298 4.727793 -4.170582 4.993919 11.020511 0.000003 -0.000001 12.109033 -3.735710 -2.866779 -0.000001 -0.000000 -0.000000 1.291984 -1.928548 -1.498089 14.800111 0.567467 3.865602 14.242553 -1.341735 -6.660648 19.631939 0.143925 -0.648243 48.881084 0.069233 -5.583113 0.353029 -1.511149 -0.031941 20.222769 3.684305 2.316627 18.787241 0.000004 0.000001 10.751608 -0.479868 1.397903 -0.000001 0.000001 -0.000000 3.273804 0.305947 -0.580110 21.486792 11.830365 2.266130 8.162916 0.000001 -0.000001 18.399054 -3.798980 -4.940567 0.000002 -0.000000 -0.000001 -158.641647 69.239632 -171.997925 -21.977161 -86.256279 34.348038 -14.658553 -20.873322 3.423633 2.177942 -1.199114 -9.624248 0.000000 0.000000 0.000002 167.398209 1.464447 -178.770569 -179.688919 0.879307 -172.048431 9.457242 0.198674 29.577555 -1.404323 0.666321 -9.625829 -0.000000 -0.000000 0.000000 
-14.247173 12.492007 115.947487 5.343412 -0.987158 87.681854 0.065493 -0.217594 -0.592253 0.336729 0.312532 -4.653255 -2.593508 -2.132869 10.552400 -12.170715 5.953273 -6.163042 2.816338 9.945154 -2.717863 -5.824989 12.590466 -5.479045 0.000077 -0.000022 0.000006 0.336531 0.053083 -0.180757 1.078953 -3.280172 -9.812365 -0.423390 3.425630 -9.968401 4.107001 -11.417753 9.913400 -51.463573 -6.158441 -85.125572 -178.998322 -38.756279 179.658112 17.264017 8.272150 13.551171 -5.882099 9.861275 0.702590 -10.936858 -0.360575 7.156196 0.000003 8.774809 -0.000001 -15.889462 17.820284 5.636358 -1.844031 2.498502 -2.507275 -10.163588 4.678938 4.621103 -20.975992 -0.000006 0.000003 -21.226248 2.451690 -3.593992 0.000001 -0.000006 -0.000000 -1.362680 2.240796 -0.746323 -21.334888 0.584906 3.008320 -13.821189 -0.000004 0.000003 -23.887133 -0.249080 -0.839479 -59.655766 1.960095 -1.455153 -0.294024 1.679686 0.833255 -14.218190 0.093213 1.300579 -34.211998 -0.287566 0.967171 -20.033176 0.964533 1.212844 0.000000 -0.000000 0.000000 -3.440385 0.788232 0.501655 -15.928165 -3.167307 2.999703 -6.338817 -0.000002 0.000002 -18.123413 3.648173 -4.905660 -0.000006 0.000000 -0.000002 -11.682633 7.439239 10.189015 45.564243 1.217744 -80.899872 -176.066940 42.589413 179.643341 -21.677277 -12.667145 6.962029 2.243539 -5.255032 -3.180157 14.282877 -0.826592 6.952496 -0.000003 -12.690588 0.000000 16.110781 -16.796780 1.924348 1.665664 -1.955919 -2.878295 4.727793 -4.170582 4.993918 11.020512 0.000003 -0.000001 12.109032 -3.735709 -2.866778 0.000000 0.000000 -0.000000 1.291984 -1.928547 -1.498089 14.800113 0.567469 3.865602 14.242553 -1.341734 -6.660649 19.631939 0.143927 -0.648243 48.905243 0.062948 -5.567544 0.353029 -1.511149 -0.031941 20.222767 3.684306 2.316629 18.787243 0.000005 0.000000 10.751609 -0.479868 1.397905 -0.000002 -0.000000 -0.000000 3.273804 0.305947 -0.580110 21.486790 11.830363 2.266132 8.162916 0.000002 -0.000000 18.399052 -3.798978 -4.940566 0.000003 -0.000000 -0.000000 -158.698807 69.321823 -172.175125 -23.089043 -85.970947 35.028164 -14.349997 -20.670582 4.884406 2.186328 -1.175689 -9.658388 0.000000 0.000000 0.000002 167.524887 1.405469 -178.783646 -179.575287 1.041110 -172.205276 9.436418 0.446221 30.129639 -1.401341 0.653580 -9.852495 0.000000 -0.000000 0.000000 
-14.325592 12.499791 116.096092 5.391451 -0.995557 87.698174 0.065771 -0.246911 -0.564030 0.294779 0.303542 -4.628049 -2.566832 -2.163278 10.549356 -12.187379 6.041826 -6.218735 2.872028 10.555220 -2.680606 -6.005550 13.339223 -5.859828 0.000077 -0.000023 0.000006 0.351436 0.058567 -0.184973 1.080709 -3.287282 -9.785601 -0.401852 3.396206 -9.949265 4.222557 -11.460591 9.801015 -51.584595 -6.000262 -85.310181 -178.996780 -38.777859 179.598129 17.031643 8.150502 13.584185 -5.882101 9.861278 0.702590 -10.936859 -0.360575 7.156197 0.000001 8.774812 -0.000001 -15.938782 17.820253 5.624450 -1.844031 2.498503 -2.507276 -10.163589 4.678940 4.621105 -20.975994 -0.000004 0.000004 -21.226254 2.451694 -3.593992 0.000001 -0.000006 -0.000000 -1.362680 2.240797 -0.746323 -21.334892 0.584908 3.008322 -13.821198 -0.000002 0.000003 -23.887131 -0.249077 -0.839480 -59.639835 1.934915 -1.420286 -0.294024 1.679687 0.833255 -14.218194 0.093214 1.300580 -34.212006 -0.287563 0.967171 -20.033178 0.964535 1.212842 -0.000001 -0.000000 0.000000 -3.440385 0.788233 0.501655 -15.928169 -3.167306 2.999705 -6.338818 -0.000001 0.000002 -18.123415 3.648176 -4.905660 -0.000005 0.000000 -0.000002 -11.765860 7.453113 10.136052 45.952442 1.109905 -80.792007 -176.140244 42.541763 179.545578 -21.674570 -12.557705 6.569381 2.243540 -5.255033 -3.180156 14.282878 -0.826592 6.952495 -0.000003 -12.690591 -0.000001 16.117756 -16.779989 1.911073 1.665665 -1.955920 -2.878297 4.727794 -4.170582 4.993918 11.020513 0.000004 -0.000001 12.109035 -3.735710 -2.866779 0.000000 0.000000 0.000001 1.291984 -1.928548 -1.498088 14.800113 0.567470 3.865602 14.242554 -1.341734 -6.660647 19.631941 0.143927 -0.648242 48.867176 0.077798 -5.549017 0.353029 -1.511149 -0.031940 20.222773 3.684309 2.316630 18.787247 0.000006 0.000001 10.751610 -0.479867 1.397905 -0.000002 0.000000 -0.000000 3.273804 0.305947 -0.580111 21.486795 11.830367 2.266134 8.162917 0.000002 0.000000 18.399055 -3.798977 -4.940566 0.000003 -0.000000 -0.000001 -160.511902 69.210342 -173.844360 -25.513319 -86.109314 35.955410 -14.252641 -20.419813 6.468054 2.187807 -1.162956 -9.763710 0.000000 0.000000 0.000002 167.549713 1.301057 -179.695267 -179.731812 1.301962 -174.230850 9.310794 0.633384 31.743334 -1.389138 0.650597 -10.010801 0.000000 -0.000000 0.000000 
-14.390457 12.529760 116.249084 5.415781 -0.992819 87.696434 0.068087 -0.275248 -0.519830 0.293570 0.312179 -4.611276 -2.553090 -2.197493 10.548771 -12.273151 6.131973 -6.254858 2.917296 11.064399 -2.655223 -6.096435 13.992427 -6.209920 0.000077 -0.000021 0.000006 0.357367 0.057576 -0.187275 1.073906 -3.261373 -9.775398 -0.387523 3.409554 -9.938764 4.309602 -11.454020 9.716778 -51.685890 -5.876522 -85.398300 -178.973801 -38.803333 179.547897 16.881653 8.025672 13.631833 -5.882100 9.861278 0.702589 -10.936858 -0.360576 7.156197 0.000001 8.774815 -0.000002 -15.963217 17.825926 5.630729 -1.844031 2.498501 -2.507276 -10.163590 4.678940 4.621104 -20.975994 -0.000005 0.000002 -21.226255 2.451691 -3.593993 0.000002 -0.000006 -0.000000 -1.362680 2.240796 -0.746323 -21.334890 0.584906 3.008320 -13.821197 -0.000003 0.000002 -23.887129 -0.249079 -0.839480 -59.607906 1.939093 -1.406288 -0.294024 1.679686 0.833255 -14.218194 0.093214 1.300579 -34.212006 -0.287566 0.967170 -20.033180 0.964534 1.212842 -0.000000 -0.000000 0.000000 -3.440385 0.788233 0.501655 -15.928167 -3.167308 2.999704 -6.338818 -0.000002 0.000001 -18.123415 3.648175 -4.905662 -0.000007 0.000000 -0.000002 -11.827114 7.474701 10.139472 46.258907 1.056559 -80.709831 -176.216492 42.485142 179.504623 -21.631729 -12.478003 6.159161 2.243540 -5.255033 -3.180155 14.282877 -0.826593 6.952496 -0.000002 -12.690590 -0.000001 16.121653 -16.775925 1.917606 1.665665 -1.955920 -2.878297 4.727793 -4.170583 4.993918 11.020513 0.000004 -0.000002 12.109034 -3.735710 -2.866780 -0.000000 0.000000 -0.000000 1.291984 -1.928548 -1.498087 14.800113 0.567469 3.865602 14.242553 -1.341734 -6.660649 19.631939 0.143926 -0.648244 48.863987 0.116963 -5.547579 0.353029 -1.511150 -0.031940 20.222771 3.684306 2.316627 18.787245 0.000006 -0.000001 10.751610 -0.479867 1.397904 -0.000002 0.000000 -0.000000 3.273805 0.305947 -0.580111 21.486792 11.830363 2.266131 8.162916 0.000000 -0.000000 18.399052 -3.798979 -4.940567 0.000003 -0.000000 -0.000001 -162.815948 69.030823 -175.924728 -28.107468 -86.431625 36.784023 -14.290221 -20.250509 7.813858 2.188958 -1.157037 -9.937508 0.000000 0.000000 0.000002 167.582581 1.222397 178.917038 -179.798203 1.470413 -177.240112 9.318457 0.734499 33.938583 -1.381841 0.648244 -10.065956 -0.000000 -0.000000 0.000000 
-14.428249 12.555653 116.439354 5.437174 -0.991208 87.728348 0.083565 -0.306196 -0.489780 0.304948 0.316129 -4.579797 -2.547844 -2.214264 10.530222 -12.408662 6.206078 -6.252950 2.977433 11.490705 -2.646194 -6.193294 14.551801 -6.534912 0.000078 -0.000023 0.000006 0.354536 0.057188 -0.188628 1.070064 -3.266430 -9.786816 -0.379317 3.391409 -9.952303 4.365257 -11.434243 9.644790 -51.788757 -5.740169 -85.450256 -178.951019 -38.857922 179.514526 16.835920 7.892506 13.712782 -5.882101 9.861278 0.702590 -10.936861 -0.360577 7.156197 0.000001 8.774814 -0.000001 -16.004843 17.858694 5.632397 -1.844031 2.498504 -2.507276 -10.163592 4.678941 4.621105 -20.976000 -0.000004 0.000004 -21.226255 2.451694 -3.593992 0.000001 -0.000006 -0.000000 -1.362681 2.240797 -0.746323 -21.334898 0.584908 3.008321 -13.821199 -0.000003 0.000003 -23.887133 -0.249078 -0.839480 -59.663139 1.937381 -1.385999 -0.294024 1.679687 0.833255 -14.218195 0.093213 1.300580 -34.212013 -0.287564 0.967172 -20.033186 0.964535 1.212843 0.000000 -0.000000 0.000000 -3.440386 0.788232 0.501655 -15.928169 -3.167308 2.999704 -6.338817 -0.000001 0.000001 -18.123415 3.648175 -4.905661 -0.000007 0.000000 -0.000001 -11.924633 7.484754 10.140647 46.513954 0.962849 -80.646049 -176.190964 42.463497 179.529388 -21.612810 -12.377494 5.776485 2.243540 -5.255033 -3.180155 14.282877 -0.826594 6.952496 -0.000001 -12.690590 -0.000001 16.087053 -16.797163 1.965720 1.665665 -1.955920 -2.878298 4.727795 -4.170583 4.993917 11.020513 0.000002 -0.000002 12.109033 -3.735710 -2.866780 0.000000 0.000000 -0.000001 1.291985 -1.928548 -1.498088 14.800113 0.567467 3.865604 14.242551 -1.341735 -6.660648 19.631937 0.143926 -0.648243 48.886253 0.108525 -5.529205 0.353029 -1.511149 -0.031939 20.222771 3.684305 2.316628 18.787245 0.000004 -0.000000 10.751612 -0.479868 1.397904 -0.000001 -0.000000 -0.000000 3.273804 0.305947 -0.580111 21.486792 11.830361 2.266132 8.162916 0.000000 -0.000000 18.399052 -3.798980 -4.940568 0.000003 -0.000000 -0.000001 -166.290649 68.695183 -179.019424 -32.754200 -86.895050 38.820766 -14.474043 -20.035250 9.331337 2.178108 -1.147614 -10.183240 -0.000000 0.000000 0.000002 167.660828 1.173155 176.857559 -179.739227 1.594627 178.387512 9.426321 0.691862 36.550121 -1.377736 0.640462 -10.071164 0.000000 0.000000 -0.000001 
-14.402300 12.555468 116.538788 5.445281 -0.976757 87.756760 0.121769 -0.322841 -0.454232 0.319250 0.326045 -4.559192 -2.522689 -2.234094 10.524390 -12.562951 6.280892 -6.229012 3.040707 11.860530 -2.638434 -6.287191 14.962028 -6.797097 0.000077 -0.000020 0.000005 0.358016 0.087593 -0.186539 1.077488 -3.242352 -9.796165 -0.371997 3.424767 -9.971951 4.408776 -11.404501 9.616153 -51.880329 -5.710703 -85.587112 -178.837204 -38.831974 179.447952 16.836283 7.865725 13.665460 -5.882100 9.861279 0.702590 -10.936858 -0.360574 7.156196 0.000001 8.774813 -0.000001 -16.034575 17.896240 5.645185 -1.844031 2.498503 -2.507276 -10.163589 4.678941 4.621105 -20.975996 -0.000004 0.000003 -21.226250 2.451692 -3.593992 0.000001 -0.000006 -0.000000 -1.362680 2.240796 -0.746323 -21.334892 0.584908 3.008321 -13.821197 -0.000003 0.000002 -23.887123 -0.249078 -0.839480 -59.709721 1.964480 -1.391204 -0.294024 1.679686 0.833255 -14.218190 0.093215 1.300579 -34.212006 -0.287563 0.967170 -20.033176 0.964535 1.212841 0.000000 -0.000000 0.000000 -3.440385 0.788233 0.501655 -15.928167 -3.167306 2.999704 -6.338815 -0.000001 0.000001 -18.123411 3.648176 -4.905661 -0.000007 -0.000000 -0.000001 -12.053103 7.488682 10.159470 46.807125 0.927988 -80.601234 -176.140564 42.410210 179.574158 -21.511549 -12.306169 5.335180 2.243540 -5.255033 -3.180156 14.282875 -0.826593 6.952497 -0.000003 -12.690587 0.000000 16.048962 -16.817814 1.992870 1.665665 -1.955920 -2.878298 4.727793 -4.170583 4.993918 11.020508 0.000004 -0.000002 12.109031 -3.735709 -2.866779 0.000001 0.000001 -0.000001 1.291984 -1.928548 -1.498087 14.800113 0.567468 3.865603 14.242550 -1.341734 -6.660650 19.631935 0.143927 -0.648243 48.851543 0.141278 -5.524982 0.353029 -1.511149 -0.031940 20.222767 3.684307 2.316627 18.787243 0.000005 0.000000 10.751612 -0.479868 1.397905 -0.000002 -0.000000 -0.000000 3.273803 0.305947 -0.580109 21.486790 11.830363 2.266133 8.162915 0.000001 0.000000 18.399048 -3.798977 -4.940566 0.000003 -0.000000 -0.000001 -167.893448 68.222725 179.580643 -39.205528 -87.374893 44.008896 -14.435954 -19.933144 10.229481 2.158474 -1.139317 -10.400176 0.000000 0.000000 0.000002 167.665527 1.036327 176.090759 -179.788269 1.832395 176.639603 9.555679 0.906147 37.991192 -1.376936 0.634381 -10.029262 -0.000000 0.000000 -0.000000 
-14.315842 12.574732 116.630211 5.433973 -0.955911 87.764618 0.159815 -0.333100 -0.411463 0.344156 0.326840 -4.526036 -2.499288 -2.247547 10.486104 -12.729697 6.350274 -6.180488 3.092762 12.158419 -2.638162 -6.353991 15.292291 -7.060564 0.000077 -0.000022 0.000006 0.357029 0.076626 -0.186334 1.069043 -3.250177 -9.803934 -0.379670 3.416538 -9.991817 4.464685 -11.365406 9.582719 -51.970737 -5.622943 -85.768250 -178.674133 -38.825058 179.339127 16.836031 7.908947 13.585586 -5.882100 9.861278 0.702589 -10.936858 -0.360573 7.156197 0.000001 8.774813 -0.000001 -16.049519 17.931358 5.638419 -1.844031 2.498503 -2.507276 -10.163589 4.678940 4.621104 -20.975994 -0.000003 0.000001 -21.226248 2.451693 -3.593995 0.000003 -0.000006 -0.000000 -1.362680 2.240797 -0.746323 -21.334887 0.584909 3.008320 -13.821197 -0.000002 0.000002 -23.887125 -0.249077 -0.839482 -59.681583 1.976842 -1.420212 -0.294025 1.679686 0.833255 -14.218190 0.093214 1.300579 -34.211998 -0.287564 0.967169 -20.033176 0.964535 1.212841 -0.000002 -0.000000 0.000000 -3.440385 0.788233 0.501655 -15.928167 -3.167305 2.999704 -6.338816 -0.000001 0.000001 -18.123415 3.648176 -4.905662 -0.000006 0.000001 -0.000002 -12.164082 7.515433 10.203308 47.031837 0.854534 -80.544846 -176.046890 42.358032 179.619446 -21.486391 -12.214200 4.989239 2.243540 -5.255032 -3.180155 14.282873 -0.826593 6.952496 -0.000004 -12.690588 0.000001 16.035192 -16.867725 2.014962 1.665665 -1.955919 -2.878298 4.727793 -4.170583 4.993918 11.020511 0.000003 -0.000002 12.109031 -3.735708 -2.866780 0.000001 0.000000 -0.000000 1.291984 -1.928548 -1.498088 14.800113 0.567467 3.865603 14.242553 -1.341734 -6.660648 19.631935 0.143926 -0.648243 48.869633 0.142408 -5.529951 0.353029 -1.511149 -0.031939 20.222767 3.684305 2.316627 18.787243 0.000005 -0.000001 10.751610 -0.479868 1.397905 -0.000001 -0.000000 0.000000 3.273804 0.305947 -0.580111 21.486790 11.830360 2.266129 8.162917 0.000000 -0.000000 18.399048 -3.798978 -4.940567 0.000002 -0.000000 -0.000001 -168.981552 67.811195 178.651871 -46.434536 -87.693779 50.367096 -14.284857 -19.868944 11.008265 2.134638 -1.141767 -10.509679 0.000000 -0.000000 0.000002 167.673676 0.776351 175.925644 -179.852356 2.219815 176.133133 9.676961 1.204923 38.766880 -1.378678 0.625465 -10.026118 -0.000000 0.000000 0.000000 
-14.353907 12.561107 116.696014 5.400763 -0.934635 87.838158 0.207562 -0.341036 -0.383133 0.372848 0.329835 -4.502509 -2.504636 -2.260451 10.456561 -12.906838 6.380290 -6.143112 3.125982 12.389944 -2.646749 -6.417490 15.515759 -7.304132 0.000077 -0.000021 0.000006 0.360701 0.067361 -0.185248 1.082251 -3.256170 -9.818028 -0.380416 3.413976 -10.016789 4.538305 -11.318977 9.565201 -52.061481 -5.587825 -86.017212 -178.544952 -38.765831 179.244415 16.826143 8.090602 13.493156 -5.882100 9.861276 0.702590 -10.936858 -0.360575 7.156198 0.000000 8.774810 -0.000001 -16.063765 17.952892 5.623266 -1.844031 2.498502 -2.507276 -10.163589 4.678938 4.621104 -20.975992 -0.000003 0.000001 -21.226250 2.451691 -3.593994 0.000001 -0.000006 -0.000000 -1.362680 2.240796 -0.746323 -21.334892 0.584908 3.008321 -13.821194 -0.000002 0.000002 -23.887125 -0.249078 -0.839481 -59.716423 1.973171 -1.454206 -0.294024 1.679686 0.833255 -14.218190 0.093215 1.300578 -34.211998 -0.287565 0.967169 -20.033176 0.964535 1.212841 -0.000001 -0.000000 0.000000 -3.440385 0.788233 0.501655 -15.928167 -3.167306 2.999703 -6.338817 -0.000001 0.000001 -18.123413 3.648175 -4.905661 -0.000006 -0.000000 -0.000001 -12.280237 7.561685 10.244352 47.264778 0.827204 -80.397896 -175.912323 42.258385 179.612686 -21.497828 -12.093004 4.775533 2.243540 -5.255033 -3.180155 14.282877 -0.826593 6.952495 -0.000002 -12.690591 0.000001 16.004303 -16.899693 2.049800 1.665665 -1.955920 -2.878298 4.727794 -4.170584 4.993919 11.020512 0.000004 -0.000000 12.109034 -3.735711 -2.866780 -0.000000 0.000001 -0.000000 1.291984 -1.928548 -1.498087 14.800113 0.567468 3.865602 14.242554 -1.341734 -6.660650 19.631937 0.143926 -0.648243 48.905930 0.145533 -5.541285 0.353029 -1.511150 -0.031940 20.222773 3.684307 2.316626 18.787243 0.000004 -0.000000 10.751610 -0.479868 1.397903 -0.000001 0.000000 0.000000 3.273804 0.305947 -0.580111 21.486792 11.830367 2.266130 8.162916 0.000000 -0.000000 18.399054 -3.798978 -4.940568 0.000002 -0.000001 -0.000001 -169.570343 67.476654 178.040421 -53.258522 -87.873482 56.519161 -14.366161 -19.867260 11.441412 2.120336 -1.147837 -10.532862 0.000000 0.000000 0.000002 167.704910 0.340364 175.985138 -179.985550 2.854842 176.052719 9.719995 1.481784 38.968990 -1.378726 0.622139 -10.043820 0.000000 0.000000 -0.000001 
-14.403762 12.564635 116.741600 5.361609 -0.924672 87.885414 0.256555 -0.354195 -0.356710 0.371057 0.338632 -4.485158 -2.500179 -2.271405 10.421841 -13.024526 6.380021 -6.103223 3.122422 12.567971 -2.647532 -6.498725 15.668855 -7.531430 0.000077 -0.000023 0.000006 0.355301 0.076017 -0.184000 1.078887 -3.248344 -9.809292 -0.382529 3.411907 -10.015661 4.617462 -11.313211 9.542742 -52.135830 -5.530803 -86.406059 -178.376892 -38.677708 179.140182 16.781330 8.295292 13.336276 -5.882102 9.861279 0.702590 -10.936861 -0.360575 7.156198 0.000001 8.774815 -0.000001 -16.145025 17.946949 5.588181 -1.844031 2.498502 -2.507275 -10.163590 4.678939 4.621104 -20.975998 -0.000003 0.000003 -21.226254 2.451693 -3.593992 0.000001 -0.000006 -0.000000 -1.362680 2.240796 -0.746323 -21.334892 0.584909 3.008321 -13.821197 -0.000002 0.000003 -23.887133 -0.249077 -0.839479 -59.739788 1.965311 -1.480032 -0.294024 1.679687 0.833255 -14.218194 0.093213 1.300580 -34.212013 -0.287562 0.967172 -20.033180 0.964535 1.212842 0.000000 -0.000000 -0.000000 -3.440386 0.788233 0.501655 -15.928169 -3.167307 2.999704 -6.338817 -0.000001 0.000002 -18.123411 3.648177 -4.905660 -0.000007 0.000000 -0.000001 -12.364121 7.611263 10.286978 47.465038 0.814517 -80.308586 -175.784058 42.185768 179.565964 -21.512804 -11.985022 4.655312 2.243540 -5.255033 -3.180155 14.282878 -0.826595 6.952496 -0.000001 -12.690591 0.000001 15.954213 -16.901196 2.077313 1.665665 -1.955920 -2.878297 4.727794 -4.170583 4.993918 11.020511 0.000003 -0.000001 12.109035 -3.735711 -2.866779 -0.000000 0.000000 -0.000001 1.291984 -1.928547 -1.498087 14.800114 0.567467 3.865604 14.242554 -1.341735 -6.660648 19.631941 0.143925 -0.648244 48.896168 0.181618 -5.552137 0.353029 -1.511149 -0.031940 20.222767 3.684304 2.316628 18.787245 0.000002 -0.000000 10.751614 -0.479869 1.397903 -0.000001 -0.000000 0.000000 3.273804 0.305947 -0.580111 21.486790 11.830360 2.266130 8.162916 0.000001 -0.000000 18.399052 -3.798980 -4.940568 0.000003 -0.000000 -0.000001 -169.806473 67.184715 177.779587 -57.539997 -87.935020 60.432205 -14.318081 -19.901220 11.932532 2.109147 -1.140828 -10.482888 0.000000 0.000000 0.000002 167.692459 -0.131697 176.085800 179.841187 3.550797 176.063705 9.776711 1.720211 39.229820 -1.375917 0.627764 -10.083312 -0.000000 -0.000000 0.000000 
-14.476454 12.556833 116.698799 5.323846 -0.893790 87.941246 0.291663 -0.364792 -0.343847 0.346826 0.351838 -4.478600 -2.475795 -2.282457 10.395094 -13.084514 6.349537 -6.075452 3.079499 12.673244 -2.656626 -6.561678 15.738693 -7.731666 0.000077 -0.000023 0.000006 0.355147 0.076130 -0.182826 1.091137 -3.241863 -9.807910 -0.383535 3.414063 -10.025662 4.701934 -11.322365 9.530429 -52.194683 -5.458690 -86.886932 -178.213730 -38.561764 179.011276 16.674158 8.472496 13.120227 -5.882100 9.861279 0.702590 -10.936858 -0.360576 7.156197 -0.000000 8.774812 -0.000001 -16.240002 17.915546 5.521124 -1.844031 2.498502 -2.507275 -10.163589 4.678939 4.621103 -20.975992 -0.000003 0.000003 -21.226250 2.451694 -3.593992 0.000001 -0.000006 -0.000000 -1.362680 2.240796 -0.746323 -21.334894 0.584909 3.008321 -13.821193 -0.000002 0.000002 -23.887129 -0.249077 -0.839480 -59.796764 1.975933 -1.519848 -0.294024 1.679686 0.833255 -14.218190 0.093214 1.300580 -34.211998 -0.287563 0.967171 -20.033178 0.964535 1.212842 0.000000 -0.000000 -0.000000 -3.440385 0.788234 0.501655 -15.928167 -3.167307 2.999704 -6.338816 -0.000001 0.000001 -18.123411 3.648177 -4.905660 -0.000006 -0.000000 -0.000001 -12.427884 7.664581 10.292839 47.658474 0.748741 -80.236588 -175.678864 42.066143 179.528152 -21.509703 -11.876862 4.696348 2.243540 -5.255033 -3.180155 14.282877 -0.826593 6.952496 -0.000004 -12.690592 0.000000 15.920356 -16.917662 2.115093 1.665665 -1.955920 -2.878297 4.727793 -4.170584 4.993917 11.020511 0.000004 -0.000001 12.109030 -3.735710 -2.866779 0.000001 -0.000000 0.000001 1.291984 -1.928548 -1.498087 14.800111 0.567468 3.865602 14.242551 -1.341733 -6.660649 19.631939 0.143927 -0.648244 48.919197 0.227616 -5.538337 0.353029 -1.511149 -0.031941 20.222769 3.684306 2.316626 18.787245 0.000005 -0.000001 10.751611 -0.479867 1.397903 -0.000002 -0.000000 0.000000 3.273804 0.305947 -0.580109 21.486792 11.830363 2.266129 8.162916 0.000000 -0.000001 18.399050 -3.798978 -4.940568 0.000002 -0.000000 -0.000001 -169.248932 66.971886 178.247726 -58.871086 -87.903038 61.968658 -14.103376 -19.933296 12.444365 2.104244 -1.142836 -10.396327 0.000000 -0.000000 0.000002 167.746262 -0.462615 176.263046 179.776917 4.048704 176.222778 9.835031 1.896401 39.418194 -1.370100 0.629377 -10.141937 -0.000000 -0.000000 -0.000001 
-14.562531 12.523871 116.708267 5.310416 -0.885786 88.003174 0.290651 -0.369998 -0.331217 0.339277 0.347962 -4.473926 -2.446054 -2.291284 10.377003 -13.121469 6.311592 -6.070332 3.010092 12.701798 -2.664649 -6.574389 15.799991 -7.913957 0.000077 -0.000022 0.000006 0.341094 0.075783 -0.182839 1.073565 -3.246286 -9.795272 -0.404830 3.390566 -10.011368 4.810362 -11.323859 9.498060 -52.292923 -5.391379 -87.203087 -178.172058 -38.428020 179.007355 16.575121 8.693384 12.914654 -5.882101 9.861279 0.702591 -10.936859 -0.360573 7.156196 -0.000000 8.774814 -0.000001 -16.342684 17.926992 5.498314 -1.844031 2.498503 -2.507275 -10.163590 4.678941 4.621104 -20.975996 -0.000001 0.000003 -21.226254 2.451695 -3.593995 0.000001 -0.000006 -0.000001 -1.362681 2.240797 -0.746322 -21.334890 0.584910 3.008321 -13.821195 -0.000001 0.000002 -23.887131 -0.249075 -0.839481 -59.883053 2.000572 -1.509586 -0.294025 1.679686 0.833255 -14.218194 0.093215 1.300580 -34.211998 -0.287560 0.967169 -20.033178 0.964537 1.212841 -0.000001 -0.000000 0.000000 -3.440386 0.788232 0.501656 -15.928169 -3.167305 2.999704 -6.338817 -0.000001 0.000001 -18.123413 3.648179 -4.905661 -0.000006 0.000000 -0.000001 -12.433470 7.733721 10.285428 47.778458 0.672255 -80.166702 -175.528595 41.935024 179.539536 -21.514236 -11.867769 4.757093 2.243540 -5.255033 -3.180155 14.282878 -0.826593 6.952495 -0.000005 -12.690592 0.000002 15.835639 -16.918980 2.176216 1.665665 -1.955920 -2.878296 4.727794 -4.170584 4.993918 11.020513 0.000004 -0.000001 12.109032 -3.735709 -2.866779 0.000000 0.000000 0.000000 1.291985 -1.928547 -1.498089 14.800111 0.567468 3.865602 14.242554 -1.341732 -6.660651 19.631941 0.143927 -0.648245 48.941757 0.224821 -5.510480 0.353029 -1.511149 -0.031939 20.222773 3.684307 2.316627 18.787249 0.000006 -0.000001 10.751610 -0.479866 1.397903 -0.000002 0.000000 0.000000 3.273805 0.305947 -0.580112 21.486795 11.830363 2.266127 8.162919 0.000001 -0.000002 18.399057 -3.798977 -4.940569 0.000002 -0.000000 -0.000001 -169.207825 66.976456 178.304260 -55.924549 -87.845589 58.869129 -13.942564 -19.920660 13.034002 2.101298 -1.140691 -10.329826 -0.000000 0.000000 0.000002 167.680206 -0.657011 176.349213 179.569550 4.350097 176.225143 9.827604 2.074289 39.683033 -1.366002 0.631914 -10.210629 0.000000 -0.000000 -0.000001 
-14.581045 12.489759 116.718880 5.295631 -0.855254 88.046997 0.309600 -0.368605 -0.321484 0.321619 0.344657 -4.466393 -2.406977 -2.299823 10.357478 -13.201772 6.275212 -6.078371 2.995648 12.620747 -2.669277 -6.566043 15.805250 -8.043104 0.000076 -0.000023 0.000006 0.335547 0.055385 -0.184691 1.065747 -3.267349 -9.790182 -0.412757 3.394867 -10.010714 4.892238 -11.311172 9.471747 -52.334969 -5.412618 -87.406288 -178.177872 -38.357098 178.990555 16.458099 8.861067 12.851738 -5.882101 9.861277 0.702590 -10.936859 -0.360574 7.156196 0.000001 8.774812 -0.000000 -16.444887 17.965616 5.480404 -1.844031 2.498503 -2.507276 -10.163589 4.678939 4.621104 -20.975998 -0.000004 0.000003 -21.226255 2.451693 -3.593993 0.000001 -0.000006 -0.000000 -1.362680 2.240797 -0.746323 -21.334894 0.584908 3.008320 -13.821194 -0.000002 0.000002 -23.887135 -0.249079 -0.839481 -59.957802 2.017759 -1.501006 -0.294025 1.679685 0.833255 -14.218192 0.093215 1.300579 -34.212013 -0.287564 0.967170 -20.033178 0.964535 1.212841 -0.000002 -0.000000 0.000000 -3.440385 0.788232 0.501655 -15.928169 -3.167306 2.999703 -6.338817 -0.000001 0.000001 -18.123415 3.648176 -4.905661 -0.000005 -0.000000 -0.000001 -12.439727 7.799046 10.302307 47.872021 0.619061 -80.130257 -175.415497 41.809734 179.548950 -21.522928 -11.829117 4.784477 2.243540 -5.255032 -3.180155 14.282875 -0.826593 6.952496 -0.000003 -12.690591 0.000000 15.812671 -16.926119 2.218559 1.665665 -1.955919 -2.878296 4.727792 -4.170583 4.993919 11.020509 0.000004 -0.000001 12.109029 -3.735708 -2.866780 0.000001 0.000000 -0.000001 1.291984 -1.928548 -1.498088 14.800111 0.567468 3.865603 14.242553 -1.341734 -6.660649 19.631937 0.143927 -0.648245 48.957817 0.231235 -5.496005 0.353029 -1.511149 -0.031940 20.222767 3.684307 2.316627 18.787245 0.000005 0.000000 10.751610 -0.479869 1.397904 -0.000002 0.000000 0.000000 3.273804 0.305947 -0.580110 21.486790 11.830361 2.266129 8.162914 -0.000000 0.000001 18.399050 -3.798979 -4.940567 0.000003 -0.000000 -0.000001 -169.008835 66.909546 178.463928 -54.538639 -87.791580 57.448200 -13.772028 -19.845711 13.699211 2.100509 -1.137560 -10.234300 0.000000 0.000000 0.000002 167.792007 -0.898691 176.392166 179.596939 4.738405 176.164062 9.896417 2.281842 40.039806 -1.363874 0.630414 -10.196426 0.000000 0.000000 -0.000001 
-14.531195 12.472450 116.635132 5.291659 -0.841486 88.062096 0.338211 -0.355144 -0.313919 0.311760 0.338017 -4.456476 -2.401629 -2.298104 10.350078 -13.271537 6.259480 -6.102234 2.968720 12.468560 -2.682774 -6.537224 15.749706 -8.153196 0.000076 -0.000022 0.000006 0.327307 0.054228 -0.186782 1.055215 -3.275378 -9.771682 -0.411406 3.391317 -9.990778 4.980921 -11.301680 9.421674 -52.376240 -5.433568 -87.470673 -178.206955 -38.270226 179.004639 16.390308 9.036007 12.802766 -5.882102 9.861280 0.702590 -10.936858 -0.360576 7.156197 0.000001 8.774815 -0.000002 -16.498377 17.977394 5.465593 -1.844031 2.498502 -2.507276 -10.163589 4.678941 4.621103 -20.975996 -0.000004 0.000002 -21.226248 2.451693 -3.593995 0.000002 -0.000006 -0.000000 -1.362680 2.240797 -0.746323 -21.334892 0.584909 3.008320 -13.821197 -0.000002 0.000001 -23.887125 -0.249079 -0.839482 -60.019047 2.027860 -1.490284 -0.294025 1.679686 0.833255 -14.218194 0.093214 1.300579 -34.212006 -0.287564 0.967169 -20.033180 0.964535 1.212841 -0.000001 -0.000000 0.000000 -3.440385 0.788233 0.501655 -15.928169 -3.167306 2.999703 -6.338815 -0.000001 0.000001 -18.123415 3.648175 -4.905662 -0.000007 -0.000000 -0.000001 -12.396251 7.878015 10.335064 47.952133 0.508653 -80.153099 -175.315353 41.708515 179.596680 -21.482861 -11.821558 4.688819 2.243539 -5.255033 -3.180156 14.282875 -0.826594 6.952496 -0.000003 -12.690590 0.000002 15.778223 -16.906374 2.243184 1.665665 -1.955920 -2.878296 4.727792 -4.170582 4.993918 11.020510 0.000004 -0.000000 12.109029 -3.735709 -2.866779 0.000001 -0.000000 0.000000 1.291984 -1.928547 -1.498087 14.800113 0.567468 3.865604 14.242553 -1.341734 -6.660650 19.631935 0.143927 -0.648243 48.976551 0.180484 -5.483958 0.353028 -1.511149 -0.031939 20.222767 3.684306 2.316627 18.787245 0.000004 0.000000 10.751608 -0.479869 1.397905 -0.000001 -0.000000 0.000000 3.273804 0.305947 -0.580110 21.486788 11.830361 2.266130 8.162916 0.000001 -0.000001 18.399050 -3.798980 -4.940566 0.000003 -0.000001 -0.000001 -167.901382 66.946167 179.486145 -50.908314 -87.748917 54.640217 -13.564621 -19.982220 13.473537 2.091777 -1.143457 -10.136867 0.000000 0.000000 0.000002 167.733185 -1.108168 176.569580 179.450867 5.067421 176.395401 9.921321 2.499967 40.375954 -1.362407 0.627826 -10.154204 0.000000 0.000000 0.000000 
-14.538193 12.446875 116.668892 5.301906 -0.821692 88.085831 0.350477 -0.337870 -0.315150 0.332685 0.332438 -4.452781 -2.404267 -2.314463 10.350822 -13.380005 6.264351 -6.162392 2.960172 12.259554 -2.696928 -6.466323 15.620512 -8.260331 0.000077 -0.000021 0.000006 0.333110 0.047016 -0.177607 1.047782 -3.265213 -9.761078 -0.400817 3.388153 -9.969764 5.048440 -11.252892 9.369653 -52.417473 -5.476631 -87.414078 -178.282715 -38.189690 179.056946 16.308872 9.217808 12.736873 -5.882100 9.861278 0.702589 -10.936860 -0.360575 7.156198 0.000002 8.774813 -0.000001 -16.521988 17.978785 5.452087 -1.844031 2.498503 -2.507277 -10.163589 4.678938 4.621104 -20.975994 -0.000005 0.000002 -21.226254 2.451692 -3.593993 0.000001 -0.000006 -0.000000 -1.362680 2.240796 -0.746323 -21.334892 0.584907 3.008320 -13.821197 -0.000003 0.000003 -23.887131 -0.249079 -0.839480 -59.989704 2.035542 -1.452886 -0.294025 1.679685 0.833255 -14.218194 0.093214 1.300579 -34.212013 -0.287565 0.967171 -20.033182 0.964535 1.212843 -0.000000 -0.000000 0.000000 -3.440385 0.788233 0.501655 -15.928169 -3.167307 2.999704 -6.338817 -0.000002 0.000001 -18.123415 3.648176 -4.905662 -0.000006 -0.000000 -0.000001 -12.403679 7.942922 10.371372 48.035084 0.437005 -80.166954 -175.251678 41.604500 179.631851 -21.511106 -11.868127 4.531297 2.243541 -5.255033 -3.180157 14.282878 -0.826593 6.952495 -0.000003 -12.690590 0.000000 15.800047 -16.882307 2.253376 1.665665 -1.955920 -2.878297 4.727794 -4.170582 4.993917 11.020513 0.000003 -0.000000 12.109035 -3.735708 -2.866781 -0.000001 0.000000 0.000001 1.291985 -1.928548 -1.498088 14.800114 0.567467 3.865602 14.242554 -1.341734 -6.660650 19.631941 0.143925 -0.648245 49.035042 0.122867 -5.477382 0.353029 -1.511150 -0.031940 20.222771 3.684305 2.316627 18.787249 0.000005 -0.000002 10.751611 -0.479867 1.397904 -0.000002 0.000000 0.000000 3.273804 0.305946 -0.580109 21.486795 11.830361 2.266129 8.162916 0.000001 -0.000001 18.399055 -3.798978 -4.940569 0.000003 -0.000000 -0.000001 -168.050201 67.044235 179.349930 -47.067207 -87.653564 50.521687 -13.515084 -19.852648 14.171416 2.078025 -1.139217 -10.072059 -0.000000 -0.000000 0.000002 167.750671 -1.158213 176.556152 179.373993 5.159572 176.267822 9.905150 2.604825 40.752258 -1.364191 0.621184 -10.133301 0.000000 -0.000000 -0.000001 
-14.497580 12.437600 116.679298 5.313069 -0.792483 88.131218 0.397384 -0.317549 -0.312810 0.345102 0.328222 -4.444422 -2.426490 -2.322679 10.328616 -13.484312 6.296998 -6.218304 2.967719 11.997637 -2.709654 -6.423112 15.409511 -8.347503 0.000077 -0.000021 0.000006 0.341441 0.027544 -0.170521 1.048585 -3.289315 -9.754021 -0.387418 3.363055 -9.956912 5.115802 -11.157598 9.328446 -52.487991 -5.533476 -87.257851 -178.366730 -38.079998 179.088104 16.281757 9.385212 12.740937 -5.882100 9.861278 0.702589 -10.936859 -0.360574 7.156197 0.000001 8.774812 -0.000001 -16.528124 17.986149 5.436639 -1.844031 2.498502 -2.507276 -10.163589 4.678939 4.621103 -20.975992 -0.000005 0.000002 -21.226255 2.451690 -3.593994 0.000001 -0.000006 -0.000001 -1.362680 2.240797 -0.746323 -21.334887 0.584908 3.008320 -13.821197 -0.000004 0.000002 -23.887129 -0.249080 -0.839481 -59.929939 2.031753 -1.452077 -0.294024 1.679685 0.833255 -14.218192 0.093214 1.300579 -34.212002 -0.287566 0.967169 -20.033178 0.964534 1.212842 -0.000000 -0.000000 0.000000 -3.440385 0.788233 0.501655 -15.928167 -3.167306 2.999704 -6.338818 -0.000001 0.000001 -18.123411 3.648176 -4.905662 -0.000007 0.000000 -0.000001 -12.402343 7.992754 10.456355 48.151043 0.361828 -80.207466 -175.147949 41.473507 179.637619 -21.587873 -11.881729 4.356199 2.243540 -5.255033 -3.180156 14.282875 -0.826593 6.952496 -0.000004 -12.690592 0.000001 15.788482 -16.860737 2.271017 1.665665 -1.955920 -2.878298 4.727792 -4.170583 4.993919 11.020511 0.000004 -0.000000 12.109030 -3.735710 -2.866779 0.000000 0.000000 0.000001 1.291984 -1.928548 -1.498089 14.800111 0.567468 3.865603 14.242553 -1.341735 -6.660648 19.631935 0.143927 -0.648242 49.074669 0.111822 -5.473024 0.353029 -1.511149 -0.031939 20.222765 3.684307 2.316627 18.787241 0.000005 0.000000 10.751609 -0.479867 1.397904 -0.000003 -0.000000 0.000000 3.273804 0.305947 -0.580110 21.486790 11.830363 2.266132 8.162915 0.000001 0.000001 18.399050 -3.798979 -4.940568 0.000004 -0.000001 -0.000002 -167.869019 67.076241 179.528809 -45.224461 -87.673073 48.724701 -13.603049 -19.872927 14.053904 2.075892 -1.143386 -10.034153 0.000000 0.000000 0.000002 167.804672 -1.209058 176.598358 179.371231 5.266100 176.242737 9.888742 2.669504 40.875816 -1.363589 0.617495 -10.101520 0.000000 -0.000000 -0.000001 
-14.535414 12.442678 116.682831 5.319616 -0.774332 88.168503 0.432948 -0.298869 -0.304645 0.372187 0.334755 -4.434955 -2.449980 -2.330395 10.292480 -13.591993 6.321755 -6.243164 2.998197 11.710921 -2.720890 -6.376184 15.133212 -8.413346 0.000076 -0.000022 0.000006 0.349144 0.035626 -0.171266 1.058636 -3.293908 -9.743380 -0.374424 3.365648 -9.949068 5.200965 -11.047409 9.295751 -52.574455 -5.614171 -87.058189 -178.411163 -37.975266 179.131226 16.267355 9.586493 12.721282 -5.882101 9.861278 0.702590 -10.936861 -0.360574 7.156196 0.000001 8.774812 -0.000001 -16.507343 17.942755 5.429216 -1.844031 2.498502 -2.507275 -10.163589 4.678939 4.621104 -20.975996 -0.000005 0.000002 -21.226254 2.451691 -3.593993 0.000002 -0.000007 -0.000000 -1.362680 2.240796 -0.746323 -21.334887 0.584907 3.008320 -13.821197 -0.000004 0.000002 -23.887135 -0.249079 -0.839480 -59.910194 2.014821 -1.451456 -0.294024 1.679687 0.833255 -14.218194 0.093213 1.300579 -34.212006 -0.287566 0.967171 -20.033178 0.964534 1.212843 -0.000000 -0.000000 0.000000 -3.440386 0.788233 0.501655 -15.928167 -3.167307 2.999703 -6.338818 -0.000001 0.000001 -18.123415 3.648175 -4.905662 -0.000006 0.000000 -0.000002 -12.402306 8.010686 10.589056 48.255310 0.329967 -80.283089 -175.131104 41.377548 179.613251 -21.659266 -11.893374 4.203163 2.243539 -5.255033 -3.180155 14.282875 -0.826593 6.952495 -0.000003 -12.690588 0.000001 15.695817 -16.866415 2.293737 1.665665 -1.955920 -2.878296 4.727793 -4.170583 4.993918 11.020512 0.000005 -0.000002 12.109034 -3.735708 -2.866781 0.000000 0.000000 -0.000000 1.291984 -1.928548 -1.498088 14.800114 0.567468 3.865603 14.242553 -1.341733 -6.660649 19.631939 0.143927 -0.648244 49.011623 0.074196 -5.506828 0.353029 -1.511149 -0.031939 20.222769 3.684307 2.316627 18.787249 0.000006 -0.000001 10.751610 -0.479867 1.397904 -0.000001 0.000000 0.000000 3.273804 0.305947 -0.580112 21.486792 11.830363 2.266130 8.162916 0.000002 0.000001 18.399052 -3.798978 -4.940569 0.000004 -0.000000 -0.000001 -167.858505 67.066505 179.570068 -45.388756 -87.742317 48.835018 -13.624332 -19.897409 13.917897 2.076558 -1.134272 -10.117773 0.000000 0.000000 0.000002 167.837845 -1.109663 176.681503 179.374603 5.132132 176.296173 9.892485 2.657826 40.960125 -1.365097 0.619851 -10.061563 0.000000 -0.000000 -0.000000 
-14.680372 12.435240 116.693268 5.328126 -0.788422 88.223869 0.462073 -0.278068 -0.306777 0.380404 0.349092 -4.430689 -2.476464 -2.336978 10.239515 -13.650670 6.353934 -6.228454 2.955613 11.411387 -2.744648 -6.260202 14.793036 -8.466455 0.000077 -0.000022 0.000006 0.363759 0.026606 -0.167432 1.061805 -3.296026 -9.746741 -0.365823 3.362177 -9.947850 5.239109 -10.920549 9.279888 -52.589844 -5.682737 -86.841072 -178.467041 -37.884365 179.160736 16.303402 9.770526 12.754432 -5.882099 9.861278 0.702589 -10.936856 -0.360576 7.156197 0.000002 8.774812 -0.000001 -16.482689 17.923277 5.423818 -1.844031 2.498502 -2.507276 -10.163589 4.678940 4.621103 -20.975992 -0.000005 0.000002 -21.226250 2.451691 -3.593994 0.000002 -0.000006 -0.000000 -1.362680 2.240796 -0.746323 -21.334887 0.584907 3.008320 -13.821197 -0.000004 0.000002 -23.887121 -0.249080 -0.839480 -59.900223 1.990446 -1.435270 -0.294024 1.679686 0.833255 -14.218192 0.093214 1.300579 -34.211998 -0.287565 0.967170 -20.033175 0.964534 1.212843 -0.000001 -0.000000 0.000000 -3.440385 0.788233 0.501655 -15.928165 -3.167308 2.999704 -6.338815 -0.000002 0.000001 -18.123411 3.648176 -4.905662 -0.000007 -0.000000 -0.000002 -12.394100 8.007642 10.713758 48.305412 0.283507 -80.359177 -175.078995 41.245327 179.602066 -21.744673 -11.897879 4.092737 2.243539 -5.255032 -3.180155 14.282873 -0.826591 6.952499 -0.000004 -12.690590 0.000001 15.617534 -16.872307 2.322642 1.665664 -1.955920 -2.878296 4.727793 -4.170583 4.993921 11.020511 0.000004 -0.000000 12.109028 -3.735709 -2.866780 0.000000 0.000000 -0.000000 1.291984 -1.928548 -1.498089 14.800107 0.567469 3.865603 14.242553 -1.341734 -6.660648 19.631937 0.143926 -0.648242 48.982166 0.043246 -5.526405 0.353028 -1.511149 -0.031940 20.222765 3.684307 2.316628 18.787245 0.000005 0.000002 10.751611 -0.479868 1.397906 -0.000003 -0.000000 0.000001 3.273804 0.305947 -0.580110 21.486788 11.830363 2.266134 8.162916 0.000001 0.000001 18.399044 -3.798978 -4.940565 0.000004 -0.000000 -0.000002 -168.187408 67.043442 179.272171 -46.199490 -87.873665 49.319382 -13.873390 -19.947912 13.582664 2.080407 -1.124822 -10.259912 0.000000 0.000000 0.000002 167.849701 -0.879525 176.809052 179.383194 4.813045 176.411575 9.881188 2.564212 41.015919 -1.358507 0.627059 -10.040748 0.000000 0.000000 -0.000001 
-14.713961 12.417984 116.715202 5.328001 -0.791177 88.278572 0.495231 -0.250900 -0.302403 0.388745 0.365334 -4.432101 -2.495130 -2.334271 10.179188 -13.712777 6.388597 -6.195807 2.921731 11.079925 -2.769748 -6.153883 14.479750 -8.537503 0.000077 -0.000023 0.000006 0.377932 0.017836 -0.158938 1.095886 -3.317908 -9.748363 -0.347414 3.359693 -9.949185 5.245387 -10.816044 9.276031 -52.586418 -5.777134 -86.669479 -178.522644 -37.778332 179.177048 16.316711 9.955057 12.790360 -5.882101 9.861279 0.702589 -10.936858 -0.360574 7.156196 0.000002 8.774812 -0.000001 -16.432484 17.928686 5.446191 -1.844031 2.498502 -2.507276 -10.163589 4.678938 4.621102 -20.976000 -0.000005 0.000001 -21.226255 2.451690 -3.593993 0.000001 -0.000006 -0.000000 -1.362681 2.240796 -0.746323 -21.334894 0.584908 3.008319 -13.821198 -0.000004 0.000002 -23.887133 -0.249080 -0.839481 -59.894657 1.977433 -1.421667 -0.294024 1.679686 0.833255 -14.218194 0.093214 1.300578 -34.211998 -0.287566 0.967169 -20.033178 0.964533 1.212842 -0.000000 -0.000000 0.000000 -3.440386 0.788232 0.501655 -15.928167 -3.167307 2.999702 -6.338817 -0.000002 0.000001 -18.123415 3.648174 -4.905662 -0.000005 0.000000 -0.000003 -12.436181 7.990849 10.838487 48.403080 0.296584 -80.379250 -174.997131 41.117790 179.643478 -21.804569 -11.925177 4.055702 2.243540 -5.255033 -3.180157 14.282875 -0.826591 6.952495 -0.000004 -12.690593 0.000001 15.542070 -16.891405 2.371208 1.665665 -1.955919 -2.878296 4.727793 -4.170584 4.993919 11.020513 0.000004 -0.000001 12.109032 -3.735709 -2.866780 0.000000 0.000000 0.000000 1.291984 -1.928548 -1.498088 14.800114 0.567469 3.865603 14.242556 -1.341733 -6.660649 19.631941 0.143928 -0.648243 48.929653 0.038178 -5.520208 0.353028 -1.511150 -0.031939 20.222773 3.684309 2.316628 18.787245 0.000007 -0.000001 10.751610 -0.479867 1.397903 -0.000001 -0.000000 0.000000 3.273804 0.305947 -0.580111 21.486795 11.830367 2.266129 8.162916 0.000002 0.000000 18.399048 -3.798977 -4.940567 0.000003 0.000001 -0.000002 -168.278046 66.968666 179.229279 -48.414291 -87.988403 51.398800 -13.982894 -19.897726 13.544667 2.090597 -1.124880 -10.355974 0.000000 0.000000 0.000002 167.901443 -0.609085 176.888428 179.419586 4.415041 176.433197 9.845743 2.379473 41.129120 -1.353513 0.631865 -9.939795 0.000000 -0.000000 -0.000001 
-14.747663 12.380171 116.685165 5.299620 -0.816557 88.356377 0.518415 -0.224367 -0.324557 0.392348 0.378534 -4.443145 -2.508085 -2.319293 10.134917 -13.776540 6.387405 -6.175379 2.893714 10.797112 -2.795604 -6.064892 14.207037 -8.594521 0.000077 -0.000023 0.000006 0.392395 0.006373 -0.158514 1.109923 -3.332033 -9.759337 -0.344154 3.352549 -9.974976 5.211362 -10.717201 9.288907 -52.552006 -5.829397 -86.496941 -178.557404 -37.691616 179.233093 16.328205 10.128795 12.708326 -5.882100 9.861280 0.702590 -10.936858 -0.360574 7.156197 -0.000001 8.774815 -0.000001 -16.403049 17.965931 5.478079 -1.844031 2.498503 -2.507277 -10.163587 4.678940 4.621103 -20.975992 -0.000003 0.000000 -21.226248 2.451692 -3.593995 0.000001 -0.000006 -0.000000 -1.362680 2.240797 -0.746323 -21.334885 0.584909 3.008320 -13.821193 -0.000003 0.000002 -23.887123 -0.249078 -0.839482 -59.918308 1.976246 -1.408544 -0.294024 1.679686 0.833255 -14.218189 0.093214 1.300579 -34.211998 -0.287563 0.967168 -20.033173 0.964535 1.212841 -0.000001 -0.000000 0.000000 -3.440385 0.788233 0.501655 -15.928165 -3.167306 2.999704 -6.338815 -0.000001 0.000001 -18.123411 3.648177 -4.905663 -0.000006 0.000000 -0.000002 -12.482816 7.971512 10.930454 48.465202 0.285728 -80.295525 -174.896362 40.968113 179.673782 -21.844006 -11.919786 4.073687 2.243538 -5.255033 -3.180155 14.282873 -0.826593 6.952497 -0.000004 -12.690592 0.000002 15.479407 -16.925735 2.385755 1.665664 -1.955920 -2.878297 4.727792 -4.170582 4.993918 11.020508 0.000004 0.000000 12.109027 -3.735708 -2.866778 0.000001 -0.000000 0.000000 1.291984 -1.928548 -1.498088 14.800107 0.567469 3.865605 14.242548 -1.341733 -6.660648 19.631929 0.143927 -0.648240 48.907776 0.056090 -5.535523 0.353028 -1.511150 -0.031940 20.222763 3.684308 2.316628 18.787245 0.000005 0.000003 10.751607 -0.479868 1.397906 -0.000002 -0.000000 0.000000 3.273803 0.305947 -0.580110 21.486788 11.830365 2.266134 8.162914 0.000000 0.000002 18.399044 -3.798978 -4.940563 0.000003 0.000001 -0.000002 -168.051392 66.806320 179.470596 -53.104031 -88.158241 56.215096 -14.045070 -19.884956 13.212615 2.089918 -1.124611 -10.451220 0.000000 0.000000 0.000002 167.907333 -0.438572 177.081757 179.410706 4.145746 176.629303 9.808573 2.191933 41.214458 -1.356495 0.637957 -9.938355 0.000000 0.000000 -0.000002 
-14.701113 12.368954 116.694466 5.257253 -0.857752 88.419525 0.519413 -0.206851 -0.345261 0.383720 0.394220 -4.461524 -2.502817 -2.295866 10.112543 -13.814857 6.385466 -6.183289 2.858837 10.587602 -2.814001 -5.955204 13.950273 -8.649126 0.000076 -0.000023 0.000006 0.405129 -0.002379 -0.157688 1.130801 -3.333712 -9.770470 -0.334044 3.351295 -9.972056 5.162594 -10.649294 9.289598 -52.497410 -5.832368 -86.356995 -178.644638 -37.604744 179.298447 16.309669 10.273986 12.608857 -5.882101 9.861279 0.702590 -10.936860 -0.360575 7.156197 -0.000001 8.774814 -0.000002 -16.361149 17.974958 5.507834 -1.844031 2.498503 -2.507276 -10.163590 4.678940 4.621105 -20.975996 -0.000003 0.000002 -21.226254 2.451693 -3.593993 0.000002 -0.000006 -0.000000 -1.362680 2.240796 -0.746323 -21.334892 0.584908 3.008321 -13.821197 -0.000003 0.000003 -23.887133 -0.249078 -0.839481 -59.960575 1.980440 -1.401999 -0.294024 1.679686 0.833255 -14.218194 0.093214 1.300579 -34.212006 -0.287564 0.967170 -20.033178 0.964535 1.212842 -0.000001 -0.000000 0.000000 -3.440386 0.788233 0.501655 -15.928167 -3.167306 2.999704 -6.338817 -0.000001 0.000001 -18.123417 3.648175 -4.905661 -0.000006 0.000001 -0.000001 -12.515778 7.957462 11.000142 48.519245 0.324612 -80.208130 -174.852417 40.840057 179.642609 -21.894728 -11.913533 4.039621 2.243540 -5.255033 -3.180155 14.282877 -0.826594 6.952495 0.000000 -12.690590 -0.000001 15.485834 -16.905823 2.380622 1.665665 -1.955920 -2.878296 4.727795 -4.170583 4.993917 11.020511 0.000002 -0.000002 12.109033 -3.735710 -2.866781 -0.000000 -0.000000 0.000000 1.291984 -1.928548 -1.498088 14.800114 0.567467 3.865602 14.242554 -1.341736 -6.660649 19.631939 0.143924 -0.648244 48.897945 0.056254 -5.506062 0.353029 -1.511149 -0.031941 20.222769 3.684304 2.316627 18.787245 0.000004 -0.000000 10.751610 -0.479868 1.397904 -0.000001 -0.000000 0.000000 3.273804 0.305946 -0.580109 21.486790 11.830360 2.266130 8.162917 0.000001 -0.000001 18.399054 -3.798978 -4.940570 0.000003 0.000001 -0.000002 -168.120148 66.694046 179.473450 -56.940834 -88.258514 59.998924 -14.134221 -19.861776 12.957620 2.082924 -1.127611 -10.507742 -0.000000 -0.000000 0.000002 167.893143 -0.423100 177.154190 179.393509 4.068244 176.614792 9.792676 1.983492 41.247231 -1.356207 0.641445 -9.927589 0.000000 0.000000 -0.000001 
-14.709541 12.328386 116.709747 5.204692 -0.880429 88.485878 0.539733 -0.178549 -0.367936 0.371369 0.399434 -4.479079 -2.506868 -2.281703 10.094208 -13.871597 6.357976 -6.229706 2.836079 10.379151 -2.813011 -5.827458 13.736522 -8.694660 0.000077 -0.000022 0.000006 0.406144 0.005152 -0.157565 1.135718 -3.340651 -9.761753 -0.339935 3.338924 -9.962417 5.093984 -10.607475 9.342859 -52.429813 -5.806692 -86.280296 -178.806488 -37.565643 179.417526 16.262136 10.433594 12.462953 -5.882101 9.861277 0.702590 -10.936860 -0.360575 7.156197 0.000001 8.774813 -0.000000 -16.339727 17.989346 5.529047 -1.844031 2.498502 -2.507277 -10.163589 4.678941 4.621104 -20.975998 -0.000005 0.000001 -21.226250 2.451691 -3.593994 0.000001 -0.000006 -0.000000 -1.362680 2.240797 -0.746323 -21.334892 0.584908 3.008319 -13.821197 -0.000004 0.000002 -23.887133 -0.249080 -0.839481 -59.955540 2.013281 -1.416538 -0.294024 1.679687 0.833255 -14.218194 0.093214 1.300578 -34.212006 -0.287566 0.967168 -20.033180 0.964533 1.212841 -0.000002 -0.000000 0.000000 -3.440385 0.788233 0.501655 -15.928167 -3.167307 2.999703 -6.338818 -0.000001 0.000001 -18.123411 3.648175 -4.905662 -0.000005 0.000000 -0.000003 -12.538194 7.933269 11.061278 48.543629 0.308844 -80.068985 -174.733368 40.755138 179.628632 -21.899149 -11.908854 4.018325 2.243540 -5.255033 -3.180155 14.282878 -0.826593 6.952495 -0.000002 -12.690591 0.000001 15.541653 -16.909891 2.347945 1.665665 -1.955920 -2.878296 4.727794 -4.170584 4.993919 11.020513 0.000004 -0.000001 12.109031 -3.735709 -2.866780 0.000000 0.000000 0.000000 1.291985 -1.928548 -1.498089 14.800113 0.567468 3.865601 14.242554 -1.341734 -6.660648 19.631939 0.143926 -0.648243 48.927135 0.071955 -5.492951 0.353029 -1.511149 -0.031941 20.222773 3.684307 2.316627 18.787249 0.000005 -0.000001 10.751614 -0.479868 1.397903 -0.000003 0.000000 0.000000 3.273805 0.305947 -0.580111 21.486797 11.830364 2.266130 8.162918 0.000001 -0.000001 18.399052 -3.798979 -4.940567 0.000003 -0.000001 -0.000002 -168.271317 66.670387 179.398956 -57.721256 -88.348145 60.647991 -14.250712 -19.776104 12.858893 2.059608 -1.141431 -10.483751 0.000000 0.000000 0.000002 167.843887 -0.523688 177.230545 179.274750 4.164286 176.598999 9.771041 1.819858 41.411083 -1.359205 0.645266 -9.917446 -0.000000 0.000000 -0.000001 
-14.736362 12.324392 116.782417 5.148661 -0.896930 88.533829 0.555321 -0.153120 -0.400391 0.339104 0.402962 -4.483599 -2.491621 -2.264614 10.062836 -13.923017 6.348210 -6.303061 2.822658 10.157406 -2.798797 -5.728311 13.506538 -8.702085 0.000076 -0.000023 0.000007 0.392348 -0.013808 -0.159470 1.115698 -3.351315 -9.768939 -0.349529 3.325536 -9.961088 5.042428 -10.585543 9.382021 -52.371994 -5.738569 -86.290848 -178.909393 -37.515167 179.544205 16.186226 10.605127 12.247345 -5.882100 9.861278 0.702590 -10.936858 -0.360576 7.156196 0.000001 8.774812 -0.000001 -16.314547 18.014565 5.568119 -1.844031 2.498502 -2.507276 -10.163589 4.678941 4.621104 -20.975994 -0.000003 0.000002 -21.226248 2.451692 -3.593995 0.000001 -0.000006 -0.000000 -1.362680 2.240797 -0.746323 -21.334892 0.584909 3.008320 -13.821195 -0.000002 0.000002 -23.887131 -0.249078 -0.839482 -59.904949 2.038041 -1.416183 -0.294024 1.679686 0.833255 -14.218192 0.093215 1.300579 -34.211998 -0.287564 0.967169 -20.033175 0.964535 1.212841 -0.000001 0.000000 0.000000 -3.440385 0.788232 0.501655 -15.928167 -3.167306 2.999703 -6.338815 -0.000001 0.000001 -18.123411 3.648177 -4.905662 -0.000006 0.000000 -0.000002 -12.530749 7.921241 11.140683 48.531593 0.245814 -79.981110 -174.627731 40.703785 179.574219 -21.913721 -11.898653 3.995266 2.243540 -5.255033 -3.180156 14.282877 -0.826593 6.952496 -0.000003 -12.690592 0.000002 15.571633 -16.905014 2.340547 1.665665 -1.955920 -2.878296 4.727793 -4.170583 4.993917 11.020510 0.000004 -0.000001 12.109031 -3.735709 -2.866781 0.000001 -0.000000 0.000001 1.291984 -1.928548 -1.498089 14.800111 0.567468 3.865603 14.242553 -1.341733 -6.660650 19.631941 0.143926 -0.648244 48.952888 0.099088 -5.478419 0.353029 -1.511149 -0.031940 20.222767 3.684308 2.316628 18.787247 0.000006 -0.000001 10.751610 -0.479867 1.397904 -0.000002 -0.000000 0.000000 3.273804 0.305947 -0.580111 21.486790 11.830364 2.266131 8.162916 0.000002 -0.000002 18.399054 -3.798979 -4.940567 0.000003 0.000001 -0.000002 -168.397003 66.552597 179.337479 -58.996704 -88.439651 61.826939 -14.381526 -19.765797 12.668161 2.046818 -1.153586 -10.483407 0.000000 0.000000 0.000002 167.792023 -0.750532 177.197601 179.102112 4.453617 176.396042 9.747281 1.731828 41.502628 -1.357811 0.647013 -9.927475 0.000000 0.000000 0.000000 
-14.712448 12.351293 116.824150 5.095519 -0.906494 88.529984 0.543527 -0.128834 -0.416767 0.329778 0.416658 -4.492929 -2.488192 -2.246068 10.064301 -13.951095 6.319000 -6.370869 2.768293 9.991522 -2.806222 -5.598942 13.293529 -8.709237 0.000078 -0.000023 0.000006 0.365132 -0.004850 -0.159218 1.072697 -3.325120 -9.759604 -0.365382 3.332437 -9.937864 5.036074 -10.575024 9.412348 -52.370850 -5.643229 -86.248337 -179.027710 -37.467384 179.639557 16.161440 10.776044 12.122265 -5.882102 9.861277 0.702589 -10.936858 -0.360575 7.156196 0.000002 8.774812 -0.000001 -16.246546 17.990126 5.583994 -1.844031 2.498503 -2.507276 -10.163590 4.678940 4.621103 -20.975996 -0.000003 0.000002 -21.226255 2.451694 -3.593993 0.000002 -0.000006 -0.000000 -1.362680 2.240795 -0.746323 -21.334887 0.584909 3.008320 -13.821197 -0.000002 0.000002 -23.887133 -0.249078 -0.839481 -59.832500 2.063999 -1.409977 -0.294024 1.679686 0.833255 -14.218194 0.093215 1.300579 -34.212002 -0.287563 0.967169 -20.033178 0.964535 1.212840 -0.000003 0.000000 0.000000 -3.440386 0.788232 0.501655 -15.928169 -3.167305 2.999703 -6.338818 -0.000001 0.000001 -18.123415 3.648175 -4.905662 -0.000005 0.000001 -0.000002 -12.539070 7.931177 11.193724 48.556301 0.153505 -80.026176 -174.598557 40.672112 179.529907 -21.866697 -11.901025 3.904285 2.243540 -5.255033 -3.180155 14.282878 -0.826595 6.952494 -0.000001 -12.690591 0.000000 15.612818 -16.859737 2.296288 1.665665 -1.955920 -2.878296 4.727794 -4.170584 4.993919 11.020513 0.000003 -0.000000 12.109034 -3.735711 -2.866780 0.000001 -0.000000 0.000001 1.291985 -1.928548 -1.498088 14.800113 0.567467 3.865602 14.242554 -1.341736 -6.660648 19.631941 0.143924 -0.648245 48.993237 0.079075 -5.474303 0.353029 -1.511149 -0.031940 20.222773 3.684305 2.316628 18.787249 0.000003 -0.000001 10.751612 -0.479868 1.397903 -0.000002 0.000000 0.000000 3.273804 0.305947 -0.580110 21.486792 11.830362 2.266130 8.162916 -0.000000 -0.000002 18.399057 -3.798982 -4.940570 0.000004 -0.000000 -0.000002 -168.212585 66.578621 179.549606 -55.306213 -88.437019 58.341049 -14.457514 -19.789064 12.463461 2.034233 -1.158170 -10.493522 0.000000 -0.000000 0.000002 167.806732 -1.117213 177.157913 179.020599 4.952326 176.263565 9.741077 1.786303 41.528240 -1.365730 0.640987 -9.956325 -0.000000 0.000000 -0.000002 
-14.718410 12.363482 116.852631 5.046102 -0.892321 88.548943 0.547234 -0.110930 -0.454970 0.301267 0.432836 -4.492388 -2.473966 -2.223017 10.065667 -13.994796 6.320569 -6.454786 2.749069 9.833713 -2.811310 -5.499909 13.087285 -8.712829 0.000076 -0.000021 0.000006 0.349634 -0.004412 -0.159688 1.048784 -3.320370 -9.754388 -0.374083 3.347365 -9.927344 5.027477 -10.551560 9.449533 -52.322353 -5.576030 -86.292519 -179.103745 -37.445099 179.700211 16.171021 10.918022 12.031294 -5.882101 9.861279 0.702590 -10.936861 -0.360574 7.156196 0.000001 8.774814 -0.000000 -16.174770 17.995594 5.623680 -1.844031 2.498502 -2.507276 -10.163589 4.678941 4.621104 -20.975992 -0.000004 0.000001 -21.226257 2.451693 -3.593995 0.000001 -0.000006 -0.000000 -1.362680 2.240797 -0.746323 -21.334892 0.584909 3.008320 -13.821197 -0.000003 0.000002 -23.887125 -0.249079 -0.839482 -59.796669 2.079099 -1.379339 -0.294024 1.679687 0.833255 -14.218194 0.093215 1.300579 -34.212006 -0.287563 0.967168 -20.033178 0.964535 1.212840 -0.000001 0.000000 0.000001 -3.440386 0.788233 0.501655 -15.928167 -3.167306 2.999703 -6.338816 -0.000001 0.000001 -18.123415 3.648177 -4.905663 -0.000006 0.000000 -0.000002 -12.541275 7.932933 11.213669 48.583054 0.023996 -80.100250 -174.605103 40.654255 179.460480 -21.864391 -11.893400 3.815005 2.243540 -5.255032 -3.180156 14.282879 -0.826594 6.952495 -0.000003 -12.690586 0.000002 15.592275 -16.827633 2.284625 1.665665 -1.955920 -2.878297 4.727795 -4.170582 4.993917 11.020513 0.000003 -0.000001 12.109034 -3.735709 -2.866777 -0.000001 0.000000 0.000001 1.291985 -1.928547 -1.498089 14.800117 0.567467 3.865605 14.242558 -1.341733 -6.660650 19.631945 0.143926 -0.648243 48.956356 0.081457 -5.450768 0.353029 -1.511149 -0.031940 20.222773 3.684305 2.316628 18.787249 0.000005 -0.000001 10.751612 -0.479867 1.397903 -0.000002 -0.000000 0.000001 3.273805 0.305947 -0.580112 21.486797 11.830360 2.266130 8.162916 0.000001 -0.000001 18.399057 -3.798978 -4.940568 0.000003 0.000001 -0.000002 -168.100845 66.503189 179.640945 -52.910763 -88.422188 56.069675 -14.607147 -19.893158 12.098351 2.039728 -1.160470 -10.466659 -0.000000 0.000000 0.000002 167.853836 -1.492909 177.151199 178.994308 5.501058 176.208801 9.748938 1.911307 41.378723 -1.366124 0.641546 -9.874530 0.000000 -0.000000 -0.000001 
-14.685040 12.344563 116.869949 4.991131 -0.886300 88.582458 0.564677 -0.091999 -0.485389 0.295372 0.448651 -4.483004 -2.480373 -2.191581 10.074287 -14.048514 6.318689 -6.530347 2.724337 9.715570 -2.832307 -5.451190 12.952757 -8.743361 0.000078 -0.000021 0.000006 0.332766 0.002943 -0.169475 1.031711 -3.323345 -9.761688 -0.381839 3.339055 -9.930106 4.993008 -10.540323 9.466753 -52.294159 -5.517956 -86.342018 -179.156326 -37.367897 179.735321 16.228415 11.007113 12.006290 -5.882102 9.861277 0.702590 -10.936858 -0.360575 7.156197 -0.000000 8.774812 -0.000001 -16.078793 17.985027 5.638140 -1.844031 2.498502 -2.507276 -10.163590 4.678941 4.621103 -20.975998 -0.000003 0.000002 -21.226257 2.451692 -3.593993 0.000001 -0.000006 -0.000000 -1.362680 2.240796 -0.746323 -21.334896 0.584908 3.008320 -13.821195 -0.000003 0.000002 -23.887136 -0.249079 -0.839481 -59.761051 2.076129 -1.367841 -0.294025 1.679686 0.833255 -14.218195 0.093214 1.300579 -34.212013 -0.287565 0.967170 -20.033178 0.964534 1.212842 0.000000 -0.000000 0.000000 -3.440386 0.788232 0.501655 -15.928169 -3.167306 2.999703 -6.338819 -0.000001 0.000001 -18.123415 3.648176 -4.905662 -0.000006 -0.000000 -0.000002 -12.601933 7.954134 11.209555 48.621494 -0.082128 -80.273567 -174.584000 40.673462 179.508865 -21.813538 -11.935002 3.687683 2.243540 -5.255033 -3.180154 14.282877 -0.826593 6.952494 -0.000004 -12.690590 0.000001 15.554270 -16.770237 2.284227 1.665665 -1.955920 -2.878297 4.727794 -4.170585 4.993917 11.020512 0.000004 -0.000001 12.109031 -3.735710 -2.866779 -0.000002 0.000000 0.000000 1.291984 -1.928548 -1.498088 14.800111 0.567468 3.865602 14.242553 -1.341734 -6.660648 19.631939 0.143927 -0.648243 48.921837 0.038263 -5.446090 0.353029 -1.511149 -0.031940 20.222773 3.684308 2.316628 18.787245 0.000005 -0.000001 10.751611 -0.479867 1.397904 -0.000003 -0.000000 0.000000 3.273804 0.305947 -0.580111 21.486792 11.830367 2.266129 8.162918 0.000002 -0.000002 18.399052 -3.798979 -4.940569 0.000004 -0.000001 -0.000001 -168.157425 66.523331 179.591461 -50.625660 -88.357292 53.808887 -14.735669 -19.914045 11.769862 2.059232 -1.165263 -10.441072 0.000000 0.000000 0.000002 167.793427 -1.834134 177.122772 178.804489 5.966336 176.145996 9.704555 2.040783 41.077782 -1.365407 0.637516 -9.825679 -0.000000 0.000000 -0.000001 
-14.662315 12.265360 116.869926 4.934483 -0.869750 88.630226 0.553739 -0.078624 -0.516439 0.312527 0.471666 -4.476878 -2.486019 -2.157508 10.062193 -14.073628 6.329090 -6.593951 2.703486 9.665100 -2.852490 -5.462569 12.857866 -8.819226 0.000077 -0.000022 0.000006 0.327451 0.003257 -0.165565 1.021137 -3.325400 -9.761759 -0.394393 3.344251 -9.925657 4.976386 -10.526856 9.512831 -52.248466 -5.496743 -86.479576 -179.136948 -37.283199 179.723892 16.316444 11.093389 12.017965 -5.882102 9.861279 0.702589 -10.936861 -0.360575 7.156197 0.000000 8.774813 -0.000002 -15.999251 17.949030 5.657457 -1.844031 2.498502 -2.507276 -10.163590 4.678939 4.621104 -20.975998 -0.000003 0.000003 -21.226255 2.451693 -3.593994 0.000001 -0.000006 -0.000000 -1.362680 2.240797 -0.746323 -21.334892 0.584908 3.008321 -13.821197 -0.000003 0.000002 -23.887131 -0.249079 -0.839480 -59.688480 2.057019 -1.350015 -0.294024 1.679686 0.833255 -14.218194 0.093215 1.300579 -34.212013 -0.287564 0.967171 -20.033180 0.964535 1.212842 -0.000001 -0.000000 -0.000000 -3.440386 0.788233 0.501655 -15.928171 -3.167306 2.999704 -6.338818 -0.000001 0.000001 -18.123415 3.648175 -4.905662 -0.000006 0.000000 -0.000001 -12.645805 7.964735 11.219275 48.675449 -0.149855 -80.423607 -174.590210 40.646091 179.561462 -21.835117 -11.977937 3.691106 2.243540 -5.255033 -3.180156 14.282878 -0.826594 6.952499 -0.000003 -12.690587 0.000001 15.487251 -16.741220 2.335565 1.665665 -1.955920 -2.878296 4.727795 -4.170582 4.993920 11.020513 0.000003 0.000000 12.109035 -3.735710 -2.866779 0.000000 0.000000 -0.000000 1.291984 -1.928547 -1.498088 14.800113 0.567467 3.865604 14.242553 -1.341734 -6.660648 19.631941 0.143923 -0.648243 48.882496 0.017229 -5.415772 0.353029 -1.511149 -0.031940 20.222773 3.684305 2.316628 18.787245 0.000004 0.000000 10.751613 -0.479868 1.397905 -0.000002 -0.000001 0.000000 3.273804 0.305947 -0.580109 21.486795 11.830360 2.266132 8.162918 0.000000 -0.000001 18.399054 -3.798980 -4.940567 0.000003 0.000001 -0.000001 -168.140411 66.457932 179.600311 -50.689087 -88.314255 53.858742 -14.705779 -19.688677 12.151524 2.066898 -1.152334 -10.489048 0.000000 0.000000 0.000002 167.832184 -2.122606 177.114456 178.758850 6.368804 176.128799 9.679250 2.146697 40.902405 -1.370496 0.636371 -9.767089 -0.000000 -0.000000 -0.000002 
-14.741029 12.259823 116.828598 4.871398 -0.869730 88.661964 0.547665 -0.055340 -0.551908 0.284688 0.491369 -4.464016 -2.448142 -2.131865 10.039009 -14.089511 6.349006 -6.651337 2.682571 9.600128 -2.860391 -5.437579 12.770292 -8.896238 0.000077 -0.000023 0.000006 0.314171 0.007898 -0.161943 1.011347 -3.327112 -9.775135 -0.403699 3.357928 -9.934319 4.950533 -10.523050 9.594522 -52.186237 -5.521861 -86.603615 -179.070618 -37.231171 179.698425 16.446465 11.142760 12.065809 -5.882102 9.861279 0.702589 -10.936861 -0.360574 7.156197 0.000002 8.774814 -0.000001 -15.920777 17.908255 5.659536 -1.844031 2.498503 -2.507276 -10.163590 4.678940 4.621103 -20.976000 -0.000004 0.000002 -21.226255 2.451692 -3.593994 0.000001 -0.000006 -0.000000 -1.362681 2.240797 -0.746323 -21.334898 0.584908 3.008320 -13.821198 -0.000003 0.000002 -23.887131 -0.249080 -0.839481 -59.669895 2.036301 -1.319347 -0.294024 1.679686 0.833255 -14.218194 0.093214 1.300578 -34.212002 -0.287566 0.967169 -20.033182 0.964533 1.212842 -0.000001 -0.000000 0.000000 -3.440386 0.788233 0.501655 -15.928173 -3.167308 2.999703 -6.338817 -0.000001 0.000001 -18.123413 3.648175 -4.905662 -0.000006 -0.000000 -0.000002 -12.660788 7.996163 11.269008 48.636246 -0.180445 -80.566376 -174.545181 40.676155 179.673355 -21.804073 -11.999764 3.713138 2.243540 -5.255032 -3.180155 14.282878 -0.826594 6.952497 -0.000001 -12.690588 0.000002 15.391742 -16.734840 2.404300 1.665665 -1.955920 -2.878297 4.727794 -4.170582 4.993918 11.020513 0.000003 0.000001 12.109035 -3.735709 -2.866779 0.000000 0.000000 -0.000000 1.291985 -1.928548 -1.498087 14.800114 0.567467 3.865605 14.242554 -1.341735 -6.660647 19.631941 0.143924 -0.648243 48.884144 -0.016955 -5.405546 0.353029 -1.511149 -0.031939 20.222771 3.684305 2.316629 18.787249 0.000003 0.000001 10.751612 -0.479869 1.397904 -0.000002 -0.000000 0.000001 3.273805 0.305947 -0.580110 21.486790 11.830360 2.266132 8.162918 -0.000000 0.000000 18.399052 -3.798978 -4.940567 0.000003 -0.000001 -0.000001 -168.401932 66.421799 179.366501 -49.689793 -88.290848 52.686890 -14.843201 -19.662445 11.986286 2.074879 -1.151774 -10.628569 0.000000 0.000000 0.000002 167.803696 -2.372427 177.160446 178.673569 6.684834 176.186844 9.680893 2.212744 40.602207 -1.365569 0.635645 -9.788799 -0.000000 0.000000 -0.000001 
-14.787698 12.210923 116.821335 4.814193 -0.867050 88.703201 0.527759 -0.041282 -0.577671 0.286303 0.511078 -4.444009 -2.435807 -2.104251 9.993988 -14.076736 6.392756 -6.726612 2.646527 9.544449 -2.875796 -5.461516 12.702875 -9.007361 0.000077 -0.000023 0.000007 0.313157 0.023842 -0.161682 1.021322 -3.322901 -9.795589 -0.414881 3.375014 -9.950258 4.941010 -10.517253 9.692050 -52.171066 -5.520677 -86.665405 -179.063828 -37.111008 179.753204 16.559549 11.183682 12.110195 -5.882101 9.861278 0.702590 -10.936861 -0.360575 7.156197 0.000001 8.774813 -0.000001 -15.833409 17.886580 5.691607 -1.844031 2.498502 -2.507276 -10.163589 4.678940 4.621105 -20.975998 -0.000004 0.000003 -21.226255 2.451693 -3.593992 0.000001 -0.000006 -0.000000 -1.362680 2.240795 -0.746323 -21.334890 0.584908 3.008321 -13.821198 -0.000004 0.000003 -23.887133 -0.249078 -0.839480 -59.567497 1.996107 -1.312857 -0.294024 1.679686 0.833255 -14.218194 0.093214 1.300580 -34.212013 -0.287564 0.967171 -20.033180 0.964535 1.212842 -0.000002 -0.000000 0.000000 -3.440386 0.788232 0.501655 -15.928169 -3.167306 2.999704 -6.338817 -0.000001 0.000001 -18.123411 3.648176 -4.905660 -0.000007 0.000000 -0.000002 -12.689147 8.006543 11.342980 48.604008 -0.179639 -80.732101 -174.512085 40.731598 179.773773 -21.770859 -12.005679 3.780111 2.243540 -5.255033 -3.180156 14.282877 -0.826593 6.952496 -0.000003 -12.690591 0.000000 15.289977 -16.737991 2.474661 1.665665 -1.955920 -2.878297 4.727793 -4.170584 4.993918 11.020510 0.000004 -0.000001 12.109032 -3.735710 -2.866780 0.000000 0.000000 -0.000000 1.291984 -1.928548 -1.498088 14.800111 0.567468 3.865602 14.242553 -1.341735 -6.660648 19.631939 0.143926 -0.648243 48.848701 -0.015765 -5.374129 0.353029 -1.511149 -0.031940 20.222773 3.684306 2.316628 18.787245 0.000005 -0.000001 10.751610 -0.479868 1.397903 -0.000002 -0.000000 0.000000 3.273804 0.305947 -0.580110 21.486790 11.830362 2.266131 8.162915 0.000001 0.000000 18.399055 -3.798979 -4.940569 0.000003 -0.000000 -0.000002 -168.564224 66.341415 179.244583 -48.394234 -88.342346 51.302197 -14.986919 -19.668293 11.888592 2.079530 -1.155314 -10.766253 0.000000 0.000000 0.000002 167.808044 -2.519689 177.213150 178.639053 6.855368 176.222900 9.685817 2.213393 40.595276 -1.365069 0.634943 -9.779445 -0.000000 0.000000 -0.000001 
-14.868220 12.169409 116.839325 4.758878 -0.835158 88.781975 0.531125 -0.036223 -0.603651 0.255097 0.522341 -4.430695 -2.403278 -2.076383 9.943417 -14.044799 6.405979 -6.838381 2.627179 9.522045 -2.880666 -5.474483 12.633061 -9.162187 0.000077 -0.000024 0.000006 0.317003 0.034231 -0.158154 1.033087 -3.313975 -9.810414 -0.417902 3.386740 -9.965664 4.908432 -10.517106 9.771730 -52.100273 -5.511043 -86.694763 -179.088348 -37.040001 179.763596 16.695547 11.189714 12.200896 -5.882101 9.861279 0.702590 -10.936860 -0.360575 7.156196 0.000001 8.774815 -0.000001 -15.743748 17.848980 5.731565 -1.844031 2.498503 -2.507275 -10.163590 4.678941 4.621103 -20.975994 -0.000003 0.000001 -21.226255 2.451693 -3.593994 0.000001 -0.000006 -0.000000 -1.362681 2.240797 -0.746323 -21.334892 0.584909 3.008320 -13.821197 -0.000003 0.000002 -23.887131 -0.249078 -0.839482 -59.537163 1.989913 -1.308466 -0.294024 1.679685 0.833255 -14.218195 0.093214 1.300579 -34.212002 -0.287563 0.967168 -20.033176 0.964535 1.212841 -0.000000 -0.000000 0.000000 -3.440385 0.788232 0.501655 -15.928167 -3.167306 2.999703 -6.338819 -0.000001 0.000001 -18.123415 3.648177 -4.905663 -0.000006 -0.000000 -0.000002 -12.742021 8.010019 11.386321 48.620583 -0.148891 -80.865936 -174.472443 40.766987 179.891556 -21.685947 -12.014223 3.877201 2.243540 -5.255031 -3.180155 14.282878 -0.826593 6.952496 -0.000002 -12.690585 0.000001 15.203877 -16.752604 2.536596 1.665665 -1.955920 -2.878298 4.727794 -4.170582 4.993918 11.020514 0.000003 -0.000001 12.109031 -3.735710 -2.866778 0.000001 -0.000000 0.000000 1.291984 -1.928547 -1.498088 14.800117 0.567468 3.865603 14.242556 -1.341733 -6.660650 19.631945 0.143926 -0.648242 48.807228 -0.035420 -5.361556 0.353029 -1.511149 -0.031940 20.222769 3.684305 2.316627 18.787245 0.000005 0.000000 10.751612 -0.479867 1.397904 -0.000002 -0.000000 0.000000 3.273804 0.305947 -0.580109 21.486797 11.830360 2.266131 8.162918 0.000002 -0.000001 18.399057 -3.798977 -4.940566 0.000003 -0.000001 -0.000001 -168.407578 66.345451 179.392944 -45.204254 -88.265167 48.182533 -15.060433 -19.728477 11.774174 2.075215 -1.145728 -10.908789 0.000000 0.000000 0.000002 167.923737 -2.573093 177.249557 178.681290 6.889719 176.237839 9.639726 2.163474 40.191135 -1.365386 0.630937 -9.791428 -0.000000 0.000000 -0.000000 
-14.936749 12.121296 116.874901 4.698718 -0.844494 88.848999 0.546601 -0.036821 -0.627155 0.216298 0.528668 -4.422756 -2.387262 -2.037067 9.883712 -13.977322 6.413939 -6.964608 2.598013 9.516358 -2.878372 -5.491548 12.598436 -9.313359 0.000076 -0.000024 0.000006 0.314393 0.034407 -0.152648 1.036075 -3.315360 -9.820549 -0.428796 3.397734 -9.970331 4.894441 -10.527328 9.858395 -52.073711 -5.469957 -86.747177 -179.154205 -36.945332 179.794632 16.810966 11.199826 12.317065 -5.882100 9.861279 0.702590 -10.936858 -0.360575 7.156198 0.000002 8.774815 -0.000001 -15.725002 17.856567 5.784930 -1.844031 2.498503 -2.507275 -10.163589 4.678939 4.621104 -20.975992 -0.000004 0.000003 -21.226257 2.451693 -3.593992 0.000001 -0.000006 -0.000000 -1.362680 2.240796 -0.746323 -21.334892 0.584908 3.008320 -13.821195 -0.000003 0.000003 -23.887131 -0.249078 -0.839480 -59.605404 1.978413 -1.316261 -0.294024 1.679686 0.833255 -14.218194 0.093214 1.300579 -34.212006 -0.287564 0.967171 -20.033180 0.964535 1.212842 -0.000000 -0.000000 0.000000 -3.440386 0.788233 0.501655 -15.928169 -3.167307 2.999704 -6.338817 -0.000001 0.000001 -18.123415 3.648176 -4.905661 -0.000005 0.000000 -0.000002 -12.778607 7.992655 11.431156 48.557953 -0.087874 -80.980652 -174.395325 40.825970 -179.985214 -21.595448 -12.034683 3.925966 2.243540 -5.255033 -3.180156 14.282873 -0.826592 6.952496 -0.000003 -12.690592 0.000001 15.124528 -16.763548 2.560197 1.665665 -1.955920 -2.878297 4.727792 -4.170583 4.993919 11.020511 0.000004 -0.000002 12.109032 -3.735709 -2.866781 -0.000001 0.000000 -0.000000 1.291984 -1.928548 -1.498088 14.800111 0.567469 3.865603 14.242551 -1.341734 -6.660648 19.631941 0.143927 -0.648243 48.783062 -0.014130 -5.359408 0.353029 -1.511149 -0.031940 20.222767 3.684307 2.316627 18.787245 0.000005 0.000000 10.751608 -0.479867 1.397904 -0.000002 -0.000000 0.000000 3.273804 0.305947 -0.580110 21.486788 11.830363 2.266130 8.162916 0.000001 0.000001 18.399054 -3.798978 -4.940567 0.000002 -0.000000 -0.000001 -168.434769 66.277512 179.414032 -43.232815 -88.259529 46.240559 -15.170863 -19.862259 11.455937 2.077974 -1.157059 -11.010532 0.000000 0.000000 0.000002 167.914322 -2.657303 177.279465 178.630585 6.964206 176.219345 9.627794 2.135298 40.003952 -1.362179 0.637054 -9.792869 -0.000000 0.000000 -0.000001 
-14.942553 12.056846 116.910744 4.626452 -0.843458 88.929497 0.531478 -0.042632 -0.635695 0.172849 0.521867 -4.433984 -2.337156 -1.996238 9.807843 -13.870776 6.429614 -7.078246 2.524476 9.564566 -2.881237 -5.473238 12.580844 -9.430037 0.000077 -0.000023 0.000006 0.293412 0.023377 -0.158146 1.031067 -3.329354 -9.831703 -0.450173 3.404045 -9.976111 4.880685 -10.518014 9.928901 -52.096188 -5.412025 -86.770142 -179.265442 -36.804802 179.823990 16.883331 11.236609 12.350032 -5.882101 9.861279 0.702589 -10.936860 -0.360576 7.156197 0.000001 8.774815 -0.000001 -15.735345 17.857843 5.801187 -1.844031 2.498502 -2.507276 -10.163589 4.678938 4.621103 -20.975996 -0.000004 0.000002 -21.226255 2.451693 -3.593994 0.000003 -0.000006 -0.000000 -1.362680 2.240796 -0.746323 -21.334894 0.584907 3.008320 -13.821197 -0.000002 0.000002 -23.887131 -0.249079 -0.839481 -59.705112 1.970342 -1.323371 -0.294024 1.679686 0.833255 -14.218195 0.093214 1.300579 -34.212006 -0.287566 0.967171 -20.033186 0.964534 1.212843 -0.000001 -0.000000 -0.000000 -3.440386 0.788233 0.501655 -15.928169 -3.167307 2.999704 -6.338817 -0.000002 0.000001 -18.123415 3.648175 -4.905662 -0.000006 0.000000 -0.000002 -12.833075 7.971998 11.396367 48.505539 -0.023433 -81.086838 -174.426422 40.862923 -179.941330 -21.542881 -12.081152 3.937987 2.243540 -5.255033 -3.180154 14.282878 -0.826594 6.952497 -0.000002 -12.690590 -0.000000 15.104910 -16.765985 2.566294 1.665665 -1.955920 -2.878296 4.727795 -4.170583 4.993918 11.020513 0.000003 -0.000000 12.109034 -3.735711 -2.866780 0.000001 -0.000000 0.000001 1.291984 -1.928548 -1.498089 14.800113 0.567468 3.865604 14.242556 -1.341735 -6.660649 19.631939 0.143925 -0.648244 48.750889 -0.010830 -5.330575 0.353029 -1.511149 -0.031941 20.222771 3.684306 2.316629 18.787245 0.000004 0.000001 10.751610 -0.479868 1.397904 -0.000002 0.000000 0.000000 3.273804 0.305947 -0.580110 21.486792 11.830363 2.266132 8.162916 0.000001 -0.000000 18.399055 -3.798981 -4.940568 0.000003 -0.000000 -0.000001 -168.367844 66.257721 179.506866 -41.252918 -88.158142 44.270008 -15.165990 -19.788931 11.670772 2.081965 -1.162568 -11.089947 0.000000 0.000000 0.000002 167.971634 -2.743670 177.286041 178.644226 7.038885 176.148209 9.618798 2.095699 39.802345 -1.353991 0.646860 -9.773692 -0.000000 0.000000 -0.000002 
-15.000589 11.957842 116.967651 4.554186 -0.866438 89.005707 0.501744 -0.041963 -0.644661 0.164771 0.507412 -4.446055 -2.312827 -1.944588 9.734482 -13.728209 6.440233 -7.194608 2.421047 9.617192 -2.889357 -5.496839 12.573462 -9.535697 0.000078 -0.000024 0.000006 0.269826 0.043922 -0.157735 1.011000 -3.322881 -9.848303 -0.474932 3.417249 -9.992381 4.863773 -10.559669 9.995725 -52.100529 -5.272309 -86.901451 -179.317871 -36.640327 179.810043 16.913778 11.294528 12.310404 -5.882100 9.861278 0.702590 -10.936856 -0.360575 7.156197 0.000000 8.774812 -0.000001 -15.740603 17.875866 5.823090 -1.844031 2.498502 -2.507275 -10.163589 4.678937 4.621103 -20.975996 -0.000004 0.000002 -21.226254 2.451692 -3.593992 0.000002 -0.000007 -0.000000 -1.362680 2.240796 -0.746323 -21.334892 0.584908 3.008320 -13.821194 -0.000003 0.000002 -23.887125 -0.249078 -0.839480 -59.821457 1.961122 -1.327477 -0.294024 1.679686 0.833255 -14.218194 0.093215 1.300579 -34.211998 -0.287564 0.967171 -20.033178 0.964534 1.212842 0.000000 -0.000000 0.000000 -3.440385 0.788232 0.501655 -15.928165 -3.167306 2.999703 -6.338817 -0.000002 0.000001 -18.123413 3.648175 -4.905660 -0.000007 -0.000000 -0.000001 -12.917472 7.982252 11.359082 48.447090 -0.018448 -81.236687 -174.439163 40.908451 -179.860962 -21.521868 -12.204979 3.898089 2.243539 -5.255033 -3.180155 14.282875 -0.826593 6.952495 -0.000004 -12.690592 0.000000 15.123645 -16.770779 2.567623 1.665665 -1.955920 -2.878296 4.727793 -4.170583 4.993918 11.020511 0.000004 -0.000002 12.109033 -3.735710 -2.866779 0.000000 0.000000 0.000000 1.291984 -1.928547 -1.498087 14.800111 0.567469 3.865601 14.242554 -1.341734 -6.660648 19.631939 0.143926 -0.648242 48.853043 -0.045440 -5.298990 0.353028 -1.511149 -0.031940 20.222767 3.684308 2.316627 18.787245 0.000006 -0.000000 10.751609 -0.479868 1.397905 -0.000001 -0.000000 -0.000000 3.273804 0.305947 -0.580110 21.486788 11.830366 2.266129 8.162915 0.000002 -0.000000 18.399050 -3.798979 -4.940566 0.000003 -0.000000 -0.000001 -168.297195 66.273720 179.654022 -36.540939 -88.037750 39.593666 -15.157243 -19.658754 12.121020 2.086969 -1.168912 -11.119368 0.000000 0.000001 0.000002 167.998352 -2.790784 177.290497 178.722305 7.048409 176.117447 9.688140 2.042711 39.638611 -1.340212 0.660637 -9.764980 -0.000000 0.000000 -0.000002 
-15.013359 11.851400 116.978119 4.486126 -0.900029 89.051247 0.486621 -0.030973 -0.651798 0.159844 0.467256 -4.446952 -2.311843 -1.891477 9.643273 -13.570902 6.463759 -7.282324 2.295308 9.708939 -2.897108 -5.590144 12.596411 -9.639650 0.000078 -0.000023 0.000006 0.236211 0.048267 -0.165343 0.973212 -3.316454 -9.861020 -0.516903 3.419600 -9.999413 4.846074 -10.622426 10.088902 -52.131832 -5.154263 -87.227570 -179.234756 -36.502285 179.607773 16.905794 11.373750 12.311156 -5.882101 9.861278 0.702590 -10.936858 -0.360574 7.156197 0.000001 8.774810 -0.000001 -15.745243 17.867739 5.827922 -1.844031 2.498502 -2.507276 -10.163589 4.678939 4.621105 -20.975994 -0.000003 0.000003 -21.226255 2.451693 -3.593992 0.000002 -0.000007 -0.000000 -1.362680 2.240796 -0.746323 -21.334894 0.584909 3.008321 -13.821197 -0.000002 0.000003 -23.887125 -0.249077 -0.839481 -59.909752 1.966774 -1.338296 -0.294024 1.679686 0.833255 -14.218192 0.093214 1.300580 -34.212006 -0.287563 0.967171 -20.033176 0.964535 1.212842 0.000001 -0.000000 -0.000000 -3.440385 0.788233 0.501655 -15.928165 -3.167306 2.999704 -6.338817 -0.000001 0.000002 -18.123413 3.648176 -4.905661 -0.000007 0.000000 -0.000002 -12.946314 7.989088 11.325115 48.339111 -0.019234 -81.399147 -174.559631 40.996243 -179.833649 -21.537123 -12.395193 3.841807 2.243540 -5.255033 -3.180155 14.282877 -0.826592 6.952495 -0.000001 -12.690590 0.000000 15.209077 -16.774771 2.504995 1.665665 -1.955920 -2.878296 4.727794 -4.170583 4.993917 11.020512 0.000003 -0.000001 12.109033 -3.735710 -2.866780 0.000000 -0.000000 -0.000000 1.291984 -1.928548 -1.498087 14.800111 0.567468 3.865602 14.242554 -1.341734 -6.660649 19.631939 0.143927 -0.648243 48.870758 -0.104629 -5.315137 0.353029 -1.511149 -0.031939 20.222769 3.684307 2.316628 18.787245 0.000005 -0.000001 10.751609 -0.479865 1.397903 -0.000003 -0.000000 0.000000 3.273805 0.305947 -0.580109 21.486792 11.830363 2.266129 8.162917 0.000001 0.000000 18.399054 -3.798977 -4.940567 0.000003 -0.000001 -0.000001 -168.507080 66.337799 179.571121 -29.787075 -87.837433 32.772255 -15.265160 -19.591995 12.474890 2.092238 -1.175863 -11.141615 0.000000 0.000000 0.000002 167.925949 -2.699069 177.297638 178.728012 6.818750 176.128464 9.740328 1.893209 39.623257 -1.322950 0.676686 -9.814795 -0.000000 0.000000 -0.000001 
-15.056025 11.729020 117.094765 4.432405 -0.901990 89.088448 0.442178 -0.012888 -0.649815 0.202833 0.419642 -4.454948 -2.330525 -1.866938 9.577508 -13.431351 6.490648 -7.375843 2.191249 9.772476 -2.902856 -5.710486 12.632571 -9.672729 0.000077 -0.000022 0.000006 0.220702 0.044908 -0.172146 0.945277 -3.311815 -9.889644 -0.535521 3.434406 -10.017457 4.867209 -10.669218 10.148740 -52.119934 -5.043024 -87.677505 -179.110626 -36.391914 179.401871 16.800446 11.436588 12.169250 -5.882101 9.861278 0.702590 -10.936860 -0.360575 7.156196 0.000001 8.774812 -0.000002 -15.730123 17.887655 5.841492 -1.844031 2.498502 -2.507276 -10.163589 4.678938 4.621104 -20.975996 -0.000004 0.000003 -21.226257 2.451693 -3.593992 0.000001 -0.000006 -0.000000 -1.362680 2.240796 -0.746323 -21.334890 0.584907 3.008320 -13.821197 -0.000003 0.000003 -23.887133 -0.249078 -0.839480 -60.050644 2.013268 -1.322658 -0.294024 1.679686 0.833255 -14.218194 0.093214 1.300580 -34.212002 -0.287564 0.967171 -20.033176 0.964535 1.212842 -0.000000 -0.000000 0.000000 -3.440386 0.788232 0.501655 -15.928169 -3.167307 2.999704 -6.338815 -0.000001 0.000002 -18.123415 3.648175 -4.905661 -0.000006 0.000000 -0.000002 -12.942812 8.025290 11.336403 48.241619 0.018839 -81.642609 -174.753204 41.073742 -179.826065 -21.541990 -12.666686 3.733298 2.243540 -5.255033 -3.180155 14.282875 -0.826593 6.952496 -0.000002 -12.690590 0.000002 15.329963 -16.768578 2.441824 1.665665 -1.955920 -2.878297 4.727794 -4.170584 4.993917 11.020510 0.000003 -0.000002 12.109032 -3.735709 -2.866779 -0.000000 -0.000000 0.000000 1.291984 -1.928548 -1.498087 14.800111 0.567468 3.865602 14.242551 -1.341734 -6.660649 19.631939 0.143926 -0.648243 48.920662 -0.202646 -5.334368 0.353029 -1.511149 -0.031940 20.222771 3.684305 2.316628 18.787247 0.000004 -0.000001 10.751608 -0.479868 1.397902 -0.000002 0.000000 0.000000 3.273804 0.305947 -0.580110 21.486790 11.830364 2.266130 8.162917 0.000002 -0.000001 18.399055 -3.798980 -4.940568 0.000003 -0.000000 -0.000001 -168.514954 66.572365 179.664963 -23.235491 -87.431419 26.254417 -15.188752 -19.419464 13.261632 2.101740 -1.162391 -11.173430 0.000000 0.000000 0.000002 167.968933 -2.511140 177.268021 178.918304 6.452823 176.096375 9.927931 1.627866 39.730434 -1.300761 0.696698 -10.003350 0.000000 0.000000 -0.000001 
-15.150258 11.714792 117.201210 4.401582 -0.951478 89.072769 0.392279 -0.032654 -0.572959 0.186929 0.381061 -4.473704 -2.325838 -1.847177 9.483663 -13.203729 6.489603 -7.461683 2.126090 9.801572 -2.857102 -5.860851 12.690332 -9.571224 0.000077 -0.000023 0.000006 0.229232 0.060990 -0.189144 0.966163 -3.297382 -9.915151 -0.522573 3.436639 -10.029842 4.973599 -10.730393 10.178857 -52.178299 -4.924012 -88.061836 -178.975357 -36.261631 179.154480 16.839960 11.451572 12.194841 -5.882100 9.861279 0.702590 -10.936857 -0.360574 7.156197 0.000001 8.774813 -0.000001 -15.713217 17.833378 5.841818 -1.844030 2.498503 -2.507276 -10.163589 4.678938 4.621104 -20.975992 -0.000005 0.000002 -21.226254 2.451692 -3.593994 0.000001 -0.000006 -0.000000 -1.362680 2.240796 -0.746323 -21.334887 0.584909 3.008320 -13.821195 -0.000003 0.000002 -23.887125 -0.249078 -0.839481 -60.195854 2.050221 -1.279609 -0.294024 1.679686 0.833255 -14.218190 0.093215 1.300579 -34.211998 -0.287563 0.967170 -20.033175 0.964535 1.212842 0.000000 -0.000000 0.000000 -3.440385 0.788232 0.501655 -15.928164 -3.167306 2.999704 -6.338815 -0.000001 0.000001 -18.123411 3.648175 -4.905661 -0.000007 -0.000000 -0.000002 -12.936191 8.090944 11.344996 48.186050 -0.007868 -81.977211 -175.084824 41.131149 -179.930252 -21.564093 -12.969855 3.535712 2.243539 -5.255032 -3.180154 14.282877 -0.826593 6.952495 -0.000004 -12.690591 0.000002 15.438182 -16.782461 2.390865 1.665665 -1.955920 -2.878298 4.727792 -4.170583 4.993918 11.020512 0.000004 -0.000001 12.109033 -3.735709 -2.866780 -0.000001 -0.000000 -0.000000 1.291984 -1.928547 -1.498088 14.800113 0.567469 3.865602 14.242551 -1.341734 -6.660647 19.631939 0.143928 -0.648243 48.963863 -0.273321 -5.407357 0.353029 -1.511150 -0.031940 20.222767 3.684308 2.316628 18.787245 0.000005 0.000000 10.751610 -0.479867 1.397904 -0.000002 0.000000 0.000000 3.273804 0.305947 -0.580109 21.486794 11.830365 2.266130 8.162915 0.000002 0.000000 18.399050 -3.798978 -4.940568 0.000003 -0.000000 -0.000000 -168.719055 66.806107 179.642365 -18.074495 -87.091614 20.976019 -15.189191 -19.311186 14.035846 2.115907 -1.141709 -11.266003 -0.000000 0.000000 0.000002 167.957703 -2.409081 177.203873 179.091141 6.240484 175.988327 10.185025 1.323130 39.885006 -1.287285 0.701919 -10.451337 0.000000 -0.000000 -0.000002 
