HIERARCHY
ROOT Hips
{
	OFFSET 0.000000 0.000000 0.000000
	CHANNELS 6 Xposition Yposition Zposition Zrotation Yrotation Xrotation 
	JOINT Spine1
	{
		OFFSET -0.013727 5.003761 -0.053727
		CHANNELS 3 Zrotation Yrotation Xrotation
		JOINT Spine2
		{
			OFFSET -0.000000 7.125302 -0.029825
			CHANNELS 3 Zrotation Yrotation Xrotation
			JOINT Chest
			{
				OFFSET -0.000001 7.550064 -0.815971
				CHANNELS 3 Zrotation Yrotation Xrotation
				JOINT Neck1
				{
					OFFSET -0.181677 26.311296 -0.553349
					CHANNELS 3 Zrotation Yrotation Xrotation
					JOINT Neck2
					{
						OFFSET -0.000003 7.709399 2.302586
						CHANNELS 3 Zrotation Yrotation Xrotation
						JOINT Head
						{
							OFFSET -0.000005 6.128913 1.953709
							CHANNELS 3 Zrotation Yrotation Xrotation
							JOINT HeadEnd
							{
								OFFSET 0.003598 16.065403 -1.835379
								CHANNELS 3 Zrotation Yrotation Xrotation
								End Site
								{
									OFFSET 0.000000 0.000000 0.000000
								}
							}
							JOINT Jaw
							{
								OFFSET 0.002637 0.475591 3.094941
								CHANNELS 3 Zrotation Yrotation Xrotation
								End Site
								{
									OFFSET 0.000000 0.000000 0.000000
								}
							}
							JOINT LeftEye
							{
								OFFSET 3.206380 5.380207 7.586883
								CHANNELS 3 Zrotation Yrotation Xrotation
								End Site
								{
									OFFSET 0.000000 0.000000 0.000000
								}
							}
							JOINT RightEye
							{
								OFFSET -3.222440 5.361867 7.558232
								CHANNELS 3 Zrotation Yrotation Xrotation
								End Site
								{
									OFFSET 0.000000 0.000000 0.000000
								}
							}
						}
					}
				}
				JOINT LeftShoulder
				{
					OFFSET 1.621652 23.237164 5.113413
					CHANNELS 3 Zrotation Yrotation Xrotation
					JOINT LeftArm
					{
						OFFSET 14.919845 0.000000 -5.502326
						CHANNELS 3 Zrotation Yrotation Xrotation
						JOINT LeftForeArm
						{
							OFFSET 28.739309 0.000003 -0.002588
							CHANNELS 3 Zrotation Yrotation Xrotation
							JOINT LeftHand
							{
								OFFSET 27.093979 -0.000002 0.002608
								CHANNELS 3 Zrotation Yrotation Xrotation
								JOINT LeftHandThumb1
								{
									OFFSET 2.276480 -1.392046 3.191413
									CHANNELS 3 Zrotation Yrotation Xrotation
									JOINT LeftHandThumb2
									{
										OFFSET 4.012841 -1.828126 1.641655
										CHANNELS 3 Zrotation Yrotation Xrotation
										JOINT LeftHandThumb3
										{
											OFFSET 2.798517 0.000001 -0.000003
											CHANNELS 3 Zrotation Yrotation Xrotation
											JOINT LeftHandThumbEnd
											{
												OFFSET 3.180791 -0.000001 0.000003
												CHANNELS 3 Zrotation Yrotation Xrotation
												End Site
												{
													OFFSET 0.000000 0.000000 0.000000
												}
											}
										}
									}
								}
								JOINT LeftHandIndex1
								{
									OFFSET 3.247553 -0.531998 2.296169
									CHANNELS 3 Zrotation Yrotation Xrotation
									JOINT LeftHandIndex2
									{
										OFFSET 6.364580 0.012062 0.178600
										CHANNELS 3 Zrotation Yrotation Xrotation
										JOINT LeftHandIndex3
										{
											OFFSET 3.662367 0.000001 -0.000000
											CHANNELS 3 Zrotation Yrotation Xrotation
											JOINT LeftHandIndex4
											{
												OFFSET 2.329243 0.000002 0.000004
												CHANNELS 3 Zrotation Yrotation Xrotation
												JOINT LeftHandIndexEnd
												{
													OFFSET 2.759619 -0.180539 -0.113024
													CHANNELS 3 Zrotation Yrotation Xrotation
													End Site
													{
														OFFSET 0.000000 0.000000 0.000000
													}
												}
											}
										}
									}
								}
								JOINT LeftHandMiddle1
								{
									OFFSET 3.163499 0.240982 1.000332
									CHANNELS 3 Zrotation Yrotation Xrotation
									JOINT LeftHandMiddle2
									{
										OFFSET 6.190778 -0.259277 -1.002548
										CHANNELS 3 Zrotation Yrotation Xrotation
										JOINT LeftHandMiddle3
										{
											OFFSET 4.356522 -0.000006 0.000000
											CHANNELS 3 Zrotation Yrotation Xrotation
											JOINT LeftHandMiddle4
											{
												OFFSET 2.996875 -0.000006 0.000001
												CHANNELS 3 Zrotation Yrotation Xrotation
												JOINT LeftHandMiddleEnd
												{
													OFFSET 2.304294 -0.294571 -0.031740
													CHANNELS 3 Zrotation Yrotation Xrotation
													End Site
													{
														OFFSET 0.000000 0.000000 0.000000
													}
												}
											}
										}
									}
								}
								JOINT LeftHandRing1
								{
									OFFSET 2.882641 -0.053650 -0.322543
									CHANNELS 3 Zrotation Yrotation Xrotation
									JOINT LeftHandRing2
									{
										OFFSET 5.854543 -0.486203 -1.373841
										CHANNELS 3 Zrotation Yrotation Xrotation
										JOINT LeftHandRing3
										{
											OFFSET 4.350580 0.000001 0.000004
											CHANNELS 3 Zrotation Yrotation Xrotation
											JOINT LeftHandRing4
											{
												OFFSET 2.651325 0.000008 0.000003
												CHANNELS 3 Zrotation Yrotation Xrotation
												JOINT LeftHandRingEnd
												{
													OFFSET 1.936111 0.077685 -0.000070
													CHANNELS 3 Zrotation Yrotation Xrotation
													End Site
													{
														OFFSET 0.000000 0.000000 0.000000
													}
												}
											}
										}
									}
								}
								JOINT LeftHandPinky1
								{
									OFFSET 2.865499 -0.310004 -1.600378
									CHANNELS 3 Zrotation Yrotation Xrotation
									JOINT LeftHandPinky2
									{
										OFFSET 5.087852 -1.331141 -1.771231
										CHANNELS 3 Zrotation Yrotation Xrotation
										JOINT LeftHandPinky3
										{
											OFFSET 3.070975 0.000003 0.000001
											CHANNELS 3 Zrotation Yrotation Xrotation
											JOINT LeftHandPinky4
											{
												OFFSET 1.549668 0.000001 0.000001
												CHANNELS 3 Zrotation Yrotation Xrotation
												JOINT LeftHandPinkyEnd
												{
													OFFSET 1.944895 -0.157802 0.057219
													CHANNELS 3 Zrotation Yrotation Xrotation
													End Site
													{
														OFFSET 0.000000 0.000000 0.000000
													}
												}
											}
										}
									}
								}
							}
						}
					}
				}
				JOINT RightShoulder
				{
					OFFSET -1.380118 23.180307 5.214157
					CHANNELS 3 Zrotation Yrotation Xrotation
					JOINT RightArm
					{
						OFFSET -15.037197 0.000012 -5.545604
						CHANNELS 3 Zrotation Yrotation Xrotation
						JOINT RightForeArm
						{
							OFFSET -28.736639 0.000002 -0.002597
							CHANNELS 3 Zrotation Yrotation Xrotation
							JOINT RightHand
							{
								OFFSET -27.133617 -0.000001 0.002613
								CHANNELS 3 Zrotation Yrotation Xrotation
								JOINT RightHandThumb1
								{
									OFFSET -2.274037 -1.383990 3.163128
									CHANNELS 3 Zrotation Yrotation Xrotation
									JOINT RightHandThumb2
									{
										OFFSET -4.011429 -1.827468 1.640914
										CHANNELS 3 Zrotation Yrotation Xrotation
										JOINT RightHandThumb3
										{
											OFFSET -2.794935 -0.000004 -0.000004
											CHANNELS 3 Zrotation Yrotation Xrotation
											JOINT RightHandThumbEnd
											{
												OFFSET -3.183856 0.000003 0.000000
												CHANNELS 3 Zrotation Yrotation Xrotation
												End Site
												{
													OFFSET 0.000000 0.000000 0.000000
												}
											}
										}
									}
								}
								JOINT RightHandIndex1
								{
									OFFSET -3.253270 -0.520059 2.282866
									CHANNELS 3 Zrotation Yrotation Xrotation
									JOINT RightHandIndex2
									{
										OFFSET -6.341918 0.012473 0.178265
										CHANNELS 3 Zrotation Yrotation Xrotation
										JOINT RightHandIndex3
										{
											OFFSET -3.654874 -0.000009 -0.000001
											CHANNELS 3 Zrotation Yrotation Xrotation
											JOINT RightHandIndex4
											{
												OFFSET -2.327586 -0.000000 0.000001
												CHANNELS 3 Zrotation Yrotation Xrotation
												JOINT RightHandIndexEnd
												{
													OFFSET -2.761789 -0.180657 -0.113079
													CHANNELS 3 Zrotation Yrotation Xrotation
													End Site
													{
														OFFSET 0.000000 0.000000 0.000000
													}
												}
											}
										}
									}
								}
								JOINT RightHandMiddle1
								{
									OFFSET -3.168107 0.246593 1.001030
									CHANNELS 3 Zrotation Yrotation Xrotation
									JOINT RightHandMiddle2
									{
										OFFSET -6.180830 -0.258836 -1.000896
										CHANNELS 3 Zrotation Yrotation Xrotation
										JOINT RightHandMiddle3
										{
											OFFSET -4.348905 -0.000000 -0.000000
											CHANNELS 3 Zrotation Yrotation Xrotation
											JOINT RightHandMiddle4
											{
												OFFSET -3.000242 -0.000004 -0.000002
												CHANNELS 3 Zrotation Yrotation Xrotation
												JOINT RightHandMiddleEnd
												{
													OFFSET -2.302517 -0.294372 -0.031706
													CHANNELS 3 Zrotation Yrotation Xrotation
													End Site
													{
														OFFSET 0.000000 0.000000 0.000000
													}
												}
											}
										}
									}
								}
								JOINT RightHandRing1
								{
									OFFSET -2.885694 -0.067952 -0.308858
									CHANNELS 3 Zrotation Yrotation Xrotation
									JOINT RightHandRing2
									{
										OFFSET -5.854196 -0.486132 -1.373732
										CHANNELS 3 Zrotation Yrotation Xrotation
										JOINT RightHandRing3
										{
											OFFSET -4.338814 -0.000004 -0.000000
											CHANNELS 3 Zrotation Yrotation Xrotation
											JOINT RightHandRing4
											{
												OFFSET -2.654905 -0.000004 0.000004
												CHANNELS 3 Zrotation Yrotation Xrotation
												JOINT RightHandRingEnd
												{
													OFFSET -1.933570 0.077524 -0.000053
													CHANNELS 3 Zrotation Yrotation Xrotation
													End Site
													{
														OFFSET 0.000000 0.000000 0.000000
													}
												}
											}
										}
									}
								}
								JOINT RightHandPinky1
								{
									OFFSET -2.866430 -0.342798 -1.584145
									CHANNELS 3 Zrotation Yrotation Xrotation
									JOINT RightHandPinky2
									{
										OFFSET -5.091371 -1.332054 -1.772385
										CHANNELS 3 Zrotation Yrotation Xrotation
										JOINT RightHandPinky3
										{
											OFFSET -3.062666 -0.000006 -0.000000
											CHANNELS 3 Zrotation Yrotation Xrotation
											JOINT RightHandPinky4
											{
												OFFSET -1.546526 0.000006 -0.000002
												CHANNELS 3 Zrotation Yrotation Xrotation
												JOINT RightHandPinkyEnd
												{
													OFFSET -1.945122 -0.157721 0.057211
													CHANNELS 3 Zrotation Yrotation Xrotation
													End Site
													{
														OFFSET 0.000000 0.000000 0.000000
													}
												}
											}
										}
									}
								}
							}
						}
					}
				}
			}
		}
	}
	JOINT LeftLeg
	{
		OFFSET 10.043214 -8.434526 2.595655
		CHANNELS 3 Zrotation Yrotation Xrotation
		JOINT LeftShin
		{
			OFFSET -0.000001 -43.221752 -0.802913
			CHANNELS 3 Zrotation Yrotation Xrotation
			JOINT LeftFoot
			{
				OFFSET 0.000001 -42.155094 -3.481523
				CHANNELS 3 Zrotation Yrotation Xrotation
				JOINT LeftToeBase
				{
					OFFSET 0.000000 -5.059475 13.231529
					CHANNELS 3 Zrotation Yrotation Xrotation
					JOINT LeftToeEnd
					{
						OFFSET -0.009607 -1.647615 6.513017
						CHANNELS 3 Zrotation Yrotation Xrotation
						End Site
						{
							OFFSET 0.000000 0.000000 0.000000
						}
					}
				}
			}
		}
	}
	JOINT RightLeg
	{
		OFFSET -10.047277 -8.295260 2.620317
		CHANNELS 3 Zrotation Yrotation Xrotation
		JOINT RightShin
		{
			OFFSET 0.000001 -43.362209 -0.805556
			CHANNELS 3 Zrotation Yrotation Xrotation
			JOINT RightFoot
			{
				OFFSET 0.000002 -42.117393 -3.478398
				CHANNELS 3 Zrotation Yrotation Xrotation
				JOINT RightToeBase
				{
					OFFSET -0.000001 -5.079609 13.284196
					CHANNELS 3 Zrotation Yrotation Xrotation
					JOINT RightToeEnd
					{
						OFFSET 0.009532 -1.634383 6.460591
						CHANNELS 3 Zrotation Yrotation Xrotation
						End Site
						{
							OFFSET 0.000000 0.000000 0.000000
						}
					}
				}
			}
		}
	}
}
MOTION
Frames: 90
Frame Time: 0.033333
4.003122 99.110588 -0.403914 1.663638 -0.044795 2.000440 -0.825332 -0.069490 -4.038218 -0.830106 -0.314395 -6.251667 -2.236411 -2.175457 11.608229 -0.041756 2.682239 -3.102823 -0.145252 0.778034 -3.580334 6.413493 -2.533741 -15.503706 0.000077 -0.000022 0.000005 0.007513 0.115885 -0.015800 0.662377 -3.640829 -10.533459 -0.654691 3.886470 -10.522673 -12.461077 -5.668754 11.417267 -60.762821 4.450995 16.377224 0.208770 -42.538067 -0.175433 -2.161173 6.699294 -10.109433 -5.882101 9.861278 0.702590 -10.936858 -0.360575 7.156197 -0.000000 8.774811 -0.000001 -15.930044 18.623163 6.451021 -1.844031 2.498503 -2.507276 -10.163590 4.678939 4.621104 -20.975994 -0.000005 0.000002 -21.226255 2.451692 -3.593993 0.000001 -0.000007 -0.000001 -1.362680 2.240796 -0.746322 -21.334887 0.584908 3.008319 -13.821197 -0.000003 0.000001 -23.887131 -0.249079 -0.839481 -60.565907 2.616177 -1.251607 -0.294025 1.679686 0.833255 -14.218192 0.093215 1.300580 -34.212006 -0.287565 0.967169 -20.033178 0.964535 1.212842 -0.000001 -0.000000 -0.000002 -3.440386 0.788232 0.501655 -15.928169 -3.167308 2.999703 -6.338817 -0.000002 0.000003 -18.123411 3.648175 -4.905660 -0.000001 0.000001 -0.000002 17.169203 5.399711 15.118968 55.613247 22.142811 47.703121 0.214398 31.344276 0.021282 1.988819 -1.169199 3.362053 2.243538 -5.255032 -3.180155 14.282875 -0.826592 6.952498 -0.000003 -12.690591 0.000000 16.164846 -17.641970 2.565720 1.665666 -1.955920 -2.878298 4.727794 -4.170582 4.993920 11.020512 0.000004 -0.000000 12.109032 -3.735707 -2.866779 -0.000001 0.000000 0.000001 1.291984 -1.928547 -1.498090 14.800111 0.567469 3.865605 14.242551 -1.341734 -6.660648 19.631933 0.143926 -0.648241 50.141998 -0.590230 -6.427796 0.353028 -1.511149 -0.031941 20.222767 3.684306 2.316629 18.787243 0.000005 0.000002 10.751609 -0.479868 1.397905 -0.000001 -0.000000 0.000001 3.273804 0.305947 -0.580110 21.486788 11.830362 2.266132 8.162916 0.000001 0.000002 18.399052 -3.798978 -4.940566 0.000005 -0.000001 -0.000001 -0.683224 15.732394 -12.096150 0.009769 -0.140414 18.780722 -3.631753 0.004074 -8.407899 1.625982 -1.886748 -0.397790 0.000000 -0.000000 0.000002 0.177921 -9.718287 -14.062456 0.017716 -0.012542 22.376390 -0.324442 -1.766153 -10.625059 -1.427606 0.969025 -0.137136 0.000000 0.000000 -0.000001 
3.816970 99.115189 -0.516019 1.765492 0.076731 2.059110 -0.877401 -0.090175 -3.946455 -0.815948 -0.259528 -6.239225 -2.250612 -2.217211 11.604343 0.171232 2.646376 -2.884463 -0.149285 0.985955 -3.546020 6.477551 -2.534735 -15.431326 0.000077 -0.000023 0.000006 0.025025 0.143726 -0.007279 0.679454 -3.618032 -10.531516 -0.632770 3.916598 -10.517988 -12.412911 -5.735300 11.363750 -60.721909 4.464552 16.349030 0.294232 -42.760342 -0.230249 -2.318407 6.715891 -10.475933 -5.882101 9.861278 0.702590 -10.936859 -0.360574 7.156198 0.000000 8.774814 -0.000003 -15.899211 18.639086 6.478334 -1.844031 2.498501 -2.507276 -10.163589 4.678940 4.621104 -20.975994 -0.000003 0.000003 -21.226250 2.451691 -3.593994 0.000001 -0.000006 -0.000001 -1.362680 2.240796 -0.746321 -21.334887 0.584908 3.008321 -13.821197 -0.000003 0.000002 -23.887131 -0.249077 -0.839481 -60.638027 2.604129 -1.216510 -0.294025 1.679687 0.833255 -14.218194 0.093215 1.300580 -34.211998 -0.287562 0.967170 -20.033180 0.964536 1.212841 -0.000001 -0.000000 -0.000002 -3.440386 0.788233 0.501656 -15.928167 -3.167306 2.999703 -6.338818 -0.000001 0.000002 -18.123413 3.648177 -4.905662 -0.000000 0.000001 -0.000003 17.080576 5.398171 15.189995 55.796173 22.086561 47.281727 0.208728 31.527273 0.045966 2.075077 -1.108979 3.545449 2.243539 -5.255031 -3.180156 14.282877 -0.826593 6.952493 -0.000002 -12.690591 0.000000 16.150454 -17.645029 2.569417 1.665666 -1.955921 -2.878297 4.727793 -4.170583 4.993918 11.020511 0.000004 -0.000001 12.109030 -3.735709 -2.866780 -0.000001 0.000000 -0.000001 1.291983 -1.928548 -1.498087 14.800109 0.567468 3.865602 14.242553 -1.341735 -6.660648 19.631939 0.143926 -0.648244 50.067795 -0.552085 -6.448704 0.353028 -1.511150 -0.031940 20.222767 3.684306 2.316627 18.787245 0.000005 0.000000 10.751609 -0.479869 1.397904 -0.000001 -0.000000 0.000000 3.273804 0.305948 -0.580110 21.486794 11.830367 2.266130 8.162916 -0.000001 -0.000000 18.399054 -3.798978 -4.940568 0.000005 -0.000001 -0.000002 -0.706027 15.555758 -12.191730 -0.008663 -0.161797 18.651567 -3.787071 0.143581 -8.224704 1.619749 -1.892049 -0.468615 0.000000 -0.000000 0.000002 0.215695 -9.725701 -14.228574 0.006001 -0.035975 22.451941 -0.334762 -1.737194 -10.615314 -1.425441 0.964336 -0.262009 0.000000 0.000000 -0.000001 
3.636922 99.103470 -0.687913 1.840262 0.235837 2.157899 -0.901794 -0.102547 -3.867845 -0.819819 -0.259894 -6.248477 -2.249452 -2.234245 11.626252 0.386236 2.633101 -2.509895 -0.133677 1.191887 -3.528826 6.646589 -2.442222 -15.393543 0.000077 -0.000022 0.000006 0.030882 0.154031 0.004824 0.676131 -3.611007 -10.525549 -0.619400 3.929926 -10.526808 -12.337307 -5.762283 11.309139 -60.628628 4.420065 16.424709 0.394028 -42.969654 -0.266053 -2.467708 6.742298 -10.864098 -5.882101 9.861278 0.702590 -10.936858 -0.360575 7.156197 0.000001 8.774812 -0.000002 -15.901084 18.702185 6.513896 -1.844031 2.498502 -2.507275 -10.163590 4.678940 4.621104 -20.975996 -0.000004 0.000003 -21.226254 2.451692 -3.593994 0.000000 -0.000006 -0.000001 -1.362680 2.240798 -0.746321 -21.334887 0.584908 3.008318 -13.821197 -0.000003 0.000001 -23.887129 -0.249078 -0.839481 -60.688332 2.597725 -1.188694 -0.294024 1.679686 0.833256 -14.218194 0.093214 1.300580 -34.212006 -0.287563 0.967170 -20.033176 0.964533 1.212841 -0.000000 0.000000 -0.000002 -3.440386 0.788234 0.501654 -15.928169 -3.167308 2.999704 -6.338818 -0.000002 0.000001 -18.123413 3.648176 -4.905661 -0.000001 0.000001 -0.000002 17.021645 5.398303 15.226021 55.929813 22.024382 46.982834 0.132888 31.635429 0.038944 2.200289 -1.023297 3.473964 2.243540 -5.255033 -3.180157 14.282877 -0.826595 6.952497 -0.000002 -12.690587 0.000002 16.134119 -17.662283 2.575628 1.665665 -1.955920 -2.878297 4.727793 -4.170582 4.993918 11.020512 0.000002 0.000000 12.109034 -3.735710 -2.866779 0.000000 0.000000 0.000000 1.291984 -1.928548 -1.498088 14.800113 0.567466 3.865606 14.242551 -1.341735 -6.660648 19.631939 0.143925 -0.648243 49.995625 -0.560376 -6.457876 0.353029 -1.511149 -0.031939 20.222769 3.684303 2.316630 18.787245 0.000003 0.000000 10.751613 -0.479868 1.397904 -0.000001 0.000000 0.000001 3.273804 0.305947 -0.580110 21.486790 11.830360 2.266131 8.162917 -0.000001 0.000001 18.399050 -3.798983 -4.940566 0.000004 -0.000001 -0.000001 -0.726097 15.410580 -12.462600 -0.018413 -0.157919 18.691639 -3.953312 0.129827 -8.072056 1.614741 -1.893896 -0.474095 0.000000 -0.000000 0.000002 0.294263 -9.751016 -14.519317 -0.013936 -0.070192 22.613577 -0.431900 -1.759906 -10.606898 -1.417964 0.973134 -0.312524 -0.000000 -0.000000 -0.000001 
3.349708 99.066383 -0.826142 1.881840 0.355908 2.281174 -0.891453 -0.097471 -3.787018 -0.829200 -0.275346 -6.243163 -2.252665 -2.261955 11.626405 0.611853 2.619786 -2.070445 -0.104749 1.365811 -3.522705 6.841953 -2.313517 -15.311397 0.000077 -0.000023 0.000007 0.031391 0.162866 0.015050 0.668896 -3.602427 -10.531851 -0.613081 3.941330 -10.543418 -12.218700 -5.784510 11.225312 -60.592216 4.395012 16.542019 0.479338 -43.214195 -0.278270 -2.493486 6.709388 -11.249414 -5.882102 9.861278 0.702590 -10.936858 -0.360574 7.156197 0.000000 8.774812 -0.000002 -15.921351 18.750660 6.499154 -1.844031 2.498501 -2.507275 -10.163589 4.678939 4.621105 -20.975994 -0.000004 0.000001 -21.226254 2.451692 -3.593993 -0.000000 -0.000007 0.000000 -1.362681 2.240797 -0.746323 -21.334887 0.584909 3.008317 -13.821197 -0.000003 0.000001 -23.887131 -0.249079 -0.839482 -60.730274 2.579395 -1.179405 -0.294025 1.679687 0.833256 -14.218192 0.093215 1.300579 -34.212006 -0.287563 0.967166 -20.033178 0.964534 1.212840 -0.000000 0.000000 -0.000002 -3.440385 0.788232 0.501655 -15.928165 -3.167303 2.999703 -6.338818 -0.000001 0.000001 -18.123413 3.648176 -4.905661 -0.000001 0.000000 -0.000002 16.916265 5.414580 15.227857 56.083389 22.009174 46.754913 0.097507 31.642448 0.022541 2.304188 -1.014236 3.441972 2.243539 -5.255032 -3.180155 14.282875 -0.826593 6.952495 -0.000002 -12.690590 0.000001 16.107695 -17.690113 2.603739 1.665666 -1.955920 -2.878296 4.727795 -4.170584 4.993920 11.020513 0.000003 -0.000002 12.109032 -3.735708 -2.866779 -0.000000 -0.000000 -0.000001 1.291985 -1.928548 -1.498088 14.800113 0.567468 3.865603 14.242554 -1.341735 -6.660649 19.631937 0.143926 -0.648243 49.975685 -0.573986 -6.461233 0.353028 -1.511148 -0.031941 20.222769 3.684306 2.316627 18.787245 0.000004 -0.000002 10.751611 -0.479868 1.397902 -0.000001 0.000000 0.000000 3.273804 0.305946 -0.580110 21.486790 11.830360 2.266129 8.162916 -0.000000 0.000001 18.399054 -3.798976 -4.940568 0.000004 -0.000001 -0.000001 -0.641058 15.294693 -12.828595 -0.025962 -0.173156 18.921595 -4.196723 0.088854 -8.018676 1.612499 -1.891630 -0.439037 0.000000 -0.000000 0.000002 0.485386 -9.803315 -14.862052 -0.026963 -0.090009 22.861963 -0.607356 -1.776963 -10.672326 -1.413147 0.978530 -0.308325 0.000000 0.000000 -0.000001 
3.044233 99.028618 -0.943580 1.871150 0.445248 2.448762 -0.845541 -0.080986 -3.716429 -0.830039 -0.304675 -6.217607 -2.242323 -2.291529 11.587438 0.797133 2.633099 -1.613752 -0.059457 1.535715 -3.525058 7.068335 -2.175369 -15.190688 0.000077 -0.000022 0.000005 0.032438 0.180140 0.016871 0.659540 -3.578752 -10.520884 -0.606377 3.953081 -10.527905 -12.110167 -5.771219 11.130941 -60.514053 4.380112 16.690216 0.520495 -43.458225 -0.276723 -2.496974 6.634261 -11.678741 -5.882101 9.861278 0.702589 -10.936857 -0.360575 7.156198 0.000001 8.774813 -0.000002 -15.935044 18.736944 6.489675 -1.844031 2.498502 -2.507275 -10.163589 4.678940 4.621103 -20.975992 -0.000004 0.000002 -21.226254 2.451693 -3.593993 -0.000000 -0.000008 0.000000 -1.362680 2.240796 -0.746322 -21.334887 0.584909 3.008319 -13.821193 -0.000003 0.000003 -23.887125 -0.249077 -0.839482 -60.690434 2.563492 -1.155807 -0.294025 1.679686 0.833256 -14.218190 0.093215 1.300577 -34.211998 -0.287564 0.967168 -20.033176 0.964536 1.212840 -0.000001 0.000000 -0.000002 -3.440386 0.788233 0.501654 -15.928165 -3.167306 2.999704 -6.338817 -0.000001 0.000002 -18.123411 3.648177 -4.905662 -0.000002 0.000000 -0.000002 16.803278 5.417956 15.223579 56.237709 22.038198 46.501259 0.111134 31.528862 0.018014 2.366051 -1.031079 3.373441 2.243541 -5.255032 -3.180155 14.282877 -0.826594 6.952494 -0.000002 -12.690591 -0.000001 16.098051 -17.698961 2.601161 1.665667 -1.955921 -2.878297 4.727792 -4.170583 4.993918 11.020512 0.000003 -0.000001 12.109031 -3.735710 -2.866781 -0.000000 0.000000 -0.000000 1.291985 -1.928548 -1.498088 14.800113 0.567469 3.865603 14.242553 -1.341736 -6.660648 19.631939 0.143926 -0.648245 49.967838 -0.590315 -6.437560 0.353028 -1.511149 -0.031941 20.222767 3.684306 2.316627 18.787245 0.000005 -0.000002 10.751611 -0.479867 1.397902 -0.000002 -0.000001 0.000001 3.273805 0.305947 -0.580110 21.486790 11.830362 2.266128 8.162916 0.000001 0.000000 18.399048 -3.798977 -4.940568 0.000004 -0.000001 -0.000001 -0.490867 15.142344 -13.256658 -0.030856 -0.170125 19.211763 -4.398128 0.074179 -8.007053 1.609055 -1.884620 -0.387432 0.000000 -0.000000 0.000002 0.751021 -9.817341 -15.217566 -0.037190 -0.113060 23.056143 -0.779370 -1.827207 -10.719813 -1.412489 0.998219 -0.313220 -0.000000 -0.000000 -0.000001 
2.721379 98.998009 -1.041143 1.815241 0.546579 2.651278 -0.769344 -0.076970 -3.643626 -0.820615 -0.319403 -6.186808 -2.221652 -2.320772 11.549446 0.907938 2.636844 -1.207866 0.003037 1.701101 -3.532324 7.315076 -2.059062 -15.023844 0.000077 -0.000023 0.000005 0.029033 0.203855 0.005513 0.658038 -3.552812 -10.518507 -0.607736 3.971843 -10.527818 -12.015452 -5.737983 11.033993 -60.413532 4.351575 16.834753 0.505314 -43.672771 -0.245545 -2.493515 6.517672 -12.005541 -5.882101 9.861279 0.702590 -10.936859 -0.360574 7.156198 0.000001 8.774813 -0.000002 -15.931768 18.717985 6.468773 -1.844031 2.498503 -2.507277 -10.163590 4.678941 4.621105 -20.975994 -0.000003 0.000003 -21.226254 2.451694 -3.593993 -0.000000 -0.000006 0.000000 -1.362680 2.240796 -0.746323 -21.334887 0.584908 3.008321 -13.821197 -0.000002 0.000002 -23.887129 -0.249077 -0.839479 -60.632851 2.564554 -1.158137 -0.294024 1.679685 0.833255 -14.218195 0.093215 1.300581 -34.211998 -0.287561 0.967174 -20.033178 0.964535 1.212843 0.000001 0.000000 -0.000001 -3.440385 0.788234 0.501655 -15.928169 -3.167305 2.999703 -6.338817 -0.000001 0.000003 -18.123413 3.648178 -4.905659 -0.000001 0.000000 -0.000001 16.670115 5.440526 15.188221 56.375534 22.026115 46.207371 0.121406 31.415730 0.024955 2.408853 -1.057230 3.208969 2.243540 -5.255033 -3.180155 14.282873 -0.826593 6.952495 -0.000003 -12.690592 0.000001 16.068533 -17.726179 2.613506 1.665665 -1.955921 -2.878299 4.727792 -4.170583 4.993920 11.020511 0.000003 -0.000002 12.109031 -3.735708 -2.866781 0.000000 0.000000 0.000000 1.291983 -1.928547 -1.498089 14.800111 0.567469 3.865604 14.242551 -1.341734 -6.660649 19.631937 0.143928 -0.648243 49.921341 -0.611356 -6.425883 0.353028 -1.511148 -0.031941 20.222767 3.684306 2.316628 18.787245 0.000006 0.000001 10.751609 -0.479867 1.397906 -0.000001 -0.000001 0.000000 3.273804 0.305947 -0.580108 21.486790 11.830364 2.266132 8.162916 -0.000000 0.000001 18.399050 -3.798978 -4.940566 0.000004 -0.000001 -0.000000 -0.288944 14.930866 -13.711477 -0.029217 -0.177483 19.496784 -4.556620 0.124162 -8.002534 1.610475 -1.898109 -0.365268 0.000000 -0.000000 0.000002 1.079750 -9.769719 -15.550779 -0.040805 -0.130034 23.154497 -0.939867 -1.960971 -10.731299 -1.413490 1.011348 -0.310080 -0.000000 0.000000 -0.000001 
2.312715 98.968590 -1.172115 1.702471 0.651798 2.890492 -0.656379 -0.063857 -3.553064 -0.802087 -0.329433 -6.153675 -2.182503 -2.337279 11.516887 0.964648 2.633078 -0.871834 0.052374 1.867188 -3.532452 7.578087 -1.950299 -14.874565 0.000077 -0.000023 0.000006 0.025337 0.214475 0.006846 0.657483 -3.540936 -10.527100 -0.609021 3.982619 -10.547675 -11.926137 -5.671782 10.939358 -60.297726 4.310494 17.047953 0.532421 -43.900883 -0.250013 -2.482479 6.421523 -12.248106 -5.882101 9.861278 0.702591 -10.936859 -0.360575 7.156196 0.000001 8.774812 -0.000002 -15.932636 18.685080 6.462826 -1.844031 2.498501 -2.507275 -10.163589 4.678937 4.621103 -20.975998 -0.000006 0.000002 -21.226255 2.451690 -3.593991 -0.000000 -0.000006 0.000001 -1.362680 2.240797 -0.746321 -21.334894 0.584906 3.008319 -13.821197 -0.000004 0.000002 -23.887131 -0.249080 -0.839480 -60.588161 2.574793 -1.171744 -0.294024 1.679686 0.833255 -14.218194 0.093213 1.300578 -34.212002 -0.287565 0.967170 -20.033178 0.964535 1.212843 -0.000001 -0.000000 -0.000002 -3.440386 0.788231 0.501655 -15.928169 -3.167309 2.999703 -6.338819 -0.000002 0.000003 -18.123413 3.648173 -4.905660 -0.000002 0.000000 -0.000002 16.485588 5.501273 15.175662 56.499039 22.024790 45.986416 0.100319 31.355837 -0.012855 2.457816 -1.063941 2.963503 2.243540 -5.255033 -3.180154 14.282875 -0.826592 6.952494 -0.000003 -12.690591 0.000000 16.061705 -17.728781 2.641196 1.665666 -1.955921 -2.878298 4.727792 -4.170583 4.993919 11.020512 0.000004 -0.000001 12.109032 -3.735708 -2.866780 -0.000001 0.000000 -0.000000 1.291984 -1.928547 -1.498089 14.800111 0.567469 3.865600 14.242553 -1.341733 -6.660649 19.631939 0.143929 -0.648244 49.905426 -0.609479 -6.406301 0.353029 -1.511150 -0.031941 20.222767 3.684308 2.316626 18.787245 0.000007 -0.000001 10.751608 -0.479867 1.397904 -0.000001 -0.000000 0.000001 3.273804 0.305948 -0.580111 21.486788 11.830367 2.266129 8.162916 0.000001 -0.000001 18.399052 -3.798979 -4.940569 0.000006 -0.000002 -0.000002 -0.006435 14.666208 -14.205321 -0.025250 -0.171819 19.819941 -4.687953 0.124186 -8.031262 1.610249 -1.890721 -0.363445 0.000000 0.000000 0.000002 1.541017 -9.706674 -15.907749 -0.042792 -0.139764 23.166368 -1.164750 -2.109048 -10.681750 -1.417060 1.014968 -0.306337 0.000000 0.000000 -0.000001 
1.896238 98.930954 -1.337702 1.531723 0.728384 3.152375 -0.492724 -0.054910 -3.425758 -0.780550 -0.320573 -6.102250 -2.125982 -2.319647 11.485203 0.979775 2.641921 -0.606412 0.090158 2.014420 -3.536010 7.831057 -1.826150 -14.767146 0.000077 -0.000022 0.000006 0.025589 0.215368 0.004306 0.658697 -3.543326 -10.562474 -0.614818 3.986296 -10.581113 -11.826564 -5.575712 10.846846 -60.191135 4.243464 17.285923 0.593102 -44.120483 -0.285787 -2.429621 6.314873 -12.416156 -5.882102 9.861278 0.702590 -10.936861 -0.360576 7.156196 0.000001 8.774813 -0.000001 -15.941164 18.660326 6.469042 -1.844031 2.498503 -2.507277 -10.163590 4.678939 4.621103 -20.975998 -0.000005 0.000002 -21.226257 2.451692 -3.593993 -0.000000 -0.000006 0.000000 -1.362681 2.240797 -0.746322 -21.334894 0.584907 3.008317 -13.821198 -0.000004 0.000000 -23.887135 -0.249080 -0.839482 -60.539684 2.589605 -1.172462 -0.294024 1.679685 0.833255 -14.218194 0.093214 1.300577 -34.212006 -0.287566 0.967169 -20.033180 0.964534 1.212842 -0.000001 0.000000 -0.000001 -3.440386 0.788232 0.501657 -15.928171 -3.167308 2.999704 -6.338819 -0.000002 0.000002 -18.123417 3.648174 -4.905662 -0.000002 0.000001 -0.000001 16.234140 5.586816 15.236586 56.635601 22.106066 45.905891 0.030027 31.306915 -0.046352 2.577855 -0.998317 2.652165 2.243539 -5.255033 -3.180154 14.282877 -0.826594 6.952497 -0.000003 -12.690592 0.000000 16.034462 -17.732483 2.678543 1.665664 -1.955921 -2.878295 4.727795 -4.170584 4.993920 11.020513 0.000003 -0.000001 12.109032 -3.735710 -2.866777 -0.000000 -0.000000 -0.000001 1.291985 -1.928548 -1.498088 14.800111 0.567468 3.865603 14.242553 -1.341735 -6.660647 19.631939 0.143927 -0.648241 49.892036 -0.607571 -6.403903 0.353027 -1.511150 -0.031941 20.222769 3.684309 2.316628 18.787243 0.000007 0.000001 10.751612 -0.479868 1.397904 -0.000001 0.000000 0.000001 3.273802 0.305948 -0.580110 21.486792 11.830368 2.266130 8.162915 -0.000000 0.000002 18.399050 -3.798982 -4.940567 0.000005 -0.000001 -0.000002 0.380202 14.403488 -14.898665 -0.023197 -0.159048 20.247469 -4.846415 0.096525 -7.977566 1.611054 -1.893821 -0.385885 0.000000 0.000000 0.000002 2.081534 -9.661731 -16.309261 -0.046643 -0.148435 23.158117 -1.415456 -2.217920 -10.594727 -1.418345 1.001618 -0.282854 -0.000000 -0.000000 -0.000001 
1.414222 98.866882 -1.535124 1.295204 0.823867 3.457536 -0.270237 -0.054958 -3.269707 -0.753386 -0.279800 -6.034677 -2.047405 -2.287373 11.445811 0.941287 2.667670 -0.409290 0.128463 2.120950 -3.532223 8.061673 -1.694720 -14.701031 0.000077 -0.000022 0.000006 0.019607 0.206245 0.007687 0.658205 -3.556173 -10.586151 -0.627509 3.980362 -10.604406 -11.694748 -5.475951 10.754063 -60.122646 4.182378 17.504023 0.647536 -44.401554 -0.336303 -2.350576 6.279564 -12.545896 -5.882101 9.861278 0.702590 -10.936857 -0.360575 7.156198 0.000000 8.774814 -0.000003 -15.948426 18.662680 6.477913 -1.844031 2.498503 -2.507274 -10.163589 4.678940 4.621105 -20.975992 -0.000003 0.000002 -21.226254 2.451692 -3.593995 -0.000000 -0.000007 0.000000 -1.362680 2.240797 -0.746323 -21.334892 0.584907 3.008321 -13.821195 -0.000004 0.000001 -23.887131 -0.249078 -0.839479 -60.501312 2.573244 -1.172018 -0.294024 1.679687 0.833255 -14.218192 0.093214 1.300579 -34.211998 -0.287564 0.967169 -20.033178 0.964536 1.212843 -0.000000 0.000001 -0.000001 -3.440386 0.788232 0.501655 -15.928167 -3.167306 2.999703 -6.338815 -0.000001 0.000003 -18.123411 3.648176 -4.905661 -0.000002 -0.000000 -0.000001 15.881085 5.688463 15.325336 56.787762 22.239758 45.897301 -0.050901 31.274588 -0.069405 2.778214 -0.907436 2.323497 2.243539 -5.255033 -3.180155 14.282877 -0.826594 6.952495 -0.000002 -12.690591 0.000001 16.022364 -17.717461 2.688292 1.665663 -1.955920 -2.878297 4.727793 -4.170583 4.993917 11.020511 0.000004 -0.000001 12.109030 -3.735710 -2.866779 0.000000 0.000000 -0.000001 1.291985 -1.928549 -1.498086 14.800114 0.567469 3.865602 14.242553 -1.341733 -6.660651 19.631939 0.143925 -0.648242 49.888783 -0.626050 -6.407128 0.353028 -1.511150 -0.031940 20.222769 3.684307 2.316627 18.787245 0.000005 -0.000000 10.751610 -0.479867 1.397904 -0.000003 0.000000 0.000001 3.273804 0.305948 -0.580110 21.486790 11.830366 2.266131 8.162915 0.000000 0.000000 18.399048 -3.798977 -4.940568 0.000004 -0.000000 -0.000001 0.861955 14.107726 -15.767296 -0.020246 -0.153396 20.881470 -4.989877 0.051087 -7.993468 1.611341 -1.906977 -0.419300 0.000000 0.000000 0.000002 2.751396 -9.632543 -16.809361 -0.047417 -0.153760 23.205618 -1.686714 -2.333211 -10.521143 -1.420934 0.998659 -0.240737 0.000000 0.000000 -0.000001 
0.928816 98.784485 -1.773340 0.982915 0.971522 3.797608 0.012802 -0.029423 -3.098174 -0.720858 -0.245702 -5.963589 -1.944578 -2.237565 11.428541 0.836671 2.686164 -0.308914 0.182268 2.200317 -3.530262 8.269516 -1.565573 -14.674915 0.000076 -0.000022 0.000006 0.013076 0.190201 0.007017 0.652762 -3.572682 -10.600644 -0.642077 3.965397 -10.620477 -11.514194 -5.358554 10.701781 -60.053505 4.064963 17.645170 0.630296 -44.773724 -0.333077 -2.216583 6.301095 -12.623603 -5.882101 9.861278 0.702590 -10.936859 -0.360576 7.156197 0.000001 8.774814 -0.000001 -15.958488 18.650518 6.465035 -1.844031 2.498503 -2.507275 -10.163589 4.678937 4.621102 -20.975996 -0.000005 0.000003 -21.226255 2.451690 -3.593994 0.000000 -0.000006 0.000001 -1.362680 2.240797 -0.746323 -21.334887 0.584907 3.008319 -13.821194 -0.000004 0.000002 -23.887129 -0.249079 -0.839480 -60.453709 2.580887 -1.144495 -0.294024 1.679685 0.833255 -14.218190 0.093213 1.300578 -34.211998 -0.287566 0.967173 -20.033178 0.964534 1.212841 0.000000 0.000000 -0.000002 -3.440386 0.788232 0.501655 -15.928167 -3.167307 2.999702 -6.338818 -0.000002 0.000003 -18.123415 3.648175 -4.905661 -0.000001 0.000001 -0.000001 15.454331 5.811158 15.429924 56.946079 22.415188 45.875839 -0.086505 31.286602 -0.100135 3.004037 -0.807490 1.997509 2.243540 -5.255032 -3.180156 14.282877 -0.826593 6.952497 -0.000003 -12.690592 -0.000001 15.975907 -17.696308 2.714550 1.665665 -1.955920 -2.878296 4.727792 -4.170582 4.993919 11.020512 0.000004 -0.000003 12.109033 -3.735709 -2.866781 -0.000000 -0.000000 0.000000 1.291985 -1.928548 -1.498088 14.800111 0.567469 3.865602 14.242553 -1.341734 -6.660649 19.631939 0.143928 -0.648245 49.882683 -0.650632 -6.415343 0.353028 -1.511150 -0.031940 20.222769 3.684307 2.316628 18.787245 0.000007 -0.000002 10.751610 -0.479867 1.397903 -0.000003 -0.000001 0.000001 3.273805 0.305947 -0.580110 21.486790 11.830363 2.266130 8.162916 0.000003 0.000001 18.399054 -3.798980 -4.940569 0.000004 -0.000002 -0.000002 1.426508 13.804394 -16.683569 -0.009879 -0.132975 21.675865 -5.086755 -0.032411 -8.150796 1.611699 -1.905827 -0.453059 -0.000000 -0.000000 0.000002 3.515108 -9.614225 -17.380922 -0.050388 -0.175514 23.264513 -1.917118 -2.410496 -10.429025 -1.423852 0.989645 -0.208991 0.000000 0.000000 -0.000001 
0.369260 98.699570 -2.052198 0.564161 1.206602 4.179210 0.365166 0.014299 -2.895952 -0.680485 -0.239110 -5.888879 -1.801652 -2.179675 11.415006 0.696028 2.716400 -0.287556 0.246637 2.271008 -3.530914 8.436483 -1.427283 -14.676049 0.000076 -0.000022 0.000007 0.010166 0.172844 0.006126 0.654734 -3.592995 -10.613438 -0.645294 3.949416 -10.640244 -11.294835 -5.241165 10.685255 -60.037174 3.900802 17.653440 0.577610 -45.193932 -0.334779 -2.041299 6.396549 -12.485926 -5.882101 9.861278 0.702591 -10.936858 -0.360575 7.156196 0.000001 8.774813 -0.000002 -15.972178 18.644508 6.462515 -1.844031 2.498503 -2.507275 -10.163589 4.678939 4.621102 -20.976000 -0.000005 0.000001 -21.226254 2.451692 -3.593994 -0.000000 -0.000007 0.000001 -1.362680 2.240795 -0.746323 -21.334887 0.584907 3.008319 -13.821197 -0.000004 0.000001 -23.887131 -0.249080 -0.839481 -60.437576 2.568403 -1.131921 -0.294024 1.679686 0.833254 -14.218195 0.093214 1.300578 -34.212006 -0.287565 0.967170 -20.033180 0.964533 1.212843 -0.000000 -0.000000 -0.000002 -3.440386 0.788231 0.501656 -15.928169 -3.167307 2.999704 -6.338819 -0.000002 0.000002 -18.123413 3.648175 -4.905661 -0.000001 0.000000 -0.000002 14.996959 5.941474 15.548213 57.125111 22.626797 45.852032 -0.147720 31.277464 -0.139232 3.159805 -0.702677 1.611219 2.243540 -5.255033 -3.180156 14.282877 -0.826593 6.952494 -0.000003 -12.690593 0.000001 15.967298 -17.670147 2.731373 1.665664 -1.955919 -2.878295 4.727794 -4.170583 4.993918 11.020512 0.000003 -0.000001 12.109032 -3.735710 -2.866781 0.000000 -0.000000 -0.000001 1.291983 -1.928547 -1.498087 14.800111 0.567470 3.865603 14.242553 -1.341736 -6.660647 19.631939 0.143925 -0.648243 49.902882 -0.657901 -6.402433 0.353028 -1.511148 -0.031939 20.222769 3.684309 2.316626 18.787245 0.000006 0.000000 10.751610 -0.479866 1.397904 -0.000001 -0.000002 0.000000 3.273804 0.305948 -0.580110 21.486790 11.830367 2.266131 8.162916 0.000002 0.000001 18.399050 -3.798978 -4.940566 0.000005 -0.000000 -0.000001 2.129119 13.532892 -17.781090 -0.009549 -0.131040 22.522669 -5.183884 -0.132433 -8.223714 1.612810 -1.891041 -0.485538 0.000000 0.000000 0.000002 4.461154 -9.623266 -17.956249 -0.053116 -0.189752 23.177179 -2.161046 -2.560248 -10.249567 -1.426298 0.993717 -0.186614 -0.000000 0.000000 -0.000001 
-0.203790 98.578979 -2.350637 0.094848 1.608556 4.602418 0.756802 0.054420 -2.664663 -0.643612 -0.212484 -5.779966 -1.629266 -2.151662 11.390192 0.557128 2.752882 -0.316691 0.298076 2.339303 -3.537148 8.561666 -1.276813 -14.706744 0.000077 -0.000023 0.000006 0.004931 0.166516 0.006066 0.659519 -3.600770 -10.616567 -0.651544 3.941446 -10.639078 -11.018872 -5.144062 10.635713 -60.073746 3.745970 17.563816 0.461811 -45.650047 -0.250362 -1.821084 6.525208 -12.324509 -5.882102 9.861279 0.702589 -10.936858 -0.360575 7.156197 0.000000 8.774814 -0.000001 -15.960867 18.640892 6.446692 -1.844031 2.498503 -2.507276 -10.163589 4.678940 4.621104 -20.975994 -0.000003 0.000004 -21.226248 2.451694 -3.593994 0.000000 -0.000006 -0.000000 -1.362681 2.240796 -0.746322 -21.334890 0.584908 3.008319 -13.821197 -0.000002 0.000002 -23.887133 -0.249079 -0.839481 -60.423035 2.590588 -1.130780 -0.294024 1.679686 0.833255 -14.218194 0.093214 1.300578 -34.212002 -0.287563 0.967169 -20.033178 0.964535 1.212842 -0.000000 0.000000 0.000000 -3.440385 0.788231 0.501656 -15.928169 -3.167307 2.999702 -6.338817 -0.000001 0.000001 -18.123415 3.648175 -4.905663 -0.000002 -0.000000 -0.000001 14.528462 6.026635 15.610450 57.325397 22.786253 45.853931 -0.287280 31.198845 -0.201890 3.243368 -0.572852 1.206335 2.243540 -5.255033 -3.180156 14.282875 -0.826594 6.952495 -0.000002 -12.690592 0.000000 15.942765 -17.651516 2.748464 1.665664 -1.955920 -2.878297 4.727793 -4.170584 4.993918 11.020511 0.000002 -0.000002 12.109030 -3.735710 -2.866779 0.000001 -0.000000 -0.000001 1.291983 -1.928547 -1.498088 14.800109 0.567468 3.865603 14.242553 -1.341734 -6.660648 19.631935 0.143926 -0.648241 49.889439 -0.674042 -6.416086 0.353028 -1.511150 -0.031941 20.222767 3.684307 2.316629 18.787243 0.000006 0.000001 10.751610 -0.479868 1.397904 -0.000002 0.000000 0.000000 3.273804 0.305946 -0.580111 21.486790 11.830365 2.266132 8.162916 -0.000000 0.000002 18.399052 -3.798978 -4.940567 0.000005 -0.000000 -0.000001 2.883914 13.292831 -19.071609 -0.011368 -0.109207 23.559530 -5.312558 -0.364707 -8.335124 1.616831 -1.879441 -0.521008 0.000000 -0.000000 0.000002 5.484379 -9.713559 -18.650818 -0.050633 -0.204601 23.208733 -2.392480 -2.788508 -10.131403 -1.428697 0.997289 -0.140819 0.000000 0.000000 -0.000001 
-0.818523 98.463470 -2.697748 -0.382314 2.247151 5.091557 1.151411 0.111675 -2.424298 -0.599117 -0.231009 -5.679688 -1.443919 -2.123898 11.363188 0.427888 2.779460 -0.359205 0.354692 2.429462 -3.560749 8.658429 -1.147088 -14.785897 0.000077 -0.000023 0.000006 0.008132 0.173914 0.014043 0.662212 -3.592917 -10.618314 -0.652626 3.948066 -10.630431 -10.703302 -5.067608 10.601604 -60.175125 3.571307 17.458347 0.399093 -46.162537 -0.192627 -1.573799 6.675331 -12.361394 -5.882101 9.861278 0.702590 -10.936861 -0.360575 7.156199 0.000001 8.774813 -0.000001 -15.904767 18.608313 6.479174 -1.844031 2.498503 -2.507277 -10.163591 4.678940 4.621103 -20.975996 -0.000003 0.000003 -21.226254 2.451693 -3.593993 0.000000 -0.000006 0.000001 -1.362681 2.240797 -0.746324 -21.334890 0.584909 3.008321 -13.821197 -0.000002 0.000002 -23.887133 -0.249077 -0.839483 -60.427330 2.600561 -1.090802 -0.294024 1.679685 0.833254 -14.218194 0.093214 1.300581 -34.212006 -0.287563 0.967171 -20.033180 0.964534 1.212842 0.000000 0.000000 -0.000002 -3.440386 0.788234 0.501655 -15.928171 -3.167306 2.999705 -6.338818 -0.000002 0.000001 -18.123411 3.648177 -4.905662 -0.000002 0.000000 -0.000002 14.116075 6.053500 15.635938 57.504719 22.885101 45.729469 -0.399677 31.081068 -0.242349 3.267101 -0.482093 0.820510 2.243539 -5.255032 -3.180156 14.282878 -0.826593 6.952496 -0.000003 -12.690591 0.000001 15.880185 -17.613468 2.786267 1.665664 -1.955920 -2.878295 4.727794 -4.170582 4.993918 11.020511 0.000003 -0.000001 12.109033 -3.735709 -2.866779 0.000001 -0.000000 -0.000000 1.291984 -1.928547 -1.498086 14.800113 0.567468 3.865604 14.242553 -1.341734 -6.660648 19.631937 0.143924 -0.648243 49.838768 -0.710188 -6.429275 0.353029 -1.511150 -0.031941 20.222771 3.684306 2.316629 18.787247 0.000005 0.000002 10.751610 -0.479869 1.397904 -0.000003 0.000000 0.000001 3.273804 0.305947 -0.580109 21.486792 11.830361 2.266130 8.162917 0.000002 0.000001 18.399054 -3.798979 -4.940567 0.000005 -0.000003 -0.000001 3.622861 13.169246 -20.483225 -0.022780 -0.120941 24.488045 -5.444238 -0.810260 -8.289086 1.621718 -1.872066 -0.576260 -0.000000 0.000000 0.000002 6.569598 -9.939777 -19.421907 -0.040332 -0.216118 23.160294 -2.638315 -3.102969 -9.958905 -1.430161 1.005803 -0.104156 -0.000000 -0.000000 -0.000001 
-1.436695 98.382256 -2.996428 -0.801943 3.152203 5.640802 1.537867 0.190166 -2.200141 -0.546950 -0.247362 -5.581576 -1.294013 -2.138521 11.343285 0.302943 2.793982 -0.404406 0.406125 2.458628 -3.593654 8.746257 -1.050747 -14.851118 0.000078 -0.000022 0.000005 0.007817 0.186296 0.015589 0.667541 -3.576916 -10.612069 -0.660767 3.956973 -10.631311 -10.401059 -4.984951 10.556666 -60.282917 3.375767 17.331102 0.366810 -46.693943 -0.182810 -1.292864 6.823794 -12.499278 -5.882101 9.861278 0.702590 -10.936861 -0.360575 7.156198 0.000002 8.774814 -0.000002 -15.842355 18.532465 6.532720 -1.844031 2.498504 -2.507277 -10.163590 4.678938 4.621105 -20.975996 -0.000004 0.000005 -21.226255 2.451692 -3.593990 0.000000 -0.000006 -0.000000 -1.362680 2.240795 -0.746322 -21.334892 0.584908 3.008322 -13.821197 -0.000002 0.000004 -23.887133 -0.249077 -0.839480 -60.406879 2.625332 -1.047594 -0.294025 1.679685 0.833254 -14.218194 0.093213 1.300579 -34.212006 -0.287564 0.967172 -20.033180 0.964536 1.212844 -0.000000 -0.000001 0.000000 -3.440386 0.788232 0.501654 -15.928169 -3.167307 2.999703 -6.338818 -0.000001 0.000001 -18.123417 3.648175 -4.905660 -0.000002 0.000000 -0.000002 13.765935 6.026354 15.668263 57.642429 22.932856 45.473930 -0.434366 30.840221 -0.240603 3.213799 -0.453788 0.471562 2.243538 -5.255033 -3.180155 14.282875 -0.826592 6.952498 -0.000004 -12.690590 0.000000 15.828435 -17.584133 2.841543 1.665664 -1.955921 -2.878295 4.727793 -4.170582 4.993920 11.020510 0.000004 -0.000000 12.109030 -3.735709 -2.866778 -0.000000 -0.000000 0.000001 1.291984 -1.928548 -1.498089 14.800111 0.567468 3.865603 14.242551 -1.341732 -6.660647 19.631939 0.143928 -0.648243 49.805256 -0.715864 -6.427491 0.353029 -1.511150 -0.031939 20.222769 3.684309 2.316629 18.787243 0.000005 0.000002 10.751609 -0.479868 1.397905 -0.000002 -0.000000 0.000001 3.273804 0.305948 -0.580109 21.486792 11.830364 2.266132 8.162915 -0.000001 0.000002 18.399050 -3.798979 -4.940564 0.000004 -0.000001 -0.000002 4.243357 13.241944 -21.859200 -0.033492 -0.137942 25.108913 -5.603425 -1.620968 -8.035583 1.630113 -1.852202 -0.674627 0.000000 -0.000000 0.000002 7.610563 -10.300089 -20.163338 -0.034833 -0.250227 22.950159 -2.844743 -3.536864 -9.756146 -1.434604 1.026785 -0.071257 -0.000000 -0.000000 -0.000001 
-2.029414 98.341713 -3.242443 -1.054021 4.214467 6.206275 1.887339 0.281880 -2.001096 -0.499118 -0.283614 -5.509917 -1.261076 -2.191451 11.347933 0.188724 2.791009 -0.444169 0.440199 2.402284 -3.640352 8.829212 -0.959048 -14.846916 0.000078 -0.000022 0.000006 0.012440 0.190795 0.014048 0.679690 -3.570449 -10.648138 -0.667608 3.957686 -10.666684 -10.127093 -4.852205 10.583391 -60.392796 3.155319 17.186989 0.483192 -47.263165 -0.294417 -1.145966 6.962799 -12.697959 -5.882101 9.861278 0.702590 -10.936860 -0.360575 7.156198 0.000001 8.774814 -0.000002 -15.832666 18.482643 6.546321 -1.844031 2.498502 -2.507277 -10.163590 4.678939 4.621103 -20.975996 -0.000005 0.000004 -21.226257 2.451690 -3.593994 0.000001 -0.000006 0.000001 -1.362680 2.240797 -0.746322 -21.334890 0.584907 3.008321 -13.821197 -0.000004 0.000002 -23.887133 -0.249081 -0.839480 -60.439877 2.639958 -1.021350 -0.294024 1.679685 0.833255 -14.218195 0.093213 1.300579 -34.212006 -0.287566 0.967170 -20.033180 0.964534 1.212842 -0.000000 -0.000001 -0.000001 -3.440386 0.788232 0.501656 -15.928171 -3.167307 2.999704 -6.338818 -0.000001 0.000002 -18.123417 3.648174 -4.905662 -0.000002 0.000000 -0.000001 13.450939 5.992056 15.740052 57.726357 23.020155 45.133347 -0.380070 30.614470 -0.228189 3.207708 -0.488674 0.110188 2.243540 -5.255032 -3.180153 14.282878 -0.826593 6.952497 -0.000003 -12.690591 0.000002 15.751924 -17.535280 2.894373 1.665664 -1.955919 -2.878296 4.727793 -4.170584 4.993919 11.020513 0.000005 -0.000002 12.109033 -3.735710 -2.866778 0.000000 -0.000000 -0.000001 1.291984 -1.928548 -1.498087 14.800111 0.567469 3.865604 14.242551 -1.341733 -6.660649 19.631939 0.143927 -0.648242 49.743855 -0.707109 -6.418823 0.353028 -1.511150 -0.031940 20.222769 3.684309 2.316629 18.787245 0.000006 0.000001 10.751611 -0.479865 1.397904 -0.000002 -0.000001 0.000002 3.273804 0.305946 -0.580109 21.486795 11.830365 2.266131 8.162916 0.000001 0.000001 18.399050 -3.798979 -4.940566 0.000004 -0.000000 -0.000002 4.598063 13.566147 -23.074806 -0.053436 -0.182272 25.321381 -5.815277 -2.684362 -7.550590 1.640129 -1.840924 -0.885134 0.000000 -0.000000 0.000002 8.463540 -10.786612 -20.871664 -0.026472 -0.294559 22.675039 -3.000924 -3.968251 -9.563770 -1.439287 1.054656 -0.063155 -0.000000 -0.000000 -0.000001 
-2.541772 98.341682 -3.509062 -1.110107 5.380433 6.672099 2.225866 0.348801 -1.762592 -0.472204 -0.302601 -5.438613 -1.311871 -2.215553 11.334814 0.128909 2.818364 -0.392498 0.448302 2.451739 -3.609188 8.864244 -0.927774 -14.874386 0.000077 -0.000023 0.000006 0.011278 0.198016 0.012221 0.673649 -3.568088 -10.664275 -0.660182 3.967734 -10.684902 -9.909683 -4.824747 10.666075 -60.631832 2.977070 17.147736 0.849797 -47.641769 -0.358098 -1.236441 7.036082 -12.975984 -5.882101 9.861278 0.702590 -10.936859 -0.360576 7.156196 0.000001 8.774813 -0.000002 -15.726262 18.391129 6.531092 -1.844031 2.498502 -2.507276 -10.163589 4.678939 4.621102 -20.975998 -0.000006 0.000004 -21.226255 2.451690 -3.593992 0.000002 -0.000005 -0.000001 -1.362680 2.240797 -0.746324 -21.334892 0.584906 3.008321 -13.821197 -0.000003 0.000003 -23.887133 -0.249080 -0.839480 -60.180630 2.504888 -1.055881 -0.294024 1.679686 0.833255 -14.218194 0.093213 1.300578 -34.212006 -0.287565 0.967171 -20.033178 0.964533 1.212842 -0.000000 -0.000001 -0.000001 -3.440385 0.788233 0.501655 -15.928169 -3.167307 2.999705 -6.338815 -0.000001 0.000002 -18.123411 3.648174 -4.905661 -0.000003 0.000000 -0.000001 13.083516 6.001164 15.643625 57.821674 22.817457 44.856853 -0.403242 30.457127 -0.244513 3.208606 -0.401352 -0.333894 2.243539 -5.255033 -3.180155 14.282877 -0.826592 6.952495 -0.000003 -12.690590 0.000000 15.913930 -17.581633 2.759992 1.665665 -1.955919 -2.878296 4.727794 -4.170583 4.993918 11.020511 0.000003 -0.000001 12.109031 -3.735710 -2.866779 0.000001 -0.000000 -0.000000 1.291984 -1.928547 -1.498090 14.800114 0.567469 3.865603 14.242553 -1.341735 -6.660648 19.631941 0.143928 -0.648243 49.732552 -0.736583 -6.506142 0.353029 -1.511149 -0.031941 20.222769 3.684306 2.316628 18.787245 0.000006 -0.000001 10.751609 -0.479866 1.397903 -0.000003 -0.000001 0.000001 3.273805 0.305947 -0.580110 21.486792 11.830367 2.266131 8.162916 0.000001 0.000001 18.399052 -3.798980 -4.940568 0.000004 -0.000001 -0.000002 4.736229 14.178140 -24.219191 -0.087516 -0.160079 25.678640 -6.267341 -4.202792 -7.252098 1.665892 -1.846452 -1.147951 0.000000 -0.000000 0.000002 9.097276 -11.659139 -21.498281 -0.012767 -0.263341 22.392368 -3.042016 -4.191717 -9.376603 -1.428097 1.054139 -0.046253 -0.000000 -0.000000 -0.000001 
-3.017482 98.313965 -3.634692 -0.976539 6.497197 7.020937 2.489858 0.432983 -1.564486 -0.443984 -0.233725 -5.309257 -1.414272 -2.285124 11.324549 -0.009128 2.858288 -0.273333 0.430023 2.476720 -3.649839 8.913918 -1.047017 -14.785118 0.000077 -0.000022 0.000006 0.008540 0.181047 0.009514 0.676163 -3.585575 -10.671455 -0.659630 3.954154 -10.700982 -9.891578 -4.641408 10.774285 -60.791397 2.987295 16.882786 1.056724 -48.100792 -0.470387 -1.223566 7.047585 -13.152961 -5.882100 9.861279 0.702589 -10.936858 -0.360575 7.156198 0.000001 8.774813 -0.000001 -15.772026 18.420389 6.527855 -1.844031 2.498502 -2.507276 -10.163589 4.678939 4.621104 -20.975992 -0.000004 0.000002 -21.226254 2.451692 -3.593994 0.000001 -0.000006 -0.000000 -1.362680 2.240796 -0.746322 -21.334894 0.584907 3.008319 -13.821194 -0.000003 0.000001 -23.887131 -0.249079 -0.839481 -60.262257 2.504041 -1.048527 -0.294024 1.679686 0.833255 -14.218190 0.093214 1.300578 -34.211998 -0.287565 0.967170 -20.033178 0.964535 1.212841 0.000001 -0.000001 0.000001 -3.440385 0.788233 0.501655 -15.928167 -3.167306 2.999704 -6.338817 0.000000 0.000000 -18.123411 3.648175 -4.905662 -0.000003 0.000000 -0.000001 12.638002 6.063582 15.631509 57.814400 22.622665 44.742252 -0.510080 30.509539 -0.289845 3.435046 -0.306045 -0.761123 2.243540 -5.255033 -3.180156 14.282878 -0.826593 6.952496 -0.000002 -12.690590 -0.000001 15.869669 -17.717243 2.800617 1.665665 -1.955920 -2.878296 4.727794 -4.170584 4.993917 11.020512 0.000003 -0.000001 12.109032 -3.735710 -2.866780 -0.000000 0.000000 -0.000001 1.291985 -1.928548 -1.498087 14.800111 0.567468 3.865602 14.242553 -1.341735 -6.660650 19.631937 0.143926 -0.648243 49.685097 -0.771719 -6.545132 0.353029 -1.511152 -0.031940 20.222769 3.684304 2.316629 18.787245 0.000005 -0.000000 10.751611 -0.479868 1.397903 -0.000002 -0.000000 0.000000 3.273803 0.305947 -0.580109 21.486790 11.830365 2.266132 8.162917 0.000000 0.000002 18.399052 -3.798980 -4.940567 0.000004 0.000000 -0.000002 4.654678 15.134687 -25.234901 -0.100040 -0.131747 26.866842 -6.869635 -5.144577 -7.905047 1.664541 -1.866494 -1.323467 0.000000 -0.000000 0.000002 9.434916 -12.380795 -22.064838 -0.003908 -0.311551 22.475069 -3.207332 -4.468433 -9.452530 -1.433557 1.024665 0.033078 0.000000 0.000000 -0.000001 
-3.415042 98.311249 -3.717721 -0.680138 7.440347 7.251554 2.697850 0.520271 -1.408209 -0.429679 -0.194842 -5.204195 -1.548639 -2.266592 11.376751 -0.206820 2.920544 -0.045931 0.422336 2.437335 -3.664489 8.972040 -1.092774 -14.720703 0.000077 -0.000023 0.000006 0.014011 0.175655 0.010726 0.678484 -3.597130 -10.683724 -0.663237 3.952497 -10.719648 -10.133235 -4.388668 10.930284 -60.842419 3.180374 16.411882 1.170538 -48.497696 -0.503832 -1.147194 6.927746 -13.505653 -5.882100 9.861278 0.702590 -10.936858 -0.360575 7.156196 0.000001 8.774813 -0.000002 -15.816026 18.483496 6.544894 -1.844030 2.498502 -2.507276 -10.163589 4.678938 4.621104 -20.975994 -0.000004 0.000002 -21.226250 2.451693 -3.593992 0.000001 -0.000006 -0.000000 -1.362680 2.240796 -0.746323 -21.334892 0.584909 3.008320 -13.821194 -0.000003 0.000002 -23.887121 -0.249077 -0.839480 -60.380127 2.533417 -1.054296 -0.294024 1.679686 0.833255 -14.218192 0.093215 1.300580 -34.211990 -0.287563 0.967169 -20.033175 0.964535 1.212841 -0.000000 -0.000001 0.000000 -3.440385 0.788232 0.501655 -15.928165 -3.167306 2.999704 -6.338817 -0.000001 0.000000 -18.123413 3.648177 -4.905660 -0.000003 -0.000000 -0.000002 12.262645 6.107268 15.647237 57.667160 22.506557 44.605106 -0.655778 30.651817 -0.330848 3.684320 -0.155788 -1.333463 2.243540 -5.255033 -3.180156 14.282877 -0.826594 6.952495 -0.000002 -12.690590 -0.000000 15.820205 -17.819483 2.827478 1.665666 -1.955920 -2.878295 4.727793 -4.170582 4.993919 11.020512 0.000004 -0.000001 12.109032 -3.735709 -2.866779 0.000000 -0.000000 0.000000 1.291984 -1.928547 -1.498089 14.800111 0.567468 3.865603 14.242553 -1.341734 -6.660648 19.631939 0.143927 -0.648244 49.691986 -0.785094 -6.604608 0.353029 -1.511149 -0.031941 20.222767 3.684306 2.316627 18.787245 0.000006 0.000001 10.751612 -0.479868 1.397904 -0.000002 0.000000 0.000000 3.273804 0.305947 -0.580112 21.486792 11.830362 2.266132 8.162916 0.000000 0.000001 18.399054 -3.798978 -4.940568 0.000004 0.000000 -0.000001 4.534929 16.461020 -26.336103 -0.131592 -0.130119 29.636042 -7.822674 -5.812211 -8.629895 1.672161 -1.862618 -1.431319 -0.000000 0.000001 0.000002 9.537205 -13.137188 -22.480759 -0.017029 -0.326822 22.611391 -3.339068 -4.630908 -9.573697 -1.436236 0.999832 0.094689 0.000000 0.000000 -0.000001 
-3.773148 98.366173 -3.691071 -0.260586 8.184801 7.355511 2.844183 0.637119 -1.279706 -0.408772 -0.204679 -5.106956 -1.734764 -2.200737 11.497835 -0.416076 2.990296 0.296628 0.415027 2.431987 -3.695362 9.021455 -1.041909 -14.705913 0.000076 -0.000022 0.000006 0.008834 0.170601 0.009598 0.680081 -3.600646 -10.705215 -0.670456 3.949173 -10.747575 -10.566437 -4.077464 11.117287 -60.799412 3.481863 15.666872 1.110713 -48.756001 -0.417429 -1.062789 6.786583 -13.888686 -5.882101 9.861279 0.702590 -10.936858 -0.360575 7.156196 0.000001 8.774812 0.000000 -15.838469 18.491829 6.549776 -1.844030 2.498501 -2.507275 -10.163589 4.678940 4.621104 -20.975992 -0.000003 0.000001 -21.226246 2.451694 -3.593994 0.000001 -0.000006 -0.000001 -1.362680 2.240798 -0.746323 -21.334892 0.584909 3.008321 -13.821197 -0.000002 0.000002 -23.887125 -0.249077 -0.839481 -60.500542 2.551546 -1.050152 -0.294025 1.679685 0.833255 -14.218190 0.093215 1.300579 -34.211998 -0.287562 0.967170 -20.033176 0.964535 1.212841 -0.000001 -0.000000 -0.000001 -3.440385 0.788232 0.501655 -15.928167 -3.167306 2.999705 -6.338816 -0.000001 0.000001 -18.123413 3.648177 -4.905662 -0.000004 -0.000000 -0.000002 12.028652 6.155646 15.722762 57.339901 22.519854 44.138653 -0.705120 30.763321 -0.328333 3.818953 -0.012960 -1.576547 2.243540 -5.255032 -3.180153 14.282878 -0.826595 6.952496 -0.000002 -12.690590 0.000001 15.799388 -17.889503 2.816995 1.665665 -1.955921 -2.878298 4.727793 -4.170583 4.993918 11.020511 0.000003 -0.000001 12.109031 -3.735711 -2.866781 0.000001 0.000000 0.000000 1.291985 -1.928547 -1.498087 14.800114 0.567467 3.865605 14.242553 -1.341734 -6.660648 19.631935 0.143925 -0.648243 49.714577 -0.740225 -6.613886 0.353029 -1.511150 -0.031940 20.222767 3.684303 2.316628 18.787247 0.000004 0.000001 10.751611 -0.479868 1.397905 -0.000001 0.000000 0.000000 3.273804 0.305947 -0.580110 21.486788 11.830361 2.266132 8.162917 -0.000000 0.000001 18.399054 -3.798980 -4.940568 0.000005 0.000000 -0.000002 4.535810 17.970932 -27.625328 -0.166072 -0.158625 34.326866 -8.533328 -6.451096 -9.367768 1.687390 -1.862320 -1.547490 -0.000000 0.000001 0.000002 9.429626 -13.857093 -22.550905 -0.023069 -0.329440 22.539833 -3.413613 -4.766906 -9.660921 -1.437533 0.998047 0.064867 -0.000000 0.000000 -0.000001 
-4.053598 98.460716 -3.582833 0.255720 8.782331 7.317421 2.934262 0.761340 -1.161106 -0.395762 -0.213879 -5.006832 -1.963116 -2.153533 11.648442 -0.622218 3.050248 0.728746 0.397133 2.488417 -3.729104 9.019541 -0.951492 -14.683111 0.000076 -0.000022 0.000006 0.003953 0.157712 0.012247 0.672232 -3.609467 -10.694638 -0.674956 3.931281 -10.752701 -11.132277 -3.807039 11.311604 -60.684555 3.863702 14.701790 0.901461 -48.702820 -0.229882 -0.988619 6.621927 -14.253193 -5.882100 9.861278 0.702590 -10.936859 -0.360575 7.156197 0.000000 8.774814 -0.000003 -15.858197 18.454653 6.488398 -1.844031 2.498502 -2.507276 -10.163590 4.678939 4.621104 -20.975998 -0.000005 0.000002 -21.226255 2.451692 -3.593993 0.000001 -0.000006 -0.000000 -1.362680 2.240797 -0.746323 -21.334887 0.584907 3.008321 -13.821197 -0.000003 0.000002 -23.887129 -0.249078 -0.839482 -60.549644 2.550783 -1.095706 -0.294024 1.679686 0.833255 -14.218194 0.093215 1.300579 -34.211998 -0.287564 0.967169 -20.033180 0.964535 1.212842 -0.000001 -0.000001 -0.000001 -3.440385 0.788232 0.501655 -15.928169 -3.167306 2.999703 -6.338815 -0.000000 0.000000 -18.123415 3.648175 -4.905662 -0.000004 -0.000000 -0.000003 11.972233 6.135466 15.826673 56.923046 22.651501 43.369877 -0.691747 30.773361 -0.301856 3.626292 0.104577 -1.579393 2.243540 -5.255033 -3.180155 14.282877 -0.826593 6.952495 -0.000003 -12.690591 0.000000 15.843320 -17.916584 2.786358 1.665665 -1.955920 -2.878296 4.727794 -4.170582 4.993917 11.020514 0.000003 -0.000001 12.109032 -3.735708 -2.866779 -0.000000 -0.000000 0.000001 1.291984 -1.928549 -1.498086 14.800113 0.567467 3.865602 14.242553 -1.341735 -6.660646 19.631939 0.143926 -0.648243 49.727737 -0.664109 -6.558530 0.353028 -1.511149 -0.031940 20.222771 3.684307 2.316628 18.787245 0.000005 0.000002 10.751611 -0.479867 1.397903 -0.000000 -0.000000 0.000000 3.273805 0.305947 -0.580110 21.486794 11.830366 2.266131 8.162917 0.000001 0.000001 18.399052 -3.798976 -4.940566 0.000004 -0.000000 -0.000001 4.752373 19.496880 -29.134539 -0.204749 -0.195611 40.922104 -8.740479 -7.123277 -9.979419 1.705696 -1.860919 -1.740536 -0.000000 0.000001 0.000002 9.098239 -14.519269 -22.320658 -0.015745 -0.318591 22.362747 -3.446178 -4.907353 -9.742064 -1.436847 1.008326 -0.033567 -0.000000 0.000000 -0.000001 
-4.295927 98.573326 -3.452215 0.816886 9.236099 7.125382 2.988307 0.869311 -1.015013 -0.393200 -0.234926 -4.899454 -2.202484 -2.126521 11.805678 -0.813862 3.104063 1.136571 0.387865 2.566745 -3.732016 8.945851 -0.809549 -14.689419 0.000076 -0.000023 0.000007 -0.004342 0.129363 0.009896 0.666397 -3.631201 -10.685575 -0.677805 3.893710 -10.752133 -11.681840 -3.645991 11.457469 -60.555916 4.283636 13.767679 0.717399 -48.321476 -0.077693 -0.951627 6.414692 -14.575616 -5.882100 9.861279 0.702589 -10.936858 -0.360575 7.156196 0.000000 8.774815 -0.000001 -15.889538 18.401381 6.398950 -1.844031 2.498502 -2.507276 -10.163589 4.678940 4.621103 -20.975994 -0.000004 0.000002 -21.226250 2.451692 -3.593995 -0.000001 -0.000006 -0.000000 -1.362680 2.240797 -0.746323 -21.334885 0.584908 3.008320 -13.821197 -0.000003 0.000002 -23.887129 -0.249079 -0.839481 -60.571598 2.527246 -1.136876 -0.294025 1.679687 0.833255 -14.218190 0.093215 1.300579 -34.211998 -0.287563 0.967169 -20.033175 0.964535 1.212842 0.000000 0.000000 0.000000 -3.440385 0.788232 0.501655 -15.928169 -3.167306 2.999704 -6.338817 -0.000002 0.000001 -18.123411 3.648176 -4.905662 -0.000005 0.000000 -0.000001 11.994243 6.099884 15.942446 56.530060 22.835493 42.397026 -0.703411 30.717113 -0.289874 3.168424 0.250327 -1.666139 2.243540 -5.255033 -3.180157 14.282878 -0.826594 6.952496 -0.000003 -12.690588 0.000000 15.913420 -17.947670 2.754177 1.665665 -1.955920 -2.878297 4.727795 -4.170583 4.993918 11.020513 0.000003 -0.000001 12.109032 -3.735710 -2.866779 -0.000000 -0.000000 0.000001 1.291985 -1.928548 -1.498088 14.800113 0.567468 3.865603 14.242554 -1.341736 -6.660648 19.631941 0.143925 -0.648245 49.716415 -0.608785 -6.471667 0.353028 -1.511149 -0.031941 20.222771 3.684306 2.316627 18.787245 0.000006 0.000000 10.751611 -0.479868 1.397905 -0.000002 -0.000001 0.000000 3.273805 0.305947 -0.580109 21.486790 11.830362 2.266131 8.162917 0.000000 0.000001 18.399050 -3.798979 -4.940566 0.000003 -0.000000 -0.000000 5.260165 20.851210 -30.734371 -0.274400 -0.254381 48.832947 -8.643970 -7.863182 -10.514270 1.728028 -1.860584 -2.011732 0.000000 -0.000001 0.000002 8.619145 -15.095986 -21.841770 0.002302 -0.310124 22.115950 -3.486942 -4.993674 -9.795785 -1.431769 1.031016 -0.120211 -0.000000 -0.000000 -0.000001 
-4.470782 98.677528 -3.271682 1.390516 9.599770 6.839848 3.025914 0.899218 -0.864334 -0.414049 -0.157879 -4.776460 -2.409112 -2.149686 11.966097 -1.015544 3.134196 1.475658 0.394078 2.635699 -3.751482 8.844331 -0.639985 -14.773688 0.000076 -0.000023 0.000006 -0.011666 0.096826 0.007803 0.654928 -3.652934 -10.665426 -0.688924 3.863103 -10.744811 -12.182314 -3.607164 11.570513 -60.379250 4.617557 12.955305 0.495156 -47.781445 0.082658 -0.894700 6.182186 -14.839051 -5.882101 9.861278 0.702590 -10.936858 -0.360574 7.156197 0.000001 8.774812 -0.000001 -15.923754 18.348707 6.309890 -1.844031 2.498502 -2.507276 -10.163590 4.678939 4.621104 -20.975996 -0.000004 0.000002 -21.226254 2.451692 -3.593993 0.000001 -0.000006 -0.000000 -1.362680 2.240797 -0.746323 -21.334887 0.584909 3.008320 -13.821195 -0.000003 0.000002 -23.887131 -0.249079 -0.839481 -60.590530 2.482122 -1.182363 -0.294025 1.679686 0.833255 -14.218194 0.093215 1.300579 -34.212013 -0.287563 0.967169 -20.033180 0.964535 1.212841 -0.000001 -0.000000 0.000000 -3.440386 0.788233 0.501655 -15.928169 -3.167305 2.999704 -6.338817 -0.000001 0.000000 -18.123413 3.648176 -4.905660 -0.000003 0.000000 -0.000002 11.999329 6.039351 16.029072 56.142830 23.036367 41.379898 -0.781437 30.795361 -0.278453 2.668229 0.416955 -2.022095 2.243540 -5.255033 -3.180154 14.282877 -0.826594 6.952496 -0.000003 -12.690590 0.000001 15.952753 -17.961075 2.733610 1.665665 -1.955919 -2.878297 4.727794 -4.170584 4.993917 11.020513 0.000003 -0.000001 12.109034 -3.735709 -2.866780 0.000000 -0.000000 0.000000 1.291984 -1.928548 -1.498086 14.800114 0.567468 3.865604 14.242553 -1.341735 -6.660648 19.631939 0.143928 -0.648243 49.694038 -0.581230 -6.379769 0.353028 -1.511149 -0.031940 20.222769 3.684307 2.316626 18.787247 0.000006 -0.000002 10.751610 -0.479868 1.397903 -0.000003 0.000000 0.000000 3.273804 0.305945 -0.580111 21.486792 11.830363 2.266130 8.162916 0.000001 0.000000 18.399052 -3.798977 -4.940569 0.000004 -0.000000 -0.000002 6.022184 21.950542 -32.394974 -0.337318 -0.290255 57.531704 -8.443302 -8.873211 -10.903916 1.746207 -1.831672 -2.332476 -0.000000 -0.000001 0.000002 8.049745 -15.703592 -21.246550 0.013699 -0.289776 21.950781 -3.524351 -5.057979 -9.924726 -1.430574 1.048955 -0.151305 0.000000 0.000000 -0.000001 
-4.678595 98.787666 -3.120838 2.018564 9.905684 6.504062 3.005143 0.954978 -0.718683 -0.431765 -0.088906 -4.665287 -2.624522 -2.213006 12.174429 -1.171868 3.164421 1.697994 0.394998 2.717636 -3.738054 8.755717 -0.465215 -14.970651 0.000077 -0.000022 0.000006 -0.019934 0.079804 -0.002094 0.644376 -3.669597 -10.666076 -0.699180 3.832487 -10.747264 -12.620749 -3.677655 11.657181 -60.111980 4.902602 12.303795 0.393495 -47.267181 0.153133 -0.836301 5.980548 -15.144023 -5.882100 9.861279 0.702590 -10.936857 -0.360575 7.156196 -0.000000 8.774813 -0.000002 -15.948772 18.315208 6.253186 -1.844030 2.498503 -2.507276 -10.163589 4.678941 4.621104 -20.975992 -0.000003 0.000003 -21.226250 2.451694 -3.593993 0.000001 -0.000006 -0.000000 -1.362680 2.240796 -0.746323 -21.334894 0.584909 3.008321 -13.821194 -0.000002 0.000002 -23.887125 -0.249077 -0.839481 -60.611763 2.459505 -1.212876 -0.294025 1.679686 0.833255 -14.218190 0.093215 1.300580 -34.212006 -0.287562 0.967170 -20.033176 0.964536 1.212841 -0.000001 0.000000 -0.000000 -3.440385 0.788232 0.501655 -15.928165 -3.167306 2.999704 -6.338815 -0.000001 0.000001 -18.123411 3.648178 -4.905660 -0.000002 0.000000 -0.000003 11.985134 6.061086 16.140274 55.677929 23.228098 40.460423 -0.843532 31.070120 -0.281918 2.193516 0.595528 -2.415160 2.243541 -5.255032 -3.180154 14.282875 -0.826592 6.952495 -0.000004 -12.690590 0.000002 15.999260 -18.007177 2.729063 1.665666 -1.955921 -2.878295 4.727794 -4.170583 4.993917 11.020510 0.000004 -0.000001 12.109033 -3.735708 -2.866779 0.000000 -0.000000 -0.000001 1.291984 -1.928548 -1.498088 14.800113 0.567469 3.865602 14.242553 -1.341734 -6.660648 19.631939 0.143928 -0.648243 49.736118 -0.570781 -6.308295 0.353029 -1.511149 -0.031940 20.222767 3.684308 2.316626 18.787247 0.000006 0.000000 10.751609 -0.479866 1.397904 -0.000003 -0.000002 0.000000 3.273805 0.305947 -0.580110 21.486792 11.830366 2.266128 8.162917 0.000002 0.000001 18.399052 -3.798979 -4.940567 0.000003 -0.000000 -0.000000 6.898220 22.873007 -34.046803 -0.421666 -0.346584 66.522026 -8.208889 -10.031566 -11.050836 1.746352 -1.786296 -2.762698 0.000000 0.000000 0.000003 7.422461 -16.322565 -20.588631 0.010858 -0.288801 21.760441 -3.609365 -5.034981 -10.024057 -1.431072 1.061960 -0.176942 0.000000 -0.000000 -0.000001 
-4.797906 98.888176 -2.920668 2.681789 10.145068 6.134305 2.963873 0.982001 -0.614535 -0.465440 0.013202 -4.547361 -2.841996 -2.270378 12.405972 -1.297694 3.196306 1.837595 0.373092 2.751985 -3.744490 8.700091 -0.307098 -15.237761 0.000078 -0.000022 0.000006 -0.024254 0.070982 -0.009413 0.637967 -3.671211 -10.656035 -0.696287 3.823051 -10.746019 -13.020104 -3.830119 11.731823 -59.814175 5.059584 11.718703 0.352117 -46.729881 0.184437 -0.770271 5.769779 -15.553335 -5.882100 9.861279 0.702590 -10.936859 -0.360575 7.156198 0.000000 8.774813 -0.000000 -15.960828 18.280111 6.181042 -1.844030 2.498503 -2.507276 -10.163589 4.678940 4.621105 -20.975992 -0.000003 0.000003 -21.226248 2.451693 -3.593992 0.000001 -0.000006 -0.000000 -1.362680 2.240797 -0.746323 -21.334887 0.584908 3.008322 -13.821194 -0.000002 0.000003 -23.887129 -0.249077 -0.839480 -60.599407 2.467442 -1.268805 -0.294024 1.679686 0.833255 -14.218192 0.093215 1.300580 -34.212006 -0.287562 0.967171 -20.033176 0.964536 1.212842 0.000000 -0.000000 -0.000000 -3.440385 0.788233 0.501656 -15.928165 -3.167306 2.999705 -6.338816 -0.000001 0.000002 -18.123413 3.648177 -4.905660 -0.000002 0.000000 -0.000002 11.932525 6.123699 16.255444 55.207451 23.471926 39.767303 -0.853474 31.371473 -0.262819 1.864959 0.756467 -2.721427 2.243539 -5.255033 -3.180156 14.282873 -0.826594 6.952497 -0.000002 -12.690592 0.000002 16.011427 -18.038790 2.735854 1.665664 -1.955920 -2.878298 4.727793 -4.170584 4.993919 11.020510 0.000003 -0.000001 12.109030 -3.735710 -2.866780 0.000001 -0.000001 -0.000000 1.291983 -1.928548 -1.498087 14.800109 0.567468 3.865604 14.242550 -1.341734 -6.660651 19.631933 0.143925 -0.648243 49.798775 -0.589908 -6.236638 0.353029 -1.511150 -0.031941 20.222765 3.684306 2.316628 18.787243 0.000004 0.000001 10.751610 -0.479868 1.397904 -0.000003 -0.000001 0.000000 3.273803 0.305947 -0.580110 21.486788 11.830361 2.266132 8.162916 -0.000000 0.000001 18.399048 -3.798980 -4.940566 0.000004 -0.000001 -0.000000 7.953123 23.699820 -35.500801 -0.482544 -0.395439 75.260590 -8.195556 -11.694440 -10.678437 1.733239 -1.745654 -3.282620 0.000000 0.000002 0.000003 6.678479 -17.052731 -19.903341 0.004656 -0.299816 21.708471 -3.684109 -4.900311 -10.227555 -1.429742 1.061765 -0.151233 0.000000 -0.000000 -0.000001 
-4.863069 99.002724 -2.728865 3.380376 10.254807 5.722340 2.885718 1.008871 -0.524301 -0.500171 0.139429 -4.435965 -3.059489 -2.285784 12.655607 -1.431864 3.225827 1.916633 0.330908 2.798539 -3.739063 8.700340 -0.172634 -15.567310 0.000077 -0.000023 0.000006 -0.031749 0.075338 -0.016044 0.628181 -3.666158 -10.648524 -0.705256 3.830862 -10.736676 -13.398029 -4.001493 11.817336 -59.515144 5.127502 11.088528 0.346573 -46.335484 0.197151 -0.611051 5.544594 -16.161060 -5.882101 9.861279 0.702590 -10.936859 -0.360575 7.156199 0.000000 8.774815 -0.000002 -15.925386 18.265532 6.149182 -1.844030 2.498503 -2.507275 -10.163589 4.678939 4.621105 -20.975994 -0.000003 0.000005 -21.226250 2.451694 -3.593992 -0.000001 -0.000006 -0.000000 -1.362680 2.240797 -0.746323 -21.334892 0.584908 3.008323 -13.821197 -0.000003 0.000004 -23.887131 -0.249076 -0.839479 -60.606014 2.497609 -1.341881 -0.294024 1.679686 0.833255 -14.218192 0.093215 1.300581 -34.212006 -0.287561 0.967173 -20.033176 0.964537 1.212843 0.000000 0.000000 -0.000000 -3.440385 0.788232 0.501656 -15.928165 -3.167307 2.999706 -6.338816 -0.000002 0.000002 -18.123413 3.648177 -4.905659 -0.000002 0.000000 -0.000002 11.791159 6.248181 16.412056 54.817879 23.788982 39.248493 -0.855357 31.590258 -0.228732 1.625560 0.850529 -2.860392 2.243541 -5.255033 -3.180155 14.282878 -0.826594 6.952495 -0.000002 -12.690592 -0.000001 15.993324 -18.058363 2.778009 1.665665 -1.955921 -2.878298 4.727795 -4.170585 4.993920 11.020513 0.000003 -0.000001 12.109035 -3.735713 -2.866778 0.000000 -0.000001 -0.000001 1.291984 -1.928548 -1.498088 14.800113 0.567468 3.865604 14.242553 -1.341735 -6.660650 19.631945 0.143926 -0.648245 49.922157 -0.585824 -6.160467 0.353029 -1.511148 -0.031940 20.222769 3.684304 2.316627 18.787247 0.000005 -0.000001 10.751613 -0.479867 1.397903 -0.000000 -0.000001 0.000000 3.273804 0.305946 -0.580111 21.486790 11.830360 2.266129 8.162916 0.000001 0.000001 18.399055 -3.798977 -4.940568 0.000003 -0.000000 -0.000002 9.196207 24.406895 -36.605827 -0.552795 -0.436317 83.389565 -8.286810 -13.616843 -10.151638 1.713307 -1.711664 -3.727624 0.000000 -0.000001 0.000003 5.842629 -17.904905 -19.146194 -0.005913 -0.309836 21.626274 -3.828261 -4.548226 -10.407149 -1.428089 1.030106 -0.077735 0.000000 -0.000000 -0.000001 
-4.875710 99.103752 -2.444629 4.080682 10.223814 5.323586 2.792393 1.036554 -0.446005 -0.527391 0.260052 -4.370281 -3.297345 -2.235786 12.894245 -1.541847 3.269314 1.938555 0.270657 2.835535 -3.753781 8.706576 -0.041164 -15.903855 0.000077 -0.000023 0.000006 -0.038807 0.096775 -0.021714 0.622472 -3.642634 -10.649477 -0.715186 3.850519 -10.728400 -13.702453 -4.153139 11.872829 -59.260555 5.180826 10.358819 0.312771 -46.049023 0.211197 -0.308676 5.258420 -16.969917 -5.882101 9.861278 0.702589 -10.936860 -0.360575 7.156196 0.000001 8.774813 -0.000002 -15.903777 18.239874 6.125515 -1.844031 2.498503 -2.507276 -10.163589 4.678939 4.621102 -20.975996 -0.000004 0.000001 -21.226254 2.451692 -3.593994 0.000001 -0.000006 -0.000000 -1.362681 2.240796 -0.746323 -21.334896 0.584909 3.008319 -13.821195 -0.000003 0.000002 -23.887133 -0.249079 -0.839482 -60.612865 2.532423 -1.386513 -0.294025 1.679686 0.833255 -14.218194 0.093214 1.300578 -34.212002 -0.287565 0.967168 -20.033180 0.964533 1.212842 -0.000001 -0.000000 -0.000000 -3.440385 0.788232 0.501655 -15.928165 -3.167306 2.999703 -6.338817 -0.000001 0.000001 -18.123413 3.648175 -4.905662 -0.000003 0.000000 -0.000002 11.630311 6.383837 16.607458 54.421543 24.134926 38.884907 -0.860028 31.739607 -0.231265 1.440925 0.907063 -2.968239 2.243539 -5.255033 -3.180155 14.282875 -0.826595 6.952496 -0.000001 -12.690588 -0.000001 16.001518 -18.076878 2.808771 1.665665 -1.955920 -2.878296 4.727794 -4.170583 4.993919 11.020511 0.000003 0.000002 12.109031 -3.735710 -2.866779 0.000000 -0.000000 0.000000 1.291985 -1.928548 -1.498087 14.800113 0.567466 3.865604 14.242554 -1.341735 -6.660649 19.631939 0.143923 -0.648244 50.058704 -0.594183 -6.097837 0.353029 -1.511149 -0.031941 20.222769 3.684303 2.316629 18.787245 0.000004 0.000001 10.751612 -0.479868 1.397904 -0.000001 -0.000001 0.000000 3.273804 0.305947 -0.580109 21.486790 11.830362 2.266132 8.162916 -0.000000 0.000001 18.399052 -3.798982 -4.940568 0.000004 -0.000001 -0.000002 10.613491 25.040852 -37.234272 -0.623536 -0.481511 90.545761 -8.228679 -15.273144 -9.753136 1.686054 -1.698401 -3.975800 -0.000000 -0.000001 0.000002 4.951236 -18.802094 -18.379467 -0.021478 -0.325569 21.640846 -3.999938 -4.022655 -10.689569 -1.423938 0.997521 0.012765 -0.000000 -0.000000 -0.000001 
-4.869700 99.229279 -2.182432 4.740156 10.116879 4.936364 2.692126 1.054698 -0.376236 -0.549573 0.383630 -4.303978 -3.508916 -2.151861 13.063480 -1.671984 3.330625 1.895442 0.217775 2.816237 -3.734826 8.689972 0.107906 -16.178314 0.000077 -0.000022 0.000006 -0.031254 0.127690 -0.023279 0.629542 -3.616851 -10.638987 -0.707470 3.887352 -10.706487 -13.922440 -4.283117 11.859278 -59.101475 5.190792 9.510629 0.298571 -45.859772 0.241449 0.103103 4.979353 -17.917959 -5.882101 9.861279 0.702590 -10.936858 -0.360575 7.156197 0.000000 8.774814 -0.000001 -15.866744 18.213888 6.103025 -1.844030 2.498502 -2.507276 -10.163589 4.678940 4.621105 -20.975994 -0.000003 0.000003 -21.226250 2.451693 -3.593993 0.000000 -0.000006 -0.000000 -1.362680 2.240796 -0.746323 -21.334887 0.584908 3.008322 -13.821191 -0.000003 0.000003 -23.887125 -0.249077 -0.839480 -60.543400 2.574695 -1.440783 -0.294025 1.679686 0.833255 -14.218189 0.093215 1.300580 -34.211998 -0.287563 0.967171 -20.033173 0.964536 1.212842 -0.000001 -0.000000 0.000000 -3.440385 0.788233 0.501655 -15.928165 -3.167305 2.999705 -6.338816 -0.000001 0.000002 -18.123411 3.648178 -4.905661 -0.000004 0.000001 -0.000002 11.473429 6.510578 16.752731 54.107960 24.343096 38.423187 -0.889084 31.885313 -0.219368 1.368905 0.901691 -3.152379 2.243540 -5.255032 -3.180156 14.282877 -0.826594 6.952497 -0.000002 -12.690588 0.000001 16.004082 -18.091311 2.837993 1.665664 -1.955921 -2.878296 4.727795 -4.170584 4.993920 11.020512 0.000002 0.000001 12.109035 -3.735710 -2.866779 0.000000 -0.000000 -0.000000 1.291984 -1.928548 -1.498088 14.800114 0.567467 3.865605 14.242553 -1.341735 -6.660648 19.631939 0.143923 -0.648244 50.144943 -0.579125 -6.086226 0.353030 -1.511150 -0.031940 20.222771 3.684305 2.316629 18.787243 0.000003 -0.000000 10.751612 -0.479870 1.397904 -0.000001 -0.000001 0.000000 3.273804 0.305947 -0.580109 21.486790 11.830358 2.266131 8.162917 -0.000000 0.000001 18.399054 -3.798981 -4.940569 0.000005 -0.000001 -0.000002 12.236521 25.586937 -37.428165 -0.740653 -0.552561 96.423050 -8.234836 -16.695967 -9.364118 1.622898 -1.669987 -4.171484 0.000000 0.000001 0.000002 4.076745 -19.660276 -17.551912 -0.042662 -0.341382 21.464260 -4.157902 -3.444669 -10.855616 -1.421193 0.971723 0.111642 0.000000 -0.000001 -0.000001 
-4.810347 99.339455 -1.880646 5.296495 10.027456 4.636029 2.617398 1.069706 -0.349418 -0.573072 0.498134 -4.281752 -3.694915 -2.092040 13.206015 -1.801301 3.356345 1.830927 0.181501 2.838003 -3.708191 8.658412 0.162396 -16.461723 0.000077 -0.000022 0.000006 -0.030482 0.162837 -0.027450 0.632219 -3.588468 -10.635700 -0.707531 3.921765 -10.695905 -14.005277 -4.413086 11.772391 -59.070484 5.178475 8.607989 0.260800 -45.783184 0.207892 0.680052 4.799654 -18.923561 -5.882101 9.861278 0.702590 -10.936859 -0.360575 7.156197 0.000001 8.774812 -0.000001 -15.867114 18.159958 6.066061 -1.844031 2.498502 -2.507277 -10.163590 4.678940 4.621104 -20.975998 -0.000004 0.000003 -21.226255 2.451692 -3.593992 -0.000001 -0.000006 -0.000000 -1.362680 2.240798 -0.746323 -21.334887 0.584908 3.008320 -13.821197 -0.000004 0.000003 -23.887129 -0.249078 -0.839481 -60.477661 2.591549 -1.478093 -0.294025 1.679687 0.833255 -14.218195 0.093215 1.300579 -34.211998 -0.287564 0.967170 -20.033180 0.964535 1.212841 -0.000001 -0.000000 -0.000001 -3.440386 0.788233 0.501655 -15.928167 -3.167307 2.999704 -6.338817 -0.000001 0.000001 -18.123415 3.648174 -4.905661 -0.000003 0.000000 -0.000002 11.366904 6.612489 16.831635 53.784851 24.388962 37.952122 -0.944641 32.057404 -0.250525 1.278898 0.904431 -3.404283 2.243539 -5.255031 -3.180156 14.282875 -0.826593 6.952496 -0.000003 -12.690590 0.000000 16.031984 -18.102396 2.862839 1.665664 -1.955920 -2.878296 4.727792 -4.170582 4.993920 11.020510 0.000005 -0.000002 12.109030 -3.735708 -2.866779 0.000001 -0.000001 -0.000001 1.291984 -1.928547 -1.498087 14.800111 0.567468 3.865603 14.242553 -1.341733 -6.660648 19.631939 0.143929 -0.648243 50.228951 -0.568175 -6.076952 0.353028 -1.511149 -0.031940 20.222767 3.684307 2.316629 18.787245 0.000007 0.000001 10.751612 -0.479867 1.397904 0.000000 -0.000000 0.000000 3.273804 0.305948 -0.580111 21.486792 11.830363 2.266130 8.162916 0.000001 0.000001 18.399052 -3.798976 -4.940566 0.000005 -0.000002 -0.000001 13.914763 26.016300 -37.341972 -0.853065 -0.646793 100.809235 -8.333817 -17.692324 -9.019801 1.597872 -1.657229 -4.386604 0.000001 0.000001 0.000002 3.289510 -20.407148 -16.814335 -0.060638 -0.330341 21.307350 -4.244736 -2.964772 -11.038639 -1.416718 0.947154 0.224551 -0.000000 -0.000000 -0.000001 
-4.797588 99.456871 -1.606086 5.790268 10.003489 4.394384 2.538816 1.075850 -0.369599 -0.594583 0.602004 -4.270691 -3.889472 -2.051538 13.323042 -1.937347 3.338714 1.777976 0.157572 2.798227 -3.703151 8.660390 0.102393 -16.679331 0.000077 -0.000022 0.000006 -0.025751 0.197396 -0.030208 0.644933 -3.551057 -10.610515 -0.711208 3.951174 -10.659976 -14.009657 -4.553339 11.686222 -59.090744 4.985498 7.503934 0.198029 -45.643967 0.171610 1.466095 4.745207 -19.972712 -5.882102 9.861278 0.702589 -10.936860 -0.360575 7.156197 0.000001 8.774813 -0.000001 -15.834684 18.124393 6.037610 -1.844031 2.498503 -2.507276 -10.163592 4.678939 4.621104 -20.976000 -0.000005 0.000004 -21.226255 2.451692 -3.593991 0.000001 -0.000006 -0.000001 -1.362680 2.240795 -0.746323 -21.334892 0.584907 3.008320 -13.821198 -0.000003 0.000002 -23.887135 -0.249079 -0.839480 -60.364613 2.610927 -1.510450 -0.294024 1.679686 0.833255 -14.218194 0.093215 1.300579 -34.212013 -0.287566 0.967170 -20.033180 0.964533 1.212843 0.000001 -0.000000 -0.000001 -3.440385 0.788231 0.501655 -15.928167 -3.167307 2.999704 -6.338817 -0.000001 0.000001 -18.123415 3.648177 -4.905661 -0.000003 -0.000000 -0.000001 11.342231 6.638202 16.861540 53.539009 24.317474 37.470562 -0.973899 32.194939 -0.284556 1.184883 0.923433 -3.582683 2.243540 -5.255033 -3.180155 14.282873 -0.826592 6.952496 -0.000004 -12.690591 0.000002 16.042871 -18.099173 2.888887 1.665664 -1.955919 -2.878297 4.727793 -4.170583 4.993921 11.020511 0.000004 -0.000000 12.109032 -3.735709 -2.866779 0.000002 -0.000000 -0.000002 1.291983 -1.928547 -1.498087 14.800109 0.567468 3.865605 14.242551 -1.341732 -6.660648 19.631937 0.143928 -0.648241 50.306046 -0.540376 -6.069918 0.353029 -1.511150 -0.031940 20.222765 3.684308 2.316630 18.787245 0.000006 0.000003 10.751609 -0.479867 1.397906 0.000001 -0.000000 -0.000000 3.273804 0.305948 -0.580111 21.486790 11.830365 2.266131 8.162916 0.000002 0.000002 18.399050 -3.798980 -4.940563 0.000004 -0.000001 -0.000002 15.592670 26.410667 -37.108498 -1.014145 -0.688250 103.976662 -8.363154 -18.311565 -8.634805 1.574181 -1.650801 -4.640587 0.000001 0.000000 0.000000 2.612878 -21.040298 -16.100662 -0.084177 -0.322333 21.004492 -4.322465 -2.651865 -11.125969 -1.412230 0.929940 0.340489 -0.000000 -0.000000 -0.000001 
-4.795414 99.582901 -1.328073 6.243056 10.066456 4.215477 2.450860 1.075664 -0.411671 -0.613926 0.675599 -4.258848 -4.117686 -2.018604 13.410625 -2.077326 3.323584 1.668386 0.160659 2.663341 -3.706612 8.659377 -0.055014 -16.798565 0.000077 -0.000022 0.000006 -0.018080 0.221922 -0.035548 0.651404 -3.522269 -10.596530 -0.708781 3.982670 -10.639977 -14.008492 -4.720338 11.578106 -59.110313 4.607204 6.131577 0.079896 -45.488861 0.170558 2.447875 4.793169 -21.158751 -5.882101 9.861279 0.702590 -10.936861 -0.360575 7.156196 0.000001 8.774813 -0.000001 -15.820903 18.074810 5.972371 -1.844031 2.498502 -2.507275 -10.163591 4.678940 4.621102 -20.975998 -0.000004 0.000001 -21.226255 2.451692 -3.593994 0.000001 -0.000006 -0.000000 -1.362680 2.240796 -0.746323 -21.334892 0.584908 3.008318 -13.821198 -0.000003 0.000001 -23.887135 -0.249079 -0.839482 -60.293217 2.607068 -1.569390 -0.294024 1.679686 0.833255 -14.218195 0.093214 1.300578 -34.212006 -0.287565 0.967168 -20.033180 0.964534 1.212840 0.000000 -0.000000 0.000000 -3.440387 0.788234 0.501655 -15.928171 -3.167305 2.999702 -6.338818 0.000000 0.000001 -18.123417 3.648175 -4.905663 -0.000004 -0.000000 -0.000002 11.398255 6.647526 16.872141 53.301567 24.148836 37.000038 -0.911408 32.301983 -0.259448 1.083912 0.915864 -3.564768 2.243539 -5.255033 -3.180155 14.282877 -0.826593 6.952495 -0.000003 -12.690592 0.000001 16.075994 -18.125734 2.907546 1.665665 -1.955920 -2.878296 4.727794 -4.170583 4.993918 11.020511 0.000003 -0.000003 12.109032 -3.735708 -2.866781 0.000001 0.000000 -0.000001 1.291984 -1.928549 -1.498087 14.800113 0.567468 3.865601 14.242553 -1.341735 -6.660650 19.631939 0.143927 -0.648244 50.397999 -0.509679 -6.032566 0.353028 -1.511149 -0.031940 20.222769 3.684307 2.316625 18.787245 0.000006 0.000001 10.751610 -0.479867 1.397904 0.000000 -0.000000 0.000000 3.273804 0.305946 -0.580109 21.486788 11.830361 2.266129 8.162915 0.000001 0.000000 18.399050 -3.798980 -4.940567 0.000005 -0.000001 -0.000002 17.163582 26.788033 -36.857300 -1.151594 -0.722747 106.069885 -8.467476 -18.638371 -8.199382 1.551827 -1.631305 -4.901467 0.000000 0.000000 0.000003 1.991435 -21.531738 -15.396651 -0.095486 -0.308669 20.590376 -4.357459 -2.510632 -11.145581 -1.409020 0.900307 0.428508 -0.000000 -0.000000 -0.000001 
-4.843096 99.695572 -1.106852 6.664050 10.201105 4.078491 2.360616 1.090739 -0.449083 -0.646876 0.733320 -4.250762 -4.396151 -1.960720 13.461400 -2.175378 3.272327 1.519985 0.141518 2.446751 -3.711846 8.674935 -0.315750 -16.843508 0.000077 -0.000022 0.000006 -0.013616 0.225184 -0.037693 0.659692 -3.510795 -10.583050 -0.704462 3.975367 -10.611949 -14.032093 -4.921458 11.481005 -59.100975 4.108601 4.557808 -0.047488 -45.485302 0.149622 3.546947 4.836775 -22.368385 -5.882100 9.861278 0.702591 -10.936858 -0.360575 7.156197 0.000001 8.774814 -0.000001 -15.830141 17.980829 5.894572 -1.844032 2.498504 -2.507276 -10.163589 4.678941 4.621103 -20.975996 -0.000003 0.000001 -21.226254 2.451692 -3.593994 -0.000001 -0.000006 -0.000000 -1.362680 2.240796 -0.746323 -21.334890 0.584906 3.008319 -13.821197 -0.000002 0.000001 -23.887131 -0.249080 -0.839481 -60.223026 2.558290 -1.628338 -0.294025 1.679685 0.833255 -14.218192 0.093214 1.300579 -34.212006 -0.287564 0.967168 -20.033178 0.964533 1.212841 -0.000000 0.000001 0.000000 -3.440386 0.788233 0.501655 -15.928167 -3.167307 2.999702 -6.338817 -0.000002 0.000001 -18.123415 3.648174 -4.905662 -0.000004 0.000001 -0.000002 11.461493 6.652083 16.844185 53.166023 23.869324 36.718418 -0.796931 32.388809 -0.236568 1.088070 0.838984 -3.368208 2.243540 -5.255033 -3.180154 14.282877 -0.826594 6.952495 -0.000003 -12.690591 0.000000 16.098427 -18.173622 2.951255 1.665665 -1.955920 -2.878297 4.727793 -4.170584 4.993918 11.020513 0.000004 -0.000000 12.109033 -3.735707 -2.866780 0.000001 0.000000 -0.000001 1.291984 -1.928549 -1.498087 14.800111 0.567469 3.865603 14.242551 -1.341733 -6.660649 19.631941 0.143928 -0.648245 50.524059 -0.494604 -5.989332 0.353028 -1.511150 -0.031941 20.222769 3.684308 2.316625 18.787245 0.000007 -0.000001 10.751610 -0.479867 1.397904 0.000000 -0.000001 -0.000000 3.273804 0.305946 -0.580113 21.486790 11.830364 2.266128 8.162916 0.000001 -0.000001 18.399052 -3.798977 -4.940566 0.000004 -0.000002 -0.000002 18.630255 27.165745 -36.603512 -1.277161 -0.755229 107.313408 -8.726069 -18.810888 -7.493392 1.534897 -1.626935 -5.152894 0.000001 -0.000000 0.000001 1.444562 -21.810974 -14.786112 -0.099261 -0.313211 20.191832 -4.380780 -2.557992 -11.176037 -1.405446 0.878844 0.513003 0.000000 0.000000 -0.000001 
-4.887069 99.779663 -0.846872 7.049796 10.372284 3.978077 2.281310 1.096719 -0.485049 -0.682406 0.812644 -4.221289 -4.714293 -1.898551 13.476096 -2.285700 3.243860 1.303390 0.106416 2.166754 -3.720447 8.686458 -0.650156 -16.806093 0.000078 -0.000023 0.000006 -0.019393 0.225865 -0.037631 0.662812 -3.507485 -10.577095 -0.711663 3.978511 -10.604855 -14.142827 -5.132728 11.353963 -58.925495 3.583903 3.021472 -0.142485 -45.815884 0.156830 4.549170 4.790782 -23.503502 -5.882102 9.861279 0.702591 -10.936858 -0.360575 7.156199 0.000000 8.774814 -0.000002 -15.879020 17.944422 5.801840 -1.844031 2.498502 -2.507275 -10.163589 4.678941 4.621105 -20.975994 -0.000004 0.000004 -21.226250 2.451694 -3.593992 0.000000 -0.000005 -0.000000 -1.362681 2.240796 -0.746323 -21.334892 0.584908 3.008322 -13.821197 -0.000003 0.000003 -23.887131 -0.249078 -0.839479 -60.128712 2.501094 -1.662246 -0.294024 1.679687 0.833255 -14.218194 0.093214 1.300579 -34.212002 -0.287562 0.967172 -20.033180 0.964534 1.212843 0.000001 0.000001 0.000001 -3.440387 0.788234 0.501655 -15.928167 -3.167309 2.999706 -6.338817 -0.000001 0.000001 -18.123415 3.648177 -4.905661 -0.000004 0.000001 -0.000002 11.501276 6.703674 16.785816 53.126568 23.556433 36.831894 -0.730359 32.438931 -0.224400 1.302163 0.745008 -3.004649 2.243540 -5.255032 -3.180156 14.282875 -0.826594 6.952497 -0.000002 -12.690588 -0.000001 16.098928 -18.204128 2.966727 1.665665 -1.955920 -2.878297 4.727792 -4.170582 4.993918 11.020512 0.000003 -0.000001 12.109032 -3.735708 -2.866781 0.000000 -0.000001 0.000000 1.291984 -1.928548 -1.498087 14.800111 0.567466 3.865603 14.242553 -1.341735 -6.660650 19.631939 0.143926 -0.648244 50.654015 -0.484738 -5.970800 0.353030 -1.511148 -0.031940 20.222771 3.684306 2.316628 18.787245 0.000005 -0.000000 10.751610 -0.479867 1.397904 -0.000001 -0.000001 0.000000 3.273804 0.305946 -0.580110 21.486788 11.830361 2.266129 8.162917 0.000001 0.000000 18.399054 -3.798978 -4.940568 0.000004 -0.000001 -0.000001 20.131592 27.518999 -36.293354 -1.422747 -0.754385 107.901665 -9.243253 -19.039820 -6.605040 1.535086 -1.626281 -5.391775 -0.000000 -0.000001 0.000001 0.947650 -21.919615 -14.255689 -0.114021 -0.301769 19.924448 -4.316508 -2.811733 -11.160778 -1.402947 0.844343 0.560054 0.000000 -0.000000 -0.000001 
-4.951104 99.847778 -0.595822 7.367933 10.528176 3.925005 2.210508 1.108928 -0.548616 -0.736823 0.906573 -4.193191 -5.025242 -1.824538 13.479150 -2.386567 3.206384 1.017959 0.014485 1.808613 -3.733682 8.694148 -1.079688 -16.684740 0.000077 -0.000023 0.000006 -0.014796 0.234092 -0.029426 0.671053 -3.499850 -10.573612 -0.717774 3.990971 -10.595771 -14.329757 -5.298264 11.263387 -58.577866 3.089729 1.706854 -0.190817 -46.465557 0.162571 5.342350 4.648386 -24.432356 -5.882101 9.861278 0.702590 -10.936858 -0.360575 7.156198 0.000001 8.774813 -0.000001 -15.934501 17.921555 5.733733 -1.844030 2.498502 -2.507277 -10.163589 4.678939 4.621104 -20.975996 -0.000004 0.000003 -21.226255 2.451690 -3.593992 0.000000 -0.000006 -0.000000 -1.362681 2.240796 -0.746324 -21.334892 0.584908 3.008320 -13.821197 -0.000004 0.000004 -23.887129 -0.249078 -0.839482 -60.056664 2.484902 -1.709858 -0.294024 1.679686 0.833255 -14.218194 0.093215 1.300579 -34.212006 -0.287565 0.967171 -20.033178 0.964536 1.212842 0.000002 -0.000000 0.000001 -3.440385 0.788232 0.501654 -15.928171 -3.167306 2.999705 -6.338817 -0.000001 0.000001 -18.123415 3.648176 -4.905662 -0.000003 -0.000002 -0.000002 11.563880 6.786759 16.741571 53.094563 23.209164 37.143166 -0.598268 32.557934 -0.158121 1.696383 0.631733 -2.586676 2.243539 -5.255032 -3.180155 14.282877 -0.826593 6.952498 -0.000003 -12.690590 -0.000001 16.085279 -18.225327 2.990106 1.665664 -1.955918 -2.878297 4.727794 -4.170582 4.993920 11.020512 0.000002 0.000002 12.109034 -3.735710 -2.866779 -0.000000 -0.000000 0.000001 1.291984 -1.928547 -1.498087 14.800111 0.567469 3.865605 14.242551 -1.341735 -6.660647 19.631939 0.143924 -0.648243 50.754101 -0.514430 -5.945936 0.353029 -1.511148 -0.031939 20.222769 3.684307 2.316631 18.787243 0.000004 0.000003 10.751610 -0.479869 1.397906 -0.000001 -0.000001 -0.000000 3.273804 0.305947 -0.580109 21.486792 11.830363 2.266135 8.162916 0.000000 0.000002 18.399050 -3.798979 -4.940565 0.000005 -0.000001 -0.000001 21.590481 27.773449 -35.947464 -1.528813 -0.769899 107.908669 -9.906545 -19.257862 -5.426831 1.541417 -1.632273 -5.740224 0.000001 -0.000001 0.000002 0.553558 -21.873421 -13.808418 -0.109452 -0.291203 19.675127 -4.207401 -3.207314 -11.202396 -1.401106 0.827040 0.609729 0.000000 -0.000000 -0.000001 
-5.087319 99.884422 -0.363708 7.542109 10.605270 3.899627 2.165509 1.155303 -0.619508 -0.781094 0.947350 -4.187715 -5.263267 -1.727182 13.473670 -2.507163 3.164246 0.681317 -0.115023 1.460104 -3.744773 8.655717 -1.580214 -16.530031 0.000077 -0.000023 0.000006 -0.017371 0.237316 -0.029401 0.666953 -3.501426 -10.585645 -0.721129 3.987757 -10.609362 -14.518031 -5.389651 11.175230 -58.168034 2.714957 0.629799 -0.292090 -47.324863 0.192309 5.907376 4.400108 -25.100613 -5.882102 9.861278 0.702589 -10.936858 -0.360574 7.156196 0.000001 8.774813 -0.000002 -16.024416 17.940382 5.691887 -1.844030 2.498503 -2.507276 -10.163589 4.678939 4.621104 -20.975998 -0.000006 0.000001 -21.226254 2.451691 -3.593994 0.000000 -0.000005 0.000000 -1.362681 2.240797 -0.746323 -21.334892 0.584908 3.008319 -13.821197 -0.000002 0.000002 -23.887135 -0.249079 -0.839482 -60.065693 2.499504 -1.713841 -0.294024 1.679685 0.833255 -14.218192 0.093214 1.300579 -34.212006 -0.287566 0.967170 -20.033176 0.964534 1.212843 0.000001 0.000001 0.000001 -3.440385 0.788233 0.501655 -15.928169 -3.167306 2.999703 -6.338817 -0.000002 0.000001 -18.123413 3.648175 -4.905661 -0.000003 -0.000002 -0.000001 11.572027 6.933590 16.660215 53.099270 22.856339 37.566818 -0.446924 32.893963 -0.099285 2.218772 0.549276 -2.210780 2.243539 -5.255032 -3.180155 14.282877 -0.826593 6.952494 -0.000002 -12.690588 0.000001 16.090363 -18.269354 2.985002 1.665665 -1.955921 -2.878296 4.727793 -4.170584 4.993918 11.020512 0.000004 -0.000001 12.109031 -3.735710 -2.866780 0.000000 -0.000000 -0.000001 1.291984 -1.928547 -1.498089 14.800111 0.567468 3.865603 14.242553 -1.341735 -6.660646 19.631939 0.143928 -0.648244 50.859360 -0.560105 -5.952116 0.353029 -1.511150 -0.031941 20.222771 3.684309 2.316626 18.787245 0.000004 -0.000001 10.751610 -0.479866 1.397904 0.000000 -0.000001 -0.000000 3.273804 0.305947 -0.580109 21.486792 11.830363 2.266131 8.162916 0.000001 0.000000 18.399054 -3.798979 -4.940568 0.000003 0.000000 -0.000001 23.066639 27.828741 -35.543587 -1.620451 -0.784337 107.788307 -10.463519 -19.182369 -4.340940 1.557922 -1.636326 -5.909116 0.000001 -0.000001 0.000002 0.391662 -21.676271 -13.455518 -0.107113 -0.306482 19.425575 -4.143870 -3.611470 -11.292223 -1.399572 0.793617 0.696062 0.000000 0.000000 -0.000001 
-5.171174 99.875221 -0.138049 7.564029 10.536071 3.904632 2.164651 1.207206 -0.710489 -0.820116 1.011361 -4.188064 -5.391673 -1.655820 13.459249 -2.688468 3.124033 0.259816 -0.241211 1.081521 -3.746032 8.555038 -2.129577 -16.354059 0.000077 -0.000023 0.000006 -0.018087 0.245115 -0.029449 0.675848 -3.491319 -10.605107 -0.727473 3.999368 -10.620542 -14.705330 -5.440464 11.148210 -57.803150 2.476602 -0.329897 -0.410487 -48.166759 0.266409 6.206598 4.186611 -25.546713 -5.882098 9.861278 0.702589 -10.936857 -0.360574 7.156197 0.000000 8.774814 -0.000001 -16.081610 17.935638 5.685283 -1.844031 2.498503 -2.507275 -10.163590 4.678940 4.621105 -20.975992 -0.000003 0.000004 -21.226248 2.451694 -3.593992 0.000000 -0.000006 -0.000000 -1.362681 2.240797 -0.746322 -21.334887 0.584908 3.008322 -13.821194 -0.000002 0.000004 -23.887129 -0.249077 -0.839480 -60.053745 2.480810 -1.682337 -0.294024 1.679687 0.833255 -14.218192 0.093215 1.300580 -34.212002 -0.287564 0.967171 -20.033178 0.964533 1.212842 0.000001 0.000000 -0.000000 -3.440384 0.788231 0.501654 -15.928165 -3.167308 2.999704 -6.338815 -0.000003 0.000002 -18.123411 3.648177 -4.905659 -0.000003 -0.000000 -0.000001 11.613789 7.057045 16.563248 53.056709 22.551868 38.122532 -0.435110 33.380394 -0.108183 2.760779 0.513253 -2.050365 2.243540 -5.255033 -3.180154 14.282877 -0.826594 6.952494 -0.000003 -12.690591 0.000001 16.057594 -18.280071 2.989953 1.665665 -1.955921 -2.878296 4.727796 -4.170583 4.993918 11.020513 0.000003 0.000000 12.109035 -3.735711 -2.866779 0.000002 -0.000001 -0.000000 1.291985 -1.928548 -1.498089 14.800114 0.567468 3.865604 14.242553 -1.341735 -6.660648 19.631937 0.143924 -0.648242 50.939560 -0.590527 -6.001923 0.353029 -1.511150 -0.031940 20.222769 3.684305 2.316627 18.787245 0.000003 -0.000001 10.751610 -0.479868 1.397904 -0.000001 -0.000000 -0.000001 3.273805 0.305947 -0.580111 21.486792 11.830362 2.266131 8.162916 0.000001 0.000000 18.399055 -3.798978 -4.940567 0.000003 0.000000 -0.000000 24.523657 27.659628 -35.125210 -1.694435 -0.810972 107.754936 -10.792363 -18.866787 -3.522425 1.551119 -1.643409 -5.905500 0.000001 -0.000001 0.000001 0.396480 -21.375813 -13.285158 -0.117931 -0.319138 19.368572 -4.036752 -3.961673 -11.390148 -1.399570 0.763210 0.812318 0.000000 0.000000 -0.000001 
-5.245637 99.886024 0.074218 7.478730 10.223008 3.978951 2.185717 1.231885 -0.852250 -0.851210 1.067730 -4.203443 -5.417614 -1.595831 13.412607 -2.919890 3.082542 -0.264458 -0.321148 0.735867 -3.726602 8.400001 -2.601037 -16.179262 0.000077 -0.000022 0.000006 -0.010771 0.249795 -0.027189 0.684919 -3.484118 -10.600389 -0.731139 4.003978 -10.603927 -14.875859 -5.415786 11.143472 -57.534737 2.456502 -1.114739 -0.508495 -48.793888 0.337040 6.293004 4.091269 -25.900082 -5.882100 9.861278 0.702590 -10.936858 -0.360575 7.156197 0.000001 8.774812 -0.000001 -16.100592 17.905584 5.665546 -1.844030 2.498502 -2.507275 -10.163590 4.678940 4.621104 -20.975996 -0.000005 0.000002 -21.226250 2.451694 -3.593992 -0.000000 -0.000006 -0.000000 -1.362681 2.240795 -0.746323 -21.334890 0.584907 3.008320 -13.821197 -0.000004 0.000003 -23.887131 -0.249078 -0.839481 -59.991135 2.450900 -1.650469 -0.294025 1.679686 0.833256 -14.218194 0.093215 1.300580 -34.212002 -0.287561 0.967170 -20.033176 0.964537 1.212841 0.000000 0.000002 0.000000 -3.440386 0.788233 0.501656 -15.928167 -3.167307 2.999703 -6.338818 -0.000002 0.000001 -18.123415 3.648174 -4.905661 -0.000002 -0.000001 -0.000001 11.692555 7.175663 16.444233 52.969063 22.410070 38.689285 -0.413889 33.918365 -0.118290 3.149258 0.490180 -2.063414 2.243539 -5.255031 -3.180155 14.282875 -0.826591 6.952498 -0.000004 -12.690591 0.000000 16.046280 -18.293081 2.999898 1.665664 -1.955920 -2.878298 4.727793 -4.170584 4.993918 11.020510 0.000004 -0.000000 12.109029 -3.735711 -2.866779 0.000000 0.000000 0.000000 1.291984 -1.928548 -1.498087 14.800111 0.567470 3.865605 14.242550 -1.341733 -6.660648 19.631935 0.143926 -0.648240 50.998974 -0.606488 -6.019042 0.353027 -1.511150 -0.031941 20.222767 3.684308 2.316629 18.787245 0.000006 0.000002 10.751610 -0.479868 1.397906 0.000000 -0.000000 -0.000000 3.273804 0.305948 -0.580111 21.486792 11.830364 2.266133 8.162915 0.000000 0.000002 18.399052 -3.798981 -4.940566 0.000003 -0.000001 -0.000001 25.797218 27.262777 -34.658787 -1.771055 -0.831775 107.830208 -10.836155 -18.250885 -2.962157 1.553510 -1.660205 -5.801960 0.000000 0.000002 0.000002 0.550350 -20.938608 -13.156019 -0.127657 -0.334158 19.103714 -3.938720 -4.217862 -11.374870 -1.397064 0.732352 0.914709 0.000000 0.000000 -0.000001 
-5.308016 99.895996 0.288554 7.277194 9.612370 4.079360 2.239216 1.269232 -1.005661 -0.857505 1.126192 -4.228981 -5.337697 -1.574952 13.325525 -3.148063 3.019920 -0.835419 -0.386995 0.451697 -3.705608 8.194858 -2.999025 -15.979577 0.000077 -0.000023 0.000006 -0.012137 0.244766 -0.028866 0.694858 -3.481327 -10.589332 -0.734055 3.992459 -10.594286 -14.945732 -5.320343 11.174061 -57.496441 2.627915 -1.647812 -0.548955 -49.068741 0.348619 6.198795 4.109109 -26.098680 -5.882100 9.861280 0.702589 -10.936859 -0.360574 7.156197 0.000001 8.774815 -0.000001 -16.095932 17.878782 5.691950 -1.844030 2.498503 -2.507275 -10.163589 4.678938 4.621104 -20.975992 -0.000003 0.000004 -21.226254 2.451692 -3.593994 -0.000002 -0.000005 0.000000 -1.362681 2.240795 -0.746324 -21.334887 0.584909 3.008319 -13.821195 -0.000006 0.000002 -23.887131 -0.249077 -0.839481 -59.992744 2.410468 -1.595048 -0.294025 1.679685 0.833254 -14.218194 0.093215 1.300579 -34.212002 -0.287566 0.967171 -20.033175 0.964535 1.212842 0.000001 0.000001 -0.000000 -3.440386 0.788233 0.501656 -15.928167 -3.167306 2.999705 -6.338817 -0.000002 0.000002 -18.123415 3.648174 -4.905660 -0.000003 -0.000000 -0.000001 11.785306 7.257421 16.355719 52.850742 22.462561 39.181129 -0.374176 34.399857 -0.125277 3.371875 0.411039 -2.003862 2.243540 -5.255033 -3.180155 14.282877 -0.826595 6.952499 -0.000002 -12.690591 -0.000001 16.074911 -18.307190 3.012828 1.665665 -1.955920 -2.878295 4.727795 -4.170582 4.993919 11.020512 0.000003 -0.000000 12.109031 -3.735710 -2.866780 0.000000 0.000000 0.000000 1.291984 -1.928548 -1.498088 14.800114 0.567467 3.865604 14.242554 -1.341735 -6.660648 19.631939 0.143925 -0.648243 51.085697 -0.610935 -5.966059 0.353029 -1.511149 -0.031940 20.222771 3.684304 2.316629 18.787245 0.000003 0.000001 10.751609 -0.479868 1.397905 0.000000 -0.000001 -0.000000 3.273803 0.305946 -0.580109 21.486790 11.830362 2.266134 8.162916 -0.000001 0.000001 18.399050 -3.798980 -4.940565 0.000004 0.000000 -0.000000 26.848347 26.681360 -34.117207 -1.826854 -0.865080 107.866074 -10.605124 -17.488043 -2.428897 1.542321 -1.674188 -5.707983 0.000000 0.000000 0.000001 0.836011 -20.451258 -13.062204 -0.126851 -0.347979 18.741829 -3.813706 -4.296329 -11.305423 -1.396017 0.737562 0.976787 -0.000000 -0.000000 -0.000001 
-5.267087 99.919647 0.512528 6.963362 8.622454 4.224115 2.328334 1.261805 -1.175429 -0.831528 1.202249 -4.268604 -5.134848 -1.553421 13.157076 -3.352563 2.986300 -1.458145 -0.448028 0.208700 -3.707390 7.932328 -3.264664 -15.753922 0.000077 -0.000023 0.000006 -0.006931 0.238060 -0.028045 0.708619 -3.488195 -10.580861 -0.740434 3.980275 -10.591501 -14.968060 -5.170214 11.212810 -57.659382 3.032368 -1.946439 -0.578241 -48.928051 0.364121 5.902368 4.169877 -26.016308 -5.882102 9.861278 0.702591 -10.936858 -0.360576 7.156198 0.000001 8.774812 -0.000001 -16.053717 17.889221 5.738883 -1.844031 2.498503 -2.507275 -10.163589 4.678942 4.621105 -20.975998 -0.000004 0.000002 -21.226255 2.451691 -3.593993 -0.000001 -0.000005 0.000000 -1.362680 2.240797 -0.746322 -21.334892 0.584908 3.008321 -13.821194 -0.000004 0.000002 -23.887131 -0.249079 -0.839482 -59.969063 2.376839 -1.536138 -0.294024 1.679688 0.833256 -14.218192 0.093214 1.300579 -34.211998 -0.287564 0.967170 -20.033176 0.964536 1.212842 0.000001 0.000001 0.000000 -3.440386 0.788231 0.501654 -15.928165 -3.167306 2.999703 -6.338816 -0.000003 0.000002 -18.123413 3.648177 -4.905661 -0.000003 -0.000000 -0.000001 11.882041 7.386705 16.250816 52.761585 22.661438 39.677830 -0.361479 34.740265 -0.148887 3.481776 0.320942 -1.883859 2.243540 -5.255031 -3.180155 14.282875 -0.826593 6.952497 -0.000003 -12.690587 0.000000 16.119009 -18.308319 3.024244 1.665664 -1.955921 -2.878295 4.727793 -4.170582 4.993919 11.020509 0.000004 -0.000001 12.109030 -3.735709 -2.866779 0.000001 0.000000 -0.000000 1.291984 -1.928548 -1.498087 14.800111 0.567468 3.865606 14.242553 -1.341734 -6.660648 19.631933 0.143925 -0.648243 51.127243 -0.638007 -5.890368 0.353029 -1.511150 -0.031940 20.222769 3.684305 2.316629 18.787245 0.000003 0.000001 10.751609 -0.479868 1.397903 0.000000 -0.000001 -0.000001 3.273804 0.305946 -0.580111 21.486788 11.830361 2.266132 8.162916 -0.000000 0.000001 18.399054 -3.798980 -4.940567 0.000003 0.000000 -0.000000 27.736361 25.883640 -33.334755 -1.893300 -0.937738 107.804497 -10.207496 -16.618240 -1.767259 1.565028 -1.698682 -5.601994 0.000000 0.000001 0.000002 1.186201 -19.903231 -13.001785 -0.103594 -0.323897 18.267666 -3.582122 -4.152115 -11.158911 -1.393728 0.724745 1.023270 -0.000000 -0.000000 -0.000001 
-5.152621 99.963081 0.720037 6.531971 7.201888 4.402578 2.461899 1.233720 -1.346627 -0.791514 1.220493 -4.351553 -4.784652 -1.519945 12.930931 -3.509620 2.934363 -2.237948 -0.487225 0.044092 -3.696646 7.612974 -3.454879 -15.524949 0.000078 -0.000023 0.000006 -0.006442 0.222017 -0.033733 0.718782 -3.503231 -10.580998 -0.748840 3.968685 -10.590714 -14.888202 -4.974114 11.302271 -58.133255 3.625690 -1.854982 -0.450861 -48.441448 0.241009 5.313167 4.252967 -25.458302 -5.882102 9.861278 0.702591 -10.936859 -0.360575 7.156197 0.000000 8.774814 -0.000000 -15.983070 17.911783 5.829278 -1.844031 2.498503 -2.507275 -10.163589 4.678940 4.621104 -20.975998 -0.000003 0.000001 -21.226255 2.451692 -3.593993 0.000000 -0.000006 0.000000 -1.362682 2.240797 -0.746323 -21.334892 0.584910 3.008319 -13.821197 -0.000001 0.000002 -23.887129 -0.249077 -0.839481 -59.906178 2.349683 -1.444904 -0.294024 1.679686 0.833255 -14.218194 0.093214 1.300579 -34.212013 -0.287563 0.967167 -20.033180 0.964535 1.212840 0.000001 0.000000 0.000000 -3.440386 0.788233 0.501656 -15.928167 -3.167306 2.999703 -6.338818 -0.000003 0.000001 -18.123417 3.648179 -4.905662 -0.000002 -0.000001 -0.000001 12.003093 7.560804 16.163048 52.602673 22.940849 40.153812 -0.321503 34.998821 -0.168929 3.393033 0.223577 -1.779873 2.243539 -5.255033 -3.180156 14.282875 -0.826595 6.952495 -0.000003 -12.690591 -0.000001 16.177254 -18.227163 2.976466 1.665664 -1.955920 -2.878297 4.727794 -4.170584 4.993918 11.020512 0.000005 -0.000000 12.109029 -3.735709 -2.866778 0.000000 0.000000 0.000001 1.291984 -1.928546 -1.498088 14.800113 0.567467 3.865604 14.242551 -1.341736 -6.660647 19.631937 0.143925 -0.648242 51.094448 -0.674149 -5.837709 0.353029 -1.511150 -0.031940 20.222771 3.684307 2.316629 18.787245 0.000004 0.000001 10.751609 -0.479869 1.397904 0.000000 -0.000002 -0.000001 3.273804 0.305947 -0.580110 21.486790 11.830367 2.266133 8.162916 0.000001 -0.000000 18.399052 -3.798979 -4.940566 0.000004 0.000000 -0.000001 28.391582 24.762831 -32.207829 -1.898426 -1.058665 107.668396 -9.892237 -15.896616 -0.994834 1.592815 -1.727345 -5.405052 0.000001 0.000000 0.000001 1.587784 -19.245098 -12.857202 -0.072841 -0.292178 17.601631 -3.275912 -3.735847 -10.926592 -1.391776 0.714151 1.068601 -0.000000 -0.000000 -0.000001 
-5.005788 100.005913 0.916431 5.985906 5.452154 4.596264 2.623795 1.158970 -1.518067 -0.708034 1.188994 -4.460258 -4.275311 -1.562563 12.660397 -3.584835 2.928122 -3.166813 -0.540781 -0.091345 -3.687699 7.237350 -3.575650 -15.345404 0.000077 -0.000022 0.000006 -0.004714 0.204044 -0.019779 0.721193 -3.523829 -10.579787 -0.746906 3.949176 -10.582409 -14.664126 -4.771674 11.411556 -58.908657 4.320302 -1.331372 -0.217057 -47.555691 0.053143 4.401725 4.393421 -24.200846 -5.882101 9.861279 0.702591 -10.936858 -0.360574 7.156196 0.000000 8.774814 -0.000001 -15.850440 17.936106 5.938232 -1.844032 2.498502 -2.507276 -10.163589 4.678939 4.621103 -20.975998 -0.000002 0.000000 -21.226254 2.451692 -3.593995 0.000000 -0.000006 -0.000000 -1.362680 2.240795 -0.746322 -21.334890 0.584907 3.008319 -13.821197 -0.000002 0.000002 -23.887133 -0.249078 -0.839483 -59.882149 2.332575 -1.362240 -0.294025 1.679687 0.833255 -14.218192 0.093214 1.300578 -34.212006 -0.287566 0.967167 -20.033180 0.964532 1.212840 0.000001 0.000001 0.000001 -3.440386 0.788232 0.501656 -15.928169 -3.167304 2.999703 -6.338817 -0.000002 0.000000 -18.123415 3.648175 -4.905662 -0.000003 -0.000001 -0.000002 12.136850 7.728661 16.036163 52.416832 23.267647 40.662411 -0.354097 35.155045 -0.260161 3.023961 0.189792 -1.810969 2.243540 -5.255032 -3.180156 14.282878 -0.826594 6.952497 -0.000002 -12.690588 0.000001 16.288925 -18.156488 2.898445 1.665665 -1.955919 -2.878298 4.727794 -4.170584 4.993919 11.020513 0.000003 0.000000 12.109032 -3.735710 -2.866777 0.000000 0.000000 0.000001 1.291985 -1.928547 -1.498090 14.800113 0.567469 3.865603 14.242554 -1.341735 -6.660648 19.631941 0.143925 -0.648242 50.994984 -0.700181 -5.805587 0.353029 -1.511148 -0.031941 20.222773 3.684305 2.316630 18.787247 0.000003 0.000001 10.751611 -0.479867 1.397905 0.000000 -0.000000 -0.000001 3.273804 0.305945 -0.580110 21.486795 11.830360 2.266131 8.162916 0.000000 0.000002 18.399055 -3.798980 -4.940566 0.000003 0.000000 -0.000001 28.665110 23.240488 -30.704273 -1.867859 -1.186940 107.363480 -9.819139 -15.535758 -0.147836 1.662175 -1.785022 -5.043726 0.000001 0.000000 0.000003 2.148348 -18.491877 -12.864516 -0.026047 -0.241082 16.816917 -3.021959 -3.087285 -10.488185 -1.391420 0.682593 1.077205 -0.000000 -0.000001 -0.000001 
-4.736612 100.006882 1.147863 5.313729 3.432056 4.797914 2.856909 1.046206 -1.678099 -0.594336 1.073031 -4.601345 -3.608999 -1.696265 12.371054 -3.595160 2.983584 -4.230425 -0.595792 -0.227029 -3.667207 6.852517 -3.656533 -15.230508 0.000077 -0.000023 0.000006 -0.004986 0.205713 -0.006758 0.717905 -3.525604 -10.554370 -0.745298 3.955510 -10.561259 -14.342505 -4.650341 11.440881 -59.924934 5.015913 -0.325824 0.105072 -46.069344 -0.167612 3.116730 4.532941 -22.150518 -5.882102 9.861278 0.702589 -10.936860 -0.360574 7.156197 0.000000 8.774813 -0.000001 -15.693428 17.987667 6.065631 -1.844031 2.498501 -2.507276 -10.163589 4.678941 4.621103 -20.975998 -0.000004 0.000002 -21.226257 2.451693 -3.593994 0.000000 -0.000005 -0.000000 -1.362680 2.240795 -0.746323 -21.334890 0.584909 3.008321 -13.821197 -0.000003 0.000002 -23.887131 -0.249078 -0.839482 -59.859844 2.304824 -1.322142 -0.294025 1.679687 0.833255 -14.218194 0.093214 1.300579 -34.212006 -0.287562 0.967169 -20.033178 0.964532 1.212842 -0.000000 0.000000 0.000000 -3.440386 0.788233 0.501655 -15.928169 -3.167305 2.999703 -6.338817 -0.000001 0.000001 -18.123415 3.648175 -4.905662 -0.000004 0.000001 -0.000001 12.312944 7.893253 15.862697 52.187622 23.556255 41.262386 -0.468595 35.192703 -0.396709 2.373058 0.274799 -2.131829 2.243538 -5.255034 -3.180155 14.282877 -0.826592 6.952496 -0.000004 -12.690591 0.000000 16.434568 -18.069920 2.771650 1.665666 -1.955921 -2.878295 4.727794 -4.170582 4.993918 11.020511 0.000003 0.000001 12.109032 -3.735709 -2.866779 -0.000001 0.000000 -0.000000 1.291985 -1.928547 -1.498088 14.800114 0.567469 3.865605 14.242551 -1.341735 -6.660647 19.631939 0.143927 -0.648240 50.799202 -0.686069 -5.845199 0.353028 -1.511150 -0.031940 20.222769 3.684307 2.316629 18.787245 0.000006 0.000002 10.751610 -0.479866 1.397905 -0.000001 0.000001 0.000000 3.273805 0.305947 -0.580110 21.486790 11.830368 2.266133 8.162917 0.000002 0.000001 18.399052 -3.798977 -4.940565 0.000005 -0.000001 -0.000002 28.377865 21.350443 -28.736050 -1.816056 -1.380715 106.485031 -10.279894 -15.967459 0.612892 1.713769 -1.824495 -4.610203 0.000001 -0.000000 0.000003 2.707333 -17.600128 -12.873613 0.018447 -0.197437 16.256586 -2.712124 -2.347382 -10.116088 -1.389377 0.675380 1.090371 0.000000 0.000000 -0.000001 
-4.329379 99.985680 1.429353 4.573582 1.312157 5.015209 3.147477 0.918218 -1.851936 -0.460996 0.877023 -4.756250 -2.836233 -1.910114 12.117238 -3.586710 3.077923 -5.342619 -0.620155 -0.358240 -3.620784 6.459365 -3.679932 -15.204492 0.000077 -0.000022 0.000006 0.000483 0.214515 0.006735 0.714128 -3.519123 -10.553411 -0.736141 3.963978 -10.550043 -13.984744 -4.654563 11.478487 -61.076496 5.465296 1.019157 0.338541 -44.092491 -0.295009 1.567953 4.639307 -19.664576 -5.882101 9.861278 0.702590 -10.936859 -0.360574 7.156198 0.000001 8.774811 -0.000001 -15.610450 18.049580 6.136438 -1.844031 2.498505 -2.507276 -10.163590 4.678939 4.621104 -20.975998 -0.000003 0.000002 -21.226255 2.451692 -3.593993 0.000000 -0.000006 -0.000001 -1.362680 2.240796 -0.746323 -21.334892 0.584907 3.008320 -13.821197 -0.000003 0.000003 -23.887129 -0.249079 -0.839480 -59.871639 2.295534 -1.331790 -0.294024 1.679686 0.833255 -14.218192 0.093215 1.300579 -34.212006 -0.287563 0.967170 -20.033180 0.964535 1.212842 0.000002 0.000000 0.000000 -3.440385 0.788231 0.501655 -15.928167 -3.167305 2.999704 -6.338817 -0.000001 0.000001 -18.123417 3.648174 -4.905662 -0.000004 0.000000 -0.000002 12.500717 8.055294 15.782290 51.945011 23.903244 41.845711 -0.720223 35.110073 -0.590141 1.579360 0.377124 -2.827801 2.243540 -5.255032 -3.180155 14.282875 -0.826592 6.952496 -0.000003 -12.690593 0.000001 16.556019 -18.017052 2.634384 1.665662 -1.955920 -2.878298 4.727793 -4.170583 4.993918 11.020512 0.000004 -0.000001 12.109031 -3.735709 -2.866780 0.000000 0.000000 0.000000 1.291984 -1.928548 -1.498089 14.800111 0.567470 3.865605 14.242551 -1.341735 -6.660649 19.631937 0.143925 -0.648242 50.519588 -0.675272 -5.962754 0.353027 -1.511150 -0.031941 20.222767 3.684308 2.316630 18.787245 0.000007 0.000001 10.751610 -0.479867 1.397904 -0.000001 0.000001 0.000000 3.273804 0.305946 -0.580109 21.486792 11.830365 2.266134 8.162916 0.000001 0.000001 18.399052 -3.798978 -4.940564 0.000005 -0.000002 -0.000001 27.362906 19.306171 -26.544621 -1.709639 -1.609469 104.665176 -11.455559 -17.298264 1.169463 1.760951 -1.850625 -4.109206 0.000000 0.000000 0.000002 3.151983 -16.639618 -12.864845 0.043500 -0.134685 15.860262 -2.361650 -1.591579 -10.009596 -1.384436 0.659063 1.088362 -0.000000 0.000001 -0.000001 
-3.949820 99.906288 1.688557 3.882329 -0.776538 5.272076 3.458229 0.802800 -2.023257 -0.321986 0.596288 -4.900644 -2.049658 -2.209793 11.873255 -3.584670 3.250106 -6.456042 -0.598893 -0.534980 -3.561282 6.074205 -3.700790 -15.159917 0.000076 -0.000022 0.000005 0.002617 0.215492 0.029949 0.704777 -3.516728 -10.526805 -0.719017 3.964687 -10.518346 -13.694643 -4.783910 11.506266 -62.035954 5.555623 2.671660 0.404042 -41.838043 -0.205470 -0.227100 4.809462 -16.543106 -5.882101 9.861278 0.702590 -10.936859 -0.360575 7.156197 0.000001 8.774813 0.000000 -15.703673 18.054089 6.123413 -1.844031 2.498503 -2.507276 -10.163590 4.678940 4.621104 -20.975996 -0.000004 0.000002 -21.226254 2.451692 -3.593993 0.000000 -0.000006 -0.000001 -1.362681 2.240797 -0.746323 -21.334892 0.584909 3.008319 -13.821197 -0.000003 0.000002 -23.887135 -0.249079 -0.839482 -59.950199 2.325041 -1.332535 -0.294025 1.679685 0.833255 -14.218195 0.093215 1.300579 -34.212013 -0.287564 0.967169 -20.033186 0.964534 1.212841 -0.000001 0.000000 -0.000000 -3.440385 0.788233 0.501655 -15.928171 -3.167306 2.999703 -6.338817 -0.000000 0.000001 -18.123417 3.648175 -4.905661 -0.000003 -0.000000 -0.000002 12.768668 8.264121 15.767008 51.654171 24.142099 42.265888 -1.081103 34.911827 -0.782883 0.811954 0.486088 -3.895977 2.243539 -5.255033 -3.180154 14.282877 -0.826591 6.952497 -0.000004 -12.690592 0.000000 16.588884 -18.030867 2.534597 1.665665 -1.955920 -2.878296 4.727793 -4.170582 4.993918 11.020513 0.000005 -0.000001 12.109031 -3.735708 -2.866779 0.000001 -0.000000 -0.000001 1.291985 -1.928548 -1.498089 14.800111 0.567469 3.865602 14.242553 -1.341732 -6.660649 19.631937 0.143927 -0.648240 50.290146 -0.664773 -6.169252 0.353027 -1.511150 -0.031941 20.222769 3.684309 2.316630 18.787245 0.000008 0.000000 10.751610 -0.479865 1.397905 0.000000 0.000002 0.000000 3.273804 0.305948 -0.580109 21.486794 11.830366 2.266131 8.162916 0.000000 0.000000 18.399055 -3.798977 -4.940567 0.000004 0.000000 -0.000001 25.513708 17.349277 -24.262714 -1.575451 -1.822978 101.391777 -13.040863 -18.671923 1.266877 1.785046 -1.866675 -3.534015 0.000001 -0.000000 0.000003 3.714791 -15.548638 -13.209916 0.045615 -0.080988 15.952201 -2.400771 -0.906212 -9.924771 -1.379001 0.675468 1.094936 -0.000000 -0.000000 -0.000001 
-3.563432 99.807976 1.994714 3.270186 -2.782789 5.631353 3.730314 0.690726 -2.204508 -0.181660 0.229400 -5.033576 -1.265148 -2.562987 11.623183 -3.581774 3.427678 -7.639943 -0.543588 -0.752724 -3.504976 5.739074 -3.679138 -15.049387 0.000077 -0.000022 0.000006 -0.000290 0.213341 0.046584 0.681721 -3.524382 -10.505036 -0.700841 3.959375 -10.502066 -13.488767 -5.122938 11.516184 -62.563793 5.214960 4.802889 0.184701 -39.707939 0.047217 -2.214763 5.282584 -12.340240 -5.882102 9.861278 0.702590 -10.936860 -0.360574 7.156196 -0.000000 8.774812 -0.000000 -15.927357 17.989079 6.014778 -1.844030 2.498503 -2.507275 -10.163589 4.678940 4.621103 -20.975996 -0.000004 0.000001 -21.226254 2.451691 -3.593994 -0.000001 -0.000007 -0.000000 -1.362680 2.240797 -0.746322 -21.334892 0.584908 3.008318 -13.821198 -0.000003 -0.000000 -23.887133 -0.249079 -0.839483 -60.140545 2.375044 -1.287547 -0.294025 1.679686 0.833255 -14.218194 0.093215 1.300578 -34.212013 -0.287564 0.967167 -20.033184 0.964534 1.212840 -0.000001 -0.000001 0.000000 -3.440386 0.788232 0.501655 -15.928167 -3.167305 2.999702 -6.338818 -0.000001 0.000000 -18.123415 3.648175 -4.905664 -0.000002 0.000000 -0.000002 13.166249 8.512780 15.820937 51.284252 24.307310 42.300297 -1.364395 34.512062 -0.873004 0.043755 0.659287 -5.441869 2.243540 -5.255032 -3.180155 14.282873 -0.826592 6.952497 -0.000003 -12.690592 0.000000 16.530861 -18.107164 2.475289 1.665665 -1.955919 -2.878295 4.727792 -4.170583 4.993917 11.020510 0.000005 -0.000002 12.109030 -3.735709 -2.866779 0.000000 0.000000 0.000000 1.291983 -1.928548 -1.498087 14.800114 0.567470 3.865604 14.242553 -1.341733 -6.660649 19.631935 0.143927 -0.648242 50.066044 -0.766952 -6.400757 0.353028 -1.511149 -0.031941 20.222765 3.684308 2.316629 18.787245 0.000007 0.000001 10.751610 -0.479869 1.397905 0.000001 0.000003 -0.000001 3.273803 0.305947 -0.580109 21.486790 11.830365 2.266132 8.162915 -0.000001 -0.000000 18.399054 -3.798977 -4.940565 0.000004 -0.000001 -0.000001 22.784384 15.728965 -22.071426 -1.389081 -1.924040 95.857391 -14.762393 -19.362904 0.509818 1.766600 -1.878097 -3.035590 -0.000000 -0.000000 0.000003 4.028019 -14.268124 -13.650627 0.029113 -0.047901 16.299000 -2.533442 -0.390486 -10.084867 -1.372507 0.707533 1.033716 -0.000000 -0.000000 -0.000001 
-3.245789 99.741234 2.266885 2.772115 -4.526211 6.079726 3.893541 0.576173 -2.384211 -0.076666 -0.141846 -5.157247 -0.574907 -2.913722 11.353119 -3.502768 3.513076 -8.756120 -0.482456 -0.926394 -3.477315 5.538470 -3.688207 -14.852610 0.000077 -0.000023 0.000008 -0.003966 0.192941 0.044703 0.658930 -3.540244 -10.494675 -0.682331 3.940035 -10.493025 -13.198294 -5.608810 11.534546 -62.471031 4.559834 7.271038 -0.330259 -38.821087 0.495577 -4.127370 6.083548 -7.500117 -5.882101 9.861279 0.702590 -10.936858 -0.360576 7.156197 -0.000000 8.774815 -0.000003 -16.094980 17.860620 5.907550 -1.844030 2.498503 -2.507278 -10.163589 4.678940 4.621103 -20.975994 -0.000003 0.000003 -21.226254 2.451694 -3.593993 -0.000001 -0.000006 0.000000 -1.362680 2.240797 -0.746322 -21.334892 0.584908 3.008321 -13.821198 -0.000002 0.000003 -23.887133 -0.249078 -0.839479 -60.265911 2.412547 -1.156046 -0.294024 1.679686 0.833254 -14.218194 0.093214 1.300581 -34.212002 -0.287563 0.967171 -20.033180 0.964535 1.212842 0.000000 -0.000001 -0.000000 -3.440385 0.788232 0.501655 -15.928167 -3.167307 2.999706 -6.338818 -0.000001 0.000003 -18.123411 3.648178 -4.905660 -0.000003 0.000000 -0.000003 13.613796 8.820970 15.910716 51.042625 24.314753 42.000504 -1.408145 33.895607 -0.807498 -0.560545 0.793220 -7.046510 2.243540 -5.255033 -3.180156 14.282875 -0.826594 6.952497 -0.000003 -12.690588 -0.000001 16.411203 -18.157301 2.466643 1.665666 -1.955920 -2.878295 4.727795 -4.170584 4.993918 11.020512 0.000004 -0.000001 12.109033 -3.735709 -2.866780 0.000000 -0.000000 -0.000000 1.291983 -1.928549 -1.498089 14.800111 0.567468 3.865602 14.242553 -1.341733 -6.660651 19.631941 0.143930 -0.648243 49.922092 -0.924885 -6.587251 0.353028 -1.511149 -0.031939 20.222771 3.684308 2.316627 18.787245 0.000006 -0.000002 10.751609 -0.479867 1.397903 0.000001 0.000001 -0.000002 3.273804 0.305946 -0.580109 21.486790 11.830362 2.266133 8.162916 0.000000 -0.000002 18.399054 -3.798980 -4.940569 0.000004 0.000000 -0.000002 19.702377 14.507263 -20.075243 -1.151371 -1.893415 87.597626 -16.145254 -18.640892 -1.112235 1.713057 -1.876415 -2.785658 -0.000000 -0.000000 0.000002 4.353914 -12.860169 -14.149185 0.022340 -0.046314 16.511396 -2.928581 -0.142244 -10.089966 -1.375370 0.806711 0.944941 0.000000 0.000001 -0.000001 
-3.045862 99.677292 2.513402 2.323938 -5.839941 6.567740 3.954775 0.461962 -2.514139 -0.006561 -0.475048 -5.270181 -0.048612 -3.176103 11.092155 -3.225043 3.455065 -9.728760 -0.499837 -1.041224 -3.487012 5.479578 -3.872642 -14.650765 0.000077 -0.000023 0.000005 -0.009843 0.169383 0.033272 0.640063 -3.561141 -10.481340 -0.668821 3.906065 -10.457909 -12.737152 -6.071974 11.582129 -61.746307 3.785066 9.653219 -0.856344 -40.083736 0.926565 -5.591556 6.737081 -3.551813 -5.882102 9.861278 0.702589 -10.936860 -0.360574 7.156198 -0.000000 8.774815 -0.000001 -16.039389 17.808500 5.944623 -1.844031 2.498503 -2.507276 -10.163590 4.678940 4.621102 -20.975996 -0.000002 0.000003 -21.226255 2.451694 -3.593994 0.000001 -0.000007 -0.000000 -1.362681 2.240797 -0.746323 -21.334892 0.584910 3.008322 -13.821197 -0.000003 0.000001 -23.887135 -0.249078 -0.839480 -60.330223 2.477646 -1.064017 -0.294025 1.679686 0.833255 -14.218194 0.093215 1.300580 -34.212002 -0.287563 0.967166 -20.033186 0.964534 1.212840 0.000000 -0.000002 -0.000000 -3.440386 0.788233 0.501652 -15.928171 -3.167306 2.999703 -6.338817 -0.000002 0.000000 -18.123417 3.648176 -4.905663 -0.000005 -0.000000 -0.000002 14.086504 9.070109 15.959479 50.861122 24.199100 41.715630 -1.219131 33.218307 -0.619807 -0.637080 0.806910 -8.152841 2.243540 -5.255035 -3.180154 14.282877 -0.826594 6.952497 -0.000002 -12.690590 -0.000002 16.316021 -18.142300 2.439515 1.665665 -1.955921 -2.878294 4.727794 -4.170582 4.993919 11.020513 0.000002 0.000000 12.109033 -3.735708 -2.866783 0.000001 -0.000000 0.000001 1.291984 -1.928547 -1.498088 14.800111 0.567468 3.865601 14.242551 -1.341735 -6.660648 19.631939 0.143927 -0.648244 49.764595 -1.082272 -6.683916 0.353028 -1.511150 -0.031940 20.222769 3.684306 2.316630 18.787245 0.000006 -0.000002 10.751611 -0.479867 1.397904 0.000003 0.000000 0.000000 3.273804 0.305945 -0.580110 21.486790 11.830362 2.266132 8.162917 0.000002 -0.000001 18.399050 -3.798982 -4.940565 0.000003 -0.000002 -0.000000 16.965033 13.659050 -18.339739 -0.879915 -1.743685 76.766342 -16.618021 -16.078169 -3.229948 1.686026 -1.880704 -2.779521 -0.000000 -0.000000 0.000000 4.673072 -11.375467 -14.625509 0.036763 -0.068626 16.655830 -3.351353 -0.172414 -10.075570 -1.384185 0.894603 0.911783 0.000000 0.000000 -0.000001 
-2.981305 99.579887 2.759127 1.846758 -6.694164 7.040268 3.956922 0.355448 -2.604069 0.021744 -0.678632 -5.377759 0.351598 -3.342980 10.873005 -2.864277 3.338696 -10.504655 -0.586027 -1.103569 -3.534792 5.532155 -4.309607 -14.568301 0.000078 -0.000023 0.000007 -0.009691 0.151177 0.002860 0.641073 -3.567813 -10.505471 -0.667496 3.867927 -10.465670 -12.162841 -6.412037 11.569070 -60.591454 3.067471 11.228354 -1.128797 -43.747135 1.247710 -6.387576 7.011183 -1.582776 -5.882100 9.861277 0.702589 -10.936860 -0.360577 7.156194 0.000002 8.774814 -0.000002 -15.877202 17.874929 6.088771 -1.844031 2.498503 -2.507277 -10.163591 4.678938 4.621104 -20.976000 -0.000007 0.000005 -21.226255 2.451688 -3.593992 0.000001 -0.000005 0.000001 -1.362680 2.240796 -0.746323 -21.334894 0.584905 3.008320 -13.821197 -0.000004 0.000003 -23.887131 -0.249082 -0.839479 -60.409668 2.616870 -1.037817 -0.294024 1.679686 0.833255 -14.218197 0.093212 1.300580 -34.212006 -0.287569 0.967170 -20.033186 0.964530 1.212844 -0.000001 0.000001 -0.000000 -3.440385 0.788231 0.501652 -15.928171 -3.167309 2.999704 -6.338817 -0.000002 0.000002 -18.123417 3.648174 -4.905661 -0.000004 -0.000000 -0.000001 14.550261 9.180415 15.934030 50.742630 23.970041 41.830578 -0.891977 32.465900 -0.377350 -0.061242 0.714039 -8.548210 2.243539 -5.255033 -3.180155 14.282873 -0.826593 6.952495 -0.000004 -12.690592 0.000001 16.280058 -18.074604 2.448357 1.665664 -1.955920 -2.878297 4.727793 -4.170584 4.993920 11.020511 0.000004 -0.000001 12.109032 -3.735707 -2.866780 0.000001 0.000001 -0.000001 1.291983 -1.928548 -1.498089 14.800111 0.567471 3.865602 14.242553 -1.341734 -6.660648 19.631937 0.143928 -0.648243 49.677341 -1.137904 -6.714563 0.353030 -1.511148 -0.031938 20.222767 3.684308 2.316629 18.787245 0.000007 0.000000 10.751610 -0.479866 1.397905 0.000002 0.000002 0.000001 3.273804 0.305949 -0.580110 21.486794 11.830364 2.266130 8.162916 0.000002 -0.000001 18.399052 -3.798979 -4.940565 0.000003 -0.000002 -0.000001 14.852707 13.195307 -16.650314 -0.583259 -1.559412 63.604774 -16.472977 -12.614194 -5.347810 1.705550 -1.905974 -3.022410 -0.000000 -0.000000 0.000001 5.075931 -9.916059 -15.074988 0.065610 -0.084677 16.854645 -3.648936 -0.433937 -10.130703 -1.398000 0.967904 1.036728 0.000000 0.000000 -0.000001 
-3.028554 99.459518 2.954434 1.365794 -7.035649 7.469051 3.936518 0.261098 -2.671983 0.002407 -0.820419 -5.494493 0.648329 -3.371086 10.709253 -2.630843 3.158124 -11.078466 -0.665374 -1.125819 -3.576493 5.629683 -4.895869 -14.700129 0.000077 -0.000023 0.000006 -0.003359 0.135234 -0.017618 0.652517 -3.568192 -10.525669 -0.669039 3.838388 -10.454807 -11.453511 -6.682755 11.415693 -59.521572 2.484780 11.318386 -1.049949 -49.127468 1.339669 -6.139787 6.853082 -1.935170 -5.882100 9.861278 0.702592 -10.936858 -0.360576 7.156199 0.000001 8.774814 -0.000001 -15.767036 18.140976 6.304513 -1.844031 2.498503 -2.507275 -10.163589 4.678939 4.621103 -20.975992 -0.000003 0.000003 -21.226248 2.451694 -3.593992 -0.000000 -0.000004 0.000001 -1.362680 2.240796 -0.746324 -21.334892 0.584908 3.008322 -13.821194 -0.000004 0.000003 -23.887131 -0.249079 -0.839478 -60.568108 2.747597 -1.138417 -0.294023 1.679685 0.833255 -14.218190 0.093213 1.300579 -34.211998 -0.287566 0.967172 -20.033176 0.964534 1.212843 -0.000001 -0.000001 0.000000 -3.440385 0.788232 0.501656 -15.928167 -3.167307 2.999703 -6.338815 -0.000000 0.000001 -18.123411 3.648175 -4.905658 -0.000002 0.000001 0.000001 14.891258 9.148300 15.809744 50.777649 23.603748 42.391491 -0.630833 31.623638 -0.224854 0.954902 0.528717 -8.428061 2.243540 -5.255033 -3.180156 14.282873 -0.826593 6.952496 -0.000003 -12.690590 0.000001 16.328857 -18.033819 2.469205 1.665664 -1.955921 -2.878297 4.727793 -4.170582 4.993918 11.020511 0.000004 -0.000000 12.109032 -3.735709 -2.866780 0.000001 0.000001 -0.000001 1.291985 -1.928548 -1.498087 14.800111 0.567468 3.865602 14.242553 -1.341735 -6.660650 19.631935 0.143926 -0.648245 49.669975 -1.107605 -6.702887 0.353027 -1.511149 -0.031940 20.222765 3.684306 2.316628 18.787245 0.000005 0.000001 10.751609 -0.479868 1.397904 0.000001 -0.000000 -0.000000 3.273804 0.305948 -0.580109 21.486790 11.830365 2.266130 8.162915 0.000003 -0.000002 18.399052 -3.798977 -4.940567 0.000003 -0.000001 -0.000001 13.250568 13.236407 -15.002783 -0.359264 -1.354064 49.317760 -15.992467 -9.081270 -7.414533 1.733278 -1.953197 -3.362080 0.000000 -0.000000 0.000003 5.519550 -8.825674 -15.439016 0.099129 -0.086770 17.089426 -3.726241 -0.722592 -10.297086 -1.416130 1.017136 1.250318 -0.000000 -0.000000 -0.000001 
-3.123573 99.344788 3.078438 0.883073 -6.898499 7.744567 3.957220 0.179264 -2.681205 -0.035851 -0.963543 -5.573160 0.847280 -3.320558 10.627334 -2.598465 2.976105 -11.439846 -0.704909 -1.243445 -3.573324 5.711728 -5.331495 -14.982183 0.000077 -0.000022 0.000004 0.008841 0.118192 -0.010520 0.682815 -3.569134 -10.527679 -0.678242 3.809243 -10.434793 -10.588083 -6.909894 11.063260 -59.103939 2.053471 10.150971 -0.624900 -54.859051 0.997976 -4.762315 6.439363 -3.857669 -5.882101 9.861279 0.702590 -10.936858 -0.360576 7.156198 0.000001 8.774814 -0.000002 -15.746189 18.502699 6.504926 -1.844031 2.498502 -2.507277 -10.163589 4.678939 4.621104 -20.975994 -0.000004 0.000003 -21.226255 2.451692 -3.593991 0.000001 -0.000005 -0.000001 -1.362681 2.240798 -0.746325 -21.334890 0.584908 3.008320 -13.821197 -0.000002 0.000001 -23.887131 -0.249078 -0.839481 -60.582954 2.837894 -1.222444 -0.294024 1.679686 0.833254 -14.218192 0.093214 1.300580 -34.211998 -0.287564 0.967174 -20.033180 0.964535 1.212842 -0.000001 0.000001 -0.000000 -3.440384 0.788231 0.501653 -15.928169 -3.167308 2.999704 -6.338817 -0.000002 0.000001 -18.123415 3.648173 -4.905660 -0.000003 0.000001 -0.000001 14.965206 9.106854 15.634145 51.043629 23.119036 42.912422 -0.463153 30.878273 -0.159331 1.901557 0.296099 -8.081756 2.243540 -5.255033 -3.180156 14.282877 -0.826594 6.952496 -0.000001 -12.690590 -0.000002 16.412493 -17.959063 2.441494 1.665665 -1.955921 -2.878297 4.727795 -4.170585 4.993918 11.020513 0.000002 -0.000001 12.109033 -3.735709 -2.866776 0.000001 -0.000000 0.000001 1.291984 -1.928548 -1.498089 14.800111 0.567467 3.865602 14.242553 -1.341736 -6.660647 19.631939 0.143926 -0.648247 49.627857 -0.970757 -6.618442 0.353029 -1.511149 -0.031940 20.222767 3.684304 2.316626 18.787245 0.000004 -0.000001 10.751610 -0.479870 1.397905 0.000001 0.000000 0.000000 3.273804 0.305947 -0.580110 21.486788 11.830361 2.266131 8.162917 0.000002 -0.000002 18.399052 -3.798979 -4.940567 0.000003 -0.000001 -0.000001 11.958997 13.750281 -13.833227 -0.260146 -1.105867 36.753410 -15.624957 -6.740166 -8.708866 1.742171 -2.001343 -3.358017 0.000000 -0.000000 0.000002 6.103539 -8.214252 -15.597866 0.111465 -0.147533 17.185701 -3.892515 -0.921926 -10.427018 -1.433221 1.038027 1.346216 0.000000 0.000000 -0.000001 
-3.201341 99.244209 3.117945 0.481271 -6.416138 7.813560 3.938976 0.129640 -2.640041 -0.056486 -1.065448 -5.575431 0.936670 -3.307298 10.622169 -2.685073 2.824636 -11.700651 -0.728644 -1.423149 -3.547519 5.754505 -5.654185 -15.379103 0.000077 -0.000022 0.000004 0.028525 0.136569 -0.000386 0.710881 -3.538177 -10.500360 -0.662012 3.816227 -10.420987 -9.658270 -7.095464 10.711135 -59.455387 1.375757 8.130441 -0.089267 -60.141376 0.495573 -2.350566 5.829957 -6.262012 -5.882102 9.861279 0.702592 -10.936858 -0.360575 7.156196 0.000001 8.774813 0.000000 -15.859564 18.735249 6.560284 -1.844030 2.498501 -2.507277 -10.163589 4.678940 4.621103 -20.975996 -0.000005 0.000000 -21.226250 2.451692 -3.593994 0.000002 -0.000006 -0.000002 -1.362681 2.240798 -0.746321 -21.334888 0.584907 3.008318 -13.821193 -0.000001 0.000000 -23.887131 -0.249079 -0.839481 -60.527966 2.904486 -1.360654 -0.294025 1.679687 0.833256 -14.218192 0.093215 1.300577 -34.212006 -0.287564 0.967166 -20.033176 0.964535 1.212843 -0.000000 -0.000000 0.000002 -3.440385 0.788233 0.501655 -15.928167 -3.167304 2.999702 -6.338816 -0.000000 0.000000 -18.123413 3.648175 -4.905661 -0.000003 0.000003 -0.000001 14.880910 9.063099 15.534412 51.545834 22.623421 42.811222 -0.231154 30.294968 -0.071924 2.389420 0.045897 -7.561698 2.243540 -5.255033 -3.180152 14.282877 -0.826593 6.952494 -0.000004 -12.690592 -0.000000 16.357058 -17.828732 2.459618 1.665665 -1.955921 -2.878295 4.727794 -4.170582 4.993917 11.020512 0.000003 0.000000 12.109033 -3.735710 -2.866777 0.000000 -0.000000 0.000002 1.291984 -1.928546 -1.498087 14.800114 0.567470 3.865602 14.242554 -1.341734 -6.660647 19.631939 0.143928 -0.648243 49.478523 -0.915236 -6.560856 0.353028 -1.511149 -0.031940 20.222769 3.684308 2.316627 18.787247 0.000006 -0.000001 10.751611 -0.479866 1.397906 0.000002 0.000000 -0.000001 3.273804 0.305947 -0.580110 21.486794 11.830365 2.266128 8.162916 0.000001 -0.000001 18.399054 -3.798976 -4.940569 0.000003 0.000000 -0.000003 10.633186 14.590009 -13.772817 -0.240667 -0.856366 28.404148 -15.527058 -5.971322 -9.882089 1.717187 -2.016542 -2.609133 0.000000 -0.000000 0.000002 6.589322 -7.914763 -15.605691 0.096294 -0.191514 17.257809 -3.989519 -1.321191 -10.463268 -1.442798 1.017499 1.313410 0.000000 0.000000 -0.000001 
-3.274945 99.194077 3.067485 0.249639 -5.838770 7.671283 3.819232 0.156236 -2.508760 -0.074170 -1.157229 -5.554393 0.897447 -3.327569 10.695617 -2.857901 2.743222 -11.945410 -0.746326 -1.557846 -3.512492 5.790937 -5.992686 -15.755611 0.000077 -0.000022 0.000006 0.052283 0.175008 0.027851 0.734053 -3.517566 -10.487235 -0.634111 3.860596 -10.405263 -8.865790 -7.242344 10.494784 -60.246979 0.335411 5.709842 -0.027624 -64.275139 0.261180 0.621495 5.033044 -8.621056 -5.882099 9.861278 0.702591 -10.936858 -0.360578 7.156196 0.000001 8.774814 0.000000 -16.015631 18.749470 6.472035 -1.844032 2.498505 -2.507274 -10.163589 4.678937 4.621100 -20.975994 -0.000005 0.000002 -21.226254 2.451691 -3.593992 -0.000001 -0.000007 -0.000001 -1.362680 2.240797 -0.746322 -21.334887 0.584907 3.008316 -13.821195 -0.000004 0.000001 -23.887131 -0.249081 -0.839482 -60.433563 2.920175 -1.535788 -0.294025 1.679687 0.833253 -14.218190 0.093213 1.300577 -34.211998 -0.287567 0.967169 -20.033178 0.964531 1.212841 0.000000 0.000000 -0.000001 -3.440385 0.788231 0.501655 -15.928167 -3.167308 2.999702 -6.338815 -0.000004 -0.000001 -18.123413 3.648175 -4.905661 -0.000004 0.000002 -0.000003 14.816756 8.957452 15.429751 52.115070 22.068787 42.272476 -0.055504 29.881748 -0.041240 2.464334 -0.100711 -6.970708 2.243538 -5.255032 -3.180156 14.282875 -0.826593 6.952497 -0.000004 -12.690588 -0.000000 16.299332 -17.707905 2.410645 1.665666 -1.955920 -2.878297 4.727792 -4.170582 4.993918 11.020511 0.000004 -0.000001 12.109030 -3.735710 -2.866779 -0.000000 0.000000 -0.000001 1.291983 -1.928545 -1.498088 14.800111 0.567469 3.865603 14.242551 -1.341731 -6.660648 19.631939 0.143928 -0.648240 49.415325 -0.904172 -6.625333 0.353029 -1.511148 -0.031939 20.222767 3.684308 2.316630 18.787245 0.000007 0.000001 10.751610 -0.479867 1.397905 0.000001 -0.000001 -0.000000 3.273804 0.305947 -0.580110 21.486788 11.830361 2.266132 8.162915 0.000002 0.000001 18.399048 -3.798979 -4.940563 0.000003 -0.000000 -0.000002 9.198323 15.454560 -14.766558 -0.257263 -0.675228 24.665380 -15.805974 -6.325755 -10.585336 1.686077 -1.999047 -2.146246 -0.000000 0.000000 0.000002 6.888960 -7.670982 -15.398175 0.059068 -0.243707 17.176569 -4.060171 -1.978899 -10.431703 -1.441958 0.976557 1.329623 -0.000000 -0.000000 -0.000001 
-3.287809 99.120811 3.014424 0.064569 -5.358527 7.377492 3.676280 0.212509 -2.335627 -0.098147 -1.189650 -5.545241 0.799469 -3.343889 10.828025 -3.088303 2.750682 -12.128727 -0.826856 -1.681315 -3.480001 5.837131 -6.332839 -16.059900 0.000077 -0.000023 0.000005 0.069623 0.197262 0.030010 0.746177 -3.500460 -10.463588 -0.613867 3.909017 -10.401151 -8.299891 -7.408389 10.470983 -61.125996 -0.962748 3.650731 -0.407308 -67.049049 0.425457 3.631660 4.193790 -10.538395 -5.882101 9.861278 0.702589 -10.936857 -0.360577 7.156196 0.000000 8.774816 0.000000 -16.074095 18.608915 6.346563 -1.844031 2.498503 -2.507277 -10.163589 4.678941 4.621101 -20.975992 -0.000001 0.000002 -21.226250 2.451694 -3.593992 -0.000000 -0.000006 0.000000 -1.362680 2.240796 -0.746324 -21.334892 0.584909 3.008321 -13.821194 -0.000002 0.000003 -23.887125 -0.249078 -0.839485 -60.298729 2.860450 -1.640457 -0.294024 1.679686 0.833254 -14.218192 0.093213 1.300577 -34.211998 -0.287561 0.967168 -20.033175 0.964534 1.212841 0.000000 0.000002 0.000000 -3.440384 0.788233 0.501654 -15.928164 -3.167306 2.999703 -6.338817 -0.000002 0.000002 -18.123411 3.648180 -4.905663 -0.000003 -0.000001 -0.000002 14.765203 8.775948 15.351866 52.745026 21.507666 41.832348 -0.074726 29.564188 -0.081750 2.356207 -0.227029 -6.308734 2.243540 -5.255033 -3.180153 14.282877 -0.826595 6.952496 -0.000001 -12.690590 -0.000001 16.234623 -17.663807 2.356157 1.665665 -1.955920 -2.878296 4.727795 -4.170583 4.993919 11.020512 0.000002 -0.000002 12.109034 -3.735710 -2.866779 -0.000000 0.000000 0.000001 1.291985 -1.928549 -1.498088 14.800114 0.567465 3.865605 14.242554 -1.341736 -6.660648 19.631937 0.143924 -0.648243 49.448818 -0.861930 -6.722913 0.353029 -1.511150 -0.031941 20.222771 3.684303 2.316630 18.787245 0.000004 -0.000000 10.751610 -0.479868 1.397904 0.000001 -0.000000 0.000001 3.273804 0.305947 -0.580110 21.486788 11.830360 2.266133 8.162915 -0.000000 -0.000001 18.399048 -3.798980 -4.940568 0.000004 -0.000000 -0.000000 7.921925 16.171831 -16.209116 -0.273403 -0.532400 24.026180 -15.828379 -7.078425 -10.666499 1.676295 -1.932903 -2.069649 -0.000000 0.000000 0.000002 7.078421 -7.445410 -15.167346 0.026134 -0.271030 17.351316 -4.067553 -2.739823 -10.530169 -1.436583 0.942745 1.383976 0.000000 0.000000 -0.000001 
-3.266605 99.034393 3.024469 -0.220026 -5.144616 7.019772 3.589960 0.295692 -2.178763 -0.120037 -1.173700 -5.553324 0.712478 -3.300946 10.966807 -3.352541 2.805597 -12.181924 -0.908204 -1.722483 -3.469541 5.922199 -6.569240 -16.367992 0.000077 -0.000022 0.000006 0.079493 0.215386 0.036934 0.748531 -3.505064 -10.455116 -0.599007 3.933090 -10.385674 -8.072145 -7.510909 10.565052 -61.624779 -2.041875 2.657490 -0.968622 -68.624855 0.865243 5.773724 3.628725 -11.305479 -5.882102 9.861279 0.702590 -10.936858 -0.360573 7.156196 -0.000000 8.774814 -0.000001 -16.058836 18.444138 6.302564 -1.844030 2.498501 -2.507275 -10.163589 4.678942 4.621104 -20.975996 -0.000002 0.000003 -21.226255 2.451694 -3.593994 0.000001 -0.000006 -0.000001 -1.362680 2.240796 -0.746323 -21.334892 0.584911 3.008322 -13.821197 -0.000003 0.000002 -23.887131 -0.249075 -0.839482 -60.241676 2.777308 -1.588905 -0.294024 1.679684 0.833256 -14.218190 0.093214 1.300580 -34.212006 -0.287562 0.967173 -20.033176 0.964538 1.212842 -0.000000 0.000002 0.000001 -3.440385 0.788232 0.501655 -15.928165 -3.167305 2.999705 -6.338816 0.000000 0.000003 -18.123411 3.648178 -4.905661 -0.000004 0.000000 -0.000003 14.751452 8.616375 15.367747 53.329067 21.045162 41.607788 -0.123256 29.318108 -0.131503 2.197867 -0.395098 -5.551339 2.243541 -5.255032 -3.180157 14.282878 -0.826594 6.952495 -0.000001 -12.690586 0.000001 16.191616 -17.682938 2.349337 1.665664 -1.955919 -2.878294 4.727796 -4.170584 4.993920 11.020513 0.000002 0.000000 12.109033 -3.735710 -2.866780 0.000000 0.000000 0.000001 1.291984 -1.928547 -1.498089 14.800114 0.567467 3.865602 14.242554 -1.341735 -6.660651 19.631937 0.143923 -0.648243 49.577744 -0.830676 -6.760325 0.353029 -1.511150 -0.031940 20.222769 3.684304 2.316628 18.787245 0.000002 0.000000 10.751612 -0.479869 1.397905 0.000000 -0.000001 0.000000 3.273804 0.305947 -0.580111 21.486790 11.830360 2.266129 8.162917 0.000001 -0.000002 18.399054 -3.798980 -4.940566 0.000003 -0.000001 -0.000001 7.225105 16.654476 -17.445164 -0.262499 -0.408346 25.054226 -15.114782 -7.602202 -10.774673 1.679866 -1.880762 -2.001893 -0.000000 -0.000000 0.000002 7.321546 -7.195964 -14.796175 0.002314 -0.281316 17.481419 -4.067240 -3.313422 -10.635862 -1.429625 0.925903 1.452080 -0.000000 -0.000000 -0.000001 
-3.246538 98.964127 3.091550 -0.546856 -5.129515 6.705993 3.534152 0.341430 -2.140015 -0.127863 -1.105554 -5.564342 0.597592 -3.242666 11.093404 -3.620500 2.879717 -12.181488 -0.951726 -1.697935 -3.492044 6.071350 -6.657833 -16.610163 0.000077 -0.000023 0.000007 0.077930 0.219173 0.040709 0.738321 -3.505061 -10.426548 -0.587052 3.947089 -10.379533 -8.156771 -7.449824 10.650898 -61.476173 -2.607332 3.065475 -1.498705 -69.129349 1.372646 6.748468 3.331548 -10.617844 -5.882101 9.861278 0.702590 -10.936859 -0.360573 7.156199 -0.000000 8.774813 -0.000003 -16.013430 18.328705 6.243151 -1.844031 2.498506 -2.507276 -10.163591 4.678941 4.621102 -20.976002 -0.000002 0.000004 -21.226257 2.451695 -3.593994 0.000001 -0.000005 -0.000000 -1.362682 2.240795 -0.746321 -21.334894 0.584906 3.008319 -13.821197 -0.000002 0.000002 -23.887133 -0.249076 -0.839481 -60.172558 2.736464 -1.561340 -0.294024 1.679686 0.833256 -14.218192 0.093216 1.300581 -34.211998 -0.287561 0.967170 -20.033180 0.964536 1.212844 -0.000000 0.000002 -0.000000 -3.440386 0.788232 0.501655 -15.928167 -3.167304 2.999704 -6.338818 -0.000003 0.000003 -18.123413 3.648175 -4.905662 -0.000004 0.000001 -0.000004 14.806207 8.425499 15.433227 53.875229 20.715834 41.621796 -0.165684 29.058912 -0.193351 2.136418 -0.559410 -4.685338 2.243541 -5.255033 -3.180154 14.282878 -0.826595 6.952496 -0.000001 -12.690587 -0.000003 16.155746 -17.719307 2.420968 1.665665 -1.955919 -2.878297 4.727796 -4.170583 4.993916 11.020513 0.000002 0.000001 12.109033 -3.735710 -2.866780 0.000000 0.000000 0.000002 1.291984 -1.928547 -1.498091 14.800111 0.567466 3.865603 14.242553 -1.341736 -6.660650 19.631939 0.143923 -0.648243 49.711033 -0.817065 -6.741524 0.353029 -1.511150 -0.031941 20.222771 3.684303 2.316628 18.787247 0.000003 -0.000001 10.751612 -0.479869 1.397903 -0.000000 -0.000001 0.000002 3.273804 0.305947 -0.580111 21.486794 11.830360 2.266131 8.162916 0.000001 -0.000001 18.399054 -3.798979 -4.940568 0.000003 -0.000001 -0.000002 7.149827 16.929817 -18.179255 -0.231569 -0.356176 26.469971 -14.179763 -7.641618 -10.920607 1.683690 -1.854872 -1.894814 -0.000000 0.000000 0.000002 7.605321 -6.989803 -14.343245 -0.014809 -0.270751 17.429976 -4.075408 -3.691543 -10.676868 -1.426005 0.935141 1.450141 0.000000 0.000000 -0.000001 
-3.223140 98.971649 3.260343 -0.799447 -5.256791 6.467628 3.460890 0.376612 -2.220647 -0.141855 -1.017599 -5.595247 0.387150 -3.178558 11.172258 -3.922203 2.931635 -12.141323 -0.943086 -1.599406 -3.523743 6.252645 -6.650908 -16.821619 0.000077 -0.000022 0.000008 0.071954 0.209790 0.038656 0.712810 -3.517529 -10.394143 -0.574721 3.936786 -10.337590 -8.366576 -7.295979 10.699583 -60.857185 -2.587324 4.710625 -1.578706 -68.828094 1.568774 6.650334 3.375459 -8.520374 -5.882099 9.861279 0.702588 -10.936858 -0.360576 7.156197 0.000001 8.774815 -0.000001 -15.953832 18.312212 6.210558 -1.844033 2.498504 -2.507276 -10.163589 4.678941 4.621104 -20.975998 -0.000005 0.000003 -21.226254 2.451693 -3.593996 0.000000 -0.000006 -0.000001 -1.362681 2.240797 -0.746321 -21.334887 0.584905 3.008319 -13.821197 -0.000003 0.000004 -23.887129 -0.249080 -0.839480 -60.133064 2.763992 -1.519134 -0.294025 1.679686 0.833255 -14.218192 0.093216 1.300578 -34.211998 -0.287566 0.967169 -20.033178 0.964533 1.212839 0.000001 0.000001 0.000000 -3.440385 0.788231 0.501655 -15.928164 -3.167305 2.999704 -6.338818 -0.000002 0.000003 -18.123411 3.648177 -4.905661 -0.000004 0.000000 -0.000001 14.827015 8.229699 15.524759 54.514141 20.421654 41.732609 -0.169562 28.891869 -0.194164 2.138835 -0.683683 -3.929471 2.243539 -5.255032 -3.180154 14.282875 -0.826593 6.952492 -0.000001 -12.690590 -0.000001 16.166609 -17.730772 2.474944 1.665664 -1.955920 -2.878298 4.727793 -4.170583 4.993919 11.020510 0.000003 0.000000 12.109030 -3.735711 -2.866778 -0.000001 0.000000 0.000000 1.291985 -1.928548 -1.498087 14.800109 0.567467 3.865602 14.242551 -1.341737 -6.660649 19.631937 0.143925 -0.648243 49.777393 -0.845570 -6.675538 0.353029 -1.511149 -0.031939 20.222767 3.684305 2.316628 18.787243 0.000004 -0.000001 10.751608 -0.479869 1.397903 -0.000001 0.000000 0.000002 3.273803 0.305947 -0.580109 21.486788 11.830361 2.266130 8.162916 0.000000 0.000001 18.399052 -3.798980 -4.940567 0.000003 0.000000 -0.000001 7.437237 17.141830 -18.297522 -0.189216 -0.358883 27.617273 -13.624276 -7.470718 -10.852549 1.684336 -1.865686 -1.845170 -0.000000 0.000000 0.000002 7.792345 -6.814551 -13.679072 -0.022637 -0.253396 16.900585 -4.032530 -3.840632 -10.526943 -1.426465 0.956927 1.356951 0.000000 0.000000 -0.000001 
-3.125385 99.015228 3.502736 -0.947719 -5.551851 6.263063 3.389297 0.366884 -2.358536 -0.154967 -0.893450 -5.606275 0.074399 -3.124381 11.155665 -4.320111 2.927988 -12.092515 -0.902332 -1.404567 -3.529441 6.469232 -6.539769 -17.035137 0.000077 -0.000023 0.000007 0.069555 0.199907 0.031655 0.697562 -3.514738 -10.360608 -0.565463 3.927365 -10.319780 -8.673874 -6.998408 10.737854 -59.983887 -2.018693 7.322483 -1.040167 -67.744385 1.267780 5.684838 3.836365 -5.364806 -5.882100 9.861275 0.702589 -10.936860 -0.360575 7.156199 0.000001 8.774814 0.000000 -15.949883 18.382015 6.212824 -1.844030 2.498504 -2.507275 -10.163590 4.678941 4.621106 -20.975994 -0.000000 0.000007 -21.226250 2.451697 -3.593990 0.000000 -0.000007 -0.000001 -1.362679 2.240795 -0.746323 -21.334888 0.584909 3.008326 -13.821191 -0.000001 0.000003 -23.887125 -0.249073 -0.839479 -60.096775 2.854316 -1.474816 -0.294025 1.679687 0.833255 -14.218192 0.093213 1.300582 -34.212002 -0.287560 0.967174 -20.033176 0.964539 1.212842 0.000000 0.000000 0.000001 -3.440385 0.788231 0.501656 -15.928167 -3.167304 2.999707 -6.338818 -0.000002 0.000001 -18.123413 3.648177 -4.905659 -0.000004 0.000000 -0.000002 14.730573 8.098313 15.696867 55.218964 20.168840 41.794521 -0.105356 28.890415 -0.155830 2.141622 -0.570653 -3.497640 2.243539 -5.255033 -3.180155 14.282877 -0.826595 6.952496 -0.000001 -12.690590 -0.000002 16.189093 -17.715042 2.478302 1.665665 -1.955920 -2.878298 4.727794 -4.170584 4.993918 11.020513 0.000002 0.000000 12.109034 -3.735709 -2.866780 -0.000001 0.000000 0.000002 1.291984 -1.928547 -1.498089 14.800111 0.567466 3.865604 14.242553 -1.341735 -6.660645 19.631939 0.143924 -0.648244 49.692982 -0.856502 -6.577971 0.353029 -1.511149 -0.031941 20.222767 3.684303 2.316629 18.787245 0.000004 0.000001 10.751610 -0.479868 1.397904 -0.000000 -0.000000 0.000001 3.273805 0.305946 -0.580110 21.486790 11.830359 2.266133 8.162915 -0.000001 -0.000001 18.399054 -3.798982 -4.940567 0.000004 0.000000 -0.000002 7.857518 17.379456 -17.705547 -0.146739 -0.370401 28.184105 -13.250463 -7.060400 -10.653211 1.681330 -1.893236 -1.807001 0.000000 0.000000 0.000002 7.794959 -6.622448 -12.977960 -0.010725 -0.223615 16.292351 -3.927811 -3.806014 -10.357402 -1.429024 0.977315 1.212176 0.000000 0.000000 -0.000001 
-2.948889 99.035278 3.835751 -1.090150 -5.994441 6.084592 3.364354 0.332057 -2.531121 -0.150162 -0.795585 -5.665125 -0.254453 -3.033304 11.135934 -4.829772 2.873249 -12.029507 -0.839272 -1.185430 -3.502219 6.658451 -6.343764 -17.291668 0.000077 -0.000022 0.000008 0.060675 0.174645 0.023190 0.681618 -3.542488 -10.351578 -0.570149 3.907305 -10.310987 -9.114218 -6.614728 10.865089 -59.272209 -1.027416 10.112432 -0.034791 -65.929169 0.505889 4.344051 4.708365 -2.455462 -5.882101 9.861278 0.702589 -10.936858 -0.360576 7.156199 0.000001 8.774814 -0.000003 -15.949092 18.527687 6.220756 -1.844031 2.498505 -2.507276 -10.163590 4.678940 4.621103 -20.975996 -0.000004 0.000003 -21.226255 2.451694 -3.593990 0.000000 -0.000006 -0.000003 -1.362681 2.240795 -0.746325 -21.334890 0.584908 3.008321 -13.821197 -0.000002 0.000001 -23.887135 -0.249079 -0.839479 -60.014053 2.927022 -1.391805 -0.294026 1.679687 0.833255 -14.218194 0.093214 1.300579 -34.212002 -0.287562 0.967170 -20.033178 0.964538 1.212842 -0.000000 -0.000000 0.000000 -3.440386 0.788231 0.501656 -15.928169 -3.167306 2.999704 -6.338818 -0.000002 0.000001 -18.123415 3.648177 -4.905660 -0.000004 0.000002 -0.000000 14.506296 8.054219 15.952276 55.841209 19.833845 41.762856 -0.047988 29.319841 -0.146184 2.161910 -0.189725 -3.251171 2.243539 -5.255033 -3.180156 14.282877 -0.826592 6.952494 -0.000003 -12.690588 -0.000001 16.217873 -17.707445 2.450950 1.665665 -1.955918 -2.878297 4.727795 -4.170583 4.993919 11.020512 0.000004 0.000000 12.109033 -3.735709 -2.866778 -0.000000 0.000000 0.000000 1.291985 -1.928548 -1.498087 14.800111 0.567468 3.865604 14.242553 -1.341735 -6.660650 19.631939 0.143925 -0.648242 49.586140 -0.894142 -6.517019 0.353029 -1.511148 -0.031941 20.222769 3.684306 2.316627 18.787245 0.000006 0.000001 10.751612 -0.479866 1.397905 -0.000001 -0.000000 0.000000 3.273804 0.305948 -0.580110 21.486792 11.830361 2.266133 8.162916 0.000001 -0.000001 18.399054 -3.798978 -4.940566 0.000003 0.000000 -0.000002 8.287476 17.636370 -16.483332 -0.118907 -0.402706 28.038164 -12.547490 -6.376679 -10.536433 1.682950 -1.931782 -1.801896 0.000000 -0.000000 0.000002 7.712271 -6.324538 -12.354331 0.015820 -0.194894 15.902944 -3.776525 -3.649027 -10.327627 -1.425681 0.964533 1.075882 0.000000 0.000000 -0.000001 
-2.725262 98.983208 4.213671 -1.309314 -6.469082 5.938820 3.371665 0.290742 -2.741326 -0.134424 -0.732912 -5.736451 -0.455693 -2.961632 11.151224 -5.311510 2.875360 -11.998061 -0.819879 -1.021437 -3.466789 6.809859 -6.037418 -17.508989 0.000077 -0.000022 0.000007 0.058205 0.160980 0.022031 0.682226 -3.552969 -10.350466 -0.573421 3.901922 -10.321726 -9.837481 -6.226184 11.042742 -58.937786 0.160928 12.181234 0.706688 -63.036003 -0.102000 3.495712 5.582180 -1.071905 -5.882100 9.861278 0.702591 -10.936858 -0.360575 7.156197 0.000002 8.774813 -0.000001 -15.855817 18.632196 6.269639 -1.844029 2.498501 -2.507275 -10.163589 4.678940 4.621106 -20.975994 -0.000003 0.000004 -21.226254 2.451691 -3.593992 0.000000 -0.000006 -0.000002 -1.362680 2.240796 -0.746323 -21.334892 0.584909 3.008319 -13.821197 -0.000000 0.000002 -23.887133 -0.249078 -0.839482 -59.781841 2.900393 -1.317563 -0.294026 1.679687 0.833257 -14.218192 0.093212 1.300577 -34.211998 -0.287565 0.967169 -20.033176 0.964535 1.212843 0.000001 0.000000 0.000002 -3.440386 0.788232 0.501655 -15.928167 -3.167306 2.999699 -6.338815 -0.000001 0.000001 -18.123413 3.648175 -4.905660 -0.000004 0.000002 -0.000003 14.433306 7.990260 16.191267 56.058331 19.389257 41.655369 -0.076938 30.118017 -0.143600 2.320730 0.267484 -2.946044 2.243540 -5.255031 -3.180155 14.282877 -0.826592 6.952495 -0.000003 -12.690587 0.000000 16.167894 -17.691074 2.448111 1.665665 -1.955921 -2.878296 4.727793 -4.170583 4.993918 11.020512 0.000005 -0.000000 12.109031 -3.735708 -2.866779 -0.000001 0.000001 0.000001 1.291984 -1.928548 -1.498088 14.800111 0.567469 3.865602 14.242553 -1.341733 -6.660648 19.631939 0.143926 -0.648242 49.513737 -0.924175 -6.491142 0.353029 -1.511150 -0.031942 20.222769 3.684308 2.316630 18.787249 0.000007 -0.000001 10.751611 -0.479868 1.397904 -0.000000 -0.000000 0.000001 3.273804 0.305947 -0.580111 21.486790 11.830362 2.266129 8.162917 0.000003 0.000001 18.399054 -3.798978 -4.940566 0.000003 0.000000 -0.000001 8.635601 17.896038 -14.833357 -0.091084 -0.437333 27.099287 -11.192507 -5.363831 -10.593925 1.692112 -1.941357 -1.781749 0.000000 0.000000 0.000002 7.684447 -5.842597 -11.956090 0.021342 -0.176488 15.977400 -3.550674 -3.638417 -10.545801 -1.423359 0.938494 0.952770 0.000000 0.000000 -0.000001 
-2.400440 98.905746 4.627714 -1.575706 -6.867112 5.825674 3.354309 0.265173 -2.957960 -0.122927 -0.768483 -5.833440 -0.473964 -2.910361 11.211898 -5.661441 2.864351 -12.045903 -0.817601 -0.774653 -3.463651 6.902737 -5.785203 -17.628479 0.000077 -0.000022 0.000007 0.056771 0.153586 0.033945 0.673258 -3.568784 -10.320556 -0.568131 3.887069 -10.323771 -10.671800 -5.947985 11.161871 -59.184612 1.387503 13.259095 1.075609 -58.917427 -0.372803 3.391067 6.151709 -1.218070 -5.882101 9.861279 0.702591 -10.936858 -0.360576 7.156197 -0.000001 8.774812 -0.000003 -15.732175 18.713362 6.330034 -1.844030 2.498502 -2.507278 -10.163589 4.678940 4.621103 -20.975994 -0.000001 0.000004 -21.226254 2.451694 -3.593995 0.000002 -0.000006 -0.000002 -1.362680 2.240795 -0.746320 -21.334892 0.584910 3.008320 -13.821197 -0.000001 -0.000001 -23.887131 -0.249078 -0.839483 -59.592278 2.876508 -1.306476 -0.294025 1.679684 0.833256 -14.218194 0.093216 1.300580 -34.211998 -0.287561 0.967171 -20.033176 0.964536 1.212840 -0.000001 -0.000000 0.000000 -3.440386 0.788233 0.501656 -15.928165 -3.167308 2.999703 -6.338814 -0.000001 0.000001 -18.123413 3.648175 -4.905664 -0.000003 0.000002 -0.000003 14.563437 7.877249 16.213305 55.822620 18.793600 41.347645 -0.070877 31.097139 -0.165243 2.580289 0.633664 -2.678683 2.243540 -5.255033 -3.180155 14.282877 -0.826592 6.952495 -0.000003 -12.690591 -0.000001 16.180195 -17.666193 2.388842 1.665665 -1.955920 -2.878295 4.727793 -4.170582 4.993920 11.020511 0.000003 -0.000001 12.109030 -3.735708 -2.866779 -0.000001 0.000000 0.000000 1.291984 -1.928548 -1.498087 14.800111 0.567468 3.865603 14.242553 -1.341733 -6.660649 19.631935 0.143926 -0.648244 49.542797 -0.967446 -6.495926 0.353028 -1.511149 -0.031941 20.222771 3.684307 2.316628 18.787245 0.000006 0.000000 10.751610 -0.479865 1.397903 0.000001 -0.000000 0.000001 3.273804 0.305947 -0.580113 21.486790 11.830362 2.266132 8.162916 0.000001 0.000000 18.399052 -3.798979 -4.940566 0.000003 0.000000 -0.000002 8.837717 18.122950 -12.903445 -0.071999 -0.472432 25.158377 -9.742228 -4.072475 -10.394743 1.694477 -1.919587 -1.734942 0.000000 -0.000000 0.000002 7.652480 -5.218703 -11.663103 0.008986 -0.164270 16.237173 -3.263536 -3.882390 -10.863086 -1.417758 0.926017 0.922971 0.000000 0.000000 -0.000001 
-2.038654 98.848694 5.109025 -1.788326 -6.985846 5.729719 3.200603 0.196054 -3.235815 -0.126809 -0.763760 -5.910066 -0.404205 -3.050940 11.406344 -5.805900 2.735477 -12.304922 -0.819103 -0.710740 -3.491739 6.955302 -5.412941 -17.539785 0.000077 -0.000022 0.000008 0.029122 0.099607 0.031815 0.655053 -3.611012 -10.325260 -0.603160 3.822868 -10.327462 -11.538912 -5.863966 11.139620 -59.859783 2.634555 13.197125 0.925264 -53.878227 -0.450946 4.137497 6.658876 -2.409904 -5.882101 9.861278 0.702588 -10.936859 -0.360576 7.156197 0.000001 8.774814 -0.000002 -15.674903 18.751560 6.457469 -1.844030 2.498504 -2.507276 -10.163589 4.678939 4.621100 -20.975994 -0.000004 0.000003 -21.226255 2.451693 -3.593996 0.000000 -0.000007 -0.000002 -1.362680 2.240797 -0.746320 -21.334892 0.584908 3.008320 -13.821194 -0.000003 0.000000 -23.887129 -0.249079 -0.839482 -59.875538 2.787488 -1.134861 -0.294023 1.679687 0.833257 -14.218192 0.093215 1.300580 -34.211998 -0.287565 0.967167 -20.033176 0.964535 1.212839 -0.000000 0.000000 -0.000002 -3.440386 0.788234 0.501654 -15.928165 -3.167305 2.999701 -6.338817 -0.000001 0.000001 -18.123413 3.648175 -4.905663 -0.000003 0.000002 -0.000000 14.974146 7.561086 16.281490 55.255157 18.407389 40.675495 -0.141950 31.897169 -0.187068 2.864515 0.768491 -2.733423 2.243540 -5.255033 -3.180154 14.282877 -0.826592 6.952494 -0.000003 -12.690592 -0.000001 16.197279 -17.743628 2.449215 1.665664 -1.955920 -2.878297 4.727795 -4.170582 4.993919 11.020513 0.000003 0.000000 12.109031 -3.735710 -2.866778 -0.000000 0.000000 0.000001 1.291984 -1.928548 -1.498087 14.800114 0.567469 3.865606 14.242553 -1.341734 -6.660648 19.631939 0.143926 -0.648241 49.590813 -0.906943 -6.469789 0.353029 -1.511149 -0.031941 20.222771 3.684309 2.316628 18.787247 0.000006 0.000001 10.751611 -0.479866 1.397904 0.000002 0.000000 0.000000 3.273804 0.305948 -0.580110 21.486794 11.830361 2.266130 8.162917 0.000002 -0.000001 18.399054 -3.798976 -4.940567 0.000003 -0.000002 -0.000000 8.814253 17.991398 -11.093067 -0.047983 -0.473573 22.554989 -8.870470 -2.843299 -10.569909 1.667682 -1.908666 -1.482295 0.000000 -0.000000 0.000002 7.532482 -4.447021 -11.295951 0.006373 -0.244174 16.371712 -3.042872 -4.540964 -11.162321 -1.427375 0.869451 0.923634 -0.000000 -0.000000 -0.000001 
-1.647446 98.831398 5.431063 -1.830042 -6.815467 5.565615 2.924483 0.134168 -3.398657 -0.181225 -0.922165 -5.996527 -0.417288 -3.217751 11.614538 -5.649771 2.687417 -12.615974 -0.802041 -0.700592 -3.518859 7.039032 -5.173975 -17.544643 0.000077 -0.000022 0.000007 0.044683 0.124887 0.020077 0.673906 -3.569264 -10.321969 -0.593116 3.839412 -10.279047 -12.256543 -5.967246 11.366236 -60.762184 3.312013 12.646451 0.901784 -47.859215 -0.409041 5.121092 7.080972 -4.583294 -5.882101 9.861278 0.702589 -10.936858 -0.360575 7.156196 0.000000 8.774812 0.000000 -15.640525 18.650280 6.468339 -1.844031 2.498502 -2.507277 -10.163589 4.678940 4.621104 -20.975996 -0.000003 0.000002 -21.226255 2.451691 -3.593993 0.000001 -0.000006 -0.000001 -1.362680 2.240797 -0.746321 -21.334892 0.584909 3.008321 -13.821195 -0.000003 0.000001 -23.887131 -0.249078 -0.839483 -60.067249 2.735027 -1.130716 -0.294026 1.679686 0.833255 -14.218190 0.093215 1.300578 -34.211998 -0.287564 0.967170 -20.033178 0.964534 1.212842 0.000000 0.000000 0.000000 -3.440385 0.788233 0.501655 -15.928167 -3.167304 2.999705 -6.338817 -0.000001 0.000001 -18.123415 3.648177 -4.905663 -0.000004 0.000000 -0.000003 15.708219 7.141555 16.169950 54.553146 18.060053 39.569103 -0.115923 32.454060 -0.126284 2.921375 0.531158 -2.616626 2.243540 -5.255032 -3.180156 14.282878 -0.826592 6.952495 -0.000003 -12.690590 0.000001 16.180099 -17.796835 2.462409 1.665665 -1.955921 -2.878298 4.727794 -4.170582 4.993919 11.020513 0.000004 0.000000 12.109030 -3.735707 -2.866778 -0.000001 0.000000 0.000001 1.291985 -1.928548 -1.498088 14.800114 0.567468 3.865607 14.242553 -1.341733 -6.660649 19.631937 0.143927 -0.648242 49.640629 -0.871785 -6.583049 0.353029 -1.511148 -0.031938 20.222769 3.684307 2.316629 18.787247 0.000005 0.000002 10.751612 -0.479868 1.397906 0.000000 -0.000001 0.000000 3.273804 0.305947 -0.580109 21.486797 11.830366 2.266132 8.162917 0.000002 -0.000002 18.399054 -3.798978 -4.940567 0.000003 0.000000 -0.000003 8.679776 17.990602 -9.959608 -0.046030 -0.438604 20.908401 -8.761809 -2.473699 -11.290890 1.657352 -1.909470 -0.966561 0.000000 -0.000000 0.000002 7.285047 -3.966136 -10.992107 -0.020061 -0.231244 16.499739 -2.606146 -5.129490 -11.394699 -1.421183 0.859367 0.930219 -0.000000 -0.000000 -0.000001 
-1.242014 98.839172 5.678333 -1.693090 -6.253204 5.362039 2.611920 0.025095 -3.525032 -0.246443 -1.117330 -6.060905 -0.662721 -3.346428 11.831847 -5.259462 2.622458 -12.947496 -0.741125 -0.719813 -3.501108 7.094884 -5.056337 -17.551094 0.000077 -0.000023 0.000005 0.062767 0.150124 0.002416 0.692496 -3.537508 -10.290155 -0.576485 3.856908 -10.250207 -12.584550 -6.325199 11.684079 -61.888355 3.644560 11.915566 0.782111 -41.649803 -0.257784 5.744201 7.976714 -6.896487 -5.882102 9.861278 0.702590 -10.936860 -0.360575 7.156198 0.000000 8.774814 -0.000003 -15.616144 18.361439 6.424277 -1.844031 2.498502 -2.507275 -10.163589 4.678939 4.621102 -20.975998 -0.000004 0.000003 -21.226255 2.451693 -3.593992 -0.000001 -0.000005 0.000001 -1.362680 2.240797 -0.746324 -21.334892 0.584908 3.008321 -13.821198 -0.000004 0.000001 -23.887131 -0.249080 -0.839481 -60.269066 2.676553 -1.130239 -0.294024 1.679686 0.833255 -14.218195 0.093214 1.300581 -34.212006 -0.287564 0.967172 -20.033182 0.964535 1.212842 0.000000 -0.000000 0.000001 -3.440386 0.788231 0.501656 -15.928171 -3.167306 2.999704 -6.338817 -0.000002 0.000001 -18.123415 3.648175 -4.905661 -0.000004 -0.000000 -0.000002 16.332809 6.584633 15.999357 54.220314 17.850159 38.270878 -0.112658 32.839508 -0.084072 2.716033 0.038566 -2.670648 2.243539 -5.255033 -3.180155 14.282875 -0.826592 6.952495 -0.000003 -12.690591 0.000001 16.170593 -17.873198 2.477689 1.665664 -1.955920 -2.878295 4.727793 -4.170583 4.993920 11.020510 0.000004 -0.000002 12.109030 -3.735708 -2.866781 0.000000 0.000000 0.000001 1.291984 -1.928548 -1.498088 14.800114 0.567469 3.865605 14.242550 -1.341734 -6.660649 19.631937 0.143927 -0.648245 49.773762 -0.830915 -6.605625 0.353028 -1.511148 -0.031941 20.222767 3.684307 2.316629 18.787245 0.000006 0.000002 10.751610 -0.479867 1.397905 0.000001 -0.000001 0.000001 3.273804 0.305947 -0.580112 21.486790 11.830365 2.266132 8.162917 0.000004 0.000001 18.399052 -3.798977 -4.940566 0.000004 0.000000 -0.000001 8.364659 17.995844 -9.291303 -0.062038 -0.452693 19.947626 -8.772766 -2.631938 -11.523302 1.647026 -1.891355 -0.597427 -0.000000 0.000000 0.000002 6.866057 -3.794019 -10.745212 -0.036290 -0.259283 16.681673 -2.148494 -5.763791 -11.655833 -1.420570 0.892377 0.980692 0.000000 0.000000 -0.000001 
-0.806557 98.859985 5.877819 -1.572097 -5.602618 5.146900 2.360013 -0.036793 -3.610791 -0.296178 -1.265246 -6.094738 -0.992998 -3.472940 11.921095 -4.780086 2.522623 -13.044789 -0.689568 -0.652877 -3.464772 7.062765 -5.182512 -17.564978 0.000077 -0.000023 0.000007 0.089822 0.194198 -0.008458 0.725827 -3.487039 -10.281302 -0.551687 3.892784 -10.255520 -12.435660 -6.698166 12.084763 -63.282272 4.112735 10.994708 0.547183 -36.561287 -0.123767 5.414290 9.101731 -8.419173 -5.882101 9.861279 0.702589 -10.936859 -0.360574 7.156198 -0.000000 8.774814 -0.000001 -15.699740 18.013243 6.313732 -1.844030 2.498503 -2.507276 -10.163589 4.678941 4.621104 -20.975992 -0.000002 0.000001 -21.226254 2.451694 -3.593995 -0.000001 -0.000008 -0.000001 -1.362680 2.240796 -0.746322 -21.334890 0.584910 3.008318 -13.821197 -0.000003 0.000001 -23.887125 -0.249078 -0.839484 -60.398315 2.589072 -1.123801 -0.294025 1.679687 0.833256 -14.218192 0.093216 1.300579 -34.211998 -0.287563 0.967168 -20.033178 0.964535 1.212839 0.000000 0.000000 -0.000001 -3.440385 0.788233 0.501654 -15.928165 -3.167305 2.999702 -6.338817 -0.000001 0.000002 -18.123411 3.648177 -4.905662 -0.000004 -0.000000 -0.000002 16.313124 6.181122 15.791979 54.637470 17.631098 37.286125 -0.183233 33.247952 -0.069901 2.383394 -0.363187 -3.082420 2.243540 -5.255032 -3.180156 14.282877 -0.826595 6.952495 -0.000001 -12.690588 0.000001 16.179237 -17.965212 2.532332 1.665665 -1.955918 -2.878297 4.727793 -4.170583 4.993918 11.020512 0.000001 -0.000001 12.109031 -3.735710 -2.866779 -0.000001 -0.000001 0.000001 1.291984 -1.928548 -1.498089 14.800113 0.567468 3.865604 14.242556 -1.341735 -6.660650 19.631935 0.143923 -0.648245 49.916512 -0.818183 -6.587097 0.353029 -1.511149 -0.031941 20.222765 3.684304 2.316629 18.787245 0.000003 -0.000001 10.751611 -0.479868 1.397904 0.000000 -0.000000 0.000001 3.273803 0.305945 -0.580111 21.486788 11.830359 2.266131 8.162917 0.000001 0.000000 18.399054 -3.798980 -4.940569 0.000003 -0.000000 -0.000001 8.050101 17.987610 -8.840142 -0.075049 -0.487229 19.363609 -8.723641 -2.908281 -11.622472 1.640253 -1.853332 -0.404425 0.000000 0.000000 0.000002 6.445887 -3.886337 -10.454604 -0.039119 -0.307176 16.753302 -1.733673 -6.226033 -11.849908 -1.426097 0.939436 1.005410 0.000000 0.000002 -0.000001 
-0.362053 98.905022 6.021042 -1.469880 -5.049324 4.935426 2.151414 -0.078017 -3.667210 -0.331612 -1.280410 -6.082915 -1.277700 -3.575546 11.883403 -4.341835 2.383563 -12.969578 -0.660949 -0.521180 -3.445644 7.065570 -5.399860 -17.501204 0.000077 -0.000022 0.000006 0.097994 0.203006 -0.013851 0.736145 -3.462441 -10.257388 -0.550660 3.895478 -10.220290 -12.226694 -6.810200 12.427500 -64.395668 5.088750 10.292209 0.330816 -34.032623 -0.043967 4.280251 9.687179 -9.135521 -5.882101 9.861276 0.702589 -10.936858 -0.360575 7.156195 0.000001 8.774812 -0.000002 -15.756667 17.852369 6.276429 -1.844031 2.498502 -2.507276 -10.163589 4.678938 4.621102 -20.975996 -0.000005 0.000003 -21.226254 2.451692 -3.593993 -0.000000 -0.000009 -0.000001 -1.362681 2.240796 -0.746323 -21.334894 0.584907 3.008320 -13.821197 -0.000003 0.000002 -23.887133 -0.249080 -0.839482 -60.539585 2.506056 -1.135680 -0.294025 1.679686 0.833255 -14.218194 0.093214 1.300579 -34.212013 -0.287567 0.967170 -20.033180 0.964533 1.212842 -0.000001 -0.000001 -0.000001 -3.440386 0.788232 0.501655 -15.928167 -3.167307 2.999702 -6.338818 -0.000002 0.000000 -18.123413 3.648175 -4.905659 -0.000003 0.000000 -0.000003 15.977080 5.941099 15.591472 55.279381 17.467150 36.812923 -0.187784 33.599770 -0.015501 2.207214 -0.540949 -3.443535 2.243540 -5.255032 -3.180155 14.282875 -0.826592 6.952490 -0.000003 -12.690592 0.000000 16.213394 -17.999777 2.538808 1.665665 -1.955920 -2.878295 4.727793 -4.170582 4.993917 11.020513 0.000003 -0.000001 12.109031 -3.735709 -2.866779 0.000000 -0.000001 0.000003 1.291984 -1.928547 -1.498089 14.800113 0.567467 3.865601 14.242553 -1.341734 -6.660648 19.631935 0.143928 -0.648246 49.946541 -0.791549 -6.548551 0.353030 -1.511150 -0.031939 20.222769 3.684308 2.316625 18.787245 0.000006 -0.000003 10.751611 -0.479868 1.397904 0.000001 -0.000000 -0.000000 3.273804 0.305946 -0.580111 21.486788 11.830365 2.266129 8.162916 0.000003 -0.000001 18.399048 -3.798976 -4.940568 0.000003 -0.000001 -0.000001 7.736663 17.896444 -8.463413 -0.089737 -0.518245 18.914093 -8.484179 -3.118783 -11.623469 1.632000 -1.847905 -0.417715 -0.000000 0.000000 0.000002 6.039775 -4.152614 -10.108509 -0.031549 -0.304964 16.643808 -1.339719 -6.511864 -11.915624 -1.433429 0.964984 0.921004 0.000000 0.000000 -0.000001 
0.132778 98.960098 6.167923 -1.311786 -4.578753 4.744930 1.926426 -0.102907 -3.728831 -0.377617 -1.206767 -6.083753 -1.498814 -3.557737 11.849743 -4.024499 2.300795 -12.846711 -0.678332 -0.512225 -3.455501 7.114169 -5.612513 -17.393700 0.000077 -0.000023 0.000006 0.091532 0.183907 -0.020364 0.729636 -3.477603 -10.285033 -0.555743 3.870687 -10.232787 -12.317445 -6.688076 12.628374 -64.675674 6.522109 10.231846 0.144324 -33.989620 -0.062462 2.612100 9.313267 -9.647673 -5.882101 9.861279 0.702591 -10.936859 -0.360576 7.156196 0.000001 8.774812 -0.000001 -15.810374 17.864897 6.254736 -1.844031 2.498502 -2.507274 -10.163589 4.678940 4.621105 -20.975996 -0.000004 0.000004 -21.226255 2.451692 -3.593991 -0.000001 -0.000007 0.000000 -1.362680 2.240796 -0.746322 -21.334887 0.584907 3.008320 -13.821197 -0.000004 0.000001 -23.887133 -0.249078 -0.839478 -60.672260 2.452701 -1.167464 -0.294024 1.679686 0.833256 -14.218192 0.093214 1.300578 -34.212006 -0.287564 0.967172 -20.033175 0.964535 1.212843 -0.000001 0.000001 -0.000000 -3.440385 0.788232 0.501654 -15.928167 -3.167307 2.999704 -6.338818 -0.000001 0.000002 -18.123413 3.648174 -4.905660 -0.000002 -0.000000 -0.000002 15.717168 5.817936 15.479572 55.634460 17.430395 37.007969 -0.179501 33.806400 0.038853 2.281040 -0.640949 -3.392000 2.243539 -5.255033 -3.180156 14.282878 -0.826592 6.952496 -0.000003 -12.690591 0.000000 16.298338 -17.985899 2.503217 1.665664 -1.955920 -2.878296 4.727793 -4.170583 4.993918 11.020510 0.000004 -0.000001 12.109030 -3.735708 -2.866780 0.000000 -0.000001 0.000001 1.291985 -1.928549 -1.498087 14.800111 0.567469 3.865601 14.242553 -1.341734 -6.660648 19.631937 0.143928 -0.648243 49.939899 -0.728959 -6.521426 0.353029 -1.511150 -0.031939 20.222769 3.684309 2.316631 18.787245 0.000005 -0.000000 10.751610 -0.479868 1.397904 0.000001 -0.000000 0.000001 3.273804 0.305947 -0.580112 21.486790 11.830365 2.266132 8.162916 0.000003 0.000001 18.399052 -3.798979 -4.940566 0.000003 -0.000001 -0.000001 7.305869 17.731281 -8.061803 -0.088399 -0.535739 18.402197 -8.121822 -3.255977 -11.591157 1.626137 -1.879008 -0.479990 0.000000 -0.000000 0.000002 5.532209 -4.482093 -9.797019 -0.017368 -0.278519 16.560154 -0.973385 -6.670417 -11.978706 -1.435072 0.963740 0.831320 -0.000000 -0.000000 -0.000001 
0.654597 99.017715 6.269486 -1.078974 -4.081844 4.603143 1.670719 -0.105626 -3.820649 -0.431754 -1.110338 -6.120380 -1.670975 -3.392621 11.876674 -3.803781 2.281607 -12.782401 -0.764036 -0.649191 -3.472080 7.135883 -5.870628 -17.293859 0.000077 -0.000022 0.000006 0.089718 0.183713 -0.020633 0.720342 -3.481515 -10.304967 -0.553597 3.869440 -10.256408 -12.735751 -6.415110 12.675113 -64.078529 8.084750 11.130862 0.089423 -35.567844 -0.114156 0.548983 8.161158 -10.147769 -5.882100 9.861277 0.702590 -10.936857 -0.360575 7.156198 -0.000000 8.774812 -0.000000 -15.899392 18.029667 6.289573 -1.844031 2.498502 -2.507276 -10.163589 4.678940 4.621106 -20.975994 -0.000003 0.000004 -21.226250 2.451692 -3.593992 -0.000001 -0.000007 -0.000000 -1.362680 2.240796 -0.746324 -21.334887 0.584910 3.008322 -13.821195 -0.000002 0.000002 -23.887129 -0.249077 -0.839481 -60.852360 2.425003 -1.153396 -0.294024 1.679686 0.833255 -14.218190 0.093215 1.300580 -34.211998 -0.287563 0.967171 -20.033175 0.964537 1.212843 0.000000 -0.000001 0.000000 -3.440385 0.788233 0.501656 -15.928165 -3.167305 2.999705 -6.338817 -0.000001 0.000003 -18.123413 3.648177 -4.905659 -0.000005 0.000000 -0.000002 15.715442 5.739475 15.443709 55.568241 17.519445 37.777699 -0.151681 33.928101 0.056502 2.603754 -0.662892 -2.883157 2.243540 -5.255033 -3.180155 14.282877 -0.826595 6.952502 -0.000001 -12.690587 0.000000 16.304829 -17.934185 2.483965 1.665665 -1.955920 -2.878297 4.727794 -4.170582 4.993920 11.020511 0.000003 0.000000 12.109030 -3.735709 -2.866778 0.000000 -0.000000 -0.000000 1.291984 -1.928547 -1.498088 14.800114 0.567466 3.865604 14.242553 -1.341735 -6.660649 19.631939 0.143923 -0.648243 49.881390 -0.705003 -6.491690 0.353029 -1.511149 -0.031940 20.222767 3.684303 2.316627 18.787245 0.000002 0.000002 10.751611 -0.479867 1.397905 0.000001 -0.000001 -0.000000 3.273803 0.305947 -0.580110 21.486788 11.830360 2.266131 8.162917 0.000002 -0.000001 18.399050 -3.798981 -4.940565 0.000003 -0.000001 -0.000000 6.744606 17.485647 -7.718962 -0.076296 -0.529823 17.813084 -7.761010 -3.456866 -11.505141 1.618519 -1.894495 -0.507167 0.000000 -0.000000 0.000002 4.938208 -4.883770 -9.627542 -0.008747 -0.236745 16.598866 -0.612939 -6.695098 -12.065461 -1.430999 0.949152 0.751375 -0.000000 -0.000000 -0.000001 
1.161020 99.084564 6.349546 -0.820783 -3.488848 4.516894 1.431030 -0.095617 -3.920959 -0.480474 -0.987004 -6.165501 -1.794579 -3.203278 11.942415 -3.692457 2.301019 -12.730606 -0.878090 -0.876213 -3.500242 7.127901 -6.195372 -17.193199 0.000077 -0.000022 0.000007 0.090330 0.187873 -0.008029 0.717204 -3.479648 -10.308863 -0.549291 3.878929 -10.258223 -13.302474 -6.132404 12.650187 -62.951870 9.203674 12.613816 0.194880 -37.649464 -0.214223 -1.472917 6.935835 -10.360883 -5.882102 9.861278 0.702590 -10.936860 -0.360575 7.156197 0.000001 8.774815 -0.000002 -16.015265 18.236689 6.342136 -1.844031 2.498503 -2.507277 -10.163590 4.678941 4.621104 -20.975996 -0.000002 0.000002 -21.226255 2.451694 -3.593994 0.000000 -0.000008 -0.000001 -1.362680 2.240797 -0.746323 -21.334894 0.584909 3.008319 -13.821197 -0.000003 0.000001 -23.887133 -0.249078 -0.839482 -60.961998 2.431905 -1.123051 -0.294024 1.679686 0.833254 -14.218194 0.093214 1.300578 -34.212006 -0.287562 0.967170 -20.033182 0.964534 1.212841 -0.000001 -0.000001 -0.000000 -3.440386 0.788233 0.501653 -15.928169 -3.167306 2.999705 -6.338817 -0.000001 0.000003 -18.123415 3.648177 -4.905659 -0.000004 0.000000 -0.000001 15.856177 5.717483 15.458485 55.233887 17.746523 38.821594 -0.105297 33.979126 0.065267 3.085893 -0.608241 -2.035647 2.243540 -5.255033 -3.180155 14.282877 -0.826593 6.952496 -0.000003 -12.690591 0.000001 16.263462 -17.818462 2.459545 1.665665 -1.955919 -2.878298 4.727794 -4.170583 4.993918 11.020514 0.000003 -0.000001 12.109033 -3.735711 -2.866779 0.000000 -0.000001 0.000001 1.291985 -1.928548 -1.498090 14.800113 0.567467 3.865605 14.242553 -1.341733 -6.660648 19.631941 0.143926 -0.648243 49.865810 -0.671935 -6.452683 0.353029 -1.511150 -0.031940 20.222771 3.684307 2.316626 18.787247 0.000005 -0.000001 10.751612 -0.479868 1.397903 0.000002 -0.000000 -0.000000 3.273804 0.305947 -0.580109 21.486794 11.830360 2.266134 8.162916 0.000002 -0.000001 18.399054 -3.798980 -4.940565 0.000003 0.000000 -0.000003 6.145623 17.172758 -7.462785 -0.061315 -0.521032 17.213720 -7.444872 -3.683077 -11.329758 1.614049 -1.907937 -0.519529 0.000000 -0.000000 0.000002 4.338118 -5.362404 -9.495835 -0.008614 -0.211309 16.588043 -0.275471 -6.665772 -12.117571 -1.425693 0.920605 0.690846 0.000000 0.000000 -0.000001 
1.689204 99.143890 6.391937 -0.580925 -2.797213 4.475239 1.223149 -0.076434 -4.001836 -0.517267 -0.866657 -6.218292 -1.878222 -3.057992 12.024142 -3.661351 2.318882 -12.685897 -0.988899 -1.139754 -3.501969 7.108452 -6.504212 -17.145136 0.000077 -0.000022 0.000004 0.088309 0.194459 0.010435 0.714729 -3.469922 -10.329760 -0.546314 3.884105 -10.254063 -13.822148 -5.922529 12.602881 -61.811577 9.692037 13.994350 0.330857 -39.462029 -0.275545 -3.015350 6.060977 -10.254664 -5.882101 9.861279 0.702589 -10.936858 -0.360575 7.156196 0.000001 8.774812 -0.000003 -16.081135 18.352928 6.365216 -1.844031 2.498503 -2.507275 -10.163589 4.678940 4.621102 -20.975994 -0.000003 0.000001 -21.226254 2.451695 -3.593995 -0.000001 -0.000006 -0.000001 -1.362680 2.240797 -0.746323 -21.334887 0.584909 3.008321 -13.821197 -0.000003 0.000002 -23.887125 -0.249078 -0.839482 -60.942974 2.434638 -1.107485 -0.294024 1.679686 0.833256 -14.218192 0.093215 1.300579 -34.212006 -0.287562 0.967170 -20.033180 0.964535 1.212840 0.000001 -0.000001 -0.000000 -3.440385 0.788233 0.501654 -15.928167 -3.167306 2.999703 -6.338818 -0.000001 0.000003 -18.123411 3.648179 -4.905659 -0.000005 0.000001 -0.000002 16.022568 5.751828 15.511794 54.850670 18.110115 39.883789 -0.056030 33.974594 0.061288 3.536999 -0.458593 -1.208043 2.243540 -5.255033 -3.180156 14.282877 -0.826594 6.952499 -0.000002 -12.690591 -0.000001 16.188702 -17.706869 2.467540 1.665664 -1.955919 -2.878296 4.727794 -4.170582 4.993919 11.020511 0.000004 0.000000 12.109029 -3.735708 -2.866780 -0.000000 -0.000000 0.000001 1.291984 -1.928547 -1.498091 14.800111 0.567467 3.865603 14.242553 -1.341733 -6.660647 19.631939 0.143926 -0.648241 49.852222 -0.665039 -6.412701 0.353029 -1.511151 -0.031940 20.222767 3.684305 2.316633 18.787245 0.000005 0.000001 10.751610 -0.479867 1.397904 0.000002 0.000001 -0.000001 3.273804 0.305947 -0.580111 21.486794 11.830362 2.266134 8.162916 0.000002 0.000001 18.399052 -3.798977 -4.940567 0.000004 -0.000000 -0.000002 5.542589 16.803627 -7.350365 -0.059065 -0.515498 16.738836 -7.109450 -3.920873 -11.175899 1.608151 -1.897166 -0.503469 0.000000 -0.000000 0.000002 3.757511 -5.895672 -9.441119 -0.016324 -0.194521 16.619936 0.068033 -6.674550 -12.171921 -1.421062 0.906551 0.660288 0.000000 0.000000 -0.000001 
2.193133 99.193359 6.363386 -0.368492 -2.053284 4.483513 1.050650 -0.059145 -4.078110 -0.552167 -0.737639 -6.260087 -1.937732 -2.986267 12.108797 -3.656276 2.348278 -12.644862 -1.084659 -1.394912 -3.488381 7.060353 -6.829541 -17.141533 0.000077 -0.000022 0.000005 0.089838 0.204370 0.009946 0.716522 -3.465290 -10.337850 -0.544009 3.893506 -10.281928 -14.207862 -5.816139 12.545601 -60.864468 9.605564 14.926008 0.419532 -40.795612 -0.304241 -4.062031 5.571077 -9.894066 -5.882100 9.861279 0.702590 -10.936858 -0.360576 7.156199 0.000001 8.774814 -0.000002 -16.113153 18.423996 6.383986 -1.844031 2.498502 -2.507276 -10.163589 4.678938 4.621103 -20.975994 -0.000005 0.000002 -21.226250 2.451694 -3.593992 -0.000001 -0.000007 -0.000000 -1.362680 2.240797 -0.746324 -21.334887 0.584907 3.008320 -13.821193 -0.000003 0.000003 -23.887131 -0.249080 -0.839480 -60.957489 2.440354 -1.087276 -0.294024 1.679686 0.833255 -14.218190 0.093214 1.300580 -34.211998 -0.287566 0.967171 -20.033176 0.964534 1.212841 -0.000002 -0.000000 -0.000001 -3.440385 0.788233 0.501655 -15.928165 -3.167306 2.999704 -6.338815 -0.000001 0.000003 -18.123411 3.648176 -4.905659 -0.000005 0.000001 -0.000003 16.128948 5.837885 15.539851 54.573296 18.547190 40.888142 -0.104616 33.929371 0.025743 3.886616 -0.310025 -0.617160 2.243540 -5.255032 -3.180155 14.282875 -0.826593 6.952495 -0.000003 -12.690591 -0.000002 16.134525 -17.624405 2.456528 1.665665 -1.955919 -2.878296 4.727794 -4.170583 4.993920 11.020509 0.000003 -0.000002 12.109029 -3.735709 -2.866778 0.000001 0.000000 0.000000 1.291984 -1.928548 -1.498090 14.800109 0.567469 3.865605 14.242551 -1.341735 -6.660647 19.631933 0.143927 -0.648241 49.876732 -0.659731 -6.356060 0.353030 -1.511149 -0.031939 20.222767 3.684306 2.316630 18.787243 0.000006 0.000001 10.751610 -0.479867 1.397905 0.000001 0.000001 -0.000001 3.273804 0.305947 -0.580110 21.486790 11.830364 2.266134 8.162916 0.000001 -0.000001 18.399050 -3.798979 -4.940566 0.000003 -0.000000 -0.000002 4.969103 16.418890 -7.413445 -0.062013 -0.503568 16.421585 -6.781059 -4.140149 -11.038941 1.606325 -1.892139 -0.454840 0.000000 0.000000 0.000002 3.235032 -6.453039 -9.498461 -0.023693 -0.189111 16.711092 0.387780 -6.728944 -12.216296 -1.418050 0.906573 0.658199 -0.000000 -0.000000 -0.000001 
2.655808 99.224968 6.276340 -0.169659 -1.341894 4.534311 0.898513 -0.048297 -4.132844 -0.588259 -0.637605 -6.291710 -1.977717 -2.938717 12.163279 -3.621667 2.353224 -12.564075 -1.159759 -1.546325 -3.466424 6.993576 -7.157582 -17.161026 0.000077 -0.000022 0.000005 0.090723 0.210315 0.016109 0.720434 -3.460572 -10.337948 -0.541682 3.900350 -10.283457 -14.470721 -5.801917 12.454527 -60.089890 9.147188 15.391004 0.488380 -41.749184 -0.301426 -4.705626 5.288753 -9.725918 -5.882102 9.861279 0.702591 -10.936859 -0.360575 7.156196 0.000001 8.774815 -0.000001 -16.085682 18.458813 6.429892 -1.844031 2.498502 -2.507275 -10.163590 4.678940 4.621102 -20.975992 -0.000003 0.000001 -21.226255 2.451692 -3.593995 0.000001 -0.000007 -0.000001 -1.362680 2.240796 -0.746321 -21.334890 0.584908 3.008320 -13.821197 -0.000003 0.000001 -23.887133 -0.249079 -0.839483 -60.912834 2.475659 -1.097427 -0.294025 1.679686 0.833255 -14.218194 0.093214 1.300579 -34.212006 -0.287564 0.967170 -20.033180 0.964534 1.212841 -0.000000 -0.000002 0.000000 -3.440385 0.788232 0.501654 -15.928167 -3.167307 2.999702 -6.338818 -0.000001 0.000003 -18.123415 3.648177 -4.905663 -0.000004 0.000001 -0.000003 16.215614 5.966271 15.495144 54.421776 19.018654 41.751583 -0.240495 33.849949 -0.040125 4.089266 -0.217710 -0.226049 2.243540 -5.255031 -3.180154 14.282878 -0.826594 6.952494 -0.000003 -12.690590 0.000003 16.120165 -17.588469 2.465338 1.665664 -1.955918 -2.878296 4.727794 -4.170584 4.993917 11.020513 0.000004 -0.000002 12.109035 -3.735708 -2.866779 0.000001 0.000000 -0.000001 1.291985 -1.928547 -1.498088 14.800114 0.567468 3.865602 14.242553 -1.341732 -6.660650 19.631941 0.143928 -0.648244 49.877750 -0.672703 -6.369972 0.353029 -1.511148 -0.031940 20.222773 3.684306 2.316625 18.787249 0.000006 -0.000002 10.751615 -0.479866 1.397903 0.000001 0.000000 -0.000002 3.273804 0.305947 -0.580110 21.486795 11.830362 2.266131 8.162916 0.000002 -0.000001 18.399054 -3.798977 -4.940567 0.000004 -0.000001 -0.000003 4.443368 16.056850 -7.665960 -0.073026 -0.486719 16.253405 -6.483666 -4.330405 -10.919923 1.603534 -1.891680 -0.364423 0.000000 0.000000 0.000002 2.762376 -6.955221 -9.694853 -0.028521 -0.186495 16.937227 0.685120 -6.769842 -12.289986 -1.416560 0.899655 0.679211 0.000000 0.000000 -0.000001 
3.139201 99.243973 6.114945 0.015041 -0.706898 4.610925 0.751835 -0.054244 -4.174359 -0.613089 -0.558098 -6.318933 -2.002148 -2.894523 12.194595 -3.556853 2.364960 -12.440897 -1.191558 -1.664452 -3.438510 6.917902 -7.431998 -17.154411 0.000077 -0.000023 0.000004 0.091154 0.207396 0.016109 0.713721 -3.470906 -10.328509 -0.541198 3.901219 -10.283860 -14.694311 -5.832733 12.355317 -59.422623 8.305401 15.382110 0.500673 -42.382080 -0.322075 -4.929390 5.183258 -9.716594 -5.882099 9.861277 0.702589 -10.936859 -0.360576 7.156199 0.000002 8.774812 0.000000 -16.063978 18.514282 6.476544 -1.844031 2.498501 -2.507275 -10.163589 4.678937 4.621107 -20.975994 -0.000006 0.000005 -21.226250 2.451692 -3.593990 0.000000 -0.000006 -0.000000 -1.362680 2.240796 -0.746322 -21.334896 0.584907 3.008321 -13.821197 -0.000005 0.000002 -23.887131 -0.249081 -0.839481 -60.907341 2.503812 -1.108692 -0.294024 1.679686 0.833256 -14.218192 0.093213 1.300578 -34.212006 -0.287565 0.967172 -20.033180 0.964533 1.212842 0.000000 0.000000 -0.000002 -3.440386 0.788232 0.501654 -15.928169 -3.167309 2.999705 -6.338818 -0.000002 0.000003 -18.123411 3.648174 -4.905657 -0.000004 0.000001 -0.000002 16.320791 6.130140 15.392334 54.302345 19.564795 42.391666 -0.341885 33.761173 -0.089777 4.083911 -0.228003 -0.008842 2.243539 -5.255033 -3.180154 14.282875 -0.826590 6.952492 -0.000004 -12.690594 0.000000 16.104412 -17.585091 2.492144 1.665664 -1.955920 -2.878297 4.727792 -4.170584 4.993918 11.020511 0.000004 -0.000002 12.109031 -3.735710 -2.866780 0.000000 0.000000 -0.000001 1.291985 -1.928548 -1.498088 14.800111 0.567470 3.865602 14.242553 -1.341734 -6.660650 19.631937 0.143929 -0.648243 49.915077 -0.686257 -6.371820 0.353029 -1.511149 -0.031941 20.222767 3.684309 2.316626 18.787245 0.000007 0.000000 10.751611 -0.479866 1.397903 0.000001 0.000000 0.000000 3.273805 0.305947 -0.580110 21.486790 11.830365 2.266131 8.162916 0.000002 -0.000001 18.399050 -3.798978 -4.940568 0.000005 -0.000002 -0.000000 3.884119 15.720467 -7.924732 -0.081293 -0.463325 16.174040 -6.136169 -4.519014 -10.890974 1.603343 -1.894444 -0.263585 -0.000000 0.000000 0.000002 2.299855 -7.394149 -10.027599 -0.036788 -0.175566 17.293028 1.006813 -6.830585 -12.371953 -1.417061 0.913424 0.714313 -0.000000 -0.000000 -0.000001 
3.593336 99.262581 5.966887 0.188202 -0.188000 4.687649 0.611331 -0.077038 -4.211653 -0.630492 -0.490966 -6.318717 -2.018806 -2.862077 12.167991 -3.457117 2.398087 -12.251329 -1.220516 -1.796025 -3.436852 6.860404 -7.607377 -17.102201 0.000077 -0.000022 0.000005 0.089392 0.211400 0.022280 0.714867 -3.468953 -10.336872 -0.538557 3.912596 -10.269432 -14.858676 -5.908197 12.197024 -58.941414 7.225218 14.978961 0.428257 -42.690334 -0.262665 -4.831899 5.197415 -9.818616 -5.882102 9.861279 0.702590 -10.936858 -0.360575 7.156196 0.000000 8.774813 -0.000001 -16.027992 18.532627 6.518941 -1.844031 2.498503 -2.507275 -10.163589 4.678939 4.621101 -20.975996 -0.000004 0.000002 -21.226257 2.451693 -3.593994 0.000000 -0.000008 -0.000001 -1.362681 2.240797 -0.746322 -21.334887 0.584908 3.008319 -13.821195 -0.000003 0.000001 -23.887135 -0.249079 -0.839482 -60.885143 2.538815 -1.131013 -0.294024 1.679686 0.833255 -14.218194 0.093214 1.300578 -34.212002 -0.287564 0.967167 -20.033180 0.964534 1.212841 0.000000 -0.000002 -0.000000 -3.440386 0.788232 0.501653 -15.928169 -3.167307 2.999702 -6.338817 -0.000001 0.000003 -18.123415 3.648175 -4.905663 -0.000004 -0.000000 -0.000002 16.435612 6.268756 15.272087 54.268654 20.144594 42.814579 -0.469146 33.617062 -0.150360 3.839591 -0.330902 0.071910 2.243540 -5.255033 -3.180155 14.282877 -0.826594 6.952495 -0.000002 -12.690591 -0.000001 16.093155 -17.581921 2.517959 1.665665 -1.955919 -2.878298 4.727794 -4.170584 4.993917 11.020513 0.000004 -0.000001 12.109035 -3.735710 -2.866779 0.000000 -0.000000 -0.000002 1.291984 -1.928547 -1.498088 14.800114 0.567467 3.865602 14.242554 -1.341736 -6.660648 19.631939 0.143926 -0.648242 49.934589 -0.717412 -6.397504 0.353029 -1.511150 -0.031940 20.222771 3.684307 2.316627 18.787247 0.000006 -0.000002 10.751613 -0.479868 1.397903 -0.000000 0.000000 -0.000001 3.273806 0.305946 -0.580108 21.486792 11.830363 2.266130 8.162916 0.000002 -0.000002 18.399050 -3.798979 -4.940567 0.000005 -0.000001 -0.000002 3.348808 15.432689 -8.125115 -0.078093 -0.439222 15.986857 -5.791824 -4.691070 -10.850808 1.604815 -1.884997 -0.157196 0.000000 -0.000000 0.000002 1.858294 -7.769539 -10.326681 -0.040471 -0.165536 17.601395 1.329244 -6.898469 -12.434015 -1.416718 0.927215 0.749596 0.000000 0.000000 -0.000001 
4.004364 99.294891 5.811452 0.334847 0.187649 4.730473 0.473985 -0.068147 -4.225400 -0.638177 -0.500289 -6.334249 -2.019356 -2.818722 12.145072 -3.348194 2.419763 -12.014903 -1.204288 -1.860300 -3.432578 6.802404 -7.714217 -16.993294 0.000077 -0.000022 0.000006 0.089677 0.218165 0.022369 0.711940 -3.469129 -10.334648 -0.535538 3.922315 -10.281755 -14.932825 -6.010192 12.031143 -58.602940 6.020258 14.330468 0.349746 -42.836620 -0.230475 -4.517778 5.314413 -10.076791 -5.882100 9.861278 0.702590 -10.936858 -0.360575 7.156197 0.000000 8.774812 0.000000 -16.000612 18.558647 6.540832 -1.844031 2.498502 -2.507276 -10.163589 4.678940 4.621106 -20.975992 -0.000004 0.000002 -21.226250 2.451693 -3.593995 0.000000 -0.000006 -0.000000 -1.362680 2.240797 -0.746323 -21.334892 0.584908 3.008321 -13.821197 -0.000003 0.000002 -23.887123 -0.249077 -0.839481 -60.863121 2.552367 -1.177660 -0.294025 1.679686 0.833255 -14.218192 0.093215 1.300580 -34.211998 -0.287562 0.967172 -20.033175 0.964536 1.212841 0.000000 0.000000 -0.000001 -3.440385 0.788232 0.501655 -15.928167 -3.167306 2.999704 -6.338816 -0.000001 0.000003 -18.123413 3.648175 -4.905658 -0.000003 -0.000000 -0.000002 16.546753 6.398905 15.196332 54.289795 20.804150 42.958359 -0.473356 33.481510 -0.155310 3.408400 -0.458366 0.096984 2.243538 -5.255031 -3.180153 14.282875 -0.826593 6.952498 -0.000003 -12.690591 0.000002 16.088306 -17.595797 2.524073 1.665665 -1.955921 -2.878298 4.727793 -4.170582 4.993918 11.020513 0.000004 0.000000 12.109032 -3.735710 -2.866778 -0.000000 0.000000 -0.000002 1.291985 -1.928547 -1.498088 14.800113 0.567468 3.865603 14.242551 -1.341734 -6.660648 19.631937 0.143925 -0.648241 49.915688 -0.727226 -6.451643 0.353029 -1.511150 -0.031940 20.222771 3.684307 2.316629 18.787247 0.000006 0.000000 10.751610 -0.479869 1.397905 -0.000001 0.000000 0.000001 3.273804 0.305947 -0.580111 21.486795 11.830363 2.266132 8.162916 0.000001 -0.000001 18.399054 -3.798979 -4.940567 0.000005 -0.000002 -0.000002 2.874855 15.214411 -8.240413 -0.079351 -0.425786 15.763277 -5.484521 -4.775455 -10.745768 1.605049 -1.887235 -0.073555 0.000000 -0.000000 0.000002 1.455442 -8.052611 -10.520748 -0.038000 -0.173923 17.751522 1.624452 -6.893295 -12.403158 -1.417915 0.946906 0.762591 -0.000000 -0.000000 -0.000001 
4.364630 99.331894 5.656429 0.458652 0.470125 4.740547 0.348230 -0.090951 -4.242357 -0.640514 -0.477274 -6.333986 -2.013767 -2.812994 12.117656 -3.219470 2.432978 -11.732182 -1.191082 -1.921949 -3.433553 6.781953 -7.728353 -16.879076 0.000077 -0.000022 0.000007 0.088935 0.221362 0.022559 0.706115 -3.468401 -10.337402 -0.532204 3.930133 -10.267421 -14.911808 -6.149957 11.889915 -58.369892 4.679904 13.543882 0.225203 -42.924816 -0.177064 -4.099447 5.425994 -10.486368 -5.882100 9.861277 0.702590 -10.936859 -0.360574 7.156199 -0.000001 8.774813 0.000001 -15.997127 18.605389 6.532376 -1.844031 2.498502 -2.507276 -10.163589 4.678940 4.621105 -20.975992 -0.000002 0.000003 -21.226246 2.451695 -3.593993 -0.000001 -0.000007 0.000000 -1.362681 2.240796 -0.746323 -21.334892 0.584910 3.008321 -13.821197 -0.000002 0.000002 -23.887133 -0.249077 -0.839481 -60.787292 2.606881 -1.234552 -0.294025 1.679686 0.833256 -14.218192 0.093215 1.300580 -34.211998 -0.287560 0.967170 -20.033175 0.964537 1.212841 0.000000 0.000000 0.000000 -3.440385 0.788233 0.501654 -15.928167 -3.167306 2.999706 -6.338816 -0.000002 0.000002 -18.123411 3.648176 -4.905658 -0.000004 0.000001 -0.000002 16.638952 6.482741 15.127805 54.395630 21.532030 42.967232 -0.419234 33.409149 -0.112461 2.935831 -0.620471 0.036756 2.243540 -5.255032 -3.180156 14.282877 -0.826594 6.952496 -0.000002 -12.690587 0.000000 16.106279 -17.618626 2.546051 1.665667 -1.955921 -2.878295 4.727793 -4.170583 4.993918 11.020512 0.000003 -0.000001 12.109033 -3.735711 -2.866781 0.000001 0.000000 -0.000002 1.291984 -1.928547 -1.498089 14.800111 0.567466 3.865604 14.242551 -1.341736 -6.660650 19.631935 0.143926 -0.648243 49.942295 -0.757158 -6.462236 0.353028 -1.511148 -0.031941 20.222767 3.684306 2.316627 18.787245 0.000004 -0.000001 10.751610 -0.479867 1.397904 -0.000001 0.000002 -0.000001 3.273804 0.305947 -0.580111 21.486788 11.830360 2.266130 8.162916 0.000002 -0.000001 18.399052 -3.798980 -4.940567 0.000006 -0.000002 -0.000003 2.452374 14.973194 -8.267052 -0.072896 -0.402449 15.478921 -5.205100 -4.785397 -10.620057 1.605334 -1.884056 -0.022583 0.000000 -0.000000 0.000002 1.096392 -8.318079 -10.636614 -0.023903 -0.175467 17.808882 1.885636 -6.852335 -12.324100 -1.418932 0.959626 0.740498 -0.000000 -0.000000 -0.000001 
4.705710 99.373283 5.483520 0.555627 0.651619 4.726089 0.233931 -0.088852 -4.247438 -0.642331 -0.491162 -6.339836 -2.006783 -2.806346 12.080286 -3.035455 2.444858 -11.425935 -1.189670 -1.957271 -3.445114 6.768599 -7.721548 -16.776812 0.000077 -0.000022 0.000006 0.090250 0.229077 0.029030 0.703684 -3.464867 -10.342644 -0.527527 3.938306 -10.274324 -14.822920 -6.320226 11.723745 -58.184990 3.376149 12.808428 0.153580 -43.103054 -0.156377 -3.587438 5.506601 -10.976686 -5.882101 9.861279 0.702590 -10.936858 -0.360575 7.156197 -0.000001 8.774814 -0.000004 -16.036108 18.643368 6.506708 -1.844031 2.498504 -2.507276 -10.163590 4.678940 4.621103 -20.975996 -0.000004 0.000002 -21.226254 2.451694 -3.593995 -0.000000 -0.000006 0.000001 -1.362680 2.240798 -0.746322 -21.334887 0.584908 3.008318 -13.821197 -0.000002 0.000003 -23.887131 -0.249079 -0.839482 -60.765102 2.641419 -1.298945 -0.294024 1.679686 0.833254 -14.218190 0.093214 1.300577 -34.212002 -0.287564 0.967170 -20.033178 0.964534 1.212841 0.000000 0.000000 -0.000001 -3.440386 0.788232 0.501657 -15.928169 -3.167308 2.999704 -6.338818 -0.000001 0.000002 -18.123411 3.648178 -4.905662 -0.000004 0.000000 -0.000002 16.759226 6.529445 15.046194 54.498505 22.235790 43.009628 -0.375158 33.453094 -0.112157 2.465684 -0.791255 -0.207689 2.243540 -5.255033 -3.180154 14.282877 -0.826594 6.952495 -0.000002 -12.690590 0.000002 16.107237 -17.646931 2.571580 1.665665 -1.955920 -2.878297 4.727793 -4.170583 4.993917 11.020512 0.000004 -0.000001 12.109032 -3.735709 -2.866779 0.000000 0.000000 -0.000002 1.291985 -1.928549 -1.498088 14.800114 0.567467 3.865603 14.242554 -1.341736 -6.660648 19.631941 0.143925 -0.648244 49.930710 -0.735341 -6.458903 0.353030 -1.511149 -0.031940 20.222767 3.684305 2.316628 18.787245 0.000005 -0.000002 10.751610 -0.479869 1.397904 0.000000 0.000001 0.000000 3.273805 0.305947 -0.580109 21.486792 11.830361 2.266129 8.162916 0.000002 0.000001 18.399048 -3.798977 -4.940569 0.000003 -0.000001 -0.000002 2.083499 14.755019 -8.256274 -0.071720 -0.403209 15.188625 -4.969885 -4.735423 -10.471498 1.606220 -1.884494 0.031809 0.000000 -0.000000 0.000002 0.771527 -8.564754 -10.712541 -0.012976 -0.182530 17.799393 2.118830 -6.736887 -12.189072 -1.419885 0.975784 0.680655 0.000000 0.000000 -0.000001 
5.002127 99.406082 5.294507 0.625457 0.757057 4.695587 0.128199 -0.106575 -4.251801 -0.641798 -0.498410 -6.344838 -1.983094 -2.817649 12.053924 -2.834126 2.464807 -11.131067 -1.174282 -1.960815 -3.463137 6.761981 -7.675460 -16.662357 0.000077 -0.000022 0.000006 0.086823 0.226164 0.029168 0.697173 -3.464894 -10.336889 -0.525278 3.940809 -10.262025 -14.668025 -6.482459 11.539219 -57.996437 2.112765 12.296299 0.141325 -43.396618 -0.148909 -3.032488 5.537796 -11.528989 -5.882102 9.861279 0.702590 -10.936859 -0.360575 7.156198 0.000001 8.774814 -0.000001 -16.055561 18.644049 6.489347 -1.844031 2.498503 -2.507274 -10.163590 4.678940 4.621102 -20.975998 -0.000004 0.000001 -21.226254 2.451692 -3.593995 -0.000000 -0.000006 -0.000001 -1.362680 2.240795 -0.746324 -21.334892 0.584908 3.008320 -13.821197 -0.000002 0.000002 -23.887131 -0.249078 -0.839482 -60.680321 2.677032 -1.335663 -0.294024 1.679685 0.833254 -14.218195 0.093215 1.300579 -34.212006 -0.287565 0.967168 -20.033176 0.964535 1.212841 0.000000 0.000000 0.000000 -3.440386 0.788233 0.501656 -15.928171 -3.167306 2.999702 -6.338817 -0.000000 0.000000 -18.123415 3.648176 -4.905662 -0.000002 0.000000 -0.000002 16.905115 6.556940 14.955895 54.600578 22.893875 43.132984 -0.369300 33.677277 -0.102921 2.024710 -0.896911 -0.583418 2.243541 -5.255033 -3.180154 14.282873 -0.826592 6.952493 -0.000003 -12.690590 0.000001 16.116215 -17.705700 2.570642 1.665666 -1.955921 -2.878296 4.727793 -4.170582 4.993917 11.020511 0.000003 -0.000001 12.109031 -3.735709 -2.866780 0.000000 0.000000 -0.000002 1.291984 -1.928547 -1.498087 14.800111 0.567468 3.865600 14.242553 -1.341734 -6.660651 19.631939 0.143929 -0.648244 49.951000 -0.760175 -6.514566 0.353028 -1.511149 -0.031941 20.222767 3.684308 2.316628 18.787245 0.000006 0.000000 10.751610 -0.479868 1.397904 -0.000001 0.000002 -0.000001 3.273805 0.305946 -0.580112 21.486792 11.830363 2.266130 8.162916 0.000001 0.000001 18.399052 -3.798979 -4.940570 0.000004 -0.000001 -0.000002 1.775574 14.555559 -8.246351 -0.067477 -0.387422 14.936995 -4.742292 -4.664878 -10.354449 1.605675 -1.888449 0.079162 0.000000 -0.000000 0.000002 0.505083 -8.798927 -10.799911 -0.006187 -0.180309 17.811899 2.310726 -6.591897 -12.049865 -1.421955 0.981715 0.603969 0.000000 0.000000 -0.000001 
5.290863 99.439217 5.149414 0.670621 0.765979 4.650474 0.029998 -0.109534 -4.250419 -0.639816 -0.524755 -6.355725 -1.939792 -2.834789 12.047144 -2.630255 2.466527 -10.851422 -1.147862 -1.895597 -3.470284 6.743552 -7.637448 -16.553844 0.000077 -0.000023 0.000007 0.086349 0.226363 0.023100 0.694497 -3.466023 -10.351438 -0.525415 3.937560 -10.271849 -14.455012 -6.614220 11.367932 -57.805035 0.897111 12.023476 0.176748 -43.814785 -0.174220 -2.480253 5.554439 -11.964794 -5.882100 9.861278 0.702589 -10.936858 -0.360574 7.156198 -0.000000 8.774814 -0.000002 -16.064730 18.650703 6.456690 -1.844030 2.498503 -2.507275 -10.163589 4.678941 4.621104 -20.975996 -0.000003 0.000002 -21.226250 2.451694 -3.593994 0.000000 -0.000007 0.000000 -1.362680 2.240796 -0.746322 -21.334892 0.584909 3.008322 -13.821194 -0.000002 0.000002 -23.887131 -0.249078 -0.839483 -60.570961 2.704588 -1.358853 -0.294024 1.679686 0.833255 -14.218192 0.093215 1.300579 -34.211998 -0.287562 0.967169 -20.033175 0.964536 1.212840 -0.000001 0.000000 -0.000001 -3.440385 0.788233 0.501654 -15.928165 -3.167306 2.999703 -6.338815 -0.000000 0.000002 -18.123413 3.648178 -4.905663 -0.000004 0.000000 -0.000002 17.062622 6.583713 14.909617 54.644882 23.503428 43.256100 -0.358993 34.127052 -0.111801 1.633312 -0.950502 -1.013683 2.243541 -5.255031 -3.180153 14.282877 -0.826593 6.952495 -0.000002 -12.690590 0.000000 16.119152 -17.764708 2.575727 1.665665 -1.955921 -2.878295 4.727794 -4.170583 4.993917 11.020513 0.000004 -0.000001 12.109032 -3.735710 -2.866780 0.000000 0.000000 -0.000001 1.291984 -1.928547 -1.498088 14.800113 0.567467 3.865602 14.242554 -1.341735 -6.660650 19.631941 0.143925 -0.648244 49.954166 -0.792217 -6.563320 0.353028 -1.511149 -0.031941 20.222773 3.684306 2.316629 18.787245 0.000005 -0.000000 10.751612 -0.479869 1.397904 0.000000 0.000002 0.000000 3.273804 0.305946 -0.580109 21.486790 11.830362 2.266130 8.162918 0.000001 0.000000 18.399054 -3.798979 -4.940567 0.000003 -0.000000 -0.000002 1.515169 14.450343 -8.211337 -0.064299 -0.391253 14.697994 -4.542500 -4.577850 -10.236512 1.606544 -1.885293 0.108225 0.000000 -0.000000 0.000002 0.261952 -9.000328 -10.818018 -0.003938 -0.176628 17.755486 2.502008 -6.368226 -11.893638 -1.424411 0.980883 0.539608 0.000000 0.000000 -0.000001 
5.549181 99.462662 4.951350 0.706896 0.692868 4.587313 -0.055849 -0.113224 -4.239973 -0.643998 -0.546977 -6.358694 -1.892622 -2.858794 12.053134 -2.440714 2.458663 -10.605509 -1.101011 -1.821110 -3.474487 6.720485 -7.563894 -16.483526 0.000077 -0.000023 0.000005 0.083076 0.227364 0.017380 0.690205 -3.463494 -10.362077 -0.526655 3.940941 -10.285112 -14.171437 -6.735713 11.181958 -57.623413 -0.211216 11.961302 0.227251 -44.323086 -0.193217 -1.987172 5.580019 -12.202418 -5.882100 9.861276 0.702591 -10.936858 -0.360575 7.156196 0.000002 8.774812 -0.000002 -16.049963 18.651333 6.420741 -1.844030 2.498503 -2.507277 -10.163589 4.678938 4.621105 -20.975994 -0.000005 0.000004 -21.226255 2.451692 -3.593992 -0.000000 -0.000006 0.000000 -1.362681 2.240798 -0.746322 -21.334892 0.584907 3.008320 -13.821194 -0.000003 0.000004 -23.887129 -0.249079 -0.839479 -60.419842 2.707368 -1.368736 -0.294024 1.679686 0.833255 -14.218192 0.093213 1.300579 -34.211998 -0.287566 0.967171 -20.033176 0.964534 1.212843 0.000001 0.000000 -0.000003 -3.440384 0.788231 0.501656 -15.928167 -3.167308 2.999706 -6.338817 -0.000001 0.000003 -18.123411 3.648176 -4.905660 -0.000003 0.000001 -0.000002 17.223373 6.608960 14.888961 54.703075 24.076183 43.453434 -0.310523 34.630863 -0.098885 1.268952 -0.941831 -1.428672 2.243540 -5.255031 -3.180156 14.282877 -0.826592 6.952497 -0.000003 -12.690588 0.000001 16.119635 -17.813305 2.575481 1.665664 -1.955919 -2.878296 4.727794 -4.170582 4.993921 11.020512 0.000004 -0.000002 12.109030 -3.735710 -2.866779 -0.000000 0.000000 -0.000000 1.291985 -1.928547 -1.498087 14.800113 0.567469 3.865607 14.242553 -1.341735 -6.660648 19.631937 0.143925 -0.648241 49.920059 -0.826901 -6.596644 0.353028 -1.511150 -0.031941 20.222771 3.684307 2.316628 18.787243 0.000005 0.000001 10.751610 -0.479868 1.397906 -0.000001 0.000002 0.000001 3.273804 0.305947 -0.580109 21.486790 11.830361 2.266132 8.162916 0.000001 0.000002 18.399054 -3.798980 -4.940566 0.000003 -0.000001 -0.000002 1.293753 14.414906 -8.188655 -0.060929 -0.376098 14.541650 -4.350589 -4.507041 -10.147784 1.605796 -1.886881 0.140504 0.000000 -0.000000 0.000002 0.052166 -9.220507 -10.904423 -0.006948 -0.160431 17.783844 2.676599 -6.070630 -11.737972 -1.427792 0.987148 0.507449 0.000000 0.000000 -0.000001 
5.792312 99.472992 4.808629 0.749235 0.542059 4.512582 -0.139688 -0.119721 -4.220542 -0.652048 -0.563462 -6.353257 -1.844594 -2.871708 12.056419 -2.278247 2.456525 -10.379319 -1.078705 -1.771843 -3.484864 6.708580 -7.447658 -16.406290 0.000077 -0.000022 0.000006 0.082119 0.221891 0.011210 0.691932 -3.475431 -10.387529 -0.529848 3.937808 -10.312579 -13.874982 -6.822232 11.018500 -57.469189 -1.178962 12.086524 0.264346 -44.801929 -0.198201 -1.529924 5.619798 -12.169457 -5.882100 9.861278 0.702590 -10.936859 -0.360575 7.156198 0.000001 8.774815 -0.000002 -16.035702 18.637722 6.380854 -1.844031 2.498502 -2.507277 -10.163589 4.678940 4.621104 -20.975994 -0.000005 0.000004 -21.226255 2.451693 -3.593992 0.000000 -0.000006 -0.000000 -1.362680 2.240794 -0.746323 -21.334887 0.584909 3.008322 -13.821197 -0.000003 0.000003 -23.887129 -0.249078 -0.839480 -60.298595 2.708387 -1.376706 -0.294024 1.679686 0.833256 -14.218194 0.093215 1.300579 -34.211998 -0.287565 0.967170 -20.033176 0.964534 1.212841 0.000000 0.000000 0.000002 -3.440385 0.788232 0.501655 -15.928167 -3.167306 2.999705 -6.338816 -0.000002 0.000002 -18.123411 3.648175 -4.905661 -0.000003 0.000000 -0.000001 17.364605 6.633490 14.889591 54.783825 24.554680 43.810574 -0.291894 35.067043 -0.101220 0.989392 -0.897806 -1.692407 2.243540 -5.255033 -3.180156 14.282877 -0.826594 6.952499 -0.000003 -12.690587 0.000001 16.145283 -17.842714 2.538085 1.665664 -1.955919 -2.878298 4.727792 -4.170582 4.993919 11.020509 0.000004 -0.000001 12.109031 -3.735709 -2.866778 -0.000000 0.000000 -0.000001 1.291983 -1.928548 -1.498086 14.800113 0.567467 3.865605 14.242553 -1.341735 -6.660646 19.631939 0.143925 -0.648242 49.888561 -0.854666 -6.633030 0.353027 -1.511149 -0.031941 20.222769 3.684307 2.316632 18.787245 0.000005 0.000002 10.751611 -0.479866 1.397905 -0.000001 0.000003 0.000001 3.273805 0.305947 -0.580110 21.486795 11.830363 2.266134 8.162916 -0.000000 -0.000000 18.399054 -3.798980 -4.940565 0.000004 -0.000000 -0.000002 1.050882 14.420738 -8.057264 -0.050615 -0.349208 14.342570 -4.130405 -4.428025 -10.137411 1.607265 -1.877246 0.150961 0.000000 -0.000000 0.000002 -0.167801 -9.456697 -10.977998 -0.006532 -0.150872 17.871799 2.824484 -5.697487 -11.637109 -1.429104 0.980284 0.481790 0.000000 0.000000 -0.000001 
5.964358 99.476585 4.644549 0.809615 0.349262 4.439271 -0.226723 -0.117351 -4.195490 -0.662850 -0.582106 -6.353657 -1.800846 -2.875746 12.069618 -2.161065 2.453848 -10.167870 -1.054256 -1.728862 -3.492069 6.680726 -7.318453 -16.370012 0.000077 -0.000023 0.000006 0.078663 0.220391 0.023814 0.690718 -3.485968 -10.402286 -0.536069 3.937971 -10.311192 -13.563353 -6.907553 10.897615 -57.356518 -1.993688 12.294752 0.299960 -45.244255 -0.196169 -1.156599 5.693856 -11.977108 -5.882101 9.861279 0.702589 -10.936857 -0.360575 7.156196 0.000000 8.774815 0.000000 -16.002289 18.624905 6.352994 -1.844031 2.498504 -2.507277 -10.163589 4.678942 4.621104 -20.975992 -0.000003 0.000001 -21.226255 2.451692 -3.593995 0.000000 -0.000007 -0.000000 -1.362680 2.240795 -0.746323 -21.334887 0.584909 3.008318 -13.821195 -0.000002 0.000003 -23.887129 -0.249077 -0.839482 -60.206524 2.724962 -1.367807 -0.294025 1.679687 0.833253 -14.218190 0.093215 1.300578 -34.211998 -0.287561 0.967167 -20.033175 0.964535 1.212842 0.000000 0.000000 0.000000 -3.440385 0.788232 0.501654 -15.928164 -3.167307 2.999704 -6.338815 -0.000002 0.000002 -18.123413 3.648176 -4.905663 -0.000004 0.000001 -0.000002 17.496281 6.646918 14.893071 54.916763 24.904507 44.310612 -0.296095 35.350132 -0.116395 0.800915 -0.853845 -1.801007 2.243540 -5.255031 -3.180155 14.282878 -0.826594 6.952496 -0.000003 -12.690587 0.000001 16.124737 -17.862616 2.538773 1.665664 -1.955918 -2.878295 4.727794 -4.170582 4.993917 11.020513 0.000003 -0.000001 12.109032 -3.735709 -2.866779 0.000000 0.000000 -0.000002 1.291983 -1.928547 -1.498086 14.800114 0.567469 3.865605 14.242553 -1.341735 -6.660645 19.631939 0.143926 -0.648242 49.828186 -0.884564 -6.651682 0.353028 -1.511149 -0.031940 20.222771 3.684306 2.316627 18.787247 0.000005 -0.000001 10.751611 -0.479867 1.397903 0.000000 0.000003 0.000000 3.273805 0.305946 -0.580113 21.486790 11.830360 2.266129 8.162917 -0.000000 -0.000000 18.399055 -3.798978 -4.940568 0.000004 -0.000001 -0.000002 0.850979 14.456617 -8.055264 -0.047159 -0.333925 14.328643 -3.960667 -4.347099 -10.101927 1.608357 -1.881240 0.155125 0.000000 -0.000000 0.000002 -0.357115 -9.684299 -11.111777 -0.005742 -0.138878 18.036283 2.888841 -5.306365 -11.558116 -1.428986 0.970182 0.462521 0.000000 0.000000 -0.000001 
6.123183 99.489044 4.457368 0.871238 0.111133 4.374702 -0.308133 -0.109556 -4.168855 -0.682888 -0.603438 -6.360696 -1.746696 -2.871843 12.094151 -2.115443 2.466616 -9.968753 -1.014927 -1.688082 -3.498852 6.655874 -7.180320 -16.373760 0.000077 -0.000023 0.000005 0.075501 0.211946 0.017366 0.691477 -3.494445 -10.413994 -0.544862 3.937586 -10.317963 -13.238509 -6.964162 10.802206 -57.341442 -2.626841 12.445118 0.229221 -45.667355 -0.129522 -0.844676 5.801689 -11.629361 -5.882101 9.861278 0.702589 -10.936858 -0.360574 7.156197 0.000000 8.774813 -0.000001 -15.985355 18.624691 6.352836 -1.844031 2.498504 -2.507276 -10.163589 4.678939 4.621104 -20.975996 -0.000006 0.000002 -21.226254 2.451692 -3.593992 0.000001 -0.000006 -0.000001 -1.362681 2.240798 -0.746323 -21.334887 0.584908 3.008322 -13.821197 -0.000003 0.000004 -23.887133 -0.249077 -0.839480 -60.145447 2.718550 -1.359859 -0.294025 1.679687 0.833255 -14.218194 0.093214 1.300579 -34.212002 -0.287563 0.967171 -20.033180 0.964535 1.212844 -0.000000 -0.000001 0.000000 -3.440385 0.788232 0.501654 -15.928169 -3.167308 2.999704 -6.338818 -0.000002 0.000003 -18.123415 3.648175 -4.905658 -0.000004 -0.000000 -0.000002 17.566656 6.659930 14.923288 55.110180 25.151537 44.974743 -0.306300 35.422432 -0.121339 0.683783 -0.837925 -1.712770 2.243541 -5.255033 -3.180156 14.282877 -0.826594 6.952497 -0.000002 -12.690591 -0.000001 16.125774 -17.864788 2.525984 1.665665 -1.955919 -2.878296 4.727793 -4.170583 4.993918 11.020511 0.000004 -0.000001 12.109032 -3.735708 -2.866779 0.000000 0.000000 -0.000002 1.291985 -1.928548 -1.498087 14.800111 0.567468 3.865603 14.242551 -1.341735 -6.660647 19.631937 0.143926 -0.648244 49.784058 -0.876550 -6.688475 0.353030 -1.511149 -0.031940 20.222769 3.684306 2.316628 18.787245 0.000006 -0.000002 10.751610 -0.479869 1.397903 -0.000001 0.000001 -0.000000 3.273805 0.305947 -0.580110 21.486792 11.830366 2.266133 8.162916 0.000001 0.000000 18.399052 -3.798979 -4.940567 0.000003 -0.000001 -0.000000 0.651195 14.546746 -8.050462 -0.043199 -0.320637 14.264915 -3.833049 -4.289503 -10.014388 1.608561 -1.895446 0.151652 0.000000 -0.000000 0.000002 -0.536853 -9.868412 -11.255782 -0.003345 -0.135956 18.154379 2.914489 -4.919634 -11.431933 -1.428021 0.950276 0.440783 0.000000 0.000000 -0.000001 
6.305891 99.518494 4.283691 0.932032 -0.137996 4.332519 -0.379828 -0.121615 -4.153394 -0.702379 -0.609982 -6.364335 -1.691806 -2.867010 12.109941 -2.128511 2.477318 -9.780352 -0.969337 -1.636392 -3.508750 6.634851 -7.035799 -16.405355 0.000077 -0.000023 0.000005 0.074595 0.220667 0.016530 0.696016 -3.489198 -10.425871 -0.544927 3.947649 -10.350683 -12.959346 -6.963096 10.719833 -57.403374 -3.070402 12.623388 0.134993 -46.056816 -0.039069 -0.566364 5.894166 -11.269449 -5.882101 9.861276 0.702590 -10.936858 -0.360575 7.156197 0.000001 8.774812 0.000000 -15.963480 18.614321 6.347208 -1.844030 2.498503 -2.507276 -10.163590 4.678941 4.621104 -20.975996 -0.000004 0.000003 -21.226255 2.451692 -3.593991 0.000001 -0.000005 -0.000000 -1.362681 2.240795 -0.746322 -21.334890 0.584909 3.008320 -13.821197 -0.000002 0.000004 -23.887135 -0.249080 -0.839480 -60.063183 2.743084 -1.351925 -0.294024 1.679686 0.833255 -14.218194 0.093215 1.300580 -34.212006 -0.287564 0.967172 -20.033180 0.964535 1.212843 0.000000 0.000000 0.000000 -3.440385 0.788233 0.501655 -15.928169 -3.167308 2.999705 -6.338817 -0.000003 0.000002 -18.123415 3.648175 -4.905661 -0.000003 0.000001 -0.000003 17.629410 6.663906 14.976242 55.309761 25.250248 45.719299 -0.320672 35.335732 -0.153727 0.688621 -0.886400 -1.447890 2.243541 -5.255032 -3.180154 14.282877 -0.826593 6.952493 -0.000002 -12.690590 -0.000001 16.121176 -17.879408 2.531033 1.665667 -1.955920 -2.878297 4.727795 -4.170583 4.993919 11.020513 0.000003 -0.000003 12.109033 -3.735710 -2.866779 0.000000 0.000000 -0.000001 1.291985 -1.928548 -1.498088 14.800111 0.567469 3.865602 14.242553 -1.341735 -6.660649 19.631939 0.143927 -0.648245 49.762733 -0.891120 -6.696049 0.353028 -1.511150 -0.031941 20.222769 3.684306 2.316627 18.787245 0.000006 -0.000003 10.751612 -0.479868 1.397905 0.000000 0.000001 0.000001 3.273804 0.305948 -0.580109 21.486792 11.830363 2.266127 8.162916 0.000001 -0.000002 18.399054 -3.798979 -4.940567 0.000003 0.000000 -0.000001 0.431994 14.644620 -7.988265 -0.043202 -0.319613 14.049991 -3.708790 -4.212560 -9.860385 1.608919 -1.909791 0.142164 0.000000 -0.000000 0.000002 -0.725709 -10.049891 -11.357924 -0.002367 -0.127776 18.146879 2.966330 -4.543225 -11.244161 -1.426121 0.926749 0.380156 0.000000 0.000000 -0.000001 
6.482703 99.540878 4.082435 0.992209 -0.399896 4.319686 -0.443471 -0.126926 -4.145397 -0.721535 -0.602821 -6.357509 -1.656244 -2.874707 12.112068 -2.179422 2.503616 -9.627563 -0.923236 -1.598979 -3.509327 6.629982 -6.882870 -16.401134 0.000077 -0.000023 0.000006 0.074410 0.223585 0.029128 0.701202 -3.486757 -10.422394 -0.552712 3.952543 -10.320988 -12.739398 -6.943271 10.678657 -57.482029 -3.285353 12.864461 0.041875 -46.387909 0.037262 -0.378523 5.964156 -10.949634 -5.882100 9.861278 0.702589 -10.936858 -0.360574 7.156196 0.000001 8.774816 -0.000001 -15.946325 18.630775 6.337566 -1.844031 2.498502 -2.507275 -10.163589 4.678940 4.621105 -20.975996 -0.000003 0.000002 -21.226254 2.451692 -3.593995 0.000001 -0.000005 0.000001 -1.362681 2.240796 -0.746323 -21.334887 0.584908 3.008318 -13.821197 -0.000003 0.000000 -23.887133 -0.249079 -0.839483 -60.020741 2.769350 -1.376938 -0.294024 1.679687 0.833252 -14.218192 0.093213 1.300578 -34.211998 -0.287564 0.967169 -20.033176 0.964535 1.212842 -0.000000 -0.000000 -0.000001 -3.440385 0.788233 0.501653 -15.928167 -3.167306 2.999702 -6.338818 -0.000002 0.000002 -18.123415 3.648176 -4.905661 -0.000003 0.000001 -0.000002 17.691345 6.663360 15.028840 55.492805 25.186899 46.454430 -0.295050 35.108036 -0.149267 0.844354 -0.971858 -1.033354 2.243541 -5.255032 -3.180154 14.282877 -0.826593 6.952495 -0.000002 -12.690587 0.000000 16.110697 -17.854248 2.525588 1.665664 -1.955919 -2.878296 4.727794 -4.170584 4.993918 11.020512 0.000003 -0.000003 12.109032 -3.735709 -2.866780 0.000001 -0.000000 -0.000001 1.291985 -1.928548 -1.498088 14.800114 0.567467 3.865601 14.242554 -1.341734 -6.660649 19.631939 0.143926 -0.648245 49.757221 -0.864697 -6.673977 0.353028 -1.511150 -0.031940 20.222769 3.684306 2.316627 18.787245 0.000005 -0.000001 10.751611 -0.479869 1.397905 -0.000001 0.000001 0.000001 3.273804 0.305947 -0.580110 21.486792 11.830362 2.266129 8.162916 -0.000000 -0.000002 18.399054 -3.798980 -4.940571 0.000004 0.000000 -0.000001 0.200762 14.739181 -8.023945 -0.041469 -0.331632 13.925569 -3.597195 -4.108594 -9.732245 1.610237 -1.911504 0.123054 -0.000000 0.000000 0.000002 -0.901905 -10.212652 -11.548490 0.002710 -0.125101 18.208218 3.021755 -4.137066 -11.068844 -1.425458 0.920225 0.297932 0.000000 0.000000 -0.000001 
6.652991 99.574974 3.876323 1.029757 -0.679799 4.327531 -0.492668 -0.114426 -4.135199 -0.734457 -0.613184 -6.359121 -1.630476 -2.846392 12.123953 -2.258548 2.516399 -9.539682 -0.856396 -1.554653 -3.492807 6.609331 -6.731468 -16.358831 0.000077 -0.000022 0.000005 0.071263 0.216392 0.023350 0.702786 -3.490445 -10.437956 -0.559256 3.947437 -10.336014 -12.560256 -6.907214 10.675562 -57.619785 -3.324795 13.146317 -0.024368 -46.654610 0.086563 -0.255266 6.063775 -10.652174 -5.882101 9.861278 0.702591 -10.936858 -0.360574 7.156198 0.000000 8.774813 -0.000001 -15.899054 18.630241 6.348628 -1.844030 2.498502 -2.507275 -10.163589 4.678940 4.621105 -20.975992 -0.000004 0.000006 -21.226248 2.451694 -3.593991 0.000001 -0.000006 0.000001 -1.362681 2.240797 -0.746323 -21.334892 0.584911 3.008321 -13.821197 -0.000003 0.000002 -23.887125 -0.249077 -0.839484 -59.968933 2.796192 -1.373429 -0.294025 1.679686 0.833256 -14.218190 0.093215 1.300580 -34.211998 -0.287562 0.967170 -20.033173 0.964537 1.212845 0.000000 -0.000001 -0.000001 -3.440385 0.788232 0.501656 -15.928165 -3.167308 2.999705 -6.338817 -0.000002 0.000003 -18.123411 3.648176 -4.905662 -0.000004 0.000001 -0.000002 17.748079 6.644260 15.119774 55.600105 25.022264 47.137066 -0.203551 34.812408 -0.111837 1.122863 -1.157530 -0.513921 2.243540 -5.255033 -3.180155 14.282877 -0.826593 6.952495 -0.000001 -12.690586 0.000000 16.138741 -17.809891 2.534560 1.665666 -1.955921 -2.878296 4.727793 -4.170582 4.993919 11.020512 0.000002 -0.000001 12.109033 -3.735710 -2.866781 -0.000000 0.000001 -0.000002 1.291984 -1.928547 -1.498088 14.800114 0.567467 3.865604 14.242554 -1.341736 -6.660649 19.631939 0.143922 -0.648243 49.776188 -0.830046 -6.630451 0.353029 -1.511150 -0.031941 20.222769 3.684304 2.316629 18.787249 0.000005 -0.000001 10.751612 -0.479869 1.397904 -0.000001 0.000002 0.000001 3.273804 0.305945 -0.580109 21.486790 11.830359 2.266130 8.162917 -0.000001 -0.000002 18.399057 -3.798978 -4.940570 0.000003 -0.000001 -0.000000 -0.004450 14.835351 -8.053380 -0.044242 -0.332546 13.736273 -3.500690 -3.980811 -9.565571 1.611489 -1.921652 0.083606 0.000000 0.000000 0.000002 -1.039746 -10.336359 -11.718241 0.005749 -0.117916 18.162964 3.065600 -3.739253 -10.831923 -1.425647 0.913489 0.218496 -0.000000 -0.000000 -0.000001 
6.759655 99.582695 3.697807 1.048484 -0.960059 4.344620 -0.526883 -0.128929 -4.125217 -0.743700 -0.581486 -6.334550 -1.614148 -2.820593 12.106929 -2.363705 2.537460 -9.461432 -0.794297 -1.533900 -3.478410 6.579177 -6.574504 -16.299749 0.000077 -0.000023 0.000006 0.067272 0.211770 0.033720 0.705678 -3.498919 -10.413248 -0.571642 3.941435 -10.322170 -12.426974 -6.868063 10.674044 -57.804638 -3.197820 13.583481 -0.002591 -46.754322 0.089023 -0.216133 6.118159 -10.361096 -5.882101 9.861279 0.702588 -10.936859 -0.360575 7.156196 0.000000 8.774814 -0.000001 -15.874170 18.673889 6.364367 -1.844030 2.498504 -2.507275 -10.163589 4.678938 4.621106 -20.975994 -0.000004 0.000002 -21.226254 2.451693 -3.593991 0.000002 -0.000005 0.000001 -1.362681 2.240796 -0.746322 -21.334887 0.584908 3.008322 -13.821197 -0.000003 0.000002 -23.887129 -0.249078 -0.839484 -59.991161 2.827932 -1.379343 -0.294024 1.679686 0.833254 -14.218190 0.093214 1.300579 -34.211998 -0.287565 0.967169 -20.033175 0.964536 1.212842 0.000000 -0.000001 0.000000 -3.440386 0.788233 0.501656 -15.928165 -3.167307 2.999704 -6.338817 -0.000002 0.000002 -18.123415 3.648176 -4.905663 -0.000004 0.000000 -0.000003 17.779457 6.595589 15.225200 55.659035 24.763006 47.890209 -0.205442 34.513573 -0.098480 1.547534 -1.406843 0.040090 2.243540 -5.255033 -3.180156 14.282877 -0.826594 6.952497 -0.000002 -12.690588 0.000000 16.127108 -17.767185 2.568141 1.665664 -1.955919 -2.878296 4.727795 -4.170582 4.993920 11.020513 0.000002 -0.000002 12.109034 -3.735711 -2.866778 -0.000000 0.000001 -0.000002 1.291984 -1.928546 -1.498089 14.800113 0.567468 3.865602 14.242553 -1.341733 -6.660649 19.631939 0.143924 -0.648244 49.806591 -0.801686 -6.545876 0.353028 -1.511150 -0.031940 20.222769 3.684305 2.316628 18.787245 0.000004 0.000001 10.751611 -0.479868 1.397904 0.000002 0.000000 0.000000 3.273804 0.305947 -0.580110 21.486792 11.830362 2.266131 8.162917 0.000001 0.000000 18.399054 -3.798977 -4.940569 0.000005 -0.000000 -0.000002 -0.140686 14.929140 -8.185075 -0.048392 -0.321652 13.775334 -3.424861 -3.883829 -9.522221 1.614232 -1.920553 0.035091 -0.000000 0.000000 0.000002 -1.116836 -10.481256 -11.949018 0.016719 -0.110008 18.261250 3.075735 -3.350054 -10.694818 -1.425178 0.910194 0.140513 -0.000000 -0.000000 -0.000001 
6.827716 99.583122 3.560241 1.054616 -1.232731 4.359549 -0.552799 -0.137115 -4.098619 -0.745694 -0.573779 -6.314769 -1.614735 -2.776164 12.103406 -2.475458 2.529848 -9.396010 -0.755231 -1.465055 -3.465280 6.547389 -6.452400 -16.256435 0.000077 -0.000023 0.000006 0.064550 0.199312 0.035271 0.707065 -3.507839 -10.419085 -0.577651 3.932845 -10.327393 -12.360596 -6.796046 10.733667 -58.025227 -3.006536 14.021756 0.024375 -46.687122 0.096188 -0.294585 6.253475 -10.005063 -5.882101 9.861278 0.702589 -10.936859 -0.360575 7.156199 -0.000000 8.774814 -0.000002 -15.872564 18.677172 6.388459 -1.844030 2.498502 -2.507276 -10.163589 4.678939 4.621103 -20.975992 -0.000004 0.000002 -21.226254 2.451692 -3.593993 0.000002 -0.000006 0.000001 -1.362681 2.240797 -0.746322 -21.334894 0.584908 3.008320 -13.821197 -0.000003 0.000002 -23.887129 -0.249079 -0.839481 -60.039219 2.835867 -1.363496 -0.294024 1.679686 0.833255 -14.218192 0.093214 1.300579 -34.211998 -0.287564 0.967170 -20.033176 0.964535 1.212841 -0.000000 0.000001 -0.000000 -3.440385 0.788232 0.501655 -15.928165 -3.167306 2.999703 -6.338817 -0.000002 0.000000 -18.123411 3.648179 -4.905662 -0.000003 0.000001 -0.000003 17.810635 6.529247 15.355900 55.637150 24.436110 48.634789 -0.219095 34.318443 -0.091334 1.984658 -1.687090 0.546695 2.243540 -5.255032 -3.180154 14.282875 -0.826593 6.952496 -0.000003 -12.690590 0.000001 16.110060 -17.720163 2.589546 1.665664 -1.955920 -2.878296 4.727791 -4.170583 4.993917 11.020512 0.000005 -0.000001 12.109029 -3.735708 -2.866778 0.000000 0.000000 0.000001 1.291985 -1.928548 -1.498088 14.800109 0.567469 3.865602 14.242551 -1.341734 -6.660648 19.631937 0.143927 -0.648243 49.832649 -0.784437 -6.494823 0.353028 -1.511150 -0.031938 20.222769 3.684308 2.316628 18.787245 0.000006 0.000000 10.751610 -0.479867 1.397904 0.000000 0.000001 0.000000 3.273802 0.305948 -0.580111 21.486790 11.830365 2.266131 8.162916 0.000003 -0.000001 18.399048 -3.798979 -4.940566 0.000004 0.000000 0.000000 -0.226500 15.033229 -8.306206 -0.059673 -0.322071 13.855873 -3.360568 -3.759256 -9.521544 1.617709 -1.928622 -0.002391 -0.000000 0.000000 0.000002 -1.154276 -10.648699 -12.152575 0.022230 -0.099159 18.367403 3.066149 -2.924567 -10.593840 -1.425003 0.896577 0.100857 0.000000 0.000000 -0.000001 
6.876977 99.588684 3.415216 1.050235 -1.484583 4.373562 -0.583483 -0.157033 -4.072110 -0.747545 -0.566296 -6.289156 -1.626075 -2.735427 12.109329 -2.565291 2.486235 -9.317404 -0.749877 -1.379853 -3.463128 6.526200 -6.335453 -16.272583 0.000077 -0.000022 0.000006 0.064966 0.202867 0.040459 0.709683 -3.501981 -10.398927 -0.579180 3.931023 -10.321438 -12.368821 -6.715795 10.817752 -58.253323 -2.732173 14.547862 0.180125 -46.407745 0.008835 -0.436718 6.407125 -9.664975 -5.882099 9.861278 0.702590 -10.936858 -0.360574 7.156196 0.000000 8.774814 -0.000002 -15.902957 18.702364 6.388063 -1.844030 2.498501 -2.507277 -10.163589 4.678939 4.621107 -20.975992 -0.000004 0.000003 -21.226250 2.451692 -3.593993 0.000002 -0.000006 0.000001 -1.362680 2.240797 -0.746325 -21.334887 0.584907 3.008321 -13.821194 -0.000003 0.000002 -23.887123 -0.249079 -0.839480 -60.082447 2.845205 -1.407747 -0.294024 1.679685 0.833256 -14.218189 0.093215 1.300580 -34.211998 -0.287562 0.967170 -20.033178 0.964536 1.212843 -0.000000 0.000001 -0.000001 -3.440384 0.788232 0.501653 -15.928167 -3.167306 2.999704 -6.338816 -0.000003 0.000001 -18.123411 3.648176 -4.905662 -0.000002 -0.000000 -0.000003 17.848057 6.421013 15.466249 55.523582 24.061810 49.355595 -0.314337 34.201523 -0.115318 2.362910 -1.926068 0.887576 2.243541 -5.255031 -3.180156 14.282877 -0.826592 6.952496 -0.000002 -12.690587 0.000000 16.078485 -17.724094 2.631218 1.665664 -1.955920 -2.878298 4.727794 -4.170582 4.993919 11.020511 0.000003 -0.000001 12.109032 -3.735711 -2.866778 0.000000 0.000000 0.000000 1.291984 -1.928548 -1.498088 14.800111 0.567467 3.865603 14.242553 -1.341734 -6.660649 19.631939 0.143924 -0.648244 49.898239 -0.783741 -6.484440 0.353028 -1.511149 -0.031941 20.222769 3.684306 2.316630 18.787245 0.000005 0.000001 10.751612 -0.479867 1.397903 0.000000 0.000001 0.000000 3.273805 0.305947 -0.580111 21.486794 11.830363 2.266133 8.162916 -0.000001 0.000002 18.399052 -3.798980 -4.940567 0.000003 -0.000003 -0.000001 -0.292446 15.143172 -8.423898 -0.063839 -0.331344 13.913344 -3.297730 -3.646877 -9.498606 1.622023 -1.922676 -0.042978 0.000000 -0.000000 0.000002 -1.162880 -10.881853 -12.332975 0.029412 -0.081302 18.423079 3.046810 -2.486372 -10.466227 -1.423928 0.889091 0.037763 -0.000000 -0.000000 -0.000001 
6.895005 99.608574 3.295384 1.017438 -1.705885 4.391259 -0.610867 -0.143000 -4.046745 -0.747942 -0.591078 -6.279891 -1.651443 -2.714145 12.130264 -2.614809 2.463747 -9.209840 -0.767522 -1.312184 -3.469055 6.528952 -6.258198 -16.285681 0.000077 -0.000022 0.000007 0.064733 0.205265 0.045471 0.715648 -3.489474 -10.384427 -0.586205 3.924463 -10.309650 -12.446444 -6.623696 10.910906 -58.536488 -2.341849 14.932482 0.294840 -45.972370 -0.060759 -0.578571 6.634614 -9.256980 -5.882101 9.861279 0.702591 -10.936858 -0.360575 7.156198 0.000000 8.774813 0.000000 -15.898889 18.679251 6.385714 -1.844031 2.498502 -2.507276 -10.163589 4.678938 4.621103 -20.975996 -0.000004 0.000002 -21.226250 2.451691 -3.593993 0.000001 -0.000006 0.000001 -1.362681 2.240795 -0.746322 -21.334892 0.584908 3.008320 -13.821194 -0.000004 0.000001 -23.887131 -0.249078 -0.839481 -60.074085 2.810422 -1.432594 -0.294024 1.679688 0.833255 -14.218194 0.093214 1.300578 -34.211998 -0.287566 0.967171 -20.033178 0.964534 1.212841 0.000000 -0.000000 0.000001 -3.440386 0.788234 0.501655 -15.928167 -3.167307 2.999701 -6.338817 -0.000001 0.000002 -18.123411 3.648177 -4.905664 -0.000003 0.000001 -0.000002 17.922058 6.308930 15.603165 55.342060 23.712229 49.826229 -0.378965 34.131432 -0.113952 2.642467 -2.135036 1.199331 2.243541 -5.255033 -3.180156 14.282877 -0.826593 6.952496 -0.000003 -12.690590 0.000000 16.006496 -17.747023 2.686413 1.665665 -1.955921 -2.878296 4.727794 -4.170582 4.993918 11.020513 0.000003 -0.000001 12.109033 -3.735709 -2.866779 -0.000001 -0.000000 0.000000 1.291985 -1.928548 -1.498087 14.800113 0.567467 3.865603 14.242553 -1.341735 -6.660648 19.631937 0.143927 -0.648242 49.947849 -0.792173 -6.488973 0.353028 -1.511149 -0.031941 20.222769 3.684305 2.316628 18.787249 0.000005 -0.000001 10.751611 -0.479867 1.397903 0.000001 0.000000 0.000001 3.273804 0.305947 -0.580111 21.486792 11.830361 2.266130 8.162916 0.000000 0.000002 18.399054 -3.798979 -4.940566 0.000005 -0.000001 -0.000002 -0.299568 15.302203 -8.480785 -0.062492 -0.322899 13.869805 -3.249856 -3.568223 -9.428180 1.625453 -1.930945 -0.094249 0.000000 0.000000 0.000002 -1.118484 -11.132087 -12.421396 0.033872 -0.067402 18.327850 3.010117 -2.065774 -10.286977 -1.424181 0.892408 -0.031165 -0.000000 -0.000000 -0.000001 
6.903103 99.642418 3.093741 0.955949 -1.880850 4.394213 -0.620867 -0.145329 -4.013804 -0.746904 -0.591349 -6.286673 -1.686369 -2.718757 12.154860 -2.671806 2.436107 -9.047824 -0.810470 -1.315645 -3.500051 6.571155 -6.147358 -16.228333 0.000077 -0.000022 0.000007 0.051651 0.174284 0.038865 0.706760 -3.519868 -10.385762 -0.604431 3.879762 -10.327006 -12.575513 -6.540650 11.030780 -58.866146 -1.885281 15.075847 0.321211 -45.488560 -0.061356 -0.694074 6.914015 -8.935542 -5.882101 9.861278 0.702589 -10.936858 -0.360574 7.156200 -0.000001 8.774812 -0.000001 -15.870958 18.683798 6.372319 -1.844031 2.498503 -2.507277 -10.163590 4.678941 4.621106 -20.975992 -0.000001 0.000003 -21.226255 2.451694 -3.593993 0.000001 -0.000006 0.000001 -1.362681 2.240796 -0.746323 -21.334894 0.584911 3.008322 -13.821194 -0.000002 0.000003 -23.887129 -0.249074 -0.839482 -60.026669 2.769212 -1.441166 -0.294024 1.679687 0.833255 -14.218192 0.093215 1.300581 -34.211998 -0.287557 0.967172 -20.033180 0.964538 1.212842 0.000001 -0.000000 -0.000000 -3.440386 0.788233 0.501655 -15.928167 -3.167306 2.999703 -6.338818 -0.000001 0.000002 -18.123411 3.648178 -4.905658 -0.000004 0.000000 -0.000002 17.962511 6.243615 15.731204 55.236214 23.307688 49.967747 -0.482080 34.002659 -0.129536 2.824298 -2.344946 1.566662 2.243539 -5.255031 -3.180157 14.282875 -0.826593 6.952495 -0.000002 -12.690587 0.000001 15.962995 -17.771418 2.710987 1.665665 -1.955921 -2.878297 4.727793 -4.170584 4.993919 11.020511 0.000002 -0.000001 12.109033 -3.735709 -2.866780 -0.000000 0.000000 0.000000 1.291984 -1.928547 -1.498088 14.800111 0.567468 3.865603 14.242553 -1.341735 -6.660648 19.631935 0.143925 -0.648244 50.008759 -0.820135 -6.515467 0.353029 -1.511149 -0.031940 20.222769 3.684304 2.316629 18.787243 0.000005 -0.000000 10.751610 -0.479868 1.397904 -0.000000 -0.000000 0.000000 3.273805 0.305947 -0.580111 21.486788 11.830360 2.266129 8.162916 -0.000001 0.000002 18.399050 -3.798981 -4.940567 0.000006 -0.000001 -0.000002 -0.276814 15.463109 -8.577881 -0.062287 -0.327646 13.815933 -3.187518 -3.495338 -9.291959 1.628950 -1.949911 -0.129004 0.000000 -0.000000 0.000002 -1.021297 -11.442600 -12.490821 0.039634 -0.043039 18.125904 2.998352 -1.671422 -10.009280 -1.425700 0.902416 -0.096078 -0.000000 -0.000000 -0.000001 
6.931194 99.689529 2.923367 0.882727 -2.032041 4.351058 -0.604078 -0.150212 -3.950327 -0.754771 -0.550946 -6.313715 -1.739874 -2.753225 12.194358 -2.740977 2.429760 -8.888489 -0.863884 -1.382792 -3.511272 6.646559 -6.016373 -16.114798 0.000077 -0.000022 0.000007 0.024940 0.112545 0.055548 0.679253 -3.577126 -10.366847 -0.627854 3.815176 -10.315910 -12.734035 -6.444156 11.118566 -59.117756 -1.374950 14.940203 0.235362 -45.087933 -0.016654 -0.779086 7.164347 -8.620754 -5.882101 9.861279 0.702591 -10.936858 -0.360575 7.156196 0.000000 8.774813 0.000000 -15.788538 18.668318 6.350836 -1.844031 2.498502 -2.507277 -10.163589 4.678937 4.621102 -20.975996 -0.000004 0.000003 -21.226254 2.451692 -3.593992 0.000001 -0.000006 -0.000000 -1.362680 2.240796 -0.746323 -21.334890 0.584908 3.008321 -13.821197 -0.000004 0.000002 -23.887129 -0.249078 -0.839478 -59.929970 2.753612 -1.426576 -0.294025 1.679687 0.833255 -14.218194 0.093213 1.300580 -34.211998 -0.287565 0.967170 -20.033180 0.964535 1.212844 0.000000 0.000000 0.000000 -3.440385 0.788231 0.501654 -15.928167 -3.167306 2.999703 -6.338818 -0.000001 0.000001 -18.123415 3.648173 -4.905661 -0.000003 0.000000 -0.000002 17.960983 6.247324 15.812577 55.225990 22.858047 49.763233 -0.536664 33.827850 -0.148967 2.849713 -2.516159 1.838305 2.243540 -5.255031 -3.180157 14.282877 -0.826593 6.952495 -0.000003 -12.690591 0.000000 15.978521 -17.811327 2.670379 1.665664 -1.955920 -2.878296 4.727793 -4.170583 4.993918 11.020513 0.000003 0.000000 12.109033 -3.735708 -2.866780 -0.000001 0.000000 -0.000000 1.291983 -1.928547 -1.498088 14.800111 0.567468 3.865604 14.242553 -1.341735 -6.660648 19.631939 0.143926 -0.648241 50.084579 -0.809514 -6.576654 0.353029 -1.511149 -0.031940 20.222769 3.684308 2.316629 18.787245 0.000007 -0.000001 10.751610 -0.479867 1.397904 0.000001 -0.000001 0.000001 3.273805 0.305946 -0.580110 21.486794 11.830363 2.266130 8.162916 0.000001 0.000000 18.399052 -3.798980 -4.940568 0.000005 -0.000001 -0.000002 -0.233223 15.524592 -8.532532 -0.059297 -0.306829 13.618991 -3.100899 -3.375142 -9.111933 1.633247 -1.988799 -0.146106 0.000000 -0.000000 0.000002 -0.940489 -11.741573 -12.410841 0.037865 -0.051583 17.776798 2.999087 -1.279227 -9.681190 -1.429123 0.905532 -0.155804 0.000000 0.000000 -0.000001 
