HIERARCHY
ROOT Hips
{
	OFFSET 0.000000 0.000000 0.000000
	CHANNELS 6 Xposition Yposition Zposition Zrotation Yrotation Xrotation 
	JOINT Spine1
	{
		OFFSET -0.013727 5.003763 -0.053727
		CHANNELS 3 Zrotation Yrotation Xrotation
		JOINT Spine2
		{
			OFFSET -0.000000 7.125302 -0.029825
			CHANNELS 3 Zrotation Yrotation Xrotation
			JOINT Chest
			{
				OFFSET -0.000001 7.550063 -0.815971
				CHANNELS 3 Zrotation Yrotation Xrotation
				JOINT Neck1
				{
					OFFSET -0.181676 26.311296 -0.553348
					CHANNELS 3 Zrotation Yrotation Xrotation
					JOINT Neck2
					{
						OFFSET -0.000003 7.709399 2.302586
						CHANNELS 3 Zrotation Yrotation Xrotation
						JOINT Head
						{
							OFFSET -0.000005 6.128915 1.953708
							CHANNELS 3 Zrotation Yrotation Xrotation
							JOINT HeadEnd
							{
								OFFSET 0.003598 16.065401 -1.835379
								CHANNELS 3 Zrotation Yrotation Xrotation
								End Site
								{
									OFFSET 0.000000 0.000000 0.000000
								}
							}
							JOINT Jaw
							{
								OFFSET 0.002637 0.475590 3.094941
								CHANNELS 3 Zrotation Yrotation Xrotation
								End Site
								{
									OFFSET 0.000000 0.000000 0.000000
								}
							}
							JOINT LeftEye
							{
								OFFSET 3.206381 5.380207 7.586884
								CHANNELS 3 Zrotation Yrotation Xrotation
								End Site
								{
									OFFSET 0.000000 0.000000 0.000000
								}
							}
							JOINT RightEye
							{
								OFFSET -3.222440 5.361866 7.558233
								CHANNELS 3 Zrotation Yrotation Xrotation
								End Site
								{
									OFFSET 0.000000 0.000000 0.000000
								}
							}
						}
					}
				}
				JOINT LeftShoulder
				{
					OFFSET 1.621652 23.237164 5.113413
					CHANNELS 3 Zrotation Yrotation Xrotation
					JOINT LeftArm
					{
						OFFSET 14.919845 -0.000001 -5.502326
						CHANNELS 3 Zrotation Yrotation Xrotation
						JOINT LeftForeArm
						{
							OFFSET 28.739309 0.000003 -0.002588
							CHANNELS 3 Zrotation Yrotation Xrotation
							JOINT LeftHand
							{
								OFFSET 27.093983 -0.000003 0.002610
								CHANNELS 3 Zrotation Yrotation Xrotation
								JOINT LeftHandThumb1
								{
									OFFSET 2.276481 -1.392045 3.191413
									CHANNELS 3 Zrotation Yrotation Xrotation
									JOINT LeftHandThumb2
									{
										OFFSET 4.012841 -1.828126 1.641655
										CHANNELS 3 Zrotation Yrotation Xrotation
										JOINT LeftHandThumb3
										{
											OFFSET 2.798517 0.000001 -0.000003
											CHANNELS 3 Zrotation Yrotation Xrotation
											JOINT LeftHandThumbEnd
											{
												OFFSET 3.180790 -0.000002 0.000003
												CHANNELS 3 Zrotation Yrotation Xrotation
												End Site
												{
													OFFSET 0.000000 0.000000 0.000000
												}
											}
										}
									}
								}
								JOINT LeftHandIndex1
								{
									OFFSET 3.247552 -0.531998 2.296169
									CHANNELS 3 Zrotation Yrotation Xrotation
									JOINT LeftHandIndex2
									{
										OFFSET 6.364580 0.012062 0.178600
										CHANNELS 3 Zrotation Yrotation Xrotation
										JOINT LeftHandIndex3
										{
											OFFSET 3.662366 0.000001 -0.000000
											CHANNELS 3 Zrotation Yrotation Xrotation
											JOINT LeftHandIndex4
											{
												OFFSET 2.329242 0.000003 0.000003
												CHANNELS 3 Zrotation Yrotation Xrotation
												JOINT LeftHandIndexEnd
												{
													OFFSET 2.759619 -0.180539 -0.113024
													CHANNELS 3 Zrotation Yrotation Xrotation
													End Site
													{
														OFFSET 0.000000 0.000000 0.000000
													}
												}
											}
										}
									}
								}
								JOINT LeftHandMiddle1
								{
									OFFSET 3.163499 0.240982 1.000332
									CHANNELS 3 Zrotation Yrotation Xrotation
									JOINT LeftHandMiddle2
									{
										OFFSET 6.190778 -0.259276 -1.002549
										CHANNELS 3 Zrotation Yrotation Xrotation
										JOINT LeftHandMiddle3
										{
											OFFSET 4.356523 -0.000006 0.000000
											CHANNELS 3 Zrotation Yrotation Xrotation
											JOINT LeftHandMiddle4
											{
												OFFSET 2.996875 -0.000007 0.000001
												CHANNELS 3 Zrotation Yrotation Xrotation
												JOINT LeftHandMiddleEnd
												{
													OFFSET 2.304294 -0.294572 -0.031740
													CHANNELS 3 Zrotation Yrotation Xrotation
													End Site
													{
														OFFSET 0.000000 0.000000 0.000000
													}
												}
											}
										}
									}
								}
								JOINT LeftHandRing1
								{
									OFFSET 2.882642 -0.053650 -0.322543
									CHANNELS 3 Zrotation Yrotation Xrotation
									JOINT LeftHandRing2
									{
										OFFSET 5.854542 -0.486203 -1.373841
										CHANNELS 3 Zrotation Yrotation Xrotation
										JOINT LeftHandRing3
										{
											OFFSET 4.350581 0.000000 0.000003
											CHANNELS 3 Zrotation Yrotation Xrotation
											JOINT LeftHandRing4
											{
												OFFSET 2.651324 0.000006 0.000004
												CHANNELS 3 Zrotation Yrotation Xrotation
												JOINT LeftHandRingEnd
												{
													OFFSET 1.936111 0.077685 -0.000069
													CHANNELS 3 Zrotation Yrotation Xrotation
													End Site
													{
														OFFSET 0.000000 0.000000 0.000000
													}
												}
											}
										}
									}
								}
								JOINT LeftHandPinky1
								{
									OFFSET 2.865499 -0.310004 -1.600378
									CHANNELS 3 Zrotation Yrotation Xrotation
									JOINT LeftHandPinky2
									{
										OFFSET 5.087853 -1.331142 -1.771231
										CHANNELS 3 Zrotation Yrotation Xrotation
										JOINT LeftHandPinky3
										{
											OFFSET 3.070975 0.000003 0.000001
											CHANNELS 3 Zrotation Yrotation Xrotation
											JOINT LeftHandPinky4
											{
												OFFSET 1.549667 -0.000000 0.000001
												CHANNELS 3 Zrotation Yrotation Xrotation
												JOINT LeftHandPinkyEnd
												{
													OFFSET 1.944894 -0.157802 0.057219
													CHANNELS 3 Zrotation Yrotation Xrotation
													End Site
													{
														OFFSET 0.000000 0.000000 0.000000
													}
												}
											}
										}
									}
								}
							}
						}
					}
				}
				JOINT RightShoulder
				{
					OFFSET -1.380118 23.180305 5.214158
					CHANNELS 3 Zrotation Yrotation Xrotation
					JOINT RightArm
					{
						OFFSET -15.037197 0.000013 -5.545605
						CHANNELS 3 Zrotation Yrotation Xrotation
						JOINT RightForeArm
						{
							OFFSET -28.736643 0.000003 -0.002597
							CHANNELS 3 Zrotation Yrotation Xrotation
							JOINT RightHand
							{
								OFFSET -27.133619 -0.000000 0.002612
								CHANNELS 3 Zrotation Yrotation Xrotation
								JOINT RightHandThumb1
								{
									OFFSET -2.274038 -1.383990 3.163128
									CHANNELS 3 Zrotation Yrotation Xrotation
									JOINT RightHandThumb2
									{
										OFFSET -4.011428 -1.827468 1.640914
										CHANNELS 3 Zrotation Yrotation Xrotation
										JOINT RightHandThumb3
										{
											OFFSET -2.794935 -0.000003 -0.000003
											CHANNELS 3 Zrotation Yrotation Xrotation
											JOINT RightHandThumbEnd
											{
												OFFSET -3.183856 0.000004 -0.000000
												CHANNELS 3 Zrotation Yrotation Xrotation
												End Site
												{
													OFFSET 0.000000 0.000000 0.000000
												}
											}
										}
									}
								}
								JOINT RightHandIndex1
								{
									OFFSET -3.253271 -0.520059 2.282866
									CHANNELS 3 Zrotation Yrotation Xrotation
									JOINT RightHandIndex2
									{
										OFFSET -6.341918 0.012473 0.178265
										CHANNELS 3 Zrotation Yrotation Xrotation
										JOINT RightHandIndex3
										{
											OFFSET -3.654875 -0.000009 -0.000000
											CHANNELS 3 Zrotation Yrotation Xrotation
											JOINT RightHandIndex4
											{
												OFFSET -2.327586 0.000000 0.000000
												CHANNELS 3 Zrotation Yrotation Xrotation
												JOINT RightHandIndexEnd
												{
													OFFSET -2.761789 -0.180657 -0.113078
													CHANNELS 3 Zrotation Yrotation Xrotation
													End Site
													{
														OFFSET 0.000000 0.000000 0.000000
													}
												}
											}
										}
									}
								}
								JOINT RightHandMiddle1
								{
									OFFSET -3.168107 0.246594 1.001031
									CHANNELS 3 Zrotation Yrotation Xrotation
									JOINT RightHandMiddle2
									{
										OFFSET -6.180829 -0.258836 -1.000896
										CHANNELS 3 Zrotation Yrotation Xrotation
										JOINT RightHandMiddle3
										{
											OFFSET -4.348906 -0.000000 -0.000001
											CHANNELS 3 Zrotation Yrotation Xrotation
											JOINT RightHandMiddle4
											{
												OFFSET -3.000244 -0.000004 -0.000002
												CHANNELS 3 Zrotation Yrotation Xrotation
												JOINT RightHandMiddleEnd
												{
													OFFSET -2.302518 -0.294371 -0.031706
													CHANNELS 3 Zrotation Yrotation Xrotation
													End Site
													{
														OFFSET 0.000000 0.000000 0.000000
													}
												}
											}
										}
									}
								}
								JOINT RightHandRing1
								{
									OFFSET -2.885694 -0.067952 -0.308858
									CHANNELS 3 Zrotation Yrotation Xrotation
									JOINT RightHandRing2
									{
										OFFSET -5.854198 -0.486132 -1.373732
										CHANNELS 3 Zrotation Yrotation Xrotation
										JOINT RightHandRing3
										{
											OFFSET -4.338814 -0.000004 -0.000000
											CHANNELS 3 Zrotation Yrotation Xrotation
											JOINT RightHandRing4
											{
												OFFSET -2.654905 -0.000004 0.000004
												CHANNELS 3 Zrotation Yrotation Xrotation
												JOINT RightHandRingEnd
												{
													OFFSET -1.933571 0.077525 -0.000053
													CHANNELS 3 Zrotation Yrotation Xrotation
													End Site
													{
														OFFSET 0.000000 0.000000 0.000000
													}
												}
											}
										}
									}
								}
								JOINT RightHandPinky1
								{
									OFFSET -2.866430 -0.342798 -1.584145
									CHANNELS 3 Zrotation Yrotation Xrotation
									JOINT RightHandPinky2
									{
										OFFSET -5.091370 -1.332054 -1.772385
										CHANNELS 3 Zrotation Yrotation Xrotation
										JOINT RightHandPinky3
										{
											OFFSET -3.062666 -0.000006 0.000000
											CHANNELS 3 Zrotation Yrotation Xrotation
											JOINT RightHandPinky4
											{
												OFFSET -1.546527 0.000005 -0.000002
												CHANNELS 3 Zrotation Yrotation Xrotation
												JOINT RightHandPinkyEnd
												{
													OFFSET -1.945122 -0.157721 0.057211
													CHANNELS 3 Zrotation Yrotation Xrotation
													End Site
													{
														OFFSET 0.000000 0.000000 0.000000
													}
												}
											}
										}
									}
								}
							}
						}
					}
				}
			}
		}
	}
	JOINT LeftLeg
	{
		OFFSET 10.043214 -8.434526 2.595655
		CHANNELS 3 Zrotation Yrotation Xrotation
		JOINT LeftShin
		{
			OFFSET -0.000001 -43.221752 -0.802913
			CHANNELS 3 Zrotation Yrotation Xrotation
			JOINT LeftFoot
			{
				OFFSET 0.000001 -42.155094 -3.481523
				CHANNELS 3 Zrotation Yrotation Xrotation
				JOINT LeftToeBase
				{
					OFFSET -0.000000 -5.059475 13.231529
					CHANNELS 3 Zrotation Yrotation Xrotation
					JOINT LeftToeEnd
					{
						OFFSET -0.009607 -1.647615 6.513017
						CHANNELS 3 Zrotation Yrotation Xrotation
						End Site
						{
							OFFSET 0.000000 0.000000 0.000000
						}
					}
				}
			}
		}
	}
	JOINT RightLeg
	{
		OFFSET -10.047277 -8.295260 2.620317
		CHANNELS 3 Zrotation Yrotation Xrotation
		JOINT RightShin
		{
			OFFSET 0.000000 -43.362209 -0.805556
			CHANNELS 3 Zrotation Yrotation Xrotation
			JOINT RightFoot
			{
				OFFSET 0.000002 -42.117393 -3.478399
				CHANNELS 3 Zrotation Yrotation Xrotation
				JOINT RightToeBase
				{
					OFFSET -0.000001 -5.079609 13.284196
					CHANNELS 3 Zrotation Yrotation Xrotation
					JOINT RightToeEnd
					{
						OFFSET 0.009532 -1.634383 6.460591
						CHANNELS 3 Zrotation Yrotation Xrotation
						End Site
						{
							OFFSET 0.000000 0.000000 0.000000
						}
					}
				}
			}
		}
	}
}
MOTION
Frames: 120
Frame Time: 0.033333
0.242690 96.364090 -0.686262 -1.039677 0.117370 1.328082 1.241513 0.600565 2.425634 -0.393627 0.665711 -4.435995 1.069110 -1.366543 13.343907 -5.707706 7.195954 22.969395 0.962307 6.522910 -3.600641 -3.627262 6.427270 -1.688920 0.000077 -0.000021 0.000006 0.023016 -0.049885 -0.117904 0.749544 -3.777410 -10.619747 -0.715964 3.675557 -10.607303 22.703274 -17.333706 3.239628 -81.257111 -35.775818 -29.418505 178.678146 -34.701042 -179.572159 -3.077452 -11.608521 -10.407917 -5.882102 9.861278 0.702590 -10.936860 -0.360574 7.156196 0.000003 8.774812 -0.000001 -16.600391 17.807949 6.092919 -1.844032 2.498502 -2.507275 -10.163589 4.678940 4.621104 -20.975992 -0.000003 0.000001 -21.226255 2.451693 -3.593995 0.000001 -0.000006 -0.000000 -1.362683 2.240796 -0.746323 -21.334894 0.584910 3.008320 -13.821193 -0.000002 0.000002 -23.887129 -0.249078 -0.839482 -61.471329 2.309890 -1.490672 -0.294025 1.679686 0.833255 -14.218190 0.093215 1.300579 -34.211998 -0.287562 0.967168 -20.033176 0.964535 1.212840 -0.000000 -0.000000 -0.000000 -3.440386 0.788233 0.501656 -15.928167 -3.167305 2.999703 -6.338817 -0.000001 0.000001 -18.123415 3.648177 -4.905661 -0.000004 0.000000 -0.000002 -23.615210 25.095095 0.957162 91.721878 42.230000 5.752028 -179.356415 38.608013 -179.488571 -10.154332 9.300632 -15.922845 2.243540 -5.255033 -3.180155 14.282877 -0.826595 6.952493 -0.000001 -12.690592 -0.000001 16.570202 -18.296797 3.088874 1.665666 -1.955920 -2.878296 4.727794 -4.170584 4.993920 11.020511 0.000003 -0.000001 12.109034 -3.735710 -2.866781 0.000001 0.000000 0.000000 1.291984 -1.928548 -1.498087 14.800113 0.567466 3.865602 14.242553 -1.341734 -6.660649 19.631939 0.143925 -0.648245 50.988098 -0.910136 -5.975976 0.353029 -1.511149 -0.031939 20.222771 3.684304 2.316626 18.787247 0.000004 -0.000001 10.751611 -0.479868 1.397902 0.000001 0.000002 -0.000001 3.273804 0.305947 -0.580111 21.486792 11.830361 2.266129 8.162917 0.000003 -0.000003 18.399054 -3.798979 -4.940570 0.000003 -0.000001 -0.000002 17.050032 16.496916 -18.476942 -0.286481 -0.856679 21.551498 -18.278982 -10.016517 5.471424 1.645747 -1.875443 -1.344704 0.000000 -0.000000 0.000002 -11.658070 -17.147320 -2.021242 0.101704 0.701811 24.313379 14.298497 9.055120 -13.111166 -1.442691 0.908132 -2.664778 0.000000 -0.000000 -0.000001 
0.309522 96.363838 -0.696052 -1.060589 -0.063206 1.364269 1.288089 0.572175 2.491696 -0.346011 0.651744 -4.433396 1.110932 -1.307303 13.393838 -5.811636 7.231712 22.886713 0.924629 6.567749 -3.570164 -3.824074 6.592914 -1.715019 0.000076 -0.000021 0.000007 0.026975 -0.041645 -0.117441 0.745593 -3.773652 -10.622791 -0.702333 3.690695 -10.608518 22.875166 -17.385668 3.089388 -81.555260 -35.535374 -29.537609 178.611084 -34.554390 -179.569534 -3.160738 -11.676036 -10.899334 -5.882099 9.861278 0.702590 -10.936858 -0.360574 7.156197 0.000002 8.774811 -0.000000 -16.586063 17.829397 6.120853 -1.844031 2.498502 -2.507275 -10.163589 4.678939 4.621104 -20.975996 -0.000005 0.000001 -21.226254 2.451691 -3.593994 0.000000 -0.000006 -0.000001 -1.362681 2.240796 -0.746323 -21.334887 0.584907 3.008319 -13.821197 -0.000004 0.000001 -23.887129 -0.249080 -0.839482 -61.536922 2.227380 -1.477176 -0.294024 1.679686 0.833255 -14.218194 0.093214 1.300579 -34.211998 -0.287566 0.967169 -20.033176 0.964534 1.212842 -0.000000 0.000000 0.000000 -3.440385 0.788232 0.501655 -15.928165 -3.167306 2.999703 -6.338818 -0.000001 0.000001 -18.123411 3.648175 -4.905661 -0.000004 0.000000 -0.000002 -23.835497 25.290743 1.009696 91.839256 42.312927 5.705968 -179.491302 38.499317 -179.559113 -10.143801 9.375041 -16.182539 2.243539 -5.255032 -3.180155 14.282877 -0.826593 6.952496 -0.000002 -12.690592 0.000000 16.472538 -18.222626 3.075597 1.665665 -1.955920 -2.878300 4.727794 -4.170583 4.993921 11.020513 0.000003 -0.000001 12.109032 -3.735709 -2.866781 0.000000 0.000000 -0.000001 1.291985 -1.928548 -1.498090 14.800111 0.567469 3.865603 14.242551 -1.341732 -6.660648 19.631941 0.143926 -0.648243 50.906609 -0.929077 -5.938890 0.353029 -1.511149 -0.031939 20.222771 3.684306 2.316627 18.787247 0.000006 0.000002 10.751610 -0.479867 1.397904 -0.000000 0.000002 -0.000001 3.273804 0.305947 -0.580109 21.486792 11.830362 2.266130 8.162916 0.000002 -0.000002 18.399054 -3.798979 -4.940567 0.000002 -0.000002 -0.000002 17.067299 16.408327 -18.558161 -0.280363 -0.835285 21.789507 -18.171511 -9.814846 5.318990 1.648112 -1.916900 -1.344254 0.000000 -0.000000 0.000002 -11.704585 -17.206238 -2.042520 0.096374 0.667650 24.159225 14.409950 9.360737 -13.029538 -1.444225 0.888737 -2.755849 0.000000 -0.000000 -0.000001 
0.342809 96.331459 -0.741897 -1.080371 -0.141184 1.407421 1.342049 0.551113 2.523805 -0.321934 0.685906 -4.425320 1.153974 -1.302795 13.441519 -5.912951 7.260552 22.831762 0.919228 6.552522 -3.563954 -3.990458 6.753300 -1.721078 0.000076 -0.000021 0.000006 0.026184 -0.041801 -0.112301 0.742675 -3.782264 -10.623375 -0.684821 3.680827 -10.598486 23.044825 -17.473684 2.987490 -81.764412 -35.350433 -29.740637 178.585693 -34.457470 -179.609406 -3.217445 -11.768511 -11.196272 -5.882102 9.861278 0.702589 -10.936858 -0.360575 7.156196 0.000001 8.774812 -0.000002 -16.534464 17.828266 6.133615 -1.844030 2.498503 -2.507276 -10.163591 4.678940 4.621103 -20.975992 -0.000004 0.000002 -21.226254 2.451692 -3.593993 0.000001 -0.000006 -0.000000 -1.362681 2.240796 -0.746323 -21.334890 0.584907 3.008319 -13.821193 -0.000003 0.000002 -23.887131 -0.249079 -0.839481 -61.627918 2.223875 -1.481821 -0.294025 1.679687 0.833255 -14.218194 0.093214 1.300578 -34.212006 -0.287566 0.967170 -20.033180 0.964534 1.212842 -0.000000 0.000000 -0.000000 -3.440387 0.788233 0.501655 -15.928169 -3.167308 2.999703 -6.338817 -0.000002 0.000001 -18.123413 3.648175 -4.905663 -0.000004 0.000000 -0.000002 -24.003731 25.396599 1.015439 91.907661 42.414139 5.618400 -179.629150 38.496822 -179.604767 -10.164779 9.515729 -16.646444 2.243540 -5.255032 -3.180156 14.282877 -0.826593 6.952494 -0.000001 -12.690591 -0.000002 16.358011 -18.148457 3.071745 1.665665 -1.955920 -2.878296 4.727792 -4.170582 4.993915 11.020513 0.000002 -0.000002 12.109032 -3.735710 -2.866782 0.000001 0.000000 0.000000 1.291985 -1.928547 -1.498088 14.800114 0.567468 3.865602 14.242554 -1.341736 -6.660647 19.631939 0.143924 -0.648243 50.930477 -0.969702 -5.938582 0.353029 -1.511149 -0.031941 20.222771 3.684307 2.316626 18.787245 0.000006 0.000000 10.751610 -0.479869 1.397905 -0.000001 0.000001 -0.000002 3.273804 0.305947 -0.580110 21.486792 11.830361 2.266130 8.162916 0.000003 -0.000001 18.399052 -3.798979 -4.940569 0.000003 0.000000 -0.000002 17.064861 16.409369 -18.681606 -0.271058 -0.817207 21.946156 -18.115696 -9.710310 5.160014 1.649498 -1.927895 -1.313520 0.000000 -0.000000 0.000002 -11.721506 -17.309786 -2.125069 0.108325 0.649400 24.132221 14.412373 9.609994 -13.122787 -1.446603 0.875844 -2.758896 0.000000 0.000000 -0.000001 
0.324741 96.317970 -0.818536 -1.104315 -0.196850 1.459136 1.394019 0.576885 2.555785 -0.303168 0.697575 -4.410856 1.206497 -1.312450 13.467184 -6.016484 7.267924 22.814104 0.921519 6.523047 -3.557868 -4.139205 6.886575 -1.708066 0.000077 -0.000021 0.000006 0.030087 -0.041415 -0.113419 0.736260 -3.768815 -10.600209 -0.677149 3.675636 -10.588608 23.173239 -17.560209 2.904417 -81.964172 -35.142502 -29.957672 178.639954 -34.369373 -179.673920 -3.208222 -11.873506 -11.297764 -5.882099 9.861278 0.702590 -10.936858 -0.360575 7.156196 0.000002 8.774812 -0.000001 -16.479338 17.802021 6.155672 -1.844032 2.498502 -2.507276 -10.163589 4.678938 4.621104 -20.975998 -0.000004 0.000001 -21.226254 2.451690 -3.593993 0.000001 -0.000006 -0.000000 -1.362680 2.240796 -0.746323 -21.334887 0.584908 3.008319 -13.821197 -0.000003 0.000001 -23.887135 -0.249080 -0.839482 -61.619785 2.258587 -1.472669 -0.294023 1.679686 0.833255 -14.218192 0.093214 1.300578 -34.211998 -0.287566 0.967169 -20.033180 0.964533 1.212841 -0.000000 0.000000 0.000000 -3.440384 0.788232 0.501655 -15.928167 -3.167306 2.999703 -6.338813 -0.000001 0.000001 -18.123413 3.648175 -4.905662 -0.000003 0.000000 -0.000002 -24.154739 25.466829 0.991401 91.991333 42.514385 5.462709 -179.834732 38.541286 -179.724457 -10.215955 9.649253 -17.178228 2.243539 -5.255033 -3.180155 14.282875 -0.826594 6.952496 -0.000000 -12.690591 -0.000001 16.248320 -18.087406 3.093915 1.665665 -1.955920 -2.878297 4.727793 -4.170584 4.993918 11.020510 0.000002 0.000001 12.109029 -3.735709 -2.866781 0.000001 -0.000001 0.000001 1.291984 -1.928548 -1.498088 14.800113 0.567468 3.865602 14.242554 -1.341735 -6.660648 19.631939 0.143925 -0.648243 50.998177 -0.978677 -5.947268 0.353029 -1.511149 -0.031940 20.222769 3.684306 2.316629 18.787245 0.000005 0.000001 10.751610 -0.479870 1.397903 0.000001 0.000002 -0.000001 3.273804 0.305947 -0.580109 21.486788 11.830362 2.266132 8.162914 0.000002 -0.000002 18.399050 -3.798980 -4.940568 0.000003 0.000000 0.000000 17.087761 16.475080 -18.833477 -0.273457 -0.810819 22.075489 -18.113794 -9.680388 5.217269 1.647648 -1.926223 -1.350380 -0.000000 -0.000000 0.000002 -11.679704 -17.422955 -2.273007 0.113991 0.647517 24.185513 14.444483 9.846719 -13.159200 -1.450568 0.887159 -2.761163 0.000000 -0.000000 -0.000001 
0.322392 96.328224 -0.868297 -1.136584 -0.251133 1.504758 1.451227 0.623676 2.585248 -0.290686 0.677233 -4.393300 1.251972 -1.326992 13.483264 -6.127434 7.286920 22.816801 0.931955 6.525236 -3.569302 -4.302649 7.028590 -1.656486 0.000076 -0.000021 0.000006 0.033966 -0.046480 -0.107887 0.732108 -3.772516 -10.588911 -0.668655 3.663389 -10.578955 23.230888 -17.669340 2.922600 -82.016884 -35.034763 -30.179770 178.624344 -34.324451 -179.724075 -3.214157 -11.986846 -11.302181 -5.882100 9.861279 0.702590 -10.936858 -0.360574 7.156196 0.000001 8.774812 -0.000002 -16.428417 17.756653 6.143666 -1.844032 2.498503 -2.507276 -10.163588 4.678939 4.621103 -20.975994 -0.000003 0.000001 -21.226250 2.451694 -3.593993 -0.000000 -0.000006 -0.000000 -1.362681 2.240797 -0.746323 -21.334887 0.584908 3.008319 -13.821195 -0.000003 0.000002 -23.887125 -0.249078 -0.839482 -61.567036 2.273097 -1.490179 -0.294025 1.679686 0.833255 -14.218192 0.093215 1.300578 -34.211998 -0.287564 0.967169 -20.033178 0.964535 1.212841 -0.000000 0.000000 0.000000 -3.440384 0.788233 0.501656 -15.928164 -3.167306 2.999703 -6.338814 -0.000001 0.000001 -18.123413 3.648178 -4.905661 -0.000004 0.000000 -0.000002 -24.252472 25.569517 0.953049 91.914352 42.615883 5.314152 -179.898621 38.554775 -179.791382 -10.245441 9.702156 -17.715630 2.243540 -5.255033 -3.180156 14.282878 -0.826594 6.952493 -0.000000 -12.690590 -0.000002 16.212288 -18.069933 3.097683 1.665665 -1.955920 -2.878295 4.727796 -4.170583 4.993917 11.020514 0.000003 0.000000 12.109033 -3.735709 -2.866777 0.000001 -0.000000 0.000001 1.291985 -1.928548 -1.498087 14.800114 0.567468 3.865605 14.242553 -1.341735 -6.660646 19.631939 0.143924 -0.648242 51.028496 -1.010519 -5.959391 0.353029 -1.511149 -0.031940 20.222771 3.684306 2.316628 18.787247 0.000004 -0.000000 10.751610 -0.479868 1.397904 0.000001 0.000002 -0.000001 3.273805 0.305947 -0.580111 21.486792 11.830362 2.266132 8.162918 0.000002 -0.000002 18.399057 -3.798978 -4.940568 0.000004 0.000000 -0.000001 17.102812 16.537157 -18.976469 -0.253310 -0.814547 22.230457 -18.148554 -9.688887 5.343178 1.649817 -1.926450 -1.455133 0.000000 0.000000 0.000002 -11.633905 -17.504227 -2.317155 0.119720 0.658221 24.067404 14.556109 10.050833 -13.107979 -1.453569 0.888287 -2.777827 0.000000 0.000000 -0.000001 
0.279351 96.310204 -0.938577 -1.175288 -0.295887 1.535903 1.508932 0.649419 2.613252 -0.291345 0.688692 -4.376711 1.302288 -1.368887 13.485940 -6.208061 7.318287 22.825726 0.924106 6.523638 -3.608048 -4.450700 7.172782 -1.588802 0.000077 -0.000021 0.000005 0.035250 -0.048438 -0.106490 0.728913 -3.777510 -10.596256 -0.665016 3.655393 -10.587806 23.232080 -17.737177 2.988492 -82.044159 -34.988258 -30.272217 178.613327 -34.353893 -179.753922 -3.207093 -12.101734 -11.329053 -5.882101 9.861278 0.702590 -10.936858 -0.360574 7.156197 0.000002 8.774814 -0.000001 -16.385834 17.677525 6.106414 -1.844031 2.498502 -2.507277 -10.163589 4.678941 4.621104 -20.975996 -0.000003 0.000003 -21.226254 2.451693 -3.593993 0.000001 -0.000006 -0.000000 -1.362681 2.240796 -0.746323 -21.334887 0.584909 3.008320 -13.821197 -0.000003 0.000002 -23.887131 -0.249078 -0.839481 -61.459698 2.251823 -1.495672 -0.294025 1.679686 0.833255 -14.218194 0.093214 1.300579 -34.211998 -0.287563 0.967171 -20.033176 0.964535 1.212842 -0.000000 0.000000 -0.000000 -3.440385 0.788233 0.501655 -15.928171 -3.167306 2.999704 -6.338818 -0.000001 0.000002 -18.123413 3.648176 -4.905661 -0.000004 -0.000000 -0.000002 -24.286894 25.680155 0.920648 91.771751 42.734138 5.184145 -179.867661 38.615643 -179.769241 -10.267228 9.758258 -17.991947 2.243539 -5.255033 -3.180154 14.282877 -0.826594 6.952495 -0.000001 -12.690590 0.000000 16.210453 -18.057985 3.077160 1.665664 -1.955920 -2.878298 4.727793 -4.170583 4.993921 11.020510 0.000003 -0.000001 12.109030 -3.735710 -2.866780 0.000000 -0.000001 0.000000 1.291985 -1.928548 -1.498089 14.800113 0.567468 3.865602 14.242553 -1.341734 -6.660648 19.631939 0.143925 -0.648244 50.948864 -1.029777 -5.984304 0.353029 -1.511150 -0.031941 20.222769 3.684307 2.316628 18.787245 0.000006 0.000001 10.751610 -0.479866 1.397906 0.000000 0.000003 0.000000 3.273804 0.305947 -0.580110 21.486790 11.830364 2.266131 8.162916 0.000002 -0.000002 18.399054 -3.798981 -4.940568 0.000003 0.000000 -0.000001 17.164284 16.559420 -19.049322 -0.250138 -0.804910 22.249140 -18.203947 -9.691288 5.375566 1.651540 -1.919348 -1.558401 0.000000 -0.000000 0.000002 -11.537475 -17.560034 -2.368942 0.120515 0.691072 23.965778 14.656840 10.157838 -13.231978 -1.456639 0.888501 -2.792234 -0.000000 -0.000000 -0.000001 
0.262112 96.307144 -0.972921 -1.220604 -0.314256 1.550205 1.569593 0.650153 2.643476 -0.292688 0.697984 -4.365663 1.339263 -1.412599 13.483916 -6.248228 7.352304 22.833082 0.896580 6.561242 -3.600797 -4.589125 7.261581 -1.559613 0.000076 -0.000022 0.000006 0.036702 -0.058629 -0.113422 0.726082 -3.786051 -10.617653 -0.664066 3.661327 -10.612481 23.172077 -17.786417 3.063141 -82.007095 -34.960690 -30.243942 178.557800 -34.436932 -179.739563 -3.179332 -12.259340 -11.356447 -5.882101 9.861278 0.702590 -10.936861 -0.360574 7.156198 0.000001 8.774813 -0.000000 -16.393696 17.624502 6.071702 -1.844029 2.498503 -2.507276 -10.163589 4.678941 4.621104 -20.975996 -0.000003 0.000002 -21.226248 2.451694 -3.593992 0.000001 -0.000006 -0.000000 -1.362680 2.240796 -0.746323 -21.334892 0.584909 3.008321 -13.821197 -0.000002 0.000002 -23.887129 -0.249077 -0.839481 -61.450695 2.208393 -1.490995 -0.294024 1.679686 0.833256 -14.218195 0.093215 1.300580 -34.212006 -0.287562 0.967171 -20.033180 0.964536 1.212842 0.000000 0.000000 0.000000 -3.440385 0.788233 0.501656 -15.928169 -3.167305 2.999705 -6.338817 -0.000001 0.000001 -18.123415 3.648178 -4.905662 -0.000004 0.000000 -0.000002 -24.269224 25.735981 0.919127 91.554176 42.852478 5.078029 -179.815338 38.670559 -179.716934 -10.343456 9.854178 -18.102774 2.243540 -5.255031 -3.180156 14.282875 -0.826594 6.952493 -0.000002 -12.690590 0.000000 16.199793 -18.057377 3.080871 1.665665 -1.955919 -2.878294 4.727792 -4.170582 4.993916 11.020511 0.000003 0.000001 12.109031 -3.735710 -2.866780 0.000001 -0.000001 0.000001 1.291984 -1.928548 -1.498089 14.800111 0.567466 3.865602 14.242554 -1.341734 -6.660648 19.631939 0.143924 -0.648245 50.791023 -1.028891 -5.980763 0.353029 -1.511149 -0.031941 20.222765 3.684305 2.316627 18.787241 0.000004 -0.000000 10.751608 -0.479868 1.397901 0.000000 0.000001 0.000000 3.273804 0.305947 -0.580111 21.486788 11.830359 2.266129 8.162915 0.000002 -0.000002 18.399052 -3.798979 -4.940567 0.000003 -0.000001 -0.000001 17.228735 16.514374 -19.117760 -0.248018 -0.794976 22.326841 -18.261400 -9.685867 5.411289 1.653055 -1.913592 -1.586519 0.000000 -0.000000 0.000002 -11.460344 -17.605762 -2.368580 0.119614 0.730574 23.863867 14.742637 10.224488 -13.253942 -1.458024 0.870375 -2.766318 -0.000000 -0.000000 -0.000001 
0.234303 96.294746 -0.996258 -1.276240 -0.345570 1.540839 1.612590 0.654135 2.669755 -0.302125 0.677680 -4.380647 1.388741 -1.440149 13.540824 -6.261809 7.393420 22.845379 0.840438 6.590237 -3.608348 -4.734620 7.317168 -1.548172 0.000076 -0.000021 0.000008 0.035762 -0.059739 -0.106722 0.725343 -3.785169 -10.638461 -0.655308 3.654249 -10.635867 23.050909 -17.829885 3.143442 -81.965370 -34.931274 -30.186573 178.508179 -34.565712 -179.703369 -3.082533 -12.489161 -11.399514 -5.882101 9.861278 0.702590 -10.936858 -0.360574 7.156197 0.000000 8.774813 -0.000001 -16.388081 17.587818 6.082486 -1.844029 2.498502 -2.507275 -10.163592 4.678939 4.621106 -20.975996 -0.000004 0.000003 -21.226250 2.451693 -3.593991 0.000001 -0.000006 -0.000000 -1.362681 2.240796 -0.746322 -21.334887 0.584908 3.008320 -13.821197 -0.000003 0.000003 -23.887129 -0.249078 -0.839480 -61.469296 2.201096 -1.477224 -0.294025 1.679686 0.833255 -14.218194 0.093214 1.300580 -34.211998 -0.287564 0.967172 -20.033178 0.964535 1.212843 -0.000000 0.000000 0.000000 -3.440386 0.788232 0.501655 -15.928169 -3.167306 2.999704 -6.338817 -0.000001 0.000001 -18.123413 3.648175 -4.905658 -0.000003 -0.000000 -0.000002 -24.209021 25.697905 0.914687 91.366615 42.938114 4.919583 -179.887817 38.761921 -179.737244 -10.447813 10.019325 -18.172426 2.243539 -5.255033 -3.180154 14.282875 -0.826595 6.952497 -0.000001 -12.690590 -0.000001 16.147261 -18.005465 3.080224 1.665665 -1.955920 -2.878299 4.727795 -4.170584 4.993917 11.020511 0.000002 0.000000 12.109031 -3.735708 -2.866780 0.000001 -0.000002 -0.000000 1.291985 -1.928548 -1.498087 14.800113 0.567467 3.865604 14.242553 -1.341735 -6.660647 19.631941 0.143925 -0.648244 50.662170 -1.042943 -5.922500 0.353030 -1.511150 -0.031942 20.222771 3.684305 2.316628 18.787243 0.000004 0.000001 10.751612 -0.479867 1.397905 0.000001 0.000001 -0.000001 3.273804 0.305947 -0.580113 21.486790 11.830363 2.266130 8.162916 0.000002 -0.000002 18.399054 -3.798980 -4.940570 0.000003 -0.000001 -0.000000 17.330843 16.478626 -19.151390 -0.254181 -0.770651 22.418684 -18.329212 -9.693278 5.416650 1.653897 -1.910346 -1.602086 0.000000 -0.000000 0.000002 -11.378914 -17.589407 -2.396512 0.117565 0.721945 23.890198 14.765141 10.257582 -13.284345 -1.456148 0.853407 -2.703158 -0.000000 -0.000000 -0.000001 
0.233566 96.252831 -1.007071 -1.318546 -0.375078 1.520757 1.634058 0.627423 2.666486 -0.311694 0.687389 -4.372585 1.424228 -1.495121 13.578291 -6.309869 7.438632 22.862528 0.808508 6.639914 -3.602802 -4.900778 7.430691 -1.545753 0.000076 -0.000022 0.000006 0.039168 -0.058452 -0.119756 0.721202 -3.775763 -10.645265 -0.654888 3.665104 -10.642175 22.842882 -17.856070 3.217252 -81.900032 -34.806805 -30.060432 178.494614 -34.655254 -179.669693 -2.929790 -12.734922 -11.333619 -5.882100 9.861279 0.702589 -10.936860 -0.360575 7.156197 0.000001 8.774815 -0.000002 -16.388874 17.572569 6.085866 -1.844030 2.498503 -2.507276 -10.163588 4.678940 4.621103 -20.975994 -0.000003 0.000002 -21.226255 2.451693 -3.593994 0.000001 -0.000006 -0.000000 -1.362680 2.240796 -0.746323 -21.334892 0.584908 3.008320 -13.821197 -0.000003 0.000002 -23.887133 -0.249078 -0.839481 -61.446442 2.206492 -1.482207 -0.294025 1.679686 0.833255 -14.218190 0.093215 1.300579 -34.212002 -0.287564 0.967169 -20.033180 0.964535 1.212842 0.000000 0.000000 -0.000000 -3.440384 0.788232 0.501655 -15.928165 -3.167307 2.999704 -6.338817 -0.000001 0.000001 -18.123413 3.648176 -4.905662 -0.000003 0.000000 -0.000001 -24.099016 25.621923 0.967509 91.315613 43.004910 4.932059 179.991531 38.893555 -179.767899 -10.568484 10.224798 -18.283300 2.243540 -5.255033 -3.180155 14.282878 -0.826594 6.952494 -0.000001 -12.690587 -0.000003 16.129822 -17.970154 3.061777 1.665665 -1.955919 -2.878296 4.727794 -4.170583 4.993919 11.020512 0.000002 0.000000 12.109033 -3.735710 -2.866777 0.000001 0.000000 0.000000 1.291984 -1.928548 -1.498085 14.800113 0.567466 3.865604 14.242554 -1.341736 -6.660648 19.631939 0.143923 -0.648244 50.618202 -1.030355 -5.897243 0.353029 -1.511150 -0.031941 20.222771 3.684305 2.316629 18.787245 0.000005 0.000001 10.751611 -0.479867 1.397905 -0.000000 0.000002 -0.000001 3.273805 0.305946 -0.580110 21.486794 11.830362 2.266130 8.162916 0.000002 -0.000003 18.399057 -3.798979 -4.940570 0.000003 -0.000002 -0.000000 17.391453 16.438730 -19.212183 -0.240221 -0.767349 22.595196 -18.367371 -9.740174 5.263936 1.658389 -1.916279 -1.602562 -0.000000 0.000000 0.000002 -11.338744 -17.555447 -2.397586 0.128529 0.720567 23.906683 14.791343 10.265564 -13.434676 -1.457529 0.840462 -2.646365 -0.000000 -0.000000 -0.000001 
0.252810 96.216080 -0.972872 -1.341942 -0.394570 1.510132 1.637426 0.637930 2.640943 -0.313239 0.621911 -4.388635 1.429401 -1.519267 13.649279 -6.387152 7.490425 22.917067 0.785819 6.694285 -3.596717 -5.081874 7.558379 -1.562429 0.000077 -0.000021 0.000006 0.042114 -0.065305 -0.101107 0.715629 -3.776495 -10.644693 -0.648376 3.649091 -10.636012 22.579170 -17.880297 3.347256 -81.741913 -34.692661 -30.148474 178.547546 -34.739841 -179.712631 -2.700213 -13.010260 -11.289537 -5.882100 9.861278 0.702590 -10.936858 -0.360574 7.156197 0.000002 8.774813 -0.000000 -16.382946 17.570154 6.103724 -1.844030 2.498503 -2.507277 -10.163587 4.678941 4.621104 -20.975990 -0.000003 0.000002 -21.226254 2.451693 -3.593994 0.000000 -0.000006 -0.000000 -1.362680 2.240796 -0.746323 -21.334887 0.584909 3.008321 -13.821192 -0.000002 0.000002 -23.887123 -0.249077 -0.839481 -61.408669 2.222578 -1.487263 -0.294025 1.679686 0.833256 -14.218194 0.093215 1.300579 -34.211998 -0.287562 0.967170 -20.033175 0.964535 1.212841 0.000000 0.000000 0.000000 -3.440385 0.788233 0.501655 -15.928164 -3.167305 2.999703 -6.338812 -0.000001 0.000001 -18.123411 3.648177 -4.905661 -0.000003 -0.000000 -0.000002 -23.977324 25.523998 1.052193 91.379295 43.059368 4.934926 179.795654 38.968529 -179.916840 -10.665387 10.399248 -18.402601 2.243539 -5.255032 -3.180154 14.282875 -0.826593 6.952499 -0.000004 -12.690585 -0.000000 16.149055 -17.902641 3.010624 1.665665 -1.955919 -2.878297 4.727792 -4.170582 4.993919 11.020511 0.000003 -0.000001 12.109029 -3.735708 -2.866779 0.000000 -0.000001 0.000000 1.291984 -1.928548 -1.498087 14.800113 0.567469 3.865603 14.242553 -1.341733 -6.660648 19.631937 0.143926 -0.648242 50.642166 -1.020357 -5.875741 0.353028 -1.511149 -0.031940 20.222769 3.684307 2.316627 18.787245 0.000006 0.000001 10.751613 -0.479868 1.397905 -0.000000 0.000001 -0.000002 3.273804 0.305946 -0.580110 21.486790 11.830362 2.266128 8.162915 0.000003 -0.000002 18.399055 -3.798975 -4.940567 0.000003 0.000000 -0.000002 17.371904 16.393433 -19.344959 -0.256625 -0.738292 22.873716 -18.272512 -9.808514 5.024214 1.659182 -1.923234 -1.620814 0.000000 -0.000000 0.000002 -11.323882 -17.449341 -2.361782 0.138168 0.713897 23.888206 14.836839 10.215392 -13.569803 -1.460801 0.839346 -2.639641 -0.000000 -0.000000 -0.000001 
0.244416 96.169167 -0.926258 -1.337784 -0.371826 1.533898 1.617065 0.631876 2.577987 -0.319951 0.575388 -4.389571 1.412901 -1.534247 13.659893 -6.494238 7.563835 22.942585 0.805490 6.733874 -3.606900 -5.270844 7.696933 -1.571616 0.000076 -0.000021 0.000008 0.038549 -0.053648 -0.102261 0.715634 -3.768299 -10.627440 -0.647790 3.648869 -10.622907 22.289471 -17.939953 3.485434 -81.486404 -34.471134 -30.320454 178.609848 -34.803467 -179.780945 -2.402735 -13.305950 -11.235790 -5.882100 9.861279 0.702590 -10.936859 -0.360575 7.156197 0.000003 8.774815 -0.000001 -16.375839 17.540831 6.113181 -1.844031 2.498502 -2.507275 -10.163590 4.678941 4.621103 -20.975998 -0.000003 0.000003 -21.226259 2.451694 -3.593994 0.000000 -0.000006 -0.000000 -1.362682 2.240797 -0.746323 -21.334896 0.584909 3.008320 -13.821198 -0.000003 0.000002 -23.887131 -0.249078 -0.839481 -61.420990 2.242184 -1.519206 -0.294024 1.679686 0.833255 -14.218192 0.093215 1.300579 -34.212006 -0.287564 0.967169 -20.033180 0.964535 1.212842 0.000000 0.000000 0.000000 -3.440385 0.788233 0.501655 -15.928171 -3.167306 2.999704 -6.338817 -0.000001 0.000001 -18.123413 3.648177 -4.905662 -0.000004 0.000000 -0.000002 -23.876396 25.432505 1.164505 91.449158 43.083202 5.087818 179.723801 39.032700 -179.974915 -10.695664 10.518869 -18.468008 2.243540 -5.255033 -3.180153 14.282877 -0.826593 6.952495 -0.000002 -12.690591 -0.000001 16.183968 -17.875532 3.005625 1.665665 -1.955920 -2.878297 4.727795 -4.170583 4.993917 11.020513 0.000002 -0.000001 12.109034 -3.735709 -2.866779 0.000000 0.000000 -0.000001 1.291984 -1.928547 -1.498088 14.800117 0.567468 3.865604 14.242554 -1.341733 -6.660646 19.631941 0.143926 -0.648241 50.709404 -1.035880 -5.860029 0.353029 -1.511149 -0.031939 20.222769 3.684305 2.316629 18.787245 0.000004 0.000001 10.751610 -0.479870 1.397904 -0.000000 0.000002 -0.000001 3.273804 0.305947 -0.580109 21.486794 11.830361 2.266130 8.162917 0.000002 -0.000002 18.399054 -3.798979 -4.940568 0.000003 -0.000001 -0.000001 17.410170 16.294258 -19.401134 -0.264423 -0.721515 23.025520 -18.289791 -9.863148 4.825492 1.656870 -1.920451 -1.634849 0.000000 -0.000000 0.000002 -11.313904 -17.379513 -2.341049 0.161628 0.727735 23.867699 14.863083 10.126709 -13.805018 -1.461020 0.848501 -2.640707 -0.000000 -0.000000 -0.000001 
0.261317 96.115181 -0.841628 -1.293318 -0.243667 1.579964 1.562628 0.626512 2.491661 -0.329640 0.560698 -4.395566 1.372469 -1.577044 13.637545 -6.611635 7.676746 22.898039 0.825468 6.761336 -3.585133 -5.428529 7.813886 -1.616932 0.000076 -0.000020 0.000005 0.038959 -0.053868 -0.094073 0.711453 -3.756455 -10.629256 -0.649837 3.650221 -10.614985 21.956924 -17.982662 3.585894 -81.039818 -34.225166 -30.569220 178.774323 -34.932770 -179.860550 -1.938854 -13.618213 -11.289300 -5.882100 9.861278 0.702590 -10.936859 -0.360575 7.156196 0.000001 8.774815 -0.000002 -16.368599 17.522667 6.118482 -1.844032 2.498503 -2.507275 -10.163591 4.678940 4.621104 -20.976000 -0.000003 0.000001 -21.226257 2.451693 -3.593992 0.000001 -0.000006 -0.000000 -1.362681 2.240797 -0.746323 -21.334896 0.584909 3.008320 -13.821197 -0.000002 0.000001 -23.887131 -0.249078 -0.839482 -61.444454 2.221337 -1.541860 -0.294024 1.679686 0.833256 -14.218195 0.093215 1.300580 -34.212006 -0.287563 0.967170 -20.033186 0.964536 1.212842 0.000000 0.000000 0.000000 -3.440385 0.788233 0.501655 -15.928169 -3.167306 2.999704 -6.338817 -0.000001 0.000002 -18.123415 3.648177 -4.905661 -0.000004 0.000000 -0.000002 -23.736549 25.361351 1.266454 91.482292 43.121246 5.241695 179.714294 39.068100 -179.932205 -10.735920 10.540987 -18.468521 2.243540 -5.255034 -3.180155 14.282875 -0.826592 6.952495 -0.000003 -12.690592 -0.000003 16.219990 -17.855623 3.012781 1.665665 -1.955920 -2.878296 4.727794 -4.170584 4.993921 11.020511 0.000003 -0.000001 12.109029 -3.735708 -2.866780 0.000001 0.000000 0.000000 1.291985 -1.928548 -1.498090 14.800109 0.567470 3.865602 14.242553 -1.341735 -6.660648 19.631937 0.143928 -0.648245 50.715805 -1.024866 -5.848195 0.353029 -1.511150 -0.031939 20.222767 3.684309 2.316624 18.787245 0.000006 -0.000001 10.751610 -0.479867 1.397904 -0.000001 0.000001 -0.000001 3.273804 0.305947 -0.580111 21.486790 11.830367 2.266133 8.162916 0.000004 -0.000001 18.399050 -3.798978 -4.940569 0.000003 0.000000 -0.000001 17.389246 16.110386 -19.532141 -0.254437 -0.704201 23.204477 -18.309118 -9.914107 4.645092 1.655959 -1.899938 -1.628522 -0.000000 0.000000 0.000002 -11.353452 -17.336384 -2.271470 0.172241 0.743745 23.808607 14.911260 9.937516 -14.092235 -1.457885 0.851004 -2.652975 -0.000000 -0.000000 -0.000001 
0.242089 96.051201 -0.742278 -1.205661 0.135379 1.649038 1.458930 0.647256 2.393588 -0.345129 0.519431 -4.432034 1.315821 -1.589216 13.593983 -6.668799 7.777400 22.850111 0.785976 6.744628 -3.587781 -5.542902 7.855759 -1.656155 0.000077 -0.000022 0.000004 0.022352 -0.031343 -0.092896 0.701782 -3.730669 -10.627755 -0.663360 3.660949 -10.612850 21.607761 -17.996712 3.630355 -80.419128 -33.900673 -30.786823 178.966034 -35.184071 -179.956070 -1.242579 -13.976001 -11.376375 -5.882102 9.861278 0.702589 -10.936859 -0.360574 7.156198 0.000001 8.774813 -0.000002 -16.341375 17.540581 6.135306 -1.844031 2.498503 -2.507275 -10.163591 4.678940 4.621104 -20.975998 -0.000002 0.000002 -21.226254 2.451694 -3.593993 0.000000 -0.000006 -0.000001 -1.362680 2.240797 -0.746323 -21.334896 0.584909 3.008321 -13.821197 -0.000002 0.000002 -23.887129 -0.249077 -0.839481 -61.434456 2.225464 -1.557454 -0.294023 1.679686 0.833255 -14.218190 0.093215 1.300580 -34.211998 -0.287562 0.967170 -20.033176 0.964536 1.212842 -0.000000 -0.000000 0.000000 -3.440386 0.788233 0.501655 -15.928167 -3.167305 2.999704 -6.338817 -0.000001 0.000002 -18.123413 3.648177 -4.905662 -0.000004 0.000000 -0.000001 -23.528667 25.274580 1.464799 91.315392 43.271751 5.111591 179.676285 39.086388 -179.930710 -10.756287 10.565315 -18.397158 2.243540 -5.255032 -3.180156 14.282877 -0.826594 6.952491 -0.000000 -12.690591 -0.000001 16.180550 -17.829163 3.039506 1.665665 -1.955920 -2.878295 4.727793 -4.170583 4.993920 11.020511 0.000002 -0.000001 12.109030 -3.735710 -2.866780 0.000002 -0.000001 -0.000000 1.291985 -1.928548 -1.498089 14.800109 0.567467 3.865601 14.242553 -1.341735 -6.660651 19.631935 0.143929 -0.648247 50.678684 -1.010080 -5.754079 0.353029 -1.511150 -0.031941 20.222767 3.684305 2.316627 18.787243 0.000005 -0.000001 10.751610 -0.479868 1.397906 0.000001 0.000001 -0.000003 3.273804 0.305947 -0.580110 21.486788 11.830361 2.266129 8.162915 0.000003 -0.000002 18.399052 -3.798979 -4.940568 0.000003 0.000000 -0.000002 17.281538 15.727430 -19.732206 -0.253907 -0.675533 23.310011 -18.276789 -9.956059 4.385583 1.655797 -1.878587 -1.615405 0.000000 -0.000000 0.000002 -11.400085 -17.361179 -2.163287 0.180807 0.740092 23.792740 14.946910 9.565839 -14.494917 -1.456402 0.864362 -2.704284 -0.000000 -0.000000 -0.000001 
0.231832 95.961143 -0.629708 -1.069498 0.937846 1.720168 1.290959 0.663987 2.284767 -0.366752 0.531881 -4.453522 1.253541 -1.638451 13.462796 -6.668320 7.855911 22.828302 0.723987 6.618700 -3.601138 -5.595560 7.813399 -1.704888 0.000077 -0.000022 0.000005 0.006044 -0.003723 -0.073928 0.682451 -3.690332 -10.605842 -0.678081 3.686416 -10.594654 21.384966 -18.040546 3.567976 -79.736206 -33.552914 -30.896639 179.201294 -35.588596 179.970123 -0.250094 -14.385008 -11.535913 -5.882102 9.861278 0.702590 -10.936860 -0.360576 7.156198 0.000000 8.774814 -0.000002 -16.297421 17.566114 6.138119 -1.844032 2.498502 -2.507276 -10.163591 4.678938 4.621104 -20.975998 -0.000004 0.000004 -21.226255 2.451694 -3.593992 0.000001 -0.000006 -0.000001 -1.362681 2.240796 -0.746323 -21.334892 0.584908 3.008321 -13.821197 -0.000003 0.000003 -23.887133 -0.249078 -0.839479 -61.387539 2.236129 -1.558082 -0.294025 1.679686 0.833255 -14.218197 0.093214 1.300580 -34.212013 -0.287564 0.967172 -20.033180 0.964535 1.212842 0.000000 -0.000000 0.000000 -3.440385 0.788232 0.501655 -15.928173 -3.167306 2.999705 -6.338817 -0.000001 0.000001 -18.123417 3.648176 -4.905660 -0.000004 -0.000000 -0.000002 -23.298435 25.211369 1.770634 90.999771 43.578506 4.677361 179.694855 39.016029 -179.844025 -10.867841 10.620073 -18.393713 2.243540 -5.255033 -3.180156 14.282877 -0.826593 6.952494 -0.000004 -12.690588 0.000000 16.180164 -17.806387 3.080845 1.665665 -1.955919 -2.878298 4.727793 -4.170582 4.993918 11.020512 0.000003 -0.000001 12.109033 -3.735708 -2.866779 0.000002 -0.000000 0.000001 1.291984 -1.928547 -1.498087 14.800114 0.567469 3.865603 14.242554 -1.341733 -6.660650 19.631939 0.143925 -0.648245 50.734638 -0.950887 -5.664825 0.353029 -1.511149 -0.031940 20.222771 3.684306 2.316629 18.787247 0.000005 0.000001 10.751611 -0.479869 1.397904 0.000001 0.000002 -0.000001 3.273804 0.305947 -0.580110 21.486794 11.830361 2.266131 8.162916 0.000002 -0.000002 18.399048 -3.798977 -4.940567 0.000003 -0.000002 -0.000000 17.104527 15.080503 -20.131868 -0.273218 -0.690477 23.468443 -18.258715 -10.115962 4.200552 1.656679 -1.844706 -1.570056 0.000000 -0.000000 0.000002 -11.485801 -17.531523 -1.952181 0.189225 0.757773 23.841272 15.056760 8.893321 -15.040678 -1.452385 0.882589 -2.843561 0.000000 -0.000000 -0.000001 
0.094397 95.837692 -0.464744 -0.835186 2.547988 1.775271 1.025585 0.689170 2.205073 -0.414680 0.560706 -4.476048 1.135519 -1.654902 13.257378 -6.431233 7.760629 22.945694 0.609261 6.331686 -3.611523 -5.541640 7.549371 -1.742922 0.000076 -0.000021 0.000004 -0.013482 0.030149 -0.066513 0.668645 -3.658174 -10.602036 -0.691607 3.697457 -10.591835 21.459141 -18.086576 3.350235 -79.221855 -33.353313 -30.364916 179.367783 -36.228825 179.919968 1.091773 -14.764187 -11.839719 -5.882102 9.861280 0.702588 -10.936861 -0.360575 7.156198 0.000001 8.774814 -0.000002 -16.207724 17.622416 6.161129 -1.844031 2.498502 -2.507277 -10.163589 4.678938 4.621103 -20.975996 -0.000003 0.000002 -21.226254 2.451693 -3.593993 0.000000 -0.000006 -0.000001 -1.362681 2.240797 -0.746323 -21.334894 0.584908 3.008320 -13.821197 -0.000003 0.000002 -23.887131 -0.249078 -0.839481 -61.253353 2.257840 -1.502898 -0.294025 1.679686 0.833255 -14.218195 0.093215 1.300579 -34.212006 -0.287563 0.967170 -20.033180 0.964535 1.212842 0.000000 0.000000 0.000000 -3.440385 0.788232 0.501655 -15.928169 -3.167307 2.999704 -6.338818 -0.000001 0.000001 -18.123415 3.648177 -4.905663 -0.000004 -0.000000 -0.000002 -23.123512 25.163042 2.215212 90.468880 44.241077 3.705493 179.745987 38.685444 -179.757980 -11.187012 10.625101 -18.428549 2.243540 -5.255033 -3.180156 14.282877 -0.826592 6.952496 -0.000002 -12.690592 0.000001 16.186430 -17.747734 3.147725 1.665665 -1.955921 -2.878297 4.727794 -4.170583 4.993918 11.020513 0.000003 0.000001 12.109032 -3.735709 -2.866777 0.000000 -0.000002 0.000000 1.291984 -1.928548 -1.498089 14.800113 0.567469 3.865605 14.242554 -1.341735 -6.660648 19.631939 0.143926 -0.648241 50.746685 -0.884599 -5.598909 0.353029 -1.511150 -0.031940 20.222769 3.684308 2.316627 18.787245 0.000006 0.000003 10.751610 -0.479869 1.397904 -0.000002 0.000001 -0.000003 3.273804 0.305947 -0.580109 21.486790 11.830364 2.266131 8.162916 0.000003 -0.000002 18.399054 -3.798980 -4.940567 0.000004 0.000000 -0.000003 16.784777 13.972353 -20.930077 -0.286234 -0.721782 23.765877 -18.290375 -10.510934 4.328205 1.662619 -1.816050 -1.524361 0.000000 -0.000000 0.000002 -11.557619 -17.909157 -1.573170 0.181034 0.739572 24.164604 15.159734 7.802105 -15.847600 -1.449224 0.880558 -2.991551 0.000000 0.000000 -0.000001 
-0.214340 95.608505 -0.285797 -0.476461 5.330305 1.776054 0.644481 0.758965 2.234537 -0.498892 0.666023 -4.478436 0.891856 -1.616402 12.969400 -5.761013 7.385700 23.453077 0.413263 5.727222 -3.683970 -5.351371 6.883668 -1.777560 0.000076 -0.000023 0.000005 -0.020154 0.041319 -0.067026 0.656676 -3.638149 -10.609102 -0.699455 3.711183 -10.577921 21.920912 -18.029850 3.067423 -79.222832 -33.541748 -28.622074 179.515045 -37.254906 179.829803 2.979571 -15.052474 -12.614590 -5.882100 9.861277 0.702590 -10.936858 -0.360575 7.156196 0.000001 8.774813 -0.000001 -16.147472 17.716166 6.168974 -1.844029 2.498502 -2.507275 -10.163589 4.678940 4.621104 -20.975998 -0.000004 0.000003 -21.226255 2.451692 -3.593992 0.000002 -0.000006 -0.000000 -1.362681 2.240796 -0.746322 -21.334894 0.584909 3.008320 -13.821197 -0.000003 0.000003 -23.887133 -0.249078 -0.839480 -61.100193 2.277832 -1.450680 -0.294025 1.679686 0.833255 -14.218195 0.093214 1.300579 -34.212006 -0.287564 0.967171 -20.033180 0.964535 1.212842 0.000000 0.000000 0.000000 -3.440386 0.788233 0.501655 -15.928171 -3.167306 2.999703 -6.338817 -0.000001 0.000001 -18.123415 3.648175 -4.905660 -0.000005 -0.000000 -0.000002 -23.120064 25.159357 2.810665 89.459099 45.371296 1.725509 179.886276 37.805618 -179.600372 -11.850231 10.525244 -18.303694 2.243540 -5.255033 -3.180156 14.282875 -0.826593 6.952497 -0.000001 -12.690592 -0.000002 16.181047 -17.709032 3.213382 1.665665 -1.955919 -2.878296 4.727793 -4.170584 4.993918 11.020512 0.000002 -0.000001 12.109032 -3.735712 -2.866777 -0.000000 0.000000 0.000000 1.291984 -1.928548 -1.498088 14.800111 0.567468 3.865602 14.242553 -1.341735 -6.660649 19.631939 0.143927 -0.648244 50.677719 -0.806180 -5.579000 0.353029 -1.511150 -0.031940 20.222769 3.684308 2.316626 18.787245 0.000004 -0.000000 10.751610 -0.479868 1.397903 0.000000 0.000002 0.000000 3.273804 0.305947 -0.580110 21.486794 11.830366 2.266133 8.162916 0.000004 -0.000001 18.399054 -3.798979 -4.940567 0.000003 0.000000 -0.000001 16.209845 12.310952 -22.328358 -0.310554 -0.759428 24.429638 -18.290293 -11.321072 4.582704 1.671144 -1.798854 -1.471572 0.000000 -0.000000 0.000002 -11.595207 -18.665112 -1.088252 0.140136 0.701336 25.165215 15.241135 6.175336 -17.135239 -1.450007 0.870905 -3.174360 0.000000 0.000000 -0.000001 
-0.783834 95.198051 -0.099126 -0.006191 9.626493 1.698693 0.184291 0.835549 2.418622 -0.629943 0.915110 -4.387952 0.448992 -1.479553 12.670852 -4.538327 6.553078 24.388794 0.168919 4.639549 -3.769831 -4.961243 5.636769 -1.791922 0.000078 -0.000024 0.000004 -0.020388 0.035128 -0.073378 0.655322 -3.630277 -10.607587 -0.697295 3.699108 -10.560838 22.475029 -17.720526 3.010717 -80.133865 -34.420586 -24.667503 179.536163 -38.833775 179.764114 5.423827 -15.236368 -14.298103 -5.882099 9.861278 0.702590 -10.936860 -0.360575 7.156198 0.000000 8.774814 -0.000002 -16.068180 17.859024 6.135235 -1.844031 2.498503 -2.507276 -10.163589 4.678938 4.621103 -20.975996 -0.000003 0.000004 -21.226254 2.451694 -3.593994 -0.000000 -0.000006 -0.000000 -1.362680 2.240796 -0.746323 -21.334898 0.584909 3.008322 -13.821197 -0.000002 0.000003 -23.887131 -0.249077 -0.839480 -60.963234 2.293741 -1.436192 -0.294025 1.679686 0.833255 -14.218190 0.093215 1.300580 -34.212006 -0.287561 0.967171 -20.033176 0.964536 1.212842 -0.000000 -0.000000 0.000000 -3.440385 0.788232 0.501655 -15.928167 -3.167306 2.999705 -6.338816 -0.000001 0.000002 -18.123413 3.648177 -4.905661 -0.000005 -0.000000 -0.000001 -23.361059 25.187336 3.492194 87.574852 47.033802 -1.596235 -179.880417 36.215340 -179.377457 -13.025339 10.446239 -17.686005 2.243539 -5.255033 -3.180154 14.282877 -0.826592 6.952495 -0.000003 -12.690591 -0.000002 16.126465 -17.797745 3.338079 1.665664 -1.955920 -2.878294 4.727794 -4.170583 4.993921 11.020513 0.000003 0.000000 12.109034 -3.735708 -2.866780 0.000002 0.000000 0.000000 1.291984 -1.928547 -1.498087 14.800117 0.567469 3.865604 14.242554 -1.341734 -6.660646 19.631939 0.143925 -0.648241 50.668671 -0.835478 -5.647147 0.353028 -1.511149 -0.031939 20.222773 3.684307 2.316628 18.787245 0.000007 -0.000001 10.751612 -0.479869 1.397904 0.000001 0.000001 -0.000001 3.273804 0.305947 -0.580110 21.486794 11.830365 2.266133 8.162916 0.000003 -0.000002 18.399052 -3.798978 -4.940569 0.000004 -0.000001 -0.000001 15.607424 10.013387 -24.463856 -0.338787 -0.814071 25.556158 -18.634041 -12.565973 5.490782 1.675088 -1.806530 -1.412386 0.000000 -0.000000 0.000002 -11.518275 -19.978506 -0.477952 0.095020 0.639252 27.055538 15.189775 4.038848 -19.082605 -1.448998 0.825304 -3.500420 0.000000 0.000000 -0.000001 
-1.627298 94.582672 0.070505 0.467913 15.336858 1.497726 -0.255664 0.934462 2.938103 -0.770164 1.125448 -4.234597 -0.309643 -1.076085 12.529990 -2.727587 5.066737 25.451302 -0.188855 3.323259 -3.826295 -4.264846 3.727505 -1.734176 0.000077 -0.000023 0.000004 -0.012073 0.041349 -0.045877 0.646218 -3.641322 -10.670512 -0.682241 3.724055 -10.602923 22.562494 -17.141581 3.470676 -81.912132 -35.977909 -18.259666 179.236221 -41.393360 -179.996780 8.314591 -15.504236 -18.188164 -5.882102 9.861278 0.702589 -10.936857 -0.360576 7.156198 -0.000000 8.774811 -0.000001 -15.782019 18.131792 6.225834 -1.844031 2.498503 -2.507276 -10.163589 4.678940 4.621105 -20.975996 -0.000004 0.000000 -21.226254 2.451692 -3.593994 0.000001 -0.000006 -0.000000 -1.362680 2.240795 -0.746323 -21.334887 0.584909 3.008320 -13.821194 -0.000003 0.000002 -23.887133 -0.249078 -0.839481 -60.733875 2.377695 -1.527112 -0.294024 1.679686 0.833255 -14.218192 0.093215 1.300579 -34.211998 -0.287563 0.967168 -20.033176 0.964535 1.212842 -0.000000 0.000000 0.000000 -3.440384 0.788232 0.501655 -15.928165 -3.167305 2.999703 -6.338818 -0.000001 0.000001 -18.123411 3.648175 -4.905662 -0.000007 0.000000 -0.000002 -23.671902 24.976768 4.334129 84.073433 48.804214 -6.770169 -179.582153 34.195599 -179.302353 -14.212752 10.671417 -15.695791 2.243540 -5.255032 -3.180157 14.282877 -0.826594 6.952499 -0.000003 -12.690588 0.000000 15.803991 -17.879438 3.481524 1.665665 -1.955920 -2.878296 4.727793 -4.170582 4.993919 11.020511 0.000003 0.000000 12.109034 -3.735708 -2.866778 0.000000 0.000000 -0.000001 1.291984 -1.928547 -1.498086 14.800114 0.567468 3.865606 14.242554 -1.341734 -6.660646 19.631939 0.143925 -0.648243 50.424507 -0.995396 -5.670086 0.353028 -1.511149 -0.031939 20.222771 3.684306 2.316631 18.787247 0.000005 -0.000000 10.751612 -0.479869 1.397906 -0.000001 0.000001 -0.000001 3.273805 0.305947 -0.580111 21.486790 11.830361 2.266134 8.162917 0.000003 -0.000001 18.399052 -3.798977 -4.940567 0.000003 0.000000 -0.000000 15.047024 6.920278 -27.265673 -0.344390 -0.897860 27.131418 -19.264641 -14.020700 6.905404 1.653535 -1.772478 -1.303438 -0.000000 -0.000000 0.000002 -11.202273 -22.064108 0.248416 0.037349 0.699297 29.736675 14.983148 1.676114 -21.473999 -1.455452 0.789177 -3.717620 0.000000 0.000000 -0.000001 
-2.693606 93.668373 0.253918 0.869391 21.783394 1.149669 -0.597933 1.012043 3.717702 -0.962615 1.360832 -3.929390 -1.353923 -0.515841 12.760530 -0.671158 3.128671 25.914339 -0.503285 1.643758 -3.833700 -3.209244 1.456589 -1.571460 0.000076 -0.000022 0.000007 -0.008514 0.014650 -0.059938 0.646211 -3.691698 -10.774210 -0.665420 3.720118 -10.697241 20.987305 -16.596375 5.005729 -83.642593 -37.456566 -10.514252 178.713898 -45.363346 -179.360001 11.925973 -16.708603 -24.810896 -5.882100 9.861279 0.702589 -10.936858 -0.360577 7.156197 0.000002 8.774811 -0.000002 -15.172510 18.448404 6.297933 -1.844031 2.498503 -2.507277 -10.163589 4.678938 4.621103 -20.975992 -0.000004 0.000001 -21.226255 2.451691 -3.593994 0.000000 -0.000006 0.000001 -1.362680 2.240796 -0.746324 -21.334887 0.584906 3.008320 -13.821197 -0.000005 0.000001 -23.887123 -0.249081 -0.839481 -60.242947 2.448544 -1.525226 -0.294024 1.679686 0.833255 -14.218192 0.093214 1.300578 -34.211998 -0.287566 0.967169 -20.033173 0.964533 1.212841 0.000000 0.000000 0.000000 -3.440385 0.788232 0.501655 -15.928167 -3.167307 2.999704 -6.338817 -0.000002 0.000001 -18.123411 3.648174 -4.905662 -0.000004 0.000000 -0.000002 -23.694597 24.352446 5.524798 78.696289 50.153889 -13.335855 -179.156555 32.510208 -179.139313 -15.382559 11.225940 -13.144093 2.243539 -5.255032 -3.180152 14.282875 -0.826592 6.952495 -0.000004 -12.690590 -0.000002 15.355084 -17.942631 3.449090 1.665665 -1.955920 -2.878297 4.727792 -4.170583 4.993917 11.020510 0.000003 -0.000002 12.109034 -3.735708 -2.866779 0.000001 0.000000 -0.000001 1.291985 -1.928547 -1.498088 14.800114 0.567469 3.865603 14.242550 -1.341733 -6.660647 19.631939 0.143927 -0.648241 50.013039 -1.018550 -5.686663 0.353028 -1.511149 -0.031940 20.222767 3.684308 2.316627 18.787245 0.000007 0.000000 10.751610 -0.479865 1.397903 0.000000 0.000001 0.000000 3.273803 0.305947 -0.580111 21.486792 11.830367 2.266130 8.162913 0.000003 -0.000001 18.399050 -3.798978 -4.940566 0.000005 0.000002 -0.000002 14.648817 3.568366 -30.397966 -0.401100 -0.975554 29.045668 -20.376591 -15.412432 8.350830 1.650130 -1.799137 -1.351849 -0.000000 0.000000 0.000002 -10.535814 -24.227493 0.838655 -0.041090 0.633582 33.149181 14.270066 -1.177892 -24.427080 -1.445907 0.749938 -3.671275 0.000000 0.000000 -0.000001 
-3.838252 92.576576 0.397407 1.015776 27.138277 0.725638 -0.823047 0.941918 4.591316 -1.187389 1.778739 -3.485415 -2.609595 0.192735 13.455952 1.166931 1.316136 25.039875 -0.774271 0.085143 -3.734385 -1.935934 -0.699565 -1.458871 0.000076 -0.000023 0.000008 0.013571 -0.029318 -0.086245 0.665744 -3.761970 -10.842616 -0.641581 3.692520 -10.733270 16.830759 -16.159840 7.536983 -83.081520 -37.539150 -4.760486 178.429718 -51.426605 -178.696381 15.609037 -18.492559 -34.352062 -5.882100 9.861279 0.702589 -10.936858 -0.360575 7.156196 -0.000000 8.774814 -0.000000 -14.459352 18.476414 6.227240 -1.844030 2.498503 -2.507276 -10.163589 4.678940 4.621102 -20.975992 -0.000004 0.000002 -21.226248 2.451693 -3.593995 0.000001 -0.000006 -0.000001 -1.362680 2.240796 -0.746323 -21.334887 0.584908 3.008320 -13.821194 -0.000003 0.000001 -23.887133 -0.249079 -0.839483 -59.701874 2.461277 -1.529325 -0.294024 1.679685 0.833256 -14.218192 0.093215 1.300579 -34.211998 -0.287565 0.967168 -20.033176 0.964534 1.212839 0.000001 -0.000000 -0.000000 -3.440385 0.788232 0.501656 -15.928167 -3.167306 2.999703 -6.338817 -0.000001 0.000001 -18.123413 3.648176 -4.905663 -0.000002 -0.000000 -0.000002 -23.106323 23.280787 6.708121 72.390373 50.097698 -19.890028 -178.403168 32.002815 -178.770493 -16.405739 11.554283 -11.661072 2.243540 -5.255032 -3.180155 14.282877 -0.826592 6.952494 -0.000002 -12.690590 -0.000001 15.101556 -17.963230 3.277943 1.665664 -1.955919 -2.878297 4.727793 -4.170582 4.993918 11.020512 0.000004 -0.000000 12.109033 -3.735708 -2.866777 -0.000001 -0.000000 -0.000001 1.291984 -1.928547 -1.498088 14.800114 0.567469 3.865605 14.242556 -1.341733 -6.660649 19.631939 0.143927 -0.648243 49.637897 -0.850367 -5.713847 0.353029 -1.511149 -0.031941 20.222769 3.684309 2.316628 18.787247 0.000005 -0.000001 10.751610 -0.479866 1.397903 0.000001 -0.000000 0.000001 3.273805 0.305947 -0.580109 21.486792 11.830361 2.266132 8.162918 0.000003 0.000000 18.399054 -3.798977 -4.940565 0.000003 0.000001 -0.000000 14.651293 0.969778 -33.361191 -0.481758 -1.028553 31.257601 -21.634647 -16.333300 9.408318 1.659480 -1.868182 -1.564764 -0.000000 0.000000 0.000002 -9.581191 -26.028816 0.739896 -0.105925 0.473274 37.003250 13.428855 -4.057764 -27.234936 -1.418826 0.695232 -3.107366 0.000000 0.000000 -0.000001 
-4.749369 91.474655 0.493611 0.695701 29.273108 0.394093 -0.876156 0.941377 5.335190 -1.409563 2.250068 -3.110517 -4.119241 0.868775 14.387548 2.473533 0.258526 22.624260 -1.194470 -0.716825 -3.586387 -0.448948 -2.363536 -1.882286 0.000077 -0.000023 0.000007 -0.009174 -0.017122 -0.095852 0.615957 -3.773333 -10.813144 -0.629587 3.732524 -10.694147 9.403646 -15.243935 11.057127 -78.259567 -35.291119 -3.972025 179.027405 -59.416126 -178.616226 18.114054 -18.797085 -45.770992 -5.882102 9.861278 0.702590 -10.936860 -0.360576 7.156196 -0.000000 8.774811 -0.000001 -14.302917 17.984112 6.049335 -1.844032 2.498503 -2.507276 -10.163591 4.678941 4.621103 -20.975998 -0.000001 0.000002 -21.226259 2.451694 -3.593995 0.000000 -0.000007 0.000000 -1.362681 2.240797 -0.746323 -21.334890 0.584911 3.008320 -13.821198 -0.000002 0.000001 -23.887135 -0.249076 -0.839484 -59.310627 2.287929 -1.673804 -0.294025 1.679685 0.833256 -14.218194 0.093215 1.300579 -34.212009 -0.287562 0.967171 -20.033180 0.964536 1.212841 0.000000 -0.000001 0.000001 -3.440385 0.788234 0.501655 -15.928169 -3.167306 2.999702 -6.338818 0.000000 0.000001 -18.123415 3.648177 -4.905662 -0.000005 0.000000 -0.000003 -21.834000 21.935274 7.726292 67.046051 48.456127 -24.719501 -177.816849 33.028698 -178.625793 -17.697289 11.083236 -12.096074 2.243540 -5.255033 -3.180157 14.282877 -0.826593 6.952494 -0.000001 -12.690591 -0.000001 15.185393 -18.046013 3.012053 1.665665 -1.955920 -2.878297 4.727794 -4.170584 4.993918 11.020512 0.000003 -0.000001 12.109033 -3.735709 -2.866779 0.000000 -0.000001 0.000000 1.291984 -1.928548 -1.498088 14.800111 0.567468 3.865602 14.242554 -1.341735 -6.660650 19.631939 0.143926 -0.648245 49.466080 -0.791486 -5.875942 0.353030 -1.511149 -0.031939 20.222767 3.684306 2.316628 18.787245 0.000005 -0.000002 10.751610 -0.479866 1.397903 0.000000 0.000002 0.000001 3.273805 0.305947 -0.580112 21.486790 11.830360 2.266132 8.162917 0.000003 0.000000 18.399052 -3.798978 -4.940568 0.000004 0.000001 -0.000001 15.337529 0.219922 -35.717495 -0.558763 -1.074340 33.977661 -22.323629 -16.555595 9.007313 1.653123 -1.828527 -1.767226 -0.000000 -0.000000 0.000002 -8.196789 -26.159819 -0.454346 -0.146208 0.353906 40.481815 12.825703 -5.708250 -29.847277 -1.397274 0.689645 -2.166851 -0.000000 -0.000000 -0.000001 
-5.185562 90.640770 0.588381 -0.050621 27.241777 0.194307 -0.981968 0.984057 5.510069 -1.635946 2.667324 -2.817889 -5.909081 1.149965 15.193786 2.806046 0.277912 19.424627 -1.256177 -0.986875 -3.486225 0.411059 -2.707332 -2.892104 0.000077 -0.000020 0.000005 -0.049738 0.021052 -0.068787 0.560334 -3.726760 -10.702020 -0.662092 3.776116 -10.585027 0.142726 -13.611338 14.758028 -70.599380 -28.907784 -9.681994 -177.240906 -67.231400 178.086136 18.962296 -16.269770 -58.081516 -5.882100 9.861279 0.702587 -10.936860 -0.360576 7.156196 0.000001 8.774813 -0.000000 -14.705198 17.145895 5.995019 -1.844031 2.498503 -2.507275 -10.163589 4.678941 4.621103 -20.975994 -0.000005 0.000003 -21.226254 2.451691 -3.593994 0.000000 -0.000006 0.000000 -1.362679 2.240796 -0.746324 -21.334892 0.584905 3.008318 -13.821197 -0.000006 0.000003 -23.887131 -0.249080 -0.839480 -58.808895 1.970417 -1.748026 -0.294025 1.679688 0.833255 -14.218190 0.093213 1.300577 -34.211998 -0.287564 0.967170 -20.033176 0.964534 1.212841 0.000001 0.000000 0.000001 -3.440385 0.788234 0.501653 -15.928167 -3.167308 2.999701 -6.338817 -0.000001 0.000001 -18.123413 3.648176 -4.905662 -0.000004 -0.000000 -0.000002 -20.711618 20.069521 8.251314 65.225998 46.123161 -24.840019 -178.127731 35.038662 -178.963196 -18.913458 9.380099 -13.881886 2.243540 -5.255033 -3.180155 14.282873 -0.826591 6.952496 -0.000004 -12.690590 0.000001 15.496628 -18.006613 2.793859 1.665664 -1.955920 -2.878298 4.727792 -4.170583 4.993917 11.020511 0.000003 -0.000001 12.109029 -3.735708 -2.866779 -0.000001 -0.000002 0.000001 1.291984 -1.928548 -1.498089 14.800109 0.567470 3.865600 14.242551 -1.341733 -6.660650 19.631937 0.143929 -0.648243 49.545460 -0.694633 -5.809674 0.353028 -1.511150 -0.031939 20.222767 3.684308 2.316627 18.787243 0.000007 -0.000002 10.751608 -0.479867 1.397904 -0.000000 0.000001 -0.000000 3.273804 0.305947 -0.580109 21.486792 11.830368 2.266130 8.162914 0.000004 -0.000001 18.399048 -3.798979 -4.940567 0.000003 -0.000001 -0.000001 16.724070 1.650468 -36.684135 -0.491247 -1.054202 36.810471 -22.652126 -15.370433 6.971791 1.641730 -1.759271 -1.780414 0.000000 -0.000000 0.000002 -6.489349 -23.386600 -2.492403 -0.124290 0.209431 43.034161 11.920898 -6.176856 -31.739491 -1.386446 0.689651 -1.416439 0.000000 0.000000 -0.000001 
-4.986846 90.341965 0.834997 -1.349321 20.729658 -0.022948 -1.220951 0.938026 4.939959 -1.857995 2.904093 -2.675940 -7.662566 0.610752 15.564602 2.157685 1.342315 16.376459 -1.259901 -0.327298 -3.451020 0.242602 -1.624925 -3.957302 0.000078 -0.000023 0.000006 -0.095188 0.110874 -0.074250 0.549744 -3.614511 -10.495854 -0.747226 3.828453 -10.425653 -9.134639 -11.336811 17.269205 -63.627949 -17.788664 -19.590488 -173.918396 -74.567039 174.130753 17.783669 -13.910442 -69.630096 -5.882103 9.861280 0.702590 -10.936858 -0.360574 7.156195 -0.000001 8.774816 -0.000002 -15.837555 16.674654 5.654501 -1.844033 2.498504 -2.507277 -10.163588 4.678937 4.621102 -20.975998 -0.000004 0.000001 -21.226255 2.451692 -3.593993 -0.000001 -0.000008 -0.000001 -1.362681 2.240795 -0.746323 -21.334887 0.584910 3.008319 -13.821197 -0.000002 0.000001 -23.887133 -0.249079 -0.839480 -58.434162 1.759227 -1.927053 -0.294024 1.679685 0.833254 -14.218194 0.093214 1.300579 -34.212006 -0.287564 0.967166 -20.033180 0.964533 1.212840 0.000000 0.000001 -0.000001 -3.440384 0.788236 0.501655 -15.928167 -3.167304 2.999701 -6.338815 -0.000000 -0.000001 -18.123415 3.648174 -4.905659 -0.000003 -0.000000 -0.000003 -19.563553 17.896526 8.302011 66.367851 44.357689 -18.081223 -178.259155 37.106499 -179.338028 -18.329163 6.490530 -15.432963 2.243541 -5.255032 -3.180155 14.282877 -0.826594 6.952496 -0.000001 -12.690590 0.000001 15.474796 -17.568439 2.799405 1.665665 -1.955920 -2.878296 4.727793 -4.170581 4.993920 11.020511 0.000003 -0.000001 12.109033 -3.735708 -2.866779 0.000000 -0.000001 0.000000 1.291984 -1.928547 -1.498087 14.800113 0.567467 3.865602 14.242553 -1.341733 -6.660649 19.631939 0.143927 -0.648243 49.160526 -0.772559 -5.484705 0.353029 -1.511150 -0.031939 20.222771 3.684306 2.316628 18.787249 0.000004 0.000001 10.751614 -0.479869 1.397902 0.000000 0.000002 0.000002 3.273806 0.305945 -0.580110 21.486792 11.830360 2.266128 8.162917 0.000002 -0.000002 18.399057 -3.798981 -4.940567 0.000002 -0.000001 -0.000001 18.983540 5.653571 -35.127270 -0.370490 -0.982547 39.076054 -23.003830 -12.978601 3.537500 1.641800 -1.794882 -1.714762 0.000000 -0.000000 0.000002 -4.906560 -18.114239 -4.335100 -0.031283 0.191287 43.692783 10.679908 -4.918894 -32.280327 -1.403075 0.711599 -1.018313 0.000000 0.000000 -0.000001 
-4.344239 90.839661 1.254092 -3.029887 10.132033 -0.395916 -1.457077 0.562055 3.856228 -2.052758 2.906172 -2.800399 -9.191839 -0.602325 15.288206 0.610088 3.056659 13.731969 -1.321572 1.179382 -3.463273 -0.362948 0.323061 -4.627040 0.000077 -0.000022 0.000006 -0.152037 0.263251 -0.089821 0.548395 -3.425217 -10.330687 -0.856852 3.943491 -10.297883 -17.035793 -9.611870 18.245239 -60.216980 -4.754525 -31.308350 -175.546143 -86.958557 175.069931 17.247644 -14.493391 -81.332733 -5.882102 9.861280 0.702590 -10.936860 -0.360576 7.156197 0.000001 8.774814 -0.000001 -17.632113 17.279327 5.081423 -1.844031 2.498503 -2.507276 -10.163590 4.678940 4.621103 -20.975992 -0.000002 0.000002 -21.226254 2.451691 -3.593995 -0.000001 -0.000005 -0.000000 -1.362680 2.240793 -0.746322 -21.334890 0.584907 3.008321 -13.821197 -0.000002 0.000002 -23.887129 -0.249078 -0.839482 -60.508224 2.029321 -2.320066 -0.294024 1.679684 0.833255 -14.218195 0.093214 1.300578 -34.212013 -0.287566 0.967167 -20.033180 0.964535 1.212842 0.000000 0.000000 -0.000002 -3.440386 0.788232 0.501654 -15.928169 -3.167306 2.999705 -6.338815 -0.000002 0.000002 -18.123411 3.648176 -4.905662 -0.000003 -0.000000 -0.000002 -17.228451 15.259693 8.569064 68.444519 44.164673 -5.956688 -177.510010 39.252865 -178.636322 -16.493385 2.886326 -15.915745 2.243539 -5.255032 -3.180156 14.282877 -0.826593 6.952497 -0.000002 -12.690591 -0.000001 15.901619 -17.223106 2.958670 1.665663 -1.955919 -2.878295 4.727792 -4.170582 4.993920 11.020511 0.000003 0.000000 12.109030 -3.735711 -2.866779 -0.000001 0.000001 -0.000002 1.291984 -1.928550 -1.498087 14.800111 0.567467 3.865602 14.242551 -1.341734 -6.660647 19.631937 0.143927 -0.648241 49.425690 -0.969101 -5.505173 0.353027 -1.511150 -0.031939 20.222767 3.684305 2.316630 18.787245 0.000004 0.000002 10.751608 -0.479866 1.397903 -0.000001 -0.000001 -0.000002 3.273802 0.305947 -0.580110 21.486790 11.830362 2.266131 8.162919 0.000000 0.000001 18.399054 -3.798978 -4.940568 0.000003 -0.000002 -0.000001 22.298784 11.531733 -29.695332 -0.271534 -0.888506 39.418201 -23.805218 -9.328132 -0.070237 1.653878 -1.877400 -1.936841 -0.000000 -0.000000 0.000002 -4.089292 -11.982665 -5.090828 0.155108 0.350058 41.763359 9.141783 -0.529188 -30.643126 -1.431056 0.794407 -0.921567 0.000000 0.000000 -0.000001 
-3.302738 92.020592 1.654481 -4.294977 -3.444936 -0.477831 -1.815593 0.426142 2.562584 -2.309602 1.769666 -3.435620 -9.859608 -1.363747 14.384367 -1.871740 4.801396 11.309420 -1.031890 2.988435 -3.478963 -1.671719 3.142408 -5.187011 0.000077 -0.000022 0.000006 -0.146736 0.234746 -0.044638 0.574285 -3.440884 -10.264789 -0.873564 3.884626 -10.258249 -20.404020 -9.993065 16.852070 -61.666893 6.170726 -39.604877 1.150774 -74.183968 -0.817057 17.747437 -16.504629 -100.705208 -5.882100 9.861276 0.702589 -10.936859 -0.360575 7.156196 0.000002 8.774816 -0.000001 -17.537014 18.639214 5.578227 -1.844033 2.498502 -2.507275 -10.163589 4.678939 4.621102 -20.975996 -0.000005 0.000001 -21.226254 2.451692 -3.593995 0.000001 -0.000007 -0.000000 -1.362679 2.240795 -0.746322 -21.334890 0.584906 3.008319 -13.821197 -0.000002 0.000002 -23.887133 -0.249079 -0.839481 -63.345123 2.332750 -2.408167 -0.294025 1.679687 0.833255 -14.218194 0.093214 1.300578 -34.212002 -0.287567 0.967168 -20.033180 0.964531 1.212843 0.000001 0.000001 -0.000001 -3.440385 0.788232 0.501654 -15.928167 -3.167310 2.999702 -6.338817 -0.000001 0.000001 -18.123415 3.648174 -4.905662 -0.000003 -0.000000 -0.000002 -13.894194 12.686228 9.683257 67.676147 45.264465 4.702680 -175.962250 41.259094 -176.811905 -15.152411 0.127822 -14.725952 2.243539 -5.255033 -3.180156 14.282877 -0.826593 6.952495 -0.000003 -12.690590 0.000000 16.758429 -17.140915 3.046836 1.665664 -1.955920 -2.878296 4.727791 -4.170582 4.993918 11.020511 0.000004 -0.000000 12.109031 -3.735709 -2.866780 -0.000001 0.000000 0.000000 1.291986 -1.928550 -1.498089 14.800111 0.567470 3.865605 14.242553 -1.341734 -6.660648 19.631939 0.143926 -0.648243 50.957684 -1.265715 -5.295742 0.353028 -1.511149 -0.031940 20.222769 3.684308 2.316629 18.787245 0.000005 0.000002 10.751610 -0.479867 1.397901 -0.000000 0.000000 0.000000 3.273804 0.305946 -0.580112 21.486794 11.830363 2.266131 8.162917 0.000001 0.000000 18.399052 -3.798977 -4.940568 0.000003 0.000000 -0.000002 25.779982 17.801338 -20.597279 -0.298463 -0.719589 37.176281 -24.396265 -4.163803 -3.026363 1.668318 -1.987840 -2.427223 -0.000000 -0.000000 0.000002 -5.095792 -7.816974 -5.659171 0.437969 1.005334 38.211132 7.759036 8.565052 -26.437700 -1.442647 0.732700 -1.250949 0.000000 0.000000 -0.000001 
-2.221043 93.433250 2.220990 -4.603974 -17.669653 -0.773067 -2.416113 0.531213 1.380054 -2.530649 0.643730 -3.904932 -9.445754 -2.001136 13.125169 -5.861530 5.919557 9.579133 -0.215550 4.431836 -3.434289 -3.411031 6.473650 -6.873003 0.000076 -0.000022 0.000006 -0.036560 0.036721 -0.009037 0.772880 -3.554923 -10.157749 -0.860720 3.593877 -10.090771 -14.047821 -9.805665 14.874475 -64.967781 8.939631 -32.636417 -0.354781 -68.196091 0.814417 13.328450 -15.770359 -102.299355 -5.882101 9.861279 0.702590 -10.936858 -0.360575 7.156197 0.000000 8.774814 -0.000001 -16.539185 18.321625 7.047079 -1.844031 2.498502 -2.507276 -10.163592 4.678940 4.621105 -20.975994 -0.000004 0.000002 -21.226250 2.451692 -3.593992 0.000000 -0.000006 -0.000000 -1.362680 2.240796 -0.746322 -21.334887 0.584908 3.008320 -13.821195 -0.000003 0.000003 -23.887125 -0.249079 -0.839481 -65.326096 2.599921 -2.093710 -0.294025 1.679686 0.833255 -14.218192 0.093214 1.300579 -34.211998 -0.287564 0.967170 -20.033175 0.964535 1.212842 0.000001 0.000000 0.000000 -3.440386 0.788233 0.501655 -15.928167 -3.167307 2.999703 -6.338817 -0.000001 0.000001 -18.123415 3.648176 -4.905662 -0.000003 0.000000 -0.000002 -11.689881 10.402239 8.921321 63.131279 44.257675 8.813151 -175.338318 41.218658 -176.585159 -11.128985 -1.711789 -12.785727 2.243540 -5.255033 -3.180156 14.282873 -0.826592 6.952497 -0.000003 -12.690588 -0.000001 18.359247 -16.510450 2.295275 1.665664 -1.955921 -2.878296 4.727792 -4.170585 4.993918 11.020512 0.000003 0.000000 12.109029 -3.735709 -2.866782 0.000000 0.000000 -0.000001 1.291984 -1.928548 -1.498089 14.800114 0.567468 3.865604 14.242554 -1.341734 -6.660650 19.631939 0.143926 -0.648243 51.604214 -1.500253 -4.964350 0.353029 -1.511149 -0.031940 20.222765 3.684306 2.316627 18.787245 0.000004 -0.000000 10.751610 -0.479868 1.397904 0.000000 0.000000 -0.000001 3.273805 0.305947 -0.580110 21.486790 11.830361 2.266131 8.162917 0.000001 0.000001 18.399050 -3.798979 -4.940566 0.000003 0.000000 -0.000001 27.752611 21.435841 -10.685511 -0.231698 -0.608552 34.859333 -25.388775 0.978197 -4.774017 1.720764 -2.233019 -3.638377 -0.000000 -0.000000 0.000002 -8.092343 -7.354459 -7.111413 0.751171 1.487958 36.049778 7.671585 20.235775 -18.980106 -1.418023 0.416180 -2.371351 0.000000 0.000000 -0.000001 
-1.244648 94.445320 2.826304 -4.478387 -30.264959 -1.298110 -2.787363 0.433397 0.762332 -2.516680 -0.120173 -4.266989 -8.649835 -2.718649 11.433998 -9.788925 6.941691 8.620594 0.635232 6.532019 -3.202155 -5.592175 10.383822 -9.631002 0.000078 -0.000022 0.000006 -0.042028 -0.142796 0.044363 0.793613 -3.748858 -10.257570 -0.876555 3.434611 -10.171318 -3.340327 -10.818551 13.248157 -63.563301 8.206553 -27.063541 -5.215875 -79.810410 2.713875 10.448800 -12.537493 -95.674171 -5.882100 9.861278 0.702590 -10.936857 -0.360574 7.156196 0.000000 8.774811 -0.000001 -15.516831 16.969347 6.830072 -1.844030 2.498502 -2.507275 -10.163589 4.678938 4.621103 -20.975992 -0.000003 0.000002 -21.226254 2.451694 -3.593992 0.000001 -0.000008 -0.000000 -1.362681 2.240795 -0.746322 -21.334887 0.584908 3.008321 -13.821194 -0.000005 0.000003 -23.887131 -0.249077 -0.839481 -61.886898 2.461405 -1.415971 -0.294024 1.679686 0.833255 -14.218190 0.093214 1.300579 -34.211998 -0.287564 0.967170 -20.033175 0.964535 1.212841 -0.000001 -0.000001 0.000001 -3.440385 0.788232 0.501656 -15.928164 -3.167306 2.999704 -6.338816 -0.000002 0.000001 -18.123411 3.648178 -4.905660 -0.000005 -0.000000 -0.000002 -9.491806 8.452840 8.525349 52.849617 45.547867 7.164631 -174.056778 39.991463 -176.471252 -7.979327 0.463776 -10.325109 2.243539 -5.255033 -3.180155 14.282875 -0.826591 6.952496 -0.000003 -12.690592 0.000001 18.839264 -16.280382 1.641034 1.665663 -1.955921 -2.878296 4.727795 -4.170583 4.993919 11.020511 0.000002 0.000000 12.109029 -3.735712 -2.866780 0.000000 0.000001 -0.000001 1.291983 -1.928548 -1.498089 14.800111 0.567470 3.865605 14.242551 -1.341734 -6.660650 19.631937 0.143926 -0.648243 51.622883 -1.357137 -5.317809 0.353030 -1.511150 -0.031940 20.222767 3.684308 2.316628 18.787245 0.000005 -0.000000 10.751609 -0.479867 1.397904 0.000000 0.000000 0.000002 3.273802 0.305947 -0.580110 21.486788 11.830363 2.266131 8.162915 0.000002 0.000001 18.399050 -3.798979 -4.940566 0.000003 0.000000 0.000000 27.990541 21.769392 -2.228308 -0.172368 -0.791373 32.808247 -25.693012 4.186079 -5.830884 1.795824 -2.459165 -5.425810 -0.000000 -0.000000 0.000002 -10.524340 -6.721985 -9.934384 1.008551 1.816331 36.172375 9.023936 28.610102 -10.819014 -1.378428 0.182635 -4.169318 -0.000000 -0.000000 -0.000001 
-0.465487 94.879723 3.195111 -4.662786 -40.865459 -1.430666 -2.716571 0.381756 0.528069 -2.294406 -1.737510 -4.662422 -7.959230 -3.428424 9.656485 -12.106688 8.998098 7.828042 1.553384 8.817231 -3.064716 -7.972571 14.087767 -11.554626 0.000076 -0.000023 0.000005 -0.051379 -0.298817 0.072565 0.732761 -3.933645 -10.421843 -0.849768 3.323845 -10.383215 4.049191 -13.864385 11.351138 -48.881245 9.461944 -37.052963 -154.206039 -88.595551 150.200180 9.029756 -9.517788 -95.105423 -5.882103 9.861277 0.702590 -10.936860 -0.360573 7.156199 -0.000000 8.774812 -0.000001 -15.912878 16.113867 6.364748 -1.844030 2.498502 -2.507276 -10.163592 4.678940 4.621106 -20.976000 -0.000000 0.000005 -21.226255 2.451694 -3.593993 -0.000000 -0.000006 -0.000002 -1.362679 2.240796 -0.746323 -21.334898 0.584910 3.008323 -13.821198 -0.000000 0.000004 -23.887135 -0.249074 -0.839480 -59.369164 2.070453 -1.184855 -0.294026 1.679687 0.833255 -14.218192 0.093217 1.300581 -34.212006 -0.287560 0.967170 -20.033186 0.964537 1.212840 0.000000 0.000001 0.000000 -3.440385 0.788233 0.501656 -15.928173 -3.167305 2.999706 -6.338819 -0.000001 0.000001 -18.123417 3.648179 -4.905661 -0.000004 -0.000001 -0.000003 -9.052408 7.930706 7.354393 42.457382 47.900524 1.875423 -172.489044 39.122814 -176.950119 -8.634487 2.710651 -6.254869 2.243540 -5.255033 -3.180155 14.282873 -0.826594 6.952496 -0.000002 -12.690587 -0.000000 18.852770 -16.702805 1.688144 1.665663 -1.955919 -2.878298 4.727793 -4.170579 4.993918 11.020512 0.000003 -0.000001 12.109031 -3.735708 -2.866778 -0.000000 -0.000002 0.000001 1.291984 -1.928550 -1.498088 14.800117 0.567468 3.865605 14.242553 -1.341733 -6.660648 19.631937 0.143925 -0.648242 52.151566 -1.264152 -5.799734 0.353030 -1.511151 -0.031940 20.222769 3.684303 2.316629 18.787247 0.000005 0.000002 10.751611 -0.479869 1.397904 -0.000000 0.000001 0.000000 3.273803 0.305947 -0.580111 21.486790 11.830359 2.266131 8.162915 -0.000000 0.000000 18.399052 -3.798978 -4.940565 0.000003 0.000001 -0.000002 27.085016 20.966583 4.444230 -0.006546 -1.388402 30.584991 -24.689205 6.823205 -6.234383 1.872019 -2.539493 -6.617146 -0.000000 0.000000 0.000003 -11.088161 -2.905508 -13.501649 0.900283 1.832169 37.097923 11.336687 31.448784 -4.673560 -1.369489 0.289856 -5.851502 0.000000 0.000000 -0.000001 
0.441356 94.571144 3.250553 -5.329198 -50.136192 -0.861249 -2.794847 -0.173726 0.436062 -1.934080 -2.847991 -4.829519 -7.311337 -4.502391 8.196470 -13.258280 10.435177 6.555444 3.271363 11.677547 -2.969006 -10.230532 17.730984 -13.308112 0.000077 -0.000023 0.000006 -0.028187 -0.530482 0.106313 0.663359 -4.257306 -10.436600 -0.727706 3.186819 -10.540574 8.151544 -18.441355 8.692042 -21.322447 15.458653 -55.648438 -7.292924 -83.060951 2.269062 11.046707 -13.176124 -97.824806 -5.882101 9.861277 0.702590 -10.936860 -0.360575 7.156197 0.000002 8.774814 -0.000000 -13.974864 15.721402 5.960957 -1.844031 2.498501 -2.507276 -10.163591 4.678939 4.621105 -20.975994 -0.000005 0.000004 -21.226255 2.451689 -3.593991 -0.000000 -0.000007 0.000000 -1.362681 2.240796 -0.746321 -21.334892 0.584908 3.008321 -13.821197 -0.000002 0.000003 -23.887133 -0.249078 -0.839479 -55.953621 2.345140 -0.977312 -0.294023 1.679688 0.833255 -14.218195 0.093213 1.300579 -34.212002 -0.287567 0.967172 -20.033180 0.964532 1.212844 0.000001 0.000001 0.000000 -3.440385 0.788232 0.501655 -15.928167 -3.167306 2.999705 -6.338817 -0.000002 0.000001 -18.123415 3.648175 -4.905660 -0.000005 0.000000 -0.000002 -10.444290 8.193598 5.050837 35.845173 50.899406 -3.554865 -170.514236 40.375248 -176.159042 -9.317617 2.036162 -2.090595 2.243539 -5.255034 -3.180156 14.282877 -0.826593 6.952496 -0.000003 -12.690587 0.000000 18.931421 -16.860069 1.544853 1.665665 -1.955920 -2.878296 4.727794 -4.170583 4.993919 11.020513 0.000003 -0.000000 12.109029 -3.735708 -2.866778 -0.000000 -0.000002 0.000000 1.291982 -1.928547 -1.498089 14.800113 0.567469 3.865604 14.242553 -1.341733 -6.660648 19.631939 0.143925 -0.648242 52.434174 -0.949745 -6.227964 0.353026 -1.511149 -0.031940 20.222769 3.684310 2.316629 18.787245 0.000004 0.000001 10.751610 -0.479867 1.397905 -0.000001 0.000003 -0.000000 3.273805 0.305949 -0.580110 21.486788 11.830361 2.266132 8.162916 0.000003 0.000001 18.399052 -3.798980 -4.940565 0.000002 0.000001 -0.000001 26.334587 21.725624 9.064981 0.172726 -1.704957 29.871527 -24.343121 9.035077 -7.441557 1.875062 -2.439784 -6.562759 0.000000 -0.000000 0.000002 -10.899046 3.191797 -17.648565 0.647638 1.498159 38.450020 12.796830 30.681107 -2.386615 -1.424796 0.597977 -6.716093 0.000000 0.000000 -0.000001 
1.332569 94.172195 3.235198 -6.499914 -56.512371 0.711186 -3.179039 -0.894301 0.607501 -1.968524 -3.269721 -4.856770 -6.171600 -5.030337 7.425339 -13.722996 10.029140 5.530637 4.292217 14.218199 -2.757662 -10.654279 19.470654 -16.116850 0.000077 -0.000022 0.000006 0.015369 -0.323369 0.065200 0.675112 -4.098757 -10.490256 -0.672701 3.433480 -10.685197 14.077985 -23.678007 6.056474 -0.813549 21.386097 -62.911324 1.427039 -64.627441 -0.778871 18.697351 -22.679792 -105.372673 -5.882101 9.861278 0.702589 -10.936860 -0.360575 7.156198 0.000001 8.774812 -0.000003 -13.385070 18.016390 6.156962 -1.844031 2.498502 -2.507276 -10.163590 4.678938 4.621103 -20.975998 -0.000003 0.000004 -21.226255 2.451692 -3.593993 0.000000 -0.000007 -0.000001 -1.362680 2.240797 -0.746323 -21.334890 0.584909 3.008320 -13.821195 -0.000003 0.000003 -23.887133 -0.249080 -0.839480 -54.159031 3.122360 -0.846048 -0.294024 1.679686 0.833255 -14.218194 0.093214 1.300580 -34.212002 -0.287563 0.967172 -20.033176 0.964534 1.212843 -0.000001 -0.000001 -0.000000 -3.440386 0.788232 0.501655 -15.928169 -3.167307 2.999704 -6.338816 -0.000002 0.000001 -18.123413 3.648176 -4.905661 -0.000008 -0.000001 -0.000000 -12.537925 7.442891 3.163812 37.460575 54.543415 -4.772308 -170.499832 42.260357 -175.466202 -7.330043 0.141628 1.503665 2.243540 -5.255033 -3.180156 14.282875 -0.826592 6.952495 -0.000002 -12.690588 0.000000 18.097940 -17.044315 1.333339 1.665664 -1.955920 -2.878297 4.727792 -4.170580 4.993917 11.020509 0.000001 -0.000002 12.109031 -3.735709 -2.866781 0.000000 -0.000001 0.000000 1.291984 -1.928548 -1.498088 14.800109 0.567466 3.865602 14.242553 -1.341736 -6.660649 19.631939 0.143926 -0.648243 52.280697 -0.833679 -6.513300 0.353028 -1.511147 -0.031941 20.222765 3.684308 2.316627 18.787245 0.000005 -0.000001 10.751610 -0.479867 1.397904 0.000000 0.000001 0.000000 3.273804 0.305947 -0.580111 21.486788 11.830364 2.266128 8.162916 0.000000 -0.000001 18.399052 -3.798979 -4.940569 0.000003 -0.000002 -0.000000 26.681522 25.099463 10.637029 0.291005 -1.466231 31.277050 -24.079329 9.878399 -9.253663 1.778554 -2.212918 -6.562987 0.000000 0.000000 0.000002 -10.846255 5.037145 -21.044554 0.743225 1.218654 38.706387 13.292715 30.885082 -1.038250 -1.496939 0.740599 -6.129627 0.000000 0.000001 -0.000001 
2.568362 93.905708 3.929075 -6.118396 -61.332184 1.145935 -3.362817 -1.046089 0.937159 -1.688996 -3.056462 -4.625191 -4.504019 -5.102725 6.684366 -15.948088 10.819610 5.125573 4.100810 14.930702 -2.710297 -11.187566 21.135036 -17.889622 0.000077 -0.000022 0.000006 0.070130 -0.123244 0.018517 0.793562 -3.915533 -10.591248 -0.672694 3.636532 -10.765632 24.896973 -24.906284 2.802210 -6.467013 23.652283 -68.494431 4.792247 -59.368710 -2.862020 21.869780 -23.494631 -107.268509 -5.882101 9.861279 0.702590 -10.936860 -0.360574 7.156198 0.000002 8.774815 -0.000001 -14.540225 18.617039 5.292172 -1.844031 2.498503 -2.507275 -10.163589 4.678940 4.621104 -20.975998 -0.000006 0.000002 -21.226255 2.451695 -3.593992 -0.000001 -0.000007 0.000000 -1.362680 2.240797 -0.746323 -21.334894 0.584908 3.008321 -13.821197 -0.000004 0.000002 -23.887129 -0.249079 -0.839481 -54.393448 2.873170 -0.583477 -0.294024 1.679687 0.833255 -14.218192 0.093214 1.300577 -34.212006 -0.287565 0.967170 -20.033186 0.964534 1.212843 -0.000001 -0.000001 -0.000000 -3.440385 0.788233 0.501656 -15.928169 -3.167307 2.999703 -6.338818 -0.000002 0.000001 -18.123413 3.648176 -4.905660 -0.000005 0.000001 -0.000002 -15.676229 8.408544 2.450938 45.173161 58.970047 -1.469049 -173.114075 44.281960 -176.704666 -6.553692 -3.107073 3.540328 2.243539 -5.255031 -3.180156 14.282878 -0.826594 6.952495 -0.000003 -12.690587 0.000000 17.663206 -17.029833 1.882498 1.665667 -1.955920 -2.878296 4.727794 -4.170582 4.993917 11.020513 0.000002 -0.000002 12.109034 -3.735708 -2.866780 0.000000 0.000000 -0.000000 1.291983 -1.928548 -1.498088 14.800111 0.567469 3.865603 14.242554 -1.341733 -6.660650 19.631939 0.143925 -0.648245 52.832237 -1.176422 -6.263318 0.353030 -1.511149 -0.031940 20.222769 3.684305 2.316628 18.787247 0.000004 -0.000000 10.751610 -0.479867 1.397904 0.000000 0.000002 0.000000 3.273803 0.305945 -0.580110 21.486794 11.830361 2.266129 8.162917 0.000002 -0.000000 18.399057 -3.798977 -4.940569 0.000002 0.000001 -0.000001 25.054865 27.484953 10.833108 0.293548 -1.230953 33.271175 -23.423693 10.036284 -10.738558 1.825806 -2.266922 -8.566646 0.000000 0.000000 0.000003 -12.176928 5.061459 -22.552622 0.784250 0.776708 35.901962 14.220946 32.340302 -0.950279 -1.503327 0.614926 -5.270663 0.000000 -0.000001 -0.000001 
3.856502 94.185600 4.684817 -3.847689 -62.029793 -0.265255 -2.700510 -0.835664 1.087038 -1.353346 -2.727899 -4.496667 -3.830510 -4.935554 6.920627 -17.448835 11.753563 6.126139 3.498944 14.830095 -2.765550 -11.798846 21.063456 -17.104092 0.000077 -0.000022 0.000006 0.054851 -0.096589 0.034254 0.821713 -3.855730 -10.599805 -0.727579 3.629670 -10.713511 24.458685 -23.445402 2.320791 -19.324907 21.167326 -72.638580 3.438454 -69.014168 -2.896086 18.908997 -21.542170 -97.548798 -5.882101 9.861277 0.702590 -10.936862 -0.360576 7.156199 0.000001 8.774813 0.000000 -14.705405 18.777298 5.429992 -1.844031 2.498502 -2.507277 -10.163589 4.678938 4.621105 -20.975996 -0.000006 0.000004 -21.226255 2.451690 -3.593992 0.000002 -0.000007 0.000000 -1.362680 2.240796 -0.746323 -21.334892 0.584906 3.008321 -13.821198 -0.000005 0.000003 -23.887131 -0.249080 -0.839479 -55.569592 2.996530 -0.972852 -0.294024 1.679686 0.833255 -14.218195 0.093214 1.300579 -34.212006 -0.287566 0.967171 -20.033178 0.964535 1.212844 -0.000001 -0.000001 0.000000 -3.440386 0.788232 0.501656 -15.928169 -3.167307 2.999704 -6.338817 -0.000002 0.000001 -18.123413 3.648175 -4.905659 -0.000005 -0.000000 -0.000002 -17.194374 9.920243 1.914182 51.761967 61.318790 2.493720 -177.279526 46.222599 -179.060043 -7.007035 -3.340210 1.539442 2.243538 -5.255031 -3.180154 14.282877 -0.826594 6.952496 -0.000001 -12.690590 0.000001 17.490984 -17.198740 2.125132 1.665665 -1.955919 -2.878297 4.727795 -4.170582 4.993917 11.020513 0.000002 -0.000001 12.109033 -3.735708 -2.866779 0.000000 -0.000001 0.000000 1.291984 -1.928548 -1.498087 14.800111 0.567468 3.865602 14.242553 -1.341737 -6.660648 19.631939 0.143924 -0.648244 52.625061 -1.145938 -6.036087 0.353028 -1.511151 -0.031941 20.222769 3.684306 2.316628 18.787245 0.000003 -0.000001 10.751611 -0.479869 1.397903 -0.000000 0.000002 -0.000000 3.273804 0.305946 -0.580110 21.486788 11.830357 2.266129 8.162917 0.000001 -0.000001 18.399052 -3.798980 -4.940569 0.000003 -0.000001 -0.000001 22.686922 28.768875 9.479450 0.329012 -1.084293 34.567814 -21.232641 9.431550 -9.759077 1.889091 -2.251195 -9.127595 -0.000000 -0.000001 0.000002 -14.182251 4.489519 -21.966284 0.733795 0.787961 31.960356 16.004839 31.634333 -0.153532 -1.459963 0.622799 -4.428879 0.000000 0.000001 -0.000001 
4.660539 94.532089 4.957929 -2.211516 -58.326675 -1.179416 -2.119599 -0.528811 1.190399 -1.051742 -2.458881 -4.389964 -3.891482 -4.978738 7.780227 -17.260256 12.189227 8.099246 2.893819 14.459890 -3.017426 -11.493924 18.893740 -15.628493 0.000077 -0.000022 0.000006 0.037815 -0.020677 0.046320 0.844614 -3.753271 -10.619692 -0.767902 3.681272 -10.693724 19.127138 -22.074551 3.748588 -29.545013 12.791872 -73.534363 8.764832 -80.724510 -8.897858 17.003904 -19.166492 -91.663132 -5.882101 9.861278 0.702590 -10.936857 -0.360575 7.156196 -0.000001 8.774814 -0.000001 -14.520196 18.501415 5.706020 -1.844031 2.498503 -2.507276 -10.163589 4.678940 4.621104 -20.975994 -0.000004 0.000001 -21.226255 2.451691 -3.593994 0.000000 -0.000007 0.000000 -1.362681 2.240797 -0.746323 -21.334890 0.584909 3.008320 -13.821197 -0.000002 0.000002 -23.887125 -0.249078 -0.839483 -55.891022 2.909421 -1.231716 -0.294024 1.679686 0.833256 -14.218192 0.093214 1.300578 -34.211998 -0.287563 0.967166 -20.033176 0.964534 1.212840 0.000001 0.000001 -0.000000 -3.440385 0.788232 0.501655 -15.928165 -3.167306 2.999702 -6.338817 -0.000001 0.000000 -18.123415 3.648175 -4.905662 -0.000005 -0.000000 -0.000002 -17.673243 11.016693 1.663328 56.469330 61.380257 6.149067 -179.539337 45.644592 179.722260 -8.372705 -2.718137 -0.862553 2.243538 -5.255032 -3.180155 14.282873 -0.826593 6.952492 -0.000003 -12.690592 0.000000 17.058117 -17.219774 2.264356 1.665662 -1.955919 -2.878297 4.727796 -4.170582 4.993919 11.020513 0.000001 -0.000001 12.109033 -3.735709 -2.866780 -0.000000 0.000000 0.000000 1.291984 -1.928546 -1.498086 14.800114 0.567467 3.865602 14.242553 -1.341735 -6.660648 19.631939 0.143926 -0.648244 51.897400 -1.033465 -5.840324 0.353030 -1.511150 -0.031941 20.222771 3.684308 2.316627 18.787245 0.000005 -0.000001 10.751610 -0.479868 1.397903 -0.000000 0.000003 -0.000000 3.273803 0.305947 -0.580110 21.486790 11.830363 2.266129 8.162916 0.000003 -0.000000 18.399054 -3.798977 -4.940567 0.000003 0.000001 -0.000001 21.178968 28.383259 7.179107 0.251838 -0.995424 34.314121 -18.992201 8.800701 -9.575756 1.872697 -2.244439 -7.509590 0.000000 0.000001 0.000001 -15.665790 3.203133 -20.215549 0.694686 0.934936 29.434105 16.966393 29.900486 -0.340157 -1.446206 0.678147 -4.045316 0.000000 0.000000 -0.000001 
5.077983 94.759354 4.650910 -1.629751 -50.629425 -1.433796 -1.734761 -0.212500 1.548395 -0.809048 -2.408643 -4.280485 -4.304968 -5.218439 9.149037 -15.411305 11.563821 10.541314 2.424281 13.465826 -3.265884 -11.018696 16.505695 -13.947567 0.000077 -0.000023 0.000006 0.071328 -0.034238 0.054310 0.871296 -3.761257 -10.644068 -0.741428 3.670638 -10.702098 12.691299 -21.483561 5.975789 -36.627720 0.780310 -69.691978 100.199516 -87.420784 -100.483559 15.922372 -18.825354 -89.351624 -5.882099 9.861279 0.702590 -10.936857 -0.360575 7.156197 0.000001 8.774815 -0.000001 -14.272866 18.473335 5.880351 -1.844030 2.498503 -2.507275 -10.163589 4.678940 4.621104 -20.975992 -0.000003 0.000002 -21.226250 2.451692 -3.593993 0.000001 -0.000007 0.000001 -1.362681 2.240797 -0.746322 -21.334887 0.584907 3.008321 -13.821197 -0.000003 0.000003 -23.887123 -0.249079 -0.839480 -56.649670 2.772164 -1.542181 -0.294025 1.679686 0.833255 -14.218189 0.093213 1.300579 -34.211998 -0.287565 0.967171 -20.033176 0.964535 1.212842 0.000000 0.000000 0.000000 -3.440384 0.788233 0.501655 -15.928165 -3.167307 2.999704 -6.338815 -0.000002 0.000001 -18.123411 3.648176 -4.905661 -0.000003 -0.000001 -0.000001 -17.233818 11.417622 1.968838 59.382454 59.892334 7.917122 179.376297 43.432690 179.291946 -10.721501 -1.709595 -3.504074 2.243539 -5.255033 -3.180154 14.282877 -0.826594 6.952499 -0.000001 -12.690592 -0.000001 16.751848 -17.036621 2.315240 1.665667 -1.955921 -2.878297 4.727793 -4.170582 4.993919 11.020513 0.000003 -0.000000 12.109032 -3.735709 -2.866780 -0.000001 -0.000002 -0.000001 1.291982 -1.928546 -1.498089 14.800111 0.567468 3.865604 14.242553 -1.341733 -6.660647 19.631939 0.143926 -0.648242 51.352470 -0.760235 -5.758567 0.353030 -1.511149 -0.031939 20.222767 3.684307 2.316631 18.787245 0.000003 0.000003 10.751611 -0.479870 1.397905 0.000000 0.000000 0.000000 3.273805 0.305946 -0.580110 21.486790 11.830363 2.266133 8.162916 0.000001 0.000000 18.399054 -3.798982 -4.940566 0.000002 -0.000001 -0.000001 20.732817 26.685579 3.762672 0.110441 -1.010804 33.737644 -17.123558 6.851875 -9.998137 1.801886 -2.184896 -5.355525 -0.000000 0.000000 0.000002 -16.401207 1.177503 -16.954838 0.639419 1.137562 27.864511 17.120815 26.967146 -2.437651 -1.447908 0.775279 -3.806796 -0.000000 -0.000000 -0.000001 
5.194252 94.773216 3.928964 -1.681483 -40.205536 -1.132491 -1.362906 0.094208 2.078928 -0.761232 -2.568083 -4.167587 -4.729941 -5.379249 10.806673 -12.661187 10.496568 12.650508 2.062220 12.069389 -3.442962 -10.352540 14.049596 -12.147512 0.000078 -0.000023 0.000005 0.071430 -0.020620 0.023220 0.850444 -3.758007 -10.664196 -0.715215 3.695478 -10.739359 8.521391 -21.813471 7.425048 -43.099190 -11.388031 -63.245541 158.703400 -81.814430 -159.183426 13.817801 -20.372232 -85.884491 -5.882102 9.861278 0.702590 -10.936861 -0.360577 7.156198 0.000001 8.774814 -0.000001 -14.676071 18.830549 5.724008 -1.844031 2.498502 -2.507275 -10.163591 4.678938 4.621104 -20.975998 -0.000004 0.000004 -21.226255 2.451692 -3.593991 -0.000001 -0.000007 -0.000001 -1.362680 2.240796 -0.746322 -21.334894 0.584908 3.008322 -13.821197 -0.000003 0.000004 -23.887133 -0.249078 -0.839478 -58.447018 2.624304 -1.804015 -0.294024 1.679686 0.833255 -14.218194 0.093213 1.300579 -34.212013 -0.287564 0.967171 -20.033176 0.964535 1.212844 -0.000000 0.000001 -0.000000 -3.440386 0.788232 0.501655 -15.928169 -3.167306 2.999704 -6.338817 -0.000002 0.000001 -18.123415 3.648174 -4.905659 -0.000004 -0.000000 -0.000002 -16.133041 11.730470 3.026532 60.655903 58.059700 7.838587 178.977570 41.271202 179.526291 -13.679707 -0.144702 -4.929769 2.243539 -5.255032 -3.180155 14.282875 -0.826593 6.952495 -0.000002 -12.690590 -0.000000 16.514526 -17.047293 2.537079 1.665666 -1.955921 -2.878296 4.727793 -4.170581 4.993918 11.020513 0.000004 -0.000002 12.109032 -3.735710 -2.866780 0.000002 -0.000001 0.000001 1.291985 -1.928547 -1.498088 14.800114 0.567467 3.865604 14.242553 -1.341735 -6.660648 19.631939 0.143926 -0.648244 51.142975 -0.744870 -5.647495 0.353028 -1.511150 -0.031940 20.222769 3.684304 2.316627 18.787245 0.000005 -0.000001 10.751610 -0.479867 1.397903 0.000000 0.000000 0.000000 3.273803 0.305946 -0.580111 21.486792 11.830362 2.266131 8.162916 0.000002 -0.000000 18.399052 -3.798979 -4.940567 0.000003 -0.000000 -0.000001 20.756063 24.496534 -1.345563 -0.089709 -1.006858 33.872581 -16.374949 3.115521 -10.327547 1.725935 -2.094588 -3.319751 0.000000 0.000000 0.000002 -16.321384 -1.011406 -12.991735 0.566156 1.411710 26.997253 16.832308 23.004261 -6.154351 -1.458858 0.909311 -3.400161 -0.000000 0.000001 -0.000001 
5.120437 94.514267 3.012937 -1.450740 -28.964569 -0.800316 -1.090755 0.173151 2.854881 -0.823173 -2.404162 -4.016808 -4.736111 -5.139106 12.321238 -10.213589 9.475880 14.333481 1.654623 10.327921 -3.600850 -9.522306 12.034538 -10.982795 0.000077 -0.000023 0.000005 0.085826 -0.083748 0.023701 0.830287 -3.815742 -10.578846 -0.669040 3.629014 -10.655491 7.935573 -22.418070 7.799380 -50.469158 -21.617411 -54.800575 169.735123 -76.100067 -170.934036 10.406578 -21.097694 -78.717010 -5.882099 9.861279 0.702590 -10.936857 -0.360577 7.156197 0.000001 8.774813 -0.000001 -15.199361 18.871756 5.432894 -1.844030 2.498502 -2.507276 -10.163587 4.678939 4.621104 -20.975992 -0.000005 0.000002 -21.226250 2.451691 -3.593992 -0.000000 -0.000007 0.000000 -1.362680 2.240797 -0.746323 -21.334887 0.584908 3.008320 -13.821194 -0.000003 0.000003 -23.887123 -0.249079 -0.839480 -59.901363 2.589383 -1.909753 -0.294025 1.679687 0.833255 -14.218190 0.093214 1.300579 -34.211998 -0.287565 0.967171 -20.033175 0.964536 1.212842 -0.000000 0.000000 -0.000000 -3.440385 0.788232 0.501656 -15.928165 -3.167308 2.999704 -6.338816 -0.000002 0.000001 -18.123411 3.648177 -4.905661 -0.000003 -0.000000 -0.000002 -15.046303 12.548185 3.959829 61.359703 56.369404 6.148324 178.048584 40.436642 179.464890 -16.164814 2.055059 -5.951618 2.243539 -5.255033 -3.180155 14.282877 -0.826593 6.952495 -0.000002 -12.690592 0.000001 16.833269 -17.130322 2.397441 1.665664 -1.955919 -2.878297 4.727793 -4.170583 4.993918 11.020513 0.000003 -0.000002 12.109033 -3.735709 -2.866778 0.000001 0.000001 0.000000 1.291985 -1.928548 -1.498088 14.800114 0.567468 3.865602 14.242553 -1.341733 -6.660649 19.631939 0.143927 -0.648243 51.095978 -0.672720 -5.546826 0.353027 -1.511149 -0.031940 20.222771 3.684306 2.316627 18.787245 0.000006 -0.000000 10.751610 -0.479867 1.397903 0.000000 -0.000000 0.000000 3.273804 0.305947 -0.580110 21.486790 11.830364 2.266129 8.162916 0.000002 -0.000001 18.399054 -3.798979 -4.940567 0.000003 0.000000 -0.000000 20.218174 22.917837 -7.828575 -0.321356 -1.009049 35.131664 -15.768419 -1.728730 -9.608475 1.681575 -1.966311 -2.432973 -0.000000 -0.000000 0.000002 -15.992944 -2.788223 -9.632640 0.435071 1.395455 27.321455 15.822024 17.697660 -10.998474 -1.449930 1.048874 -3.022658 -0.000000 -0.000000 -0.000001 
5.026820 94.219307 2.238920 -1.168941 -19.153681 -0.288383 -0.701833 0.180480 3.631629 -0.848619 -1.954379 -3.755332 -4.106142 -4.506795 13.366275 -8.852580 8.885294 15.760962 1.276489 8.829424 -3.679402 -8.499473 10.310764 -10.220159 0.000077 -0.000022 0.000004 0.049591 -0.045014 0.010453 0.762608 -3.761905 -10.546598 -0.671928 3.651260 -10.605949 9.517224 -22.519199 7.133788 -57.997154 -29.077862 -45.780998 175.636444 -71.058136 -177.156860 7.043835 -20.485701 -69.501099 -5.882103 9.861278 0.702590 -10.936858 -0.360573 7.156196 -0.000000 8.774813 -0.000002 -15.763502 18.603445 5.328137 -1.844032 2.498503 -2.507275 -10.163590 4.678940 4.621104 -20.975996 -0.000002 0.000003 -21.226254 2.451694 -3.593993 0.000000 -0.000007 -0.000001 -1.362681 2.240797 -0.746323 -21.334892 0.584909 3.008321 -13.821197 -0.000001 0.000003 -23.887133 -0.249075 -0.839481 -60.253521 2.584291 -1.823431 -0.294026 1.679686 0.833256 -14.218194 0.093214 1.300580 -34.212002 -0.287560 0.967170 -20.033184 0.964536 1.212842 0.000000 0.000000 0.000000 -3.440384 0.788233 0.501656 -15.928167 -3.167305 2.999703 -6.338817 -0.000001 0.000001 -18.123411 3.648177 -4.905661 -0.000003 0.000000 -0.000002 -14.285600 14.063560 4.813292 60.280807 55.675415 2.623268 177.843613 40.621658 179.619843 -17.741983 4.499933 -6.800088 2.243539 -5.255033 -3.180154 14.282878 -0.826593 6.952496 -0.000002 -12.690590 -0.000001 16.924887 -17.380583 2.321848 1.665663 -1.955920 -2.878297 4.727794 -4.170584 4.993919 11.020513 0.000003 -0.000001 12.109031 -3.735710 -2.866781 -0.000001 -0.000000 0.000001 1.291986 -1.928548 -1.498088 14.800113 0.567467 3.865603 14.242551 -1.341735 -6.660649 19.631937 0.143927 -0.648244 51.003834 -0.629433 -5.722826 0.353029 -1.511149 -0.031940 20.222769 3.684307 2.316628 18.787245 0.000005 -0.000000 10.751610 -0.479868 1.397904 -0.000000 0.000000 -0.000000 3.273804 0.305947 -0.580109 21.486788 11.830364 2.266131 8.162916 0.000001 0.000000 18.399052 -3.798979 -4.940567 0.000003 0.000000 -0.000001 18.962646 21.833015 -14.162890 -0.493315 -1.055983 36.728611 -15.052448 -6.237880 -7.936595 1.666251 -1.883069 -1.928269 -0.000000 0.000000 0.000002 -15.652032 -5.358592 -7.562482 0.313882 1.304024 28.658024 15.456746 13.281665 -14.164696 -1.441334 1.054639 -2.712146 0.000000 0.000000 -0.000001 
4.850079 93.949608 1.542019 -0.462411 -10.467654 0.252891 -0.363476 0.281160 4.343464 -0.820139 -1.385101 -3.503328 -3.260336 -3.694307 14.085294 -7.914032 8.421790 17.350277 0.851503 7.524079 -3.743637 -7.473221 8.569657 -9.558010 0.000077 -0.000023 0.000005 0.025002 -0.020130 0.000023 0.719979 -3.728830 -10.547651 -0.672952 3.669111 -10.589843 12.010979 -21.964563 6.202375 -65.185822 -34.802357 -36.861843 178.945160 -65.593147 179.515045 4.879200 -19.521225 -58.701721 -5.882101 9.861276 0.702589 -10.936858 -0.360575 7.156198 0.000001 8.774814 -0.000002 -16.103014 18.006229 5.234755 -1.844032 2.498502 -2.507277 -10.163589 4.678938 4.621103 -20.975996 -0.000005 0.000002 -21.226255 2.451689 -3.593993 0.000001 -0.000006 -0.000001 -1.362680 2.240796 -0.746322 -21.334887 0.584905 3.008320 -13.821197 -0.000003 0.000000 -23.887131 -0.249081 -0.839481 -59.811329 2.592460 -1.667920 -0.294025 1.679685 0.833254 -14.218194 0.093213 1.300578 -34.212013 -0.287567 0.967169 -20.033176 0.964532 1.212842 0.000000 0.000001 0.000002 -3.440386 0.788232 0.501655 -15.928169 -3.167308 2.999703 -6.338817 -0.000001 0.000001 -18.123413 3.648173 -4.905661 -0.000003 0.000000 -0.000003 -14.123809 16.042028 5.064126 58.961399 55.053829 -1.506640 178.268143 40.881130 179.959488 -18.531862 7.111346 -7.252971 2.243539 -5.255031 -3.180156 14.282875 -0.826594 6.952498 -0.000003 -12.690590 0.000002 16.922310 -17.735695 2.336499 1.665663 -1.955919 -2.878296 4.727794 -4.170583 4.993920 11.020513 0.000002 -0.000002 12.109035 -3.735709 -2.866781 -0.000000 -0.000000 0.000000 1.291986 -1.928548 -1.498088 14.800113 0.567466 3.865604 14.242553 -1.341735 -6.660649 19.631941 0.143925 -0.648244 51.049156 -0.739283 -6.014137 0.353029 -1.511149 -0.031941 20.222769 3.684304 2.316628 18.787247 0.000004 -0.000001 10.751610 -0.479869 1.397904 0.000000 -0.000000 0.000000 3.273804 0.305947 -0.580111 21.486790 11.830360 2.266132 8.162916 0.000002 -0.000000 18.399054 -3.798980 -4.940567 0.000003 0.000000 -0.000001 16.855438 21.000757 -19.848728 -0.612908 -1.067347 37.852501 -14.377493 -10.346937 -5.495015 1.662823 -1.835333 -1.757907 0.000000 -0.000000 0.000001 -15.717635 -8.180274 -6.114781 0.236413 1.181683 30.114378 15.314391 9.643528 -16.706831 -1.440193 0.997115 -2.715370 0.000000 0.000000 -0.000001 
4.585646 93.687035 1.009078 0.508418 -2.730734 0.818925 -0.058847 0.430027 4.953650 -0.753771 -0.695844 -3.352646 -2.414769 -2.958335 14.657957 -6.985736 7.901046 19.073324 0.383046 6.444767 -3.862266 -6.414747 6.673635 -9.013259 0.000077 -0.000023 0.000007 0.023992 -0.016800 -0.026714 0.719265 -3.721779 -10.598482 -0.673897 3.665530 -10.618718 14.615802 -21.179384 5.222986 -71.023933 -39.078476 -29.046297 179.907776 -59.464226 178.572891 4.219149 -18.831743 -47.238731 -5.882101 9.861279 0.702589 -10.936859 -0.360578 7.156198 0.000001 8.774815 -0.000002 -16.082729 17.373466 5.206507 -1.844030 2.498503 -2.507276 -10.163589 4.678937 4.621105 -20.975992 -0.000006 0.000003 -21.226250 2.451693 -3.593991 -0.000001 -0.000007 0.000000 -1.362680 2.240796 -0.746321 -21.334894 0.584905 3.008321 -13.821194 -0.000002 0.000003 -23.887129 -0.249080 -0.839480 -59.397240 2.591788 -1.650891 -0.294024 1.679686 0.833256 -14.218192 0.093210 1.300581 -34.211998 -0.287571 0.967176 -20.033178 0.964531 1.212846 0.000003 0.000000 0.000000 -3.440385 0.788233 0.501655 -15.928167 -3.167308 2.999705 -6.338816 -0.000003 0.000001 -18.123411 3.648173 -4.905658 -0.000005 0.000000 -0.000002 -14.604604 18.140970 4.860456 58.667038 54.573059 -5.336252 179.013458 40.729080 -179.606018 -18.458122 9.615191 -7.425814 2.243539 -5.255033 -3.180155 14.282878 -0.826593 6.952496 -0.000003 -12.690591 -0.000001 16.707451 -18.146669 2.494969 1.665664 -1.955921 -2.878297 4.727796 -4.170583 4.993919 11.020513 0.000003 0.000000 12.109030 -3.735711 -2.866780 0.000001 -0.000000 -0.000000 1.291984 -1.928548 -1.498089 14.800114 0.567467 3.865602 14.242554 -1.341736 -6.660649 19.631941 0.143927 -0.648244 51.137566 -0.896287 -6.235056 0.353028 -1.511149 -0.031939 20.222771 3.684306 2.316629 18.787247 0.000005 0.000002 10.751610 -0.479867 1.397904 -0.000001 -0.000001 0.000000 3.273805 0.305947 -0.580111 21.486790 11.830362 2.266133 8.162919 0.000003 0.000000 18.399054 -3.798980 -4.940568 0.000003 -0.000001 -0.000000 14.311886 20.158257 -24.589628 -0.680397 -0.999544 38.463245 -13.909216 -14.120226 -2.720954 1.658985 -1.789113 -1.544179 0.000000 0.000000 0.000002 -16.073923 -10.990641 -4.949176 0.173193 1.078055 31.686520 15.263369 6.677646 -18.808187 -1.437061 0.945455 -2.751409 0.000000 0.000000 -0.000001 
4.219802 93.452263 0.643335 1.413447 3.582727 1.291223 0.143636 0.503593 5.353538 -0.662530 -0.153675 -3.292627 -1.698783 -2.415679 15.115908 -6.141081 7.320964 20.668961 0.084529 5.670305 -3.922624 -5.469412 5.223707 -8.656292 0.000077 -0.000022 0.000006 0.026145 -0.014310 -0.042689 0.724459 -3.698426 -10.612659 -0.682169 3.663713 -10.623094 16.772949 -20.501289 4.374360 -74.959618 -42.093536 -23.563408 179.572144 -53.692711 178.937073 4.536115 -18.485653 -37.370667 -5.882100 9.861279 0.702589 -10.936859 -0.360577 7.156196 0.000001 8.774814 -0.000002 -16.018114 17.229288 5.436875 -1.844031 2.498503 -2.507277 -10.163589 4.678938 4.621104 -20.975994 -0.000005 0.000002 -21.226255 2.451690 -3.593993 0.000001 -0.000004 -0.000001 -1.362680 2.240796 -0.746323 -21.334887 0.584908 3.008321 -13.821197 -0.000001 0.000002 -23.887131 -0.249080 -0.839481 -59.693295 2.577639 -1.696089 -0.294025 1.679687 0.833255 -14.218194 0.093214 1.300579 -34.211998 -0.287565 0.967169 -20.033176 0.964533 1.212843 -0.000001 0.000003 -0.000000 -3.440386 0.788232 0.501654 -15.928167 -3.167307 2.999704 -6.338817 -0.000002 0.000000 -18.123411 3.648175 -4.905662 -0.000004 0.000000 -0.000003 -15.525733 19.853086 4.733761 60.183075 54.563511 -7.930768 179.320740 40.143272 -179.470566 -17.668007 11.674016 -7.441009 2.243539 -5.255033 -3.180155 14.282878 -0.826593 6.952494 -0.000002 -12.690592 0.000000 16.375504 -18.449167 2.660373 1.665665 -1.955919 -2.878297 4.727796 -4.170583 4.993916 11.020513 0.000004 0.000000 12.109031 -3.735709 -2.866779 -0.000000 -0.000000 -0.000001 1.291984 -1.928547 -1.498090 14.800113 0.567469 3.865606 14.242554 -1.341735 -6.660649 19.631939 0.143929 -0.648243 51.211067 -1.046841 -6.306523 0.353029 -1.511149 -0.031941 20.222767 3.684305 2.316629 18.787245 0.000007 0.000001 10.751610 -0.479868 1.397904 0.000000 0.000001 0.000000 3.273804 0.305947 -0.580110 21.486788 11.830362 2.266130 8.162916 0.000002 -0.000002 18.399048 -3.798978 -4.940567 0.000002 -0.000002 -0.000000 12.066727 19.138315 -28.018238 -0.658508 -0.898861 38.654472 -13.655153 -17.245888 -0.119357 1.648634 -1.737848 -1.342784 0.000000 0.000000 0.000002 -16.447483 -13.547248 -3.946516 0.137370 0.953350 33.183426 15.308623 4.479589 -20.318651 -1.432722 0.917503 -2.714397 0.000000 0.000000 -0.000001 
3.814381 93.289330 0.552947 2.057759 8.593096 1.610330 0.257257 0.549499 5.500367 -0.554898 0.168329 -3.288582 -1.097179 -2.004917 15.456182 -5.292092 6.661644 22.082706 -0.024282 5.132225 -3.939762 -4.680328 4.320468 -8.284003 0.000077 -0.000022 0.000007 0.017115 -0.001120 -0.081757 0.721682 -3.673611 -10.615684 -0.685848 3.656883 -10.624114 18.665009 -20.029268 3.447464 -77.661507 -43.922489 -19.965981 179.090973 -49.033981 179.477585 4.718717 -18.115379 -29.352402 -5.882101 9.861278 0.702590 -10.936857 -0.360576 7.156196 0.000001 8.774812 0.000000 -15.987883 17.345201 5.729500 -1.844031 2.498502 -2.507273 -10.163589 4.678941 4.621104 -20.975994 -0.000002 0.000001 -21.226257 2.451693 -3.593997 0.000000 -0.000006 -0.000002 -1.362681 2.240796 -0.746323 -21.334892 0.584908 3.008318 -13.821194 -0.000002 0.000001 -23.887131 -0.249079 -0.839483 -60.157127 2.562240 -1.681238 -0.294025 1.679686 0.833254 -14.218192 0.093215 1.300577 -34.212002 -0.287564 0.967166 -20.033178 0.964534 1.212840 -0.000000 0.000002 -0.000001 -3.440386 0.788233 0.501655 -15.928167 -3.167305 2.999703 -6.338817 -0.000000 0.000001 -18.123413 3.648176 -4.905662 -0.000006 -0.000000 -0.000002 -16.710979 21.008846 4.663316 63.946968 54.518093 -8.345440 179.385345 39.336426 -179.500336 -16.349346 13.142632 -7.530800 2.243539 -5.255032 -3.180156 14.282875 -0.826594 6.952499 -0.000001 -12.690590 0.000000 16.084190 -18.660347 2.844188 1.665665 -1.955920 -2.878296 4.727794 -4.170583 4.993918 11.020513 0.000002 0.000001 12.109031 -3.735709 -2.866777 0.000002 -0.000001 0.000001 1.291984 -1.928548 -1.498087 14.800111 0.567467 3.865604 14.242551 -1.341735 -6.660649 19.631939 0.143924 -0.648241 51.278866 -1.151950 -6.311093 0.353029 -1.511150 -0.031939 20.222769 3.684306 2.316629 18.787245 0.000005 -0.000000 10.751609 -0.479868 1.397904 0.000000 0.000002 -0.000000 3.273804 0.305947 -0.580110 21.486792 11.830361 2.266131 8.162916 0.000002 -0.000001 18.399055 -3.798980 -4.940567 0.000003 -0.000003 -0.000000 10.471807 18.090092 -30.195854 -0.636772 -0.844594 38.498829 -13.539209 -19.661474 1.962042 1.630420 -1.683936 -1.217825 -0.000000 -0.000000 0.000002 -16.684948 -15.854639 -2.747039 0.117448 0.834452 34.086643 15.497207 3.016640 -21.244137 -1.438708 0.952187 -2.689404 -0.000000 0.000000 -0.000001 
3.467659 93.258438 0.618251 2.329198 12.184772 1.748189 0.341508 0.584156 5.447923 -0.475746 0.395808 -3.312913 -0.567347 -1.714779 15.649255 -4.565825 6.043543 23.247433 -0.016320 4.795466 -3.910630 -4.074753 3.886626 -7.859580 0.000078 -0.000023 0.000007 0.010327 0.023475 -0.097811 0.698868 -3.642542 -10.599705 -0.680314 3.681365 -10.590869 20.176786 -19.716799 2.597313 -79.535789 -44.708611 -17.726562 178.819260 -45.552341 179.793243 4.391387 -17.426613 -23.105633 -5.882099 9.861278 0.702591 -10.936858 -0.360576 7.156196 0.000001 8.774816 -0.000002 -16.069109 17.517912 5.971656 -1.844031 2.498502 -2.507276 -10.163588 4.678937 4.621103 -20.975992 -0.000004 0.000006 -21.226250 2.451692 -3.593993 -0.000002 -0.000006 0.000001 -1.362680 2.240797 -0.746323 -21.334890 0.584907 3.008322 -13.821197 -0.000003 0.000003 -23.887131 -0.249080 -0.839480 -60.550930 2.584582 -1.619019 -0.294024 1.679686 0.833255 -14.218192 0.093213 1.300579 -34.212006 -0.287565 0.967172 -20.033175 0.964531 1.212844 0.000000 0.000002 0.000000 -3.440385 0.788232 0.501655 -15.928167 -3.167308 2.999703 -6.338819 -0.000001 0.000002 -18.123411 3.648175 -4.905660 -0.000007 0.000001 -0.000002 -17.751648 21.823950 4.565482 68.911301 53.939690 -7.204503 179.358383 38.585999 -179.650955 -14.888550 13.831218 -7.681655 2.243539 -5.255032 -3.180158 14.282877 -0.826594 6.952497 -0.000002 -12.690591 0.000001 15.973192 -18.760569 2.978891 1.665665 -1.955920 -2.878295 4.727795 -4.170584 4.993917 11.020512 0.000001 0.000001 12.109033 -3.735710 -2.866780 0.000002 -0.000001 0.000002 1.291985 -1.928548 -1.498088 14.800113 0.567468 3.865607 14.242556 -1.341736 -6.660649 19.631939 0.143925 -0.648242 51.313095 -1.160987 -6.279511 0.353029 -1.511149 -0.031940 20.222771 3.684305 2.316630 18.787249 0.000004 -0.000000 10.751611 -0.479869 1.397905 -0.000000 -0.000000 -0.000001 3.273804 0.305947 -0.580108 21.486794 11.830363 2.266132 8.162916 0.000002 -0.000002 18.399052 -3.798978 -4.940567 0.000002 -0.000001 -0.000000 9.636053 17.116608 -31.330261 -0.619698 -0.831367 38.050236 -13.598404 -21.266640 3.497675 1.615628 -1.639114 -1.219336 -0.000000 -0.000000 0.000002 -16.669167 -17.713497 -1.473903 0.081097 0.750633 34.211754 15.712320 2.168136 -21.534121 -1.450970 1.013777 -2.757730 0.000000 0.000000 -0.000001 
3.130831 93.348259 0.809441 2.302500 14.294985 1.734235 0.406070 0.614421 5.302146 -0.422114 0.564388 -3.362562 -0.135011 -1.491966 15.692606 -4.139671 5.636543 24.189779 -0.009794 4.718019 -3.905471 -3.599279 3.732909 -7.361153 0.000077 -0.000023 0.000006 0.015262 0.031269 -0.114472 0.691161 -3.630098 -10.604328 -0.669342 3.674743 -10.594113 21.198215 -19.411572 2.033304 -80.583656 -44.834888 -16.656591 178.710632 -43.165154 179.925171 3.860769 -16.544155 -18.243063 -5.882101 9.861278 0.702590 -10.936859 -0.360574 7.156198 0.000001 8.774814 -0.000000 -16.137728 17.673048 6.091847 -1.844030 2.498502 -2.507276 -10.163591 4.678939 4.621106 -20.975996 -0.000004 0.000004 -21.226254 2.451694 -3.593993 0.000001 -0.000006 0.000001 -1.362679 2.240796 -0.746322 -21.334892 0.584909 3.008322 -13.821197 -0.000003 0.000003 -23.887131 -0.249077 -0.839480 -60.858696 2.600726 -1.585386 -0.294024 1.679686 0.833255 -14.218192 0.093214 1.300580 -34.212002 -0.287563 0.967174 -20.033180 0.964536 1.212844 -0.000000 0.000000 -0.000000 -3.440385 0.788233 0.501654 -15.928167 -3.167306 2.999707 -6.338815 -0.000001 0.000001 -18.123415 3.648177 -4.905659 -0.000005 0.000000 -0.000001 -18.623894 22.513906 4.375793 73.756569 52.809078 -5.676957 179.334305 38.147446 -179.812271 -13.561255 14.100369 -8.179051 2.243540 -5.255033 -3.180156 14.282877 -0.826594 6.952496 -0.000000 -12.690590 -0.000002 15.993582 -18.759865 2.995647 1.665665 -1.955920 -2.878297 4.727794 -4.170583 4.993919 11.020513 0.000001 0.000000 12.109034 -3.735709 -2.866780 0.000003 -0.000001 0.000001 1.291984 -1.928548 -1.498089 14.800111 0.567467 3.865602 14.242554 -1.341734 -6.660651 19.631941 0.143927 -0.648245 51.253819 -1.153188 -6.258628 0.353028 -1.511149 -0.031940 20.222769 3.684305 2.316628 18.787247 0.000005 -0.000002 10.751611 -0.479869 1.397904 -0.000000 0.000002 -0.000000 3.273804 0.305946 -0.580110 21.486790 11.830360 2.266129 8.162918 0.000004 -0.000001 18.399055 -3.798978 -4.940569 0.000003 -0.000001 -0.000001 9.528556 16.282740 -31.625502 -0.592281 -0.836847 37.423061 -13.897215 -21.970284 4.554427 1.610630 -1.629066 -1.319456 0.000000 0.000000 0.000002 -16.447697 -19.045010 -0.307939 0.053267 0.709880 33.703732 15.753653 1.995613 -21.400339 -1.464053 1.059346 -2.861390 0.000000 0.000000 -0.000001 
2.882065 93.518654 0.963873 2.120006 15.172049 1.618117 0.475025 0.654369 5.113512 -0.393603 0.678666 -3.419773 0.179756 -1.365991 15.633168 -4.003349 5.512999 24.915546 0.033500 4.767622 -3.864589 -3.255414 3.800486 -6.841659 0.000077 -0.000024 0.000005 -0.002110 0.048562 -0.113526 0.674285 -3.608295 -10.611442 -0.681214 3.704640 -10.587703 21.842505 -19.120781 1.645242 -81.058907 -44.369186 -16.365049 178.555786 -41.599697 -179.939789 3.219093 -15.599427 -14.582876 -5.882101 9.861279 0.702590 -10.936858 -0.360575 7.156197 0.000000 8.774817 -0.000001 -16.240862 17.731873 6.118648 -1.844031 2.498503 -2.507277 -10.163589 4.678941 4.621105 -20.975994 -0.000004 0.000001 -21.226255 2.451693 -3.593995 0.000002 -0.000006 0.000001 -1.362681 2.240797 -0.746322 -21.334887 0.584908 3.008321 -13.821193 -0.000003 0.000003 -23.887129 -0.249079 -0.839482 -61.035713 2.547083 -1.531265 -0.294025 1.679686 0.833255 -14.218192 0.093214 1.300580 -34.211998 -0.287564 0.967170 -20.033178 0.964535 1.212842 -0.000000 -0.000000 0.000000 -3.440386 0.788232 0.501656 -15.928169 -3.167307 2.999704 -6.338815 -0.000001 0.000000 -18.123411 3.648177 -4.905662 -0.000006 -0.000000 -0.000001 -19.365900 23.084621 4.142785 78.115524 51.398335 -4.110639 179.221603 37.896130 -179.930084 -12.598331 14.086092 -9.174912 2.243540 -5.255032 -3.180156 14.282878 -0.826593 6.952496 -0.000003 -12.690590 0.000001 16.176235 -18.751009 2.980539 1.665665 -1.955919 -2.878295 4.727794 -4.170582 4.993917 11.020513 0.000002 0.000001 12.109034 -3.735708 -2.866779 0.000001 -0.000001 -0.000000 1.291984 -1.928548 -1.498086 14.800114 0.567468 3.865603 14.242553 -1.341735 -6.660645 19.631941 0.143927 -0.648243 51.252373 -1.147583 -6.224873 0.353029 -1.511149 -0.031942 20.222773 3.684307 2.316628 18.787247 0.000005 0.000001 10.751611 -0.479869 1.397904 0.000000 0.000000 -0.000001 3.273804 0.305947 -0.580109 21.486795 11.830361 2.266130 8.162917 0.000002 -0.000002 18.399057 -3.798977 -4.940567 0.000003 -0.000001 -0.000002 9.835834 15.546165 -31.344030 -0.541453 -0.817110 36.633194 -14.301412 -21.916006 5.138185 1.610174 -1.640209 -1.407612 -0.000000 -0.000000 0.000002 -16.167795 -19.782681 0.563323 0.040271 0.699527 32.887524 15.739866 2.191995 -20.986546 -1.474040 1.079081 -3.006040 -0.000000 0.000000 -0.000001 
2.689269 93.720947 1.086136 1.931809 15.057098 1.502776 0.507844 0.671424 4.874432 -0.381604 0.733509 -3.486575 0.330477 -1.312980 15.541897 -4.117145 5.610678 25.410751 0.094490 4.896134 -3.823004 -3.045379 3.978996 -6.360432 0.000077 -0.000024 0.000004 -0.004778 0.048724 -0.104376 0.668577 -3.621721 -10.638999 -0.691277 3.720308 -10.611176 22.081757 -18.879976 1.512067 -81.105057 -43.614109 -16.483944 178.313950 -40.636662 -179.730530 2.529278 -14.819094 -12.173699 -5.882101 9.861279 0.702590 -10.936857 -0.360576 7.156197 0.000002 8.774813 -0.000002 -16.310167 17.740238 6.141663 -1.844030 2.498503 -2.507276 -10.163590 4.678940 4.621103 -20.976002 -0.000003 0.000003 -21.226255 2.451693 -3.593993 0.000002 -0.000006 -0.000000 -1.362680 2.240797 -0.746323 -21.334892 0.584908 3.008321 -13.821197 -0.000003 0.000003 -23.887133 -0.249078 -0.839480 -61.096817 2.468936 -1.464643 -0.294025 1.679686 0.833255 -14.218194 0.093214 1.300580 -34.212002 -0.287565 0.967171 -20.033180 0.964535 1.212842 -0.000000 0.000000 0.000000 -3.440385 0.788233 0.501655 -15.928167 -3.167307 2.999704 -6.338819 -0.000001 0.000001 -18.123417 3.648175 -4.905662 -0.000004 0.000000 -0.000001 -19.863834 23.448233 3.961824 81.401527 50.120045 -2.590457 179.102707 37.819977 179.932053 -11.885155 13.967143 -9.944892 2.243540 -5.255033 -3.180154 14.282878 -0.826594 6.952495 -0.000002 -12.690588 -0.000001 16.352983 -18.735533 2.968608 1.665665 -1.955920 -2.878295 4.727795 -4.170583 4.993917 11.020513 0.000002 0.000001 12.109035 -3.735711 -2.866779 0.000001 0.000000 -0.000001 1.291985 -1.928548 -1.498087 14.800114 0.567467 3.865604 14.242556 -1.341736 -6.660647 19.631939 0.143922 -0.648244 51.147629 -1.126210 -6.182711 0.353029 -1.511149 -0.031939 20.222773 3.684305 2.316625 18.787249 0.000004 -0.000001 10.751612 -0.479867 1.397903 -0.000002 -0.000000 -0.000001 3.273804 0.305947 -0.580109 21.486794 11.830360 2.266129 8.162917 0.000002 -0.000001 18.399057 -3.798979 -4.940571 0.000003 0.000002 -0.000002 10.313340 15.016503 -30.670692 -0.482084 -0.796771 35.714985 -14.733912 -21.248327 5.297370 1.616059 -1.656967 -1.462456 -0.000000 -0.000000 0.000002 -15.920214 -19.983904 1.046059 0.045278 0.719741 32.044964 15.716036 2.624839 -20.490372 -1.480602 1.098671 -3.121833 0.000000 0.000000 -0.000001 
2.557757 93.908333 1.125217 1.791267 14.452625 1.408471 0.511851 0.672225 4.649220 -0.383122 0.701944 -3.574219 0.372412 -1.332814 15.460938 -4.346724 5.778171 25.776508 0.161480 5.024230 -3.815564 -2.964865 4.235130 -5.980489 0.000077 -0.000023 0.000006 -0.004734 0.054922 -0.105909 0.681545 -3.629503 -10.646010 -0.691796 3.735777 -10.629725 22.069658 -18.771202 1.575817 -81.152931 -42.832279 -16.667894 178.123993 -40.001198 -179.515732 1.890105 -14.246251 -10.871646 -5.882103 9.861279 0.702591 -10.936862 -0.360574 7.156196 0.000001 8.774817 -0.000001 -16.323647 17.740515 6.186859 -1.844030 2.498503 -2.507276 -10.163592 4.678942 4.621104 -20.975998 -0.000003 0.000002 -21.226255 2.451694 -3.593995 0.000001 -0.000006 -0.000000 -1.362681 2.240797 -0.746323 -21.334898 0.584909 3.008321 -13.821197 -0.000003 0.000002 -23.887131 -0.249078 -0.839481 -61.131134 2.402657 -1.387867 -0.294025 1.679687 0.833255 -14.218194 0.093214 1.300579 -34.212013 -0.287564 0.967169 -20.033186 0.964535 1.212841 -0.000000 0.000000 0.000000 -3.440386 0.788233 0.501655 -15.928169 -3.167306 2.999703 -6.338819 -0.000001 0.000001 -18.123415 3.648177 -4.905661 -0.000005 0.000000 -0.000001 -20.160749 23.607977 3.897968 83.672409 49.147552 -1.182894 179.039536 37.788708 179.849014 -11.278486 13.807528 -10.352872 2.243540 -5.255033 -3.180155 14.282877 -0.826595 6.952497 -0.000002 -12.690592 -0.000001 16.414679 -18.658278 2.955945 1.665665 -1.955920 -2.878298 4.727794 -4.170585 4.993922 11.020513 0.000002 0.000002 12.109031 -3.735710 -2.866777 0.000001 -0.000001 -0.000000 1.291984 -1.928548 -1.498088 14.800111 0.567467 3.865604 14.242553 -1.341735 -6.660648 19.631939 0.143924 -0.648244 51.016212 -1.072774 -6.102163 0.353029 -1.511149 -0.031941 20.222771 3.684306 2.316629 18.787243 0.000005 -0.000001 10.751611 -0.479869 1.397905 -0.000002 0.000000 0.000000 3.273804 0.305947 -0.580113 21.486794 11.830364 2.266132 8.162917 0.000001 -0.000001 18.399054 -3.798982 -4.940568 0.000003 0.000000 -0.000001 10.769283 14.671444 -29.920971 -0.438183 -0.763516 34.868931 -15.048717 -20.399397 5.267241 1.622232 -1.670556 -1.452239 -0.000000 -0.000000 0.000002 -15.759455 -19.903606 1.188501 0.060967 0.758039 31.423014 15.751369 3.166586 -19.993338 -1.484528 1.104330 -3.130533 -0.000000 -0.000000 -0.000001 
2.440125 94.043243 1.138353 1.681419 13.610518 1.336790 0.483398 0.631628 4.425570 -0.394981 0.645714 -3.645416 0.365083 -1.403396 15.417510 -4.601036 5.938377 25.950975 0.242019 5.110871 -3.809353 -2.971150 4.476306 -5.709410 0.000077 -0.000022 0.000006 0.004232 0.048092 -0.095880 0.684649 -3.647504 -10.650846 -0.690224 3.736387 -10.628932 21.925257 -18.760586 1.691406 -81.270493 -42.171204 -16.705948 177.945694 -39.472214 -179.288895 1.249102 -13.749477 -10.157020 -5.882101 9.861278 0.702589 -10.936858 -0.360574 7.156196 0.000002 8.774814 -0.000001 -16.336838 17.773867 6.236136 -1.844032 2.498502 -2.507275 -10.163590 4.678939 4.621103 -20.975998 -0.000005 0.000001 -21.226255 2.451692 -3.593992 -0.000001 -0.000006 0.000001 -1.362679 2.240796 -0.746322 -21.334894 0.584909 3.008320 -13.821198 -0.000003 0.000002 -23.887133 -0.249078 -0.839481 -61.205315 2.360108 -1.354122 -0.294025 1.679686 0.833255 -14.218194 0.093215 1.300579 -34.212013 -0.287564 0.967169 -20.033180 0.964534 1.212841 -0.000000 -0.000000 0.000000 -3.440386 0.788232 0.501655 -15.928169 -3.167305 2.999703 -6.338820 -0.000001 0.000001 -18.123413 3.648175 -4.905661 -0.000005 0.000000 -0.000001 -20.373869 23.614431 3.832462 85.347496 48.328548 0.078389 179.033112 37.749622 179.878479 -10.750035 13.690562 -10.655093 2.243540 -5.255032 -3.180154 14.282877 -0.826593 6.952495 -0.000002 -12.690591 -0.000001 16.385439 -18.596588 2.947082 1.665666 -1.955920 -2.878296 4.727794 -4.170583 4.993919 11.020514 0.000003 -0.000001 12.109035 -3.735710 -2.866780 0.000001 -0.000001 -0.000001 1.291984 -1.928548 -1.498085 14.800114 0.567468 3.865602 14.242554 -1.341733 -6.660649 19.631939 0.143926 -0.648244 50.961586 -1.001221 -6.028719 0.353029 -1.511150 -0.031938 20.222771 3.684307 2.316627 18.787247 0.000006 -0.000002 10.751612 -0.479868 1.397903 0.000001 0.000002 0.000001 3.273805 0.305947 -0.580112 21.486792 11.830367 2.266129 8.162916 0.000004 -0.000002 18.399054 -3.798978 -4.940570 0.000003 -0.000002 -0.000001 11.198091 14.494987 -29.166529 -0.388462 -0.724895 34.110172 -15.237270 -19.535391 5.001401 1.628672 -1.688557 -1.436517 0.000000 0.000000 0.000002 -15.620314 -19.657053 1.159453 0.072048 0.791627 30.911194 15.788842 3.658607 -19.721624 -1.484130 1.100865 -3.022681 0.000000 0.000000 -0.000001 
2.320206 94.145615 1.078653 1.570019 12.682653 1.254950 0.447021 0.603573 4.261815 -0.405021 0.561814 -3.698969 0.316897 -1.548154 15.396358 -4.845073 6.078637 25.964211 0.288624 5.175373 -3.801681 -2.988475 4.682752 -5.496452 0.000077 -0.000024 0.000006 -0.001827 0.042114 -0.104181 0.687260 -3.658932 -10.654408 -0.685865 3.727483 -10.627195 21.770321 -18.846413 1.852370 -81.485283 -41.661076 -16.808216 177.930725 -39.040127 -179.192902 0.671088 -13.328067 -9.804049 -5.882101 9.861278 0.702590 -10.936864 -0.360573 7.156197 0.000002 8.774812 -0.000000 -16.293846 17.810965 6.281605 -1.844031 2.498503 -2.507275 -10.163589 4.678940 4.621104 -20.976000 -0.000003 0.000003 -21.226255 2.451694 -3.593993 -0.000000 -0.000006 0.000001 -1.362682 2.240798 -0.746323 -21.334896 0.584909 3.008321 -13.821197 -0.000002 0.000002 -23.887131 -0.249078 -0.839482 -61.197803 2.318089 -1.318557 -0.294024 1.679687 0.833255 -14.218194 0.093214 1.300580 -34.212013 -0.287563 0.967170 -20.033186 0.964536 1.212842 0.000000 -0.000000 -0.000000 -3.440387 0.788233 0.501655 -15.928169 -3.167306 2.999704 -6.338820 -0.000001 0.000001 -18.123415 3.648177 -4.905661 -0.000005 0.000000 -0.000002 -20.604635 23.592733 3.707910 86.629120 47.638821 1.091654 179.060822 37.682770 179.922760 -10.311012 13.599140 -11.005345 2.243539 -5.255033 -3.180152 14.282877 -0.826593 6.952495 -0.000001 -12.690591 -0.000002 16.349026 -18.554274 2.997976 1.665665 -1.955920 -2.878298 4.727793 -4.170582 4.993918 11.020512 0.000003 0.000001 12.109031 -3.735707 -2.866780 0.000002 -0.000002 -0.000000 1.291984 -1.928547 -1.498089 14.800111 0.567468 3.865604 14.242553 -1.341733 -6.660648 19.631937 0.143927 -0.648242 50.954597 -0.989045 -6.001169 0.353029 -1.511149 -0.031941 20.222771 3.684308 2.316627 18.787245 0.000006 0.000004 10.751608 -0.479868 1.397903 -0.000001 0.000001 -0.000000 3.273804 0.305947 -0.580111 21.486794 11.830363 2.266130 8.162916 0.000003 -0.000001 18.399052 -3.798977 -4.940567 0.000002 -0.000001 -0.000001 11.606015 14.497085 -28.515909 -0.358662 -0.699134 33.530228 -15.377984 -18.787388 4.813689 1.630948 -1.698033 -1.432664 -0.000000 -0.000000 0.000002 -15.470810 -19.299969 0.928240 0.086888 0.791621 30.689062 15.801200 4.116197 -19.493645 -1.482670 1.088012 -2.902879 0.000000 0.000000 -0.000001 
2.219682 94.212418 1.006507 1.445389 11.811901 1.173679 0.408035 0.595972 4.130790 -0.406827 0.437283 -3.740570 0.252502 -1.709786 15.394902 -5.027815 6.198906 25.900227 0.299802 5.233065 -3.777261 -3.026933 4.860835 -5.353345 0.000077 -0.000022 0.000007 0.001860 0.031246 -0.114249 0.687551 -3.678746 -10.665979 -0.681515 3.724042 -10.645808 21.624529 -18.968307 2.068192 -81.771782 -41.303120 -16.954193 178.041595 -38.715679 -179.196686 0.201775 -12.955966 -9.676643 -5.882101 9.861278 0.702590 -10.936858 -0.360575 7.156196 0.000001 8.774815 -0.000002 -16.276752 17.888660 6.294172 -1.844031 2.498503 -2.507276 -10.163589 4.678939 4.621105 -20.975998 -0.000004 0.000004 -21.226254 2.451693 -3.593992 -0.000000 -0.000006 0.000000 -1.362681 2.240797 -0.746323 -21.334896 0.584908 3.008322 -13.821197 -0.000003 0.000003 -23.887133 -0.249077 -0.839479 -61.192070 2.287457 -1.320606 -0.294025 1.679686 0.833256 -14.218194 0.093215 1.300579 -34.212006 -0.287563 0.967172 -20.033178 0.964536 1.212842 0.000000 0.000000 -0.000001 -3.440386 0.788232 0.501655 -15.928169 -3.167306 2.999705 -6.338816 -0.000001 0.000001 -18.123415 3.648176 -4.905660 -0.000006 0.000000 -0.000001 -20.865124 23.622156 3.520251 87.546028 47.030426 1.840761 179.161774 37.640949 -179.990891 -9.970793 13.480362 -11.436477 2.243540 -5.255032 -3.180156 14.282875 -0.826594 6.952497 -0.000001 -12.690588 0.000000 16.359421 -18.464045 2.993919 1.665665 -1.955920 -2.878295 4.727795 -4.170584 4.993920 11.020511 0.000002 0.000000 12.109035 -3.735710 -2.866779 0.000001 -0.000001 -0.000001 1.291984 -1.928547 -1.498087 14.800114 0.567467 3.865603 14.242553 -1.341734 -6.660649 19.631939 0.143925 -0.648243 51.001984 -0.966632 -5.934513 0.353029 -1.511149 -0.031941 20.222769 3.684305 2.316628 18.787245 0.000004 -0.000001 10.751612 -0.479867 1.397903 -0.000001 0.000001 -0.000000 3.273804 0.305947 -0.580110 21.486790 11.830360 2.266130 8.162916 0.000003 -0.000002 18.399055 -3.798980 -4.940567 0.000002 -0.000001 -0.000003 11.974335 14.630763 -27.947475 -0.340123 -0.695416 33.050098 -15.483698 -18.181648 4.578541 1.633637 -1.715813 -1.472736 -0.000000 -0.000000 0.000002 -15.305833 -18.932056 0.669904 0.089648 0.775070 30.553829 15.810575 4.558077 -19.351841 -1.486691 1.084719 -2.829179 0.000000 0.000000 -0.000001 
2.091165 94.230858 0.928725 1.306011 11.013655 1.110829 0.388828 0.567389 4.025076 -0.421198 0.351750 -3.768101 0.176422 -1.883226 15.392189 -5.162214 6.301703 25.812500 0.297175 5.279088 -3.782139 -3.071249 5.011818 -5.250247 0.000077 -0.000024 0.000005 0.017303 0.012351 -0.100862 0.691955 -3.701433 -10.656513 -0.667168 3.718414 -10.631890 21.521477 -19.107759 2.300206 -82.052368 -41.098320 -17.122303 178.170151 -38.495117 -179.264053 -0.216370 -12.645367 -9.592244 -5.882100 9.861278 0.702590 -10.936858 -0.360575 7.156197 -0.000000 8.774813 -0.000002 -16.241774 17.943016 6.284383 -1.844032 2.498503 -2.507275 -10.163588 4.678938 4.621105 -20.975994 -0.000003 0.000003 -21.226250 2.451693 -3.593994 0.000000 -0.000006 0.000000 -1.362680 2.240796 -0.746323 -21.334892 0.584907 3.008321 -13.821197 -0.000003 0.000003 -23.887131 -0.249078 -0.839480 -61.161602 2.254256 -1.364951 -0.294024 1.679687 0.833255 -14.218190 0.093214 1.300580 -34.212006 -0.287563 0.967171 -20.033178 0.964535 1.212842 -0.000000 -0.000000 -0.000001 -3.440386 0.788233 0.501655 -15.928165 -3.167306 2.999704 -6.338817 -0.000001 0.000002 -18.123413 3.648176 -4.905661 -0.000005 0.000000 -0.000002 -21.153559 23.687521 3.268968 88.187538 46.516972 2.345284 179.344589 37.593884 -179.932678 -9.668236 13.326575 -11.814406 2.243539 -5.255033 -3.180154 14.282877 -0.826592 6.952496 -0.000003 -12.690591 -0.000003 16.388386 -18.423214 3.008991 1.665665 -1.955920 -2.878298 4.727794 -4.170583 4.993917 11.020512 0.000004 -0.000001 12.109030 -3.735708 -2.866779 0.000001 -0.000000 -0.000000 1.291984 -1.928548 -1.498087 14.800113 0.567469 3.865604 14.242554 -1.341733 -6.660649 19.631941 0.143929 -0.648244 50.994469 -0.968971 -5.906511 0.353029 -1.511150 -0.031940 20.222771 3.684308 2.316629 18.787245 0.000005 0.000002 10.751610 -0.479866 1.397905 0.000001 0.000001 0.000000 3.273804 0.305947 -0.580110 21.486794 11.830365 2.266134 8.162916 0.000003 -0.000002 18.399057 -3.798977 -4.940567 0.000002 0.000000 -0.000002 12.350001 14.819886 -27.465548 -0.324530 -0.688675 32.632446 -15.623961 -17.714844 4.281807 1.637108 -1.731747 -1.476840 -0.000000 0.000000 0.000002 -15.097371 -18.619680 0.370111 0.097057 0.774615 30.510836 15.777659 4.979526 -19.401249 -1.485610 1.076766 -2.781649 0.000000 0.000000 -0.000001 
1.964032 94.247429 0.817303 1.171665 10.321546 1.064743 0.374111 0.526448 3.933973 -0.443302 0.275098 -3.801494 0.107402 -2.028022 15.417922 -5.261549 6.369393 25.692917 0.285752 5.342871 -3.792642 -3.128066 5.153201 -5.163114 0.000077 -0.000023 0.000007 0.017149 0.005797 -0.099215 0.689525 -3.703419 -10.658861 -0.669018 3.722026 -10.646422 21.413212 -19.209946 2.543766 -82.308083 -41.005871 -17.292143 178.304276 -38.379845 -179.343903 -0.546257 -12.424106 -9.664829 -5.882098 9.861278 0.702590 -10.936858 -0.360576 7.156198 0.000001 8.774814 -0.000001 -16.208984 17.953211 6.262235 -1.844031 2.498502 -2.507275 -10.163587 4.678939 4.621105 -20.975994 -0.000006 0.000003 -21.226248 2.451690 -3.593993 0.000000 -0.000006 -0.000000 -1.362679 2.240796 -0.746323 -21.334887 0.584906 3.008322 -13.821197 -0.000003 0.000003 -23.887129 -0.249079 -0.839479 -61.129055 2.215798 -1.407995 -0.294025 1.679686 0.833256 -14.218190 0.093213 1.300579 -34.211998 -0.287566 0.967172 -20.033175 0.964534 1.212844 -0.000000 -0.000000 -0.000001 -3.440385 0.788232 0.501655 -15.928165 -3.167308 2.999705 -6.338815 -0.000002 0.000001 -18.123407 3.648175 -4.905660 -0.000005 0.000000 -0.000003 -21.448853 23.770357 2.976574 88.720856 46.132206 2.744344 179.550095 37.605980 -179.837128 -9.461210 13.167990 -12.180251 2.243539 -5.255032 -3.180155 14.282877 -0.826591 6.952497 -0.000003 -12.690591 -0.000001 16.387722 -18.364864 3.012465 1.665665 -1.955920 -2.878300 4.727793 -4.170582 4.993916 11.020511 0.000004 -0.000000 12.109027 -3.735709 -2.866779 0.000002 -0.000000 0.000001 1.291984 -1.928548 -1.498088 14.800114 0.567469 3.865604 14.242553 -1.341735 -6.660647 19.631933 0.143927 -0.648242 50.929825 -0.991418 -5.858071 0.353029 -1.511149 -0.031942 20.222771 3.684307 2.316632 18.787247 0.000004 0.000002 10.751611 -0.479867 1.397904 -0.000000 0.000002 -0.000002 3.273804 0.305947 -0.580110 21.486792 11.830365 2.266132 8.162916 0.000003 -0.000001 18.399052 -3.798978 -4.940566 0.000002 0.000000 -0.000002 12.680634 15.045719 -27.047621 -0.335576 -0.698913 32.191669 -15.776929 -17.333462 4.070184 1.639881 -1.741398 -1.492599 0.000000 -0.000000 0.000002 -14.870504 -18.329575 0.053689 0.099214 0.771046 30.496899 15.744458 5.310490 -19.467508 -1.482024 1.052353 -2.707407 0.000000 0.000000 -0.000001 
1.831455 94.241890 0.782262 1.045848 9.719629 1.045036 0.365804 0.497389 3.853878 -0.466525 0.203387 -3.832559 0.046167 -2.113061 15.443542 -5.333688 6.395536 25.548431 0.270253 5.423340 -3.789299 -3.181384 5.254661 -5.046141 0.000078 -0.000022 0.000007 0.017634 0.005916 -0.099088 0.691824 -3.706894 -10.679772 -0.666798 3.725071 -10.667768 21.310745 -19.308271 2.800095 -82.461296 -41.002487 -17.453121 178.399948 -38.338413 -179.425568 -0.780648 -12.309276 -9.865967 -5.882100 9.861280 0.702589 -10.936859 -0.360576 7.156197 -0.000001 8.774814 -0.000003 -16.228989 17.969669 6.234093 -1.844030 2.498503 -2.507277 -10.163589 4.678939 4.621102 -20.975998 -0.000004 0.000002 -21.226254 2.451693 -3.593993 0.000000 -0.000006 -0.000000 -1.362680 2.240797 -0.746323 -21.334892 0.584908 3.008320 -13.821198 -0.000003 0.000002 -23.887131 -0.249078 -0.839479 -61.122765 2.206043 -1.478425 -0.294024 1.679687 0.833255 -14.218194 0.093214 1.300579 -34.211998 -0.287565 0.967170 -20.033178 0.964535 1.212842 0.000000 -0.000000 -0.000000 -3.440384 0.788232 0.501655 -15.928165 -3.167308 2.999704 -6.338818 -0.000001 0.000001 -18.123415 3.648176 -4.905662 -0.000006 -0.000000 -0.000003 -21.709124 23.815260 2.658373 89.077698 45.805866 3.015951 179.739639 37.610989 -179.754822 -9.198856 13.001875 -12.277686 2.243541 -5.255033 -3.180154 14.282878 -0.826592 6.952494 -0.000001 -12.690591 -0.000002 16.292816 -18.300474 3.054382 1.665665 -1.955920 -2.878297 4.727794 -4.170584 4.993917 11.020513 0.000002 -0.000001 12.109035 -3.735709 -2.866779 0.000002 -0.000001 -0.000001 1.291985 -1.928548 -1.498088 14.800117 0.567468 3.865601 14.242554 -1.341735 -6.660646 19.631941 0.143927 -0.648244 50.815357 -1.011342 -5.808219 0.353029 -1.511149 -0.031939 20.222773 3.684306 2.316625 18.787249 0.000004 -0.000000 10.751613 -0.479868 1.397904 -0.000000 0.000001 -0.000001 3.273805 0.305947 -0.580111 21.486795 11.830363 2.266131 8.162917 0.000004 -0.000001 18.399057 -3.798977 -4.940568 0.000003 0.000000 -0.000001 13.011623 15.234178 -26.683430 -0.335066 -0.691534 31.852545 -15.907389 -17.018913 3.794840 1.642830 -1.763277 -1.506566 0.000000 0.000000 0.000001 -14.646421 -18.095587 -0.173585 0.097633 0.776928 30.430418 15.668661 5.607678 -19.623545 -1.476740 1.034365 -2.605774 -0.000000 -0.000000 -0.000001 
1.698545 94.267693 0.711330 0.918399 9.173880 1.059333 0.363595 0.447941 3.743563 -0.486688 0.188848 -3.871293 0.008595 -2.148029 15.476245 -5.407782 6.443624 25.379971 0.286843 5.436366 -3.783718 -3.213832 5.350757 -4.932652 0.000077 -0.000021 0.000007 0.004281 0.004516 -0.095103 0.679872 -3.707905 -10.682422 -0.678987 3.715191 -10.657127 21.195253 -19.372732 2.941341 -82.628166 -40.952900 -17.604044 178.467804 -38.295544 -179.476685 -0.937132 -12.230190 -10.251209 -5.882101 9.861278 0.702590 -10.936858 -0.360575 7.156197 0.000000 8.774814 -0.000000 -16.290071 17.978220 6.210988 -1.844031 2.498503 -2.507276 -10.163590 4.678941 4.621106 -20.975996 -0.000003 0.000001 -21.226250 2.451693 -3.593995 -0.000001 -0.000006 0.000000 -1.362679 2.240797 -0.746322 -21.334894 0.584909 3.008320 -13.821197 -0.000002 0.000002 -23.887131 -0.249078 -0.839482 -61.184700 2.228606 -1.529089 -0.294025 1.679685 0.833255 -14.218194 0.093215 1.300579 -34.212002 -0.287562 0.967168 -20.033178 0.964535 1.212841 0.000000 -0.000000 -0.000000 -3.440386 0.788233 0.501655 -15.928167 -3.167306 2.999704 -6.338817 -0.000001 0.000001 -18.123415 3.648178 -4.905662 -0.000007 0.000000 -0.000001 -21.913403 23.868547 2.385747 89.417397 45.554298 3.267544 179.884476 37.624203 -179.650192 -8.972951 12.850667 -12.246869 2.243539 -5.255033 -3.180155 14.282873 -0.826595 6.952497 -0.000002 -12.690590 0.000002 16.185648 -18.272013 3.076602 1.665664 -1.955919 -2.878295 4.727793 -4.170583 4.993918 11.020511 0.000004 0.000000 12.109030 -3.735710 -2.866780 0.000002 -0.000000 0.000001 1.291985 -1.928548 -1.498090 14.800113 0.567469 3.865605 14.242553 -1.341733 -6.660649 19.631937 0.143927 -0.648244 50.766575 -0.998707 -5.789236 0.353029 -1.511149 -0.031941 20.222767 3.684306 2.316626 18.787243 0.000005 0.000001 10.751607 -0.479868 1.397906 0.000001 0.000003 0.000000 3.273804 0.305947 -0.580109 21.486788 11.830363 2.266129 8.162917 0.000003 -0.000002 18.399046 -3.798979 -4.940569 0.000003 -0.000001 -0.000002 13.304420 15.445684 -26.323126 -0.345567 -0.698674 31.361475 -16.033840 -16.713530 3.636171 1.645970 -1.772402 -1.482555 0.000000 0.000000 0.000002 -14.337811 -17.950047 -0.446778 0.099853 0.780820 30.288435 15.511133 5.837729 -19.818790 -1.471799 1.023532 -2.450615 0.000000 0.000000 -0.000001 
1.597015 94.334290 0.653164 0.791409 8.671581 1.092412 0.367701 0.401942 3.612231 -0.494298 0.192703 -3.924162 -0.007315 -2.136927 15.481415 -5.525061 6.538193 25.211208 0.305881 5.417747 -3.792912 -3.237415 5.420164 -4.839117 0.000077 -0.000022 0.000008 -0.000002 0.022048 -0.088037 0.667773 -3.689778 -10.648978 -0.683196 3.730807 -10.619043 21.090887 -19.409439 2.999901 -82.777245 -40.810364 -17.884243 178.579559 -38.182838 -179.534439 -1.065685 -12.176769 -10.661459 -5.882100 9.861280 0.702588 -10.936860 -0.360576 7.156198 -0.000001 8.774817 -0.000002 -16.352177 18.011883 6.199664 -1.844031 2.498503 -2.507275 -10.163591 4.678940 4.621104 -20.975996 -0.000004 0.000002 -21.226255 2.451694 -3.593993 -0.000001 -0.000006 0.000000 -1.362681 2.240797 -0.746323 -21.334898 0.584909 3.008321 -13.821197 -0.000003 0.000003 -23.887131 -0.249078 -0.839481 -61.262539 2.246897 -1.526737 -0.294024 1.679686 0.833255 -14.218192 0.093213 1.300579 -34.212002 -0.287565 0.967170 -20.033180 0.964536 1.212842 -0.000000 0.000000 0.000000 -3.440386 0.788233 0.501656 -15.928169 -3.167306 2.999704 -6.338819 -0.000002 0.000001 -18.123415 3.648177 -4.905661 -0.000006 -0.000000 -0.000002 -22.047045 24.038210 2.181072 89.634789 45.304794 3.351243 179.939880 37.619171 -179.635025 -8.759343 12.720923 -12.127757 2.243539 -5.255033 -3.180156 14.282875 -0.826592 6.952494 -0.000003 -12.690590 0.000000 16.089146 -18.247789 3.099464 1.665665 -1.955921 -2.878297 4.727793 -4.170582 4.993918 11.020509 0.000005 -0.000000 12.109032 -3.735708 -2.866778 0.000002 -0.000000 -0.000000 1.291984 -1.928547 -1.498090 14.800111 0.567470 3.865601 14.242553 -1.341732 -6.660648 19.631937 0.143927 -0.648241 50.804485 -0.984089 -5.754509 0.353029 -1.511149 -0.031941 20.222767 3.684308 2.316628 18.787245 0.000007 0.000002 10.751610 -0.479866 1.397903 -0.000000 0.000002 -0.000002 3.273804 0.305947 -0.580112 21.486790 11.830364 2.266130 8.162917 0.000003 -0.000002 18.399050 -3.798979 -4.940566 0.000002 -0.000002 -0.000001 13.559498 15.648193 -25.975801 -0.341258 -0.702123 30.852243 -16.141676 -16.438549 3.613168 1.648806 -1.782036 -1.460155 -0.000000 0.000000 0.000002 -14.155505 -17.821238 -0.552867 0.094812 0.762241 29.965261 15.432345 6.059661 -19.695715 -1.469297 1.027303 -2.365258 0.000000 0.000000 -0.000001 
1.509641 94.458786 0.652193 0.657999 8.197707 1.143824 0.380160 0.410084 3.465789 -0.490020 0.193920 -3.997327 0.015096 -2.116496 15.502744 -5.686593 6.681590 25.034710 0.343984 5.371336 -3.774900 -3.282273 5.526200 -4.776801 0.000077 -0.000022 0.000004 -0.013094 0.033096 -0.098782 0.661222 -3.669463 -10.624239 -0.689413 3.728155 -10.599467 21.035408 -19.396318 3.034725 -82.932640 -40.675808 -18.205866 178.608566 -37.998249 -179.600708 -1.236216 -12.135463 -10.961825 -5.882100 9.861278 0.702590 -10.936858 -0.360576 7.156196 0.000001 8.774813 -0.000000 -16.353708 18.048748 6.203634 -1.844031 2.498503 -2.507276 -10.163589 4.678939 4.621102 -20.975992 -0.000005 0.000001 -21.226250 2.451691 -3.593994 0.000000 -0.000006 -0.000000 -1.362681 2.240796 -0.746322 -21.334892 0.584908 3.008319 -13.821195 -0.000003 0.000001 -23.887131 -0.249080 -0.839482 -61.298977 2.265736 -1.510498 -0.294024 1.679686 0.833255 -14.218190 0.093215 1.300578 -34.211998 -0.287566 0.967168 -20.033176 0.964533 1.212841 -0.000000 -0.000000 -0.000001 -3.440386 0.788232 0.501655 -15.928164 -3.167306 2.999702 -6.338816 -0.000001 0.000001 -18.123411 3.648175 -4.905662 -0.000007 -0.000000 -0.000002 -22.101454 24.244978 2.058082 89.785561 45.091656 3.428849 179.907684 37.566048 -179.693512 -8.614814 12.596164 -11.939305 2.243540 -5.255033 -3.180155 14.282877 -0.826595 6.952496 -0.000000 -12.690590 -0.000003 16.143167 -18.236813 3.056849 1.665665 -1.955920 -2.878296 4.727795 -4.170583 4.993921 11.020512 0.000003 0.000000 12.109032 -3.735709 -2.866779 0.000002 -0.000000 0.000001 1.291984 -1.928548 -1.498090 14.800113 0.567467 3.865601 14.242554 -1.341735 -6.660648 19.631941 0.143925 -0.648242 50.919292 -0.949308 -5.772892 0.353028 -1.511149 -0.031939 20.222771 3.684305 2.316628 18.787249 0.000002 -0.000001 10.751614 -0.479868 1.397905 0.000000 0.000001 0.000000 3.273804 0.305947 -0.580110 21.486792 11.830361 2.266134 8.162915 0.000002 -0.000003 18.399055 -3.798980 -4.940571 0.000002 -0.000001 -0.000002 13.803449 15.882874 -25.564829 -0.341035 -0.728132 30.240843 -16.253511 -16.131237 3.733196 1.648839 -1.791401 -1.441765 -0.000000 0.000000 0.000002 -13.981168 -17.774263 -0.527298 0.100125 0.752810 29.405506 15.367083 6.343305 -19.378729 -1.468274 1.030997 -2.389812 0.000000 0.000000 -0.000001 
1.460697 94.641190 0.638290 0.511690 7.764943 1.176968 0.410494 0.436672 3.327960 -0.484914 0.228326 -4.055418 0.074436 -2.103296 15.435523 -5.855020 6.857050 24.866016 0.417623 5.325270 -3.774360 -3.356514 5.670070 -4.731229 0.000077 -0.000021 0.000006 -0.019561 0.037963 -0.085827 0.657629 -3.661143 -10.595138 -0.700705 3.732733 -10.572465 21.024343 -19.335777 3.007699 -83.058403 -40.502949 -18.599779 178.668320 -37.736904 -179.691208 -1.391298 -12.148599 -11.237721 -5.882099 9.861278 0.702589 -10.936858 -0.360576 7.156196 0.000000 8.774815 -0.000001 -16.351854 18.059580 6.173565 -1.844030 2.498502 -2.507275 -10.163589 4.678939 4.621103 -20.975994 -0.000004 0.000002 -21.226250 2.451692 -3.593993 -0.000001 -0.000006 0.000000 -1.362679 2.240796 -0.746323 -21.334888 0.584907 3.008318 -13.821194 -0.000003 0.000002 -23.887131 -0.249079 -0.839481 -61.317726 2.274261 -1.534953 -0.294025 1.679686 0.833255 -14.218190 0.093214 1.300578 -34.212002 -0.287565 0.967169 -20.033176 0.964533 1.212841 -0.000000 -0.000000 -0.000001 -3.440384 0.788233 0.501656 -15.928165 -3.167307 2.999703 -6.338818 -0.000002 0.000001 -18.123413 3.648175 -4.905660 -0.000006 0.000000 -0.000001 -22.138433 24.542561 1.971682 89.953323 44.871349 3.556408 179.864975 37.454773 -179.755844 -8.437336 12.424074 -11.803511 2.243540 -5.255033 -3.180155 14.282875 -0.826592 6.952497 -0.000003 -12.690591 -0.000001 16.267784 -18.257317 2.981349 1.665665 -1.955920 -2.878297 4.727794 -4.170583 4.993917 11.020510 0.000004 -0.000000 12.109030 -3.735708 -2.866777 0.000002 -0.000000 0.000001 1.291984 -1.928548 -1.498085 14.800117 0.567469 3.865604 14.242553 -1.341733 -6.660649 19.631939 0.143927 -0.648242 51.082260 -0.977661 -5.829238 0.353029 -1.511149 -0.031940 20.222769 3.684308 2.316628 18.787245 0.000006 0.000001 10.751610 -0.479866 1.397904 0.000001 0.000001 0.000001 3.273804 0.305947 -0.580110 21.486792 11.830364 2.266131 8.162915 0.000004 -0.000002 18.399054 -3.798978 -4.940566 0.000003 -0.000002 -0.000001 14.024481 16.091778 -25.074268 -0.337819 -0.751073 29.473934 -16.391781 -15.864963 4.011716 1.652742 -1.794653 -1.484614 -0.000000 0.000000 0.000002 -13.826384 -17.797216 -0.344076 0.092354 0.743022 28.594511 15.372571 6.659593 -18.834026 -1.469789 1.029292 -2.536439 0.000000 0.000000 -0.000001 
1.435531 94.859779 0.682142 0.386099 7.391734 1.199978 0.449376 0.474822 3.196960 -0.475513 0.258795 -4.108561 0.141951 -2.056675 15.319575 -6.006673 7.027561 24.704405 0.498019 5.315835 -3.756094 -3.437674 5.773363 -4.694113 0.000077 -0.000022 0.000005 -0.012500 0.025820 -0.105672 0.673779 -3.666555 -10.600091 -0.698166 3.714416 -10.588101 21.070515 -19.221409 2.961527 -83.070824 -40.366814 -19.074436 178.734421 -37.507576 -179.800629 -1.583361 -12.128851 -11.480074 -5.882102 9.861278 0.702589 -10.936861 -0.360575 7.156199 -0.000001 8.774813 -0.000001 -16.402323 18.037439 6.111480 -1.844030 2.498502 -2.507276 -10.163592 4.678940 4.621104 -20.976000 -0.000003 0.000003 -21.226254 2.451695 -3.593992 0.000000 -0.000006 -0.000000 -1.362680 2.240796 -0.746322 -21.334896 0.584910 3.008322 -13.821197 -0.000002 0.000002 -23.887135 -0.249077 -0.839481 -61.336941 2.262406 -1.560367 -0.294025 1.679686 0.833254 -14.218194 0.093214 1.300580 -34.212006 -0.287562 0.967172 -20.033186 0.964535 1.212843 0.000000 0.000000 -0.000000 -3.440386 0.788233 0.501655 -15.928171 -3.167306 2.999705 -6.338815 -0.000001 0.000001 -18.123415 3.648178 -4.905661 -0.000005 0.000000 -0.000002 -22.198473 24.825792 1.905435 90.172058 44.678329 3.768693 179.877441 37.294060 -179.754364 -8.321094 12.184703 -11.781362 2.243539 -5.255033 -3.180155 14.282877 -0.826594 6.952496 -0.000002 -12.690592 0.000000 16.381531 -18.311647 2.930036 1.665664 -1.955919 -2.878298 4.727793 -4.170583 4.993919 11.020511 0.000002 0.000000 12.109033 -3.735710 -2.866780 0.000002 -0.000000 0.000001 1.291984 -1.928547 -1.498089 14.800111 0.567467 3.865606 14.242551 -1.341736 -6.660649 19.631935 0.143925 -0.648242 51.194054 -1.025603 -5.884472 0.353029 -1.511149 -0.031941 20.222767 3.684306 2.316629 18.787245 0.000005 -0.000001 10.751608 -0.479868 1.397903 0.000000 0.000003 0.000000 3.273804 0.305947 -0.580109 21.486788 11.830363 2.266133 8.162915 0.000004 -0.000002 18.399054 -3.798979 -4.940566 0.000003 -0.000001 -0.000002 14.215267 16.280956 -24.524916 -0.337672 -0.772465 28.664124 -16.505119 -15.645433 4.385838 1.655644 -1.806512 -1.581813 0.000000 0.000000 0.000002 -13.708999 -17.883217 -0.036211 0.076413 0.732513 27.624140 15.354433 6.974998 -18.159416 -1.468927 1.005812 -2.732523 0.000000 0.000000 -0.000001 
1.389392 95.052338 0.739877 0.305052 7.088244 1.219533 0.486080 0.509980 3.070953 -0.472281 0.320874 -4.153913 0.214431 -2.001458 15.186322 -6.117673 7.148062 24.515139 0.542712 5.324291 -3.775826 -3.502618 5.845974 -4.617794 0.000076 -0.000022 0.000005 -0.002868 0.026299 -0.094742 0.683456 -3.673146 -10.598341 -0.699179 3.713724 -10.575064 21.118143 -19.098087 2.920445 -82.965744 -40.292988 -19.525135 178.761459 -37.296982 -179.843079 -1.826769 -12.128159 -11.698229 -5.882102 9.861279 0.702588 -10.936862 -0.360574 7.156197 -0.000000 8.774812 -0.000002 -16.395336 18.011539 6.061685 -1.844031 2.498503 -2.507275 -10.163591 4.678941 4.621104 -20.975998 -0.000003 0.000002 -21.226255 2.451693 -3.593994 0.000000 -0.000006 -0.000000 -1.362681 2.240797 -0.746324 -21.334890 0.584908 3.008321 -13.821198 -0.000002 0.000002 -23.887131 -0.249078 -0.839481 -61.280331 2.241246 -1.592487 -0.294025 1.679686 0.833254 -14.218194 0.093216 1.300579 -34.212006 -0.287563 0.967169 -20.033180 0.964535 1.212842 0.000000 0.000000 0.000000 -3.440387 0.788232 0.501655 -15.928169 -3.167306 2.999704 -6.338814 -0.000002 0.000001 -18.123415 3.648177 -4.905663 -0.000007 -0.000000 -0.000002 -22.258934 25.039246 1.828991 90.450874 44.532394 4.115877 179.921143 37.136974 -179.697540 -8.291934 11.915195 -11.897736 2.243540 -5.255033 -3.180155 14.282877 -0.826593 6.952495 -0.000001 -12.690591 -0.000001 16.414263 -18.368986 2.956513 1.665664 -1.955920 -2.878297 4.727795 -4.170584 4.993918 11.020512 0.000002 0.000000 12.109035 -3.735712 -2.866779 0.000002 -0.000001 -0.000001 1.291984 -1.928548 -1.498088 14.800113 0.567467 3.865606 14.242554 -1.341736 -6.660649 19.631937 0.143925 -0.648243 51.231262 -1.062417 -5.894089 0.353029 -1.511149 -0.031940 20.222769 3.684304 2.316628 18.787245 0.000002 -0.000001 10.751610 -0.479867 1.397905 -0.000001 0.000002 -0.000001 3.273804 0.305947 -0.580111 21.486794 11.830364 2.266133 8.162916 0.000003 -0.000001 18.399054 -3.798983 -4.940567 0.000003 0.000000 -0.000001 14.367418 16.423397 -23.988008 -0.333351 -0.791433 27.861588 -16.619617 -15.465945 4.731787 1.657286 -1.832078 -1.662561 -0.000000 0.000000 0.000002 -13.646755 -17.972586 0.266788 0.069444 0.729290 26.774654 15.306329 7.235775 -17.548410 -1.469761 0.964921 -2.896948 0.000000 0.000000 -0.000001 
1.369320 95.193573 0.792834 0.259741 6.824752 1.203111 0.534310 0.536789 2.966638 -0.467334 0.376241 -4.197780 0.264951 -1.928007 15.090783 -6.194215 7.241285 24.382166 0.567250 5.352673 -3.794140 -3.585030 5.895395 -4.469605 0.000077 -0.000021 0.000005 0.012475 -0.002085 -0.114557 0.708432 -3.706368 -10.639497 -0.697642 3.692535 -10.621699 21.102760 -18.944481 2.924919 -82.725845 -40.255489 -19.843483 178.640396 -37.152756 -179.778503 -2.105181 -12.103321 -11.810976 -5.882097 9.861278 0.702589 -10.936858 -0.360575 7.156196 0.000001 8.774814 -0.000000 -16.387901 17.932142 6.007315 -1.844030 2.498502 -2.507275 -10.163589 4.678939 4.621103 -20.975994 -0.000004 0.000002 -21.226254 2.451691 -3.593995 0.000000 -0.000006 -0.000000 -1.362680 2.240797 -0.746324 -21.334890 0.584908 3.008319 -13.821193 -0.000003 0.000002 -23.887129 -0.249079 -0.839481 -61.208530 2.227640 -1.617047 -0.294024 1.679686 0.833256 -14.218194 0.093214 1.300578 -34.211998 -0.287565 0.967169 -20.033176 0.964534 1.212842 0.000000 0.000000 0.000000 -3.440385 0.788232 0.501655 -15.928169 -3.167307 2.999703 -6.338815 -0.000001 0.000001 -18.123413 3.648175 -4.905663 -0.000006 0.000000 -0.000001 -22.337952 25.181490 1.757388 90.770653 44.413532 4.456860 -179.995926 37.030277 -179.631271 -8.303415 11.664723 -11.943855 2.243539 -5.255032 -3.180155 14.282877 -0.826591 6.952498 -0.000003 -12.690587 -0.000001 16.399549 -18.415285 3.006668 1.665664 -1.955920 -2.878297 4.727794 -4.170582 4.993919 11.020510 0.000004 -0.000000 12.109032 -3.735708 -2.866777 0.000002 0.000000 0.000000 1.291984 -1.928547 -1.498088 14.800114 0.567468 3.865606 14.242554 -1.341733 -6.660649 19.631941 0.143926 -0.648242 51.121712 -1.084578 -5.899539 0.353028 -1.511148 -0.031942 20.222767 3.684307 2.316628 18.787245 0.000005 0.000002 10.751610 -0.479868 1.397906 -0.000000 0.000002 -0.000001 3.273804 0.305947 -0.580110 21.486790 11.830361 2.266130 8.162916 0.000003 0.000000 18.399052 -3.798979 -4.940564 0.000003 -0.000001 -0.000001 14.474423 16.545221 -23.540771 -0.325008 -0.797156 27.289598 -16.686266 -15.376072 4.973968 1.655715 -1.838768 -1.703944 -0.000000 0.000000 0.000002 -13.628955 -18.041498 0.540659 0.065163 0.738728 26.101974 15.257340 7.453707 -17.108419 -1.466571 0.937214 -2.966341 0.000000 0.000000 -0.000001 
1.339332 95.278397 0.815824 0.220242 6.619018 1.150946 0.588799 0.559682 2.873822 -0.465560 0.433365 -4.230200 0.327968 -1.862174 15.032668 -6.245712 7.327890 24.280205 0.555892 5.386367 -3.809110 -3.637605 5.914971 -4.257829 0.000077 -0.000023 0.000005 0.018371 -0.025875 -0.099737 0.718674 -3.730969 -10.665937 -0.692795 3.682506 -10.650326 21.056250 -18.790516 2.940115 -82.563927 -40.213371 -19.953491 178.513657 -37.078705 -179.670258 -2.349721 -12.069616 -11.866492 -5.882100 9.861280 0.702589 -10.936858 -0.360577 7.156197 0.000001 8.774815 -0.000002 -16.407118 17.883253 5.994925 -1.844030 2.498502 -2.507277 -10.163589 4.678937 4.621104 -20.975994 -0.000006 0.000004 -21.226254 2.451691 -3.593993 0.000000 -0.000006 0.000001 -1.362680 2.240796 -0.746322 -21.334887 0.584905 3.008321 -13.821195 -0.000005 0.000003 -23.887131 -0.249080 -0.839479 -61.187344 2.225778 -1.595973 -0.294025 1.679686 0.833255 -14.218192 0.093213 1.300580 -34.211998 -0.287566 0.967172 -20.033178 0.964534 1.212843 -0.000000 -0.000000 -0.000000 -3.440384 0.788232 0.501655 -15.928167 -3.167309 2.999704 -6.338819 -0.000002 0.000001 -18.123411 3.648175 -4.905661 -0.000007 0.000000 -0.000002 -22.384724 25.250641 1.720239 91.082283 44.332886 4.826821 -179.907440 36.984936 -179.532547 -8.284804 11.484995 -11.831429 2.243539 -5.255033 -3.180156 14.282877 -0.826591 6.952497 -0.000003 -12.690593 -0.000001 16.362360 -18.404280 3.048540 1.665665 -1.955920 -2.878296 4.727792 -4.170583 4.993920 11.020511 0.000004 -0.000001 12.109031 -3.735709 -2.866776 0.000001 -0.000000 -0.000000 1.291984 -1.928548 -1.498089 14.800109 0.567470 3.865605 14.242551 -1.341733 -6.660647 19.631939 0.143928 -0.648240 50.996704 -1.044468 -5.885886 0.353028 -1.511149 -0.031941 20.222767 3.684310 2.316630 18.787245 0.000007 0.000002 10.751612 -0.479868 1.397906 -0.000001 0.000002 0.000001 3.273804 0.305948 -0.580110 21.486792 11.830369 2.266134 8.162917 0.000004 -0.000001 18.399052 -3.798978 -4.940566 0.000003 0.000000 -0.000002 14.578826 16.642496 -23.163933 -0.314859 -0.795663 26.845329 -16.761459 -15.277792 5.105116 1.656091 -1.857570 -1.714922 -0.000000 -0.000000 0.000002 -13.633953 -18.080370 0.767290 0.060419 0.750970 25.641405 15.216240 7.635912 -16.822004 -1.464799 0.924408 -2.952303 0.000000 -0.000000 -0.000001 
1.355866 95.335960 0.863000 0.176485 6.483354 1.059354 0.653073 0.609977 2.806901 -0.464139 0.466400 -4.264641 0.393274 -1.813805 15.017895 -6.252550 7.373661 24.285198 0.510060 5.414981 -3.824532 -3.706459 5.897543 -4.010457 0.000077 -0.000021 0.000004 0.021849 -0.019412 -0.102510 0.716358 -3.728863 -10.675387 -0.688017 3.694048 -10.662046 21.017456 -18.682184 2.967100 -82.529045 -40.149624 -19.938318 178.360397 -37.018948 -179.561569 -2.542161 -12.003554 -11.872478 -5.882102 9.861278 0.702589 -10.936858 -0.360575 7.156196 0.000002 8.774810 -0.000001 -16.432627 17.859623 5.995645 -1.844030 2.498502 -2.507276 -10.163591 4.678940 4.621104 -20.975998 -0.000003 0.000002 -21.226255 2.451693 -3.593993 -0.000000 -0.000006 0.000000 -1.362681 2.240796 -0.746323 -21.334890 0.584909 3.008320 -13.821198 -0.000003 0.000002 -23.887133 -0.249078 -0.839481 -61.248405 2.243028 -1.585080 -0.294024 1.679686 0.833256 -14.218194 0.093215 1.300579 -34.212006 -0.287563 0.967168 -20.033180 0.964535 1.212841 -0.000000 0.000001 -0.000000 -3.440384 0.788232 0.501655 -15.928167 -3.167306 2.999703 -6.338818 -0.000001 0.000001 -18.123415 3.648176 -4.905661 -0.000005 0.000001 -0.000002 -22.386860 25.261885 1.760747 91.410187 44.306816 5.014499 -179.973999 36.965755 -179.539337 -8.308459 11.370085 -11.689499 2.243540 -5.255033 -3.180155 14.282878 -0.826595 6.952495 -0.000001 -12.690592 -0.000002 16.324600 -18.400566 3.126779 1.665665 -1.955920 -2.878299 4.727795 -4.170584 4.993921 11.020513 0.000002 0.000000 12.109033 -3.735710 -2.866780 0.000003 -0.000000 -0.000001 1.291985 -1.928548 -1.498091 14.800114 0.567466 3.865606 14.242556 -1.341736 -6.660650 19.631939 0.143925 -0.648244 50.910713 -1.032054 -5.872128 0.353029 -1.511149 -0.031940 20.222773 3.684303 2.316626 18.787245 0.000003 -0.000001 10.751612 -0.479869 1.397902 -0.000000 0.000001 -0.000002 3.273804 0.305946 -0.580111 21.486795 11.830362 2.266131 8.162916 0.000002 -0.000002 18.399054 -3.798981 -4.940570 0.000003 -0.000001 -0.000002 14.664028 16.761726 -22.900778 -0.306571 -0.790231 26.691317 -16.799404 -15.254385 5.192904 1.656922 -1.883973 -1.716191 0.000000 0.000000 0.000002 -13.660555 -18.069288 0.991380 0.054552 0.731753 25.336145 15.223236 7.780737 -16.554207 -1.462566 0.920391 -2.894890 0.000000 0.000000 -0.000001 
1.368238 95.341324 0.872266 0.139669 6.394631 0.963324 0.704969 0.613327 2.753677 -0.461025 0.497414 -4.289086 0.466734 -1.769906 15.026548 -6.232859 7.372533 24.311100 0.453136 5.448381 -3.824924 -3.780719 5.902271 -3.762443 0.000077 -0.000022 0.000004 0.010395 -0.008239 -0.106556 0.703981 -3.712613 -10.681916 -0.686401 3.698476 -10.673574 20.978552 -18.613424 3.018798 -82.619148 -40.074604 -19.853891 178.245804 -36.940010 -179.474136 -2.688555 -11.907734 -11.886296 -5.882102 9.861278 0.702591 -10.936858 -0.360574 7.156197 0.000002 8.774814 0.000001 -16.401417 17.886881 6.031826 -1.844033 2.498502 -2.507276 -10.163589 4.678941 4.621105 -20.975996 -0.000004 0.000002 -21.226250 2.451693 -3.593993 0.000000 -0.000006 -0.000001 -1.362680 2.240796 -0.746323 -21.334894 0.584909 3.008320 -13.821197 -0.000003 0.000002 -23.887131 -0.249078 -0.839480 -61.262497 2.271250 -1.571019 -0.294024 1.679686 0.833255 -14.218195 0.093215 1.300579 -34.212006 -0.287563 0.967170 -20.033180 0.964535 1.212842 -0.000000 0.000000 -0.000000 -3.440386 0.788233 0.501656 -15.928169 -3.167306 2.999704 -6.338817 -0.000001 0.000001 -18.123411 3.648176 -4.905661 -0.000005 0.000000 -0.000002 -22.335056 25.232393 1.846142 91.715996 44.241146 5.170543 179.880630 36.946404 -179.600494 -8.371994 11.310341 -11.580948 2.243540 -5.255033 -3.180154 14.282877 -0.826594 6.952497 0.000000 -12.690591 -0.000000 16.313940 -18.367254 3.158304 1.665665 -1.955920 -2.878297 4.727794 -4.170584 4.993918 11.020512 0.000003 0.000002 12.109034 -3.735712 -2.866776 0.000002 -0.000000 0.000001 1.291984 -1.928547 -1.498087 14.800117 0.567467 3.865605 14.242551 -1.341735 -6.660648 19.631937 0.143924 -0.648241 50.930794 -1.012816 -5.864241 0.353029 -1.511149 -0.031940 20.222771 3.684304 2.316631 18.787245 0.000003 0.000003 10.751611 -0.479868 1.397904 -0.000000 0.000001 -0.000001 3.273804 0.305947 -0.580110 21.486790 11.830360 2.266132 8.162919 0.000002 -0.000002 18.399057 -3.798981 -4.940566 0.000003 0.000000 0.000000 14.816642 16.874506 -22.730101 -0.322841 -0.780063 26.663626 -16.912622 -15.289458 5.316413 1.659085 -1.900451 -1.699270 0.000000 0.000000 0.000002 -13.700202 -18.047852 1.156206 0.056068 0.721567 25.194864 15.245043 7.860540 -16.464636 -1.460735 0.932751 -2.807802 0.000000 0.000000 -0.000001 
1.450305 95.352493 0.901152 0.115018 6.380939 0.871164 0.730369 0.602970 2.709188 -0.458139 0.505186 -4.311207 0.538006 -1.760272 15.057218 -6.191158 7.356695 24.379185 0.420846 5.465264 -3.832539 -3.878609 5.935795 -3.552423 0.000076 -0.000023 0.000005 0.006931 0.003385 -0.108053 0.690871 -3.695562 -10.683742 -0.687293 3.708765 -10.679787 20.935226 -18.561735 3.028102 -82.798851 -39.957943 -19.749569 178.204758 -36.877010 -179.425201 -2.823658 -11.865448 -11.937346 -5.882101 9.861277 0.702591 -10.936860 -0.360574 7.156196 0.000002 8.774813 0.000000 -16.377705 17.936998 6.074946 -1.844031 2.498502 -2.507275 -10.163590 4.678940 4.621103 -20.975994 -0.000004 0.000002 -21.226255 2.451692 -3.593993 0.000000 -0.000006 0.000001 -1.362680 2.240796 -0.746323 -21.334887 0.584908 3.008319 -13.821198 -0.000003 0.000001 -23.887129 -0.249079 -0.839482 -61.284096 2.305626 -1.571479 -0.294025 1.679687 0.833255 -14.218192 0.093215 1.300579 -34.212013 -0.287565 0.967169 -20.033180 0.964535 1.212841 -0.000000 0.000000 -0.000000 -3.440384 0.788233 0.501655 -15.928169 -3.167306 2.999703 -6.338818 -0.000001 0.000001 -18.123413 3.648175 -4.905662 -0.000005 0.000000 -0.000002 -22.250731 25.189083 1.971416 91.965591 44.208351 5.230318 179.683838 36.931129 -179.702911 -8.471175 11.311875 -11.623240 2.243541 -5.255031 -3.180158 14.282879 -0.826594 6.952495 -0.000002 -12.690588 0.000000 16.261824 -18.326372 3.173202 1.665665 -1.955920 -2.878299 4.727795 -4.170583 4.993920 11.020513 0.000004 0.000001 12.109034 -3.735707 -2.866779 0.000002 -0.000000 0.000001 1.291984 -1.928547 -1.498089 14.800117 0.567467 3.865603 14.242556 -1.341733 -6.660647 19.631941 0.143924 -0.648245 51.031677 -1.020660 -5.846133 0.353029 -1.511149 -0.031941 20.222771 3.684305 2.316627 18.787245 0.000004 -0.000000 10.751610 -0.479868 1.397903 -0.000001 -0.000000 -0.000002 3.273804 0.305947 -0.580109 21.486795 11.830360 2.266130 8.162919 0.000003 -0.000002 18.399054 -3.798979 -4.940566 0.000002 -0.000001 -0.000003 14.752157 16.941572 -22.675316 -0.334886 -0.772781 26.796152 -16.827209 -15.374323 5.149454 1.661858 -1.906815 -1.673262 -0.000000 0.000000 0.000002 -13.771363 -18.040636 1.337549 0.076983 0.709770 25.032589 15.299006 7.863834 -16.352655 -1.462420 0.950750 -2.745089 0.000000 0.000000 -0.000001 
1.566200 95.355125 0.909894 0.090767 6.327944 0.802582 0.747648 0.616871 2.671900 -0.451049 0.479768 -4.336825 0.586264 -1.752743 15.073682 -6.149767 7.319913 24.422205 0.410008 5.521649 -3.812979 -3.960475 5.977416 -3.419071 0.000077 -0.000022 0.000005 0.000677 0.021276 -0.101480 0.684855 -3.689105 -10.678288 -0.693365 3.724148 -10.675123 20.898443 -18.506218 3.064803 -83.069756 -39.853603 -19.657883 178.280991 -36.793884 -179.451889 -2.926060 -11.817173 -12.076526 -5.882102 9.861279 0.702591 -10.936858 -0.360574 7.156196 0.000000 8.774814 -0.000001 -16.378897 17.978352 6.106535 -1.844031 2.498502 -2.507275 -10.163589 4.678941 4.621105 -20.975996 -0.000002 0.000003 -21.226255 2.451694 -3.593994 0.000000 -0.000006 0.000001 -1.362680 2.240796 -0.746323 -21.334894 0.584910 3.008320 -13.821197 -0.000002 0.000002 -23.887135 -0.249076 -0.839482 -61.302650 2.337671 -1.554517 -0.294025 1.679686 0.833255 -14.218195 0.093216 1.300580 -34.211998 -0.287563 0.967170 -20.033180 0.964535 1.212841 -0.000000 0.000000 -0.000000 -3.440384 0.788232 0.501655 -15.928169 -3.167305 2.999704 -6.338818 -0.000000 0.000001 -18.123415 3.648177 -4.905661 -0.000005 -0.000000 -0.000002 -22.140451 25.178455 2.098007 92.227707 44.176170 5.333684 179.509735 36.937229 -179.814972 -8.613739 11.370761 -11.745456 2.243541 -5.255032 -3.180157 14.282877 -0.826595 6.952495 0.000000 -12.690587 0.000001 16.288960 -18.312147 3.170929 1.665665 -1.955920 -2.878298 4.727794 -4.170583 4.993918 11.020511 0.000002 -0.000001 12.109032 -3.735710 -2.866779 0.000003 -0.000000 -0.000000 1.291984 -1.928547 -1.498088 14.800114 0.567466 3.865602 14.242554 -1.341735 -6.660650 19.631939 0.143924 -0.648245 51.212662 -0.991419 -5.824292 0.353028 -1.511149 -0.031939 20.222771 3.684303 2.316626 18.787249 0.000002 -0.000001 10.751613 -0.479867 1.397903 0.000001 0.000001 -0.000002 3.273804 0.305946 -0.580109 21.486790 11.830359 2.266129 8.162916 0.000003 -0.000003 18.399054 -3.798980 -4.940568 0.000002 0.000001 -0.000001 14.729353 16.993263 -22.603243 -0.331546 -0.762240 26.870224 -16.797071 -15.391050 4.997014 1.660510 -1.908452 -1.636932 0.000000 0.000000 0.000002 -13.827486 -18.006165 1.476468 0.079439 0.692966 24.880682 15.342405 7.885752 -16.278488 -1.466067 0.966026 -2.744465 0.000000 0.000000 -0.000001 
1.663480 95.364754 0.938075 0.072281 6.253886 0.773358 0.753522 0.627723 2.625577 -0.439190 0.454408 -4.354352 0.624072 -1.756071 15.075105 -6.113531 7.323697 24.444647 0.413399 5.542164 -3.769455 -4.017438 6.022559 -3.365165 0.000077 -0.000021 0.000004 -0.005641 0.020504 -0.100332 0.676558 -3.675964 -10.652545 -0.690713 3.716096 -10.650285 20.876371 -18.501301 3.114063 -83.273491 -39.770233 -19.688150 178.370377 -36.697819 -179.472290 -3.051935 -11.830702 -12.251401 -5.882103 9.861279 0.702590 -10.936860 -0.360574 7.156199 0.000002 8.774813 -0.000001 -16.428368 17.995949 6.116039 -1.844032 2.498503 -2.507276 -10.163591 4.678941 4.621103 -20.976000 -0.000003 0.000003 -21.226257 2.451694 -3.593994 0.000000 -0.000006 -0.000000 -1.362681 2.240797 -0.746323 -21.334892 0.584908 3.008321 -13.821197 -0.000002 0.000002 -23.887133 -0.249078 -0.839481 -61.385258 2.344373 -1.536966 -0.294023 1.679686 0.833255 -14.218195 0.093214 1.300579 -34.212002 -0.287563 0.967170 -20.033180 0.964535 1.212843 -0.000000 0.000000 0.000000 -3.440386 0.788233 0.501655 -15.928173 -3.167306 2.999705 -6.338816 -0.000001 0.000001 -18.123415 3.648176 -4.905661 -0.000005 0.000000 -0.000002 -22.075941 25.159203 2.167519 92.412109 44.139854 5.467923 179.423981 36.951252 -179.872208 -8.690854 11.461982 -11.817442 2.243540 -5.255032 -3.180156 14.282878 -0.826593 6.952497 -0.000001 -12.690590 -0.000001 16.304817 -18.326538 3.192417 1.665665 -1.955920 -2.878296 4.727794 -4.170584 4.993918 11.020513 0.000003 0.000001 12.109033 -3.735712 -2.866777 0.000003 -0.000001 -0.000000 1.291984 -1.928548 -1.498087 14.800113 0.567467 3.865605 14.242553 -1.341734 -6.660648 19.631941 0.143924 -0.648244 51.372536 -1.014824 -5.793912 0.353029 -1.511149 -0.031941 20.222771 3.684305 2.316631 18.787249 0.000004 0.000001 10.751613 -0.479865 1.397903 -0.000000 0.000002 -0.000001 3.273804 0.305947 -0.580110 21.486794 11.830361 2.266130 8.162919 0.000004 -0.000002 18.399054 -3.798980 -4.940567 0.000003 0.000001 -0.000001 14.719583 17.024790 -22.549555 -0.344988 -0.762051 26.942694 -16.776447 -15.394045 4.869670 1.660050 -1.912961 -1.605135 0.000000 0.000000 0.000002 -13.904134 -17.997105 1.581633 0.092719 0.707848 24.714376 15.402113 7.901366 -16.159899 -1.467620 0.976046 -2.755161 0.000000 0.000000 -0.000001 
1.782714 95.406761 0.905874 0.051389 6.149121 0.757264 0.762519 0.607556 2.571769 -0.422437 0.467619 -4.367863 0.657946 -1.756364 15.040690 -6.091547 7.329395 24.449739 0.425482 5.554332 -3.764016 -4.034203 6.052834 -3.268393 0.000077 -0.000021 0.000005 -0.012377 0.025661 -0.105647 0.667841 -3.670984 -10.649897 -0.700783 3.733125 -10.639405 20.851919 -18.497618 3.130792 -83.470802 -39.660336 -19.657133 178.479797 -36.575100 -179.511398 -3.142052 -11.853160 -12.412232 -5.882100 9.861279 0.702588 -10.936857 -0.360577 7.156196 0.000002 8.774813 -0.000002 -16.508656 17.996893 6.079810 -1.844029 2.498503 -2.507275 -10.163589 4.678939 4.621105 -20.975992 -0.000005 0.000005 -21.226246 2.451693 -3.593992 0.000000 -0.000006 0.000001 -1.362680 2.240798 -0.746324 -21.334887 0.584906 3.008322 -13.821193 -0.000004 0.000004 -23.887129 -0.249079 -0.839479 -61.432911 2.348624 -1.546340 -0.294025 1.679687 0.833255 -14.218192 0.093212 1.300580 -34.211990 -0.287567 0.967174 -20.033175 0.964535 1.212844 -0.000000 0.000000 -0.000000 -3.440385 0.788232 0.501655 -15.928164 -3.167308 2.999705 -6.338814 -0.000002 0.000002 -18.123411 3.648176 -4.905660 -0.000006 -0.000000 -0.000003 -22.009253 25.136156 2.236884 92.587784 44.122200 5.625762 179.409195 36.951550 -179.887527 -8.654902 11.547445 -11.853659 2.243540 -5.255033 -3.180158 14.282875 -0.826591 6.952492 -0.000001 -12.690593 -0.000003 16.297564 -18.355474 3.219152 1.665665 -1.955920 -2.878296 4.727792 -4.170582 4.993917 11.020512 0.000004 -0.000000 12.109032 -3.735710 -2.866777 0.000003 -0.000001 0.000001 1.291985 -1.928548 -1.498087 14.800109 0.567470 3.865601 14.242551 -1.341733 -6.660648 19.631937 0.143929 -0.648243 51.462414 -1.022570 -5.776473 0.353028 -1.511149 -0.031938 20.222769 3.684311 2.316627 18.787247 0.000007 0.000002 10.751610 -0.479867 1.397905 -0.000002 0.000001 -0.000000 3.273804 0.305948 -0.580112 21.486792 11.830368 2.266132 8.162916 0.000004 -0.000002 18.399050 -3.798978 -4.940567 0.000001 -0.000001 -0.000001 14.670607 17.032076 -22.471636 -0.327455 -0.754538 26.875881 -16.741184 -15.340174 4.821075 1.658972 -1.913815 -1.592544 0.000000 0.000000 0.000002 -13.952397 -17.956282 1.681874 0.095034 0.728366 24.456560 15.465673 7.932704 -15.947543 -1.469667 0.976369 -2.778337 0.000000 0.000000 -0.000001 
1.899160 95.474014 0.929226 0.036296 6.021835 0.774418 0.764799 0.621933 2.524212 -0.399029 0.448126 -4.396822 0.680253 -1.750150 14.994983 -6.067422 7.345959 24.447029 0.439593 5.567256 -3.759162 -4.046369 6.072093 -3.200072 0.000077 -0.000022 0.000004 -0.009505 0.026529 -0.092204 0.673573 -3.667384 -10.638330 -0.702232 3.726021 -10.631873 20.833557 -18.482664 3.133327 -83.585266 -39.573830 -19.667812 178.566742 -36.500893 -179.557449 -3.201159 -11.928238 -12.565157 -5.882102 9.861277 0.702590 -10.936861 -0.360574 7.156197 0.000002 8.774813 -0.000000 -16.518639 17.993715 6.043978 -1.844032 2.498503 -2.507277 -10.163590 4.678940 4.621104 -20.975998 -0.000002 0.000002 -21.226257 2.451693 -3.593994 0.000000 -0.000006 0.000001 -1.362682 2.240797 -0.746324 -21.334894 0.584909 3.008318 -13.821198 -0.000002 0.000001 -23.887131 -0.249078 -0.839482 -61.422050 2.341232 -1.596168 -0.294026 1.679686 0.833255 -14.218192 0.093215 1.300579 -34.212009 -0.287563 0.967168 -20.033180 0.964535 1.212840 -0.000000 0.000001 -0.000000 -3.440386 0.788232 0.501656 -15.928169 -3.167305 2.999704 -6.338819 -0.000001 0.000000 -18.123415 3.648175 -4.905662 -0.000005 -0.000000 -0.000002 -21.971987 25.155718 2.285402 92.627991 44.151886 5.620240 179.378922 37.013432 -179.952133 -8.649505 11.616359 -11.874187 2.243540 -5.255032 -3.180157 14.282877 -0.826594 6.952495 -0.000001 -12.690587 -0.000003 16.294159 -18.337973 3.195372 1.665665 -1.955920 -2.878299 4.727794 -4.170583 4.993921 11.020512 0.000002 0.000000 12.109031 -3.735709 -2.866780 0.000003 -0.000000 -0.000000 1.291984 -1.928547 -1.498087 14.800114 0.567467 3.865605 14.242553 -1.341735 -6.660648 19.631939 0.143925 -0.648244 51.485939 -1.012677 -5.785152 0.353029 -1.511149 -0.031939 20.222767 3.684304 2.316629 18.787243 0.000003 0.000000 10.751611 -0.479868 1.397903 0.000000 0.000000 -0.000001 3.273804 0.305947 -0.580109 21.486788 11.830360 2.266132 8.162916 0.000003 -0.000001 18.399054 -3.798980 -4.940566 0.000002 0.000000 0.000000 14.637417 17.054901 -22.357828 -0.331662 -0.738613 26.770531 -16.691071 -15.255078 4.812795 1.659862 -1.912293 -1.578269 0.000000 0.000000 0.000002 -13.997109 -17.903439 1.791709 0.090494 0.735237 24.101387 15.514000 7.962893 -15.654552 -1.469463 0.976205 -2.801633 0.000000 0.000000 -0.000001 
2.024278 95.545731 0.917817 0.037315 5.857450 0.818246 0.761721 0.615822 2.457605 -0.384876 0.465049 -4.417026 0.706372 -1.748707 14.921357 -6.031511 7.325763 24.413822 0.457867 5.586843 -3.743927 -4.044991 6.117492 -3.100353 0.000077 -0.000023 0.000005 -0.012802 0.026411 -0.097515 0.673706 -3.666813 -10.636674 -0.710611 3.721476 -10.626621 20.792648 -18.498365 3.116482 -83.578621 -39.454323 -19.722132 178.604294 -36.432903 -179.595993 -3.302270 -11.988482 -12.674309 -5.882101 9.861278 0.702589 -10.936860 -0.360576 7.156197 0.000001 8.774813 -0.000002 -16.509827 17.966665 6.027793 -1.844030 2.498503 -2.507275 -10.163590 4.678940 4.621103 -20.976000 -0.000003 0.000004 -21.226255 2.451693 -3.593993 0.000001 -0.000006 0.000001 -1.362680 2.240796 -0.746322 -21.334892 0.584908 3.008323 -13.821193 -0.000003 0.000003 -23.887131 -0.249077 -0.839480 -61.366241 2.334281 -1.603731 -0.294025 1.679686 0.833255 -14.218194 0.093214 1.300580 -34.212002 -0.287563 0.967172 -20.033180 0.964536 1.212843 -0.000000 0.000000 0.000000 -3.440386 0.788232 0.501655 -15.928167 -3.167306 2.999704 -6.338819 -0.000001 0.000001 -18.123415 3.648178 -4.905661 -0.000005 -0.000000 -0.000002 -21.916203 25.131945 2.309455 92.660828 44.177425 5.635528 179.378326 37.064610 -179.983582 -8.633429 11.668389 -11.970534 2.243540 -5.255033 -3.180156 14.282875 -0.826593 6.952493 -0.000001 -12.690591 -0.000001 16.262592 -18.334362 3.186511 1.665665 -1.955920 -2.878299 4.727793 -4.170583 4.993918 11.020511 0.000004 0.000000 12.109030 -3.735709 -2.866781 0.000002 0.000000 0.000000 1.291984 -1.928548 -1.498091 14.800111 0.567469 3.865601 14.242554 -1.341735 -6.660646 19.631937 0.143928 -0.648243 51.483074 -1.014247 -5.797190 0.353029 -1.511149 -0.031940 20.222769 3.684308 2.316626 18.787245 0.000006 -0.000002 10.751610 -0.479867 1.397904 -0.000002 0.000001 -0.000001 3.273804 0.305947 -0.580110 21.486792 11.830367 2.266131 8.162916 0.000004 0.000000 18.399050 -3.798980 -4.940566 0.000002 0.000001 -0.000002 14.558790 17.079487 -22.245874 -0.319915 -0.735795 26.589565 -16.621193 -15.128296 4.793037 1.658258 -1.907327 -1.574508 -0.000000 0.000000 0.000002 -14.044067 -17.822775 1.880059 0.091920 0.755411 23.694172 15.549015 7.947459 -15.386713 -1.470595 0.975502 -2.830701 0.000000 0.000000 -0.000001 
2.158584 95.651047 0.941452 0.042822 5.702099 0.885968 0.762657 0.631930 2.381097 -0.370553 0.468190 -4.436996 0.722335 -1.749259 14.824069 -5.987042 7.313550 24.390259 0.480259 5.598874 -3.745563 -4.041048 6.136178 -2.984399 0.000077 -0.000022 0.000006 -0.012349 0.026459 -0.085636 0.677280 -3.661095 -10.624578 -0.707355 3.720379 -10.624091 20.772654 -18.500504 3.069520 -83.533569 -39.344730 -19.791759 178.637802 -36.429180 -179.618866 -3.418661 -12.047623 -12.792977 -5.882102 9.861278 0.702591 -10.936858 -0.360575 7.156199 0.000001 8.774812 -0.000001 -16.522707 17.943537 6.012428 -1.844031 2.498503 -2.507275 -10.163589 4.678940 4.621105 -20.975994 -0.000002 0.000003 -21.226250 2.451693 -3.593992 0.000000 -0.000006 0.000001 -1.362679 2.240796 -0.746323 -21.334887 0.584908 3.008322 -13.821197 -0.000002 0.000003 -23.887133 -0.249078 -0.839480 -61.373291 2.334374 -1.606659 -0.294025 1.679686 0.833255 -14.218190 0.093214 1.300580 -34.211998 -0.287561 0.967171 -20.033178 0.964536 1.212842 -0.000000 0.000001 -0.000000 -3.440385 0.788233 0.501655 -15.928169 -3.167306 2.999704 -6.338817 -0.000001 0.000002 -18.123413 3.648177 -4.905660 -0.000005 -0.000000 -0.000002 -21.873194 25.102530 2.334016 92.695320 44.213326 5.563696 179.352371 37.142834 -179.998337 -8.685188 11.710391 -12.171413 2.243539 -5.255033 -3.180155 14.282875 -0.826591 6.952495 -0.000002 -12.690591 -0.000002 16.244158 -18.371712 3.225168 1.665664 -1.955920 -2.878295 4.727794 -4.170583 4.993919 11.020511 0.000005 -0.000000 12.109031 -3.735709 -2.866779 0.000000 -0.000000 0.000000 1.291984 -1.928548 -1.498088 14.800113 0.567469 3.865601 14.242553 -1.341734 -6.660651 19.631941 0.143925 -0.648241 51.467674 -1.023452 -5.800800 0.353029 -1.511150 -0.031940 20.222773 3.684307 2.316629 18.787245 0.000004 0.000001 10.751612 -0.479868 1.397903 -0.000001 0.000001 -0.000001 3.273804 0.305947 -0.580111 21.486792 11.830368 2.266133 8.162916 0.000004 -0.000001 18.399050 -3.798977 -4.940569 0.000002 0.000001 0.000000 14.473905 17.095966 -22.109320 -0.323042 -0.736814 26.355412 -16.551441 -14.948901 4.855509 1.658271 -1.903605 -1.548805 -0.000000 -0.000000 0.000002 -14.084647 -17.750616 2.013632 0.087547 0.766836 23.153650 15.577798 7.919498 -15.007598 -1.470597 0.972339 -2.871161 0.000000 0.000000 -0.000001 
2.250516 95.742958 0.941800 0.058020 5.537584 0.947110 0.764646 0.641604 2.315720 -0.363300 0.462655 -4.466043 0.733523 -1.737787 14.737609 -5.936811 7.273492 24.372055 0.506422 5.644261 -3.742408 -4.028376 6.150247 -2.836873 0.000077 -0.000022 0.000005 -0.005655 0.026481 -0.086028 0.683319 -3.664679 -10.636806 -0.706059 3.722860 -10.631826 20.771240 -18.525764 3.004061 -83.455734 -39.227459 -19.918842 178.630386 -36.434631 -179.616257 -3.585517 -12.123016 -12.941207 -5.882100 9.861278 0.702589 -10.936857 -0.360575 7.156198 0.000002 8.774813 -0.000000 -16.453754 17.917988 6.048644 -1.844030 2.498502 -2.507275 -10.163589 4.678940 4.621105 -20.975992 -0.000004 0.000002 -21.226250 2.451692 -3.593993 0.000001 -0.000006 0.000001 -1.362680 2.240797 -0.746324 -21.334887 0.584907 3.008320 -13.821192 -0.000003 0.000002 -23.887119 -0.249079 -0.839480 -61.335968 2.324789 -1.577368 -0.294024 1.679686 0.833255 -14.218190 0.093214 1.300580 -34.211998 -0.287565 0.967170 -20.033176 0.964535 1.212842 -0.000000 0.000000 -0.000000 -3.440385 0.788233 0.501656 -15.928165 -3.167306 2.999705 -6.338815 -0.000001 0.000002 -18.123411 3.648175 -4.905661 -0.000004 -0.000000 -0.000002 -21.840635 25.064514 2.322724 92.788322 44.229942 5.581869 179.356384 37.194843 -179.980972 -8.783340 11.759066 -12.283705 2.243539 -5.255032 -3.180157 14.282875 -0.826591 6.952498 -0.000003 -12.690590 -0.000003 16.280851 -18.396942 3.195575 1.665664 -1.955920 -2.878297 4.727792 -4.170582 4.993918 11.020511 0.000004 -0.000000 12.109030 -3.735709 -2.866776 0.000000 -0.000001 -0.000000 1.291984 -1.928548 -1.498089 14.800111 0.567469 3.865602 14.242551 -1.341734 -6.660647 19.631939 0.143927 -0.648240 51.452858 -1.007321 -5.849596 0.353028 -1.511150 -0.031938 20.222769 3.684309 2.316628 18.787245 0.000006 0.000002 10.751610 -0.479867 1.397904 0.000000 0.000000 -0.000001 3.273804 0.305947 -0.580110 21.486792 11.830367 2.266133 8.162916 0.000003 -0.000001 18.399050 -3.798980 -4.940565 0.000001 0.000001 0.000000 14.399420 17.099400 -21.961987 -0.312594 -0.740699 26.080738 -16.525484 -14.756192 4.935391 1.655104 -1.896611 -1.522952 0.000000 -0.000000 0.000002 -14.137758 -17.678038 2.100312 0.087654 0.770747 22.708618 15.585975 7.931523 -14.670155 -1.470691 0.973845 -2.941074 0.000000 0.000000 -0.000001 
2.366699 95.819649 0.968864 0.072605 5.410186 1.012337 0.768772 0.643133 2.251904 -0.355357 0.466025 -4.476719 0.743057 -1.714794 14.630920 -5.873272 7.208599 24.376286 0.535783 5.697664 -3.740844 -4.026107 6.168893 -2.645002 0.000077 -0.000022 0.000007 0.000439 0.015118 -0.085844 0.692895 -3.679655 -10.643169 -0.698388 3.707840 -10.641057 20.769594 -18.539524 2.944095 -83.390610 -39.134930 -19.979612 178.638062 -36.452644 -179.587769 -3.675129 -12.191363 -13.081968 -5.882102 9.861278 0.702590 -10.936860 -0.360577 7.156197 0.000001 8.774814 -0.000002 -16.456673 17.870502 6.070713 -1.844030 2.498502 -2.507275 -10.163591 4.678939 4.621103 -20.975998 -0.000004 0.000003 -21.226255 2.451693 -3.593993 0.000001 -0.000006 -0.000000 -1.362681 2.240796 -0.746323 -21.334892 0.584908 3.008320 -13.821197 -0.000003 0.000002 -23.887133 -0.249078 -0.839481 -61.332249 2.312518 -1.550195 -0.294024 1.679686 0.833255 -14.218192 0.093214 1.300580 -34.212006 -0.287565 0.967171 -20.033178 0.964535 1.212843 -0.000000 0.000000 -0.000000 -3.440385 0.788232 0.501655 -15.928173 -3.167306 2.999704 -6.338817 -0.000001 0.000001 -18.123415 3.648175 -4.905661 -0.000004 -0.000000 -0.000003 -21.820534 24.991005 2.283458 92.876686 44.176010 5.565369 179.359802 37.228737 -179.954361 -8.889773 11.818159 -12.360210 2.243539 -5.255033 -3.180155 14.282873 -0.826591 6.952492 -0.000002 -12.690592 0.000000 16.283047 -18.445137 3.189569 1.665664 -1.955920 -2.878294 4.727792 -4.170583 4.993918 11.020511 0.000005 0.000000 12.109028 -3.735708 -2.866778 0.000001 -0.000001 0.000001 1.291984 -1.928548 -1.498086 14.800113 0.567470 3.865602 14.242551 -1.341734 -6.660650 19.631933 0.143928 -0.648243 51.414997 -0.994990 -5.886137 0.353029 -1.511149 -0.031941 20.222767 3.684309 2.316628 18.787243 0.000006 0.000001 10.751607 -0.479868 1.397905 -0.000002 0.000001 -0.000000 3.273804 0.305947 -0.580110 21.486788 11.830367 2.266132 8.162914 0.000004 -0.000002 18.399048 -3.798978 -4.940567 0.000003 0.000000 -0.000001 14.316437 17.088163 -21.827053 -0.310360 -0.727353 25.836462 -16.503506 -14.592417 4.920984 1.653386 -1.893541 -1.502871 0.000000 0.000000 0.000002 -14.289674 -17.615807 2.255169 0.089506 0.796072 22.224733 15.716980 7.923460 -14.238553 -1.469086 0.970124 -3.025445 0.000000 0.000000 -0.000001 
2.444486 95.873383 0.956389 0.088506 5.312093 1.058132 0.763591 0.645858 2.208714 -0.352070 0.473556 -4.486624 0.755044 -1.707854 14.542542 -5.790401 7.156019 24.366844 0.564304 5.729066 -3.743416 -4.006655 6.164470 -2.394912 0.000077 -0.000022 0.000007 0.006766 -0.002265 -0.099982 0.700095 -3.700507 -10.667413 -0.700723 3.698145 -10.660354 20.746401 -18.551809 2.929962 -83.336617 -39.064384 -19.955196 178.635406 -36.472942 -179.563080 -3.719075 -12.244179 -13.133839 -5.882098 9.861276 0.702590 -10.936857 -0.360575 7.156197 0.000000 8.774813 0.000000 -16.422863 17.861710 6.105421 -1.844031 2.498503 -2.507275 -10.163589 4.678939 4.621105 -20.975996 -0.000005 0.000001 -21.226254 2.451692 -3.593994 0.000001 -0.000006 -0.000000 -1.362680 2.240796 -0.746324 -21.334892 0.584908 3.008320 -13.821195 -0.000003 0.000002 -23.887131 -0.249080 -0.839482 -61.343067 2.302794 -1.537023 -0.294025 1.679686 0.833255 -14.218192 0.093215 1.300580 -34.211998 -0.287565 0.967168 -20.033178 0.964534 1.212840 -0.000000 0.000001 0.000000 -3.440385 0.788233 0.501654 -15.928165 -3.167306 2.999702 -6.338817 -0.000001 0.000001 -18.123413 3.648175 -4.905663 -0.000004 -0.000000 -0.000001 -21.833046 24.950895 2.255067 92.957832 44.119186 5.461139 179.339523 37.240925 -179.928436 -9.016702 11.872066 -12.385158 2.243539 -5.255033 -3.180157 14.282875 -0.826592 6.952495 -0.000003 -12.690592 0.000001 16.301046 -18.471531 3.195190 1.665665 -1.955920 -2.878299 4.727793 -4.170583 4.993918 11.020513 0.000005 -0.000001 12.109031 -3.735708 -2.866779 0.000001 -0.000000 -0.000001 1.291984 -1.928547 -1.498088 14.800113 0.567469 3.865602 14.242551 -1.341733 -6.660649 19.631939 0.143927 -0.648244 51.392593 -0.997944 -5.895195 0.353028 -1.511150 -0.031938 20.222769 3.684308 2.316628 18.787245 0.000007 0.000000 10.751611 -0.479867 1.397904 0.000001 0.000001 0.000001 3.273804 0.305947 -0.580112 21.486790 11.830366 2.266130 8.162916 0.000003 -0.000001 18.399054 -3.798978 -4.940568 0.000001 0.000001 -0.000001 14.244712 17.081797 -21.732241 -0.303741 -0.718082 25.625502 -16.497168 -14.462428 4.932725 1.650856 -1.897709 -1.523380 0.000000 -0.000000 0.000002 -14.341569 -17.602089 2.304035 0.081825 0.803979 21.928516 15.788019 7.970145 -14.019695 -1.467687 0.967379 -3.065907 0.000000 0.000000 -0.000001 
2.455665 95.907372 0.937481 0.099427 5.259495 1.101960 0.761230 0.651421 2.172038 -0.351308 0.482762 -4.501670 0.767431 -1.685434 14.477601 -5.687740 7.095699 24.376562 0.568070 5.727861 -3.730453 -3.994915 6.141624 -2.190535 0.000076 -0.000021 0.000007 0.010021 -0.002370 -0.093824 0.706078 -3.701282 -10.674826 -0.697933 3.700158 -10.666262 20.721880 -18.551075 2.926769 -83.324173 -39.024197 -19.866108 178.605469 -36.506207 -179.535995 -3.733173 -12.262124 -13.139448 -5.882102 9.861278 0.702590 -10.936862 -0.360575 7.156198 0.000001 8.774812 -0.000001 -16.409286 17.833565 6.115330 -1.844031 2.498502 -2.507276 -10.163589 4.678939 4.621104 -20.975996 -0.000003 0.000004 -21.226254 2.451693 -3.593993 -0.000000 -0.000006 -0.000001 -1.362681 2.240796 -0.746322 -21.334892 0.584909 3.008322 -13.821198 -0.000002 0.000002 -23.887131 -0.249078 -0.839481 -61.338402 2.291146 -1.522449 -0.294025 1.679686 0.833255 -14.218192 0.093214 1.300579 -34.212002 -0.287563 0.967170 -20.033180 0.964536 1.212842 -0.000000 -0.000000 -0.000000 -3.440386 0.788232 0.501654 -15.928167 -3.167306 2.999705 -6.338819 -0.000001 0.000001 -18.123415 3.648175 -4.905662 -0.000004 0.000000 -0.000002 -21.811705 24.877640 2.279019 92.949638 44.032555 5.294732 179.241135 37.210468 -179.938187 -9.124393 11.910134 -12.350974 2.243540 -5.255032 -3.180156 14.282875 -0.826593 6.952497 -0.000002 -12.690586 -0.000001 16.330072 -18.480665 3.200493 1.665664 -1.955919 -2.878296 4.727794 -4.170583 4.993919 11.020507 0.000003 0.000001 12.109031 -3.735711 -2.866780 0.000000 0.000000 -0.000001 1.291984 -1.928548 -1.498089 14.800113 0.567467 3.865607 14.242553 -1.341736 -6.660646 19.631939 0.143926 -0.648242 51.347042 -0.983703 -5.875862 0.353028 -1.511149 -0.031940 20.222769 3.684306 2.316629 18.787245 0.000005 0.000001 10.751608 -0.479870 1.397903 0.000001 0.000001 0.000000 3.273803 0.305947 -0.580108 21.486792 11.830363 2.266129 8.162916 0.000002 -0.000002 18.399054 -3.798978 -4.940569 0.000001 0.000001 -0.000001 14.262732 17.110426 -21.612343 -0.306764 -0.724957 25.398693 -16.571367 -14.375011 5.005586 1.649059 -1.902026 -1.538422 0.000000 -0.000000 0.000002 -14.288836 -17.596769 2.258590 0.081303 0.811291 21.781496 15.770378 7.966592 -14.010588 -1.465758 0.957939 -3.076246 0.000000 0.000000 -0.000001 
2.516493 95.929375 0.961555 0.103388 5.264669 1.140696 0.756102 0.615285 2.144814 -0.350939 0.514081 -4.498639 0.789490 -1.682345 14.412402 -5.612077 7.043369 24.373137 0.563276 5.694141 -3.757981 -3.969264 6.138283 -2.004688 0.000077 -0.000021 0.000006 0.012729 -0.019058 -0.098622 0.713220 -3.711796 -10.681597 -0.691331 3.681071 -10.676737 20.728363 -18.548536 2.887576 -83.381966 -38.948605 -19.768280 178.612686 -36.500149 -179.511292 -3.742320 -12.255709 -13.215994 -5.882100 9.861278 0.702590 -10.936858 -0.360576 7.156197 0.000002 8.774813 -0.000002 -16.391834 17.853018 6.127227 -1.844030 2.498502 -2.507275 -10.163589 4.678939 4.621104 -20.975996 -0.000005 0.000002 -21.226254 2.451692 -3.593993 -0.000000 -0.000006 0.000001 -1.362680 2.240796 -0.746324 -21.334892 0.584908 3.008321 -13.821197 -0.000003 0.000002 -23.887129 -0.249079 -0.839480 -61.325478 2.297983 -1.496283 -0.294024 1.679686 0.833255 -14.218192 0.093214 1.300579 -34.212006 -0.287564 0.967171 -20.033178 0.964535 1.212842 -0.000000 0.000000 0.000000 -3.440385 0.788232 0.501655 -15.928165 -3.167306 2.999704 -6.338816 -0.000001 0.000001 -18.123415 3.648176 -4.905662 -0.000005 0.000000 -0.000003 -21.813951 24.798906 2.306587 93.020584 43.940430 5.138305 179.125595 37.164783 -179.926361 -9.188579 11.936016 -12.369986 2.243540 -5.255033 -3.180155 14.282878 -0.826593 6.952494 -0.000001 -12.690591 -0.000001 16.340649 -18.495941 3.184283 1.665665 -1.955920 -2.878297 4.727795 -4.170583 4.993920 11.020513 0.000002 0.000000 12.109034 -3.735709 -2.866778 0.000000 -0.000001 -0.000000 1.291985 -1.928548 -1.498089 14.800113 0.567469 3.865602 14.242556 -1.341733 -6.660650 19.631939 0.143927 -0.648243 51.330353 -0.996166 -5.889399 0.353029 -1.511149 -0.031939 20.222771 3.684307 2.316627 18.787247 0.000005 -0.000000 10.751613 -0.479866 1.397904 -0.000000 0.000001 -0.000001 3.273805 0.305947 -0.580110 21.486792 11.830363 2.266133 8.162916 0.000003 -0.000003 18.399055 -3.798978 -4.940570 0.000002 0.000000 -0.000002 14.203802 17.116510 -21.642416 -0.309931 -0.727207 25.365026 -16.548115 -14.347498 5.014223 1.648624 -1.906170 -1.589392 0.000000 0.000000 0.000002 -14.315013 -17.608480 2.317983 0.088926 0.820789 21.544779 15.858476 7.903386 -13.934021 -1.463988 0.949934 -3.062730 0.000000 0.000000 -0.000001 
2.497684 95.923622 0.969350 0.098643 5.283930 1.162396 0.756909 0.632938 2.143892 -0.352936 0.505031 -4.501551 0.805795 -1.677410 14.365115 -5.549858 7.002407 24.352169 0.571259 5.656756 -3.729491 -3.952681 6.081752 -1.865029 0.000076 -0.000021 0.000005 0.016468 -0.007310 -0.095923 0.713912 -3.711717 -10.684244 -0.689400 3.676270 -10.682495 20.724190 -18.563011 2.871449 -83.399757 -38.830318 -19.688126 178.597992 -36.472656 -179.489258 -3.726879 -12.239453 -13.261700 -5.882103 9.861278 0.702591 -10.936860 -0.360573 7.156197 0.000000 8.774812 -0.000000 -16.397913 17.848946 6.136009 -1.844031 2.498502 -2.507276 -10.163590 4.678941 4.621105 -20.976002 -0.000001 0.000002 -21.226259 2.451695 -3.593993 -0.000000 -0.000006 0.000000 -1.362681 2.240796 -0.746322 -21.334892 0.584910 3.008320 -13.821199 -0.000001 0.000002 -23.887135 -0.249076 -0.839482 -61.374302 2.289933 -1.487771 -0.294024 1.679686 0.833255 -14.218197 0.093216 1.300579 -34.212013 -0.287560 0.967168 -20.033180 0.964536 1.212840 -0.000000 0.000000 -0.000000 -3.440385 0.788233 0.501655 -15.928171 -3.167304 2.999704 -6.338820 -0.000000 0.000001 -18.123415 3.648177 -4.905662 -0.000004 -0.000000 -0.000003 -21.808994 24.726299 2.304974 93.021446 43.808910 5.024253 179.058456 37.109184 -179.949463 -9.285645 11.973613 -12.367446 2.243541 -5.255033 -3.180155 14.282877 -0.826596 6.952494 0.000000 -12.690588 -0.000000 16.359350 -18.516771 3.217774 1.665665 -1.955921 -2.878295 4.727794 -4.170584 4.993918 11.020511 0.000002 -0.000002 12.109034 -3.735710 -2.866783 0.000001 0.000000 -0.000001 1.291985 -1.928548 -1.498088 14.800109 0.567466 3.865603 14.242554 -1.341735 -6.660651 19.631941 0.143926 -0.648246 51.376522 -0.999485 -5.870339 0.353029 -1.511150 -0.031939 20.222767 3.684304 2.316627 18.787245 0.000004 -0.000002 10.751608 -0.479870 1.397903 0.000000 0.000001 0.000000 3.273804 0.305947 -0.580111 21.486788 11.830360 2.266126 8.162915 0.000000 -0.000004 18.399054 -3.798980 -4.940571 0.000003 -0.000001 -0.000002 14.159865 17.141001 -21.675240 -0.310974 -0.731802 25.330637 -16.536863 -14.327188 4.949769 1.648937 -1.917091 -1.614167 -0.000000 0.000000 0.000002 -14.324296 -17.611837 2.312517 0.094248 0.795599 21.504898 15.920861 7.910419 -13.939990 -1.462281 0.957406 -3.052221 0.000000 0.000000 -0.000001 
2.513105 95.915100 0.964884 0.080662 5.368036 1.179149 0.760412 0.645246 2.143723 -0.351250 0.480124 -4.510676 0.819229 -1.680926 14.341925 -5.499307 6.957417 24.386541 0.552237 5.612428 -3.736038 -3.930262 6.054808 -1.819564 0.000076 -0.000021 0.000007 0.013651 -0.013670 -0.099887 0.716184 -3.718469 -10.670527 -0.691637 3.683511 -10.668628 20.754263 -18.559332 2.873028 -83.469215 -38.749916 -19.580114 178.572861 -36.429863 -179.474289 -3.757514 -12.199008 -13.162141 -5.882102 9.861279 0.702589 -10.936863 -0.360575 7.156197 0.000003 8.774815 -0.000001 -16.410624 17.860487 6.134587 -1.844031 2.498503 -2.507275 -10.163589 4.678940 4.621104 -20.975994 -0.000005 0.000003 -21.226255 2.451692 -3.593993 -0.000000 -0.000006 0.000000 -1.362680 2.240797 -0.746323 -21.334896 0.584908 3.008320 -13.821197 -0.000004 0.000003 -23.887131 -0.249079 -0.839481 -61.384205 2.296039 -1.475693 -0.294023 1.679686 0.833255 -14.218192 0.093213 1.300579 -34.212002 -0.287566 0.967170 -20.033180 0.964534 1.212842 -0.000000 0.000001 -0.000000 -3.440385 0.788233 0.501654 -15.928167 -3.167308 2.999703 -6.338817 -0.000001 0.000001 -18.123413 3.648176 -4.905662 -0.000006 -0.000000 -0.000003 -21.791594 24.677210 2.324623 93.061172 43.678677 4.976543 179.020523 37.048882 -179.942368 -9.347341 12.001692 -12.390579 2.243540 -5.255033 -3.180154 14.282877 -0.826595 6.952497 -0.000001 -12.690590 -0.000001 16.377453 -18.501390 3.234070 1.665665 -1.955920 -2.878298 4.727795 -4.170583 4.993920 11.020511 0.000002 -0.000001 12.109033 -3.735710 -2.866779 0.000001 0.000000 0.000000 1.291984 -1.928547 -1.498090 14.800113 0.567467 3.865603 14.242553 -1.341735 -6.660648 19.631939 0.143925 -0.648245 51.440926 -1.004985 -5.867032 0.353028 -1.511149 -0.031939 20.222773 3.684306 2.316627 18.787247 0.000005 0.000002 10.751610 -0.479866 1.397904 0.000001 0.000003 0.000001 3.273804 0.305947 -0.580113 21.486790 11.830360 2.266132 8.162916 0.000001 -0.000003 18.399054 -3.798981 -4.940569 0.000002 0.000000 -0.000002 14.147290 17.169525 -21.792175 -0.323498 -0.736772 25.441191 -16.521904 -14.352477 4.972961 1.649630 -1.926249 -1.656599 -0.000000 0.000000 0.000002 -14.307411 -17.654671 2.317748 0.092914 0.781449 21.486685 15.960452 7.898726 -13.960021 -1.464434 0.961899 -3.046852 0.000000 0.000000 -0.000001 
2.546482 95.883293 0.938871 0.053653 5.466885 1.193405 0.764356 0.638956 2.141966 -0.357388 0.483939 -4.514814 0.836623 -1.709898 14.335349 -5.453750 6.909398 24.400682 0.533881 5.576009 -3.723828 -3.936933 6.033607 -1.826637 0.000076 -0.000022 0.000006 0.017571 -0.012635 -0.093774 0.719631 -3.717630 -10.663742 -0.689592 3.683759 -10.668167 20.782137 -18.534090 2.852896 -83.555336 -38.683590 -19.486082 178.542221 -36.391258 -179.433746 -3.758461 -12.126390 -13.007153 -5.882101 9.861279 0.702591 -10.936859 -0.360575 7.156196 0.000002 8.774815 -0.000001 -16.434557 17.880455 6.126281 -1.844031 2.498503 -2.507276 -10.163590 4.678940 4.621103 -20.975998 -0.000004 0.000003 -21.226255 2.451692 -3.593993 -0.000000 -0.000006 0.000000 -1.362680 2.240797 -0.746323 -21.334896 0.584908 3.008320 -13.821198 -0.000003 0.000002 -23.887135 -0.249079 -0.839481 -61.406750 2.322248 -1.482558 -0.294026 1.679687 0.833256 -14.218192 0.093214 1.300578 -34.212002 -0.287565 0.967169 -20.033182 0.964535 1.212841 -0.000000 0.000001 -0.000000 -3.440386 0.788233 0.501656 -15.928169 -3.167307 2.999705 -6.338815 -0.000001 0.000001 -18.123415 3.648175 -4.905663 -0.000006 0.000000 -0.000003 -21.763395 24.643089 2.333908 93.064880 43.547825 4.992846 179.044418 36.992554 -179.943024 -9.345642 12.033027 -12.389605 2.243541 -5.255033 -3.180156 14.282878 -0.826594 6.952495 -0.000001 -12.690587 -0.000001 16.414345 -18.471540 3.212182 1.665665 -1.955920 -2.878295 4.727795 -4.170583 4.993918 11.020513 0.000002 -0.000001 12.109035 -3.735712 -2.866780 0.000000 0.000000 -0.000001 1.291984 -1.928548 -1.498085 14.800117 0.567467 3.865602 14.242556 -1.341735 -6.660648 19.631945 0.143925 -0.648242 51.493359 -1.013939 -5.846909 0.353029 -1.511149 -0.031941 20.222773 3.684305 2.316628 18.787249 0.000005 -0.000002 10.751613 -0.479866 1.397904 -0.000001 0.000003 -0.000000 3.273805 0.305947 -0.580111 21.486794 11.830362 2.266129 8.162916 0.000002 -0.000002 18.399057 -3.798979 -4.940570 0.000003 -0.000001 -0.000002 14.143217 17.193277 -21.964802 -0.328140 -0.742443 25.635044 -16.520636 -14.419198 4.952534 1.650090 -1.918966 -1.687026 -0.000000 -0.000000 0.000002 -14.325083 -17.697210 2.395310 0.096394 0.779478 21.502159 16.022406 7.909942 -13.975476 -1.466027 0.957646 -3.049799 0.000000 -0.000000 -0.000001 
2.538606 95.829842 0.938398 0.023953 5.558801 1.188648 0.780121 0.648055 2.153649 -0.364706 0.465412 -4.495472 0.847457 -1.733158 14.307367 -5.432136 6.872777 24.390715 0.518646 5.540899 -3.729375 -3.935056 6.039850 -1.843054 0.000076 -0.000020 0.000006 0.013682 -0.014106 -0.088072 0.717385 -3.715335 -10.649111 -0.687234 3.680435 -10.642599 20.785706 -18.537773 2.865496 -83.616699 -38.574047 -19.426519 178.507919 -36.315529 -179.418671 -3.818686 -12.050134 -12.752358 -5.882099 9.861278 0.702589 -10.936858 -0.360575 7.156198 0.000002 8.774814 -0.000002 -16.472689 17.881096 6.104505 -1.844031 2.498503 -2.507277 -10.163589 4.678941 4.621104 -20.975994 -0.000003 0.000002 -21.226254 2.451692 -3.593994 -0.000000 -0.000006 -0.000001 -1.362680 2.240796 -0.746323 -21.334887 0.584908 3.008321 -13.821197 -0.000003 0.000002 -23.887131 -0.249078 -0.839481 -61.412640 2.329353 -1.478004 -0.294025 1.679687 0.833257 -14.218194 0.093214 1.300578 -34.212006 -0.287564 0.967169 -20.033180 0.964535 1.212842 -0.000000 0.000000 -0.000000 -3.440386 0.788232 0.501656 -15.928167 -3.167307 2.999706 -6.338817 -0.000001 0.000002 -18.123411 3.648175 -4.905662 -0.000005 -0.000000 -0.000002 -21.739761 24.626696 2.313174 93.067101 43.398247 4.999856 179.093567 36.897774 -179.946060 -9.330894 12.074130 -12.390261 2.243540 -5.255031 -3.180157 14.282877 -0.826595 6.952499 -0.000001 -12.690591 0.000000 16.451019 -18.462282 3.177750 1.665665 -1.955920 -2.878295 4.727795 -4.170584 4.993919 11.020513 0.000002 0.000000 12.109032 -3.735710 -2.866779 0.000001 -0.000001 -0.000000 1.291984 -1.928548 -1.498088 14.800114 0.567467 3.865605 14.242554 -1.341734 -6.660648 19.631939 0.143925 -0.648242 51.522030 -1.024122 -5.847848 0.353029 -1.511149 -0.031941 20.222771 3.684306 2.316628 18.787247 0.000006 0.000000 10.751610 -0.479867 1.397904 0.000000 0.000002 0.000000 3.273804 0.305947 -0.580111 21.486792 11.830362 2.266131 8.162917 0.000001 -0.000002 18.399054 -3.798977 -4.940566 0.000003 -0.000001 -0.000001 14.168262 17.212099 -22.112850 -0.333496 -0.735918 25.818226 -16.553213 -14.512221 4.879807 1.655403 -1.916607 -1.698119 -0.000000 -0.000000 0.000002 -14.287818 -17.743059 2.393499 0.091862 0.774897 21.577503 16.046892 7.944756 -14.173608 -1.472041 0.975232 -3.040308 0.000000 0.000000 -0.000001 
2.513876 95.766930 0.943613 -0.003134 5.650005 1.173747 0.791264 0.655003 2.172414 -0.374598 0.444851 -4.493293 0.855033 -1.748767 14.293505 -5.396811 6.841467 24.371407 0.492611 5.515725 -3.707188 -3.923508 6.002634 -1.879245 0.000076 -0.000021 0.000005 0.025637 -0.024711 -0.083963 0.723092 -3.716404 -10.636896 -0.684201 3.671581 -10.636656 20.778357 -18.533045 2.862883 -83.662498 -38.461590 -19.337461 178.466995 -36.269485 -179.401062 -3.848621 -11.976718 -12.483372 -5.882100 9.861279 0.702589 -10.936859 -0.360575 7.156198 0.000000 8.774816 -0.000001 -16.438856 17.895216 6.126255 -1.844030 2.498503 -2.507276 -10.163590 4.678940 4.621104 -20.975996 -0.000004 0.000002 -21.226254 2.451693 -3.593992 0.000000 -0.000006 -0.000000 -1.362681 2.240797 -0.746322 -21.334887 0.584908 3.008321 -13.821193 -0.000004 0.000003 -23.887129 -0.249079 -0.839479 -61.439434 2.347733 -1.486809 -0.294025 1.679686 0.833255 -14.218194 0.093214 1.300579 -34.212002 -0.287563 0.967171 -20.033176 0.964534 1.212842 -0.000000 0.000000 -0.000000 -3.440386 0.788233 0.501655 -15.928165 -3.167307 2.999705 -6.338815 -0.000001 0.000002 -18.123413 3.648178 -4.905662 -0.000005 -0.000000 -0.000002 -21.709196 24.602762 2.313569 93.019005 43.259212 5.034076 179.162018 36.847347 -179.935913 -9.302016 12.166949 -12.297115 2.243540 -5.255033 -3.180156 14.282877 -0.826592 6.952497 -0.000002 -12.690590 0.000000 16.503471 -18.439846 3.126575 1.665665 -1.955920 -2.878297 4.727793 -4.170583 4.993918 11.020510 0.000003 0.000000 12.109032 -3.735709 -2.866780 0.000000 -0.000000 -0.000001 1.291984 -1.928548 -1.498090 14.800111 0.567469 3.865604 14.242553 -1.341735 -6.660650 19.631941 0.143926 -0.648244 51.575172 -1.022402 -5.869238 0.353028 -1.511149 -0.031940 20.222769 3.684308 2.316631 18.787247 0.000006 0.000002 10.751610 -0.479865 1.397904 0.000000 0.000003 0.000000 3.273804 0.305947 -0.580108 21.486794 11.830365 2.266134 8.162915 0.000003 -0.000001 18.399057 -3.798979 -4.940567 0.000003 -0.000001 -0.000001 14.191838 17.213810 -22.253897 -0.338563 -0.745007 26.014130 -16.554737 -14.594683 4.751719 1.655787 -1.910697 -1.694040 -0.000000 0.000000 0.000002 -14.247423 -17.778351 2.392256 0.087555 0.757296 21.683430 16.038546 7.990772 -14.420712 -1.470773 0.972295 -2.963409 0.000000 0.000000 -0.000001 
2.465777 95.700363 0.938123 -0.028771 5.720903 1.157271 0.802512 0.652077 2.183402 -0.384217 0.452052 -4.466393 0.860031 -1.771376 14.264959 -5.366196 6.836842 24.320086 0.491261 5.456338 -3.703768 -3.911355 5.985440 -1.862973 0.000076 -0.000022 0.000006 0.026022 -0.024919 -0.095761 0.726049 -3.724350 -10.633287 -0.687156 3.666603 -10.627157 20.756081 -18.544491 2.864992 -83.727364 -38.348309 -19.256430 178.438660 -36.215885 -179.371567 -3.840691 -11.908587 -12.229848 -5.882102 9.861279 0.702590 -10.936860 -0.360574 7.156197 0.000002 8.774812 0.000000 -16.426193 17.888487 6.123244 -1.844031 2.498502 -2.507275 -10.163591 4.678941 4.621105 -20.975998 -0.000002 0.000003 -21.226255 2.451693 -3.593995 0.000001 -0.000006 -0.000000 -1.362682 2.240797 -0.746323 -21.334887 0.584910 3.008320 -13.821194 -0.000002 0.000002 -23.887129 -0.249077 -0.839483 -61.431389 2.346087 -1.498881 -0.294024 1.679686 0.833255 -14.218189 0.093215 1.300580 -34.212002 -0.287562 0.967169 -20.033176 0.964535 1.212840 -0.000000 0.000000 -0.000000 -3.440385 0.788232 0.501655 -15.928167 -3.167305 2.999703 -6.338815 -0.000000 0.000001 -18.123415 3.648177 -4.905662 -0.000005 -0.000000 -0.000003 -21.685167 24.559305 2.284309 93.004784 43.179356 5.087652 179.235886 36.819355 -179.883102 -9.277148 12.238075 -12.250979 2.243541 -5.255033 -3.180157 14.282877 -0.826594 6.952496 -0.000001 -12.690588 -0.000001 16.497112 -18.440987 3.117537 1.665665 -1.955920 -2.878297 4.727795 -4.170583 4.993920 11.020513 0.000003 -0.000001 12.109034 -3.735710 -2.866779 0.000000 0.000000 -0.000001 1.291985 -1.928548 -1.498087 14.800114 0.567468 3.865601 14.242553 -1.341734 -6.660649 19.631939 0.143926 -0.648244 51.577763 -1.022759 -5.853829 0.353029 -1.511149 -0.031940 20.222771 3.684304 2.316626 18.787245 0.000004 -0.000001 10.751610 -0.479868 1.397903 0.000000 0.000002 -0.000001 3.273804 0.305946 -0.580110 21.486788 11.830360 2.266128 8.162915 0.000003 -0.000002 18.399054 -3.798980 -4.940569 0.000002 -0.000001 -0.000002 14.232069 17.239962 -22.379240 -0.350432 -0.749245 26.206026 -16.575623 -14.676172 4.628499 1.660310 -1.916658 -1.703427 -0.000000 0.000000 0.000002 -14.189411 -17.790871 2.336325 0.093917 0.755546 21.874115 15.978975 8.023103 -14.706100 -1.473125 0.970408 -2.907395 0.000000 0.000000 -0.000001 
2.455644 95.653137 0.918608 -0.051978 5.777081 1.134175 0.815740 0.634802 2.197955 -0.392668 0.442332 -4.459733 0.863772 -1.779601 14.264666 -5.355777 6.826577 24.300941 0.490863 5.427703 -3.713919 -3.919281 5.949943 -1.900026 0.000076 -0.000020 0.000006 0.024976 -0.031593 -0.082533 0.731480 -3.725405 -10.619037 -0.688768 3.667985 -10.607645 20.724319 -18.547949 2.898562 -83.770432 -38.268589 -19.219637 178.434998 -36.205032 -179.388885 -3.804262 -11.839180 -12.066280 -5.882100 9.861279 0.702590 -10.936858 -0.360576 7.156199 0.000000 8.774816 -0.000002 -16.388327 17.904121 6.130753 -1.844031 2.498502 -2.507277 -10.163589 4.678940 4.621103 -20.975994 -0.000004 0.000003 -21.226250 2.451693 -3.593993 0.000001 -0.000006 -0.000000 -1.362679 2.240796 -0.746323 -21.334894 0.584907 3.008322 -13.821197 -0.000003 0.000003 -23.887131 -0.249079 -0.839479 -61.421238 2.356719 -1.521510 -0.294025 1.679686 0.833255 -14.218194 0.093214 1.300581 -34.212006 -0.287563 0.967171 -20.033182 0.964536 1.212844 0.000000 0.000000 -0.000000 -3.440384 0.788232 0.501655 -15.928169 -3.167307 2.999705 -6.338817 -0.000001 0.000001 -18.123413 3.648177 -4.905661 -0.000006 -0.000000 -0.000002 -21.662357 24.509567 2.231640 92.943558 43.044090 5.061929 179.261307 36.789047 -179.882263 -9.239987 12.291708 -12.114466 2.243539 -5.255033 -3.180154 14.282875 -0.826594 6.952499 -0.000002 -12.690590 0.000000 16.509747 -18.423185 3.052574 1.665665 -1.955920 -2.878300 4.727794 -4.170584 4.993919 11.020513 0.000003 0.000001 12.109032 -3.735711 -2.866777 0.000001 -0.000001 -0.000001 1.291984 -1.928548 -1.498088 14.800113 0.567467 3.865605 14.242551 -1.341735 -6.660648 19.631939 0.143923 -0.648243 51.545258 -1.008778 -5.870965 0.353029 -1.511149 -0.031939 20.222769 3.684305 2.316629 18.787247 0.000004 -0.000000 10.751610 -0.479869 1.397905 -0.000000 0.000002 -0.000001 3.273804 0.305947 -0.580109 21.486790 11.830363 2.266130 8.162915 0.000002 -0.000002 18.399054 -3.798980 -4.940567 0.000003 0.000000 -0.000002 14.267369 17.238647 -22.536064 -0.357032 -0.745249 26.468863 -16.567739 -14.739672 4.603539 1.663307 -1.921761 -1.688395 -0.000000 0.000000 0.000002 -14.159292 -17.790173 2.285652 0.093139 0.742869 22.040985 15.935040 8.027858 -14.879785 -1.469917 0.956998 -2.819412 0.000000 0.000000 -0.000001 
2.414803 95.609818 0.883353 -0.062796 5.804109 1.109210 0.821330 0.638431 2.213524 -0.395922 0.426213 -4.454225 0.860797 -1.786441 14.247269 -5.352245 6.809387 24.249744 0.489312 5.405742 -3.708535 -3.919337 5.932814 -1.893104 0.000076 -0.000022 0.000006 0.021791 -0.032104 -0.093093 0.728039 -3.723402 -10.621473 -0.689578 3.656719 -10.611552 20.666895 -18.545168 2.919848 -83.751305 -38.181358 -19.215178 178.441544 -36.233353 -179.410995 -3.725703 -11.795056 -11.959463 -5.882100 9.861278 0.702589 -10.936855 -0.360578 7.156197 0.000000 8.774815 -0.000002 -16.395365 17.931795 6.142703 -1.844030 2.498503 -2.507275 -10.163589 4.678938 4.621103 -20.975992 -0.000005 0.000002 -21.226246 2.451691 -3.593993 0.000000 -0.000006 -0.000001 -1.362680 2.240797 -0.746322 -21.334887 0.584905 3.008320 -13.821194 -0.000004 0.000002 -23.887125 -0.249080 -0.839479 -61.430943 2.354989 -1.544464 -0.294025 1.679687 0.833255 -14.218190 0.093213 1.300578 -34.211998 -0.287568 0.967172 -20.033173 0.964533 1.212844 -0.000000 0.000001 -0.000000 -3.440385 0.788232 0.501655 -15.928165 -3.167309 2.999703 -6.338817 -0.000002 0.000001 -18.123411 3.648175 -4.905662 -0.000005 0.000000 -0.000003 -21.662460 24.476171 2.162654 92.887680 42.938747 5.060251 179.292038 36.777458 -179.858414 -9.203899 12.314555 -12.029782 2.243540 -5.255033 -3.180156 14.282873 -0.826592 6.952495 -0.000003 -12.690591 0.000000 16.473776 -18.426983 3.067529 1.665664 -1.955920 -2.878298 4.727793 -4.170582 4.993917 11.020511 0.000003 -0.000001 12.109031 -3.735708 -2.866781 0.000000 -0.000000 0.000000 1.291984 -1.928548 -1.498088 14.800111 0.567469 3.865602 14.242551 -1.341733 -6.660650 19.631935 0.143927 -0.648243 51.494492 -1.003449 -5.877151 0.353028 -1.511149 -0.031937 20.222769 3.684307 2.316631 18.787245 0.000006 0.000001 10.751611 -0.479867 1.397905 -0.000000 0.000002 -0.000001 3.273804 0.305947 -0.580109 21.486788 11.830363 2.266132 8.162915 0.000003 -0.000002 18.399048 -3.798978 -4.940567 0.000002 -0.000001 -0.000002 14.304841 17.265093 -22.602207 -0.370825 -0.753832 26.616194 -16.589832 -14.801027 4.546577 1.666025 -1.925294 -1.671557 0.000000 0.000000 0.000002 -14.104415 -17.796169 2.132173 0.102572 0.741796 22.219158 15.849216 8.042979 -15.144250 -1.470327 0.958921 -2.774647 0.000000 0.000000 -0.000001 
2.420495 95.557442 0.885824 -0.068526 5.825142 1.094883 0.826212 0.648524 2.225117 -0.398654 0.413933 -4.462159 0.861522 -1.804801 14.227879 -5.353620 6.812067 24.210522 0.495213 5.371942 -3.698046 -3.924560 5.902962 -1.900230 0.000076 -0.000021 0.000004 0.027785 -0.037124 -0.094323 0.734344 -3.728776 -10.619796 -0.694580 3.651759 -10.616233 20.611031 -18.558365 2.955515 -83.754272 -38.116779 -19.237135 178.455597 -36.230980 -179.421524 -3.696850 -11.732686 -11.889434 -5.882102 9.861277 0.702589 -10.936860 -0.360575 7.156196 0.000001 8.774812 -0.000002 -16.442589 17.953299 6.147680 -1.844031 2.498502 -2.507276 -10.163591 4.678939 4.621103 -20.975994 -0.000002 0.000002 -21.226255 2.451694 -3.593994 0.000000 -0.000006 0.000001 -1.362682 2.240797 -0.746324 -21.334896 0.584909 3.008320 -13.821198 -0.000002 0.000001 -23.887133 -0.249077 -0.839482 -61.473919 2.350666 -1.575225 -0.294025 1.679686 0.833255 -14.218195 0.093215 1.300579 -34.212006 -0.287563 0.967168 -20.033180 0.964534 1.212840 -0.000000 0.000000 0.000000 -3.440386 0.788233 0.501655 -15.928171 -3.167305 2.999704 -6.338819 -0.000001 0.000001 -18.123415 3.648176 -4.905662 -0.000004 -0.000000 -0.000002 -21.686087 24.478838 2.070676 92.855820 42.835121 5.081651 179.324203 36.776169 -179.838074 -9.148904 12.324531 -11.981761 2.243540 -5.255033 -3.180155 14.282877 -0.826593 6.952499 -0.000003 -12.690592 0.000000 16.419907 -18.440319 3.087864 1.665665 -1.955920 -2.878296 4.727794 -4.170583 4.993919 11.020511 0.000004 -0.000000 12.109033 -3.735708 -2.866780 0.000000 0.000000 0.000000 1.291984 -1.928548 -1.498088 14.800111 0.567468 3.865603 14.242553 -1.341734 -6.660650 19.631939 0.143927 -0.648243 51.453941 -1.015322 -5.869800 0.353028 -1.511149 -0.031940 20.222769 3.684307 2.316627 18.787245 0.000007 -0.000001 10.751610 -0.479868 1.397903 0.000000 0.000001 0.000000 3.273804 0.305947 -0.580112 21.486794 11.830366 2.266129 8.162917 0.000003 -0.000002 18.399052 -3.798977 -4.940569 0.000004 0.000000 -0.000001 14.331560 17.314285 -22.680414 -0.373153 -0.760169 26.786003 -16.634888 -14.879201 4.458565 1.665584 -1.929410 -1.673234 -0.000000 0.000000 0.000002 -14.099468 -17.808031 2.118996 0.108141 0.741907 22.297899 15.809956 8.101304 -15.361572 -1.469160 0.956295 -2.772012 0.000000 0.000000 -0.000001 
2.407328 95.527573 0.869219 -0.077645 5.826977 1.093541 0.831044 0.638279 2.216004 -0.398662 0.436427 -4.460443 0.862431 -1.821792 14.200313 -5.342208 6.792268 24.172951 0.494485 5.342806 -3.694880 -3.930995 5.882015 -1.880487 0.000076 -0.000021 0.000005 0.027097 -0.043998 -0.092923 0.743208 -3.740203 -10.623258 -0.694359 3.648520 -10.614312 20.591778 -18.592173 2.980431 -83.728264 -38.081051 -19.295769 178.450806 -36.244225 -179.434738 -3.705141 -11.681023 -11.763858 -5.882102 9.861279 0.702589 -10.936861 -0.360576 7.156196 0.000000 8.774816 -0.000002 -16.449974 17.972347 6.135138 -1.844029 2.498503 -2.507276 -10.163590 4.678940 4.621103 -20.975998 -0.000004 0.000002 -21.226257 2.451694 -3.593994 0.000000 -0.000006 -0.000000 -1.362681 2.240797 -0.746322 -21.334894 0.584908 3.008321 -13.821197 -0.000003 0.000002 -23.887133 -0.249079 -0.839483 -61.443325 2.324955 -1.571883 -0.294024 1.679686 0.833255 -14.218194 0.093214 1.300578 -34.212013 -0.287564 0.967169 -20.033182 0.964534 1.212842 0.000000 0.000000 0.000000 -3.440386 0.788233 0.501654 -15.928167 -3.167308 2.999704 -6.338819 -0.000001 0.000000 -18.123413 3.648177 -4.905663 -0.000005 0.000000 -0.000002 -21.705229 24.456278 1.976964 92.794548 42.756680 5.010289 179.354919 36.784416 -179.818359 -9.104873 12.327799 -11.984948 2.243540 -5.255033 -3.180154 14.282877 -0.826596 6.952497 -0.000001 -12.690588 0.000000 16.418304 -18.440397 3.071211 1.665665 -1.955920 -2.878297 4.727795 -4.170584 4.993916 11.020512 0.000000 -0.000001 12.109035 -3.735711 -2.866783 0.000000 0.000000 -0.000001 1.291985 -1.928547 -1.498087 14.800113 0.567466 3.865604 14.242553 -1.341736 -6.660647 19.631935 0.143925 -0.648246 51.468071 -1.012297 -5.871661 0.353029 -1.511149 -0.031939 20.222765 3.684303 2.316628 18.787247 0.000002 -0.000001 10.751609 -0.479869 1.397902 -0.000001 0.000001 -0.000000 3.273804 0.305946 -0.580109 21.486788 11.830359 2.266128 8.162917 0.000002 -0.000002 18.399055 -3.798981 -4.940570 0.000003 0.000000 -0.000002 14.337007 17.341747 -22.713526 -0.350719 -0.750533 26.831730 -16.688379 -14.953259 4.391034 1.665468 -1.923234 -1.663113 -0.000000 0.000000 0.000002 -14.093166 -17.829073 2.088069 0.114459 0.756030 22.370882 15.787397 8.136431 -15.473393 -1.470506 0.957605 -2.738930 0.000000 0.000000 -0.000001 
2.364210 95.518448 0.877272 -0.079785 5.821757 1.103078 0.829864 0.654147 2.201271 -0.394453 0.434884 -4.468541 0.870107 -1.845469 14.175890 -5.336033 6.804886 24.121082 0.495099 5.306802 -3.679305 -3.953199 5.859724 -1.862927 0.000076 -0.000022 0.000005 0.030588 -0.049418 -0.092891 0.747859 -3.743832 -10.614846 -0.695375 3.644839 -10.612418 20.557541 -18.603165 2.995740 -83.699715 -38.040352 -19.422321 178.493576 -36.254433 -179.450500 -3.731146 -11.601341 -11.753254 -5.882103 9.861279 0.702590 -10.936861 -0.360575 7.156197 0.000000 8.774811 -0.000002 -16.463181 17.991371 6.139275 -1.844031 2.498503 -2.507276 -10.163590 4.678940 4.621104 -20.975996 -0.000004 0.000002 -21.226255 2.451693 -3.593996 0.000000 -0.000006 -0.000000 -1.362680 2.240797 -0.746323 -21.334894 0.584909 3.008321 -13.821198 -0.000003 0.000002 -23.887131 -0.249078 -0.839482 -61.420399 2.303398 -1.559280 -0.294026 1.679686 0.833255 -14.218194 0.093215 1.300578 -34.212002 -0.287563 0.967169 -20.033180 0.964535 1.212842 0.000000 0.000000 0.000000 -3.440386 0.788232 0.501655 -15.928167 -3.167307 2.999704 -6.338817 -0.000001 0.000001 -18.123415 3.648177 -4.905662 -0.000004 -0.000000 -0.000002 -21.726269 24.437643 1.917877 92.759636 42.730820 4.962641 179.377045 36.793140 -179.791016 -9.087618 12.322118 -11.942158 2.243540 -5.255033 -3.180155 14.282875 -0.826594 6.952497 -0.000001 -12.690590 -0.000002 16.439056 -18.459206 3.043851 1.665664 -1.955920 -2.878294 4.727793 -4.170583 4.993920 11.020510 0.000003 -0.000001 12.109030 -3.735711 -2.866781 0.000002 -0.000000 0.000002 1.291984 -1.928548 -1.498089 14.800111 0.567468 3.865604 14.242551 -1.341735 -6.660648 19.631939 0.143926 -0.648243 51.455875 -1.047952 -5.921312 0.353029 -1.511149 -0.031941 20.222769 3.684307 2.316630 18.787245 0.000005 -0.000001 10.751610 -0.479867 1.397903 0.000000 0.000001 0.000000 3.273804 0.305947 -0.580110 21.486790 11.830365 2.266133 8.162916 0.000003 -0.000002 18.399050 -3.798978 -4.940567 0.000003 0.000000 0.000000 14.350925 17.390930 -22.718029 -0.359730 -0.765526 26.824100 -16.732172 -15.009316 4.398905 1.664097 -1.915274 -1.663090 -0.000000 -0.000000 0.000002 -14.088529 -17.846901 2.052644 0.111190 0.752422 22.462267 15.789810 8.186853 -15.481408 -1.472281 0.968813 -2.718169 0.000000 -0.000000 -0.000001 
2.360485 95.506256 0.916686 -0.077287 5.819988 1.108903 0.829037 0.644083 2.181004 -0.391617 0.443791 -4.466246 0.883882 -1.851054 14.146451 -5.347971 6.819694 24.072899 0.510984 5.284774 -3.670482 -3.981928 5.839937 -1.851485 0.000076 -0.000020 0.000003 0.033414 -0.049699 -0.094110 0.752733 -3.738038 -10.608303 -0.689528 3.641047 -10.615578 20.527544 -18.596802 3.022125 -83.623238 -38.016586 -19.555603 178.551651 -36.247536 -179.484070 -3.743259 -11.527526 -11.744164 -5.882102 9.861278 0.702590 -10.936857 -0.360574 7.156197 0.000002 8.774812 0.000000 -16.473703 17.985529 6.124975 -1.844032 2.498502 -2.507275 -10.163589 4.678940 4.621105 -20.975994 -0.000002 0.000003 -21.226250 2.451694 -3.593993 0.000000 -0.000006 0.000001 -1.362680 2.240796 -0.746324 -21.334887 0.584910 3.008319 -13.821194 -0.000002 0.000003 -23.887129 -0.249077 -0.839481 -61.367321 2.294502 -1.558500 -0.294024 1.679686 0.833256 -14.218194 0.093216 1.300579 -34.211998 -0.287561 0.967170 -20.033176 0.964536 1.212842 0.000000 0.000001 0.000000 -3.440386 0.788233 0.501655 -15.928164 -3.167305 2.999704 -6.338815 -0.000001 0.000001 -18.123413 3.648177 -4.905660 -0.000005 0.000000 -0.000002 -21.736778 24.425333 1.860596 92.731667 42.702919 4.976015 179.414429 36.776165 -179.749634 -9.037790 12.329140 -11.812561 2.243540 -5.255033 -3.180155 14.282875 -0.826594 6.952496 0.000001 -12.690592 -0.000001 16.439251 -18.495110 3.023225 1.665665 -1.955920 -2.878296 4.727793 -4.170584 4.993920 11.020511 0.000002 0.000000 12.109030 -3.735710 -2.866781 0.000002 -0.000000 0.000001 1.291984 -1.928548 -1.498087 14.800111 0.567467 3.865604 14.242553 -1.341736 -6.660648 19.631937 0.143925 -0.648243 51.467606 -1.043604 -5.944000 0.353029 -1.511149 -0.031939 20.222763 3.684306 2.316628 18.787243 0.000004 -0.000002 10.751608 -0.479868 1.397903 -0.000000 0.000000 0.000000 3.273804 0.305946 -0.580112 21.486790 11.830363 2.266129 8.162914 0.000001 -0.000003 18.399050 -3.798982 -4.940570 0.000003 0.000000 -0.000001 14.352544 17.390957 -22.714607 -0.348693 -0.753061 26.814255 -16.749834 -15.060090 4.355104 1.664096 -1.910661 -1.691068 -0.000000 0.000000 0.000002 -14.077271 -17.869955 2.098182 0.108860 0.763631 22.357153 15.829278 8.208648 -15.572364 -1.470375 0.977399 -2.696588 0.000000 0.000000 -0.000001 
2.329050 95.495636 0.976989 -0.078372 5.803549 1.106532 0.830870 0.640472 2.161911 -0.384122 0.456563 -4.461883 0.898538 -1.857667 14.126312 -5.366360 6.847789 24.034510 0.511882 5.260033 -3.680396 -3.981020 5.843400 -1.807311 0.000076 -0.000021 0.000005 0.036610 -0.055372 -0.102213 0.759656 -3.755517 -10.632696 -0.691958 3.638520 -10.634613 20.514355 -18.581278 3.004086 -83.592209 -38.001213 -19.628506 178.552231 -36.233421 -179.479889 -3.752418 -11.434385 -11.722342 -5.882101 9.861278 0.702590 -10.936858 -0.360573 7.156198 0.000001 8.774813 0.000000 -16.464754 17.961880 6.096178 -1.844031 2.498503 -2.507276 -10.163590 4.678941 4.621106 -20.975998 -0.000001 0.000002 -21.226254 2.451694 -3.593994 0.000000 -0.000006 -0.000000 -1.362681 2.240796 -0.746323 -21.334885 0.584910 3.008320 -13.821198 -0.000002 0.000002 -23.887131 -0.249076 -0.839481 -61.309414 2.294572 -1.564179 -0.294024 1.679685 0.833255 -14.218189 0.093215 1.300580 -34.212002 -0.287561 0.967170 -20.033176 0.964536 1.212842 0.000000 0.000000 0.000000 -3.440384 0.788232 0.501656 -15.928169 -3.167304 2.999704 -6.338819 -0.000001 0.000001 -18.123413 3.648178 -4.905660 -0.000004 -0.000000 -0.000002 -21.770849 24.437220 1.801174 92.658249 42.681152 5.005559 179.507187 36.771667 -179.658600 -9.021314 12.332375 -11.690082 2.243540 -5.255032 -3.180156 14.282877 -0.826595 6.952495 -0.000002 -12.690590 0.000001 16.445282 -18.495901 3.041142 1.665665 -1.955920 -2.878298 4.727794 -4.170583 4.993920 11.020510 0.000003 -0.000001 12.109034 -3.735709 -2.866781 0.000002 -0.000001 -0.000000 1.291984 -1.928548 -1.498090 14.800113 0.567467 3.865604 14.242554 -1.341735 -6.660650 19.631937 0.143926 -0.648246 51.486607 -1.064871 -5.962901 0.353029 -1.511150 -0.031941 20.222767 3.684304 2.316626 18.787243 0.000004 -0.000002 10.751607 -0.479870 1.397904 -0.000001 0.000002 -0.000002 3.273804 0.305947 -0.580111 21.486788 11.830362 2.266128 8.162916 0.000001 -0.000001 18.399050 -3.798980 -4.940569 0.000004 -0.000001 -0.000001 14.367782 17.402119 -22.666395 -0.336174 -0.743682 26.757013 -16.783470 -15.083222 4.296062 1.665378 -1.919660 -1.702388 -0.000000 0.000000 0.000002 -14.096647 -17.896055 2.257813 0.114407 0.767799 22.278807 15.856495 8.280509 -15.560247 -1.470128 0.972010 -2.692917 0.000000 0.000000 -0.000001 
2.303809 95.506981 0.981466 -0.078834 5.793054 1.090740 0.837831 0.645482 2.155030 -0.382332 0.441376 -4.472424 0.921874 -1.844449 14.105597 -5.370825 6.892076 24.034433 0.520162 5.236695 -3.689942 -3.997372 5.845646 -1.780597 0.000076 -0.000021 0.000004 0.040378 -0.061289 -0.093965 0.764140 -3.762771 -10.619846 -0.684572 3.626543 -10.627662 20.513689 -18.553986 3.001675 -83.581421 -37.989449 -19.644602 178.561584 -36.196663 -179.499451 -3.718713 -11.345072 -11.720494 -5.882103 9.861279 0.702590 -10.936860 -0.360574 7.156198 -0.000001 8.774814 -0.000000 -16.468266 17.945812 6.083230 -1.844032 2.498503 -2.507275 -10.163590 4.678941 4.621105 -20.976000 -0.000002 0.000002 -21.226255 2.451694 -3.593995 0.000000 -0.000006 0.000001 -1.362680 2.240797 -0.746323 -21.334896 0.584909 3.008320 -13.821197 -0.000002 0.000002 -23.887131 -0.249078 -0.839482 -61.338566 2.292321 -1.571089 -0.294026 1.679686 0.833255 -14.218197 0.093216 1.300579 -34.211998 -0.287562 0.967169 -20.033182 0.964536 1.212842 -0.000000 0.000000 0.000000 -3.440384 0.788233 0.501655 -15.928173 -3.167305 2.999704 -6.338818 -0.000001 0.000001 -18.123415 3.648176 -4.905662 -0.000005 0.000000 -0.000002 -21.778852 24.453171 1.747617 92.628677 42.637165 5.075544 179.614777 36.731575 -179.555115 -9.021273 12.287953 -11.591187 2.243541 -5.255033 -3.180155 14.282878 -0.826594 6.952493 -0.000000 -12.690590 -0.000001 16.461365 -18.501829 3.064105 1.665665 -1.955920 -2.878297 4.727795 -4.170583 4.993917 11.020513 0.000002 -0.000002 12.109033 -3.735711 -2.866780 0.000002 -0.000001 0.000002 1.291985 -1.928548 -1.498087 14.800113 0.567467 3.865604 14.242554 -1.341735 -6.660648 19.631941 0.143924 -0.648245 51.446171 -1.064473 -5.967236 0.353029 -1.511150 -0.031940 20.222771 3.684304 2.316629 18.787245 0.000005 -0.000004 10.751610 -0.479868 1.397903 0.000000 0.000002 -0.000001 3.273804 0.305947 -0.580113 21.486790 11.830360 2.266131 8.162917 0.000003 -0.000002 18.399054 -3.798979 -4.940569 0.000003 0.000000 -0.000001 14.389343 17.400278 -22.602314 -0.351065 -0.748646 26.696774 -16.781898 -15.054677 4.311542 1.665654 -1.919771 -1.706956 -0.000000 -0.000000 0.000002 -14.096884 -17.938248 2.271677 0.112466 0.775209 22.290756 15.875722 8.348980 -15.505377 -1.471205 0.970564 -2.729929 0.000000 0.000000 -0.000001 
2.298478 95.495781 1.026698 -0.081494 5.726614 1.066113 0.854225 0.653843 2.156581 -0.381133 0.440410 -4.486225 0.941548 -1.838941 14.102563 -5.400173 6.930587 24.030092 0.532079 5.257577 -3.691741 -4.014947 5.873020 -1.717876 0.000076 -0.000022 0.000005 0.046692 -0.065282 -0.103467 0.763597 -3.761934 -10.643209 -0.679682 3.629748 -10.637204 20.519136 -18.515812 2.983176 -83.597252 -38.020275 -19.633133 178.534378 -36.151470 -179.493546 -3.668863 -11.265772 -11.682691 -5.882100 9.861278 0.702590 -10.936858 -0.360575 7.156196 0.000001 8.774814 -0.000002 -16.471048 17.938286 6.067350 -1.844031 2.498503 -2.507276 -10.163590 4.678940 4.621104 -20.975996 -0.000003 0.000003 -21.226250 2.451693 -3.593993 0.000000 -0.000006 -0.000000 -1.362681 2.240796 -0.746322 -21.334894 0.584908 3.008320 -13.821194 -0.000003 0.000003 -23.887131 -0.249079 -0.839481 -61.327652 2.299210 -1.581824 -0.294023 1.679686 0.833255 -14.218195 0.093214 1.300579 -34.211998 -0.287564 0.967170 -20.033175 0.964534 1.212842 -0.000000 0.000000 0.000000 -3.440386 0.788232 0.501656 -15.928165 -3.167306 2.999704 -6.338818 -0.000001 0.000001 -18.123413 3.648175 -4.905661 -0.000005 -0.000000 -0.000002 -21.824951 24.481400 1.644001 92.652702 42.615849 5.147161 179.684097 36.706848 -179.523026 -9.044534 12.247337 -11.568922 2.243540 -5.255033 -3.180157 14.282878 -0.826593 6.952496 -0.000002 -12.690590 0.000000 16.434286 -18.493061 3.103527 1.665665 -1.955920 -2.878295 4.727793 -4.170584 4.993919 11.020509 0.000003 -0.000002 12.109031 -3.735710 -2.866779 0.000002 -0.000001 -0.000000 1.291984 -1.928548 -1.498088 14.800114 0.567468 3.865601 14.242553 -1.341734 -6.660649 19.631935 0.143928 -0.648243 51.411983 -1.080415 -5.941656 0.353029 -1.511149 -0.031941 20.222769 3.684305 2.316627 18.787245 0.000007 -0.000002 10.751611 -0.479868 1.397902 0.000000 0.000001 0.000000 3.273804 0.305946 -0.580110 21.486790 11.830365 2.266126 8.162916 0.000003 -0.000002 18.399048 -3.798976 -4.940567 0.000004 -0.000001 -0.000002 14.446215 17.413919 -22.436703 -0.336773 -0.752758 26.678591 -16.780813 -15.074502 4.096437 1.664542 -1.918247 -1.724343 -0.000000 0.000000 0.000002 -14.113144 -17.944237 2.346861 0.100352 0.779009 22.214394 15.895530 8.434888 -15.531180 -1.469327 0.968373 -2.755438 0.000000 0.000000 -0.000001 
2.303018 95.488510 1.010408 -0.086434 5.683987 1.052622 0.875801 0.641255 2.140601 -0.384324 0.486242 -4.490100 0.966511 -1.856947 14.091033 -5.424018 6.945713 24.005688 0.517844 5.291767 -3.682374 -4.013370 5.879114 -1.664424 0.000076 -0.000020 0.000005 0.040685 -0.060546 -0.108871 0.759132 -3.756387 -10.643004 -0.682321 3.640536 -10.633492 20.514275 -18.486343 2.964638 -83.598450 -38.030556 -19.600561 178.488388 -36.096783 -179.453201 -3.663355 -11.188313 -11.682055 -5.882098 9.861278 0.702591 -10.936856 -0.360575 7.156197 0.000002 8.774813 -0.000001 -16.454588 17.905313 6.050321 -1.844030 2.498502 -2.507276 -10.163586 4.678939 4.621104 -20.975990 -0.000005 0.000003 -21.226250 2.451691 -3.593993 0.000000 -0.000006 -0.000000 -1.362678 2.240796 -0.746322 -21.334888 0.584906 3.008321 -13.821191 -0.000004 0.000003 -23.887119 -0.249079 -0.839479 -61.319004 2.300404 -1.597485 -0.294024 1.679686 0.833255 -14.218189 0.093213 1.300580 -34.211990 -0.287566 0.967173 -20.033176 0.964534 1.212844 -0.000000 0.000000 -0.000000 -3.440383 0.788232 0.501655 -15.928163 -3.167308 2.999704 -6.338815 -0.000002 0.000002 -18.123411 3.648175 -4.905659 -0.000005 -0.000000 -0.000003 -21.859377 24.500891 1.561710 92.675751 42.610371 5.197646 179.746964 36.689690 -179.477753 -9.050205 12.176651 -11.582580 2.243539 -5.255033 -3.180152 14.282877 -0.826592 6.952497 -0.000001 -12.690592 -0.000001 16.402143 -18.477308 3.136895 1.665665 -1.955920 -2.878296 4.727793 -4.170583 4.993917 11.020512 0.000004 -0.000000 12.109031 -3.735708 -2.866777 0.000001 -0.000001 -0.000000 1.291984 -1.928548 -1.498086 14.800114 0.567469 3.865604 14.242553 -1.341734 -6.660648 19.631939 0.143928 -0.648243 51.411690 -1.089176 -5.899984 0.353029 -1.511149 -0.031941 20.222769 3.684308 2.316628 18.787245 0.000005 0.000001 10.751613 -0.479868 1.397903 0.000000 0.000000 0.000001 3.273804 0.305947 -0.580109 21.486790 11.830363 2.266132 8.162915 0.000002 -0.000002 18.399052 -3.798980 -4.940566 0.000003 -0.000001 -0.000000 14.421860 17.444372 -22.476479 -0.332520 -0.757668 26.650839 -16.739134 -15.033785 4.127552 1.663485 -1.914447 -1.738607 -0.000000 0.000000 0.000002 -14.130934 -17.972855 2.322777 0.106554 0.785676 22.252352 15.904045 8.527745 -15.534328 -1.469961 0.966116 -2.791723 0.000000 0.000000 -0.000001 
2.281289 95.489761 1.033460 -0.089502 5.642043 1.041549 0.899041 0.658443 2.129927 -0.383019 0.475227 -4.504547 0.982748 -1.853848 14.094559 -5.448831 6.973879 24.037773 0.504591 5.325363 -3.687476 -4.041566 5.890875 -1.629759 0.000076 -0.000022 0.000006 0.043483 -0.060571 -0.103494 0.755538 -3.759745 -10.643258 -0.677261 3.635194 -10.642441 20.477844 -18.438461 2.942488 -83.551224 -38.035000 -19.681276 178.486053 -36.055428 -179.457550 -3.668344 -11.118431 -11.742396 -5.882100 9.861279 0.702589 -10.936858 -0.360576 7.156197 0.000001 8.774816 -0.000002 -16.434652 17.880039 6.029107 -1.844031 2.498503 -2.507275 -10.163589 4.678940 4.621103 -20.975992 -0.000004 0.000003 -21.226248 2.451692 -3.593995 0.000000 -0.000006 -0.000000 -1.362679 2.240796 -0.746323 -21.334887 0.584907 3.008322 -13.821195 -0.000004 0.000003 -23.887129 -0.249079 -0.839479 -61.302357 2.300680 -1.605562 -0.294025 1.679687 0.833256 -14.218194 0.093214 1.300580 -34.211998 -0.287565 0.967172 -20.033175 0.964535 1.212843 0.000000 0.000000 -0.000000 -3.440384 0.788232 0.501654 -15.928164 -3.167308 2.999704 -6.338817 -0.000001 0.000001 -18.123411 3.648177 -4.905662 -0.000005 -0.000000 -0.000002 -21.904940 24.548191 1.502071 92.715996 42.605770 5.095481 179.677017 36.673378 -179.520279 -9.113572 12.145226 -11.630474 2.243539 -5.255033 -3.180158 14.282877 -0.826591 6.952497 -0.000005 -12.690592 0.000001 16.388948 -18.476748 3.154092 1.665664 -1.955919 -2.878297 4.727793 -4.170584 4.993920 11.020512 0.000004 -0.000001 12.109033 -3.735708 -2.866781 0.000001 -0.000000 -0.000000 1.291984 -1.928547 -1.498089 14.800113 0.567470 3.865602 14.242553 -1.341733 -6.660647 19.631939 0.143927 -0.648241 51.442955 -1.106309 -5.871578 0.353028 -1.511150 -0.031938 20.222769 3.684309 2.316627 18.787245 0.000008 -0.000001 10.751610 -0.479865 1.397904 -0.000001 0.000002 -0.000001 3.273805 0.305947 -0.580109 21.486792 11.830365 2.266131 8.162914 0.000003 -0.000001 18.399057 -3.798978 -4.940567 0.000003 0.000000 -0.000001 14.452749 17.502670 -22.433607 -0.334037 -0.747125 26.673773 -16.699327 -15.039326 4.112991 1.664933 -1.922287 -1.767029 -0.000000 -0.000000 0.000002 -14.128289 -17.978407 2.334995 0.102966 0.782119 22.259911 15.879725 8.617352 -15.520583 -1.472863 0.966184 -2.780700 0.000000 0.000000 -0.000001 
2.293047 95.487000 1.071842 -0.083124 5.615741 1.023479 0.918618 0.651673 2.118842 -0.375875 0.483552 -4.515964 0.997291 -1.846567 14.103726 -5.470441 7.004263 24.065063 0.485623 5.330263 -3.698381 -4.035398 5.914781 -1.598619 0.000076 -0.000021 0.000005 0.033957 -0.055201 -0.107659 0.754007 -3.765282 -10.645450 -0.686678 3.639673 -10.649704 20.448233 -18.399586 2.944978 -83.538620 -38.057640 -19.727333 178.479050 -36.013885 -179.466156 -3.697927 -11.031418 -11.780192 -5.882101 9.861278 0.702591 -10.936859 -0.360575 7.156196 0.000002 8.774813 -0.000000 -16.419662 17.884460 6.012285 -1.844031 2.498502 -2.507275 -10.163590 4.678940 4.621105 -20.975998 -0.000003 0.000003 -21.226255 2.451694 -3.593993 0.000000 -0.000006 0.000001 -1.362681 2.240797 -0.746322 -21.334887 0.584909 3.008321 -13.821194 -0.000002 0.000003 -23.887133 -0.249077 -0.839480 -61.273159 2.300441 -1.607436 -0.294025 1.679686 0.833256 -14.218194 0.093215 1.300579 -34.211998 -0.287562 0.967171 -20.033178 0.964536 1.212842 0.000000 0.000000 -0.000000 -3.440386 0.788232 0.501656 -15.928169 -3.167306 2.999705 -6.338817 -0.000001 0.000001 -18.123413 3.648177 -4.905660 -0.000005 0.000000 -0.000002 -21.926441 24.537058 1.470827 92.772987 42.583675 5.034801 179.627762 36.683037 -179.537918 -9.106001 12.155126 -11.587685 2.243540 -5.255033 -3.180154 14.282875 -0.826593 6.952497 -0.000002 -12.690591 0.000003 16.332769 -18.474110 3.167052 1.665664 -1.955920 -2.878294 4.727794 -4.170583 4.993919 11.020511 0.000003 0.000000 12.109030 -3.735710 -2.866777 0.000002 -0.000001 0.000001 1.291984 -1.928547 -1.498088 14.800111 0.567468 3.865604 14.242553 -1.341734 -6.660647 19.631939 0.143925 -0.648243 51.434147 -1.088112 -5.882005 0.353029 -1.511149 -0.031939 20.222769 3.684307 2.316631 18.787245 0.000004 -0.000000 10.751610 -0.479866 1.397905 -0.000000 0.000003 -0.000001 3.273804 0.305946 -0.580109 21.486792 11.830364 2.266132 8.162915 0.000002 -0.000002 18.399054 -3.798981 -4.940567 0.000003 0.000000 -0.000001 14.451366 17.553837 -22.408314 -0.336258 -0.763381 26.710093 -16.630468 -15.066394 4.078850 1.665575 -1.924593 -1.774755 -0.000000 -0.000000 0.000002 -14.162083 -17.965170 2.391219 0.106958 0.779606 22.231062 15.857125 8.654355 -15.506227 -1.472065 0.959598 -2.757519 0.000000 0.000000 -0.000001 
2.281460 95.499245 1.131202 -0.068991 5.596377 1.011916 0.935954 0.656451 2.106091 -0.367660 0.473230 -4.518511 1.005249 -1.840833 14.112062 -5.506696 7.057184 24.081005 0.494777 5.348347 -3.673082 -4.040706 5.903110 -1.595308 0.000076 -0.000020 0.000004 0.031134 -0.043477 -0.120919 0.750978 -3.745823 -10.634457 -0.693397 3.651422 -10.644667 20.414900 -18.362061 2.964608 -83.542633 -38.114250 -19.760872 178.487350 -36.003136 -179.499359 -3.699868 -10.982958 -11.756246 -5.882100 9.861278 0.702589 -10.936858 -0.360575 7.156196 0.000001 8.774815 -0.000001 -16.424953 17.873644 6.004458 -1.844031 2.498503 -2.507276 -10.163590 4.678940 4.621104 -20.975998 -0.000004 0.000001 -21.226255 2.451691 -3.593994 0.000000 -0.000006 -0.000001 -1.362681 2.240797 -0.746323 -21.334892 0.584908 3.008319 -13.821197 -0.000003 0.000001 -23.887131 -0.249079 -0.839482 -61.247463 2.303700 -1.611041 -0.294024 1.679686 0.833255 -14.218194 0.093215 1.300578 -34.212002 -0.287566 0.967167 -20.033180 0.964534 1.212841 0.000000 0.000000 0.000000 -3.440386 0.788232 0.501655 -15.928167 -3.167307 2.999702 -6.338816 -0.000002 0.000001 -18.123415 3.648176 -4.905662 -0.000005 -0.000000 -0.000002 -21.943466 24.547543 1.458225 92.730209 42.602352 4.901078 179.571671 36.702305 -179.594498 -9.089945 12.176840 -11.425096 2.243539 -5.255033 -3.180154 14.282877 -0.826594 6.952493 -0.000002 -12.690590 -0.000001 16.282347 -18.478315 3.184745 1.665664 -1.955920 -2.878296 4.727793 -4.170583 4.993920 11.020511 0.000003 -0.000001 12.109033 -3.735710 -2.866779 0.000002 -0.000002 -0.000000 1.291984 -1.928548 -1.498086 14.800113 0.567469 3.865604 14.242553 -1.341735 -6.660648 19.631939 0.143925 -0.648242 51.405411 -1.105221 -5.897636 0.353029 -1.511150 -0.031940 20.222769 3.684307 2.316630 18.787245 0.000006 0.000000 10.751610 -0.479867 1.397904 0.000001 0.000002 0.000000 3.273804 0.305947 -0.580108 21.486792 11.830365 2.266134 8.162915 0.000002 -0.000002 18.399054 -3.798981 -4.940567 0.000003 -0.000001 -0.000001 14.503740 17.587637 -22.257648 -0.340873 -0.750490 26.693188 -16.616497 -15.111987 4.008893 1.665855 -1.916473 -1.750095 -0.000000 0.000000 0.000002 -14.187471 -17.945576 2.462945 0.112628 0.772732 22.189077 15.837439 8.642960 -15.449252 -1.473102 0.961381 -2.714931 0.000000 0.000000 -0.000001 
2.258322 95.507408 1.155140 -0.059899 5.587548 1.002287 0.953648 0.668332 2.090194 -0.353713 0.443926 -4.513455 1.010414 -1.829139 14.099638 -5.548128 7.134934 24.105021 0.513111 5.332732 -3.689860 -4.047374 5.944056 -1.589548 0.000076 -0.000020 0.000006 0.036682 -0.049489 -0.095454 0.753106 -3.752087 -10.606641 -0.684681 3.645971 -10.616656 20.407049 -18.337427 2.970603 -83.568001 -38.106930 -19.768982 178.509842 -35.925793 -179.523773 -3.689658 -10.937440 -11.683658 -5.882102 9.861279 0.702590 -10.936858 -0.360575 7.156197 0.000000 8.774813 -0.000001 -16.434208 17.888607 6.024535 -1.844032 2.498503 -2.507277 -10.163591 4.678940 4.621105 -20.975994 -0.000003 0.000003 -21.226254 2.451693 -3.593994 0.000001 -0.000006 -0.000000 -1.362681 2.240797 -0.746323 -21.334887 0.584908 3.008320 -13.821193 -0.000003 0.000002 -23.887129 -0.249078 -0.839481 -61.243538 2.295266 -1.598852 -0.294025 1.679687 0.833255 -14.218194 0.093215 1.300578 -34.211998 -0.287563 0.967170 -20.033178 0.964535 1.212841 -0.000000 0.000000 -0.000000 -3.440386 0.788233 0.501654 -15.928165 -3.167306 2.999704 -6.338817 -0.000001 0.000001 -18.123411 3.648177 -4.905662 -0.000005 -0.000000 -0.000002 -21.932089 24.562113 1.482058 92.679581 42.608887 4.870440 179.565201 36.702579 -179.631638 -9.061019 12.172964 -11.239244 2.243539 -5.255033 -3.180157 14.282877 -0.826592 6.952494 -0.000001 -12.690590 -0.000002 16.240496 -18.482300 3.183509 1.665664 -1.955920 -2.878295 4.727793 -4.170583 4.993918 11.020510 0.000003 -0.000001 12.109031 -3.735709 -2.866779 0.000002 0.000000 0.000000 1.291984 -1.928548 -1.498087 14.800114 0.567469 3.865606 14.242553 -1.341734 -6.660648 19.631939 0.143927 -0.648242 51.367737 -1.090313 -5.911477 0.353029 -1.511149 -0.031941 20.222771 3.684306 2.316630 18.787245 0.000005 -0.000000 10.751613 -0.479868 1.397905 -0.000001 0.000001 -0.000001 3.273804 0.305947 -0.580110 21.486788 11.830363 2.266131 8.162915 0.000003 -0.000002 18.399054 -3.798977 -4.940567 0.000003 0.000000 0.000000 14.524931 17.605417 -22.195110 -0.348226 -0.738540 26.634481 -16.607763 -15.127161 4.038712 1.666839 -1.910365 -1.720846 -0.000000 0.000000 0.000002 -14.186018 -17.939140 2.495337 0.105870 0.770082 22.171463 15.788015 8.644878 -15.435976 -1.472574 0.962968 -2.677253 0.000000 0.000000 -0.000001 
2.291805 95.525482 1.189229 -0.045063 5.561188 1.004335 0.973831 0.667926 2.083077 -0.343521 0.446136 -4.506226 1.010535 -1.825989 14.082462 -5.596988 7.190208 24.123352 0.525636 5.334894 -3.692842 -4.062427 5.981662 -1.570464 0.000077 -0.000020 0.000006 0.044338 -0.060434 -0.099822 0.756347 -3.758811 -10.608365 -0.677539 3.634592 -10.612185 20.359806 -18.300751 2.960750 -83.509491 -38.126827 -19.795746 178.549637 -35.876862 -179.546844 -3.642217 -10.867846 -11.523307 -5.882101 9.861279 0.702591 -10.936859 -0.360574 7.156197 0.000001 8.774815 -0.000000 -16.465782 17.860615 6.024375 -1.844030 2.498502 -2.507275 -10.163590 4.678940 4.621105 -20.975994 -0.000003 0.000003 -21.226250 2.451693 -3.593994 0.000001 -0.000006 -0.000000 -1.362682 2.240796 -0.746323 -21.334890 0.584909 3.008321 -13.821194 -0.000003 0.000002 -23.887129 -0.249078 -0.839480 -61.233395 2.285079 -1.580866 -0.294025 1.679686 0.833255 -14.218195 0.093215 1.300580 -34.211998 -0.287563 0.967170 -20.033176 0.964535 1.212842 -0.000000 -0.000000 -0.000000 -3.440386 0.788233 0.501655 -15.928169 -3.167306 2.999704 -6.338817 -0.000001 0.000002 -18.123413 3.648177 -4.905659 -0.000005 -0.000000 -0.000002 -21.898767 24.551373 1.511311 92.681190 42.609322 4.971412 179.639359 36.716774 -179.593689 -9.005916 12.137880 -11.080071 2.243540 -5.255033 -3.180155 14.282878 -0.826594 6.952497 -0.000001 -12.690590 -0.000001 16.205997 -18.438967 3.181832 1.665665 -1.955920 -2.878296 4.727794 -4.170583 4.993920 11.020512 0.000002 -0.000002 12.109035 -3.735710 -2.866782 0.000001 -0.000001 -0.000001 1.291984 -1.928548 -1.498087 14.800113 0.567467 3.865604 14.242553 -1.341734 -6.660648 19.631939 0.143924 -0.648243 51.263611 -1.079193 -5.900928 0.353029 -1.511149 -0.031940 20.222771 3.684305 2.316627 18.787247 0.000004 -0.000002 10.751610 -0.479869 1.397902 -0.000000 0.000002 -0.000000 3.273804 0.305946 -0.580108 21.486792 11.830363 2.266131 8.162916 0.000003 -0.000002 18.399050 -3.798981 -4.940568 0.000003 -0.000002 -0.000001 14.494123 17.626150 -22.153004 -0.332441 -0.724926 26.621813 -16.590067 -15.160086 4.037860 1.667117 -1.899350 -1.691334 -0.000000 -0.000000 0.000002 -14.229778 -17.907106 2.573633 0.112792 0.765549 22.040274 15.821743 8.594948 -15.350866 -1.471380 0.971526 -2.624111 0.000000 0.000000 -0.000001 
2.272313 95.547775 1.180763 -0.026327 5.534797 1.014015 0.989097 0.677997 2.075808 -0.332334 0.439505 -4.502760 1.015205 -1.819830 14.065496 -5.631684 7.222195 24.147242 0.531222 5.336805 -3.685024 -4.066991 6.001288 -1.554250 0.000076 -0.000021 0.000007 0.040544 -0.061129 -0.102230 0.753324 -3.758626 -10.609974 -0.680806 3.635818 -10.612575 20.340256 -18.275934 2.976384 -83.457985 -38.199551 -19.836266 178.548859 -35.848511 -179.549561 -3.594989 -10.823936 -11.309193 -5.882101 9.861278 0.702591 -10.936858 -0.360575 7.156197 -0.000000 8.774814 -0.000001 -16.481333 17.833517 6.027259 -1.844031 2.498503 -2.507276 -10.163588 4.678939 4.621106 -20.975994 -0.000003 0.000003 -21.226255 2.451694 -3.593994 0.000001 -0.000006 -0.000000 -1.362681 2.240796 -0.746323 -21.334887 0.584908 3.008322 -13.821194 -0.000002 0.000003 -23.887129 -0.249076 -0.839481 -61.182743 2.282969 -1.559872 -0.294024 1.679686 0.833255 -14.218192 0.093215 1.300581 -34.211998 -0.287562 0.967171 -20.033175 0.964536 1.212842 -0.000000 0.000000 -0.000000 -3.440384 0.788232 0.501656 -15.928163 -3.167306 2.999705 -6.338817 -0.000001 0.000002 -18.123411 3.648176 -4.905660 -0.000006 -0.000000 -0.000002 -21.891075 24.527548 1.529594 92.633804 42.633610 4.995719 179.693344 36.702606 -179.591721 -8.957702 12.089117 -11.048074 2.243540 -5.255032 -3.180154 14.282875 -0.826594 6.952494 -0.000002 -12.690588 0.000000 16.161129 -18.406216 3.203845 1.665665 -1.955919 -2.878298 4.727793 -4.170583 4.993919 11.020511 0.000002 -0.000002 12.109033 -3.735709 -2.866779 0.000001 -0.000000 -0.000000 1.291984 -1.928548 -1.498086 14.800111 0.567468 3.865605 14.242553 -1.341733 -6.660649 19.631937 0.143924 -0.648244 51.181557 -1.092862 -5.910028 0.353028 -1.511149 -0.031940 20.222763 3.684305 2.316627 18.787243 0.000004 -0.000001 10.751610 -0.479869 1.397904 -0.000000 0.000002 -0.000001 3.273804 0.305947 -0.580111 21.486790 11.830360 2.266131 8.162916 0.000001 -0.000002 18.399054 -3.798981 -4.940567 0.000003 -0.000001 -0.000000 14.477219 17.661699 -22.091362 -0.328359 -0.730850 26.485903 -16.600883 -15.133387 4.121797 1.667745 -1.895063 -1.661631 -0.000000 0.000000 0.000002 -14.227859 -17.884872 2.560155 0.112369 0.761934 22.011675 15.785419 8.575108 -15.307143 -1.468979 0.973616 -2.600569 0.000000 0.000000 -0.000001 
2.291115 95.579132 1.202111 0.003559 5.514623 1.038993 0.991257 0.694899 2.054055 -0.324461 0.444778 -4.500373 1.030078 -1.817609 14.038288 -5.674829 7.267136 24.141970 0.536599 5.342249 -3.686692 -4.048981 6.010682 -1.458170 0.000076 -0.000020 0.000006 0.044319 -0.059859 -0.103664 0.754322 -3.756814 -10.600205 -0.674553 3.633372 -10.608903 20.331041 -18.261801 2.982629 -83.390694 -38.263779 -19.857832 178.571915 -35.830219 -179.542953 -3.523215 -10.815216 -11.143077 -5.882099 9.861278 0.702590 -10.936858 -0.360575 7.156198 0.000002 8.774815 -0.000001 -16.457739 17.832701 6.041368 -1.844032 2.498503 -2.507276 -10.163588 4.678938 4.621105 -20.975992 -0.000004 0.000003 -21.226254 2.451693 -3.593993 0.000000 -0.000006 -0.000001 -1.362680 2.240797 -0.746323 -21.334890 0.584908 3.008321 -13.821197 -0.000003 0.000003 -23.887133 -0.249078 -0.839480 -61.137192 2.274581 -1.544768 -0.294025 1.679686 0.833255 -14.218189 0.093214 1.300579 -34.212002 -0.287564 0.967172 -20.033180 0.964536 1.212843 0.000000 0.000000 -0.000000 -3.440385 0.788232 0.501655 -15.928171 -3.167308 2.999704 -6.338817 -0.000001 0.000001 -18.123415 3.648176 -4.905662 -0.000005 -0.000000 -0.000002 -21.867859 24.493458 1.532691 92.629395 42.605961 5.064405 179.699997 36.723888 -179.568909 -8.950053 12.086061 -11.055967 2.243540 -5.255032 -3.180159 14.282877 -0.826593 6.952495 -0.000002 -12.690592 0.000000 16.184469 -18.400335 3.168540 1.665665 -1.955920 -2.878297 4.727793 -4.170582 4.993917 11.020510 0.000004 -0.000002 12.109031 -3.735708 -2.866779 0.000002 -0.000001 0.000001 1.291984 -1.928548 -1.498089 14.800111 0.567468 3.865602 14.242553 -1.341734 -6.660648 19.631937 0.143929 -0.648243 51.182030 -1.067623 -5.911177 0.353029 -1.511149 -0.031940 20.222771 3.684307 2.316630 18.787247 0.000007 0.000000 10.751610 -0.479867 1.397903 0.000000 0.000001 -0.000001 3.273804 0.305947 -0.580111 21.486792 11.830365 2.266128 8.162916 0.000003 -0.000003 18.399050 -3.798979 -4.940568 0.000004 -0.000002 -0.000002 14.425983 17.673037 -22.024872 -0.316793 -0.724642 26.353046 -16.572496 -15.105856 4.158648 1.668948 -1.892653 -1.673895 -0.000000 0.000000 0.000002 -14.270629 -17.887407 2.611166 0.116625 0.768406 21.871216 15.814935 8.560826 -15.196255 -1.468853 0.976689 -2.593911 0.000000 0.000000 -0.000001 
2.315953 95.598183 1.202541 0.030883 5.496880 1.070533 0.991961 0.680915 2.031884 -0.319034 0.475947 -4.516330 1.049558 -1.817437 14.026694 -5.714255 7.289700 24.130978 0.542204 5.366990 -3.689534 -4.035437 6.029747 -1.354190 0.000077 -0.000020 0.000006 0.041391 -0.059831 -0.109061 0.750906 -3.762185 -10.608486 -0.671174 3.631291 -10.603725 20.343189 -18.236742 3.005425 -83.397263 -38.379246 -19.879877 178.602966 -35.829674 -179.544907 -3.465705 -10.813685 -11.046723 -5.882098 9.861278 0.702590 -10.936857 -0.360575 7.156196 0.000002 8.774815 -0.000000 -16.452324 17.833014 6.028519 -1.844031 2.498503 -2.507277 -10.163589 4.678939 4.621106 -20.975992 -0.000005 0.000003 -21.226248 2.451691 -3.593991 0.000000 -0.000006 0.000001 -1.362681 2.240796 -0.746323 -21.334888 0.584907 3.008322 -13.821197 -0.000003 0.000003 -23.887123 -0.249080 -0.839479 -61.061691 2.276773 -1.525187 -0.294023 1.679686 0.833255 -14.218190 0.093213 1.300580 -34.211998 -0.287565 0.967173 -20.033173 0.964534 1.212844 -0.000000 0.000000 0.000000 -3.440384 0.788232 0.501655 -15.928165 -3.167307 2.999705 -6.338814 -0.000002 0.000002 -18.123411 3.648175 -4.905660 -0.000005 0.000000 -0.000002 -21.851000 24.478319 1.538930 92.589821 42.584297 5.069395 179.691330 36.731323 -179.539612 -8.970033 12.058473 -11.028480 2.243540 -5.255033 -3.180152 14.282878 -0.826594 6.952495 -0.000002 -12.690588 0.000000 16.194262 -18.402014 3.159589 1.665665 -1.955920 -2.878298 4.727795 -4.170583 4.993919 11.020513 0.000002 0.000000 12.109030 -3.735710 -2.866779 0.000002 0.000000 0.000000 1.291985 -1.928547 -1.498088 14.800113 0.567466 3.865604 14.242553 -1.341734 -6.660647 19.631939 0.143925 -0.648243 51.179943 -1.071399 -5.910067 0.353029 -1.511149 -0.031940 20.222769 3.684304 2.316630 18.787247 0.000003 0.000001 10.751611 -0.479869 1.397904 -0.000000 0.000003 -0.000001 3.273805 0.305947 -0.580107 21.486790 11.830360 2.266132 8.162916 0.000000 -0.000002 18.399055 -3.798981 -4.940569 0.000004 -0.000001 -0.000002 14.365784 17.666033 -21.979122 -0.305513 -0.722705 26.215464 -16.532463 -15.039749 4.137314 1.666729 -1.906079 -1.697170 -0.000000 0.000000 0.000002 -14.301982 -17.886425 2.636970 0.112198 0.775321 21.733320 15.840488 8.523830 -15.150592 -1.468367 0.971762 -2.602281 0.000000 0.000000 -0.000001 
2.324278 95.643898 1.240898 0.060110 5.491346 1.103477 0.988771 0.684350 2.011219 -0.312734 0.472208 -4.522679 1.065139 -1.805572 14.003318 -5.736629 7.314111 24.111330 0.536762 5.393912 -3.664371 -4.052480 6.050100 -1.257383 0.000077 -0.000022 0.000007 0.041728 -0.059596 -0.109083 0.752122 -3.757275 -10.605986 -0.674492 3.636917 -10.606764 20.397758 -18.235613 2.977052 -83.377838 -38.408733 -19.969526 178.637878 -35.823864 -179.551666 -3.436907 -10.821302 -11.075935 -5.882099 9.861279 0.702589 -10.936858 -0.360577 7.156198 0.000002 8.774816 -0.000001 -16.413532 17.820736 6.036864 -1.844030 2.498503 -2.507276 -10.163589 4.678938 4.621104 -20.975994 -0.000005 0.000004 -21.226248 2.451693 -3.593993 0.000000 -0.000006 0.000002 -1.362680 2.240797 -0.746323 -21.334888 0.584907 3.008322 -13.821195 -0.000003 0.000004 -23.887125 -0.249078 -0.839479 -61.027660 2.279659 -1.517949 -0.294024 1.679686 0.833254 -14.218190 0.093213 1.300580 -34.211998 -0.287564 0.967173 -20.033178 0.964535 1.212843 -0.000000 -0.000000 -0.000000 -3.440385 0.788232 0.501655 -15.928169 -3.167308 2.999706 -6.338814 -0.000001 0.000001 -18.123413 3.648177 -4.905661 -0.000005 0.000000 -0.000002 -21.866926 24.466181 1.546547 92.572388 42.586121 5.076093 179.670837 36.715725 -179.521454 -9.006202 12.006722 -11.073524 2.243540 -5.255031 -3.180156 14.282877 -0.826595 6.952497 -0.000001 -12.690587 0.000001 16.187309 -18.411297 3.172912 1.665665 -1.955920 -2.878296 4.727795 -4.170583 4.993919 11.020513 0.000001 0.000000 12.109033 -3.735710 -2.866781 0.000002 -0.000001 -0.000001 1.291984 -1.928547 -1.498089 14.800117 0.567466 3.865603 14.242556 -1.341736 -6.660649 19.631941 0.143924 -0.648245 51.175011 -1.054714 -5.907373 0.353029 -1.511149 -0.031941 20.222773 3.684304 2.316625 18.787254 0.000004 -0.000003 10.751611 -0.479869 1.397903 -0.000000 0.000002 -0.000002 3.273804 0.305947 -0.580111 21.486792 11.830359 2.266129 8.162917 0.000001 -0.000003 18.399057 -3.798979 -4.940570 0.000003 0.000000 -0.000001 14.327689 17.652967 -21.914812 -0.307173 -0.725624 26.083740 -16.495703 -14.991139 4.232069 1.666496 -1.905069 -1.723889 -0.000000 0.000000 0.000002 -14.330175 -17.886038 2.710047 0.112425 0.782879 21.558453 15.837348 8.474314 -14.994890 -1.468191 0.968311 -2.634824 0.000000 0.000000 -0.000001 
2.355073 95.682274 1.265794 0.084211 5.470100 1.145361 0.983464 0.684426 1.996439 -0.312075 0.483460 -4.529665 1.087860 -1.802018 13.970704 -5.751619 7.340891 24.083158 0.545978 5.399320 -3.664520 -4.095255 6.102605 -1.164246 0.000077 -0.000022 0.000006 0.044846 -0.065972 -0.108998 0.759636 -3.769864 -10.591023 -0.667406 3.630325 -10.587233 20.440258 -18.217003 2.915840 -83.406944 -38.426540 -20.022778 178.697937 -35.820019 -179.565857 -3.410148 -10.813805 -11.231259 -5.882099 9.861278 0.702590 -10.936858 -0.360575 7.156195 0.000001 8.774815 -0.000000 -16.398390 17.803768 6.035666 -1.844032 2.498502 -2.507275 -10.163588 4.678938 4.621102 -20.975992 -0.000006 0.000001 -21.226246 2.451690 -3.593992 0.000000 -0.000006 -0.000000 -1.362681 2.240796 -0.746323 -21.334887 0.584906 3.008319 -13.821197 -0.000004 0.000002 -23.887129 -0.249081 -0.839481 -60.989166 2.280193 -1.511122 -0.294023 1.679686 0.833255 -14.218192 0.093213 1.300579 -34.211998 -0.287568 0.967169 -20.033176 0.964532 1.212842 -0.000000 -0.000000 -0.000000 -3.440384 0.788232 0.501655 -15.928167 -3.167308 2.999703 -6.338815 -0.000002 0.000002 -18.123411 3.648175 -4.905660 -0.000005 0.000000 -0.000003 -21.878735 24.431513 1.537095 92.541519 42.539021 5.108235 179.646759 36.702755 -179.494247 -9.040005 11.936216 -11.082470 2.243540 -5.255033 -3.180155 14.282877 -0.826595 6.952497 -0.000002 -12.690585 0.000000 16.160765 -18.431416 3.196840 1.665665 -1.955920 -2.878297 4.727794 -4.170582 4.993918 11.020511 0.000002 -0.000002 12.109031 -3.735710 -2.866780 0.000002 -0.000001 -0.000000 1.291985 -1.928548 -1.498088 14.800114 0.567467 3.865604 14.242554 -1.341734 -6.660650 19.631941 0.143925 -0.648244 51.166912 -1.063899 -5.902601 0.353029 -1.511149 -0.031940 20.222769 3.684302 2.316627 18.787245 0.000005 -0.000004 10.751611 -0.479868 1.397902 -0.000000 0.000003 -0.000002 3.273804 0.305946 -0.580112 21.486788 11.830359 2.266128 8.162916 0.000001 -0.000003 18.399052 -3.798980 -4.940568 0.000003 0.000000 -0.000001 14.271909 17.644592 -21.866684 -0.297557 -0.724979 25.956879 -16.459797 -14.940700 4.269076 1.664199 -1.899553 -1.739911 -0.000000 -0.000000 0.000002 -14.360195 -17.869741 2.756156 0.116692 0.799125 21.386778 15.844612 8.396915 -14.861637 -1.468080 0.968046 -2.663995 0.000000 0.000000 -0.000001 
2.392769 95.713463 1.315052 0.105080 5.448883 1.177883 0.978236 0.689699 1.982103 -0.303581 0.475989 -4.538863 1.104054 -1.776554 13.935989 -5.776983 7.353543 24.075613 0.545944 5.412699 -3.657758 -4.117728 6.133433 -1.085276 0.000076 -0.000023 0.000006 0.048089 -0.065334 -0.115508 0.759907 -3.765469 -10.593543 -0.666859 3.622937 -10.609112 20.475143 -18.199188 2.864245 -83.378464 -38.380745 -20.105732 178.748367 -35.825657 -179.556122 -3.380983 -10.848747 -11.342895 -5.882101 9.861279 0.702590 -10.936858 -0.360574 7.156197 0.000002 8.774814 -0.000000 -16.377525 17.806698 6.043397 -1.844030 2.498502 -2.507276 -10.163589 4.678939 4.621105 -20.975994 -0.000003 0.000003 -21.226254 2.451693 -3.593992 0.000001 -0.000006 0.000002 -1.362680 2.240796 -0.746322 -21.334890 0.584909 3.008321 -13.821193 -0.000002 0.000002 -23.887131 -0.249078 -0.839480 -60.973579 2.288672 -1.503981 -0.294025 1.679686 0.833256 -14.218197 0.093215 1.300579 -34.212006 -0.287562 0.967171 -20.033184 0.964536 1.212841 0.000000 -0.000000 -0.000000 -3.440385 0.788233 0.501656 -15.928169 -3.167306 2.999704 -6.338817 -0.000001 0.000001 -18.123411 3.648177 -4.905660 -0.000005 -0.000000 -0.000002 -21.879051 24.396593 1.552454 92.510628 42.499428 5.133111 179.633316 36.713192 -179.484741 -9.044789 11.925726 -10.973599 2.243540 -5.255032 -3.180157 14.282877 -0.826594 6.952496 -0.000002 -12.690588 0.000001 16.121529 -18.436110 3.208276 1.665665 -1.955920 -2.878297 4.727794 -4.170582 4.993917 11.020511 0.000002 0.000000 12.109034 -3.735711 -2.866778 0.000002 -0.000000 -0.000001 1.291984 -1.928548 -1.498089 14.800114 0.567468 3.865606 14.242553 -1.341734 -6.660649 19.631939 0.143927 -0.648242 51.120762 -1.071888 -5.889489 0.353029 -1.511149 -0.031941 20.222771 3.684304 2.316628 18.787245 0.000005 -0.000001 10.751612 -0.479869 1.397904 -0.000000 0.000001 -0.000001 3.273804 0.305946 -0.580109 21.486794 11.830361 2.266130 8.162916 0.000003 -0.000002 18.399055 -3.798980 -4.940567 0.000003 -0.000001 -0.000002 14.231267 17.624313 -21.801470 -0.294046 -0.716579 25.855726 -16.421919 -14.867802 4.249656 1.660525 -1.890648 -1.754485 -0.000000 0.000000 0.000002 -14.392028 -17.834414 2.847569 0.108041 0.797831 21.175001 15.873620 8.314276 -14.740913 -1.468703 0.969429 -2.673372 0.000000 0.000000 -0.000001 
2.443359 95.740601 1.327936 0.124912 5.455633 1.213443 0.978142 0.693258 1.967734 -0.298422 0.473632 -4.542957 1.118166 -1.756036 13.908086 -5.791747 7.368310 24.091408 0.540733 5.406223 -3.658592 -4.104914 6.137948 -1.039173 0.000077 -0.000021 0.000006 0.041779 -0.060155 -0.102396 0.747443 -3.750525 -10.587609 -0.673934 3.636319 -10.596161 20.473190 -18.183924 2.816644 -83.388092 -38.387039 -20.128799 178.819519 -35.827610 -179.564011 -3.327623 -10.892367 -11.418569 -5.882101 9.861276 0.702590 -10.936858 -0.360574 7.156197 -0.000000 8.774811 -0.000000 -16.390209 17.798447 6.032245 -1.844031 2.498502 -2.507276 -10.163589 4.678940 4.621103 -20.975994 -0.000003 0.000001 -21.226248 2.451693 -3.593994 0.000000 -0.000006 -0.000000 -1.362681 2.240796 -0.746323 -21.334894 0.584910 3.008320 -13.821197 -0.000002 0.000001 -23.887129 -0.249078 -0.839482 -60.948082 2.291152 -1.487075 -0.294026 1.679686 0.833255 -14.218190 0.093216 1.300578 -34.211998 -0.287562 0.967167 -20.033176 0.964535 1.212840 -0.000000 -0.000000 0.000000 -3.440386 0.788233 0.501655 -15.928165 -3.167305 2.999704 -6.338816 -0.000001 0.000001 -18.123413 3.648176 -4.905662 -0.000005 0.000000 -0.000002 -21.848026 24.362047 1.600056 92.509995 42.467888 5.146879 179.627182 36.721668 -179.485703 -9.004410 11.913252 -10.788837 2.243540 -5.255033 -3.180153 14.282877 -0.826593 6.952499 -0.000001 -12.690588 -0.000003 16.097103 -18.436962 3.224753 1.665665 -1.955920 -2.878298 4.727794 -4.170584 4.993920 11.020511 0.000002 0.000000 12.109035 -3.735711 -2.866782 0.000002 -0.000001 -0.000001 1.291985 -1.928548 -1.498088 14.800114 0.567468 3.865600 14.242554 -1.341735 -6.660648 19.631937 0.143926 -0.648245 51.140091 -1.076737 -5.880651 0.353028 -1.511149 -0.031941 20.222769 3.684304 2.316628 18.787251 0.000004 -0.000003 10.751612 -0.479868 1.397904 0.000001 0.000003 -0.000001 3.273804 0.305947 -0.580111 21.486790 11.830360 2.266130 8.162916 0.000002 -0.000004 18.399052 -3.798982 -4.940569 0.000003 -0.000001 -0.000002 14.166348 17.600105 -21.798260 -0.296578 -0.720602 25.796183 -16.371819 -14.776700 4.248052 1.657437 -1.883377 -1.765234 -0.000000 0.000000 0.000002 -14.428917 -17.818069 2.894652 0.104622 0.795513 21.018641 15.888393 8.255926 -14.630767 -1.470385 0.971570 -2.676543 0.000000 0.000000 -0.000001 
2.494810 95.760033 1.348273 0.144347 5.479874 1.242876 0.976661 0.690012 1.945894 -0.295035 0.476380 -4.545439 1.126671 -1.755764 13.895912 -5.794527 7.369843 24.106874 0.534273 5.438040 -3.680442 -4.084767 6.124490 -0.951836 0.000077 -0.000022 0.000005 0.035657 -0.053366 -0.119700 0.746249 -3.752890 -10.595965 -0.677323 3.638962 -10.617229 20.443987 -18.182789 2.837887 -83.302086 -38.415886 -20.101925 178.820328 -35.842106 -179.552917 -3.318670 -10.941806 -11.279885 -5.882102 9.861278 0.702591 -10.936863 -0.360573 7.156197 0.000001 8.774814 -0.000000 -16.377228 17.798647 6.037235 -1.844032 2.498502 -2.507275 -10.163592 4.678940 4.621104 -20.975998 -0.000002 0.000002 -21.226257 2.451693 -3.593994 0.000000 -0.000006 -0.000000 -1.362680 2.240797 -0.746323 -21.334896 0.584909 3.008320 -13.821198 -0.000002 0.000002 -23.887131 -0.249078 -0.839481 -60.923134 2.284183 -1.466395 -0.294025 1.679686 0.833256 -14.218195 0.093215 1.300579 -34.212013 -0.287563 0.967168 -20.033184 0.964536 1.212840 -0.000000 -0.000000 0.000000 -3.440387 0.788233 0.501655 -15.928169 -3.167305 2.999703 -6.338819 -0.000001 0.000001 -18.123415 3.648176 -4.905661 -0.000005 0.000000 -0.000003 -21.786997 24.343870 1.672298 92.413193 42.426239 5.124362 179.626541 36.721104 -179.500519 -8.940757 11.929880 -10.573652 2.243540 -5.255033 -3.180154 14.282878 -0.826594 6.952494 -0.000001 -12.690588 -0.000001 16.084614 -18.428991 3.219595 1.665665 -1.955919 -2.878295 4.727793 -4.170583 4.993918 11.020510 0.000003 -0.000001 12.109033 -3.735710 -2.866781 0.000002 -0.000001 0.000001 1.291984 -1.928548 -1.498089 14.800114 0.567467 3.865603 14.242553 -1.341733 -6.660648 19.631941 0.143925 -0.648244 51.144981 -1.083049 -5.895686 0.353029 -1.511149 -0.031941 20.222769 3.684304 2.316627 18.787249 0.000005 -0.000002 10.751613 -0.479868 1.397903 0.000001 0.000002 0.000000 3.273804 0.305946 -0.580108 21.486788 11.830360 2.266128 8.162916 0.000003 -0.000002 18.399050 -3.798980 -4.940567 0.000004 -0.000001 -0.000002 14.099396 17.585730 -21.815641 -0.295671 -0.725992 25.785084 -16.308521 -14.729193 4.232740 1.657961 -1.880801 -1.766799 -0.000000 0.000000 0.000002 -14.465461 -17.813856 2.978947 0.095931 0.802036 20.820181 15.942812 8.192719 -14.551480 -1.468570 0.963757 -2.647870 0.000000 0.000000 -0.000001 
2.527409 95.780426 1.394863 0.162027 5.502372 1.270916 0.977970 0.693560 1.931745 -0.290409 0.479217 -4.553866 1.129963 -1.755128 13.890238 -5.795539 7.361436 24.142738 0.530357 5.499801 -3.700613 -4.071369 6.107829 -0.902102 0.000077 -0.000022 0.000006 0.029920 -0.041618 -0.114643 0.737036 -3.733401 -10.587551 -0.682580 3.653981 -10.607117 20.396629 -18.151321 2.864762 -83.285873 -38.428967 -20.032450 178.800812 -35.833141 -179.533569 -3.351581 -10.993806 -11.083563 -5.882102 9.861278 0.702590 -10.936861 -0.360574 7.156198 0.000001 8.774813 -0.000001 -16.373833 17.789520 6.028131 -1.844032 2.498503 -2.507277 -10.163590 4.678939 4.621104 -20.976000 -0.000003 0.000003 -21.226255 2.451693 -3.593992 0.000000 -0.000006 -0.000000 -1.362682 2.240796 -0.746323 -21.334892 0.584909 3.008321 -13.821197 -0.000002 0.000002 -23.887131 -0.249077 -0.839481 -60.910347 2.266566 -1.455793 -0.294025 1.679687 0.833255 -14.218198 0.093215 1.300580 -34.212009 -0.287562 0.967169 -20.033186 0.964535 1.212842 -0.000000 -0.000000 0.000000 -3.440385 0.788233 0.501655 -15.928171 -3.167306 2.999704 -6.338817 -0.000001 0.000001 -18.123417 3.648176 -4.905661 -0.000005 -0.000000 -0.000002 -21.729879 24.323456 1.726205 92.312698 42.388275 5.018956 179.575882 36.745190 -179.515915 -8.895602 11.919519 -10.520324 2.243540 -5.255033 -3.180156 14.282877 -0.826594 6.952497 -0.000001 -12.690591 -0.000002 16.097355 -18.421129 3.232644 1.665665 -1.955920 -2.878300 4.727794 -4.170583 4.993917 11.020510 0.000003 -0.000001 12.109029 -3.735710 -2.866780 0.000002 -0.000000 -0.000000 1.291984 -1.928548 -1.498090 14.800109 0.567468 3.865602 14.242553 -1.341735 -6.660650 19.631939 0.143925 -0.648243 51.150063 -1.098333 -5.849554 0.353029 -1.511149 -0.031940 20.222765 3.684306 2.316629 18.787245 0.000005 -0.000001 10.751613 -0.479866 1.397903 -0.000000 0.000002 -0.000001 3.273804 0.305947 -0.580110 21.486790 11.830365 2.266132 8.162916 0.000004 -0.000001 18.399050 -3.798979 -4.940568 0.000003 0.000000 -0.000002 14.057483 17.582289 -21.808430 -0.298660 -0.725700 25.766157 -16.262781 -14.723028 4.230429 1.656667 -1.883679 -1.761780 -0.000000 0.000000 0.000002 -14.496344 -17.793947 3.066481 0.099758 0.801563 20.658333 15.985976 8.155846 -14.460217 -1.468486 0.956013 -2.616553 0.000000 0.000000 -0.000001 
2.555692 95.797302 1.409630 0.177328 5.555988 1.291763 0.984111 0.697187 1.916620 -0.291735 0.486938 -4.554286 1.138031 -1.755661 13.875428 -5.785117 7.363646 24.159895 0.542653 5.526743 -3.704622 -4.070308 6.106976 -0.816039 0.000077 -0.000022 0.000006 0.033145 -0.035026 -0.110775 0.738131 -3.731140 -10.598661 -0.680469 3.657659 -10.610325 20.383339 -18.158215 2.868171 -83.265190 -38.438778 -19.939068 178.759598 -35.839157 -179.502060 -3.377640 -11.044109 -10.833848 -5.882101 9.861279 0.702589 -10.936860 -0.360576 7.156197 0.000002 8.774813 -0.000002 -16.387646 17.789715 6.011435 -1.844031 2.498502 -2.507277 -10.163589 4.678938 4.621102 -20.975996 -0.000005 0.000003 -21.226255 2.451692 -3.593992 0.000000 -0.000006 0.000001 -1.362681 2.240797 -0.746323 -21.334892 0.584907 3.008322 -13.821197 -0.000003 0.000003 -23.887131 -0.249078 -0.839479 -60.923794 2.238743 -1.459501 -0.294024 1.679686 0.833255 -14.218192 0.093214 1.300579 -34.212002 -0.287566 0.967173 -20.033180 0.964534 1.212844 -0.000000 -0.000000 0.000000 -3.440384 0.788232 0.501656 -15.928167 -3.167308 2.999704 -6.338815 -0.000001 0.000001 -18.123415 3.648175 -4.905661 -0.000005 0.000000 -0.000002 -21.691832 24.275845 1.779952 92.261185 42.347969 5.015453 179.587509 36.767441 -179.511124 -8.863427 11.909399 -10.475518 2.243540 -5.255033 -3.180157 14.282878 -0.826592 6.952494 -0.000002 -12.690591 0.000000 16.105984 -18.400040 3.252444 1.665665 -1.955921 -2.878295 4.727794 -4.170583 4.993920 11.020513 0.000003 0.000000 12.109034 -3.735708 -2.866781 0.000002 -0.000000 -0.000001 1.291984 -1.928548 -1.498087 14.800114 0.567468 3.865605 14.242554 -1.341734 -6.660647 19.631941 0.143925 -0.648243 51.117535 -1.119175 -5.831851 0.353029 -1.511149 -0.031941 20.222771 3.684309 2.316628 18.787249 0.000007 -0.000002 10.751610 -0.479866 1.397904 0.000001 0.000002 -0.000001 3.273805 0.305947 -0.580111 21.486792 11.830365 2.266133 8.162917 0.000004 -0.000002 18.399054 -3.798978 -4.940566 0.000003 0.000000 -0.000002 14.003685 17.578375 -21.839239 -0.297694 -0.734901 25.763275 -16.242306 -14.731650 4.271425 1.658262 -1.893830 -1.761709 0.000000 -0.000000 0.000002 -14.517576 -17.787111 3.121025 0.100765 0.797709 20.556021 15.999410 8.148265 -14.390306 -1.466285 0.936812 -2.577696 0.000000 0.000000 -0.000001 
2.586088 95.810440 1.441983 0.197859 5.569713 1.313379 0.987214 0.705521 1.905281 -0.295544 0.505029 -4.556378 1.143395 -1.768659 13.872211 -5.758090 7.372666 24.195086 0.551498 5.550910 -3.698484 -4.074646 6.125167 -0.745430 0.000077 -0.000022 0.000005 0.042242 -0.046139 -0.124735 0.751471 -3.743222 -10.618505 -0.673958 3.640421 -10.623245 20.354013 -18.114212 2.883913 -83.267258 -38.468693 -19.829048 178.732361 -35.860088 -179.469696 -3.386971 -11.096725 -10.655823 -5.882102 9.861278 0.702590 -10.936862 -0.360575 7.156199 -0.000001 8.774815 -0.000002 -16.405117 17.792385 6.004450 -1.844030 2.498503 -2.507275 -10.163591 4.678941 4.621105 -20.976000 -0.000002 0.000003 -21.226257 2.451694 -3.593994 0.000000 -0.000006 0.000002 -1.362680 2.240796 -0.746322 -21.334892 0.584909 3.008322 -13.821197 -0.000002 0.000003 -23.887133 -0.249077 -0.839480 -60.991127 2.231990 -1.488989 -0.294025 1.679687 0.833255 -14.218195 0.093215 1.300580 -34.212013 -0.287562 0.967171 -20.033180 0.964536 1.212842 -0.000000 0.000000 0.000000 -3.440386 0.788233 0.501655 -15.928171 -3.167305 2.999705 -6.338815 -0.000001 0.000002 -18.123415 3.648178 -4.905662 -0.000005 0.000000 -0.000002 -21.669445 24.251965 1.810344 92.203522 42.317085 5.031131 179.626526 36.801216 -179.459610 -8.816987 11.876312 -10.563716 2.243540 -5.255033 -3.180155 14.282878 -0.826595 6.952497 -0.000001 -12.690587 0.000000 16.158091 -18.370207 3.263856 1.665665 -1.955920 -2.878296 4.727794 -4.170583 4.993918 11.020512 0.000003 -0.000001 12.109034 -3.735708 -2.866779 0.000002 -0.000000 0.000001 1.291985 -1.928548 -1.498088 14.800111 0.567468 3.865602 14.242553 -1.341734 -6.660652 19.631941 0.143922 -0.648244 51.124142 -1.135481 -5.805763 0.353029 -1.511149 -0.031941 20.222771 3.684304 2.316629 18.787249 0.000004 -0.000003 10.751611 -0.479867 1.397902 -0.000000 0.000003 -0.000001 3.273805 0.305947 -0.580111 21.486794 11.830360 2.266132 8.162916 0.000001 -0.000002 18.399055 -3.798980 -4.940570 0.000003 0.000000 -0.000002 13.967094 17.554630 -21.864372 -0.302015 -0.727996 25.812325 -16.205196 -14.710713 4.278890 1.659052 -1.896769 -1.767247 -0.000000 0.000000 0.000002 -14.557674 -17.765963 3.171403 0.108613 0.783380 20.465395 15.984623 8.110332 -14.329768 -1.466449 0.921438 -2.569763 0.000000 0.000000 -0.000001 
2.605887 95.823792 1.417430 0.219751 5.576428 1.329355 0.986818 0.707169 1.892262 -0.297932 0.514392 -4.553949 1.148426 -1.769626 13.870899 -5.735215 7.405750 24.218504 0.574187 5.565805 -3.707455 -4.084714 6.166827 -0.638489 0.000078 -0.000022 0.000008 0.046858 -0.063528 -0.135172 0.763579 -3.756804 -10.605680 -0.664579 3.629818 -10.617803 20.315601 -18.074459 2.916531 -83.252518 -38.467594 -19.691547 178.684525 -35.873409 -179.444366 -3.456163 -11.166307 -10.461526 -5.882101 9.861278 0.702590 -10.936858 -0.360575 7.156198 0.000002 8.774815 -0.000001 -16.417206 17.787542 5.996146 -1.844031 2.498503 -2.507276 -10.163589 4.678940 4.621104 -20.975996 -0.000004 0.000003 -21.226250 2.451692 -3.593992 0.000000 -0.000006 -0.000000 -1.362680 2.240796 -0.746322 -21.334890 0.584907 3.008322 -13.821195 -0.000003 0.000003 -23.887133 -0.249079 -0.839480 -60.968361 2.240424 -1.512522 -0.294024 1.679686 0.833255 -14.218194 0.093213 1.300580 -34.212002 -0.287565 0.967173 -20.033180 0.964535 1.212844 -0.000000 -0.000000 0.000000 -3.440386 0.788232 0.501655 -15.928167 -3.167308 2.999705 -6.338816 -0.000002 0.000002 -18.123411 3.648177 -4.905660 -0.000004 -0.000000 -0.000002 -21.634502 24.236593 1.819839 92.130234 42.238377 5.133781 179.696472 36.831619 -179.435349 -8.744558 11.897161 -10.554225 2.243540 -5.255033 -3.180156 14.282877 -0.826592 6.952494 -0.000002 -12.690592 0.000000 16.185652 -18.338898 3.258217 1.665665 -1.955920 -2.878298 4.727793 -4.170583 4.993916 11.020511 0.000003 -0.000001 12.109032 -3.735710 -2.866780 0.000001 -0.000000 -0.000000 1.291984 -1.928548 -1.498087 14.800113 0.567468 3.865601 14.242551 -1.341734 -6.660651 19.631939 0.143926 -0.648243 51.123104 -1.138439 -5.822189 0.353029 -1.511150 -0.031940 20.222769 3.684306 2.316629 18.787245 0.000006 -0.000002 10.751610 -0.479869 1.397903 0.000000 0.000001 0.000000 3.273804 0.305947 -0.580109 21.486792 11.830363 2.266130 8.162916 0.000003 -0.000002 18.399054 -3.798979 -4.940568 0.000003 0.000000 -0.000001 13.923987 17.549131 -21.909895 -0.320013 -0.735890 25.837278 -16.191698 -14.649893 4.349730 1.661794 -1.898474 -1.778731 0.000000 -0.000000 0.000002 -14.580256 -17.737099 3.130774 0.109039 0.766114 20.484146 15.945882 8.062598 -14.292427 -1.466359 0.918328 -2.557912 0.000000 -0.000000 -0.000001 
2.643565 95.823410 1.421820 0.238904 5.577900 1.356145 0.983791 0.726423 1.872928 -0.296849 0.497750 -4.559186 1.154778 -1.759033 13.891908 -5.713524 7.402274 24.266577 0.576325 5.627051 -3.711477 -4.099006 6.193709 -0.584992 0.000077 -0.000024 0.000007 0.055488 -0.062312 -0.126122 0.765001 -3.757653 -10.611947 -0.661013 3.624146 -10.621627 20.258867 -18.010277 2.982729 -83.268112 -38.512909 -19.540001 178.657745 -35.909416 -179.436279 -3.464993 -11.251037 -10.349862 -5.882102 9.861278 0.702589 -10.936862 -0.360575 7.156196 0.000002 8.774814 -0.000001 -16.415073 17.812143 5.991516 -1.844031 2.498502 -2.507275 -10.163589 4.678939 4.621102 -20.976002 -0.000005 0.000001 -21.226255 2.451692 -3.593995 0.000000 -0.000006 0.000001 -1.362681 2.240796 -0.746324 -21.334894 0.584908 3.008317 -13.821198 -0.000003 0.000001 -23.887135 -0.249080 -0.839482 -60.941299 2.252856 -1.534894 -0.294025 1.679686 0.833255 -14.218192 0.093214 1.300578 -34.212002 -0.287566 0.967168 -20.033178 0.964533 1.212841 -0.000000 -0.000000 0.000000 -3.440384 0.788232 0.501655 -15.928169 -3.167307 2.999702 -6.338817 -0.000001 0.000001 -18.123415 3.648175 -4.905662 -0.000004 0.000001 -0.000002 -21.598871 24.228537 1.844053 92.093330 42.183342 5.326820 179.822159 36.875343 -179.403320 -8.680958 11.928447 -10.478657 2.243540 -5.255032 -3.180155 14.282875 -0.826594 6.952496 -0.000002 -12.690591 -0.000001 16.205793 -18.309950 3.207187 1.665665 -1.955920 -2.878294 4.727794 -4.170583 4.993918 11.020513 0.000003 -0.000001 12.109035 -3.735711 -2.866779 0.000002 -0.000000 -0.000001 1.291985 -1.928547 -1.498089 14.800111 0.567468 3.865602 14.242553 -1.341734 -6.660647 19.631939 0.143927 -0.648244 51.106297 -1.129273 -5.800328 0.353029 -1.511149 -0.031940 20.222771 3.684306 2.316625 18.787245 0.000006 -0.000002 10.751610 -0.479868 1.397902 -0.000000 0.000003 -0.000002 3.273804 0.305947 -0.580110 21.486792 11.830364 2.266128 8.162914 0.000002 -0.000002 18.399052 -3.798980 -4.940568 0.000003 -0.000001 -0.000001 13.874068 17.545542 -21.965002 -0.328353 -0.741118 25.902391 -16.155888 -14.617759 4.315547 1.663266 -1.896583 -1.776951 0.000000 -0.000000 0.000002 -14.614200 -17.725727 3.129664 0.108828 0.768135 20.436491 15.933043 7.996073 -14.296373 -1.468017 0.923558 -2.527871 0.000000 0.000000 -0.000001 
2.672714 95.830078 1.396075 0.260717 5.589840 1.374762 0.985059 0.708950 1.860496 -0.307418 0.518806 -4.557579 1.170055 -1.755977 13.894432 -5.687752 7.385352 24.299398 0.591936 5.673450 -3.693552 -4.111207 6.243855 -0.562666 0.000078 -0.000022 0.000008 0.051420 -0.062315 -0.117420 0.768083 -3.763488 -10.605884 -0.665108 3.630794 -10.608523 20.196337 -17.967516 3.067852 -83.268684 -38.528202 -19.388588 178.642380 -35.883335 -179.402817 -3.428618 -11.319039 -10.290231 -5.882102 9.861279 0.702590 -10.936862 -0.360575 7.156198 0.000001 8.774817 -0.000002 -16.405266 17.828489 5.982420 -1.844032 2.498503 -2.507276 -10.163590 4.678941 4.621105 -20.975996 -0.000003 0.000003 -21.226257 2.451694 -3.593994 0.000001 -0.000006 0.000002 -1.362681 2.240797 -0.746322 -21.334896 0.584909 3.008320 -13.821195 -0.000003 0.000002 -23.887131 -0.249078 -0.839481 -60.910942 2.278224 -1.553900 -0.294024 1.679686 0.833255 -14.218195 0.093215 1.300579 -34.212013 -0.287563 0.967168 -20.033186 0.964535 1.212841 -0.000000 0.000000 0.000000 -3.440386 0.788233 0.501655 -15.928169 -3.167306 2.999704 -6.338820 -0.000001 0.000001 -18.123415 3.648177 -4.905662 -0.000003 0.000000 -0.000002 -21.550261 24.203695 1.890719 92.075935 42.125286 5.529425 179.902176 36.914951 -179.378662 -8.664347 11.929817 -10.494745 2.243539 -5.255033 -3.180155 14.282877 -0.826591 6.952499 -0.000003 -12.690590 -0.000000 16.242596 -18.314632 3.184328 1.665664 -1.955920 -2.878294 4.727793 -4.170583 4.993918 11.020512 0.000004 0.000002 12.109032 -3.735708 -2.866778 0.000002 -0.000001 -0.000000 1.291984 -1.928547 -1.498087 14.800113 0.567470 3.865603 14.242553 -1.341733 -6.660647 19.631941 0.143928 -0.648241 51.154430 -1.108885 -5.780522 0.353028 -1.511149 -0.031941 20.222773 3.684309 2.316628 18.787247 0.000007 0.000000 10.751613 -0.479867 1.397905 0.000001 0.000001 0.000000 3.273804 0.305947 -0.580109 21.486795 11.830368 2.266134 8.162916 0.000004 -0.000002 18.399054 -3.798979 -4.940566 0.000004 -0.000001 -0.000002 13.812855 17.544861 -22.023344 -0.319301 -0.735893 25.936245 -16.115685 -14.592934 4.348368 1.663358 -1.901612 -1.755848 -0.000000 0.000000 0.000002 -14.644972 -17.727423 3.088520 0.116060 0.790007 20.455345 15.906186 7.929929 -14.282784 -1.466092 0.919357 -2.473867 -0.000000 0.000000 -0.000001 
2.707079 95.823921 1.394705 0.279968 5.580859 1.377432 0.979224 0.724241 1.868089 -0.307380 0.493235 -4.559429 1.180692 -1.732734 13.904756 -5.664399 7.335702 24.349298 0.580658 5.767111 -3.669338 -4.118793 6.291165 -0.585569 0.000078 -0.000022 0.000008 0.043508 -0.052217 -0.117483 0.756299 -3.753867 -10.616128 -0.674348 3.635509 -10.622214 20.170513 -17.939831 3.106035 -83.265747 -38.538269 -19.326639 178.656845 -35.873024 -179.418015 -3.393405 -11.337605 -10.302527 -5.882101 9.861278 0.702591 -10.936858 -0.360573 7.156197 0.000002 8.774813 0.000000 -16.412056 17.833338 5.993187 -1.844031 2.498502 -2.507275 -10.163589 4.678940 4.621105 -20.975992 -0.000003 0.000001 -21.226250 2.451693 -3.593994 0.000001 -0.000006 0.000001 -1.362680 2.240796 -0.746323 -21.334892 0.584910 3.008320 -13.821197 -0.000002 0.000002 -23.887131 -0.249078 -0.839482 -60.906467 2.289326 -1.547295 -0.294024 1.679686 0.833256 -14.218190 0.093214 1.300579 -34.211998 -0.287563 0.967169 -20.033175 0.964535 1.212841 -0.000000 0.000000 0.000000 -3.440385 0.788233 0.501656 -15.928167 -3.167305 2.999704 -6.338817 -0.000001 0.000001 -18.123413 3.648176 -4.905661 -0.000004 -0.000000 -0.000003 -21.495731 24.186277 1.951690 92.067780 42.107048 5.665330 179.892075 36.941879 -179.411530 -8.728489 11.908858 -10.575631 2.243539 -5.255032 -3.180155 14.282875 -0.826593 6.952497 -0.000003 -12.690592 0.000002 16.289522 -18.316175 3.149043 1.665665 -1.955920 -2.878299 4.727793 -4.170583 4.993919 11.020510 0.000004 -0.000001 12.109030 -3.735709 -2.866778 0.000002 -0.000000 -0.000000 1.291984 -1.928547 -1.498090 14.800109 0.567468 3.865605 14.242550 -1.341733 -6.660648 19.631937 0.143929 -0.648244 51.214325 -1.081286 -5.772515 0.353029 -1.511149 -0.031939 20.222769 3.684306 2.316627 18.787245 0.000007 -0.000001 10.751610 -0.479869 1.397905 -0.000000 -0.000000 -0.000002 3.273804 0.305947 -0.580110 21.486790 11.830362 2.266131 8.162916 0.000003 -0.000002 18.399050 -3.798980 -4.940567 0.000003 0.000000 0.000000 13.769145 17.551176 -22.042761 -0.321551 -0.740432 25.981728 -16.081589 -14.535504 4.290391 1.663609 -1.915546 -1.731875 -0.000000 0.000000 0.000002 -14.684346 -17.695827 3.084656 0.119994 0.791898 20.454128 15.907032 7.873760 -14.301328 -1.465405 0.921119 -2.401238 0.000000 0.000000 -0.000001 
2.732352 95.819733 1.377017 0.302909 5.596315 1.381221 0.970572 0.722196 1.868463 -0.304332 0.493971 -4.556823 1.193505 -1.733013 13.915667 -5.643088 7.302392 24.388983 0.567657 5.808552 -3.689111 -4.119439 6.317991 -0.583435 0.000078 -0.000023 0.000008 0.046202 -0.039883 -0.100037 0.752230 -3.731309 -10.610065 -0.677759 3.652968 -10.618024 20.154331 -17.937208 3.142845 -83.242035 -38.533787 -19.315285 178.661026 -35.860855 -179.412811 -3.362449 -11.369291 -10.326229 -5.882101 9.861279 0.702590 -10.936861 -0.360574 7.156198 0.000001 8.774815 -0.000001 -16.416569 17.848490 6.020210 -1.844031 2.498503 -2.507276 -10.163591 4.678941 4.621105 -20.975996 -0.000003 0.000002 -21.226255 2.451693 -3.593994 0.000001 -0.000006 0.000001 -1.362681 2.240797 -0.746323 -21.334892 0.584909 3.008321 -13.821198 -0.000002 0.000002 -23.887131 -0.249078 -0.839481 -60.914825 2.306426 -1.534717 -0.294025 1.679686 0.833255 -14.218194 0.093215 1.300579 -34.212006 -0.287564 0.967170 -20.033180 0.964535 1.212842 -0.000000 0.000000 0.000000 -3.440386 0.788233 0.501655 -15.928169 -3.167308 2.999705 -6.338815 -0.000001 0.000001 -18.123411 3.648177 -4.905661 -0.000004 0.000000 -0.000002 -21.461164 24.166056 1.979769 92.085770 42.102104 5.694290 179.839218 36.991928 -179.464569 -8.795519 11.897619 -10.751340 2.243539 -5.255032 -3.180154 14.282878 -0.826593 6.952494 -0.000002 -12.690588 0.000001 16.332855 -18.359436 3.141693 1.665665 -1.955920 -2.878297 4.727794 -4.170583 4.993918 11.020513 0.000003 0.000001 12.109035 -3.735712 -2.866780 0.000001 0.000000 0.000000 1.291984 -1.928548 -1.498089 14.800113 0.567468 3.865605 14.242553 -1.341735 -6.660646 19.631939 0.143925 -0.648241 51.294769 -1.064183 -5.803397 0.353029 -1.511149 -0.031940 20.222773 3.684307 2.316627 18.787249 0.000005 0.000001 10.751611 -0.479869 1.397905 -0.000000 0.000002 -0.000000 3.273805 0.305947 -0.580109 21.486792 11.830364 2.266130 8.162916 0.000004 -0.000001 18.399057 -3.798978 -4.940567 0.000003 0.000000 0.000000 13.724157 17.514948 -22.056202 -0.324022 -0.733813 25.974228 -16.073692 -14.444165 4.255079 1.661438 -1.928108 -1.708839 -0.000000 0.000000 0.000002 -14.713272 -17.682709 3.048516 0.112463 0.799598 20.508593 15.908633 7.814925 -14.318969 -1.465319 0.933281 -2.342121 0.000000 0.000000 -0.000001 
2.750471 95.830208 1.354156 0.325484 5.583786 1.386670 0.957425 0.706241 1.868202 -0.298877 0.501611 -4.549168 1.206877 -1.733214 13.913787 -5.652810 7.272945 24.407755 0.597599 5.841401 -3.693959 -4.108752 6.376969 -0.587028 0.000077 -0.000023 0.000007 0.032747 -0.034094 -0.129439 0.743049 -3.724971 -10.624457 -0.679273 3.654333 -10.614268 20.101170 -17.924500 3.186072 -83.156898 -38.515553 -19.375509 178.663239 -35.846424 -179.396194 -3.364949 -11.416871 -10.393254 -5.882102 9.861279 0.702589 -10.936860 -0.360576 7.156197 0.000002 8.774814 -0.000002 -16.433342 17.853308 6.036831 -1.844031 2.498503 -2.507276 -10.163588 4.678939 4.621103 -20.975998 -0.000004 0.000003 -21.226255 2.451692 -3.593992 0.000000 -0.000006 -0.000000 -1.362681 2.240797 -0.746322 -21.334887 0.584907 3.008320 -13.821197 -0.000003 0.000003 -23.887133 -0.249078 -0.839480 -60.928318 2.316727 -1.524074 -0.294025 1.679686 0.833255 -14.218195 0.093214 1.300579 -34.212006 -0.287564 0.967171 -20.033180 0.964534 1.212842 -0.000000 0.000000 0.000000 -3.440385 0.788232 0.501655 -15.928169 -3.167307 2.999704 -6.338817 -0.000001 0.000001 -18.123413 3.648175 -4.905661 -0.000004 -0.000000 -0.000002 -21.389111 24.123171 2.014430 92.121231 42.054295 5.775618 179.791855 37.018501 -179.490585 -8.805202 11.900254 -10.922120 2.243539 -5.255032 -3.180156 14.282875 -0.826592 6.952497 -0.000003 -12.690590 -0.000001 16.364763 -18.376274 3.124709 1.665664 -1.955920 -2.878297 4.727793 -4.170583 4.993918 11.020510 0.000003 -0.000001 12.109027 -3.735708 -2.866779 0.000000 -0.000000 0.000000 1.291984 -1.928548 -1.498088 14.800113 0.567470 3.865605 14.242550 -1.341735 -6.660646 19.631939 0.143929 -0.648242 51.353786 -1.066740 -5.811548 0.353029 -1.511150 -0.031941 20.222769 3.684309 2.316627 18.787245 0.000006 0.000001 10.751611 -0.479866 1.397904 0.000000 0.000003 -0.000001 3.273804 0.305947 -0.580110 21.486788 11.830365 2.266133 8.162915 0.000003 -0.000001 18.399046 -3.798978 -4.940568 0.000002 -0.000002 -0.000002 13.681020 17.468185 -22.032160 -0.313649 -0.732879 25.899771 -16.079687 -14.351569 4.259037 1.659385 -1.926974 -1.663010 -0.000000 0.000000 0.000002 -14.750276 -17.687908 3.002885 0.110709 0.794859 20.558199 15.904149 7.803479 -14.270612 -1.465954 0.934542 -2.326699 0.000000 0.000000 -0.000001 
2.796444 95.828804 1.368629 0.346563 5.569521 1.393352 0.948841 0.721585 1.872060 -0.289511 0.490549 -4.549665 1.221737 -1.736122 13.914196 -5.683610 7.256376 24.403481 0.648280 5.867103 -3.661064 -4.103617 6.441010 -0.626707 0.000078 -0.000023 0.000009 0.026750 -0.028694 -0.128151 0.737307 -3.718704 -10.614646 -0.686012 3.653687 -10.611136 20.068670 -17.952030 3.208364 -83.143456 -38.527962 -19.333231 178.670074 -35.832035 -179.357895 -3.368927 -11.475582 -10.417706 -5.882101 9.861278 0.702589 -10.936858 -0.360576 7.156197 0.000001 8.774812 -0.000001 -16.425478 17.841290 6.079111 -1.844030 2.498502 -2.507276 -10.163584 4.678939 4.621104 -20.975992 -0.000004 0.000002 -21.226250 2.451691 -3.593993 0.000001 -0.000006 0.000001 -1.362681 2.240796 -0.746323 -21.334892 0.584908 3.008320 -13.821194 -0.000003 0.000002 -23.887131 -0.249079 -0.839482 -60.962761 2.312945 -1.514110 -0.294024 1.679686 0.833255 -14.218190 0.093215 1.300578 -34.211998 -0.287564 0.967169 -20.033176 0.964534 1.212841 -0.000000 -0.000000 0.000000 -3.440386 0.788232 0.501655 -15.928167 -3.167306 2.999704 -6.338814 -0.000001 0.000001 -18.123411 3.648175 -4.905661 -0.000005 -0.000000 -0.000003 -21.335087 24.078390 2.049814 92.143341 42.043308 5.920841 179.815765 37.088257 -179.493607 -8.834583 11.992171 -11.048023 2.243540 -5.255033 -3.180155 14.282875 -0.826593 6.952496 -0.000003 -12.690590 0.000000 16.382818 -18.400103 3.141187 1.665665 -1.955920 -2.878297 4.727794 -4.170584 4.993917 11.020510 0.000003 0.000000 12.109033 -3.735709 -2.866780 0.000000 -0.000000 -0.000000 1.291984 -1.928547 -1.498087 14.800114 0.567468 3.865603 14.242553 -1.341735 -6.660648 19.631939 0.143925 -0.648243 51.438744 -1.063096 -5.821387 0.353029 -1.511149 -0.031939 20.222765 3.684306 2.316629 18.787243 0.000005 -0.000000 10.751612 -0.479866 1.397903 0.000000 0.000003 0.000001 3.273804 0.305947 -0.580110 21.486788 11.830362 2.266132 8.162916 0.000004 -0.000002 18.399052 -3.798979 -4.940567 0.000002 0.000000 -0.000002 13.635590 17.424070 -22.014824 -0.310287 -0.729305 25.895992 -16.055176 -14.302773 4.160337 1.655651 -1.919040 -1.616712 -0.000000 0.000000 0.000002 -14.796601 -17.647791 3.024838 0.104727 0.786671 20.512226 15.914183 7.795499 -14.254124 -1.465754 0.945387 -2.319682 0.000000 0.000000 -0.000001 
2.829235 95.834641 1.312050 0.356873 5.572867 1.401751 0.943848 0.712852 1.866956 -0.282272 0.489533 -4.551773 1.237802 -1.741729 13.918870 -5.702944 7.227716 24.412537 0.678029 5.899590 -3.654493 -4.096442 6.488171 -0.701958 0.000077 -0.000022 0.000008 0.022716 -0.023421 -0.108021 0.733899 -3.706310 -10.599887 -0.683891 3.659830 -10.591474 20.037310 -18.000650 3.209713 -83.056068 -38.490532 -19.345520 178.656357 -35.836166 -179.307251 -3.335959 -11.574699 -10.387268 -5.882102 9.861276 0.702591 -10.936862 -0.360573 7.156197 0.000002 8.774814 -0.000000 -16.400501 17.844200 6.107839 -1.844032 2.498502 -2.507276 -10.163591 4.678940 4.621104 -20.975998 -0.000004 0.000003 -21.226254 2.451693 -3.593991 -0.000000 -0.000006 0.000001 -1.362680 2.240796 -0.746322 -21.334894 0.584908 3.008321 -13.821197 -0.000002 0.000002 -23.887133 -0.249078 -0.839481 -60.996067 2.303127 -1.498018 -0.294026 1.679686 0.833255 -14.218198 0.093215 1.300579 -34.212006 -0.287562 0.967170 -20.033180 0.964536 1.212842 -0.000000 0.000000 0.000000 -3.440387 0.788233 0.501655 -15.928173 -3.167305 2.999704 -6.338819 -0.000001 0.000001 -18.123415 3.648176 -4.905661 -0.000004 -0.000000 -0.000003 -21.280830 24.065664 2.126585 92.125290 42.086853 6.040545 179.882523 37.146183 -179.471817 -8.834887 12.084570 -11.134400 2.243540 -5.255033 -3.180157 14.282873 -0.826594 6.952493 -0.000000 -12.690592 0.000000 16.396090 -18.393145 3.147944 1.665665 -1.955921 -2.878296 4.727793 -4.170583 4.993917 11.020509 0.000003 -0.000001 12.109031 -3.735710 -2.866781 0.000000 0.000000 0.000000 1.291984 -1.928548 -1.498086 14.800113 0.567467 3.865602 14.242553 -1.341736 -6.660649 19.631937 0.143925 -0.648245 51.493797 -1.080847 -5.836679 0.353029 -1.511150 -0.031941 20.222763 3.684303 2.316627 18.787243 0.000004 -0.000003 10.751609 -0.479869 1.397903 0.000000 0.000000 -0.000001 3.273803 0.305947 -0.580109 21.486788 11.830361 2.266130 8.162915 0.000003 -0.000001 18.399050 -3.798980 -4.940570 0.000002 -0.000001 -0.000002 13.581225 17.410912 -22.031900 -0.304859 -0.725583 25.833937 -16.035013 -14.288841 4.165183 1.653763 -1.898441 -1.576752 0.000000 -0.000000 0.000002 -14.813130 -17.628695 2.978582 0.111703 0.792961 20.507858 15.923458 7.782723 -14.245084 -1.467669 0.952549 -2.354594 -0.000000 -0.000000 -0.000001 
2.850653 95.850670 1.271018 0.369805 5.558685 1.413290 0.934276 0.697227 1.854680 -0.277428 0.505681 -4.552847 1.256599 -1.752519 13.916416 -5.713480 7.217535 24.430483 0.724194 5.907030 -3.666605 -4.074227 6.553138 -0.793001 0.000077 -0.000021 0.000009 0.029340 -0.022211 -0.109326 0.725743 -3.704288 -10.594381 -0.680095 3.662798 -10.581305 20.001007 -18.060423 3.193970 -83.025040 -38.467224 -19.317665 178.634277 -35.855682 -179.266220 -3.293713 -11.656216 -10.327542 -5.882101 9.861279 0.702589 -10.936859 -0.360575 7.156197 0.000001 8.774813 -0.000002 -16.384872 17.855118 6.106792 -1.844031 2.498503 -2.507276 -10.163591 4.678940 4.621104 -20.975996 -0.000003 0.000003 -21.226255 2.451693 -3.593993 0.000001 -0.000006 0.000001 -1.362680 2.240796 -0.746323 -21.334890 0.584908 3.008320 -13.821197 -0.000002 0.000002 -23.887133 -0.249078 -0.839481 -61.002056 2.301832 -1.480607 -0.294025 1.679686 0.833254 -14.218192 0.093214 1.300579 -34.212006 -0.287563 0.967170 -20.033180 0.964536 1.212842 -0.000000 0.000000 0.000000 -3.440386 0.788233 0.501655 -15.928171 -3.167306 2.999704 -6.338817 -0.000001 0.000001 -18.123415 3.648177 -4.905661 -0.000005 -0.000000 -0.000002 -21.234032 24.049091 2.211928 92.091347 42.164188 6.080542 179.896271 37.226501 -179.493912 -8.792506 12.192520 -11.160851 2.243540 -5.255033 -3.180156 14.282875 -0.826595 6.952499 -0.000001 -12.690590 -0.000001 16.456503 -18.397793 3.129639 1.665665 -1.955919 -2.878296 4.727794 -4.170583 4.993918 11.020513 0.000002 -0.000002 12.109034 -3.735712 -2.866781 -0.000000 -0.000000 -0.000001 1.291984 -1.928548 -1.498089 14.800114 0.567465 3.865602 14.242551 -1.341735 -6.660648 19.631937 0.143922 -0.648243 51.525307 -1.064072 -5.837819 0.353029 -1.511149 -0.031940 20.222767 3.684304 2.316627 18.787245 0.000005 -0.000001 10.751610 -0.479869 1.397902 0.000000 0.000001 0.000000 3.273804 0.305946 -0.580110 21.486790 11.830360 2.266128 8.162916 0.000002 -0.000002 18.399054 -3.798982 -4.940568 0.000003 0.000000 -0.000002 13.535321 17.421589 -22.023893 -0.294625 -0.715684 25.748775 -16.027510 -14.300526 4.214400 1.653476 -1.882807 -1.543616 -0.000000 0.000000 0.000002 -14.819891 -17.591009 2.941972 0.114112 0.801657 20.481440 15.896854 7.746791 -14.210227 -1.466779 0.952146 -2.387437 0.000000 0.000000 -0.000001 
2.846003 95.862083 1.215713 0.379265 5.548064 1.416781 0.926256 0.700748 1.842509 -0.268441 0.487400 -4.555947 1.263010 -1.744745 13.916708 -5.695152 7.217125 24.427961 0.735098 5.945085 -3.676455 -4.063140 6.587377 -0.870341 0.000078 -0.000022 0.000007 0.020609 -0.010015 -0.128716 0.721730 -3.698049 -10.583013 -0.680771 3.668787 -10.586532 19.913725 -18.117348 3.243346 -82.895149 -38.451382 -19.336975 178.582443 -35.906132 -179.247192 -3.275090 -11.738008 -10.193938 -5.882102 9.861277 0.702590 -10.936856 -0.360575 7.156196 0.000001 8.774812 -0.000000 -16.404263 17.880043 6.089590 -1.844031 2.498502 -2.507276 -10.163590 4.678939 4.621103 -20.975996 -0.000004 0.000001 -21.226255 2.451692 -3.593994 0.000001 -0.000006 0.000001 -1.362679 2.240796 -0.746323 -21.334892 0.584909 3.008319 -13.821197 -0.000003 0.000001 -23.887133 -0.249079 -0.839482 -61.077625 2.311313 -1.481770 -0.294025 1.679686 0.833256 -14.218192 0.093214 1.300578 -34.211998 -0.287565 0.967167 -20.033176 0.964534 1.212841 -0.000000 -0.000000 0.000000 -3.440385 0.788233 0.501655 -15.928171 -3.167305 2.999703 -6.338816 -0.000001 0.000001 -18.123415 3.648175 -4.905662 -0.000005 -0.000000 -0.000002 -21.186556 24.068220 2.302395 92.033348 42.246883 6.054169 179.908630 37.313641 -179.507614 -8.762410 12.345701 -11.144775 2.243540 -5.255033 -3.180157 14.282877 -0.826593 6.952497 -0.000003 -12.690592 -0.000001 16.527550 -18.448975 3.127366 1.665665 -1.955920 -2.878297 4.727794 -4.170584 4.993921 11.020511 0.000004 -0.000000 12.109031 -3.735711 -2.866778 0.000000 -0.000000 -0.000001 1.291984 -1.928548 -1.498089 14.800113 0.567468 3.865603 14.242548 -1.341735 -6.660648 19.631939 0.143927 -0.648240 51.588737 -1.079638 -5.875416 0.353029 -1.511150 -0.031941 20.222771 3.684307 2.316629 18.787249 0.000004 -0.000000 10.751611 -0.479871 1.397906 0.000000 0.000003 0.000001 3.273804 0.305947 -0.580110 21.486794 11.830366 2.266134 8.162917 0.000003 -0.000002 18.399054 -3.798980 -4.940568 0.000002 -0.000001 -0.000002 13.503927 17.440533 -21.999916 -0.288103 -0.723907 25.620153 -16.031185 -14.292739 4.274463 1.655720 -1.870510 -1.510398 -0.000000 0.000000 0.000002 -14.802986 -17.550385 2.855899 0.111254 0.806513 20.554581 15.864056 7.750700 -14.201338 -1.469172 0.949090 -2.412937 0.000000 0.000000 -0.000001 
2.855614 95.868439 1.213935 0.395039 5.568811 1.429448 0.918042 0.662914 1.819476 -0.266750 0.499909 -4.561893 1.270498 -1.754280 13.922080 -5.666690 7.232869 24.432190 0.747024 5.958704 -3.707263 -4.054994 6.652933 -0.963342 0.000078 -0.000022 0.000009 0.023663 -0.005439 -0.098940 0.716601 -3.698658 -10.574618 -0.678172 3.672925 -10.567496 19.844484 -18.163956 3.303176 -82.800415 -38.480217 -19.401270 178.528442 -35.961269 -179.245438 -3.345455 -11.790678 -10.079700 -5.882101 9.861278 0.702589 -10.936858 -0.360575 7.156196 0.000003 8.774814 -0.000001 -16.396130 17.905376 6.065386 -1.844031 2.498503 -2.507275 -10.163590 4.678940 4.621102 -20.975994 -0.000003 0.000002 -21.226255 2.451693 -3.593994 0.000001 -0.000006 0.000001 -1.362680 2.240796 -0.746323 -21.334892 0.584909 3.008319 -13.821198 -0.000003 0.000001 -23.887131 -0.249078 -0.839481 -61.070427 2.310414 -1.474768 -0.294024 1.679686 0.833255 -14.218195 0.093215 1.300578 -34.212006 -0.287564 0.967168 -20.033180 0.964534 1.212840 -0.000000 -0.000000 -0.000000 -3.440386 0.788232 0.501655 -15.928169 -3.167306 2.999703 -6.338817 -0.000001 0.000000 -18.123417 3.648176 -4.905662 -0.000003 0.000000 -0.000002 -21.141932 24.054466 2.384011 92.021492 42.350086 6.018928 179.888885 37.387913 -179.486191 -8.781896 12.527701 -11.207837 2.243541 -5.255033 -3.180156 14.282875 -0.826594 6.952495 -0.000000 -12.690592 -0.000001 16.624960 -18.538481 3.149377 1.665664 -1.955920 -2.878294 4.727793 -4.170583 4.993919 11.020510 0.000001 0.000001 12.109034 -3.735711 -2.866777 0.000000 -0.000001 -0.000000 1.291984 -1.928547 -1.498090 14.800113 0.567466 3.865606 14.242554 -1.341735 -6.660649 19.631935 0.143923 -0.648244 51.626438 -1.068501 -5.905095 0.353029 -1.511149 -0.031939 20.222767 3.684304 2.316626 18.787245 0.000003 -0.000000 10.751609 -0.479871 1.397905 -0.000000 0.000001 -0.000001 3.273804 0.305947 -0.580111 21.486788 11.830360 2.266132 8.162918 0.000001 -0.000003 18.399052 -3.798982 -4.940569 0.000003 -0.000001 -0.000002 13.466063 17.426235 -21.964914 -0.292286 -0.744780 25.507454 -16.009331 -14.279233 4.245564 1.659395 -1.856188 -1.496467 -0.000000 0.000000 0.000002 -14.812304 -17.539246 2.863307 0.115939 0.828160 20.520210 15.830588 7.755558 -14.199433 -1.466875 0.930314 -2.432876 0.000000 0.000000 -0.000001 
2.860646 95.873062 1.181099 0.423641 5.594633 1.445395 0.895935 0.672956 1.806556 -0.267151 0.450085 -4.595202 1.280304 -1.741183 13.940627 -5.615587 7.243564 24.414356 0.732218 6.007032 -3.720199 -4.030042 6.674671 -0.996093 0.000077 -0.000024 0.000008 0.016851 -0.011117 -0.128298 0.713446 -3.698288 -10.578157 -0.683044 3.677240 -10.581666 19.774332 -18.186922 3.380028 -82.643044 -38.521122 -19.568365 178.501434 -36.031010 -179.258194 -3.454104 -11.814931 -10.143420 -5.882100 9.861279 0.702590 -10.936858 -0.360575 7.156197 0.000001 8.774815 -0.000002 -16.308918 17.950178 6.068236 -1.844033 2.498502 -2.507276 -10.163589 4.678940 4.621105 -20.975992 -0.000003 0.000002 -21.226250 2.451693 -3.593995 -0.000000 -0.000006 0.000000 -1.362681 2.240796 -0.746323 -21.334887 0.584908 3.008321 -13.821195 -0.000002 0.000002 -23.887131 -0.249078 -0.839481 -60.991501 2.298512 -1.466973 -0.294025 1.679687 0.833255 -14.218192 0.093214 1.300580 -34.212002 -0.287563 0.967171 -20.033180 0.964535 1.212842 -0.000000 0.000000 0.000000 -3.440386 0.788233 0.501655 -15.928169 -3.167307 2.999705 -6.338817 -0.000001 0.000002 -18.123415 3.648177 -4.905662 -0.000003 -0.000000 -0.000002 -21.152199 24.029718 2.453250 91.978516 42.439533 5.946000 179.874222 37.438862 -179.494751 -8.877215 12.769969 -11.176511 2.243540 -5.255032 -3.180155 14.282875 -0.826594 6.952499 -0.000003 -12.690587 0.000004 16.710331 -18.616631 3.108155 1.665665 -1.955919 -2.878298 4.727793 -4.170582 4.993920 11.020511 0.000003 0.000000 12.109031 -3.735708 -2.866778 0.000000 -0.000000 -0.000001 1.291985 -1.928548 -1.498085 14.800114 0.567469 3.865604 14.242553 -1.341734 -6.660649 19.631939 0.143925 -0.648242 51.591587 -1.079447 -5.967909 0.353029 -1.511149 -0.031941 20.222769 3.684305 2.316631 18.787245 0.000006 -0.000001 10.751612 -0.479866 1.397905 -0.000000 0.000003 -0.000000 3.273804 0.305947 -0.580111 21.486792 11.830361 2.266129 8.162917 0.000002 -0.000002 18.399050 -3.798980 -4.940565 0.000003 -0.000002 -0.000001 13.412895 17.394281 -21.925749 -0.294128 -0.742674 25.337006 -16.005259 -14.264599 4.236553 1.663616 -1.855044 -1.511497 -0.000000 0.000000 0.000002 -14.819275 -17.526028 2.806922 0.107389 0.848475 20.566982 15.780190 7.763903 -14.222074 -1.467522 0.929535 -2.450593 0.000000 -0.000000 -0.000001 
2.881038 95.857872 1.185484 0.449912 5.636924 1.455346 0.886950 0.645188 1.801093 -0.277363 0.455545 -4.624390 1.293268 -1.760905 13.921654 -5.537177 7.277683 24.409430 0.730707 6.011803 -3.718042 -3.989063 6.662374 -1.031515 0.000077 -0.000022 0.000009 0.020627 -0.016587 -0.133258 0.718399 -3.705682 -10.582351 -0.667660 3.651317 -10.576598 19.756193 -18.209078 3.440909 -82.561699 -38.523476 -19.880997 178.584167 -36.083202 -179.271133 -3.479772 -11.814855 -10.367978 -5.882104 9.861279 0.702589 -10.936861 -0.360574 7.156196 0.000000 8.774815 -0.000001 -16.269741 18.018892 6.080726 -1.844030 2.498503 -2.507276 -10.163591 4.678940 4.621103 -20.975998 -0.000003 0.000002 -21.226255 2.451693 -3.593992 -0.000000 -0.000006 0.000000 -1.362681 2.240797 -0.746323 -21.334892 0.584909 3.008320 -13.821197 -0.000002 0.000002 -23.887131 -0.249078 -0.839481 -60.901432 2.265054 -1.455763 -0.294024 1.679687 0.833255 -14.218194 0.093214 1.300578 -34.212006 -0.287563 0.967169 -20.033180 0.964535 1.212842 -0.000000 0.000000 0.000000 -3.440386 0.788233 0.501655 -15.928173 -3.167306 2.999703 -6.338817 -0.000001 0.000000 -18.123413 3.648176 -4.905662 -0.000004 0.000000 -0.000002 -21.211313 24.026251 2.501126 92.000160 42.540630 5.892801 179.859756 37.487309 -179.435120 -9.058767 12.992622 -11.212569 2.243540 -5.255033 -3.180156 14.282873 -0.826594 6.952499 -0.000002 -12.690592 -0.000002 16.753593 -18.684980 3.097058 1.665665 -1.955920 -2.878297 4.727793 -4.170584 4.993920 11.020512 0.000002 -0.000001 12.109035 -3.735710 -2.866779 0.000000 -0.000000 0.000001 1.291984 -1.928547 -1.498089 14.800113 0.567468 3.865602 14.242554 -1.341736 -6.660648 19.631939 0.143924 -0.648243 51.465786 -1.114001 -5.985085 0.353029 -1.511150 -0.031941 20.222767 3.684306 2.316628 18.787243 0.000005 -0.000000 10.751610 -0.479867 1.397904 -0.000000 0.000002 -0.000000 3.273804 0.305946 -0.580110 21.486792 11.830363 2.266132 8.162914 0.000002 0.000000 18.399050 -3.798980 -4.940567 0.000003 0.000000 -0.000001 13.372207 17.263914 -21.883844 -0.302053 -0.753717 25.222857 -15.999995 -14.226345 4.081101 1.666748 -1.873507 -1.528199 0.000000 -0.000000 0.000002 -14.842890 -17.497581 2.837359 0.109663 0.861926 20.515991 15.736972 7.690051 -14.322048 -1.464776 0.923283 -2.466450 0.000000 0.000000 -0.000001 
2.908164 95.857529 1.215975 0.470479 5.710107 1.457974 0.905360 0.622050 1.816660 -0.288912 0.418365 -4.684926 1.302976 -1.723205 13.926468 -5.468323 7.284412 24.398685 0.750055 5.959377 -3.744065 -3.868302 6.577063 -0.991225 0.000079 -0.000023 0.000008 0.039046 -0.032599 -0.139916 0.728605 -3.718102 -10.603940 -0.657188 3.645132 -10.600264 19.755426 -18.180185 3.511931 -82.491425 -38.539616 -20.253199 178.713959 -36.212849 -179.299637 -3.444723 -11.938412 -10.628798 -5.882101 9.861276 0.702590 -10.936859 -0.360574 7.156196 0.000000 8.774811 -0.000000 -16.230825 18.180241 6.136291 -1.844030 2.498502 -2.507276 -10.163589 4.678939 4.621105 -20.975998 -0.000003 0.000002 -21.226255 2.451692 -3.593993 -0.000000 -0.000006 0.000001 -1.362680 2.240796 -0.746321 -21.334890 0.584909 3.008320 -13.821197 -0.000002 0.000001 -23.887133 -0.249077 -0.839481 -60.813766 2.276454 -1.455878 -0.294025 1.679686 0.833255 -14.218195 0.093215 1.300579 -34.212006 -0.287562 0.967169 -20.033180 0.964535 1.212841 0.000000 -0.000000 0.000000 -3.440386 0.788233 0.501656 -15.928167 -3.167304 2.999703 -6.338816 -0.000001 0.000000 -18.123415 3.648176 -4.905662 -0.000004 0.000000 -0.000002 -21.305779 23.933645 2.517942 92.023544 42.590290 5.628349 179.725739 37.505108 -179.410065 -9.288120 13.044659 -11.452280 2.243540 -5.255033 -3.180155 14.282878 -0.826595 6.952493 -0.000000 -12.690592 -0.000001 16.779055 -18.727076 3.011421 1.665665 -1.955920 -2.878294 4.727793 -4.170583 4.993917 11.020513 0.000003 0.000001 12.109034 -3.735709 -2.866778 0.000000 0.000000 -0.000001 1.291985 -1.928548 -1.498088 14.800114 0.567466 3.865602 14.242554 -1.341736 -6.660650 19.631939 0.143927 -0.648244 51.281185 -1.115254 -6.025675 0.353029 -1.511149 -0.031941 20.222771 3.684306 2.316625 18.787245 0.000006 -0.000002 10.751610 -0.479869 1.397904 -0.000000 0.000003 -0.000000 3.273804 0.305947 -0.580110 21.486792 11.830363 2.266132 8.162916 0.000002 -0.000002 18.399055 -3.798980 -4.940569 0.000003 -0.000001 -0.000001 13.342719 17.074324 -21.838869 -0.314122 -0.773065 25.135323 -15.962860 -14.180809 3.952325 1.666937 -1.896250 -1.567407 0.000000 -0.000000 0.000002 -14.863220 -17.459974 2.935495 0.103296 0.861989 20.397224 15.729133 7.521426 -14.344143 -1.461342 0.930073 -2.484086 0.000000 0.000000 -0.000001 
